t,phase,relative_distance,rel_x,rel_y,rel_z,rel_vx,rel_vy,rel_vz,carrier_x,carrier_y,carrier_z,carrier_vx,carrier_vy,carrier_vz,carrier_roll_deg,carrier_pitch_deg,carrier_yaw_deg,mini_x,mini_y,mini_z,mini_vx,mini_vy,mini_vz,mini_roll_deg,mini_pitch_deg,mini_yaw_deg,carrier_sp_x,carrier_sp_y,carrier_sp_z,carrier_cmd_vx,carrier_cmd_vy,carrier_cmd_vz,mini_target_x,mini_target_y,mini_target_z,measured_rel_x,measured_rel_y,measured_rel_z,measured_rel_distance,measured_rel_vx,measured_rel_vy,measured_rel_vz,measured_rel_speed,mini_px4_true_airspeed_mps,mini_px4_throttle_filtered,mini_px4_global_alt_m,mini_px4_global_alt_valid,mini_px4_local_z_m,mini_px4_local_vz_mps,mini_px4_local_ref_alt_m,mini_px4_local_z_global_valid,mini_px4_local_alt_from_ref_m,mini_px4_alt_source_delta_m,mini_tecs_altitude_sp_m,mini_tecs_altitude_reference_m,mini_tecs_height_rate_reference_mps,mini_tecs_height_rate_sp_mps,mini_tecs_height_rate_mps,mini_tecs_true_airspeed_sp_mps,mini_tecs_true_airspeed_filtered_mps,mini_tecs_throttle_sp,mini_tecs_throttle_trim,mini_tecs_pitch_sp_deg,mini_tecs_underspeed_ratio,mini_tecs_fast_descend_ratio,mini_tecs_total_energy_rate_sp,mini_tecs_total_energy_rate,mini_fw_altitude_sp_m,mini_fw_height_rate_sp_mps,mini_fw_equivalent_airspeed_sp_mps,mini_fw_pitch_direct_deg,mini_fw_throttle_direct,mini_attitude_sp_thrust_x,mini_terminal_straight_active,mini_terminal_sync_active,mini_terminal_sync_score,mini_terminal_sync_best_score,mini_terminal_sync_release_ready,mini_terminal_sync_good_count,mini_terminal_sync_plateau_count,mini_terminal_sync_cluster_code,mini_terminal_sync_distance_xy,mini_terminal_sync_line_progress,mini_terminal_sync_line_lateral_error,mini_terminal_sync_height_error,mini_terminal_sync_distance_score,mini_terminal_sync_progress_score,mini_terminal_sync_lateral_score,mini_terminal_sync_height_score,mini_handoff_tangent_active,mini_handoff_distance_xy,mini_handoff_line_progress,mini_handoff_line_lateral_error,mini_handoff_height_error,mini_handoff_geom_ready,mini_energy_guard_active,mini_energy_guard_bad_airspeed,mini_energy_guard_bad_underspeed,mini_energy_guard_true_airspeed_mps,mini_energy_guard_underspeed_ratio,mini_energy_guard_recover_time_remaining_sec,controller_phase_code,controller_tracking_horizontal_distance,controller_tracking_along_error,controller_tracking_lateral_error,controller_tracking_along_speed,controller_tracking_lateral_speed,controller_terminal_distance,controller_terminal_along_error,controller_terminal_lateral_error,controller_terminal_vertical_error,controller_target_along_speed,controller_target_lateral_speed,controller_relative_speed,controller_min_docking_distance,controller_rendezvous_corridor_active,controller_passive_target_mode,controller_corridor_release_score,controller_corridor_release_armed,controller_corridor_release_accept_counter,controller_completion_hold_counter,controller_tracking_rearm_guard_enabled,controller_tracking_rearm_guard_used,controller_tracking_rearm_last_trigger_code,controller_passive_docking_entry_count,controller_passive_docking_last_exit_trigger_code,controller_debug_25,controller_debug_26,controller_debug_27,controller_debug_28,controller_debug_29
0.040,IDLE,158.140608,138.947042,75.441183,-3.286250,-1.495622,7.600000,-1.000000,-50.811183,-66.811183,7.516250,0.000000,0.000000,2.200000,0.000000,0.000000,0.000000,88.135859,8.630000,4.230000,-1.495622,7.600000,1.200000,0.000000,0.000000,101.133111,-50.811183,-66.811183,30.000000,0.000000,0.000000,0.000000,0.000000,0.000000,0.000000,138.947042,75.441183,-3.286250,158.140608,-1.495622,7.600000,-1.000000,7.810050,nan,nan,nan,0,nan,nan,nan,0,nan,nan,nan,nan,nan,nan,nan,nan,nan,nan,nan,nan,nan,nan,nan,nan,nan,nan,nan,nan,nan,nan,nan,nan,nan,nan,nan,nan,nan,nan,nan,nan,nan,nan,nan,nan,nan,nan,nan,nan,nan,nan,nan,nan,nan,nan,nan,nan,nan,nan,nan,nan,nan,nan,nan,nan,nan,nan,nan,nan,nan,nan,nan,nan,nan,nan,nan,nan,nan,nan,nan,nan,nan,nan,nan,nan,nan,nan,nan,nan
0.080,IDLE,158.258061,138.869987,75.826183,-3.336250,-1.541099,7.700000,-1.000000,-50.811183,-66.811183,7.626250,0.000000,0.000000,2.200000,0.000000,0.000000,0.000000,88.058804,9.015000,4.290000,-1.541099,7.700000,1.200000,0.000000,0.000000,101.317794,-50.811183,-66.811183,30.000000,0.000000,0.000000,0.000000,0.000000,0.000000,0.000000,138.869987,75.826183,-3.336250,158.258061,-1.541099,7.700000,-1.000000,7.916122,nan,nan,nan,0,nan,nan,nan,0,nan,nan,nan,nan,nan,nan,nan,nan,nan,nan,nan,nan,nan,nan,nan,nan,nan,nan,nan,nan,nan,nan,nan,nan,nan,nan,nan,nan,nan,nan,nan,nan,nan,nan,nan,nan,nan,nan,nan,nan,nan,nan,nan,nan,nan,nan,nan,nan,nan,nan,nan,nan,nan,nan,nan,nan,nan,nan,nan,nan,nan,nan,nan,nan,nan,nan,nan,nan,nan,nan,nan,nan,nan,nan,nan,nan,nan,nan,nan,nan
0.140,IDLE,158.376786,138.790609,76.216183,-3.386250,-1.587564,7.800000,-1.000000,-50.811183,-66.811183,7.736250,0.000000,0.000000,2.200000,0.000000,0.000000,0.000000,87.979425,9.405000,4.350000,-1.587564,7.800000,1.200000,0.000000,0.000000,101.504488,-50.811183,-66.811183,30.000000,0.000000,0.000000,0.000000,0.000000,0.000000,0.000000,138.790609,76.216183,-3.386250,158.376786,-1.587564,7.800000,-1.000000,8.022491,nan,nan,nan,0,nan,nan,nan,0,nan,nan,nan,nan,nan,nan,nan,nan,nan,nan,nan,nan,nan,nan,nan,nan,nan,nan,nan,nan,nan,nan,nan,nan,nan,nan,nan,nan,nan,nan,nan,nan,nan,nan,nan,nan,nan,nan,nan,nan,nan,nan,nan,nan,nan,nan,nan,nan,nan,nan,nan,nan,nan,nan,nan,nan,nan,nan,nan,nan,nan,nan,nan,nan,nan,nan,nan,nan,nan,nan,nan,nan,nan,nan,nan,nan,nan,nan,nan,nan
0.180,IDLE,158.496777,138.708857,76.611183,-3.436250,-1.635035,7.900000,-1.000000,-50.811183,-66.811183,7.846250,0.000000,0.000000,2.200000,0.000000,0.000000,0.000000,87.897674,9.800000,4.410000,-1.635035,7.900000,1.200000,0.000000,0.000000,101.693208,-50.811183,-66.811183,30.000000,0.000000,0.000000,0.000000,0.000000,0.000000,0.000000,138.708857,76.611183,-3.436250,158.496777,-1.635035,7.900000,-1.000000,8.129166,nan,nan,nan,0,nan,nan,nan,0,nan,nan,nan,nan,nan,nan,nan,nan,nan,nan,nan,nan,nan,nan,nan,nan,nan,nan,nan,nan,nan,nan,nan,nan,nan,nan,nan,nan,nan,nan,nan,nan,nan,nan,nan,nan,nan,nan,nan,nan,nan,nan,nan,nan,nan,nan,nan,nan,nan,nan,nan,nan,nan,nan,nan,nan,nan,nan,nan,nan,nan,nan,nan,nan,nan,nan,nan,nan,nan,nan,nan,nan,nan,nan,nan,nan,nan,nan,nan,nan
0.240,IDLE,158.618026,138.624681,77.011183,-3.486250,-1.683527,8.000000,-1.000000,-50.811183,-66.811183,7.956250,0.000000,0.000000,2.200000,0.000000,0.000000,0.000000,87.813497,10.200000,4.470000,-1.683527,8.000000,1.200000,0.000000,0.000000,101.883968,-50.811183,-66.811183,30.000000,0.000000,0.000000,0.000000,0.000000,0.000000,0.000000,138.624681,77.011183,-3.486250,158.618026,-1.683527,8.000000,-1.000000,8.236156,nan,nan,nan,0,nan,nan,nan,0,nan,nan,nan,nan,nan,nan,nan,nan,nan,nan,nan,nan,nan,nan,nan,nan,nan,nan,nan,nan,nan,nan,nan,nan,nan,nan,nan,nan,nan,nan,nan,nan,nan,nan,nan,nan,nan,nan,nan,nan,nan,nan,nan,nan,nan,nan,nan,nan,nan,nan,nan,nan,nan,nan,nan,nan,nan,nan,nan,nan,nan,nan,nan,nan,nan,nan,nan,nan,nan,nan,nan,nan,nan,nan,nan,nan,nan,nan,nan,nan
0.280,IDLE,158.740529,138.538028,77.416183,-3.536250,-1.733056,8.100000,-1.000000,-50.811183,-66.811183,8.066250,0.000000,0.000000,2.200000,0.000000,0.000000,0.000000,87.726845,10.605000,4.530000,-1.733056,8.100000,1.200000,0.000000,0.000000,102.076781,-50.811183,-66.811183,30.000000,0.000000,0.000000,0.000000,0.000000,0.000000,0.000000,138.538028,77.416183,-3.536250,158.740529,-1.733056,8.100000,-1.000000,8.343470,nan,nan,nan,0,nan,nan,nan,0,nan,nan,nan,nan,nan,nan,nan,nan,nan,nan,nan,nan,nan,nan,nan,nan,nan,nan,nan,nan,nan,nan,nan,nan,nan,nan,nan,nan,nan,nan,nan,nan,nan,nan,nan,nan,nan,nan,nan,nan,nan,nan,nan,nan,nan,nan,nan,nan,nan,nan,nan,nan,nan,nan,nan,nan,nan,nan,nan,nan,nan,nan,nan,nan,nan,nan,nan,nan,nan,nan,nan,nan,nan,nan,nan,nan,nan,nan,nan,nan
0.340,IDLE,158.864278,138.448846,77.826183,-3.586250,-1.783640,8.200000,-1.000000,-50.811183,-66.811183,8.176250,0.000000,0.000000,2.200000,0.000000,0.000000,0.000000,87.637663,11.015000,4.590000,-1.783640,8.200000,1.200000,0.000000,0.000000,102.271656,-50.811183,-66.811183,30.000000,0.000000,0.000000,0.000000,0.000000,0.000000,0.000000,138.448846,77.826183,-3.586250,158.864278,-1.783640,8.200000,-1.000000,8.451117,nan,nan,nan,0,nan,nan,nan,0,nan,nan,nan,nan,nan,nan,nan,nan,nan,nan,nan,nan,nan,nan,nan,nan,nan,nan,nan,nan,nan,nan,nan,nan,nan,nan,nan,nan,nan,nan,nan,nan,nan,nan,nan,nan,nan,nan,nan,nan,nan,nan,nan,nan,nan,nan,nan,nan,nan,nan,nan,nan,nan,nan,nan,nan,nan,nan,nan,nan,nan,nan,nan,nan,nan,nan,nan,nan,nan,nan,nan,nan,nan,nan,nan,nan,nan,nan,nan,nan
0.380,IDLE,158.989267,138.357081,78.241183,-3.636250,-1.835295,8.300000,-1.000000,-50.811183,-66.811183,8.286250,0.000000,0.000000,2.200000,0.000000,0.000000,0.000000,87.545898,11.430000,4.650000,-1.835295,8.300000,1.200000,0.000000,0.000000,102.468605,-50.811183,-66.811183,30.000000,0.000000,0.000000,0.000000,0.000000,0.000000,0.000000,138.357081,78.241183,-3.636250,158.989267,-1.835295,8.300000,-1.000000,8.559107,nan,nan,nan,0,nan,nan,nan,0,nan,nan,nan,nan,nan,nan,nan,nan,nan,nan,nan,nan,nan,nan,nan,nan,nan,nan,nan,nan,nan,nan,nan,nan,nan,nan,nan,nan,nan,nan,nan,nan,nan,nan,nan,nan,nan,nan,nan,nan,nan,nan,nan,nan,nan,nan,nan,nan,nan,nan,nan,nan,nan,nan,nan,nan,nan,nan,nan,nan,nan,nan,nan,nan,nan,nan,nan,nan,nan,nan,nan,nan,nan,nan,nan,nan,nan,nan,nan,nan
0.440,IDLE,159.115488,138.262679,78.661183,-3.686250,-1.888036,8.400000,-1.000000,-50.811183,-66.811183,8.396250,0.000000,0.000000,2.200000,0.000000,0.000000,0.000000,87.451496,11.850000,4.710000,-1.888036,8.400000,1.200000,0.000000,0.000000,102.667635,-50.811183,-66.811183,30.000000,0.000000,0.000000,0.000000,0.000000,0.000000,0.000000,138.262679,78.661183,-3.686250,159.115488,-1.888036,8.400000,-1.000000,8.667450,nan,nan,nan,0,nan,nan,nan,0,nan,nan,nan,nan,nan,nan,nan,nan,nan,nan,nan,nan,nan,nan,nan,nan,nan,nan,nan,nan,nan,nan,nan,nan,nan,nan,nan,nan,nan,nan,nan,nan,nan,nan,nan,nan,nan,nan,nan,nan,nan,nan,nan,nan,nan,nan,nan,nan,nan,nan,nan,nan,nan,nan,nan,nan,nan,nan,nan,nan,nan,nan,nan,nan,nan,nan,nan,nan,nan,nan,nan,nan,nan,nan,nan,nan,nan,nan,nan,nan
0.480,IDLE,159.242937,138.165585,79.086183,-3.736250,-1.941882,8.500000,-1.000000,-50.811183,-66.811183,8.506250,0.000000,0.000000,2.200000,0.000000,0.000000,0.000000,87.354402,12.275000,4.770000,-1.941882,8.500000,1.200000,0.000000,0.000000,102.868753,-50.811183,-66.811183,30.000000,0.000000,0.000000,0.000000,0.000000,0.000000,0.000000,138.165585,79.086183,-3.736250,159.242937,-1.941882,8.500000,-1.000000,8.776155,nan,nan,nan,0,nan,nan,nan,0,nan,nan,nan,nan,nan,nan,nan,nan,nan,nan,nan,nan,nan,nan,nan,nan,nan,nan,nan,nan,nan,nan,nan,nan,nan,nan,nan,nan,nan,nan,nan,nan,nan,nan,nan,nan,nan,nan,nan,nan,nan,nan,nan,nan,nan,nan,nan,nan,nan,nan,nan,nan,nan,nan,nan,nan,nan,nan,nan,nan,nan,nan,nan,nan,nan,nan,nan,nan,nan,nan,nan,nan,nan,nan,nan,nan,nan,nan,nan,nan
0.540,IDLE,159.371605,138.065743,79.516183,-3.786250,-1.996847,8.600000,-1.000000,-50.811183,-66.811183,8.616250,0.000000,0.000000,2.200000,0.000000,0.000000,0.000000,87.254560,12.705000,4.830000,-1.996847,8.600000,1.200000,0.000000,0.000000,103.071964,-50.811183,-66.811183,30.000000,0.000000,0.000000,0.000000,0.000000,0.000000,0.000000,138.065743,79.516183,-3.786250,159.371605,-1.996847,8.600000,-1.000000,8.885235,nan,nan,nan,0,nan,nan,nan,0,nan,nan,nan,nan,nan,nan,nan,nan,nan,nan,nan,nan,nan,nan,nan,nan,nan,nan,nan,nan,nan,nan,nan,nan,nan,nan,nan,nan,nan,nan,nan,nan,nan,nan,nan,nan,nan,nan,nan,nan,nan,nan,nan,nan,nan,nan,nan,nan,nan,nan,nan,nan,nan,nan,nan,nan,nan,nan,nan,nan,nan,nan,nan,nan,nan,nan,nan,nan,nan,nan,nan,nan,nan,nan,nan,nan,nan,nan,nan,nan
0.580,IDLE,159.501486,137.963095,79.951183,-3.836250,-2.052949,8.700000,-1.000000,-50.811183,-66.811183,8.726250,0.000000,0.000000,2.200000,0.000000,0.000000,0.000000,87.151912,13.140000,4.890000,-2.052949,8.700000,1.200000,0.000000,0.000000,103.277272,-50.811183,-66.811183,30.000000,0.000000,0.000000,0.000000,0.000000,0.000000,0.000000,137.963095,79.951183,-3.836250,159.501486,-2.052949,8.700000,-1.000000,8.994698,nan,nan,nan,0,nan,nan,nan,0,nan,nan,nan,nan,nan,nan,nan,nan,nan,nan,nan,nan,nan,nan,nan,nan,nan,nan,nan,nan,nan,nan,nan,nan,nan,nan,nan,nan,nan,nan,nan,nan,nan,nan,nan,nan,nan,nan,nan,nan,nan,nan,nan,nan,nan,nan,nan,nan,nan,nan,nan,nan,nan,nan,nan,nan,nan,nan,nan,nan,nan,nan,nan,nan,nan,nan,nan,nan,nan,nan,nan,nan,nan,nan,nan,nan,nan,nan,nan,nan
0.640,IDLE,159.632575,137.857585,80.391183,-3.886250,-2.110204,8.800000,-1.000000,-50.811183,-66.811183,8.836250,0.000000,0.000000,2.200000,0.000000,0.000000,0.000000,87.046402,13.580000,4.950000,-2.110204,8.800000,1.200000,0.000000,0.000000,103.484679,-50.811183,-66.811183,30.000000,0.000000,0.000000,0.000000,0.000000,0.000000,0.000000,137.857585,80.391183,-3.886250,159.632575,-2.110204,8.800000,-1.000000,9.104557,nan,nan,nan,0,nan,nan,nan,0,nan,nan,nan,nan,nan,nan,nan,nan,nan,nan,nan,nan,nan,nan,nan,nan,nan,nan,nan,nan,nan,nan,nan,nan,nan,nan,nan,nan,nan,nan,nan,nan,nan,nan,nan,nan,nan,nan,nan,nan,nan,nan,nan,nan,nan,nan,nan,nan,nan,nan,nan,nan,nan,nan,nan,nan,nan,nan,nan,nan,nan,nan,nan,nan,nan,nan,nan,nan,nan,nan,nan,nan,nan,nan,nan,nan,nan,nan,nan,nan
0.680,IDLE,159.764864,137.749154,80.836183,-3.936250,-2.168629,8.900000,-1.000000,-50.811183,-66.811183,8.946250,0.000000,0.000000,2.200000,0.000000,0.000000,0.000000,86.937970,14.025000,5.010000,-2.168629,8.900000,1.200000,0.000000,0.000000,103.694186,-50.811183,-66.811183,30.000000,0.000000,0.000000,0.000000,0.000000,0.000000,0.000000,137.749154,80.836183,-3.936250,159.764864,-2.168629,8.900000,-1.000000,9.214822,nan,nan,nan,0,nan,nan,nan,0,nan,nan,nan,nan,nan,nan,nan,nan,nan,nan,nan,nan,nan,nan,nan,nan,nan,nan,nan,nan,nan,nan,nan,nan,nan,nan,nan,nan,nan,nan,nan,nan,nan,nan,nan,nan,nan,nan,nan,nan,nan,nan,nan,nan,nan,nan,nan,nan,nan,nan,nan,nan,nan,nan,nan,nan,nan,nan,nan,nan,nan,nan,nan,nan,nan,nan,nan,nan,nan,nan,nan,nan,nan,nan,nan,nan,nan,nan,nan,nan
0.740,IDLE,159.898348,137.637742,81.286183,-3.986250,-2.228240,9.000000,-1.000000,-50.811183,-66.811183,9.056250,0.000000,0.000000,2.200000,0.000000,0.000000,0.000000,86.826558,14.475000,5.070000,-2.228240,9.000000,1.200000,0.000000,0.000000,103.905792,-50.811183,-66.811183,30.000000,0.000000,0.000000,0.000000,0.000000,0.000000,0.000000,137.637742,81.286183,-3.986250,159.898348,-2.228240,9.000000,-1.000000,9.325506,nan,nan,nan,0,nan,nan,nan,0,nan,nan,nan,nan,nan,nan,nan,nan,nan,nan,nan,nan,nan,nan,nan,nan,nan,nan,nan,nan,nan,nan,nan,nan,nan,nan,nan,nan,nan,nan,nan,nan,nan,nan,nan,nan,nan,nan,nan,nan,nan,nan,nan,nan,nan,nan,nan,nan,nan,nan,nan,nan,nan,nan,nan,nan,nan,nan,nan,nan,nan,nan,nan,nan,nan,nan,nan,nan,nan,nan,nan,nan,nan,nan,nan,nan,nan,nan,nan,nan
0.780,IDLE,160.033019,137.523289,81.741183,-4.036250,-2.289054,9.100000,-1.000000,-50.811183,-66.811183,9.166250,0.000000,0.000000,2.200000,0.000000,0.000000,0.000000,86.712106,14.930000,5.130000,-2.289054,9.100000,1.200000,0.000000,0.000000,104.119493,-50.811183,-66.811183,30.000000,0.000000,0.000000,0.000000,0.000000,0.000000,0.000000,137.523289,81.741183,-4.036250,160.033019,-2.289054,9.100000,-1.000000,9.436618,nan,nan,nan,0,nan,nan,nan,0,nan,nan,nan,nan,nan,nan,nan,nan,nan,nan,nan,nan,nan,nan,nan,nan,nan,nan,nan,nan,nan,nan,nan,nan,nan,nan,nan,nan,nan,nan,nan,nan,nan,nan,nan,nan,nan,nan,nan,nan,nan,nan,nan,nan,nan,nan,nan,nan,nan,nan,nan,nan,nan,nan,nan,nan,nan,nan,nan,nan,nan,nan,nan,nan,nan,nan,nan,nan,nan,nan,nan,nan,nan,nan,nan,nan,nan,nan,nan,nan
0.840,IDLE,160.168873,137.405735,82.201183,-4.086250,-2.351086,9.200000,-1.000000,-50.811183,-66.811183,9.276250,0.000000,0.000000,2.200000,0.000000,0.000000,0.000000,86.594551,15.390000,5.190000,-2.351086,9.200000,1.200000,0.000000,0.000000,104.335286,-50.811183,-66.811183,30.000000,0.000000,0.000000,0.000000,0.000000,0.000000,0.000000,137.405735,82.201183,-4.086250,160.168873,-2.351086,9.200000,-1.000000,9.548173,nan,nan,nan,0,nan,nan,nan,0,nan,nan,nan,nan,nan,nan,nan,nan,nan,nan,nan,nan,nan,nan,nan,nan,nan,nan,nan,nan,nan,nan,nan,nan,nan,nan,nan,nan,nan,nan,nan,nan,nan,nan,nan,nan,nan,nan,nan,nan,nan,nan,nan,nan,nan,nan,nan,nan,nan,nan,nan,nan,nan,nan,nan,nan,nan,nan,nan,nan,nan,nan,nan,nan,nan,nan,nan,nan,nan,nan,nan,nan,nan,nan,nan,nan,nan,nan,nan,nan
0.880,IDLE,160.305902,137.285017,82.666183,-4.136250,-2.414352,9.300000,-1.000000,-50.811183,-66.811183,9.386250,0.000000,0.000000,2.200000,0.000000,0.000000,0.000000,86.473834,15.855000,5.250000,-2.414352,9.300000,1.200000,0.000000,0.000000,104.553164,-50.811183,-66.811183,30.000000,0.000000,0.000000,0.000000,0.000000,0.000000,0.000000,137.285017,82.666183,-4.136250,160.305902,-2.414352,9.300000,-1.000000,9.660181,nan,nan,nan,0,nan,nan,nan,0,nan,nan,nan,nan,nan,nan,nan,nan,nan,nan,nan,nan,nan,nan,nan,nan,nan,nan,nan,nan,nan,nan,nan,nan,nan,nan,nan,nan,nan,nan,nan,nan,nan,nan,nan,nan,nan,nan,nan,nan,nan,nan,nan,nan,nan,nan,nan,nan,nan,nan,nan,nan,nan,nan,nan,nan,nan,nan,nan,nan,nan,nan,nan,nan,nan,nan,nan,nan,nan,nan,nan,nan,nan,nan,nan,nan,nan,nan,nan,nan
0.940,IDLE,160.444102,137.161073,83.136183,-4.186250,-2.478870,9.400000,-1.000000,-50.811183,-66.811183,9.496250,0.000000,0.000000,2.200000,0.000000,0.000000,0.000000,86.349890,16.325000,5.310000,-2.478870,9.400000,1.200000,0.000000,0.000000,104.773118,-50.811183,-66.811183,30.000000,0.000000,0.000000,0.000000,0.000000,0.000000,0.000000,137.161073,83.136183,-4.186250,160.444102,-2.478870,9.400000,-1.000000,9.772655,nan,nan,nan,0,nan,nan,nan,0,nan,nan,nan,nan,nan,nan,nan,nan,nan,nan,nan,nan,nan,nan,nan,nan,nan,nan,nan,nan,nan,nan,nan,nan,nan,nan,nan,nan,nan,nan,nan,nan,nan,nan,nan,nan,nan,nan,nan,nan,nan,nan,nan,nan,nan,nan,nan,nan,nan,nan,nan,nan,nan,nan,nan,nan,nan,nan,nan,nan,nan,nan,nan,nan,nan,nan,nan,nan,nan,nan,nan,nan,nan,nan,nan,nan,nan,nan,nan,nan
0.980,IDLE,160.583465,137.033841,83.611183,-4.236250,-2.544654,9.500000,-1.000000,-50.811183,-66.811183,9.606250,0.000000,0.000000,2.200000,0.000000,0.000000,0.000000,86.222658,16.800000,5.370000,-2.544654,9.500000,1.200000,0.000000,0.000000,104.995139,-50.811183,-66.811183,30.000000,0.000000,0.000000,0.000000,0.000000,0.000000,0.000000,137.033841,83.611183,-4.236250,160.583465,-2.544654,9.500000,-1.000000,9.885609,nan,nan,nan,0,nan,nan,nan,0,nan,nan,nan,nan,nan,nan,nan,nan,nan,nan,nan,nan,nan,nan,nan,nan,nan,nan,nan,nan,nan,nan,nan,nan,nan,nan,nan,nan,nan,nan,nan,nan,nan,nan,nan,nan,nan,nan,nan,nan,nan,nan,nan,nan,nan,nan,nan,nan,nan,nan,nan,nan,nan,nan,nan,nan,nan,nan,nan,nan,nan,nan,nan,nan,nan,nan,nan,nan,nan,nan,nan,nan,nan,nan,nan,nan,nan,nan,nan,nan
1.040,IDLE,160.723988,136.903255,84.091183,-4.286250,-2.611720,9.600000,-1.000000,-50.811183,-66.811183,9.716250,0.000000,0.000000,2.200000,0.000000,0.000000,0.000000,86.092072,17.280000,5.430000,-2.611720,9.600000,1.200000,0.000000,0.000000,105.219215,-50.811183,-66.811183,30.000000,0.000000,0.000000,0.000000,0.000000,0.000000,0.000000,136.903255,84.091183,-4.286250,160.723988,-2.611720,9.600000,-1.000000,9.999054,nan,nan,nan,0,nan,nan,nan,0,nan,nan,nan,nan,nan,nan,nan,nan,nan,nan,nan,nan,nan,nan,nan,nan,nan,nan,nan,nan,nan,nan,nan,nan,nan,nan,nan,nan,nan,nan,nan,nan,nan,nan,nan,nan,nan,nan,nan,nan,nan,nan,nan,nan,nan,nan,nan,nan,nan,nan,nan,nan,nan,nan,nan,nan,nan,nan,nan,nan,nan,nan,nan,nan,nan,nan,nan,nan,nan,nan,nan,nan,nan,nan,nan,nan,nan,nan,nan,nan
1.080,IDLE,160.863933,136.769251,84.572891,-4.336250,-2.680084,9.634166,-1.000000,-50.811183,-66.811183,9.826250,0.000000,0.000000,2.200000,0.000000,0.000000,0.000000,85.958067,17.761708,5.490000,-2.680084,9.634166,1.200000,0.000000,0.000000,105.545787,-50.811183,-66.811183,30.000000,0.000000,0.000000,0.000000,0.000000,0.000000,0.000000,136.769251,84.572891,-4.336250,160.863933,-2.680084,9.634166,-1.000000,10.049876,nan,nan,nan,0,nan,nan,nan,0,nan,nan,nan,nan,nan,nan,nan,nan,nan,nan,nan,nan,nan,nan,nan,nan,nan,nan,nan,nan,nan,nan,nan,nan,nan,nan,nan,nan,nan,nan,nan,nan,nan,nan,nan,nan,nan,nan,nan,nan,nan,nan,nan,nan,nan,nan,nan,nan,nan,nan,nan,nan,nan,nan,nan,nan,nan,nan,nan,nan,nan,nan,nan,nan,nan,nan,nan,nan,nan,nan,nan,nan,nan,nan,nan,nan,nan,nan,nan,nan
1.140,IDLE,161.001897,136.631810,85.053631,-4.386250,-2.748814,9.614781,-1.000000,-50.811183,-66.811183,9.936250,0.000000,0.000000,2.200000,0.000000,0.000000,0.000000,85.820627,18.242447,5.550000,-2.748814,9.614781,1.200000,0.000000,0.000000,105.954947,-50.811183,-66.811183,30.000000,0.000000,0.000000,0.000000,0.000000,0.000000,0.000000,136.631810,85.053631,-4.386250,161.001897,-2.748814,9.614781,-1.000000,10.049876,nan,nan,nan,0,nan,nan,nan,0,nan,nan,nan,nan,nan,nan,nan,nan,nan,nan,nan,nan,nan,nan,nan,nan,nan,nan,nan,nan,nan,nan,nan,nan,nan,nan,nan,nan,nan,nan,nan,nan,nan,nan,nan,nan,nan,nan,nan,nan,nan,nan,nan,nan,nan,nan,nan,nan,nan,nan,nan,nan,nan,nan,nan,nan,nan,nan,nan,nan,nan,nan,nan,nan,nan,nan,nan,nan,nan,nan,nan,nan,nan,nan,nan,nan,nan,nan,nan,nan
1.180,IDLE,161.137890,136.490953,85.533380,-4.436250,-2.817148,9.594982,-1.000000,-50.811183,-66.811183,10.046250,0.000000,0.000000,2.200000,0.000000,0.000000,0.000000,85.679769,18.722196,5.610000,-2.817148,9.594982,1.200000,0.000000,0.000000,106.362575,-50.811183,-66.811183,30.000000,0.000000,0.000000,0.000000,0.000000,0.000000,0.000000,136.490953,85.533380,-4.436250,161.137890,-2.817148,9.594982,-1.000000,10.049876,nan,nan,nan,0,nan,nan,nan,0,nan,nan,nan,nan,nan,nan,nan,nan,nan,nan,nan,nan,nan,nan,nan,nan,nan,nan,nan,nan,nan,nan,nan,nan,nan,nan,nan,nan,nan,nan,nan,nan,nan,nan,nan,nan,nan,nan,nan,nan,nan,nan,nan,nan,nan,nan,nan,nan,nan,nan,nan,nan,nan,nan,nan,nan,nan,nan,nan,nan,nan,nan,nan,nan,nan,nan,nan,nan,nan,nan,nan,nan,nan,nan,nan,nan,nan,nan,nan,nan
1.240,IDLE,161.271922,136.346698,86.012118,-4.486250,-2.885091,9.574772,-1.000000,-50.811183,-66.811183,10.156250,0.000000,0.000000,2.200000,0.000000,0.000000,0.000000,85.535515,19.200935,5.670000,-2.885091,9.574772,1.200000,0.000000,0.000000,106.768717,-50.811183,-66.811183,30.000000,0.000000,0.000000,0.000000,0.000000,0.000000,0.000000,136.346698,86.012118,-4.486250,161.271922,-2.885091,9.574772,-1.000000,10.049876,nan,nan,nan,0,nan,nan,nan,0,nan,nan,nan,nan,nan,nan,nan,nan,nan,nan,nan,nan,nan,nan,nan,nan,nan,nan,nan,nan,nan,nan,nan,nan,nan,nan,nan,nan,nan,nan,nan,nan,nan,nan,nan,nan,nan,nan,nan,nan,nan,nan,nan,nan,nan,nan,nan,nan,nan,nan,nan,nan,nan,nan,nan,nan,nan,nan,nan,nan,nan,nan,nan,nan,nan,nan,nan,nan,nan,nan,nan,nan,nan,nan,nan,nan,nan,nan,nan,nan
1.280,IDLE,161.404006,136.199066,86.489826,-4.536250,-2.952648,9.554155,-1.000000,-50.811183,-66.811183,10.266250,0.000000,0.000000,2.200000,0.000000,0.000000,0.000000,85.387882,19.678643,5.730000,-2.952648,9.554155,1.200000,0.000000,0.000000,107.173416,-50.811183,-66.811183,30.000000,0.000000,0.000000,0.000000,0.000000,0.000000,0.000000,136.199066,86.489826,-4.536250,161.404006,-2.952648,9.554155,-1.000000,10.049876,nan,nan,nan,0,nan,nan,nan,0,nan,nan,nan,nan,nan,nan,nan,nan,nan,nan,nan,nan,nan,nan,nan,nan,nan,nan,nan,nan,nan,nan,nan,nan,nan,nan,nan,nan,nan,nan,nan,nan,nan,nan,nan,nan,nan,nan,nan,nan,nan,nan,nan,nan,nan,nan,nan,nan,nan,nan,nan,nan,nan,nan,nan,nan,nan,nan,nan,nan,nan,nan,nan,nan,nan,nan,nan,nan,nan,nan,nan,nan,nan,nan,nan,nan,nan,nan,nan,nan
1.340,IDLE,161.534149,136.048074,86.966483,-4.586250,-3.019825,9.533135,-1.000000,-50.811183,-66.811183,10.376250,0.000000,0.000000,2.200000,0.000000,0.000000,0.000000,85.236891,20.155300,5.790000,-3.019825,9.533135,1.200000,0.000000,0.000000,107.576715,-50.811183,-66.811183,30.000000,0.000000,0.000000,0.000000,0.000000,0.000000,0.000000,136.048074,86.966483,-4.586250,161.534149,-3.019825,9.533135,-1.000000,10.049876,nan,nan,nan,0,nan,nan,nan,0,nan,nan,nan,nan,nan,nan,nan,nan,nan,nan,nan,nan,nan,nan,nan,nan,nan,nan,nan,nan,nan,nan,nan,nan,nan,nan,nan,nan,nan,nan,nan,nan,nan,nan,nan,nan,nan,nan,nan,nan,nan,nan,nan,nan,nan,nan,nan,nan,nan,nan,nan,nan,nan,nan,nan,nan,nan,nan,nan,nan,nan,nan,nan,nan,nan,nan,nan,nan,nan,nan,nan,nan,nan,nan,nan,nan,nan,nan,nan,nan
1.386,IDLE,161.662363,135.893743,87.442068,-4.636250,-3.086627,9.511716,-1.000000,-50.811183,-66.811183,10.486250,0.000000,0.000000,2.200000,0.000000,0.000000,0.000000,85.082560,20.630885,5.850000,-3.086627,9.511716,1.200000,0.000000,0.000000,107.978656,-50.811183,-66.811183,30.000000,0.000000,0.000000,0.000000,0.000000,0.000000,0.000000,135.893743,87.442068,-4.636250,161.662363,-3.086627,9.511716,-1.000000,10.049876,nan,nan,nan,0,nan,nan,nan,0,nan,nan,nan,nan,nan,nan,nan,nan,nan,nan,nan,nan,nan,nan,nan,nan,nan,nan,nan,nan,nan,nan,nan,nan,nan,nan,nan,nan,nan,nan,nan,nan,nan,nan,nan,nan,nan,nan,nan,nan,nan,nan,nan,nan,nan,nan,nan,nan,nan,nan,nan,nan,nan,nan,nan,nan,nan,nan,nan,nan,nan,nan,nan,nan,nan,nan,nan,nan,nan,nan,nan,nan,nan,nan,nan,nan,nan,nan,nan,nan
1.421,IDLE,161.662363,135.893743,87.442068,-4.636250,-3.086627,9.511716,-1.000000,-50.811183,-66.811183,10.596250,0.000000,0.000000,2.200000,0.000000,0.000000,0.000000,84.924907,21.105380,5.910000,-3.153058,9.489901,1.200000,0.000000,0.000000,108.379279,-50.811183,-66.811183,30.000000,0.000000,0.000000,0.000000,0.000000,0.000000,0.000000,135.736090,87.916564,-4.686250,161.788656,-3.153058,9.489901,-1.000000,10.049876,nan,nan,nan,0,nan,nan,nan,0,nan,nan,nan,nan,nan,nan,nan,nan,nan,nan,nan,nan,nan,nan,nan,nan,nan,nan,nan,nan,nan,nan,nan,nan,nan,nan,nan,nan,nan,nan,nan,nan,nan,nan,nan,nan,nan,nan,nan,nan,nan,nan,nan,nan,nan,nan,nan,nan,nan,nan,nan,nan,nan,nan,nan,nan,nan,nan,nan,nan,nan,nan,nan,nan,nan,nan,nan,nan,nan,nan,nan,nan,nan,nan,nan,nan,nan,nan,nan,nan
1.480,IDLE,161.913038,135.575134,88.389948,-4.736250,-3.219125,9.467694,-1.000000,-50.811183,-66.811183,10.706250,0.000000,0.000000,2.200000,0.000000,0.000000,0.000000,84.763951,21.578765,5.970000,-3.219125,9.467694,1.200000,0.000000,0.000000,108.778623,-50.811183,-66.811183,30.000000,0.000000,0.000000,0.000000,0.000000,0.000000,0.000000,135.575134,88.389948,-4.736250,161.913038,-3.219125,9.467694,-1.000000,10.049876,nan,nan,nan,0,nan,nan,nan,0,nan,nan,nan,nan,nan,nan,nan,nan,nan,nan,nan,nan,nan,nan,nan,nan,nan,nan,nan,nan,nan,nan,nan,nan,nan,nan,nan,nan,nan,nan,nan,nan,nan,nan,nan,nan,nan,nan,nan,nan,nan,nan,nan,nan,nan,nan,nan,nan,nan,nan,nan,nan,nan,nan,nan,nan,nan,nan,nan,nan,nan,nan,nan,nan,nan,nan,nan,nan,nan,nan,nan,nan,nan,nan,nan,nan,nan,nan,nan,nan
1.540,IDLE,162.035518,135.410892,88.862203,-4.786250,-3.284830,9.445099,-1.000000,-50.811183,-66.811183,10.816250,0.000000,0.000000,2.200000,0.000000,0.000000,0.000000,84.599709,22.051020,6.030000,-3.284830,9.445099,1.200000,0.000000,0.000000,109.176727,-50.811183,-66.811183,30.000000,0.000000,0.000000,0.000000,0.000000,0.000000,0.000000,135.410892,88.862203,-4.786250,162.035518,-3.284830,9.445099,-1.000000,10.049876,nan,nan,nan,0,nan,nan,nan,0,nan,nan,nan,nan,nan,nan,nan,nan,nan,nan,nan,nan,nan,nan,nan,nan,nan,nan,nan,nan,nan,nan,nan,nan,nan,nan,nan,nan,nan,nan,nan,nan,nan,nan,nan,nan,nan,nan,nan,nan,nan,nan,nan,nan,nan,nan,nan,nan,nan,nan,nan,nan,nan,nan,nan,nan,nan,nan,nan,nan,nan,nan,nan,nan,nan,nan,nan,nan,nan,nan,nan,nan,nan,nan,nan,nan,nan,nan,nan,nan
1.580,IDLE,162.156104,135.243383,89.333309,-4.836250,-3.350179,9.422118,-1.000000,-50.811183,-66.811183,10.926250,0.000000,0.000000,2.200000,0.000000,0.000000,0.000000,84.432200,22.522126,6.090000,-3.350179,9.422118,1.200000,0.000000,0.000000,109.573626,-50.811183,-66.811183,30.000000,0.000000,0.000000,0.000000,0.000000,0.000000,0.000000,135.243383,89.333309,-4.836250,162.156104,-3.350179,9.422118,-1.000000,10.049876,nan,nan,nan,0,nan,nan,nan,0,nan,nan,nan,nan,nan,nan,nan,nan,nan,nan,nan,nan,nan,nan,nan,nan,nan,nan,nan,nan,nan,nan,nan,nan,nan,nan,nan,nan,nan,nan,nan,nan,nan,nan,nan,nan,nan,nan,nan,nan,nan,nan,nan,nan,nan,nan,nan,nan,nan,nan,nan,nan,nan,nan,nan,nan,nan,nan,nan,nan,nan,nan,nan,nan,nan,nan,nan,nan,nan,nan,nan,nan,nan,nan,nan,nan,nan,nan,nan,nan
1.640,IDLE,162.274805,135.072625,89.803247,-4.886250,-3.415176,9.398754,-1.000000,-50.811183,-66.811183,11.036250,0.000000,0.000000,2.200000,0.000000,0.000000,0.000000,84.261441,22.992064,6.150000,-3.415176,9.398754,1.200000,0.000000,0.000000,109.969358,-50.811183,-66.811183,30.000000,0.000000,0.000000,0.000000,0.000000,0.000000,0.000000,135.072625,89.803247,-4.886250,162.274805,-3.415176,9.398754,-1.000000,10.049876,nan,nan,nan,0,nan,nan,nan,0,nan,nan,nan,nan,nan,nan,nan,nan,nan,nan,nan,nan,nan,nan,nan,nan,nan,nan,nan,nan,nan,nan,nan,nan,nan,nan,nan,nan,nan,nan,nan,nan,nan,nan,nan,nan,nan,nan,nan,nan,nan,nan,nan,nan,nan,nan,nan,nan,nan,nan,nan,nan,nan,nan,nan,nan,nan,nan,nan,nan,nan,nan,nan,nan,nan,nan,nan,nan,nan,nan,nan,nan,nan,nan,nan,nan,nan,nan,nan,nan
1.680,IDLE,162.391630,134.898633,90.271997,-4.936250,-3.479824,9.375011,-1.000000,-50.811183,-66.811183,11.146250,0.000000,0.000000,2.200000,0.000000,0.000000,0.000000,84.087450,23.460814,6.210000,-3.479824,9.375011,1.200000,0.000000,0.000000,110.363957,-50.811183,-66.811183,30.000000,0.000000,0.000000,0.000000,0.000000,0.000000,0.000000,134.898633,90.271997,-4.936250,162.391630,-3.479824,9.375011,-1.000000,10.049876,nan,nan,nan,0,nan,nan,nan,0,nan,nan,nan,nan,nan,nan,nan,nan,nan,nan,nan,nan,nan,nan,nan,nan,nan,nan,nan,nan,nan,nan,nan,nan,nan,nan,nan,nan,nan,nan,nan,nan,nan,nan,nan,nan,nan,nan,nan,nan,nan,nan,nan,nan,nan,nan,nan,nan,nan,nan,nan,nan,nan,nan,nan,nan,nan,nan,nan,nan,nan,nan,nan,nan,nan,nan,nan,nan,nan,nan,nan,nan,nan,nan,nan,nan,nan,nan,nan,nan
1.740,IDLE,162.506585,134.721427,90.739542,-4.986250,-3.544127,9.350891,-1.000000,-50.811183,-66.811183,11.256250,0.000000,0.000000,2.200000,0.000000,0.000000,0.000000,83.910244,23.928359,6.270000,-3.544127,9.350891,1.200000,0.000000,0.000000,110.757457,-50.811183,-66.811183,30.000000,0.000000,0.000000,0.000000,0.000000,0.000000,0.000000,134.721427,90.739542,-4.986250,162.506585,-3.544127,9.350891,-1.000000,10.049876,nan,nan,nan,0,nan,nan,nan,0,nan,nan,nan,nan,nan,nan,nan,nan,nan,nan,nan,nan,nan,nan,nan,nan,nan,nan,nan,nan,nan,nan,nan,nan,nan,nan,nan,nan,nan,nan,nan,nan,nan,nan,nan,nan,nan,nan,nan,nan,nan,nan,nan,nan,nan,nan,nan,nan,nan,nan,nan,nan,nan,nan,nan,nan,nan,nan,nan,nan,nan,nan,nan,nan,nan,nan,nan,nan,nan,nan,nan,nan,nan,nan,nan,nan,nan,nan,nan,nan
1.780,IDLE,162.619678,134.541023,91.205862,-5.036250,-3.608090,9.326397,-1.000000,-50.811183,-66.811183,11.366250,0.000000,0.000000,2.200000,0.000000,0.000000,0.000000,83.729839,24.394679,6.330000,-3.608090,9.326397,1.200000,0.000000,0.000000,111.149890,-50.811183,-66.811183,30.000000,0.000000,0.000000,0.000000,0.000000,0.000000,0.000000,134.541023,91.205862,-5.036250,162.619678,-3.608090,9.326397,-1.000000,10.049876,nan,nan,nan,0,nan,nan,nan,0,nan,nan,nan,nan,nan,nan,nan,nan,nan,nan,nan,nan,nan,nan,nan,nan,nan,nan,nan,nan,nan,nan,nan,nan,nan,nan,nan,nan,nan,nan,nan,nan,nan,nan,nan,nan,nan,nan,nan,nan,nan,nan,nan,nan,nan,nan,nan,nan,nan,nan,nan,nan,nan,nan,nan,nan,nan,nan,nan,nan,nan,nan,nan,nan,nan,nan,nan,nan,nan,nan,nan,nan,nan,nan,nan,nan,nan,nan,nan,nan
1.840,IDLE,162.730918,134.357437,91.670938,-5.086250,-3.671716,9.301532,-1.000000,-50.811183,-66.811183,11.476250,0.000000,0.000000,2.200000,0.000000,0.000000,0.000000,83.546254,24.859755,6.390000,-3.671716,9.301532,1.200000,0.000000,0.000000,111.541288,-50.811183,-66.811183,30.000000,0.000000,0.000000,0.000000,0.000000,0.000000,0.000000,134.357437,91.670938,-5.086250,162.730918,-3.671716,9.301532,-1.000000,10.049876,nan,nan,nan,0,nan,nan,nan,0,nan,nan,nan,nan,nan,nan,nan,nan,nan,nan,nan,nan,nan,nan,nan,nan,nan,nan,nan,nan,nan,nan,nan,nan,nan,nan,nan,nan,nan,nan,nan,nan,nan,nan,nan,nan,nan,nan,nan,nan,nan,nan,nan,nan,nan,nan,nan,nan,nan,nan,nan,nan,nan,nan,nan,nan,nan,nan,nan,nan,nan,nan,nan,nan,nan,nan,nan,nan,nan,nan,nan,nan,nan,nan,nan,nan,nan,nan,nan,nan
1.880,IDLE,162.840311,134.170686,92.134753,-5.136250,-3.735008,9.276299,-1.000000,-50.811183,-66.811183,11.586250,0.000000,0.000000,2.200000,0.000000,0.000000,0.000000,83.359503,25.323570,6.450000,-3.735008,9.276299,1.200000,0.000000,0.000000,111.931682,-50.811183,-66.811183,30.000000,0.000000,0.000000,0.000000,0.000000,0.000000,0.000000,134.170686,92.134753,-5.136250,162.840311,-3.735008,9.276299,-1.000000,10.049876,nan,nan,nan,0,nan,nan,nan,0,nan,nan,nan,nan,nan,nan,nan,nan,nan,nan,nan,nan,nan,nan,nan,nan,nan,nan,nan,nan,nan,nan,nan,nan,nan,nan,nan,nan,nan,nan,nan,nan,nan,nan,nan,nan,nan,nan,nan,nan,nan,nan,nan,nan,nan,nan,nan,nan,nan,nan,nan,nan,nan,nan,nan,nan,nan,nan,nan,nan,nan,nan,nan,nan,nan,nan,nan,nan,nan,nan,nan,nan,nan,nan,nan,nan,nan,nan,nan,nan
1.940,IDLE,162.947864,133.980788,92.597288,-5.186250,-3.797969,9.250699,-1.000000,-50.811183,-66.811183,11.696250,0.000000,0.000000,2.200000,0.000000,0.000000,0.000000,83.169605,25.786105,6.510000,-3.797969,9.250699,1.200000,0.000000,0.000000,112.321102,-50.811183,-66.811183,30.000000,0.000000,0.000000,0.000000,0.000000,0.000000,0.000000,133.980788,92.597288,-5.186250,162.947864,-3.797969,9.250699,-1.000000,10.049876,nan,nan,nan,0,nan,nan,nan,0,nan,nan,nan,nan,nan,nan,nan,nan,nan,nan,nan,nan,nan,nan,nan,nan,nan,nan,nan,nan,nan,nan,nan,nan,nan,nan,nan,nan,nan,nan,nan,nan,nan,nan,nan,nan,nan,nan,nan,nan,nan,nan,nan,nan,nan,nan,nan,nan,nan,nan,nan,nan,nan,nan,nan,nan,nan,nan,nan,nan,nan,nan,nan,nan,nan,nan,nan,nan,nan,nan,nan,nan,nan,nan,nan,nan,nan,nan,nan,nan
1.980,IDLE,163.053585,133.787758,93.058525,-5.236250,-3.860602,9.224736,-1.000000,-50.811183,-66.811183,11.806250,0.000000,0.000000,2.200000,0.000000,0.000000,0.000000,82.976575,26.247342,6.570000,-3.860602,9.224736,1.200000,0.000000,0.000000,112.709577,-50.811183,-66.811183,30.000000,0.000000,0.000000,0.000000,0.000000,0.000000,0.000000,133.787758,93.058525,-5.236250,163.053585,-3.860602,9.224736,-1.000000,10.049876,nan,nan,nan,0,nan,nan,nan,0,nan,nan,nan,nan,nan,nan,nan,nan,nan,nan,nan,nan,nan,nan,nan,nan,nan,nan,nan,nan,nan,nan,nan,nan,nan,nan,nan,nan,nan,nan,nan,nan,nan,nan,nan,nan,nan,nan,nan,nan,nan,nan,nan,nan,nan,nan,nan,nan,nan,nan,nan,nan,nan,nan,nan,nan,nan,nan,nan,nan,nan,nan,nan,nan,nan,nan,nan,nan,nan,nan,nan,nan,nan,nan,nan,nan,nan,nan,nan,nan
2.040,IDLE,163.157479,133.591612,93.518446,-5.286250,-3.922911,9.198411,-1.000000,-50.811183,-66.811183,11.916250,0.000000,0.000000,2.200000,0.000000,0.000000,0.000000,82.780429,26.707262,6.630000,-3.922911,9.198411,1.200000,0.000000,0.000000,113.097136,-50.811183,-66.811183,30.000000,0.000000,0.000000,0.000000,0.000000,0.000000,0.000000,133.591612,93.518446,-5.286250,163.157479,-3.922911,9.198411,-1.000000,10.049876,nan,nan,nan,0,nan,nan,nan,0,nan,nan,nan,nan,nan,nan,nan,nan,nan,nan,nan,nan,nan,nan,nan,nan,nan,nan,nan,nan,nan,nan,nan,nan,nan,nan,nan,nan,nan,nan,nan,nan,nan,nan,nan,nan,nan,nan,nan,nan,nan,nan,nan,nan,nan,nan,nan,nan,nan,nan,nan,nan,nan,nan,nan,nan,nan,nan,nan,nan,nan,nan,nan,nan,nan,nan,nan,nan,nan,nan,nan,nan,nan,nan,nan,nan,nan,nan,nan,nan
2.080,IDLE,163.259553,133.392367,93.977032,-5.336250,-3.984898,9.171727,-1.000000,-50.811183,-66.811183,12.026250,0.000000,0.000000,2.200000,0.000000,0.000000,0.000000,82.581184,27.165849,6.690000,-3.984898,9.171727,1.200000,0.000000,0.000000,113.483805,-50.811183,-66.811183,30.000000,0.000000,0.000000,0.000000,0.000000,0.000000,0.000000,133.392367,93.977032,-5.336250,163.259553,-3.984898,9.171727,-1.000000,10.049876,nan,nan,nan,0,nan,nan,nan,0,nan,nan,nan,nan,nan,nan,nan,nan,nan,nan,nan,nan,nan,nan,nan,nan,nan,nan,nan,nan,nan,nan,nan,nan,nan,nan,nan,nan,nan,nan,nan,nan,nan,nan,nan,nan,nan,nan,nan,nan,nan,nan,nan,nan,nan,nan,nan,nan,nan,nan,nan,nan,nan,nan,nan,nan,nan,nan,nan,nan,nan,nan,nan,nan,nan,nan,nan,nan,nan,nan,nan,nan,nan,nan,nan,nan,nan,nan,nan,nan
2.140,IDLE,163.359814,133.190039,94.434266,-5.386250,-4.046566,9.144687,-1.000000,-50.811183,-66.811183,12.136250,0.000000,0.000000,2.200000,0.000000,0.000000,0.000000,82.378856,27.623083,6.750000,-4.046566,9.144687,1.200000,0.000000,0.000000,113.869612,-50.811183,-66.811183,30.000000,0.000000,0.000000,0.000000,0.000000,0.000000,0.000000,133.190039,94.434266,-5.386250,163.359814,-4.046566,9.144687,-1.000000,10.049876,nan,nan,nan,0,nan,nan,nan,0,nan,nan,nan,nan,nan,nan,nan,nan,nan,nan,nan,nan,nan,nan,nan,nan,nan,nan,nan,nan,nan,nan,nan,nan,nan,nan,nan,nan,nan,nan,nan,nan,nan,nan,nan,nan,nan,nan,nan,nan,nan,nan,nan,nan,nan,nan,nan,nan,nan,nan,nan,nan,nan,nan,nan,nan,nan,nan,nan,nan,nan,nan,nan,nan,nan,nan,nan,nan,nan,nan,nan,nan,nan,nan,nan,nan,nan,nan,nan,nan
2.180,IDLE,163.458267,132.984643,94.890131,-5.436250,-4.107917,9.117292,-1.000000,-50.811183,-66.811183,12.246250,0.000000,0.000000,2.200000,0.000000,0.000000,0.000000,82.173460,28.078948,6.810000,-4.107917,9.117292,1.200000,0.000000,0.000000,114.254581,-50.811183,-66.811183,30.000000,0.000000,0.000000,0.000000,0.000000,0.000000,0.000000,132.984643,94.890131,-5.436250,163.458267,-4.107917,9.117292,-1.000000,10.049876,nan,nan,nan,0,nan,nan,nan,0,nan,nan,nan,nan,nan,nan,nan,nan,nan,nan,nan,nan,nan,nan,nan,nan,nan,nan,nan,nan,nan,nan,nan,nan,nan,nan,nan,nan,nan,nan,nan,nan,nan,nan,nan,nan,nan,nan,nan,nan,nan,nan,nan,nan,nan,nan,nan,nan,nan,nan,nan,nan,nan,nan,nan,nan,nan,nan,nan,nan,nan,nan,nan,nan,nan,nan,nan,nan,nan,nan,nan,nan,nan,nan,nan,nan,nan,nan,nan,nan
2.240,IDLE,163.554918,132.776195,95.344608,-5.486250,-4.168954,9.089545,-1.000000,-50.811183,-66.811183,12.356250,0.000000,0.000000,2.200000,0.000000,0.000000,0.000000,81.965012,28.533425,6.870000,-4.168954,9.089545,1.200000,0.000000,0.000000,114.638738,-50.811183,-66.811183,30.000000,0.000000,0.000000,0.000000,0.000000,0.000000,0.000000,132.776195,95.344608,-5.486250,163.554918,-4.168954,9.089545,-1.000000,10.049876,nan,nan,nan,0,nan,nan,nan,0,nan,nan,nan,nan,nan,nan,nan,nan,nan,nan,nan,nan,nan,nan,nan,nan,nan,nan,nan,nan,nan,nan,nan,nan,nan,nan,nan,nan,nan,nan,nan,nan,nan,nan,nan,nan,nan,nan,nan,nan,nan,nan,nan,nan,nan,nan,nan,nan,nan,nan,nan,nan,nan,nan,nan,nan,nan,nan,nan,nan,nan,nan,nan,nan,nan,nan,nan,nan,nan,nan,nan,nan,nan,nan,nan,nan,nan,nan,nan,nan
2.280,IDLE,163.649773,132.564711,95.797680,-5.536250,-4.229679,9.061447,-1.000000,-50.811183,-66.811183,12.466250,0.000000,0.000000,2.200000,0.000000,0.000000,0.000000,81.753528,28.986497,6.930000,-4.229679,9.061447,1.200000,0.000000,0.000000,115.022108,-50.811183,-66.811183,30.000000,0.000000,0.000000,0.000000,0.000000,0.000000,0.000000,132.564711,95.797680,-5.536250,163.649773,-4.229679,9.061447,-1.000000,10.049876,nan,nan,nan,0,nan,nan,nan,0,nan,nan,nan,nan,nan,nan,nan,nan,nan,nan,nan,nan,nan,nan,nan,nan,nan,nan,nan,nan,nan,nan,nan,nan,nan,nan,nan,nan,nan,nan,nan,nan,nan,nan,nan,nan,nan,nan,nan,nan,nan,nan,nan,nan,nan,nan,nan,nan,nan,nan,nan,nan,nan,nan,nan,nan,nan,nan,nan,nan,nan,nan,nan,nan,nan,nan,nan,nan,nan,nan,nan,nan,nan,nan,nan,nan,nan,nan,nan,nan
2.340,IDLE,163.742838,132.350207,96.249330,-5.586250,-4.290094,9.033000,-1.000000,-50.811183,-66.811183,12.576250,0.000000,0.000000,2.200000,0.000000,0.000000,0.000000,81.539024,29.438147,6.990000,-4.290094,9.033000,1.200000,0.000000,0.000000,115.404713,-50.811183,-66.811183,30.000000,0.000000,0.000000,0.000000,0.000000,0.000000,0.000000,132.350207,96.249330,-5.586250,163.742838,-4.290094,9.033000,-1.000000,10.049876,nan,nan,nan,0,nan,nan,nan,0,nan,nan,nan,nan,nan,nan,nan,nan,nan,nan,nan,nan,nan,nan,nan,nan,nan,nan,nan,nan,nan,nan,nan,nan,nan,nan,nan,nan,nan,nan,nan,nan,nan,nan,nan,nan,nan,nan,nan,nan,nan,nan,nan,nan,nan,nan,nan,nan,nan,nan,nan,nan,nan,nan,nan,nan,nan,nan,nan,nan,nan,nan,nan,nan,nan,nan,nan,nan,nan,nan,nan,nan,nan,nan,nan,nan,nan,nan,nan,nan
2.380,IDLE,163.834117,132.132697,96.699541,-5.636250,-4.350202,9.004207,-1.000000,-50.811183,-66.811183,12.686250,0.000000,0.000000,2.200000,0.000000,0.000000,0.000000,81.321513,29.888358,7.050000,-4.350202,9.004207,1.200000,0.000000,0.000000,115.786577,-50.811183,-66.811183,30.000000,0.000000,0.000000,0.000000,0.000000,0.000000,0.000000,132.132697,96.699541,-5.636250,163.834117,-4.350202,9.004207,-1.000000,10.049876,nan,nan,nan,0,nan,nan,nan,0,nan,nan,nan,nan,nan,nan,nan,nan,nan,nan,nan,nan,nan,nan,nan,nan,nan,nan,nan,nan,nan,nan,nan,nan,nan,nan,nan,nan,nan,nan,nan,nan,nan,nan,nan,nan,nan,nan,nan,nan,nan,nan,nan,nan,nan,nan,nan,nan,nan,nan,nan,nan,nan,nan,nan,nan,nan,nan,nan,nan,nan,nan,nan,nan,nan,nan,nan,nan,nan,nan,nan,nan,nan,nan,nan,nan,nan,nan,nan,nan
2.440,APPROACH,163.923617,131.912197,97.148294,-5.686250,-4.410003,8.975070,-1.000000,-50.811183,-66.811183,12.796250,0.000000,0.000000,2.200000,0.000000,0.000000,0.000000,81.101013,30.337111,7.110000,-4.410003,8.975070,1.200000,0.000000,0.000000,116.167722,-50.811183,-66.811183,12.796250,0.000000,0.000000,0.000000,0.000000,0.000000,0.000000,131.912197,97.148294,-5.686250,163.923617,-4.410003,8.975070,-1.000000,10.049876,nan,nan,nan,0,nan,nan,nan,0,nan,nan,nan,nan,nan,nan,nan,nan,nan,nan,nan,nan,nan,nan,nan,nan,nan,nan,nan,nan,nan,nan,nan,nan,nan,nan,nan,nan,nan,nan,nan,nan,nan,nan,nan,nan,nan,nan,nan,nan,nan,nan,nan,nan,nan,nan,nan,nan,nan,nan,nan,nan,nan,nan,nan,nan,nan,nan,nan,nan,nan,nan,nan,nan,nan,nan,nan,nan,nan,nan,nan,nan,nan,nan,nan,nan,nan,nan,nan,nan
2.480,APPROACH,164.011122,131.688721,97.595574,-5.730000,-4.469500,8.945589,-0.875000,-50.811183,-66.811183,12.900000,0.000000,0.000000,2.075000,0.000000,0.000000,0.000000,80.877538,30.784391,7.170000,-4.469500,8.945589,1.200000,0.000000,0.000000,116.548169,-50.811183,-66.811183,12.796250,0.000000,0.000000,0.000000,0.000000,0.000000,0.000000,131.688721,97.595574,-5.730000,164.011122,-4.469500,8.945589,-0.875000,10.038208,nan,nan,nan,0,nan,nan,nan,0,nan,nan,nan,nan,nan,nan,nan,nan,nan,nan,nan,nan,nan,nan,nan,nan,nan,nan,nan,nan,nan,nan,nan,nan,nan,nan,nan,nan,nan,nan,nan,nan,nan,nan,nan,nan,nan,nan,nan,nan,nan,nan,nan,nan,nan,nan,nan,nan,nan,nan,nan,nan,nan,nan,nan,nan,nan,nan,nan,nan,nan,nan,nan,nan,nan,nan,nan,nan,nan,nan,nan,nan,nan,nan,nan,nan,nan,nan,nan,nan
2.540,APPROACH,164.096635,131.462287,98.041362,-5.767500,-4.528695,8.915768,-0.750000,-50.811183,-66.811183,12.997500,0.000000,0.000000,1.950000,0.000000,0.000000,0.000000,80.651104,31.230179,7.230000,-4.528695,8.915768,1.200000,0.000000,0.000000,116.927939,-50.811183,-66.811183,12.796250,0.000000,0.000000,0.000000,0.000000,0.000000,0.000000,131.462287,98.041362,-5.767500,164.096635,-4.528695,8.915768,-0.750000,10.028086,nan,nan,nan,0,nan,nan,nan,0,nan,nan,nan,nan,nan,nan,nan,nan,nan,nan,nan,nan,nan,nan,nan,nan,nan,nan,nan,nan,nan,nan,nan,nan,nan,nan,nan,nan,nan,nan,nan,nan,nan,nan,nan,nan,nan,nan,nan,nan,nan,nan,nan,nan,nan,nan,nan,nan,nan,nan,nan,nan,nan,nan,nan,nan,nan,nan,nan,nan,nan,nan,nan,nan,nan,nan,nan,nan,nan,nan,nan,nan,nan,nan,nan,nan,nan,nan,nan,nan
2.580,APPROACH,164.180155,131.232907,98.485642,-5.798750,-4.587589,8.885608,-0.625000,-50.811183,-66.811183,13.088750,0.000000,0.000000,1.825000,0.000000,0.000000,0.000000,80.421724,31.674459,7.290000,-4.587589,8.885608,1.200000,0.000000,0.000000,117.307053,-50.811183,-66.811183,12.796250,0.000000,0.000000,0.000000,0.000000,0.000000,0.000000,131.232907,98.485642,-5.798750,164.180155,-4.587589,8.885608,-0.625000,10.019512,nan,nan,nan,0,nan,nan,nan,0,nan,nan,nan,nan,nan,nan,nan,nan,nan,nan,nan,nan,nan,nan,nan,nan,nan,nan,nan,nan,nan,nan,nan,nan,nan,nan,nan,nan,nan,nan,nan,nan,nan,nan,nan,nan,nan,nan,nan,nan,nan,nan,nan,nan,nan,nan,nan,nan,nan,nan,nan,nan,nan,nan,nan,nan,nan,nan,nan,nan,nan,nan,nan,nan,nan,nan,nan,nan,nan,nan,nan,nan,nan,nan,nan,nan,nan,nan,nan,nan
2.640,APPROACH,164.261684,131.000598,98.928398,-5.823750,-4.646184,8.855110,-0.500000,-50.811183,-66.811183,13.173750,0.000000,0.000000,1.700000,0.000000,0.000000,0.000000,80.189415,32.117215,7.350000,-4.646184,8.855110,1.200000,0.000000,0.000000,117.685530,-50.811183,-66.811183,12.796250,0.000000,0.000000,0.000000,0.000000,0.000000,0.000000,131.000598,98.928398,-5.823750,164.261684,-4.646184,8.855110,-0.500000,10.012492,nan,nan,nan,0,nan,nan,nan,0,nan,nan,nan,nan,nan,nan,nan,nan,nan,nan,nan,nan,nan,nan,nan,nan,nan,nan,nan,nan,nan,nan,nan,nan,nan,nan,nan,nan,nan,nan,nan,nan,nan,nan,nan,nan,nan,nan,nan,nan,nan,nan,nan,nan,nan,nan,nan,nan,nan,nan,nan,nan,nan,nan,nan,nan,nan,nan,nan,nan,nan,nan,nan,nan,nan,nan,nan,nan,nan,nan,nan,nan,nan,nan,nan,nan,nan,nan,nan,nan
2.680,APPROACH,164.341223,130.765374,99.369612,-5.842500,-4.704481,8.824277,-0.375000,-50.811183,-66.811183,13.252500,0.000000,0.000000,1.575000,0.000000,0.000000,0.000000,79.954191,32.558429,7.410000,-4.704481,8.824277,1.200000,0.000000,0.000000,118.063389,-50.811183,-66.811183,12.796250,0.000000,0.000000,0.000000,0.000000,0.000000,0.000000,130.765374,99.369612,-5.842500,164.341223,-4.704481,8.824277,-0.375000,10.007029,nan,nan,nan,0,nan,nan,nan,0,nan,nan,nan,nan,nan,nan,nan,nan,nan,nan,nan,nan,nan,nan,nan,nan,nan,nan,nan,nan,nan,nan,nan,nan,nan,nan,nan,nan,nan,nan,nan,nan,nan,nan,nan,nan,nan,nan,nan,nan,nan,nan,nan,nan,nan,nan,nan,nan,nan,nan,nan,nan,nan,nan,nan,nan,nan,nan,nan,nan,nan,nan,nan,nan,nan,nan,nan,nan,nan,nan,nan,nan,nan,nan,nan,nan,nan,nan,nan,nan
2.740,APPROACH,164.418776,130.527250,99.809267,-5.855000,-4.762482,8.793109,-0.250000,-50.811183,-66.811183,13.325000,0.000000,0.000000,1.450000,0.000000,0.000000,0.000000,79.716067,32.998084,7.470000,-4.762482,8.793109,1.200000,0.000000,0.000000,118.440648,-50.811183,-66.811183,12.796250,0.000000,0.000000,0.000000,0.000000,0.000000,0.000000,130.527250,99.809267,-5.855000,164.418776,-4.762482,8.793109,-0.250000,10.003125,nan,nan,nan,0,nan,nan,nan,0,nan,nan,nan,nan,nan,nan,nan,nan,nan,nan,nan,nan,nan,nan,nan,nan,nan,nan,nan,nan,nan,nan,nan,nan,nan,nan,nan,nan,nan,nan,nan,nan,nan,nan,nan,nan,nan,nan,nan,nan,nan,nan,nan,nan,nan,nan,nan,nan,nan,nan,nan,nan,nan,nan,nan,nan,nan,nan,nan,nan,nan,nan,nan,nan,nan,nan,nan,nan,nan,nan,nan,nan,nan,nan,nan,nan,nan,nan,nan,nan
2.780,APPROACH,164.494345,130.286241,100.247348,-5.861250,-4.820186,8.761610,-0.125000,-50.811183,-66.811183,13.391250,0.000000,0.000000,1.325000,0.000000,0.000000,0.000000,79.475057,33.436165,7.530000,-4.820186,8.761610,1.200000,0.000000,0.000000,118.817326,-50.811183,-66.811183,12.796250,0.000000,0.000000,0.000000,0.000000,0.000000,0.000000,130.286241,100.247348,-5.861250,164.494345,-4.820186,8.761610,-0.125000,10.000781,nan,nan,nan,0,nan,nan,nan,0,nan,nan,nan,nan,nan,nan,nan,nan,nan,nan,nan,nan,nan,nan,nan,nan,nan,nan,nan,nan,nan,nan,nan,nan,nan,nan,nan,nan,nan,nan,nan,nan,nan,nan,nan,nan,nan,nan,nan,nan,nan,nan,nan,nan,nan,nan,nan,nan,nan,nan,nan,nan,nan,nan,nan,nan,nan,nan,nan,nan,nan,nan,nan,nan,nan,nan,nan,nan,nan,nan,nan,nan,nan,nan,nan,nan,nan,nan,nan,nan
2.840,APPROACH,164.567934,130.042361,100.683837,-5.861250,-4.877597,8.729779,-0.000000,-50.811183,-66.811183,13.451250,0.000000,0.000000,1.200000,0.000000,0.000000,0.000000,79.231178,33.872654,7.590000,-4.877597,8.729779,1.200000,0.000000,0.000000,119.193440,-50.811183,-66.811183,12.796250,0.000000,0.000000,0.000000,0.000000,0.000000,0.000000,130.042361,100.683837,-5.861250,164.567934,-4.877597,8.729779,-0.000000,10.000000,nan,nan,nan,0,nan,nan,nan,0,nan,nan,nan,nan,nan,nan,nan,nan,nan,nan,nan,nan,nan,nan,nan,nan,nan,nan,nan,nan,nan,nan,nan,nan,nan,nan,nan,nan,nan,nan,nan,nan,nan,nan,nan,nan,nan,nan,nan,nan,nan,nan,nan,nan,nan,nan,nan,nan,nan,nan,nan,nan,nan,nan,nan,nan,nan,nan,nan,nan,nan,nan,nan,nan,nan,nan,nan,nan,nan,nan,nan,nan,nan,nan,nan,nan,nan,nan,nan,nan
2.880,APPROACH,164.639547,129.795625,101.118718,-5.855000,-4.934715,8.697620,0.125000,-50.811183,-66.811183,13.505000,0.000000,0.000000,1.075000,0.000000,0.000000,0.000000,78.984442,34.307535,7.650000,-4.934715,8.697620,1.200000,0.000000,0.000000,119.569007,-50.811183,-66.811183,12.796250,0.000000,0.000000,0.000000,0.000000,0.000000,0.000000,129.795625,101.118718,-5.855000,164.639547,-4.934715,8.697620,0.125000,10.000781,nan,nan,nan,0,nan,nan,nan,0,nan,nan,nan,nan,nan,nan,nan,nan,nan,nan,nan,nan,nan,nan,nan,nan,nan,nan,nan,nan,nan,nan,nan,nan,nan,nan,nan,nan,nan,nan,nan,nan,nan,nan,nan,nan,nan,nan,nan,nan,nan,nan,nan,nan,nan,nan,nan,nan,nan,nan,nan,nan,nan,nan,nan,nan,nan,nan,nan,nan,nan,nan,nan,nan,nan,nan,nan,nan,nan,nan,nan,nan,nan,nan,nan,nan,nan,nan,nan,nan
2.940,APPROACH,164.709189,129.546048,101.551974,-5.842500,-4.991540,8.665133,0.250000,-50.811183,-66.811183,13.552500,0.000000,0.000000,0.950000,0.000000,0.000000,0.000000,78.734865,34.740791,7.710000,-4.991540,8.665133,1.200000,0.000000,0.000000,119.944043,-50.811183,-66.811183,12.796250,0.000000,0.000000,0.000000,0.000000,0.000000,0.000000,129.546048,101.551974,-5.842500,164.709189,-4.991540,8.665133,0.250000,10.003125,nan,nan,nan,0,nan,nan,nan,0,nan,nan,nan,nan,nan,nan,nan,nan,nan,nan,nan,nan,nan,nan,nan,nan,nan,nan,nan,nan,nan,nan,nan,nan,nan,nan,nan,nan,nan,nan,nan,nan,nan,nan,nan,nan,nan,nan,nan,nan,nan,nan,nan,nan,nan,nan,nan,nan,nan,nan,nan,nan,nan,nan,nan,nan,nan,nan,nan,nan,nan,nan,nan,nan,nan,nan,nan,nan,nan,nan,nan,nan,nan,nan,nan,nan,nan,nan,nan,nan
2.980,APPROACH,164.776865,129.293644,101.983590,-5.823750,-5.048073,8.632320,0.375000,-50.811183,-66.811183,13.593750,0.000000,0.000000,0.825000,0.000000,0.000000,0.000000,78.482461,35.172407,7.770000,-5.048073,8.632320,1.200000,0.000000,0.000000,120.318565,-50.811183,-66.811183,12.796250,0.000000,0.000000,0.000000,0.000000,0.000000,0.000000,129.293644,101.983590,-5.823750,164.776865,-5.048073,8.632320,0.375000,10.007029,nan,nan,nan,0,nan,nan,nan,0,nan,nan,nan,nan,nan,nan,nan,nan,nan,nan,nan,nan,nan,nan,nan,nan,nan,nan,nan,nan,nan,nan,nan,nan,nan,nan,nan,nan,nan,nan,nan,nan,nan,nan,nan,nan,nan,nan,nan,nan,nan,nan,nan,nan,nan,nan,nan,nan,nan,nan,nan,nan,nan,nan,nan,nan,nan,nan,nan,nan,nan,nan,nan,nan,nan,nan,nan,nan,nan,nan,nan,nan,nan,nan,nan,nan,nan,nan,nan,nan
3.040,APPROACH,164.842581,129.038429,102.413550,-5.798750,-5.104317,8.599183,0.500000,-50.811183,-66.811183,13.628750,0.000000,0.000000,0.700000,0.000000,0.000000,0.000000,78.227245,35.602366,7.830000,-5.104317,8.599183,1.200000,0.000000,0.000000,120.692586,-50.811183,-66.811183,12.796250,0.000000,0.000000,0.000000,0.000000,0.000000,0.000000,129.038429,102.413550,-5.798750,164.842581,-5.104317,8.599183,0.500000,10.012492,nan,nan,nan,0,nan,nan,nan,0,nan,nan,nan,nan,nan,nan,nan,nan,nan,nan,nan,nan,nan,nan,nan,nan,nan,nan,nan,nan,nan,nan,nan,nan,nan,nan,nan,nan,nan,nan,nan,nan,nan,nan,nan,nan,nan,nan,nan,nan,nan,nan,nan,nan,nan,nan,nan,nan,nan,nan,nan,nan,nan,nan,nan,nan,nan,nan,nan,nan,nan,nan,nan,nan,nan,nan,nan,nan,nan,nan,nan,nan,nan,nan,nan,nan,nan,nan,nan,nan
3.080,APPROACH,164.906345,128.780415,102.841836,-5.767500,-5.160270,8.565723,0.625000,-50.811183,-66.811183,13.657500,0.000000,0.000000,0.575000,0.000000,0.000000,0.000000,77.969232,36.030653,7.890000,-5.160270,8.565723,1.200000,0.000000,0.000000,121.066124,-50.811183,-66.811183,12.796250,0.000000,0.000000,0.000000,0.000000,0.000000,0.000000,128.780415,102.841836,-5.767500,164.906345,-5.160270,8.565723,0.625000,10.019512,nan,nan,nan,0,nan,nan,nan,0,nan,nan,nan,nan,nan,nan,nan,nan,nan,nan,nan,nan,nan,nan,nan,nan,nan,nan,nan,nan,nan,nan,nan,nan,nan,nan,nan,nan,nan,nan,nan,nan,nan,nan,nan,nan,nan,nan,nan,nan,nan,nan,nan,nan,nan,nan,nan,nan,nan,nan,nan,nan,nan,nan,nan,nan,nan,nan,nan,nan,nan,nan,nan,nan,nan,nan,nan,nan,nan,nan,nan,nan,nan,nan,nan,nan,nan,nan,nan,nan
3.140,APPROACH,164.968162,128.519618,103.268433,-5.730000,-5.215933,8.531942,0.750000,-50.811183,-66.811183,13.680000,0.000000,0.000000,0.450000,0.000000,0.000000,0.000000,77.708435,36.457250,7.950000,-5.215933,8.531942,1.200000,0.000000,0.000000,121.439191,-50.811183,-66.811183,12.796250,0.000000,0.000000,0.000000,0.000000,0.000000,0.000000,128.519618,103.268433,-5.730000,164.968162,-5.215933,8.531942,0.750000,10.028086,nan,nan,nan,0,nan,nan,nan,0,nan,nan,nan,nan,nan,nan,nan,nan,nan,nan,nan,nan,nan,nan,nan,nan,nan,nan,nan,nan,nan,nan,nan,nan,nan,nan,nan,nan,nan,nan,nan,nan,nan,nan,nan,nan,nan,nan,nan,nan,nan,nan,nan,nan,nan,nan,nan,nan,nan,nan,nan,nan,nan,nan,nan,nan,nan,nan,nan,nan,nan,nan,nan,nan,nan,nan,nan,nan,nan,nan,nan,nan,nan,nan,nan,nan,nan,nan,nan,nan
3.180,APPROACH,165.028041,128.256053,103.693325,-5.686250,-5.271309,8.497841,0.875000,-50.811183,-66.811183,13.696250,0.000000,0.000000,0.325000,0.000000,0.000000,0.000000,77.444870,36.882142,8.010000,-5.271309,8.497841,1.200000,0.000000,0.000000,121.811802,-50.811183,-66.811183,12.796250,0.000000,0.000000,0.000000,0.000000,0.000000,0.000000,128.256053,103.693325,-5.686250,165.028041,-5.271309,8.497841,0.875000,10.038208,nan,nan,nan,0,nan,nan,nan,0,nan,nan,nan,nan,nan,nan,nan,nan,nan,nan,nan,nan,nan,nan,nan,nan,nan,nan,nan,nan,nan,nan,nan,nan,nan,nan,nan,nan,nan,nan,nan,nan,nan,nan,nan,nan,nan,nan,nan,nan,nan,nan,nan,nan,nan,nan,nan,nan,nan,nan,nan,nan,nan,nan,nan,nan,nan,nan,nan,nan,nan,nan,nan,nan,nan,nan,nan,nan,nan,nan,nan,nan,nan,nan,nan,nan,nan,nan,nan,nan
3.240,APPROACH,165.085989,127.989733,104.116496,-5.636250,-5.326395,8.463422,1.000000,-50.811183,-66.811183,13.706250,0.000000,0.000000,0.200000,0.000000,0.000000,0.000000,77.178550,37.305313,8.070000,-5.326395,8.463422,1.200000,0.000000,0.000000,122.183972,-50.811183,-66.811183,12.796250,0.000000,0.000000,0.000000,0.000000,0.000000,0.000000,127.989733,104.116496,-5.636250,165.085989,-5.326395,8.463422,1.000000,10.049876,nan,nan,nan,0,nan,nan,nan,0,nan,nan,nan,nan,nan,nan,nan,nan,nan,nan,nan,nan,nan,nan,nan,nan,nan,nan,nan,nan,nan,nan,nan,nan,nan,nan,nan,nan,nan,nan,nan,nan,nan,nan,nan,nan,nan,nan,nan,nan,nan,nan,nan,nan,nan,nan,nan,nan,nan,nan,nan,nan,nan,nan,nan,nan,nan,nan,nan,nan,nan,nan,nan,nan,nan,nan,nan,nan,nan,nan,nan,nan,nan,nan,nan,nan,nan,nan,nan,nan
3.280,APPROACH,165.142017,127.720673,104.537930,-5.580000,-5.381194,8.428686,1.125000,-50.811183,-66.811183,13.710000,0.000000,0.000000,0.075000,0.000000,0.000000,0.000000,76.909490,37.726747,8.130000,-5.381194,8.428686,1.200000,0.000000,0.000000,122.555712,-50.811183,-66.811183,12.796250,0.000000,0.000000,0.000000,0.000000,0.000000,0.000000,127.720673,104.537930,-5.580000,165.142017,-5.381194,8.428686,1.125000,10.063082,nan,nan,nan,0,nan,nan,nan,0,nan,nan,nan,nan,nan,nan,nan,nan,nan,nan,nan,nan,nan,nan,nan,nan,nan,nan,nan,nan,nan,nan,nan,nan,nan,nan,nan,nan,nan,nan,nan,nan,nan,nan,nan,nan,nan,nan,nan,nan,nan,nan,nan,nan,nan,nan,nan,nan,nan,nan,nan,nan,nan,nan,nan,nan,nan,nan,nan,nan,nan,nan,nan,nan,nan,nan,nan,nan,nan,nan,nan,nan,nan,nan,nan,nan,nan,nan,nan,nan
3.340,APPROACH,165.196133,127.448888,104.957612,-5.517500,-5.435706,8.393635,1.250000,-50.811183,-66.811183,13.707500,0.000000,0.000000,-0.050000,0.000000,0.000000,0.000000,76.637705,38.146429,8.190000,-5.435706,8.393635,1.200000,0.000000,0.000000,122.927036,-50.811183,-66.811183,12.796250,0.000000,0.000000,0.000000,0.000000,0.000000,0.000000,127.448888,104.957612,-5.517500,165.196133,-5.435706,8.393635,1.250000,10.077822,nan,nan,nan,0,nan,nan,nan,0,nan,nan,nan,nan,nan,nan,nan,nan,nan,nan,nan,nan,nan,nan,nan,nan,nan,nan,nan,nan,nan,nan,nan,nan,nan,nan,nan,nan,nan,nan,nan,nan,nan,nan,nan,nan,nan,nan,nan,nan,nan,nan,nan,nan,nan,nan,nan,nan,nan,nan,nan,nan,nan,nan,nan,nan,nan,nan,nan,nan,nan,nan,nan,nan,nan,nan,nan,nan,nan,nan,nan,nan,nan,nan,nan,nan,nan,nan,nan,nan
3.380,APPROACH,165.248347,127.174392,105.375526,-5.448750,-5.489930,8.358269,1.375000,-50.811183,-66.811183,13.698750,0.000000,0.000000,-0.175000,0.000000,0.000000,0.000000,76.363208,38.564342,8.250000,-5.489930,8.358269,1.200000,0.000000,0.000000,123.297956,-50.811183,-66.811183,12.796250,0.000000,0.000000,0.000000,0.000000,0.000000,0.000000,127.174392,105.375526,-5.448750,165.248347,-5.489930,8.358269,1.375000,10.094089,nan,nan,nan,0,nan,nan,nan,0,nan,nan,nan,nan,nan,nan,nan,nan,nan,nan,nan,nan,nan,nan,nan,nan,nan,nan,nan,nan,nan,nan,nan,nan,nan,nan,nan,nan,nan,nan,nan,nan,nan,nan,nan,nan,nan,nan,nan,nan,nan,nan,nan,nan,nan,nan,nan,nan,nan,nan,nan,nan,nan,nan,nan,nan,nan,nan,nan,nan,nan,nan,nan,nan,nan,nan,nan,nan,nan,nan,nan,nan,nan,nan,nan,nan,nan,nan,nan,nan
3.440,APPROACH,165.298670,126.897198,105.791655,-5.373750,-5.543867,8.322592,1.500000,-50.811183,-66.811183,13.683750,0.000000,0.000000,-0.300000,0.000000,0.000000,0.000000,76.086015,38.980472,8.310000,-5.543867,8.322592,1.200000,0.000000,0.000000,123.668485,-50.811183,-66.811183,12.796250,0.000000,0.000000,0.000000,0.000000,0.000000,0.000000,126.897198,105.791655,-5.373750,165.298670,-5.543867,8.322592,1.500000,10.111874,nan,nan,nan,0,nan,nan,nan,0,nan,nan,nan,nan,nan,nan,nan,nan,nan,nan,nan,nan,nan,nan,nan,nan,nan,nan,nan,nan,nan,nan,nan,nan,nan,nan,nan,nan,nan,nan,nan,nan,nan,nan,nan,nan,nan,nan,nan,nan,nan,nan,nan,nan,nan,nan,nan,nan,nan,nan,nan,nan,nan,nan,nan,nan,nan,nan,nan,nan,nan,nan,nan,nan,nan,nan,nan,nan,nan,nan,nan,nan,nan,nan,nan,nan,nan,nan,nan,nan
3.480,APPROACH,165.347114,126.617322,106.205985,-5.292500,-5.597518,8.286603,1.625000,-50.811183,-66.811183,13.662500,0.000000,0.000000,-0.425000,0.000000,0.000000,0.000000,75.806139,39.394802,8.370000,-5.597518,8.286603,1.200000,0.000000,0.000000,124.038634,-50.811183,-66.811183,12.796250,0.000000,0.000000,0.000000,0.000000,0.000000,0.000000,126.617322,106.205985,-5.292500,165.347114,-5.597518,8.286603,1.625000,10.131171,nan,nan,nan,0,nan,nan,nan,0,nan,nan,nan,nan,nan,nan,nan,nan,nan,nan,nan,nan,nan,nan,nan,nan,nan,nan,nan,nan,nan,nan,nan,nan,nan,nan,nan,nan,nan,nan,nan,nan,nan,nan,nan,nan,nan,nan,nan,nan,nan,nan,nan,nan,nan,nan,nan,nan,nan,nan,nan,nan,nan,nan,nan,nan,nan,nan,nan,nan,nan,nan,nan,nan,nan,nan,nan,nan,nan,nan,nan,nan,nan,nan,nan,nan,nan,nan,nan,nan
3.540,APPROACH,165.393691,126.334778,106.618501,-5.205000,-5.650882,8.250305,1.750000,-50.811183,-66.811183,13.635000,0.000000,0.000000,-0.550000,0.000000,0.000000,0.000000,75.523595,39.807317,8.430000,-5.650882,8.250305,1.200000,0.000000,0.000000,124.408415,-50.811183,-66.811183,12.796250,0.000000,0.000000,0.000000,0.000000,0.000000,0.000000,126.334778,106.618501,-5.205000,165.393691,-5.650882,8.250305,1.750000,10.151970,nan,nan,nan,0,nan,nan,nan,0,nan,nan,nan,nan,nan,nan,nan,nan,nan,nan,nan,nan,nan,nan,nan,nan,nan,nan,nan,nan,nan,nan,nan,nan,nan,nan,nan,nan,nan,nan,nan,nan,nan,nan,nan,nan,nan,nan,nan,nan,nan,nan,nan,nan,nan,nan,nan,nan,nan,nan,nan,nan,nan,nan,nan,nan,nan,nan,nan,nan,nan,nan,nan,nan,nan,nan,nan,nan,nan,nan,nan,nan,nan,nan,nan,nan,nan,nan,nan,nan
3.580,APPROACH,165.438412,126.049580,107.029185,-5.111250,-5.703959,8.213699,1.875000,-50.811183,-66.811183,13.601250,0.000000,0.000000,-0.675000,0.000000,0.000000,0.000000,75.238397,40.218002,8.490000,-5.703959,8.213699,1.200000,0.000000,0.000000,124.777838,-50.811183,-66.811183,12.796250,0.000000,0.000000,0.000000,0.000000,0.000000,0.000000,126.049580,107.029185,-5.111250,165.438412,-5.703959,8.213699,1.875000,10.174263,nan,nan,nan,0,nan,nan,nan,0,nan,nan,nan,nan,nan,nan,nan,nan,nan,nan,nan,nan,nan,nan,nan,nan,nan,nan,nan,nan,nan,nan,nan,nan,nan,nan,nan,nan,nan,nan,nan,nan,nan,nan,nan,nan,nan,nan,nan,nan,nan,nan,nan,nan,nan,nan,nan,nan,nan,nan,nan,nan,nan,nan,nan,nan,nan,nan,nan,nan,nan,nan,nan,nan,nan,nan,nan,nan,nan,nan,nan,nan,nan,nan,nan,nan,nan,nan,nan,nan
3.640,APPROACH,165.481291,125.761743,107.438025,-5.011250,-5.756750,8.176786,2.000000,-50.811183,-66.811183,13.561250,0.000000,0.000000,-0.800000,0.000000,0.000000,0.000000,74.950560,40.626842,8.550000,-5.756750,8.176786,1.200000,0.000000,0.000000,125.146914,-50.811183,-66.811183,12.796250,0.000000,0.000000,0.000000,0.000000,0.000000,0.000000,125.761743,107.438025,-5.011250,165.481291,-5.756750,8.176786,2.000000,10.198039,nan,nan,nan,0,nan,nan,nan,0,nan,nan,nan,nan,nan,nan,nan,nan,nan,nan,nan,nan,nan,nan,nan,nan,nan,nan,nan,nan,nan,nan,nan,nan,nan,nan,nan,nan,nan,nan,nan,nan,nan,nan,nan,nan,nan,nan,nan,nan,nan,nan,nan,nan,nan,nan,nan,nan,nan,nan,nan,nan,nan,nan,nan,nan,nan,nan,nan,nan,nan,nan,nan,nan,nan,nan,nan,nan,nan,nan,nan,nan,nan,nan,nan,nan,nan,nan,nan,nan
3.680,APPROACH,165.522580,125.471280,107.845003,-4.913000,-5.809254,8.139568,1.965000,-50.811183,-66.811183,13.523000,0.000000,0.000000,-0.765000,0.000000,0.000000,0.000000,74.660097,41.033820,8.610000,-5.809254,8.139568,1.200000,0.000000,0.000000,125.515654,-50.811183,-66.811183,12.796250,0.000000,0.000000,0.000000,0.000000,0.000000,0.000000,125.471280,107.845003,-4.913000,165.522580,-5.809254,8.139568,1.965000,10.191233,nan,nan,nan,0,nan,nan,nan,0,nan,nan,nan,nan,nan,nan,nan,nan,nan,nan,nan,nan,nan,nan,nan,nan,nan,nan,nan,nan,nan,nan,nan,nan,nan,nan,nan,nan,nan,nan,nan,nan,nan,nan,nan,nan,nan,nan,nan,nan,nan,nan,nan,nan,nan,nan,nan,nan,nan,nan,nan,nan,nan,nan,nan,nan,nan,nan,nan,nan,nan,nan,nan,nan,nan,nan,nan,nan,nan,nan,nan,nan,nan,nan,nan,nan,nan,nan,nan,nan
3.740,APPROACH,165.562281,125.178207,108.250106,-4.816663,-5.861471,8.102047,1.926750,-50.811183,-66.811183,13.486662,0.000000,0.000000,-0.726750,0.000000,0.000000,0.000000,74.367023,41.438922,8.670000,-5.861471,8.102047,1.200000,0.000000,0.000000,125.884068,-50.811183,-66.811183,12.796250,0.000000,0.000000,0.000000,0.000000,0.000000,0.000000,125.178207,108.250106,-4.816663,165.562281,-5.861471,8.102047,1.926750,10.183927,nan,nan,nan,0,nan,nan,nan,0,nan,nan,nan,nan,nan,nan,nan,nan,nan,nan,nan,nan,nan,nan,nan,nan,nan,nan,nan,nan,nan,nan,nan,nan,nan,nan,nan,nan,nan,nan,nan,nan,nan,nan,nan,nan,nan,nan,nan,nan,nan,nan,nan,nan,nan,nan,nan,nan,nan,nan,nan,nan,nan,nan,nan,nan,nan,nan,nan,nan,nan,nan,nan,nan,nan,nan,nan,nan,nan,nan,nan,nan,nan,nan,nan,nan,nan,nan,nan,nan
3.780,APPROACH,165.600392,124.882537,108.653317,-4.722142,-5.913401,8.064223,1.890413,-50.811183,-66.811183,13.452142,0.000000,0.000000,-0.690413,0.000000,0.000000,0.000000,74.071353,41.842133,8.730000,-5.913401,8.064223,1.200000,0.000000,0.000000,126.252165,-50.811183,-66.811183,12.796250,0.000000,0.000000,0.000000,0.000000,0.000000,0.000000,124.882537,108.653317,-4.722142,165.600392,-5.913401,8.064223,1.890413,10.177114,nan,nan,nan,0,nan,nan,nan,0,nan,nan,nan,nan,nan,nan,nan,nan,nan,nan,nan,nan,nan,nan,nan,nan,nan,nan,nan,nan,nan,nan,nan,nan,nan,nan,nan,nan,nan,nan,nan,nan,nan,nan,nan,nan,nan,nan,nan,nan,nan,nan,nan,nan,nan,nan,nan,nan,nan,nan,nan,nan,nan,nan,nan,nan,nan,nan,nan,nan,nan,nan,nan,nan,nan,nan,nan,nan,nan,nan,nan,nan,nan,nan,nan,nan,nan,nan,nan,nan
3.840,APPROACH,165.636908,124.584284,109.054622,-4.629347,-5.965045,8.026098,1.855892,-50.811183,-66.811183,13.419347,0.000000,0.000000,-0.655892,0.000000,0.000000,0.000000,73.773101,42.243438,8.790000,-5.965045,8.026098,1.200000,0.000000,0.000000,126.619956,-50.811183,-66.811183,12.796250,0.000000,0.000000,0.000000,0.000000,0.000000,0.000000,124.584284,109.054622,-4.629347,165.636908,-5.965045,8.026098,1.855892,10.170759,nan,nan,nan,0,nan,nan,nan,0,nan,nan,nan,nan,nan,nan,nan,nan,nan,nan,nan,nan,nan,nan,nan,nan,nan,nan,nan,nan,nan,nan,nan,nan,nan,nan,nan,nan,nan,nan,nan,nan,nan,nan,nan,nan,nan,nan,nan,nan,nan,nan,nan,nan,nan,nan,nan,nan,nan,nan,nan,nan,nan,nan,nan,nan,nan,nan,nan,nan,nan,nan,nan,nan,nan,nan,nan,nan,nan,nan,nan,nan,nan,nan,nan,nan,nan,nan,nan,nan
3.880,APPROACH,165.671826,124.283464,109.454005,-4.538192,-6.016401,7.987673,1.823097,-50.811183,-66.811183,13.388192,0.000000,0.000000,-0.623097,0.000000,0.000000,0.000000,73.472281,42.642822,8.850000,-6.016401,7.987673,1.200000,0.000000,0.000000,126.987449,-50.811183,-66.811183,12.796250,0.000000,0.000000,0.000000,0.000000,0.000000,0.000000,124.283464,109.454005,-4.538192,165.671826,-6.016401,7.987673,1.823097,10.164826,nan,nan,nan,0,nan,nan,nan,0,nan,nan,nan,nan,nan,nan,nan,nan,nan,nan,nan,nan,nan,nan,nan,nan,nan,nan,nan,nan,nan,nan,nan,nan,nan,nan,nan,nan,nan,nan,nan,nan,nan,nan,nan,nan,nan,nan,nan,nan,nan,nan,nan,nan,nan,nan,nan,nan,nan,nan,nan,nan,nan,nan,nan,nan,nan,nan,nan,nan,nan,nan,nan,nan,nan,nan,nan,nan,nan,nan,nan,nan,nan,nan,nan,nan,nan,nan,nan,nan
3.940,APPROACH,165.705144,123.980091,109.851453,-4.448595,-6.067469,7.948951,1.791942,-50.811183,-66.811183,13.358595,0.000000,0.000000,-0.591942,0.000000,0.000000,0.000000,73.168908,43.040270,8.910000,-6.067469,7.948951,1.200000,0.000000,0.000000,127.354653,-50.811183,-66.811183,12.796250,0.000000,0.000000,0.000000,0.000000,0.000000,0.000000,123.980091,109.851453,-4.448595,165.705144,-6.067469,7.948951,1.791942,10.159284,nan,nan,nan,0,nan,nan,nan,0,nan,nan,nan,nan,nan,nan,nan,nan,nan,nan,nan,nan,nan,nan,nan,nan,nan,nan,nan,nan,nan,nan,nan,nan,nan,nan,nan,nan,nan,nan,nan,nan,nan,nan,nan,nan,nan,nan,nan,nan,nan,nan,nan,nan,nan,nan,nan,nan,nan,nan,nan,nan,nan,nan,nan,nan,nan,nan,nan,nan,nan,nan,nan,nan,nan,nan,nan,nan,nan,nan,nan,nan,nan,nan,nan,nan,nan,nan,nan,nan
3.980,APPROACH,165.736858,123.674178,110.246949,-4.360478,-6.118250,7.909932,1.762345,-50.811183,-66.811183,13.330478,0.000000,0.000000,-0.562345,0.000000,0.000000,0.000000,72.862995,43.435766,8.970000,-6.118250,7.909932,1.200000,0.000000,0.000000,127.721576,-50.811183,-66.811183,12.796250,0.000000,0.000000,0.000000,0.000000,0.000000,0.000000,123.674178,110.246949,-4.360478,165.736858,-6.118250,7.909932,1.762345,10.154106,nan,nan,nan,0,nan,nan,nan,0,nan,nan,nan,nan,nan,nan,nan,nan,nan,nan,nan,nan,nan,nan,nan,nan,nan,nan,nan,nan,nan,nan,nan,nan,nan,nan,nan,nan,nan,nan,nan,nan,nan,nan,nan,nan,nan,nan,nan,nan,nan,nan,nan,nan,nan,nan,nan,nan,nan,nan,nan,nan,nan,nan,nan,nan,nan,nan,nan,nan,nan,nan,nan,nan,nan,nan,nan,nan,nan,nan,nan,nan,nan,nan,nan,nan,nan,nan,nan,nan
4.040,APPROACH,165.766966,123.365741,110.640480,-4.273767,-6.168742,7.870618,1.734228,-50.811183,-66.811183,13.303767,0.000000,0.000000,-0.534228,0.000000,0.000000,0.000000,72.554558,43.829297,9.030000,-6.168742,7.870618,1.200000,0.000000,0.000000,128.088228,-50.811183,-66.811183,12.796250,0.000000,0.000000,0.000000,0.000000,0.000000,0.000000,123.365741,110.640480,-4.273767,165.766966,-6.168742,7.870618,1.734228,10.149263,nan,nan,nan,0,nan,nan,nan,0,nan,nan,nan,nan,nan,nan,nan,nan,nan,nan,nan,nan,nan,nan,nan,nan,nan,nan,nan,nan,nan,nan,nan,nan,nan,nan,nan,nan,nan,nan,nan,nan,nan,nan,nan,nan,nan,nan,nan,nan,nan,nan,nan,nan,nan,nan,nan,nan,nan,nan,nan,nan,nan,nan,nan,nan,nan,nan,nan,nan,nan,nan,nan,nan,nan,nan,nan,nan,nan,nan,nan,nan,nan,nan,nan,nan,nan,nan,nan,nan
4.080,APPROACH,165.795467,123.054794,111.032031,-4.188391,-6.218945,7.831010,1.707517,-50.811183,-66.811183,13.278391,0.000000,0.000000,-0.507517,0.000000,0.000000,0.000000,72.243611,44.220848,9.090000,-6.218945,7.831010,1.200000,0.000000,0.000000,128.454617,-50.811183,-66.811183,12.796250,0.000000,0.000000,0.000000,0.000000,0.000000,0.000000,123.054794,111.032031,-4.188391,165.795467,-6.218945,7.831010,1.707517,10.144733,nan,nan,nan,0,nan,nan,nan,0,nan,nan,nan,nan,nan,nan,nan,nan,nan,nan,nan,nan,nan,nan,nan,nan,nan,nan,nan,nan,nan,nan,nan,nan,nan,nan,nan,nan,nan,nan,nan,nan,nan,nan,nan,nan,nan,nan,nan,nan,nan,nan,nan,nan,nan,nan,nan,nan,nan,nan,nan,nan,nan,nan,nan,nan,nan,nan,nan,nan,nan,nan,nan,nan,nan,nan,nan,nan,nan,nan,nan,nan,nan,nan,nan,nan,nan,nan,nan,nan
4.140,APPROACH,165.822358,122.741351,111.421586,-4.104284,-6.268860,7.791110,1.682141,-50.811183,-66.811183,13.254284,0.000000,0.000000,-0.482141,0.000000,0.000000,0.000000,71.930168,44.610403,9.150000,-6.268860,7.791110,1.200000,0.000000,0.000000,128.820749,-50.811183,-66.811183,12.796250,0.000000,0.000000,0.000000,0.000000,0.000000,0.000000,122.741351,111.421586,-4.104284,165.822358,-6.268860,7.791110,1.682141,10.140493,nan,nan,nan,0,nan,nan,nan,0,nan,nan,nan,nan,nan,nan,nan,nan,nan,nan,nan,nan,nan,nan,nan,nan,nan,nan,nan,nan,nan,nan,nan,nan,nan,nan,nan,nan,nan,nan,nan,nan,nan,nan,nan,nan,nan,nan,nan,nan,nan,nan,nan,nan,nan,nan,nan,nan,nan,nan,nan,nan,nan,nan,nan,nan,nan,nan,nan,nan,nan,nan,nan,nan,nan,nan,nan,nan,nan,nan,nan,nan,nan,nan,nan,nan,nan,nan,nan,nan
4.180,APPROACH,165.847637,122.425427,111.809132,-4.021382,-6.318485,7.750919,1.658034,-50.811183,-66.811183,13.231382,0.000000,0.000000,-0.458034,0.000000,0.000000,0.000000,71.614244,44.997949,9.210000,-6.318485,7.750919,1.200000,0.000000,0.000000,129.186634,-50.811183,-66.811183,12.796250,0.000000,0.000000,0.000000,0.000000,0.000000,0.000000,122.425427,111.809132,-4.021382,165.847637,-6.318485,7.750919,1.658034,10.136522,nan,nan,nan,0,nan,nan,nan,0,nan,nan,nan,nan,nan,nan,nan,nan,nan,nan,nan,nan,nan,nan,nan,nan,nan,nan,nan,nan,nan,nan,nan,nan,nan,nan,nan,nan,nan,nan,nan,nan,nan,nan,nan,nan,nan,nan,nan,nan,nan,nan,nan,nan,nan,nan,nan,nan,nan,nan,nan,nan,nan,nan,nan,nan,nan,nan,nan,nan,nan,nan,nan,nan,nan,nan,nan,nan,nan,nan,nan,nan,nan,nan,nan,nan,nan,nan,nan,nan
4.240,APPROACH,165.871303,122.107036,112.194654,-3.939625,-6.367820,7.710439,1.635132,-50.811183,-66.811183,13.209625,0.000000,0.000000,-0.435132,0.000000,0.000000,0.000000,71.295853,45.383471,9.270000,-6.367820,7.710439,1.200000,0.000000,0.000000,129.552278,-50.811183,-66.811183,12.796250,0.000000,0.000000,0.000000,0.000000,0.000000,0.000000,122.107036,112.194654,-3.939625,165.871303,-6.367820,7.710439,1.635132,10.132801,nan,nan,nan,0,nan,nan,nan,0,nan,nan,nan,nan,nan,nan,nan,nan,nan,nan,nan,nan,nan,nan,nan,nan,nan,nan,nan,nan,nan,nan,nan,nan,nan,nan,nan,nan,nan,nan,nan,nan,nan,nan,nan,nan,nan,nan,nan,nan,nan,nan,nan,nan,nan,nan,nan,nan,nan,nan,nan,nan,nan,nan,nan,nan,nan,nan,nan,nan,nan,nan,nan,nan,nan,nan,nan,nan,nan,nan,nan,nan,nan,nan,nan,nan,nan,nan,nan,nan
4.280,APPROACH,165.893355,121.786193,112.578138,-3.858957,-6.416864,7.669671,1.613375,-50.811183,-66.811183,13.188957,0.000000,0.000000,-0.413375,0.000000,0.000000,0.000000,70.975009,45.766954,9.330000,-6.416864,7.669671,1.200000,0.000000,0.000000,129.917689,-50.811183,-66.811183,12.796250,0.000000,0.000000,0.000000,0.000000,0.000000,0.000000,121.786193,112.578138,-3.858957,165.893355,-6.416864,7.669671,1.613375,10.129313,nan,nan,nan,0,nan,nan,nan,0,nan,nan,nan,nan,nan,nan,nan,nan,nan,nan,nan,nan,nan,nan,nan,nan,nan,nan,nan,nan,nan,nan,nan,nan,nan,nan,nan,nan,nan,nan,nan,nan,nan,nan,nan,nan,nan,nan,nan,nan,nan,nan,nan,nan,nan,nan,nan,nan,nan,nan,nan,nan,nan,nan,nan,nan,nan,nan,nan,nan,nan,nan,nan,nan,nan,nan,nan,nan,nan,nan,nan,nan,nan,nan,nan,nan,nan,nan,nan,nan
4.340,APPROACH,165.913792,121.462912,112.959568,-3.779321,-6.465618,7.628616,1.592707,-50.811183,-66.811183,13.169321,0.000000,0.000000,-0.392707,0.000000,0.000000,0.000000,70.651728,46.148385,9.390000,-6.465618,7.628616,1.200000,0.000000,0.000000,130.282873,-50.811183,-66.811183,12.796250,0.000000,0.000000,0.000000,0.000000,0.000000,0.000000,121.462912,112.959568,-3.779321,165.913792,-6.465618,7.628616,1.592707,10.126041,nan,nan,nan,0,nan,nan,nan,0,nan,nan,nan,nan,nan,nan,nan,nan,nan,nan,nan,nan,nan,nan,nan,nan,nan,nan,nan,nan,nan,nan,nan,nan,nan,nan,nan,nan,nan,nan,nan,nan,nan,nan,nan,nan,nan,nan,nan,nan,nan,nan,nan,nan,nan,nan,nan,nan,nan,nan,nan,nan,nan,nan,nan,nan,nan,nan,nan,nan,nan,nan,nan,nan,nan,nan,nan,nan,nan,nan,nan,nan,nan,nan,nan,nan,nan,nan,nan,nan
4.380,APPROACH,165.932612,121.137208,113.338932,-3.700668,-6.514079,7.587277,1.573071,-50.811183,-66.811183,13.150668,0.000000,0.000000,-0.373071,0.000000,0.000000,0.000000,70.326025,46.527749,9.450000,-6.514079,7.587277,1.200000,0.000000,0.000000,130.647837,-50.811183,-66.811183,12.796250,0.000000,0.000000,0.000000,0.000000,0.000000,0.000000,121.137208,113.338932,-3.700668,165.932612,-6.514079,7.587277,1.573071,10.122972,nan,nan,nan,0,nan,nan,nan,0,nan,nan,nan,nan,nan,nan,nan,nan,nan,nan,nan,nan,nan,nan,nan,nan,nan,nan,nan,nan,nan,nan,nan,nan,nan,nan,nan,nan,nan,nan,nan,nan,nan,nan,nan,nan,nan,nan,nan,nan,nan,nan,nan,nan,nan,nan,nan,nan,nan,nan,nan,nan,nan,nan,nan,nan,nan,nan,nan,nan,nan,nan,nan,nan,nan,nan,nan,nan,nan,nan,nan,nan,nan,nan,nan,nan,nan,nan,nan,nan
4.440,APPROACH,165.949814,120.809095,113.716215,-3.622947,-6.562248,7.545654,1.554418,-50.811183,-66.811183,13.132947,0.000000,0.000000,-0.354418,0.000000,0.000000,0.000000,69.997912,46.905032,9.510000,-6.562248,7.545654,1.200000,0.000000,0.000000,131.012589,-50.811183,-66.811183,12.796250,0.000000,0.000000,0.000000,0.000000,0.000000,0.000000,120.809095,113.716215,-3.622947,165.949814,-6.562248,7.545654,1.554418,10.120090,nan,nan,nan,0,nan,nan,nan,0,nan,nan,nan,nan,nan,nan,nan,nan,nan,nan,nan,nan,nan,nan,nan,nan,nan,nan,nan,nan,nan,nan,nan,nan,nan,nan,nan,nan,nan,nan,nan,nan,nan,nan,nan,nan,nan,nan,nan,nan,nan,nan,nan,nan,nan,nan,nan,nan,nan,nan,nan,nan,nan,nan,nan,nan,nan,nan,nan,nan,nan,nan,nan,nan,nan,nan,nan,nan,nan,nan,nan,nan,nan,nan,nan,nan,nan,nan,nan,nan
4.480,APPROACH,165.965398,120.478589,114.091403,-3.546112,-6.610125,7.503749,1.536697,-50.811183,-66.811183,13.116112,0.000000,0.000000,-0.336697,0.000000,0.000000,0.000000,69.667406,47.280219,9.570000,-6.610125,7.503749,1.200000,0.000000,0.000000,131.377134,-50.811183,-66.811183,12.796250,0.000000,0.000000,0.000000,0.000000,0.000000,0.000000,120.478589,114.091403,-3.546112,165.965398,-6.610125,7.503749,1.536697,10.117383,nan,nan,nan,0,nan,nan,nan,0,nan,nan,nan,nan,nan,nan,nan,nan,nan,nan,nan,nan,nan,nan,nan,nan,nan,nan,nan,nan,nan,nan,nan,nan,nan,nan,nan,nan,nan,nan,nan,nan,nan,nan,nan,nan,nan,nan,nan,nan,nan,nan,nan,nan,nan,nan,nan,nan,nan,nan,nan,nan,nan,nan,nan,nan,nan,nan,nan,nan,nan,nan,nan,nan,nan,nan,nan,nan,nan,nan,nan,nan,nan,nan,nan,nan,nan,nan,nan,nan
4.540,APPROACH,165.979364,120.145704,114.464481,-3.470119,-6.657707,7.461564,1.519862,-50.811183,-66.811183,13.100119,0.000000,0.000000,-0.319862,0.000000,0.000000,0.000000,69.334521,47.653298,9.630000,-6.657707,7.461564,1.200000,0.000000,0.000000,131.741479,-50.811183,-66.811183,12.796250,0.000000,0.000000,0.000000,0.000000,0.000000,0.000000,120.145704,114.464481,-3.470119,165.979364,-6.657707,7.461564,1.519862,10.114840,nan,nan,nan,0,nan,nan,nan,0,nan,nan,nan,nan,nan,nan,nan,nan,nan,nan,nan,nan,nan,nan,nan,nan,nan,nan,nan,nan,nan,nan,nan,nan,nan,nan,nan,nan,nan,nan,nan,nan,nan,nan,nan,nan,nan,nan,nan,nan,nan,nan,nan,nan,nan,nan,nan,nan,nan,nan,nan,nan,nan,nan,nan,nan,nan,nan,nan,nan,nan,nan,nan,nan,nan,nan,nan,nan,nan,nan,nan,nan,nan,nan,nan,nan,nan,nan,nan,nan
4.580,APPROACH,165.991710,119.810454,114.835436,-3.394926,-6.704995,7.419100,1.503869,-50.811183,-66.811183,13.084926,0.000000,0.000000,-0.303869,0.000000,0.000000,0.000000,68.999271,48.024253,9.690000,-6.704995,7.419100,1.200000,0.000000,0.000000,132.105629,-50.811183,-66.811183,12.796250,0.000000,0.000000,0.000000,0.000000,0.000000,0.000000,119.810454,114.835436,-3.394926,165.991710,-6.704995,7.419100,1.503869,10.112449,nan,nan,nan,0,nan,nan,nan,0,nan,nan,nan,nan,nan,nan,nan,nan,nan,nan,nan,nan,nan,nan,nan,nan,nan,nan,nan,nan,nan,nan,nan,nan,nan,nan,nan,nan,nan,nan,nan,nan,nan,nan,nan,nan,nan,nan,nan,nan,nan,nan,nan,nan,nan,nan,nan,nan,nan,nan,nan,nan,nan,nan,nan,nan,nan,nan,nan,nan,nan,nan,nan,nan,nan,nan,nan,nan,nan,nan,nan,nan,nan,nan,nan,nan,nan,nan,nan,nan
4.640,APPROACH,166.002436,119.472855,115.204254,-3.320492,-6.751988,7.376358,1.488676,-50.811183,-66.811183,13.070492,0.000000,0.000000,-0.288676,0.000000,0.000000,0.000000,68.661671,48.393070,9.750000,-6.751988,7.376358,1.200000,0.000000,0.000000,132.469591,-50.811183,-66.811183,12.796250,0.000000,0.000000,0.000000,0.000000,0.000000,0.000000,119.472855,115.204254,-3.320492,166.002436,-6.751988,7.376358,1.488676,10.110201,nan,nan,nan,0,nan,nan,nan,0,nan,nan,nan,nan,nan,nan,nan,nan,nan,nan,nan,nan,nan,nan,nan,nan,nan,nan,nan,nan,nan,nan,nan,nan,nan,nan,nan,nan,nan,nan,nan,nan,nan,nan,nan,nan,nan,nan,nan,nan,nan,nan,nan,nan,nan,nan,nan,nan,nan,nan,nan,nan,nan,nan,nan,nan,nan,nan,nan,nan,nan,nan,nan,nan,nan,nan,nan,nan,nan,nan,nan,nan,nan,nan,nan,nan,nan,nan,nan,nan
4.680,APPROACH,166.011542,119.132920,115.570921,-3.246780,-6.798685,7.333340,1.474242,-50.811183,-66.811183,13.056780,0.000000,0.000000,-0.274242,0.000000,0.000000,0.000000,68.321737,48.759737,9.810000,-6.798685,7.333340,1.200000,0.000000,0.000000,132.833369,-50.811183,-66.811183,12.796250,0.000000,0.000000,0.000000,0.000000,0.000000,0.000000,119.132920,115.570921,-3.246780,166.011542,-6.798685,7.333340,1.474242,10.108085,nan,nan,nan,0,nan,nan,nan,0,nan,nan,nan,nan,nan,nan,nan,nan,nan,nan,nan,nan,nan,nan,nan,nan,nan,nan,nan,nan,nan,nan,nan,nan,nan,nan,nan,nan,nan,nan,nan,nan,nan,nan,nan,nan,nan,nan,nan,nan,nan,nan,nan,nan,nan,nan,nan,nan,nan,nan,nan,nan,nan,nan,nan,nan,nan,nan,nan,nan,nan,nan,nan,nan,nan,nan,nan,nan,nan,nan,nan,nan,nan,nan,nan,nan,nan,nan,nan,nan
4.740,APPROACH,166.019027,118.790666,115.935423,-3.173753,-6.845086,7.290048,1.460530,-50.811183,-66.811183,13.043753,0.000000,0.000000,-0.260530,0.000000,0.000000,0.000000,67.979483,49.124240,9.870000,-6.845086,7.290048,1.200000,0.000000,0.000000,133.196971,-50.811183,-66.811183,12.796250,0.000000,0.000000,0.000000,0.000000,0.000000,0.000000,118.790666,115.935423,-3.173753,166.019027,-6.845086,7.290048,1.460530,10.106095,nan,nan,nan,0,nan,nan,nan,0,nan,nan,nan,nan,nan,nan,nan,nan,nan,nan,nan,nan,nan,nan,nan,nan,nan,nan,nan,nan,nan,nan,nan,nan,nan,nan,nan,nan,nan,nan,nan,nan,nan,nan,nan,nan,nan,nan,nan,nan,nan,nan,nan,nan,nan,nan,nan,nan,nan,nan,nan,nan,nan,nan,nan,nan,nan,nan,nan,nan,nan,nan,nan,nan,nan,nan,nan,nan,nan,nan,nan,nan,nan,nan,nan,nan,nan,nan,nan,nan
4.780,APPROACH,166.024892,118.446107,116.297747,-3.101378,-6.891189,7.246483,1.447503,-50.811183,-66.811183,13.031378,0.000000,0.000000,-0.247503,0.000000,0.000000,0.000000,67.634923,49.486564,9.930000,-6.891189,7.246483,1.200000,0.000000,0.000000,133.560400,-50.811183,-66.811183,12.796250,0.000000,0.000000,0.000000,0.000000,0.000000,0.000000,118.446107,116.297747,-3.101378,166.024892,-6.891189,7.246483,1.447503,10.104220,nan,nan,nan,0,nan,nan,nan,0,nan,nan,nan,nan,nan,nan,nan,nan,nan,nan,nan,nan,nan,nan,nan,nan,nan,nan,nan,nan,nan,nan,nan,nan,nan,nan,nan,nan,nan,nan,nan,nan,nan,nan,nan,nan,nan,nan,nan,nan,nan,nan,nan,nan,nan,nan,nan,nan,nan,nan,nan,nan,nan,nan,nan,nan,nan,nan,nan,nan,nan,nan,nan,nan,nan,nan,nan,nan,nan,nan,nan,nan,nan,nan,nan,nan,nan,nan,nan,nan
4.840,APPROACH,166.029136,118.099257,116.657880,-3.029622,-6.936993,7.202647,1.435128,-50.811183,-66.811183,13.019622,0.000000,0.000000,-0.235128,0.000000,0.000000,0.000000,67.288074,49.846696,9.990000,-6.936993,7.202647,1.200000,0.000000,0.000000,133.923662,-50.811183,-66.811183,12.796250,0.000000,0.000000,0.000000,0.000000,0.000000,0.000000,118.099257,116.657880,-3.029622,166.029136,-6.936993,7.202647,1.435128,10.102455,nan,nan,nan,0,nan,nan,nan,0,nan,nan,nan,nan,nan,nan,nan,nan,nan,nan,nan,nan,nan,nan,nan,nan,nan,nan,nan,nan,nan,nan,nan,nan,nan,nan,nan,nan,nan,nan,nan,nan,nan,nan,nan,nan,nan,nan,nan,nan,nan,nan,nan,nan,nan,nan,nan,nan,nan,nan,nan,nan,nan,nan,nan,nan,nan,nan,nan,nan,nan,nan,nan,nan,nan,nan,nan,nan,nan,nan,nan,nan,nan,nan,nan,nan,nan,nan,nan,nan
4.881,APPROACH,166.031759,117.750132,117.015807,-2.958453,-6.982499,7.158541,1.423372,-50.811183,-66.811183,13.008453,0.000000,0.000000,-0.223372,0.000000,0.000000,0.000000,66.938949,50.204623,10.050000,-6.982499,7.158541,1.200000,0.000000,0.000000,134.286762,-50.811183,-66.811183,12.796250,0.000000,0.000000,0.000000,0.000000,0.000000,0.000000,117.750132,117.015807,-2.958453,166.031759,-6.982499,7.158541,1.423372,10.100791,nan,nan,nan,0,nan,nan,nan,0,nan,nan,nan,nan,nan,nan,nan,nan,nan,nan,nan,nan,nan,nan,nan,nan,nan,nan,nan,nan,nan,nan,nan,nan,nan,nan,nan,nan,nan,nan,nan,nan,nan,nan,nan,nan,nan,nan,nan,nan,nan,nan,nan,nan,nan,nan,nan,nan,nan,nan,nan,nan,nan,nan,nan,nan,nan,nan,nan,nan,nan,nan,nan,nan,nan,nan,nan,nan,nan,nan,nan,nan,nan,nan,nan,nan,nan,nan,nan,nan
4.940,APPROACH,166.032761,117.398747,117.371515,-2.887843,-7.027705,7.114166,1.412203,-50.811183,-66.811183,12.997843,0.000000,0.000000,-0.212203,0.000000,0.000000,0.000000,66.587564,50.560332,10.110000,-7.027705,7.114166,1.200000,0.000000,0.000000,134.649706,-50.811183,-66.811183,12.796250,0.000000,0.000000,0.000000,0.000000,0.000000,0.000000,117.398747,117.371515,-2.887843,166.032761,-7.027705,7.114166,1.412203,10.099224,nan,nan,nan,0,nan,nan,nan,0,nan,nan,nan,nan,nan,nan,nan,nan,nan,nan,nan,nan,nan,nan,nan,nan,nan,nan,nan,nan,nan,nan,nan,nan,nan,nan,nan,nan,nan,nan,nan,nan,nan,nan,nan,nan,nan,nan,nan,nan,nan,nan,nan,nan,nan,nan,nan,nan,nan,nan,nan,nan,nan,nan,nan,nan,nan,nan,nan,nan,nan,nan,nan,nan,nan,nan,nan,nan,nan,nan,nan,nan,nan,nan,nan,nan,nan,nan,nan,nan
4.980,APPROACH,166.032143,117.045116,117.724991,-2.817763,-7.072610,7.069525,1.401593,-50.811183,-66.811183,12.987763,0.000000,0.000000,-0.201593,0.000000,0.000000,0.000000,66.233933,50.913808,10.170000,-7.072610,7.069525,1.200000,0.000000,0.000000,135.012496,-50.811183,-66.811183,12.796250,0.000000,0.000000,0.000000,0.000000,0.000000,0.000000,117.045116,117.724991,-2.817763,166.032143,-7.072610,7.069525,1.401593,10.097745,nan,nan,nan,0,nan,nan,nan,0,nan,nan,nan,nan,nan,nan,nan,nan,nan,nan,nan,nan,nan,nan,nan,nan,nan,nan,nan,nan,nan,nan,nan,nan,nan,nan,nan,nan,nan,nan,nan,nan,nan,nan,nan,nan,nan,nan,nan,nan,nan,nan,nan,nan,nan,nan,nan,nan,nan,nan,nan,nan,nan,nan,nan,nan,nan,nan,nan,nan,nan,nan,nan,nan,nan,nan,nan,nan,nan,nan,nan,nan,nan,nan,nan,nan,nan,nan,nan,nan
5.040,APPROACH,166.029904,116.689256,118.076222,-2.748188,-7.117213,7.024619,1.391513,-50.811183,-66.811183,12.978188,0.000000,0.000000,-0.191513,0.000000,0.000000,0.000000,65.878072,51.265039,10.230000,-7.117213,7.024619,1.200000,0.000000,0.000000,135.375140,-50.811183,-66.811183,12.796250,0.000000,0.000000,0.000000,0.000000,0.000000,0.000000,116.689256,118.076222,-2.748188,166.029904,-7.117213,7.024619,1.391513,10.096351,nan,nan,nan,0,nan,nan,nan,0,nan,nan,nan,nan,nan,nan,nan,nan,nan,nan,nan,nan,nan,nan,nan,nan,nan,nan,nan,nan,nan,nan,nan,nan,nan,nan,nan,nan,nan,nan,nan,nan,nan,nan,nan,nan,nan,nan,nan,nan,nan,nan,nan,nan,nan,nan,nan,nan,nan,nan,nan,nan,nan,nan,nan,nan,nan,nan,nan,nan,nan,nan,nan,nan,nan,nan,nan,nan,nan,nan,nan,nan,nan,nan,nan,nan,nan,nan,nan,nan
5.080,APPROACH,166.026045,116.331180,118.425195,-2.679091,-7.161514,6.979450,1.381938,-50.811183,-66.811183,12.969091,0.000000,0.000000,-0.181938,0.000000,0.000000,0.000000,65.519997,51.614011,10.290000,-7.161514,6.979450,1.200000,0.000000,0.000000,135.737639,-50.811183,-66.811183,12.796250,0.000000,0.000000,0.000000,0.000000,0.000000,0.000000,116.331180,118.425195,-2.679091,166.026045,-7.161514,6.979450,1.381938,10.095036,nan,nan,nan,0,nan,nan,nan,0,nan,nan,nan,nan,nan,nan,nan,nan,nan,nan,nan,nan,nan,nan,nan,nan,nan,nan,nan,nan,nan,nan,nan,nan,nan,nan,nan,nan,nan,nan,nan,nan,nan,nan,nan,nan,nan,nan,nan,nan,nan,nan,nan,nan,nan,nan,nan,nan,nan,nan,nan,nan,nan,nan,nan,nan,nan,nan,nan,nan,nan,nan,nan,nan,nan,nan,nan,nan,nan,nan,nan,nan,nan,nan,nan,nan,nan,nan,nan,nan
5.140,APPROACH,166.020566,115.970904,118.771896,-2.610449,-7.205511,6.934018,1.372841,-50.811183,-66.811183,12.960449,0.000000,0.000000,-0.172841,0.000000,0.000000,0.000000,65.159721,51.960712,10.350000,-7.205511,6.934018,1.200000,0.000000,0.000000,136.100000,-50.811183,-66.811183,12.796250,0.000000,0.000000,0.000000,0.000000,0.000000,0.000000,115.970904,118.771896,-2.610449,166.020566,-7.205511,6.934018,1.372841,10.093795,nan,nan,nan,0,nan,nan,nan,0,nan,nan,nan,nan,nan,nan,nan,nan,nan,nan,nan,nan,nan,nan,nan,nan,nan,nan,nan,nan,nan,nan,nan,nan,nan,nan,nan,nan,nan,nan,nan,nan,nan,nan,nan,nan,nan,nan,nan,nan,nan,nan,nan,nan,nan,nan,nan,nan,nan,nan,nan,nan,nan,nan,nan,nan,nan,nan,nan,nan,nan,nan,nan,nan,nan,nan,nan,nan,nan,nan,nan,nan,nan,nan,nan,nan,nan,nan,nan,nan
5.180,APPROACH,166.013467,115.608444,119.116312,-2.542239,-7.249204,6.888327,1.364199,-50.811183,-66.811183,12.952239,0.000000,0.000000,-0.164199,0.000000,0.000000,0.000000,64.797261,52.305129,10.410000,-7.249204,6.888327,1.200000,0.000000,0.000000,136.462226,-50.811183,-66.811183,12.796250,0.000000,0.000000,0.000000,0.000000,0.000000,0.000000,115.608444,119.116312,-2.542239,166.013467,-7.249204,6.888327,1.364199,10.092623,nan,nan,nan,0,nan,nan,nan,0,nan,nan,nan,nan,nan,nan,nan,nan,nan,nan,nan,nan,nan,nan,nan,nan,nan,nan,nan,nan,nan,nan,nan,nan,nan,nan,nan,nan,nan,nan,nan,nan,nan,nan,nan,nan,nan,nan,nan,nan,nan,nan,nan,nan,nan,nan,nan,nan,nan,nan,nan,nan,nan,nan,nan,nan,nan,nan,nan,nan,nan,nan,nan,nan,nan,nan,nan,nan,nan,nan,nan,nan,nan,nan,nan,nan,nan,nan,nan,nan
5.240,APPROACH,166.004748,115.243815,119.458431,-2.474439,-7.292591,6.842376,1.355989,-50.811183,-66.811183,12.944439,0.000000,0.000000,-0.155989,0.000000,0.000000,0.000000,64.432631,52.647247,10.470000,-7.292591,6.842376,1.200000,0.000000,0.000000,136.824321,-50.811183,-66.811183,12.796250,0.000000,0.000000,0.000000,0.000000,0.000000,0.000000,115.243815,119.458431,-2.474439,166.004748,-7.292591,6.842376,1.355989,10.091517,nan,nan,nan,0,nan,nan,nan,0,nan,nan,nan,nan,nan,nan,nan,nan,nan,nan,nan,nan,nan,nan,nan,nan,nan,nan,nan,nan,nan,nan,nan,nan,nan,nan,nan,nan,nan,nan,nan,nan,nan,nan,nan,nan,nan,nan,nan,nan,nan,nan,nan,nan,nan,nan,nan,nan,nan,nan,nan,nan,nan,nan,nan,nan,nan,nan,nan,nan,nan,nan,nan,nan,nan,nan,nan,nan,nan,nan,nan,nan,nan,nan,nan,nan,nan,nan,nan,nan
5.280,APPROACH,165.994410,114.877031,119.798239,-2.407030,-7.335672,6.796169,1.348189,-50.811183,-66.811183,12.937030,0.000000,0.000000,-0.148189,0.000000,0.000000,0.000000,64.065848,52.987056,10.530000,-7.335672,6.796169,1.200000,0.000000,0.000000,137.186289,-50.811183,-66.811183,12.796250,0.000000,0.000000,0.000000,0.000000,0.000000,0.000000,114.877031,119.798239,-2.407030,165.994410,-7.335672,6.796169,1.348189,10.090471,nan,nan,nan,0,nan,nan,nan,0,nan,nan,nan,nan,nan,nan,nan,nan,nan,nan,nan,nan,nan,nan,nan,nan,nan,nan,nan,nan,nan,nan,nan,nan,nan,nan,nan,nan,nan,nan,nan,nan,nan,nan,nan,nan,nan,nan,nan,nan,nan,nan,nan,nan,nan,nan,nan,nan,nan,nan,nan,nan,nan,nan,nan,nan,nan,nan,nan,nan,nan,nan,nan,nan,nan,nan,nan,nan,nan,nan,nan,nan,nan,nan,nan,nan,nan,nan,nan,nan
5.340,APPROACH,165.982453,114.508109,120.135724,-2.339991,-7.378446,6.749706,1.340780,-50.811183,-66.811183,12.929991,0.000000,0.000000,-0.140780,0.000000,0.000000,0.000000,63.696925,53.324541,10.590000,-7.378446,6.749706,1.200000,0.000000,0.000000,137.548134,-50.811183,-66.811183,12.796250,0.000000,0.000000,0.000000,0.000000,0.000000,0.000000,114.508109,120.135724,-2.339991,165.982453,-7.378446,6.749706,1.340780,10.089484,nan,nan,nan,0,nan,nan,nan,0,nan,nan,nan,nan,nan,nan,nan,nan,nan,nan,nan,nan,nan,nan,nan,nan,nan,nan,nan,nan,nan,nan,nan,nan,nan,nan,nan,nan,nan,nan,nan,nan,nan,nan,nan,nan,nan,nan,nan,nan,nan,nan,nan,nan,nan,nan,nan,nan,nan,nan,nan,nan,nan,nan,nan,nan,nan,nan,nan,nan,nan,nan,nan,nan,nan,nan,nan,nan,nan,nan,nan,nan,nan,nan,nan,nan,nan,nan,nan,nan
5.380,APPROACH,165.968878,114.137063,120.470874,-2.273304,-7.420912,6.702989,1.333741,-50.811183,-66.811183,12.923304,0.000000,0.000000,-0.133741,0.000000,0.000000,0.000000,63.325880,53.659691,10.650000,-7.420912,6.702989,1.200000,0.000000,0.000000,137.909859,-50.811183,-66.811183,12.796250,0.000000,0.000000,0.000000,0.000000,0.000000,0.000000,114.137063,120.470874,-2.273304,165.968878,-7.420912,6.702989,1.333741,10.088551,nan,nan,nan,0,nan,nan,nan,0,nan,nan,nan,nan,nan,nan,nan,nan,nan,nan,nan,nan,nan,nan,nan,nan,nan,nan,nan,nan,nan,nan,nan,nan,nan,nan,nan,nan,nan,nan,nan,nan,nan,nan,nan,nan,nan,nan,nan,nan,nan,nan,nan,nan,nan,nan,nan,nan,nan,nan,nan,nan,nan,nan,nan,nan,nan,nan,nan,nan,nan,nan,nan,nan,nan,nan,nan,nan,nan,nan,nan,nan,nan,nan,nan,nan,nan,nan,nan,nan
5.440,APPROACH,165.953685,113.763910,120.803675,-2.206951,-7.463068,6.656021,1.327054,-50.811183,-66.811183,12.916951,0.000000,0.000000,-0.127054,0.000000,0.000000,0.000000,62.952726,53.992492,10.710000,-7.463068,6.656021,1.200000,0.000000,0.000000,138.271469,-50.811183,-66.811183,12.796250,0.000000,0.000000,0.000000,0.000000,0.000000,0.000000,113.763910,120.803675,-2.206951,165.953685,-7.463068,6.656021,1.327054,10.087669,nan,nan,nan,0,nan,nan,nan,0,nan,nan,nan,nan,nan,nan,nan,nan,nan,nan,nan,nan,nan,nan,nan,nan,nan,nan,nan,nan,nan,nan,nan,nan,nan,nan,nan,nan,nan,nan,nan,nan,nan,nan,nan,nan,nan,nan,nan,nan,nan,nan,nan,nan,nan,nan,nan,nan,nan,nan,nan,nan,nan,nan,nan,nan,nan,nan,nan,nan,nan,nan,nan,nan,nan,nan,nan,nan,nan,nan,nan,nan,nan,nan,nan,nan,nan,nan,nan,nan
5.480,APPROACH,165.936875,113.388664,121.134115,-2.140916,-7.504914,6.608802,1.320701,-50.811183,-66.811183,12.910916,0.000000,0.000000,-0.120701,0.000000,0.000000,0.000000,62.577481,54.322932,10.770000,-7.504914,6.608802,1.200000,0.000000,0.000000,138.632966,-50.811183,-66.811183,12.796250,0.000000,0.000000,0.000000,0.000000,0.000000,0.000000,113.388664,121.134115,-2.140916,165.936875,-7.504914,6.608802,1.320701,10.086836,nan,nan,nan,0,nan,nan,nan,0,nan,nan,nan,nan,nan,nan,nan,nan,nan,nan,nan,nan,nan,nan,nan,nan,nan,nan,nan,nan,nan,nan,nan,nan,nan,nan,nan,nan,nan,nan,nan,nan,nan,nan,nan,nan,nan,nan,nan,nan,nan,nan,nan,nan,nan,nan,nan,nan,nan,nan,nan,nan,nan,nan,nan,nan,nan,nan,nan,nan,nan,nan,nan,nan,nan,nan,nan,nan,nan,nan,nan,nan,nan,nan,nan,nan,nan,nan,nan,nan
5.540,APPROACH,165.918448,113.011341,121.462182,-2.075183,-7.546449,6.561334,1.314666,-50.811183,-66.811183,12.905183,0.000000,0.000000,-0.114666,0.000000,0.000000,0.000000,62.200158,54.650998,10.830000,-7.546449,6.561334,1.200000,0.000000,0.000000,138.994354,-50.811183,-66.811183,12.796250,0.000000,0.000000,0.000000,0.000000,0.000000,0.000000,113.011341,121.462182,-2.075183,165.918448,-7.546449,6.561334,1.314666,10.086047,nan,nan,nan,0,nan,nan,nan,0,nan,nan,nan,nan,nan,nan,nan,nan,nan,nan,nan,nan,nan,nan,nan,nan,nan,nan,nan,nan,nan,nan,nan,nan,nan,nan,nan,nan,nan,nan,nan,nan,nan,nan,nan,nan,nan,nan,nan,nan,nan,nan,nan,nan,nan,nan,nan,nan,nan,nan,nan,nan,nan,nan,nan,nan,nan,nan,nan,nan,nan,nan,nan,nan,nan,nan,nan,nan,nan,nan,nan,nan,nan,nan,nan,nan,nan,nan,nan,nan
5.580,APPROACH,165.898404,112.631958,121.787863,-2.009736,-7.587672,6.513619,1.308933,-50.811183,-66.811183,12.899736,0.000000,0.000000,-0.108933,0.000000,0.000000,0.000000,61.820775,54.976679,10.890000,-7.587672,6.513619,1.200000,0.000000,0.000000,139.355637,-50.811183,-66.811183,12.796250,0.000000,0.000000,0.000000,0.000000,0.000000,0.000000,112.631958,121.787863,-2.009736,165.898404,-7.587672,6.513619,1.308933,10.085301,nan,nan,nan,0,nan,nan,nan,0,nan,nan,nan,nan,nan,nan,nan,nan,nan,nan,nan,nan,nan,nan,nan,nan,nan,nan,nan,nan,nan,nan,nan,nan,nan,nan,nan,nan,nan,nan,nan,nan,nan,nan,nan,nan,nan,nan,nan,nan,nan,nan,nan,nan,nan,nan,nan,nan,nan,nan,nan,nan,nan,nan,nan,nan,nan,nan,nan,nan,nan,nan,nan,nan,nan,nan,nan,nan,nan,nan,nan,nan,nan,nan,nan,nan,nan,nan,nan,nan
5.640,APPROACH,165.876745,112.250529,122.111146,-1.944562,-7.628581,6.465659,1.303486,-50.811183,-66.811183,12.894562,0.000000,0.000000,-0.103486,0.000000,0.000000,0.000000,61.439346,55.299962,10.950000,-7.628581,6.465659,1.200000,0.000000,0.000000,139.716817,-50.811183,-66.811183,12.796250,0.000000,0.000000,0.000000,0.000000,0.000000,0.000000,112.250529,122.111146,-1.944562,165.876745,-7.628581,6.465659,1.303486,10.084596,nan,nan,nan,0,nan,nan,nan,0,nan,nan,nan,nan,nan,nan,nan,nan,nan,nan,nan,nan,nan,nan,nan,nan,nan,nan,nan,nan,nan,nan,nan,nan,nan,nan,nan,nan,nan,nan,nan,nan,nan,nan,nan,nan,nan,nan,nan,nan,nan,nan,nan,nan,nan,nan,nan,nan,nan,nan,nan,nan,nan,nan,nan,nan,nan,nan,nan,nan,nan,nan,nan,nan,nan,nan,nan,nan,nan,nan,nan,nan,nan,nan,nan,nan,nan,nan,nan,nan
5.680,APPROACH,165.853470,111.867070,122.432018,-1.879646,-7.669177,6.417455,1.298312,-50.811183,-66.811183,12.889646,0.000000,0.000000,-0.098312,0.000000,0.000000,0.000000,61.055887,55.620835,11.010000,-7.669177,6.417455,1.200000,0.000000,0.000000,140.077898,-50.811183,-66.811183,12.796250,0.000000,0.000000,0.000000,0.000000,0.000000,0.000000,111.867070,122.432018,-1.879646,165.853470,-7.669177,6.417455,1.298312,10.083928,nan,nan,nan,0,nan,nan,nan,0,nan,nan,nan,nan,nan,nan,nan,nan,nan,nan,nan,nan,nan,nan,nan,nan,nan,nan,nan,nan,nan,nan,nan,nan,nan,nan,nan,nan,nan,nan,nan,nan,nan,nan,nan,nan,nan,nan,nan,nan,nan,nan,nan,nan,nan,nan,nan,nan,nan,nan,nan,nan,nan,nan,nan,nan,nan,nan,nan,nan,nan,nan,nan,nan,nan,nan,nan,nan,nan,nan,nan,nan,nan,nan,nan,nan,nan,nan,nan,nan
5.740,APPROACH,165.828581,111.481597,122.750469,-1.814976,-7.709456,6.369010,1.293396,-50.811183,-66.811183,12.884976,0.000000,0.000000,-0.093396,0.000000,0.000000,0.000000,60.670414,55.939286,11.070000,-7.709456,6.369010,1.200000,0.000000,0.000000,140.438882,-50.811183,-66.811183,12.796250,0.000000,0.000000,0.000000,0.000000,0.000000,0.000000,111.481597,122.750469,-1.814976,165.828581,-7.709456,6.369010,1.293396,10.083297,nan,nan,nan,0,nan,nan,nan,0,nan,nan,nan,nan,nan,nan,nan,nan,nan,nan,nan,nan,nan,nan,nan,nan,nan,nan,nan,nan,nan,nan,nan,nan,nan,nan,nan,nan,nan,nan,nan,nan,nan,nan,nan,nan,nan,nan,nan,nan,nan,nan,nan,nan,nan,nan,nan,nan,nan,nan,nan,nan,nan,nan,nan,nan,nan,nan,nan,nan,nan,nan,nan,nan,nan,nan,nan,nan,nan,nan,nan,nan,nan,nan,nan,nan,nan,nan,nan,nan
5.780,APPROACH,165.802078,111.094126,123.066485,-1.750540,-7.749420,6.320324,1.288726,-50.811183,-66.811183,12.880540,0.000000,0.000000,-0.088726,0.000000,0.000000,0.000000,60.282943,56.255302,11.130000,-7.749420,6.320324,1.200000,0.000000,0.000000,140.799773,-50.811183,-66.811183,12.796250,0.000000,0.000000,0.000000,0.000000,0.000000,0.000000,111.094126,123.066485,-1.750540,165.802078,-7.749420,6.320324,1.288726,10.082699,nan,nan,nan,0,nan,nan,nan,0,nan,nan,nan,nan,nan,nan,nan,nan,nan,nan,nan,nan,nan,nan,nan,nan,nan,nan,nan,nan,nan,nan,nan,nan,nan,nan,nan,nan,nan,nan,nan,nan,nan,nan,nan,nan,nan,nan,nan,nan,nan,nan,nan,nan,nan,nan,nan,nan,nan,nan,nan,nan,nan,nan,nan,nan,nan,nan,nan,nan,nan,nan,nan,nan,nan,nan,nan,nan,nan,nan,nan,nan,nan,nan,nan,nan,nan,nan,nan,nan
5.840,APPROACH,165.773961,110.704673,123.380055,-1.686326,-7.789066,6.271400,1.284290,-50.811183,-66.811183,12.876326,0.000000,0.000000,-0.084290,0.000000,0.000000,0.000000,59.893490,56.568872,11.190000,-7.789066,6.271400,1.200000,0.000000,0.000000,141.160572,-50.811183,-66.811183,12.796250,0.000000,0.000000,0.000000,0.000000,0.000000,0.000000,110.704673,123.380055,-1.686326,165.773961,-7.789066,6.271400,1.284290,10.082133,nan,nan,nan,0,nan,nan,nan,0,nan,nan,nan,nan,nan,nan,nan,nan,nan,nan,nan,nan,nan,nan,nan,nan,nan,nan,nan,nan,nan,nan,nan,nan,nan,nan,nan,nan,nan,nan,nan,nan,nan,nan,nan,nan,nan,nan,nan,nan,nan,nan,nan,nan,nan,nan,nan,nan,nan,nan,nan,nan,nan,nan,nan,nan,nan,nan,nan,nan,nan,nan,nan,nan,nan,nan,nan,nan,nan,nan,nan,nan,nan,nan,nan,nan,nan,nan,nan,nan
5.880,APPROACH,165.744232,110.313253,123.691167,-1.622322,-7.828394,6.222239,1.280076,-50.811183,-66.811183,12.872322,0.000000,0.000000,-0.080076,0.000000,0.000000,0.000000,59.502070,56.879984,11.250000,-7.828394,6.222239,1.200000,0.000000,0.000000,141.521284,-50.811183,-66.811183,12.796250,0.000000,0.000000,0.000000,0.000000,0.000000,0.000000,110.313253,123.691167,-1.622322,165.744232,-7.828394,6.222239,1.280076,10.081597,nan,nan,nan,0,nan,nan,nan,0,nan,nan,nan,nan,nan,nan,nan,nan,nan,nan,nan,nan,nan,nan,nan,nan,nan,nan,nan,nan,nan,nan,nan,nan,nan,nan,nan,nan,nan,nan,nan,nan,nan,nan,nan,nan,nan,nan,nan,nan,nan,nan,nan,nan,nan,nan,nan,nan,nan,nan,nan,nan,nan,nan,nan,nan,nan,nan,nan,nan,nan,nan,nan,nan,nan,nan,nan,nan,nan,nan,nan,nan,nan,nan,nan,nan,nan,nan,nan,nan
5.940,APPROACH,165.712891,109.919883,123.999809,-1.558518,-7.867402,6.172843,1.276072,-50.811183,-66.811183,12.868518,0.000000,0.000000,-0.076072,0.000000,0.000000,0.000000,59.108700,57.188626,11.310000,-7.867402,6.172843,1.200000,0.000000,0.000000,141.881911,-50.811183,-66.811183,12.796250,0.000000,0.000000,0.000000,0.000000,0.000000,0.000000,109.919883,123.999809,-1.558518,165.712891,-7.867402,6.172843,1.276072,10.081089,nan,nan,nan,0,nan,nan,nan,0,nan,nan,nan,nan,nan,nan,nan,nan,nan,nan,nan,nan,nan,nan,nan,nan,nan,nan,nan,nan,nan,nan,nan,nan,nan,nan,nan,nan,nan,nan,nan,nan,nan,nan,nan,nan,nan,nan,nan,nan,nan,nan,nan,nan,nan,nan,nan,nan,nan,nan,nan,nan,nan,nan,nan,nan,nan,nan,nan,nan,nan,nan,nan,nan,nan,nan,nan,nan,nan,nan,nan,nan,nan,nan,nan,nan,nan,nan,nan,nan
5.980,APPROACH,165.679939,109.524579,124.305970,-1.494905,-7.906089,6.123214,1.272268,-50.811183,-66.811183,12.864905,0.000000,0.000000,-0.072268,0.000000,0.000000,0.000000,58.713395,57.494787,11.370000,-7.906089,6.123214,1.200000,0.000000,0.000000,142.242454,-50.811183,-66.811183,12.796250,0.000000,0.000000,0.000000,0.000000,0.000000,0.000000,109.524579,124.305970,-1.494905,165.679939,-7.906089,6.123214,1.272268,10.080608,nan,nan,nan,0,nan,nan,nan,0,nan,nan,nan,nan,nan,nan,nan,nan,nan,nan,nan,nan,nan,nan,nan,nan,nan,nan,nan,nan,nan,nan,nan,nan,nan,nan,nan,nan,nan,nan,nan,nan,nan,nan,nan,nan,nan,nan,nan,nan,nan,nan,nan,nan,nan,nan,nan,nan,nan,nan,nan,nan,nan,nan,nan,nan,nan,nan,nan,nan,nan,nan,nan,nan,nan,nan,nan,nan,nan,nan,nan,nan,nan,nan,nan,nan,nan,nan,nan,nan
6.040,APPROACH,165.645376,109.127356,124.609637,-1.431472,-7.944455,6.073354,1.268655,-50.811183,-66.811183,12.861472,0.000000,0.000000,-0.068655,0.000000,0.000000,0.000000,58.316173,57.798454,11.430000,-7.944455,6.073354,1.200000,0.000000,0.000000,142.602917,-50.811183,-66.811183,12.796250,0.000000,0.000000,0.000000,0.000000,0.000000,0.000000,109.127356,124.609637,-1.431472,165.645376,-7.944455,6.073354,1.268655,10.080153,nan,nan,nan,0,nan,nan,nan,0,nan,nan,nan,nan,nan,nan,nan,nan,nan,nan,nan,nan,nan,nan,nan,nan,nan,nan,nan,nan,nan,nan,nan,nan,nan,nan,nan,nan,nan,nan,nan,nan,nan,nan,nan,nan,nan,nan,nan,nan,nan,nan,nan,nan,nan,nan,nan,nan,nan,nan,nan,nan,nan,nan,nan,nan,nan,nan,nan,nan,nan,nan,nan,nan,nan,nan,nan,nan,nan,nan,nan,nan,nan,nan,nan,nan,nan,nan,nan,nan
6.080,APPROACH,165.609204,108.728231,124.910801,-1.368211,-7.982499,6.023264,1.265222,-50.811183,-66.811183,12.858211,0.000000,0.000000,-0.065222,0.000000,0.000000,0.000000,57.917048,58.099617,11.490000,-7.982499,6.023264,1.200000,0.000000,0.000000,142.963302,-50.811183,-66.811183,12.796250,0.000000,0.000000,0.000000,0.000000,0.000000,0.000000,108.728231,124.910801,-1.368211,165.609204,-7.982499,6.023264,1.265222,10.079722,nan,nan,nan,0,nan,nan,nan,0,nan,nan,nan,nan,nan,nan,nan,nan,nan,nan,nan,nan,nan,nan,nan,nan,nan,nan,nan,nan,nan,nan,nan,nan,nan,nan,nan,nan,nan,nan,nan,nan,nan,nan,nan,nan,nan,nan,nan,nan,nan,nan,nan,nan,nan,nan,nan,nan,nan,nan,nan,nan,nan,nan,nan,nan,nan,nan,nan,nan,nan,nan,nan,nan,nan,nan,nan,nan,nan,nan,nan,nan,nan,nan,nan,nan,nan,nan,nan,nan
6.140,APPROACH,165.571422,108.327220,125.209448,-1.305113,-8.020219,5.972947,1.261961,-50.811183,-66.811183,12.855113,0.000000,0.000000,-0.061961,0.000000,0.000000,0.000000,57.516037,58.398265,11.550000,-8.020219,5.972947,1.200000,0.000000,0.000000,143.323612,-50.811183,-66.811183,12.796250,0.000000,0.000000,0.000000,0.000000,0.000000,0.000000,108.327220,125.209448,-1.305113,165.571422,-8.020219,5.972947,1.261961,10.079313,nan,nan,nan,0,nan,nan,nan,0,nan,nan,nan,nan,nan,nan,nan,nan,nan,nan,nan,nan,nan,nan,nan,nan,nan,nan,nan,nan,nan,nan,nan,nan,nan,nan,nan,nan,nan,nan,nan,nan,nan,nan,nan,nan,nan,nan,nan,nan,nan,nan,nan,nan,nan,nan,nan,nan,nan,nan,nan,nan,nan,nan,nan,nan,nan,nan,nan,nan,nan,nan,nan,nan,nan,nan,nan,nan,nan,nan,nan,nan,nan,nan,nan,nan,nan,nan,nan,nan
6.180,APPROACH,165.532032,107.924339,125.505568,-1.242170,-8.057614,5.922403,1.258863,-50.811183,-66.811183,12.852170,0.000000,0.000000,-0.058863,0.000000,0.000000,0.000000,57.113156,58.694385,11.610000,-8.057614,5.922403,1.200000,0.000000,0.000000,143.683848,-50.811183,-66.811183,12.796250,0.000000,0.000000,0.000000,0.000000,0.000000,0.000000,107.924339,125.505568,-1.242170,165.532032,-8.057614,5.922403,1.258863,10.078925,nan,nan,nan,0,nan,nan,nan,0,nan,nan,nan,nan,nan,nan,nan,nan,nan,nan,nan,nan,nan,nan,nan,nan,nan,nan,nan,nan,nan,nan,nan,nan,nan,nan,nan,nan,nan,nan,nan,nan,nan,nan,nan,nan,nan,nan,nan,nan,nan,nan,nan,nan,nan,nan,nan,nan,nan,nan,nan,nan,nan,nan,nan,nan,nan,nan,nan,nan,nan,nan,nan,nan,nan,nan,nan,nan,nan,nan,nan,nan,nan,nan,nan,nan,nan,nan,nan,nan
6.240,APPROACH,165.491035,107.519605,125.799150,-1.179374,-8.094683,5.871636,1.255920,-50.811183,-66.811183,12.849374,0.000000,0.000000,-0.055920,0.000000,0.000000,0.000000,56.708422,58.987967,11.670000,-8.094683,5.871636,1.200000,0.000000,0.000000,144.044014,-50.811183,-66.811183,12.796250,0.000000,0.000000,0.000000,0.000000,0.000000,0.000000,107.519605,125.799150,-1.179374,165.491035,-8.094683,5.871636,1.255920,10.078558,nan,nan,nan,0,nan,nan,nan,0,nan,nan,nan,nan,nan,nan,nan,nan,nan,nan,nan,nan,nan,nan,nan,nan,nan,nan,nan,nan,nan,nan,nan,nan,nan,nan,nan,nan,nan,nan,nan,nan,nan,nan,nan,nan,nan,nan,nan,nan,nan,nan,nan,nan,nan,nan,nan,nan,nan,nan,nan,nan,nan,nan,nan,nan,nan,nan,nan,nan,nan,nan,nan,nan,nan,nan,nan,nan,nan,nan,nan,nan,nan,nan,nan,nan,nan,nan,nan,nan
6.280,APPROACH,165.448431,107.113034,126.090182,-1.116718,-8.131425,5.820646,1.253124,-50.811183,-66.811183,12.846718,0.000000,0.000000,-0.053124,0.000000,0.000000,0.000000,56.301851,59.278999,11.730000,-8.131425,5.820646,1.200000,0.000000,0.000000,144.404110,-50.811183,-66.811183,12.796250,0.000000,0.000000,0.000000,0.000000,0.000000,0.000000,107.113034,126.090182,-1.116718,165.448431,-8.131425,5.820646,1.253124,10.078210,nan,nan,nan,0,nan,nan,nan,0,nan,nan,nan,nan,nan,nan,nan,nan,nan,nan,nan,nan,nan,nan,nan,nan,nan,nan,nan,nan,nan,nan,nan,nan,nan,nan,nan,nan,nan,nan,nan,nan,nan,nan,nan,nan,nan,nan,nan,nan,nan,nan,nan,nan,nan,nan,nan,nan,nan,nan,nan,nan,nan,nan,nan,nan,nan,nan,nan,nan,nan,nan,nan,nan,nan,nan,nan,nan,nan,nan,nan,nan,nan,nan,nan,nan,nan,nan,nan,nan
6.340,APPROACH,165.404220,106.704642,126.378654,-1.054194,-8.167840,5.769436,1.250468,-50.811183,-66.811183,12.844194,0.000000,0.000000,-0.050468,0.000000,0.000000,0.000000,55.893459,59.567471,11.790000,-8.167840,5.769436,1.200000,0.000000,0.000000,144.764139,-50.811183,-66.811183,12.796250,0.000000,0.000000,0.000000,0.000000,0.000000,0.000000,106.704642,126.378654,-1.054194,165.404220,-8.167840,5.769436,1.250468,10.077880,nan,nan,nan,0,nan,nan,nan,0,nan,nan,nan,nan,nan,nan,nan,nan,nan,nan,nan,nan,nan,nan,nan,nan,nan,nan,nan,nan,nan,nan,nan,nan,nan,nan,nan,nan,nan,nan,nan,nan,nan,nan,nan,nan,nan,nan,nan,nan,nan,nan,nan,nan,nan,nan,nan,nan,nan,nan,nan,nan,nan,nan,nan,nan,nan,nan,nan,nan,nan,nan,nan,nan,nan,nan,nan,nan,nan,nan,nan,nan,nan,nan,nan,nan,nan,nan,nan,nan
6.380,APPROACH,165.358405,106.294446,126.664555,-0.991797,-8.203925,5.718008,1.247944,-50.811183,-66.811183,12.841797,0.000000,0.000000,-0.047944,0.000000,0.000000,0.000000,55.483262,59.853371,11.850000,-8.203925,5.718008,1.200000,0.000000,0.000000,145.124103,-50.811183,-66.811183,12.796250,0.000000,0.000000,0.000000,0.000000,0.000000,0.000000,106.294446,126.664555,-0.991797,165.358405,-8.203925,5.718008,1.247944,10.077567,nan,nan,nan,0,nan,nan,nan,0,nan,nan,nan,nan,nan,nan,nan,nan,nan,nan,nan,nan,nan,nan,nan,nan,nan,nan,nan,nan,nan,nan,nan,nan,nan,nan,nan,nan,nan,nan,nan,nan,nan,nan,nan,nan,nan,nan,nan,nan,nan,nan,nan,nan,nan,nan,nan,nan,nan,nan,nan,nan,nan,nan,nan,nan,nan,nan,nan,nan,nan,nan,nan,nan,nan,nan,nan,nan,nan,nan,nan,nan,nan,nan,nan,nan,nan,nan,nan,nan
6.440,APPROACH,165.310986,105.882462,126.947873,-0.929520,-8.239680,5.666363,1.245547,-50.811183,-66.811183,12.839520,0.000000,0.000000,-0.045547,0.000000,0.000000,0.000000,55.071278,60.136690,11.910000,-8.239680,5.666363,1.200000,0.000000,0.000000,145.484005,-50.811183,-66.811183,12.796250,0.000000,0.000000,0.000000,0.000000,0.000000,0.000000,105.882462,126.947873,-0.929520,165.310986,-8.239680,5.666363,1.245547,10.077271,nan,nan,nan,0,nan,nan,nan,0,nan,nan,nan,nan,nan,nan,nan,nan,nan,nan,nan,nan,nan,nan,nan,nan,nan,nan,nan,nan,nan,nan,nan,nan,nan,nan,nan,nan,nan,nan,nan,nan,nan,nan,nan,nan,nan,nan,nan,nan,nan,nan,nan,nan,nan,nan,nan,nan,nan,nan,nan,nan,nan,nan,nan,nan,nan,nan,nan,nan,nan,nan,nan,nan,nan,nan,nan,nan,nan,nan,nan,nan,nan,nan,nan,nan,nan,nan,nan,nan
6.480,APPROACH,165.261963,105.468706,127.228598,-0.867356,-8.275105,5.614503,1.243270,-50.811183,-66.811183,12.837356,0.000000,0.000000,-0.043270,0.000000,0.000000,0.000000,54.657523,60.417415,11.970000,-8.275105,5.614503,1.200000,0.000000,0.000000,145.843845,-50.811183,-66.811183,12.796250,0.000000,0.000000,0.000000,0.000000,0.000000,0.000000,105.468706,127.228598,-0.867356,165.261963,-8.275105,5.614503,1.243270,10.076990,nan,nan,nan,0,nan,nan,nan,0,nan,nan,nan,nan,nan,nan,nan,nan,nan,nan,nan,nan,nan,nan,nan,nan,nan,nan,nan,nan,nan,nan,nan,nan,nan,nan,nan,nan,nan,nan,nan,nan,nan,nan,nan,nan,nan,nan,nan,nan,nan,nan,nan,nan,nan,nan,nan,nan,nan,nan,nan,nan,nan,nan,nan,nan,nan,nan,nan,nan,nan,nan,nan,nan,nan,nan,nan,nan,nan,nan,nan,nan,nan,nan,nan,nan,nan,nan,nan,nan
6.540,APPROACH,165.211338,105.053197,127.506719,-0.805301,-8.310197,5.562430,1.241106,-50.811183,-66.811183,12.835301,0.000000,0.000000,-0.041106,0.000000,0.000000,0.000000,54.242013,60.695536,12.030000,-8.310197,5.562430,1.200000,0.000000,0.000000,146.203626,-50.811183,-66.811183,12.796250,0.000000,0.000000,0.000000,0.000000,0.000000,0.000000,105.053197,127.506719,-0.805301,165.211338,-8.310197,5.562430,1.241106,10.076723,nan,nan,nan,0,nan,nan,nan,0,nan,nan,nan,nan,nan,nan,nan,nan,nan,nan,nan,nan,nan,nan,nan,nan,nan,nan,nan,nan,nan,nan,nan,nan,nan,nan,nan,nan,nan,nan,nan,nan,nan,nan,nan,nan,nan,nan,nan,nan,nan,nan,nan,nan,nan,nan,nan,nan,nan,nan,nan,nan,nan,nan,nan,nan,nan,nan,nan,nan,nan,nan,nan,nan,nan,nan,nan,nan,nan,nan,nan,nan,nan,nan,nan,nan,nan,nan,nan,nan
6.580,APPROACH,165.159111,104.635949,127.782227,-0.743348,-8.344956,5.510147,1.239051,-50.811183,-66.811183,12.833348,0.000000,0.000000,-0.039051,0.000000,0.000000,0.000000,53.824766,60.971043,12.090000,-8.344956,5.510147,1.200000,0.000000,0.000000,146.563349,-50.811183,-66.811183,12.796250,0.000000,0.000000,0.000000,0.000000,0.000000,0.000000,104.635949,127.782227,-0.743348,165.159111,-8.344956,5.510147,1.239051,10.076470,nan,nan,nan,0,nan,nan,nan,0,nan,nan,nan,nan,nan,nan,nan,nan,nan,nan,nan,nan,nan,nan,nan,nan,nan,nan,nan,nan,nan,nan,nan,nan,nan,nan,nan,nan,nan,nan,nan,nan,nan,nan,nan,nan,nan,nan,nan,nan,nan,nan,nan,nan,nan,nan,nan,nan,nan,nan,nan,nan,nan,nan,nan,nan,nan,nan,nan,nan,nan,nan,nan,nan,nan,nan,nan,nan,nan,nan,nan,nan,nan,nan,nan,nan,nan,nan,nan,nan
6.640,APPROACH,165.105283,104.216980,128.055109,-0.681493,-8.379380,5.457654,1.237098,-50.811183,-66.811183,12.831493,0.000000,0.000000,-0.037098,0.000000,0.000000,0.000000,53.405797,61.243926,12.150000,-8.379380,5.457654,1.200000,0.000000,0.000000,146.923017,-50.811183,-66.811183,12.796250,0.000000,0.000000,0.000000,0.000000,0.000000,0.000000,104.216980,128.055109,-0.681493,165.105283,-8.379380,5.457654,1.237098,10.076230,nan,nan,nan,0,nan,nan,nan,0,nan,nan,nan,nan,nan,nan,nan,nan,nan,nan,nan,nan,nan,nan,nan,nan,nan,nan,nan,nan,nan,nan,nan,nan,nan,nan,nan,nan,nan,nan,nan,nan,nan,nan,nan,nan,nan,nan,nan,nan,nan,nan,nan,nan,nan,nan,nan,nan,nan,nan,nan,nan,nan,nan,nan,nan,nan,nan,nan,nan,nan,nan,nan,nan,nan,nan,nan,nan,nan,nan,nan,nan,nan,nan,nan,nan,nan,nan,nan,nan
6.680,APPROACH,165.049855,103.796306,128.325357,-0.619731,-8.413470,5.404954,1.235243,-50.811183,-66.811183,12.829731,0.000000,0.000000,-0.035243,0.000000,0.000000,0.000000,52.985123,61.514174,12.210000,-8.413470,5.404954,1.200000,0.000000,0.000000,147.282631,-50.811183,-66.811183,12.796250,0.000000,0.000000,0.000000,0.000000,0.000000,0.000000,103.796306,128.325357,-0.619731,165.049855,-8.413470,5.404954,1.235243,10.076002,nan,nan,nan,0,nan,nan,nan,0,nan,nan,nan,nan,nan,nan,nan,nan,nan,nan,nan,nan,nan,nan,nan,nan,nan,nan,nan,nan,nan,nan,nan,nan,nan,nan,nan,nan,nan,nan,nan,nan,nan,nan,nan,nan,nan,nan,nan,nan,nan,nan,nan,nan,nan,nan,nan,nan,nan,nan,nan,nan,nan,nan,nan,nan,nan,nan,nan,nan,nan,nan,nan,nan,nan,nan,nan,nan,nan,nan,nan,nan,nan,nan,nan,nan,nan,nan,nan,nan
6.740,APPROACH,164.992828,103.373945,128.592960,-0.558057,-8.447223,5.352049,1.233481,-50.811183,-66.811183,12.828057,0.000000,0.000000,-0.033481,0.000000,0.000000,0.000000,52.562762,61.781776,12.270000,-8.447223,5.352049,1.200000,0.000000,0.000000,147.642192,-50.811183,-66.811183,12.796250,0.000000,0.000000,0.000000,0.000000,0.000000,0.000000,103.373945,128.592960,-0.558057,164.992828,-8.447223,5.352049,1.233481,10.075787,nan,nan,nan,0,nan,nan,nan,0,nan,nan,nan,nan,nan,nan,nan,nan,nan,nan,nan,nan,nan,nan,nan,nan,nan,nan,nan,nan,nan,nan,nan,nan,nan,nan,nan,nan,nan,nan,nan,nan,nan,nan,nan,nan,nan,nan,nan,nan,nan,nan,nan,nan,nan,nan,nan,nan,nan,nan,nan,nan,nan,nan,nan,nan,nan,nan,nan,nan,nan,nan,nan,nan,nan,nan,nan,nan,nan,nan,nan,nan,nan,nan,nan,nan,nan,nan,nan,nan
6.780,APPROACH,164.934203,102.949913,128.857907,-0.496467,-8.480638,5.298941,1.231807,-50.811183,-66.811183,12.826467,0.000000,0.000000,-0.031807,0.000000,0.000000,0.000000,52.138730,62.046723,12.330000,-8.480638,5.298941,1.200000,0.000000,0.000000,148.001702,-50.811183,-66.811183,12.796250,0.000000,0.000000,0.000000,0.000000,0.000000,0.000000,102.949913,128.857907,-0.496467,164.934203,-8.480638,5.298941,1.231807,10.075582,nan,nan,nan,0,nan,nan,nan,0,nan,nan,nan,nan,nan,nan,nan,nan,nan,nan,nan,nan,nan,nan,nan,nan,nan,nan,nan,nan,nan,nan,nan,nan,nan,nan,nan,nan,nan,nan,nan,nan,nan,nan,nan,nan,nan,nan,nan,nan,nan,nan,nan,nan,nan,nan,nan,nan,nan,nan,nan,nan,nan,nan,nan,nan,nan,nan,nan,nan,nan,nan,nan,nan,nan,nan,nan,nan,nan,nan,nan,nan,nan,nan,nan,nan,nan,nan,nan,nan
6.840,APPROACH,164.873980,102.524227,129.120188,-0.434956,-8.513716,5.245631,1.230217,-50.811183,-66.811183,12.824956,0.000000,0.000000,-0.030217,0.000000,0.000000,0.000000,51.713044,62.309005,12.390000,-8.513716,5.245631,1.200000,0.000000,0.000000,148.361164,-50.811183,-66.811183,12.796250,0.000000,0.000000,0.000000,0.000000,0.000000,0.000000,102.524227,129.120188,-0.434956,164.873980,-8.513716,5.245631,1.230217,10.075388,nan,nan,nan,0,nan,nan,nan,0,nan,nan,nan,nan,nan,nan,nan,nan,nan,nan,nan,nan,nan,nan,nan,nan,nan,nan,nan,nan,nan,nan,nan,nan,nan,nan,nan,nan,nan,nan,nan,nan,nan,nan,nan,nan,nan,nan,nan,nan,nan,nan,nan,nan,nan,nan,nan,nan,nan,nan,nan,nan,nan,nan,nan,nan,nan,nan,nan,nan,nan,nan,nan,nan,nan,nan,nan,nan,nan,nan,nan,nan,nan,nan,nan,nan,nan,nan,nan,nan
6.880,APPROACH,164.812162,102.096905,129.379794,-0.373521,-8.546454,5.192122,1.228706,-50.811183,-66.811183,12.823521,0.000000,0.000000,-0.028706,0.000000,0.000000,0.000000,51.285722,62.568611,12.450000,-8.546454,5.192122,1.200000,0.000000,0.000000,148.720577,-50.811183,-66.811183,12.796250,0.000000,0.000000,0.000000,0.000000,0.000000,0.000000,102.096905,129.379794,-0.373521,164.812162,-8.546454,5.192122,1.228706,10.075203,nan,nan,nan,0,nan,nan,nan,0,nan,nan,nan,nan,nan,nan,nan,nan,nan,nan,nan,nan,nan,nan,nan,nan,nan,nan,nan,nan,nan,nan,nan,nan,nan,nan,nan,nan,nan,nan,nan,nan,nan,nan,nan,nan,nan,nan,nan,nan,nan,nan,nan,nan,nan,nan,nan,nan,nan,nan,nan,nan,nan,nan,nan,nan,nan,nan,nan,nan,nan,nan,nan,nan,nan,nan,nan,nan,nan,nan,nan,nan,nan,nan,nan,nan,nan,nan,nan,nan
6.940,APPROACH,164.748748,101.667962,129.636715,-0.312157,-8.578851,5.138416,1.227271,-50.811183,-66.811183,12.822157,0.000000,0.000000,-0.027271,0.000000,0.000000,0.000000,50.856779,62.825532,12.510000,-8.578851,5.138416,1.200000,0.000000,0.000000,149.079943,-50.811183,-66.811183,12.796250,0.000000,0.000000,0.000000,0.000000,0.000000,0.000000,101.667962,129.636715,-0.312157,164.748748,-8.578851,5.138416,1.227271,10.075028,nan,nan,nan,0,nan,nan,nan,0,nan,nan,nan,nan,nan,nan,nan,nan,nan,nan,nan,nan,nan,nan,nan,nan,nan,nan,nan,nan,nan,nan,nan,nan,nan,nan,nan,nan,nan,nan,nan,nan,nan,nan,nan,nan,nan,nan,nan,nan,nan,nan,nan,nan,nan,nan,nan,nan,nan,nan,nan,nan,nan,nan,nan,nan,nan,nan,nan,nan,nan,nan,nan,nan,nan,nan,nan,nan,nan,nan,nan,nan,nan,nan,nan,nan,nan,nan,nan,nan
6.980,APPROACH,164.683739,101.237417,129.890941,-0.250862,-8.610907,5.084514,1.225907,-50.811183,-66.811183,12.820862,0.000000,0.000000,-0.025907,0.000000,0.000000,0.000000,50.426234,63.079758,12.570000,-8.610907,5.084514,1.200000,0.000000,0.000000,149.439265,-50.811183,-66.811183,12.796250,0.000000,0.000000,0.000000,0.000000,0.000000,0.000000,101.237417,129.890941,-0.250862,164.683739,-8.610907,5.084514,1.225907,10.074862,nan,nan,nan,0,nan,nan,nan,0,nan,nan,nan,nan,nan,nan,nan,nan,nan,nan,nan,nan,nan,nan,nan,nan,nan,nan,nan,nan,nan,nan,nan,nan,nan,nan,nan,nan,nan,nan,nan,nan,nan,nan,nan,nan,nan,nan,nan,nan,nan,nan,nan,nan,nan,nan,nan,nan,nan,nan,nan,nan,nan,nan,nan,nan,nan,nan,nan,nan,nan,nan,nan,nan,nan,nan,nan,nan,nan,nan,nan,nan,nan,nan,nan,nan,nan,nan,nan,nan
7.040,APPROACH,164.617137,100.805286,130.142462,-0.189631,-8.642620,5.030419,1.224612,-50.811183,-66.811183,12.819631,0.000000,0.000000,-0.024612,0.000000,0.000000,0.000000,49.994103,63.331278,12.630000,-8.642620,5.030419,1.200000,0.000000,0.000000,149.798543,-50.811183,-66.811183,12.796250,0.000000,0.000000,0.000000,0.000000,0.000000,0.000000,100.805286,130.142462,-0.189631,164.617137,-8.642620,5.030419,1.224612,10.074705,nan,nan,nan,0,nan,nan,nan,0,nan,nan,nan,nan,nan,nan,nan,nan,nan,nan,nan,nan,nan,nan,nan,nan,nan,nan,nan,nan,nan,nan,nan,nan,nan,nan,nan,nan,nan,nan,nan,nan,nan,nan,nan,nan,nan,nan,nan,nan,nan,nan,nan,nan,nan,nan,nan,nan,nan,nan,nan,nan,nan,nan,nan,nan,nan,nan,nan,nan,nan,nan,nan,nan,nan,nan,nan,nan,nan,nan,nan,nan,nan,nan,nan,nan,nan,nan,nan,nan
7.080,APPROACH,164.548943,100.371586,130.391268,-0.128462,-8.673990,4.976133,1.223381,-50.811183,-66.811183,12.818462,0.000000,0.000000,-0.023381,0.000000,0.000000,0.000000,49.560403,63.580085,12.690000,-8.673990,4.976133,1.200000,0.000000,0.000000,150.157779,-50.811183,-66.811183,12.796250,0.000000,0.000000,0.000000,0.000000,0.000000,0.000000,100.371586,130.391268,-0.128462,164.548943,-8.673990,4.976133,1.223381,10.074555,nan,nan,nan,0,nan,nan,nan,0,nan,nan,nan,nan,nan,nan,nan,nan,nan,nan,nan,nan,nan,nan,nan,nan,nan,nan,nan,nan,nan,nan,nan,nan,nan,nan,nan,nan,nan,nan,nan,nan,nan,nan,nan,nan,nan,nan,nan,nan,nan,nan,nan,nan,nan,nan,nan,nan,nan,nan,nan,nan,nan,nan,nan,nan,nan,nan,nan,nan,nan,nan,nan,nan,nan,nan,nan,nan,nan,nan,nan,nan,nan,nan,nan,nan,nan,nan,nan,nan
7.140,APPROACH,164.479157,99.936336,130.637351,-0.067352,-8.705015,4.921657,1.222212,-50.811183,-66.811183,12.817352,0.000000,0.000000,-0.022212,0.000000,0.000000,0.000000,49.125152,63.826168,12.750000,-8.705015,4.921657,1.200000,0.000000,0.000000,150.516973,-50.811183,-66.811183,12.796250,0.000000,0.000000,0.000000,0.000000,0.000000,0.000000,99.936336,130.637351,-0.067352,164.479157,-8.705015,4.921657,1.222212,10.074413,nan,nan,nan,0,nan,nan,nan,0,nan,nan,nan,nan,nan,nan,nan,nan,nan,nan,nan,nan,nan,nan,nan,nan,nan,nan,nan,nan,nan,nan,nan,nan,nan,nan,nan,nan,nan,nan,nan,nan,nan,nan,nan,nan,nan,nan,nan,nan,nan,nan,nan,nan,nan,nan,nan,nan,nan,nan,nan,nan,nan,nan,nan,nan,nan,nan,nan,nan,nan,nan,nan,nan,nan,nan,nan,nan,nan,nan,nan,nan,nan,nan,nan,nan,nan,nan,nan,nan
7.180,APPROACH,164.407781,99.499551,130.880701,-0.006296,-8.735695,4.866994,1.221102,-50.811183,-66.811183,12.816296,0.000000,0.000000,-0.021102,0.000000,0.000000,0.000000,48.688368,64.069518,12.810000,-8.735695,4.866994,1.200000,0.000000,0.000000,150.876128,-50.811183,-66.811183,12.796250,0.000000,0.000000,0.000000,0.000000,0.000000,0.000000,99.499551,130.880701,-0.006296,164.407781,-8.735695,4.866994,1.221102,10.074279,nan,nan,nan,0,nan,nan,nan,0,nan,nan,nan,nan,nan,nan,nan,nan,nan,nan,nan,nan,nan,nan,nan,nan,nan,nan,nan,nan,nan,nan,nan,nan,nan,nan,nan,nan,nan,nan,nan,nan,nan,nan,nan,nan,nan,nan,nan,nan,nan,nan,nan,nan,nan,nan,nan,nan,nan,nan,nan,nan,nan,nan,nan,nan,nan,nan,nan,nan,nan,nan,nan,nan,nan,nan,nan,nan,nan,nan,nan,nan,nan,nan,nan,nan,nan,nan,nan,nan
7.240,APPROACH,164.334815,99.061249,131.121308,0.054706,-8.766029,4.812145,1.220046,-50.811183,-66.811183,12.815294,0.000000,0.000000,-0.020046,0.000000,0.000000,0.000000,48.250066,64.310125,12.870000,-8.766029,4.812145,1.200000,0.000000,0.000000,151.235244,-50.811183,-66.811183,12.796250,0.000000,0.000000,0.000000,0.000000,0.000000,0.000000,99.061249,131.121308,0.054706,164.334815,-8.766029,4.812145,1.220046,10.074151,nan,nan,nan,0,nan,nan,nan,0,nan,nan,nan,nan,nan,nan,nan,nan,nan,nan,nan,nan,nan,nan,nan,nan,nan,nan,nan,nan,nan,nan,nan,nan,nan,nan,nan,nan,nan,nan,nan,nan,nan,nan,nan,nan,nan,nan,nan,nan,nan,nan,nan,nan,nan,nan,nan,nan,nan,nan,nan,nan,nan,nan,nan,nan,nan,nan,nan,nan,nan,nan,nan,nan,nan,nan,nan,nan,nan,nan,nan,nan,nan,nan,nan,nan,nan,nan,nan,nan
7.280,APPROACH,164.260261,98.621449,131.359164,0.115658,-8.796014,4.757114,1.219044,-50.811183,-66.811183,12.814342,0.000000,0.000000,-0.019044,0.000000,0.000000,0.000000,47.810266,64.547981,12.930000,-8.796014,4.757114,1.200000,0.000000,0.000000,151.594323,-50.811183,-66.811183,12.796250,0.000000,0.000000,0.000000,0.000000,0.000000,0.000000,98.621449,131.359164,0.115658,164.260261,-8.796014,4.757114,1.219044,10.074029,nan,nan,nan,0,nan,nan,nan,0,nan,nan,nan,nan,nan,nan,nan,nan,nan,nan,nan,nan,nan,nan,nan,nan,nan,nan,nan,nan,nan,nan,nan,nan,nan,nan,nan,nan,nan,nan,nan,nan,nan,nan,nan,nan,nan,nan,nan,nan,nan,nan,nan,nan,nan,nan,nan,nan,nan,nan,nan,nan,nan,nan,nan,nan,nan,nan,nan,nan,nan,nan,nan,nan,nan,nan,nan,nan,nan,nan,nan,nan,nan,nan,nan,nan,nan,nan,nan,nan
7.340,APPROACH,164.184120,98.180166,131.594259,0.176563,-8.825652,4.701901,1.218092,-50.811183,-66.811183,12.813437,0.000000,0.000000,-0.018092,0.000000,0.000000,0.000000,47.368983,64.783076,12.990000,-8.825652,4.701901,1.200000,0.000000,0.000000,151.953365,-50.811183,-66.811183,12.796250,0.000000,0.000000,0.000000,0.000000,0.000000,0.000000,98.180166,131.594259,0.176563,164.184120,-8.825652,4.701901,1.218092,10.073914,nan,nan,nan,0,nan,nan,nan,0,nan,nan,nan,nan,nan,nan,nan,nan,nan,nan,nan,nan,nan,nan,nan,nan,nan,nan,nan,nan,nan,nan,nan,nan,nan,nan,nan,nan,nan,nan,nan,nan,nan,nan,nan,nan,nan,nan,nan,nan,nan,nan,nan,nan,nan,nan,nan,nan,nan,nan,nan,nan,nan,nan,nan,nan,nan,nan,nan,nan,nan,nan,nan,nan,nan,nan,nan,nan,nan,nan,nan,nan,nan,nan,nan,nan,nan,nan,nan,nan
7.380,APPROACH,164.106392,97.737419,131.826584,0.237422,-8.854940,4.646509,1.217187,-50.811183,-66.811183,12.812578,0.000000,0.000000,-0.017187,0.000000,0.000000,0.000000,46.926236,65.015401,13.050000,-8.854940,4.646509,1.200000,0.000000,0.000000,152.312371,-50.811183,-66.811183,12.796250,0.000000,0.000000,0.000000,0.000000,0.000000,0.000000,97.737419,131.826584,0.237422,164.106392,-8.854940,4.646509,1.217187,10.073805,nan,nan,nan,0,nan,nan,nan,0,nan,nan,nan,nan,nan,nan,nan,nan,nan,nan,nan,nan,nan,nan,nan,nan,nan,nan,nan,nan,nan,nan,nan,nan,nan,nan,nan,nan,nan,nan,nan,nan,nan,nan,nan,nan,nan,nan,nan,nan,nan,nan,nan,nan,nan,nan,nan,nan,nan,nan,nan,nan,nan,nan,nan,nan,nan,nan,nan,nan,nan,nan,nan,nan,nan,nan,nan,nan,nan,nan,nan,nan,nan,nan,nan,nan,nan,nan,nan,nan
7.440,APPROACH,164.027078,97.293225,132.056131,0.298238,-8.883877,4.590939,1.216328,-50.811183,-66.811183,12.811762,0.000000,0.000000,-0.016328,0.000000,0.000000,0.000000,46.482042,65.244948,13.110000,-8.883877,4.590939,1.200000,0.000000,0.000000,152.671344,-50.811183,-66.811183,12.796250,0.000000,0.000000,0.000000,0.000000,0.000000,0.000000,97.293225,132.056131,0.298238,164.027078,-8.883877,4.590939,1.216328,10.073701,nan,nan,nan,0,nan,nan,nan,0,nan,nan,nan,nan,nan,nan,nan,nan,nan,nan,nan,nan,nan,nan,nan,nan,nan,nan,nan,nan,nan,nan,nan,nan,nan,nan,nan,nan,nan,nan,nan,nan,nan,nan,nan,nan,nan,nan,nan,nan,nan,nan,nan,nan,nan,nan,nan,nan,nan,nan,nan,nan,nan,nan,nan,nan,nan,nan,nan,nan,nan,nan,nan,nan,nan,nan,nan,nan,nan,nan,nan,nan,nan,nan,nan,nan,nan,nan,nan,nan
7.480,APPROACH,163.946181,96.847602,132.282891,0.359014,-8.912464,4.535195,1.215512,-50.811183,-66.811183,12.810986,0.000000,0.000000,-0.015512,0.000000,0.000000,0.000000,46.036419,65.471708,13.170000,-8.912464,4.535195,1.200000,0.000000,0.000000,153.030283,-50.811183,-66.811183,12.796250,0.000000,0.000000,0.000000,0.000000,0.000000,0.000000,96.847602,132.282891,0.359014,163.946181,-8.912464,4.535195,1.215512,10.073603,nan,nan,nan,0,nan,nan,nan,0,nan,nan,nan,nan,nan,nan,nan,nan,nan,nan,nan,nan,nan,nan,nan,nan,nan,nan,nan,nan,nan,nan,nan,nan,nan,nan,nan,nan,nan,nan,nan,nan,nan,nan,nan,nan,nan,nan,nan,nan,nan,nan,nan,nan,nan,nan,nan,nan,nan,nan,nan,nan,nan,nan,nan,nan,nan,nan,nan,nan,nan,nan,nan,nan,nan,nan,nan,nan,nan,nan,nan,nan,nan,nan,nan,nan,nan,nan,nan,nan
7.540,APPROACH,163.863700,96.400567,132.506855,0.419751,-8.940697,4.479278,1.214736,-50.811183,-66.811183,12.810249,0.000000,0.000000,-0.014736,0.000000,0.000000,0.000000,45.589384,65.695672,13.230000,-8.940697,4.479278,1.200000,0.000000,0.000000,153.389191,-50.811183,-66.811183,12.796250,0.000000,0.000000,0.000000,0.000000,0.000000,0.000000,96.400567,132.506855,0.419751,163.863700,-8.940697,4.479278,1.214736,10.073509,nan,nan,nan,0,nan,nan,nan,0,nan,nan,nan,nan,nan,nan,nan,nan,nan,nan,nan,nan,nan,nan,nan,nan,nan,nan,nan,nan,nan,nan,nan,nan,nan,nan,nan,nan,nan,nan,nan,nan,nan,nan,nan,nan,nan,nan,nan,nan,nan,nan,nan,nan,nan,nan,nan,nan,nan,nan,nan,nan,nan,nan,nan,nan,nan,nan,nan,nan,nan,nan,nan,nan,nan,nan,nan,nan,nan,nan,nan,nan,nan,nan,nan,nan,nan,nan,nan,nan
7.580,APPROACH,163.779637,95.952138,132.728014,0.480451,-8.968578,4.423190,1.213999,-50.811183,-66.811183,12.809549,0.000000,0.000000,-0.013999,0.000000,0.000000,0.000000,45.140955,65.916831,13.290000,-8.968578,4.423190,1.200000,0.000000,0.000000,153.748067,-50.811183,-66.811183,12.796250,0.000000,0.000000,0.000000,0.000000,0.000000,0.000000,95.952138,132.728014,0.480451,163.779637,-8.968578,4.423190,1.213999,10.073420,nan,nan,nan,0,nan,nan,nan,0,nan,nan,nan,nan,nan,nan,nan,nan,nan,nan,nan,nan,nan,nan,nan,nan,nan,nan,nan,nan,nan,nan,nan,nan,nan,nan,nan,nan,nan,nan,nan,nan,nan,nan,nan,nan,nan,nan,nan,nan,nan,nan,nan,nan,nan,nan,nan,nan,nan,nan,nan,nan,nan,nan,nan,nan,nan,nan,nan,nan,nan,nan,nan,nan,nan,nan,nan,nan,nan,nan,nan,nan,nan,nan,nan,nan,nan,nan,nan,nan
7.640,APPROACH,163.693993,95.502333,132.946361,0.541116,-8.996105,4.366933,1.213299,-50.811183,-66.811183,12.808884,0.000000,0.000000,-0.013299,0.000000,0.000000,0.000000,44.691150,66.135178,13.350000,-8.996105,4.366933,1.200000,0.000000,0.000000,154.106912,-50.811183,-66.811183,12.796250,0.000000,0.000000,0.000000,0.000000,0.000000,0.000000,95.502333,132.946361,0.541116,163.693993,-8.996105,4.366933,1.213299,10.073336,nan,nan,nan,0,nan,nan,nan,0,nan,nan,nan,nan,nan,nan,nan,nan,nan,nan,nan,nan,nan,nan,nan,nan,nan,nan,nan,nan,nan,nan,nan,nan,nan,nan,nan,nan,nan,nan,nan,nan,nan,nan,nan,nan,nan,nan,nan,nan,nan,nan,nan,nan,nan,nan,nan,nan,nan,nan,nan,nan,nan,nan,nan,nan,nan,nan,nan,nan,nan,nan,nan,nan,nan,nan,nan,nan,nan,nan,nan,nan,nan,nan,nan,nan,nan,nan,nan,nan
7.680,APPROACH,163.606769,95.051169,133.161886,0.601747,-9.023276,4.310509,1.212634,-50.811183,-66.811183,12.808253,0.000000,0.000000,-0.012634,0.000000,0.000000,0.000000,44.239986,66.350703,13.410000,-9.023276,4.310509,1.200000,0.000000,0.000000,154.465728,-50.811183,-66.811183,12.796250,0.000000,0.000000,0.000000,0.000000,0.000000,0.000000,95.051169,133.161886,0.601747,163.606769,-9.023276,4.310509,1.212634,10.073256,nan,nan,nan,0,nan,nan,nan,0,nan,nan,nan,nan,nan,nan,nan,nan,nan,nan,nan,nan,nan,nan,nan,nan,nan,nan,nan,nan,nan,nan,nan,nan,nan,nan,nan,nan,nan,nan,nan,nan,nan,nan,nan,nan,nan,nan,nan,nan,nan,nan,nan,nan,nan,nan,nan,nan,nan,nan,nan,nan,nan,nan,nan,nan,nan,nan,nan,nan,nan,nan,nan,nan,nan,nan,nan,nan,nan,nan,nan,nan,nan,nan,nan,nan,nan,nan,nan,nan
7.740,APPROACH,163.517966,94.598665,133.374583,0.662348,-9.050092,4.253921,1.212003,-50.811183,-66.811183,12.807652,0.000000,0.000000,-0.012003,0.000000,0.000000,0.000000,43.787482,66.563399,13.470000,-9.050092,4.253921,1.200000,0.000000,0.000000,154.824516,-50.811183,-66.811183,12.796250,0.000000,0.000000,0.000000,0.000000,0.000000,0.000000,94.598665,133.374583,0.662348,163.517966,-9.050092,4.253921,1.212003,10.073180,nan,nan,nan,0,nan,nan,nan,0,nan,nan,nan,nan,nan,nan,nan,nan,nan,nan,nan,nan,nan,nan,nan,nan,nan,nan,nan,nan,nan,nan,nan,nan,nan,nan,nan,nan,nan,nan,nan,nan,nan,nan,nan,nan,nan,nan,nan,nan,nan,nan,nan,nan,nan,nan,nan,nan,nan,nan,nan,nan,nan,nan,nan,nan,nan,nan,nan,nan,nan,nan,nan,nan,nan,nan,nan,nan,nan,nan,nan,nan,nan,nan,nan,nan,nan,nan,nan,nan
7.780,APPROACH,163.427586,94.144837,133.584441,0.722918,-9.076550,4.197170,1.211402,-50.811183,-66.811183,12.807082,0.000000,0.000000,-0.011402,0.000000,0.000000,0.000000,43.333654,66.773258,13.530000,-9.076550,4.197170,1.200000,0.000000,0.000000,155.183276,-50.811183,-66.811183,12.796250,0.000000,0.000000,0.000000,0.000000,0.000000,0.000000,94.144837,133.584441,0.722918,163.427586,-9.076550,4.197170,1.211402,10.073108,nan,nan,nan,0,nan,nan,nan,0,nan,nan,nan,nan,nan,nan,nan,nan,nan,nan,nan,nan,nan,nan,nan,nan,nan,nan,nan,nan,nan,nan,nan,nan,nan,nan,nan,nan,nan,nan,nan,nan,nan,nan,nan,nan,nan,nan,nan,nan,nan,nan,nan,nan,nan,nan,nan,nan,nan,nan,nan,nan,nan,nan,nan,nan,nan,nan,nan,nan,nan,nan,nan,nan,nan,nan,nan,nan,nan,nan,nan,nan,nan,nan,nan,nan,nan,nan,nan,nan
7.840,APPROACH,163.335629,93.689705,133.791454,0.783459,-9.102651,4.140259,1.210832,-50.811183,-66.811183,12.806541,0.000000,0.000000,-0.010832,0.000000,0.000000,0.000000,42.878521,66.980271,13.590000,-9.102651,4.140259,1.200000,0.000000,0.000000,155.542009,-50.811183,-66.811183,12.796250,0.000000,0.000000,0.000000,0.000000,0.000000,0.000000,93.689705,133.791454,0.783459,163.335629,-9.102651,4.140259,1.210832,10.073039,nan,nan,nan,0,nan,nan,nan,0,nan,nan,nan,nan,nan,nan,nan,nan,nan,nan,nan,nan,nan,nan,nan,nan,nan,nan,nan,nan,nan,nan,nan,nan,nan,nan,nan,nan,nan,nan,nan,nan,nan,nan,nan,nan,nan,nan,nan,nan,nan,nan,nan,nan,nan,nan,nan,nan,nan,nan,nan,nan,nan,nan,nan,nan,nan,nan,nan,nan,nan,nan,nan,nan,nan,nan,nan,nan,nan,nan,nan,nan,nan,nan,nan,nan,nan,nan,nan,nan
7.880,APPROACH,163.242097,93.233285,133.995614,0.843974,-9.128393,4.083190,1.210291,-50.811183,-66.811183,12.806026,0.000000,0.000000,-0.010291,0.000000,0.000000,0.000000,42.422102,67.184430,13.650000,-9.128393,4.083190,1.200000,0.000000,0.000000,155.900717,-50.811183,-66.811183,12.796250,0.000000,0.000000,0.000000,0.000000,0.000000,0.000000,93.233285,133.995614,0.843974,163.242097,-9.128393,4.083190,1.210291,10.072974,nan,nan,nan,0,nan,nan,nan,0,nan,nan,nan,nan,nan,nan,nan,nan,nan,nan,nan,nan,nan,nan,nan,nan,nan,nan,nan,nan,nan,nan,nan,nan,nan,nan,nan,nan,nan,nan,nan,nan,nan,nan,nan,nan,nan,nan,nan,nan,nan,nan,nan,nan,nan,nan,nan,nan,nan,nan,nan,nan,nan,nan,nan,nan,nan,nan,nan,nan,nan,nan,nan,nan,nan,nan,nan,nan,nan,nan,nan,nan,nan,nan,nan,nan,nan,nan,nan,nan
7.940,APPROACH,163.146990,92.775596,134.196912,0.904463,-9.153775,4.025965,1.209776,-50.811183,-66.811183,12.805537,0.000000,0.000000,-0.009776,0.000000,0.000000,0.000000,41.964413,67.385729,13.710000,-9.153775,4.025965,1.200000,0.000000,0.000000,156.259399,-50.811183,-66.811183,12.796250,0.000000,0.000000,0.000000,0.000000,0.000000,0.000000,92.775596,134.196912,0.904463,163.146990,-9.153775,4.025965,1.209776,10.072912,nan,nan,nan,0,nan,nan,nan,0,nan,nan,nan,nan,nan,nan,nan,nan,nan,nan,nan,nan,nan,nan,nan,nan,nan,nan,nan,nan,nan,nan,nan,nan,nan,nan,nan,nan,nan,nan,nan,nan,nan,nan,nan,nan,nan,nan,nan,nan,nan,nan,nan,nan,nan,nan,nan,nan,nan,nan,nan,nan,nan,nan,nan,nan,nan,nan,nan,nan,nan,nan,nan,nan,nan,nan,nan,nan,nan,nan,nan,nan,nan,nan,nan,nan,nan,nan,nan,nan
7.980,APPROACH,163.050311,92.316656,134.395341,0.964927,-9.178797,3.968587,1.209287,-50.811183,-66.811183,12.805073,0.000000,0.000000,-0.009287,0.000000,0.000000,0.000000,41.505473,67.584158,13.770000,-9.178797,3.968587,1.200000,0.000000,0.000000,156.618056,-50.811183,-66.811183,12.796250,0.000000,0.000000,0.000000,0.000000,0.000000,0.000000,92.316656,134.395341,0.964927,163.050311,-9.178797,3.968587,1.209287,10.072853,nan,nan,nan,0,nan,nan,nan,0,nan,nan,nan,nan,nan,nan,nan,nan,nan,nan,nan,nan,nan,nan,nan,nan,nan,nan,nan,nan,nan,nan,nan,nan,nan,nan,nan,nan,nan,nan,nan,nan,nan,nan,nan,nan,nan,nan,nan,nan,nan,nan,nan,nan,nan,nan,nan,nan,nan,nan,nan,nan,nan,nan,nan,nan,nan,nan,nan,nan,nan,nan,nan,nan,nan,nan,nan,nan,nan,nan,nan,nan,nan,nan,nan,nan,nan,nan,nan,nan
8.040,APPROACH,162.952059,91.856483,134.590894,1.025368,-9.203458,3.911056,1.208823,-50.811183,-66.811183,12.804632,0.000000,0.000000,-0.008823,0.000000,0.000000,0.000000,41.045300,67.779711,13.830000,-9.203458,3.911056,1.200000,0.000000,0.000000,156.976690,-50.811183,-66.811183,12.796250,0.000000,0.000000,0.000000,0.000000,0.000000,0.000000,91.856483,134.590894,1.025368,162.952059,-9.203458,3.911056,1.208823,10.072798,nan,nan,nan,0,nan,nan,nan,0,nan,nan,nan,nan,nan,nan,nan,nan,nan,nan,nan,nan,nan,nan,nan,nan,nan,nan,nan,nan,nan,nan,nan,nan,nan,nan,nan,nan,nan,nan,nan,nan,nan,nan,nan,nan,nan,nan,nan,nan,nan,nan,nan,nan,nan,nan,nan,nan,nan,nan,nan,nan,nan,nan,nan,nan,nan,nan,nan,nan,nan,nan,nan,nan,nan,nan,nan,nan,nan,nan,nan,nan,nan,nan,nan,nan,nan,nan,nan,nan
8.080,APPROACH,162.852237,91.395096,134.783563,1.085787,-9.227757,3.853376,1.208382,-50.811183,-66.811183,12.804213,0.000000,0.000000,-0.008382,0.000000,0.000000,0.000000,40.583912,67.972380,13.890000,-9.227757,3.853376,1.200000,0.000000,0.000000,157.335300,-50.811183,-66.811183,12.796250,0.000000,0.000000,0.000000,0.000000,0.000000,0.000000,91.395096,134.783563,1.085787,162.852237,-9.227757,3.853376,1.208382,10.072745,nan,nan,nan,0,nan,nan,nan,0,nan,nan,nan,nan,nan,nan,nan,nan,nan,nan,nan,nan,nan,nan,nan,nan,nan,nan,nan,nan,nan,nan,nan,nan,nan,nan,nan,nan,nan,nan,nan,nan,nan,nan,nan,nan,nan,nan,nan,nan,nan,nan,nan,nan,nan,nan,nan,nan,nan,nan,nan,nan,nan,nan,nan,nan,nan,nan,nan,nan,nan,nan,nan,nan,nan,nan,nan,nan,nan,nan,nan,nan,nan,nan,nan,nan,nan,nan,nan,nan
8.140,APPROACH,162.750846,90.932511,134.973340,1.146185,-9.251692,3.795548,1.207963,-50.811183,-66.811183,12.803815,0.000000,0.000000,-0.007963,0.000000,0.000000,0.000000,40.121328,68.162157,13.950000,-9.251692,3.795548,1.200000,0.000000,0.000000,157.693889,-50.811183,-66.811183,12.796250,0.000000,0.000000,0.000000,0.000000,0.000000,0.000000,90.932511,134.973340,1.146185,162.750846,-9.251692,3.795548,1.207963,10.072694,nan,nan,nan,0,nan,nan,nan,0,nan,nan,nan,nan,nan,nan,nan,nan,nan,nan,nan,nan,nan,nan,nan,nan,nan,nan,nan,nan,nan,nan,nan,nan,nan,nan,nan,nan,nan,nan,nan,nan,nan,nan,nan,nan,nan,nan,nan,nan,nan,nan,nan,nan,nan,nan,nan,nan,nan,nan,nan,nan,nan,nan,nan,nan,nan,nan,nan,nan,nan,nan,nan,nan,nan,nan,nan,nan,nan,nan,nan,nan,nan,nan,nan,nan,nan,nan,nan,nan
8.180,APPROACH,162.647886,90.468748,135.160219,1.206564,-9.275264,3.737576,1.207565,-50.811183,-66.811183,12.803436,0.000000,0.000000,-0.007565,0.000000,0.000000,0.000000,39.657565,68.349036,14.010000,-9.275264,3.737576,1.200000,0.000000,0.000000,158.052456,-50.811183,-66.811183,12.796250,0.000000,0.000000,0.000000,0.000000,0.000000,0.000000,90.468748,135.160219,1.206564,162.647886,-9.275264,3.737576,1.207565,10.072647,nan,nan,nan,0,nan,nan,nan,0,nan,nan,nan,nan,nan,nan,nan,nan,nan,nan,nan,nan,nan,nan,nan,nan,nan,nan,nan,nan,nan,nan,nan,nan,nan,nan,nan,nan,nan,nan,nan,nan,nan,nan,nan,nan,nan,nan,nan,nan,nan,nan,nan,nan,nan,nan,nan,nan,nan,nan,nan,nan,nan,nan,nan,nan,nan,nan,nan,nan,nan,nan,nan,nan,nan,nan,nan,nan,nan,nan,nan,nan,nan,nan,nan,nan,nan,nan,nan,nan
8.240,APPROACH,162.543360,90.003824,135.344192,1.266923,-9.298472,3.679460,1.207186,-50.811183,-66.811183,12.803077,0.000000,0.000000,-0.007186,0.000000,0.000000,0.000000,39.192641,68.533009,14.070000,-9.298472,3.679460,1.200000,0.000000,0.000000,158.411001,-50.811183,-66.811183,12.796250,0.000000,0.000000,0.000000,0.000000,0.000000,0.000000,90.003824,135.344192,1.266923,162.543360,-9.298472,3.679460,1.207186,10.072601,nan,nan,nan,0,nan,nan,nan,0,nan,nan,nan,nan,nan,nan,nan,nan,nan,nan,nan,nan,nan,nan,nan,nan,nan,nan,nan,nan,nan,nan,nan,nan,nan,nan,nan,nan,nan,nan,nan,nan,nan,nan,nan,nan,nan,nan,nan,nan,nan,nan,nan,nan,nan,nan,nan,nan,nan,nan,nan,nan,nan,nan,nan,nan,nan,nan,nan,nan,nan,nan,nan,nan,nan,nan,nan,nan,nan,nan,nan,nan,nan,nan,nan,nan,nan,nan,nan,nan
8.280,APPROACH,162.437267,89.537759,135.525252,1.327264,-9.321313,3.621204,1.206827,-50.811183,-66.811183,12.802736,0.000000,0.000000,-0.006827,0.000000,0.000000,0.000000,38.726575,68.714069,14.130000,-9.321313,3.621204,1.200000,0.000000,0.000000,158.769526,-50.811183,-66.811183,12.796250,0.000000,0.000000,0.000000,0.000000,0.000000,0.000000,89.537759,135.525252,1.327264,162.437267,-9.321313,3.621204,1.206827,10.072558,nan,nan,nan,0,nan,nan,nan,0,nan,nan,nan,nan,nan,nan,nan,nan,nan,nan,nan,nan,nan,nan,nan,nan,nan,nan,nan,nan,nan,nan,nan,nan,nan,nan,nan,nan,nan,nan,nan,nan,nan,nan,nan,nan,nan,nan,nan,nan,nan,nan,nan,nan,nan,nan,nan,nan,nan,nan,nan,nan,nan,nan,nan,nan,nan,nan,nan,nan,nan,nan,nan,nan,nan,nan,nan,nan,nan,nan,nan,nan,nan,nan,nan,nan,nan,nan,nan,nan
8.340,APPROACH,162.329610,89.070569,135.703393,1.387589,-9.343789,3.562809,1.206486,-50.811183,-66.811183,12.802411,0.000000,0.000000,-0.006486,0.000000,0.000000,0.000000,38.259386,68.892209,14.190000,-9.343789,3.562809,1.200000,0.000000,0.000000,159.128032,-50.811183,-66.811183,12.796250,0.000000,0.000000,0.000000,0.000000,0.000000,0.000000,89.070569,135.703393,1.387589,162.329610,-9.343789,3.562809,1.206486,10.072517,nan,nan,nan,0,nan,nan,nan,0,nan,nan,nan,nan,nan,nan,nan,nan,nan,nan,nan,nan,nan,nan,nan,nan,nan,nan,nan,nan,nan,nan,nan,nan,nan,nan,nan,nan,nan,nan,nan,nan,nan,nan,nan,nan,nan,nan,nan,nan,nan,nan,nan,nan,nan,nan,nan,nan,nan,nan,nan,nan,nan,nan,nan,nan,nan,nan,nan,nan,nan,nan,nan,nan,nan,nan,nan,nan,nan,nan,nan,nan,nan,nan,nan,nan,nan,nan,nan,nan
8.380,APPROACH,162.220390,88.602274,135.878606,1.447897,-9.365898,3.504278,1.206161,-50.811183,-66.811183,12.802103,0.000000,0.000000,-0.006161,0.000000,0.000000,0.000000,37.791091,69.067423,14.250000,-9.365898,3.504278,1.200000,0.000000,0.000000,159.486518,-50.811183,-66.811183,12.796250,0.000000,0.000000,0.000000,0.000000,0.000000,0.000000,88.602274,135.878606,1.447897,162.220390,-9.365898,3.504278,1.206161,10.072479,nan,nan,nan,0,nan,nan,nan,0,nan,nan,nan,nan,nan,nan,nan,nan,nan,nan,nan,nan,nan,nan,nan,nan,nan,nan,nan,nan,nan,nan,nan,nan,nan,nan,nan,nan,nan,nan,nan,nan,nan,nan,nan,nan,nan,nan,nan,nan,nan,nan,nan,nan,nan,nan,nan,nan,nan,nan,nan,nan,nan,nan,nan,nan,nan,nan,nan,nan,nan,nan,nan,nan,nan,nan,nan,nan,nan,nan,nan,nan,nan,nan,nan,nan,nan,nan,nan,nan
8.440,APPROACH,162.109609,88.132892,136.050887,1.508189,-9.387638,3.445612,1.205853,-50.811183,-66.811183,12.801811,0.000000,0.000000,-0.005853,0.000000,0.000000,0.000000,37.321709,69.239704,14.310000,-9.387638,3.445612,1.200000,0.000000,0.000000,159.844986,-50.811183,-66.811183,12.796250,0.000000,0.000000,0.000000,0.000000,0.000000,0.000000,88.132892,136.050887,1.508189,162.109609,-9.387638,3.445612,1.205853,10.072442,nan,nan,nan,0,nan,nan,nan,0,nan,nan,nan,nan,nan,nan,nan,nan,nan,nan,nan,nan,nan,nan,nan,nan,nan,nan,nan,nan,nan,nan,nan,nan,nan,nan,nan,nan,nan,nan,nan,nan,nan,nan,nan,nan,nan,nan,nan,nan,nan,nan,nan,nan,nan,nan,nan,nan,nan,nan,nan,nan,nan,nan,nan,nan,nan,nan,nan,nan,nan,nan,nan,nan,nan,nan,nan,nan,nan,nan,nan,nan,nan,nan,nan,nan,nan,nan,nan,nan
8.480,APPROACH,161.997266,87.662442,136.220228,1.568467,-9.409011,3.386815,1.205561,-50.811183,-66.811183,12.801533,0.000000,0.000000,-0.005561,0.000000,0.000000,0.000000,36.851259,69.409045,14.370000,-9.409011,3.386815,1.200000,0.000000,0.000000,160.203436,-50.811183,-66.811183,12.796250,0.000000,0.000000,0.000000,0.000000,0.000000,0.000000,87.662442,136.220228,1.568467,161.997266,-9.409011,3.386815,1.205561,10.072407,nan,nan,nan,0,nan,nan,nan,0,nan,nan,nan,nan,nan,nan,nan,nan,nan,nan,nan,nan,nan,nan,nan,nan,nan,nan,nan,nan,nan,nan,nan,nan,nan,nan,nan,nan,nan,nan,nan,nan,nan,nan,nan,nan,nan,nan,nan,nan,nan,nan,nan,nan,nan,nan,nan,nan,nan,nan,nan,nan,nan,nan,nan,nan,nan,nan,nan,nan,nan,nan,nan,nan,nan,nan,nan,nan,nan,nan,nan,nan,nan,nan,nan,nan,nan,nan,nan,nan
8.540,APPROACH,161.883364,87.190941,136.386622,1.628731,-9.430014,3.327888,1.205283,-50.811183,-66.811183,12.801269,0.000000,0.000000,-0.005283,0.000000,0.000000,0.000000,36.379758,69.575439,14.430000,-9.430014,3.327888,1.200000,0.000000,0.000000,160.561868,-50.811183,-66.811183,12.796250,0.000000,0.000000,0.000000,0.000000,0.000000,0.000000,87.190941,136.386622,1.628731,161.883364,-9.430014,3.327888,1.205283,10.072373,nan,nan,nan,0,nan,nan,nan,0,nan,nan,nan,nan,nan,nan,nan,nan,nan,nan,nan,nan,nan,nan,nan,nan,nan,nan,nan,nan,nan,nan,nan,nan,nan,nan,nan,nan,nan,nan,nan,nan,nan,nan,nan,nan,nan,nan,nan,nan,nan,nan,nan,nan,nan,nan,nan,nan,nan,nan,nan,nan,nan,nan,nan,nan,nan,nan,nan,nan,nan,nan,nan,nan,nan,nan,nan,nan,nan,nan,nan,nan,nan,nan,nan,nan,nan,nan,nan,nan
8.580,APPROACH,161.767905,86.718409,136.550064,1.688982,-9.450647,3.268834,1.205019,-50.811183,-66.811183,12.801018,0.000000,0.000000,-0.005019,0.000000,0.000000,0.000000,35.907226,69.738881,14.490000,-9.450647,3.268834,1.200000,0.000000,0.000000,160.920283,-50.811183,-66.811183,12.796250,0.000000,0.000000,0.000000,0.000000,0.000000,0.000000,86.718409,136.550064,1.688982,161.767905,-9.450647,3.268834,1.205019,10.072342,nan,nan,nan,0,nan,nan,nan,0,nan,nan,nan,nan,nan,nan,nan,nan,nan,nan,nan,nan,nan,nan,nan,nan,nan,nan,nan,nan,nan,nan,nan,nan,nan,nan,nan,nan,nan,nan,nan,nan,nan,nan,nan,nan,nan,nan,nan,nan,nan,nan,nan,nan,nan,nan,nan,nan,nan,nan,nan,nan,nan,nan,nan,nan,nan,nan,nan,nan,nan,nan,nan,nan,nan,nan,nan,nan,nan,nan,nan,nan,nan,nan,nan,nan,nan,nan,nan,nan
8.640,APPROACH,161.650889,86.244863,136.710547,1.749221,-9.470909,3.209654,1.204768,-50.811183,-66.811183,12.800779,0.000000,0.000000,-0.004768,0.000000,0.000000,0.000000,35.433680,69.899363,14.550000,-9.470909,3.209654,1.200000,0.000000,0.000000,161.278682,-50.811183,-66.811183,12.796250,0.000000,0.000000,0.000000,0.000000,0.000000,0.000000,86.244863,136.710547,1.749221,161.650889,-9.470909,3.209654,1.204768,10.072312,nan,nan,nan,0,nan,nan,nan,0,nan,nan,nan,nan,nan,nan,nan,nan,nan,nan,nan,nan,nan,nan,nan,nan,nan,nan,nan,nan,nan,nan,nan,nan,nan,nan,nan,nan,nan,nan,nan,nan,nan,nan,nan,nan,nan,nan,nan,nan,nan,nan,nan,nan,nan,nan,nan,nan,nan,nan,nan,nan,nan,nan,nan,nan,nan,nan,nan,nan,nan,nan,nan,nan,nan,nan,nan,nan,nan,nan,nan,nan,nan,nan,nan,nan,nan,nan,nan,nan
8.680,APPROACH,161.532317,85.770323,136.868064,1.809447,-9.490800,3.150351,1.204529,-50.811183,-66.811183,12.800553,0.000000,0.000000,-0.004529,0.000000,0.000000,0.000000,34.959140,70.056881,14.610000,-9.490800,3.150351,1.200000,0.000000,0.000000,161.637064,-50.811183,-66.811183,12.796250,0.000000,0.000000,0.000000,0.000000,0.000000,0.000000,85.770323,136.868064,1.809447,161.532317,-9.490800,3.150351,1.204529,10.072283,nan,nan,nan,0,nan,nan,nan,0,nan,nan,nan,nan,nan,nan,nan,nan,nan,nan,nan,nan,nan,nan,nan,nan,nan,nan,nan,nan,nan,nan,nan,nan,nan,nan,nan,nan,nan,nan,nan,nan,nan,nan,nan,nan,nan,nan,nan,nan,nan,nan,nan,nan,nan,nan,nan,nan,nan,nan,nan,nan,nan,nan,nan,nan,nan,nan,nan,nan,nan,nan,nan,nan,nan,nan,nan,nan,nan,nan,nan,nan,nan,nan,nan,nan,nan,nan,nan,nan
8.740,APPROACH,161.412192,85.294807,137.022611,1.869662,-9.510319,3.090928,1.204303,-50.811183,-66.811183,12.800338,0.000000,0.000000,-0.004303,0.000000,0.000000,0.000000,34.483624,70.211427,14.670000,-9.510319,3.090928,1.200000,0.000000,0.000000,161.995431,-50.811183,-66.811183,12.796250,0.000000,0.000000,0.000000,0.000000,0.000000,0.000000,85.294807,137.022611,1.869662,161.412192,-9.510319,3.090928,1.204303,10.072256,nan,nan,nan,0,nan,nan,nan,0,nan,nan,nan,nan,nan,nan,nan,nan,nan,nan,nan,nan,nan,nan,nan,nan,nan,nan,nan,nan,nan,nan,nan,nan,nan,nan,nan,nan,nan,nan,nan,nan,nan,nan,nan,nan,nan,nan,nan,nan,nan,nan,nan,nan,nan,nan,nan,nan,nan,nan,nan,nan,nan,nan,nan,nan,nan,nan,nan,nan,nan,nan,nan,nan,nan,nan,nan,nan,nan,nan,nan,nan,nan,nan,nan,nan,nan,nan,nan,nan
8.780,APPROACH,161.290514,84.818334,137.174180,1.929867,-9.529465,3.031387,1.204088,-50.811183,-66.811183,12.800133,0.000000,0.000000,-0.004088,0.000000,0.000000,0.000000,34.007151,70.362997,14.730000,-9.529465,3.031387,1.200000,0.000000,0.000000,162.353784,-50.811183,-66.811183,12.796250,0.000000,0.000000,0.000000,0.000000,0.000000,0.000000,84.818334,137.174180,1.929867,161.290514,-9.529465,3.031387,1.204088,10.072230,nan,nan,nan,0,nan,nan,nan,0,nan,nan,nan,nan,nan,nan,nan,nan,nan,nan,nan,nan,nan,nan,nan,nan,nan,nan,nan,nan,nan,nan,nan,nan,nan,nan,nan,nan,nan,nan,nan,nan,nan,nan,nan,nan,nan,nan,nan,nan,nan,nan,nan,nan,nan,nan,nan,nan,nan,nan,nan,nan,nan,nan,nan,nan,nan,nan,nan,nan,nan,nan,nan,nan,nan,nan,nan,nan,nan,nan,nan,nan,nan,nan,nan,nan,nan,nan,nan,nan
8.840,APPROACH,161.167285,84.340922,137.322766,1.990061,-9.548237,2.971729,1.203883,-50.811183,-66.811183,12.799939,0.000000,0.000000,-0.003883,0.000000,0.000000,0.000000,33.529739,70.511583,14.790000,-9.548237,2.971729,1.200000,0.000000,0.000000,162.712121,-50.811183,-66.811183,12.796250,0.000000,0.000000,0.000000,0.000000,0.000000,0.000000,84.340922,137.322766,1.990061,161.167285,-9.548237,2.971729,1.203883,10.072206,nan,nan,nan,0,nan,nan,nan,0,nan,nan,nan,nan,nan,nan,nan,nan,nan,nan,nan,nan,nan,nan,nan,nan,nan,nan,nan,nan,nan,nan,nan,nan,nan,nan,nan,nan,nan,nan,nan,nan,nan,nan,nan,nan,nan,nan,nan,nan,nan,nan,nan,nan,nan,nan,nan,nan,nan,nan,nan,nan,nan,nan,nan,nan,nan,nan,nan,nan,nan,nan,nan,nan,nan,nan,nan,nan,nan,nan,nan,nan,nan,nan,nan,nan,nan,nan,nan,nan
8.880,APPROACH,161.042506,83.862590,137.468364,2.050245,-9.566635,2.911957,1.203689,-50.811183,-66.811183,12.799755,0.000000,0.000000,-0.003689,0.000000,0.000000,0.000000,33.051407,70.657181,14.850000,-9.566635,2.911957,1.200000,0.000000,0.000000,163.070445,-50.811183,-66.811183,12.796250,0.000000,0.000000,0.000000,0.000000,0.000000,0.000000,83.862590,137.468364,2.050245,161.042506,-9.566635,2.911957,1.203689,10.072183,nan,nan,nan,0,nan,nan,nan,0,nan,nan,nan,nan,nan,nan,nan,nan,nan,nan,nan,nan,nan,nan,nan,nan,nan,nan,nan,nan,nan,nan,nan,nan,nan,nan,nan,nan,nan,nan,nan,nan,nan,nan,nan,nan,nan,nan,nan,nan,nan,nan,nan,nan,nan,nan,nan,nan,nan,nan,nan,nan,nan,nan,nan,nan,nan,nan,nan,nan,nan,nan,nan,nan,nan,nan,nan,nan,nan,nan,nan,nan,nan,nan,nan,nan,nan,nan,nan,nan
8.940,APPROACH,160.916179,83.383358,137.610968,2.110421,-9.584658,2.852074,1.203505,-50.811183,-66.811183,12.799579,0.000000,0.000000,-0.003505,0.000000,0.000000,0.000000,32.572174,70.799785,14.910000,-9.584658,2.852074,1.200000,0.000000,0.000000,163.428754,-50.811183,-66.811183,12.796250,0.000000,0.000000,0.000000,0.000000,0.000000,0.000000,83.383358,137.610968,2.110421,160.916179,-9.584658,2.852074,1.203505,10.072161,nan,nan,nan,0,nan,nan,nan,0,nan,nan,nan,nan,nan,nan,nan,nan,nan,nan,nan,nan,nan,nan,nan,nan,nan,nan,nan,nan,nan,nan,nan,nan,nan,nan,nan,nan,nan,nan,nan,nan,nan,nan,nan,nan,nan,nan,nan,nan,nan,nan,nan,nan,nan,nan,nan,nan,nan,nan,nan,nan,nan,nan,nan,nan,nan,nan,nan,nan,nan,nan,nan,nan,nan,nan,nan,nan,nan,nan,nan,nan,nan,nan,nan,nan,nan,nan,nan,nan
8.980,APPROACH,160.788305,82.903242,137.750572,2.170587,-9.602306,2.792081,1.203329,-50.811183,-66.811183,12.799413,0.000000,0.000000,-0.003329,0.000000,0.000000,0.000000,32.092059,70.939389,14.970000,-9.602306,2.792081,1.200000,0.000000,0.000000,163.787051,-50.811183,-66.811183,12.796250,0.000000,0.000000,0.000000,0.000000,0.000000,0.000000,82.903242,137.750572,2.170587,160.788305,-9.602306,2.792081,1.203329,10.072140,nan,nan,nan,0,nan,nan,nan,0,nan,nan,nan,nan,nan,nan,nan,nan,nan,nan,nan,nan,nan,nan,nan,nan,nan,nan,nan,nan,nan,nan,nan,nan,nan,nan,nan,nan,nan,nan,nan,nan,nan,nan,nan,nan,nan,nan,nan,nan,nan,nan,nan,nan,nan,nan,nan,nan,nan,nan,nan,nan,nan,nan,nan,nan,nan,nan,nan,nan,nan,nan,nan,nan,nan,nan,nan,nan,nan,nan,nan,nan,nan,nan,nan,nan,nan,nan,nan,nan
9.040,APPROACH,160.658886,82.422263,137.887171,2.230745,-9.619578,2.731982,1.203163,-50.811183,-66.811183,12.799255,0.000000,0.000000,-0.003163,0.000000,0.000000,0.000000,31.611080,71.075988,15.030000,-9.619578,2.731982,1.200000,0.000000,0.000000,164.145334,-50.811183,-66.811183,12.796250,0.000000,0.000000,0.000000,0.000000,0.000000,0.000000,82.422263,137.887171,2.230745,160.658886,-9.619578,2.731982,1.203163,10.072120,nan,nan,nan,0,nan,nan,nan,0,nan,nan,nan,nan,nan,nan,nan,nan,nan,nan,nan,nan,nan,nan,nan,nan,nan,nan,nan,nan,nan,nan,nan,nan,nan,nan,nan,nan,nan,nan,nan,nan,nan,nan,nan,nan,nan,nan,nan,nan,nan,nan,nan,nan,nan,nan,nan,nan,nan,nan,nan,nan,nan,nan,nan,nan,nan,nan,nan,nan,nan,nan,nan,nan,nan,nan,nan,nan,nan,nan,nan,nan,nan,nan,nan,nan,nan,nan,nan,nan
9.080,APPROACH,160.527923,81.940440,138.020760,2.290895,-9.636473,2.671777,1.203005,-50.811183,-66.811183,12.799105,0.000000,0.000000,-0.003005,0.000000,0.000000,0.000000,31.129257,71.209577,15.090000,-9.636473,2.671777,1.200000,0.000000,0.000000,164.503605,-50.811183,-66.811183,12.796250,0.000000,0.000000,0.000000,0.000000,0.000000,0.000000,81.940440,138.020760,2.290895,160.527923,-9.636473,2.671777,1.203005,10.072101,nan,nan,nan,0,nan,nan,nan,0,nan,nan,nan,nan,nan,nan,nan,nan,nan,nan,nan,nan,nan,nan,nan,nan,nan,nan,nan,nan,nan,nan,nan,nan,nan,nan,nan,nan,nan,nan,nan,nan,nan,nan,nan,nan,nan,nan,nan,nan,nan,nan,nan,nan,nan,nan,nan,nan,nan,nan,nan,nan,nan,nan,nan,nan,nan,nan,nan,nan,nan,nan,nan,nan,nan,nan,nan,nan,nan,nan,nan,nan,nan,nan,nan,nan,nan,nan,nan,nan
9.140,APPROACH,160.395417,81.457790,138.151333,2.351038,-9.652990,2.611471,1.202855,-50.811183,-66.811183,12.798962,0.000000,0.000000,-0.002855,0.000000,0.000000,0.000000,30.646607,71.340150,15.150000,-9.652990,2.611471,1.200000,0.000000,0.000000,164.861864,-50.811183,-66.811183,12.796250,0.000000,0.000000,0.000000,0.000000,0.000000,0.000000,81.457790,138.151333,2.351038,160.395417,-9.652990,2.611471,1.202855,10.072083,nan,nan,nan,0,nan,nan,nan,0,nan,nan,nan,nan,nan,nan,nan,nan,nan,nan,nan,nan,nan,nan,nan,nan,nan,nan,nan,nan,nan,nan,nan,nan,nan,nan,nan,nan,nan,nan,nan,nan,nan,nan,nan,nan,nan,nan,nan,nan,nan,nan,nan,nan,nan,nan,nan,nan,nan,nan,nan,nan,nan,nan,nan,nan,nan,nan,nan,nan,nan,nan,nan,nan,nan,nan,nan,nan,nan,nan,nan,nan,nan,nan,nan,nan,nan,nan,nan,nan
9.180,APPROACH,160.261371,80.974334,138.278887,2.411174,-9.669130,2.551064,1.202712,-50.811183,-66.811183,12.798826,0.000000,0.000000,-0.002712,0.000000,0.000000,0.000000,30.163151,71.467703,15.210000,-9.669130,2.551064,1.200000,0.000000,0.000000,165.220111,-50.811183,-66.811183,12.796250,0.000000,0.000000,0.000000,0.000000,0.000000,0.000000,80.974334,138.278887,2.411174,160.261371,-9.669130,2.551064,1.202712,10.072066,nan,nan,nan,0,nan,nan,nan,0,nan,nan,nan,nan,nan,nan,nan,nan,nan,nan,nan,nan,nan,nan,nan,nan,nan,nan,nan,nan,nan,nan,nan,nan,nan,nan,nan,nan,nan,nan,nan,nan,nan,nan,nan,nan,nan,nan,nan,nan,nan,nan,nan,nan,nan,nan,nan,nan,nan,nan,nan,nan,nan,nan,nan,nan,nan,nan,nan,nan,nan,nan,nan,nan,nan,nan,nan,nan,nan,nan,nan,nan,nan,nan,nan,nan,nan,nan,nan,nan
9.240,APPROACH,160.125785,80.490089,138.403415,2.471303,-9.684891,2.490559,1.202576,-50.811183,-66.811183,12.798697,0.000000,0.000000,-0.002576,0.000000,0.000000,0.000000,29.678906,71.592231,15.270000,-9.684891,2.490559,1.200000,0.000000,0.000000,165.578347,-50.811183,-66.811183,12.796250,0.000000,0.000000,0.000000,0.000000,0.000000,0.000000,80.490089,138.403415,2.471303,160.125785,-9.684891,2.490559,1.202576,10.072050,nan,nan,nan,0,nan,nan,nan,0,nan,nan,nan,nan,nan,nan,nan,nan,nan,nan,nan,nan,nan,nan,nan,nan,nan,nan,nan,nan,nan,nan,nan,nan,nan,nan,nan,nan,nan,nan,nan,nan,nan,nan,nan,nan,nan,nan,nan,nan,nan,nan,nan,nan,nan,nan,nan,nan,nan,nan,nan,nan,nan,nan,nan,nan,nan,nan,nan,nan,nan,nan,nan,nan,nan,nan,nan,nan,nan,nan,nan,nan,nan,nan,nan,nan,nan,nan,nan,nan
9.280,APPROACH,159.988661,80.005076,138.524913,2.531425,-9.700273,2.429959,1.202447,-50.811183,-66.811183,12.798575,0.000000,0.000000,-0.002447,0.000000,0.000000,0.000000,29.193892,71.713729,15.330000,-9.700273,2.429959,1.200000,0.000000,0.000000,165.936571,-50.811183,-66.811183,12.796250,0.000000,0.000000,0.000000,0.000000,0.000000,0.000000,80.005076,138.524913,2.531425,159.988661,-9.700273,2.429959,1.202447,10.072035,nan,nan,nan,0,nan,nan,nan,0,nan,nan,nan,nan,nan,nan,nan,nan,nan,nan,nan,nan,nan,nan,nan,nan,nan,nan,nan,nan,nan,nan,nan,nan,nan,nan,nan,nan,nan,nan,nan,nan,nan,nan,nan,nan,nan,nan,nan,nan,nan,nan,nan,nan,nan,nan,nan,nan,nan,nan,nan,nan,nan,nan,nan,nan,nan,nan,nan,nan,nan,nan,nan,nan,nan,nan,nan,nan,nan,nan,nan,nan,nan,nan,nan,nan,nan,nan,nan,nan
9.340,APPROACH,159.850001,79.519312,138.643376,2.591541,-9.715276,2.369266,1.202325,-50.811183,-66.811183,12.798459,0.000000,0.000000,-0.002325,0.000000,0.000000,0.000000,28.708129,71.832193,15.390000,-9.715276,2.369266,1.200000,0.000000,0.000000,166.294785,-50.811183,-66.811183,12.796250,0.000000,0.000000,0.000000,0.000000,0.000000,0.000000,79.519312,138.643376,2.591541,159.850001,-9.715276,2.369266,1.202325,10.072020,nan,nan,nan,0,nan,nan,nan,0,nan,nan,nan,nan,nan,nan,nan,nan,nan,nan,nan,nan,nan,nan,nan,nan,nan,nan,nan,nan,nan,nan,nan,nan,nan,nan,nan,nan,nan,nan,nan,nan,nan,nan,nan,nan,nan,nan,nan,nan,nan,nan,nan,nan,nan,nan,nan,nan,nan,nan,nan,nan,nan,nan,nan,nan,nan,nan,nan,nan,nan,nan,nan,nan,nan,nan,nan,nan,nan,nan,nan,nan,nan,nan,nan,nan,nan,nan,nan,nan
9.380,APPROACH,159.709805,79.032817,138.758800,2.651652,-9.729898,2.308482,1.202209,-50.811183,-66.811183,12.798348,0.000000,0.000000,-0.002209,0.000000,0.000000,0.000000,28.221634,71.947617,15.450000,-9.729898,2.308482,1.200000,0.000000,0.000000,166.652989,-50.811183,-66.811183,12.796250,0.000000,0.000000,0.000000,0.000000,0.000000,0.000000,79.032817,138.758800,2.651652,159.709805,-9.729898,2.308482,1.202209,10.072006,nan,nan,nan,0,nan,nan,nan,0,nan,nan,nan,nan,nan,nan,nan,nan,nan,nan,nan,nan,nan,nan,nan,nan,nan,nan,nan,nan,nan,nan,nan,nan,nan,nan,nan,nan,nan,nan,nan,nan,nan,nan,nan,nan,nan,nan,nan,nan,nan,nan,nan,nan,nan,nan,nan,nan,nan,nan,nan,nan,nan,nan,nan,nan,nan,nan,nan,nan,nan,nan,nan,nan,nan,nan,nan,nan,nan,nan,nan,nan,nan,nan,nan,nan,nan,nan,nan,nan
9.440,APPROACH,159.568077,78.545610,138.871180,2.711757,-9.744139,2.247609,1.202098,-50.811183,-66.811183,12.798243,0.000000,0.000000,-0.002098,0.000000,0.000000,0.000000,27.734427,72.059997,15.510000,-9.744139,2.247609,1.200000,0.000000,0.000000,167.011182,-50.811183,-66.811183,12.796250,0.000000,0.000000,0.000000,0.000000,0.000000,0.000000,78.545610,138.871180,2.711757,159.568077,-9.744139,2.247609,1.202098,10.071993,nan,nan,nan,0,nan,nan,nan,0,nan,nan,nan,nan,nan,nan,nan,nan,nan,nan,nan,nan,nan,nan,nan,nan,nan,nan,nan,nan,nan,nan,nan,nan,nan,nan,nan,nan,nan,nan,nan,nan,nan,nan,nan,nan,nan,nan,nan,nan,nan,nan,nan,nan,nan,nan,nan,nan,nan,nan,nan,nan,nan,nan,nan,nan,nan,nan,nan,nan,nan,nan,nan,nan,nan,nan,nan,nan,nan,nan,nan,nan,nan,nan,nan,nan,nan,nan,nan,nan
9.480,APPROACH,159.424817,78.057710,138.980513,2.771856,-9.758000,2.186650,1.201993,-50.811183,-66.811183,12.798144,0.000000,0.000000,-0.001993,0.000000,0.000000,0.000000,27.246527,72.169330,15.570000,-9.758000,2.186650,1.200000,0.000000,0.000000,167.369365,-50.811183,-66.811183,12.796250,0.000000,0.000000,0.000000,0.000000,0.000000,0.000000,78.057710,138.980513,2.771856,159.424817,-9.758000,2.186650,1.201993,10.071980,nan,nan,nan,0,nan,nan,nan,0,nan,nan,nan,nan,nan,nan,nan,nan,nan,nan,nan,nan,nan,nan,nan,nan,nan,nan,nan,nan,nan,nan,nan,nan,nan,nan,nan,nan,nan,nan,nan,nan,nan,nan,nan,nan,nan,nan,nan,nan,nan,nan,nan,nan,nan,nan,nan,nan,nan,nan,nan,nan,nan,nan,nan,nan,nan,nan,nan,nan,nan,nan,nan,nan,nan,nan,nan,nan,nan,nan,nan,nan,nan,nan,nan,nan,nan,nan,nan,nan
9.540,APPROACH,159.280027,77.569136,139.086793,2.831951,-9.771479,2.125607,1.201894,-50.811183,-66.811183,12.798049,0.000000,0.000000,-0.001894,0.000000,0.000000,0.000000,26.757953,72.275610,15.630000,-9.771479,2.125607,1.200000,0.000000,0.000000,167.727539,-50.811183,-66.811183,12.796250,0.000000,0.000000,0.000000,0.000000,0.000000,0.000000,77.569136,139.086793,2.831951,159.280027,-9.771479,2.125607,1.201894,10.071968,nan,nan,nan,0,nan,nan,nan,0,nan,nan,nan,nan,nan,nan,nan,nan,nan,nan,nan,nan,nan,nan,nan,nan,nan,nan,nan,nan,nan,nan,nan,nan,nan,nan,nan,nan,nan,nan,nan,nan,nan,nan,nan,nan,nan,nan,nan,nan,nan,nan,nan,nan,nan,nan,nan,nan,nan,nan,nan,nan,nan,nan,nan,nan,nan,nan,nan,nan,nan,nan,nan,nan,nan,nan,nan,nan,nan,nan,nan,nan,nan,nan,nan,nan,nan,nan,nan,nan
9.580,APPROACH,159.133708,77.079907,139.190017,2.892041,-9.784575,2.064483,1.201799,-50.811183,-66.811183,12.797959,0.000000,0.000000,-0.001799,0.000000,0.000000,0.000000,26.268724,72.378834,15.690000,-9.784575,2.064483,1.200000,0.000000,0.000000,168.085704,-50.811183,-66.811183,12.796250,0.000000,0.000000,0.000000,0.000000,0.000000,0.000000,77.079907,139.190017,2.892041,159.133708,-9.784575,2.064483,1.201799,10.071957,nan,nan,nan,0,nan,nan,nan,0,nan,nan,nan,nan,nan,nan,nan,nan,nan,nan,nan,nan,nan,nan,nan,nan,nan,nan,nan,nan,nan,nan,nan,nan,nan,nan,nan,nan,nan,nan,nan,nan,nan,nan,nan,nan,nan,nan,nan,nan,nan,nan,nan,nan,nan,nan,nan,nan,nan,nan,nan,nan,nan,nan,nan,nan,nan,nan,nan,nan,nan,nan,nan,nan,nan,nan,nan,nan,nan,nan,nan,nan,nan,nan,nan,nan,nan,nan,nan,nan
9.641,APPROACH,158.985862,76.590043,139.290181,2.952126,-9.797289,2.003280,1.201709,-50.811183,-66.811183,12.797874,0.000000,0.000000,-0.001709,0.000000,0.000000,0.000000,25.778860,72.478998,15.750000,-9.797289,2.003280,1.200000,0.000000,0.000000,168.443860,-50.811183,-66.811183,12.796250,0.000000,0.000000,0.000000,0.000000,0.000000,0.000000,76.590043,139.290181,2.952126,158.985862,-9.797289,2.003280,1.201709,10.071946,nan,nan,nan,0,nan,nan,nan,0,nan,nan,nan,nan,nan,nan,nan,nan,nan,nan,nan,nan,nan,nan,nan,nan,nan,nan,nan,nan,nan,nan,nan,nan,nan,nan,nan,nan,nan,nan,nan,nan,nan,nan,nan,nan,nan,nan,nan,nan,nan,nan,nan,nan,nan,nan,nan,nan,nan,nan,nan,nan,nan,nan,nan,nan,nan,nan,nan,nan,nan,nan,nan,nan,nan,nan,nan,nan,nan,nan,nan,nan,nan,nan,nan,nan,nan,nan,nan,nan
9.680,APPROACH,158.836491,76.099562,139.387281,3.012208,-9.809620,1.942000,1.201624,-50.811183,-66.811183,12.797792,0.000000,0.000000,-0.001624,0.000000,0.000000,0.000000,25.288379,72.576098,15.810000,-9.809620,1.942000,1.200000,0.000000,0.000000,168.802007,-50.811183,-66.811183,12.796250,0.000000,0.000000,0.000000,0.000000,0.000000,0.000000,76.099562,139.387281,3.012208,158.836491,-9.809620,1.942000,1.201624,10.071936,nan,nan,nan,0,nan,nan,nan,0,nan,nan,nan,nan,nan,nan,nan,nan,nan,nan,nan,nan,nan,nan,nan,nan,nan,nan,nan,nan,nan,nan,nan,nan,nan,nan,nan,nan,nan,nan,nan,nan,nan,nan,nan,nan,nan,nan,nan,nan,nan,nan,nan,nan,nan,nan,nan,nan,nan,nan,nan,nan,nan,nan,nan,nan,nan,nan,nan,nan,nan,nan,nan,nan,nan,nan,nan,nan,nan,nan,nan,nan,nan,nan,nan,nan,nan,nan,nan,nan
9.740,APPROACH,158.685597,75.608483,139.481314,3.072285,-9.821567,1.880645,1.201542,-50.811183,-66.811183,12.797715,0.000000,0.000000,-0.001542,0.000000,0.000000,0.000000,24.797300,72.670131,15.870000,-9.821567,1.880645,1.200000,0.000000,0.000000,169.160145,-50.811183,-66.811183,12.796250,0.000000,0.000000,0.000000,0.000000,0.000000,0.000000,75.608483,139.481314,3.072285,158.685597,-9.821567,1.880645,1.201542,10.071927,nan,nan,nan,0,nan,nan,nan,0,nan,nan,nan,nan,nan,nan,nan,nan,nan,nan,nan,nan,nan,nan,nan,nan,nan,nan,nan,nan,nan,nan,nan,nan,nan,nan,nan,nan,nan,nan,nan,nan,nan,nan,nan,nan,nan,nan,nan,nan,nan,nan,nan,nan,nan,nan,nan,nan,nan,nan,nan,nan,nan,nan,nan,nan,nan,nan,nan,nan,nan,nan,nan,nan,nan,nan,nan,nan,nan,nan,nan,nan,nan,nan,nan,nan,nan,nan,nan,nan
9.780,APPROACH,158.533180,75.116827,139.572275,3.132358,-9.833130,1.819219,1.201465,-50.811183,-66.811183,12.797642,0.000000,0.000000,-0.001465,0.000000,0.000000,0.000000,24.305644,72.761091,15.930000,-9.833130,1.819219,1.200000,0.000000,0.000000,169.518276,-50.811183,-66.811183,12.796250,0.000000,0.000000,0.000000,0.000000,0.000000,0.000000,75.116827,139.572275,3.132358,158.533180,-9.833130,1.819219,1.201465,10.071917,nan,nan,nan,0,nan,nan,nan,0,nan,nan,nan,nan,nan,nan,nan,nan,nan,nan,nan,nan,nan,nan,nan,nan,nan,nan,nan,nan,nan,nan,nan,nan,nan,nan,nan,nan,nan,nan,nan,nan,nan,nan,nan,nan,nan,nan,nan,nan,nan,nan,nan,nan,nan,nan,nan,nan,nan,nan,nan,nan,nan,nan,nan,nan,nan,nan,nan,nan,nan,nan,nan,nan,nan,nan,nan,nan,nan,nan,nan,nan,nan,nan,nan,nan,nan,nan,nan,nan
9.840,APPROACH,158.379243,74.624612,139.660161,3.192428,-9.844309,1.757723,1.201392,-50.811183,-66.811183,12.797572,0.000000,0.000000,-0.001392,0.000000,0.000000,0.000000,23.813428,72.848978,15.990000,-9.844309,1.757723,1.200000,0.000000,0.000000,169.876398,-50.811183,-66.811183,12.796250,0.000000,0.000000,0.000000,0.000000,0.000000,0.000000,74.624612,139.660161,3.192428,158.379243,-9.844309,1.757723,1.201392,10.071909,nan,nan,nan,0,nan,nan,nan,0,nan,nan,nan,nan,nan,nan,nan,nan,nan,nan,nan,nan,nan,nan,nan,nan,nan,nan,nan,nan,nan,nan,nan,nan,nan,nan,nan,nan,nan,nan,nan,nan,nan,nan,nan,nan,nan,nan,nan,nan,nan,nan,nan,nan,nan,nan,nan,nan,nan,nan,nan,nan,nan,nan,nan,nan,nan,nan,nan,nan,nan,nan,nan,nan,nan,nan,nan,nan,nan,nan,nan,nan,nan,nan,nan,nan,nan,nan,nan,nan
9.880,APPROACH,158.223788,74.131856,139.744969,3.252494,-9.855102,1.696159,1.201322,-50.811183,-66.811183,12.797506,0.000000,0.000000,-0.001322,0.000000,0.000000,0.000000,23.320673,72.933786,16.050000,-9.855102,1.696159,1.200000,0.000000,0.000000,170.234513,-50.811183,-66.811183,12.796250,0.000000,0.000000,0.000000,0.000000,0.000000,0.000000,74.131856,139.744969,3.252494,158.223788,-9.855102,1.696159,1.201322,10.071900,nan,nan,nan,0,nan,nan,nan,0,nan,nan,nan,nan,nan,nan,nan,nan,nan,nan,nan,nan,nan,nan,nan,nan,nan,nan,nan,nan,nan,nan,nan,nan,nan,nan,nan,nan,nan,nan,nan,nan,nan,nan,nan,nan,nan,nan,nan,nan,nan,nan,nan,nan,nan,nan,nan,nan,nan,nan,nan,nan,nan,nan,nan,nan,nan,nan,nan,nan,nan,nan,nan,nan,nan,nan,nan,nan,nan,nan,nan,nan,nan,nan,nan,nan,nan,nan,nan,nan
9.940,APPROACH,158.066816,73.638581,139.826695,3.312556,-9.865511,1.634530,1.201256,-50.811183,-66.811183,12.797444,0.000000,0.000000,-0.001256,0.000000,0.000000,0.000000,22.827398,73.015512,16.110000,-9.865511,1.634530,1.200000,0.000000,0.000000,170.592620,-50.811183,-66.811183,12.796250,0.000000,0.000000,0.000000,0.000000,0.000000,0.000000,73.638581,139.826695,3.312556,158.066816,-9.865511,1.634530,1.201256,10.071892,nan,nan,nan,0,nan,nan,nan,0,nan,nan,nan,nan,nan,nan,nan,nan,nan,nan,nan,nan,nan,nan,nan,nan,nan,nan,nan,nan,nan,nan,nan,nan,nan,nan,nan,nan,nan,nan,nan,nan,nan,nan,nan,nan,nan,nan,nan,nan,nan,nan,nan,nan,nan,nan,nan,nan,nan,nan,nan,nan,nan,nan,nan,nan,nan,nan,nan,nan,nan,nan,nan,nan,nan,nan,nan,nan,nan,nan,nan,nan,nan,nan,nan,nan,nan,nan,nan,nan
9.980,APPROACH,157.908329,73.144804,139.905337,3.372616,-9.875534,1.572839,1.201194,-50.811183,-66.811183,12.797384,0.000000,0.000000,-0.001194,0.000000,0.000000,0.000000,22.333621,73.094154,16.170000,-9.875534,1.572839,1.200000,0.000000,0.000000,170.950720,-50.811183,-66.811183,12.796250,0.000000,0.000000,0.000000,0.000000,0.000000,0.000000,73.144804,139.905337,3.372616,157.908329,-9.875534,1.572839,1.201194,10.071885,nan,nan,nan,0,nan,nan,nan,0,nan,nan,nan,nan,nan,nan,nan,nan,nan,nan,nan,nan,nan,nan,nan,nan,nan,nan,nan,nan,nan,nan,nan,nan,nan,nan,nan,nan,nan,nan,nan,nan,nan,nan,nan,nan,nan,nan,nan,nan,nan,nan,nan,nan,nan,nan,nan,nan,nan,nan,nan,nan,nan,nan,nan,nan,nan,nan,nan,nan,nan,nan,nan,nan,nan,nan,nan,nan,nan,nan,nan,nan,nan,nan,nan,nan,nan,nan,nan,nan
10.040,APPROACH,157.748328,72.650546,139.980892,3.432673,-9.885171,1.511088,1.201134,-50.811183,-66.811183,12.797327,0.000000,0.000000,-0.001134,0.000000,0.000000,0.000000,21.839362,73.169708,16.230000,-9.885171,1.511088,1.200000,0.000000,0.000000,171.308814,-50.811183,-66.811183,12.796250,0.000000,0.000000,0.000000,0.000000,0.000000,0.000000,72.650546,139.980892,3.432673,157.748328,-9.885171,1.511088,1.201134,10.071878,nan,nan,nan,0,nan,nan,nan,0,nan,nan,nan,nan,nan,nan,nan,nan,nan,nan,nan,nan,nan,nan,nan,nan,nan,nan,nan,nan,nan,nan,nan,nan,nan,nan,nan,nan,nan,nan,nan,nan,nan,nan,nan,nan,nan,nan,nan,nan,nan,nan,nan,nan,nan,nan,nan,nan,nan,nan,nan,nan,nan,nan,nan,nan,nan,nan,nan,nan,nan,nan,nan,nan,nan,nan,nan,nan,nan,nan,nan,nan,nan,nan,nan,nan,nan,nan,nan,nan
10.080,APPROACH,157.586816,72.155824,140.053355,3.492727,-9.894422,1.449278,1.201077,-50.811183,-66.811183,12.797273,0.000000,0.000000,-0.001077,0.000000,0.000000,0.000000,21.344641,73.242172,16.290000,-9.894422,1.449278,1.200000,0.000000,0.000000,171.666900,-50.811183,-66.811183,12.796250,0.000000,0.000000,0.000000,0.000000,0.000000,0.000000,72.155824,140.053355,3.492727,157.586816,-9.894422,1.449278,1.201077,10.071871,nan,nan,nan,0,nan,nan,nan,0,nan,nan,nan,nan,nan,nan,nan,nan,nan,nan,nan,nan,nan,nan,nan,nan,nan,nan,nan,nan,nan,nan,nan,nan,nan,nan,nan,nan,nan,nan,nan,nan,nan,nan,nan,nan,nan,nan,nan,nan,nan,nan,nan,nan,nan,nan,nan,nan,nan,nan,nan,nan,nan,nan,nan,nan,nan,nan,nan,nan,nan,nan,nan,nan,nan,nan,nan,nan,nan,nan,nan,nan,nan,nan,nan,nan,nan,nan,nan,nan
10.140,APPROACH,157.423794,71.660660,140.122726,3.552778,-9.903287,1.387414,1.201023,-50.811183,-66.811183,12.797222,0.000000,0.000000,-0.001023,0.000000,0.000000,0.000000,20.849477,73.311543,16.350000,-9.903287,1.387414,1.200000,0.000000,0.000000,172.024980,-50.811183,-66.811183,12.796250,0.000000,0.000000,0.000000,0.000000,0.000000,0.000000,71.660660,140.122726,3.552778,157.423794,-9.903287,1.387414,1.201023,10.071865,nan,nan,nan,0,nan,nan,nan,0,nan,nan,nan,nan,nan,nan,nan,nan,nan,nan,nan,nan,nan,nan,nan,nan,nan,nan,nan,nan,nan,nan,nan,nan,nan,nan,nan,nan,nan,nan,nan,nan,nan,nan,nan,nan,nan,nan,nan,nan,nan,nan,nan,nan,nan,nan,nan,nan,nan,nan,nan,nan,nan,nan,nan,nan,nan,nan,nan,nan,nan,nan,nan,nan,nan,nan,nan,nan,nan,nan,nan,nan,nan,nan,nan,nan,nan,nan,nan,nan
10.180,APPROACH,157.259264,71.165072,140.189001,3.612826,-9.911764,1.325496,1.200972,-50.811183,-66.811183,12.797174,0.000000,0.000000,-0.000972,0.000000,0.000000,0.000000,20.353889,73.377818,16.410000,-9.911764,1.325496,1.200000,0.000000,0.000000,172.383053,-50.811183,-66.811183,12.796250,0.000000,0.000000,0.000000,0.000000,0.000000,0.000000,71.165072,140.189001,3.612826,157.259264,-9.911764,1.325496,1.200972,10.071859,nan,nan,nan,0,nan,nan,nan,0,nan,nan,nan,nan,nan,nan,nan,nan,nan,nan,nan,nan,nan,nan,nan,nan,nan,nan,nan,nan,nan,nan,nan,nan,nan,nan,nan,nan,nan,nan,nan,nan,nan,nan,nan,nan,nan,nan,nan,nan,nan,nan,nan,nan,nan,nan,nan,nan,nan,nan,nan,nan,nan,nan,nan,nan,nan,nan,nan,nan,nan,nan,nan,nan,nan,nan,nan,nan,nan,nan,nan,nan,nan,nan,nan,nan,nan,nan,nan,nan
10.240,APPROACH,157.093227,70.669079,140.252177,3.672873,-9.919854,1.263527,1.200924,-50.811183,-66.811183,12.797127,0.000000,0.000000,-0.000924,0.000000,0.000000,0.000000,19.857896,73.440994,16.470000,-9.919854,1.263527,1.200000,0.000000,0.000000,172.741120,-50.811183,-66.811183,12.796250,0.000000,0.000000,0.000000,0.000000,0.000000,0.000000,70.669079,140.252177,3.672873,157.093227,-9.919854,1.263527,1.200924,10.071853,nan,nan,nan,0,nan,nan,nan,0,nan,nan,nan,nan,nan,nan,nan,nan,nan,nan,nan,nan,nan,nan,nan,nan,nan,nan,nan,nan,nan,nan,nan,nan,nan,nan,nan,nan,nan,nan,nan,nan,nan,nan,nan,nan,nan,nan,nan,nan,nan,nan,nan,nan,nan,nan,nan,nan,nan,nan,nan,nan,nan,nan,nan,nan,nan,nan,nan,nan,nan,nan,nan,nan,nan,nan,nan,nan,nan,nan,nan,nan,nan,nan,nan,nan,nan,nan,nan,nan
10.280,APPROACH,156.925686,70.172701,140.312253,3.732917,-9.927556,1.201510,1.200877,-50.811183,-66.811183,12.797083,0.000000,0.000000,-0.000877,0.000000,0.000000,0.000000,19.361518,73.501070,16.530000,-9.927556,1.201510,1.200000,0.000000,0.000000,173.099181,-50.811183,-66.811183,12.796250,0.000000,0.000000,0.000000,0.000000,0.000000,0.000000,70.172701,140.312253,3.732917,156.925686,-9.927556,1.201510,1.200877,10.071847,nan,nan,nan,0,nan,nan,nan,0,nan,nan,nan,nan,nan,nan,nan,nan,nan,nan,nan,nan,nan,nan,nan,nan,nan,nan,nan,nan,nan,nan,nan,nan,nan,nan,nan,nan,nan,nan,nan,nan,nan,nan,nan,nan,nan,nan,nan,nan,nan,nan,nan,nan,nan,nan,nan,nan,nan,nan,nan,nan,nan,nan,nan,nan,nan,nan,nan,nan,nan,nan,nan,nan,nan,nan,nan,nan,nan,nan,nan,nan,nan,nan,nan,nan,nan,nan,nan,nan
10.340,APPROACH,156.756643,69.675958,140.369225,3.792958,-9.934871,1.139448,1.200833,-50.811183,-66.811183,12.797042,0.000000,0.000000,-0.000833,0.000000,0.000000,0.000000,18.864775,73.558042,16.590000,-9.934871,1.139448,1.200000,0.000000,0.000000,173.457236,-50.811183,-66.811183,12.796250,0.000000,0.000000,0.000000,0.000000,0.000000,0.000000,69.675958,140.369225,3.792958,156.756643,-9.934871,1.139448,1.200833,10.071842,nan,nan,nan,0,nan,nan,nan,0,nan,nan,nan,nan,nan,nan,nan,nan,nan,nan,nan,nan,nan,nan,nan,nan,nan,nan,nan,nan,nan,nan,nan,nan,nan,nan,nan,nan,nan,nan,nan,nan,nan,nan,nan,nan,nan,nan,nan,nan,nan,nan,nan,nan,nan,nan,nan,nan,nan,nan,nan,nan,nan,nan,nan,nan,nan,nan,nan,nan,nan,nan,nan,nan,nan,nan,nan,nan,nan,nan,nan,nan,nan,nan,nan,nan,nan,nan,nan,nan
10.380,APPROACH,156.586098,69.178868,140.423092,3.852998,-9.941797,1.077341,1.200792,-50.811183,-66.811183,12.797002,0.000000,0.000000,-0.000792,0.000000,0.000000,0.000000,18.367685,73.611909,16.650000,-9.941797,1.077341,1.200000,0.000000,0.000000,173.815286,-50.811183,-66.811183,12.796250,0.000000,0.000000,0.000000,0.000000,0.000000,0.000000,69.178868,140.423092,3.852998,156.586098,-9.941797,1.077341,1.200792,10.071837,nan,nan,nan,0,nan,nan,nan,0,nan,nan,nan,nan,nan,nan,nan,nan,nan,nan,nan,nan,nan,nan,nan,nan,nan,nan,nan,nan,nan,nan,nan,nan,nan,nan,nan,nan,nan,nan,nan,nan,nan,nan,nan,nan,nan,nan,nan,nan,nan,nan,nan,nan,nan,nan,nan,nan,nan,nan,nan,nan,nan,nan,nan,nan,nan,nan,nan,nan,nan,nan,nan,nan,nan,nan,nan,nan,nan,nan,nan,nan,nan,nan,nan,nan,nan,nan,nan,nan
10.440,APPROACH,156.414055,68.681451,140.473852,3.913035,-9.948336,1.015194,1.200752,-50.811183,-66.811183,12.796965,0.000000,0.000000,-0.000752,0.000000,0.000000,0.000000,17.870268,73.662669,16.710000,-9.948336,1.015194,1.200000,0.000000,0.000000,174.173330,-50.811183,-66.811183,12.796250,0.000000,0.000000,0.000000,0.000000,0.000000,0.000000,68.681451,140.473852,3.913035,156.414055,-9.948336,1.015194,1.200752,10.071832,nan,nan,nan,0,nan,nan,nan,0,nan,nan,nan,nan,nan,nan,nan,nan,nan,nan,nan,nan,nan,nan,nan,nan,nan,nan,nan,nan,nan,nan,nan,nan,nan,nan,nan,nan,nan,nan,nan,nan,nan,nan,nan,nan,nan,nan,nan,nan,nan,nan,nan,nan,nan,nan,nan,nan,nan,nan,nan,nan,nan,nan,nan,nan,nan,nan,nan,nan,nan,nan,nan,nan,nan,nan,nan,nan,nan,nan,nan,nan,nan,nan,nan,nan,nan,nan,nan,nan
10.480,APPROACH,156.240515,68.183727,140.521502,3.973071,-9.954485,0.953008,1.200715,-50.811183,-66.811183,12.796929,0.000000,0.000000,-0.000715,0.000000,0.000000,0.000000,17.372544,73.710319,16.770000,-9.954485,0.953008,1.200000,0.000000,0.000000,174.531369,-50.811183,-66.811183,12.796250,0.000000,0.000000,0.000000,0.000000,0.000000,0.000000,68.183727,140.521502,3.973071,156.240515,-9.954485,0.953008,1.200715,10.071828,nan,nan,nan,0,nan,nan,nan,0,nan,nan,nan,nan,nan,nan,nan,nan,nan,nan,nan,nan,nan,nan,nan,nan,nan,nan,nan,nan,nan,nan,nan,nan,nan,nan,nan,nan,nan,nan,nan,nan,nan,nan,nan,nan,nan,nan,nan,nan,nan,nan,nan,nan,nan,nan,nan,nan,nan,nan,nan,nan,nan,nan,nan,nan,nan,nan,nan,nan,nan,nan,nan,nan,nan,nan,nan,nan,nan,nan,nan,nan,nan,nan,nan,nan,nan,nan,nan,nan
10.540,APPROACH,156.065480,67.685715,140.566042,4.033105,-9.960246,0.890785,1.200679,-50.811183,-66.811183,12.796895,0.000000,0.000000,-0.000679,0.000000,0.000000,0.000000,16.874531,73.754858,16.830000,-9.960246,0.890785,1.200000,0.000000,0.000000,174.889402,-50.811183,-66.811183,12.796250,0.000000,0.000000,0.000000,0.000000,0.000000,0.000000,67.685715,140.566042,4.033105,156.065480,-9.960246,0.890785,1.200679,10.071824,nan,nan,nan,0,nan,nan,nan,0,nan,nan,nan,nan,nan,nan,nan,nan,nan,nan,nan,nan,nan,nan,nan,nan,nan,nan,nan,nan,nan,nan,nan,nan,nan,nan,nan,nan,nan,nan,nan,nan,nan,nan,nan,nan,nan,nan,nan,nan,nan,nan,nan,nan,nan,nan,nan,nan,nan,nan,nan,nan,nan,nan,nan,nan,nan,nan,nan,nan,nan,nan,nan,nan,nan,nan,nan,nan,nan,nan,nan,nan,nan,nan,nan,nan,nan,nan,nan,nan
10.580,APPROACH,155.888951,67.187434,140.607468,4.093137,-9.965618,0.828529,1.200645,-50.811183,-66.811183,12.796863,0.000000,0.000000,-0.000645,0.000000,0.000000,0.000000,16.376251,73.796285,16.890000,-9.965618,0.828529,1.200000,0.000000,0.000000,175.247431,-50.811183,-66.811183,12.796250,0.000000,0.000000,0.000000,0.000000,0.000000,0.000000,67.187434,140.607468,4.093137,155.888951,-9.965618,0.828529,1.200645,10.071820,nan,nan,nan,0,nan,nan,nan,0,nan,nan,nan,nan,nan,nan,nan,nan,nan,nan,nan,nan,nan,nan,nan,nan,nan,nan,nan,nan,nan,nan,nan,nan,nan,nan,nan,nan,nan,nan,nan,nan,nan,nan,nan,nan,nan,nan,nan,nan,nan,nan,nan,nan,nan,nan,nan,nan,nan,nan,nan,nan,nan,nan,nan,nan,nan,nan,nan,nan,nan,nan,nan,nan,nan,nan,nan,nan,nan,nan,nan,nan,nan,nan,nan,nan,nan,nan,nan,nan
10.640,APPROACH,155.710931,66.688904,140.645780,4.153168,-9.970601,0.766241,1.200613,-50.811183,-66.811183,12.796832,0.000000,0.000000,-0.000613,0.000000,0.000000,0.000000,15.877721,73.834597,16.950000,-9.970601,0.766241,1.200000,0.000000,0.000000,175.605454,-50.811183,-66.811183,12.796250,0.000000,0.000000,0.000000,0.000000,0.000000,0.000000,66.688904,140.645780,4.153168,155.710931,-9.970601,0.766241,1.200613,10.071816,nan,nan,nan,0,nan,nan,nan,0,nan,nan,nan,nan,nan,nan,nan,nan,nan,nan,nan,nan,nan,nan,nan,nan,nan,nan,nan,nan,nan,nan,nan,nan,nan,nan,nan,nan,nan,nan,nan,nan,nan,nan,nan,nan,nan,nan,nan,nan,nan,nan,nan,nan,nan,nan,nan,nan,nan,nan,nan,nan,nan,nan,nan,nan,nan,nan,nan,nan,nan,nan,nan,nan,nan,nan,nan,nan,nan,nan,nan,nan,nan,nan,nan,nan,nan,nan,nan,nan
10.680,APPROACH,155.531422,66.190144,140.680976,4.213197,-9.975194,0.703924,1.200582,-50.811183,-66.811183,12.796803,0.000000,0.000000,-0.000582,0.000000,0.000000,0.000000,15.378961,73.869793,17.010000,-9.975194,0.703924,1.200000,0.000000,0.000000,175.963473,-50.811183,-66.811183,12.796250,0.000000,0.000000,0.000000,0.000000,0.000000,0.000000,66.190144,140.680976,4.213197,155.531422,-9.975194,0.703924,1.200582,10.071812,nan,nan,nan,0,nan,nan,nan,0,nan,nan,nan,nan,nan,nan,nan,nan,nan,nan,nan,nan,nan,nan,nan,nan,nan,nan,nan,nan,nan,nan,nan,nan,nan,nan,nan,nan,nan,nan,nan,nan,nan,nan,nan,nan,nan,nan,nan,nan,nan,nan,nan,nan,nan,nan,nan,nan,nan,nan,nan,nan,nan,nan,nan,nan,nan,nan,nan,nan,nan,nan,nan,nan,nan,nan,nan,nan,nan,nan,nan,nan,nan,nan,nan,nan,nan,nan,nan,nan
10.740,APPROACH,155.350426,65.691174,140.713055,4.273225,-9.979397,0.641581,1.200553,-50.811183,-66.811183,12.796775,0.000000,0.000000,-0.000553,0.000000,0.000000,0.000000,14.879991,73.901872,17.070000,-9.979397,0.641581,1.200000,0.000000,0.000000,176.321488,-50.811183,-66.811183,12.796250,0.000000,0.000000,0.000000,0.000000,0.000000,0.000000,65.691174,140.713055,4.273225,155.350426,-9.979397,0.641581,1.200553,10.071809,nan,nan,nan,0,nan,nan,nan,0,nan,nan,nan,nan,nan,nan,nan,nan,nan,nan,nan,nan,nan,nan,nan,nan,nan,nan,nan,nan,nan,nan,nan,nan,nan,nan,nan,nan,nan,nan,nan,nan,nan,nan,nan,nan,nan,nan,nan,nan,nan,nan,nan,nan,nan,nan,nan,nan,nan,nan,nan,nan,nan,nan,nan,nan,nan,nan,nan,nan,nan,nan,nan,nan,nan,nan,nan,nan,nan,nan,nan,nan,nan,nan,nan,nan,nan,nan,nan,nan
10.780,APPROACH,155.167944,65.192014,140.742016,4.333251,-9.983212,0.579213,1.200525,-50.811183,-66.811183,12.796749,0.000000,0.000000,-0.000525,0.000000,0.000000,0.000000,14.380830,73.930833,17.130000,-9.983212,0.579213,1.200000,0.000000,0.000000,176.679498,-50.811183,-66.811183,12.796250,0.000000,0.000000,0.000000,0.000000,0.000000,0.000000,65.192014,140.742016,4.333251,155.167944,-9.983212,0.579213,1.200525,10.071805,nan,nan,nan,0,nan,nan,nan,0,nan,nan,nan,nan,nan,nan,nan,nan,nan,nan,nan,nan,nan,nan,nan,nan,nan,nan,nan,nan,nan,nan,nan,nan,nan,nan,nan,nan,nan,nan,nan,nan,nan,nan,nan,nan,nan,nan,nan,nan,nan,nan,nan,nan,nan,nan,nan,nan,nan,nan,nan,nan,nan,nan,nan,nan,nan,nan,nan,nan,nan,nan,nan,nan,nan,nan,nan,nan,nan,nan,nan,nan,nan,nan,nan,nan,nan,nan,nan,nan
10.840,APPROACH,154.983978,64.692682,140.767857,4.393276,-9.986636,0.516823,1.200499,-50.811183,-66.811183,12.796724,0.000000,0.000000,-0.000499,0.000000,0.000000,0.000000,13.881499,73.956674,17.190000,-9.986636,0.516823,1.200000,0.000000,0.000000,177.037503,-50.811183,-66.811183,12.796250,0.000000,0.000000,0.000000,0.000000,0.000000,0.000000,64.692682,140.767857,4.393276,154.983978,-9.986636,0.516823,1.200499,10.071802,nan,nan,nan,0,nan,nan,nan,0,nan,nan,nan,nan,nan,nan,nan,nan,nan,nan,nan,nan,nan,nan,nan,nan,nan,nan,nan,nan,nan,nan,nan,nan,nan,nan,nan,nan,nan,nan,nan,nan,nan,nan,nan,nan,nan,nan,nan,nan,nan,nan,nan,nan,nan,nan,nan,nan,nan,nan,nan,nan,nan,nan,nan,nan,nan,nan,nan,nan,nan,nan,nan,nan,nan,nan,nan,nan,nan,nan,nan,nan,nan,nan,nan,nan,nan,nan,nan,nan
10.880,APPROACH,154.798532,64.193198,140.790578,4.453300,-9.989670,0.454414,1.200474,-50.811183,-66.811183,12.796700,0.000000,0.000000,-0.000474,0.000000,0.000000,0.000000,13.382015,73.979395,17.250000,-9.989670,0.454414,1.200000,0.000000,0.000000,177.395505,-50.811183,-66.811183,12.796250,0.000000,0.000000,0.000000,0.000000,0.000000,0.000000,64.193198,140.790578,4.453300,154.798532,-9.989670,0.454414,1.200474,10.071799,nan,nan,nan,0,nan,nan,nan,0,nan,nan,nan,nan,nan,nan,nan,nan,nan,nan,nan,nan,nan,nan,nan,nan,nan,nan,nan,nan,nan,nan,nan,nan,nan,nan,nan,nan,nan,nan,nan,nan,nan,nan,nan,nan,nan,nan,nan,nan,nan,nan,nan,nan,nan,nan,nan,nan,nan,nan,nan,nan,nan,nan,nan,nan,nan,nan,nan,nan,nan,nan,nan,nan,nan,nan,nan,nan,nan,nan,nan,nan,nan,nan,nan,nan,nan,nan,nan,nan
10.940,APPROACH,154.611605,63.693583,140.810177,4.513322,-9.992314,0.391987,1.200450,-50.811183,-66.811183,12.796678,0.000000,0.000000,-0.000450,0.000000,0.000000,0.000000,12.882399,73.998994,17.310000,-9.992314,0.391987,1.200000,0.000000,0.000000,177.753502,-50.811183,-66.811183,12.796250,0.000000,0.000000,0.000000,0.000000,0.000000,0.000000,63.693583,140.810177,4.513322,154.611605,-9.992314,0.391987,1.200450,10.071796,nan,nan,nan,0,nan,nan,nan,0,nan,nan,nan,nan,nan,nan,nan,nan,nan,nan,nan,nan,nan,nan,nan,nan,nan,nan,nan,nan,nan,nan,nan,nan,nan,nan,nan,nan,nan,nan,nan,nan,nan,nan,nan,nan,nan,nan,nan,nan,nan,nan,nan,nan,nan,nan,nan,nan,nan,nan,nan,nan,nan,nan,nan,nan,nan,nan,nan,nan,nan,nan,nan,nan,nan,nan,nan,nan,nan,nan,nan,nan,nan,nan,nan,nan,nan,nan,nan,nan
10.980,APPROACH,154.423202,63.193854,140.826654,4.573344,-9.994568,0.329547,1.200428,-50.811183,-66.811183,12.796656,0.000000,0.000000,-0.000428,0.000000,0.000000,0.000000,12.382671,74.015471,17.370000,-9.994568,0.329547,1.200000,0.000000,0.000000,178.111495,-50.811183,-66.811183,12.796250,0.000000,0.000000,0.000000,0.000000,0.000000,0.000000,63.193854,140.826654,4.573344,154.423202,-9.994568,0.329547,1.200428,10.071794,nan,nan,nan,0,nan,nan,nan,0,nan,nan,nan,nan,nan,nan,nan,nan,nan,nan,nan,nan,nan,nan,nan,nan,nan,nan,nan,nan,nan,nan,nan,nan,nan,nan,nan,nan,nan,nan,nan,nan,nan,nan,nan,nan,nan,nan,nan,nan,nan,nan,nan,nan,nan,nan,nan,nan,nan,nan,nan,nan,nan,nan,nan,nan,nan,nan,nan,nan,nan,nan,nan,nan,nan,nan,nan,nan,nan,nan,nan,nan,nan,nan,nan,nan,nan,nan,nan,nan
11.040,APPROACH,154.233323,62.694033,140.840009,4.633364,-9.996432,0.267093,1.200406,-50.811183,-66.811183,12.796636,0.000000,0.000000,-0.000406,0.000000,0.000000,0.000000,11.882849,74.028826,17.430000,-9.996432,0.267093,1.200000,0.000000,0.000000,178.469485,-50.811183,-66.811183,12.796250,0.000000,0.000000,0.000000,0.000000,0.000000,0.000000,62.694033,140.840009,4.633364,154.233323,-9.996432,0.267093,1.200406,10.071791,nan,nan,nan,0,nan,nan,nan,0,nan,nan,nan,nan,nan,nan,nan,nan,nan,nan,nan,nan,nan,nan,nan,nan,nan,nan,nan,nan,nan,nan,nan,nan,nan,nan,nan,nan,nan,nan,nan,nan,nan,nan,nan,nan,nan,nan,nan,nan,nan,nan,nan,nan,nan,nan,nan,nan,nan,nan,nan,nan,nan,nan,nan,nan,nan,nan,nan,nan,nan,nan,nan,nan,nan,nan,nan,nan,nan,nan,nan,nan,nan,nan,nan,nan,nan,nan,nan,nan
11.080,APPROACH,154.041971,62.194137,140.850241,4.693383,-9.997906,0.204631,1.200386,-50.811183,-66.811183,12.796617,0.000000,0.000000,-0.000386,0.000000,0.000000,0.000000,11.382954,74.039058,17.490000,-9.997906,0.204631,1.200000,0.000000,0.000000,178.827471,-50.811183,-66.811183,12.796250,0.000000,0.000000,0.000000,0.000000,0.000000,0.000000,62.194137,140.850241,4.693383,154.041971,-9.997906,0.204631,1.200386,10.071789,nan,nan,nan,0,nan,nan,nan,0,nan,nan,nan,nan,nan,nan,nan,nan,nan,nan,nan,nan,nan,nan,nan,nan,nan,nan,nan,nan,nan,nan,nan,nan,nan,nan,nan,nan,nan,nan,nan,nan,nan,nan,nan,nan,nan,nan,nan,nan,nan,nan,nan,nan,nan,nan,nan,nan,nan,nan,nan,nan,nan,nan,nan,nan,nan,nan,nan,nan,nan,nan,nan,nan,nan,nan,nan,nan,nan,nan,nan,nan,nan,nan,nan,nan,nan,nan,nan,nan
11.140,APPROACH,153.849148,61.694188,140.857349,4.753402,-9.998989,0.142160,1.200367,-50.811183,-66.811183,12.796598,0.000000,0.000000,-0.000367,0.000000,0.000000,0.000000,10.883005,74.046166,17.550000,-9.998989,0.142160,1.200000,0.000000,0.000000,179.185453,-50.811183,-66.811183,12.796250,0.000000,0.000000,0.000000,0.000000,0.000000,0.000000,61.694188,140.857349,4.753402,153.849148,-9.998989,0.142160,1.200367,10.071786,nan,nan,nan,0,nan,nan,nan,0,nan,nan,nan,nan,nan,nan,nan,nan,nan,nan,nan,nan,nan,nan,nan,nan,nan,nan,nan,nan,nan,nan,nan,nan,nan,nan,nan,nan,nan,nan,nan,nan,nan,nan,nan,nan,nan,nan,nan,nan,nan,nan,nan,nan,nan,nan,nan,nan,nan,nan,nan,nan,nan,nan,nan,nan,nan,nan,nan,nan,nan,nan,nan,nan,nan,nan,nan,nan,nan,nan,nan,nan,nan,nan,nan,nan,nan,nan,nan,nan
11.180,APPROACH,153.654856,61.194204,140.861333,4.813419,-9.999683,0.079685,1.200348,-50.811183,-66.811183,12.796581,0.000000,0.000000,-0.000348,0.000000,0.000000,0.000000,10.383020,74.050150,17.610000,-9.999683,0.079685,1.200000,0.000000,0.000000,179.543432,-50.811183,-66.811183,12.796250,0.000000,0.000000,0.000000,0.000000,0.000000,0.000000,61.194204,140.861333,4.813419,153.654856,-9.999683,0.079685,1.200348,10.071784,nan,nan,nan,0,nan,nan,nan,0,nan,nan,nan,nan,nan,nan,nan,nan,nan,nan,nan,nan,nan,nan,nan,nan,nan,nan,nan,nan,nan,nan,nan,nan,nan,nan,nan,nan,nan,nan,nan,nan,nan,nan,nan,nan,nan,nan,nan,nan,nan,nan,nan,nan,nan,nan,nan,nan,nan,nan,nan,nan,nan,nan,nan,nan,nan,nan,nan,nan,nan,nan,nan,nan,nan,nan,nan,nan,nan,nan,nan,nan,nan,nan,nan,nan,nan,nan,nan,nan
11.240,APPROACH,153.459097,60.694204,140.862193,4.873435,-9.999985,0.017208,1.200331,-50.811183,-66.811183,12.796565,0.000000,0.000000,-0.000331,0.000000,0.000000,0.000000,9.883021,74.051010,17.670000,-9.999985,0.017208,1.200000,0.000000,0.000000,179.901408,-50.811183,-66.811183,12.796250,0.000000,0.000000,0.000000,0.000000,0.000000,0.000000,60.694204,140.862193,4.873435,153.459097,-9.999985,0.017208,1.200331,10.071782,nan,nan,nan,0,nan,nan,nan,0,nan,nan,nan,nan,nan,nan,nan,nan,nan,nan,nan,nan,nan,nan,nan,nan,nan,nan,nan,nan,nan,nan,nan,nan,nan,nan,nan,nan,nan,nan,nan,nan,nan,nan,nan,nan,nan,nan,nan,nan,nan,nan,nan,nan,nan,nan,nan,nan,nan,nan,nan,nan,nan,nan,nan,nan,nan,nan,nan,nan,nan,nan,nan,nan,nan,nan,nan,nan,nan,nan,nan,nan,nan,nan,nan,nan,nan,nan,nan,nan
11.280,APPROACH,153.261873,60.194210,140.859930,4.933451,-9.999898,-0.045270,1.200315,-50.811183,-66.811183,12.796549,0.000000,0.000000,-0.000315,0.000000,0.000000,0.000000,9.383026,74.048747,17.730000,-9.999898,-0.045270,1.200000,0.000000,0.000000,-179.740620,-50.811183,-66.811183,12.796250,0.000000,0.000000,0.000000,0.000000,0.000000,0.000000,60.194210,140.859930,4.933451,153.261873,-9.999898,-0.045270,1.200315,10.071780,nan,nan,nan,0,nan,nan,nan,0,nan,nan,nan,nan,nan,nan,nan,nan,nan,nan,nan,nan,nan,nan,nan,nan,nan,nan,nan,nan,nan,nan,nan,nan,nan,nan,nan,nan,nan,nan,nan,nan,nan,nan,nan,nan,nan,nan,nan,nan,nan,nan,nan,nan,nan,nan,nan,nan,nan,nan,nan,nan,nan,nan,nan,nan,nan,nan,nan,nan,nan,nan,nan,nan,nan,nan,nan,nan,nan,nan,nan,nan,nan,nan,nan,nan,nan,nan,nan,nan
11.340,APPROACH,153.063186,59.694239,140.854543,4.993466,-9.999420,-0.107746,1.200299,-50.811183,-66.811183,12.796534,0.000000,0.000000,-0.000299,0.000000,0.000000,0.000000,8.883055,74.043359,17.790000,-9.999420,-0.107746,1.200000,0.000000,0.000000,-179.382651,-50.811183,-66.811183,12.796250,0.000000,0.000000,0.000000,0.000000,0.000000,0.000000,59.694239,140.854543,4.993466,153.063186,-9.999420,-0.107746,1.200299,10.071778,nan,nan,nan,0,nan,nan,nan,0,nan,nan,nan,nan,nan,nan,nan,nan,nan,nan,nan,nan,nan,nan,nan,nan,nan,nan,nan,nan,nan,nan,nan,nan,nan,nan,nan,nan,nan,nan,nan,nan,nan,nan,nan,nan,nan,nan,nan,nan,nan,nan,nan,nan,nan,nan,nan,nan,nan,nan,nan,nan,nan,nan,nan,nan,nan,nan,nan,nan,nan,nan,nan,nan,nan,nan,nan,nan,nan,nan,nan,nan,nan,nan,nan,nan,nan,nan,nan,nan
11.380,APPROACH,152.863039,59.194311,140.846032,5.053480,-9.998551,-0.170216,1.200284,-50.811183,-66.811183,12.796520,0.000000,0.000000,-0.000284,0.000000,0.000000,0.000000,8.383128,74.034849,17.850000,-9.998551,-0.170216,1.200000,0.000000,0.000000,-179.024685,-50.811183,-66.811183,12.796250,0.000000,0.000000,0.000000,0.000000,0.000000,0.000000,59.194311,140.846032,5.053480,152.863039,-9.998551,-0.170216,1.200284,10.071776,nan,nan,nan,0,nan,nan,nan,0,nan,nan,nan,nan,nan,nan,nan,nan,nan,nan,nan,nan,nan,nan,nan,nan,nan,nan,nan,nan,nan,nan,nan,nan,nan,nan,nan,nan,nan,nan,nan,nan,nan,nan,nan,nan,nan,nan,nan,nan,nan,nan,nan,nan,nan,nan,nan,nan,nan,nan,nan,nan,nan,nan,nan,nan,nan,nan,nan,nan,nan,nan,nan,nan,nan,nan,nan,nan,nan,nan,nan,nan,nan,nan,nan,nan,nan,nan,nan,nan
11.440,APPROACH,152.661434,58.694446,140.834398,5.113494,-9.997293,-0.232680,1.200270,-50.811183,-66.811183,12.796506,0.000000,0.000000,-0.000270,0.000000,0.000000,0.000000,7.883263,74.023215,17.910000,-9.997293,-0.232680,1.200000,0.000000,0.000000,-178.666722,-50.811183,-66.811183,12.796250,0.000000,0.000000,0.000000,0.000000,0.000000,0.000000,58.694446,140.834398,5.113494,152.661434,-9.997293,-0.232680,1.200270,10.071775,nan,nan,nan,0,nan,nan,nan,0,nan,nan,nan,nan,nan,nan,nan,nan,nan,nan,nan,nan,nan,nan,nan,nan,nan,nan,nan,nan,nan,nan,nan,nan,nan,nan,nan,nan,nan,nan,nan,nan,nan,nan,nan,nan,nan,nan,nan,nan,nan,nan,nan,nan,nan,nan,nan,nan,nan,nan,nan,nan,nan,nan,nan,nan,nan,nan,nan,nan,nan,nan,nan,nan,nan,nan,nan,nan,nan,nan,nan,nan,nan,nan,nan,nan,nan,nan,nan,nan
11.480,APPROACH,152.458373,58.194664,140.819641,5.173507,-9.995644,-0.295134,1.200256,-50.811183,-66.811183,12.796493,0.000000,0.000000,-0.000256,0.000000,0.000000,0.000000,7.383481,74.008458,17.970000,-9.995644,-0.295134,1.200000,0.000000,0.000000,-178.308762,-50.811183,-66.811183,12.796250,0.000000,0.000000,0.000000,0.000000,0.000000,0.000000,58.194664,140.819641,5.173507,152.458373,-9.995644,-0.295134,1.200256,10.071773,nan,nan,nan,0,nan,nan,nan,0,nan,nan,nan,nan,nan,nan,nan,nan,nan,nan,nan,nan,nan,nan,nan,nan,nan,nan,nan,nan,nan,nan,nan,nan,nan,nan,nan,nan,nan,nan,nan,nan,nan,nan,nan,nan,nan,nan,nan,nan,nan,nan,nan,nan,nan,nan,nan,nan,nan,nan,nan,nan,nan,nan,nan,nan,nan,nan,nan,nan,nan,nan,nan,nan,nan,nan,nan,nan,nan,nan,nan,nan,nan,nan,nan,nan,nan,nan,nan,nan
11.540,APPROACH,152.253858,57.694984,140.801762,5.233519,-9.993605,-0.357576,1.200243,-50.811183,-66.811183,12.796481,0.000000,0.000000,-0.000243,0.000000,0.000000,0.000000,6.883801,73.990579,18.030000,-9.993605,-0.357576,1.200000,0.000000,0.000000,-177.950805,-50.811183,-66.811183,12.796250,0.000000,0.000000,0.000000,0.000000,0.000000,0.000000,57.694984,140.801762,5.233519,152.253858,-9.993605,-0.357576,1.200243,10.071772,nan,nan,nan,0,nan,nan,nan,0,nan,nan,nan,nan,nan,nan,nan,nan,nan,nan,nan,nan,nan,nan,nan,nan,nan,nan,nan,nan,nan,nan,nan,nan,nan,nan,nan,nan,nan,nan,nan,nan,nan,nan,nan,nan,nan,nan,nan,nan,nan,nan,nan,nan,nan,nan,nan,nan,nan,nan,nan,nan,nan,nan,nan,nan,nan,nan,nan,nan,nan,nan,nan,nan,nan,nan,nan,nan,nan,nan,nan,nan,nan,nan,nan,nan,nan,nan,nan,nan
11.580,APPROACH,152.047891,57.195425,140.780762,5.293530,-9.991176,-0.420003,1.200231,-50.811183,-66.811183,12.796470,0.000000,0.000000,-0.000231,0.000000,0.000000,0.000000,6.384242,73.969579,18.090000,-9.991176,-0.420003,1.200000,0.000000,0.000000,-177.592850,-50.811183,-66.811183,12.796250,0.000000,0.000000,0.000000,0.000000,0.000000,0.000000,57.195425,140.780762,5.293530,152.047891,-9.991176,-0.420003,1.200231,10.071770,nan,nan,nan,0,nan,nan,nan,0,nan,nan,nan,nan,nan,nan,nan,nan,nan,nan,nan,nan,nan,nan,nan,nan,nan,nan,nan,nan,nan,nan,nan,nan,nan,nan,nan,nan,nan,nan,nan,nan,nan,nan,nan,nan,nan,nan,nan,nan,nan,nan,nan,nan,nan,nan,nan,nan,nan,nan,nan,nan,nan,nan,nan,nan,nan,nan,nan,nan,nan,nan,nan,nan,nan,nan,nan,nan,nan,nan,nan,nan,nan,nan,nan,nan,nan,nan,nan,nan
11.640,APPROACH,151.840475,56.696007,140.756641,5.353541,-9.988357,-0.482414,1.200220,-50.811183,-66.811183,12.796459,0.000000,0.000000,-0.000220,0.000000,0.000000,0.000000,5.884824,73.945458,18.150000,-9.988357,-0.482414,1.200000,0.000000,0.000000,-177.234899,-50.811183,-66.811183,12.796250,0.000000,0.000000,0.000000,0.000000,0.000000,0.000000,56.696007,140.756641,5.353541,151.840475,-9.988357,-0.482414,1.200220,10.071769,nan,nan,nan,0,nan,nan,nan,0,nan,nan,nan,nan,nan,nan,nan,nan,nan,nan,nan,nan,nan,nan,nan,nan,nan,nan,nan,nan,nan,nan,nan,nan,nan,nan,nan,nan,nan,nan,nan,nan,nan,nan,nan,nan,nan,nan,nan,nan,nan,nan,nan,nan,nan,nan,nan,nan,nan,nan,nan,nan,nan,nan,nan,nan,nan,nan,nan,nan,nan,nan,nan,nan,nan,nan,nan,nan,nan,nan,nan,nan,nan,nan,nan,nan,nan,nan,nan,nan
11.680,APPROACH,151.631611,56.196750,140.729401,5.413552,-9.985148,-0.544805,1.200209,-50.811183,-66.811183,12.796448,0.000000,0.000000,-0.000209,0.000000,0.000000,0.000000,5.385567,73.918218,18.210000,-9.985148,-0.544805,1.200000,0.000000,0.000000,-176.876949,-50.811183,-66.811183,12.796250,0.000000,0.000000,0.000000,0.000000,0.000000,0.000000,56.196750,140.729401,5.413552,151.631611,-9.985148,-0.544805,1.200209,10.071768,nan,nan,nan,0,nan,nan,nan,0,nan,nan,nan,nan,nan,nan,nan,nan,nan,nan,nan,nan,nan,nan,nan,nan,nan,nan,nan,nan,nan,nan,nan,nan,nan,nan,nan,nan,nan,nan,nan,nan,nan,nan,nan,nan,nan,nan,nan,nan,nan,nan,nan,nan,nan,nan,nan,nan,nan,nan,nan,nan,nan,nan,nan,nan,nan,nan,nan,nan,nan,nan,nan,nan,nan,nan,nan,nan,nan,nan,nan,nan,nan,nan,nan,nan,nan,nan,nan,nan
11.740,APPROACH,151.421303,55.697672,140.699042,5.473562,-9.981550,-0.607175,1.200198,-50.811183,-66.811183,12.796438,0.000000,0.000000,-0.000198,0.000000,0.000000,0.000000,4.886489,73.887859,18.270000,-9.981550,-0.607175,1.200000,0.000000,0.000000,-176.519002,-50.811183,-66.811183,12.796250,0.000000,0.000000,0.000000,0.000000,0.000000,0.000000,55.697672,140.699042,5.473562,151.421303,-9.981550,-0.607175,1.200198,10.071766,nan,nan,nan,0,nan,nan,nan,0,nan,nan,nan,nan,nan,nan,nan,nan,nan,nan,nan,nan,nan,nan,nan,nan,nan,nan,nan,nan,nan,nan,nan,nan,nan,nan,nan,nan,nan,nan,nan,nan,nan,nan,nan,nan,nan,nan,nan,nan,nan,nan,nan,nan,nan,nan,nan,nan,nan,nan,nan,nan,nan,nan,nan,nan,nan,nan,nan,nan,nan,nan,nan,nan,nan,nan,nan,nan,nan,nan,nan,nan,nan,nan,nan,nan,nan,nan,nan,nan
11.780,APPROACH,151.209553,55.198794,140.665566,5.533571,-9.977562,-0.669521,1.200188,-50.811183,-66.811183,12.796429,0.000000,0.000000,-0.000188,0.000000,0.000000,0.000000,4.387611,73.854383,18.330000,-9.977562,-0.669521,1.200000,0.000000,0.000000,-176.161058,-50.811183,-66.811183,12.796250,0.000000,0.000000,0.000000,0.000000,0.000000,0.000000,55.198794,140.665566,5.533571,151.209553,-9.977562,-0.669521,1.200188,10.071765,nan,nan,nan,0,nan,nan,nan,0,nan,nan,nan,nan,nan,nan,nan,nan,nan,nan,nan,nan,nan,nan,nan,nan,nan,nan,nan,nan,nan,nan,nan,nan,nan,nan,nan,nan,nan,nan,nan,nan,nan,nan,nan,nan,nan,nan,nan,nan,nan,nan,nan,nan,nan,nan,nan,nan,nan,nan,nan,nan,nan,nan,nan,nan,nan,nan,nan,nan,nan,nan,nan,nan,nan,nan,nan,nan,nan,nan,nan,nan,nan,nan,nan,nan,nan,nan,nan,nan
11.840,APPROACH,150.996362,54.700135,140.628974,5.593580,-9.973185,-0.731840,1.200179,-50.811183,-66.811183,12.796420,0.000000,0.000000,-0.000179,0.000000,0.000000,0.000000,3.888952,73.817791,18.390000,-9.973185,-0.731840,1.200000,0.000000,0.000000,-175.803116,-50.811183,-66.811183,12.796250,0.000000,0.000000,0.000000,0.000000,0.000000,0.000000,54.700135,140.628974,5.593580,150.996362,-9.973185,-0.731840,1.200179,10.071764,nan,nan,nan,0,nan,nan,nan,0,nan,nan,nan,nan,nan,nan,nan,nan,nan,nan,nan,nan,nan,nan,nan,nan,nan,nan,nan,nan,nan,nan,nan,nan,nan,nan,nan,nan,nan,nan,nan,nan,nan,nan,nan,nan,nan,nan,nan,nan,nan,nan,nan,nan,nan,nan,nan,nan,nan,nan,nan,nan,nan,nan,nan,nan,nan,nan,nan,nan,nan,nan,nan,nan,nan,nan,nan,nan,nan,nan,nan,nan,nan,nan,nan,nan,nan,nan,nan,nan
11.880,APPROACH,150.781733,54.201714,140.589268,5.653589,-9.968418,-0.794130,1.200170,-50.811183,-66.811183,12.796411,0.000000,0.000000,-0.000170,0.000000,0.000000,0.000000,3.390531,73.778085,18.450000,-9.968418,-0.794130,1.200000,0.000000,0.000000,-175.445176,-50.811183,-66.811183,12.796250,0.000000,0.000000,0.000000,0.000000,0.000000,0.000000,54.201714,140.589268,5.653589,150.781733,-9.968418,-0.794130,1.200170,10.071763,nan,nan,nan,0,nan,nan,nan,0,nan,nan,nan,nan,nan,nan,nan,nan,nan,nan,nan,nan,nan,nan,nan,nan,nan,nan,nan,nan,nan,nan,nan,nan,nan,nan,nan,nan,nan,nan,nan,nan,nan,nan,nan,nan,nan,nan,nan,nan,nan,nan,nan,nan,nan,nan,nan,nan,nan,nan,nan,nan,nan,nan,nan,nan,nan,nan,nan,nan,nan,nan,nan,nan,nan,nan,nan,nan,nan,nan,nan,nan,nan,nan,nan,nan,nan,nan,nan,nan
11.940,APPROACH,150.565669,53.703551,140.546449,5.713597,-9.963262,-0.856388,1.200161,-50.811183,-66.811183,12.796403,0.000000,0.000000,-0.000161,0.000000,0.000000,0.000000,2.892368,73.735265,18.510000,-9.963262,-0.856388,1.200000,0.000000,0.000000,-175.087239,-50.811183,-66.811183,12.796250,0.000000,0.000000,0.000000,0.000000,0.000000,0.000000,53.703551,140.546449,5.713597,150.565669,-9.963262,-0.856388,1.200161,10.071762,nan,nan,nan,0,nan,nan,nan,0,nan,nan,nan,nan,nan,nan,nan,nan,nan,nan,nan,nan,nan,nan,nan,nan,nan,nan,nan,nan,nan,nan,nan,nan,nan,nan,nan,nan,nan,nan,nan,nan,nan,nan,nan,nan,nan,nan,nan,nan,nan,nan,nan,nan,nan,nan,nan,nan,nan,nan,nan,nan,nan,nan,nan,nan,nan,nan,nan,nan,nan,nan,nan,nan,nan,nan,nan,nan,nan,nan,nan,nan,nan,nan,nan,nan,nan,nan,nan,nan
11.980,APPROACH,150.348172,53.205665,140.500518,5.773604,-9.957718,-0.918613,1.200153,-50.811183,-66.811183,12.796396,0.000000,0.000000,-0.000153,0.000000,0.000000,0.000000,2.394482,73.689335,18.570000,-9.957718,-0.918613,1.200000,0.000000,0.000000,-174.729303,-50.811183,-66.811183,12.796250,0.000000,0.000000,0.000000,0.000000,0.000000,0.000000,53.205665,140.500518,5.773604,150.348172,-9.957718,-0.918613,1.200153,10.071761,nan,nan,nan,0,nan,nan,nan,0,nan,nan,nan,nan,nan,nan,nan,nan,nan,nan,nan,nan,nan,nan,nan,nan,nan,nan,nan,nan,nan,nan,nan,nan,nan,nan,nan,nan,nan,nan,nan,nan,nan,nan,nan,nan,nan,nan,nan,nan,nan,nan,nan,nan,nan,nan,nan,nan,nan,nan,nan,nan,nan,nan,nan,nan,nan,nan,nan,nan,nan,nan,nan,nan,nan,nan,nan,nan,nan,nan,nan,nan,nan,nan,nan,nan,nan,nan,nan,nan
12.040,APPROACH,150.129244,52.708076,140.451478,5.833612,-9.951785,-0.980802,1.200146,-50.811183,-66.811183,12.796388,0.000000,0.000000,-0.000146,0.000000,0.000000,0.000000,1.896893,73.640295,18.630000,-9.951785,-0.980802,1.200000,0.000000,0.000000,-174.371370,-50.811183,-66.811183,12.796250,0.000000,0.000000,0.000000,0.000000,0.000000,0.000000,52.708076,140.451478,5.833612,150.129244,-9.951785,-0.980802,1.200146,10.071760,nan,nan,nan,0,nan,nan,nan,0,nan,nan,nan,nan,nan,nan,nan,nan,nan,nan,nan,nan,nan,nan,nan,nan,nan,nan,nan,nan,nan,nan,nan,nan,nan,nan,nan,nan,nan,nan,nan,nan,nan,nan,nan,nan,nan,nan,nan,nan,nan,nan,nan,nan,nan,nan,nan,nan,nan,nan,nan,nan,nan,nan,nan,nan,nan,nan,nan,nan,nan,nan,nan,nan,nan,nan,nan,nan,nan,nan,nan,nan,nan,nan,nan,nan,nan,nan,nan,nan
12.080,APPROACH,149.908888,52.210803,140.399330,5.893618,-9.945464,-1.042952,1.200138,-50.811183,-66.811183,12.796382,0.000000,0.000000,-0.000138,0.000000,0.000000,0.000000,1.399619,73.588147,18.690000,-9.945464,-1.042952,1.200000,0.000000,0.000000,-174.013438,-50.811183,-66.811183,12.796250,0.000000,0.000000,0.000000,0.000000,0.000000,0.000000,52.210803,140.399330,5.893618,149.908888,-9.945464,-1.042952,1.200138,10.071759,nan,nan,nan,0,nan,nan,nan,0,nan,nan,nan,nan,nan,nan,nan,nan,nan,nan,nan,nan,nan,nan,nan,nan,nan,nan,nan,nan,nan,nan,nan,nan,nan,nan,nan,nan,nan,nan,nan,nan,nan,nan,nan,nan,nan,nan,nan,nan,nan,nan,nan,nan,nan,nan,nan,nan,nan,nan,nan,nan,nan,nan,nan,nan,nan,nan,nan,nan,nan,nan,nan,nan,nan,nan,nan,nan,nan,nan,nan,nan,nan,nan,nan,nan,nan,nan,nan,nan
12.140,APPROACH,149.687105,51.713865,140.344077,5.953625,-9.938754,-1.105061,1.200132,-50.811183,-66.811183,12.796375,0.000000,0.000000,-0.000132,0.000000,0.000000,0.000000,0.902682,73.532894,18.750000,-9.938754,-1.105061,1.200000,0.000000,0.000000,-173.655509,-50.811183,-66.811183,12.796250,0.000000,0.000000,0.000000,0.000000,0.000000,0.000000,51.713865,140.344077,5.953625,149.687105,-9.938754,-1.105061,1.200132,10.071758,nan,nan,nan,0,nan,nan,nan,0,nan,nan,nan,nan,nan,nan,nan,nan,nan,nan,nan,nan,nan,nan,nan,nan,nan,nan,nan,nan,nan,nan,nan,nan,nan,nan,nan,nan,nan,nan,nan,nan,nan,nan,nan,nan,nan,nan,nan,nan,nan,nan,nan,nan,nan,nan,nan,nan,nan,nan,nan,nan,nan,nan,nan,nan,nan,nan,nan,nan,nan,nan,nan,nan,nan,nan,nan,nan,nan,nan,nan,nan,nan,nan,nan,nan,nan,nan,nan,nan
12.180,APPROACH,149.463899,51.217282,140.285721,6.013631,-9.931657,-1.167127,1.200125,-50.811183,-66.811183,12.796369,0.000000,0.000000,-0.000125,0.000000,0.000000,0.000000,0.406099,73.474538,18.810000,-9.931657,-1.167127,1.200000,0.000000,0.000000,-173.297582,-50.811183,-66.811183,12.796250,0.000000,0.000000,0.000000,0.000000,0.000000,0.000000,51.217282,140.285721,6.013631,149.463899,-9.931657,-1.167127,1.200125,10.071758,nan,nan,nan,0,nan,nan,nan,0,nan,nan,nan,nan,nan,nan,nan,nan,nan,nan,nan,nan,nan,nan,nan,nan,nan,nan,nan,nan,nan,nan,nan,nan,nan,nan,nan,nan,nan,nan,nan,nan,nan,nan,nan,nan,nan,nan,nan,nan,nan,nan,nan,nan,nan,nan,nan,nan,nan,nan,nan,nan,nan,nan,nan,nan,nan,nan,nan,nan,nan,nan,nan,nan,nan,nan,nan,nan,nan,nan,nan,nan,nan,nan,nan,nan,nan,nan,nan,nan
12.240,APPROACH,149.239272,50.721073,140.224263,6.073637,-9.924172,-1.229146,1.200119,-50.811183,-66.811183,12.796363,0.000000,0.000000,-0.000119,0.000000,0.000000,0.000000,-0.090110,73.413080,18.870000,-9.924172,-1.229146,1.200000,0.000000,0.000000,-172.939656,-50.811183,-66.811183,12.796250,0.000000,0.000000,0.000000,0.000000,0.000000,0.000000,50.721073,140.224263,6.073637,149.239272,-9.924172,-1.229146,1.200119,10.071757,nan,nan,nan,0,nan,nan,nan,0,nan,nan,nan,nan,nan,nan,nan,nan,nan,nan,nan,nan,nan,nan,nan,nan,nan,nan,nan,nan,nan,nan,nan,nan,nan,nan,nan,nan,nan,nan,nan,nan,nan,nan,nan,nan,nan,nan,nan,nan,nan,nan,nan,nan,nan,nan,nan,nan,nan,nan,nan,nan,nan,nan,nan,nan,nan,nan,nan,nan,nan,nan,nan,nan,nan,nan,nan,nan,nan,nan,nan,nan,nan,nan,nan,nan,nan,nan,nan,nan
12.280,APPROACH,149.013227,50.225258,140.159708,6.133643,-9.916300,-1.291118,1.200113,-50.811183,-66.811183,12.796357,0.000000,0.000000,-0.000113,0.000000,0.000000,0.000000,-0.585925,73.348524,18.930000,-9.916300,-1.291118,1.200000,0.000000,0.000000,-172.581732,-50.811183,-66.811183,12.796250,0.000000,0.000000,0.000000,0.000000,0.000000,0.000000,50.225258,140.159708,6.133643,149.013227,-9.916300,-1.291118,1.200113,10.071756,nan,nan,nan,0,nan,nan,nan,0,nan,nan,nan,nan,nan,nan,nan,nan,nan,nan,nan,nan,nan,nan,nan,nan,nan,nan,nan,nan,nan,nan,nan,nan,nan,nan,nan,nan,nan,nan,nan,nan,nan,nan,nan,nan,nan,nan,nan,nan,nan,nan,nan,nan,nan,nan,nan,nan,nan,nan,nan,nan,nan,nan,nan,nan,nan,nan,nan,nan,nan,nan,nan,nan,nan,nan,nan,nan,nan,nan,nan,nan,nan,nan,nan,nan,nan,nan,nan,nan
12.340,APPROACH,148.785765,49.729856,140.092056,6.193648,-9.908042,-1.353038,1.200107,-50.811183,-66.811183,12.796352,0.000000,0.000000,-0.000107,0.000000,0.000000,0.000000,-1.081327,73.280872,18.990000,-9.908042,-1.353038,1.200000,0.000000,0.000000,-172.223810,-50.811183,-66.811183,12.796250,0.000000,0.000000,0.000000,0.000000,0.000000,0.000000,49.729856,140.092056,6.193648,148.785765,-9.908042,-1.353038,1.200107,10.071755,nan,nan,nan,0,nan,nan,nan,0,nan,nan,nan,nan,nan,nan,nan,nan,nan,nan,nan,nan,nan,nan,nan,nan,nan,nan,nan,nan,nan,nan,nan,nan,nan,nan,nan,nan,nan,nan,nan,nan,nan,nan,nan,nan,nan,nan,nan,nan,nan,nan,nan,nan,nan,nan,nan,nan,nan,nan,nan,nan,nan,nan,nan,nan,nan,nan,nan,nan,nan,nan,nan,nan,nan,nan,nan,nan,nan,nan,nan,nan,nan,nan,nan,nan,nan,nan,nan,nan
12.380,APPROACH,148.556890,49.234887,140.021310,6.253653,-9.899396,-1.414906,1.200102,-50.811183,-66.811183,12.796347,0.000000,0.000000,-0.000102,0.000000,0.000000,0.000000,-1.576297,73.210127,19.050000,-9.899396,-1.414906,1.200000,0.000000,0.000000,-171.865889,-50.811183,-66.811183,12.796250,0.000000,0.000000,0.000000,0.000000,0.000000,0.000000,49.234887,140.021310,6.253653,148.556890,-9.899396,-1.414906,1.200102,10.071755,nan,nan,nan,0,nan,nan,nan,0,nan,nan,nan,nan,nan,nan,nan,nan,nan,nan,nan,nan,nan,nan,nan,nan,nan,nan,nan,nan,nan,nan,nan,nan,nan,nan,nan,nan,nan,nan,nan,nan,nan,nan,nan,nan,nan,nan,nan,nan,nan,nan,nan,nan,nan,nan,nan,nan,nan,nan,nan,nan,nan,nan,nan,nan,nan,nan,nan,nan,nan,nan,nan,nan,nan,nan,nan,nan,nan,nan,nan,nan,nan,nan,nan,nan,nan,nan,nan,nan
12.440,APPROACH,148.326604,48.740368,139.947474,6.313658,-9.890364,-1.476718,1.200097,-50.811183,-66.811183,12.796342,0.000000,0.000000,-0.000097,0.000000,0.000000,0.000000,-2.070815,73.136291,19.110000,-9.890364,-1.476718,1.200000,0.000000,0.000000,-171.507970,-50.811183,-66.811183,12.796250,0.000000,0.000000,0.000000,0.000000,0.000000,0.000000,48.740368,139.947474,6.313658,148.326604,-9.890364,-1.476718,1.200097,10.071754,nan,nan,nan,0,nan,nan,nan,0,nan,nan,nan,nan,nan,nan,nan,nan,nan,nan,nan,nan,nan,nan,nan,nan,nan,nan,nan,nan,nan,nan,nan,nan,nan,nan,nan,nan,nan,nan,nan,nan,nan,nan,nan,nan,nan,nan,nan,nan,nan,nan,nan,nan,nan,nan,nan,nan,nan,nan,nan,nan,nan,nan,nan,nan,nan,nan,nan,nan,nan,nan,nan,nan,nan,nan,nan,nan,nan,nan,nan,nan,nan,nan,nan,nan,nan,nan,nan,nan
12.480,APPROACH,148.094909,48.246321,139.870551,6.373663,-9.880946,-1.538473,1.200092,-50.811183,-66.811183,12.796337,0.000000,0.000000,-0.000092,0.000000,0.000000,0.000000,-2.564862,73.059368,19.170000,-9.880946,-1.538473,1.200000,0.000000,0.000000,-171.150053,-50.811183,-66.811183,12.796250,0.000000,0.000000,0.000000,0.000000,0.000000,0.000000,48.246321,139.870551,6.373663,148.094909,-9.880946,-1.538473,1.200092,10.071754,nan,nan,nan,0,nan,nan,nan,0,nan,nan,nan,nan,nan,nan,nan,nan,nan,nan,nan,nan,nan,nan,nan,nan,nan,nan,nan,nan,nan,nan,nan,nan,nan,nan,nan,nan,nan,nan,nan,nan,nan,nan,nan,nan,nan,nan,nan,nan,nan,nan,nan,nan,nan,nan,nan,nan,nan,nan,nan,nan,nan,nan,nan,nan,nan,nan,nan,nan,nan,nan,nan,nan,nan,nan,nan,nan,nan,nan,nan,nan,nan,nan,nan,nan,nan,nan,nan,nan
12.540,APPROACH,147.861808,47.752764,139.790542,6.433667,-9.871143,-1.600166,1.200087,-50.811183,-66.811183,12.796333,0.000000,0.000000,-0.000087,0.000000,0.000000,0.000000,-3.058419,72.979359,19.230000,-9.871143,-1.600166,1.200000,0.000000,0.000000,-170.792137,-50.811183,-66.811183,12.796250,0.000000,0.000000,0.000000,0.000000,0.000000,0.000000,47.752764,139.790542,6.433667,147.861808,-9.871143,-1.600166,1.200087,10.071753,nan,nan,nan,0,nan,nan,nan,0,nan,nan,nan,nan,nan,nan,nan,nan,nan,nan,nan,nan,nan,nan,nan,nan,nan,nan,nan,nan,nan,nan,nan,nan,nan,nan,nan,nan,nan,nan,nan,nan,nan,nan,nan,nan,nan,nan,nan,nan,nan,nan,nan,nan,nan,nan,nan,nan,nan,nan,nan,nan,nan,nan,nan,nan,nan,nan,nan,nan,nan,nan,nan,nan,nan,nan,nan,nan,nan,nan,nan,nan,nan,nan,nan,nan,nan,nan,nan,nan
12.580,APPROACH,147.627304,47.259716,139.707453,6.493671,-9.860955,-1.661798,1.200083,-50.811183,-66.811183,12.796329,0.000000,0.000000,-0.000083,0.000000,0.000000,0.000000,-3.551467,72.896269,19.290000,-9.860955,-1.661798,1.200000,0.000000,0.000000,-170.434223,-50.811183,-66.811183,12.796250,0.000000,0.000000,0.000000,0.000000,0.000000,0.000000,47.259716,139.707453,6.493671,147.627304,-9.860955,-1.661798,1.200083,10.071753,nan,nan,nan,0,nan,nan,nan,0,nan,nan,nan,nan,nan,nan,nan,nan,nan,nan,nan,nan,nan,nan,nan,nan,nan,nan,nan,nan,nan,nan,nan,nan,nan,nan,nan,nan,nan,nan,nan,nan,nan,nan,nan,nan,nan,nan,nan,nan,nan,nan,nan,nan,nan,nan,nan,nan,nan,nan,nan,nan,nan,nan,nan,nan,nan,nan,nan,nan,nan,nan,nan,nan,nan,nan,nan,nan,nan,nan,nan,nan,nan,nan,nan,nan,nan,nan,nan,nan
12.640,APPROACH,147.391399,46.767197,139.621284,6.553675,-9.850382,-1.723364,1.200079,-50.811183,-66.811183,12.796325,0.000000,0.000000,-0.000079,0.000000,0.000000,0.000000,-4.043986,72.810101,19.350000,-9.850382,-1.723364,1.200000,0.000000,0.000000,-170.076310,-50.811183,-66.811183,12.796250,0.000000,0.000000,0.000000,0.000000,0.000000,0.000000,46.767197,139.621284,6.553675,147.391399,-9.850382,-1.723364,1.200079,10.071752,nan,nan,nan,0,nan,nan,nan,0,nan,nan,nan,nan,nan,nan,nan,nan,nan,nan,nan,nan,nan,nan,nan,nan,nan,nan,nan,nan,nan,nan,nan,nan,nan,nan,nan,nan,nan,nan,nan,nan,nan,nan,nan,nan,nan,nan,nan,nan,nan,nan,nan,nan,nan,nan,nan,nan,nan,nan,nan,nan,nan,nan,nan,nan,nan,nan,nan,nan,nan,nan,nan,nan,nan,nan,nan,nan,nan,nan,nan,nan,nan,nan,nan,nan,nan,nan,nan,nan
12.680,APPROACH,147.154095,46.275226,139.532041,6.613679,-9.839424,-1.784863,1.200075,-50.811183,-66.811183,12.796321,0.000000,0.000000,-0.000075,0.000000,0.000000,0.000000,-4.535957,72.720858,19.410000,-9.839424,-1.784863,1.200000,0.000000,0.000000,-169.718399,-50.811183,-66.811183,12.796250,0.000000,0.000000,0.000000,0.000000,0.000000,0.000000,46.275226,139.532041,6.613679,147.154095,-9.839424,-1.784863,1.200075,10.071752,nan,nan,nan,0,nan,nan,nan,0,nan,nan,nan,nan,nan,nan,nan,nan,nan,nan,nan,nan,nan,nan,nan,nan,nan,nan,nan,nan,nan,nan,nan,nan,nan,nan,nan,nan,nan,nan,nan,nan,nan,nan,nan,nan,nan,nan,nan,nan,nan,nan,nan,nan,nan,nan,nan,nan,nan,nan,nan,nan,nan,nan,nan,nan,nan,nan,nan,nan,nan,nan,nan,nan,nan,nan,nan,nan,nan,nan,nan,nan,nan,nan,nan,nan,nan,nan,nan,nan
12.740,APPROACH,146.915397,45.783822,139.439727,6.673682,-9.828083,-1.846291,1.200071,-50.811183,-66.811183,12.796318,0.000000,0.000000,-0.000071,0.000000,0.000000,0.000000,-5.027361,72.628544,19.470000,-9.828083,-1.846291,1.200000,0.000000,0.000000,-169.360489,-50.811183,-66.811183,12.796250,0.000000,0.000000,0.000000,0.000000,0.000000,0.000000,45.783822,139.439727,6.673682,146.915397,-9.828083,-1.846291,1.200071,10.071751,nan,nan,nan,0,nan,nan,nan,0,nan,nan,nan,nan,nan,nan,nan,nan,nan,nan,nan,nan,nan,nan,nan,nan,nan,nan,nan,nan,nan,nan,nan,nan,nan,nan,nan,nan,nan,nan,nan,nan,nan,nan,nan,nan,nan,nan,nan,nan,nan,nan,nan,nan,nan,nan,nan,nan,nan,nan,nan,nan,nan,nan,nan,nan,nan,nan,nan,nan,nan,nan,nan,nan,nan,nan,nan,nan,nan,nan,nan,nan,nan,nan,nan,nan,nan,nan,nan,nan
12.780,APPROACH,146.675305,45.293004,139.344344,6.733686,-9.816358,-1.907648,1.200068,-50.811183,-66.811183,12.796314,0.000000,0.000000,-0.000068,0.000000,0.000000,0.000000,-5.518179,72.533161,19.530000,-9.816358,-1.907648,1.200000,0.000000,0.000000,-169.002580,-50.811183,-66.811183,12.796250,0.000000,0.000000,0.000000,0.000000,0.000000,0.000000,45.293004,139.344344,6.733686,146.675305,-9.816358,-1.907648,1.200068,10.071751,nan,nan,nan,0,nan,nan,nan,0,nan,nan,nan,nan,nan,nan,nan,nan,nan,nan,nan,nan,nan,nan,nan,nan,nan,nan,nan,nan,nan,nan,nan,nan,nan,nan,nan,nan,nan,nan,nan,nan,nan,nan,nan,nan,nan,nan,nan,nan,nan,nan,nan,nan,nan,nan,nan,nan,nan,nan,nan,nan,nan,nan,nan,nan,nan,nan,nan,nan,nan,nan,nan,nan,nan,nan,nan,nan,nan,nan,nan,nan,nan,nan,nan,nan,nan,nan,nan,nan
12.840,APPROACH,146.433823,44.802791,139.245898,6.793689,-9.804250,-1.968930,1.200064,-50.811183,-66.811183,12.796311,0.000000,0.000000,-0.000064,0.000000,0.000000,0.000000,-6.008392,72.434715,19.590000,-9.804250,-1.968930,1.200000,0.000000,0.000000,-168.644672,-50.811183,-66.811183,12.796250,0.000000,0.000000,0.000000,0.000000,0.000000,0.000000,44.802791,139.245898,6.793689,146.433823,-9.804250,-1.968930,1.200064,10.071750,nan,nan,nan,0,nan,nan,nan,0,nan,nan,nan,nan,nan,nan,nan,nan,nan,nan,nan,nan,nan,nan,nan,nan,nan,nan,nan,nan,nan,nan,nan,nan,nan,nan,nan,nan,nan,nan,nan,nan,nan,nan,nan,nan,nan,nan,nan,nan,nan,nan,nan,nan,nan,nan,nan,nan,nan,nan,nan,nan,nan,nan,nan,nan,nan,nan,nan,nan,nan,nan,nan,nan,nan,nan,nan,nan,nan,nan,nan,nan,nan,nan,nan,nan,nan,nan,nan,nan
12.880,APPROACH,146.190953,44.313203,139.144391,6.853692,-9.791759,-2.030135,1.200061,-50.811183,-66.811183,12.796308,0.000000,0.000000,-0.000061,0.000000,0.000000,0.000000,-6.497980,72.333208,19.650000,-9.791759,-2.030135,1.200000,0.000000,0.000000,-168.286766,-50.811183,-66.811183,12.796250,0.000000,0.000000,0.000000,0.000000,0.000000,0.000000,44.313203,139.144391,6.853692,146.190953,-9.791759,-2.030135,1.200061,10.071750,nan,nan,nan,0,nan,nan,nan,0,nan,nan,nan,nan,nan,nan,nan,nan,nan,nan,nan,nan,nan,nan,nan,nan,nan,nan,nan,nan,nan,nan,nan,nan,nan,nan,nan,nan,nan,nan,nan,nan,nan,nan,nan,nan,nan,nan,nan,nan,nan,nan,nan,nan,nan,nan,nan,nan,nan,nan,nan,nan,nan,nan,nan,nan,nan,nan,nan,nan,nan,nan,nan,nan,nan,nan,nan,nan,nan,nan,nan,nan,nan,nan,nan,nan,nan,nan,nan,nan
12.940,APPROACH,145.946698,43.824259,139.039828,6.913695,-9.778887,-2.091260,1.200058,-50.811183,-66.811183,12.796305,0.000000,0.000000,-0.000058,0.000000,0.000000,0.000000,-6.986924,72.228645,19.710000,-9.778887,-2.091260,1.200000,0.000000,0.000000,-167.928861,-50.811183,-66.811183,12.796250,0.000000,0.000000,0.000000,0.000000,0.000000,0.000000,43.824259,139.039828,6.913695,145.946698,-9.778887,-2.091260,1.200058,10.071750,nan,nan,nan,0,nan,nan,nan,0,nan,nan,nan,nan,nan,nan,nan,nan,nan,nan,nan,nan,nan,nan,nan,nan,nan,nan,nan,nan,nan,nan,nan,nan,nan,nan,nan,nan,nan,nan,nan,nan,nan,nan,nan,nan,nan,nan,nan,nan,nan,nan,nan,nan,nan,nan,nan,nan,nan,nan,nan,nan,nan,nan,nan,nan,nan,nan,nan,nan,nan,nan,nan,nan,nan,nan,nan,nan,nan,nan,nan,nan,nan,nan,nan,nan,nan,nan,nan,nan
12.980,APPROACH,145.701061,43.335977,138.932213,6.973698,-9.765633,-2.152304,1.200055,-50.811183,-66.811183,12.796302,0.000000,0.000000,-0.000055,0.000000,0.000000,0.000000,-7.475206,72.121030,19.770000,-9.765633,-2.152304,1.200000,0.000000,0.000000,-167.570957,-50.811183,-66.811183,12.796250,0.000000,0.000000,0.000000,0.000000,0.000000,0.000000,43.335977,138.932213,6.973698,145.701061,-9.765633,-2.152304,1.200055,10.071749,nan,nan,nan,0,nan,nan,nan,0,nan,nan,nan,nan,nan,nan,nan,nan,nan,nan,nan,nan,nan,nan,nan,nan,nan,nan,nan,nan,nan,nan,nan,nan,nan,nan,nan,nan,nan,nan,nan,nan,nan,nan,nan,nan,nan,nan,nan,nan,nan,nan,nan,nan,nan,nan,nan,nan,nan,nan,nan,nan,nan,nan,nan,nan,nan,nan,nan,nan,nan,nan,nan,nan,nan,nan,nan,nan,nan,nan,nan,nan,nan,nan,nan,nan,nan,nan,nan,nan
13.040,APPROACH,145.454044,42.848377,138.821550,7.033700,-9.751998,-2.213263,1.200052,-50.811183,-66.811183,12.796300,0.000000,0.000000,-0.000052,0.000000,0.000000,0.000000,-7.962806,72.010367,19.830000,-9.751998,-2.213263,1.200000,0.000000,0.000000,-167.213054,-50.811183,-66.811183,12.796250,0.000000,0.000000,0.000000,0.000000,0.000000,0.000000,42.848377,138.821550,7.033700,145.454044,-9.751998,-2.213263,1.200052,10.071749,nan,nan,nan,0,nan,nan,nan,0,nan,nan,nan,nan,nan,nan,nan,nan,nan,nan,nan,nan,nan,nan,nan,nan,nan,nan,nan,nan,nan,nan,nan,nan,nan,nan,nan,nan,nan,nan,nan,nan,nan,nan,nan,nan,nan,nan,nan,nan,nan,nan,nan,nan,nan,nan,nan,nan,nan,nan,nan,nan,nan,nan,nan,nan,nan,nan,nan,nan,nan,nan,nan,nan,nan,nan,nan,nan,nan,nan,nan,nan,nan,nan,nan,nan,nan,nan,nan,nan
13.080,APPROACH,145.205651,42.361478,138.707843,7.093703,-9.737983,-2.274136,1.200050,-50.811183,-66.811183,12.796297,0.000000,0.000000,-0.000050,0.000000,0.000000,0.000000,-8.449705,71.896660,19.890000,-9.737983,-2.274136,1.200000,0.000000,0.000000,-166.855153,-50.811183,-66.811183,12.796250,0.000000,0.000000,0.000000,0.000000,0.000000,0.000000,42.361478,138.707843,7.093703,145.205651,-9.737983,-2.274136,1.200050,10.071749,nan,nan,nan,0,nan,nan,nan,0,nan,nan,nan,nan,nan,nan,nan,nan,nan,nan,nan,nan,nan,nan,nan,nan,nan,nan,nan,nan,nan,nan,nan,nan,nan,nan,nan,nan,nan,nan,nan,nan,nan,nan,nan,nan,nan,nan,nan,nan,nan,nan,nan,nan,nan,nan,nan,nan,nan,nan,nan,nan,nan,nan,nan,nan,nan,nan,nan,nan,nan,nan,nan,nan,nan,nan,nan,nan,nan,nan,nan,nan,nan,nan,nan,nan,nan,nan,nan,nan
13.140,APPROACH,144.955884,41.875299,138.591097,7.153705,-9.723587,-2.334920,1.200047,-50.811183,-66.811183,12.796295,0.000000,0.000000,-0.000047,0.000000,0.000000,0.000000,-8.935884,71.779914,19.950000,-9.723587,-2.334920,1.200000,0.000000,0.000000,-166.497252,-50.811183,-66.811183,12.796250,0.000000,0.000000,0.000000,0.000000,0.000000,0.000000,41.875299,138.591097,7.153705,144.955884,-9.723587,-2.334920,1.200047,10.071748,nan,nan,nan,0,nan,nan,nan,0,nan,nan,nan,nan,nan,nan,nan,nan,nan,nan,nan,nan,nan,nan,nan,nan,nan,nan,nan,nan,nan,nan,nan,nan,nan,nan,nan,nan,nan,nan,nan,nan,nan,nan,nan,nan,nan,nan,nan,nan,nan,nan,nan,nan,nan,nan,nan,nan,nan,nan,nan,nan,nan,nan,nan,nan,nan,nan,nan,nan,nan,nan,nan,nan,nan,nan,nan,nan,nan,nan,nan,nan,nan,nan,nan,nan,nan,nan,nan,nan
13.180,APPROACH,144.704746,41.389858,138.471316,7.213707,-9.708812,-2.395613,1.200045,-50.811183,-66.811183,12.796293,0.000000,0.000000,-0.000045,0.000000,0.000000,0.000000,-9.421325,71.660133,20.010000,-9.708812,-2.395613,1.200000,0.000000,0.000000,-166.139352,-50.811183,-66.811183,12.796250,0.000000,0.000000,0.000000,0.000000,0.000000,0.000000,41.389858,138.471316,7.213707,144.704746,-9.708812,-2.395613,1.200045,10.071748,nan,nan,nan,0,nan,nan,nan,0,nan,nan,nan,nan,nan,nan,nan,nan,nan,nan,nan,nan,nan,nan,nan,nan,nan,nan,nan,nan,nan,nan,nan,nan,nan,nan,nan,nan,nan,nan,nan,nan,nan,nan,nan,nan,nan,nan,nan,nan,nan,nan,nan,nan,nan,nan,nan,nan,nan,nan,nan,nan,nan,nan,nan,nan,nan,nan,nan,nan,nan,nan,nan,nan,nan,nan,nan,nan,nan,nan,nan,nan,nan,nan,nan,nan,nan,nan,nan,nan
13.240,APPROACH,144.452239,40.905175,138.348506,7.273710,-9.693659,-2.456212,1.200043,-50.811183,-66.811183,12.796290,0.000000,0.000000,-0.000043,0.000000,0.000000,0.000000,-9.906008,71.537323,20.070000,-9.693659,-2.456212,1.200000,0.000000,0.000000,-165.781454,-50.811183,-66.811183,12.796250,0.000000,0.000000,0.000000,0.000000,0.000000,0.000000,40.905175,138.348506,7.273710,144.452239,-9.693659,-2.456212,1.200043,10.071748,nan,nan,nan,0,nan,nan,nan,0,nan,nan,nan,nan,nan,nan,nan,nan,nan,nan,nan,nan,nan,nan,nan,nan,nan,nan,nan,nan,nan,nan,nan,nan,nan,nan,nan,nan,nan,nan,nan,nan,nan,nan,nan,nan,nan,nan,nan,nan,nan,nan,nan,nan,nan,nan,nan,nan,nan,nan,nan,nan,nan,nan,nan,nan,nan,nan,nan,nan,nan,nan,nan,nan,nan,nan,nan,nan,nan,nan,nan,nan,nan,nan,nan,nan,nan,nan,nan,nan
13.280,APPROACH,144.198366,40.421269,138.222670,7.333712,-9.678127,-2.516715,1.200040,-50.811183,-66.811183,12.796288,0.000000,0.000000,-0.000040,0.000000,0.000000,0.000000,-10.389914,71.411487,20.130000,-9.678127,-2.516715,1.200000,0.000000,0.000000,-165.423556,-50.811183,-66.811183,12.796250,0.000000,0.000000,0.000000,0.000000,0.000000,0.000000,40.421269,138.222670,7.333712,144.198366,-9.678127,-2.516715,1.200040,10.071747,nan,nan,nan,0,nan,nan,nan,0,nan,nan,nan,nan,nan,nan,nan,nan,nan,nan,nan,nan,nan,nan,nan,nan,nan,nan,nan,nan,nan,nan,nan,nan,nan,nan,nan,nan,nan,nan,nan,nan,nan,nan,nan,nan,nan,nan,nan,nan,nan,nan,nan,nan,nan,nan,nan,nan,nan,nan,nan,nan,nan,nan,nan,nan,nan,nan,nan,nan,nan,nan,nan,nan,nan,nan,nan,nan,nan,nan,nan,nan,nan,nan,nan,nan,nan,nan,nan,nan
13.340,APPROACH,143.943131,39.938158,138.093814,7.393714,-9.662218,-2.577119,1.200038,-50.811183,-66.811183,12.796286,0.000000,0.000000,-0.000038,0.000000,0.000000,0.000000,-10.873025,71.282631,20.190000,-9.662218,-2.577119,1.200000,0.000000,0.000000,-165.065659,-50.811183,-66.811183,12.796250,0.000000,0.000000,0.000000,0.000000,0.000000,0.000000,39.938158,138.093814,7.393714,143.943131,-9.662218,-2.577119,1.200038,10.071747,nan,nan,nan,0,nan,nan,nan,0,nan,nan,nan,nan,nan,nan,nan,nan,nan,nan,nan,nan,nan,nan,nan,nan,nan,nan,nan,nan,nan,nan,nan,nan,nan,nan,nan,nan,nan,nan,nan,nan,nan,nan,nan,nan,nan,nan,nan,nan,nan,nan,nan,nan,nan,nan,nan,nan,nan,nan,nan,nan,nan,nan,nan,nan,nan,nan,nan,nan,nan,nan,nan,nan,nan,nan,nan,nan,nan,nan,nan,nan,nan,nan,nan,nan,nan,nan,nan,nan
13.380,APPROACH,143.686536,39.455862,137.961943,7.453715,-9.645932,-2.637423,1.200036,-50.811183,-66.811183,12.796285,0.000000,0.000000,-0.000036,0.000000,0.000000,0.000000,-11.355322,71.150760,20.250000,-9.645932,-2.637423,1.200000,0.000000,0.000000,-164.707764,-50.811183,-66.811183,12.796250,0.000000,0.000000,0.000000,0.000000,0.000000,0.000000,39.455862,137.961943,7.453715,143.686536,-9.645932,-2.637423,1.200036,10.071747,nan,nan,nan,0,nan,nan,nan,0,nan,nan,nan,nan,nan,nan,nan,nan,nan,nan,nan,nan,nan,nan,nan,nan,nan,nan,nan,nan,nan,nan,nan,nan,nan,nan,nan,nan,nan,nan,nan,nan,nan,nan,nan,nan,nan,nan,nan,nan,nan,nan,nan,nan,nan,nan,nan,nan,nan,nan,nan,nan,nan,nan,nan,nan,nan,nan,nan,nan,nan,nan,nan,nan,nan,nan,nan,nan,nan,nan,nan,nan,nan,nan,nan,nan,nan,nan,nan,nan
13.440,APPROACH,143.428583,38.974398,137.827062,7.513717,-9.629269,-2.697624,1.200035,-50.811183,-66.811183,12.796283,0.000000,0.000000,-0.000035,0.000000,0.000000,0.000000,-11.836785,71.015878,20.310000,-9.629269,-2.697624,1.200000,0.000000,0.000000,-164.349869,-50.811183,-66.811183,12.796250,0.000000,0.000000,0.000000,0.000000,0.000000,0.000000,38.974398,137.827062,7.513717,143.428583,-9.629269,-2.697624,1.200035,10.071747,nan,nan,nan,0,nan,nan,nan,0,nan,nan,nan,nan,nan,nan,nan,nan,nan,nan,nan,nan,nan,nan,nan,nan,nan,nan,nan,nan,nan,nan,nan,nan,nan,nan,nan,nan,nan,nan,nan,nan,nan,nan,nan,nan,nan,nan,nan,nan,nan,nan,nan,nan,nan,nan,nan,nan,nan,nan,nan,nan,nan,nan,nan,nan,nan,nan,nan,nan,nan,nan,nan,nan,nan,nan,nan,nan,nan,nan,nan,nan,nan,nan,nan,nan,nan,nan,nan,nan
13.480,APPROACH,143.169277,38.493787,137.689176,7.573719,-9.612231,-2.757720,1.200033,-50.811183,-66.811183,12.796281,0.000000,0.000000,-0.000033,0.000000,0.000000,0.000000,-12.317397,70.877992,20.370000,-9.612231,-2.757720,1.200000,0.000000,0.000000,-163.991975,-50.811183,-66.811183,12.796250,0.000000,0.000000,0.000000,0.000000,0.000000,0.000000,38.493787,137.689176,7.573719,143.169277,-9.612231,-2.757720,1.200033,10.071747,nan,nan,nan,0,nan,nan,nan,0,nan,nan,nan,nan,nan,nan,nan,nan,nan,nan,nan,nan,nan,nan,nan,nan,nan,nan,nan,nan,nan,nan,nan,nan,nan,nan,nan,nan,nan,nan,nan,nan,nan,nan,nan,nan,nan,nan,nan,nan,nan,nan,nan,nan,nan,nan,nan,nan,nan,nan,nan,nan,nan,nan,nan,nan,nan,nan,nan,nan,nan,nan,nan,nan,nan,nan,nan,nan,nan,nan,nan,nan,nan,nan,nan,nan,nan,nan,nan,nan
13.540,APPROACH,142.908619,38.014046,137.548290,7.633720,-9.594818,-2.817708,1.200031,-50.811183,-66.811183,12.796280,0.000000,0.000000,-0.000031,0.000000,0.000000,0.000000,-12.797138,70.737107,20.430000,-9.594818,-2.817708,1.200000,0.000000,0.000000,-163.634081,-50.811183,-66.811183,12.796250,0.000000,0.000000,0.000000,0.000000,0.000000,0.000000,38.014046,137.548290,7.633720,142.908619,-9.594818,-2.817708,1.200031,10.071746,nan,nan,nan,0,nan,nan,nan,0,nan,nan,nan,nan,nan,nan,nan,nan,nan,nan,nan,nan,nan,nan,nan,nan,nan,nan,nan,nan,nan,nan,nan,nan,nan,nan,nan,nan,nan,nan,nan,nan,nan,nan,nan,nan,nan,nan,nan,nan,nan,nan,nan,nan,nan,nan,nan,nan,nan,nan,nan,nan,nan,nan,nan,nan,nan,nan,nan,nan,nan,nan,nan,nan,nan,nan,nan,nan,nan,nan,nan,nan,nan,nan,nan,nan,nan,nan,nan,nan
13.580,APPROACH,142.646613,37.535194,137.404411,7.693722,-9.577030,-2.877585,1.200030,-50.811183,-66.811183,12.796278,0.000000,0.000000,-0.000030,0.000000,0.000000,0.000000,-13.275989,70.593228,20.490000,-9.577030,-2.877585,1.200000,0.000000,0.000000,-163.276189,-50.811183,-66.811183,12.796250,0.000000,0.000000,0.000000,0.000000,0.000000,0.000000,37.535194,137.404411,7.693722,142.646613,-9.577030,-2.877585,1.200030,10.071746,nan,nan,nan,0,nan,nan,nan,0,nan,nan,nan,nan,nan,nan,nan,nan,nan,nan,nan,nan,nan,nan,nan,nan,nan,nan,nan,nan,nan,nan,nan,nan,nan,nan,nan,nan,nan,nan,nan,nan,nan,nan,nan,nan,nan,nan,nan,nan,nan,nan,nan,nan,nan,nan,nan,nan,nan,nan,nan,nan,nan,nan,nan,nan,nan,nan,nan,nan,nan,nan,nan,nan,nan,nan,nan,nan,nan,nan,nan,nan,nan,nan,nan,nan,nan,nan,nan,nan
13.640,APPROACH,142.383262,37.057251,137.257543,7.753723,-9.558869,-2.937351,1.200028,-50.811183,-66.811183,12.796277,0.000000,0.000000,-0.000028,0.000000,0.000000,0.000000,-13.753932,70.446360,20.550000,-9.558869,-2.937351,1.200000,0.000000,0.000000,-162.918297,-50.811183,-66.811183,12.796250,0.000000,0.000000,0.000000,0.000000,0.000000,0.000000,37.057251,137.257543,7.753723,142.383262,-9.558869,-2.937351,1.200028,10.071746,nan,nan,nan,0,nan,nan,nan,0,nan,nan,nan,nan,nan,nan,nan,nan,nan,nan,nan,nan,nan,nan,nan,nan,nan,nan,nan,nan,nan,nan,nan,nan,nan,nan,nan,nan,nan,nan,nan,nan,nan,nan,nan,nan,nan,nan,nan,nan,nan,nan,nan,nan,nan,nan,nan,nan,nan,nan,nan,nan,nan,nan,nan,nan,nan,nan,nan,nan,nan,nan,nan,nan,nan,nan,nan,nan,nan,nan,nan,nan,nan,nan,nan,nan,nan,nan,nan,nan
13.680,APPROACH,142.118568,36.580234,137.107693,7.813725,-9.540335,-2.997001,1.200027,-50.811183,-66.811183,12.796275,0.000000,0.000000,-0.000027,0.000000,0.000000,0.000000,-14.230949,70.296510,20.610000,-9.540335,-2.997001,1.200000,0.000000,0.000000,-162.560407,-50.811183,-66.811183,12.796250,0.000000,0.000000,0.000000,0.000000,0.000000,0.000000,36.580234,137.107693,7.813725,142.118568,-9.540335,-2.997001,1.200027,10.071746,nan,nan,nan,0,nan,nan,nan,0,nan,nan,nan,nan,nan,nan,nan,nan,nan,nan,nan,nan,nan,nan,nan,nan,nan,nan,nan,nan,nan,nan,nan,nan,nan,nan,nan,nan,nan,nan,nan,nan,nan,nan,nan,nan,nan,nan,nan,nan,nan,nan,nan,nan,nan,nan,nan,nan,nan,nan,nan,nan,nan,nan,nan,nan,nan,nan,nan,nan,nan,nan,nan,nan,nan,nan,nan,nan,nan,nan,nan,nan,nan,nan,nan,nan,nan,nan,nan,nan
13.740,APPROACH,141.852535,36.104163,136.954867,7.873726,-9.521428,-3.056535,1.200025,-50.811183,-66.811183,12.796274,0.000000,0.000000,-0.000025,0.000000,0.000000,0.000000,-14.707021,70.143683,20.670000,-9.521428,-3.056535,1.200000,0.000000,0.000000,-162.202516,-50.811183,-66.811183,12.796250,0.000000,0.000000,0.000000,0.000000,0.000000,0.000000,36.104163,136.954867,7.873726,141.852535,-9.521428,-3.056535,1.200025,10.071746,nan,nan,nan,0,nan,nan,nan,0,nan,nan,nan,nan,nan,nan,nan,nan,nan,nan,nan,nan,nan,nan,nan,nan,nan,nan,nan,nan,nan,nan,nan,nan,nan,nan,nan,nan,nan,nan,nan,nan,nan,nan,nan,nan,nan,nan,nan,nan,nan,nan,nan,nan,nan,nan,nan,nan,nan,nan,nan,nan,nan,nan,nan,nan,nan,nan,nan,nan,nan,nan,nan,nan,nan,nan,nan,nan,nan,nan,nan,nan,nan,nan,nan,nan,nan,nan,nan,nan
13.780,APPROACH,141.585165,35.629055,136.799069,7.933727,-9.502150,-3.115949,1.200024,-50.811183,-66.811183,12.796273,0.000000,0.000000,-0.000024,0.000000,0.000000,0.000000,-15.182128,69.987886,20.730000,-9.502150,-3.115949,1.200000,0.000000,0.000000,-161.844627,-50.811183,-66.811183,12.796250,0.000000,0.000000,0.000000,0.000000,0.000000,0.000000,35.629055,136.799069,7.933727,141.585165,-9.502150,-3.115949,1.200024,10.071746,nan,nan,nan,0,nan,nan,nan,0,nan,nan,nan,nan,nan,nan,nan,nan,nan,nan,nan,nan,nan,nan,nan,nan,nan,nan,nan,nan,nan,nan,nan,nan,nan,nan,nan,nan,nan,nan,nan,nan,nan,nan,nan,nan,nan,nan,nan,nan,nan,nan,nan,nan,nan,nan,nan,nan,nan,nan,nan,nan,nan,nan,nan,nan,nan,nan,nan,nan,nan,nan,nan,nan,nan,nan,nan,nan,nan,nan,nan,nan,nan,nan,nan,nan,nan,nan,nan,nan
13.840,APPROACH,141.316462,35.154930,136.640307,7.993728,-9.482502,-3.175241,1.200023,-50.811183,-66.811183,12.796272,0.000000,0.000000,-0.000023,0.000000,0.000000,0.000000,-15.656253,69.829124,20.790000,-9.482502,-3.175241,1.200000,0.000000,0.000000,-161.486738,-50.811183,-66.811183,12.796250,0.000000,0.000000,0.000000,0.000000,0.000000,0.000000,35.154930,136.640307,7.993728,141.316462,-9.482502,-3.175241,1.200023,10.071745,nan,nan,nan,0,nan,nan,nan,0,nan,nan,nan,nan,nan,nan,nan,nan,nan,nan,nan,nan,nan,nan,nan,nan,nan,nan,nan,nan,nan,nan,nan,nan,nan,nan,nan,nan,nan,nan,nan,nan,nan,nan,nan,nan,nan,nan,nan,nan,nan,nan,nan,nan,nan,nan,nan,nan,nan,nan,nan,nan,nan,nan,nan,nan,nan,nan,nan,nan,nan,nan,nan,nan,nan,nan,nan,nan,nan,nan,nan,nan,nan,nan,nan,nan,nan,nan,nan,nan
13.880,APPROACH,141.046428,34.681806,136.478587,8.053729,-9.462483,-3.234410,1.200022,-50.811183,-66.811183,12.796271,0.000000,0.000000,-0.000022,0.000000,0.000000,0.000000,-16.129377,69.667403,20.850000,-9.462483,-3.234410,1.200000,0.000000,0.000000,-161.128850,-50.811183,-66.811183,12.796250,0.000000,0.000000,0.000000,0.000000,0.000000,0.000000,34.681806,136.478587,8.053729,141.046428,-9.462483,-3.234410,1.200022,10.071745,nan,nan,nan,0,nan,nan,nan,0,nan,nan,nan,nan,nan,nan,nan,nan,nan,nan,nan,nan,nan,nan,nan,nan,nan,nan,nan,nan,nan,nan,nan,nan,nan,nan,nan,nan,nan,nan,nan,nan,nan,nan,nan,nan,nan,nan,nan,nan,nan,nan,nan,nan,nan,nan,nan,nan,nan,nan,nan,nan,nan,nan,nan,nan,nan,nan,nan,nan,nan,nan,nan,nan,nan,nan,nan,nan,nan,nan,nan,nan,nan,nan,nan,nan,nan,nan,nan,nan
13.940,APPROACH,140.775067,34.209701,136.313914,8.113730,-9.442096,-3.293452,1.200021,-50.811183,-66.811183,12.796270,0.000000,0.000000,-0.000021,0.000000,0.000000,0.000000,-16.601482,69.502731,20.910000,-9.442096,-3.293452,1.200000,0.000000,0.000000,-160.770963,-50.811183,-66.811183,12.796250,0.000000,0.000000,0.000000,0.000000,0.000000,0.000000,34.209701,136.313914,8.113730,140.775067,-9.442096,-3.293452,1.200021,10.071745,nan,nan,nan,0,nan,nan,nan,0,nan,nan,nan,nan,nan,nan,nan,nan,nan,nan,nan,nan,nan,nan,nan,nan,nan,nan,nan,nan,nan,nan,nan,nan,nan,nan,nan,nan,nan,nan,nan,nan,nan,nan,nan,nan,nan,nan,nan,nan,nan,nan,nan,nan,nan,nan,nan,nan,nan,nan,nan,nan,nan,nan,nan,nan,nan,nan,nan,nan,nan,nan,nan,nan,nan,nan,nan,nan,nan,nan,nan,nan,nan,nan,nan,nan,nan,nan,nan,nan
13.980,APPROACH,140.502381,33.738634,136.146296,8.173731,-9.421340,-3.352366,1.200020,-50.811183,-66.811183,12.796269,0.000000,0.000000,-0.000020,0.000000,0.000000,0.000000,-17.072549,69.335112,20.970000,-9.421340,-3.352366,1.200000,0.000000,0.000000,-160.413076,-50.811183,-66.811183,12.796250,0.000000,0.000000,0.000000,0.000000,0.000000,0.000000,33.738634,136.146296,8.173731,140.502381,-9.421340,-3.352366,1.200020,10.071745,nan,nan,nan,0,nan,nan,nan,0,nan,nan,nan,nan,nan,nan,nan,nan,nan,nan,nan,nan,nan,nan,nan,nan,nan,nan,nan,nan,nan,nan,nan,nan,nan,nan,nan,nan,nan,nan,nan,nan,nan,nan,nan,nan,nan,nan,nan,nan,nan,nan,nan,nan,nan,nan,nan,nan,nan,nan,nan,nan,nan,nan,nan,nan,nan,nan,nan,nan,nan,nan,nan,nan,nan,nan,nan,nan,nan,nan,nan,nan,nan,nan,nan,nan,nan,nan,nan,nan
14.040,APPROACH,140.228375,33.268623,135.975738,8.233732,-9.400216,-3.411148,1.200019,-50.811183,-66.811183,12.796268,0.000000,0.000000,-0.000019,0.000000,0.000000,0.000000,-17.542560,69.164555,21.030000,-9.400216,-3.411148,1.200000,0.000000,0.000000,-160.055190,-50.811183,-66.811183,12.796250,0.000000,0.000000,0.000000,0.000000,0.000000,0.000000,33.268623,135.975738,8.233732,140.228375,-9.400216,-3.411148,1.200019,10.071745,nan,nan,nan,0,nan,nan,nan,0,nan,nan,nan,nan,nan,nan,nan,nan,nan,nan,nan,nan,nan,nan,nan,nan,nan,nan,nan,nan,nan,nan,nan,nan,nan,nan,nan,nan,nan,nan,nan,nan,nan,nan,nan,nan,nan,nan,nan,nan,nan,nan,nan,nan,nan,nan,nan,nan,nan,nan,nan,nan,nan,nan,nan,nan,nan,nan,nan,nan,nan,nan,nan,nan,nan,nan,nan,nan,nan,nan,nan,nan,nan,nan,nan,nan,nan,nan,nan,nan
14.080,APPROACH,139.953050,32.799687,135.802248,8.293733,-9.378726,-3.469798,1.200018,-50.811183,-66.811183,12.796267,0.000000,0.000000,-0.000018,0.000000,0.000000,0.000000,-18.011496,68.991065,21.090000,-9.378726,-3.469798,1.200000,0.000000,0.000000,-159.697304,-50.811183,-66.811183,12.796250,0.000000,0.000000,0.000000,0.000000,0.000000,0.000000,32.799687,135.802248,8.293733,139.953050,-9.378726,-3.469798,1.200018,10.071745,nan,nan,nan,0,nan,nan,nan,0,nan,nan,nan,nan,nan,nan,nan,nan,nan,nan,nan,nan,nan,nan,nan,nan,nan,nan,nan,nan,nan,nan,nan,nan,nan,nan,nan,nan,nan,nan,nan,nan,nan,nan,nan,nan,nan,nan,nan,nan,nan,nan,nan,nan,nan,nan,nan,nan,nan,nan,nan,nan,nan,nan,nan,nan,nan,nan,nan,nan,nan,nan,nan,nan,nan,nan,nan,nan,nan,nan,nan,nan,nan,nan,nan,nan,nan,nan,nan,nan
14.140,APPROACH,139.676410,32.331843,135.625833,8.353734,-9.356870,-3.528312,1.200017,-50.811183,-66.811183,12.796266,0.000000,0.000000,-0.000017,0.000000,0.000000,0.000000,-18.479340,68.814650,21.150000,-9.356870,-3.528312,1.200000,0.000000,0.000000,-159.339419,-50.811183,-66.811183,12.796250,0.000000,0.000000,0.000000,0.000000,0.000000,0.000000,32.331843,135.625833,8.353734,139.676410,-9.356870,-3.528312,1.200017,10.071745,nan,nan,nan,0,nan,nan,nan,0,nan,nan,nan,nan,nan,nan,nan,nan,nan,nan,nan,nan,nan,nan,nan,nan,nan,nan,nan,nan,nan,nan,nan,nan,nan,nan,nan,nan,nan,nan,nan,nan,nan,nan,nan,nan,nan,nan,nan,nan,nan,nan,nan,nan,nan,nan,nan,nan,nan,nan,nan,nan,nan,nan,nan,nan,nan,nan,nan,nan,nan,nan,nan,nan,nan,nan,nan,nan,nan,nan,nan,nan,nan,nan,nan,nan,nan,nan,nan,nan
14.180,APPROACH,139.398458,31.865111,135.446498,8.413735,-9.334649,-3.586688,1.200016,-50.811183,-66.811183,12.796265,0.000000,0.000000,-0.000016,0.000000,0.000000,0.000000,-18.946072,68.635315,21.210000,-9.334649,-3.586688,1.200000,0.000000,0.000000,-158.981535,-50.811183,-66.811183,12.796250,0.000000,0.000000,0.000000,0.000000,0.000000,0.000000,31.865111,135.446498,8.413735,139.398458,-9.334649,-3.586688,1.200016,10.071745,nan,nan,nan,0,nan,nan,nan,0,nan,nan,nan,nan,nan,nan,nan,nan,nan,nan,nan,nan,nan,nan,nan,nan,nan,nan,nan,nan,nan,nan,nan,nan,nan,nan,nan,nan,nan,nan,nan,nan,nan,nan,nan,nan,nan,nan,nan,nan,nan,nan,nan,nan,nan,nan,nan,nan,nan,nan,nan,nan,nan,nan,nan,nan,nan,nan,nan,nan,nan,nan,nan,nan,nan,nan,nan,nan,nan,nan,nan,nan,nan,nan,nan,nan,nan,nan,nan,nan
14.240,APPROACH,139.119198,31.399508,135.264252,8.473736,-9.312064,-3.644924,1.200015,-50.811183,-66.811183,12.796264,0.000000,0.000000,-0.000015,0.000000,0.000000,0.000000,-19.411675,68.453069,21.270000,-9.312064,-3.644924,1.200000,0.000000,0.000000,-158.623651,-50.811183,-66.811183,12.796250,0.000000,0.000000,0.000000,0.000000,0.000000,0.000000,31.399508,135.264252,8.473736,139.119198,-9.312064,-3.644924,1.200015,10.071744,nan,nan,nan,0,nan,nan,nan,0,nan,nan,nan,nan,nan,nan,nan,nan,nan,nan,nan,nan,nan,nan,nan,nan,nan,nan,nan,nan,nan,nan,nan,nan,nan,nan,nan,nan,nan,nan,nan,nan,nan,nan,nan,nan,nan,nan,nan,nan,nan,nan,nan,nan,nan,nan,nan,nan,nan,nan,nan,nan,nan,nan,nan,nan,nan,nan,nan,nan,nan,nan,nan,nan,nan,nan,nan,nan,nan,nan,nan,nan,nan,nan,nan,nan,nan,nan,nan,nan
14.280,APPROACH,138.838632,30.935052,135.079101,8.533736,-9.289115,-3.703018,1.200014,-50.811183,-66.811183,12.796264,0.000000,0.000000,-0.000014,0.000000,0.000000,0.000000,-19.876131,68.267918,21.330000,-9.289115,-3.703018,1.200000,0.000000,0.000000,-158.265768,-50.811183,-66.811183,12.796250,0.000000,0.000000,0.000000,0.000000,0.000000,0.000000,30.935052,135.079101,8.533736,138.838632,-9.289115,-3.703018,1.200014,10.071744,nan,nan,nan,0,nan,nan,nan,0,nan,nan,nan,nan,nan,nan,nan,nan,nan,nan,nan,nan,nan,nan,nan,nan,nan,nan,nan,nan,nan,nan,nan,nan,nan,nan,nan,nan,nan,nan,nan,nan,nan,nan,nan,nan,nan,nan,nan,nan,nan,nan,nan,nan,nan,nan,nan,nan,nan,nan,nan,nan,nan,nan,nan,nan,nan,nan,nan,nan,nan,nan,nan,nan,nan,nan,nan,nan,nan,nan,nan,nan,nan,nan,nan,nan,nan,nan,nan,nan
14.340,APPROACH,138.556764,30.471762,134.891053,8.593737,-9.265804,-3.760968,1.200014,-50.811183,-66.811183,12.796263,0.000000,0.000000,-0.000014,0.000000,0.000000,0.000000,-20.339421,68.079870,21.390000,-9.265804,-3.760968,1.200000,0.000000,0.000000,-157.907885,-50.811183,-66.811183,12.796250,0.000000,0.000000,0.000000,0.000000,0.000000,0.000000,30.471762,134.891053,8.593737,138.556764,-9.265804,-3.760968,1.200014,10.071744,nan,nan,nan,0,nan,nan,nan,0,nan,nan,nan,nan,nan,nan,nan,nan,nan,nan,nan,nan,nan,nan,nan,nan,nan,nan,nan,nan,nan,nan,nan,nan,nan,nan,nan,nan,nan,nan,nan,nan,nan,nan,nan,nan,nan,nan,nan,nan,nan,nan,nan,nan,nan,nan,nan,nan,nan,nan,nan,nan,nan,nan,nan,nan,nan,nan,nan,nan,nan,nan,nan,nan,nan,nan,nan,nan,nan,nan,nan,nan,nan,nan,nan,nan,nan,nan,nan,nan
14.380,APPROACH,138.273596,30.009655,134.700114,8.653738,-9.242132,-3.818770,1.200013,-50.811183,-66.811183,12.796262,0.000000,0.000000,-0.000013,0.000000,0.000000,0.000000,-20.801528,67.888931,21.450000,-9.242132,-3.818770,1.200000,0.000000,0.000000,-157.550002,-50.811183,-66.811183,12.796250,0.000000,0.000000,0.000000,0.000000,0.000000,0.000000,30.009655,134.700114,8.653738,138.273596,-9.242132,-3.818770,1.200013,10.071744,nan,nan,nan,0,nan,nan,nan,0,nan,nan,nan,nan,nan,nan,nan,nan,nan,nan,nan,nan,nan,nan,nan,nan,nan,nan,nan,nan,nan,nan,nan,nan,nan,nan,nan,nan,nan,nan,nan,nan,nan,nan,nan,nan,nan,nan,nan,nan,nan,nan,nan,nan,nan,nan,nan,nan,nan,nan,nan,nan,nan,nan,nan,nan,nan,nan,nan,nan,nan,nan,nan,nan,nan,nan,nan,nan,nan,nan,nan,nan,nan,nan,nan,nan,nan,nan,nan,nan
14.440,APPROACH,137.989133,29.548750,134.506293,8.713738,-9.218099,-3.876424,1.200012,-50.811183,-66.811183,12.796262,0.000000,0.000000,-0.000012,0.000000,0.000000,0.000000,-21.262433,67.695110,21.510000,-9.218099,-3.876424,1.200000,0.000000,0.000000,-157.192121,-50.811183,-66.811183,12.796250,0.000000,0.000000,0.000000,0.000000,0.000000,0.000000,29.548750,134.506293,8.713738,137.989133,-9.218099,-3.876424,1.200012,10.071744,nan,nan,nan,0,nan,nan,nan,0,nan,nan,nan,nan,nan,nan,nan,nan,nan,nan,nan,nan,nan,nan,nan,nan,nan,nan,nan,nan,nan,nan,nan,nan,nan,nan,nan,nan,nan,nan,nan,nan,nan,nan,nan,nan,nan,nan,nan,nan,nan,nan,nan,nan,nan,nan,nan,nan,nan,nan,nan,nan,nan,nan,nan,nan,nan,nan,nan,nan,nan,nan,nan,nan,nan,nan,nan,nan,nan,nan,nan,nan,nan,nan,nan,nan,nan,nan,nan,nan
14.480,APPROACH,137.703377,29.089065,134.309597,8.773739,-9.193706,-3.933926,1.200012,-50.811183,-66.811183,12.796261,0.000000,0.000000,-0.000012,0.000000,0.000000,0.000000,-21.722118,67.498414,21.570000,-9.193706,-3.933926,1.200000,0.000000,0.000000,-156.834239,-50.811183,-66.811183,12.796250,0.000000,0.000000,0.000000,0.000000,0.000000,0.000000,29.089065,134.309597,8.773739,137.703377,-9.193706,-3.933926,1.200012,10.071744,nan,nan,nan,0,nan,nan,nan,0,nan,nan,nan,nan,nan,nan,nan,nan,nan,nan,nan,nan,nan,nan,nan,nan,nan,nan,nan,nan,nan,nan,nan,nan,nan,nan,nan,nan,nan,nan,nan,nan,nan,nan,nan,nan,nan,nan,nan,nan,nan,nan,nan,nan,nan,nan,nan,nan,nan,nan,nan,nan,nan,nan,nan,nan,nan,nan,nan,nan,nan,nan,nan,nan,nan,nan,nan,nan,nan,nan,nan,nan,nan,nan,nan,nan,nan,nan,nan,nan
14.540,APPROACH,137.416332,28.630617,134.110033,8.833739,-9.168955,-3.991274,1.200011,-50.811183,-66.811183,12.796261,0.000000,0.000000,-0.000011,0.000000,0.000000,0.000000,-22.180566,67.298850,21.630000,-9.168955,-3.991274,1.200000,0.000000,0.000000,-156.476358,-50.811183,-66.811183,12.796250,0.000000,0.000000,0.000000,0.000000,0.000000,0.000000,28.630617,134.110033,8.833739,137.416332,-9.168955,-3.991274,1.200011,10.071744,nan,nan,nan,0,nan,nan,nan,0,nan,nan,nan,nan,nan,nan,nan,nan,nan,nan,nan,nan,nan,nan,nan,nan,nan,nan,nan,nan,nan,nan,nan,nan,nan,nan,nan,nan,nan,nan,nan,nan,nan,nan,nan,nan,nan,nan,nan,nan,nan,nan,nan,nan,nan,nan,nan,nan,nan,nan,nan,nan,nan,nan,nan,nan,nan,nan,nan,nan,nan,nan,nan,nan,nan,nan,nan,nan,nan,nan,nan,nan,nan,nan,nan,nan,nan,nan,nan,nan
14.580,APPROACH,137.128000,28.173425,133.907610,8.893740,-9.143846,-4.048467,1.200011,-50.811183,-66.811183,12.796260,0.000000,0.000000,-0.000011,0.000000,0.000000,0.000000,-22.637758,67.096427,21.690000,-9.143846,-4.048467,1.200000,0.000000,0.000000,-156.118478,-50.811183,-66.811183,12.796250,0.000000,0.000000,0.000000,0.000000,0.000000,0.000000,28.173425,133.907610,8.893740,137.128000,-9.143846,-4.048467,1.200011,10.071744,nan,nan,nan,0,nan,nan,nan,0,nan,nan,nan,nan,nan,nan,nan,nan,nan,nan,nan,nan,nan,nan,nan,nan,nan,nan,nan,nan,nan,nan,nan,nan,nan,nan,nan,nan,nan,nan,nan,nan,nan,nan,nan,nan,nan,nan,nan,nan,nan,nan,nan,nan,nan,nan,nan,nan,nan,nan,nan,nan,nan,nan,nan,nan,nan,nan,nan,nan,nan,nan,nan,nan,nan,nan,nan,nan,nan,nan,nan,nan,nan,nan,nan,nan,nan,nan,nan,nan
14.640,APPROACH,136.838386,27.717506,133.702335,8.953740,-9.118380,-4.105502,1.200010,-50.811183,-66.811183,12.796260,0.000000,0.000000,-0.000010,0.000000,0.000000,0.000000,-23.093677,66.891152,21.750000,-9.118380,-4.105502,1.200000,0.000000,0.000000,-155.760597,-50.811183,-66.811183,12.796250,0.000000,0.000000,0.000000,0.000000,0.000000,0.000000,27.717506,133.702335,8.953740,136.838386,-9.118380,-4.105502,1.200010,10.071744,nan,nan,nan,0,nan,nan,nan,0,nan,nan,nan,nan,nan,nan,nan,nan,nan,nan,nan,nan,nan,nan,nan,nan,nan,nan,nan,nan,nan,nan,nan,nan,nan,nan,nan,nan,nan,nan,nan,nan,nan,nan,nan,nan,nan,nan,nan,nan,nan,nan,nan,nan,nan,nan,nan,nan,nan,nan,nan,nan,nan,nan,nan,nan,nan,nan,nan,nan,nan,nan,nan,nan,nan,nan,nan,nan,nan,nan,nan,nan,nan,nan,nan,nan,nan,nan,nan,nan
14.680,APPROACH,136.547493,27.262878,133.494216,9.013741,-9.092559,-4.162377,1.200010,-50.811183,-66.811183,12.796259,0.000000,0.000000,-0.000010,0.000000,0.000000,0.000000,-23.548305,66.683033,21.810000,-9.092559,-4.162377,1.200000,0.000000,0.000000,-155.402718,-50.811183,-66.811183,12.796250,0.000000,0.000000,0.000000,0.000000,0.000000,0.000000,27.262878,133.494216,9.013741,136.547493,-9.092559,-4.162377,1.200010,10.071744,nan,nan,nan,0,nan,nan,nan,0,nan,nan,nan,nan,nan,nan,nan,nan,nan,nan,nan,nan,nan,nan,nan,nan,nan,nan,nan,nan,nan,nan,nan,nan,nan,nan,nan,nan,nan,nan,nan,nan,nan,nan,nan,nan,nan,nan,nan,nan,nan,nan,nan,nan,nan,nan,nan,nan,nan,nan,nan,nan,nan,nan,nan,nan,nan,nan,nan,nan,nan,nan,nan,nan,nan,nan,nan,nan,nan,nan,nan,nan,nan,nan,nan,nan,nan,nan,nan,nan
14.740,APPROACH,136.255323,26.809559,133.283261,9.073741,-9.066382,-4.219089,1.200009,-50.811183,-66.811183,12.796259,0.000000,0.000000,-0.000009,0.000000,0.000000,0.000000,-24.001624,66.472078,21.870000,-9.066382,-4.219089,1.200000,0.000000,0.000000,-155.044839,-50.811183,-66.811183,12.796250,0.000000,0.000000,0.000000,0.000000,0.000000,0.000000,26.809559,133.283261,9.073741,136.255323,-9.066382,-4.219089,1.200009,10.071744,nan,nan,nan,0,nan,nan,nan,0,nan,nan,nan,nan,nan,nan,nan,nan,nan,nan,nan,nan,nan,nan,nan,nan,nan,nan,nan,nan,nan,nan,nan,nan,nan,nan,nan,nan,nan,nan,nan,nan,nan,nan,nan,nan,nan,nan,nan,nan,nan,nan,nan,nan,nan,nan,nan,nan,nan,nan,nan,nan,nan,nan,nan,nan,nan,nan,nan,nan,nan,nan,nan,nan,nan,nan,nan,nan,nan,nan,nan,nan,nan,nan,nan,nan,nan,nan,nan,nan
14.780,APPROACH,135.961881,26.357566,133.069480,9.133742,-9.039853,-4.275636,1.200009,-50.811183,-66.811183,12.796258,0.000000,0.000000,-0.000009,0.000000,0.000000,0.000000,-24.453617,66.258296,21.930000,-9.039853,-4.275636,1.200000,0.000000,0.000000,-154.686960,-50.811183,-66.811183,12.796250,0.000000,0.000000,0.000000,0.000000,0.000000,0.000000,26.357566,133.069480,9.133742,135.961881,-9.039853,-4.275636,1.200009,10.071744,nan,nan,nan,0,nan,nan,nan,0,nan,nan,nan,nan,nan,nan,nan,nan,nan,nan,nan,nan,nan,nan,nan,nan,nan,nan,nan,nan,nan,nan,nan,nan,nan,nan,nan,nan,nan,nan,nan,nan,nan,nan,nan,nan,nan,nan,nan,nan,nan,nan,nan,nan,nan,nan,nan,nan,nan,nan,nan,nan,nan,nan,nan,nan,nan,nan,nan,nan,nan,nan,nan,nan,nan,nan,nan,nan,nan,nan,nan,nan,nan,nan,nan,nan,nan,nan,nan,nan
14.840,APPROACH,135.667169,25.906918,132.852879,9.193742,-9.012970,-4.332017,1.200008,-50.811183,-66.811183,12.796258,0.000000,0.000000,-0.000008,0.000000,0.000000,0.000000,-24.904265,66.041696,21.990000,-9.012970,-4.332017,1.200000,0.000000,0.000000,-154.329081,-50.811183,-66.811183,12.796250,0.000000,0.000000,0.000000,0.000000,0.000000,0.000000,25.906918,132.852879,9.193742,135.667169,-9.012970,-4.332017,1.200008,10.071744,nan,nan,nan,0,nan,nan,nan,0,nan,nan,nan,nan,nan,nan,nan,nan,nan,nan,nan,nan,nan,nan,nan,nan,nan,nan,nan,nan,nan,nan,nan,nan,nan,nan,nan,nan,nan,nan,nan,nan,nan,nan,nan,nan,nan,nan,nan,nan,nan,nan,nan,nan,nan,nan,nan,nan,nan,nan,nan,nan,nan,nan,nan,nan,nan,nan,nan,nan,nan,nan,nan,nan,nan,nan,nan,nan,nan,nan,nan,nan,nan,nan,nan,nan,nan,nan,nan,nan
14.880,APPROACH,135.371191,25.457631,132.633467,9.253743,-8.985736,-4.388228,1.200008,-50.811183,-66.811183,12.796257,0.000000,0.000000,-0.000008,0.000000,0.000000,0.000000,-25.353552,65.822284,22.050000,-8.985736,-4.388228,1.200000,0.000000,0.000000,-153.971203,-50.811183,-66.811183,12.796250,0.000000,0.000000,0.000000,0.000000,0.000000,0.000000,25.457631,132.633467,9.253743,135.371191,-8.985736,-4.388228,1.200008,10.071744,nan,nan,nan,0,nan,nan,nan,0,nan,nan,nan,nan,nan,nan,nan,nan,nan,nan,nan,nan,nan,nan,nan,nan,nan,nan,nan,nan,nan,nan,nan,nan,nan,nan,nan,nan,nan,nan,nan,nan,nan,nan,nan,nan,nan,nan,nan,nan,nan,nan,nan,nan,nan,nan,nan,nan,nan,nan,nan,nan,nan,nan,nan,nan,nan,nan,nan,nan,nan,nan,nan,nan,nan,nan,nan,nan,nan,nan,nan,nan,nan,nan,nan,nan,nan,nan,nan,nan
14.940,APPROACH,135.073951,25.009723,132.411254,9.313743,-8.958151,-4.444269,1.200007,-50.811183,-66.811183,12.796257,0.000000,0.000000,-0.000007,0.000000,0.000000,0.000000,-25.801460,65.600071,22.110000,-8.958151,-4.444269,1.200000,0.000000,0.000000,-153.613325,-50.811183,-66.811183,12.796250,0.000000,0.000000,0.000000,0.000000,0.000000,0.000000,25.009723,132.411254,9.313743,135.073951,-8.958151,-4.444269,1.200007,10.071744,nan,nan,nan,0,nan,nan,nan,0,nan,nan,nan,nan,nan,nan,nan,nan,nan,nan,nan,nan,nan,nan,nan,nan,nan,nan,nan,nan,nan,nan,nan,nan,nan,nan,nan,nan,nan,nan,nan,nan,nan,nan,nan,nan,nan,nan,nan,nan,nan,nan,nan,nan,nan,nan,nan,nan,nan,nan,nan,nan,nan,nan,nan,nan,nan,nan,nan,nan,nan,nan,nan,nan,nan,nan,nan,nan,nan,nan,nan,nan,nan,nan,nan,nan,nan,nan,nan,nan
14.980,APPROACH,134.775452,24.563213,132.186247,9.373743,-8.930217,-4.500135,1.200007,-50.811183,-66.811183,12.796257,0.000000,0.000000,-0.000007,0.000000,0.000000,0.000000,-26.247971,65.375064,22.170000,-8.930217,-4.500135,1.200000,0.000000,0.000000,-153.255448,-50.811183,-66.811183,12.796250,0.000000,0.000000,0.000000,0.000000,0.000000,0.000000,24.563213,132.186247,9.373743,134.775452,-8.930217,-4.500135,1.200007,10.071743,nan,nan,nan,0,nan,nan,nan,0,nan,nan,nan,nan,nan,nan,nan,nan,nan,nan,nan,nan,nan,nan,nan,nan,nan,nan,nan,nan,nan,nan,nan,nan,nan,nan,nan,nan,nan,nan,nan,nan,nan,nan,nan,nan,nan,nan,nan,nan,nan,nan,nan,nan,nan,nan,nan,nan,nan,nan,nan,nan,nan,nan,nan,nan,nan,nan,nan,nan,nan,nan,nan,nan,nan,nan,nan,nan,nan,nan,nan,nan,nan,nan,nan,nan,nan,nan,nan,nan
15.040,APPROACH,134.475697,24.118116,131.958456,9.433744,-8.901935,-4.555827,1.200007,-50.811183,-66.811183,12.796256,0.000000,0.000000,-0.000007,0.000000,0.000000,0.000000,-26.693067,65.147273,22.230000,-8.901935,-4.555827,1.200000,0.000000,0.000000,-152.897571,-50.811183,-66.811183,12.796250,0.000000,0.000000,0.000000,0.000000,0.000000,0.000000,24.118116,131.958456,9.433744,134.475697,-8.901935,-4.555827,1.200007,10.071743,nan,nan,nan,0,nan,nan,nan,0,nan,nan,nan,nan,nan,nan,nan,nan,nan,nan,nan,nan,nan,nan,nan,nan,nan,nan,nan,nan,nan,nan,nan,nan,nan,nan,nan,nan,nan,nan,nan,nan,nan,nan,nan,nan,nan,nan,nan,nan,nan,nan,nan,nan,nan,nan,nan,nan,nan,nan,nan,nan,nan,nan,nan,nan,nan,nan,nan,nan,nan,nan,nan,nan,nan,nan,nan,nan,nan,nan,nan,nan,nan,nan,nan,nan,nan,nan,nan,nan
15.080,APPROACH,134.174690,23.674451,131.727889,9.493744,-8.873305,-4.611340,1.200006,-50.811183,-66.811183,12.796256,0.000000,0.000000,-0.000006,0.000000,0.000000,0.000000,-27.136733,64.916706,22.290000,-8.873305,-4.611340,1.200000,0.000000,0.000000,-152.539694,-50.811183,-66.811183,12.796250,0.000000,0.000000,0.000000,0.000000,0.000000,0.000000,23.674451,131.727889,9.493744,134.174690,-8.873305,-4.611340,1.200006,10.071743,nan,nan,nan,0,nan,nan,nan,0,nan,nan,nan,nan,nan,nan,nan,nan,nan,nan,nan,nan,nan,nan,nan,nan,nan,nan,nan,nan,nan,nan,nan,nan,nan,nan,nan,nan,nan,nan,nan,nan,nan,nan,nan,nan,nan,nan,nan,nan,nan,nan,nan,nan,nan,nan,nan,nan,nan,nan,nan,nan,nan,nan,nan,nan,nan,nan,nan,nan,nan,nan,nan,nan,nan,nan,nan,nan,nan,nan,nan,nan,nan,nan,nan,nan,nan,nan,nan,nan
15.140,APPROACH,133.872435,23.232234,131.494555,9.553744,-8.844329,-4.666673,1.200006,-50.811183,-66.811183,12.796256,0.000000,0.000000,-0.000006,0.000000,0.000000,0.000000,-27.578949,64.683372,22.350000,-8.844329,-4.666673,1.200000,0.000000,0.000000,-152.181817,-50.811183,-66.811183,12.796250,0.000000,0.000000,0.000000,0.000000,0.000000,0.000000,23.232234,131.494555,9.553744,133.872435,-8.844329,-4.666673,1.200006,10.071743,nan,nan,nan,0,nan,nan,nan,0,nan,nan,nan,nan,nan,nan,nan,nan,nan,nan,nan,nan,nan,nan,nan,nan,nan,nan,nan,nan,nan,nan,nan,nan,nan,nan,nan,nan,nan,nan,nan,nan,nan,nan,nan,nan,nan,nan,nan,nan,nan,nan,nan,nan,nan,nan,nan,nan,nan,nan,nan,nan,nan,nan,nan,nan,nan,nan,nan,nan,nan,nan,nan,nan,nan,nan,nan,nan,nan,nan,nan,nan,nan,nan,nan,nan,nan,nan,nan,nan
15.180,APPROACH,133.568934,22.791484,131.258464,9.613745,-8.815008,-4.721825,1.200006,-50.811183,-66.811183,12.796255,0.000000,0.000000,-0.000006,0.000000,0.000000,0.000000,-28.019699,64.447281,22.410000,-8.815008,-4.721825,1.200000,0.000000,0.000000,-151.823941,-50.811183,-66.811183,12.796250,0.000000,0.000000,0.000000,0.000000,0.000000,0.000000,22.791484,131.258464,9.613745,133.568934,-8.815008,-4.721825,1.200006,10.071743,nan,nan,nan,0,nan,nan,nan,0,nan,nan,nan,nan,nan,nan,nan,nan,nan,nan,nan,nan,nan,nan,nan,nan,nan,nan,nan,nan,nan,nan,nan,nan,nan,nan,nan,nan,nan,nan,nan,nan,nan,nan,nan,nan,nan,nan,nan,nan,nan,nan,nan,nan,nan,nan,nan,nan,nan,nan,nan,nan,nan,nan,nan,nan,nan,nan,nan,nan,nan,nan,nan,nan,nan,nan,nan,nan,nan,nan,nan,nan,nan,nan,nan,nan,nan,nan,nan,nan
15.240,APPROACH,133.264192,22.352217,131.019624,9.673745,-8.785343,-4.776792,1.200005,-50.811183,-66.811183,12.796255,0.000000,0.000000,-0.000005,0.000000,0.000000,0.000000,-28.458967,64.208441,22.470000,-8.785343,-4.776792,1.200000,0.000000,0.000000,-151.466065,-50.811183,-66.811183,12.796250,0.000000,0.000000,0.000000,0.000000,0.000000,0.000000,22.352217,131.019624,9.673745,133.264192,-8.785343,-4.776792,1.200005,10.071743,nan,nan,nan,0,nan,nan,nan,0,nan,nan,nan,nan,nan,nan,nan,nan,nan,nan,nan,nan,nan,nan,nan,nan,nan,nan,nan,nan,nan,nan,nan,nan,nan,nan,nan,nan,nan,nan,nan,nan,nan,nan,nan,nan,nan,nan,nan,nan,nan,nan,nan,nan,nan,nan,nan,nan,nan,nan,nan,nan,nan,nan,nan,nan,nan,nan,nan,nan,nan,nan,nan,nan,nan,nan,nan,nan,nan,nan,nan,nan,nan,nan,nan,nan,nan,nan,nan,nan
15.280,APPROACH,132.958212,21.914450,130.778046,9.733745,-8.755336,-4.831572,1.200005,-50.811183,-66.811183,12.796255,0.000000,0.000000,-0.000005,0.000000,0.000000,0.000000,-28.896733,63.966863,22.530000,-8.755336,-4.831572,1.200000,0.000000,0.000000,-151.108190,-50.811183,-66.811183,12.796250,0.000000,0.000000,0.000000,0.000000,0.000000,0.000000,21.914450,130.778046,9.733745,132.958212,-8.755336,-4.831572,1.200005,10.071743,nan,nan,nan,0,nan,nan,nan,0,nan,nan,nan,nan,nan,nan,nan,nan,nan,nan,nan,nan,nan,nan,nan,nan,nan,nan,nan,nan,nan,nan,nan,nan,nan,nan,nan,nan,nan,nan,nan,nan,nan,nan,nan,nan,nan,nan,nan,nan,nan,nan,nan,nan,nan,nan,nan,nan,nan,nan,nan,nan,nan,nan,nan,nan,nan,nan,nan,nan,nan,nan,nan,nan,nan,nan,nan,nan,nan,nan,nan,nan,nan,nan,nan,nan,nan,nan,nan,nan
15.340,APPROACH,132.650998,21.478200,130.533738,9.793745,-8.724987,-4.886165,1.200005,-50.811183,-66.811183,12.796255,0.000000,0.000000,-0.000005,0.000000,0.000000,0.000000,-29.332983,63.722554,22.590000,-8.724987,-4.886165,1.200000,0.000000,0.000000,-150.750314,-50.811183,-66.811183,12.796250,0.000000,0.000000,0.000000,0.000000,0.000000,0.000000,21.478200,130.533738,9.793745,132.650998,-8.724987,-4.886165,1.200005,10.071743,nan,nan,nan,0,nan,nan,nan,0,nan,nan,nan,nan,nan,nan,nan,nan,nan,nan,nan,nan,nan,nan,nan,nan,nan,nan,nan,nan,nan,nan,nan,nan,nan,nan,nan,nan,nan,nan,nan,nan,nan,nan,nan,nan,nan,nan,nan,nan,nan,nan,nan,nan,nan,nan,nan,nan,nan,nan,nan,nan,nan,nan,nan,nan,nan,nan,nan,nan,nan,nan,nan,nan,nan,nan,nan,nan,nan,nan,nan,nan,nan,nan,nan,nan,nan,nan,nan,nan
15.380,APPROACH,132.342552,21.043486,130.286709,9.853746,-8.694297,-4.940566,1.200005,-50.811183,-66.811183,12.796254,0.000000,0.000000,-0.000005,0.000000,0.000000,0.000000,-29.767698,63.475526,22.650000,-8.694297,-4.940566,1.200000,0.000000,0.000000,-150.392439,-50.811183,-66.811183,12.796250,0.000000,0.000000,0.000000,0.000000,0.000000,0.000000,21.043486,130.286709,9.853746,132.342552,-8.694297,-4.940566,1.200005,10.071743,nan,nan,nan,0,nan,nan,nan,0,nan,nan,nan,nan,nan,nan,nan,nan,nan,nan,nan,nan,nan,nan,nan,nan,nan,nan,nan,nan,nan,nan,nan,nan,nan,nan,nan,nan,nan,nan,nan,nan,nan,nan,nan,nan,nan,nan,nan,nan,nan,nan,nan,nan,nan,nan,nan,nan,nan,nan,nan,nan,nan,nan,nan,nan,nan,nan,nan,nan,nan,nan,nan,nan,nan,nan,nan,nan,nan,nan,nan,nan,nan,nan,nan,nan,nan,nan,nan,nan
15.440,APPROACH,132.032880,20.610322,130.036970,9.913746,-8.663269,-4.994775,1.200004,-50.811183,-66.811183,12.796254,0.000000,0.000000,-0.000004,0.000000,0.000000,0.000000,-30.200861,63.225787,22.710000,-8.663269,-4.994775,1.200000,0.000000,0.000000,-150.034564,-50.811183,-66.811183,12.796250,0.000000,0.000000,0.000000,0.000000,0.000000,0.000000,20.610322,130.036970,9.913746,132.032880,-8.663269,-4.994775,1.200004,10.071743,nan,nan,nan,0,nan,nan,nan,0,nan,nan,nan,nan,nan,nan,nan,nan,nan,nan,nan,nan,nan,nan,nan,nan,nan,nan,nan,nan,nan,nan,nan,nan,nan,nan,nan,nan,nan,nan,nan,nan,nan,nan,nan,nan,nan,nan,nan,nan,nan,nan,nan,nan,nan,nan,nan,nan,nan,nan,nan,nan,nan,nan,nan,nan,nan,nan,nan,nan,nan,nan,nan,nan,nan,nan,nan,nan,nan,nan,nan,nan,nan,nan,nan,nan,nan,nan,nan,nan
15.480,APPROACH,131.721984,20.178727,129.784531,9.973746,-8.631902,-5.048788,1.200004,-50.811183,-66.811183,12.796254,0.000000,0.000000,-0.000004,0.000000,0.000000,0.000000,-30.632456,62.973348,22.770000,-8.631902,-5.048788,1.200000,0.000000,0.000000,-149.676690,-50.811183,-66.811183,12.796250,0.000000,0.000000,0.000000,0.000000,0.000000,0.000000,20.178727,129.784531,9.973746,131.721984,-8.631902,-5.048788,1.200004,10.071743,nan,nan,nan,0,nan,nan,nan,0,nan,nan,nan,nan,nan,nan,nan,nan,nan,nan,nan,nan,nan,nan,nan,nan,nan,nan,nan,nan,nan,nan,nan,nan,nan,nan,nan,nan,nan,nan,nan,nan,nan,nan,nan,nan,nan,nan,nan,nan,nan,nan,nan,nan,nan,nan,nan,nan,nan,nan,nan,nan,nan,nan,nan,nan,nan,nan,nan,nan,nan,nan,nan,nan,nan,nan,nan,nan,nan,nan,nan,nan,nan,nan,nan,nan,nan,nan,nan,nan
15.540,APPROACH,131.409869,19.748717,129.529401,10.033746,-8.600199,-5.102605,1.200004,-50.811183,-66.811183,12.796254,0.000000,0.000000,-0.000004,0.000000,0.000000,0.000000,-31.062466,62.718218,22.830000,-8.600199,-5.102605,1.200000,0.000000,0.000000,-149.318815,-50.811183,-66.811183,12.796250,0.000000,0.000000,0.000000,0.000000,0.000000,0.000000,19.748717,129.529401,10.033746,131.409869,-8.600199,-5.102605,1.200004,10.071743,nan,nan,nan,0,nan,nan,nan,0,nan,nan,nan,nan,nan,nan,nan,nan,nan,nan,nan,nan,nan,nan,nan,nan,nan,nan,nan,nan,nan,nan,nan,nan,nan,nan,nan,nan,nan,nan,nan,nan,nan,nan,nan,nan,nan,nan,nan,nan,nan,nan,nan,nan,nan,nan,nan,nan,nan,nan,nan,nan,nan,nan,nan,nan,nan,nan,nan,nan,nan,nan,nan,nan,nan,nan,nan,nan,nan,nan,nan,nan,nan,nan,nan,nan,nan,nan,nan,nan
15.580,APPROACH,131.096537,19.320309,129.271590,10.093746,-8.568160,-5.156223,1.200004,-50.811183,-66.811183,12.796254,0.000000,0.000000,-0.000004,0.000000,0.000000,0.000000,-31.490874,62.460406,22.890000,-8.568160,-5.156223,1.200000,0.000000,0.000000,-148.960941,-50.811183,-66.811183,12.796250,0.000000,0.000000,0.000000,0.000000,0.000000,0.000000,19.320309,129.271590,10.093746,131.096537,-8.568160,-5.156223,1.200004,10.071743,nan,nan,nan,0,nan,nan,nan,0,nan,nan,nan,nan,nan,nan,nan,nan,nan,nan,nan,nan,nan,nan,nan,nan,nan,nan,nan,nan,nan,nan,nan,nan,nan,nan,nan,nan,nan,nan,nan,nan,nan,nan,nan,nan,nan,nan,nan,nan,nan,nan,nan,nan,nan,nan,nan,nan,nan,nan,nan,nan,nan,nan,nan,nan,nan,nan,nan,nan,nan,nan,nan,nan,nan,nan,nan,nan,nan,nan,nan,nan,nan,nan,nan,nan,nan,nan,nan,nan
15.640,APPROACH,130.781993,18.893520,129.011108,10.153747,-8.535787,-5.209639,1.200004,-50.811183,-66.811183,12.796253,0.000000,0.000000,-0.000004,0.000000,0.000000,0.000000,-31.917663,62.199925,22.950000,-8.535787,-5.209639,1.200000,0.000000,0.000000,-148.603068,-50.811183,-66.811183,12.796250,0.000000,0.000000,0.000000,0.000000,0.000000,0.000000,18.893520,129.011108,10.153747,130.781993,-8.535787,-5.209639,1.200004,10.071743,nan,nan,nan,0,nan,nan,nan,0,nan,nan,nan,nan,nan,nan,nan,nan,nan,nan,nan,nan,nan,nan,nan,nan,nan,nan,nan,nan,nan,nan,nan,nan,nan,nan,nan,nan,nan,nan,nan,nan,nan,nan,nan,nan,nan,nan,nan,nan,nan,nan,nan,nan,nan,nan,nan,nan,nan,nan,nan,nan,nan,nan,nan,nan,nan,nan,nan,nan,nan,nan,nan,nan,nan,nan,nan,nan,nan,nan,nan,nan,nan,nan,nan,nan,nan,nan,nan,nan
15.680,APPROACH,130.466240,18.468366,128.747965,10.213747,-8.503081,-5.262853,1.200003,-50.811183,-66.811183,12.796253,0.000000,0.000000,-0.000003,0.000000,0.000000,0.000000,-32.342817,61.936782,23.010000,-8.503081,-5.262853,1.200000,0.000000,0.000000,-148.245194,-50.811183,-66.811183,12.796250,0.000000,0.000000,0.000000,0.000000,0.000000,0.000000,18.468366,128.747965,10.213747,130.466240,-8.503081,-5.262853,1.200003,10.071743,nan,nan,nan,0,nan,nan,nan,0,nan,nan,nan,nan,nan,nan,nan,nan,nan,nan,nan,nan,nan,nan,nan,nan,nan,nan,nan,nan,nan,nan,nan,nan,nan,nan,nan,nan,nan,nan,nan,nan,nan,nan,nan,nan,nan,nan,nan,nan,nan,nan,nan,nan,nan,nan,nan,nan,nan,nan,nan,nan,nan,nan,nan,nan,nan,nan,nan,nan,nan,nan,nan,nan,nan,nan,nan,nan,nan,nan,nan,nan,nan,nan,nan,nan,nan,nan,nan,nan
15.740,APPROACH,130.149282,18.044864,128.482172,10.273747,-8.470043,-5.315860,1.200003,-50.811183,-66.811183,12.796253,0.000000,0.000000,-0.000003,0.000000,0.000000,0.000000,-32.766320,61.670989,23.070000,-8.470043,-5.315860,1.200000,0.000000,0.000000,-147.887321,-50.811183,-66.811183,12.796250,0.000000,0.000000,0.000000,0.000000,0.000000,0.000000,18.044864,128.482172,10.273747,130.149282,-8.470043,-5.315860,1.200003,10.071743,nan,nan,nan,0,nan,nan,nan,0,nan,nan,nan,nan,nan,nan,nan,nan,nan,nan,nan,nan,nan,nan,nan,nan,nan,nan,nan,nan,nan,nan,nan,nan,nan,nan,nan,nan,nan,nan,nan,nan,nan,nan,nan,nan,nan,nan,nan,nan,nan,nan,nan,nan,nan,nan,nan,nan,nan,nan,nan,nan,nan,nan,nan,nan,nan,nan,nan,nan,nan,nan,nan,nan,nan,nan,nan,nan,nan,nan,nan,nan,nan,nan,nan,nan,nan,nan,nan,nan
15.780,APPROACH,129.831123,17.623030,128.213739,10.333747,-8.436675,-5.368661,1.200003,-50.811183,-66.811183,12.796253,0.000000,0.000000,-0.000003,0.000000,0.000000,0.000000,-33.188153,61.402556,23.130000,-8.436675,-5.368661,1.200000,0.000000,0.000000,-147.529447,-50.811183,-66.811183,12.796250,0.000000,0.000000,0.000000,0.000000,0.000000,0.000000,17.623030,128.213739,10.333747,129.831123,-8.436675,-5.368661,1.200003,10.071743,nan,nan,nan,0,nan,nan,nan,0,nan,nan,nan,nan,nan,nan,nan,nan,nan,nan,nan,nan,nan,nan,nan,nan,nan,nan,nan,nan,nan,nan,nan,nan,nan,nan,nan,nan,nan,nan,nan,nan,nan,nan,nan,nan,nan,nan,nan,nan,nan,nan,nan,nan,nan,nan,nan,nan,nan,nan,nan,nan,nan,nan,nan,nan,nan,nan,nan,nan,nan,nan,nan,nan,nan,nan,nan,nan,nan,nan,nan,nan,nan,nan,nan,nan,nan,nan,nan,nan
15.840,APPROACH,129.511766,17.202881,127.942676,10.393747,-8.402977,-5.421252,1.200003,-50.811183,-66.811183,12.796253,0.000000,0.000000,-0.000003,0.000000,0.000000,0.000000,-33.608302,61.131493,23.190000,-8.402977,-5.421252,1.200000,0.000000,0.000000,-147.171574,-50.811183,-66.811183,12.796250,0.000000,0.000000,0.000000,0.000000,0.000000,0.000000,17.202881,127.942676,10.393747,129.511766,-8.402977,-5.421252,1.200003,10.071743,nan,nan,nan,0,nan,nan,nan,0,nan,nan,nan,nan,nan,nan,nan,nan,nan,nan,nan,nan,nan,nan,nan,nan,nan,nan,nan,nan,nan,nan,nan,nan,nan,nan,nan,nan,nan,nan,nan,nan,nan,nan,nan,nan,nan,nan,nan,nan,nan,nan,nan,nan,nan,nan,nan,nan,nan,nan,nan,nan,nan,nan,nan,nan,nan,nan,nan,nan,nan,nan,nan,nan,nan,nan,nan,nan,nan,nan,nan,nan,nan,nan,nan,nan,nan,nan,nan,nan
15.880,APPROACH,129.191216,16.784433,127.668995,10.453747,-8.368952,-5.473631,1.200003,-50.811183,-66.811183,12.796253,0.000000,0.000000,-0.000003,0.000000,0.000000,0.000000,-34.026750,60.857812,23.250000,-8.368952,-5.473631,1.200000,0.000000,0.000000,-146.813702,-50.811183,-66.811183,12.796250,0.000000,0.000000,0.000000,0.000000,0.000000,0.000000,16.784433,127.668995,10.453747,129.191216,-8.368952,-5.473631,1.200003,10.071743,nan,nan,nan,0,nan,nan,nan,0,nan,nan,nan,nan,nan,nan,nan,nan,nan,nan,nan,nan,nan,nan,nan,nan,nan,nan,nan,nan,nan,nan,nan,nan,nan,nan,nan,nan,nan,nan,nan,nan,nan,nan,nan,nan,nan,nan,nan,nan,nan,nan,nan,nan,nan,nan,nan,nan,nan,nan,nan,nan,nan,nan,nan,nan,nan,nan,nan,nan,nan,nan,nan,nan,nan,nan,nan,nan,nan,nan,nan,nan,nan,nan,nan,nan,nan,nan,nan,nan
15.940,APPROACH,128.869476,16.367703,127.392705,10.513747,-8.334601,-5.525797,1.200003,-50.811183,-66.811183,12.796253,0.000000,0.000000,-0.000003,0.000000,0.000000,0.000000,-34.443480,60.581522,23.310000,-8.334601,-5.525797,1.200000,0.000000,0.000000,-146.455829,-50.811183,-66.811183,12.796250,0.000000,0.000000,0.000000,0.000000,0.000000,0.000000,16.367703,127.392705,10.513747,128.869476,-8.334601,-5.525797,1.200003,10.071743,nan,nan,nan,0,nan,nan,nan,0,nan,nan,nan,nan,nan,nan,nan,nan,nan,nan,nan,nan,nan,nan,nan,nan,nan,nan,nan,nan,nan,nan,nan,nan,nan,nan,nan,nan,nan,nan,nan,nan,nan,nan,nan,nan,nan,nan,nan,nan,nan,nan,nan,nan,nan,nan,nan,nan,nan,nan,nan,nan,nan,nan,nan,nan,nan,nan,nan,nan,nan,nan,nan,nan,nan,nan,nan,nan,nan,nan,nan,nan,nan,nan,nan,nan,nan,nan,nan,nan
15.980,APPROACH,128.546551,15.952707,127.113818,10.573748,-8.299924,-5.577747,1.200003,-50.811183,-66.811183,12.796252,0.000000,0.000000,-0.000003,0.000000,0.000000,0.000000,-34.858476,60.302635,23.370000,-8.299924,-5.577747,1.200000,0.000000,0.000000,-146.097957,-50.811183,-66.811183,12.796250,0.000000,0.000000,0.000000,0.000000,0.000000,0.000000,15.952707,127.113818,10.573748,128.546551,-8.299924,-5.577747,1.200003,10.071743,nan,nan,nan,0,nan,nan,nan,0,nan,nan,nan,nan,nan,nan,nan,nan,nan,nan,nan,nan,nan,nan,nan,nan,nan,nan,nan,nan,nan,nan,nan,nan,nan,nan,nan,nan,nan,nan,nan,nan,nan,nan,nan,nan,nan,nan,nan,nan,nan,nan,nan,nan,nan,nan,nan,nan,nan,nan,nan,nan,nan,nan,nan,nan,nan,nan,nan,nan,nan,nan,nan,nan,nan,nan,nan,nan,nan,nan,nan,nan,nan,nan,nan,nan,nan,nan,nan,nan
16.040,APPROACH,128.222443,15.539461,126.832344,10.633748,-8.264923,-5.629480,1.200002,-50.811183,-66.811183,12.796252,0.000000,0.000000,-0.000002,0.000000,0.000000,0.000000,-35.271722,60.021161,23.430000,-8.264923,-5.629480,1.200000,0.000000,0.000000,-145.740084,-50.811183,-66.811183,12.796250,0.000000,0.000000,0.000000,0.000000,0.000000,0.000000,15.539461,126.832344,10.633748,128.222443,-8.264923,-5.629480,1.200002,10.071743,nan,nan,nan,0,nan,nan,nan,0,nan,nan,nan,nan,nan,nan,nan,nan,nan,nan,nan,nan,nan,nan,nan,nan,nan,nan,nan,nan,nan,nan,nan,nan,nan,nan,nan,nan,nan,nan,nan,nan,nan,nan,nan,nan,nan,nan,nan,nan,nan,nan,nan,nan,nan,nan,nan,nan,nan,nan,nan,nan,nan,nan,nan,nan,nan,nan,nan,nan,nan,nan,nan,nan,nan,nan,nan,nan,nan,nan,nan,nan,nan,nan,nan,nan,nan,nan,nan,nan
16.080,APPROACH,127.897157,15.127981,126.548294,10.693748,-8.229600,-5.680993,1.200002,-50.811183,-66.811183,12.796252,0.000000,0.000000,-0.000002,0.000000,0.000000,0.000000,-35.683202,59.737111,23.490000,-8.229600,-5.680993,1.200000,0.000000,0.000000,-145.382212,-50.811183,-66.811183,12.796250,0.000000,0.000000,0.000000,0.000000,0.000000,0.000000,15.127981,126.548294,10.693748,127.897157,-8.229600,-5.680993,1.200002,10.071743,nan,nan,nan,0,nan,nan,nan,0,nan,nan,nan,nan,nan,nan,nan,nan,nan,nan,nan,nan,nan,nan,nan,nan,nan,nan,nan,nan,nan,nan,nan,nan,nan,nan,nan,nan,nan,nan,nan,nan,nan,nan,nan,nan,nan,nan,nan,nan,nan,nan,nan,nan,nan,nan,nan,nan,nan,nan,nan,nan,nan,nan,nan,nan,nan,nan,nan,nan,nan,nan,nan,nan,nan,nan,nan,nan,nan,nan,nan,nan,nan,nan,nan,nan,nan,nan,nan,nan
16.140,APPROACH,127.570697,14.718283,126.261680,10.753748,-8.193956,-5.732284,1.200002,-50.811183,-66.811183,12.796252,0.000000,0.000000,-0.000002,0.000000,0.000000,0.000000,-36.092900,59.450497,23.550000,-8.193956,-5.732284,1.200000,0.000000,0.000000,-145.024341,-50.811183,-66.811183,12.796250,0.000000,0.000000,0.000000,0.000000,0.000000,0.000000,14.718283,126.261680,10.753748,127.570697,-8.193956,-5.732284,1.200002,10.071743,nan,nan,nan,0,nan,nan,nan,0,nan,nan,nan,nan,nan,nan,nan,nan,nan,nan,nan,nan,nan,nan,nan,nan,nan,nan,nan,nan,nan,nan,nan,nan,nan,nan,nan,nan,nan,nan,nan,nan,nan,nan,nan,nan,nan,nan,nan,nan,nan,nan,nan,nan,nan,nan,nan,nan,nan,nan,nan,nan,nan,nan,nan,nan,nan,nan,nan,nan,nan,nan,nan,nan,nan,nan,nan,nan,nan,nan,nan,nan,nan,nan,nan,nan,nan,nan,nan,nan
16.180,APPROACH,127.243067,14.310383,125.972512,10.813748,-8.157993,-5.783352,1.200002,-50.811183,-66.811183,12.796252,0.000000,0.000000,-0.000002,0.000000,0.000000,0.000000,-36.500800,59.161329,23.610000,-8.157993,-5.783352,1.200000,0.000000,0.000000,-144.666469,-50.811183,-66.811183,12.796250,0.000000,0.000000,0.000000,0.000000,0.000000,0.000000,14.310383,125.972512,10.813748,127.243067,-8.157993,-5.783352,1.200002,10.071743,nan,nan,nan,0,nan,nan,nan,0,nan,nan,nan,nan,nan,nan,nan,nan,nan,nan,nan,nan,nan,nan,nan,nan,nan,nan,nan,nan,nan,nan,nan,nan,nan,nan,nan,nan,nan,nan,nan,nan,nan,nan,nan,nan,nan,nan,nan,nan,nan,nan,nan,nan,nan,nan,nan,nan,nan,nan,nan,nan,nan,nan,nan,nan,nan,nan,nan,nan,nan,nan,nan,nan,nan,nan,nan,nan,nan,nan,nan,nan,nan,nan,nan,nan,nan,nan,nan,nan
16.240,APPROACH,126.914270,13.904298,125.680803,10.873748,-8.121711,-5.834194,1.200002,-50.811183,-66.811183,12.796252,0.000000,0.000000,-0.000002,0.000000,0.000000,0.000000,-36.906885,58.869619,23.670000,-8.121711,-5.834194,1.200000,0.000000,0.000000,-144.308597,-50.811183,-66.811183,12.796250,0.000000,0.000000,0.000000,0.000000,0.000000,0.000000,13.904298,125.680803,10.873748,126.914270,-8.121711,-5.834194,1.200002,10.071743,nan,nan,nan,0,nan,nan,nan,0,nan,nan,nan,nan,nan,nan,nan,nan,nan,nan,nan,nan,nan,nan,nan,nan,nan,nan,nan,nan,nan,nan,nan,nan,nan,nan,nan,nan,nan,nan,nan,nan,nan,nan,nan,nan,nan,nan,nan,nan,nan,nan,nan,nan,nan,nan,nan,nan,nan,nan,nan,nan,nan,nan,nan,nan,nan,nan,nan,nan,nan,nan,nan,nan,nan,nan,nan,nan,nan,nan,nan,nan,nan,nan,nan,nan,nan,nan,nan,nan
16.280,APPROACH,126.584312,13.500042,125.386562,10.933748,-8.085112,-5.884808,1.200002,-50.811183,-66.811183,12.796252,0.000000,0.000000,-0.000002,0.000000,0.000000,0.000000,-37.311141,58.575379,23.730000,-8.085112,-5.884808,1.200000,0.000000,0.000000,-143.950726,-50.811183,-66.811183,12.796250,0.000000,0.000000,0.000000,0.000000,0.000000,0.000000,13.500042,125.386562,10.933748,126.584312,-8.085112,-5.884808,1.200002,10.071743,nan,nan,nan,0,nan,nan,nan,0,nan,nan,nan,nan,nan,nan,nan,nan,nan,nan,nan,nan,nan,nan,nan,nan,nan,nan,nan,nan,nan,nan,nan,nan,nan,nan,nan,nan,nan,nan,nan,nan,nan,nan,nan,nan,nan,nan,nan,nan,nan,nan,nan,nan,nan,nan,nan,nan,nan,nan,nan,nan,nan,nan,nan,nan,nan,nan,nan,nan,nan,nan,nan,nan,nan,nan,nan,nan,nan,nan,nan,nan,nan,nan,nan,nan,nan,nan,nan,nan
16.341,APPROACH,126.253195,13.097632,125.089803,10.993748,-8.048198,-5.935193,1.200002,-50.811183,-66.811183,12.796252,0.000000,0.000000,-0.000002,0.000000,0.000000,0.000000,-37.713551,58.278619,23.790000,-8.048198,-5.935193,1.200000,0.000000,0.000000,-143.592855,-50.811183,-66.811183,12.796250,0.000000,0.000000,0.000000,0.000000,0.000000,0.000000,13.097632,125.089803,10.993748,126.253195,-8.048198,-5.935193,1.200002,10.071743,nan,nan,nan,0,nan,nan,nan,0,nan,nan,nan,nan,nan,nan,nan,nan,nan,nan,nan,nan,nan,nan,nan,nan,nan,nan,nan,nan,nan,nan,nan,nan,nan,nan,nan,nan,nan,nan,nan,nan,nan,nan,nan,nan,nan,nan,nan,nan,nan,nan,nan,nan,nan,nan,nan,nan,nan,nan,nan,nan,nan,nan,nan,nan,nan,nan,nan,nan,nan,nan,nan,nan,nan,nan,nan,nan,nan,nan,nan,nan,nan,nan,nan,nan,nan,nan,nan,nan
16.380,APPROACH,125.920924,12.697084,124.790535,11.053748,-8.010970,-5.985346,1.200002,-50.811183,-66.811183,12.796252,0.000000,0.000000,-0.000002,0.000000,0.000000,0.000000,-38.114099,57.979352,23.850000,-8.010970,-5.985346,1.200000,0.000000,0.000000,-143.234984,-50.811183,-66.811183,12.796250,0.000000,0.000000,0.000000,0.000000,0.000000,0.000000,12.697084,124.790535,11.053748,125.920924,-8.010970,-5.985346,1.200002,10.071743,nan,nan,nan,0,nan,nan,nan,0,nan,nan,nan,nan,nan,nan,nan,nan,nan,nan,nan,nan,nan,nan,nan,nan,nan,nan,nan,nan,nan,nan,nan,nan,nan,nan,nan,nan,nan,nan,nan,nan,nan,nan,nan,nan,nan,nan,nan,nan,nan,nan,nan,nan,nan,nan,nan,nan,nan,nan,nan,nan,nan,nan,nan,nan,nan,nan,nan,nan,nan,nan,nan,nan,nan,nan,nan,nan,nan,nan,nan,nan,nan,nan,nan,nan,nan,nan,nan,nan
16.440,APPROACH,125.587502,12.298412,124.488772,11.113748,-7.973429,-6.035265,1.200002,-50.811183,-66.811183,12.796252,0.000000,0.000000,-0.000002,0.000000,0.000000,0.000000,-38.512771,57.677589,23.910000,-7.973429,-6.035265,1.200000,0.000000,0.000000,-142.877113,-50.811183,-66.811183,12.796250,0.000000,0.000000,0.000000,0.000000,0.000000,0.000000,12.298412,124.488772,11.113748,125.587502,-7.973429,-6.035265,1.200002,10.071743,nan,nan,nan,0,nan,nan,nan,0,nan,nan,nan,nan,nan,nan,nan,nan,nan,nan,nan,nan,nan,nan,nan,nan,nan,nan,nan,nan,nan,nan,nan,nan,nan,nan,nan,nan,nan,nan,nan,nan,nan,nan,nan,nan,nan,nan,nan,nan,nan,nan,nan,nan,nan,nan,nan,nan,nan,nan,nan,nan,nan,nan,nan,nan,nan,nan,nan,nan,nan,nan,nan,nan,nan,nan,nan,nan,nan,nan,nan,nan,nan,nan,nan,nan,nan,nan,nan,nan
16.480,APPROACH,125.252935,11.901634,124.184525,11.173749,-7.935577,-6.084950,1.200002,-50.811183,-66.811183,12.796251,0.000000,0.000000,-0.000002,0.000000,0.000000,0.000000,-38.909550,57.373341,23.970000,-7.935577,-6.084950,1.200000,0.000000,0.000000,-142.519242,-50.811183,-66.811183,12.796250,0.000000,0.000000,0.000000,0.000000,0.000000,0.000000,11.901634,124.184525,11.173749,125.252935,-7.935577,-6.084950,1.200002,10.071743,nan,nan,nan,0,nan,nan,nan,0,nan,nan,nan,nan,nan,nan,nan,nan,nan,nan,nan,nan,nan,nan,nan,nan,nan,nan,nan,nan,nan,nan,nan,nan,nan,nan,nan,nan,nan,nan,nan,nan,nan,nan,nan,nan,nan,nan,nan,nan,nan,nan,nan,nan,nan,nan,nan,nan,nan,nan,nan,nan,nan,nan,nan,nan,nan,nan,nan,nan,nan,nan,nan,nan,nan,nan,nan,nan,nan,nan,nan,nan,nan,nan,nan,nan,nan,nan,nan,nan
16.541,APPROACH,124.917225,11.506763,123.877805,11.233749,-7.897416,-6.134396,1.200001,-50.811183,-66.811183,12.796251,0.000000,0.000000,-0.000001,0.000000,0.000000,0.000000,-39.304420,57.066622,24.030000,-7.897416,-6.134396,1.200000,0.000000,0.000000,-142.161371,-50.811183,-66.811183,12.796250,0.000000,0.000000,0.000000,0.000000,0.000000,0.000000,11.506763,123.877805,11.233749,124.917225,-7.897416,-6.134396,1.200001,10.071743,nan,nan,nan,0,nan,nan,nan,0,nan,nan,nan,nan,nan,nan,nan,nan,nan,nan,nan,nan,nan,nan,nan,nan,nan,nan,nan,nan,nan,nan,nan,nan,nan,nan,nan,nan,nan,nan,nan,nan,nan,nan,nan,nan,nan,nan,nan,nan,nan,nan,nan,nan,nan,nan,nan,nan,nan,nan,nan,nan,nan,nan,nan,nan,nan,nan,nan,nan,nan,nan,nan,nan,nan,nan,nan,nan,nan,nan,nan,nan,nan,nan,nan,nan,nan,nan,nan,nan
16.580,APPROACH,124.580378,11.113815,123.568625,11.293749,-7.858947,-6.183604,1.200001,-50.811183,-66.811183,12.796251,0.000000,0.000000,-0.000001,0.000000,0.000000,0.000000,-39.697368,56.757441,24.090000,-7.858947,-6.183604,1.200000,0.000000,0.000000,-141.803501,-50.811183,-66.811183,12.796250,0.000000,0.000000,0.000000,0.000000,0.000000,0.000000,11.113815,123.568625,11.293749,124.580378,-7.858947,-6.183604,1.200001,10.071743,nan,nan,nan,0,nan,nan,nan,0,nan,nan,nan,nan,nan,nan,nan,nan,nan,nan,nan,nan,nan,nan,nan,nan,nan,nan,nan,nan,nan,nan,nan,nan,nan,nan,nan,nan,nan,nan,nan,nan,nan,nan,nan,nan,nan,nan,nan,nan,nan,nan,nan,nan,nan,nan,nan,nan,nan,nan,nan,nan,nan,nan,nan,nan,nan,nan,nan,nan,nan,nan,nan,nan,nan,nan,nan,nan,nan,nan,nan,nan,nan,nan,nan,nan,nan,nan,nan,nan
16.640,APPROACH,124.242397,10.722807,123.256996,11.353749,-7.820171,-6.232570,1.200001,-50.811183,-66.811183,12.796251,0.000000,0.000000,-0.000001,0.000000,0.000000,0.000000,-40.088376,56.445813,24.150000,-7.820171,-6.232570,1.200000,0.000000,0.000000,-141.445630,-50.811183,-66.811183,12.796250,0.000000,0.000000,0.000000,0.000000,0.000000,0.000000,10.722807,123.256996,11.353749,124.242397,-7.820171,-6.232570,1.200001,10.071743,nan,nan,nan,0,nan,nan,nan,0,nan,nan,nan,nan,nan,nan,nan,nan,nan,nan,nan,nan,nan,nan,nan,nan,nan,nan,nan,nan,nan,nan,nan,nan,nan,nan,nan,nan,nan,nan,nan,nan,nan,nan,nan,nan,nan,nan,nan,nan,nan,nan,nan,nan,nan,nan,nan,nan,nan,nan,nan,nan,nan,nan,nan,nan,nan,nan,nan,nan,nan,nan,nan,nan,nan,nan,nan,nan,nan,nan,nan,nan,nan,nan,nan,nan,nan,nan,nan,nan
16.680,APPROACH,123.903287,10.333752,122.942931,11.413749,-7.781090,-6.281293,1.200001,-50.811183,-66.811183,12.796251,0.000000,0.000000,-0.000001,0.000000,0.000000,0.000000,-40.477431,56.131748,24.210000,-7.781090,-6.281293,1.200000,0.000000,0.000000,-141.087760,-50.811183,-66.811183,12.796250,0.000000,0.000000,0.000000,0.000000,0.000000,0.000000,10.333752,122.942931,11.413749,123.903287,-7.781090,-6.281293,1.200001,10.071743,nan,nan,nan,0,nan,nan,nan,0,nan,nan,nan,nan,nan,nan,nan,nan,nan,nan,nan,nan,nan,nan,nan,nan,nan,nan,nan,nan,nan,nan,nan,nan,nan,nan,nan,nan,nan,nan,nan,nan,nan,nan,nan,nan,nan,nan,nan,nan,nan,nan,nan,nan,nan,nan,nan,nan,nan,nan,nan,nan,nan,nan,nan,nan,nan,nan,nan,nan,nan,nan,nan,nan,nan,nan,nan,nan,nan,nan,nan,nan,nan,nan,nan,nan,nan,nan,nan,nan
16.740,APPROACH,123.563051,9.946667,122.626443,11.473749,-7.741705,-6.329771,1.200001,-50.811183,-66.811183,12.796251,0.000000,0.000000,-0.000001,0.000000,0.000000,0.000000,-40.864516,55.815260,24.270000,-7.741705,-6.329771,1.200000,0.000000,0.000000,-140.729890,-50.811183,-66.811183,12.796250,0.000000,0.000000,0.000000,0.000000,0.000000,0.000000,9.946667,122.626443,11.473749,123.563051,-7.741705,-6.329771,1.200001,10.071743,nan,nan,nan,0,nan,nan,nan,0,nan,nan,nan,nan,nan,nan,nan,nan,nan,nan,nan,nan,nan,nan,nan,nan,nan,nan,nan,nan,nan,nan,nan,nan,nan,nan,nan,nan,nan,nan,nan,nan,nan,nan,nan,nan,nan,nan,nan,nan,nan,nan,nan,nan,nan,nan,nan,nan,nan,nan,nan,nan,nan,nan,nan,nan,nan,nan,nan,nan,nan,nan,nan,nan,nan,nan,nan,nan,nan,nan,nan,nan,nan,nan,nan,nan,nan,nan,nan,nan
16.780,APPROACH,123.221694,9.561566,122.307543,11.533749,-7.702019,-6.378002,1.200001,-50.811183,-66.811183,12.796251,0.000000,0.000000,-0.000001,0.000000,0.000000,0.000000,-41.249617,55.496360,24.330000,-7.702019,-6.378002,1.200000,0.000000,0.000000,-140.372020,-50.811183,-66.811183,12.796250,0.000000,0.000000,0.000000,0.000000,0.000000,0.000000,9.561566,122.307543,11.533749,123.221694,-7.702019,-6.378002,1.200001,10.071743,nan,nan,nan,0,nan,nan,nan,0,nan,nan,nan,nan,nan,nan,nan,nan,nan,nan,nan,nan,nan,nan,nan,nan,nan,nan,nan,nan,nan,nan,nan,nan,nan,nan,nan,nan,nan,nan,nan,nan,nan,nan,nan,nan,nan,nan,nan,nan,nan,nan,nan,nan,nan,nan,nan,nan,nan,nan,nan,nan,nan,nan,nan,nan,nan,nan,nan,nan,nan,nan,nan,nan,nan,nan,nan,nan,nan,nan,nan,nan,nan,nan,nan,nan,nan,nan,nan,nan
16.840,APPROACH,122.879221,9.178465,121.986244,11.593749,-7.662032,-6.425984,1.200001,-50.811183,-66.811183,12.796251,0.000000,0.000000,-0.000001,0.000000,0.000000,0.000000,-41.632719,55.175060,24.390000,-7.662032,-6.425984,1.200000,0.000000,0.000000,-140.014150,-50.811183,-66.811183,12.796250,0.000000,0.000000,0.000000,0.000000,0.000000,0.000000,9.178465,121.986244,11.593749,122.879221,-7.662032,-6.425984,1.200001,10.071743,nan,nan,nan,0,nan,nan,nan,0,nan,nan,nan,nan,nan,nan,nan,nan,nan,nan,nan,nan,nan,nan,nan,nan,nan,nan,nan,nan,nan,nan,nan,nan,nan,nan,nan,nan,nan,nan,nan,nan,nan,nan,nan,nan,nan,nan,nan,nan,nan,nan,nan,nan,nan,nan,nan,nan,nan,nan,nan,nan,nan,nan,nan,nan,nan,nan,nan,nan,nan,nan,nan,nan,nan,nan,nan,nan,nan,nan,nan,nan,nan,nan,nan,nan,nan,nan,nan,nan
16.880,APPROACH,122.535634,8.797377,121.662558,11.653749,-7.621746,-6.473716,1.200001,-50.811183,-66.811183,12.796251,0.000000,0.000000,-0.000001,0.000000,0.000000,0.000000,-42.013806,54.851375,24.450000,-7.621746,-6.473716,1.200000,0.000000,0.000000,-139.656280,-50.811183,-66.811183,12.796250,0.000000,0.000000,0.000000,0.000000,0.000000,0.000000,8.797377,121.662558,11.653749,122.535634,-7.621746,-6.473716,1.200001,10.071743,nan,nan,nan,0,nan,nan,nan,0,nan,nan,nan,nan,nan,nan,nan,nan,nan,nan,nan,nan,nan,nan,nan,nan,nan,nan,nan,nan,nan,nan,nan,nan,nan,nan,nan,nan,nan,nan,nan,nan,nan,nan,nan,nan,nan,nan,nan,nan,nan,nan,nan,nan,nan,nan,nan,nan,nan,nan,nan,nan,nan,nan,nan,nan,nan,nan,nan,nan,nan,nan,nan,nan,nan,nan,nan,nan,nan,nan,nan,nan,nan,nan,nan,nan,nan,nan,nan,nan
16.940,APPROACH,122.190940,8.418319,121.336498,11.713749,-7.581162,-6.521194,1.200001,-50.811183,-66.811183,12.796251,0.000000,0.000000,-0.000001,0.000000,0.000000,0.000000,-42.392864,54.525315,24.510000,-7.581162,-6.521194,1.200000,0.000000,0.000000,-139.298410,-50.811183,-66.811183,12.796250,0.000000,0.000000,0.000000,0.000000,0.000000,0.000000,8.418319,121.336498,11.713749,122.190940,-7.581162,-6.521194,1.200001,10.071743,nan,nan,nan,0,nan,nan,nan,0,nan,nan,nan,nan,nan,nan,nan,nan,nan,nan,nan,nan,nan,nan,nan,nan,nan,nan,nan,nan,nan,nan,nan,nan,nan,nan,nan,nan,nan,nan,nan,nan,nan,nan,nan,nan,nan,nan,nan,nan,nan,nan,nan,nan,nan,nan,nan,nan,nan,nan,nan,nan,nan,nan,nan,nan,nan,nan,nan,nan,nan,nan,nan,nan,nan,nan,nan,nan,nan,nan,nan,nan,nan,nan,nan,nan,nan,nan,nan,nan
16.980,APPROACH,121.845141,8.041305,121.008077,11.773749,-7.540283,-6.568419,1.200001,-50.811183,-66.811183,12.796251,0.000000,0.000000,-0.000001,0.000000,0.000000,0.000000,-42.769878,54.196894,24.570000,-7.540283,-6.568419,1.200000,0.000000,0.000000,-138.940540,-50.811183,-66.811183,12.796250,0.000000,0.000000,0.000000,0.000000,0.000000,0.000000,8.041305,121.008077,11.773749,121.845141,-7.540283,-6.568419,1.200001,10.071743,nan,nan,nan,0,nan,nan,nan,0,nan,nan,nan,nan,nan,nan,nan,nan,nan,nan,nan,nan,nan,nan,nan,nan,nan,nan,nan,nan,nan,nan,nan,nan,nan,nan,nan,nan,nan,nan,nan,nan,nan,nan,nan,nan,nan,nan,nan,nan,nan,nan,nan,nan,nan,nan,nan,nan,nan,nan,nan,nan,nan,nan,nan,nan,nan,nan,nan,nan,nan,nan,nan,nan,nan,nan,nan,nan,nan,nan,nan,nan,nan,nan,nan,nan,nan,nan,nan,nan
17.040,APPROACH,121.498243,7.666350,120.677308,11.833749,-7.499110,-6.615387,1.200001,-50.811183,-66.811183,12.796251,0.000000,0.000000,-0.000001,0.000000,0.000000,0.000000,-43.144834,53.866125,24.630000,-7.499110,-6.615387,1.200000,0.000000,0.000000,-138.582671,-50.811183,-66.811183,12.796250,0.000000,0.000000,0.000000,0.000000,0.000000,0.000000,7.666350,120.677308,11.833749,121.498243,-7.499110,-6.615387,1.200001,10.071743,nan,nan,nan,0,nan,nan,nan,0,nan,nan,nan,nan,nan,nan,nan,nan,nan,nan,nan,nan,nan,nan,nan,nan,nan,nan,nan,nan,nan,nan,nan,nan,nan,nan,nan,nan,nan,nan,nan,nan,nan,nan,nan,nan,nan,nan,nan,nan,nan,nan,nan,nan,nan,nan,nan,nan,nan,nan,nan,nan,nan,nan,nan,nan,nan,nan,nan,nan,nan,nan,nan,nan,nan,nan,nan,nan,nan,nan,nan,nan,nan,nan,nan,nan,nan,nan,nan,nan
17.080,APPROACH,121.150250,7.293467,120.344203,11.893749,-7.457644,-6.662097,1.200001,-50.811183,-66.811183,12.796251,0.000000,0.000000,-0.000001,0.000000,0.000000,0.000000,-43.517716,53.533020,24.690000,-7.457644,-6.662097,1.200000,0.000000,0.000000,-138.224801,-50.811183,-66.811183,12.796250,0.000000,0.000000,0.000000,0.000000,0.000000,0.000000,7.293467,120.344203,11.893749,121.150250,-7.457644,-6.662097,1.200001,10.071743,nan,nan,nan,0,nan,nan,nan,0,nan,nan,nan,nan,nan,nan,nan,nan,nan,nan,nan,nan,nan,nan,nan,nan,nan,nan,nan,nan,nan,nan,nan,nan,nan,nan,nan,nan,nan,nan,nan,nan,nan,nan,nan,nan,nan,nan,nan,nan,nan,nan,nan,nan,nan,nan,nan,nan,nan,nan,nan,nan,nan,nan,nan,nan,nan,nan,nan,nan,nan,nan,nan,nan,nan,nan,nan,nan,nan,nan,nan,nan,nan,nan,nan,nan,nan,nan,nan,nan
17.140,APPROACH,120.801166,6.922673,120.008776,11.953749,-7.415888,-6.708547,1.200001,-50.811183,-66.811183,12.796251,0.000000,0.000000,-0.000001,0.000000,0.000000,0.000000,-43.888510,53.197592,24.750000,-7.415888,-6.708547,1.200000,0.000000,0.000000,-137.866932,-50.811183,-66.811183,12.796250,0.000000,0.000000,0.000000,0.000000,0.000000,0.000000,6.922673,120.008776,11.953749,120.801166,-7.415888,-6.708547,1.200001,10.071743,nan,nan,nan,0,nan,nan,nan,0,nan,nan,nan,nan,nan,nan,nan,nan,nan,nan,nan,nan,nan,nan,nan,nan,nan,nan,nan,nan,nan,nan,nan,nan,nan,nan,nan,nan,nan,nan,nan,nan,nan,nan,nan,nan,nan,nan,nan,nan,nan,nan,nan,nan,nan,nan,nan,nan,nan,nan,nan,nan,nan,nan,nan,nan,nan,nan,nan,nan,nan,nan,nan,nan,nan,nan,nan,nan,nan,nan,nan,nan,nan,nan,nan,nan,nan,nan,nan,nan
17.180,APPROACH,120.450996,6.553981,119.671039,12.013749,-7.373842,-6.754736,1.200001,-50.811183,-66.811183,12.796251,0.000000,0.000000,-0.000001,0.000000,0.000000,0.000000,-44.257202,52.859856,24.810000,-7.373842,-6.754736,1.200000,0.000000,0.000000,-137.509063,-50.811183,-66.811183,12.796250,0.000000,0.000000,0.000000,0.000000,0.000000,0.000000,6.553981,119.671039,12.013749,120.450996,-7.373842,-6.754736,1.200001,10.071743,nan,nan,nan,0,nan,nan,nan,0,nan,nan,nan,nan,nan,nan,nan,nan,nan,nan,nan,nan,nan,nan,nan,nan,nan,nan,nan,nan,nan,nan,nan,nan,nan,nan,nan,nan,nan,nan,nan,nan,nan,nan,nan,nan,nan,nan,nan,nan,nan,nan,nan,nan,nan,nan,nan,nan,nan,nan,nan,nan,nan,nan,nan,nan,nan,nan,nan,nan,nan,nan,nan,nan,nan,nan,nan,nan,nan,nan,nan,nan,nan,nan,nan,nan,nan,nan,nan,nan
17.240,APPROACH,120.099743,6.187405,119.331006,12.073749,-7.331508,-6.800661,1.200001,-50.811183,-66.811183,12.796251,0.000000,0.000000,-0.000001,0.000000,0.000000,0.000000,-44.623778,52.519823,24.870000,-7.331508,-6.800661,1.200000,0.000000,0.000000,-137.151194,-50.811183,-66.811183,12.796250,0.000000,0.000000,0.000000,0.000000,0.000000,0.000000,6.187405,119.331006,12.073749,120.099743,-7.331508,-6.800661,1.200001,10.071743,nan,nan,nan,0,nan,nan,nan,0,nan,nan,nan,nan,nan,nan,nan,nan,nan,nan,nan,nan,nan,nan,nan,nan,nan,nan,nan,nan,nan,nan,nan,nan,nan,nan,nan,nan,nan,nan,nan,nan,nan,nan,nan,nan,nan,nan,nan,nan,nan,nan,nan,nan,nan,nan,nan,nan,nan,nan,nan,nan,nan,nan,nan,nan,nan,nan,nan,nan,nan,nan,nan,nan,nan,nan,nan,nan,nan,nan,nan,nan,nan,nan,nan,nan,nan,nan,nan,nan
17.280,APPROACH,119.747413,5.822961,118.988690,12.133749,-7.288889,-6.846320,1.200001,-50.811183,-66.811183,12.796251,0.000000,0.000000,-0.000001,0.000000,0.000000,0.000000,-44.988222,52.177507,24.930000,-7.288889,-6.846320,1.200000,0.000000,0.000000,-136.793324,-50.811183,-66.811183,12.796250,0.000000,0.000000,0.000000,0.000000,0.000000,0.000000,5.822961,118.988690,12.133749,119.747413,-7.288889,-6.846320,1.200001,10.071743,nan,nan,nan,0,nan,nan,nan,0,nan,nan,nan,nan,nan,nan,nan,nan,nan,nan,nan,nan,nan,nan,nan,nan,nan,nan,nan,nan,nan,nan,nan,nan,nan,nan,nan,nan,nan,nan,nan,nan,nan,nan,nan,nan,nan,nan,nan,nan,nan,nan,nan,nan,nan,nan,nan,nan,nan,nan,nan,nan,nan,nan,nan,nan,nan,nan,nan,nan,nan,nan,nan,nan,nan,nan,nan,nan,nan,nan,nan,nan,nan,nan,nan,nan,nan,nan,nan,nan
17.340,APPROACH,119.394011,5.460662,118.644104,12.193749,-7.245985,-6.891713,1.200001,-50.811183,-66.811183,12.796251,0.000000,0.000000,-0.000001,0.000000,0.000000,0.000000,-45.350521,51.832921,24.990000,-7.245985,-6.891713,1.200000,0.000000,0.000000,-136.435455,-50.811183,-66.811183,12.796250,0.000000,0.000000,0.000000,0.000000,0.000000,0.000000,5.460662,118.644104,12.193749,119.394011,-7.245985,-6.891713,1.200001,10.071743,nan,nan,nan,0,nan,nan,nan,0,nan,nan,nan,nan,nan,nan,nan,nan,nan,nan,nan,nan,nan,nan,nan,nan,nan,nan,nan,nan,nan,nan,nan,nan,nan,nan,nan,nan,nan,nan,nan,nan,nan,nan,nan,nan,nan,nan,nan,nan,nan,nan,nan,nan,nan,nan,nan,nan,nan,nan,nan,nan,nan,nan,nan,nan,nan,nan,nan,nan,nan,nan,nan,nan,nan,nan,nan,nan,nan,nan,nan,nan,nan,nan,nan,nan,nan,nan,nan,nan
17.380,APPROACH,119.039539,5.100522,118.297262,12.253749,-7.202798,-6.936836,1.200001,-50.811183,-66.811183,12.796251,0.000000,0.000000,-0.000001,0.000000,0.000000,0.000000,-45.710661,51.486079,25.050000,-7.202798,-6.936836,1.200000,0.000000,0.000000,-136.077586,-50.811183,-66.811183,12.796250,0.000000,0.000000,0.000000,0.000000,0.000000,0.000000,5.100522,118.297262,12.253749,119.039539,-7.202798,-6.936836,1.200001,10.071743,nan,nan,nan,0,nan,nan,nan,0,nan,nan,nan,nan,nan,nan,nan,nan,nan,nan,nan,nan,nan,nan,nan,nan,nan,nan,nan,nan,nan,nan,nan,nan,nan,nan,nan,nan,nan,nan,nan,nan,nan,nan,nan,nan,nan,nan,nan,nan,nan,nan,nan,nan,nan,nan,nan,nan,nan,nan,nan,nan,nan,nan,nan,nan,nan,nan,nan,nan,nan,nan,nan,nan,nan,nan,nan,nan,nan,nan,nan,nan,nan,nan,nan,nan,nan,nan,nan,nan
17.440,APPROACH,118.684004,4.742555,117.948178,12.313749,-7.159330,-6.981689,1.200001,-50.811183,-66.811183,12.796251,0.000000,0.000000,-0.000001,0.000000,0.000000,0.000000,-46.068628,51.136995,25.110000,-7.159330,-6.981689,1.200000,0.000000,0.000000,-135.719718,-50.811183,-66.811183,12.796250,0.000000,0.000000,0.000000,0.000000,0.000000,0.000000,4.742555,117.948178,12.313749,118.684004,-7.159330,-6.981689,1.200001,10.071743,nan,nan,nan,0,nan,nan,nan,0,nan,nan,nan,nan,nan,nan,nan,nan,nan,nan,nan,nan,nan,nan,nan,nan,nan,nan,nan,nan,nan,nan,nan,nan,nan,nan,nan,nan,nan,nan,nan,nan,nan,nan,nan,nan,nan,nan,nan,nan,nan,nan,nan,nan,nan,nan,nan,nan,nan,nan,nan,nan,nan,nan,nan,nan,nan,nan,nan,nan,nan,nan,nan,nan,nan,nan,nan,nan,nan,nan,nan,nan,nan,nan,nan,nan,nan,nan,nan,nan
17.480,APPROACH,118.327410,4.386776,117.596864,12.373749,-7.115584,-7.026270,1.200001,-50.811183,-66.811183,12.796251,0.000000,0.000000,-0.000001,0.000000,0.000000,0.000000,-46.424407,50.785681,25.170000,-7.115584,-7.026270,1.200000,0.000000,0.000000,-135.361849,-50.811183,-66.811183,12.796250,0.000000,0.000000,0.000000,0.000000,0.000000,0.000000,4.386776,117.596864,12.373749,118.327410,-7.115584,-7.026270,1.200001,10.071743,nan,nan,nan,0,nan,nan,nan,0,nan,nan,nan,nan,nan,nan,nan,nan,nan,nan,nan,nan,nan,nan,nan,nan,nan,nan,nan,nan,nan,nan,nan,nan,nan,nan,nan,nan,nan,nan,nan,nan,nan,nan,nan,nan,nan,nan,nan,nan,nan,nan,nan,nan,nan,nan,nan,nan,nan,nan,nan,nan,nan,nan,nan,nan,nan,nan,nan,nan,nan,nan,nan,nan,nan,nan,nan,nan,nan,nan,nan,nan,nan,nan,nan,nan,nan,nan,nan,nan
17.540,APPROACH,117.963105,4.039448,117.237085,12.427500,-6.946559,-7.195577,1.075001,-50.817433,-66.804933,12.802500,-0.125000,0.125000,0.124999,0.000000,0.000000,135.000000,-46.777985,50.432152,25.230000,-7.071559,-7.070577,1.200000,0.000000,0.000000,-135.003980,-59.506791,37.705114,26.790000,0.150000,0.150000,0.150000,0.000000,0.000000,0.000000,4.039448,117.237085,12.427500,117.963105,-6.946559,-7.195577,1.075001,10.059157,nan,nan,nan,0,nan,nan,nan,0,nan,nan,nan,nan,nan,nan,nan,nan,nan,nan,nan,nan,nan,nan,nan,nan,nan,nan,nan,nan,nan,nan,nan,nan,nan,nan,nan,nan,nan,nan,nan,nan,nan,nan,nan,nan,nan,nan,nan,nan,nan,nan,nan,nan,nan,nan,nan,nan,nan,nan,nan,nan,nan,nan,nan,nan,nan,nan,nan,nan,nan,nan,nan,nan,nan,nan,nan,nan,nan,nan,nan,nan,nan,nan,nan,nan,nan,nan,nan,nan
17.580,APPROACH,117.591025,3.700585,116.868855,12.475000,-6.777259,-7.364607,0.950001,-50.829933,-66.792433,12.815000,-0.250000,0.250000,0.249999,0.000000,0.000000,135.000000,-47.129348,50.076422,25.290000,-7.027259,-7.114607,1.200000,0.000000,0.000000,-134.646111,-59.778413,37.270129,26.850000,0.250000,0.250000,0.250000,0.000000,0.000000,0.000000,3.700585,116.868855,12.475000,117.591025,-6.777259,-7.364607,0.950001,10.053416,nan,nan,nan,0,nan,nan,nan,0,nan,nan,nan,nan,nan,nan,nan,nan,nan,nan,nan,nan,nan,nan,nan,nan,nan,nan,nan,nan,nan,nan,nan,nan,nan,nan,nan,nan,nan,nan,nan,nan,nan,nan,nan,nan,nan,nan,nan,nan,nan,nan,nan,nan,nan,nan,nan,nan,nan,nan,nan,nan,nan,nan,nan,nan,nan,nan,nan,nan,nan,nan,nan,nan,nan,nan,nan,nan,nan,nan,nan,nan,nan,nan,nan,nan,nan,nan,nan,nan
17.640,APPROACH,117.211110,3.370201,116.492187,12.516250,-6.607684,-7.533360,0.825001,-50.848683,-66.773683,12.833750,-0.375000,0.375000,0.374999,0.000000,0.000000,135.000000,-47.478482,49.718504,25.350000,-6.982684,-7.158360,1.200000,0.000000,0.000000,-134.288243,-60.047313,36.833455,26.910000,0.400000,0.400000,0.400000,0.000000,0.000000,0.000000,3.370201,116.492187,12.516250,117.211110,-6.607684,-7.533360,0.825001,10.054533,nan,nan,nan,0,nan,nan,nan,0,nan,nan,nan,nan,nan,nan,nan,nan,nan,nan,nan,nan,nan,nan,nan,nan,nan,nan,nan,nan,nan,nan,nan,nan,nan,nan,nan,nan,nan,nan,nan,nan,nan,nan,nan,nan,nan,nan,nan,nan,nan,nan,nan,nan,nan,nan,nan,nan,nan,nan,nan,nan,nan,nan,nan,nan,nan,nan,nan,nan,nan,nan,nan,nan,nan,nan,nan,nan,nan,nan,nan,nan,nan,nan,nan,nan,nan,nan,nan,nan
17.680,APPROACH,116.823301,3.048309,116.107095,12.551250,-6.437837,-7.701834,0.700001,-50.873683,-66.748683,12.858750,-0.500000,0.500000,0.499999,0.000000,0.000000,135.000000,-47.825374,49.358412,25.410000,-6.937837,-7.201834,1.200000,0.000000,0.000000,-133.930374,-60.313481,36.395111,26.970000,0.500000,0.499837,0.500000,0.000000,0.000000,0.000000,3.048309,116.107095,12.551250,116.823301,-6.437837,-7.701834,0.700001,10.062505,nan,nan,nan,0,nan,nan,nan,0,nan,nan,nan,nan,nan,nan,nan,nan,nan,nan,nan,nan,nan,nan,nan,nan,nan,nan,nan,nan,nan,nan,nan,nan,nan,nan,nan,nan,nan,nan,nan,nan,nan,nan,nan,nan,nan,nan,nan,nan,nan,nan,nan,nan,nan,nan,nan,nan,nan,nan,nan,nan,nan,nan,nan,nan,nan,nan,nan,nan,nan,nan,nan,nan,nan,nan,nan,nan,nan,nan,nan,nan,nan,nan,nan,nan,nan,nan,nan,nan
17.740,APPROACH,116.427540,2.734923,115.713594,12.580000,-6.267720,-7.870027,0.575001,-50.904933,-66.717433,12.890000,-0.625000,0.625000,0.624999,0.000000,0.000000,135.000000,-48.170010,48.996161,25.470000,-6.892720,-7.245027,1.200000,0.000000,0.000000,-133.572506,-60.576905,35.955112,27.030000,0.650000,0.469352,0.650000,0.000000,0.000000,0.000000,2.734923,115.713594,12.580000,116.427540,-6.267720,-7.870027,0.575001,10.077314,nan,nan,nan,0,nan,nan,nan,0,nan,nan,nan,nan,nan,nan,nan,nan,nan,nan,nan,nan,nan,nan,nan,nan,nan,nan,nan,nan,nan,nan,nan,nan,nan,nan,nan,nan,nan,nan,nan,nan,nan,nan,nan,nan,nan,nan,nan,nan,nan,nan,nan,nan,nan,nan,nan,nan,nan,nan,nan,nan,nan,nan,nan,nan,nan,nan,nan,nan,nan,nan,nan,nan,nan,nan,nan,nan,nan,nan,nan,nan,nan,nan,nan,nan,nan,nan,nan,nan
17.780,APPROACH,116.023772,2.430057,115.311697,12.602500,-6.097333,-8.037937,0.450001,-50.942433,-66.679933,12.927500,-0.750000,0.750000,0.749999,0.000000,0.000000,135.000000,-48.512377,48.631764,25.530000,-6.847333,-7.287937,1.200000,0.000000,0.000000,-133.214638,-60.837576,35.513477,27.090000,0.750000,0.438821,0.750000,0.000000,0.000000,0.000000,2.430057,115.311697,12.602500,116.023772,-6.097333,-8.037937,0.450001,10.098931,nan,nan,nan,0,nan,nan,nan,0,nan,nan,nan,nan,nan,nan,nan,nan,nan,nan,nan,nan,nan,nan,nan,nan,nan,nan,nan,nan,nan,nan,nan,nan,nan,nan,nan,nan,nan,nan,nan,nan,nan,nan,nan,nan,nan,nan,nan,nan,nan,nan,nan,nan,nan,nan,nan,nan,nan,nan,nan,nan,nan,nan,nan,nan,nan,nan,nan,nan,nan,nan,nan,nan,nan,nan,nan,nan,nan,nan,nan,nan,nan,nan,nan,nan,nan,nan,nan,nan
17.840,APPROACH,115.611944,2.133723,114.901419,12.618750,-5.926680,-8.205563,0.325001,-50.986183,-66.636183,12.971250,-0.875000,0.875000,0.874999,0.000000,0.000000,135.000000,-48.852461,48.265236,25.590000,-6.801680,-7.330563,1.200000,0.000000,0.000000,-132.856769,-61.095484,35.070222,27.150000,0.900000,0.408245,0.900000,0.000000,0.000000,0.000000,2.133723,114.901419,12.618750,115.611944,-5.926680,-8.205563,0.325001,10.127311,nan,nan,nan,0,nan,nan,nan,0,nan,nan,nan,nan,nan,nan,nan,nan,nan,nan,nan,nan,nan,nan,nan,nan,nan,nan,nan,nan,nan,nan,nan,nan,nan,nan,nan,nan,nan,nan,nan,nan,nan,nan,nan,nan,nan,nan,nan,nan,nan,nan,nan,nan,nan,nan,nan,nan,nan,nan,nan,nan,nan,nan,nan,nan,nan,nan,nan,nan,nan,nan,nan,nan,nan,nan,nan,nan,nan,nan,nan,nan,nan,nan,nan,nan,nan,nan,nan,nan
17.880,APPROACH,115.192006,1.845935,114.482774,12.628750,-5.755761,-8.372903,0.200001,-51.036183,-66.586183,13.021250,-1.000000,1.000000,0.999999,0.000000,0.000000,135.000000,-49.190249,47.896591,25.650000,-6.755761,-7.372903,1.200000,0.000000,0.000000,-132.498901,-61.350618,34.625365,27.210000,1.000000,0.377623,1.000000,0.000000,0.000000,0.000000,1.845935,114.482774,12.628750,115.192006,-5.755761,-8.372903,0.200001,10.162396,nan,nan,nan,0,nan,nan,nan,0,nan,nan,nan,nan,nan,nan,nan,nan,nan,nan,nan,nan,nan,nan,nan,nan,nan,nan,nan,nan,nan,nan,nan,nan,nan,nan,nan,nan,nan,nan,nan,nan,nan,nan,nan,nan,nan,nan,nan,nan,nan,nan,nan,nan,nan,nan,nan,nan,nan,nan,nan,nan,nan,nan,nan,nan,nan,nan,nan,nan,nan,nan,nan,nan,nan,nan,nan,nan,nan,nan,nan,nan,nan,nan,nan,nan,nan,nan,nan,nan
17.940,APPROACH,114.763908,1.566706,114.055776,12.632500,-5.584578,-8.539955,0.075001,-51.092433,-66.529933,13.077500,-1.125000,1.125000,1.124999,0.000000,0.000000,135.000000,-49.525728,47.525843,25.710000,-6.709578,-7.414955,1.200000,0.000000,0.000000,-132.141033,-61.602968,34.178924,27.270000,1.150000,0.346957,1.150000,0.000000,0.000000,0.000000,1.566706,114.055776,12.632500,114.763908,-5.584578,-8.539955,0.075001,10.204116,nan,nan,nan,0,nan,nan,nan,0,nan,nan,nan,nan,nan,nan,nan,nan,nan,nan,nan,nan,nan,nan,nan,nan,nan,nan,nan,nan,nan,nan,nan,nan,nan,nan,nan,nan,nan,nan,nan,nan,nan,nan,nan,nan,nan,nan,nan,nan,nan,nan,nan,nan,nan,nan,nan,nan,nan,nan,nan,nan,nan,nan,nan,nan,nan,nan,nan,nan,nan,nan,nan,nan,nan,nan,nan,nan,nan,nan,nan,nan,nan,nan,nan,nan,nan,nan,nan,nan
17.980,APPROACH,114.327604,1.296049,113.620440,12.630000,-5.413134,-8.706718,-0.049999,-51.154933,-66.467433,13.140000,-1.250000,1.250000,1.249999,0.000000,0.000000,135.000000,-49.858884,47.153007,25.770000,-6.663134,-7.456718,1.200000,0.000000,0.000000,-131.783165,-61.852525,33.730914,27.330000,1.250000,0.316248,1.250000,0.000000,0.000000,0.000000,1.296049,113.620440,12.630000,114.327604,-5.413134,-8.706718,-0.049999,10.252388,nan,nan,nan,0,nan,nan,nan,0,nan,nan,nan,nan,nan,nan,nan,nan,nan,nan,nan,nan,nan,nan,nan,nan,nan,nan,nan,nan,nan,nan,nan,nan,nan,nan,nan,nan,nan,nan,nan,nan,nan,nan,nan,nan,nan,nan,nan,nan,nan,nan,nan,nan,nan,nan,nan,nan,nan,nan,nan,nan,nan,nan,nan,nan,nan,nan,nan,nan,nan,nan,nan,nan,nan,nan,nan,nan,nan,nan,nan,nan,nan,nan,nan,nan,nan,nan,nan,nan
18.040,APPROACH,113.883048,1.033977,113.176781,12.621250,-5.241430,-8.873190,-0.174999,-51.223683,-66.398683,13.208750,-1.375000,1.375000,1.374999,0.000000,0.000000,135.000000,-50.189706,46.778097,25.830000,-6.616430,-7.498190,1.200000,0.000000,0.000000,-131.425297,-62.099279,33.281355,27.390000,1.400000,0.285497,1.400000,0.000000,0.000000,0.000000,1.033977,113.176781,12.621250,113.883048,-5.241430,-8.873190,-0.174999,10.307120,nan,nan,nan,0,nan,nan,nan,0,nan,nan,nan,nan,nan,nan,nan,nan,nan,nan,nan,nan,nan,nan,nan,nan,nan,nan,nan,nan,nan,nan,nan,nan,nan,nan,nan,nan,nan,nan,nan,nan,nan,nan,nan,nan,nan,nan,nan,nan,nan,nan,nan,nan,nan,nan,nan,nan,nan,nan,nan,nan,nan,nan,nan,nan,nan,nan,nan,nan,nan,nan,nan,nan,nan,nan,nan,nan,nan,nan,nan,nan,nan,nan,nan,nan,nan,nan,nan,nan
18.080,APPROACH,113.430199,0.780504,112.724812,12.606250,-5.069468,-9.039370,-0.299999,-51.298683,-66.323683,13.283750,-1.500000,1.500000,1.499999,0.000000,0.000000,135.000000,-50.518179,46.401129,25.890000,-6.569468,-7.539370,1.200000,0.000000,0.000000,-131.067429,-62.343221,32.830263,27.450000,1.500000,0.254704,1.500000,0.000000,0.000000,0.000000,0.780504,112.724812,12.606250,113.430199,-5.069468,-9.039370,-0.299999,10.368207,nan,nan,nan,0,nan,nan,nan,0,nan,nan,nan,nan,nan,nan,nan,nan,nan,nan,nan,nan,nan,nan,nan,nan,nan,nan,nan,nan,nan,nan,nan,nan,nan,nan,nan,nan,nan,nan,nan,nan,nan,nan,nan,nan,nan,nan,nan,nan,nan,nan,nan,nan,nan,nan,nan,nan,nan,nan,nan,nan,nan,nan,nan,nan,nan,nan,nan,nan,nan,nan,nan,nan,nan,nan,nan,nan,nan,nan,nan,nan,nan,nan,nan,nan,nan,nan,nan,nan
18.140,APPROACH,112.969014,0.535642,112.264549,12.585000,-4.897249,-9.205255,-0.424999,-51.379933,-66.242433,13.365000,-1.625000,1.625000,1.624999,0.000000,0.000000,135.000000,-50.844292,46.022116,25.950000,-6.522249,-7.580255,1.200000,0.000000,0.000000,-130.709561,-62.584340,32.377657,27.510000,1.650000,0.223870,1.650000,0.000000,0.000000,0.000000,0.535642,112.264549,12.585000,112.969014,-4.897249,-9.205255,-0.424999,10.435535,nan,nan,nan,0,nan,nan,nan,0,nan,nan,nan,nan,nan,nan,nan,nan,nan,nan,nan,nan,nan,nan,nan,nan,nan,nan,nan,nan,nan,nan,nan,nan,nan,nan,nan,nan,nan,nan,nan,nan,nan,nan,nan,nan,nan,nan,nan,nan,nan,nan,nan,nan,nan,nan,nan,nan,nan,nan,nan,nan,nan,nan,nan,nan,nan,nan,nan,nan,nan,nan,nan,nan,nan,nan,nan,nan,nan,nan,nan,nan,nan,nan,nan,nan,nan,nan,nan,nan
18.180,APPROACH,112.499456,0.299403,111.796007,12.557500,-4.724776,-9.370845,-0.549999,-51.467433,-66.154933,13.452500,-1.750000,1.750000,1.749999,0.000000,0.000000,135.000000,-51.168030,45.641074,26.010000,-6.474776,-7.620845,1.200000,0.000000,0.000000,-130.351693,-62.822627,31.923553,27.570000,1.749495,0.192996,1.750000,0.000000,0.000000,0.000000,0.299403,111.796007,12.557500,112.499456,-4.724776,-9.370845,-0.549999,10.508984,nan,nan,nan,0,nan,nan,nan,0,nan,nan,nan,nan,nan,nan,nan,nan,nan,nan,nan,nan,nan,nan,nan,nan,nan,nan,nan,nan,nan,nan,nan,nan,nan,nan,nan,nan,nan,nan,nan,nan,nan,nan,nan,nan,nan,nan,nan,nan,nan,nan,nan,nan,nan,nan,nan,nan,nan,nan,nan,nan,nan,nan,nan,nan,nan,nan,nan,nan,nan,nan,nan,nan,nan,nan,nan,nan,nan,nan,nan,nan,nan,nan,nan,nan,nan,nan,nan,nan
18.240,APPROACH,112.021488,0.071800,111.319200,12.523750,-4.552050,-9.536137,-0.674999,-51.561183,-66.061183,13.546250,-1.875000,1.875000,1.874999,0.000000,0.000000,135.000000,-51.489383,45.258017,26.070000,-6.427050,-7.661137,1.200000,0.000000,0.000000,-129.993825,-63.058074,31.467970,27.630000,1.753283,0.162083,1.900000,0.000000,0.000000,0.000000,0.071800,111.319200,12.523750,112.021488,-4.552050,-9.536137,-0.674999,10.588423,nan,nan,nan,0,nan,nan,nan,0,nan,nan,nan,nan,nan,nan,nan,nan,nan,nan,nan,nan,nan,nan,nan,nan,nan,nan,nan,nan,nan,nan,nan,nan,nan,nan,nan,nan,nan,nan,nan,nan,nan,nan,nan,nan,nan,nan,nan,nan,nan,nan,nan,nan,nan,nan,nan,nan,nan,nan,nan,nan,nan,nan,nan,nan,nan,nan,nan,nan,nan,nan,nan,nan,nan,nan,nan,nan,nan,nan,nan,nan,nan,nan,nan,nan,nan,nan,nan,nan
18.280,APPROACH,111.535076,-0.147153,110.834144,12.483750,-4.379074,-9.701131,-0.799999,-51.661183,-65.961183,13.646250,-2.000000,2.000000,1.999999,0.000000,0.000000,135.000000,-51.808337,44.872961,26.130000,-6.379074,-7.701131,1.200000,0.000000,0.000000,-129.635957,-63.290670,31.010925,27.690000,1.757202,0.131131,2.000000,0.000000,0.000000,0.000000,-0.147153,110.834144,12.483750,111.535076,-4.379074,-9.701131,-0.799999,10.673717,nan,nan,nan,0,nan,nan,nan,0,nan,nan,nan,nan,nan,nan,nan,nan,nan,nan,nan,nan,nan,nan,nan,nan,nan,nan,nan,nan,nan,nan,nan,nan,nan,nan,nan,nan,nan,nan,nan,nan,nan,nan,nan,nan,nan,nan,nan,nan,nan,nan,nan,nan,nan,nan,nan,nan,nan,nan,nan,nan,nan,nan,nan,nan,nan,nan,nan,nan,nan,nan,nan,nan,nan,nan,nan,nan,nan,nan,nan,nan,nan,nan,nan,nan,nan,nan,nan,nan
18.340,APPROACH,111.040186,-0.357446,110.340853,12.437500,-4.205849,-9.865824,-0.924999,-51.767433,-65.854933,13.752500,-2.125000,2.125000,2.124999,0.000000,0.000000,135.000000,-52.124879,44.485919,26.190000,-6.330849,-7.740824,1.200000,0.000000,0.000000,-129.278089,-63.520407,30.552437,27.750000,1.761251,0.100142,2.150000,0.000000,0.000000,0.000000,-0.357446,110.340853,12.437500,111.040186,-4.205849,-9.865824,-0.924999,10.764723,nan,nan,nan,0,nan,nan,nan,0,nan,nan,nan,nan,nan,nan,nan,nan,nan,nan,nan,nan,nan,nan,nan,nan,nan,nan,nan,nan,nan,nan,nan,nan,nan,nan,nan,nan,nan,nan,nan,nan,nan,nan,nan,nan,nan,nan,nan,nan,nan,nan,nan,nan,nan,nan,nan,nan,nan,nan,nan,nan,nan,nan,nan,nan,nan,nan,nan,nan,nan,nan,nan,nan,nan,nan,nan,nan,nan,nan,nan,nan,nan,nan,nan,nan,nan,nan,nan,nan
18.380,APPROACH,110.537069,-0.559065,109.839342,12.387500,-4.032377,-10.030215,-1.000000,-51.879933,-65.742433,13.862500,-2.250000,2.250000,2.200000,0.000000,0.000000,135.000000,-52.438998,44.096909,26.250000,-6.282377,-7.780215,1.200000,0.000000,0.000000,-128.920221,-63.747276,30.092522,27.810000,1.765432,0.069116,2.250000,0.000000,0.000000,0.000000,-0.559065,109.839342,12.387500,110.537069,-4.032377,-10.030215,-1.000000,10.856577,nan,nan,nan,0,nan,nan,nan,0,nan,nan,nan,nan,nan,nan,nan,nan,nan,nan,nan,nan,nan,nan,nan,nan,nan,nan,nan,nan,nan,nan,nan,nan,nan,nan,nan,nan,nan,nan,nan,nan,nan,nan,nan,nan,nan,nan,nan,nan,nan,nan,nan,nan,nan,nan,nan,nan,nan,nan,nan,nan,nan,nan,nan,nan,nan,nan,nan,nan,nan,nan,nan,nan,nan,nan,nan,nan,nan,nan,nan,nan,nan,nan,nan,nan,nan,nan,nan,nan
18.440,APPROACH,110.026118,-0.751998,109.329627,12.337500,-3.858660,-10.194302,-1.000000,-51.998683,-65.623683,13.972500,-2.375000,2.375000,2.200000,0.000000,0.000000,135.000000,-52.750681,43.705944,26.310000,-6.233660,-7.819302,1.200000,0.000000,0.000000,-128.562354,-63.971268,29.631199,27.870000,1.769745,0.038055,2.400000,0.000000,0.000000,0.000000,-0.751998,109.329627,12.337500,110.026118,-3.858660,-10.194302,-1.000000,10.945915,nan,nan,nan,0,nan,nan,nan,0,nan,nan,nan,nan,nan,nan,nan,nan,nan,nan,nan,nan,nan,nan,nan,nan,nan,nan,nan,nan,nan,nan,nan,nan,nan,nan,nan,nan,nan,nan,nan,nan,nan,nan,nan,nan,nan,nan,nan,nan,nan,nan,nan,nan,nan,nan,nan,nan,nan,nan,nan,nan,nan,nan,nan,nan,nan,nan,nan,nan,nan,nan,nan,nan,nan,nan,nan,nan,nan,nan,nan,nan,nan,nan,nan,nan,nan,nan,nan,nan
18.480,APPROACH,109.507306,-0.936233,108.811722,12.287500,-3.684699,-10.358085,-1.000000,-52.123683,-65.498683,14.082500,-2.500000,2.500000,2.200000,0.000000,0.000000,135.000000,-53.059916,43.313039,26.370000,-6.184699,-7.858085,1.200000,0.000000,0.000000,-128.204486,-64.192374,29.168487,27.930000,1.774189,0.006958,2.500000,0.000000,0.000000,0.000000,-0.936233,108.811722,12.287500,109.507306,-3.684699,-10.358085,-1.000000,11.039335,nan,nan,nan,0,nan,nan,nan,0,nan,nan,nan,nan,nan,nan,nan,nan,nan,nan,nan,nan,nan,nan,nan,nan,nan,nan,nan,nan,nan,nan,nan,nan,nan,nan,nan,nan,nan,nan,nan,nan,nan,nan,nan,nan,nan,nan,nan,nan,nan,nan,nan,nan,nan,nan,nan,nan,nan,nan,nan,nan,nan,nan,nan,nan,nan,nan,nan,nan,nan,nan,nan,nan,nan,nan,nan,nan,nan,nan,nan,nan,nan,nan,nan,nan,nan,nan,nan,nan
18.540,APPROACH,108.980609,-1.111757,108.285644,12.237500,-3.510498,-10.521561,-1.000000,-52.254933,-65.367433,14.192500,-2.625000,2.625000,2.200000,0.000000,0.000000,135.000000,-53.366691,42.918211,26.430000,-6.135498,-7.896561,1.200000,0.000000,0.000000,-127.846618,-64.410586,28.704402,27.990000,1.778765,-0.024173,2.650000,0.000000,0.000000,0.000000,-1.111757,108.285644,12.237500,108.980609,-3.510498,-10.521561,-1.000000,11.136733,nan,nan,nan,0,nan,nan,nan,0,nan,nan,nan,nan,nan,nan,nan,nan,nan,nan,nan,nan,nan,nan,nan,nan,nan,nan,nan,nan,nan,nan,nan,nan,nan,nan,nan,nan,nan,nan,nan,nan,nan,nan,nan,nan,nan,nan,nan,nan,nan,nan,nan,nan,nan,nan,nan,nan,nan,nan,nan,nan,nan,nan,nan,nan,nan,nan,nan,nan,nan,nan,nan,nan,nan,nan,nan,nan,nan,nan,nan,nan,nan,nan,nan,nan,nan,nan,nan,nan
18.580,APPROACH,108.446004,-1.278560,107.751408,12.187500,-3.336057,-10.684728,-1.000000,-52.392433,-65.229933,14.302500,-2.750000,2.750000,2.200000,0.000000,0.000000,135.000000,-53.670993,42.521475,26.490000,-6.086057,-7.934728,1.200000,0.000000,0.000000,-127.488751,-64.625895,28.238964,28.050000,1.783473,-0.055338,2.750000,0.000000,0.000000,0.000000,-1.278560,107.751408,12.187500,108.446004,-3.336057,-10.684728,-1.000000,11.238002,nan,nan,nan,0,nan,nan,nan,0,nan,nan,nan,nan,nan,nan,nan,nan,nan,nan,nan,nan,nan,nan,nan,nan,nan,nan,nan,nan,nan,nan,nan,nan,nan,nan,nan,nan,nan,nan,nan,nan,nan,nan,nan,nan,nan,nan,nan,nan,nan,nan,nan,nan,nan,nan,nan,nan,nan,nan,nan,nan,nan,nan,nan,nan,nan,nan,nan,nan,nan,nan,nan,nan,nan,nan,nan,nan,nan,nan,nan,nan,nan,nan,nan,nan,nan,nan,nan,nan
18.640,APPROACH,107.903469,-1.436629,107.209029,12.137500,-3.161378,-10.847587,-1.000000,-52.536183,-65.086183,14.412500,-2.875000,2.875000,2.200000,0.000000,0.000000,135.000000,-53.972812,42.122846,26.550000,-6.036378,-7.972587,1.200000,0.000000,0.000000,-127.130883,-64.838293,27.772189,28.110000,1.788313,-0.086535,2.900000,0.000000,0.000000,0.000000,-1.436629,107.209029,12.137500,107.903469,-3.161378,-10.847587,-1.000000,11.343035,nan,nan,nan,0,nan,nan,nan,0,nan,nan,nan,nan,nan,nan,nan,nan,nan,nan,nan,nan,nan,nan,nan,nan,nan,nan,nan,nan,nan,nan,nan,nan,nan,nan,nan,nan,nan,nan,nan,nan,nan,nan,nan,nan,nan,nan,nan,nan,nan,nan,nan,nan,nan,nan,nan,nan,nan,nan,nan,nan,nan,nan,nan,nan,nan,nan,nan,nan,nan,nan,nan,nan,nan,nan,nan,nan,nan,nan,nan,nan,nan,nan,nan,nan,nan,nan,nan,nan
18.680,APPROACH,107.352984,-1.585952,106.658522,12.087500,-2.986464,-11.010134,-1.000000,-52.686183,-64.936183,14.522500,-3.000000,3.000000,2.200000,0.000000,0.000000,135.000000,-54.272136,41.722339,26.610000,-5.986464,-8.010134,1.200000,0.000000,0.000000,-126.773015,-65.047771,27.304098,28.170000,1.793286,-0.117764,3.000000,0.000000,0.000000,0.000000,-1.585952,106.658522,12.087500,107.352984,-2.986464,-11.010134,-1.000000,11.451726,nan,nan,nan,0,nan,nan,nan,0,nan,nan,nan,nan,nan,nan,nan,nan,nan,nan,nan,nan,nan,nan,nan,nan,nan,nan,nan,nan,nan,nan,nan,nan,nan,nan,nan,nan,nan,nan,nan,nan,nan,nan,nan,nan,nan,nan,nan,nan,nan,nan,nan,nan,nan,nan,nan,nan,nan,nan,nan,nan,nan,nan,nan,nan,nan,nan,nan,nan,nan,nan,nan,nan,nan,nan,nan,nan,nan,nan,nan,nan,nan,nan,nan,nan,nan,nan,nan,nan
18.740,APPROACH,106.794531,-1.726518,106.099904,12.037500,-2.811317,-11.172369,-1.000000,-52.842433,-64.779933,14.632500,-3.125000,3.125000,2.200000,0.000000,0.000000,135.000000,-54.568951,41.319970,26.670000,-5.936317,-8.047369,1.200000,0.000000,0.000000,-126.415148,-65.254321,26.834707,28.230000,1.798392,-0.149024,3.150000,0.000000,0.000000,0.000000,-1.726518,106.099904,12.037500,106.794531,-2.811317,-11.172369,-1.000000,11.563967,nan,nan,nan,0,nan,nan,nan,0,nan,nan,nan,nan,nan,nan,nan,nan,nan,nan,nan,nan,nan,nan,nan,nan,nan,nan,nan,nan,nan,nan,nan,nan,nan,nan,nan,nan,nan,nan,nan,nan,nan,nan,nan,nan,nan,nan,nan,nan,nan,nan,nan,nan,nan,nan,nan,nan,nan,nan,nan,nan,nan,nan,nan,nan,nan,nan,nan,nan,nan,nan,nan,nan,nan,nan,nan,nan,nan,nan,nan,nan,nan,nan,nan,nan,nan,nan,nan,nan
18.780,APPROACH,106.228092,-1.858315,105.533189,11.987500,-2.635938,-11.334290,-1.000000,-53.004933,-64.617433,14.742500,-3.250000,3.250000,2.200000,0.000000,0.000000,135.000000,-54.863248,40.915756,26.730000,-5.885938,-8.084290,1.200000,0.000000,0.000000,-126.057281,-65.457936,26.364035,28.290000,1.803630,-0.180315,3.250000,0.000000,0.000000,0.000000,-1.858315,105.533189,11.987500,106.228092,-2.635938,-11.334290,-1.000000,11.679653,nan,nan,nan,0,nan,nan,nan,0,nan,nan,nan,nan,nan,nan,nan,nan,nan,nan,nan,nan,nan,nan,nan,nan,nan,nan,nan,nan,nan,nan,nan,nan,nan,nan,nan,nan,nan,nan,nan,nan,nan,nan,nan,nan,nan,nan,nan,nan,nan,nan,nan,nan,nan,nan,nan,nan,nan,nan,nan,nan,nan,nan,nan,nan,nan,nan,nan,nan,nan,nan,nan,nan,nan,nan,nan,nan,nan,nan,nan,nan,nan,nan,nan,nan,nan,nan,nan,nan
18.840,APPROACH,105.653652,-1.981332,104.958394,11.937500,-2.460329,-11.495895,-1.000000,-53.173683,-64.448683,14.852500,-3.375000,3.375000,2.200000,0.000000,0.000000,135.000000,-55.155015,40.509711,26.790000,-5.835329,-8.120895,1.200000,0.000000,0.000000,-125.699413,-65.658607,25.892100,28.350000,1.809001,-0.211634,3.400000,0.000000,0.000000,0.000000,-1.981332,104.958394,11.937500,105.653652,-2.460329,-11.495895,-1.000000,11.798679,nan,nan,nan,0,nan,nan,nan,0,nan,nan,nan,nan,nan,nan,nan,nan,nan,nan,nan,nan,nan,nan,nan,nan,nan,nan,nan,nan,nan,nan,nan,nan,nan,nan,nan,nan,nan,nan,nan,nan,nan,nan,nan,nan,nan,nan,nan,nan,nan,nan,nan,nan,nan,nan,nan,nan,nan,nan,nan,nan,nan,nan,nan,nan,nan,nan,nan,nan,nan,nan,nan,nan,nan,nan,nan,nan,nan,nan,nan,nan,nan,nan,nan,nan,nan,nan,nan,nan
18.880,APPROACH,105.071197,-2.095556,104.375535,11.887500,-2.284493,-11.657184,-1.000000,-53.348683,-64.273683,14.962500,-3.500000,3.500000,2.200000,0.000000,0.000000,135.000000,-55.444239,40.101852,26.850000,-5.784493,-8.157184,1.200000,0.000000,0.000000,-125.341546,-65.856326,25.418921,28.410000,1.814506,-0.242982,3.500000,0.000000,0.000000,0.000000,-2.095556,104.375535,11.887500,105.071197,-2.284493,-11.657184,-1.000000,11.920941,nan,nan,nan,0,nan,nan,nan,0,nan,nan,nan,nan,nan,nan,nan,nan,nan,nan,nan,nan,nan,nan,nan,nan,nan,nan,nan,nan,nan,nan,nan,nan,nan,nan,nan,nan,nan,nan,nan,nan,nan,nan,nan,nan,nan,nan,nan,nan,nan,nan,nan,nan,nan,nan,nan,nan,nan,nan,nan,nan,nan,nan,nan,nan,nan,nan,nan,nan,nan,nan,nan,nan,nan,nan,nan,nan,nan,nan,nan,nan,nan,nan,nan,nan,nan,nan,nan,nan
18.940,APPROACH,104.480714,-2.200978,103.784627,11.837500,-2.108431,-11.818154,-1.000000,-53.529933,-64.092433,15.072500,-3.625000,3.625000,2.200000,0.000000,0.000000,135.000000,-55.730911,39.692194,26.910000,-5.733431,-8.193154,1.200000,0.000000,0.000000,-124.983678,-66.051086,24.944517,28.470000,1.820144,-0.274358,3.650000,0.000000,0.000000,0.000000,-2.200978,103.784627,11.837500,104.480714,-2.108431,-11.818154,-1.000000,12.046337,nan,nan,nan,0,nan,nan,nan,0,nan,nan,nan,nan,nan,nan,nan,nan,nan,nan,nan,nan,nan,nan,nan,nan,nan,nan,nan,nan,nan,nan,nan,nan,nan,nan,nan,nan,nan,nan,nan,nan,nan,nan,nan,nan,nan,nan,nan,nan,nan,nan,nan,nan,nan,nan,nan,nan,nan,nan,nan,nan,nan,nan,nan,nan,nan,nan,nan,nan,nan,nan,nan,nan,nan,nan,nan,nan,nan,nan,nan,nan,nan,nan,nan,nan,nan,nan,nan,nan
18.980,APPROACH,103.882193,-2.297585,103.185687,11.787500,-1.932145,-11.978805,-1.000000,-53.717433,-63.904933,15.182500,-3.750000,3.750000,2.200000,0.000000,0.000000,135.000000,-56.015018,39.280754,26.970000,-5.682145,-8.228805,1.200000,0.000000,0.000000,-124.625811,-66.242879,24.468905,28.530000,1.825916,-0.305760,3.750000,0.000000,0.000000,0.000000,-2.297585,103.185687,11.787500,103.882193,-1.932145,-11.978805,-1.000000,12.174767,nan,nan,nan,0,nan,nan,nan,0,nan,nan,nan,nan,nan,nan,nan,nan,nan,nan,nan,nan,nan,nan,nan,nan,nan,nan,nan,nan,nan,nan,nan,nan,nan,nan,nan,nan,nan,nan,nan,nan,nan,nan,nan,nan,nan,nan,nan,nan,nan,nan,nan,nan,nan,nan,nan,nan,nan,nan,nan,nan,nan,nan,nan,nan,nan,nan,nan,nan,nan,nan,nan,nan,nan,nan,nan,nan,nan,nan,nan,nan,nan,nan,nan,nan,nan,nan,nan,nan
19.040,APPROACH,103.275626,-2.385367,102.578730,11.737500,-1.755638,-12.139135,-1.000000,-53.911183,-63.711183,15.292500,-3.875000,3.875000,2.200000,0.000000,0.000000,135.000000,-56.296550,38.867547,27.030000,-5.630638,-8.264135,1.200000,0.000000,0.000000,-124.267944,-66.431698,23.992105,28.590000,1.831822,-0.337189,3.900000,0.000000,0.000000,0.000000,-2.385367,102.578730,11.737500,103.275626,-1.755638,-12.139135,-1.000000,12.306131,nan,nan,nan,0,nan,nan,nan,0,nan,nan,nan,nan,nan,nan,nan,nan,nan,nan,nan,nan,nan,nan,nan,nan,nan,nan,nan,nan,nan,nan,nan,nan,nan,nan,nan,nan,nan,nan,nan,nan,nan,nan,nan,nan,nan,nan,nan,nan,nan,nan,nan,nan,nan,nan,nan,nan,nan,nan,nan,nan,nan,nan,nan,nan,nan,nan,nan,nan,nan,nan,nan,nan,nan,nan,nan,nan,nan,nan,nan,nan,nan,nan,nan,nan,nan,nan,nan,nan
19.080,APPROACH,102.661003,-2.464312,101.963773,11.687500,-1.578911,-12.299142,-1.000000,-54.111183,-63.511183,15.402500,-4.000000,4.000000,2.200000,0.000000,0.000000,135.000000,-56.575496,38.452590,27.090000,-5.578911,-8.299142,1.200000,0.000000,0.000000,-123.910076,-66.617535,23.514135,28.650000,1.837861,-0.368642,4.000000,0.000000,0.000000,0.000000,-2.464312,101.963773,11.687500,102.661003,-1.578911,-12.299142,-1.000000,12.440332,nan,nan,nan,0,nan,nan,nan,0,nan,nan,nan,nan,nan,nan,nan,nan,nan,nan,nan,nan,nan,nan,nan,nan,nan,nan,nan,nan,nan,nan,nan,nan,nan,nan,nan,nan,nan,nan,nan,nan,nan,nan,nan,nan,nan,nan,nan,nan,nan,nan,nan,nan,nan,nan,nan,nan,nan,nan,nan,nan,nan,nan,nan,nan,nan,nan,nan,nan,nan,nan,nan,nan,nan,nan,nan,nan,nan,nan,nan,nan,nan,nan,nan,nan,nan,nan,nan,nan
19.140,APPROACH,102.038321,-2.534411,101.340832,11.637500,-1.401966,-12.458825,-1.000000,-54.317433,-63.304933,15.512500,-4.125000,4.125000,2.200000,0.000000,0.000000,135.000000,-56.851844,38.035899,27.150000,-5.526966,-8.333825,1.200000,0.000000,0.000000,-123.552209,-66.800383,23.035013,28.710000,1.844035,-0.400120,4.150000,0.000000,0.000000,0.000000,-2.534411,101.340832,11.637500,102.038321,-1.401966,-12.458825,-1.000000,12.577275,nan,nan,nan,0,nan,nan,nan,0,nan,nan,nan,nan,nan,nan,nan,nan,nan,nan,nan,nan,nan,nan,nan,nan,nan,nan,nan,nan,nan,nan,nan,nan,nan,nan,nan,nan,nan,nan,nan,nan,nan,nan,nan,nan,nan,nan,nan,nan,nan,nan,nan,nan,nan,nan,nan,nan,nan,nan,nan,nan,nan,nan,nan,nan,nan,nan,nan,nan,nan,nan,nan,nan,nan,nan,nan,nan,nan,nan,nan,nan,nan,nan,nan,nan,nan,nan,nan,nan
19.180,APPROACH,101.407574,-2.595651,100.709923,11.587500,-1.224806,-12.618184,-1.000000,-54.529933,-63.092433,15.622500,-4.250000,4.250000,2.200000,0.000000,0.000000,135.000000,-57.125584,37.617490,27.210000,-5.474806,-8.368184,1.200000,0.000000,0.000000,-123.194342,-66.980235,22.554759,28.770000,1.850342,-0.431622,4.250000,0.000000,0.000000,0.000000,-2.595651,100.709923,11.587500,101.407574,-1.224806,-12.618184,-1.000000,12.716867,nan,nan,nan,0,nan,nan,nan,0,nan,nan,nan,nan,nan,nan,nan,nan,nan,nan,nan,nan,nan,nan,nan,nan,nan,nan,nan,nan,nan,nan,nan,nan,nan,nan,nan,nan,nan,nan,nan,nan,nan,nan,nan,nan,nan,nan,nan,nan,nan,nan,nan,nan,nan,nan,nan,nan,nan,nan,nan,nan,nan,nan,nan,nan,nan,nan,nan,nan,nan,nan,nan,nan,nan,nan,nan,nan,nan,nan,nan,nan,nan,nan,nan,nan,nan,nan,nan,nan
19.240,APPROACH,100.768762,-2.648023,100.071062,11.537500,-1.047432,-12.777216,-1.000000,-54.748683,-62.873683,15.732500,-4.375000,4.375000,2.200000,0.000000,0.000000,135.000000,-57.396706,37.197379,27.270000,-5.422432,-8.402216,1.200000,0.000000,0.000000,-122.836475,-67.157084,22.073391,28.830000,1.856784,-0.463146,4.400000,0.000000,0.000000,0.000000,-2.648023,100.071062,11.537500,100.768762,-1.047432,-12.777216,-1.000000,12.859019,nan,nan,nan,0,nan,nan,nan,0,nan,nan,nan,nan,nan,nan,nan,nan,nan,nan,nan,nan,nan,nan,nan,nan,nan,nan,nan,nan,nan,nan,nan,nan,nan,nan,nan,nan,nan,nan,nan,nan,nan,nan,nan,nan,nan,nan,nan,nan,nan,nan,nan,nan,nan,nan,nan,nan,nan,nan,nan,nan,nan,nan,nan,nan,nan,nan,nan,nan,nan,nan,nan,nan,nan,nan,nan,nan,nan,nan,nan,nan,nan,nan,nan,nan,nan,nan,nan,nan
19.280,APPROACH,100.121884,-2.691515,99.424266,11.487500,-0.869847,-12.935920,-1.000000,-54.973683,-62.648683,15.842500,-4.500000,4.500000,2.200000,0.000000,0.000000,135.000000,-57.665198,36.775583,27.330000,-5.369847,-8.435920,1.200000,0.000000,0.000000,-122.478608,-67.330922,21.590927,28.890000,1.863361,-0.494692,4.500000,0.000000,0.000000,0.000000,-2.691515,99.424266,11.487500,100.121884,-0.869847,-12.935920,-1.000000,13.003640,nan,nan,nan,0,nan,nan,nan,0,nan,nan,nan,nan,nan,nan,nan,nan,nan,nan,nan,nan,nan,nan,nan,nan,nan,nan,nan,nan,nan,nan,nan,nan,nan,nan,nan,nan,nan,nan,nan,nan,nan,nan,nan,nan,nan,nan,nan,nan,nan,nan,nan,nan,nan,nan,nan,nan,nan,nan,nan,nan,nan,nan,nan,nan,nan,nan,nan,nan,nan,nan,nan,nan,nan,nan,nan,nan,nan,nan,nan,nan,nan,nan,nan,nan,nan,nan,nan,nan
19.340,APPROACH,99.466941,-2.726118,98.769551,11.437500,-0.692052,-13.094295,-1.000000,-55.204933,-62.417433,15.952500,-4.625000,4.625000,2.200000,0.000000,0.000000,135.000000,-57.931051,36.352118,27.390000,-5.317052,-8.469295,1.200000,0.000000,0.000000,-122.120740,-67.501744,21.107387,28.950000,1.870072,-0.526259,4.650000,0.000000,0.000000,0.000000,-2.726118,98.769551,11.437500,99.466941,-0.692052,-13.094295,-1.000000,13.150646,nan,nan,nan,0,nan,nan,nan,0,nan,nan,nan,nan,nan,nan,nan,nan,nan,nan,nan,nan,nan,nan,nan,nan,nan,nan,nan,nan,nan,nan,nan,nan,nan,nan,nan,nan,nan,nan,nan,nan,nan,nan,nan,nan,nan,nan,nan,nan,nan,nan,nan,nan,nan,nan,nan,nan,nan,nan,nan,nan,nan,nan,nan,nan,nan,nan,nan,nan,nan,nan,nan,nan,nan,nan,nan,nan,nan,nan,nan,nan,nan,nan,nan,nan,nan,nan,nan,nan
19.380,APPROACH,98.803938,-2.751820,98.106934,11.387500,-0.514050,-13.252340,-1.000000,-55.442433,-62.179933,16.062500,-4.750000,4.750000,2.200000,0.000000,0.000000,135.000000,-58.194253,35.927001,27.450000,-5.264050,-8.502340,1.200000,0.000000,0.000000,-121.762873,-67.669543,20.622790,29.010000,1.876918,-0.557846,4.750000,0.000000,0.000000,0.000000,-2.751820,98.106934,11.387500,98.803938,-0.514050,-13.252340,-1.000000,13.299953,nan,nan,nan,0,nan,nan,nan,0,nan,nan,nan,nan,nan,nan,nan,nan,nan,nan,nan,nan,nan,nan,nan,nan,nan,nan,nan,nan,nan,nan,nan,nan,nan,nan,nan,nan,nan,nan,nan,nan,nan,nan,nan,nan,nan,nan,nan,nan,nan,nan,nan,nan,nan,nan,nan,nan,nan,nan,nan,nan,nan,nan,nan,nan,nan,nan,nan,nan,nan,nan,nan,nan,nan,nan,nan,nan,nan,nan,nan,nan,nan,nan,nan,nan,nan,nan,nan,nan
19.440,APPROACH,98.132881,-2.768612,97.436432,11.337500,-0.335842,-13.410053,-1.000000,-55.686183,-61.936183,16.172500,-4.875000,4.875000,2.200000,0.000000,0.000000,135.000000,-58.454795,35.500249,27.510000,-5.210842,-8.535053,1.200000,0.000000,0.000000,-121.405006,-67.834311,20.137154,29.070000,1.883899,-0.589452,4.900000,0.000000,0.000000,0.000000,-2.768612,97.436432,11.337500,98.132881,-0.335842,-13.410053,-1.000000,13.451480,nan,nan,nan,0,nan,nan,nan,0,nan,nan,nan,nan,nan,nan,nan,nan,nan,nan,nan,nan,nan,nan,nan,nan,nan,nan,nan,nan,nan,nan,nan,nan,nan,nan,nan,nan,nan,nan,nan,nan,nan,nan,nan,nan,nan,nan,nan,nan,nan,nan,nan,nan,nan,nan,nan,nan,nan,nan,nan,nan,nan,nan,nan,nan,nan,nan,nan,nan,nan,nan,nan,nan,nan,nan,nan,nan,nan,nan,nan,nan,nan,nan,nan,nan,nan,nan,nan,nan
19.480,APPROACH,97.453777,-2.776484,96.758060,11.287500,-0.157431,-13.567433,-1.000000,-55.936183,-61.686183,16.282500,-5.000000,5.000000,2.200000,0.000000,0.000000,135.000000,-58.712667,35.071877,27.570000,-5.157431,-8.567433,1.200000,0.000000,0.000000,-121.047139,-67.996043,19.650498,29.130000,1.891015,-0.621077,5.000000,0.000000,0.000000,0.000000,-2.776484,96.758060,11.287500,97.453777,-0.157431,-13.567433,-1.000000,13.605147,nan,nan,nan,0,nan,nan,nan,0,nan,nan,nan,nan,nan,nan,nan,nan,nan,nan,nan,nan,nan,nan,nan,nan,nan,nan,nan,nan,nan,nan,nan,nan,nan,nan,nan,nan,nan,nan,nan,nan,nan,nan,nan,nan,nan,nan,nan,nan,nan,nan,nan,nan,nan,nan,nan,nan,nan,nan,nan,nan,nan,nan,nan,nan,nan,nan,nan,nan,nan,nan,nan,nan,nan,nan,nan,nan,nan,nan,nan,nan,nan,nan,nan,nan,nan,nan,nan,nan
19.540,APPROACH,96.766637,-2.775425,96.071836,11.237500,0.021181,-13.724478,-1.000000,-56.192433,-61.429933,16.392500,-5.125000,5.125000,2.200000,0.000000,0.000000,135.000000,-58.967858,34.641903,27.630000,-5.103819,-8.599478,1.200000,0.000000,0.000000,-120.689272,-68.154732,19.162842,29.190000,1.898266,-0.652719,5.150000,0.000000,0.000000,0.000000,-2.775425,96.071836,11.237500,96.766637,0.021181,-13.724478,-1.000000,13.760878,nan,nan,nan,0,nan,nan,nan,0,nan,nan,nan,nan,nan,nan,nan,nan,nan,nan,nan,nan,nan,nan,nan,nan,nan,nan,nan,nan,nan,nan,nan,nan,nan,nan,nan,nan,nan,nan,nan,nan,nan,nan,nan,nan,nan,nan,nan,nan,nan,nan,nan,nan,nan,nan,nan,nan,nan,nan,nan,nan,nan,nan,nan,nan,nan,nan,nan,nan,nan,nan,nan,nan,nan,nan,nan,nan,nan,nan,nan,nan,nan,nan,nan,nan,nan,nan,nan,nan
19.580,APPROACH,96.071474,-2.765425,95.377777,11.187500,0.199992,-13.881189,-1.000000,-56.454933,-61.167433,16.502500,-5.250000,5.250000,2.200000,0.000000,0.000000,135.000000,-59.220358,34.210344,27.690000,-5.050008,-8.631189,1.200000,0.000000,0.000000,-120.331405,-68.310373,18.674204,29.250000,1.905652,-0.684378,5.250000,0.000000,0.000000,0.000000,-2.765425,95.377777,11.187500,96.071474,0.199992,-13.881189,-1.000000,13.918599,nan,nan,nan,0,nan,nan,nan,0,nan,nan,nan,nan,nan,nan,nan,nan,nan,nan,nan,nan,nan,nan,nan,nan,nan,nan,nan,nan,nan,nan,nan,nan,nan,nan,nan,nan,nan,nan,nan,nan,nan,nan,nan,nan,nan,nan,nan,nan,nan,nan,nan,nan,nan,nan,nan,nan,nan,nan,nan,nan,nan,nan,nan,nan,nan,nan,nan,nan,nan,nan,nan,nan,nan,nan,nan,nan,nan,nan,nan,nan,nan,nan,nan,nan,nan,nan,nan,nan
19.640,APPROACH,95.368301,-2.746475,94.675899,11.137500,0.379000,-14.037562,-1.000000,-56.723683,-60.898683,16.612500,-5.375000,5.375000,2.200000,0.000000,0.000000,135.000000,-59.470158,33.777215,27.750000,-4.996000,-8.662562,1.200000,0.000000,0.000000,-119.973538,-68.462958,18.184603,29.310000,1.913174,-0.716053,5.400000,0.000000,0.000000,0.000000,-2.746475,94.675899,11.137500,95.368301,0.379000,-14.037562,-1.000000,14.078238,nan,nan,nan,0,nan,nan,nan,0,nan,nan,nan,nan,nan,nan,nan,nan,nan,nan,nan,nan,nan,nan,nan,nan,nan,nan,nan,nan,nan,nan,nan,nan,nan,nan,nan,nan,nan,nan,nan,nan,nan,nan,nan,nan,nan,nan,nan,nan,nan,nan,nan,nan,nan,nan,nan,nan,nan,nan,nan,nan,nan,nan,nan,nan,nan,nan,nan,nan,nan,nan,nan,nan,nan,nan,nan,nan,nan,nan,nan,nan,nan,nan,nan,nan,nan,nan,nan,nan
19.680,APPROACH,94.657137,-2.718565,93.966219,11.087500,0.558203,-14.193598,-1.000000,-56.998683,-60.623683,16.722500,-5.500000,5.500000,2.200000,0.000000,0.000000,135.000000,-59.717248,33.342536,27.810000,-4.941797,-8.693598,1.200000,0.000000,0.000000,-119.615671,-68.612482,17.694059,29.370000,1.920831,-0.747743,5.500000,0.000000,0.000000,0.000000,-2.718565,93.966219,11.087500,94.657137,0.558203,-14.193598,-1.000000,14.239727,nan,nan,nan,0,nan,nan,nan,0,nan,nan,nan,nan,nan,nan,nan,nan,nan,nan,nan,nan,nan,nan,nan,nan,nan,nan,nan,nan,nan,nan,nan,nan,nan,nan,nan,nan,nan,nan,nan,nan,nan,nan,nan,nan,nan,nan,nan,nan,nan,nan,nan,nan,nan,nan,nan,nan,nan,nan,nan,nan,nan,nan,nan,nan,nan,nan,nan,nan,nan,nan,nan,nan,nan,nan,nan,nan,nan,nan,nan,nan,nan,nan,nan,nan,nan,nan,nan,nan
19.740,APPROACH,93.938001,-2.681685,93.248754,11.037500,0.737599,-14.349294,-1.000000,-57.279933,-60.342433,16.832500,-5.625000,5.625000,2.200000,0.000000,0.000000,135.000000,-59.961618,32.906321,27.870000,-4.887401,-8.724294,1.200000,0.000000,0.000000,-119.257804,-68.758939,17.202591,29.430000,1.928624,-0.779447,5.650000,0.000000,0.000000,0.000000,-2.681685,93.248754,11.037500,93.938001,0.737599,-14.349294,-1.000000,14.402996,nan,nan,nan,0,nan,nan,nan,0,nan,nan,nan,nan,nan,nan,nan,nan,nan,nan,nan,nan,nan,nan,nan,nan,nan,nan,nan,nan,nan,nan,nan,nan,nan,nan,nan,nan,nan,nan,nan,nan,nan,nan,nan,nan,nan,nan,nan,nan,nan,nan,nan,nan,nan,nan,nan,nan,nan,nan,nan,nan,nan,nan,nan,nan,nan,nan,nan,nan,nan,nan,nan,nan,nan,nan,nan,nan,nan,nan,nan,nan,nan,nan,nan,nan,nan,nan,nan,nan
19.780,APPROACH,93.210915,-2.635826,92.523521,10.987500,0.917186,-14.504651,-1.000000,-57.567433,-60.054933,16.942500,-5.750000,5.750000,2.200000,0.000000,0.000000,135.000000,-60.203259,32.468588,27.930000,-4.832814,-8.754651,1.200000,0.000000,0.000000,-118.899937,-68.902324,16.710217,29.490000,1.936552,-0.811165,5.750000,0.000000,0.000000,0.000000,-2.635826,92.523521,10.987500,93.210915,0.917186,-14.504651,-1.000000,14.567983,nan,nan,nan,0,nan,nan,nan,0,nan,nan,nan,nan,nan,nan,nan,nan,nan,nan,nan,nan,nan,nan,nan,nan,nan,nan,nan,nan,nan,nan,nan,nan,nan,nan,nan,nan,nan,nan,nan,nan,nan,nan,nan,nan,nan,nan,nan,nan,nan,nan,nan,nan,nan,nan,nan,nan,nan,nan,nan,nan,nan,nan,nan,nan,nan,nan,nan,nan,nan,nan,nan,nan,nan,nan,nan,nan,nan,nan,nan,nan,nan,nan,nan,nan,nan,nan,nan,nan
19.840,APPROACH,92.475906,-2.580978,91.790538,10.937500,1.096961,-14.659665,-1.000000,-57.861183,-59.761183,17.052500,-5.875000,5.875000,2.200000,0.000000,0.000000,135.000000,-60.442161,32.029355,27.990000,-4.778039,-8.784665,1.200000,0.000000,0.000000,-118.542070,-69.042631,16.216958,29.550000,1.944616,-0.842895,5.900000,0.000000,0.000000,0.000000,-2.580978,91.790538,10.937500,92.475906,1.096961,-14.659665,-1.000000,14.734623,nan,nan,nan,0,nan,nan,nan,0,nan,nan,nan,nan,nan,nan,nan,nan,nan,nan,nan,nan,nan,nan,nan,nan,nan,nan,nan,nan,nan,nan,nan,nan,nan,nan,nan,nan,nan,nan,nan,nan,nan,nan,nan,nan,nan,nan,nan,nan,nan,nan,nan,nan,nan,nan,nan,nan,nan,nan,nan,nan,nan,nan,nan,nan,nan,nan,nan,nan,nan,nan,nan,nan,nan,nan,nan,nan,nan,nan,nan,nan,nan,nan,nan,nan,nan,nan,nan,nan
19.880,APPROACH,91.733002,-2.517131,91.049821,10.887500,1.276922,-14.814337,-1.000000,-58.161183,-59.461183,17.162500,-6.000000,6.000000,2.200000,0.000000,0.000000,135.000000,-60.678315,31.588638,28.050000,-4.723078,-8.814337,1.200000,0.000000,0.000000,-118.184203,-69.179854,15.722832,29.610000,1.952815,-0.874636,6.000000,0.000000,0.000000,0.000000,-2.517131,91.049821,10.887500,91.733002,1.276922,-14.814337,-1.000000,14.902856,nan,nan,nan,0,nan,nan,nan,0,nan,nan,nan,nan,nan,nan,nan,nan,nan,nan,nan,nan,nan,nan,nan,nan,nan,nan,nan,nan,nan,nan,nan,nan,nan,nan,nan,nan,nan,nan,nan,nan,nan,nan,nan,nan,nan,nan,nan,nan,nan,nan,nan,nan,nan,nan,nan,nan,nan,nan,nan,nan,nan,nan,nan,nan,nan,nan,nan,nan,nan,nan,nan,nan,nan,nan,nan,nan,nan,nan,nan,nan,nan,nan,nan,nan,nan,nan,nan,nan
19.940,APPROACH,90.982232,-2.444278,90.301388,10.837500,1.457068,-14.968665,-1.000000,-58.467433,-59.154933,17.272500,-6.125000,6.125000,2.200000,0.000000,0.000000,135.000000,-60.911711,31.146455,28.110000,-4.667932,-8.843665,1.200000,0.000000,0.000000,-117.826336,-69.313989,15.227858,29.670000,1.961151,-0.906389,6.150000,0.000000,0.000000,0.000000,-2.444278,90.301388,10.837500,90.982232,1.457068,-14.968665,-1.000000,15.072624,nan,nan,nan,0,nan,nan,nan,0,nan,nan,nan,nan,nan,nan,nan,nan,nan,nan,nan,nan,nan,nan,nan,nan,nan,nan,nan,nan,nan,nan,nan,nan,nan,nan,nan,nan,nan,nan,nan,nan,nan,nan,nan,nan,nan,nan,nan,nan,nan,nan,nan,nan,nan,nan,nan,nan,nan,nan,nan,nan,nan,nan,nan,nan,nan,nan,nan,nan,nan,nan,nan,nan,nan,nan,nan,nan,nan,nan,nan,nan,nan,nan,nan,nan,nan,nan,nan,nan
19.980,APPROACH,90.223633,-2.362408,89.545256,10.787500,1.637396,-15.122648,-1.000000,-58.779933,-58.842433,17.382500,-6.250000,6.250000,2.200000,0.000000,0.000000,135.000000,-61.142341,30.702823,28.170000,-4.612604,-8.872648,1.200000,0.000000,0.000000,-117.468469,-69.445029,14.732056,29.730000,1.969622,-0.938151,6.250000,0.000000,0.000000,0.000000,-2.362408,89.545256,10.787500,90.223633,1.637396,-15.122648,-1.000000,15.243869,nan,nan,nan,0,nan,nan,nan,0,nan,nan,nan,nan,nan,nan,nan,nan,nan,nan,nan,nan,nan,nan,nan,nan,nan,nan,nan,nan,nan,nan,nan,nan,nan,nan,nan,nan,nan,nan,nan,nan,nan,nan,nan,nan,nan,nan,nan,nan,nan,nan,nan,nan,nan,nan,nan,nan,nan,nan,nan,nan,nan,nan,nan,nan,nan,nan,nan,nan,nan,nan,nan,nan,nan,nan,nan,nan,nan,nan,nan,nan,nan,nan,nan,nan,nan,nan,nan,nan
20.040,APPROACH,89.457241,-2.271513,88.781441,10.737500,1.817904,-15.276285,-1.000000,-59.098683,-58.523683,17.492500,-6.375000,6.375000,2.200000,0.000000,0.000000,135.000000,-61.370196,30.257758,28.230000,-4.557096,-8.901285,1.200000,0.000000,0.000000,-117.110602,-69.572970,14.235445,29.790000,1.978229,-0.969923,6.320000,0.000000,0.000000,0.000000,-2.271513,88.781441,10.737500,89.457241,1.817904,-15.276285,-1.000000,15.416538,nan,nan,nan,0,nan,nan,nan,0,nan,nan,nan,nan,nan,nan,nan,nan,nan,nan,nan,nan,nan,nan,nan,nan,nan,nan,nan,nan,nan,nan,nan,nan,nan,nan,nan,nan,nan,nan,nan,nan,nan,nan,nan,nan,nan,nan,nan,nan,nan,nan,nan,nan,nan,nan,nan,nan,nan,nan,nan,nan,nan,nan,nan,nan,nan,nan,nan,nan,nan,nan,nan,nan,nan,nan,nan,nan,nan,nan,nan,nan,nan,nan,nan,nan,nan,nan,nan,nan
20.080,APPROACH,88.683099,-2.171584,88.009963,10.687500,1.998589,-15.429575,-1.000000,-59.423683,-58.198683,17.602500,-6.500000,6.500000,2.200000,0.000000,0.000000,135.000000,-61.595267,29.811280,28.290000,-4.501411,-8.929575,1.200000,0.000000,0.000000,-116.752736,-69.697806,13.738045,29.850000,1.986973,-1.001703,6.320000,0.000000,0.000000,0.000000,-2.171584,88.009963,10.687500,88.683099,1.998589,-15.429575,-1.000000,15.590578,nan,nan,nan,0,nan,nan,nan,0,nan,nan,nan,nan,nan,nan,nan,nan,nan,nan,nan,nan,nan,nan,nan,nan,nan,nan,nan,nan,nan,nan,nan,nan,nan,nan,nan,nan,nan,nan,nan,nan,nan,nan,nan,nan,nan,nan,nan,nan,nan,nan,nan,nan,nan,nan,nan,nan,nan,nan,nan,nan,nan,nan,nan,nan,nan,nan,nan,nan,nan,nan,nan,nan,nan,nan,nan,nan,nan,nan,nan,nan,nan,nan,nan,nan,nan,nan,nan,nan
20.140,APPROACH,87.901250,-2.062611,87.230837,10.637500,2.179450,-15.582516,-1.000000,-59.754933,-57.867433,17.712500,-6.625000,6.625000,2.200000,0.000000,0.000000,135.000000,-61.817544,29.363404,28.350000,-4.445550,-8.957516,1.200000,0.000000,0.000000,-116.394869,-69.819534,13.239875,29.910000,1.995852,-1.033490,6.320000,0.000000,0.000000,0.000000,-2.062611,87.230837,10.637500,87.901250,2.179450,-15.582516,-1.000000,15.765938,nan,nan,nan,0,nan,nan,nan,0,nan,nan,nan,nan,nan,nan,nan,nan,nan,nan,nan,nan,nan,nan,nan,nan,nan,nan,nan,nan,nan,nan,nan,nan,nan,nan,nan,nan,nan,nan,nan,nan,nan,nan,nan,nan,nan,nan,nan,nan,nan,nan,nan,nan,nan,nan,nan,nan,nan,nan,nan,nan,nan,nan,nan,nan,nan,nan,nan,nan,nan,nan,nan,nan,nan,nan,nan,nan,nan,nan,nan,nan,nan,nan,nan,nan,nan,nan,nan,nan
20.180,APPROACH,87.111743,-1.944587,86.444082,10.587500,2.360485,-15.735108,-1.000000,-60.092433,-57.529933,17.822500,-6.750000,6.750000,2.200000,0.000000,0.000000,135.000000,-62.037020,28.914148,28.410000,-4.389515,-8.985108,1.200000,0.000000,0.000000,-116.037002,-69.938147,12.740955,29.970000,2.004867,-1.065284,6.320000,0.000000,0.000000,0.000000,-1.944587,86.444082,10.587500,87.111743,2.360485,-15.735108,-1.000000,15.942569,nan,nan,nan,0,nan,nan,nan,0,nan,nan,nan,nan,nan,nan,nan,nan,nan,nan,nan,nan,nan,nan,nan,nan,nan,nan,nan,nan,nan,nan,nan,nan,nan,nan,nan,nan,nan,nan,nan,nan,nan,nan,nan,nan,nan,nan,nan,nan,nan,nan,nan,nan,nan,nan,nan,nan,nan,nan,nan,nan,nan,nan,nan,nan,nan,nan,nan,nan,nan,nan,nan,nan,nan,nan,nan,nan,nan,nan,nan,nan,nan,nan,nan,nan,nan,nan,nan,nan
20.240,APPROACH,86.314632,-1.817502,85.649714,10.537500,2.541691,-15.887349,-1.000000,-60.436183,-57.186183,17.932500,-6.875000,6.875000,2.200000,0.000000,0.000000,135.000000,-62.253685,28.463531,28.470000,-4.333309,-9.012349,1.200000,0.000000,0.000000,-115.679135,-70.053642,12.241303,30.030000,2.014019,-1.097084,6.320000,0.000000,0.000000,0.000000,-1.817502,85.649714,10.537500,86.314632,2.541691,-15.887349,-1.000000,16.120423,nan,nan,nan,0,nan,nan,nan,0,nan,nan,nan,nan,nan,nan,nan,nan,nan,nan,nan,nan,nan,nan,nan,nan,nan,nan,nan,nan,nan,nan,nan,nan,nan,nan,nan,nan,nan,nan,nan,nan,nan,nan,nan,nan,nan,nan,nan,nan,nan,nan,nan,nan,nan,nan,nan,nan,nan,nan,nan,nan,nan,nan,nan,nan,nan,nan,nan,nan,nan,nan,nan,nan,nan,nan,nan,nan,nan,nan,nan,nan,nan,nan,nan,nan,nan,nan,nan,nan
20.280,APPROACH,85.509974,-1.681349,84.847752,10.487500,2.723066,-16.039239,-1.000000,-60.786183,-56.836183,18.042500,-7.000000,7.000000,2.200000,0.000000,0.000000,135.000000,-62.467532,28.011569,28.530000,-4.276934,-9.039239,1.200000,0.000000,0.000000,-115.321268,-70.166014,11.740940,30.090000,2.023307,-1.128888,6.320000,0.000000,0.000000,0.000000,-1.681349,84.847752,10.487500,85.509974,2.723066,-16.039239,-1.000000,16.299456,nan,nan,nan,0,nan,nan,nan,0,nan,nan,nan,nan,nan,nan,nan,nan,nan,nan,nan,nan,nan,nan,nan,nan,nan,nan,nan,nan,nan,nan,nan,nan,nan,nan,nan,nan,nan,nan,nan,nan,nan,nan,nan,nan,nan,nan,nan,nan,nan,nan,nan,nan,nan,nan,nan,nan,nan,nan,nan,nan,nan,nan,nan,nan,nan,nan,nan,nan,nan,nan,nan,nan,nan,nan,nan,nan,nan,nan,nan,nan,nan,nan,nan,nan,nan,nan,nan,nan
20.340,APPROACH,84.697682,-1.536119,84.038213,10.436300,2.904607,-16.190776,-1.024000,-61.142433,-56.479933,18.152500,-7.125000,7.125000,2.200000,0.000000,0.000000,135.000000,-62.678552,27.558280,28.588800,-4.220393,-9.065776,1.176000,0.000000,0.000000,-114.963401,-70.275258,11.239884,30.105600,2.032731,-1.160697,6.294080,0.000000,0.000000,0.000000,-1.536119,84.038213,10.436300,84.697682,2.904607,-16.190776,-1.024000,16.481096,nan,nan,nan,0,nan,nan,nan,0,nan,nan,nan,nan,nan,nan,nan,nan,nan,nan,nan,nan,nan,nan,nan,nan,nan,nan,nan,nan,nan,nan,nan,nan,nan,nan,nan,nan,nan,nan,nan,nan,nan,nan,nan,nan,nan,nan,nan,nan,nan,nan,nan,nan,nan,nan,nan,nan,nan,nan,nan,nan,nan,nan,nan,nan,nan,nan,nan,nan,nan,nan,nan,nan,nan,nan,nan,nan,nan,nan,nan,nan,nan,nan,nan,nan,nan,nan,nan,nan
20.380,APPROACH,83.877678,-1.381803,83.221115,10.382748,3.086314,-16.341959,-1.071040,-61.504933,-56.117433,18.262500,-7.250000,7.250000,2.200000,0.000000,0.000000,135.000000,-62.886736,27.103682,28.645248,-4.163686,-9.091959,1.128960,0.000000,0.000000,-114.605535,-70.381371,10.738156,30.077376,2.042291,-1.192509,6.244080,0.000000,0.000000,0.000000,-1.381803,83.221115,10.382748,83.877678,3.086314,-16.341959,-1.071040,16.665296,nan,nan,nan,0,nan,nan,nan,0,nan,nan,nan,nan,nan,nan,nan,nan,nan,nan,nan,nan,nan,nan,nan,nan,nan,nan,nan,nan,nan,nan,nan,nan,nan,nan,nan,nan,nan,nan,nan,nan,nan,nan,nan,nan,nan,nan,nan,nan,nan,nan,nan,nan,nan,nan,nan,nan,nan,nan,nan,nan,nan,nan,nan,nan,nan,nan,nan,nan,nan,nan,nan,nan,nan,nan,nan,nan,nan,nan,nan,nan,nan,nan,nan,nan,nan,nan,nan,nan
20.440,APPROACH,83.050042,-1.218394,82.396476,10.326938,3.268183,-16.492788,-1.116198,-61.873683,-55.748683,18.372500,-7.375000,7.375000,2.200000,0.000000,0.000000,135.000000,-63.092077,26.647793,28.699438,-4.106817,-9.117788,1.083802,0.000000,0.000000,-114.247668,-70.484348,10.235775,30.050281,2.051987,-1.224323,6.194506,0.000000,0.000000,0.000000,-1.218394,82.396476,10.326938,83.050042,3.268183,-16.492788,-1.116198,16.850488,nan,nan,nan,0,nan,nan,nan,0,nan,nan,nan,nan,nan,nan,nan,nan,nan,nan,nan,nan,nan,nan,nan,nan,nan,nan,nan,nan,nan,nan,nan,nan,nan,nan,nan,nan,nan,nan,nan,nan,nan,nan,nan,nan,nan,nan,nan,nan,nan,nan,nan,nan,nan,nan,nan,nan,nan,nan,nan,nan,nan,nan,nan,nan,nan,nan,nan,nan,nan,nan,nan,nan,nan,nan,nan,nan,nan,nan,nan,nan,nan,nan,nan,nan,nan,nan,nan,nan
20.480,APPROACH,82.214856,-1.045883,81.564313,10.268961,3.450212,-16.643261,-1.159550,-62.248683,-55.373683,18.482500,-7.500000,7.500000,2.200000,0.000000,0.000000,135.000000,-63.294566,26.190630,28.751461,-4.049788,-9.143261,1.040450,0.000000,0.000000,-113.889801,-70.584186,9.732761,30.024270,2.061820,-1.256138,6.147685,0.000000,0.000000,0.000000,-1.045883,81.564313,10.268961,82.214856,3.450212,-16.643261,-1.159550,17.036626,nan,nan,nan,0,nan,nan,nan,0,nan,nan,nan,nan,nan,nan,nan,nan,nan,nan,nan,nan,nan,nan,nan,nan,nan,nan,nan,nan,nan,nan,nan,nan,nan,nan,nan,nan,nan,nan,nan,nan,nan,nan,nan,nan,nan,nan,nan,nan,nan,nan,nan,nan,nan,nan,nan,nan,nan,nan,nan,nan,nan,nan,nan,nan,nan,nan,nan,nan,nan,nan,nan,nan,nan,nan,nan,nan,nan,nan,nan,nan,nan,nan,nan,nan,nan,nan,nan,nan
20.540,APPROACH,81.372212,-0.864263,80.724644,10.208902,3.632399,-16.793377,-1.201168,-62.629933,-54.992433,18.592500,-7.625000,7.625000,2.200000,0.000000,0.000000,135.000000,-63.494196,25.732211,28.801402,-3.992601,-9.168377,0.998832,0.000000,0.000000,-113.531934,-70.680879,9.229133,29.999299,2.071789,-1.287954,6.102738,0.000000,0.000000,0.000000,-0.864263,80.724644,10.208902,81.372212,3.632399,-16.793377,-1.201168,17.223665,nan,nan,nan,0,nan,nan,nan,0,nan,nan,nan,nan,nan,nan,nan,nan,nan,nan,nan,nan,nan,nan,nan,nan,nan,nan,nan,nan,nan,nan,nan,nan,nan,nan,nan,nan,nan,nan,nan,nan,nan,nan,nan,nan,nan,nan,nan,nan,nan,nan,nan,nan,nan,nan,nan,nan,nan,nan,nan,nan,nan,nan,nan,nan,nan,nan,nan,nan,nan,nan,nan,nan,nan,nan,nan,nan,nan,nan,nan,nan,nan,nan,nan,nan,nan,nan,nan,nan
20.580,APPROACH,80.522270,-0.681559,79.877487,10.146846,3.654087,-16.943135,-1.241122,-63.009400,-54.604933,18.702500,-7.589346,7.750000,2.200000,0.000000,0.000000,134.399944,-63.690959,25.272554,28.849346,-3.935259,-9.193135,0.958878,0.000000,0.000000,-113.174068,-70.774425,8.724910,29.975327,2.069042,-1.319770,6.059589,0.000000,0.000000,0.000000,-0.681559,79.877487,10.146846,80.522270,3.654087,-16.943135,-1.241122,17.377070,nan,nan,nan,0,nan,nan,nan,0,nan,nan,nan,nan,nan,nan,nan,nan,nan,nan,nan,nan,nan,nan,nan,nan,nan,nan,nan,nan,nan,nan,nan,nan,nan,nan,nan,nan,nan,nan,nan,nan,nan,nan,nan,nan,nan,nan,nan,nan,nan,nan,nan,nan,nan,nan,nan,nan,nan,nan,nan,nan,nan,nan,nan,nan,nan,nan,nan,nan,nan,nan,nan,nan,nan,nan,nan,nan,nan,nan,nan,nan,nan,nan,nan,nan,nan,nan,nan,nan
20.640,APPROACH,79.665106,-0.502230,79.022861,10.082872,3.586584,-17.092535,-1.279477,-63.382618,-54.211183,18.812500,-7.464346,7.875000,2.200000,0.000000,0.000000,133.466484,-63.884848,24.811678,28.895372,-3.877762,-9.217535,0.920523,0.000000,0.000000,-112.816201,-70.864820,8.220114,29.952314,2.059284,-1.351585,6.018165,0.000000,0.000000,0.000000,-0.502230,79.022861,10.082872,79.665106,3.586584,-17.092535,-1.279477,17.511579,nan,nan,nan,0,nan,nan,nan,0,nan,nan,nan,nan,nan,nan,nan,nan,nan,nan,nan,nan,nan,nan,nan,nan,nan,nan,nan,nan,nan,nan,nan,nan,nan,nan,nan,nan,nan,nan,nan,nan,nan,nan,nan,nan,nan,nan,nan,nan,nan,nan,nan,nan,nan,nan,nan,nan,nan,nan,nan,nan,nan,nan,nan,nan,nan,nan,nan,nan,nan,nan,nan,nan,nan,nan,nan,nan,nan,nan,nan,nan,nan,nan,nan,nan,nan,nan,nan,nan
20.680,APPROACH,78.800734,-0.326268,78.160782,10.017057,3.519231,-17.241576,-1.316298,-63.749585,-53.811183,18.922500,-7.339346,8.000000,2.200000,0.000000,0.000000,132.533838,-64.075853,24.349599,28.939557,-3.820115,-9.241576,0.883702,0.000000,0.000000,-112.458334,-70.952060,7.714762,29.930221,2.049661,-1.383398,5.978398,0.000000,0.000000,0.000000,-0.326268,78.160782,10.017057,78.800734,3.519231,-17.241576,-1.316298,17.646234,nan,nan,nan,0,nan,nan,nan,0,nan,nan,nan,nan,nan,nan,nan,nan,nan,nan,nan,nan,nan,nan,nan,nan,nan,nan,nan,nan,nan,nan,nan,nan,nan,nan,nan,nan,nan,nan,nan,nan,nan,nan,nan,nan,nan,nan,nan,nan,nan,nan,nan,nan,nan,nan,nan,nan,nan,nan,nan,nan,nan,nan,nan,nan,nan,nan,nan,nan,nan,nan,nan,nan,nan,nan,nan,nan,nan,nan,nan,nan,nan,nan,nan,nan,nan,nan,nan,nan
20.740,APPROACH,77.929173,-0.153667,77.291269,9.949475,3.452028,-17.390256,-1.351646,-64.110302,-53.404933,19.032500,-7.214346,8.125000,2.200000,0.000000,0.000000,131.602497,-64.263969,23.886336,28.981975,-3.762318,-9.265256,0.848354,0.000000,0.000000,-112.100468,-71.036142,7.208876,29.909012,2.040175,-1.415208,5.940222,0.000000,0.000000,0.000000,-0.153667,77.291269,9.949475,77.929173,3.452028,-17.390256,-1.351646,17.781013,nan,nan,nan,0,nan,nan,nan,0,nan,nan,nan,nan,nan,nan,nan,nan,nan,nan,nan,nan,nan,nan,nan,nan,nan,nan,nan,nan,nan,nan,nan,nan,nan,nan,nan,nan,nan,nan,nan,nan,nan,nan,nan,nan,nan,nan,nan,nan,nan,nan,nan,nan,nan,nan,nan,nan,nan,nan,nan,nan,nan,nan,nan,nan,nan,nan,nan,nan,nan,nan,nan,nan,nan,nan,nan,nan,nan,nan,nan,nan,nan,nan,nan,nan,nan,nan,nan,nan
20.780,APPROACH,77.050438,0.015582,76.414340,9.880196,3.384971,-17.538574,-1.385580,-64.464770,-52.992433,19.142500,-7.089346,8.250000,2.200000,0.000000,0.000000,130.672951,-64.449188,23.421907,29.022696,-3.704375,-9.288574,0.814420,0.000000,0.000000,-111.742601,-71.117063,6.702474,29.888652,2.030825,-1.447014,5.903574,0.000000,0.000000,0.000000,0.015582,76.414340,9.880196,77.050438,3.384971,-17.538574,-1.385580,17.915899,nan,nan,nan,0,nan,nan,nan,0,nan,nan,nan,nan,nan,nan,nan,nan,nan,nan,nan,nan,nan,nan,nan,nan,nan,nan,nan,nan,nan,nan,nan,nan,nan,nan,nan,nan,nan,nan,nan,nan,nan,nan,nan,nan,nan,nan,nan,nan,nan,nan,nan,nan,nan,nan,nan,nan,nan,nan,nan,nan,nan,nan,nan,nan,nan,nan,nan,nan,nan,nan,nan,nan,nan,nan,nan,nan,nan,nan,nan,nan,nan,nan,nan,nan,nan,nan,nan,nan
20.840,APPROACH,76.164546,0.181485,75.530014,9.809288,3.318059,-17.686530,-1.418157,-64.812987,-52.573683,19.252500,-6.964346,8.375000,2.200000,0.000000,0.000000,129.745680,-64.631502,22.956331,29.061788,-3.646287,-9.311530,0.781843,0.000000,0.000000,-111.384734,-71.194819,6.195577,29.869106,2.021612,-1.478816,5.868391,0.000000,0.000000,0.000000,0.181485,75.530014,9.809288,76.164546,3.318059,-17.686530,-1.418157,18.050873,nan,nan,nan,0,nan,nan,nan,0,nan,nan,nan,nan,nan,nan,nan,nan,nan,nan,nan,nan,nan,nan,nan,nan,nan,nan,nan,nan,nan,nan,nan,nan,nan,nan,nan,nan,nan,nan,nan,nan,nan,nan,nan,nan,nan,nan,nan,nan,nan,nan,nan,nan,nan,nan,nan,nan,nan,nan,nan,nan,nan,nan,nan,nan,nan,nan,nan,nan,nan,nan,nan,nan,nan,nan,nan,nan,nan,nan,nan,nan,nan,nan,nan,nan,nan,nan,nan,nan
20.880,APPROACH,75.271515,0.344049,74.638308,9.736817,3.251289,-17.834123,-1.449431,-65.154954,-52.148683,19.362500,-6.839346,8.500000,2.200000,0.000000,0.000000,128.821162,-64.810905,22.489625,29.099317,-3.588057,-9.334123,0.750569,0.000000,0.000000,-111.026868,-71.269408,5.688204,29.850342,2.012534,-1.510613,5.834615,0.000000,0.000000,0.000000,0.344049,74.638308,9.736817,75.271515,3.251289,-17.834123,-1.449431,18.185919,nan,nan,nan,0,nan,nan,nan,0,nan,nan,nan,nan,nan,nan,nan,nan,nan,nan,nan,nan,nan,nan,nan,nan,nan,nan,nan,nan,nan,nan,nan,nan,nan,nan,nan,nan,nan,nan,nan,nan,nan,nan,nan,nan,nan,nan,nan,nan,nan,nan,nan,nan,nan,nan,nan,nan,nan,nan,nan,nan,nan,nan,nan,nan,nan,nan,nan,nan,nan,nan,nan,nan,nan,nan,nan,nan,nan,nan,nan,nan,nan,nan,nan,nan,nan,nan,nan,nan
20.940,APPROACH,74.371361,0.503282,73.739240,9.662844,3.184659,-17.981351,-1.479453,-65.490672,-51.717433,19.472500,-6.714346,8.625000,2.200000,0.000000,0.000000,127.899862,-64.987389,22.021807,29.135344,-3.529687,-9.356351,0.720547,0.000000,0.000000,-110.669001,-71.340826,5.180375,29.832328,2.003593,-1.542403,5.802190,0.000000,0.000000,0.000000,0.503282,73.739240,9.662844,74.371361,3.184659,-17.981351,-1.479453,18.321022,nan,nan,nan,0,nan,nan,nan,0,nan,nan,nan,nan,nan,nan,nan,nan,nan,nan,nan,nan,nan,nan,nan,nan,nan,nan,nan,nan,nan,nan,nan,nan,nan,nan,nan,nan,nan,nan,nan,nan,nan,nan,nan,nan,nan,nan,nan,nan,nan,nan,nan,nan,nan,nan,nan,nan,nan,nan,nan,nan,nan,nan,nan,nan,nan,nan,nan,nan,nan,nan,nan,nan,nan,nan,nan,nan,nan,nan,nan,nan,nan,nan,nan,nan,nan,nan,nan,nan
20.980,APPROACH,73.464103,0.659190,72.832829,9.587430,3.118167,-18.128215,-1.508275,-65.820139,-51.279933,19.582500,-6.589346,8.750000,2.200000,0.000000,0.000000,126.982237,-65.160948,21.552896,29.169930,-3.471179,-9.378215,0.691725,0.000000,0.000000,-110.311134,-71.409071,4.672109,29.815035,1.994788,-1.574187,5.771063,0.000000,0.000000,0.000000,0.659190,72.832829,9.587430,73.464103,3.118167,-18.128215,-1.508275,18.456165,nan,nan,nan,0,nan,nan,nan,0,nan,nan,nan,nan,nan,nan,nan,nan,nan,nan,nan,nan,nan,nan,nan,nan,nan,nan,nan,nan,nan,nan,nan,nan,nan,nan,nan,nan,nan,nan,nan,nan,nan,nan,nan,nan,nan,nan,nan,nan,nan,nan,nan,nan,nan,nan,nan,nan,nan,nan,nan,nan,nan,nan,nan,nan,nan,nan,nan,nan,nan,nan,nan,nan,nan,nan,nan,nan,nan,nan,nan,nan,nan,nan,nan,nan,nan,nan,nan,nan
21.040,APPROACH,72.549757,0.811781,71.919094,9.510633,3.051810,-18.274713,-1.535944,-66.143356,-50.836183,19.692500,-6.464346,8.875000,2.200000,0.000000,0.000000,126.068734,-65.331575,21.082911,29.203133,-3.412536,-9.399713,0.664056,0.000000,0.000000,-109.953268,-71.474140,4.163428,29.798433,1.986118,-1.605962,5.741180,0.000000,0.000000,0.000000,0.811781,71.919094,9.510633,72.549757,3.051810,-18.274713,-1.535944,18.591337,nan,nan,nan,0,nan,nan,nan,0,nan,nan,nan,nan,nan,nan,nan,nan,nan,nan,nan,nan,nan,nan,nan,nan,nan,nan,nan,nan,nan,nan,nan,nan,nan,nan,nan,nan,nan,nan,nan,nan,nan,nan,nan,nan,nan,nan,nan,nan,nan,nan,nan,nan,nan,nan,nan,nan,nan,nan,nan,nan,nan,nan,nan,nan,nan,nan,nan,nan,nan,nan,nan,nan,nan,nan,nan,nan,nan,nan,nan,nan,nan,nan,nan,nan,nan,nan,nan,nan
21.080,APPROACH,71.628341,0.961060,70.998052,9.432508,2.985586,-18.420844,-1.562506,-66.460323,-50.386183,19.802500,-6.339346,9.000000,2.200000,0.000000,0.000000,125.159785,-65.499263,20.611868,29.235008,-3.353760,-9.420844,0.637494,0.000000,0.000000,-109.595401,-71.536030,3.654350,29.782496,1.977585,-1.637729,5.712493,0.000000,0.000000,0.000000,0.961060,70.998052,9.432508,71.628341,2.985586,-18.420844,-1.562506,18.726522,nan,nan,nan,0,nan,nan,nan,0,nan,nan,nan,nan,nan,nan,nan,nan,nan,nan,nan,nan,nan,nan,nan,nan,nan,nan,nan,nan,nan,nan,nan,nan,nan,nan,nan,nan,nan,nan,nan,nan,nan,nan,nan,nan,nan,nan,nan,nan,nan,nan,nan,nan,nan,nan,nan,nan,nan,nan,nan,nan,nan,nan,nan,nan,nan,nan,nan,nan,nan,nan,nan,nan,nan,nan,nan,nan,nan,nan,nan,nan,nan,nan,nan,nan,nan,nan,nan,nan
21.140,APPROACH,70.699873,1.107035,70.069721,9.353107,2.919494,-18.566607,-1.588006,-66.771041,-49.929933,19.912500,-6.214346,9.125000,2.200000,0.000000,0.000000,124.255811,-65.664006,20.139788,29.265607,-3.294852,-9.441607,0.611994,0.000000,0.000000,-109.237534,-71.594740,3.144895,29.767196,1.969188,-1.669486,5.684953,0.000000,0.000000,0.000000,1.107035,70.069721,9.353107,70.699873,2.919494,-18.566607,-1.588006,18.861710,nan,nan,nan,0,nan,nan,nan,0,nan,nan,nan,nan,nan,nan,nan,nan,nan,nan,nan,nan,nan,nan,nan,nan,nan,nan,nan,nan,nan,nan,nan,nan,nan,nan,nan,nan,nan,nan,nan,nan,nan,nan,nan,nan,nan,nan,nan,nan,nan,nan,nan,nan,nan,nan,nan,nan,nan,nan,nan,nan,nan,nan,nan,nan,nan,nan,nan,nan,nan,nan,nan,nan,nan,nan,nan,nan,nan,nan,nan,nan,nan,nan,nan,nan,nan,nan,nan,nan
21.180,APPROACH,69.764371,1.249711,69.134121,9.272483,2.853529,-18.712002,-1.612486,-67.075508,-49.467433,20.022500,-6.089346,9.250000,2.200000,0.000000,0.000000,123.357216,-65.825797,19.666688,29.294983,-3.235817,-9.462002,0.587514,0.000000,0.000000,-108.879668,-71.650267,2.635084,29.752508,1.960926,-1.701233,5.658515,0.000000,0.000000,0.000000,1.249711,69.134121,9.272483,69.764371,2.853529,-18.712002,-1.612486,18.996889,nan,nan,nan,0,nan,nan,nan,0,nan,nan,nan,nan,nan,nan,nan,nan,nan,nan,nan,nan,nan,nan,nan,nan,nan,nan,nan,nan,nan,nan,nan,nan,nan,nan,nan,nan,nan,nan,nan,nan,nan,nan,nan,nan,nan,nan,nan,nan,nan,nan,nan,nan,nan,nan,nan,nan,nan,nan,nan,nan,nan,nan,nan,nan,nan,nan,nan,nan,nan,nan,nan,nan,nan,nan,nan,nan,nan,nan,nan,nan,nan,nan,nan,nan,nan,nan,nan,nan
21.240,APPROACH,68.821854,1.389096,68.191270,9.190684,2.787691,-18.857029,-1.635986,-67.373725,-48.998683,20.132500,-5.964346,9.375000,2.200000,0.000000,0.000000,122.464392,-65.984629,19.192587,29.323184,-3.176655,-9.482029,0.564014,0.000000,0.000000,-108.521801,-71.702608,2.124935,29.738408,1.952801,-1.732969,5.633135,0.000000,0.000000,0.000000,1.389096,68.191270,9.190684,68.821854,2.787691,-18.857029,-1.635986,19.132046,nan,nan,nan,0,nan,nan,nan,0,nan,nan,nan,nan,nan,nan,nan,nan,nan,nan,nan,nan,nan,nan,nan,nan,nan,nan,nan,nan,nan,nan,nan,nan,nan,nan,nan,nan,nan,nan,nan,nan,nan,nan,nan,nan,nan,nan,nan,nan,nan,nan,nan,nan,nan,nan,nan,nan,nan,nan,nan,nan,nan,nan,nan,nan,nan,nan,nan,nan,nan,nan,nan,nan,nan,nan,nan,nan,nan,nan,nan,nan,nan,nan,nan,nan,nan,nan,nan,nan
21.280,APPROACH,67.872340,1.525195,67.241186,9.107756,2.721977,-19.001685,-1.658547,-67.665693,-48.523683,20.242500,-5.839346,9.500000,2.200000,0.000000,0.000000,121.577711,-66.140498,18.717502,29.350256,-3.117369,-9.501685,0.541453,0.000000,0.000000,-108.163934,-71.751762,1.614470,29.724872,1.944811,-1.764692,5.608769,0.000000,0.000000,0.000000,1.525195,67.241186,9.107756,67.872340,2.721977,-19.001685,-1.658547,19.267173,nan,nan,nan,0,nan,nan,nan,0,nan,nan,nan,nan,nan,nan,nan,nan,nan,nan,nan,nan,nan,nan,nan,nan,nan,nan,nan,nan,nan,nan,nan,nan,nan,nan,nan,nan,nan,nan,nan,nan,nan,nan,nan,nan,nan,nan,nan,nan,nan,nan,nan,nan,nan,nan,nan,nan,nan,nan,nan,nan,nan,nan,nan,nan,nan,nan,nan,nan,nan,nan,nan,nan,nan,nan,nan,nan,nan,nan,nan,nan,nan,nan,nan,nan,nan,nan,nan,nan
21.340,APPROACH,66.915848,1.658014,66.283887,9.023746,2.656385,-19.145970,-1.680205,-67.951410,-48.042433,20.352500,-5.714346,9.625000,2.200000,0.000000,0.000000,120.697531,-66.293396,18.241454,29.376246,-3.057961,-9.520970,0.519795,0.000000,0.000000,-107.806068,-71.797726,1.103708,29.711877,1.936957,-1.796402,5.585378,0.000000,0.000000,0.000000,1.658014,66.283887,9.023746,66.915848,2.656385,-19.145970,-1.680205,19.402259,nan,nan,nan,0,nan,nan,nan,0,nan,nan,nan,nan,nan,nan,nan,nan,nan,nan,nan,nan,nan,nan,nan,nan,nan,nan,nan,nan,nan,nan,nan,nan,nan,nan,nan,nan,nan,nan,nan,nan,nan,nan,nan,nan,nan,nan,nan,nan,nan,nan,nan,nan,nan,nan,nan,nan,nan,nan,nan,nan,nan,nan,nan,nan,nan,nan,nan,nan,nan,nan,nan,nan,nan,nan,nan,nan,nan,nan,nan,nan,nan,nan,nan,nan,nan,nan,nan,nan
21.381,APPROACH,65.952397,1.787560,65.319393,8.938696,2.590911,-19.289884,-1.700997,-68.230877,-47.554933,20.462500,-5.589346,9.750000,2.200000,0.000000,0.000000,119.824192,-66.443318,17.764460,29.401196,-2.998435,-9.539884,0.499003,0.000000,0.000000,-107.448201,-71.840500,0.592668,29.699402,1.929238,-1.828099,5.562923,0.000000,0.000000,0.000000,1.787560,65.319393,8.938696,65.952397,2.590911,-19.289884,-1.700997,19.537294,nan,nan,nan,0,nan,nan,nan,0,nan,nan,nan,nan,nan,nan,nan,nan,nan,nan,nan,nan,nan,nan,nan,nan,nan,nan,nan,nan,nan,nan,nan,nan,nan,nan,nan,nan,nan,nan,nan,nan,nan,nan,nan,nan,nan,nan,nan,nan,nan,nan,nan,nan,nan,nan,nan,nan,nan,nan,nan,nan,nan,nan,nan,nan,nan,nan,nan,nan,nan,nan,nan,nan,nan,nan,nan,nan,nan,nan,nan,nan,nan,nan,nan,nan,nan,nan,nan,nan
21.440,APPROACH,64.982008,1.913837,64.347721,8.852648,2.525555,-19.433426,-1.720957,-68.504094,-47.061183,20.572500,-5.464346,9.875000,2.200000,0.000000,0.000000,118.958014,-66.590257,17.286538,29.425148,-2.938791,-9.558426,0.479043,0.000000,0.000000,-107.090335,-71.880081,0.081371,29.687426,1.921655,-1.859781,5.541366,0.000000,0.000000,0.000000,1.913837,64.347721,8.852648,64.982008,2.525555,-19.433426,-1.720957,19.672269,nan,nan,nan,0,nan,nan,nan,0,nan,nan,nan,nan,nan,nan,nan,nan,nan,nan,nan,nan,nan,nan,nan,nan,nan,nan,nan,nan,nan,nan,nan,nan,nan,nan,nan,nan,nan,nan,nan,nan,nan,nan,nan,nan,nan,nan,nan,nan,nan,nan,nan,nan,nan,nan,nan,nan,nan,nan,nan,nan,nan,nan,nan,nan,nan,nan,nan,nan,nan,nan,nan,nan,nan,nan,nan,nan,nan,nan,nan,nan,nan,nan,nan,nan,nan,nan,nan,nan
21.480,APPROACH,64.007660,2.036853,63.371881,8.765642,2.460313,-19.516814,-1.740119,-68.771062,-46.564172,20.682500,-5.339346,9.940219,2.200000,0.000000,0.000000,118.242277,-66.734209,16.807709,29.448143,-2.879032,-9.576595,0.459881,0.000000,0.000000,-106.732468,-71.916467,-0.430162,29.675929,1.914207,-1.886665,5.520672,0.000000,0.000000,0.000000,2.036853,63.371881,8.765642,64.007660,2.460313,-19.516814,-1.740119,19.748094,nan,nan,nan,0,nan,nan,nan,0,nan,nan,nan,nan,nan,nan,nan,nan,nan,nan,nan,nan,nan,nan,nan,nan,nan,nan,nan,nan,nan,nan,nan,nan,nan,nan,nan,nan,nan,nan,nan,nan,nan,nan,nan,nan,nan,nan,nan,nan,nan,nan,nan,nan,nan,nan,nan,nan,nan,nan,nan,nan,nan,nan,nan,nan,nan,nan,nan,nan,nan,nan,nan,nan,nan,nan,nan,nan,nan,nan,nan,nan,nan,nan,nan,nan,nan,nan,nan,nan
21.540,APPROACH,63.033929,2.156612,62.396494,8.677717,2.395184,-19.507726,-1.758514,-69.031779,-46.068505,20.792500,-5.214346,9.913335,2.200000,0.000000,0.000000,117.744060,-66.875167,16.327989,29.470217,-2.819162,-9.594390,0.441486,0.000000,0.000000,-106.374602,-71.949658,-0.941914,29.664892,1.906894,-1.906164,5.500805,0.000000,0.000000,0.000000,2.156612,62.396494,8.677717,63.033929,2.395184,-19.507726,-1.758514,19.732730,nan,nan,nan,0,nan,nan,nan,0,nan,nan,nan,nan,nan,nan,nan,nan,nan,nan,nan,nan,nan,nan,nan,nan,nan,nan,nan,nan,nan,nan,nan,nan,nan,nan,nan,nan,nan,nan,nan,nan,nan,nan,nan,nan,nan,nan,nan,nan,nan,nan,nan,nan,nan,nan,nan,nan,nan,nan,nan,nan,nan,nan,nan,nan,nan,nan,nan,nan,nan,nan,nan,nan,nan,nan,nan,nan,nan,nan,nan,nan,nan,nan,nan,nan,nan,nan,nan,nan
21.580,APPROACH,62.060468,2.273120,61.421212,8.588908,2.330165,-19.505648,-1.776173,-69.286246,-45.573814,20.902500,-5.089346,9.893836,2.200000,0.000000,0.000000,117.221091,-67.013126,15.847398,29.491408,-2.759181,-9.611811,0.423827,0.000000,0.000000,-106.016735,-71.979652,-1.453862,29.654296,1.899717,-1.926237,5.481733,0.000000,0.000000,0.000000,2.273120,61.421212,8.588908,62.060468,2.330165,-19.505648,-1.776173,19.724471,nan,nan,nan,0,nan,nan,nan,0,nan,nan,nan,nan,nan,nan,nan,nan,nan,nan,nan,nan,nan,nan,nan,nan,nan,nan,nan,nan,nan,nan,nan,nan,nan,nan,nan,nan,nan,nan,nan,nan,nan,nan,nan,nan,nan,nan,nan,nan,nan,nan,nan,nan,nan,nan,nan,nan,nan,nan,nan,nan,nan,nan,nan,nan,nan,nan,nan,nan,nan,nan,nan,nan,nan,nan,nan,nan,nan,nan,nan,nan,nan,nan,nan,nan,nan,nan,nan,nan
21.640,APPROACH,61.087321,2.386383,60.446081,8.499252,2.265253,-19.502621,-1.793127,-69.534464,-45.080125,21.012500,-4.964346,9.873763,2.200000,0.000000,0.000000,116.692405,-67.148081,15.365956,29.511752,-2.699093,-9.628858,0.406873,0.000000,0.000000,-105.658868,-72.006448,-1.965988,29.644124,1.892674,-1.946245,5.463423,0.000000,0.000000,0.000000,2.386383,60.446081,8.499252,61.087321,2.265253,-19.502621,-1.793127,19.715448,nan,nan,nan,0,nan,nan,nan,0,nan,nan,nan,nan,nan,nan,nan,nan,nan,nan,nan,nan,nan,nan,nan,nan,nan,nan,nan,nan,nan,nan,nan,nan,nan,nan,nan,nan,nan,nan,nan,nan,nan,nan,nan,nan,nan,nan,nan,nan,nan,nan,nan,nan,nan,nan,nan,nan,nan,nan,nan,nan,nan,nan,nan,nan,nan,nan,nan,nan,nan,nan,nan,nan,nan,nan,nan,nan,nan,nan,nan,nan,nan,nan,nan,nan,nan,nan,nan,nan
21.680,APPROACH,60.114502,2.496405,59.471117,8.408782,2.200447,-19.499283,-1.809401,-69.776431,-44.587438,21.122500,-4.839346,9.853755,2.200000,0.000000,0.000000,116.156437,-67.280026,14.883679,29.531282,-2.638899,-9.645528,0.390599,0.000000,0.000000,-105.301002,-72.030044,-2.478271,29.634359,1.885767,-1.966241,5.445846,0.000000,0.000000,0.000000,2.496405,59.471117,8.408782,60.114502,2.200447,-19.499283,-1.809401,19.706291,nan,nan,nan,0,nan,nan,nan,0,nan,nan,nan,nan,nan,nan,nan,nan,nan,nan,nan,nan,nan,nan,nan,nan,nan,nan,nan,nan,nan,nan,nan,nan,nan,nan,nan,nan,nan,nan,nan,nan,nan,nan,nan,nan,nan,nan,nan,nan,nan,nan,nan,nan,nan,nan,nan,nan,nan,nan,nan,nan,nan,nan,nan,nan,nan,nan,nan,nan,nan,nan,nan,nan,nan,nan,nan,nan,nan,nan,nan,nan,nan,nan,nan,nan,nan,nan,nan,nan
21.740,APPROACH,59.142028,2.603193,58.496338,8.317530,2.135743,-19.495582,-1.825025,-70.012148,-44.095750,21.232500,-4.714346,9.833759,2.200000,0.000000,0.000000,115.613257,-67.408956,14.400588,29.550030,-2.578603,-9.661822,0.374975,0.000000,0.000000,-104.943135,-72.050440,-2.990692,29.624985,1.878994,-1.986217,5.428973,0.000000,0.000000,0.000000,2.603193,58.496338,8.317530,59.142028,2.135743,-19.495582,-1.825025,19.696950,nan,nan,nan,0,nan,nan,nan,0,nan,nan,nan,nan,nan,nan,nan,nan,nan,nan,nan,nan,nan,nan,nan,nan,nan,nan,nan,nan,nan,nan,nan,nan,nan,nan,nan,nan,nan,nan,nan,nan,nan,nan,nan,nan,nan,nan,nan,nan,nan,nan,nan,nan,nan,nan,nan,nan,nan,nan,nan,nan,nan,nan,nan,nan,nan,nan,nan,nan,nan,nan,nan,nan,nan,nan,nan,nan,nan,nan,nan,nan,nan,nan,nan,nan,nan,nan,nan,nan
21.780,APPROACH,58.169914,2.706750,57.521762,8.225529,2.071140,-19.491522,-1.840024,-70.241616,-43.605061,21.342500,-4.589346,9.813783,2.200000,0.000000,0.000000,115.062808,-67.534866,13.916701,29.568029,-2.518205,-9.677739,0.359976,0.000000,0.000000,-104.585269,-72.067636,-3.503230,29.615985,1.872356,-2.006174,5.412774,0.000000,0.000000,0.000000,2.706750,57.521762,8.225529,58.169914,2.071140,-19.491522,-1.840024,19.687426,nan,nan,nan,0,nan,nan,nan,0,nan,nan,nan,nan,nan,nan,nan,nan,nan,nan,nan,nan,nan,nan,nan,nan,nan,nan,nan,nan,nan,nan,nan,nan,nan,nan,nan,nan,nan,nan,nan,nan,nan,nan,nan,nan,nan,nan,nan,nan,nan,nan,nan,nan,nan,nan,nan,nan,nan,nan,nan,nan,nan,nan,nan,nan,nan,nan,nan,nan,nan,nan,nan,nan,nan,nan,nan,nan,nan,nan,nan,nan,nan,nan,nan,nan,nan,nan,nan,nan
21.840,APPROACH,57.198177,2.807081,56.547406,8.132808,2.006636,-19.487105,-1.854423,-70.464833,-43.115369,21.452500,-4.464346,9.793826,2.200000,0.000000,0.000000,114.505050,-67.657751,13.432037,29.585308,-2.457710,-9.693279,0.345577,0.000000,0.000000,-104.227402,-72.081630,-4.015865,29.607346,1.922356,-2.044839,5.397223,0.000000,0.000000,0.000000,2.807081,56.547406,8.132808,57.198177,2.006636,-19.487105,-1.854423,19.677722,nan,nan,nan,0,nan,nan,nan,0,nan,nan,nan,nan,nan,nan,nan,nan,nan,nan,nan,nan,nan,nan,nan,nan,nan,nan,nan,nan,nan,nan,nan,nan,nan,nan,nan,nan,nan,nan,nan,nan,nan,nan,nan,nan,nan,nan,nan,nan,nan,nan,nan,nan,nan,nan,nan,nan,nan,nan,nan,nan,nan,nan,nan,nan,nan,nan,nan,nan,nan,nan,nan,nan,nan,nan,nan,nan,nan,nan,nan,nan,nan,nan,nan,nan,nan,nan,nan,nan
21.880,APPROACH,56.227759,2.904193,55.574226,8.039396,1.942227,-19.463601,-1.868246,-70.681800,-42.627611,21.562500,-4.339346,9.755161,2.200000,0.000000,0.000000,113.980726,-67.777607,12.946615,29.601896,-2.397119,-9.708441,0.331754,0.000000,0.000000,-103.869536,-72.092421,-4.528578,29.599052,1.989714,-2.094839,5.382294,0.000000,0.000000,0.000000,2.904193,55.574226,8.039396,56.227759,1.942227,-19.463601,-1.868246,19.649284,nan,nan,nan,0,nan,nan,nan,0,nan,nan,nan,nan,nan,nan,nan,nan,nan,nan,nan,nan,nan,nan,nan,nan,nan,nan,nan,nan,nan,nan,nan,nan,nan,nan,nan,nan,nan,nan,nan,nan,nan,nan,nan,nan,nan,nan,nan,nan,nan,nan,nan,nan,nan,nan,nan,nan,nan,nan,nan,nan,nan,nan,nan,nan,nan,nan,nan,nan,nan,nan,nan,nan,nan,nan,nan,nan,nan,nan,nan,nan,nan,nan,nan,nan,nan,nan,nan,nan
21.940,APPROACH,55.260414,2.998088,54.603999,7.945320,1.877912,-19.404541,-1.881517,-70.892517,-42.143545,21.672500,-4.214346,9.681317,2.200000,0.000000,0.000000,113.523833,-67.894429,12.460454,29.617820,-2.336434,-9.723224,0.318483,0.000000,0.000000,-103.511669,-72.100010,-5.041348,29.591090,2.139714,-2.168683,5.367962,0.000000,0.000000,0.000000,2.998088,54.603999,7.945320,55.260414,1.877912,-19.404541,-1.881517,19.585782,nan,nan,nan,0,nan,nan,nan,0,nan,nan,nan,nan,nan,nan,nan,nan,nan,nan,nan,nan,nan,nan,nan,nan,nan,nan,nan,nan,nan,nan,nan,nan,nan,nan,nan,nan,nan,nan,nan,nan,nan,nan,nan,nan,nan,nan,nan,nan,nan,nan,nan,nan,nan,nan,nan,nan,nan,nan,nan,nan,nan,nan,nan,nan,nan,nan,nan,nan,nan,nan,nan,nan,nan,nan,nan,nan,nan,nan,nan,nan,nan,nan,nan,nan,nan,nan,nan,nan
21.980,APPROACH,54.295791,3.088773,53.636372,7.850607,1.813688,-19.352555,-1.894256,-71.096985,-41.662799,21.782500,-4.089346,9.614928,2.200000,0.000000,0.000000,113.040640,-68.008212,11.973573,29.633107,-2.275658,-9.737627,0.305744,0.000000,0.000000,-103.153803,-72.104396,-5.554156,29.583446,2.239714,-2.235072,5.354204,0.000000,0.000000,0.000000,3.088773,53.636372,7.850607,54.295791,1.813688,-19.352555,-1.894256,19.529441,nan,nan,nan,0,nan,nan,nan,0,nan,nan,nan,nan,nan,nan,nan,nan,nan,nan,nan,nan,nan,nan,nan,nan,nan,nan,nan,nan,nan,nan,nan,nan,nan,nan,nan,nan,nan,nan,nan,nan,nan,nan,nan,nan,nan,nan,nan,nan,nan,nan,nan,nan,nan,nan,nan,nan,nan,nan,nan,nan,nan,nan,nan,nan,nan,nan,nan,nan,nan,nan,nan,nan,nan,nan,nan,nan,nan,nan,nan,nan,nan,nan,nan,nan,nan,nan,nan,nan
22.040,APPROACH,53.333735,3.176250,52.671191,7.755283,1.749553,-19.303621,-1.906486,-71.295202,-41.185201,21.892500,-3.964346,9.551971,2.200000,0.000000,0.000000,112.539873,-68.118952,11.485990,29.647783,-2.214793,-9.751651,0.293514,0.000000,0.000000,-102.795936,-72.105580,-6.066981,29.576109,2.389714,-2.298029,5.340995,0.000000,0.000000,0.000000,3.176250,52.671191,7.755283,53.333735,1.749553,-19.303621,-1.906486,19.476278,nan,nan,nan,0,nan,nan,nan,0,nan,nan,nan,nan,nan,nan,nan,nan,nan,nan,nan,nan,nan,nan,nan,nan,nan,nan,nan,nan,nan,nan,nan,nan,nan,nan,nan,nan,nan,nan,nan,nan,nan,nan,nan,nan,nan,nan,nan,nan,nan,nan,nan,nan,nan,nan,nan,nan,nan,nan,nan,nan,nan,nan,nan,nan,nan,nan,nan,nan,nan,nan,nan,nan,nan,nan,nan,nan,nan,nan,nan,nan,nan,nan,nan,nan,nan,nan,nan,nan
22.080,APPROACH,52.374080,3.260526,51.708290,7.659371,1.685504,-19.258010,-1.918226,-71.487169,-40.710565,22.002500,-3.839346,9.492716,2.200000,0.000000,0.000000,112.020958,-68.226644,10.997725,29.661872,-2.153842,-9.765294,0.281774,0.000000,0.000000,-102.438070,-72.103560,-6.579804,29.569064,2.489714,-2.357284,5.328316,0.000000,0.000000,0.000000,3.260526,51.708290,7.659371,52.374080,1.685504,-19.258010,-1.918226,19.426566,nan,nan,nan,0,nan,nan,nan,0,nan,nan,nan,nan,nan,nan,nan,nan,nan,nan,nan,nan,nan,nan,nan,nan,nan,nan,nan,nan,nan,nan,nan,nan,nan,nan,nan,nan,nan,nan,nan,nan,nan,nan,nan,nan,nan,nan,nan,nan,nan,nan,nan,nan,nan,nan,nan,nan,nan,nan,nan,nan,nan,nan,nan,nan,nan,nan,nan,nan,nan,nan,nan,nan,nan,nan,nan,nan,nan,nan,nan,nan,nan,nan,nan,nan,nan,nan,nan,nan
22.140,APPROACH,51.416666,3.341603,50.747510,7.562897,1.621539,-19.215598,-1.929497,-71.672887,-40.238713,22.112500,-3.714346,9.437042,2.200000,0.000000,0.000000,111.484212,-68.331284,10.508798,29.675397,-2.092807,-9.778556,0.270503,0.000000,0.000000,-102.080203,-72.098337,-7.092603,29.562302,2.639714,-2.412958,5.316143,0.000000,0.000000,0.000000,3.341603,50.747510,7.562897,51.416666,1.621539,-19.215598,-1.929497,19.380184,nan,nan,nan,0,nan,nan,nan,0,nan,nan,nan,nan,nan,nan,nan,nan,nan,nan,nan,nan,nan,nan,nan,nan,nan,nan,nan,nan,nan,nan,nan,nan,nan,nan,nan,nan,nan,nan,nan,nan,nan,nan,nan,nan,nan,nan,nan,nan,nan,nan,nan,nan,nan,nan,nan,nan,nan,nan,nan,nan,nan,nan,nan,nan,nan,nan,nan,nan,nan,nan,nan,nan,nan,nan,nan,nan,nan,nan,nan,nan,nan,nan,nan,nan,nan,nan,nan,nan
22.180,APPROACH,50.461336,3.419485,49.788695,7.465881,1.557656,-19.176296,-1.940317,-71.852354,-39.769470,22.222500,-3.589346,9.384859,2.200000,0.000000,0.000000,110.929920,-68.432869,10.019226,29.688381,-2.031690,-9.791437,0.259683,0.000000,0.000000,-101.722337,-72.089911,-7.605361,29.555810,2.739714,-2.463921,5.304457,0.000000,0.000000,0.000000,3.419485,49.788695,7.465881,50.461336,1.557656,-19.176296,-1.940317,19.337049,nan,nan,nan,0,nan,nan,nan,0,nan,nan,nan,nan,nan,nan,nan,nan,nan,nan,nan,nan,nan,nan,nan,nan,nan,nan,nan,nan,nan,nan,nan,nan,nan,nan,nan,nan,nan,nan,nan,nan,nan,nan,nan,nan,nan,nan,nan,nan,nan,nan,nan,nan,nan,nan,nan,nan,nan,nan,nan,nan,nan,nan,nan,nan,nan,nan,nan,nan,nan,nan,nan,nan,nan,nan,nan,nan,nan,nan,nan,nan,nan,nan,nan,nan,nan,nan,nan,nan
22.240,APPROACH,49.507941,3.494178,48.831695,7.368346,1.493852,-19.140014,-1.950705,-72.025571,-39.302666,22.332500,-3.464346,9.336079,2.200000,0.000000,0.000000,110.358418,-68.531393,9.529029,29.700846,-1.970494,-9.803936,0.249295,0.000000,0.000000,-101.364470,-72.078283,-8.118055,29.549577,2.889714,-2.509391,5.293239,0.000000,0.000000,0.000000,3.494178,48.831695,7.368346,49.507941,1.493852,-19.140014,-1.950705,19.297072,nan,nan,nan,0,nan,nan,nan,0,nan,nan,nan,nan,nan,nan,nan,nan,nan,nan,nan,nan,nan,nan,nan,nan,nan,nan,nan,nan,nan,nan,nan,nan,nan,nan,nan,nan,nan,nan,nan,nan,nan,nan,nan,nan,nan,nan,nan,nan,nan,nan,nan,nan,nan,nan,nan,nan,nan,nan,nan,nan,nan,nan,nan,nan,nan,nan,nan,nan,nan,nan,nan,nan,nan,nan,nan,nan,nan,nan,nan,nan,nan,nan,nan,nan,nan,nan,nan,nan
22.280,APPROACH,48.556334,3.565684,47.876362,7.270312,1.430125,-19.106660,-1.960676,-72.192539,-38.838135,22.442500,-3.339346,9.290609,2.200000,0.000000,0.000000,109.770082,-68.626854,9.038226,29.712812,-1.909221,-9.816052,0.239324,0.000000,0.000000,-101.006604,-72.063453,-8.630667,29.543594,2.989714,-2.551643,5.282469,0.000000,0.000000,0.000000,3.565684,47.876362,7.270312,48.556334,1.430125,-19.106660,-1.960676,19.260166,nan,nan,nan,0,nan,nan,nan,0,nan,nan,nan,nan,nan,nan,nan,nan,nan,nan,nan,nan,nan,nan,nan,nan,nan,nan,nan,nan,nan,nan,nan,nan,nan,nan,nan,nan,nan,nan,nan,nan,nan,nan,nan,nan,nan,nan,nan,nan,nan,nan,nan,nan,nan,nan,nan,nan,nan,nan,nan,nan,nan,nan,nan,nan,nan,nan,nan,nan,nan,nan,nan,nan,nan,nan,nan,nan,nan,nan,nan,nan,nan,nan,nan,nan,nan,nan,nan,nan
22.340,APPROACH,47.606374,3.634008,46.922555,7.171799,1.366472,-19.076142,-1.970249,-72.353256,-38.375717,22.552500,-3.214346,9.248357,2.200000,0.000000,0.000000,109.165334,-68.719248,8.546837,29.724299,-1.847874,-9.827785,0.229751,0.000000,0.000000,-100.648737,-72.045421,-9.143176,29.537850,3.139714,-2.590768,5.272131,0.000000,0.000000,0.000000,3.634008,46.922555,7.171799,47.606374,1.366472,-19.076142,-1.970249,19.226241,nan,nan,nan,0,nan,nan,nan,0,nan,nan,nan,nan,nan,nan,nan,nan,nan,nan,nan,nan,nan,nan,nan,nan,nan,nan,nan,nan,nan,nan,nan,nan,nan,nan,nan,nan,nan,nan,nan,nan,nan,nan,nan,nan,nan,nan,nan,nan,nan,nan,nan,nan,nan,nan,nan,nan,nan,nan,nan,nan,nan,nan,nan,nan,nan,nan,nan,nan,nan,nan,nan,nan,nan,nan,nan,nan,nan,nan,nan,nan,nan,nan,nan,nan,nan,nan,nan,nan
22.380,APPROACH,46.657926,3.699152,45.970136,7.072827,1.302891,-19.048367,-1.979439,-72.507723,-37.915256,22.662500,-3.089346,9.209232,2.200000,0.000000,0.000000,108.544638,-68.808571,8.054880,29.735327,-1.786454,-9.839135,0.220561,0.000000,0.000000,-100.290871,-72.024189,-9.655563,29.532336,3.239714,-2.626859,5.262205,0.000000,0.000000,0.000000,3.699152,45.970136,7.072827,46.657926,1.302891,-19.048367,-1.979439,19.195208,nan,nan,nan,0,nan,nan,nan,0,nan,nan,nan,nan,nan,nan,nan,nan,nan,nan,nan,nan,nan,nan,nan,nan,nan,nan,nan,nan,nan,nan,nan,nan,nan,nan,nan,nan,nan,nan,nan,nan,nan,nan,nan,nan,nan,nan,nan,nan,nan,nan,nan,nan,nan,nan,nan,nan,nan,nan,nan,nan,nan,nan,nan,nan,nan,nan,nan,nan,nan,nan,nan,nan,nan,nan,nan,nan,nan,nan,nan,nan,nan,nan,nan,nan,nan,nan,nan,nan
22.440,APPROACH,45.710858,3.761121,45.018974,6.973414,1.239381,-19.023242,-1.988262,-72.655940,-37.456599,22.772500,-2.964346,9.173141,2.200000,0.000000,0.000000,107.908495,-68.894819,7.562375,29.745914,-1.724965,-9.850101,0.211738,0.000000,0.000000,-99.933004,-71.999757,-10.167807,29.527043,3.389714,-2.660009,5.252677,0.000000,0.000000,0.000000,3.761121,45.018974,6.973414,45.710858,1.239381,-19.023242,-1.988262,19.166977,nan,nan,nan,0,nan,nan,nan,0,nan,nan,nan,nan,nan,nan,nan,nan,nan,nan,nan,nan,nan,nan,nan,nan,nan,nan,nan,nan,nan,nan,nan,nan,nan,nan,nan,nan,nan,nan,nan,nan,nan,nan,nan,nan,nan,nan,nan,nan,nan,nan,nan,nan,nan,nan,nan,nan,nan,nan,nan,nan,nan,nan,nan,nan,nan,nan,nan,nan,nan,nan,nan,nan,nan,nan,nan,nan,nan,nan,nan,nan,nan,nan,nan,nan,nan,nan,nan,nan
22.480,APPROACH,44.765046,3.819918,44.068940,6.873578,1.175937,-19.000674,-1.996731,-72.797908,-36.999599,22.882500,-2.839346,9.139991,2.200000,0.000000,0.000000,107.257451,-68.977990,7.069341,29.756078,-1.663409,-9.860683,0.203269,0.000000,0.000000,-99.575138,-71.972125,-10.679888,29.521961,3.489714,-2.690312,5.243530,0.000000,0.000000,0.000000,3.819918,44.068940,6.873578,44.765046,1.175937,-19.000674,-1.996731,19.141457,nan,nan,nan,0,nan,nan,nan,0,nan,nan,nan,nan,nan,nan,nan,nan,nan,nan,nan,nan,nan,nan,nan,nan,nan,nan,nan,nan,nan,nan,nan,nan,nan,nan,nan,nan,nan,nan,nan,nan,nan,nan,nan,nan,nan,nan,nan,nan,nan,nan,nan,nan,nan,nan,nan,nan,nan,nan,nan,nan,nan,nan,nan,nan,nan,nan,nan,nan,nan,nan,nan,nan,nan,nan,nan,nan,nan,nan,nan,nan,nan,nan,nan,nan,nan,nan,nan,nan
22.540,APPROACH,43.820369,3.875546,43.119912,6.773334,1.112558,-18.980568,-2.004862,-72.933625,-36.544115,22.992500,-2.714346,9.109688,2.200000,0.000000,0.000000,106.592086,-69.058079,6.575797,29.765835,-1.601787,-9.870880,0.195138,0.000000,0.000000,-99.217271,-71.941296,-11.191787,29.517083,3.639714,-2.717862,5.234749,0.000000,0.000000,0.000000,3.875546,43.119912,6.773334,43.820369,1.112558,-18.980568,-2.004862,19.118557,nan,nan,nan,0,nan,nan,nan,0,nan,nan,nan,nan,nan,nan,nan,nan,nan,nan,nan,nan,nan,nan,nan,nan,nan,nan,nan,nan,nan,nan,nan,nan,nan,nan,nan,nan,nan,nan,nan,nan,nan,nan,nan,nan,nan,nan,nan,nan,nan,nan,nan,nan,nan,nan,nan,nan,nan,nan,nan,nan,nan,nan,nan,nan,nan,nan,nan,nan,nan,nan,nan,nan,nan,nan,nan,nan,nan,nan,nan,nan,nan,nan,nan,nan,nan,nan,nan,nan
22.580,APPROACH,42.876712,3.928008,42.171770,6.672701,1.049242,-18.962830,-2.012668,-73.063092,-36.090008,23.102500,-2.589346,9.082138,2.200000,0.000000,0.000000,105.913017,-69.135084,6.081762,29.775201,-1.540104,-9.880692,0.187332,0.000000,0.000000,-98.859405,-71.907270,-11.703484,29.512399,3.739714,-2.742754,5.226319,0.000000,0.000000,0.000000,3.928008,42.171770,6.672701,42.876712,1.049242,-18.962830,-2.012668,19.098185,nan,nan,nan,0,nan,nan,nan,0,nan,nan,nan,nan,nan,nan,nan,nan,nan,nan,nan,nan,nan,nan,nan,nan,nan,nan,nan,nan,nan,nan,nan,nan,nan,nan,nan,nan,nan,nan,nan,nan,nan,nan,nan,nan,nan,nan,nan,nan,nan,nan,nan,nan,nan,nan,nan,nan,nan,nan,nan,nan,nan,nan,nan,nan,nan,nan,nan,nan,nan,nan,nan,nan,nan,nan,nan,nan,nan,nan,nan,nan,nan,nan,nan,nan,nan,nan,nan,nan
22.640,APPROACH,41.933965,3.977308,41.224402,6.571693,0.985986,-18.947365,-2.020161,-73.186310,-35.637146,23.212500,-2.464346,9.057246,2.200000,0.000000,0.000000,105.220892,-69.209002,5.587257,29.784193,-1.478360,-9.890119,0.179839,0.000000,0.000000,-98.501538,-71.870049,-12.214958,29.507903,3.889714,-2.765083,5.218226,0.000000,0.000000,0.000000,3.977308,41.224402,6.571693,41.933965,0.985986,-18.947365,-2.020161,19.080248,nan,nan,nan,0,nan,nan,nan,0,nan,nan,nan,nan,nan,nan,nan,nan,nan,nan,nan,nan,nan,nan,nan,nan,nan,nan,nan,nan,nan,nan,nan,nan,nan,nan,nan,nan,nan,nan,nan,nan,nan,nan,nan,nan,nan,nan,nan,nan,nan,nan,nan,nan,nan,nan,nan,nan,nan,nan,nan,nan,nan,nan,nan,nan,nan,nan,nan,nan,nan,nan,nan,nan,nan,nan,nan,nan,nan,nan,nan,nan,nan,nan,nan,nan,nan,nan,nan,nan
22.680,APPROACH,40.992026,4.023447,40.277698,6.470325,0.922788,-18.934076,-2.027354,-73.303277,-35.185400,23.322500,-2.339346,9.034917,2.200000,0.000000,0.000000,104.516390,-69.279830,5.092299,29.792825,-1.416558,-9.899160,0.172646,0.000000,0.000000,-98.143672,-71.829634,-12.726189,29.503587,3.989714,-2.784945,5.210457,0.000000,0.000000,0.000000,4.023447,40.277698,6.470325,40.992026,0.922788,-18.934076,-2.027354,19.064652,nan,nan,nan,0,nan,nan,nan,0,nan,nan,nan,nan,nan,nan,nan,nan,nan,nan,nan,nan,nan,nan,nan,nan,nan,nan,nan,nan,nan,nan,nan,nan,nan,nan,nan,nan,nan,nan,nan,nan,nan,nan,nan,nan,nan,nan,nan,nan,nan,nan,nan,nan,nan,nan,nan,nan,nan,nan,nan,nan,nan,nan,nan,nan,nan,nan,nan,nan,nan,nan,nan,nan,nan,nan,nan,nan,nan,nan,nan,nan,nan,nan,nan,nan,nan,nan,nan,nan
22.740,APPROACH,40.050796,4.066429,39.331555,6.368612,0.859645,-18.922869,-2.034260,-73.413994,-34.734647,23.432500,-2.214346,9.015055,2.200000,0.000000,0.000000,103.800217,-69.347565,4.596908,29.801112,-1.354701,-9.907814,0.165740,0.000000,0.000000,-97.785805,-71.786027,-13.237158,29.499444,4.139714,-2.802437,5.202999,0.000000,0.000000,0.000000,4.066429,39.331555,6.368612,40.050796,0.859645,-18.922869,-2.034260,19.051304,nan,nan,nan,0,nan,nan,nan,0,nan,nan,nan,nan,nan,nan,nan,nan,nan,nan,nan,nan,nan,nan,nan,nan,nan,nan,nan,nan,nan,nan,nan,nan,nan,nan,nan,nan,nan,nan,nan,nan,nan,nan,nan,nan,nan,nan,nan,nan,nan,nan,nan,nan,nan,nan,nan,nan,nan,nan,nan,nan,nan,nan,nan,nan,nan,nan,nan,nan,nan,nan,nan,nan,nan,nan,nan,nan,nan,nan,nan,nan,nan,nan,nan,nan,nan,nan,nan,nan
22.780,APPROACH,39.110183,4.106257,38.385873,6.266568,0.796554,-18.913645,-2.040890,-73.518461,-34.284769,23.542500,-2.089346,8.997563,2.200000,0.000000,0.000000,103.073100,-69.412205,4.101104,29.809068,-1.292791,-9.916082,0.159110,0.000000,0.000000,-97.427939,-71.739229,-13.747845,29.495466,4.239714,-2.817655,5.195839,0.000000,0.000000,0.000000,4.106257,38.385873,6.266568,39.110183,0.796554,-18.913645,-2.040890,19.040108,nan,nan,nan,0,nan,nan,nan,0,nan,nan,nan,nan,nan,nan,nan,nan,nan,nan,nan,nan,nan,nan,nan,nan,nan,nan,nan,nan,nan,nan,nan,nan,nan,nan,nan,nan,nan,nan,nan,nan,nan,nan,nan,nan,nan,nan,nan,nan,nan,nan,nan,nan,nan,nan,nan,nan,nan,nan,nan,nan,nan,nan,nan,nan,nan,nan,nan,nan,nan,nan,nan,nan,nan,nan,nan,nan,nan,nan,nan,nan,nan,nan,nan,nan,nan,nan,nan,nan
22.840,APPROACH,38.170101,4.142933,37.440557,6.164205,0.733515,-18.906308,-2.047254,-73.616679,-33.835652,23.652500,-1.964346,8.982345,2.200000,0.000000,0.000000,102.335788,-69.473746,3.604906,29.816705,-1.230831,-9.923964,0.152746,0.000000,0.000000,-97.070072,-71.689242,-14.258229,29.491647,4.389714,-2.830697,5.188965,0.000000,0.000000,0.000000,4.142933,37.440557,6.164205,38.170101,0.733515,-18.906308,-2.047254,19.030969,nan,nan,nan,0,nan,nan,nan,0,nan,nan,nan,nan,nan,nan,nan,nan,nan,nan,nan,nan,nan,nan,nan,nan,nan,nan,nan,nan,nan,nan,nan,nan,nan,nan,nan,nan,nan,nan,nan,nan,nan,nan,nan,nan,nan,nan,nan,nan,nan,nan,nan,nan,nan,nan,nan,nan,nan,nan,nan,nan,nan,nan,nan,nan,nan,nan,nan,nan,nan,nan,nan,nan,nan,nan,nan,nan,nan,nan,nan,nan,nan,nan,nan,nan,nan,nan,nan,nan
22.880,APPROACH,37.230471,4.176459,36.495519,6.061537,0.670523,-18.900760,-2.053364,-73.708646,-33.387187,23.762500,-1.839346,8.969303,2.200000,0.000000,0.000000,101.589043,-69.532187,3.108333,29.824037,-1.168823,-9.931458,0.146636,0.000000,0.000000,-96.712206,-71.636069,-14.768291,29.487982,4.489714,-2.824723,5.151476,0.000000,0.000000,0.000000,4.176459,36.495519,6.061537,37.230471,0.670523,-18.900760,-2.053364,19.023792,nan,nan,nan,0,nan,nan,nan,0,nan,nan,nan,nan,nan,nan,nan,nan,nan,nan,nan,nan,nan,nan,nan,nan,nan,nan,nan,nan,nan,nan,nan,nan,nan,nan,nan,nan,nan,nan,nan,nan,nan,nan,nan,nan,nan,nan,nan,nan,nan,nan,nan,nan,nan,nan,nan,nan,nan,nan,nan,nan,nan,nan,nan,nan,nan,nan,nan,nan,nan,nan,nan,nan,nan,nan,nan,nan,nan,nan,nan,nan,nan,nan,nan,nan,nan,nan,nan,nan
22.940,APPROACH,36.290389,4.206838,35.549827,5.958575,0.607577,-18.913841,-2.059230,-73.794363,-32.938423,23.872500,-1.714346,8.975277,2.200000,0.000000,0.000000,100.813676,-69.587526,2.611404,29.831075,-1.106769,-9.938564,0.140770,0.000000,0.000000,-96.354339,-71.579711,-15.278011,29.484462,4.639714,-2.809339,5.101476,0.000000,0.000000,0.000000,4.206838,35.549827,5.958575,36.290389,0.607577,-18.913841,-2.059230,19.035308,nan,nan,nan,0,nan,nan,nan,0,nan,nan,nan,nan,nan,nan,nan,nan,nan,nan,nan,nan,nan,nan,nan,nan,nan,nan,nan,nan,nan,nan,nan,nan,nan,nan,nan,nan,nan,nan,nan,nan,nan,nan,nan,nan,nan,nan,nan,nan,nan,nan,nan,nan,nan,nan,nan,nan,nan,nan,nan,nan,nan,nan,nan,nan,nan,nan,nan,nan,nan,nan,nan,nan,nan,nan,nan,nan,nan,nan,nan,nan,nan,nan,nan,nan,nan,nan,nan,nan
22.980,APPROACH,35.349427,4.234071,34.603030,5.855332,0.544673,-18.935944,-2.064860,-73.873831,-32.488890,23.982500,-1.589346,8.990661,2.200000,0.000000,0.000000,100.025029,-69.639759,2.114140,29.837832,-1.044672,-9.945283,0.135140,0.000000,0.000000,-95.996473,-71.520170,-15.787370,29.481084,4.739714,-2.794137,5.048843,0.000000,0.000000,0.000000,4.234071,34.603030,5.855332,35.349427,0.544673,-18.935944,-2.064860,19.055978,nan,nan,nan,0,nan,nan,nan,0,nan,nan,nan,nan,nan,nan,nan,nan,nan,nan,nan,nan,nan,nan,nan,nan,nan,nan,nan,nan,nan,nan,nan,nan,nan,nan,nan,nan,nan,nan,nan,nan,nan,nan,nan,nan,nan,nan,nan,nan,nan,nan,nan,nan,nan,nan,nan,nan,nan,nan,nan,nan,nan,nan,nan,nan,nan,nan,nan,nan,nan,nan,nan,nan,nan,nan,nan,nan,nan,nan,nan,nan,nan,nan,nan,nan,nan,nan,nan,nan
23.040,APPROACH,34.407629,4.258162,33.655156,5.751819,0.481811,-18.957477,-2.070266,-73.947048,-32.038597,24.092500,-1.464346,9.005863,2.200000,0.000000,0.000000,99.235423,-69.688886,1.616560,29.844319,-0.982535,-9.951614,0.129734,0.000000,0.000000,-95.638607,-71.457449,-16.296346,29.477840,4.889714,-2.778618,5.002621,0.000000,0.000000,0.000000,4.258162,33.655156,5.751819,34.407629,0.481811,-18.957477,-2.070266,19.076270,nan,nan,nan,0,nan,nan,nan,0,nan,nan,nan,nan,nan,nan,nan,nan,nan,nan,nan,nan,nan,nan,nan,nan,nan,nan,nan,nan,nan,nan,nan,nan,nan,nan,nan,nan,nan,nan,nan,nan,nan,nan,nan,nan,nan,nan,nan,nan,nan,nan,nan,nan,nan,nan,nan,nan,nan,nan,nan,nan,nan,nan,nan,nan,nan,nan,nan,nan,nan,nan,nan,nan,nan,nan,nan,nan,nan,nan,nan,nan,nan,nan,nan,nan,nan,nan,nan,nan
23.080,APPROACH,33.465017,4.279111,32.706209,5.648046,0.418987,-18.978939,-2.075455,-74.014015,-31.587528,24.202500,-1.339346,9.021382,2.200000,0.000000,0.000000,98.444648,-69.734904,1.118682,29.850546,-0.920359,-9.957557,0.124545,0.000000,0.000000,-95.280740,-71.391550,-16.804921,29.474727,4.989714,-2.762942,4.959754,0.000000,0.000000,0.000000,4.279111,32.706209,5.648046,33.465017,0.418987,-18.978939,-2.075455,19.096680,nan,nan,nan,0,nan,nan,nan,0,nan,nan,nan,nan,nan,nan,nan,nan,nan,nan,nan,nan,nan,nan,nan,nan,nan,nan,nan,nan,nan,nan,nan,nan,nan,nan,nan,nan,nan,nan,nan,nan,nan,nan,nan,nan,nan,nan,nan,nan,nan,nan,nan,nan,nan,nan,nan,nan,nan,nan,nan,nan,nan,nan,nan,nan,nan,nan,nan,nan,nan,nan,nan,nan,nan,nan,nan,nan,nan,nan,nan,nan,nan,nan,nan,nan,nan,nan,nan,nan
23.140,APPROACH,32.521624,4.296921,31.756201,5.544024,0.356199,-19.000169,-2.080437,-74.074733,-31.135675,24.312500,-1.214346,9.037058,2.200000,0.000000,0.000000,97.653221,-69.777811,0.620526,29.856525,-0.858147,-9.963111,0.119563,0.000000,0.000000,-94.922874,-71.322476,-17.313074,29.471738,5.139714,-2.747218,4.920160,0.000000,0.000000,0.000000,4.296921,31.756201,5.544024,32.521624,0.356199,-19.000169,-2.080437,19.117048,nan,nan,nan,0,nan,nan,nan,0,nan,nan,nan,nan,nan,nan,nan,nan,nan,nan,nan,nan,nan,nan,nan,nan,nan,nan,nan,nan,nan,nan,nan,nan,nan,nan,nan,nan,nan,nan,nan,nan,nan,nan,nan,nan,nan,nan,nan,nan,nan,nan,nan,nan,nan,nan,nan,nan,nan,nan,nan,nan,nan,nan,nan,nan,nan,nan,nan,nan,nan,nan,nan,nan,nan,nan,nan,nan,nan,nan,nan,nan,nan,nan,nan,nan,nan,nan,nan,nan
23.180,APPROACH,31.577492,4.311593,30.805148,5.439764,0.293445,-19.021059,-2.085220,-74.129200,-30.683036,24.422500,-1.089346,9.052782,2.200000,0.000000,0.000000,96.861565,-69.817606,0.122112,29.862264,-0.795901,-9.968277,0.114780,0.000000,0.000000,-94.565007,-71.250229,-17.820786,29.468868,5.239714,-2.731550,4.883759,0.000000,0.000000,0.000000,4.311593,30.805148,5.439764,31.577492,0.293445,-19.021059,-2.085220,19.137266,nan,nan,nan,0,nan,nan,nan,0,nan,nan,nan,nan,nan,nan,nan,nan,nan,nan,nan,nan,nan,nan,nan,nan,nan,nan,nan,nan,nan,nan,nan,nan,nan,nan,nan,nan,nan,nan,nan,nan,nan,nan,nan,nan,nan,nan,nan,nan,nan,nan,nan,nan,nan,nan,nan,nan,nan,nan,nan,nan,nan,nan,nan,nan,nan,nan,nan,nan,nan,nan,nan,nan,nan,nan,nan,nan,nan,nan,nan,nan,nan,nan,nan,nan,nan,nan,nan,nan
23.240,APPROACH,30.632671,4.323129,29.853073,5.335273,0.230721,-19.041503,-2.089811,-74.177417,-30.229613,24.532500,-0.964346,9.068450,2.200000,0.000000,0.000000,96.070065,-69.854288,-0.376540,29.867773,-0.733625,-9.973053,0.110189,0.000000,0.000000,-94.207141,-71.174813,-18.328037,29.466113,5.389714,-2.716039,4.850474,0.000000,0.000000,0.000000,4.323129,29.853073,5.335273,30.632671,0.230721,-19.041503,-2.089811,19.157228,nan,nan,nan,0,nan,nan,nan,0,nan,nan,nan,nan,nan,nan,nan,nan,nan,nan,nan,nan,nan,nan,nan,nan,nan,nan,nan,nan,nan,nan,nan,nan,nan,nan,nan,nan,nan,nan,nan,nan,nan,nan,nan,nan,nan,nan,nan,nan,nan,nan,nan,nan,nan,nan,nan,nan,nan,nan,nan,nan,nan,nan,nan,nan,nan,nan,nan,nan,nan,nan,nan,nan,nan,nan,nan,nan,nan,nan,nan,nan,nan,nan,nan,nan,nan,nan,nan,nan
23.280,APPROACH,29.687221,4.331531,28.900003,5.230562,0.168026,-19.061402,-2.094218,-74.219384,-29.775415,24.642500,-0.839346,9.083961,2.200000,0.000000,0.000000,95.279064,-69.887854,-0.875412,29.873062,-0.671320,-9.977441,0.105782,0.000000,0.000000,-93.849274,-71.096229,-18.834806,29.463469,5.489714,-2.700778,4.820236,0.000000,0.000000,0.000000,4.331531,28.900003,5.230562,29.687221,0.168026,-19.061402,-2.094218,19.176836,nan,nan,nan,0,nan,nan,nan,0,nan,nan,nan,nan,nan,nan,nan,nan,nan,nan,nan,nan,nan,nan,nan,nan,nan,nan,nan,nan,nan,nan,nan,nan,nan,nan,nan,nan,nan,nan,nan,nan,nan,nan,nan,nan,nan,nan,nan,nan,nan,nan,nan,nan,nan,nan,nan,nan,nan,nan,nan,nan,nan,nan,nan,nan,nan,nan,nan,nan,nan,nan,nan,nan,nan,nan,nan,nan,nan,nan,nan,nan,nan,nan,nan,nan,nan,nan,nan,nan
23.340,APPROACH,28.741211,4.336799,27.945970,5.125640,0.105357,-19.080661,-2.098450,-74.255102,-29.320454,24.752500,-0.714346,9.099222,2.200000,0.000000,0.000000,94.488871,-69.918303,-1.374484,29.878140,-0.608989,-9.981439,0.101550,0.000000,0.000000,-93.491408,-71.014483,-19.341075,29.460930,5.639714,-2.685859,4.792977,0.000000,0.000000,0.000000,4.336799,27.945970,5.125640,28.741211,0.105357,-19.080661,-2.098450,19.195995,nan,nan,nan,0,nan,nan,nan,0,nan,nan,nan,nan,nan,nan,nan,nan,nan,nan,nan,nan,nan,nan,nan,nan,nan,nan,nan,nan,nan,nan,nan,nan,nan,nan,nan,nan,nan,nan,nan,nan,nan,nan,nan,nan,nan,nan,nan,nan,nan,nan,nan,nan,nan,nan,nan,nan,nan,nan,nan,nan,nan,nan,nan,nan,nan,nan,nan,nan,nan,nan,nan,nan,nan,nan,nan,nan,nan,nan,nan,nan,nan,nan,nan,nan,nan,nan,nan,nan
23.380,APPROACH,27.794721,4.338934,26.991010,5.020514,0.042712,-19.099190,-2.102512,-74.284569,-28.864747,24.862500,-0.589346,9.114141,2.200000,0.000000,0.000000,93.699755,-69.945635,-1.873737,29.883014,-0.546634,-9.985048,0.097488,0.000000,0.000000,-93.133541,-70.929575,-19.846824,29.458493,5.739714,-2.671367,4.768636,0.000000,0.000000,0.000000,4.338934,26.991010,5.020514,27.794721,0.042712,-19.099190,-2.102512,19.214615,nan,nan,nan,0,nan,nan,nan,0,nan,nan,nan,nan,nan,nan,nan,nan,nan,nan,nan,nan,nan,nan,nan,nan,nan,nan,nan,nan,nan,nan,nan,nan,nan,nan,nan,nan,nan,nan,nan,nan,nan,nan,nan,nan,nan,nan,nan,nan,nan,nan,nan,nan,nan,nan,nan,nan,nan,nan,nan,nan,nan,nan,nan,nan,nan,nan,nan,nan,nan,nan,nan,nan,nan,nan,nan,nan,nan,nan,nan,nan,nan,nan,nan,nan,nan,nan,nan,nan
23.440,APPROACH,26.854606,4.337939,26.042140,4.915193,-0.019911,-18.977409,-2.106411,-74.307786,-28.415290,24.972500,-0.464346,8.989141,2.200000,0.000000,0.000000,92.957060,-69.969848,-2.373150,29.887693,-0.484257,-9.988268,0.093589,0.000000,0.000000,-92.775675,-70.836078,-20.239987,29.455103,5.867286,-2.648461,4.749802,0.000000,0.000000,0.000000,4.337939,26.042140,4.915193,26.854606,-0.019911,-18.977409,-2.106411,19.093963,nan,nan,nan,0,nan,nan,nan,0,nan,nan,nan,nan,nan,nan,nan,nan,nan,nan,nan,nan,nan,nan,nan,nan,nan,nan,nan,nan,nan,nan,nan,nan,nan,nan,nan,nan,nan,nan,nan,nan,nan,nan,nan,nan,nan,nan,nan,nan,nan,nan,nan,nan,nan,nan,nan,nan,nan,nan,nan,nan,nan,nan,nan,nan,nan,nan,nan,nan,nan,nan,nan,nan,nan,nan,nan,nan,nan,nan,nan,nan,nan,nan,nan,nan,nan,nan,nan,nan
23.480,APPROACH,25.920914,4.333813,25.099378,4.809686,-0.082516,-18.855239,-2.110155,-74.324754,-27.972083,25.082500,-0.339346,8.864141,2.200000,0.000000,0.000000,92.192384,-69.990941,-2.872705,29.892186,-0.421862,-9.991098,0.089845,0.000000,0.000000,-92.417809,-70.735699,-20.511068,29.450799,5.890357,-2.626167,4.733598,0.000000,0.000000,0.000000,4.333813,25.099378,4.809686,25.920914,-0.082516,-18.855239,-2.110155,18.973128,nan,nan,nan,0,nan,nan,nan,0,nan,nan,nan,nan,nan,nan,nan,nan,nan,nan,nan,nan,nan,nan,nan,nan,nan,nan,nan,nan,nan,nan,nan,nan,nan,nan,nan,nan,nan,nan,nan,nan,nan,nan,nan,nan,nan,nan,nan,nan,nan,nan,nan,nan,nan,nan,nan,nan,nan,nan,nan,nan,nan,nan,nan,nan,nan,nan,nan,nan,nan,nan,nan,nan,nan,nan,nan,nan,nan,nan,nan,nan,nan,nan,nan,nan,nan,nan,nan,nan
23.540,APPROACH,24.993697,4.326558,24.162744,4.703998,-0.145104,-18.732679,-2.113749,-74.335471,-27.535126,25.192500,-0.214346,8.739141,2.200000,0.000000,0.000000,91.405018,-70.008913,-3.372382,29.896498,-0.359450,-9.993538,0.086251,0.000000,0.000000,-92.059942,-70.635145,-20.783061,29.446765,5.910859,-2.604546,4.719967,0.000000,0.000000,0.000000,4.326558,24.162744,4.703998,24.993697,-0.145104,-18.732679,-2.113749,18.852115,nan,nan,nan,0,nan,nan,nan,0,nan,nan,nan,nan,nan,nan,nan,nan,nan,nan,nan,nan,nan,nan,nan,nan,nan,nan,nan,nan,nan,nan,nan,nan,nan,nan,nan,nan,nan,nan,nan,nan,nan,nan,nan,nan,nan,nan,nan,nan,nan,nan,nan,nan,nan,nan,nan,nan,nan,nan,nan,nan,nan,nan,nan,nan,nan,nan,nan,nan,nan,nan,nan,nan,nan,nan,nan,nan,nan,nan,nan,nan,nan,nan,nan,nan,nan,nan,nan,nan
23.580,APPROACH,24.073014,4.316174,23.232257,4.598138,-0.207679,-18.609729,-2.117199,-74.339938,-27.104419,25.302500,-0.089346,8.614141,2.200000,0.000000,0.000000,90.594251,-70.023765,-3.872161,29.900638,-0.297025,-9.995588,0.082801,0.000000,0.000000,-91.702076,-70.534392,-21.055988,29.442986,5.928860,-2.583658,4.708857,0.000000,0.000000,0.000000,4.316174,23.232257,4.598138,24.073014,-0.207679,-18.609729,-2.117199,18.730929,nan,nan,nan,0,nan,nan,nan,0,nan,nan,nan,nan,nan,nan,nan,nan,nan,nan,nan,nan,nan,nan,nan,nan,nan,nan,nan,nan,nan,nan,nan,nan,nan,nan,nan,nan,nan,nan,nan,nan,nan,nan,nan,nan,nan,nan,nan,nan,nan,nan,nan,nan,nan,nan,nan,nan,nan,nan,nan,nan,nan,nan,nan,nan,nan,nan,nan,nan,nan,nan,nan,nan,nan,nan,nan,nan,nan,nan,nan,nan,nan,nan,nan,nan,nan,nan,nan,nan
23.640,APPROACH,23.158930,4.302662,22.307938,4.492113,-0.270241,-18.486390,-2.120511,-74.338155,-26.679961,25.412500,0.035654,8.489141,2.200000,0.000000,0.000000,89.759361,-70.035494,-4.372024,29.904613,-0.234587,-9.997248,0.079489,0.000000,0.000000,-91.344209,-70.433413,-21.329872,29.439447,5.944417,-2.563562,4.700219,0.000000,0.000000,0.000000,4.302662,22.307938,4.492113,23.158930,-0.270241,-18.486390,-2.120511,18.609573,nan,nan,nan,0,nan,nan,nan,0,nan,nan,nan,nan,nan,nan,nan,nan,nan,nan,nan,nan,nan,nan,nan,nan,nan,nan,nan,nan,nan,nan,nan,nan,nan,nan,nan,nan,nan,nan,nan,nan,nan,nan,nan,nan,nan,nan,nan,nan,nan,nan,nan,nan,nan,nan,nan,nan,nan,nan,nan,nan,nan,nan,nan,nan,nan,nan,nan,nan,nan,nan,nan,nan,nan,nan,nan,nan,nan,nan,nan,nan,nan,nan,nan,nan,nan,nan,nan,nan
23.680,APPROACH,22.251519,4.286022,21.389805,4.385928,-0.332795,-18.362660,-2.123690,-74.330123,-26.261754,25.522500,0.160654,8.364141,2.200000,0.000000,0.000000,88.899628,-70.044101,-4.871950,29.908428,-0.172141,-9.998518,0.076310,0.000000,0.000000,-90.986343,-70.332183,-21.604737,29.436135,5.968077,-2.513562,4.701698,0.000000,0.000000,0.000000,4.286022,21.389805,4.385928,22.251519,-0.332795,-18.362660,-2.123690,18.488052,nan,nan,nan,0,nan,nan,nan,0,nan,nan,nan,nan,nan,nan,nan,nan,nan,nan,nan,nan,nan,nan,nan,nan,nan,nan,nan,nan,nan,nan,nan,nan,nan,nan,nan,nan,nan,nan,nan,nan,nan,nan,nan,nan,nan,nan,nan,nan,nan,nan,nan,nan,nan,nan,nan,nan,nan,nan,nan,nan,nan,nan,nan,nan,nan,nan,nan,nan,nan,nan,nan,nan,nan,nan,nan,nan,nan,nan,nan,nan,nan,nan,nan,nan,nan,nan,nan,nan
23.740,APPROACH,21.350862,4.266255,20.477878,4.279591,-0.395342,-18.238540,-2.126743,-74.315840,-25.849797,25.632500,0.285654,8.239141,2.200000,0.000000,0.000000,88.014329,-70.049585,-5.371920,29.912091,-0.109688,-9.999398,0.073257,0.000000,0.000000,-90.628476,-70.230676,-21.880610,29.433037,5.989816,-2.455212,4.706262,0.000000,0.000000,0.000000,4.266255,20.477878,4.279591,21.350862,-0.395342,-18.238540,-2.126743,18.366373,nan,nan,nan,0,nan,nan,nan,0,nan,nan,nan,nan,nan,nan,nan,nan,nan,nan,nan,nan,nan,nan,nan,nan,nan,nan,nan,nan,nan,nan,nan,nan,nan,nan,nan,nan,nan,nan,nan,nan,nan,nan,nan,nan,nan,nan,nan,nan,nan,nan,nan,nan,nan,nan,nan,nan,nan,nan,nan,nan,nan,nan,nan,nan,nan,nan,nan,nan,nan,nan,nan,nan,nan,nan,nan,nan,nan,nan,nan,nan,nan,nan,nan,nan,nan,nan,nan,nan
23.780,APPROACH,20.457053,4.243361,19.572176,4.173107,-0.457884,-18.114030,-2.129673,-74.295307,-25.444090,25.742500,0.410654,8.114141,2.200000,0.000000,0.000000,87.102751,-70.051947,-5.871914,29.915608,-0.047230,-9.999888,0.070327,0.000000,0.000000,-90.270610,-70.128865,-22.157517,29.430141,6.008615,-2.394014,4.713147,0.000000,0.000000,0.000000,4.243361,19.572176,4.173107,20.457053,-0.457884,-18.114030,-2.129673,18.244540,nan,nan,nan,0,nan,nan,nan,0,nan,nan,nan,nan,nan,nan,nan,nan,nan,nan,nan,nan,nan,nan,nan,nan,nan,nan,nan,nan,nan,nan,nan,nan,nan,nan,nan,nan,nan,nan,nan,nan,nan,nan,nan,nan,nan,nan,nan,nan,nan,nan,nan,nan,nan,nan,nan,nan,nan,nan,nan,nan,nan,nan,nan,nan,nan,nan,nan,nan,nan,nan,nan,nan,nan,nan,nan,nan,nan,nan,nan,nan,nan,nan,nan,nan,nan,nan,nan,nan
23.840,APPROACH,19.570199,4.217339,18.672720,4.066483,-0.520425,-17.989130,-2.132486,-74.268525,-25.044633,25.852500,0.535654,7.989141,2.200000,0.000000,0.000000,86.164187,-70.051185,-6.371913,29.918983,0.015229,-9.999988,0.067514,0.000000,0.000000,-89.912744,-70.028057,-21.559030,29.421518,6.024513,-2.333859,4.722357,0.000000,0.000000,0.000000,4.217339,18.672720,4.066483,19.570199,-0.520425,-17.989130,-2.132486,18.122559,nan,nan,nan,0,nan,nan,nan,0,nan,nan,nan,nan,nan,nan,nan,nan,nan,nan,nan,nan,nan,nan,nan,nan,nan,nan,nan,nan,nan,nan,nan,nan,nan,nan,nan,nan,nan,nan,nan,nan,nan,nan,nan,nan,nan,nan,nan,nan,nan,nan,nan,nan,nan,nan,nan,nan,nan,nan,nan,nan,nan,nan,nan,nan,nan,nan,nan,nan,nan,nan,nan,nan,nan,nan,nan,nan,nan,nan,nan,nan,nan,nan,nan,nan,nan,nan,nan,nan
23.880,APPROACH,18.690424,4.188191,17.779528,3.959724,-0.582966,-17.863840,-2.135187,-74.235492,-24.651426,25.962500,0.660654,7.864141,2.200000,0.000000,0.000000,85.197948,-70.047301,-6.871898,29.922224,0.077688,-9.999698,0.064813,0.000000,0.000000,-89.554877,-69.941788,-20.453130,29.410251,6.037536,-2.274777,4.733899,0.000000,0.000000,0.000000,4.188191,17.779528,3.959724,18.690424,-0.582966,-17.863840,-2.135187,18.000434,nan,nan,nan,0,nan,nan,nan,0,nan,nan,nan,nan,nan,nan,nan,nan,nan,nan,nan,nan,nan,nan,nan,nan,nan,nan,nan,nan,nan,nan,nan,nan,nan,nan,nan,nan,nan,nan,nan,nan,nan,nan,nan,nan,nan,nan,nan,nan,nan,nan,nan,nan,nan,nan,nan,nan,nan,nan,nan,nan,nan,nan,nan,nan,nan,nan,nan,nan,nan,nan,nan,nan,nan,nan,nan,nan,nan,nan,nan,nan,nan,nan,nan,nan,nan,nan,nan,nan
23.940,APPROACH,17.817872,4.155915,16.892620,3.852835,-0.645511,-17.738159,-2.137779,-74.196209,-24.264469,26.072500,0.785654,7.739141,2.200000,0.000000,0.000000,84.203365,-70.040294,-7.371849,29.925335,0.140143,-9.999018,0.062221,0.000000,0.000000,-89.197011,-69.871737,-19.398109,29.400171,6.064877,-2.216794,4.728386,0.000000,0.000000,0.000000,4.155915,16.892620,3.852835,17.817872,-0.645511,-17.738159,-2.137779,17.878173,nan,nan,nan,0,nan,nan,nan,0,nan,nan,nan,nan,nan,nan,nan,nan,nan,nan,nan,nan,nan,nan,nan,nan,nan,nan,nan,nan,nan,nan,nan,nan,nan,nan,nan,nan,nan,nan,nan,nan,nan,nan,nan,nan,nan,nan,nan,nan,nan,nan,nan,nan,nan,nan,nan,nan,nan,nan,nan,nan,nan,nan,nan,nan,nan,nan,nan,nan,nan,nan,nan,nan,nan,nan,nan,nan,nan,nan,nan,nan,nan,nan,nan,nan,nan,nan,nan,nan
23.980,APPROACH,16.952712,4.120512,16.012015,3.745821,-0.708060,-17.612089,-2.140268,-74.150677,-23.883762,26.182500,0.910654,7.614141,2.200000,0.000000,0.000000,83.179800,-70.030164,-7.871747,29.928322,0.202594,-9.997948,0.059732,0.000000,0.000000,-88.839144,-69.816957,-18.393446,29.391183,6.114877,-2.154458,4.690474,0.000000,0.000000,0.000000,4.120512,16.012015,3.745821,16.952712,-0.708060,-17.612089,-2.140268,17.755782,nan,nan,nan,0,nan,nan,nan,0,nan,nan,nan,nan,nan,nan,nan,nan,nan,nan,nan,nan,nan,nan,nan,nan,nan,nan,nan,nan,nan,nan,nan,nan,nan,nan,nan,nan,nan,nan,nan,nan,nan,nan,nan,nan,nan,nan,nan,nan,nan,nan,nan,nan,nan,nan,nan,nan,nan,nan,nan,nan,nan,nan,nan,nan,nan,nan,nan,nan,nan,nan,nan,nan,nan,nan,nan,nan,nan,nan,nan,nan,nan,nan,nan,nan,nan,nan,nan,nan
24.040,APPROACH,16.095143,4.081982,15.137734,3.638689,-0.770618,-17.485629,-2.142657,-74.098894,-23.509305,26.292500,1.035654,7.489141,2.200000,0.000000,0.000000,82.126649,-70.016912,-8.371571,29.931189,0.265036,-9.996487,0.057343,0.000000,0.000000,-88.481278,-69.776518,-17.438636,29.383200,6.171069,-2.078842,4.657895,0.000000,0.000000,0.000000,4.081982,15.137734,3.638689,16.095143,-0.770618,-17.485629,-2.142657,17.633265,nan,nan,nan,0,nan,nan,nan,0,nan,nan,nan,nan,nan,nan,nan,nan,nan,nan,nan,nan,nan,nan,nan,nan,nan,nan,nan,nan,nan,nan,nan,nan,nan,nan,nan,nan,nan,nan,nan,nan,nan,nan,nan,nan,nan,nan,nan,nan,nan,nan,nan,nan,nan,nan,nan,nan,nan,nan,nan,nan,nan,nan,nan,nan,nan,nan,nan,nan,nan,nan,nan,nan,nan,nan,nan,nan,nan,nan,nan,nan,nan,nan,nan,nan,nan,nan,nan,nan
24.080,APPROACH,15.245404,4.040322,14.269795,3.531441,-0.833186,-17.358778,-2.144951,-74.040861,-23.141098,26.402500,1.160654,7.364141,2.200000,0.000000,0.000000,81.043354,-70.000539,-8.871303,29.933941,0.327468,-9.994637,0.055049,0.000000,0.000000,-88.123412,-69.749502,-16.533198,29.376142,6.220543,-1.998706,4.630931,0.000000,0.000000,0.000000,4.040322,14.269795,3.531441,15.245404,-0.833186,-17.358778,-2.144951,17.510631,nan,nan,nan,0,nan,nan,nan,0,nan,nan,nan,nan,nan,nan,nan,nan,nan,nan,nan,nan,nan,nan,nan,nan,nan,nan,nan,nan,nan,nan,nan,nan,nan,nan,nan,nan,nan,nan,nan,nan,nan,nan,nan,nan,nan,nan,nan,nan,nan,nan,nan,nan,nan,nan,nan,nan,nan,nan,nan,nan,nan,nan,nan,nan,nan,nan,nan,nan,nan,nan,nan,nan,nan,nan,nan,nan,nan,nan,nan,nan,nan,nan,nan,nan,nan,nan,nan,nan
24.140,APPROACH,14.403783,3.995534,13.408218,3.424083,-0.895767,-17.231538,-2.147153,-73.976578,-22.779141,26.512500,1.285654,7.239141,2.200000,0.000000,0.000000,79.929410,-69.981045,-9.370923,29.936583,0.389887,-9.992397,0.052847,0.000000,0.000000,-87.765545,-69.735004,-15.676682,29.369933,6.170543,-1.914517,4.580931,0.000000,0.000000,0.000000,3.995534,13.408218,3.424083,14.403783,-0.895767,-17.231538,-2.147153,17.387886,nan,nan,nan,0,nan,nan,nan,0,nan,nan,nan,nan,nan,nan,nan,nan,nan,nan,nan,nan,nan,nan,nan,nan,nan,nan,nan,nan,nan,nan,nan,nan,nan,nan,nan,nan,nan,nan,nan,nan,nan,nan,nan,nan,nan,nan,nan,nan,nan,nan,nan,nan,nan,nan,nan,nan,nan,nan,nan,nan,nan,nan,nan,nan,nan,nan,nan,nan,nan,nan,nan,nan,nan,nan,nan,nan,nan,nan,nan,nan,nan,nan,nan,nan,nan,nan,nan,nan
24.180,APPROACH,13.570631,3.947616,12.553023,3.316620,-0.958363,-17.103908,-2.149267,-73.906046,-22.423434,26.622500,1.410654,7.114141,2.200000,0.000000,0.000000,78.784376,-69.958430,-9.870411,29.939120,0.452291,-9.989766,0.050733,0.000000,0.000000,-87.407679,-69.732131,-14.868680,29.364504,6.089747,-1.844720,4.480931,0.000000,0.000000,0.000000,3.947616,12.553023,3.316620,13.570631,-0.958363,-17.103908,-2.149267,17.265036,nan,nan,nan,0,nan,nan,nan,0,nan,nan,nan,nan,nan,nan,nan,nan,nan,nan,nan,nan,nan,nan,nan,nan,nan,nan,nan,nan,nan,nan,nan,nan,nan,nan,nan,nan,nan,nan,nan,nan,nan,nan,nan,nan,nan,nan,nan,nan,nan,nan,nan,nan,nan,nan,nan,nan,nan,nan,nan,nan,nan,nan,nan,nan,nan,nan,nan,nan,nan,nan,nan,nan,nan,nan,nan,nan,nan,nan,nan,nan,nan,nan,nan,nan,nan,nan,nan,nan
24.240,APPROACH,12.734904,3.896567,11.691728,3.209055,-1.020977,-17.225888,-2.151296,-73.829263,-22.061477,26.732500,1.535654,7.239141,2.200000,0.000000,0.000000,78.023272,-69.932696,-10.369748,29.941555,0.514677,-9.986747,0.048704,0.000000,0.000000,-87.049812,-69.740894,-14.091459,29.359706,5.939747,-1.694720,4.330931,0.000000,0.000000,0.000000,3.896567,11.691728,3.209055,12.734904,-1.020977,-17.225888,-2.151296,17.389701,nan,nan,nan,0,nan,nan,nan,0,nan,nan,nan,nan,nan,nan,nan,nan,nan,nan,nan,nan,nan,nan,nan,nan,nan,nan,nan,nan,nan,nan,nan,nan,nan,nan,nan,nan,nan,nan,nan,nan,nan,nan,nan,nan,nan,nan,nan,nan,nan,nan,nan,nan,nan,nan,nan,nan,nan,nan,nan,nan,nan,nan,nan,nan,nan,nan,nan,nan,nan,nan,nan,nan,nan,nan,nan,nan,nan,nan,nan,nan,nan,nan,nan,nan,nan,nan,nan,nan
24.280,APPROACH,11.897446,3.842386,10.824354,3.101393,-1.083610,-17.347479,-2.153244,-73.746230,-21.693270,26.842500,1.660654,7.364141,2.200000,0.000000,0.000000,77.292054,-69.903844,-10.868915,29.943893,0.577044,-9.983337,0.046756,0.000000,0.000000,-86.691946,-69.760632,-13.346597,29.355497,5.839747,-1.594720,4.230931,0.000000,0.000000,0.000000,3.842386,10.824354,3.101393,11.897446,-1.083610,-17.347479,-2.153244,17.514157,nan,nan,nan,0,nan,nan,nan,0,nan,nan,nan,nan,nan,nan,nan,nan,nan,nan,nan,nan,nan,nan,nan,nan,nan,nan,nan,nan,nan,nan,nan,nan,nan,nan,nan,nan,nan,nan,nan,nan,nan,nan,nan,nan,nan,nan,nan,nan,nan,nan,nan,nan,nan,nan,nan,nan,nan,nan,nan,nan,nan,nan,nan,nan,nan,nan,nan,nan,nan,nan,nan,nan,nan,nan,nan,nan,nan,nan,nan,nan,nan,nan,nan,nan,nan,nan,nan,nan
24.340,APPROACH,11.059361,3.785073,9.950920,2.993637,-1.146267,-17.468680,-2.155115,-73.656948,-21.318812,26.952500,1.785654,7.489141,2.200000,0.000000,0.000000,76.589221,-69.871875,-11.367892,29.946137,0.639387,-9.979538,0.044885,0.000000,0.000000,-86.334079,-69.790635,-12.635873,29.351840,5.689747,-1.444720,4.080931,0.000000,0.000000,0.000000,3.785073,9.950920,2.993637,11.059361,-1.146267,-17.468680,-2.155115,17.638402,nan,nan,nan,0,nan,nan,nan,0,nan,nan,nan,nan,nan,nan,nan,nan,nan,nan,nan,nan,nan,nan,nan,nan,nan,nan,nan,nan,nan,nan,nan,nan,nan,nan,nan,nan,nan,nan,nan,nan,nan,nan,nan,nan,nan,nan,nan,nan,nan,nan,nan,nan,nan,nan,nan,nan,nan,nan,nan,nan,nan,nan,nan,nan,nan,nan,nan,nan,nan,nan,nan,nan,nan,nan,nan,nan,nan,nan,nan,nan,nan,nan,nan,nan,nan,nan,nan,nan
24.380,APPROACH,10.222121,3.724626,9.071446,2.885792,-1.208948,-17.589492,-2.156910,-73.561415,-20.938105,27.062500,1.910654,7.614141,2.200000,0.000000,0.000000,75.913351,-69.836789,-11.866660,29.948292,0.701706,-9.975350,0.043090,0.000000,0.000000,-85.976213,-69.830128,-11.961351,29.348701,5.589747,-1.344720,3.980931,0.000000,0.000000,0.000000,3.724626,9.071446,2.885792,10.222121,-1.208948,-17.589492,-2.156910,17.762433,nan,nan,nan,0,nan,nan,nan,0,nan,nan,nan,nan,nan,nan,nan,nan,nan,nan,nan,nan,nan,nan,nan,nan,nan,nan,nan,nan,nan,nan,nan,nan,nan,nan,nan,nan,nan,nan,nan,nan,nan,nan,nan,nan,nan,nan,nan,nan,nan,nan,nan,nan,nan,nan,nan,nan,nan,nan,nan,nan,nan,nan,nan,nan,nan,nan,nan,nan,nan,nan,nan,nan,nan,nan,nan,nan,nan,nan,nan,nan,nan,nan,nan,nan,nan,nan,nan,nan
24.440,APPROACH,9.387732,3.661043,8.185950,2.777860,-1.271657,-17.709914,-2.158634,-73.459632,-20.551148,27.172500,2.035654,7.739141,2.200000,0.000000,0.000000,75.263099,-69.798589,-12.365198,29.950360,0.763998,-9.970773,0.041366,0.000000,0.000000,-85.618347,-69.798589,-12.365198,29.350360,5.439747,-1.205160,3.830931,0.000000,0.000000,0.000000,3.661043,8.185950,2.777860,9.387732,-1.271657,-17.709914,-2.158634,17.886248,nan,nan,nan,0,nan,nan,nan,0,nan,nan,nan,nan,nan,nan,nan,nan,nan,nan,nan,nan,nan,nan,nan,nan,nan,nan,nan,nan,nan,nan,nan,nan,nan,nan,nan,nan,nan,nan,nan,nan,nan,nan,nan,nan,nan,nan,nan,nan,nan,nan,nan,nan,nan,nan,nan,nan,nan,nan,nan,nan,nan,nan,nan,nan,nan,nan,nan,nan,nan,nan,nan,nan,nan,nan,nan,nan,nan,nan,nan,nan,nan,nan,nan,nan,nan,nan,nan,nan
24.480,APPROACH,8.558988,3.594323,7.294453,2.669846,-1.334395,-17.829948,-2.160288,-73.351599,-20.157941,27.282500,2.160654,7.864141,2.200000,0.000000,0.000000,74.637194,-69.757276,-12.863489,29.952346,0.826259,-9.965806,0.039712,0.000000,0.000000,-85.260480,-69.757276,-12.863489,29.352346,5.339747,-1.183051,3.730931,0.000000,0.000000,0.000000,3.594323,7.294453,2.669846,8.558988,-1.334395,-17.829948,-2.160288,18.009844,nan,nan,nan,0,nan,nan,nan,0,nan,nan,nan,nan,nan,nan,nan,nan,nan,nan,nan,nan,nan,nan,nan,nan,nan,nan,nan,nan,nan,nan,nan,nan,nan,nan,nan,nan,nan,nan,nan,nan,nan,nan,nan,nan,nan,nan,nan,nan,nan,nan,nan,nan,nan,nan,nan,nan,nan,nan,nan,nan,nan,nan,nan,nan,nan,nan,nan,nan,nan,nan,nan,nan,nan,nan,nan,nan,nan,nan,nan,nan,nan,nan,nan,nan,nan,nan,nan,nan
24.540,APPROACH,7.750211,3.524465,6.409473,2.561752,-1.397166,-17.699593,-2.161877,-73.237317,-19.770984,27.392500,2.285654,7.739141,2.200000,0.000000,0.000000,73.546184,-69.712852,-13.361511,29.954252,0.888489,-9.960451,0.038123,0.000000,0.000000,-84.902614,-69.712852,-13.361511,29.354252,5.189747,-1.137043,3.580931,0.000000,0.000000,0.000000,3.524465,6.409473,2.561752,7.750211,-1.397166,-17.699593,-2.161877,17.885787,nan,nan,nan,0,nan,nan,nan,0,nan,nan,nan,nan,nan,nan,nan,nan,nan,nan,nan,nan,nan,nan,nan,nan,nan,nan,nan,nan,nan,nan,nan,nan,nan,nan,nan,nan,nan,nan,nan,nan,nan,nan,nan,nan,nan,nan,nan,nan,nan,nan,nan,nan,nan,nan,nan,nan,nan,nan,nan,nan,nan,nan,nan,nan,nan,nan,nan,nan,nan,nan,nan,nan,nan,nan,nan,nan,nan,nan,nan,nan,nan,nan,nan,nan,nan,nan,nan,nan
24.580,APPROACH,6.965988,3.451466,5.531031,2.453582,-1.459971,-17.568849,-2.163402,-73.116784,-19.390277,27.502500,2.410654,7.614141,2.200000,0.000000,0.000000,72.432097,-69.665318,-13.859246,29.956082,0.950683,-9.954707,0.036598,0.000000,0.000000,-84.544747,-69.665318,-13.859246,29.356082,5.089747,-1.087043,3.480931,0.000000,0.000000,0.000000,3.451466,5.531031,2.453582,6.965988,-1.459971,-17.568849,-2.163402,17.761652,nan,nan,nan,0,nan,nan,nan,0,nan,nan,nan,nan,nan,nan,nan,nan,nan,nan,nan,nan,nan,nan,nan,nan,nan,nan,nan,nan,nan,nan,nan,nan,nan,nan,nan,nan,nan,nan,nan,nan,nan,nan,nan,nan,nan,nan,nan,nan,nan,nan,nan,nan,nan,nan,nan,nan,nan,nan,nan,nan,nan,nan,nan,nan,nan,nan,nan,nan,nan,nan,nan,nan,nan,nan,nan,nan,nan,nan,nan,nan,nan,nan,nan,nan,nan,nan,nan,nan
24.640,APPROACH,6.212976,3.375326,4.659145,2.345339,-1.522813,-17.437717,-2.164866,-72.990001,-19.015820,27.612500,2.535654,7.489141,2.200000,0.000000,0.000000,71.295061,-69.614676,-14.356675,29.957839,1.012841,-9.948575,0.035134,0.000000,0.000000,-84.186881,-69.614676,-14.356675,29.357839,4.939747,-1.035752,3.330931,0.000000,0.000000,0.000000,3.375326,4.659145,2.345339,6.212976,-1.522813,-17.437717,-2.164866,17.637448,nan,nan,nan,0,nan,nan,nan,0,nan,nan,nan,nan,nan,nan,nan,nan,nan,nan,nan,nan,nan,nan,nan,nan,nan,nan,nan,nan,nan,nan,nan,nan,nan,nan,nan,nan,nan,nan,nan,nan,nan,nan,nan,nan,nan,nan,nan,nan,nan,nan,nan,nan,nan,nan,nan,nan,nan,nan,nan,nan,nan,nan,nan,nan,nan,nan,nan,nan,nan,nan,nan,nan,nan,nan,nan,nan,nan,nan,nan,nan,nan,nan,nan,nan,nan,nan,nan,nan
24.680,APPROACH,5.501032,3.296041,3.793835,2.237025,-1.585695,-17.306197,-2.166271,-72.856969,-18.647613,27.722500,2.660654,7.364141,2.200000,0.000000,0.000000,70.135282,-69.560928,-14.853778,29.959525,1.074959,-9.942055,0.033729,0.000000,0.000000,-83.829015,-69.560928,-14.853778,29.359525,4.839747,-0.975924,3.230931,0.000000,0.000000,0.000000,3.296041,3.793835,2.237025,5.501032,-1.585695,-17.306197,-2.166271,17.513184,nan,nan,nan,0,nan,nan,nan,0,nan,nan,nan,nan,nan,nan,nan,nan,nan,nan,nan,nan,nan,nan,nan,nan,nan,nan,nan,nan,nan,nan,nan,nan,nan,nan,nan,nan,nan,nan,nan,nan,nan,nan,nan,nan,nan,nan,nan,nan,nan,nan,nan,nan,nan,nan,nan,nan,nan,nan,nan,nan,nan,nan,nan,nan,nan,nan,nan,nan,nan,nan,nan,nan,nan,nan,nan,nan,nan,nan,nan,nan,nan,nan,nan,nan,nan,nan,nan,nan
24.740,APPROACH,4.844930,3.213610,2.935120,2.128644,-1.648619,-17.174289,-2.167620,-72.717686,-18.285656,27.832500,2.785654,7.239141,2.200000,0.000000,0.000000,68.953051,-69.504076,-15.350535,29.961144,1.137035,-9.935147,0.032380,0.000000,0.000000,-83.471148,-69.504076,-15.350535,29.361144,4.689747,-0.902124,3.080931,0.000000,0.000000,0.000000,3.213610,2.935120,2.128644,4.844930,-1.648619,-17.174289,-2.167620,17.388868,nan,nan,nan,0,nan,nan,nan,0,nan,nan,nan,nan,nan,nan,nan,nan,nan,nan,nan,nan,nan,nan,nan,nan,nan,nan,nan,nan,nan,nan,nan,nan,nan,nan,nan,nan,nan,nan,nan,nan,nan,nan,nan,nan,nan,nan,nan,nan,nan,nan,nan,nan,nan,nan,nan,nan,nan,nan,nan,nan,nan,nan,nan,nan,nan,nan,nan,nan,nan,nan,nan,nan,nan,nan,nan,nan,nan,nan,nan,nan,nan,nan,nan,nan,nan,nan,nan,nan
24.780,APPROACH,4.268216,3.127004,2.087656,2.020198,-1.732115,-16.949289,-2.168915,-72.572153,-17.929949,27.942500,2.910654,7.114141,2.200000,0.000000,0.000000,67.748745,-69.445149,-15.842293,29.962698,1.178539,-9.835147,0.031085,0.000000,0.000000,-83.166869,-69.445149,-15.842293,29.362698,4.589747,-0.805543,2.980931,0.000000,0.000000,0.000000,3.127004,2.087656,2.020198,4.268216,-1.732115,-16.949289,-2.168915,17.175063,nan,nan,nan,0,nan,nan,nan,0,nan,nan,nan,nan,nan,nan,nan,nan,nan,nan,nan,nan,nan,nan,nan,nan,nan,nan,nan,nan,nan,nan,nan,nan,nan,nan,nan,nan,nan,nan,nan,nan,nan,nan,nan,nan,nan,nan,nan,nan,nan,nan,nan,nan,nan,nan,nan,nan,nan,nan,nan,nan,nan,nan,nan,nan,nan,nan,nan,nan,nan,nan,nan,nan,nan,nan,nan,nan,nan,nan,nan,nan,nan,nan,nan,nan,nan,nan,nan,nan
24.840,APPROACH,3.797463,3.033160,1.251442,1.911690,-1.876889,-16.724289,-2.170159,-72.420371,-17.580492,28.052500,3.035654,6.989141,2.200000,0.000000,0.000000,66.522832,-69.387211,-16.329050,29.964190,1.158765,-9.735147,0.029841,0.000000,0.000000,-83.212075,-69.387211,-16.329050,29.364190,4.439747,-0.668720,2.830931,0.000000,0.000000,0.000000,3.033160,1.251442,1.911690,3.797463,-1.876889,-16.724289,-2.170159,16.968622,nan,nan,nan,0,nan,nan,nan,0,nan,nan,nan,nan,nan,nan,nan,nan,nan,nan,nan,nan,nan,nan,nan,nan,nan,nan,nan,nan,nan,nan,nan,nan,nan,nan,nan,nan,nan,nan,nan,nan,nan,nan,nan,nan,nan,nan,nan,nan,nan,nan,nan,nan,nan,nan,nan,nan,nan,nan,nan,nan,nan,nan,nan,nan,nan,nan,nan,nan,nan,nan,nan,nan,nan,nan,nan,nan,nan,nan,nan,nan,nan,nan,nan,nan,nan,nan,nan,nan
24.880,APPROACH,3.468835,2.932522,0.426477,1.803123,-2.012757,-16.499289,-2.171352,-72.262338,-17.237285,28.162500,3.160654,6.864141,2.200000,0.000000,0.000000,65.275879,-69.329816,-16.810807,29.965623,1.147897,-9.635147,0.028648,0.000000,0.000000,-83.206006,-69.329816,-16.810807,29.365623,4.339747,-0.568720,2.730931,0.000000,0.000000,0.000000,2.932522,0.426477,1.803123,3.468835,-2.012757,-16.499289,-2.171352,16.762831,nan,nan,nan,0,nan,nan,nan,0,nan,nan,nan,nan,nan,nan,nan,nan,nan,nan,nan,nan,nan,nan,nan,nan,nan,nan,nan,nan,nan,nan,nan,nan,nan,nan,nan,nan,nan,nan,nan,nan,nan,nan,nan,nan,nan,nan,nan,nan,nan,nan,nan,nan,nan,nan,nan,nan,nan,nan,nan,nan,nan,nan,nan,nan,nan,nan,nan,nan,nan,nan,nan,nan,nan,nan,nan,nan,nan,nan,nan,nan,nan,nan,nan,nan,nan,nan,nan,nan
24.940,APPROACH,3.317688,2.825911,-0.387237,1.694498,-2.132209,-16.274289,-2.172498,-72.098055,-16.900328,28.272500,3.285654,6.739141,2.200000,0.000000,0.000000,64.008550,-69.272144,-17.287565,29.966998,1.153445,-9.535147,0.027502,0.000000,0.000000,-83.102574,-69.272144,-17.287565,29.366998,4.189747,-0.418720,2.580931,0.000000,0.000000,0.000000,2.825911,-0.387237,1.694498,3.317688,-2.132209,-16.274289,-2.172498,16.556526,nan,nan,nan,0,nan,nan,nan,0,nan,nan,nan,nan,nan,nan,nan,nan,nan,nan,nan,nan,nan,nan,nan,nan,nan,nan,nan,nan,nan,nan,nan,nan,nan,nan,nan,nan,nan,nan,nan,nan,nan,nan,nan,nan,nan,nan,nan,nan,nan,nan,nan,nan,nan,nan,nan,nan,nan,nan,nan,nan,nan,nan,nan,nan,nan,nan,nan,nan,nan,nan,nan,nan,nan,nan,nan,nan,nan,nan,nan,nan,nan,nan,nan,nan,nan,nan,nan,nan
24.980,APPROACH,3.361400,2.714554,-1.189702,1.585818,-2.227154,-16.049289,-2.173598,-71.927522,-16.569621,28.382500,3.410654,6.614141,2.200000,0.000000,0.000000,62.721612,-69.212969,-17.759322,29.968318,1.183500,-9.435147,0.026402,0.000000,0.000000,-82.850430,-69.212969,-17.759322,29.368318,4.089747,-0.318720,2.480931,0.000000,0.000000,0.000000,2.714554,-1.189702,1.585818,3.361400,-2.227154,-16.049289,-2.173598,16.348224,nan,nan,nan,0,nan,nan,nan,0,nan,nan,nan,nan,nan,nan,nan,nan,nan,nan,nan,nan,nan,nan,nan,nan,nan,nan,nan,nan,nan,nan,nan,nan,nan,nan,nan,nan,nan,nan,nan,nan,nan,nan,nan,nan,nan,nan,nan,nan,nan,nan,nan,nan,nan,nan,nan,nan,nan,nan,nan,nan,nan,nan,nan,nan,nan,nan,nan,nan,nan,nan,nan,nan,nan,nan,nan,nan,nan,nan,nan,nan,nan,nan,nan,nan,nan,nan,nan,nan
25.040,APPROACH,3.586866,2.599962,-1.980916,1.477085,-2.291839,-15.824289,-2.174654,-71.750740,-16.245163,28.492500,3.535654,6.489141,2.200000,0.000000,0.000000,61.415934,-69.150778,-18.226080,29.969585,1.243815,-9.335147,0.025346,0.000000,0.000000,-82.410611,-69.150778,-18.226080,29.369585,3.939747,-0.168720,2.330931,0.000000,0.000000,0.000000,2.599962,-1.980916,1.477085,3.586866,-2.291839,-15.824289,-2.174654,16.136597,nan,nan,nan,0,nan,nan,nan,0,nan,nan,nan,nan,nan,nan,nan,nan,nan,nan,nan,nan,nan,nan,nan,nan,nan,nan,nan,nan,nan,nan,nan,nan,nan,nan,nan,nan,nan,nan,nan,nan,nan,nan,nan,nan,nan,nan,nan,nan,nan,nan,nan,nan,nan,nan,nan,nan,nan,nan,nan,nan,nan,nan,nan,nan,nan,nan,nan,nan,nan,nan,nan,nan,nan,nan,nan,nan,nan,nan,nan,nan,nan,nan,nan,nan,nan,nan,nan,nan
25.080,APPROACH,3.957701,2.483684,-2.760881,1.368302,-2.325563,-15.599289,-2.175668,-71.567707,-15.926956,28.602500,3.660654,6.364141,2.200000,0.000000,0.000000,60.092488,-69.084023,-18.687837,29.970802,1.335091,-9.235147,0.024332,0.000000,0.000000,-81.773952,-69.084023,-18.687837,29.370802,3.839747,-0.068720,2.230931,0.000000,0.000000,0.000000,2.483684,-2.760881,1.368302,3.957701,-2.325563,-15.599289,-2.175668,15.921042,nan,nan,nan,0,nan,nan,nan,0,nan,nan,nan,nan,nan,nan,nan,nan,nan,nan,nan,nan,nan,nan,nan,nan,nan,nan,nan,nan,nan,nan,nan,nan,nan,nan,nan,nan,nan,nan,nan,nan,nan,nan,nan,nan,nan,nan,nan,nan,nan,nan,nan,nan,nan,nan,nan,nan,nan,nan,nan,nan,nan,nan,nan,nan,nan,nan,nan,nan,nan,nan,nan,nan,nan,nan,nan,nan,nan,nan,nan,nan,nan,nan,nan,nan,nan,nan,nan,nan
25.140,APPROACH,4.432042,2.366155,-3.529595,1.259470,-2.350563,-15.374289,-2.176641,-71.378424,-15.614999,28.712500,3.785654,6.239141,2.200000,0.000000,0.000000,58.752348,-69.012269,-19.144594,29.971970,1.435091,-9.135147,0.023359,0.000000,0.000000,-81.072055,-68.997181,-19.240637,29.372215,3.789747,-0.018720,2.080931,0.000000,0.000000,0.000000,2.366155,-3.529595,1.259470,4.432042,-2.350563,-15.374289,-2.176641,15.704511,nan,nan,nan,0,nan,nan,nan,0,nan,nan,nan,nan,nan,nan,nan,nan,nan,nan,nan,nan,nan,nan,nan,nan,nan,nan,nan,nan,nan,nan,nan,nan,nan,nan,nan,nan,nan,nan,nan,nan,nan,nan,nan,nan,nan,nan,nan,nan,nan,nan,nan,nan,nan,nan,nan,nan,nan,nan,nan,nan,nan,nan,nan,nan,nan,nan,nan,nan,nan,nan,nan,nan,nan,nan,nan,nan,nan,nan,nan,nan,nan,nan,nan,nan,nan,nan,nan,nan
25.180,APPROACH,4.983233,2.247377,-4.296283,1.150591,-2.375563,-15.333759,-2.177576,-71.182892,-15.309292,28.822500,3.910654,6.114141,2.200000,0.000000,0.000000,57.396691,-68.935514,-19.605575,29.973091,1.535091,-9.219618,0.022424,0.000000,0.000000,-80.546820,-68.476713,-22.361094,29.379793,3.853548,-0.118720,1.980931,0.000000,0.000000,0.000000,2.247377,-4.296283,1.150591,4.983233,-2.375563,-15.333759,-2.177576,15.668737,nan,nan,nan,0,nan,nan,nan,0,nan,nan,nan,nan,nan,nan,nan,nan,nan,nan,nan,nan,nan,nan,nan,nan,nan,nan,nan,nan,nan,nan,nan,nan,nan,nan,nan,nan,nan,nan,nan,nan,nan,nan,nan,nan,nan,nan,nan,nan,nan,nan,nan,nan,nan,nan,nan,nan,nan,nan,nan,nan,nan,nan,nan,nan,nan,nan,nan,nan,nan,nan,nan,nan,nan,nan,nan,nan,nan,nan,nan,nan,nan,nan,nan,nan,nan,nan,nan,nan
25.240,APPROACH,5.588533,2.127349,-5.061721,1.041667,-2.400563,-15.308759,-2.178473,-70.981109,-15.009835,28.932500,4.035654,5.989141,2.200000,0.000000,0.000000,56.026788,-68.853760,-20.071556,29.974167,1.635091,-9.319618,0.021527,0.000000,0.000000,-80.048953,-67.860907,-25.730575,29.387239,3.803548,-0.268720,1.830931,0.000000,0.000000,0.000000,2.127349,-5.061721,1.041667,5.588533,-2.400563,-15.308759,-2.178473,15.648212,nan,nan,nan,0,nan,nan,nan,0,nan,nan,nan,nan,nan,nan,nan,nan,nan,nan,nan,nan,nan,nan,nan,nan,nan,nan,nan,nan,nan,nan,nan,nan,nan,nan,nan,nan,nan,nan,nan,nan,nan,nan,nan,nan,nan,nan,nan,nan,nan,nan,nan,nan,nan,nan,nan,nan,nan,nan,nan,nan,nan,nan,nan,nan,nan,nan,nan,nan,nan,nan,nan,nan,nan,nan,nan,nan,nan,nan,nan,nan,nan,nan,nan,nan,nan,nan,nan,nan
25.280,APPROACH,6.231811,2.006071,-5.825909,0.932701,-2.425563,-15.283759,-2.179334,-70.773076,-14.716628,29.042500,4.160654,5.864141,2.200000,0.000000,0.000000,54.644002,-68.767005,-20.542537,29.975201,1.735091,-9.419618,0.020666,0.000000,0.000000,-79.563123,-67.141033,-29.369761,29.394567,3.703548,-0.368720,1.730931,0.000000,0.000000,0.000000,2.006071,-5.825909,0.932701,6.231811,-2.425563,-15.283759,-2.179334,15.627736,nan,nan,nan,0,nan,nan,nan,0,nan,nan,nan,nan,nan,nan,nan,nan,nan,nan,nan,nan,nan,nan,nan,nan,nan,nan,nan,nan,nan,nan,nan,nan,nan,nan,nan,nan,nan,nan,nan,nan,nan,nan,nan,nan,nan,nan,nan,nan,nan,nan,nan,nan,nan,nan,nan,nan,nan,nan,nan,nan,nan,nan,nan,nan,nan,nan,nan,nan,nan,nan,nan,nan,nan,nan,nan,nan,nan,nan,nan,nan,nan,nan,nan,nan,nan,nan,nan,nan
25.340,APPROACH,6.902857,1.883543,-6.588847,0.829943,-2.450563,-15.258759,-2.055161,-70.558794,-14.429671,29.146250,4.285654,5.739141,2.075000,0.000000,0.000000,53.249783,-68.675251,-21.018518,29.976193,1.835091,-9.519618,0.019839,0.000000,0.000000,-79.088964,-66.309977,-33.288479,29.401764,3.553548,-0.518720,1.580931,0.000000,0.000000,0.000000,1.883543,-6.588847,0.829943,6.902857,-2.450563,-15.258759,-2.055161,15.590339,nan,nan,nan,0,nan,nan,nan,0,nan,nan,nan,nan,nan,nan,nan,nan,nan,nan,nan,nan,nan,nan,nan,nan,nan,nan,nan,nan,nan,nan,nan,nan,nan,nan,nan,nan,nan,nan,nan,nan,nan,nan,nan,nan,nan,nan,nan,nan,nan,nan,nan,nan,nan,nan,nan,nan,nan,nan,nan,nan,nan,nan,nan,nan,nan,nan,nan,nan,nan,nan,nan,nan,nan,nan,nan,nan,nan,nan,nan,nan,nan,nan,nan,nan,nan,nan,nan,nan
25.380,APPROACH,7.593706,1.759587,-7.350535,0.733395,-2.479108,-15.233759,-1.930954,-70.338261,-14.148964,29.243750,4.410654,5.614141,1.950000,0.000000,0.000000,51.845658,-68.578673,-21.499499,29.977145,1.931547,-9.619618,0.019046,0.000000,0.000000,-78.646417,-66.050309,-34.091430,29.402076,3.453548,-0.618720,1.480931,0.000000,0.000000,0.000000,1.759587,-7.350535,0.733395,7.593706,-2.479108,-15.233759,-1.930954,15.554484,nan,nan,nan,0,nan,nan,nan,0,nan,nan,nan,nan,nan,nan,nan,nan,nan,nan,nan,nan,nan,nan,nan,nan,nan,nan,nan,nan,nan,nan,nan,nan,nan,nan,nan,nan,nan,nan,nan,nan,nan,nan,nan,nan,nan,nan,nan,nan,nan,nan,nan,nan,nan,nan,nan,nan,nan,nan,nan,nan,nan,nan,nan,nan,nan,nan,nan,nan,nan,nan,nan,nan,nan,nan,nan,nan,nan,nan,nan,nan,nan,nan,nan,nan,nan,nan,nan,nan
25.440,APPROACH,8.298541,1.632292,-8.110973,0.643059,-2.545915,-15.208759,-1.806716,-70.111478,-13.874507,29.335000,4.535654,5.489141,1.825000,0.000000,0.000000,50.433223,-68.479186,-21.985480,29.978059,1.989739,-9.719618,0.018284,0.000000,0.000000,-78.430616,-65.839116,-34.881881,29.402319,3.303548,-0.768720,1.330931,0.000000,0.000000,0.000000,1.632292,-8.110973,0.643059,8.298541,-2.545915,-15.208759,-1.806716,15.525858,nan,nan,nan,0,nan,nan,nan,0,nan,nan,nan,nan,nan,nan,nan,nan,nan,nan,nan,nan,nan,nan,nan,nan,nan,nan,nan,nan,nan,nan,nan,nan,nan,nan,nan,nan,nan,nan,nan,nan,nan,nan,nan,nan,nan,nan,nan,nan,nan,nan,nan,nan,nan,nan,nan,nan,nan,nan,nan,nan,nan,nan,nan,nan,nan,nan,nan,nan,nan,nan,nan,nan,nan,nan,nan,nan,nan,nan,nan,nan,nan,nan,nan,nan,nan,nan,nan,nan
25.480,APPROACH,9.012163,1.501719,-8.868569,0.558937,-2.611444,-15.151927,-1.682447,-69.878445,-13.606300,29.420000,4.660654,5.364141,1.700000,0.000000,0.000000,49.014136,-68.376726,-22.474869,29.978937,2.049210,-9.787785,0.017553,0.000000,0.000000,-78.175126,-65.620800,-35.638194,29.402543,3.203548,-0.868720,1.230931,0.000000,0.000000,0.000000,1.501719,-8.868569,0.558937,9.012163,-2.611444,-15.151927,-1.682447,15.467099,nan,nan,nan,0,nan,nan,nan,0,nan,nan,nan,nan,nan,nan,nan,nan,nan,nan,nan,nan,nan,nan,nan,nan,nan,nan,nan,nan,nan,nan,nan,nan,nan,nan,nan,nan,nan,nan,nan,nan,nan,nan,nan,nan,nan,nan,nan,nan,nan,nan,nan,nan,nan,nan,nan,nan,nan,nan,nan,nan,nan,nan,nan,nan,nan,nan,nan,nan,nan,nan,nan,nan,nan,nan,nan,nan,nan,nan,nan,nan,nan,nan,nan,nan,nan,nan,nan,nan
25.540,APPROACH,9.727950,1.367916,-9.619274,0.481029,-2.676060,-15.014090,-1.558149,-69.639163,-13.344343,29.498750,4.785654,5.239141,1.575000,0.000000,0.000000,47.590099,-68.271246,-22.963616,29.979779,2.109594,-9.774948,0.016851,0.000000,0.000000,-77.821418,-65.616819,-35.263085,29.400982,3.053548,-1.018720,1.080931,0.000000,0.000000,0.000000,1.367916,-9.619274,0.481029,9.727950,-2.676060,-15.014090,-1.558149,15.330102,nan,nan,nan,0,nan,nan,nan,0,nan,nan,nan,nan,nan,nan,nan,nan,nan,nan,nan,nan,nan,nan,nan,nan,nan,nan,nan,nan,nan,nan,nan,nan,nan,nan,nan,nan,nan,nan,nan,nan,nan,nan,nan,nan,nan,nan,nan,nan,nan,nan,nan,nan,nan,nan,nan,nan,nan,nan,nan,nan,nan,nan,nan,nan,nan,nan,nan,nan,nan,nan,nan,nan,nan,nan,nan,nan,nan,nan,nan,nan,nan,nan,nan,nan,nan,nan,nan,nan
25.580,APPROACH,10.443935,1.230880,-10.363067,0.409338,-2.740735,-14.875875,-1.433823,-69.393630,-13.088636,29.571250,4.910654,5.114141,1.450000,0.000000,0.000000,46.162853,-68.162750,-23.451703,29.980588,2.169919,-9.761734,0.016177,0.000000,0.000000,-77.467585,-66.233934,-32.128799,29.394967,2.953548,-1.118720,0.980931,0.000000,0.000000,0.000000,1.230880,-10.363067,0.409338,10.443935,-2.740735,-14.875875,-1.433823,15.194050,nan,nan,nan,0,nan,nan,nan,0,nan,nan,nan,nan,nan,nan,nan,nan,nan,nan,nan,nan,nan,nan,nan,nan,nan,nan,nan,nan,nan,nan,nan,nan,nan,nan,nan,nan,nan,nan,nan,nan,nan,nan,nan,nan,nan,nan,nan,nan,nan,nan,nan,nan,nan,nan,nan,nan,nan,nan,nan,nan,nan,nan,nan,nan,nan,nan,nan,nan,nan,nan,nan,nan,nan,nan,nan,nan,nan,nan,nan,nan,nan,nan,nan,nan,nan,nan,nan,nan
25.640,APPROACH,11.158680,1.090606,-11.099932,0.343865,-2.805472,-14.737284,-1.309470,-69.141847,-12.839179,29.637500,5.035654,4.989141,1.325000,0.000000,0.000000,44.734163,-68.051241,-23.939110,29.981365,2.230182,-9.748143,0.015530,0.000000,0.000000,-77.113631,-66.799192,-29.411827,29.390083,2.803548,-1.268720,0.830931,0.000000,0.000000,0.000000,1.090606,-11.099932,0.343865,11.158680,-2.805472,-14.737284,-1.309470,15.058982,nan,nan,nan,0,nan,nan,nan,0,nan,nan,nan,nan,nan,nan,nan,nan,nan,nan,nan,nan,nan,nan,nan,nan,nan,nan,nan,nan,nan,nan,nan,nan,nan,nan,nan,nan,nan,nan,nan,nan,nan,nan,nan,nan,nan,nan,nan,nan,nan,nan,nan,nan,nan,nan,nan,nan,nan,nan,nan,nan,nan,nan,nan,nan,nan,nan,nan,nan,nan,nan,nan,nan,nan,nan,nan,nan,nan,nan,nan,nan,nan,nan,nan,nan,nan,nan,nan,nan
25.680,APPROACH,11.871111,0.947092,-11.829847,0.284610,-2.870274,-14.598316,-1.185092,-68.883815,-12.595971,29.697500,5.160654,4.864141,1.200000,0.000000,0.000000,43.305804,-67.936722,-24.425819,29.982110,2.290380,-9.734175,0.014908,0.000000,0.000000,-76.759560,-67.301968,-27.123539,29.386242,2.703548,-1.368720,0.730931,0.000000,0.000000,0.000000,0.947092,-11.829847,0.284610,11.871111,-2.870274,-14.598316,-1.185092,14.924937,nan,nan,nan,0,nan,nan,nan,0,nan,nan,nan,nan,nan,nan,nan,nan,nan,nan,nan,nan,nan,nan,nan,nan,nan,nan,nan,nan,nan,nan,nan,nan,nan,nan,nan,nan,nan,nan,nan,nan,nan,nan,nan,nan,nan,nan,nan,nan,nan,nan,nan,nan,nan,nan,nan,nan,nan,nan,nan,nan,nan,nan,nan,nan,nan,nan,nan,nan,nan,nan,nan,nan,nan,nan,nan,nan,nan,nan,nan,nan,nan,nan,nan,nan,nan,nan,nan,nan
25.740,APPROACH,12.581217,0.812835,-12.552796,0.231576,-2.685145,-14.458972,-1.060688,-68.632032,-12.359014,29.751250,5.035654,4.739141,1.075000,0.000000,0.000000,43.262499,-67.819197,-24.911810,29.982826,2.350509,-9.719831,0.014312,0.000000,0.000000,-76.405374,-66.947692,-28.515657,29.388132,2.553548,-1.518720,0.580931,0.000000,0.000000,0.000000,0.812835,-12.552796,0.231576,12.581217,-2.685145,-14.458972,-1.060688,14.744386,nan,nan,nan,0,nan,nan,nan,0,nan,nan,nan,nan,nan,nan,nan,nan,nan,nan,nan,nan,nan,nan,nan,nan,nan,nan,nan,nan,nan,nan,nan,nan,nan,nan,nan,nan,nan,nan,nan,nan,nan,nan,nan,nan,nan,nan,nan,nan,nan,nan,nan,nan,nan,nan,nan,nan,nan,nan,nan,nan,nan,nan,nan,nan,nan,nan,nan,nan,nan,nan,nan,nan,nan,nan,nan,nan,nan,nan,nan,nan,nan,nan,nan,nan,nan,nan,nan,nan
25.780,APPROACH,13.287859,0.687831,-13.268759,0.184763,-2.500086,-14.319252,-0.936260,-68.386499,-12.128307,29.798750,4.910654,4.614141,0.950000,0.000000,0.000000,43.216924,-67.698668,-25.397066,29.983513,2.410568,-9.705110,0.013740,0.000000,0.000000,-76.051078,-66.545790,-30.038633,29.390084,2.453548,-1.618720,0.480931,0.000000,0.000000,0.000000,0.687831,-13.268759,0.184763,13.287859,-2.500086,-14.319252,-0.936260,14.565987,nan,nan,nan,0,nan,nan,nan,0,nan,nan,nan,nan,nan,nan,nan,nan,nan,nan,nan,nan,nan,nan,nan,nan,nan,nan,nan,nan,nan,nan,nan,nan,nan,nan,nan,nan,nan,nan,nan,nan,nan,nan,nan,nan,nan,nan,nan,nan,nan,nan,nan,nan,nan,nan,nan,nan,nan,nan,nan,nan,nan,nan,nan,nan,nan,nan,nan,nan,nan,nan,nan,nan,nan,nan,nan,nan,nan,nan,nan,nan,nan,nan,nan,nan,nan,nan,nan,nan
25.840,APPROACH,13.990161,0.572076,-13.977716,0.144172,-2.315102,-14.179155,-0.811810,-68.147216,-11.903850,29.840000,4.785654,4.489141,0.825000,0.000000,0.000000,43.168894,-67.575141,-25.881567,29.984172,2.470552,-9.690014,0.013190,0.000000,0.000000,-75.696675,-66.123680,-31.574492,29.391921,2.303548,-1.768720,0.330931,0.000000,0.000000,0.000000,0.572076,-13.977716,0.144172,13.990161,-2.315102,-14.179155,-0.811810,14.389829,nan,nan,nan,0,nan,nan,nan,0,nan,nan,nan,nan,nan,nan,nan,nan,nan,nan,nan,nan,nan,nan,nan,nan,nan,nan,nan,nan,nan,nan,nan,nan,nan,nan,nan,nan,nan,nan,nan,nan,nan,nan,nan,nan,nan,nan,nan,nan,nan,nan,nan,nan,nan,nan,nan,nan,nan,nan,nan,nan,nan,nan,nan,nan,nan,nan,nan,nan,nan,nan,nan,nan,nan,nan,nan,nan,nan,nan,nan,nan,nan,nan,nan,nan,nan,nan,nan,nan
25.880,APPROACH,14.687408,0.464509,-14.679651,0.109805,-2.151331,-14.038684,-0.687338,-67.913127,-11.685643,29.875000,4.681791,4.364141,0.700000,0.000000,0.000000,42.988874,-67.448618,-26.365294,29.984805,2.530460,-9.674542,0.012662,0.000000,0.000000,-75.342168,-65.681469,-33.121518,29.393648,2.203548,-1.868720,0.230931,0.000000,0.000000,0.000000,0.464509,-14.679651,0.109805,14.687408,-2.151331,-14.038684,-0.687338,14.219188,nan,nan,nan,0,nan,nan,nan,0,nan,nan,nan,nan,nan,nan,nan,nan,nan,nan,nan,nan,nan,nan,nan,nan,nan,nan,nan,nan,nan,nan,nan,nan,nan,nan,nan,nan,nan,nan,nan,nan,nan,nan,nan,nan,nan,nan,nan,nan,nan,nan,nan,nan,nan,nan,nan,nan,nan,nan,nan,nan,nan,nan,nan,nan,nan,nan,nan,nan,nan,nan,nan,nan,nan,nan,nan,nan,nan,nan,nan,nan,nan,nan,nan,nan,nan,nan,nan,nan
25.940,APPROACH,15.378856,0.354947,-15.374542,0.081663,-2.191250,-13.897838,-0.562844,-67.674050,-11.473686,29.903750,4.781538,4.239141,0.575000,0.000000,0.000000,41.559058,-67.319103,-26.848229,29.985413,2.590288,-9.658696,0.012156,0.000000,0.000000,-74.987560,-65.219340,-34.677851,29.395267,2.053548,-2.018720,0.080931,0.000000,0.000000,0.000000,0.354947,-15.374542,0.081663,15.378856,-2.191250,-13.897838,-0.562844,14.080776,nan,nan,nan,0,nan,nan,nan,0,nan,nan,nan,nan,nan,nan,nan,nan,nan,nan,nan,nan,nan,nan,nan,nan,nan,nan,nan,nan,nan,nan,nan,nan,nan,nan,nan,nan,nan,nan,nan,nan,nan,nan,nan,nan,nan,nan,nan,nan,nan,nan,nan,nan,nan,nan,nan,nan,nan,nan,nan,nan,nan,nan,nan,nan,nan,nan,nan,nan,nan,nan,nan,nan,nan,nan,nan,nan,nan,nan,nan,nan,nan,nan,nan,nan,nan,nan,nan,nan
25.980,APPROACH,16.064309,0.242121,-16.062373,0.059746,-2.256505,-13.756617,-0.438330,-67.428723,-11.267979,29.926250,4.906538,4.114141,0.450000,0.000000,0.000000,39.979900,-67.186602,-27.330352,29.985996,2.650032,-9.642475,0.011670,0.000000,0.000000,-74.632854,-64.737306,-36.242421,29.396782,1.953548,-2.042005,-0.019069,0.000000,0.000000,0.000000,0.242121,-16.062373,0.059746,16.064309,-2.256505,-13.756617,-0.438330,13.947346,nan,nan,nan,0,nan,nan,nan,0,nan,nan,nan,nan,nan,nan,nan,nan,nan,nan,nan,nan,nan,nan,nan,nan,nan,nan,nan,nan,nan,nan,nan,nan,nan,nan,nan,nan,nan,nan,nan,nan,nan,nan,nan,nan,nan,nan,nan,nan,nan,nan,nan,nan,nan,nan,nan,nan,nan,nan,nan,nan,nan,nan,nan,nan,nan,nan,nan,nan,nan,nan,nan,nan,nan,nan,nan,nan,nan,nan,nan,nan,nan,nan,nan,nan,nan,nan,nan,nan
26.040,APPROACH,16.743657,0.126029,-16.743124,0.044057,-2.321846,-13.615022,-0.313797,-67.177146,-11.068522,29.942500,5.031538,3.989141,0.325000,0.000000,0.000000,38.408349,-67.051117,-27.811646,29.986557,2.709692,-9.625880,0.011203,0.000000,0.000000,-74.278053,-64.235371,-37.814271,29.398198,1.803548,-2.050764,-0.169069,0.000000,0.000000,0.000000,0.126029,-16.743124,0.044057,16.743657,-2.321846,-13.615022,-0.313797,13.815146,nan,nan,nan,0,nan,nan,nan,0,nan,nan,nan,nan,nan,nan,nan,nan,nan,nan,nan,nan,nan,nan,nan,nan,nan,nan,nan,nan,nan,nan,nan,nan,nan,nan,nan,nan,nan,nan,nan,nan,nan,nan,nan,nan,nan,nan,nan,nan,nan,nan,nan,nan,nan,nan,nan,nan,nan,nan,nan,nan,nan,nan,nan,nan,nan,nan,nan,nan,nan,nan,nan,nan,nan,nan,nan,nan,nan,nan,nan,nan,nan,nan,nan,nan,nan,nan,nan,nan
26.080,APPROACH,17.416813,0.006665,-17.416777,0.034594,-2.387275,-13.473053,-0.189245,-66.919319,-10.875315,29.952500,5.156538,3.864141,0.200000,0.000000,0.000000,36.846696,-66.912654,-28.292092,29.987094,2.769263,-9.608912,0.010755,0.000000,0.000000,-73.923161,-63.713553,-39.392475,29.399518,1.703548,-2.059488,-0.269069,0.000000,0.000000,0.000000,0.006665,-17.416777,0.034594,17.416813,-2.387275,-13.473053,-0.189245,13.684227,nan,nan,nan,0,nan,nan,nan,0,nan,nan,nan,nan,nan,nan,nan,nan,nan,nan,nan,nan,nan,nan,nan,nan,nan,nan,nan,nan,nan,nan,nan,nan,nan,nan,nan,nan,nan,nan,nan,nan,nan,nan,nan,nan,nan,nan,nan,nan,nan,nan,nan,nan,nan,nan,nan,nan,nan,nan,nan,nan,nan,nan,nan,nan,nan,nan,nan,nan,nan,nan,nan,nan,nan,nan,nan,nan,nan,nan,nan,nan,nan,nan,nan,nan,nan,nan,nan,nan
26.140,APPROACH,18.083712,-0.115974,-18.083313,0.031361,-2.452795,-13.330712,-0.064675,-66.655243,-10.688358,29.956250,5.281538,3.739141,0.075000,0.000000,0.000000,35.297142,-66.771217,-28.771670,29.987611,2.828742,-9.591570,0.010325,0.000000,0.000000,-73.568179,-63.171881,-40.976134,29.400748,1.553548,-2.068174,-0.419069,0.000000,0.000000,0.000000,-0.115974,-18.083313,0.031361,18.083712,-2.452795,-13.330712,-0.064675,13.554640,nan,nan,nan,0,nan,nan,nan,0,nan,nan,nan,nan,nan,nan,nan,nan,nan,nan,nan,nan,nan,nan,nan,nan,nan,nan,nan,nan,nan,nan,nan,nan,nan,nan,nan,nan,nan,nan,nan,nan,nan,nan,nan,nan,nan,nan,nan,nan,nan,nan,nan,nan,nan,nan,nan,nan,nan,nan,nan,nan,nan,nan,nan,nan,nan,nan,nan,nan,nan,nan,nan,nan,nan,nan,nan,nan,nan,nan,nan,nan,nan,nan,nan,nan,nan,nan,nan,nan
26.180,APPROACH,18.744305,-0.241895,-18.742712,0.034356,-2.518410,-13.187998,0.059912,-66.384916,-10.507651,29.953750,5.406538,3.614141,-0.050000,0.000000,0.000000,33.761784,-66.626810,-29.250363,29.988106,2.888127,-9.573856,0.009912,0.000000,0.000000,-73.213110,-62.610397,-42.564375,29.401890,1.516240,-2.076823,-0.519069,0.000000,0.000000,0.000000,-0.241895,-18.742712,0.034356,18.744305,-2.518410,-13.187998,0.059912,13.426439,nan,nan,nan,0,nan,nan,nan,0,nan,nan,nan,nan,nan,nan,nan,nan,nan,nan,nan,nan,nan,nan,nan,nan,nan,nan,nan,nan,nan,nan,nan,nan,nan,nan,nan,nan,nan,nan,nan,nan,nan,nan,nan,nan,nan,nan,nan,nan,nan,nan,nan,nan,nan,nan,nan,nan,nan,nan,nan,nan,nan,nan,nan,nan,nan,nan,nan,nan,nan,nan,nan,nan,nan,nan,nan,nan,nan,nan,nan,nan,nan,nan,nan,nan,nan,nan,nan,nan
26.240,APPROACH,19.398557,-0.371101,-19.394958,0.043582,-2.584122,-13.044911,0.184515,-66.108339,-10.333194,29.945000,5.531538,3.489141,-0.175000,0.000000,0.000000,32.242600,-66.479440,-29.728152,29.988582,2.947416,-9.555770,0.009515,0.000000,0.000000,-72.857957,-62.029155,-44.156348,29.402949,1.513213,-2.085434,-0.669069,0.000000,0.000000,0.000000,-0.371101,-19.394958,0.043582,19.398557,-2.584122,-13.044911,0.184515,13.299678,nan,nan,nan,0,nan,nan,nan,0,nan,nan,nan,nan,nan,nan,nan,nan,nan,nan,nan,nan,nan,nan,nan,nan,nan,nan,nan,nan,nan,nan,nan,nan,nan,nan,nan,nan,nan,nan,nan,nan,nan,nan,nan,nan,nan,nan,nan,nan,nan,nan,nan,nan,nan,nan,nan,nan,nan,nan,nan,nan,nan,nan,nan,nan,nan,nan,nan,nan,nan,nan,nan,nan,nan,nan,nan,nan,nan,nan,nan,nan,nan,nan,nan,nan,nan,nan,nan,nan
26.280,APPROACH,20.046444,-0.503598,-20.040031,0.059039,-2.649933,-12.901454,0.309134,-65.825512,-10.164987,29.930000,5.656538,3.364141,-0.300000,0.000000,0.000000,30.741435,-66.329109,-30.205017,29.989039,3.006605,-9.537312,0.009134,0.000000,0.000000,-72.502723,-61.454377,-45.668257,29.403849,1.510303,-2.094005,-0.769069,0.000000,0.000000,0.000000,-0.503598,-20.040031,0.059039,20.046444,-2.649933,-12.901454,0.309134,13.174415,nan,nan,nan,0,nan,nan,nan,0,nan,nan,nan,nan,nan,nan,nan,nan,nan,nan,nan,nan,nan,nan,nan,nan,nan,nan,nan,nan,nan,nan,nan,nan,nan,nan,nan,nan,nan,nan,nan,nan,nan,nan,nan,nan,nan,nan,nan,nan,nan,nan,nan,nan,nan,nan,nan,nan,nan,nan,nan,nan,nan,nan,nan,nan,nan,nan,nan,nan,nan,nan,nan,nan,nan,nan,nan,nan,nan,nan,nan,nan,nan,nan,nan,nan,nan,nan,nan,nan
26.340,APPROACH,20.687953,-0.639390,-20.677912,0.080727,-2.715847,-12.757626,0.433769,-65.536435,-10.003030,29.908750,5.781538,3.239141,-0.425000,0.000000,0.000000,29.259994,-66.175825,-30.680941,29.989477,3.065691,-9.518484,0.008769,0.000000,0.000000,-72.147410,-61.156192,-46.266105,29.403835,1.507510,-2.102536,-0.919069,0.000000,0.000000,0.000000,-0.639390,-20.677912,0.080727,20.687953,-2.715847,-12.757626,0.433769,13.050708,nan,nan,nan,0,nan,nan,nan,0,nan,nan,nan,nan,nan,nan,nan,nan,nan,nan,nan,nan,nan,nan,nan,nan,nan,nan,nan,nan,nan,nan,nan,nan,nan,nan,nan,nan,nan,nan,nan,nan,nan,nan,nan,nan,nan,nan,nan,nan,nan,nan,nan,nan,nan,nan,nan,nan,nan,nan,nan,nan,nan,nan,nan,nan,nan,nan,nan,nan,nan,nan,nan,nan,nan,nan,nan,nan,nan,nan,nan,nan,nan,nan,nan,nan,nan,nan,nan,nan
26.380,APPROACH,21.323076,-0.778483,-21.308583,0.108648,-2.781865,-12.613427,0.558418,-65.241108,-9.847322,29.881250,5.906538,3.114141,-0.550000,0.000000,0.000000,27.799829,-66.019591,-31.155906,29.989898,3.124672,-9.499285,0.008418,0.000000,0.000000,-71.792020,-60.853847,-46.860234,29.403815,1.504833,-2.111026,-1.014078,0.000000,0.000000,0.000000,-0.778483,-21.308583,0.108648,21.323076,-2.781865,-12.613427,0.558418,12.928617,nan,nan,nan,0,nan,nan,nan,0,nan,nan,nan,nan,nan,nan,nan,nan,nan,nan,nan,nan,nan,nan,nan,nan,nan,nan,nan,nan,nan,nan,nan,nan,nan,nan,nan,nan,nan,nan,nan,nan,nan,nan,nan,nan,nan,nan,nan,nan,nan,nan,nan,nan,nan,nan,nan,nan,nan,nan,nan,nan,nan,nan,nan,nan,nan,nan,nan,nan,nan,nan,nan,nan,nan,nan,nan,nan,nan,nan,nan,nan,nan,nan,nan,nan,nan,nan,nan,nan
26.440,APPROACH,21.951815,-0.920883,-21.932026,0.142802,-2.847992,-12.468859,0.683082,-64.939531,-9.697865,29.847500,6.031538,2.989141,-0.675000,0.000000,0.000000,26.362340,-65.860414,-31.629892,29.990302,3.183545,-9.479717,0.008082,0.000000,0.000000,-71.436556,-60.547386,-47.450618,29.403789,1.502272,-2.119474,-0.964078,0.000000,0.000000,0.000000,-0.920883,-21.932026,0.142802,21.951815,-2.847992,-12.468859,0.683082,12.808204,nan,nan,nan,0,nan,nan,nan,0,nan,nan,nan,nan,nan,nan,nan,nan,nan,nan,nan,nan,nan,nan,nan,nan,nan,nan,nan,nan,nan,nan,nan,nan,nan,nan,nan,nan,nan,nan,nan,nan,nan,nan,nan,nan,nan,nan,nan,nan,nan,nan,nan,nan,nan,nan,nan,nan,nan,nan,nan,nan,nan,nan,nan,nan,nan,nan,nan,nan,nan,nan,nan,nan,nan,nan,nan,nan,nan,nan,nan,nan,nan,nan,nan,nan,nan,nan,nan,nan
26.480,APPROACH,22.574178,-1.066594,-22.548222,0.183190,-2.914229,-12.323922,0.807758,-64.631704,-9.554658,29.807500,6.156538,2.864141,-0.800000,0.000000,0.000000,24.948768,-65.698299,-32.102881,29.990690,3.242308,-9.459780,0.007758,0.000000,0.000000,-71.081020,-60.236851,-48.037237,29.403758,1.499827,-2.127880,-0.890869,0.000000,0.000000,0.000000,-1.066594,-22.548222,0.183190,22.574178,-2.914229,-12.323922,0.807758,12.689533,nan,nan,nan,0,nan,nan,nan,0,nan,nan,nan,nan,nan,nan,nan,nan,nan,nan,nan,nan,nan,nan,nan,nan,nan,nan,nan,nan,nan,nan,nan,nan,nan,nan,nan,nan,nan,nan,nan,nan,nan,nan,nan,nan,nan,nan,nan,nan,nan,nan,nan,nan,nan,nan,nan,nan,nan,nan,nan,nan,nan,nan,nan,nan,nan,nan,nan,nan,nan,nan,nan,nan,nan,nan,nan,nan,nan,nan,nan,nan,nan,nan,nan,nan,nan,nan,nan,nan
26.540,APPROACH,23.190177,-1.215623,-23.157153,0.229812,-2.980580,-12.178616,0.932448,-64.317627,-9.417701,29.761250,6.281538,2.739141,-0.925000,0.000000,0.000000,23.560199,-65.533251,-32.574854,29.991062,3.300957,-9.439475,0.007448,0.000000,0.000000,-70.725414,-59.922284,-48.620072,29.403723,1.497498,-2.136241,-0.806105,0.000000,0.000000,0.000000,-1.215623,-23.157153,0.229812,23.190177,-2.980580,-12.178616,0.932448,12.572669,nan,nan,nan,0,nan,nan,nan,0,nan,nan,nan,nan,nan,nan,nan,nan,nan,nan,nan,nan,nan,nan,nan,nan,nan,nan,nan,nan,nan,nan,nan,nan,nan,nan,nan,nan,nan,nan,nan,nan,nan,nan,nan,nan,nan,nan,nan,nan,nan,nan,nan,nan,nan,nan,nan,nan,nan,nan,nan,nan,nan,nan,nan,nan,nan,nan,nan,nan,nan,nan,nan,nan,nan,nan,nan,nan,nan,nan,nan,nan,nan,nan,nan,nan,nan,nan,nan,nan
26.580,APPROACH,23.799829,-1.367976,-23.758800,0.282670,-3.047047,-12.032943,1.057150,-63.997301,-9.286994,29.708750,6.406538,2.614141,-1.050000,0.000000,0.000000,22.197561,-65.365276,-33.045794,29.991420,3.359491,-9.418802,0.007150,0.000000,0.000000,-70.369740,-59.603727,-49.199102,29.403682,1.495284,-2.144558,-0.712552,0.000000,0.000000,0.000000,-1.367976,-23.758800,0.282670,23.799829,-3.047047,-12.032943,1.057150,12.457680,nan,nan,nan,0,nan,nan,nan,0,nan,nan,nan,nan,nan,nan,nan,nan,nan,nan,nan,nan,nan,nan,nan,nan,nan,nan,nan,nan,nan,nan,nan,nan,nan,nan,nan,nan,nan,nan,nan,nan,nan,nan,nan,nan,nan,nan,nan,nan,nan,nan,nan,nan,nan,nan,nan,nan,nan,nan,nan,nan,nan,nan,nan,nan,nan,nan,nan,nan,nan,nan,nan,nan,nan,nan,nan,nan,nan,nan,nan,nan,nan,nan,nan,nan,nan,nan,nan,nan
26.640,APPROACH,24.403027,-1.523657,-24.353145,0.332387,-3.113632,-11.886903,0.994347,-63.670724,-9.162537,29.659376,6.531538,2.489141,-0.987483,0.000000,0.000000,20.861633,-65.194381,-33.515683,29.991763,3.417905,-9.397762,0.006864,0.000000,0.000000,-70.014000,-59.281214,-49.774334,29.403638,1.493185,-2.152830,-0.632415,0.000000,0.000000,0.000000,-1.523657,-24.353145,0.332387,24.403027,-3.113632,-11.886903,0.994347,12.328094,nan,nan,nan,0,nan,nan,nan,0,nan,nan,nan,nan,nan,nan,nan,nan,nan,nan,nan,nan,nan,nan,nan,nan,nan,nan,nan,nan,nan,nan,nan,nan,nan,nan,nan,nan,nan,nan,nan,nan,nan,nan,nan,nan,nan,nan,nan,nan,nan,nan,nan,nan,nan,nan,nan,nan,nan,nan,nan,nan,nan,nan,nan,nan,nan,nan,nan,nan,nan,nan,nan,nan,nan,nan,nan,nan,nan,nan,nan,nan,nan,nan,nan,nan,nan,nan,nan,nan
26.680,APPROACH,24.999695,-1.682674,-24.940170,0.375841,-3.180339,-11.740497,0.869073,-63.337897,-9.044330,29.616252,6.656538,2.364141,-0.862483,0.000000,0.000000,19.553046,-65.020571,-33.984500,29.992093,3.476199,-9.376356,0.006590,0.000000,0.000000,-69.658196,-58.954789,-50.345743,29.403591,1.491201,-2.161056,-0.541116,0.000000,0.000000,0.000000,-1.682674,-24.940170,0.375841,24.999695,-3.180339,-11.740497,0.869073,12.194635,nan,nan,nan,0,nan,nan,nan,0,nan,nan,nan,nan,nan,nan,nan,nan,nan,nan,nan,nan,nan,nan,nan,nan,nan,nan,nan,nan,nan,nan,nan,nan,nan,nan,nan,nan,nan,nan,nan,nan,nan,nan,nan,nan,nan,nan,nan,nan,nan,nan,nan,nan,nan,nan,nan,nan,nan,nan,nan,nan,nan,nan,nan,nan,nan,nan,nan,nan,nan,nan,nan,nan,nan,nan,nan,nan,nan,nan,nan,nan,nan,nan,nan,nan,nan,nan,nan,nan
26.740,APPROACH,25.589689,-1.843502,-25.519857,0.413031,-3.216562,-11.593726,0.743809,-63.000350,-8.932373,29.579378,6.750930,2.239141,-0.737483,0.000000,0.000000,18.349596,-64.843853,-34.452230,29.992409,3.534368,-9.354584,0.006326,0.000000,0.000000,-69.302330,-58.624510,-50.913266,29.403540,1.541201,-2.181407,-0.450083,0.000000,0.000000,0.000000,-1.843502,-25.519857,0.413031,25.589689,-3.216562,-11.593726,0.743809,12.054626,nan,nan,nan,0,nan,nan,nan,0,nan,nan,nan,nan,nan,nan,nan,nan,nan,nan,nan,nan,nan,nan,nan,nan,nan,nan,nan,nan,nan,nan,nan,nan,nan,nan,nan,nan,nan,nan,nan,nan,nan,nan,nan,nan,nan,nan,nan,nan,nan,nan,nan,nan,nan,nan,nan,nan,nan,nan,nan,nan,nan,nan,nan,nan,nan,nan,nan,nan,nan,nan,nan,nan,nan,nan,nan,nan,nan,nan,nan,nan,nan,nan,nan,nan,nan,nan,nan,nan
26.780,APPROACH,26.172912,-2.005508,-26.092186,0.443959,-3.240123,-11.446589,0.618556,-62.658724,-8.826666,29.548753,6.832533,2.114141,-0.612483,0.000000,0.000000,17.193259,-64.664232,-34.918852,29.992713,3.592411,-9.332448,0.006073,0.000000,0.000000,-68.946405,-58.290432,-51.476857,29.403487,1.631525,-2.201997,-0.369312,0.000000,0.000000,0.000000,-2.005508,-26.092186,0.443959,26.172912,-3.240123,-11.446589,0.618556,11.912406,nan,nan,nan,0,nan,nan,nan,0,nan,nan,nan,nan,nan,nan,nan,nan,nan,nan,nan,nan,nan,nan,nan,nan,nan,nan,nan,nan,nan,nan,nan,nan,nan,nan,nan,nan,nan,nan,nan,nan,nan,nan,nan,nan,nan,nan,nan,nan,nan,nan,nan,nan,nan,nan,nan,nan,nan,nan,nan,nan,nan,nan,nan,nan,nan,nan,nan,nan,nan,nan,nan,nan,nan,nan,nan,nan,nan,nan,nan,nan,nan,nan,nan,nan,nan,nan,nan,nan
26.840,APPROACH,26.749335,-2.168845,-26.657141,0.468954,-3.266725,-11.299089,0.499899,-62.312871,-8.727209,29.524050,6.917050,1.989141,-0.494069,0.000000,0.000000,16.043689,-64.481716,-35.384349,29.993004,3.650324,-9.309948,0.005830,0.000000,0.000000,-68.590421,-57.952605,-52.036482,29.403432,1.725100,-2.222391,-0.298803,0.000000,0.000000,0.000000,-2.168845,-26.657141,0.468954,26.749335,-3.266725,-11.299089,0.499899,11.772460,nan,nan,nan,0,nan,nan,nan,0,nan,nan,nan,nan,nan,nan,nan,nan,nan,nan,nan,nan,nan,nan,nan,nan,nan,nan,nan,nan,nan,nan,nan,nan,nan,nan,nan,nan,nan,nan,nan,nan,nan,nan,nan,nan,nan,nan,nan,nan,nan,nan,nan,nan,nan,nan,nan,nan,nan,nan,nan,nan,nan,nan,nan,nan,nan,nan,nan,nan,nan,nan,nan,nan,nan,nan,nan,nan,nan,nan,nan,nan,nan,nan,nan,nan,nan,nan,nan,nan
26.880,APPROACH,27.318944,-2.333429,-27.214702,0.489718,-3.291680,-11.151226,0.415284,-61.962882,-8.634002,29.503566,6.999786,1.864141,-0.409687,0.000000,0.000000,14.912554,-64.296311,-35.848704,29.993284,3.708106,-9.287085,0.005597,0.000000,0.000000,-68.234380,-57.621719,-52.565457,29.403358,1.817466,-2.242587,-0.241711,0.000000,0.000000,0.000000,-2.333429,-27.214702,0.489718,27.318944,-3.291680,-11.151226,0.415284,11.634323,nan,nan,nan,0,nan,nan,nan,0,nan,nan,nan,nan,nan,nan,nan,nan,nan,nan,nan,nan,nan,nan,nan,nan,nan,nan,nan,nan,nan,nan,nan,nan,nan,nan,nan,nan,nan,nan,nan,nan,nan,nan,nan,nan,nan,nan,nan,nan,nan,nan,nan,nan,nan,nan,nan,nan,nan,nan,nan,nan,nan,nan,nan,nan,nan,nan,nan,nan,nan,nan,nan,nan,nan,nan,nan,nan,nan,nan,nan,nan,nan,nan,nan,nan,nan,nan,nan,nan
26.940,APPROACH,27.881660,-2.498560,-27.764852,0.507083,-3.302633,-11.003001,0.347291,-61.609463,-8.547045,29.486470,7.068387,1.739141,-0.341918,0.000000,0.000000,13.822772,-64.108023,-36.311897,29.993553,3.765754,-9.263860,0.005373,0.000000,0.000000,-67.878285,-57.329666,-52.986844,29.403224,1.908992,-2.262581,-0.202578,0.000000,0.000000,0.000000,-2.498560,-27.764852,0.507083,27.881660,-3.302633,-11.003001,0.347291,11.493217,nan,nan,nan,0,nan,nan,nan,0,nan,nan,nan,nan,nan,nan,nan,nan,nan,nan,nan,nan,nan,nan,nan,nan,nan,nan,nan,nan,nan,nan,nan,nan,nan,nan,nan,nan,nan,nan,nan,nan,nan,nan,nan,nan,nan,nan,nan,nan,nan,nan,nan,nan,nan,nan,nan,nan,nan,nan,nan,nan,nan,nan,nan,nan,nan,nan,nan,nan,nan,nan,nan,nan,nan,nan,nan,nan,nan,nan,nan,nan,nan,nan,nan,nan,nan,nan,nan,nan
26.980,APPROACH,28.437220,-2.661717,-28.307573,0.521632,-3.263143,-10.854415,0.290982,-61.255142,-8.466338,29.472178,7.086408,1.614141,-0.285824,0.000000,0.000000,12.831896,-63.916860,-36.773910,29.993810,3.823265,-9.240273,0.005158,0.000000,0.000000,-67.522136,-57.034983,-53.406402,29.403095,2.000652,-2.282371,-0.169923,0.000000,0.000000,0.000000,-2.661717,-28.307573,0.521632,28.437220,-3.263143,-10.854415,0.290982,11.338037,nan,nan,nan,0,nan,nan,nan,0,nan,nan,nan,nan,nan,nan,nan,nan,nan,nan,nan,nan,nan,nan,nan,nan,nan,nan,nan,nan,nan,nan,nan,nan,nan,nan,nan,nan,nan,nan,nan,nan,nan,nan,nan,nan,nan,nan,nan,nan,nan,nan,nan,nan,nan,nan,nan,nan,nan,nan,nan,nan,nan,nan,nan,nan,nan,nan,nan,nan,nan,nan,nan,nan,nan,nan,nan,nan,nan,nan,nan,nan,nan,nan,nan,nan,nan,nan,nan,nan
27.040,APPROACH,28.985600,-2.823162,-28.842846,0.533830,-3.228886,-10.705467,0.243958,-60.899666,-8.391881,29.460228,7.109522,1.489141,-0.239006,0.000000,0.000000,11.829996,-63.722828,-37.234726,29.994058,3.880636,-9.216326,0.004952,0.000000,0.000000,-67.165936,-56.737683,-53.824113,29.402971,2.095331,-2.301953,-0.142601,0.000000,0.000000,0.000000,-2.823162,-28.842846,0.533830,28.985600,-3.228886,-10.705467,0.243958,11.184465,nan,nan,nan,0,nan,nan,nan,0,nan,nan,nan,nan,nan,nan,nan,nan,nan,nan,nan,nan,nan,nan,nan,nan,nan,nan,nan,nan,nan,nan,nan,nan,nan,nan,nan,nan,nan,nan,nan,nan,nan,nan,nan,nan,nan,nan,nan,nan,nan,nan,nan,nan,nan,nan,nan,nan,nan,nan,nan,nan,nan,nan,nan,nan,nan,nan,nan,nan,nan,nan,nan,nan,nan,nan,nan,nan,nan,nan,nan,nan,nan,nan,nan,nan,nan,nan,nan,nan
27.080,APPROACH,29.526752,-2.982916,-29.370654,0.544060,-3.195084,-10.556161,0.204612,-60.543019,-8.323673,29.450235,7.132949,1.364141,-0.199858,0.000000,0.000000,10.826804,-63.525935,-37.694327,29.994296,3.937865,-9.192019,0.004754,0.000000,0.000000,-66.809686,-56.437777,-54.239962,29.402852,2.188570,-2.321326,-0.119725,0.000000,0.000000,0.000000,-2.982916,-29.370654,0.544060,29.526752,-3.195084,-10.556161,0.204612,11.031000,nan,nan,nan,0,nan,nan,nan,0,nan,nan,nan,nan,nan,nan,nan,nan,nan,nan,nan,nan,nan,nan,nan,nan,nan,nan,nan,nan,nan,nan,nan,nan,nan,nan,nan,nan,nan,nan,nan,nan,nan,nan,nan,nan,nan,nan,nan,nan,nan,nan,nan,nan,nan,nan,nan,nan,nan,nan,nan,nan,nan,nan,nan,nan,nan,nan,nan,nan,nan,nan,nan,nan,nan,nan,nan,nan,nan,nan,nan,nan,nan,nan,nan,nan,nan,nan,nan,nan
27.140,APPROACH,30.060639,-3.141020,-29.890979,0.552644,-3.162083,-10.406495,0.171672,-60.185167,-8.261716,29.441880,7.157033,1.239141,-0.167108,0.000000,0.000000,9.822598,-63.326187,-38.152695,29.994524,3.994950,-9.167354,0.004563,0.000000,0.000000,-66.453388,-56.135277,-54.653932,29.402738,2.280743,-2.340488,-0.100568,0.000000,0.000000,0.000000,-3.141020,-29.890979,0.552644,30.060639,-3.162083,-10.406495,0.171672,10.877655,nan,nan,nan,0,nan,nan,nan,0,nan,nan,nan,nan,nan,nan,nan,nan,nan,nan,nan,nan,nan,nan,nan,nan,nan,nan,nan,nan,nan,nan,nan,nan,nan,nan,nan,nan,nan,nan,nan,nan,nan,nan,nan,nan,nan,nan,nan,nan,nan,nan,nan,nan,nan,nan,nan,nan,nan,nan,nan,nan,nan,nan,nan,nan,nan,nan,nan,nan,nan,nan,nan,nan,nan,nan,nan,nan,nan,nan,nan,nan,nan,nan,nan,nan,nan,nan,nan,nan
27.180,APPROACH,30.587223,-3.297510,-30.403802,0.559849,-3.129797,-10.256472,0.144091,-59.826083,-8.206009,29.434894,7.181685,1.114141,-0.139710,0.000000,0.000000,8.818370,-63.123593,-38.609812,29.994743,4.051888,-9.142330,0.004381,0.000000,0.000000,-66.097042,-55.830194,-55.066006,29.402629,2.371817,-2.359438,-0.084522,0.000000,0.000000,0.000000,-3.297510,-30.403802,0.559849,30.587223,-3.129797,-10.256472,0.144091,10.724346,nan,nan,nan,0,nan,nan,nan,0,nan,nan,nan,nan,nan,nan,nan,nan,nan,nan,nan,nan,nan,nan,nan,nan,nan,nan,nan,nan,nan,nan,nan,nan,nan,nan,nan,nan,nan,nan,nan,nan,nan,nan,nan,nan,nan,nan,nan,nan,nan,nan,nan,nan,nan,nan,nan,nan,nan,nan,nan,nan,nan,nan,nan,nan,nan,nan,nan,nan,nan,nan,nan,nan,nan,nan,nan,nan,nan,nan,nan,nan,nan,nan,nan,nan,nan,nan,nan,nan
27.240,APPROACH,31.106468,-3.452419,-30.909107,0.565898,-3.098182,-10.106092,0.120994,-59.465740,-8.156552,29.429055,7.206858,0.989141,-0.116788,0.000000,0.000000,7.815019,-62.918159,-39.065659,29.994953,4.108676,-9.116950,0.004206,0.000000,0.000000,-65.740651,-55.522542,-55.476169,29.402523,2.461792,-2.378175,-0.071080,0.000000,0.000000,0.000000,-3.452419,-30.909107,0.565898,31.106468,-3.098182,-10.106092,0.120994,10.571020,nan,nan,nan,0,nan,nan,nan,0,nan,nan,nan,nan,nan,nan,nan,nan,nan,nan,nan,nan,nan,nan,nan,nan,nan,nan,nan,nan,nan,nan,nan,nan,nan,nan,nan,nan,nan,nan,nan,nan,nan,nan,nan,nan,nan,nan,nan,nan,nan,nan,nan,nan,nan,nan,nan,nan,nan,nan,nan,nan,nan,nan,nan,nan,nan,nan,nan,nan,nan,nan,nan,nan,nan,nan,nan,nan,nan,nan,nan,nan,nan,nan,nan,nan,nan,nan,nan,nan
27.280,APPROACH,31.618340,-3.605779,-31.406875,0.570981,-3.067192,-9.955355,0.101649,-59.104115,-8.113345,29.424174,7.232505,0.864141,-0.097612,0.000000,0.000000,6.813415,-62.709893,-39.520220,29.995155,4.165313,-9.091214,0.004037,0.000000,0.000000,-65.384215,-55.212330,-55.884405,29.402422,2.550667,-2.396696,-0.059818,0.000000,0.000000,0.000000,-3.605779,-31.406875,0.570981,31.618340,-3.067192,-9.955355,0.101649,10.417634,nan,nan,nan,0,nan,nan,nan,0,nan,nan,nan,nan,nan,nan,nan,nan,nan,nan,nan,nan,nan,nan,nan,nan,nan,nan,nan,nan,nan,nan,nan,nan,nan,nan,nan,nan,nan,nan,nan,nan,nan,nan,nan,nan,nan,nan,nan,nan,nan,nan,nan,nan,nan,nan,nan,nan,nan,nan,nan,nan,nan,nan,nan,nan,nan,nan,nan,nan,nan,nan,nan,nan,nan,nan,nan,nan,nan,nan,nan,nan,nan,nan,nan,nan,nan,nan,nan,nan
27.340,APPROACH,32.122809,-3.757618,-31.897088,0.575253,-3.036786,-9.804264,0.085446,-58.741185,-8.076388,29.420096,7.258581,0.739141,-0.081570,0.000000,0.000000,5.814389,-62.498803,-39.973476,29.995349,4.221795,-9.065123,0.003876,0.000000,0.000000,-65.027736,-54.899573,-56.290697,29.402326,2.638440,-2.415001,-0.050381,0.000000,0.000000,0.000000,-3.757618,-31.897088,0.575253,32.122809,-3.036786,-9.804264,0.085446,10.264159,nan,nan,nan,0,nan,nan,nan,0,nan,nan,nan,nan,nan,nan,nan,nan,nan,nan,nan,nan,nan,nan,nan,nan,nan,nan,nan,nan,nan,nan,nan,nan,nan,nan,nan,nan,nan,nan,nan,nan,nan,nan,nan,nan,nan,nan,nan,nan,nan,nan,nan,nan,nan,nan,nan,nan,nan,nan,nan,nan,nan,nan,nan,nan,nan,nan,nan,nan,nan,nan,nan,nan,nan,nan,nan,nan,nan,nan,nan,nan,nan,nan,nan,nan,nan,nan,nan,nan
27.380,APPROACH,32.619842,-3.907964,-32.379729,0.578847,-3.006924,-9.652819,0.071872,-58.376933,-8.045681,29.416688,7.285044,0.614141,-0.068151,0.000000,0.000000,4.818737,-62.284897,-40.425410,29.995535,4.278120,-9.038677,0.003721,0.000000,0.000000,-64.671216,-54.584282,-56.695029,29.402233,2.725109,-2.433088,-0.042470,0.000000,0.000000,0.000000,-3.907964,-32.379729,0.578847,32.619842,-3.006924,-9.652819,0.071872,10.110572,nan,nan,nan,0,nan,nan,nan,0,nan,nan,nan,nan,nan,nan,nan,nan,nan,nan,nan,nan,nan,nan,nan,nan,nan,nan,nan,nan,nan,nan,nan,nan,nan,nan,nan,nan,nan,nan,nan,nan,nan,nan,nan,nan,nan,nan,nan,nan,nan,nan,nan,nan,nan,nan,nan,nan,nan,nan,nan,nan,nan,nan,nan,nan,nan,nan,nan,nan,nan,nan,nan,nan,nan,nan,nan,nan,nan,nan,nan,nan,nan,nan,nan,nan,nan,nan,nan,nan
27.440,APPROACH,33.109411,-4.056843,-32.854780,0.581871,-2.977569,-9.501021,0.060498,-58.011341,-8.021224,29.413842,7.311855,0.489141,-0.056926,0.000000,0.000000,3.827216,-62.068183,-40.876004,29.995713,4.334286,-9.011879,0.003572,0.000000,0.000000,-64.314656,-54.266469,-57.097386,29.402143,2.810673,-2.450956,-0.035838,0.000000,0.000000,0.000000,-4.056843,-32.854780,0.581871,33.109411,-2.977569,-9.501021,0.060498,9.956856,nan,nan,nan,0,nan,nan,nan,0,nan,nan,nan,nan,nan,nan,nan,nan,nan,nan,nan,nan,nan,nan,nan,nan,nan,nan,nan,nan,nan,nan,nan,nan,nan,nan,nan,nan,nan,nan,nan,nan,nan,nan,nan,nan,nan,nan,nan,nan,nan,nan,nan,nan,nan,nan,nan,nan,nan,nan,nan,nan,nan,nan,nan,nan,nan,nan,nan,nan,nan,nan,nan,nan,nan,nan,nan,nan,nan,nan,nan,nan,nan,nan,nan,nan,nan,nan,nan,nan
27.480,APPROACH,33.591488,-4.204277,-33.322223,0.584420,-2.948686,-9.348870,0.050966,-57.644392,-8.003017,29.411465,7.338976,0.364141,-0.047537,0.000000,0.000000,2.840542,-61.848669,-41.325240,29.995885,4.390290,-8.984729,0.003429,0.000000,0.000000,-63.958056,-53.946147,-57.497752,29.402058,2.895130,-2.468603,-0.030277,0.000000,0.000000,0.000000,-4.204277,-33.322223,0.584420,33.591488,-2.948686,-9.348870,0.050966,9.802996,nan,nan,nan,0,nan,nan,nan,0,nan,nan,nan,nan,nan,nan,nan,nan,nan,nan,nan,nan,nan,nan,nan,nan,nan,nan,nan,nan,nan,nan,nan,nan,nan,nan,nan,nan,nan,nan,nan,nan,nan,nan,nan,nan,nan,nan,nan,nan,nan,nan,nan,nan,nan,nan,nan,nan,nan,nan,nan,nan,nan,nan,nan,nan,nan,nan,nan,nan,nan,nan,nan,nan,nan,nan,nan,nan,nan,nan,nan,nan,nan,nan,nan,nan,nan,nan,nan,nan
27.540,APPROACH,34.066045,-4.350289,-33.782042,0.586569,-2.920243,-9.196369,0.042977,-57.276073,-7.991060,29.409481,7.366373,0.239141,-0.039685,0.000000,0.000000,1.859393,-61.626362,-41.773102,29.996050,4.446130,-8.957228,0.003292,0.000000,0.000000,-63.601418,-53.623328,-57.896111,29.401975,2.978479,-2.486029,-0.025612,0.000000,0.000000,0.000000,-4.350289,-33.782042,0.586569,34.066045,-2.920243,-9.196369,0.042977,9.648983,nan,nan,nan,0,nan,nan,nan,0,nan,nan,nan,nan,nan,nan,nan,nan,nan,nan,nan,nan,nan,nan,nan,nan,nan,nan,nan,nan,nan,nan,nan,nan,nan,nan,nan,nan,nan,nan,nan,nan,nan,nan,nan,nan,nan,nan,nan,nan,nan,nan,nan,nan,nan,nan,nan,nan,nan,nan,nan,nan,nan,nan,nan,nan,nan,nan,nan,nan,nan,nan,nan,nan,nan,nan,nan,nan,nan,nan,nan,nan,nan,nan,nan,nan,nan,nan,nan,nan
27.580,APPROACH,34.533056,-4.494900,-34.234218,0.588382,-2.892209,-9.043518,0.036278,-56.906372,-7.985353,29.407825,7.394012,0.114141,-0.033117,0.000000,0.000000,0.884405,-61.401272,-42.219570,29.996208,4.501804,-8.929376,0.003160,0.000000,0.000000,-63.244743,-53.298025,-58.292448,29.401896,3.060718,-2.503231,-0.021697,0.000000,0.000000,0.000000,-4.494900,-34.234218,0.588382,34.533056,-2.892209,-9.043518,0.036278,9.494809,nan,nan,nan,0,nan,nan,nan,0,nan,nan,nan,nan,nan,nan,nan,nan,nan,nan,nan,nan,nan,nan,nan,nan,nan,nan,nan,nan,nan,nan,nan,nan,nan,nan,nan,nan,nan,nan,nan,nan,nan,nan,nan,nan,nan,nan,nan,nan,nan,nan,nan,nan,nan,nan,nan,nan,nan,nan,nan,nan,nan,nan,nan,nan,nan,nan,nan,nan,nan,nan,nan,nan,nan,nan,nan,nan,nan,nan,nan,nan,nan,nan,nan,nan,nan,nan,nan,nan
27.640,APPROACH,34.992496,-4.638127,-34.678734,0.589915,-2.864554,-8.890318,0.030660,-56.535279,-7.985896,29.406444,7.421862,-0.010859,-0.027626,0.000000,0.000000,-0.083826,-61.173407,-42.664629,29.996359,4.557308,-8.901176,0.003034,0.000000,0.000000,-62.888033,-52.970252,-58.686747,29.401820,3.141846,-2.520209,-0.018410,0.000000,0.000000,0.000000,-4.638127,-34.678734,0.589915,34.992496,-2.864554,-8.890318,0.030660,9.340469,nan,nan,nan,0,nan,nan,nan,0,nan,nan,nan,nan,nan,nan,nan,nan,nan,nan,nan,nan,nan,nan,nan,nan,nan,nan,nan,nan,nan,nan,nan,nan,nan,nan,nan,nan,nan,nan,nan,nan,nan,nan,nan,nan,nan,nan,nan,nan,nan,nan,nan,nan,nan,nan,nan,nan,nan,nan,nan,nan,nan,nan,nan,nan,nan,nan,nan,nan,nan,nan,nan,nan,nan,nan,nan,nan,nan,nan,nan,nan,nan,nan,nan,nan,nan,nan,nan,nan
27.680,APPROACH,35.444340,-4.779990,-35.115572,0.591213,-2.837252,-8.736770,0.025946,-56.162785,-7.992689,29.405292,7.449893,-0.135859,-0.023034,0.000000,0.000000,-1.044748,-60.942774,-43.108261,29.996505,4.612642,-8.872628,0.002913,0.000000,0.000000,-62.531288,-52.640019,-59.078992,29.401748,3.221860,-2.536961,-0.015650,0.000000,0.000000,0.000000,-4.779990,-35.115572,0.591213,35.444340,-2.837252,-8.736770,0.025946,9.185958,nan,nan,nan,0,nan,nan,nan,0,nan,nan,nan,nan,nan,nan,nan,nan,nan,nan,nan,nan,nan,nan,nan,nan,nan,nan,nan,nan,nan,nan,nan,nan,nan,nan,nan,nan,nan,nan,nan,nan,nan,nan,nan,nan,nan,nan,nan,nan,nan,nan,nan,nan,nan,nan,nan,nan,nan,nan,nan,nan,nan,nan,nan,nan,nan,nan,nan,nan,nan,nan,nan,nan,nan,nan,nan,nan,nan,nan,nan,nan,nan,nan,nan,nan,nan,nan,nan,nan
27.740,APPROACH,35.888564,-4.920504,-35.544716,0.592312,-2.810277,-8.582875,0.021990,-55.788881,-8.005731,29.404332,7.478078,-0.260859,-0.019194,0.000000,0.000000,-1.997844,-60.709384,-43.550447,29.996645,4.667802,-8.843734,0.002796,0.000000,0.000000,-62.174509,-52.307342,-59.469168,29.401678,3.300760,-2.553486,-0.013330,0.000000,0.000000,0.000000,-4.920504,-35.544716,0.592312,35.888564,-2.810277,-8.582875,0.021990,9.031273,nan,nan,nan,0,nan,nan,nan,0,nan,nan,nan,nan,nan,nan,nan,nan,nan,nan,nan,nan,nan,nan,nan,nan,nan,nan,nan,nan,nan,nan,nan,nan,nan,nan,nan,nan,nan,nan,nan,nan,nan,nan,nan,nan,nan,nan,nan,nan,nan,nan,nan,nan,nan,nan,nan,nan,nan,nan,nan,nan,nan,nan,nan,nan,nan,nan,nan,nan,nan,nan,nan,nan,nan,nan,nan,nan,nan,nan,nan,nan,nan,nan,nan,nan,nan,nan,nan,nan
27.780,APPROACH,36.325144,-5.059684,-35.966148,0.593246,-2.783604,-8.428635,0.018669,-55.413561,-8.025024,29.403533,7.506390,-0.385859,-0.015985,0.000000,0.000000,-2.942643,-60.473245,-43.991172,29.996779,4.722785,-8.814494,0.002684,0.000000,0.000000,-61.817697,-51.972232,-59.857261,29.401611,3.378543,-2.569783,-0.011380,0.000000,0.000000,0.000000,-5.059684,-35.966148,0.593246,36.325144,-2.783604,-8.428635,0.018669,8.876412,nan,nan,nan,0,nan,nan,nan,0,nan,nan,nan,nan,nan,nan,nan,nan,nan,nan,nan,nan,nan,nan,nan,nan,nan,nan,nan,nan,nan,nan,nan,nan,nan,nan,nan,nan,nan,nan,nan,nan,nan,nan,nan,nan,nan,nan,nan,nan,nan,nan,nan,nan,nan,nan,nan,nan,nan,nan,nan,nan,nan,nan,nan,nan,nan,nan,nan,nan,nan,nan,nan,nan,nan,nan,nan,nan,nan,nan,nan,nan,nan,nan,nan,nan,nan,nan,nan,nan
27.840,APPROACH,36.754059,-5.197545,-36.379850,0.594040,-2.757213,-8.274050,0.015879,-55.036821,-8.050567,29.402868,7.534803,-0.510859,-0.013302,0.000000,0.000000,-3.878709,-60.234366,-44.430418,29.996908,4.777591,-8.784909,0.002577,0.000000,0.000000,-61.460854,-51.634702,-60.243254,29.401546,3.455208,-2.585851,-0.009739,0.000000,0.000000,0.000000,-5.197545,-36.379850,0.594040,36.754059,-2.757213,-8.274050,0.015879,8.721375,nan,nan,nan,0,nan,nan,nan,0,nan,nan,nan,nan,nan,nan,nan,nan,nan,nan,nan,nan,nan,nan,nan,nan,nan,nan,nan,nan,nan,nan,nan,nan,nan,nan,nan,nan,nan,nan,nan,nan,nan,nan,nan,nan,nan,nan,nan,nan,nan,nan,nan,nan,nan,nan,nan,nan,nan,nan,nan,nan,nan,nan,nan,nan,nan,nan,nan,nan,nan,nan,nan,nan,nan,nan,nan,nan,nan,nan,nan,nan,nan,nan,nan,nan,nan,nan,nan,nan
27.880,APPROACH,37.175285,-5.334098,-36.785806,0.594716,-2.731080,-8.119122,0.013534,-54.658656,-8.082360,29.402315,7.563295,-0.635859,-0.011061,0.000000,0.000000,-4.805648,-59.992755,-44.868167,29.997031,4.832216,-8.754981,0.002474,0.000000,0.000000,-61.103980,-51.294767,-60.627132,29.401484,3.530753,-2.601689,-0.008357,0.000000,0.000000,0.000000,-5.334098,-36.785806,0.594716,37.175285,-2.731080,-8.119122,0.013534,8.566162,nan,nan,nan,0,nan,nan,nan,0,nan,nan,nan,nan,nan,nan,nan,nan,nan,nan,nan,nan,nan,nan,nan,nan,nan,nan,nan,nan,nan,nan,nan,nan,nan,nan,nan,nan,nan,nan,nan,nan,nan,nan,nan,nan,nan,nan,nan,nan,nan,nan,nan,nan,nan,nan,nan,nan,nan,nan,nan,nan,nan,nan,nan,nan,nan,nan,nan,nan,nan,nan,nan,nan,nan,nan,nan,nan,nan,nan,nan,nan,nan,nan,nan,nan,nan,nan,nan,nan
27.940,APPROACH,37.588802,-5.469358,-37.183999,0.595295,-2.705186,-7.963852,0.011562,-54.279064,-8.120403,29.401856,7.591843,-0.760859,-0.009187,0.000000,0.000000,-5.723103,-59.748422,-45.304402,29.997150,4.886658,-8.724711,0.002375,0.000000,0.000000,-60.747076,-50.952438,-61.008881,29.401425,3.605176,-2.617295,-0.007192,0.000000,0.000000,0.000000,-5.469358,-37.183999,0.595295,37.588802,-2.705186,-7.963852,0.011562,8.410773,nan,nan,nan,0,nan,nan,nan,0,nan,nan,nan,nan,nan,nan,nan,nan,nan,nan,nan,nan,nan,nan,nan,nan,nan,nan,nan,nan,nan,nan,nan,nan,nan,nan,nan,nan,nan,nan,nan,nan,nan,nan,nan,nan,nan,nan,nan,nan,nan,nan,nan,nan,nan,nan,nan,nan,nan,nan,nan,nan,nan,nan,nan,nan,nan,nan,nan,nan,nan,nan,nan,nan,nan,nan,nan,nan,nan,nan,nan,nan,nan,nan,nan,nan,nan,nan,nan,nan
27.980,APPROACH,37.994587,-5.603333,-37.574411,0.595790,-2.679512,-7.808241,0.009903,-53.898043,-8.164696,29.401474,7.620426,-0.885859,-0.007623,0.000000,0.000000,-6.630753,-59.501376,-45.739107,29.997264,4.940914,-8.694099,0.002280,0.000000,0.000000,-60.390144,-50.607730,-61.388486,29.401368,3.678475,-2.632669,-0.006209,0.000000,0.000000,0.000000,-5.603333,-37.574411,0.595790,37.994587,-2.679512,-7.808241,0.009903,8.255211,nan,nan,nan,0,nan,nan,nan,0,nan,nan,nan,nan,nan,nan,nan,nan,nan,nan,nan,nan,nan,nan,nan,nan,nan,nan,nan,nan,nan,nan,nan,nan,nan,nan,nan,nan,nan,nan,nan,nan,nan,nan,nan,nan,nan,nan,nan,nan,nan,nan,nan,nan,nan,nan,nan,nan,nan,nan,nan,nan,nan,nan,nan,nan,nan,nan,nan,nan,nan,nan,nan,nan,nan,nan,nan,nan,nan,nan,nan,nan,nan,nan,nan,nan,nan,nan,nan,nan
28.040,APPROACH,38.392621,-5.736035,-37.957025,0.596215,-2.654040,-7.652290,0.008505,-53.515592,-8.215239,29.401159,7.649023,-1.010859,-0.006316,0.000000,0.000000,-7.528313,-59.251627,-46.172265,29.997374,4.994984,-8.663148,0.002189,0.000000,0.000000,-60.033183,-50.260657,-61.765932,29.401313,3.750648,-2.647808,-0.005380,0.000000,0.000000,0.000000,-5.736035,-37.957025,0.596215,38.392621,-2.654040,-7.652290,0.008505,8.099478,nan,nan,nan,0,nan,nan,nan,0,nan,nan,nan,nan,nan,nan,nan,nan,nan,nan,nan,nan,nan,nan,nan,nan,nan,nan,nan,nan,nan,nan,nan,nan,nan,nan,nan,nan,nan,nan,nan,nan,nan,nan,nan,nan,nan,nan,nan,nan,nan,nan,nan,nan,nan,nan,nan,nan,nan,nan,nan,nan,nan,nan,nan,nan,nan,nan,nan,nan,nan,nan,nan,nan,nan,nan,nan,nan,nan,nan,nan,nan,nan,nan,nan,nan,nan,nan,nan,nan
28.080,APPROACH,38.782883,-5.867473,-38.331825,0.596581,-2.628754,-7.496000,0.007326,-53.131711,-8.272032,29.400897,7.677617,-1.135859,-0.005225,0.000000,0.000000,-8.415532,-58.999184,-46.603857,29.997479,5.048863,-8.631859,0.002101,0.000000,0.000000,-59.676195,-49.911231,-62.141203,29.401261,3.821695,-2.662713,-0.004678,0.000000,0.000000,0.000000,-5.867473,-38.331825,0.596581,38.782883,-2.628754,-7.496000,0.007326,7.943577,nan,nan,nan,0,nan,nan,nan,0,nan,nan,nan,nan,nan,nan,nan,nan,nan,nan,nan,nan,nan,nan,nan,nan,nan,nan,nan,nan,nan,nan,nan,nan,nan,nan,nan,nan,nan,nan,nan,nan,nan,nan,nan,nan,nan,nan,nan,nan,nan,nan,nan,nan,nan,nan,nan,nan,nan,nan,nan,nan,nan,nan,nan,nan,nan,nan,nan,nan,nan,nan,nan,nan,nan,nan,nan,nan,nan,nan,nan,nan,nan,nan,nan,nan,nan,nan,nan,nan
28.140,APPROACH,39.165352,-5.997655,-38.698794,0.596898,-2.603637,-7.339373,0.006332,-52.746402,-8.335075,29.400682,7.706187,-1.260859,-0.004315,0.000000,0.000000,-9.292194,-58.744056,-47.033869,29.997580,5.102550,-8.600231,0.002017,0.000000,0.000000,-59.319181,-49.559466,-62.514286,29.401210,3.891611,-2.677382,-0.004084,0.000000,0.000000,0.000000,-5.997655,-38.698794,0.596898,39.165352,-2.603637,-7.339373,0.006332,7.787513,nan,nan,nan,0,nan,nan,nan,0,nan,nan,nan,nan,nan,nan,nan,nan,nan,nan,nan,nan,nan,nan,nan,nan,nan,nan,nan,nan,nan,nan,nan,nan,nan,nan,nan,nan,nan,nan,nan,nan,nan,nan,nan,nan,nan,nan,nan,nan,nan,nan,nan,nan,nan,nan,nan,nan,nan,nan,nan,nan,nan,nan,nan,nan,nan,nan,nan,nan,nan,nan,nan,nan,nan,nan,nan,nan,nan,nan,nan,nan,nan,nan,nan,nan,nan,nan,nan,nan
28.180,APPROACH,39.540010,-6.126589,-39.057915,0.597172,-2.578676,-7.182409,0.005491,-52.359666,-8.404368,29.400504,7.734719,-1.385859,-0.003555,0.000000,0.000000,-10.158112,-58.486254,-47.462282,29.997676,5.156043,-8.568268,0.001936,0.000000,0.000000,-58.962141,-49.205376,-62.885165,29.401162,3.960396,-2.691813,-0.003580,0.000000,0.000000,0.000000,-6.126589,-39.057915,0.597172,39.540010,-2.578676,-7.182409,0.005491,7.631291,nan,nan,nan,0,nan,nan,nan,0,nan,nan,nan,nan,nan,nan,nan,nan,nan,nan,nan,nan,nan,nan,nan,nan,nan,nan,nan,nan,nan,nan,nan,nan,nan,nan,nan,nan,nan,nan,nan,nan,nan,nan,nan,nan,nan,nan,nan,nan,nan,nan,nan,nan,nan,nan,nan,nan,nan,nan,nan,nan,nan,nan,nan,nan,nan,nan,nan,nan,nan,nan,nan,nan,nan,nan,nan,nan,nan,nan,nan,nan,nan,nan,nan,nan,nan,nan,nan,nan
28.240,APPROACH,39.906837,-6.254281,-39.409170,0.597411,-2.553855,-7.025111,0.004781,-51.971506,-8.479911,29.400358,7.763195,-1.510859,-0.002922,0.000000,0.000000,-11.013130,-58.225787,-47.889081,29.997769,5.209340,-8.535970,0.001859,0.000000,0.000000,-58.605077,-48.848975,-63.253826,29.401115,4.028048,-2.706006,-0.003151,0.000000,0.000000,0.000000,-6.254281,-39.409170,0.597411,39.906837,-2.553855,-7.025111,0.004781,7.474917,nan,nan,nan,0,nan,nan,nan,0,nan,nan,nan,nan,nan,nan,nan,nan,nan,nan,nan,nan,nan,nan,nan,nan,nan,nan,nan,nan,nan,nan,nan,nan,nan,nan,nan,nan,nan,nan,nan,nan,nan,nan,nan,nan,nan,nan,nan,nan,nan,nan,nan,nan,nan,nan,nan,nan,nan,nan,nan,nan,nan,nan,nan,nan,nan,nan,nan,nan,nan,nan,nan,nan,nan,nan,nan,nan,nan,nan,nan,nan,nan,nan,nan,nan,nan,nan,nan,nan
28.280,APPROACH,40.265814,-6.380740,-39.752544,0.597620,-2.529162,-6.867479,0.004178,-51.581926,-8.561704,29.400238,7.791600,-1.635859,-0.002394,0.000000,0.000000,-11.857121,-57.962665,-48.314248,29.997859,5.262438,-8.503337,0.001785,0.000000,0.000000,-58.247988,-48.490277,-63.620255,29.401071,4.094563,-2.719960,-0.002787,0.000000,0.000000,0.000000,-6.380740,-39.752544,0.597620,40.265814,-2.529162,-6.867479,0.004178,7.318398,nan,nan,nan,0,nan,nan,nan,0,nan,nan,nan,nan,nan,nan,nan,nan,nan,nan,nan,nan,nan,nan,nan,nan,nan,nan,nan,nan,nan,nan,nan,nan,nan,nan,nan,nan,nan,nan,nan,nan,nan,nan,nan,nan,nan,nan,nan,nan,nan,nan,nan,nan,nan,nan,nan,nan,nan,nan,nan,nan,nan,nan,nan,nan,nan,nan,nan,nan,nan,nan,nan,nan,nan,nan,nan,nan,nan,nan,nan,nan,nan,nan,nan,nan,nan,nan,nan,nan
28.340,APPROACH,40.616922,-6.505969,-40.088020,0.597804,-2.504585,-6.709514,0.003667,-51.190930,-8.649747,29.400140,7.819919,-1.760859,-0.001954,0.000000,0.000000,-12.689984,-57.696899,-48.737766,29.997944,5.315335,-8.470373,0.001713,0.000000,0.000000,-57.890876,-48.129296,-63.984438,29.401028,4.159941,-2.733674,-0.002476,0.000000,0.000000,0.000000,-6.505969,-40.088020,0.597804,40.616922,-2.504585,-6.709514,0.003667,7.161742,nan,nan,nan,0,nan,nan,nan,0,nan,nan,nan,nan,nan,nan,nan,nan,nan,nan,nan,nan,nan,nan,nan,nan,nan,nan,nan,nan,nan,nan,nan,nan,nan,nan,nan,nan,nan,nan,nan,nan,nan,nan,nan,nan,nan,nan,nan,nan,nan,nan,nan,nan,nan,nan,nan,nan,nan,nan,nan,nan,nan,nan,nan,nan,nan,nan,nan,nan,nan,nan,nan,nan,nan,nan,nan,nan,nan,nan,nan,nan,nan,nan,nan,nan,nan,nan,nan,nan
28.380,APPROACH,40.960143,-6.629974,-40.415581,0.597965,-2.480111,-6.551219,0.003233,-50.798523,-8.744040,29.400061,7.848140,-1.885859,-0.001588,0.000000,0.000000,-13.511644,-57.428497,-49.159620,29.998026,5.368028,-8.437077,0.001645,0.000000,0.000000,-57.533742,-47.766046,-64.346359,29.400987,4.224179,-2.747146,-0.002209,0.000000,0.000000,0.000000,-6.629974,-40.415581,0.597965,40.960143,-2.480111,-6.551219,0.003233,7.004957,nan,nan,nan,0,nan,nan,nan,0,nan,nan,nan,nan,nan,nan,nan,nan,nan,nan,nan,nan,nan,nan,nan,nan,nan,nan,nan,nan,nan,nan,nan,nan,nan,nan,nan,nan,nan,nan,nan,nan,nan,nan,nan,nan,nan,nan,nan,nan,nan,nan,nan,nan,nan,nan,nan,nan,nan,nan,nan,nan,nan,nan,nan,nan,nan,nan,nan,nan,nan,nan,nan,nan,nan,nan,nan,nan,nan,nan,nan,nan,nan,nan,nan,nan,nan,nan,nan,nan
28.440,APPROACH,41.295458,-6.752761,-40.735210,0.598108,-2.455730,-6.392593,0.002863,-50.404711,-8.844582,29.399997,7.876247,-2.010859,-0.001284,0.000000,0.000000,-14.322049,-57.157471,-49.579793,29.998105,5.420517,-8.403452,0.001579,0.000000,0.000000,-57.176585,-47.400541,-64.706006,29.400947,4.287275,-2.760376,-0.001981,0.000000,0.000000,0.000000,-6.752761,-40.735210,0.598108,41.295458,-2.455730,-6.392593,0.002863,6.848056,nan,nan,nan,0,nan,nan,nan,0,nan,nan,nan,nan,nan,nan,nan,nan,nan,nan,nan,nan,nan,nan,nan,nan,nan,nan,nan,nan,nan,nan,nan,nan,nan,nan,nan,nan,nan,nan,nan,nan,nan,nan,nan,nan,nan,nan,nan,nan,nan,nan,nan,nan,nan,nan,nan,nan,nan,nan,nan,nan,nan,nan,nan,nan,nan,nan,nan,nan,nan,nan,nan,nan,nan,nan,nan,nan,nan,nan,nan,nan,nan,nan,nan,nan,nan,nan,nan,nan
28.480,APPROACH,41.622851,-6.874332,-41.046892,0.598236,-2.431432,-6.233639,0.002547,-50.009499,-8.951375,29.399945,7.904230,-2.135859,-0.001031,0.000000,0.000000,-15.121171,-56.883831,-49.998268,29.998181,5.472798,-8.369497,0.001516,0.000000,0.000000,-56.819407,-47.032796,-65.063363,29.400909,4.349227,-2.773362,-0.001785,0.000000,0.000000,0.000000,-6.874332,-41.046892,0.598236,41.622851,-2.431432,-6.233639,0.002547,6.691048,nan,nan,nan,0,nan,nan,nan,0,nan,nan,nan,nan,nan,nan,nan,nan,nan,nan,nan,nan,nan,nan,nan,nan,nan,nan,nan,nan,nan,nan,nan,nan,nan,nan,nan,nan,nan,nan,nan,nan,nan,nan,nan,nan,nan,nan,nan,nan,nan,nan,nan,nan,nan,nan,nan,nan,nan,nan,nan,nan,nan,nan,nan,nan,nan,nan,nan,nan,nan,nan,nan,nan,nan,nan,nan,nan,nan,nan,nan,nan,nan,nan,nan,nan,nan,nan,nan,nan
28.540,APPROACH,41.942302,-6.994693,-41.350610,0.598350,-2.407207,-6.074357,0.002276,-49.612895,-9.064418,29.399904,7.932076,-2.260859,-0.000821,0.000000,0.000000,-15.909002,-56.607588,-50.415029,29.998254,5.524869,-8.335216,0.001455,0.000000,0.000000,-56.462208,-46.662824,-65.418417,29.400873,4.410032,-2.786103,-0.001616,0.000000,0.000000,0.000000,-6.994693,-41.350610,0.598350,41.942302,-2.407207,-6.074357,0.002276,6.533947,nan,nan,nan,0,nan,nan,nan,0,nan,nan,nan,nan,nan,nan,nan,nan,nan,nan,nan,nan,nan,nan,nan,nan,nan,nan,nan,nan,nan,nan,nan,nan,nan,nan,nan,nan,nan,nan,nan,nan,nan,nan,nan,nan,nan,nan,nan,nan,nan,nan,nan,nan,nan,nan,nan,nan,nan,nan,nan,nan,nan,nan,nan,nan,nan,nan,nan,nan,nan,nan,nan,nan,nan,nan,nan,nan,nan,nan,nan,nan,nan,nan,nan,nan,nan,nan,nan,nan
28.580,APPROACH,42.253795,-7.113845,-41.646348,0.598452,-2.383045,-5.914750,0.002044,-49.214907,-9.183711,29.399872,7.959773,-2.385859,-0.000647,0.000000,0.000000,-16.685551,-56.328752,-50.830059,29.998324,5.576728,-8.300609,0.001397,0.000000,0.000000,-56.104990,-46.290641,-65.771154,29.400838,4.469688,-2.798599,-0.001469,0.000000,0.000000,0.000000,-7.113845,-41.646348,0.598452,42.253795,-2.383045,-5.914750,0.002044,6.376768,nan,nan,nan,0,nan,nan,nan,0,nan,nan,nan,nan,nan,nan,nan,nan,nan,nan,nan,nan,nan,nan,nan,nan,nan,nan,nan,nan,nan,nan,nan,nan,nan,nan,nan,nan,nan,nan,nan,nan,nan,nan,nan,nan,nan,nan,nan,nan,nan,nan,nan,nan,nan,nan,nan,nan,nan,nan,nan,nan,nan,nan,nan,nan,nan,nan,nan,nan,nan,nan,nan,nan,nan,nan,nan,nan,nan,nan,nan,nan,nan,nan,nan,nan,nan,nan,nan,nan
28.640,APPROACH,42.557313,-7.231792,-41.934089,0.598544,-2.358938,-5.754818,0.001844,-48.815541,-9.309254,29.399847,7.987312,-2.510859,-0.000503,0.000000,0.000000,-17.450848,-56.047333,-51.243343,29.998391,5.628374,-8.265677,0.001341,0.000000,0.000000,-55.747752,-45.916260,-66.121561,29.400805,4.528193,-2.810848,-0.001342,0.000000,0.000000,0.000000,-7.231792,-41.934089,0.598544,42.557313,-2.358938,-5.754818,0.001844,6.219528,nan,nan,nan,0,nan,nan,nan,0,nan,nan,nan,nan,nan,nan,nan,nan,nan,nan,nan,nan,nan,nan,nan,nan,nan,nan,nan,nan,nan,nan,nan,nan,nan,nan,nan,nan,nan,nan,nan,nan,nan,nan,nan,nan,nan,nan,nan,nan,nan,nan,nan,nan,nan,nan,nan,nan,nan,nan,nan,nan,nan,nan,nan,nan,nan,nan,nan,nan,nan,nan,nan,nan,nan,nan,nan,nan,nan,nan,nan,nan,nan,nan,nan,nan,nan,nan,nan,nan
28.680,APPROACH,42.852837,-7.348536,-42.213817,0.598628,-2.334878,-5.594563,0.001671,-48.414807,-9.441047,29.399828,8.014681,-2.635859,-0.000384,0.000000,0.000000,-18.204938,-55.763343,-51.654864,29.998455,5.679803,-8.230422,0.001287,0.000000,0.000000,-55.390495,-45.539697,-66.469623,29.400772,4.585544,-2.822850,-0.001231,0.000000,0.000000,0.000000,-7.348536,-42.213817,0.598628,42.852837,-2.334878,-5.594563,0.001671,6.062243,nan,nan,nan,0,nan,nan,nan,0,nan,nan,nan,nan,nan,nan,nan,nan,nan,nan,nan,nan,nan,nan,nan,nan,nan,nan,nan,nan,nan,nan,nan,nan,nan,nan,nan,nan,nan,nan,nan,nan,nan,nan,nan,nan,nan,nan,nan,nan,nan,nan,nan,nan,nan,nan,nan,nan,nan,nan,nan,nan,nan,nan,nan,nan,nan,nan,nan,nan,nan,nan,nan,nan,nan,nan,nan,nan,nan,nan,nan,nan,nan,nan,nan,nan,nan,nan,nan,nan
28.740,APPROACH,43.140352,-7.464079,-42.485516,0.598704,-2.310858,-5.433986,0.001522,-48.012713,-9.579090,29.399813,8.041872,-2.760859,-0.000286,0.000000,0.000000,-18.947881,-55.476792,-52.064606,29.998517,5.731014,-8.194845,0.001236,0.000000,0.000000,-55.033220,-45.160967,-66.815326,29.400742,4.641740,-2.834603,-0.001134,0.000000,0.000000,0.000000,-7.464079,-42.485516,0.598704,43.140352,-2.310858,-5.433986,0.001522,5.904936,nan,nan,nan,0,nan,nan,nan,0,nan,nan,nan,nan,nan,nan,nan,nan,nan,nan,nan,nan,nan,nan,nan,nan,nan,nan,nan,nan,nan,nan,nan,nan,nan,nan,nan,nan,nan,nan,nan,nan,nan,nan,nan,nan,nan,nan,nan,nan,nan,nan,nan,nan,nan,nan,nan,nan,nan,nan,nan,nan,nan,nan,nan,nan,nan,nan,nan,nan,nan,nan,nan,nan,nan,nan,nan,nan,nan,nan,nan,nan,nan,nan,nan,nan,nan,nan,nan,nan
28.780,APPROACH,43.419841,-7.578422,-42.749171,0.598773,-2.286869,-5.273089,0.001392,-47.609270,-9.723383,29.399803,8.068874,-2.885859,-0.000205,0.000000,0.000000,-19.679752,-55.187692,-52.472553,29.998576,5.782005,-8.158947,0.001186,0.000000,0.000000,-54.675927,-44.780083,-67.158659,29.400712,4.696778,-2.846106,-0.001048,0.000000,0.000000,0.000000,-7.578422,-42.749171,0.598773,43.419841,-2.286869,-5.273089,0.001392,5.747629,nan,nan,nan,0,nan,nan,nan,0,nan,nan,nan,nan,nan,nan,nan,nan,nan,nan,nan,nan,nan,nan,nan,nan,nan,nan,nan,nan,nan,nan,nan,nan,nan,nan,nan,nan,nan,nan,nan,nan,nan,nan,nan,nan,nan,nan,nan,nan,nan,nan,nan,nan,nan,nan,nan,nan,nan,nan,nan,nan,nan,nan,nan,nan,nan,nan,nan,nan,nan,nan,nan,nan,nan,nan,nan,nan,nan,nan,nan,nan,nan,nan,nan,nan,nan,nan,nan,nan
28.840,APPROACH,43.691287,-7.691568,-43.004764,0.598837,-2.262906,-5.111872,0.001278,-47.204486,-9.873926,29.399796,8.095680,-3.010859,-0.000139,0.000000,0.000000,-20.400636,-54.896053,-52.878690,29.998633,5.832773,-8.122731,0.001139,0.000000,0.000000,-54.318616,-44.397061,-67.499606,29.400683,4.750656,-2.857359,-0.000973,0.000000,0.000000,0.000000,-7.691568,-43.004764,0.598837,43.691287,-2.262906,-5.111872,0.001278,5.590348,nan,nan,nan,0,nan,nan,nan,0,nan,nan,nan,nan,nan,nan,nan,nan,nan,nan,nan,nan,nan,nan,nan,nan,nan,nan,nan,nan,nan,nan,nan,nan,nan,nan,nan,nan,nan,nan,nan,nan,nan,nan,nan,nan,nan,nan,nan,nan,nan,nan,nan,nan,nan,nan,nan,nan,nan,nan,nan,nan,nan,nan,nan,nan,nan,nan,nan,nan,nan,nan,nan,nan,nan,nan,nan,nan,nan,nan,nan,nan,nan,nan,nan,nan,nan,nan,nan,nan
28.880,APPROACH,43.954674,-7.803516,-43.252281,0.598896,-2.238963,-4.950338,0.001179,-46.798372,-10.030719,29.399792,8.122280,-3.135859,-0.000085,0.000000,0.000000,-21.110631,-54.601887,-53.283000,29.998688,5.883317,-8.086197,0.001093,0.000000,0.000000,-53.961290,-44.011917,-67.838154,29.400656,4.803371,-2.868360,-0.000906,0.000000,0.000000,0.000000,-7.803516,-43.252281,0.598896,43.954674,-2.238963,-4.950338,0.001179,5.433121,nan,nan,nan,0,nan,nan,nan,0,nan,nan,nan,nan,nan,nan,nan,nan,nan,nan,nan,nan,nan,nan,nan,nan,nan,nan,nan,nan,nan,nan,nan,nan,nan,nan,nan,nan,nan,nan,nan,nan,nan,nan,nan,nan,nan,nan,nan,nan,nan,nan,nan,nan,nan,nan,nan,nan,nan,nan,nan,nan,nan,nan,nan,nan,nan,nan,nan,nan,nan,nan,nan,nan,nan,nan,nan,nan,nan,nan,nan,nan,nan,nan,nan,nan,nan,nan,nan,nan
28.940,APPROACH,44.209985,-7.914267,-43.491705,0.598951,-2.215032,-4.788488,0.001091,-46.390938,-10.193762,29.399790,8.148666,-3.260859,-0.000041,0.000000,0.000000,-21.809847,-54.305206,-53.685467,29.998740,5.933634,-8.049347,0.001050,0.000000,0.000000,-53.603946,-43.624664,-68.174291,29.400630,4.818403,-2.874104,-0.000846,0.000000,0.000000,0.000000,-7.914267,-43.491705,0.598951,44.209985,-2.215032,-4.788488,0.001091,5.275982,nan,nan,nan,0,nan,nan,nan,0,nan,nan,nan,nan,nan,nan,nan,nan,nan,nan,nan,nan,nan,nan,nan,nan,nan,nan,nan,nan,nan,nan,nan,nan,nan,nan,nan,nan,nan,nan,nan,nan,nan,nan,nan,nan,nan,nan,nan,nan,nan,nan,nan,nan,nan,nan,nan,nan,nan,nan,nan,nan,nan,nan,nan,nan,nan,nan,nan,nan,nan,nan,nan,nan,nan,nan,nan,nan,nan,nan,nan,nan,nan,nan,nan,nan,nan,nan,nan,nan
28.980,APPROACH,44.456873,-8.021978,-43.723022,0.599001,-2.154209,-4.626323,0.001013,-45.984042,-10.363055,29.399789,8.137932,-3.385859,-0.000006,0.000000,0.000000,-22.590183,-54.006019,-54.086076,29.998791,5.983723,-8.012182,0.001008,0.000000,0.000000,-53.246588,-43.235318,-68.508003,29.400605,4.832156,-2.879389,-0.000792,0.000000,0.000000,0.000000,-8.021978,-43.723022,0.599001,44.456873,-2.154209,-4.626323,0.001013,5.103282,nan,nan,nan,0,nan,nan,nan,0,nan,nan,nan,nan,nan,nan,nan,nan,nan,nan,nan,nan,nan,nan,nan,nan,nan,nan,nan,nan,nan,nan,nan,nan,nan,nan,nan,nan,nan,nan,nan,nan,nan,nan,nan,nan,nan,nan,nan,nan,nan,nan,nan,nan,nan,nan,nan,nan,nan,nan,nan,nan,nan,nan,nan,nan,nan,nan,nan,nan,nan,nan,nan,nan,nan,nan,nan,nan,nan,nan,nan,nan,nan,nan,nan,nan,nan,nan,nan,nan
29.040,APPROACH,44.695346,-8.126830,-43.946214,0.599049,-2.097044,-4.463845,0.000945,-45.577511,-10.538598,29.399791,8.130625,-3.510859,0.000023,0.000000,0.000000,-23.355012,-53.704340,-54.484811,29.998839,6.033581,-7.974704,0.000967,0.000000,0.000000,-52.889214,-42.843894,-68.839278,29.400580,4.845731,-2.884594,-0.000744,0.000000,0.000000,0.000000,-8.126830,-43.946214,0.599049,44.695346,-2.097044,-4.463845,0.000945,4.931887,nan,nan,nan,0,nan,nan,nan,0,nan,nan,nan,nan,nan,nan,nan,nan,nan,nan,nan,nan,nan,nan,nan,nan,nan,nan,nan,nan,nan,nan,nan,nan,nan,nan,nan,nan,nan,nan,nan,nan,nan,nan,nan,nan,nan,nan,nan,nan,nan,nan,nan,nan,nan,nan,nan,nan,nan,nan,nan,nan,nan,nan,nan,nan,nan,nan,nan,nan,nan,nan,nan,nan,nan,nan,nan,nan,nan,nan,nan,nan,nan,nan,nan,nan,nan,nan,nan,nan
29.080,APPROACH,44.925409,-8.228973,-44.161267,0.599093,-2.042864,-4.301055,0.000883,-45.171207,-10.720391,29.399793,8.126070,-3.635859,0.000046,0.000000,0.000000,-24.105238,-53.400180,-54.881657,29.998886,6.083207,-7.936914,0.000929,0.000000,0.000000,-52.531825,-42.450408,-69.168101,29.400557,4.859180,-2.889718,-0.000701,0.000000,0.000000,0.000000,-8.228973,-44.161267,0.599093,44.925409,-2.042864,-4.301055,0.000883,4.761551,nan,nan,nan,0,nan,nan,nan,0,nan,nan,nan,nan,nan,nan,nan,nan,nan,nan,nan,nan,nan,nan,nan,nan,nan,nan,nan,nan,nan,nan,nan,nan,nan,nan,nan,nan,nan,nan,nan,nan,nan,nan,nan,nan,nan,nan,nan,nan,nan,nan,nan,nan,nan,nan,nan,nan,nan,nan,nan,nan,nan,nan,nan,nan,nan,nan,nan,nan,nan,nan,nan,nan,nan,nan,nan,nan,nan,nan,nan,nan,nan,nan,nan,nan,nan,nan,nan,nan
29.140,APPROACH,45.147068,-8.328550,-44.368164,0.599134,-1.991542,-4.137955,0.000828,-44.765000,-10.908433,29.399796,8.124139,-3.760859,0.000064,0.000000,0.000000,-24.840548,-53.093550,-55.276598,29.998930,6.132597,-7.898813,0.000892,0.000000,0.000000,-52.174422,-42.054875,-69.494461,29.400535,4.872515,-2.894761,-0.000661,0.000000,0.000000,0.000000,-8.328550,-44.368164,0.599134,45.147068,-1.991542,-4.137955,0.000828,4.592266,nan,nan,nan,0,nan,nan,nan,0,nan,nan,nan,nan,nan,nan,nan,nan,nan,nan,nan,nan,nan,nan,nan,nan,nan,nan,nan,nan,nan,nan,nan,nan,nan,nan,nan,nan,nan,nan,nan,nan,nan,nan,nan,nan,nan,nan,nan,nan,nan,nan,nan,nan,nan,nan,nan,nan,nan,nan,nan,nan,nan,nan,nan,nan,nan,nan,nan,nan,nan,nan,nan,nan,nan,nan,nan,nan,nan,nan,nan,nan,nan,nan,nan,nan,nan,nan,nan,nan
29.180,APPROACH,45.360326,-8.425696,-44.566892,0.599173,-1.942914,-3.974545,0.000778,-44.358767,-11.102726,29.399800,8.124665,-3.885859,0.000078,0.000000,0.000000,-25.560821,-52.784463,-55.669618,29.998973,6.181751,-7.860404,0.000856,0.000000,0.000000,-51.817005,-41.657310,-69.818345,29.400514,4.885747,-2.899722,-0.000625,0.000000,0.000000,0.000000,-8.425696,-44.566892,0.599173,45.360326,-1.942914,-3.974545,0.000778,4.424017,nan,nan,nan,0,nan,nan,nan,0,nan,nan,nan,nan,nan,nan,nan,nan,nan,nan,nan,nan,nan,nan,nan,nan,nan,nan,nan,nan,nan,nan,nan,nan,nan,nan,nan,nan,nan,nan,nan,nan,nan,nan,nan,nan,nan,nan,nan,nan,nan,nan,nan,nan,nan,nan,nan,nan,nan,nan,nan,nan,nan,nan,nan,nan,nan,nan,nan,nan,nan,nan,nan,nan,nan,nan,nan,nan,nan,nan,nan,nan,nan,nan,nan,nan,nan,nan,nan,nan
29.240,APPROACH,45.565189,-8.520537,-44.757433,0.599210,-1.896828,-3.810829,0.000733,-43.952392,-11.303269,29.399804,8.127495,-4.010859,0.000089,0.000000,0.000000,-26.265998,-52.472929,-56.060702,29.999014,6.230667,-7.821687,0.000822,0.000000,0.000000,-51.459574,-41.257729,-70.139740,29.400493,4.898888,-2.904601,-0.000592,0.000000,0.000000,0.000000,-8.520537,-44.757433,0.599210,45.565189,-1.896828,-3.810829,0.000733,4.256803,nan,nan,nan,0,nan,nan,nan,0,nan,nan,nan,nan,nan,nan,nan,nan,nan,nan,nan,nan,nan,nan,nan,nan,nan,nan,nan,nan,nan,nan,nan,nan,nan,nan,nan,nan,nan,nan,nan,nan,nan,nan,nan,nan,nan,nan,nan,nan,nan,nan,nan,nan,nan,nan,nan,nan,nan,nan,nan,nan,nan,nan,nan,nan,nan,nan,nan,nan,nan,nan,nan,nan,nan,nan,nan,nan,nan,nan,nan,nan,nan,nan,nan,nan,nan,nan,nan,nan
29.280,APPROACH,45.761659,-8.613194,-44.939773,0.599244,-1.853142,-3.646806,0.000692,-43.545768,-11.510062,29.399809,8.132483,-4.135859,0.000097,0.000000,0.000000,-26.956084,-52.158962,-56.449836,29.999053,6.279341,-7.782665,0.000789,0.000000,0.000000,-51.102130,-40.856148,-70.458633,29.400473,4.911950,-2.909396,-0.000561,0.000000,0.000000,0.000000,-8.613194,-44.939773,0.599244,45.761659,-1.853142,-3.646806,0.000692,4.090640,nan,nan,nan,0,nan,nan,nan,0,nan,nan,nan,nan,nan,nan,nan,nan,nan,nan,nan,nan,nan,nan,nan,nan,nan,nan,nan,nan,nan,nan,nan,nan,nan,nan,nan,nan,nan,nan,nan,nan,nan,nan,nan,nan,nan,nan,nan,nan,nan,nan,nan,nan,nan,nan,nan,nan,nan,nan,nan,nan,nan,nan,nan,nan,nan,nan,nan,nan,nan,nan,nan,nan,nan,nan,nan,nan,nan,nan,nan,nan,nan,nan,nan,nan,nan,nan,nan,nan
29.340,APPROACH,45.949741,-8.703780,-45.113897,0.599277,-1.811720,-3.482480,0.000655,-43.138793,-11.723105,29.399814,8.139493,-4.260859,0.000103,0.000000,0.000000,-27.631139,-51.842574,-56.837002,29.999091,6.327773,-7.743338,0.000757,0.000000,0.000000,-50.744674,-40.452582,-70.775011,29.400454,4.924942,-2.914108,-0.000533,0.000000,0.000000,0.000000,-8.703780,-45.113897,0.599277,45.949741,-1.811720,-3.482480,0.000655,3.925557,nan,nan,nan,0,nan,nan,nan,0,nan,nan,nan,nan,nan,nan,nan,nan,nan,nan,nan,nan,nan,nan,nan,nan,nan,nan,nan,nan,nan,nan,nan,nan,nan,nan,nan,nan,nan,nan,nan,nan,nan,nan,nan,nan,nan,nan,nan,nan,nan,nan,nan,nan,nan,nan,nan,nan,nan,nan,nan,nan,nan,nan,nan,nan,nan,nan,nan,nan,nan,nan,nan,nan,nan,nan,nan,nan,nan,nan,nan,nan,nan,nan,nan,nan,nan,nan,nan,nan
29.380,APPROACH,46.129436,-8.792402,-45.279790,0.599308,-1.772435,-3.317850,0.000620,-42.731373,-11.942398,29.399820,8.148395,-4.385859,0.000107,0.000000,0.000000,-28.291276,-51.523776,-57.222188,29.999128,6.375960,-7.703709,0.000727,0.000000,0.000000,-50.387205,-40.047047,-71.088864,29.400436,4.937875,-2.918735,-0.000507,0.000000,0.000000,0.000000,-8.792402,-45.279790,0.599308,46.129436,-1.772435,-3.317850,0.000620,3.761603,nan,nan,nan,0,nan,nan,nan,0,nan,nan,nan,nan,nan,nan,nan,nan,nan,nan,nan,nan,nan,nan,nan,nan,nan,nan,nan,nan,nan,nan,nan,nan,nan,nan,nan,nan,nan,nan,nan,nan,nan,nan,nan,nan,nan,nan,nan,nan,nan,nan,nan,nan,nan,nan,nan,nan,nan,nan,nan,nan,nan,nan,nan,nan,nan,nan,nan,nan,nan,nan,nan,nan,nan,nan,nan,nan,nan,nan,nan,nan,nan,nan,nan,nan,nan,nan,nan,nan
29.440,APPROACH,46.300748,-8.879160,-45.437436,0.599337,-1.735166,-3.152920,0.000589,-42.323420,-12.167941,29.399825,8.159067,-4.510859,0.000109,0.000000,0.000000,-28.936649,-51.202580,-57.605377,29.999163,6.423901,-7.663778,0.000698,0.000000,0.000000,-50.029725,-39.639559,-71.400178,29.400419,4.950758,-2.923278,-0.000483,0.000000,0.000000,0.000000,-8.879160,-45.437436,0.599337,46.300748,-1.735166,-3.152920,0.000589,3.598847,nan,nan,nan,0,nan,nan,nan,0,nan,nan,nan,nan,nan,nan,nan,nan,nan,nan,nan,nan,nan,nan,nan,nan,nan,nan,nan,nan,nan,nan,nan,nan,nan,nan,nan,nan,nan,nan,nan,nan,nan,nan,nan,nan,nan,nan,nan,nan,nan,nan,nan,nan,nan,nan,nan,nan,nan,nan,nan,nan,nan,nan,nan,nan,nan,nan,nan,nan,nan,nan,nan,nan,nan,nan,nan,nan,nan,nan,nan,nan,nan,nan,nan,nan,nan,nan,nan,nan
29.480,APPROACH,46.463678,-8.964150,-45.586820,0.599365,-1.699798,-2.987689,0.000559,-41.914851,-12.399734,29.399831,8.171392,-4.635859,0.000111,0.000000,0.000000,-29.567452,-50.879001,-57.986554,29.999196,6.471593,-7.623548,0.000670,0.000000,0.000000,-49.672233,-39.230133,-71.708940,29.400402,4.963599,-2.927735,-0.000460,0.000000,0.000000,0.000000,-8.964150,-45.586820,0.599365,46.463678,-1.699798,-2.987689,0.000559,3.437383,nan,nan,nan,0,nan,nan,nan,0,nan,nan,nan,nan,nan,nan,nan,nan,nan,nan,nan,nan,nan,nan,nan,nan,nan,nan,nan,nan,nan,nan,nan,nan,nan,nan,nan,nan,nan,nan,nan,nan,nan,nan,nan,nan,nan,nan,nan,nan,nan,nan,nan,nan,nan,nan,nan,nan,nan,nan,nan,nan,nan,nan,nan,nan,nan,nan,nan,nan,nan,nan,nan,nan,nan,nan,nan,nan,nan,nan,nan,nan,nan,nan,nan,nan,nan,nan,nan,nan
29.540,APPROACH,46.618229,-9.047462,-45.727928,0.599392,-1.666225,-2.822161,0.000532,-41.505587,-12.637777,29.399836,8.185260,-4.760859,0.000111,0.000000,0.000000,-30.183910,-50.553049,-58.365705,29.999228,6.519035,-7.583020,0.000643,0.000000,0.000000,-49.314729,-38.818786,-72.015140,29.400386,4.976408,-2.932105,-0.000439,0.000000,0.000000,0.000000,-9.047462,-45.727928,0.599392,46.618229,-1.666225,-2.822161,0.000532,3.277331,nan,nan,nan,0,nan,nan,nan,0,nan,nan,nan,nan,nan,nan,nan,nan,nan,nan,nan,nan,nan,nan,nan,nan,nan,nan,nan,nan,nan,nan,nan,nan,nan,nan,nan,nan,nan,nan,nan,nan,nan,nan,nan,nan,nan,nan,nan,nan,nan,nan,nan,nan,nan,nan,nan,nan,nan,nan,nan,nan,nan,nan,nan,nan,nan,nan,nan,nan,nan,nan,nan,nan,nan,nan,nan,nan,nan,nan,nan,nan,nan,nan,nan,nan,nan,nan,nan,nan
29.580,APPROACH,46.764401,-9.129179,-45.860745,0.599417,-1.634345,-2.656336,0.000507,-41.095559,-12.882070,29.399842,8.200569,-4.885859,0.000111,0.000000,0.000000,-30.786276,-50.224738,-58.742815,29.999259,6.566224,-7.542195,0.000617,0.000000,0.000000,-48.957215,-38.405534,-72.318765,29.400370,4.989191,-2.936389,-0.000419,0.000000,0.000000,0.000000,-9.129179,-45.860745,0.599417,46.764401,-1.634345,-2.656336,0.000507,3.118847,nan,nan,nan,0,nan,nan,nan,0,nan,nan,nan,nan,nan,nan,nan,nan,nan,nan,nan,nan,nan,nan,nan,nan,nan,nan,nan,nan,nan,nan,nan,nan,nan,nan,nan,nan,nan,nan,nan,nan,nan,nan,nan,nan,nan,nan,nan,nan,nan,nan,nan,nan,nan,nan,nan,nan,nan,nan,nan,nan,nan,nan,nan,nan,nan,nan,nan,nan,nan,nan,nan,nan,nan,nan,nan,nan,nan,nan,nan,nan,nan,nan,nan,nan,nan,nan,nan,nan
29.640,APPROACH,46.902194,-9.209382,-45.985256,0.599441,-1.604061,-2.490216,0.000483,-40.684698,-13.132613,29.399847,8.217220,-5.010859,0.000109,0.000000,0.000000,-31.374826,-49.894080,-59.117869,29.999289,6.613159,-7.501075,0.000593,0.000000,0.000000,-48.599690,-37.990393,-72.619804,29.400356,5.001956,-2.940586,-0.000401,0.000000,0.000000,0.000000,-9.209382,-45.985256,0.599441,46.902194,-1.604061,-2.490216,0.000483,2.962126,nan,nan,nan,0,nan,nan,nan,0,nan,nan,nan,nan,nan,nan,nan,nan,nan,nan,nan,nan,nan,nan,nan,nan,nan,nan,nan,nan,nan,nan,nan,nan,nan,nan,nan,nan,nan,nan,nan,nan,nan,nan,nan,nan,nan,nan,nan,nan,nan,nan,nan,nan,nan,nan,nan,nan,nan,nan,nan,nan,nan,nan,nan,nan,nan,nan,nan,nan,nan,nan,nan,nan,nan,nan,nan,nan,nan,nan,nan,nan,nan,nan,nan,nan,nan,nan,nan,nan
29.680,APPROACH,47.031610,-9.288146,-46.101446,0.599465,-1.575283,-2.323803,0.000461,-40.272942,-13.389406,29.399853,8.235121,-5.135859,0.000108,0.000000,0.000000,-31.949853,-49.561088,-59.490852,29.999317,6.659838,-7.459662,0.000569,0.000000,0.000000,-48.242155,-37.573379,-72.918243,29.400341,5.014709,-2.944695,-0.000383,0.000000,0.000000,0.000000,-9.288146,-46.101446,0.599465,47.031610,-1.575283,-2.323803,0.000461,2.807415,nan,nan,nan,0,nan,nan,nan,0,nan,nan,nan,nan,nan,nan,nan,nan,nan,nan,nan,nan,nan,nan,nan,nan,nan,nan,nan,nan,nan,nan,nan,nan,nan,nan,nan,nan,nan,nan,nan,nan,nan,nan,nan,nan,nan,nan,nan,nan,nan,nan,nan,nan,nan,nan,nan,nan,nan,nan,nan,nan,nan,nan,nan,nan,nan,nan,nan,nan,nan,nan,nan,nan,nan,nan,nan,nan,nan,nan,nan,nan,nan,nan,nan,nan,nan,nan,nan,nan
29.740,APPROACH,47.152649,-9.365542,-46.209301,0.599487,-1.547926,-2.157099,0.000440,-39.860233,-13.652449,29.399858,8.254184,-5.260859,0.000106,0.000000,0.000000,-32.511666,-49.225775,-59.861750,29.999344,6.706259,-7.417957,0.000546,0.000000,0.000000,-47.884610,-37.154509,-73.214073,29.400328,5.027458,-2.948716,-0.000366,0.000000,0.000000,0.000000,-9.365542,-46.209301,0.599487,47.152649,-1.547926,-2.157099,0.000440,2.655023,nan,nan,nan,0,nan,nan,nan,0,nan,nan,nan,nan,nan,nan,nan,nan,nan,nan,nan,nan,nan,nan,nan,nan,nan,nan,nan,nan,nan,nan,nan,nan,nan,nan,nan,nan,nan,nan,nan,nan,nan,nan,nan,nan,nan,nan,nan,nan,nan,nan,nan,nan,nan,nan,nan,nan,nan,nan,nan,nan,nan,nan,nan,nan,nan,nan,nan,nan,nan,nan,nan,nan,nan,nan,nan,nan,nan,nan,nan,nan,nan,nan,nan,nan,nan,nan,nan,nan
29.780,APPROACH,47.265309,-9.441638,-46.308806,0.599508,-1.521907,-1.990104,0.000421,-39.446516,-13.921741,29.399863,8.274327,-5.385859,0.000104,0.000000,0.000000,-33.060586,-48.888154,-60.230548,29.999371,6.752420,-7.375963,0.000524,0.000000,0.000000,-47.527055,-36.733798,-73.507281,29.400315,5.040208,-2.952647,-0.000350,0.000000,0.000000,0.000000,-9.441638,-46.308806,0.599508,47.265309,-1.521907,-1.990104,0.000421,2.505337,nan,nan,nan,0,nan,nan,nan,0,nan,nan,nan,nan,nan,nan,nan,nan,nan,nan,nan,nan,nan,nan,nan,nan,nan,nan,nan,nan,nan,nan,nan,nan,nan,nan,nan,nan,nan,nan,nan,nan,nan,nan,nan,nan,nan,nan,nan,nan,nan,nan,nan,nan,nan,nan,nan,nan,nan,nan,nan,nan,nan,nan,nan,nan,nan,nan,nan,nan,nan,nan,nan,nan,nan,nan,nan,nan,nan,nan,nan,nan,nan,nan,nan,nan,nan,nan,nan,nan
29.840,APPROACH,47.369592,-9.516495,-46.399947,0.599528,-1.497151,-1.822821,0.000402,-39.031743,-14.197284,29.399868,8.295470,-5.510859,0.000101,0.000000,0.000000,-33.596940,-48.548238,-60.597232,29.999396,6.798319,-7.333680,0.000503,0.000000,0.000000,-47.169491,-36.311264,-73.797855,29.400302,5.052966,-2.956489,-0.000335,0.000000,0.000000,0.000000,-9.516495,-46.399947,0.599528,47.369592,-1.497151,-1.822821,0.000402,2.358843,nan,nan,nan,0,nan,nan,nan,0,nan,nan,nan,nan,nan,nan,nan,nan,nan,nan,nan,nan,nan,nan,nan,nan,nan,nan,nan,nan,nan,nan,nan,nan,nan,nan,nan,nan,nan,nan,nan,nan,nan,nan,nan,nan,nan,nan,nan,nan,nan,nan,nan,nan,nan,nan,nan,nan,nan,nan,nan,nan,nan,nan,nan,nan,nan,nan,nan,nan,nan,nan,nan,nan,nan,nan,nan,nan,nan,nan,nan,nan,nan,nan,nan,nan,nan,nan,nan,nan
29.880,APPROACH,47.465495,-9.590175,-46.482710,0.599547,-1.473586,-1.655252,0.000385,-38.615866,-14.479077,29.399873,8.317540,-5.635859,0.000098,0.000000,0.000000,-34.121063,-48.206040,-60.961787,29.999420,6.843955,-7.291110,0.000483,0.000000,0.000000,-46.811918,-35.886922,-74.085785,29.400290,5.065735,-2.960241,-0.000321,0.000000,0.000000,0.000000,-9.590175,-46.482710,0.599547,47.465495,-1.473586,-1.655252,0.000385,2.216148,nan,nan,nan,0,nan,nan,nan,0,nan,nan,nan,nan,nan,nan,nan,nan,nan,nan,nan,nan,nan,nan,nan,nan,nan,nan,nan,nan,nan,nan,nan,nan,nan,nan,nan,nan,nan,nan,nan,nan,nan,nan,nan,nan,nan,nan,nan,nan,nan,nan,nan,nan,nan,nan,nan,nan,nan,nan,nan,nan,nan,nan,nan,nan,nan,nan,nan,nan,nan,nan,nan,nan,nan,nan,nan,nan,nan,nan,nan,nan,nan,nan,nan,nan,nan,nan,nan,nan
29.940,APPROACH,47.553018,-9.662732,-46.557080,0.599565,-1.451143,-1.487397,0.000368,-38.198842,-14.767120,29.399878,8.340467,-5.760859,0.000096,0.000000,0.000000,-34.633292,-47.861574,-61.324200,29.999443,6.889325,-7.248255,0.000464,0.000000,0.000000,-46.454336,-35.460790,-74.371060,29.400278,5.078522,-2.963903,-0.000308,0.000000,0.000000,0.000000,-9.662732,-46.557080,0.599565,47.553018,-1.451143,-1.487397,0.000368,2.078019,nan,nan,nan,0,nan,nan,nan,0,nan,nan,nan,nan,nan,nan,nan,nan,nan,nan,nan,nan,nan,nan,nan,nan,nan,nan,nan,nan,nan,nan,nan,nan,nan,nan,nan,nan,nan,nan,nan,nan,nan,nan,nan,nan,nan,nan,nan,nan,nan,nan,nan,nan,nan,nan,nan,nan,nan,nan,nan,nan,nan,nan,nan,nan,nan,nan,nan,nan,nan,nan,nan,nan,nan,nan,nan,nan,nan,nan,nan,nan,nan,nan,nan,nan,nan,nan,nan,nan
29.980,APPROACH,47.632160,-9.734220,-46.623043,0.599583,-1.429757,-1.319259,0.000353,-37.780633,-15.061413,29.399882,8.364185,-5.885859,0.000093,0.000000,0.000000,-35.133967,-47.514853,-61.684456,29.999466,6.934428,-7.205117,0.000445,0.000000,0.000000,-46.096746,-35.032883,-74.653667,29.400267,5.091330,-2.967473,-0.000295,0.000000,0.000000,0.000000,-9.734220,-46.623043,0.599583,47.632160,-1.429757,-1.319259,0.000353,1.945418,nan,nan,nan,0,nan,nan,nan,0,nan,nan,nan,nan,nan,nan,nan,nan,nan,nan,nan,nan,nan,nan,nan,nan,nan,nan,nan,nan,nan,nan,nan,nan,nan,nan,nan,nan,nan,nan,nan,nan,nan,nan,nan,nan,nan,nan,nan,nan,nan,nan,nan,nan,nan,nan,nan,nan,nan,nan,nan,nan,nan,nan,nan,nan,nan,nan,nan,nan,nan,nan,nan,nan,nan,nan,nan,nan,nan,nan,nan,nan,nan,nan,nan,nan,nan,nan,nan,nan
30.040,APPROACH,47.702918,-9.804688,-46.680585,0.599600,-1.409369,-1.150839,0.000338,-37.361202,-15.361956,29.399887,8.388630,-6.010859,0.000090,0.000000,0.000000,-35.623425,-47.165890,-62.042541,29.999487,6.979261,-7.161698,0.000428,0.000000,0.000000,-45.739147,-34.603219,-74.933596,29.400257,5.104166,-2.970951,-0.000283,0.000000,0.000000,0.000000,-9.804688,-46.680585,0.599600,47.702918,-1.409369,-1.150839,0.000338,1.819547,nan,nan,nan,0,nan,nan,nan,0,nan,nan,nan,nan,nan,nan,nan,nan,nan,nan,nan,nan,nan,nan,nan,nan,nan,nan,nan,nan,nan,nan,nan,nan,nan,nan,nan,nan,nan,nan,nan,nan,nan,nan,nan,nan,nan,nan,nan,nan,nan,nan,nan,nan,nan,nan,nan,nan,nan,nan,nan,nan,nan,nan,nan,nan,nan,nan,nan,nan,nan,nan,nan,nan,nan,nan,nan,nan,nan,nan,nan,nan,nan,nan,nan,nan,nan,nan,nan,nan
30.080,APPROACH,47.765292,-9.874184,-46.729692,0.599616,-1.389920,-0.982139,0.000324,-36.940514,-15.668749,29.399891,8.413745,-6.135859,0.000087,0.000000,0.000000,-36.102003,-46.814699,-62.398441,29.999507,7.023824,-7.117998,0.000410,0.000000,0.000000,-45.381540,-34.171815,-75.210837,29.400246,5.117032,-2.974337,-0.000271,0.000000,0.000000,0.000000,-9.874184,-46.729692,0.599616,47.765292,-1.389920,-0.982139,0.000324,1.701904,nan,nan,nan,0,nan,nan,nan,0,nan,nan,nan,nan,nan,nan,nan,nan,nan,nan,nan,nan,nan,nan,nan,nan,nan,nan,nan,nan,nan,nan,nan,nan,nan,nan,nan,nan,nan,nan,nan,nan,nan,nan,nan,nan,nan,nan,nan,nan,nan,nan,nan,nan,nan,nan,nan,nan,nan,nan,nan,nan,nan,nan,nan,nan,nan,nan,nan,nan,nan,nan,nan,nan,nan,nan,nan,nan,nan,nan,nan,nan,nan,nan,nan,nan,nan,nan,nan,nan
30.140,APPROACH,47.819279,-9.942752,-46.770350,0.599632,-1.371357,-0.813161,0.000310,-36.518541,-15.981792,29.399896,8.439471,-6.260859,0.000084,0.000000,0.000000,-36.570033,-46.461293,-62.752142,29.999527,7.068114,-7.074020,0.000394,0.000000,0.000000,-45.023926,-33.738687,-75.485378,29.400236,5.129932,-2.977631,-0.000260,0.000000,0.000000,0.000000,-9.942752,-46.770350,0.599632,47.819279,-1.371357,-0.813161,0.000310,1.594318,nan,nan,nan,0,nan,nan,nan,0,nan,nan,nan,nan,nan,nan,nan,nan,nan,nan,nan,nan,nan,nan,nan,nan,nan,nan,nan,nan,nan,nan,nan,nan,nan,nan,nan,nan,nan,nan,nan,nan,nan,nan,nan,nan,nan,nan,nan,nan,nan,nan,nan,nan,nan,nan,nan,nan,nan,nan,nan,nan,nan,nan,nan,nan,nan,nan,nan,nan,nan,nan,nan,nan,nan,nan,nan,nan,nan,nan,nan,nan,nan,nan,nan,nan,nan,nan,nan,nan
30.180,APPROACH,47.864878,-10.010433,-46.802545,0.599646,-1.353627,-0.643907,0.000297,-36.095253,-16.301085,29.399900,8.465757,-6.385859,0.000081,0.000000,0.000000,-37.027845,-46.105686,-63.103630,29.999546,7.112130,-7.029766,0.000378,0.000000,0.000000,-44.666304,-33.303852,-75.757208,29.400227,5.142871,-2.980831,-0.000249,0.000000,0.000000,0.000000,-10.010433,-46.802545,0.599646,47.864878,-1.353627,-0.643907,0.000297,1.498974,nan,nan,nan,0,nan,nan,nan,0,nan,nan,nan,nan,nan,nan,nan,nan,nan,nan,nan,nan,nan,nan,nan,nan,nan,nan,nan,nan,nan,nan,nan,nan,nan,nan,nan,nan,nan,nan,nan,nan,nan,nan,nan,nan,nan,nan,nan,nan,nan,nan,nan,nan,nan,nan,nan,nan,nan,nan,nan,nan,nan,nan,nan,nan,nan,nan,nan,nan,nan,nan,nan,nan,nan,nan,nan,nan,nan,nan,nan,nan,nan,nan,nan,nan,nan,nan,nan,nan
30.240,APPROACH,47.902087,-10.077267,-46.826264,0.599661,-1.336683,-0.474378,0.000285,-35.670625,-16.626628,29.399904,8.492553,-6.510859,0.000078,0.000000,0.000000,-37.475761,-45.747893,-63.452892,29.999564,7.155870,-6.985236,0.000363,0.000000,0.000000,-44.308674,-32.867327,-76.026317,29.400218,5.155852,-2.983937,-0.000239,0.000000,0.000000,0.000000,-10.077267,-46.826264,0.599661,47.902087,-1.336683,-0.474378,0.000285,1.418364,nan,nan,nan,0,nan,nan,nan,0,nan,nan,nan,nan,nan,nan,nan,nan,nan,nan,nan,nan,nan,nan,nan,nan,nan,nan,nan,nan,nan,nan,nan,nan,nan,nan,nan,nan,nan,nan,nan,nan,nan,nan,nan,nan,nan,nan,nan,nan,nan,nan,nan,nan,nan,nan,nan,nan,nan,nan,nan,nan,nan,nan,nan,nan,nan,nan,nan,nan,nan,nan,nan,nan,nan,nan,nan,nan,nan,nan,nan,nan,nan,nan,nan,nan,nan,nan,nan,nan
30.280,APPROACH,47.930902,-10.143291,-46.841493,0.599674,-1.320478,-0.304575,0.000273,-35.244635,-16.958421,29.399907,8.519810,-6.635859,0.000075,0.000000,0.000000,-37.914098,-45.387926,-63.799913,29.999582,7.199332,-6.940434,0.000349,0.000000,0.000000,-43.951038,-32.429129,-76.292695,29.400209,5.168877,-2.986949,-0.000229,0.000000,0.000000,0.000000,-10.143291,-46.841493,0.599674,47.930902,-1.320478,-0.304575,0.000273,1.355149,nan,nan,nan,0,nan,nan,nan,0,nan,nan,nan,nan,nan,nan,nan,nan,nan,nan,nan,nan,nan,nan,nan,nan,nan,nan,nan,nan,nan,nan,nan,nan,nan,nan,nan,nan,nan,nan,nan,nan,nan,nan,nan,nan,nan,nan,nan,nan,nan,nan,nan,nan,nan,nan,nan,nan,nan,nan,nan,nan,nan,nan,nan,nan,nan,nan,nan,nan,nan,nan,nan,nan,nan,nan,nan,nan,nan,nan,nan,nan,nan,nan,nan,nan,nan,nan,nan,nan
30.340,APPROACH,47.951323,-10.208540,-46.848218,0.599687,-1.304970,-0.134502,0.000262,-34.817261,-17.296464,29.399911,8.547484,-6.760859,0.000073,0.000000,0.000000,-38.343167,-45.025801,-64.144682,29.999598,7.242514,-6.895360,0.000335,0.000000,0.000000,-43.593394,-31.989276,-76.556330,29.400201,5.181950,-2.989865,-0.000220,0.000000,0.000000,0.000000,-10.208540,-46.848218,0.599687,47.951323,-1.304970,-0.134502,0.000262,1.311883,nan,nan,nan,0,nan,nan,nan,0,nan,nan,nan,nan,nan,nan,nan,nan,nan,nan,nan,nan,nan,nan,nan,nan,nan,nan,nan,nan,nan,nan,nan,nan,nan,nan,nan,nan,nan,nan,nan,nan,nan,nan,nan,nan,nan,nan,nan,nan,nan,nan,nan,nan,nan,nan,nan,nan,nan,nan,nan,nan,nan,nan,nan,nan,nan,nan,nan,nan,nan,nan,nan,nan,nan,nan,nan,nan,nan,nan,nan,nan,nan,nan,nan,nan,nan,nan,nan,nan
30.380,APPROACH,47.963348,-10.273046,-46.846426,0.599700,-1.290118,0.035841,0.000251,-34.388484,-17.640757,29.399914,8.575532,-6.885859,0.000070,0.000000,0.000000,-38.763271,-44.661530,-64.487182,29.999614,7.285414,-6.850017,0.000321,0.000000,0.000000,-43.235744,-31.547784,-76.817214,29.400193,5.195074,-2.992687,-0.000211,0.000000,0.000000,0.000000,-10.273046,-46.846426,0.599700,47.963348,-1.290118,0.035841,0.000251,1.290616,nan,nan,nan,0,nan,nan,nan,0,nan,nan,nan,nan,nan,nan,nan,nan,nan,nan,nan,nan,nan,nan,nan,nan,nan,nan,nan,nan,nan,nan,nan,nan,nan,nan,nan,nan,nan,nan,nan,nan,nan,nan,nan,nan,nan,nan,nan,nan,nan,nan,nan,nan,nan,nan,nan,nan,nan,nan,nan,nan,nan,nan,nan,nan,nan,nan,nan,nan,nan,nan,nan,nan,nan,nan,nan,nan,nan,nan,nan,nan,nan,nan,nan,nan,nan,nan,nan,nan
30.440,APPROACH,47.966973,-10.336840,-46.836103,0.599712,-1.275883,0.206452,0.000241,-33.958288,-17.991300,29.399918,8.603914,-7.010859,0.000067,0.000000,0.000000,-39.174705,-44.295128,-64.827403,29.999630,7.328032,-6.804407,0.000308,0.000000,0.000000,-42.878087,-31.104671,-77.075335,29.400185,5.208252,-2.995412,-0.000202,0.000000,0.000000,0.000000,-10.336840,-46.836103,0.599712,47.966973,-1.275883,0.206452,0.000241,1.292478,nan,nan,nan,0,nan,nan,nan,0,nan,nan,nan,nan,nan,nan,nan,nan,nan,nan,nan,nan,nan,nan,nan,nan,nan,nan,nan,nan,nan,nan,nan,nan,nan,nan,nan,nan,nan,nan,nan,nan,nan,nan,nan,nan,nan,nan,nan,nan,nan,nan,nan,nan,nan,nan,nan,nan,nan,nan,nan,nan,nan,nan,nan,nan,nan,nan,nan,nan,nan,nan,nan,nan,nan,nan,nan,nan,nan,nan,nan,nan,nan,nan,nan,nan,nan,nan,nan,nan
30.480,APPROACH,47.962197,-10.399951,-46.817237,0.599724,-1.262228,0.377329,0.000231,-33.526659,-18.348092,29.399921,8.632593,-7.135859,0.000065,0.000000,0.000000,-39.577756,-43.926610,-65.165329,29.999645,7.370365,-6.758530,0.000296,0.000000,0.000000,-42.520424,-30.659954,-77.330683,29.400178,5.221485,-2.998041,-0.000194,0.000000,0.000000,0.000000,-10.399951,-46.817237,0.599724,47.962197,-1.262228,0.377329,0.000231,1.317420,nan,nan,nan,0,nan,nan,nan,0,nan,nan,nan,nan,nan,nan,nan,nan,nan,nan,nan,nan,nan,nan,nan,nan,nan,nan,nan,nan,nan,nan,nan,nan,nan,nan,nan,nan,nan,nan,nan,nan,nan,nan,nan,nan,nan,nan,nan,nan,nan,nan,nan,nan,nan,nan,nan,nan,nan,nan,nan,nan,nan,nan,nan,nan,nan,nan,nan,nan,nan,nan,nan,nan,nan,nan,nan,nan,nan,nan,nan,nan,nan,nan,nan,nan,nan,nan,nan,nan
30.540,APPROACH,47.949017,-10.462407,-46.789813,0.599735,-1.249120,0.548470,0.000222,-33.093582,-18.711135,29.399924,8.661531,-7.260859,0.000062,0.000000,0.000000,-39.972705,-43.555989,-65.500949,29.999659,7.412411,-6.712389,0.000284,0.000000,0.000000,-42.162755,-30.213650,-77.583249,29.400171,5.234776,-3.000573,-0.000186,0.000000,0.000000,0.000000,-10.462407,-46.789813,0.599735,47.949017,-1.249120,0.548470,0.000222,1.364228,nan,nan,nan,0,nan,nan,nan,0,nan,nan,nan,nan,nan,nan,nan,nan,nan,nan,nan,nan,nan,nan,nan,nan,nan,nan,nan,nan,nan,nan,nan,nan,nan,nan,nan,nan,nan,nan,nan,nan,nan,nan,nan,nan,nan,nan,nan,nan,nan,nan,nan,nan,nan,nan,nan,nan,nan,nan,nan,nan,nan,nan,nan,nan,nan,nan,nan,nan,nan,nan,nan,nan,nan,nan,nan,nan,nan,nan,nan,nan,nan,nan,nan,nan,nan,nan,nan,nan
30.580,APPROACH,47.927433,-10.524233,-46.753820,0.599745,-1.236525,0.719873,0.000213,-32.659048,-19.080428,29.399927,8.690694,-7.385859,0.000060,0.000000,0.000000,-40.359822,-43.183281,-65.834248,29.999673,7.454169,-6.665986,0.000273,0.000000,0.000000,-41.805080,-29.765777,-77.833022,29.400164,5.248127,-3.003008,-0.000179,0.000000,0.000000,0.000000,-10.524233,-46.753820,0.599745,47.927433,-1.236525,0.719873,0.000213,1.430808,nan,nan,nan,0,nan,nan,nan,0,nan,nan,nan,nan,nan,nan,nan,nan,nan,nan,nan,nan,nan,nan,nan,nan,nan,nan,nan,nan,nan,nan,nan,nan,nan,nan,nan,nan,nan,nan,nan,nan,nan,nan,nan,nan,nan,nan,nan,nan,nan,nan,nan,nan,nan,nan,nan,nan,nan,nan,nan,nan,nan,nan,nan,nan,nan,nan,nan,nan,nan,nan,nan,nan,nan,nan,nan,nan,nan,nan,nan,nan,nan,nan,nan,nan,nan,nan,nan,nan
30.640,APPROACH,47.897442,-10.585454,-46.709243,0.599756,-1.224414,0.891537,0.000204,-32.223045,-19.455971,29.399930,8.720051,-7.510859,0.000058,0.000000,0.000000,-40.739370,-42.808499,-66.165214,29.999686,7.495637,-6.619322,0.000262,0.000000,0.000000,-41.447400,-29.316352,-78.079993,29.400157,5.261540,-3.005344,-0.000172,0.000000,0.000000,0.000000,-10.585454,-46.709243,0.599756,47.897442,-1.224414,0.891537,0.000204,1.514605,nan,nan,nan,0,nan,nan,nan,0,nan,nan,nan,nan,nan,nan,nan,nan,nan,nan,nan,nan,nan,nan,nan,nan,nan,nan,nan,nan,nan,nan,nan,nan,nan,nan,nan,nan,nan,nan,nan,nan,nan,nan,nan,nan,nan,nan,nan,nan,nan,nan,nan,nan,nan,nan,nan,nan,nan,nan,nan,nan,nan,nan,nan,nan,nan,nan,nan,nan,nan,nan,nan,nan,nan,nan,nan,nan,nan,nan,nan,nan,nan,nan,nan,nan,nan,nan,nan,nan
30.680,APPROACH,47.859041,-10.646092,-46.656070,0.599765,-1.212757,1.063459,0.000196,-31.785566,-19.837764,29.399933,8.749571,-7.635859,0.000056,0.000000,0.000000,-41.111604,-42.431658,-66.493834,29.999698,7.536814,-6.572399,0.000252,0.000000,0.000000,-41.089713,-28.865393,-78.324153,29.400151,5.275017,-3.007582,-0.000165,0.000000,0.000000,0.000000,-10.646092,-46.656070,0.599765,47.859041,-1.212757,1.063459,0.000196,1.612986,nan,nan,nan,0,nan,nan,nan,0,nan,nan,nan,nan,nan,nan,nan,nan,nan,nan,nan,nan,nan,nan,nan,nan,nan,nan,nan,nan,nan,nan,nan,nan,nan,nan,nan,nan,nan,nan,nan,nan,nan,nan,nan,nan,nan,nan,nan,nan,nan,nan,nan,nan,nan,nan,nan,nan,nan,nan,nan,nan,nan,nan,nan,nan,nan,nan,nan,nan,nan,nan,nan,nan,nan,nan,nan,nan,nan,nan,nan,nan,nan,nan,nan,nan,nan,nan,nan,nan
30.740,APPROACH,47.812231,-10.706168,-46.594288,0.599775,-1.201527,1.235638,0.000188,-31.346605,-20.225807,29.399936,8.779225,-7.760859,0.000053,0.000000,0.000000,-41.476769,-42.052774,-66.820095,29.999710,7.577698,-6.525220,0.000241,0.000000,0.000000,-40.732022,-28.412918,-78.565491,29.400145,5.288560,-3.009721,-0.000158,0.000000,0.000000,0.000000,-10.706168,-46.594288,0.599775,47.812231,-1.201527,1.235638,0.000188,1.723505,nan,nan,nan,0,nan,nan,nan,0,nan,nan,nan,nan,nan,nan,nan,nan,nan,nan,nan,nan,nan,nan,nan,nan,nan,nan,nan,nan,nan,nan,nan,nan,nan,nan,nan,nan,nan,nan,nan,nan,nan,nan,nan,nan,nan,nan,nan,nan,nan,nan,nan,nan,nan,nan,nan,nan,nan,nan,nan,nan,nan,nan,nan,nan,nan,nan,nan,nan,nan,nan,nan,nan,nan,nan,nan,nan,nan,nan,nan,nan,nan,nan,nan,nan,nan,nan,nan,nan
30.780,APPROACH,47.757009,-10.765703,-46.523884,0.599784,-1.190698,1.408073,0.000180,-30.906156,-20.620100,29.399938,8.808985,-7.885859,0.000051,0.000000,0.000000,-41.835105,-41.671859,-67.143984,29.999722,7.618287,-6.477786,0.000232,0.000000,0.000000,-40.374325,-27.958943,-78.803999,29.400139,5.302170,-3.011761,-0.000152,0.000000,0.000000,0.000000,-10.765703,-46.523884,0.599784,47.757009,-1.190698,1.408073,0.000180,1.844026,nan,nan,nan,0,nan,nan,nan,0,nan,nan,nan,nan,nan,nan,nan,nan,nan,nan,nan,nan,nan,nan,nan,nan,nan,nan,nan,nan,nan,nan,nan,nan,nan,nan,nan,nan,nan,nan,nan,nan,nan,nan,nan,nan,nan,nan,nan,nan,nan,nan,nan,nan,nan,nan,nan,nan,nan,nan,nan,nan,nan,nan,nan,nan,nan,nan,nan,nan,nan,nan,nan,nan,nan,nan,nan,nan,nan,nan,nan,nan,nan,nan,nan,nan,nan,nan,nan,nan
30.840,APPROACH,47.693374,-10.824716,-46.444846,0.599792,-1.180246,1.580760,0.000173,-30.464215,-21.020643,29.399941,8.838825,-8.010859,0.000049,0.000000,0.000000,-42.186840,-41.288930,-67.465489,29.999733,7.658579,-6.430098,0.000223,0.000000,0.000000,-40.016623,-27.503488,-79.039666,29.400134,5.315848,-3.013701,-0.000146,0.000000,0.000000,0.000000,-10.824716,-46.444846,0.599792,47.693374,-1.180246,1.580760,0.000173,1.972760,nan,nan,nan,0,nan,nan,nan,0,nan,nan,nan,nan,nan,nan,nan,nan,nan,nan,nan,nan,nan,nan,nan,nan,nan,nan,nan,nan,nan,nan,nan,nan,nan,nan,nan,nan,nan,nan,nan,nan,nan,nan,nan,nan,nan,nan,nan,nan,nan,nan,nan,nan,nan,nan,nan,nan,nan,nan,nan,nan,nan,nan,nan,nan,nan,nan,nan,nan,nan,nan,nan,nan,nan,nan,nan,nan,nan,nan,nan,nan,nan,nan,nan,nan,nan,nan,nan,nan
30.880,APPROACH,47.621326,-10.883223,-46.357161,0.599801,-1.170147,1.753699,0.000166,-30.020779,-21.427436,29.399943,8.868721,-8.135859,0.000047,0.000000,0.000000,-42.532197,-40.904002,-67.784597,29.999744,7.698574,-6.382160,0.000214,0.000000,0.000000,-39.658916,-27.046569,-79.272484,29.400128,5.329597,-3.015541,-0.000140,0.000000,0.000000,0.000000,-10.883223,-46.357161,0.599801,47.621326,-1.170147,1.753699,0.000166,2.108247,nan,nan,nan,0,nan,nan,nan,0,nan,nan,nan,nan,nan,nan,nan,nan,nan,nan,nan,nan,nan,nan,nan,nan,nan,nan,nan,nan,nan,nan,nan,nan,nan,nan,nan,nan,nan,nan,nan,nan,nan,nan,nan,nan,nan,nan,nan,nan,nan,nan,nan,nan,nan,nan,nan,nan,nan,nan,nan,nan,nan,nan,nan,nan,nan,nan,nan,nan,nan,nan,nan,nan,nan,nan,nan,nan,nan,nan,nan,nan,nan,nan,nan,nan,nan,nan,nan,nan
30.940,APPROACH,47.540864,-10.941242,-46.260817,0.599809,-1.160380,1.926887,0.000160,-29.575846,-21.840479,29.399945,8.898649,-8.260859,0.000046,0.000000,0.000000,-42.871390,-40.517088,-68.101296,29.999754,7.738269,-6.333971,0.000205,0.000000,0.000000,-39.301204,-26.588204,-79.502444,29.400123,5.343417,-3.017279,-0.000134,0.000000,0.000000,0.000000,-10.941242,-46.260817,0.599809,47.540864,-1.160380,1.926887,0.000160,2.249306,nan,nan,nan,0,nan,nan,nan,0,nan,nan,nan,nan,nan,nan,nan,nan,nan,nan,nan,nan,nan,nan,nan,nan,nan,nan,nan,nan,nan,nan,nan,nan,nan,nan,nan,nan,nan,nan,nan,nan,nan,nan,nan,nan,nan,nan,nan,nan,nan,nan,nan,nan,nan,nan,nan,nan,nan,nan,nan,nan,nan,nan,nan,nan,nan,nan,nan,nan,nan,nan,nan,nan,nan,nan,nan,nan,nan,nan,nan,nan,nan,nan,nan,nan,nan,nan,nan,nan
30.980,APPROACH,47.451987,-10.998788,-46.155801,0.599816,-1.150925,2.100323,0.000153,-29.129417,-22.259772,29.399947,8.928588,-8.385859,0.000044,0.000000,0.000000,-43.204626,-40.128205,-68.415573,29.999764,7.777663,-6.285536,0.000197,0.000000,0.000000,-38.943488,-26.128412,-79.729537,29.400118,5.357309,-3.018917,-0.000129,0.000000,0.000000,0.000000,-10.998788,-46.155801,0.599816,47.451987,-1.150925,2.100323,0.000153,2.394991,nan,nan,nan,0,nan,nan,nan,0,nan,nan,nan,nan,nan,nan,nan,nan,nan,nan,nan,nan,nan,nan,nan,nan,nan,nan,nan,nan,nan,nan,nan,nan,nan,nan,nan,nan,nan,nan,nan,nan,nan,nan,nan,nan,nan,nan,nan,nan,nan,nan,nan,nan,nan,nan,nan,nan,nan,nan,nan,nan,nan,nan,nan,nan,nan,nan,nan,nan,nan,nan,nan,nan,nan,nan,nan,nan,nan,nan,nan,nan,nan,nan,nan,nan,nan,nan,nan,nan
31.040,APPROACH,47.354696,-11.055876,-46.042101,0.599824,-1.141761,2.274004,0.000147,-28.681491,-22.685315,29.399949,8.958515,-8.510859,0.000042,0.000000,0.000000,-43.532103,-39.737367,-68.727415,29.999773,7.816754,-6.236854,0.000189,0.000000,0.000000,-38.585767,-25.667209,-79.953753,29.400113,5.371275,-3.020452,-0.000124,0.000000,0.000000,0.000000,-11.055876,-46.042101,0.599824,47.354696,-1.141761,2.274004,0.000147,2.544546,nan,nan,nan,0,nan,nan,nan,0,nan,nan,nan,nan,nan,nan,nan,nan,nan,nan,nan,nan,nan,nan,nan,nan,nan,nan,nan,nan,nan,nan,nan,nan,nan,nan,nan,nan,nan,nan,nan,nan,nan,nan,nan,nan,nan,nan,nan,nan,nan,nan,nan,nan,nan,nan,nan,nan,nan,nan,nan,nan,nan,nan,nan,nan,nan,nan,nan,nan,nan,nan,nan,nan,nan,nan,nan,nan,nan,nan,nan,nan,nan,nan,nan,nan,nan,nan,nan,nan
31.080,APPROACH,47.248991,-11.112520,-45.919704,0.599831,-1.132871,2.447929,0.000141,-28.232070,-23.117108,29.399951,8.988413,-8.635859,0.000040,0.000000,0.000000,-43.854014,-39.344590,-69.036812,29.999782,7.855541,-6.187929,0.000181,0.000000,0.000000,-38.228041,-25.204616,-80.175084,29.400109,5.385315,-3.021886,-0.000119,0.000000,0.000000,0.000000,-11.112520,-45.919704,0.599831,47.248991,-1.132871,2.447929,0.000141,2.697361,nan,nan,nan,0,nan,nan,nan,0,nan,nan,nan,nan,nan,nan,nan,nan,nan,nan,nan,nan,nan,nan,nan,nan,nan,nan,nan,nan,nan,nan,nan,nan,nan,nan,nan,nan,nan,nan,nan,nan,nan,nan,nan,nan,nan,nan,nan,nan,nan,nan,nan,nan,nan,nan,nan,nan,nan,nan,nan,nan,nan,nan,nan,nan,nan,nan,nan,nan,nan,nan,nan,nan,nan,nan,nan,nan,nan,nan,nan,nan,nan,nan,nan,nan,nan,nan,nan,nan
31.140,APPROACH,47.134872,-11.168732,-45.788599,0.599838,-1.124238,2.622096,0.000135,-27.781157,-23.555150,29.399953,9.018260,-8.760859,0.000039,0.000000,0.000000,-44.170543,-38.949889,-69.343750,29.999791,7.894023,-6.138762,0.000174,0.000000,0.000000,-37.870312,-24.740648,-80.393522,29.400105,5.399430,-3.023216,-0.000114,0.000000,0.000000,0.000000,-11.168732,-45.788599,0.599838,47.134872,-1.124238,2.622096,0.000135,2.852945,nan,nan,nan,0,nan,nan,nan,0,nan,nan,nan,nan,nan,nan,nan,nan,nan,nan,nan,nan,nan,nan,nan,nan,nan,nan,nan,nan,nan,nan,nan,nan,nan,nan,nan,nan,nan,nan,nan,nan,nan,nan,nan,nan,nan,nan,nan,nan,nan,nan,nan,nan,nan,nan,nan,nan,nan,nan,nan,nan,nan,nan,nan,nan,nan,nan,nan,nan,nan,nan,nan,nan,nan,nan,nan,nan,nan,nan,nan,nan,nan,nan,nan,nan,nan,nan,nan,nan
31.180,APPROACH,47.012342,-11.224524,-45.648774,0.599844,-1.115844,2.796503,0.000130,-27.328755,-23.999443,29.399955,9.048041,-8.885859,0.000037,0.000000,0.000000,-44.481869,-38.553279,-69.648218,29.999799,7.932197,-6.089356,0.000167,0.000000,0.000000,-37.512578,-24.275325,-80.609058,29.400100,5.413621,-3.024444,-0.000109,0.000000,0.000000,0.000000,-11.224524,-45.648774,0.599844,47.012342,-1.115844,2.796503,0.000130,3.010903,nan,nan,nan,0,nan,nan,nan,0,nan,nan,nan,nan,nan,nan,nan,nan,nan,nan,nan,nan,nan,nan,nan,nan,nan,nan,nan,nan,nan,nan,nan,nan,nan,nan,nan,nan,nan,nan,nan,nan,nan,nan,nan,nan,nan,nan,nan,nan,nan,nan,nan,nan,nan,nan,nan,nan,nan,nan,nan,nan,nan,nan,nan,nan,nan,nan,nan,nan,nan,nan,nan,nan,nan,nan,nan,nan,nan,nan,nan,nan,nan,nan,nan,nan,nan,nan,nan,nan
31.240,APPROACH,46.881402,-11.279908,-45.500217,0.599850,-1.107675,2.971147,0.000125,-26.874868,-24.449986,29.399957,9.077737,-9.010859,0.000036,0.000000,0.000000,-44.788161,-38.154776,-69.950203,29.999807,7.970062,-6.039711,0.000161,0.000000,0.000000,-37.154841,-23.808664,-80.821683,29.400096,5.427889,-3.025568,-0.000105,0.000000,0.000000,0.000000,-11.279908,-45.500217,0.599850,46.881402,-1.107675,2.971147,0.000125,3.170909,nan,nan,nan,0,nan,nan,nan,0,nan,nan,nan,nan,nan,nan,nan,nan,nan,nan,nan,nan,nan,nan,nan,nan,nan,nan,nan,nan,nan,nan,nan,nan,nan,nan,nan,nan,nan,nan,nan,nan,nan,nan,nan,nan,nan,nan,nan,nan,nan,nan,nan,nan,nan,nan,nan,nan,nan,nan,nan,nan,nan,nan,nan,nan,nan,nan,nan,nan,nan,nan,nan,nan,nan,nan,nan,nan,nan,nan,nan,nan,nan,nan,nan,nan,nan,nan,nan,nan
31.280,APPROACH,46.742054,-11.334893,-45.342915,0.599856,-1.099717,3.146028,0.000120,-26.419502,-24.906779,29.399959,9.107334,-9.135859,0.000034,0.000000,0.000000,-45.089587,-37.754395,-70.249695,29.999815,8.007617,-5.989831,0.000154,0.000000,0.000000,-36.797099,-23.340685,-81.031390,29.400092,5.442234,-3.026588,-0.000101,0.000000,0.000000,0.000000,-11.334893,-45.342915,0.599856,46.742054,-1.099717,3.146028,0.000120,3.332697,nan,nan,nan,0,nan,nan,nan,0,nan,nan,nan,nan,nan,nan,nan,nan,nan,nan,nan,nan,nan,nan,nan,nan,nan,nan,nan,nan,nan,nan,nan,nan,nan,nan,nan,nan,nan,nan,nan,nan,nan,nan,nan,nan,nan,nan,nan,nan,nan,nan,nan,nan,nan,nan,nan,nan,nan,nan,nan,nan,nan,nan,nan,nan,nan,nan,nan,nan,nan,nan,nan,nan,nan,nan,nan,nan,nan,nan,nan,nan,nan,nan,nan,nan,nan,nan,nan,nan
31.340,APPROACH,46.594301,-11.389491,-45.176858,0.599862,-1.091954,3.321143,0.000115,-25.962661,-25.369822,29.399960,9.136815,-9.260859,0.000033,0.000000,0.000000,-45.386304,-37.352152,-70.546681,29.999822,8.044860,-5.939716,0.000148,0.000000,0.000000,-36.439354,-22.871404,-81.238169,29.400089,5.456657,-3.027503,-0.000097,0.000000,0.000000,0.000000,-11.389491,-45.176858,0.599862,46.594301,-1.091954,3.321143,0.000115,3.496048,nan,nan,nan,0,nan,nan,nan,0,nan,nan,nan,nan,nan,nan,nan,nan,nan,nan,nan,nan,nan,nan,nan,nan,nan,nan,nan,nan,nan,nan,nan,nan,nan,nan,nan,nan,nan,nan,nan,nan,nan,nan,nan,nan,nan,nan,nan,nan,nan,nan,nan,nan,nan,nan,nan,nan,nan,nan,nan,nan,nan,nan,nan,nan,nan,nan,nan,nan,nan,nan,nan,nan,nan,nan,nan,nan,nan,nan,nan,nan,nan,nan,nan,nan,nan,nan,nan,nan
31.380,APPROACH,46.438146,-11.443710,-45.002034,0.599868,-1.084376,3.496489,0.000110,-25.504353,-25.839115,29.399962,9.166166,-9.385859,0.000032,0.000000,0.000000,-45.678464,-36.948063,-70.841149,29.999830,8.081790,-5.889369,0.000142,0.000000,0.000000,-36.081605,-22.400841,-81.442014,29.400085,5.471159,-3.028314,-0.000093,0.000000,0.000000,0.000000,-11.443710,-45.002034,0.599868,46.438146,-1.084376,3.496489,0.000110,3.660780,nan,nan,nan,0,nan,nan,nan,0,nan,nan,nan,nan,nan,nan,nan,nan,nan,nan,nan,nan,nan,nan,nan,nan,nan,nan,nan,nan,nan,nan,nan,nan,nan,nan,nan,nan,nan,nan,nan,nan,nan,nan,nan,nan,nan,nan,nan,nan,nan,nan,nan,nan,nan,nan,nan,nan,nan,nan,nan,nan,nan,nan,nan,nan,nan,nan,nan,nan,nan,nan,nan,nan,nan,nan,nan,nan,nan,nan,nan,nan,nan,nan,nan,nan,nan,nan,nan,nan
31.440,APPROACH,46.273593,-11.497558,-44.818431,0.599873,-1.076968,3.672066,0.000106,-25.044584,-26.314658,29.399964,9.195373,-9.510859,0.000030,0.000000,0.000000,-45.966216,-36.542142,-71.133089,29.999836,8.118405,-5.838792,0.000136,0.000000,0.000000,-35.723853,-21.929013,-81.642915,29.400082,5.485739,-3.029019,-0.000089,0.000000,0.000000,0.000000,-11.497558,-44.818431,0.599873,46.273593,-1.076968,3.672066,0.000106,3.826739,nan,nan,nan,0,nan,nan,nan,0,nan,nan,nan,nan,nan,nan,nan,nan,nan,nan,nan,nan,nan,nan,nan,nan,nan,nan,nan,nan,nan,nan,nan,nan,nan,nan,nan,nan,nan,nan,nan,nan,nan,nan,nan,nan,nan,nan,nan,nan,nan,nan,nan,nan,nan,nan,nan,nan,nan,nan,nan,nan,nan,nan,nan,nan,nan,nan,nan,nan,nan,nan,nan,nan,nan,nan,nan,nan,nan,nan,nan,nan,nan,nan,nan,nan,nan,nan,nan,nan
31.480,APPROACH,46.100647,-11.551044,-44.626037,0.599878,-1.069720,3.847871,0.000102,-24.583363,-26.796451,29.399965,9.224424,-9.635859,0.000029,0.000000,0.000000,-46.249701,-36.134407,-71.422488,29.999843,8.154704,-5.787987,0.000131,0.000000,0.000000,-35.366097,-21.455940,-81.840865,29.400079,5.500398,-3.029619,-0.000086,0.000000,0.000000,0.000000,-11.551044,-44.626037,0.599878,46.100647,-1.069720,3.847871,0.000102,3.993797,nan,nan,nan,0,nan,nan,nan,0,nan,nan,nan,nan,nan,nan,nan,nan,nan,nan,nan,nan,nan,nan,nan,nan,nan,nan,nan,nan,nan,nan,nan,nan,nan,nan,nan,nan,nan,nan,nan,nan,nan,nan,nan,nan,nan,nan,nan,nan,nan,nan,nan,nan,nan,nan,nan,nan,nan,nan,nan,nan,nan,nan,nan,nan,nan,nan,nan,nan,nan,nan,nan,nan,nan,nan,nan,nan,nan,nan,nan,nan,nan,nan,nan,nan,nan,nan,nan,nan
31.540,APPROACH,45.919313,-11.604175,-44.424842,0.599883,-1.062621,4.023902,0.000098,-24.120698,-27.284494,29.399966,9.253306,-9.760859,0.000028,0.000000,0.000000,-46.529055,-35.724873,-71.709336,29.999849,8.190686,-5.736956,0.000126,0.000000,0.000000,-35.008338,-20.981639,-82.035857,29.400075,5.515137,-3.030112,-0.000082,0.000000,0.000000,0.000000,-11.604175,-44.424842,0.599883,45.919313,-1.062621,4.023902,0.000098,4.161845,nan,nan,nan,0,nan,nan,nan,0,nan,nan,nan,nan,nan,nan,nan,nan,nan,nan,nan,nan,nan,nan,nan,nan,nan,nan,nan,nan,nan,nan,nan,nan,nan,nan,nan,nan,nan,nan,nan,nan,nan,nan,nan,nan,nan,nan,nan,nan,nan,nan,nan,nan,nan,nan,nan,nan,nan,nan,nan,nan,nan,nan,nan,nan,nan,nan,nan,nan,nan,nan,nan,nan,nan,nan,nan,nan,nan,nan,nan,nan,nan,nan,nan,nan,nan,nan,nan,nan
31.580,APPROACH,45.729598,-11.656958,-44.214834,0.599888,-1.055660,4.200157,0.000094,-23.656597,-27.778787,29.399968,9.282008,-9.885859,0.000027,0.000000,0.000000,-46.804408,-35.313556,-71.993621,29.999855,8.226348,-5.685701,0.000121,0.000000,0.000000,-34.650576,-20.506129,-82.227883,29.400072,5.529956,-3.030499,-0.000079,0.000000,0.000000,0.000000,-11.656958,-44.214834,0.599888,45.729598,-1.055660,4.200157,0.000094,4.330790,nan,nan,nan,0,nan,nan,nan,0,nan,nan,nan,nan,nan,nan,nan,nan,nan,nan,nan,nan,nan,nan,nan,nan,nan,nan,nan,nan,nan,nan,nan,nan,nan,nan,nan,nan,nan,nan,nan,nan,nan,nan,nan,nan,nan,nan,nan,nan,nan,nan,nan,nan,nan,nan,nan,nan,nan,nan,nan,nan,nan,nan,nan,nan,nan,nan,nan,nan,nan,nan,nan,nan,nan,nan,nan,nan,nan,nan,nan,nan,nan,nan,nan,nan,nan,nan,nan,nan
31.640,APPROACH,45.531507,-11.709400,-43.996002,0.599892,-1.048828,4.376635,0.000090,-23.191071,-28.279330,29.399969,9.310518,-10.010859,0.000026,0.000000,0.000000,-47.075887,-34.900471,-72.275332,29.999861,8.261690,-5.634224,0.000116,0.000000,0.000000,-34.292810,-20.029429,-82.416935,29.400069,5.544855,-3.030779,-0.000076,0.000000,0.000000,0.000000,-11.709400,-43.996002,0.599892,45.531507,-1.048828,4.376635,0.000090,4.500552,nan,nan,nan,0,nan,nan,nan,0,nan,nan,nan,nan,nan,nan,nan,nan,nan,nan,nan,nan,nan,nan,nan,nan,nan,nan,nan,nan,nan,nan,nan,nan,nan,nan,nan,nan,nan,nan,nan,nan,nan,nan,nan,nan,nan,nan,nan,nan,nan,nan,nan,nan,nan,nan,nan,nan,nan,nan,nan,nan,nan,nan,nan,nan,nan,nan,nan,nan,nan,nan,nan,nan,nan,nan,nan,nan,nan,nan,nan,nan,nan,nan,nan,nan,nan,nan,nan,nan
31.680,APPROACH,45.325049,-11.761506,-43.768336,0.599896,-1.042116,4.553332,0.000086,-22.724130,-28.786123,29.399970,9.338826,-10.135859,0.000025,0.000000,0.000000,-47.343614,-34.485636,-72.554458,29.999867,8.296710,-5.582526,0.000111,0.000000,0.000000,-33.935042,-19.551557,-82.603006,29.400067,5.559834,-3.030952,-0.000073,0.000000,0.000000,0.000000,-11.761506,-43.768336,0.599896,45.325049,-1.042116,4.553332,0.000086,4.671064,nan,nan,nan,0,nan,nan,nan,0,nan,nan,nan,nan,nan,nan,nan,nan,nan,nan,nan,nan,nan,nan,nan,nan,nan,nan,nan,nan,nan,nan,nan,nan,nan,nan,nan,nan,nan,nan,nan,nan,nan,nan,nan,nan,nan,nan,nan,nan,nan,nan,nan,nan,nan,nan,nan,nan,nan,nan,nan,nan,nan,nan,nan,nan,nan,nan,nan,nan,nan,nan,nan,nan,nan,nan,nan,nan,nan,nan,nan,nan,nan,nan,nan,nan,nan,nan,nan,nan
31.740,APPROACH,45.110233,-11.813281,-43.531823,0.599900,-1.035514,4.730248,0.000083,-22.255784,-29.299166,29.399971,9.366921,-10.260859,0.000024,0.000000,0.000000,-47.607705,-34.069065,-72.830989,29.999872,8.331407,-5.530611,0.000107,0.000000,0.000000,-33.577270,-19.072532,-82.786088,29.400064,5.574893,-3.031016,-0.000070,0.000000,0.000000,0.000000,-11.813281,-43.531823,0.599900,45.110233,-1.035514,4.730248,0.000083,4.842265,nan,nan,nan,0,nan,nan,nan,0,nan,nan,nan,nan,nan,nan,nan,nan,nan,nan,nan,nan,nan,nan,nan,nan,nan,nan,nan,nan,nan,nan,nan,nan,nan,nan,nan,nan,nan,nan,nan,nan,nan,nan,nan,nan,nan,nan,nan,nan,nan,nan,nan,nan,nan,nan,nan,nan,nan,nan,nan,nan,nan,nan,nan,nan,nan,nan,nan,nan,nan,nan,nan,nan,nan,nan,nan,nan,nan,nan,nan,nan,nan,nan,nan,nan,nan,nan,nan,nan
31.780,APPROACH,44.887068,-11.864732,-43.286454,0.599904,-1.029016,4.907379,0.000080,-21.786044,-29.818459,29.399973,9.394795,-10.385859,0.000023,0.000000,0.000000,-47.868273,-33.650776,-73.104913,29.999877,8.365779,-5.478479,0.000102,0.000000,0.000000,-33.219496,-18.592373,-82.966175,29.400061,5.590033,-3.030973,-0.000067,0.000000,0.000000,0.000000,-11.864732,-43.286454,0.599904,44.887068,-1.029016,4.907379,0.000080,5.014105,nan,nan,nan,0,nan,nan,nan,0,nan,nan,nan,nan,nan,nan,nan,nan,nan,nan,nan,nan,nan,nan,nan,nan,nan,nan,nan,nan,nan,nan,nan,nan,nan,nan,nan,nan,nan,nan,nan,nan,nan,nan,nan,nan,nan,nan,nan,nan,nan,nan,nan,nan,nan,nan,nan,nan,nan,nan,nan,nan,nan,nan,nan,nan,nan,nan,nan,nan,nan,nan,nan,nan,nan,nan,nan,nan,nan,nan,nan,nan,nan,nan,nan,nan,nan,nan,nan,nan
31.840,APPROACH,44.655565,-11.915863,-43.032218,0.599908,-1.022612,5.084725,0.000076,-21.314922,-30.344001,29.399974,9.422438,-10.510859,0.000022,0.000000,0.000000,-48.125425,-33.230785,-73.376220,29.999882,8.399826,-5.426134,0.000098,0.000000,0.000000,-32.861719,-18.111098,-83.143260,29.400059,5.605253,-3.030821,-0.000064,0.000000,0.000000,0.000000,-11.915863,-43.032218,0.599908,44.655565,-1.022612,5.084725,0.000076,5.186537,nan,nan,nan,0,nan,nan,nan,0,nan,nan,nan,nan,nan,nan,nan,nan,nan,nan,nan,nan,nan,nan,nan,nan,nan,nan,nan,nan,nan,nan,nan,nan,nan,nan,nan,nan,nan,nan,nan,nan,nan,nan,nan,nan,nan,nan,nan,nan,nan,nan,nan,nan,nan,nan,nan,nan,nan,nan,nan,nan,nan,nan,nan,nan,nan,nan,nan,nan,nan,nan,nan,nan,nan,nan,nan,nan,nan,nan,nan,nan,nan,nan,nan,nan,nan,nan,nan,nan
31.880,APPROACH,44.415735,-11.966678,-42.769104,0.599912,-1.016297,5.262283,0.000073,-20.842430,-30.875794,29.399975,9.449842,-10.635859,0.000021,0.000000,0.000000,-48.379267,-32.809108,-73.644898,29.999887,8.433545,-5.373576,0.000094,0.000000,0.000000,-32.503939,-17.628727,-83.317335,29.400057,5.620554,-3.030560,-0.000062,0.000000,0.000000,0.000000,-11.966678,-42.769104,0.599912,44.415735,-1.016297,5.262283,0.000073,5.359522,nan,nan,nan,0,nan,nan,nan,0,nan,nan,nan,nan,nan,nan,nan,nan,nan,nan,nan,nan,nan,nan,nan,nan,nan,nan,nan,nan,nan,nan,nan,nan,nan,nan,nan,nan,nan,nan,nan,nan,nan,nan,nan,nan,nan,nan,nan,nan,nan,nan,nan,nan,nan,nan,nan,nan,nan,nan,nan,nan,nan,nan,nan,nan,nan,nan,nan,nan,nan,nan,nan,nan,nan,nan,nan,nan,nan,nan,nan,nan,nan,nan,nan,nan,nan,nan,nan,nan
31.940,APPROACH,44.167592,-12.017181,-42.497101,0.599915,-1.010062,5.440050,0.000070,-20.368580,-31.413837,29.399976,9.476998,-10.760859,0.000020,0.000000,0.000000,-48.629898,-32.385761,-73.910939,29.999891,8.466936,-5.320808,0.000091,0.000000,0.000000,-32.146157,-17.145277,-83.488394,29.400054,5.622123,-3.029889,-0.000059,0.000000,0.000000,0.000000,-12.017181,-42.497101,0.599915,44.167592,-1.010062,5.440050,0.000070,5.533026,nan,nan,nan,0,nan,nan,nan,0,nan,nan,nan,nan,nan,nan,nan,nan,nan,nan,nan,nan,nan,nan,nan,nan,nan,nan,nan,nan,nan,nan,nan,nan,nan,nan,nan,nan,nan,nan,nan,nan,nan,nan,nan,nan,nan,nan,nan,nan,nan,nan,nan,nan,nan,nan,nan,nan,nan,nan,nan,nan,nan,nan,nan,nan,nan,nan,nan,nan,nan,nan,nan,nan,nan,nan,nan,nan,nan,nan,nan,nan,nan,nan,nan,nan,nan,nan,nan,nan
31.980,APPROACH,43.910959,-12.066685,-42.216200,0.599919,-0.990091,5.618026,0.000068,-19.894076,-31.958130,29.399977,9.490087,-10.885859,0.000019,0.000000,0.000000,-48.918692,-31.960761,-74.174330,29.999896,8.499996,-5.267833,0.000087,0.000000,0.000000,-31.788372,-16.660768,-83.656430,29.400052,5.621753,-3.039166,-0.000057,0.000000,0.000000,0.000000,-12.066685,-42.216200,0.599919,43.910959,-0.990091,5.618026,0.000068,5.704603,nan,nan,nan,0,nan,nan,nan,0,nan,nan,nan,nan,nan,nan,nan,nan,nan,nan,nan,nan,nan,nan,nan,nan,nan,nan,nan,nan,nan,nan,nan,nan,nan,nan,nan,nan,nan,nan,nan,nan,nan,nan,nan,nan,nan,nan,nan,nan,nan,nan,nan,nan,nan,nan,nan,nan,nan,nan,nan,nan,nan,nan,nan,nan,nan,nan,nan,nan,nan,nan,nan,nan,nan,nan,nan,nan,nan,nan,nan,nan,nan,nan,nan,nan,nan,nan,nan,nan
32.040,APPROACH,43.645831,-12.115135,-41.926390,0.599922,-0.968997,5.796207,0.000065,-19.418990,-32.508673,29.399978,9.501722,-11.010859,0.000019,0.000000,0.000000,-49.207741,-31.534125,-74.435063,29.999900,8.532726,-5.214652,0.000084,0.000000,0.000000,-31.430585,-16.175219,-83.821436,29.400050,5.620359,-3.047821,-0.000055,0.000000,0.000000,0.000000,-12.115135,-41.926390,0.599922,43.645831,-0.968997,5.796207,0.000065,5.876646,nan,nan,nan,0,nan,nan,nan,0,nan,nan,nan,nan,nan,nan,nan,nan,nan,nan,nan,nan,nan,nan,nan,nan,nan,nan,nan,nan,nan,nan,nan,nan,nan,nan,nan,nan,nan,nan,nan,nan,nan,nan,nan,nan,nan,nan,nan,nan,nan,nan,nan,nan,nan,nan,nan,nan,nan,nan,nan,nan,nan,nan,nan,nan,nan,nan,nan,nan,nan,nan,nan,nan,nan,nan,nan,nan,nan,nan,nan,nan,nan,nan,nan,nan,nan,nan,nan,nan
32.080,APPROACH,43.372214,-12.162523,-41.627660,0.599925,-0.947762,5.974592,0.000062,-18.943346,-33.065466,29.399979,9.512885,-11.135859,0.000018,0.000000,0.000000,-49.494161,-31.105869,-74.693126,29.999904,8.565122,-5.161267,0.000080,0.000000,0.000000,-31.072795,-15.688648,-83.983407,29.400048,5.617879,-3.055863,-0.000052,0.000000,0.000000,0.000000,-12.162523,-41.627660,0.599925,43.372214,-0.947762,5.974592,0.000062,6.049297,nan,nan,nan,0,nan,nan,nan,0,nan,nan,nan,nan,nan,nan,nan,nan,nan,nan,nan,nan,nan,nan,nan,nan,nan,nan,nan,nan,nan,nan,nan,nan,nan,nan,nan,nan,nan,nan,nan,nan,nan,nan,nan,nan,nan,nan,nan,nan,nan,nan,nan,nan,nan,nan,nan,nan,nan,nan,nan,nan,nan,nan,nan,nan,nan,nan,nan,nan,nan,nan,nan,nan,nan,nan,nan,nan,nan,nan,nan,nan,nan,nan,nan,nan,nan,nan,nan,nan
32.140,APPROACH,43.090117,-12.208840,-41.320001,0.599928,-0.926330,6.153178,0.000060,-18.467170,-33.628509,29.399979,9.523515,-11.260859,0.000017,0.000000,0.000000,-49.778184,-30.676009,-74.948510,29.999908,8.597186,-5.107681,0.000077,0.000000,0.000000,-30.715003,-15.201075,-84.142335,29.400046,5.614301,-3.063284,-0.000050,0.000000,0.000000,0.000000,-12.208840,-41.320001,0.599928,43.090117,-0.926330,6.153178,0.000060,6.222514,nan,nan,nan,0,nan,nan,nan,0,nan,nan,nan,nan,nan,nan,nan,nan,nan,nan,nan,nan,nan,nan,nan,nan,nan,nan,nan,nan,nan,nan,nan,nan,nan,nan,nan,nan,nan,nan,nan,nan,nan,nan,nan,nan,nan,nan,nan,nan,nan,nan,nan,nan,nan,nan,nan,nan,nan,nan,nan,nan,nan,nan,nan,nan,nan,nan,nan,nan,nan,nan,nan,nan,nan,nan,nan,nan,nan,nan,nan,nan,nan,nan,nan,nan,nan,nan,nan,nan
32.180,APPROACH,42.799548,-12.254075,-41.003403,0.599931,-0.904700,6.331964,0.000057,-17.990489,-34.197802,29.399980,9.533614,-11.385859,0.000016,0.000000,0.000000,-50.059868,-30.244564,-75.201205,29.999911,8.628914,-5.053895,0.000074,0.000000,0.000000,-30.357209,-14.712519,-84.298215,29.400044,5.609611,-3.070075,-0.000048,0.000000,0.000000,0.000000,-12.254075,-41.003403,0.599931,42.799548,-0.904700,6.331964,0.000057,6.396268,nan,nan,nan,0,nan,nan,nan,0,nan,nan,nan,nan,nan,nan,nan,nan,nan,nan,nan,nan,nan,nan,nan,nan,nan,nan,nan,nan,nan,nan,nan,nan,nan,nan,nan,nan,nan,nan,nan,nan,nan,nan,nan,nan,nan,nan,nan,nan,nan,nan,nan,nan,nan,nan,nan,nan,nan,nan,nan,nan,nan,nan,nan,nan,nan,nan,nan,nan,nan,nan,nan,nan,nan,nan,nan,nan,nan,nan,nan,nan,nan,nan,nan,nan,nan,nan,nan,nan
32.241,APPROACH,42.500518,-12.298218,-40.677856,0.599934,-0.882870,6.510947,0.000055,-17.513330,-34.773345,29.399981,9.543175,-11.510859,0.000016,0.000000,0.000000,-50.339282,-29.811548,-75.451201,29.999915,8.660305,-4.999911,0.000071,0.000000,0.000000,-29.999413,-14.222999,-84.451041,29.400043,5.603797,-3.076230,-0.000046,0.000000,0.000000,0.000000,-12.298218,-40.677856,0.599934,42.500518,-0.882870,6.510947,0.000055,6.570532,nan,nan,nan,0,nan,nan,nan,0,nan,nan,nan,nan,nan,nan,nan,nan,nan,nan,nan,nan,nan,nan,nan,nan,nan,nan,nan,nan,nan,nan,nan,nan,nan,nan,nan,nan,nan,nan,nan,nan,nan,nan,nan,nan,nan,nan,nan,nan,nan,nan,nan,nan,nan,nan,nan,nan,nan,nan,nan,nan,nan,nan,nan,nan,nan,nan,nan,nan,nan,nan,nan,nan,nan,nan,nan,nan,nan,nan,nan,nan,nan,nan,nan,nan,nan,nan,nan,nan
32.280,APPROACH,42.193038,-12.341260,-40.343349,0.599936,-0.860835,6.690126,0.000053,-17.035721,-35.355138,29.399982,9.552195,-11.635859,0.000015,0.000000,0.000000,-50.616490,-29.376980,-75.698487,29.999918,8.691359,-4.945733,0.000068,0.000000,0.000000,-29.641614,-13.732533,-84.600806,29.400041,5.596845,-3.081740,-0.000045,0.000000,0.000000,0.000000,-12.341260,-40.343349,0.599936,42.193038,-0.860835,6.690126,0.000053,6.745282,nan,nan,nan,0,nan,nan,nan,0,nan,nan,nan,nan,nan,nan,nan,nan,nan,nan,nan,nan,nan,nan,nan,nan,nan,nan,nan,nan,nan,nan,nan,nan,nan,nan,nan,nan,nan,nan,nan,nan,nan,nan,nan,nan,nan,nan,nan,nan,nan,nan,nan,nan,nan,nan,nan,nan,nan,nan,nan,nan,nan,nan,nan,nan,nan,nan,nan,nan,nan,nan,nan,nan,nan,nan,nan,nan,nan,nan,nan,nan,nan,nan,nan,nan,nan,nan,nan,nan
32.340,APPROACH,41.877121,-12.383190,-39.999875,0.599939,-0.838595,6.869498,0.000051,-16.557687,-35.943181,29.399983,9.560670,-11.760859,0.000015,0.000000,0.000000,-50.891554,-28.940877,-75.943055,29.999922,8.722075,-4.891361,0.000065,0.000000,0.000000,-29.283814,-13.241142,-84.747504,29.400039,5.588741,-3.086598,-0.000043,0.000000,0.000000,0.000000,-12.383190,-39.999875,0.599939,41.877121,-0.838595,6.869498,0.000051,6.920494,nan,nan,nan,0,nan,nan,nan,0,nan,nan,nan,nan,nan,nan,nan,nan,nan,nan,nan,nan,nan,nan,nan,nan,nan,nan,nan,nan,nan,nan,nan,nan,nan,nan,nan,nan,nan,nan,nan,nan,nan,nan,nan,nan,nan,nan,nan,nan,nan,nan,nan,nan,nan,nan,nan,nan,nan,nan,nan,nan,nan,nan,nan,nan,nan,nan,nan,nan,nan,nan,nan,nan,nan,nan,nan,nan,nan,nan,nan,nan,nan,nan,nan,nan,nan,nan,nan,nan
32.380,APPROACH,41.556878,-12.423997,-39.651714,0.599941,-0.816145,6.963202,0.000049,-16.079257,-36.533181,29.399983,9.568595,-11.800000,0.000014,0.000000,0.000000,-50.961477,-28.503254,-76.184895,29.999925,8.752450,-4.836798,0.000063,0.000000,0.000000,-28.926011,-12.748844,-84.891131,29.400038,5.578567,-3.096894,-0.000041,0.000000,0.000000,0.000000,-12.423997,-39.651714,0.599941,41.556878,-0.816145,6.963202,0.000049,7.010869,nan,nan,nan,0,nan,nan,nan,0,nan,nan,nan,nan,nan,nan,nan,nan,nan,nan,nan,nan,nan,nan,nan,nan,nan,nan,nan,nan,nan,nan,nan,nan,nan,nan,nan,nan,nan,nan,nan,nan,nan,nan,nan,nan,nan,nan,nan,nan,nan,nan,nan,nan,nan,nan,nan,nan,nan,nan,nan,nan,nan,nan,nan,nan,nan,nan,nan,nan,nan,nan,nan,nan,nan,nan,nan,nan,nan,nan,nan,nan,nan,nan,nan,nan,nan,nan,nan,nan
32.440,APPROACH,41.234162,-12.463626,-39.300817,0.599944,-0.792579,7.017954,0.000047,-15.600504,-37.123181,29.399984,9.575064,-11.800000,0.000013,0.000000,0.000000,-50.942532,-28.064130,-76.423997,29.999928,8.782485,-4.782046,0.000060,0.000000,0.000000,-28.568207,-12.255658,-85.031680,29.400036,5.567423,-3.109364,-0.000039,0.000000,0.000000,0.000000,-12.463626,-39.300817,0.599944,41.234162,-0.792579,7.017954,0.000047,7.062568,nan,nan,nan,0,nan,nan,nan,0,nan,nan,nan,nan,nan,nan,nan,nan,nan,nan,nan,nan,nan,nan,nan,nan,nan,nan,nan,nan,nan,nan,nan,nan,nan,nan,nan,nan,nan,nan,nan,nan,nan,nan,nan,nan,nan,nan,nan,nan,nan,nan,nan,nan,nan,nan,nan,nan,nan,nan,nan,nan,nan,nan,nan,nan,nan,nan,nan,nan,nan,nan,nan,nan,nan,nan,nan,nan,nan,nan,nan,nan,nan,nan,nan,nan,nan,nan,nan,nan
32.480,APPROACH,40.908974,-12.502079,-38.947172,0.599946,-0.769062,7.072893,0.000045,-15.121442,-37.713181,29.399985,9.581239,-11.800000,0.000013,0.000000,0.000000,-50.924458,-27.623521,-76.660353,29.999931,8.812177,-4.727107,0.000058,0.000000,0.000000,-28.210400,-11.761603,-85.169146,29.400035,5.555908,-3.121273,-0.000038,0.000000,0.000000,0.000000,-12.502079,-38.947172,0.599946,40.908974,-0.769062,7.072893,0.000045,7.114581,nan,nan,nan,0,nan,nan,nan,0,nan,nan,nan,nan,nan,nan,nan,nan,nan,nan,nan,nan,nan,nan,nan,nan,nan,nan,nan,nan,nan,nan,nan,nan,nan,nan,nan,nan,nan,nan,nan,nan,nan,nan,nan,nan,nan,nan,nan,nan,nan,nan,nan,nan,nan,nan,nan,nan,nan,nan,nan,nan,nan,nan,nan,nan,nan,nan,nan,nan,nan,nan,nan,nan,nan,nan,nan,nan,nan,nan,nan,nan,nan,nan,nan,nan,nan,nan,nan,nan
32.540,APPROACH,40.581324,-12.539388,-38.590771,0.599948,-0.746190,7.128016,0.000043,-14.642056,-38.303181,29.399985,9.587715,-11.800000,0.000012,0.000000,0.000000,-50.905512,-27.181445,-76.893952,29.999933,8.841525,-4.671984,0.000056,0.000000,0.000000,-27.852592,-11.266700,-85.303523,29.400033,5.543986,-3.132630,-0.000036,0.000000,0.000000,0.000000,-12.539388,-38.590771,0.599948,40.581324,-0.746190,7.128016,0.000043,7.166967,nan,nan,nan,0,nan,nan,nan,0,nan,nan,nan,nan,nan,nan,nan,nan,nan,nan,nan,nan,nan,nan,nan,nan,nan,nan,nan,nan,nan,nan,nan,nan,nan,nan,nan,nan,nan,nan,nan,nan,nan,nan,nan,nan,nan,nan,nan,nan,nan,nan,nan,nan,nan,nan,nan,nan,nan,nan,nan,nan,nan,nan,nan,nan,nan,nan,nan,nan,nan,nan,nan,nan,nan,nan,nan,nan,nan,nan,nan,nan,nan,nan,nan,nan,nan,nan,nan,nan
32.580,APPROACH,40.251222,-12.575583,-38.231605,0.599950,-0.723885,7.183322,0.000041,-14.162336,-38.893181,29.399986,9.594414,-11.800000,0.000012,0.000000,0.000000,-50.885925,-26.737918,-77.124786,29.999936,8.870529,-4.616678,0.000053,0.000000,0.000000,-27.494782,-10.770967,-85.434807,29.400032,5.531653,-3.143433,-0.000035,0.000000,0.000000,0.000000,-12.575583,-38.231605,0.599950,40.251222,-0.723885,7.183322,0.000041,7.219704,nan,nan,nan,0,nan,nan,nan,0,nan,nan,nan,nan,nan,nan,nan,nan,nan,nan,nan,nan,nan,nan,nan,nan,nan,nan,nan,nan,nan,nan,nan,nan,nan,nan,nan,nan,nan,nan,nan,nan,nan,nan,nan,nan,nan,nan,nan,nan,nan,nan,nan,nan,nan,nan,nan,nan,nan,nan,nan,nan,nan,nan,nan,nan,nan,nan,nan,nan,nan,nan,nan,nan,nan,nan,nan,nan,nan,nan,nan,nan,nan,nan,nan,nan,nan,nan,nan,nan
32.640,APPROACH,39.918679,-12.610688,-37.869665,0.599952,-0.702109,7.238808,0.000040,-13.682271,-39.483181,29.399986,9.601296,-11.800000,0.000011,0.000000,0.000000,-50.865814,-26.292959,-77.352846,29.999939,8.899187,-4.561192,0.000051,0.000000,0.000000,-27.136971,-10.274423,-85.562992,29.400031,5.518903,-3.153683,-0.000033,0.000000,0.000000,0.000000,-12.610688,-37.869665,0.599952,39.918679,-0.702109,7.238808,0.000040,7.272778,nan,nan,nan,0,nan,nan,nan,0,nan,nan,nan,nan,nan,nan,nan,nan,nan,nan,nan,nan,nan,nan,nan,nan,nan,nan,nan,nan,nan,nan,nan,nan,nan,nan,nan,nan,nan,nan,nan,nan,nan,nan,nan,nan,nan,nan,nan,nan,nan,nan,nan,nan,nan,nan,nan,nan,nan,nan,nan,nan,nan,nan,nan,nan,nan,nan,nan,nan,nan,nan,nan,nan,nan,nan,nan,nan,nan,nan,nan,nan,nan,nan,nan,nan,nan,nan,nan,nan
32.680,APPROACH,39.583706,-12.644729,-37.504941,0.599954,-0.680823,7.294472,0.000038,-13.201855,-40.073181,29.399987,9.608321,-11.800000,0.000011,0.000000,0.000000,-50.845298,-25.846584,-77.578122,29.999941,8.927498,-4.505528,0.000049,0.000000,0.000000,-26.779158,-9.777088,-85.688073,29.400029,5.505731,-3.163378,-0.000032,0.000000,0.000000,0.000000,-12.644729,-37.504941,0.599954,39.583706,-0.680823,7.294472,0.000038,7.326175,nan,nan,nan,0,nan,nan,nan,0,nan,nan,nan,nan,nan,nan,nan,nan,nan,nan,nan,nan,nan,nan,nan,nan,nan,nan,nan,nan,nan,nan,nan,nan,nan,nan,nan,nan,nan,nan,nan,nan,nan,nan,nan,nan,nan,nan,nan,nan,nan,nan,nan,nan,nan,nan,nan,nan,nan,nan,nan,nan,nan,nan,nan,nan,nan,nan,nan,nan,nan,nan,nan,nan,nan,nan,nan,nan,nan,nan,nan,nan,nan,nan,nan,nan,nan,nan,nan,nan
32.740,APPROACH,39.246314,-12.677729,-37.137426,0.599956,-0.659990,7.350312,0.000037,-12.721082,-40.663181,29.399987,9.615451,-11.800000,0.000011,0.000000,0.000000,-50.824487,-25.398811,-77.800606,29.999943,8.955461,-4.449688,0.000047,0.000000,0.000000,-26.421343,-9.278982,-85.810045,29.400028,5.492130,-3.172520,-0.000031,0.000000,0.000000,0.000000,-12.677729,-37.137426,0.599956,39.246314,-0.659990,7.350312,0.000037,7.379883,nan,nan,nan,0,nan,nan,nan,0,nan,nan,nan,nan,nan,nan,nan,nan,nan,nan,nan,nan,nan,nan,nan,nan,nan,nan,nan,nan,nan,nan,nan,nan,nan,nan,nan,nan,nan,nan,nan,nan,nan,nan,nan,nan,nan,nan,nan,nan,nan,nan,nan,nan,nan,nan,nan,nan,nan,nan,nan,nan,nan,nan,nan,nan,nan,nan,nan,nan,nan,nan,nan,nan,nan,nan,nan,nan,nan,nan,nan,nan,nan,nan,nan,nan,nan,nan,nan,nan
32.780,APPROACH,38.906516,-12.709708,-36.767109,0.599958,-0.639576,7.406326,0.000035,-12.239950,-41.253181,29.399988,9.622650,-11.800000,0.000010,0.000000,0.000000,-50.803484,-24.949657,-78.020290,29.999946,8.983074,-4.393674,0.000045,0.000000,0.000000,-26.063527,-8.780123,-85.928904,29.400027,5.478095,-3.181107,-0.000030,0.000000,0.000000,0.000000,-12.709708,-36.767109,0.599958,38.906516,-0.639576,7.406326,0.000035,7.433890,nan,nan,nan,0,nan,nan,nan,0,nan,nan,nan,nan,nan,nan,nan,nan,nan,nan,nan,nan,nan,nan,nan,nan,nan,nan,nan,nan,nan,nan,nan,nan,nan,nan,nan,nan,nan,nan,nan,nan,nan,nan,nan,nan,nan,nan,nan,nan,nan,nan,nan,nan,nan,nan,nan,nan,nan,nan,nan,nan,nan,nan,nan,nan,nan,nan,nan,nan,nan,nan,nan,nan,nan,nan,nan,nan,nan,nan,nan,nan,nan,nan,nan,nan,nan,nan,nan,nan
32.840,APPROACH,38.564324,-12.740685,-36.393984,0.599959,-0.619548,7.462511,0.000034,-11.758456,-41.843181,29.399988,9.629886,-11.800000,0.000010,0.000000,0.000000,-50.782389,-24.499141,-78.237165,29.999948,9.010338,-4.337489,0.000043,0.000000,0.000000,-25.705709,-8.280532,-86.044644,29.400026,5.463619,-3.189140,-0.000028,0.000000,0.000000,0.000000,-12.740685,-36.393984,0.599959,38.564324,-0.619548,7.462511,0.000034,7.488185,nan,nan,nan,0,nan,nan,nan,0,nan,nan,nan,nan,nan,nan,nan,nan,nan,nan,nan,nan,nan,nan,nan,nan,nan,nan,nan,nan,nan,nan,nan,nan,nan,nan,nan,nan,nan,nan,nan,nan,nan,nan,nan,nan,nan,nan,nan,nan,nan,nan,nan,nan,nan,nan,nan,nan,nan,nan,nan,nan,nan,nan,nan,nan,nan,nan,nan,nan,nan,nan,nan,nan,nan,nan,nan,nan,nan,nan,nan,nan,nan,nan,nan,nan,nan,nan,nan,nan
32.880,APPROACH,38.219752,-12.770679,-36.018040,0.599961,-0.599876,7.518866,0.000032,-11.276599,-42.433181,29.399989,9.637127,-11.800000,0.000009,0.000000,0.000000,-50.761293,-24.047278,-78.451221,29.999950,9.037250,-4.281134,0.000042,0.000000,0.000000,-25.347890,-7.780227,-86.157262,29.400025,5.448696,-3.196620,-0.000027,0.000000,0.000000,0.000000,-12.770679,-36.018040,0.599961,38.219752,-0.599876,7.518866,0.000032,7.542758,nan,nan,nan,0,nan,nan,nan,0,nan,nan,nan,nan,nan,nan,nan,nan,nan,nan,nan,nan,nan,nan,nan,nan,nan,nan,nan,nan,nan,nan,nan,nan,nan,nan,nan,nan,nan,nan,nan,nan,nan,nan,nan,nan,nan,nan,nan,nan,nan,nan,nan,nan,nan,nan,nan,nan,nan,nan,nan,nan,nan,nan,nan,nan,nan,nan,nan,nan,nan,nan,nan,nan,nan,nan,nan,nan,nan,nan,nan,nan,nan,nan,nan,nan,nan,nan,nan,nan
32.940,APPROACH,37.872814,-12.799705,-35.639271,0.599963,-0.580532,7.575388,0.000031,-10.794382,-43.023181,29.399989,9.644342,-11.800000,0.000009,0.000000,0.000000,-50.740284,-23.594088,-78.662452,29.999952,9.063810,-4.224612,0.000040,0.000000,0.000000,-24.990069,-7.279229,-86.266753,29.400024,5.433319,-3.203546,-0.000026,0.000000,0.000000,0.000000,-12.799705,-35.639271,0.599963,37.872814,-0.580532,7.575388,0.000031,7.597600,nan,nan,nan,0,nan,nan,nan,0,nan,nan,nan,nan,nan,nan,nan,nan,nan,nan,nan,nan,nan,nan,nan,nan,nan,nan,nan,nan,nan,nan,nan,nan,nan,nan,nan,nan,nan,nan,nan,nan,nan,nan,nan,nan,nan,nan,nan,nan,nan,nan,nan,nan,nan,nan,nan,nan,nan,nan,nan,nan,nan,nan,nan,nan,nan,nan,nan,nan,nan,nan,nan,nan,nan,nan,nan,nan,nan,nan,nan,nan,nan,nan,nan,nan,nan,nan,nan,nan
32.980,APPROACH,37.523526,-12.827780,-35.257667,0.599964,-0.561486,7.632075,0.000030,-10.311807,-43.613181,29.399990,9.651503,-11.800000,0.000009,0.000000,0.000000,-50.719443,-23.139587,-78.870848,29.999954,9.090017,-4.167925,0.000038,0.000000,0.000000,-24.632247,-6.777557,-86.373112,29.400023,5.417483,-3.209919,-0.000025,0.000000,0.000000,0.000000,-12.827780,-35.257667,0.599964,37.523526,-0.561486,7.632075,0.000030,7.652702,nan,nan,nan,0,nan,nan,nan,0,nan,nan,nan,nan,nan,nan,nan,nan,nan,nan,nan,nan,nan,nan,nan,nan,nan,nan,nan,nan,nan,nan,nan,nan,nan,nan,nan,nan,nan,nan,nan,nan,nan,nan,nan,nan,nan,nan,nan,nan,nan,nan,nan,nan,nan,nan,nan,nan,nan,nan,nan,nan,nan,nan,nan,nan,nan,nan,nan,nan,nan,nan,nan,nan,nan,nan,nan,nan,nan,nan,nan,nan,nan,nan,nan,nan,nan,nan,nan,nan
33.040,APPROACH,37.171903,-12.854915,-34.873221,0.599966,-0.542715,7.688925,0.000029,-9.828878,-44.203181,29.399990,9.658584,-11.800000,0.000008,0.000000,0.000000,-50.698849,-22.683793,-79.076402,29.999956,9.115869,-4.111075,0.000037,0.000000,0.000000,-24.274424,-6.275229,-86.476336,29.400022,5.401181,-3.215741,-0.000024,0.000000,0.000000,0.000000,-12.854915,-34.873221,0.599966,37.171903,-0.542715,7.688925,0.000029,7.708055,nan,nan,nan,0,nan,nan,nan,0,nan,nan,nan,nan,nan,nan,nan,nan,nan,nan,nan,nan,nan,nan,nan,nan,nan,nan,nan,nan,nan,nan,nan,nan,nan,nan,nan,nan,nan,nan,nan,nan,nan,nan,nan,nan,nan,nan,nan,nan,nan,nan,nan,nan,nan,nan,nan,nan,nan,nan,nan,nan,nan,nan,nan,nan,nan,nan,nan,nan,nan,nan,nan,nan,nan,nan,nan,nan,nan,nan,nan,nan,nan,nan,nan,nan,nan,nan,nan,nan
33.080,APPROACH,36.817962,-12.881125,-34.485924,0.599967,-0.524194,7.745936,0.000028,-9.345600,-44.793181,29.399991,9.665559,-11.800000,0.000008,0.000000,0.000000,-50.678574,-22.226725,-79.279105,29.999957,9.141365,-4.054064,0.000035,0.000000,0.000000,-23.916599,-5.772267,-86.576421,29.400021,5.384406,-3.221012,-0.000023,0.000000,0.000000,0.000000,-12.881125,-34.485924,0.599967,36.817962,-0.524194,7.745936,0.000028,7.763652,nan,nan,nan,0,nan,nan,nan,0,nan,nan,nan,nan,nan,nan,nan,nan,nan,nan,nan,nan,nan,nan,nan,nan,nan,nan,nan,nan,nan,nan,nan,nan,nan,nan,nan,nan,nan,nan,nan,nan,nan,nan,nan,nan,nan,nan,nan,nan,nan,nan,nan,nan,nan,nan,nan,nan,nan,nan,nan,nan,nan,nan,nan,nan,nan,nan,nan,nan,nan,nan,nan,nan,nan,nan,nan,nan,nan,nan,nan,nan,nan,nan,nan,nan,nan,nan,nan,nan
33.140,APPROACH,36.461721,-12.906420,-34.095769,0.599968,-0.505899,7.803104,0.000026,-8.861980,-45.383181,29.399991,9.672405,-11.800000,0.000008,0.000000,0.000000,-50.658686,-21.768400,-79.478950,29.999959,9.166506,-3.996896,0.000034,0.000000,0.000000,-23.558773,-5.268690,-86.673362,29.400020,5.367151,-3.225734,-0.000022,0.000000,0.000000,0.000000,-12.906420,-34.095769,0.599968,36.461721,-0.505899,7.803104,0.000026,7.819487,nan,nan,nan,0,nan,nan,nan,0,nan,nan,nan,nan,nan,nan,nan,nan,nan,nan,nan,nan,nan,nan,nan,nan,nan,nan,nan,nan,nan,nan,nan,nan,nan,nan,nan,nan,nan,nan,nan,nan,nan,nan,nan,nan,nan,nan,nan,nan,nan,nan,nan,nan,nan,nan,nan,nan,nan,nan,nan,nan,nan,nan,nan,nan,nan,nan,nan,nan,nan,nan,nan,nan,nan,nan,nan,nan,nan,nan,nan,nan,nan,nan,nan,nan,nan,nan,nan,nan
33.180,APPROACH,36.103200,-12.930811,-33.702748,0.599970,-0.487811,7.860429,0.000025,-8.378025,-45.973181,29.399991,9.679099,-11.800000,0.000007,0.000000,0.000000,-50.639250,-21.308835,-79.675928,29.999961,9.191288,-3.939571,0.000033,0.000000,0.000000,-23.200946,-4.764516,-86.767156,29.400020,5.349411,-3.229907,-0.000021,0.000000,0.000000,0.000000,-12.930811,-33.702748,0.599970,36.103200,-0.487811,7.860429,0.000025,7.875551,nan,nan,nan,0,nan,nan,nan,0,nan,nan,nan,nan,nan,nan,nan,nan,nan,nan,nan,nan,nan,nan,nan,nan,nan,nan,nan,nan,nan,nan,nan,nan,nan,nan,nan,nan,nan,nan,nan,nan,nan,nan,nan,nan,nan,nan,nan,nan,nan,nan,nan,nan,nan,nan,nan,nan,nan,nan,nan,nan,nan,nan,nan,nan,nan,nan,nan,nan,nan,nan,nan,nan,nan,nan,nan,nan,nan,nan,nan,nan,nan,nan,nan,nan,nan,nan,nan,nan
33.240,APPROACH,35.742418,-12.954306,-33.306852,0.599971,-0.469908,7.917908,0.000024,-7.893744,-46.563181,29.399992,9.685621,-11.800000,0.000007,0.000000,0.000000,-50.620325,-20.848050,-79.870033,29.999962,9.215713,-3.882092,0.000031,0.000000,0.000000,-22.843117,-4.259767,-86.857799,29.400019,5.331178,-3.233534,-0.000020,0.000000,0.000000,0.000000,-12.954306,-33.306852,0.599971,35.742418,-0.469908,7.917908,0.000024,7.931840,nan,nan,nan,0,nan,nan,nan,0,nan,nan,nan,nan,nan,nan,nan,nan,nan,nan,nan,nan,nan,nan,nan,nan,nan,nan,nan,nan,nan,nan,nan,nan,nan,nan,nan,nan,nan,nan,nan,nan,nan,nan,nan,nan,nan,nan,nan,nan,nan,nan,nan,nan,nan,nan,nan,nan,nan,nan,nan,nan,nan,nan,nan,nan,nan,nan,nan,nan,nan,nan,nan,nan,nan,nan,nan,nan,nan,nan,nan,nan,nan,nan,nan,nan,nan,nan,nan,nan
33.280,APPROACH,35.379397,-12.976915,-32.908075,0.599972,-0.452173,7.975538,0.000023,-7.409146,-47.153181,29.399992,9.691950,-11.800000,0.000007,0.000000,0.000000,-50.601969,-20.386061,-80.061256,29.999964,9.239778,-3.824462,0.000030,0.000000,0.000000,-22.485288,-3.754461,-86.945288,29.400018,5.312447,-3.236616,-0.000020,0.000000,0.000000,0.000000,-12.976915,-32.908075,0.599972,35.379397,-0.452173,7.975538,0.000023,7.988346,nan,nan,nan,0,nan,nan,nan,0,nan,nan,nan,nan,nan,nan,nan,nan,nan,nan,nan,nan,nan,nan,nan,nan,nan,nan,nan,nan,nan,nan,nan,nan,nan,nan,nan,nan,nan,nan,nan,nan,nan,nan,nan,nan,nan,nan,nan,nan,nan,nan,nan,nan,nan,nan,nan,nan,nan,nan,nan,nan,nan,nan,nan,nan,nan,nan,nan,nan,nan,nan,nan,nan,nan,nan,nan,nan,nan,nan,nan,nan,nan,nan,nan,nan,nan,nan,nan,nan
33.340,APPROACH,35.014160,-12.998644,-32.506409,0.599973,-0.434586,8.033318,0.000022,-6.924243,-47.743181,29.399992,9.698069,-11.800000,0.000006,0.000000,0.000000,-50.584233,-19.922887,-80.249590,29.999965,9.263482,-3.766682,0.000029,0.000000,0.000000,-22.127457,-3.248619,-87.029618,29.400017,5.293210,-3.239155,-0.000019,0.000000,0.000000,0.000000,-12.998644,-32.506409,0.599973,35.014160,-0.434586,8.033318,0.000022,8.045064,nan,nan,nan,0,nan,nan,nan,0,nan,nan,nan,nan,nan,nan,nan,nan,nan,nan,nan,nan,nan,nan,nan,nan,nan,nan,nan,nan,nan,nan,nan,nan,nan,nan,nan,nan,nan,nan,nan,nan,nan,nan,nan,nan,nan,nan,nan,nan,nan,nan,nan,nan,nan,nan,nan,nan,nan,nan,nan,nan,nan,nan,nan,nan,nan,nan,nan,nan,nan,nan,nan,nan,nan,nan,nan,nan,nan,nan,nan,nan,nan,nan,nan,nan,nan,nan,nan,nan
33.380,APPROACH,34.646731,-13.019501,-32.101847,0.599974,-0.417133,8.091244,0.000022,-6.439045,-48.333181,29.399993,9.703958,-11.800000,0.000006,0.000000,0.000000,-50.567168,-19.458545,-80.435028,29.999967,9.286826,-3.708756,0.000028,0.000000,0.000000,-21.769626,-2.742259,-87.110788,29.400017,5.273461,-3.241153,-0.000018,0.000000,0.000000,0.000000,-13.019501,-32.101847,0.599974,34.646731,-0.417133,8.091244,0.000022,8.101990,nan,nan,nan,0,nan,nan,nan,0,nan,nan,nan,nan,nan,nan,nan,nan,nan,nan,nan,nan,nan,nan,nan,nan,nan,nan,nan,nan,nan,nan,nan,nan,nan,nan,nan,nan,nan,nan,nan,nan,nan,nan,nan,nan,nan,nan,nan,nan,nan,nan,nan,nan,nan,nan,nan,nan,nan,nan,nan,nan,nan,nan,nan,nan,nan,nan,nan,nan,nan,nan,nan,nan,nan,nan,nan,nan,nan,nan,nan,nan,nan,nan,nan,nan,nan,nan,nan,nan
33.440,APPROACH,34.277137,-13.039491,-31.694381,0.599975,-0.399797,8.149316,0.000021,-5.953565,-48.923181,29.399993,9.709603,-11.800000,0.000006,0.000000,0.000000,-50.550821,-18.993055,-80.617562,29.999968,9.309807,-3.650684,0.000027,0.000000,0.000000,-21.411793,-2.235403,-87.188794,29.400016,5.253194,-3.242613,-0.000017,0.000000,0.000000,0.000000,-13.039491,-31.694381,0.599975,34.277137,-0.399797,8.149316,0.000021,8.159117,nan,nan,nan,0,nan,nan,nan,0,nan,nan,nan,nan,nan,nan,nan,nan,nan,nan,nan,nan,nan,nan,nan,nan,nan,nan,nan,nan,nan,nan,nan,nan,nan,nan,nan,nan,nan,nan,nan,nan,nan,nan,nan,nan,nan,nan,nan,nan,nan,nan,nan,nan,nan,nan,nan,nan,nan,nan,nan,nan,nan,nan,nan,nan,nan,nan,nan,nan,nan,nan,nan,nan,nan,nan,nan,nan,nan,nan,nan,nan,nan,nan,nan,nan,nan,nan,nan,nan
33.480,APPROACH,33.905405,-13.058619,-31.284005,0.599976,-0.382563,8.207530,0.000020,-5.467815,-49.513181,29.399993,9.714989,-11.800000,0.000006,0.000000,0.000000,-50.535233,-18.526434,-80.797186,29.999969,9.332425,-3.592470,0.000026,0.000000,0.000000,-21.053959,-1.728069,-87.263632,29.400015,5.232403,-3.243537,-0.000017,0.000000,0.000000,0.000000,-13.058619,-31.284005,0.599976,33.905405,-0.382563,8.207530,0.000020,8.216441,nan,nan,nan,0,nan,nan,nan,0,nan,nan,nan,nan,nan,nan,nan,nan,nan,nan,nan,nan,nan,nan,nan,nan,nan,nan,nan,nan,nan,nan,nan,nan,nan,nan,nan,nan,nan,nan,nan,nan,nan,nan,nan,nan,nan,nan,nan,nan,nan,nan,nan,nan,nan,nan,nan,nan,nan,nan,nan,nan,nan,nan,nan,nan,nan,nan,nan,nan,nan,nan,nan,nan,nan,nan,nan,nan,nan,nan,nan,nan,nan,nan,nan,nan,nan,nan,nan,nan
33.540,APPROACH,33.531564,-13.076890,-30.870711,0.599977,-0.365420,8.265884,0.000019,-4.981810,-50.103181,29.399993,9.720099,-11.800000,0.000005,0.000000,0.000000,-50.520446,-18.058700,-80.973891,29.999971,9.354679,-3.534116,0.000025,0.000000,0.000000,-20.696125,-1.220277,-87.335300,29.400015,5.211083,-3.243928,-0.000016,0.000000,0.000000,0.000000,-13.076890,-30.870711,0.599977,33.531564,-0.365420,8.265884,0.000019,8.273958,nan,nan,nan,0,nan,nan,nan,0,nan,nan,nan,nan,nan,nan,nan,nan,nan,nan,nan,nan,nan,nan,nan,nan,nan,nan,nan,nan,nan,nan,nan,nan,nan,nan,nan,nan,nan,nan,nan,nan,nan,nan,nan,nan,nan,nan,nan,nan,nan,nan,nan,nan,nan,nan,nan,nan,nan,nan,nan,nan,nan,nan,nan,nan,nan,nan,nan,nan,nan,nan,nan,nan,nan,nan,nan,nan,nan,nan,nan,nan,nan,nan,nan,nan,nan,nan,nan,nan
33.580,APPROACH,33.155647,-13.094307,-30.454492,0.599978,-0.348354,8.324377,0.000018,-4.495564,-50.693181,29.399994,9.724923,-11.800000,0.000005,0.000000,0.000000,-50.506496,-17.589871,-81.147673,29.999972,9.376569,-3.475623,0.000024,0.000000,0.000000,-20.338289,-0.712048,-87.403795,29.400014,5.189226,-3.243789,-0.000015,0.000000,0.000000,0.000000,-13.094307,-30.454492,0.599978,33.155647,-0.348354,8.324377,0.000018,8.331662,nan,nan,nan,0,nan,nan,nan,0,nan,nan,nan,nan,nan,nan,nan,nan,nan,nan,nan,nan,nan,nan,nan,nan,nan,nan,nan,nan,nan,nan,nan,nan,nan,nan,nan,nan,nan,nan,nan,nan,nan,nan,nan,nan,nan,nan,nan,nan,nan,nan,nan,nan,nan,nan,nan,nan,nan,nan,nan,nan,nan,nan,nan,nan,nan,nan,nan,nan,nan,nan,nan,nan,nan,nan,nan,nan,nan,nan,nan,nan,nan,nan,nan,nan,nan,nan,nan,nan
33.640,APPROACH,32.777687,-13.110875,-30.035342,0.599979,-0.331353,8.383005,0.000018,-4.009092,-51.283181,29.399994,9.729446,-11.800000,0.000005,0.000000,0.000000,-50.493419,-17.119967,-81.318522,29.999973,9.398093,-3.416995,0.000023,0.000000,0.000000,-19.980453,-0.203400,-87.469114,29.400014,5.166828,-3.243122,-0.000015,0.000000,0.000000,0.000000,-13.110875,-30.035342,0.599979,32.777687,-0.331353,8.383005,0.000018,8.389551,nan,nan,nan,0,nan,nan,nan,0,nan,nan,nan,nan,nan,nan,nan,nan,nan,nan,nan,nan,nan,nan,nan,nan,nan,nan,nan,nan,nan,nan,nan,nan,nan,nan,nan,nan,nan,nan,nan,nan,nan,nan,nan,nan,nan,nan,nan,nan,nan,nan,nan,nan,nan,nan,nan,nan,nan,nan,nan,nan,nan,nan,nan,nan,nan,nan,nan,nan,nan,nan,nan,nan,nan,nan,nan,nan,nan,nan,nan,nan,nan,nan,nan,nan,nan,nan,nan,nan
33.680,APPROACH,32.397720,-13.126595,-29.613253,0.599980,-0.314408,8.441766,0.000017,-3.522409,-51.873181,29.399994,9.733658,-11.800000,0.000005,0.000000,0.000000,-50.481247,-16.649004,-81.486434,29.999974,9.419250,-3.358234,0.000022,0.000000,0.000000,-19.622615,0.305645,-87.531255,29.400013,5.143883,-3.241933,-0.000014,0.000000,0.000000,0.000000,-13.126595,-29.613253,0.599980,32.397720,-0.314408,8.441766,0.000017,8.447619,nan,nan,nan,0,nan,nan,nan,0,nan,nan,nan,nan,nan,nan,nan,nan,nan,nan,nan,nan,nan,nan,nan,nan,nan,nan,nan,nan,nan,nan,nan,nan,nan,nan,nan,nan,nan,nan,nan,nan,nan,nan,nan,nan,nan,nan,nan,nan,nan,nan,nan,nan,nan,nan,nan,nan,nan,nan,nan,nan,nan,nan,nan,nan,nan,nan,nan,nan,nan,nan,nan,nan,nan,nan,nan,nan,nan,nan,nan,nan,nan,nan,nan,nan,nan,nan,nan,nan
33.740,APPROACH,32.015784,-13.141471,-29.188220,0.599981,-0.297508,8.500659,0.000016,-3.035531,-52.463181,29.399994,9.737548,-11.800000,0.000005,0.000000,0.000000,-50.470009,-16.177002,-81.651401,29.999975,9.440040,-3.299341,0.000021,0.000000,0.000000,-19.264777,0.815069,-87.590215,29.400013,5.120385,-3.240223,-0.000014,0.000000,0.000000,0.000000,-13.141471,-29.188220,0.599981,32.015784,-0.297508,8.500659,0.000016,8.505863,nan,nan,nan,0,nan,nan,nan,0,nan,nan,nan,nan,nan,nan,nan,nan,nan,nan,nan,nan,nan,nan,nan,nan,nan,nan,nan,nan,nan,nan,nan,nan,nan,nan,nan,nan,nan,nan,nan,nan,nan,nan,nan,nan,nan,nan,nan,nan,nan,nan,nan,nan,nan,nan,nan,nan,nan,nan,nan,nan,nan,nan,nan,nan,nan,nan,nan,nan,nan,nan,nan,nan,nan,nan,nan,nan,nan,nan,nan,nan,nan,nan,nan,nan,nan,nan,nan,nan
33.780,APPROACH,31.631921,-13.155503,-28.760236,0.599981,-0.280645,8.559680,0.000016,-2.548476,-53.053181,29.399995,9.741106,-11.800000,0.000004,0.000000,0.000000,-50.459732,-15.703979,-81.813417,29.999976,9.460461,-3.240320,0.000020,0.000000,0.000000,-18.906938,1.324851,-87.645993,29.400012,5.096331,-3.237996,-0.000013,0.000000,0.000000,0.000000,-13.155503,-28.760236,0.599981,31.631921,-0.280645,8.559680,0.000016,8.564280,nan,nan,nan,0,nan,nan,nan,0,nan,nan,nan,nan,nan,nan,nan,nan,nan,nan,nan,nan,nan,nan,nan,nan,nan,nan,nan,nan,nan,nan,nan,nan,nan,nan,nan,nan,nan,nan,nan,nan,nan,nan,nan,nan,nan,nan,nan,nan,nan,nan,nan,nan,nan,nan,nan,nan,nan,nan,nan,nan,nan,nan,nan,nan,nan,nan,nan,nan,nan,nan,nan,nan,nan,nan,nan,nan,nan,nan,nan,nan,nan,nan,nan,nan,nan,nan,nan,nan
33.840,APPROACH,31.246174,-13.168694,-28.329295,0.599982,-0.263810,8.618828,0.000015,-2.061260,-53.643181,29.399995,9.744324,-11.800000,0.000004,0.000000,0.000000,-50.450441,-15.229954,-81.972476,29.999977,9.480514,-3.181172,0.000019,0.000000,0.000000,-18.549098,1.834972,-87.698585,29.400012,5.071715,-3.235258,-0.000013,0.000000,0.000000,0.000000,-13.168694,-28.329295,0.599982,31.246174,-0.263810,8.618828,0.000015,8.622865,nan,nan,nan,0,nan,nan,nan,0,nan,nan,nan,nan,nan,nan,nan,nan,nan,nan,nan,nan,nan,nan,nan,nan,nan,nan,nan,nan,nan,nan,nan,nan,nan,nan,nan,nan,nan,nan,nan,nan,nan,nan,nan,nan,nan,nan,nan,nan,nan,nan,nan,nan,nan,nan,nan,nan,nan,nan,nan,nan,nan,nan,nan,nan,nan,nan,nan,nan,nan,nan,nan,nan,nan,nan,nan,nan,nan,nan,nan,nan,nan,nan,nan,nan,nan,nan,nan,nan
33.880,APPROACH,30.858591,-13.181043,-27.895390,0.599983,-0.246996,8.678100,0.000014,-1.573900,-54.233181,29.399995,9.747193,-11.800000,0.000004,0.000000,0.000000,-50.442159,-14.754944,-82.128571,29.999978,9.500197,-3.121900,0.000018,0.000000,0.000000,-18.191257,2.345411,-87.747990,29.400011,5.046533,-3.232011,-0.000012,0.000000,0.000000,0.000000,-13.181043,-27.895390,0.599983,30.858591,-0.246996,8.678100,0.000014,8.681615,nan,nan,nan,0,nan,nan,nan,0,nan,nan,nan,nan,nan,nan,nan,nan,nan,nan,nan,nan,nan,nan,nan,nan,nan,nan,nan,nan,nan,nan,nan,nan,nan,nan,nan,nan,nan,nan,nan,nan,nan,nan,nan,nan,nan,nan,nan,nan,nan,nan,nan,nan,nan,nan,nan,nan,nan,nan,nan,nan,nan,nan,nan,nan,nan,nan,nan,nan,nan,nan,nan,nan,nan,nan,nan,nan,nan,nan,nan,nan,nan,nan,nan,nan,nan,nan,nan,nan
33.940,APPROACH,30.469222,-13.192553,-27.458515,0.599983,-0.230197,8.737495,0.000014,-1.086415,-54.823181,29.399995,9.749706,-11.800000,0.000004,0.000000,0.000000,-50.434906,-14.278968,-82.281696,29.999979,9.519509,-3.062505,0.000018,0.000000,0.000000,-17.833415,2.856149,-87.794206,29.400011,5.020781,-3.228261,-0.000012,0.000000,0.000000,0.000000,-13.192553,-27.458515,0.599983,30.469222,-0.230197,8.737495,0.000014,8.740526,nan,nan,nan,0,nan,nan,nan,0,nan,nan,nan,nan,nan,nan,nan,nan,nan,nan,nan,nan,nan,nan,nan,nan,nan,nan,nan,nan,nan,nan,nan,nan,nan,nan,nan,nan,nan,nan,nan,nan,nan,nan,nan,nan,nan,nan,nan,nan,nan,nan,nan,nan,nan,nan,nan,nan,nan,nan,nan,nan,nan,nan,nan,nan,nan,nan,nan,nan,nan,nan,nan,nan,nan,nan,nan,nan,nan,nan,nan,nan,nan,nan,nan,nan,nan,nan,nan,nan
33.980,APPROACH,30.078121,-13.203224,-27.018665,0.599984,-0.213407,8.797008,0.000013,-0.598822,-55.413181,29.399995,9.751857,-11.800000,0.000004,0.000000,0.000000,-50.428700,-13.802046,-82.431846,29.999980,9.538451,-3.002992,0.000017,0.000000,0.000000,-17.475573,3.367165,-87.837231,29.400010,4.994455,-3.224012,-0.000011,0.000000,0.000000,0.000000,-13.203224,-27.018665,0.599984,30.078121,-0.213407,8.797008,0.000013,8.799596,nan,nan,nan,0,nan,nan,nan,0,nan,nan,nan,nan,nan,nan,nan,nan,nan,nan,nan,nan,nan,nan,nan,nan,nan,nan,nan,nan,nan,nan,nan,nan,nan,nan,nan,nan,nan,nan,nan,nan,nan,nan,nan,nan,nan,nan,nan,nan,nan,nan,nan,nan,nan,nan,nan,nan,nan,nan,nan,nan,nan,nan,nan,nan,nan,nan,nan,nan,nan,nan,nan,nan,nan,nan,nan,nan,nan,nan,nan,nan,nan,nan,nan,nan,nan,nan,nan,nan
34.040,APPROACH,29.685345,-13.213055,-26.575833,0.599985,-0.196620,8.856639,0.000013,-0.111140,-56.003181,29.399996,9.753640,-11.800000,0.000004,0.000000,0.000000,-50.423557,-13.324195,-82.579014,29.999980,9.557020,-2.943361,0.000016,0.000000,0.000000,-17.117730,3.878441,-87.877063,29.400010,4.967552,-3.219269,-0.000011,0.000000,0.000000,0.000000,-13.213055,-26.575833,0.599985,29.685345,-0.196620,8.856639,0.000013,8.858821,nan,nan,nan,0,nan,nan,nan,0,nan,nan,nan,nan,nan,nan,nan,nan,nan,nan,nan,nan,nan,nan,nan,nan,nan,nan,nan,nan,nan,nan,nan,nan,nan,nan,nan,nan,nan,nan,nan,nan,nan,nan,nan,nan,nan,nan,nan,nan,nan,nan,nan,nan,nan,nan,nan,nan,nan,nan,nan,nan,nan,nan,nan,nan,nan,nan,nan,nan,nan,nan,nan,nan,nan,nan,nan,nan,nan,nan,nan,nan,nan,nan,nan,nan,nan,nan,nan,nan
34.080,APPROACH,29.290956,-13.222046,-26.130014,0.599985,-0.179833,8.916385,0.000012,0.376612,-56.593181,29.399996,9.755050,-11.800000,0.000003,0.000000,0.000000,-50.419491,-12.845434,-82.723194,29.999981,9.575216,-2.883615,0.000016,0.000000,0.000000,-16.759886,4.389955,-87.913701,29.400009,4.940070,-3.214037,-0.000010,0.000000,0.000000,0.000000,-13.222046,-26.130014,0.599985,29.290956,-0.179833,8.916385,0.000012,8.918198,nan,nan,nan,0,nan,nan,nan,0,nan,nan,nan,nan,nan,nan,nan,nan,nan,nan,nan,nan,nan,nan,nan,nan,nan,nan,nan,nan,nan,nan,nan,nan,nan,nan,nan,nan,nan,nan,nan,nan,nan,nan,nan,nan,nan,nan,nan,nan,nan,nan,nan,nan,nan,nan,nan,nan,nan,nan,nan,nan,nan,nan,nan,nan,nan,nan,nan,nan,nan,nan,nan,nan,nan,nan,nan,nan,nan,nan,nan,nan,nan,nan,nan,nan,nan,nan,nan,nan
34.140,APPROACH,28.895021,-13.230198,-25.681201,0.599986,-0.163043,8.976244,0.000012,0.864416,-57.183181,29.399996,9.756082,-11.800000,0.000003,0.000000,0.000000,-50.416514,-12.365782,-82.864382,29.999982,9.593039,-2.823756,0.000015,0.000000,0.000000,-16.402042,4.901688,-87.947144,29.400009,4.912007,-3.208322,-0.000010,0.000000,0.000000,0.000000,-13.230198,-25.681201,0.599986,28.895021,-0.163043,8.976244,0.000012,8.977724,nan,nan,nan,0,nan,nan,nan,0,nan,nan,nan,nan,nan,nan,nan,nan,nan,nan,nan,nan,nan,nan,nan,nan,nan,nan,nan,nan,nan,nan,nan,nan,nan,nan,nan,nan,nan,nan,nan,nan,nan,nan,nan,nan,nan,nan,nan,nan,nan,nan,nan,nan,nan,nan,nan,nan,nan,nan,nan,nan,nan,nan,nan,nan,nan,nan,nan,nan,nan,nan,nan,nan,nan,nan,nan,nan,nan,nan,nan,nan,nan,nan,nan,nan,nan,nan,nan,nan
34.180,APPROACH,28.497611,-13.237511,-25.229391,0.599987,-0.146245,9.036212,0.000011,1.352253,-57.773181,29.399996,9.756733,-11.800000,0.000003,0.000000,0.000000,-50.414635,-11.885258,-83.002572,29.999983,9.610488,-2.763788,0.000014,0.000000,0.000000,-16.044197,5.413621,-87.977389,29.400009,4.883360,-3.202129,-0.000009,0.000000,0.000000,0.000000,-13.237511,-25.229391,0.599987,28.497611,-0.146245,9.036212,0.000011,9.037396,nan,nan,nan,0,nan,nan,nan,0,nan,nan,nan,nan,nan,nan,nan,nan,nan,nan,nan,nan,nan,nan,nan,nan,nan,nan,nan,nan,nan,nan,nan,nan,nan,nan,nan,nan,nan,nan,nan,nan,nan,nan,nan,nan,nan,nan,nan,nan,nan,nan,nan,nan,nan,nan,nan,nan,nan,nan,nan,nan,nan,nan,nan,nan,nan,nan,nan,nan,nan,nan,nan,nan,nan,nan,nan,nan,nan,nan,nan,nan,nan,nan,nan,nan,nan,nan,nan,nan
34.240,APPROACH,28.098802,-13.243983,-24.774576,0.599987,-0.129439,9.096289,0.000011,1.840103,-58.363181,29.399996,9.757001,-11.800000,0.000003,0.000000,0.000000,-50.413863,-11.403879,-83.137757,29.999983,9.627562,-2.703711,0.000014,0.000000,0.000000,-15.686351,5.925732,-88.004437,29.400008,4.854129,-3.195464,-0.000009,0.000000,0.000000,0.000000,-13.243983,-24.774576,0.599987,28.098802,-0.129439,9.096289,0.000011,9.097210,nan,nan,nan,0,nan,nan,nan,0,nan,nan,nan,nan,nan,nan,nan,nan,nan,nan,nan,nan,nan,nan,nan,nan,nan,nan,nan,nan,nan,nan,nan,nan,nan,nan,nan,nan,nan,nan,nan,nan,nan,nan,nan,nan,nan,nan,nan,nan,nan,nan,nan,nan,nan,nan,nan,nan,nan,nan,nan,nan,nan,nan,nan,nan,nan,nan,nan,nan,nan,nan,nan,nan,nan,nan,nan,nan,nan,nan,nan,nan,nan,nan,nan,nan,nan,nan,nan,nan
34.280,APPROACH,27.698677,-13.249614,-24.316753,0.599988,-0.112623,9.156471,0.000010,2.327947,-58.953181,29.399996,9.756883,-11.800000,0.000003,0.000000,0.000000,-50.414203,-10.921666,-83.269934,29.999984,9.644260,-2.643529,0.000013,0.000000,0.000000,-15.328505,6.438002,-88.028286,29.400008,4.824313,-3.188333,-0.000009,0.000000,0.000000,0.000000,-13.249614,-24.316753,0.599988,27.698677,-0.112623,9.156471,0.000010,9.157164,nan,nan,nan,0,nan,nan,nan,0,nan,nan,nan,nan,nan,nan,nan,nan,nan,nan,nan,nan,nan,nan,nan,nan,nan,nan,nan,nan,nan,nan,nan,nan,nan,nan,nan,nan,nan,nan,nan,nan,nan,nan,nan,nan,nan,nan,nan,nan,nan,nan,nan,nan,nan,nan,nan,nan,nan,nan,nan,nan,nan,nan,nan,nan,nan,nan,nan,nan,nan,nan,nan,nan,nan,nan,nan,nan,nan,nan,nan,nan,nan,nan,nan,nan,nan,nan,nan,nan
34.340,APPROACH,27.297324,-13.254403,-23.855915,0.599988,-0.095796,9.216757,0.000010,2.815766,-59.543181,29.399997,9.756378,-11.800000,0.000003,0.000000,0.000000,-50.415658,-10.438637,-83.399096,29.999985,9.660582,-2.583243,0.000013,0.000000,0.000000,-14.970658,6.950411,-88.048934,29.400008,4.793912,-3.180743,-0.000008,0.000000,0.000000,0.000000,-13.254403,-23.855915,0.599988,27.297324,-0.095796,9.216757,0.000010,9.217254,nan,nan,nan,0,nan,nan,nan,0,nan,nan,nan,nan,nan,nan,nan,nan,nan,nan,nan,nan,nan,nan,nan,nan,nan,nan,nan,nan,nan,nan,nan,nan,nan,nan,nan,nan,nan,nan,nan,nan,nan,nan,nan,nan,nan,nan,nan,nan,nan,nan,nan,nan,nan,nan,nan,nan,nan,nan,nan,nan,nan,nan,nan,nan,nan,nan,nan,nan,nan,nan,nan,nan,nan,nan,nan,nan,nan,nan,nan,nan,nan,nan,nan,nan,nan,nan,nan,nan
34.380,APPROACH,26.894837,-13.258351,-23.392058,0.599989,-0.078959,9.277143,0.000010,3.303541,-60.133181,29.399997,9.755486,-11.800000,0.000003,0.000000,0.000000,-50.418231,-9.954811,-83.525239,29.999985,9.676528,-2.522857,0.000012,0.000000,0.000000,-14.612811,7.387497,-88.046712,29.400007,4.762929,-3.172701,-0.000008,0.000000,0.000000,0.000000,-13.258351,-23.392058,0.599989,26.894837,-0.078959,9.277143,0.000010,9.277479,nan,nan,nan,0,nan,nan,nan,0,nan,nan,nan,nan,nan,nan,nan,nan,nan,nan,nan,nan,nan,nan,nan,nan,nan,nan,nan,nan,nan,nan,nan,nan,nan,nan,nan,nan,nan,nan,nan,nan,nan,nan,nan,nan,nan,nan,nan,nan,nan,nan,nan,nan,nan,nan,nan,nan,nan,nan,nan,nan,nan,nan,nan,nan,nan,nan,nan,nan,nan,nan,nan,nan,nan,nan,nan,nan,nan,nan,nan,nan,nan,nan,nan,nan,nan,nan,nan,nan
34.440,APPROACH,26.489053,-13.256930,-22.925176,0.599989,0.028419,9.337628,0.000009,3.786724,-60.723181,29.399997,9.663677,-11.800000,0.000003,0.000000,0.000000,-50.684044,-9.470206,-83.648357,29.999986,9.692096,-2.462372,0.000012,0.000000,0.000000,-14.254963,7.801656,-88.036444,29.400007,4.734703,-3.163250,-0.000008,0.000000,0.000000,0.000000,-13.256930,-22.925176,0.599989,26.489053,0.028419,9.337628,0.000009,9.337671,nan,nan,nan,0,nan,nan,nan,0,nan,nan,nan,nan,nan,nan,nan,nan,nan,nan,nan,nan,nan,nan,nan,nan,nan,nan,nan,nan,nan,nan,nan,nan,nan,nan,nan,nan,nan,nan,nan,nan,nan,nan,nan,nan,nan,nan,nan,nan,nan,nan,nan,nan,nan,nan,nan,nan,nan,nan,nan,nan,nan,nan,nan,nan,nan,nan,nan,nan,nan,nan,nan,nan,nan,nan,nan,nan,nan,nan,nan,nan,nan,nan,nan,nan,nan,nan,nan,nan
34.480,APPROACH,26.079497,-13.249197,-22.455266,0.599989,0.154666,9.398209,0.000009,4.264355,-61.313181,29.399997,9.552620,-11.800000,0.000002,0.000000,0.000000,-51.008304,-8.984842,-83.768447,29.999986,9.707286,-2.401791,0.000011,0.000000,0.000000,-13.897114,8.214672,-88.023977,29.400006,4.715221,-3.154353,-0.000007,0.000000,0.000000,0.000000,-13.249197,-22.455266,0.599989,26.079497,0.154666,9.398209,0.000009,9.399481,nan,nan,nan,0,nan,nan,nan,0,nan,nan,nan,nan,nan,nan,nan,nan,nan,nan,nan,nan,nan,nan,nan,nan,nan,nan,nan,nan,nan,nan,nan,nan,nan,nan,nan,nan,nan,nan,nan,nan,nan,nan,nan,nan,nan,nan,nan,nan,nan,nan,nan,nan,nan,nan,nan,nan,nan,nan,nan,nan,nan,nan,nan,nan,nan,nan,nan,nan,nan,nan,nan,nan,nan,nan,nan,nan,nan,nan,nan,nan,nan,nan,nan,nan,nan,nan,nan,nan
34.540,APPROACH,25.666530,-13.235872,-21.982322,0.599990,0.266497,9.458883,0.000009,4.737135,-61.903181,29.399997,9.455600,-11.800000,0.000002,0.000000,0.000000,-51.294035,-8.498737,-83.885503,29.999987,9.722097,-2.341117,0.000011,0.000000,0.000000,-13.539265,8.626620,-88.009351,29.400006,4.753265,-3.153150,-0.000007,0.000000,0.000000,0.000000,-13.235872,-21.982322,0.599990,25.666530,0.266497,9.458883,0.000009,9.462637,nan,nan,nan,0,nan,nan,nan,0,nan,nan,nan,nan,nan,nan,nan,nan,nan,nan,nan,nan,nan,nan,nan,nan,nan,nan,nan,nan,nan,nan,nan,nan,nan,nan,nan,nan,nan,nan,nan,nan,nan,nan,nan,nan,nan,nan,nan,nan,nan,nan,nan,nan,nan,nan,nan,nan,nan,nan,nan,nan,nan,nan,nan,nan,nan,nan,nan,nan,nan,nan,nan,nan,nan,nan,nan,nan,nan,nan,nan,nan,nan,nan,nan,nan,nan,nan,nan,nan
34.580,APPROACH,25.251794,-13.220078,-21.506339,0.599990,0.315883,9.519649,0.000008,5.208168,-62.493181,29.399997,9.420646,-11.800000,0.000002,0.000000,0.000000,-51.397540,-8.011911,-83.999520,29.999988,9.736529,-2.280351,0.000010,0.000000,0.000000,-13.181415,9.037888,-87.992680,29.400006,4.788218,-3.152140,-0.000007,0.000000,0.000000,0.000000,-13.220078,-21.506339,0.599990,25.251794,0.315883,9.519649,0.000008,9.524889,nan,nan,nan,0,nan,nan,nan,0,nan,nan,nan,nan,nan,nan,nan,nan,nan,nan,nan,nan,nan,nan,nan,nan,nan,nan,nan,nan,nan,nan,nan,nan,nan,nan,nan,nan,nan,nan,nan,nan,nan,nan,nan,nan,nan,nan,nan,nan,nan,nan,nan,nan,nan,nan,nan,nan,nan,nan,nan,nan,nan,nan,nan,nan,nan,nan,nan,nan,nan,nan,nan,nan,nan,nan,nan,nan,nan,nan,nan,nan,nan,nan,nan,nan,nan,nan,nan,nan
34.640,APPROACH,24.835337,-13.201743,-21.027314,0.599991,0.366700,9.580505,0.000008,5.677362,-63.083181,29.399997,9.383882,-11.800000,0.000002,0.000000,0.000000,-51.506728,-7.524381,-84.110495,29.999988,9.750582,-2.219495,0.000010,0.000000,0.000000,-12.823565,9.448477,-87.973975,29.400005,4.822768,-3.150735,-0.000006,0.000000,0.000000,0.000000,-13.201743,-21.027314,0.599991,24.835337,0.366700,9.580505,0.000008,9.587520,nan,nan,nan,0,nan,nan,nan,0,nan,nan,nan,nan,nan,nan,nan,nan,nan,nan,nan,nan,nan,nan,nan,nan,nan,nan,nan,nan,nan,nan,nan,nan,nan,nan,nan,nan,nan,nan,nan,nan,nan,nan,nan,nan,nan,nan,nan,nan,nan,nan,nan,nan,nan,nan,nan,nan,nan,nan,nan,nan,nan,nan,nan,nan,nan,nan,nan,nan,nan,nan,nan,nan,nan,nan,nan,nan,nan,nan,nan,nan,nan,nan,nan,nan,nan,nan,nan,nan
34.680,APPROACH,24.417289,-13.180936,-20.545242,0.599991,0.416146,9.641446,0.000008,6.144767,-63.673181,29.399997,9.348107,-11.800000,0.000002,0.000000,0.000000,-51.613296,-7.036169,-84.218423,29.999988,9.764253,-2.158554,0.000010,0.000000,0.000000,-12.465714,9.858411,-87.953255,29.400005,4.856794,-3.148970,-0.000006,0.000000,0.000000,0.000000,-13.180936,-20.545242,0.599991,24.417289,0.416146,9.641446,0.000008,9.650423,nan,nan,nan,0,nan,nan,nan,0,nan,nan,nan,nan,nan,nan,nan,nan,nan,nan,nan,nan,nan,nan,nan,nan,nan,nan,nan,nan,nan,nan,nan,nan,nan,nan,nan,nan,nan,nan,nan,nan,nan,nan,nan,nan,nan,nan,nan,nan,nan,nan,nan,nan,nan,nan,nan,nan,nan,nan,nan,nan,nan,nan,nan,nan,nan,nan,nan,nan,nan,nan,nan,nan,nan,nan,nan,nan,nan,nan,nan,nan,nan,nan,nan,nan,nan,nan,nan,nan
34.740,APPROACH,23.997788,-13.157717,-20.060118,0.599992,0.464378,9.702472,0.000008,6.610425,-64.263181,29.399997,9.313166,-11.800000,0.000002,0.000000,0.000000,-51.717684,-6.547292,-84.323299,29.999989,9.777545,-2.097528,0.000009,0.000000,0.000000,-12.107863,10.267711,-87.930537,29.400005,4.890297,-3.146850,-0.000006,0.000000,0.000000,0.000000,-13.157717,-20.060118,0.599992,23.997788,0.464378,9.702472,0.000008,9.713579,nan,nan,nan,0,nan,nan,nan,0,nan,nan,nan,nan,nan,nan,nan,nan,nan,nan,nan,nan,nan,nan,nan,nan,nan,nan,nan,nan,nan,nan,nan,nan,nan,nan,nan,nan,nan,nan,nan,nan,nan,nan,nan,nan,nan,nan,nan,nan,nan,nan,nan,nan,nan,nan,nan,nan,nan,nan,nan,nan,nan,nan,nan,nan,nan,nan,nan,nan,nan,nan,nan,nan,nan,nan,nan,nan,nan,nan,nan,nan,nan,nan,nan,nan,nan,nan,nan,nan
34.780,APPROACH,23.576982,-13.132146,-19.571939,0.599992,0.511415,9.763581,0.000007,7.074377,-64.853181,29.399997,9.279040,-11.800000,0.000001,0.000000,0.000000,-51.819930,-6.057769,-84.425120,29.999989,9.790454,-2.036419,0.000009,0.000000,0.000000,-11.750012,10.676405,-87.905837,29.400005,4.923273,-3.144384,-0.000006,0.000000,0.000000,0.000000,-13.132146,-19.571939,0.599992,23.576982,0.511415,9.763581,0.000007,9.776965,nan,nan,nan,0,nan,nan,nan,0,nan,nan,nan,nan,nan,nan,nan,nan,nan,nan,nan,nan,nan,nan,nan,nan,nan,nan,nan,nan,nan,nan,nan,nan,nan,nan,nan,nan,nan,nan,nan,nan,nan,nan,nan,nan,nan,nan,nan,nan,nan,nan,nan,nan,nan,nan,nan,nan,nan,nan,nan,nan,nan,nan,nan,nan,nan,nan,nan,nan,nan,nan,nan,nan,nan,nan,nan,nan,nan,nan,nan,nan,nan,nan,nan,nan,nan,nan,nan,nan
34.840,APPROACH,23.155029,-13.104282,-19.080701,0.599992,0.557275,9.824768,0.000007,7.536663,-65.443181,29.399998,9.245707,-11.800000,0.000001,0.000000,0.000000,-51.920077,-5.567620,-84.523882,29.999990,9.802982,-1.975232,0.000008,0.000000,0.000000,-11.392160,11.084523,-87.879171,29.400004,4.955321,-3.141501,-0.000005,0.000000,0.000000,0.000000,-13.104282,-19.080701,0.599992,23.155029,0.557275,9.824768,0.000007,9.840560,nan,nan,nan,0,nan,nan,nan,0,nan,nan,nan,nan,nan,nan,nan,nan,nan,nan,nan,nan,nan,nan,nan,nan,nan,nan,nan,nan,nan,nan,nan,nan,nan,nan,nan,nan,nan,nan,nan,nan,nan,nan,nan,nan,nan,nan,nan,nan,nan,nan,nan,nan,nan,nan,nan,nan,nan,nan,nan,nan,nan,nan,nan,nan,nan,nan,nan,nan,nan,nan,nan,nan,nan,nan,nan,nan,nan,nan,nan,nan,nan,nan,nan,nan,nan,nan,nan,nan
34.880,APPROACH,22.732091,-13.074164,-18.586399,0.599993,0.602374,9.886033,0.000007,7.997300,-66.033181,29.399998,9.212753,-11.800000,0.000001,0.000000,0.000000,-52.019354,-5.076863,-84.619580,29.999990,9.815128,-1.913967,0.000008,0.000000,0.000000,-11.034307,11.492096,-87.850556,29.400004,4.979262,-3.136810,-0.000005,0.000000,0.000000,0.000000,-13.074164,-18.586399,0.599993,22.732091,0.602374,9.886033,0.000007,9.904368,nan,nan,nan,0,nan,nan,nan,0,nan,nan,nan,nan,nan,nan,nan,nan,nan,nan,nan,nan,nan,nan,nan,nan,nan,nan,nan,nan,nan,nan,nan,nan,nan,nan,nan,nan,nan,nan,nan,nan,nan,nan,nan,nan,nan,nan,nan,nan,nan,nan,nan,nan,nan,nan,nan,nan,nan,nan,nan,nan,nan,nan,nan,nan,nan,nan,nan,nan,nan,nan,nan,nan,nan,nan,nan,nan,nan,nan,nan,nan,nan,nan,nan,nan,nan,nan,nan,nan
34.940,APPROACH,22.308137,-13.041470,-18.089031,0.599993,0.653874,9.947372,0.000007,8.455951,-66.623181,29.399998,9.173016,-11.800000,0.000001,0.000000,0.000000,-52.139424,-4.585519,-84.712211,29.999991,9.826890,-1.852628,0.000008,0.000000,0.000000,-10.676454,11.899106,-87.819998,29.400004,5.003716,-3.131987,-0.000005,0.000000,0.000000,0.000000,-13.041470,-18.089031,0.599993,22.308137,0.653874,9.947372,0.000007,9.968840,nan,nan,nan,0,nan,nan,nan,0,nan,nan,nan,nan,nan,nan,nan,nan,nan,nan,nan,nan,nan,nan,nan,nan,nan,nan,nan,nan,nan,nan,nan,nan,nan,nan,nan,nan,nan,nan,nan,nan,nan,nan,nan,nan,nan,nan,nan,nan,nan,nan,nan,nan,nan,nan,nan,nan,nan,nan,nan,nan,nan,nan,nan,nan,nan,nan,nan,nan,nan,nan,nan,nan,nan,nan,nan,nan,nan,nan,nan,nan,nan,nan,nan,nan,nan,nan,nan,nan
34.980,APPROACH,21.883400,-13.006332,-17.588591,0.599993,0.702768,10.008784,0.000006,8.912726,-67.213181,29.399998,9.135502,-11.800000,0.000001,0.000000,0.000000,-52.253140,-4.093605,-84.801772,29.999991,9.838269,-1.791216,0.000008,0.000000,0.000000,-10.318601,12.305603,-87.787513,29.400004,5.027962,-3.127031,-0.000005,0.000000,0.000000,0.000000,-13.006332,-17.588591,0.599993,21.883400,0.702768,10.008784,0.000006,10.033426,nan,nan,nan,0,nan,nan,nan,0,nan,nan,nan,nan,nan,nan,nan,nan,nan,nan,nan,nan,nan,nan,nan,nan,nan,nan,nan,nan,nan,nan,nan,nan,nan,nan,nan,nan,nan,nan,nan,nan,nan,nan,nan,nan,nan,nan,nan,nan,nan,nan,nan,nan,nan,nan,nan,nan,nan,nan,nan,nan,nan,nan,nan,nan,nan,nan,nan,nan,nan,nan,nan,nan,nan,nan,nan,nan,nan,nan,nan,nan,nan,nan,nan,nan,nan,nan,nan,nan
35.040,APPROACH,21.458114,-12.968839,-17.085078,0.599994,0.749851,10.070265,0.000006,9.367697,-67.803181,29.399998,9.099414,-11.800000,0.000001,0.000000,0.000000,-52.362862,-3.601142,-84.888259,29.999991,9.849265,-1.729735,0.000007,0.000000,0.000000,-9.960747,12.711635,-87.753120,29.400003,5.052063,-3.121942,-0.000004,0.000000,0.000000,0.000000,-12.968839,-17.085078,0.599994,21.458114,0.749851,10.070265,0.000006,10.098145,nan,nan,nan,0,nan,nan,nan,0,nan,nan,nan,nan,nan,nan,nan,nan,nan,nan,nan,nan,nan,nan,nan,nan,nan,nan,nan,nan,nan,nan,nan,nan,nan,nan,nan,nan,nan,nan,nan,nan,nan,nan,nan,nan,nan,nan,nan,nan,nan,nan,nan,nan,nan,nan,nan,nan,nan,nan,nan,nan,nan,nan,nan,nan,nan,nan,nan,nan,nan,nan,nan,nan,nan,nan,nan,nan,nan,nan,nan,nan,nan,nan,nan,nan,nan,nan,nan,nan
35.080,APPROACH,21.032534,-12.929085,-16.578487,0.599994,0.795088,10.131815,0.000006,9.820936,-68.393181,29.399998,9.064788,-11.800000,0.000001,0.000000,0.000000,-52.468443,-3.108148,-84.971668,29.999992,9.859876,-1.668185,0.000007,0.000000,0.000000,-9.602893,13.117257,-87.716833,29.400003,5.076014,-3.116720,-0.000004,0.000000,0.000000,0.000000,-12.929085,-16.578487,0.599994,21.032534,0.795088,10.131815,0.000006,10.162964,nan,nan,nan,0,nan,nan,nan,0,nan,nan,nan,nan,nan,nan,nan,nan,nan,nan,nan,nan,nan,nan,nan,nan,nan,nan,nan,nan,nan,nan,nan,nan,nan,nan,nan,nan,nan,nan,nan,nan,nan,nan,nan,nan,nan,nan,nan,nan,nan,nan,nan,nan,nan,nan,nan,nan,nan,nan,nan,nan,nan,nan,nan,nan,nan,nan,nan,nan,nan,nan,nan,nan,nan,nan,nan,nan,nan,nan,nan,nan,nan,nan,nan,nan,nan,nan,nan,nan
35.140,APPROACH,20.606934,-12.887160,-16.068816,0.599994,0.838503,10.193429,0.000006,10.272516,-68.983181,29.399998,9.031599,-11.800000,0.000001,0.000000,0.000000,-52.569926,-2.614643,-85.051997,29.999992,9.870103,-1.606571,0.000007,0.000000,0.000000,-9.245039,13.522530,-87.678668,29.400003,5.099818,-3.111367,-0.000004,0.000000,0.000000,0.000000,-12.887160,-16.068816,0.599994,20.606934,0.838503,10.193429,0.000006,10.227858,nan,nan,nan,0,nan,nan,nan,0,nan,nan,nan,nan,nan,nan,nan,nan,nan,nan,nan,nan,nan,nan,nan,nan,nan,nan,nan,nan,nan,nan,nan,nan,nan,nan,nan,nan,nan,nan,nan,nan,nan,nan,nan,nan,nan,nan,nan,nan,nan,nan,nan,nan,nan,nan,nan,nan,nan,nan,nan,nan,nan,nan,nan,nan,nan,nan,nan,nan,nan,nan,nan,nan,nan,nan,nan,nan,nan,nan,nan,nan,nan,nan,nan,nan,nan,nan,nan,nan
35.180,APPROACH,20.181616,-12.843154,-15.556061,0.599994,0.880110,10.255106,0.000005,10.722508,-69.573181,29.399998,8.999834,-11.800000,0.000001,0.000000,0.000000,-52.667314,-2.120646,-85.129241,29.999992,9.879944,-1.544894,0.000006,0.000000,0.000000,-8.887184,13.927520,-87.638639,29.400003,5.123473,-3.105881,-0.000004,0.000000,0.000000,0.000000,-12.843154,-15.556061,0.599994,20.181616,0.880110,10.255106,0.000005,10.292803,nan,nan,nan,0,nan,nan,nan,0,nan,nan,nan,nan,nan,nan,nan,nan,nan,nan,nan,nan,nan,nan,nan,nan,nan,nan,nan,nan,nan,nan,nan,nan,nan,nan,nan,nan,nan,nan,nan,nan,nan,nan,nan,nan,nan,nan,nan,nan,nan,nan,nan,nan,nan,nan,nan,nan,nan,nan,nan,nan,nan,nan,nan,nan,nan,nan,nan,nan,nan,nan,nan,nan,nan,nan,nan,nan,nan,nan,nan,nan,nan,nan,nan,nan,nan,nan,nan,nan
35.240,APPROACH,19.756908,-12.797158,-15.040218,0.599995,0.919914,10.316843,0.000005,11.170982,-70.163181,29.399998,8.969487,-11.800000,0.000001,0.000000,0.000000,-52.760589,-1.626176,-85.203399,29.999993,9.889401,-1.483157,0.000006,0.000000,0.000000,-8.529329,13.929820,-87.536400,29.400002,5.146981,-3.100264,-0.000004,0.000000,0.000000,0.000000,-12.797158,-15.040218,0.599995,19.756908,0.919914,10.316843,0.000005,10.357775,nan,nan,nan,0,nan,nan,nan,0,nan,nan,nan,nan,nan,nan,nan,nan,nan,nan,nan,nan,nan,nan,nan,nan,nan,nan,nan,nan,nan,nan,nan,nan,nan,nan,nan,nan,nan,nan,nan,nan,nan,nan,nan,nan,nan,nan,nan,nan,nan,nan,nan,nan,nan,nan,nan,nan,nan,nan,nan,nan,nan,nan,nan,nan,nan,nan,nan,nan,nan,nan,nan,nan,nan,nan,nan,nan,nan,nan,nan,nan,nan,nan,nan,nan,nan,nan,nan,nan
35.280,APPROACH,19.330002,-12.744459,-14.521286,0.599995,1.053984,10.378639,0.000005,11.613207,-70.753181,29.399998,8.844487,-11.800000,0.000001,0.000000,0.000000,-53.147238,-1.131252,-85.274467,29.999993,9.898471,-1.421361,0.000006,0.000000,0.000000,-8.171473,13.658275,-87.398155,29.400002,5.178025,-3.094515,-0.000003,0.000000,0.000000,0.000000,-12.744459,-14.521286,0.599995,19.330002,1.053984,10.378639,0.000005,10.432019,nan,nan,nan,0,nan,nan,nan,0,nan,nan,nan,nan,nan,nan,nan,nan,nan,nan,nan,nan,nan,nan,nan,nan,nan,nan,nan,nan,nan,nan,nan,nan,nan,nan,nan,nan,nan,nan,nan,nan,nan,nan,nan,nan,nan,nan,nan,nan,nan,nan,nan,nan,nan,nan,nan,nan,nan,nan,nan,nan,nan,nan,nan,nan,nan,nan,nan,nan,nan,nan,nan,nan,nan,nan,nan,nan,nan,nan,nan,nan,nan,nan,nan,nan,nan,nan,nan,nan
35.340,APPROACH,18.901071,-12.685076,-13.999262,0.599995,1.187668,10.440490,0.000005,12.049181,-71.343181,29.399998,8.719487,-11.800000,0.000000,0.000000,0.000000,-53.537838,-0.635895,-85.342443,29.999993,9.907156,-1.359510,0.000006,0.000000,0.000000,-7.813618,13.390564,-87.267225,29.400001,5.209033,-3.088635,-0.000003,0.000000,0.000000,0.000000,-12.685076,-13.999262,0.599995,18.901071,1.187668,10.440490,0.000005,10.507825,nan,nan,nan,0,nan,nan,nan,0,nan,nan,nan,nan,nan,nan,nan,nan,nan,nan,nan,nan,nan,nan,nan,nan,nan,nan,nan,nan,nan,nan,nan,nan,nan,nan,nan,nan,nan,nan,nan,nan,nan,nan,nan,nan,nan,nan,nan,nan,nan,nan,nan,nan,nan,nan,nan,nan,nan,nan,nan,nan,nan,nan,nan,nan,nan,nan,nan,nan,nan,nan,nan,nan,nan,nan,nan,nan,nan,nan,nan,nan,nan,nan,nan,nan,nan,nan,nan,nan
35.380,APPROACH,18.470310,-12.619027,-13.474142,0.599995,1.320966,10.502393,0.000005,12.478905,-71.933181,29.399998,8.594487,-11.800000,-0.000000,0.000000,0.000000,-53.932413,-0.140122,-85.407323,29.999993,9.915453,-1.297607,0.000005,0.000000,0.000000,-7.455762,13.127249,-87.143585,29.400001,5.240004,-3.082624,-0.000003,0.000000,0.000000,0.000000,-12.619027,-13.474142,0.599995,18.470310,1.320966,10.502393,0.000005,10.585142,nan,nan,nan,0,nan,nan,nan,0,nan,nan,nan,nan,nan,nan,nan,nan,nan,nan,nan,nan,nan,nan,nan,nan,nan,nan,nan,nan,nan,nan,nan,nan,nan,nan,nan,nan,nan,nan,nan,nan,nan,nan,nan,nan,nan,nan,nan,nan,nan,nan,nan,nan,nan,nan,nan,nan,nan,nan,nan,nan,nan,nan,nan,nan,nan,nan,nan,nan,nan,nan,nan,nan,nan,nan,nan,nan,nan,nan,nan,nan,nan,nan,nan,nan,nan,nan,nan,nan
35.440,APPROACH,18.037945,-12.546334,-12.945925,0.599996,1.453877,10.564348,0.000005,12.902380,-72.523181,29.399998,8.469487,-11.800000,-0.000000,0.000000,0.000000,-54.330987,0.356046,-85.469106,29.999994,9.923365,-1.235652,0.000005,0.000000,0.000000,-7.097905,12.868927,-87.027203,29.400000,5.270937,-3.076482,-0.000003,0.000000,0.000000,0.000000,-12.546334,-12.945925,0.599996,18.037945,1.453877,10.564348,0.000005,10.663921,nan,nan,nan,0,nan,nan,nan,0,nan,nan,nan,nan,nan,nan,nan,nan,nan,nan,nan,nan,nan,nan,nan,nan,nan,nan,nan,nan,nan,nan,nan,nan,nan,nan,nan,nan,nan,nan,nan,nan,nan,nan,nan,nan,nan,nan,nan,nan,nan,nan,nan,nan,nan,nan,nan,nan,nan,nan,nan,nan,nan,nan,nan,nan,nan,nan,nan,nan,nan,nan,nan,nan,nan,nan,nan,nan,nan,nan,nan,nan,nan,nan,nan,nan,nan,nan,nan,nan
35.480,APPROACH,17.604229,-12.467013,-12.414607,0.599996,1.586401,10.626351,0.000005,13.319604,-73.113181,29.399998,8.344487,-11.800000,-0.000000,0.000000,0.000000,-54.733580,0.852591,-85.527788,29.999994,9.930889,-1.173649,0.000005,0.000000,0.000000,-6.740048,12.616229,-86.918035,29.400000,5.301832,-3.070209,-0.000002,0.000000,0.000000,0.000000,-12.467013,-12.414607,0.599996,17.604229,1.586401,10.626351,0.000005,10.744115,nan,nan,nan,0,nan,nan,nan,0,nan,nan,nan,nan,nan,nan,nan,nan,nan,nan,nan,nan,nan,nan,nan,nan,nan,nan,nan,nan,nan,nan,nan,nan,nan,nan,nan,nan,nan,nan,nan,nan,nan,nan,nan,nan,nan,nan,nan,nan,nan,nan,nan,nan,nan,nan,nan,nan,nan,nan,nan,nan,nan,nan,nan,nan,nan,nan,nan,nan,nan,nan,nan,nan,nan,nan,nan,nan,nan,nan,nan,nan,nan,nan,nan,nan,nan,nan,nan,nan
35.540,APPROACH,17.169454,-12.381087,-11.880187,0.599996,1.718538,10.688400,0.000005,13.730579,-73.703181,29.399998,8.219487,-11.800000,-0.000001,0.000000,0.000000,-55.140215,1.349492,-85.583368,29.999994,9.938025,-1.111600,0.000005,0.000000,0.000000,-6.382191,12.369823,-86.816028,29.400000,5.332686,-3.063806,-0.000002,0.000000,0.000000,0.000000,-12.381087,-11.880187,0.599996,17.169454,1.718538,10.688400,0.000005,10.825676,nan,nan,nan,0,nan,nan,nan,0,nan,nan,nan,nan,nan,nan,nan,nan,nan,nan,nan,nan,nan,nan,nan,nan,nan,nan,nan,nan,nan,nan,nan,nan,nan,nan,nan,nan,nan,nan,nan,nan,nan,nan,nan,nan,nan,nan,nan,nan,nan,nan,nan,nan,nan,nan,nan,nan,nan,nan,nan,nan,nan,nan,nan,nan,nan,nan,nan,nan,nan,nan,nan,nan,nan,nan,nan,nan,nan,nan,nan,nan,nan,nan,nan,nan,nan,nan,nan,nan
35.580,APPROACH,16.733948,-12.288572,-11.342663,0.599997,1.850287,10.750492,0.000005,14.135303,-74.293181,29.399998,8.094487,-11.800000,-0.000001,0.000000,0.000000,-55.550911,1.846731,-85.635844,29.999994,9.944774,-1.049508,0.000005,0.000000,0.000000,-6.024334,12.130421,-86.721119,29.399999,5.364067,-3.051903,-0.000002,0.000000,0.000000,0.000000,-12.288572,-11.342663,0.599997,16.733948,1.850287,10.750492,0.000005,10.908558,nan,nan,nan,0,nan,nan,nan,0,nan,nan,nan,nan,nan,nan,nan,nan,nan,nan,nan,nan,nan,nan,nan,nan,nan,nan,nan,nan,nan,nan,nan,nan,nan,nan,nan,nan,nan,nan,nan,nan,nan,nan,nan,nan,nan,nan,nan,nan,nan,nan,nan,nan,nan,nan,nan,nan,nan,nan,nan,nan,nan,nan,nan,nan,nan,nan,nan,nan,nan,nan,nan,nan,nan,nan,nan,nan,nan,nan,nan,nan,nan,nan,nan,nan,nan,nan,nan,nan
35.640,APPROACH,16.298084,-12.189490,-10.802032,0.599997,1.981648,10.812625,0.000005,14.533777,-74.883181,29.399998,7.969487,-11.800000,-0.000001,0.000000,0.000000,-55.965685,2.344287,-85.685212,29.999995,9.951135,-0.987375,0.000004,0.000000,0.000000,-5.666477,11.898780,-86.633232,29.399999,5.413128,-3.001903,-0.000002,0.000000,0.000000,0.000000,-12.189490,-10.802032,0.599997,16.298084,1.981648,10.812625,0.000005,10.992715,nan,nan,nan,0,nan,nan,nan,0,nan,nan,nan,nan,nan,nan,nan,nan,nan,nan,nan,nan,nan,nan,nan,nan,nan,nan,nan,nan,nan,nan,nan,nan,nan,nan,nan,nan,nan,nan,nan,nan,nan,nan,nan,nan,nan,nan,nan,nan,nan,nan,nan,nan,nan,nan,nan,nan,nan,nan,nan,nan,nan,nan,nan,nan,nan,nan,nan,nan,nan,nan,nan,nan,nan,nan,nan,nan,nan,nan,nan,nan,nan,nan,nan,nan,nan,nan,nan,nan
35.680,APPROACH,15.862288,-12.083859,-10.258292,0.599997,2.112621,10.874796,0.000005,14.926002,-75.473181,29.399998,7.844487,-11.800000,-0.000001,0.000000,0.000000,-56.384555,2.842143,-85.731473,29.999995,9.957108,-0.925204,0.000004,0.000000,0.000000,-5.308619,11.675710,-86.552278,29.399999,5.461944,-2.901903,-0.000001,0.000000,0.000000,0.000000,-12.083859,-10.258292,0.599997,15.862288,2.112621,10.874796,0.000005,11.078103,nan,nan,nan,0,nan,nan,nan,0,nan,nan,nan,nan,nan,nan,nan,nan,nan,nan,nan,nan,nan,nan,nan,nan,nan,nan,nan,nan,nan,nan,nan,nan,nan,nan,nan,nan,nan,nan,nan,nan,nan,nan,nan,nan,nan,nan,nan,nan,nan,nan,nan,nan,nan,nan,nan,nan,nan,nan,nan,nan,nan,nan,nan,nan,nan,nan,nan,nan,nan,nan,nan,nan,nan,nan,nan,nan,nan,nan,nan,nan,nan,nan,nan,nan,nan,nan,nan,nan
35.740,APPROACH,15.427043,-11.971698,-9.711442,0.599997,2.243205,10.937004,0.000005,15.311976,-76.063181,29.399998,7.719487,-11.800000,-0.000001,0.000000,0.000000,-56.807536,3.340277,-85.774622,29.999995,9.962692,-0.862996,0.000004,0.000000,0.000000,-4.950761,11.462078,-86.478155,29.399998,5.510100,-2.751903,-0.000001,0.000000,0.000000,0.000000,-11.971698,-9.711442,0.599997,15.427043,2.243205,10.937004,0.000005,11.164678,nan,nan,nan,0,nan,nan,nan,0,nan,nan,nan,nan,nan,nan,nan,nan,nan,nan,nan,nan,nan,nan,nan,nan,nan,nan,nan,nan,nan,nan,nan,nan,nan,nan,nan,nan,nan,nan,nan,nan,nan,nan,nan,nan,nan,nan,nan,nan,nan,nan,nan,nan,nan,nan,nan,nan,nan,nan,nan,nan,nan,nan,nan,nan,nan,nan,nan,nan,nan,nan,nan,nan,nan,nan,nan,nan,nan,nan,nan,nan,nan,nan,nan,nan,nan,nan,nan,nan
35.780,APPROACH,14.992898,-11.853028,-9.161479,0.599997,2.373401,10.999246,0.000005,15.691700,-76.653181,29.399998,7.594487,-11.800000,-0.000001,0.000000,0.000000,-57.234643,3.838672,-85.814660,29.999995,9.967888,-0.800754,0.000004,0.000000,0.000000,-4.592902,11.258814,-86.410745,29.399998,5.557172,-2.651903,-0.000001,0.000000,0.000000,0.000000,-11.853028,-9.161479,0.599997,14.992898,2.373401,10.999246,0.000005,11.252397,nan,nan,nan,0,nan,nan,nan,0,nan,nan,nan,nan,nan,nan,nan,nan,nan,nan,nan,nan,nan,nan,nan,nan,nan,nan,nan,nan,nan,nan,nan,nan,nan,nan,nan,nan,nan,nan,nan,nan,nan,nan,nan,nan,nan,nan,nan,nan,nan,nan,nan,nan,nan,nan,nan,nan,nan,nan,nan,nan,nan,nan,nan,nan,nan,nan,nan,nan,nan,nan,nan,nan,nan,nan,nan,nan,nan,nan,nan,nan,nan,nan,nan,nan,nan,nan,nan,nan
35.840,APPROACH,14.560477,-11.727868,-8.608403,0.599998,2.503208,11.061518,0.000004,16.065175,-77.243181,29.399998,7.469487,-11.800000,-0.000001,0.000000,0.000000,-57.665888,4.337307,-85.851584,29.999995,9.972695,-0.738482,0.000004,0.000000,0.000000,-4.235044,11.066924,-86.349915,29.399998,5.602728,-2.501903,-0.000001,0.000000,0.000000,0.000000,-11.727868,-8.608403,0.599998,14.560477,2.503208,11.061518,0.000004,11.341218,nan,nan,nan,0,nan,nan,nan,0,nan,nan,nan,nan,nan,nan,nan,nan,nan,nan,nan,nan,nan,nan,nan,nan,nan,nan,nan,nan,nan,nan,nan,nan,nan,nan,nan,nan,nan,nan,nan,nan,nan,nan,nan,nan,nan,nan,nan,nan,nan,nan,nan,nan,nan,nan,nan,nan,nan,nan,nan,nan,nan,nan,nan,nan,nan,nan,nan,nan,nan,nan,nan,nan,nan,nan,nan,nan,nan,nan,nan,nan,nan,nan,nan,nan,nan,nan,nan,nan
35.881,APPROACH,14.130493,-11.596237,-8.052212,0.599998,2.632626,11.123820,0.000004,16.432399,-77.833181,29.399998,7.344487,-11.800000,-0.000001,0.000000,0.000000,-58.101281,4.836162,-85.885393,29.999996,9.977113,-0.676180,0.000004,0.000000,0.000000,-3.877185,10.887493,-86.295511,29.399998,5.646335,-2.401903,-0.000001,0.000000,0.000000,0.000000,-11.596237,-8.052212,0.599998,14.130493,2.632626,11.123820,0.000004,11.431102,nan,nan,nan,0,nan,nan,nan,0,nan,nan,nan,nan,nan,nan,nan,nan,nan,nan,nan,nan,nan,nan,nan,nan,nan,nan,nan,nan,nan,nan,nan,nan,nan,nan,nan,nan,nan,nan,nan,nan,nan,nan,nan,nan,nan,nan,nan,nan,nan,nan,nan,nan,nan,nan,nan,nan,nan,nan,nan,nan,nan,nan,nan,nan,nan,nan,nan,nan,nan,nan,nan,nan,nan,nan,nan,nan,nan,nan,nan,nan,nan,nan,nan,nan,nan,nan,nan,nan
35.940,APPROACH,13.703756,-11.458154,-7.492905,0.599998,2.761654,11.186148,0.000004,16.793373,-78.423181,29.399998,7.219487,-11.800000,-0.000000,0.000000,0.000000,-58.540832,5.335219,-85.916086,29.999996,9.981141,-0.613852,0.000003,0.000000,0.000000,-3.519326,10.721699,-86.247361,29.399998,5.687553,-2.251903,-0.000000,0.000000,0.000000,0.000000,-11.458154,-7.492905,0.599998,13.703756,2.761654,11.186148,0.000004,11.522007,nan,nan,nan,0,nan,nan,nan,0,nan,nan,nan,nan,nan,nan,nan,nan,nan,nan,nan,nan,nan,nan,nan,nan,nan,nan,nan,nan,nan,nan,nan,nan,nan,nan,nan,nan,nan,nan,nan,nan,nan,nan,nan,nan,nan,nan,nan,nan,nan,nan,nan,nan,nan,nan,nan,nan,nan,nan,nan,nan,nan,nan,nan,nan,nan,nan,nan,nan,nan,nan,nan,nan,nan,nan,nan,nan,nan,nan,nan,nan,nan,nan,nan,nan,nan,nan,nan,nan
35.980,APPROACH,13.284452,-11.313639,-6.936730,0.599998,2.890294,11.123500,0.000004,17.148098,-79.006931,29.399998,7.094487,-11.675000,-0.000000,0.000000,0.000000,-58.714421,5.834458,-85.943661,29.999996,9.984781,-0.551500,0.000003,0.000000,0.000000,-3.161467,10.575827,-86.205546,29.399998,5.723763,-2.151903,-0.000000,0.000000,0.000000,0.000000,-11.313639,-6.936730,0.599998,13.284452,2.890294,11.123500,0.000004,11.492869,nan,nan,nan,0,nan,nan,nan,0,nan,nan,nan,nan,nan,nan,nan,nan,nan,nan,nan,nan,nan,nan,nan,nan,nan,nan,nan,nan,nan,nan,nan,nan,nan,nan,nan,nan,nan,nan,nan,nan,nan,nan,nan,nan,nan,nan,nan,nan,nan,nan,nan,nan,nan,nan,nan,nan,nan,nan,nan,nan,nan,nan,nan,nan,nan,nan,nan,nan,nan,nan,nan,nan,nan,nan,nan,nan,nan,nan,nan,nan,nan,nan,nan,nan,nan,nan,nan,nan
36.040,APPROACH,12.873135,-11.162712,-6.383686,0.599998,3.018543,11.060873,0.000003,17.496572,-79.584431,29.399998,6.969487,-11.550000,-0.000000,0.000000,0.000000,-58.892429,6.333860,-85.968117,29.999996,9.988031,-0.489127,0.000003,0.000000,0.000000,-2.803607,10.450322,-86.169705,29.399997,5.756906,-2.001903,0.000000,0.000000,0.000000,0.000000,-11.162712,-6.383686,0.599998,12.873135,3.018543,11.060873,0.000003,11.465362,nan,nan,nan,0,nan,nan,nan,0,nan,nan,nan,nan,nan,nan,nan,nan,nan,nan,nan,nan,nan,nan,nan,nan,nan,nan,nan,nan,nan,nan,nan,nan,nan,nan,nan,nan,nan,nan,nan,nan,nan,nan,nan,nan,nan,nan,nan,nan,nan,nan,nan,nan,nan,nan,nan,nan,nan,nan,nan,nan,nan,nan,nan,nan,nan,nan,nan,nan,nan,nan,nan,nan,nan,nan,nan,nan,nan,nan,nan,nan,nan,nan,nan,nan,nan,nan,nan,nan
36.080,APPROACH,12.470427,-11.005392,-5.833773,0.599999,3.146404,10.998266,0.000003,17.838796,-80.155681,29.399998,6.844487,-11.425000,-0.000000,0.000000,0.000000,-59.075025,6.833404,-85.989454,29.999996,9.990891,-0.426734,0.000003,0.000000,0.000000,-2.445748,10.345698,-86.139472,29.399997,5.786637,-1.901903,0.000000,0.000000,0.000000,0.000000,-11.005392,-5.833773,0.599999,12.470427,3.146404,10.998266,0.000003,11.439480,nan,nan,nan,0,nan,nan,nan,0,nan,nan,nan,nan,nan,nan,nan,nan,nan,nan,nan,nan,nan,nan,nan,nan,nan,nan,nan,nan,nan,nan,nan,nan,nan,nan,nan,nan,nan,nan,nan,nan,nan,nan,nan,nan,nan,nan,nan,nan,nan,nan,nan,nan,nan,nan,nan,nan,nan,nan,nan,nan,nan,nan,nan,nan,nan,nan,nan,nan,nan,nan,nan,nan,nan,nan,nan,nan,nan,nan,nan,nan,nan,nan,nan,nan,nan,nan,nan,nan
36.140,APPROACH,12.077031,-10.841698,-5.286989,0.599999,3.273874,10.935675,0.000003,18.174771,-80.720681,29.399998,6.719487,-11.300000,-0.000000,0.000000,0.000000,-59.262384,7.333073,-86.007670,29.999996,9.993361,-0.364325,0.000003,0.000000,0.000000,-2.087888,10.262536,-86.114468,29.399997,5.812629,-1.751903,0.000000,0.000000,0.000000,0.000000,-10.841698,-5.286989,0.599999,12.077031,3.273874,10.935675,0.000003,11.415220,nan,nan,nan,0,nan,nan,nan,0,nan,nan,nan,nan,nan,nan,nan,nan,nan,nan,nan,nan,nan,nan,nan,nan,nan,nan,nan,nan,nan,nan,nan,nan,nan,nan,nan,nan,nan,nan,nan,nan,nan,nan,nan,nan,nan,nan,nan,nan,nan,nan,nan,nan,nan,nan,nan,nan,nan,nan,nan,nan,nan,nan,nan,nan,nan,nan,nan,nan,nan,nan,nan,nan,nan,nan,nan,nan,nan,nan,nan,nan,nan,nan,nan,nan,nan,nan,nan,nan
36.180,APPROACH,11.693731,-10.671651,-4.743334,0.599999,3.400955,10.873099,0.000003,18.504495,-81.279431,29.399998,6.594487,-11.175000,0.000000,0.000000,0.000000,-59.454690,7.832845,-86.022765,29.999997,9.995442,-0.301901,0.000003,0.000000,0.000000,-1.730028,10.201493,-86.094307,29.399997,5.834577,-1.651903,0.000001,0.000000,0.000000,0.000000,-10.671651,-4.743334,0.599999,11.693731,3.400955,10.873099,0.000003,11.392575,nan,nan,nan,0,nan,nan,nan,0,nan,nan,nan,nan,nan,nan,nan,nan,nan,nan,nan,nan,nan,nan,nan,nan,nan,nan,nan,nan,nan,nan,nan,nan,nan,nan,nan,nan,nan,nan,nan,nan,nan,nan,nan,nan,nan,nan,nan,nan,nan,nan,nan,nan,nan,nan,nan,nan,nan,nan,nan,nan,nan,nan,nan,nan,nan,nan,nan,nan,nan,nan,nan,nan,nan,nan,nan,nan,nan,nan,nan,nan,nan,nan,nan,nan,nan,nan,nan,nan
36.240,APPROACH,11.321407,-10.495268,-4.202808,0.599999,3.527645,10.810535,0.000003,18.827970,-81.831931,29.399998,6.469487,-11.050000,0.000000,0.000000,0.000000,-59.652139,8.332701,-86.034738,29.999997,9.997132,-0.239465,0.000003,0.000000,0.000000,-1.372167,10.163314,-86.078588,29.399997,5.852199,-1.501903,0.000001,0.000000,0.000000,0.000000,-10.495268,-4.202808,0.599999,11.321407,3.527645,10.810535,0.000003,11.371541,nan,nan,nan,0,nan,nan,nan,0,nan,nan,nan,nan,nan,nan,nan,nan,nan,nan,nan,nan,nan,nan,nan,nan,nan,nan,nan,nan,nan,nan,nan,nan,nan,nan,nan,nan,nan,nan,nan,nan,nan,nan,nan,nan,nan,nan,nan,nan,nan,nan,nan,nan,nan,nan,nan,nan,nan,nan,nan,nan,nan,nan,nan,nan,nan,nan,nan,nan,nan,nan,nan,nan,nan,nan,nan,nan,nan,nan,nan,nan,nan,nan,nan,nan,nan,nan,nan,nan
36.280,APPROACH,10.961037,-10.312571,-3.665409,0.599999,3.653946,10.747979,0.000002,19.145194,-82.378181,29.399998,6.344487,-10.925000,0.000000,0.000000,0.000000,-59.854933,8.832623,-86.043589,29.999997,9.998433,-0.177021,0.000003,0.000000,0.000000,-1.014307,10.148830,-86.066893,29.399997,5.865240,-1.401903,0.000001,0.000000,0.000000,0.000000,-10.312571,-3.665409,0.599999,10.961037,3.653946,10.747979,0.000002,11.352109,nan,nan,nan,0,nan,nan,nan,0,nan,nan,nan,nan,nan,nan,nan,nan,nan,nan,nan,nan,nan,nan,nan,nan,nan,nan,nan,nan,nan,nan,nan,nan,nan,nan,nan,nan,nan,nan,nan,nan,nan,nan,nan,nan,nan,nan,nan,nan,nan,nan,nan,nan,nan,nan,nan,nan,nan,nan,nan,nan,nan,nan,nan,nan,nan,nan,nan,nan,nan,nan,nan,nan,nan,nan,nan,nan,nan,nan,nan,nan,nan,nan,nan,nan,nan,nan,nan,nan
36.340,APPROACH,10.613711,-10.123578,-3.131137,0.599999,3.779857,10.685431,0.000002,19.456168,-82.918181,29.399998,6.219487,-10.800000,0.000000,0.000000,0.000000,-60.063288,9.332590,-86.049318,29.999997,9.999344,-0.114569,0.000002,0.000000,0.000000,-0.656446,10.158969,-86.058786,29.399997,5.873469,-1.251903,0.000001,0.000000,0.000000,0.000000,-10.123578,-3.131137,0.599999,10.613711,3.779857,10.685431,0.000002,11.334273,nan,nan,nan,0,nan,nan,nan,0,nan,nan,nan,nan,nan,nan,nan,nan,nan,nan,nan,nan,nan,nan,nan,nan,nan,nan,nan,nan,nan,nan,nan,nan,nan,nan,nan,nan,nan,nan,nan,nan,nan,nan,nan,nan,nan,nan,nan,nan,nan,nan,nan,nan,nan,nan,nan,nan,nan,nan,nan,nan,nan,nan,nan,nan,nan,nan,nan,nan,nan,nan,nan,nan,nan,nan,nan,nan,nan,nan,nan,nan,nan,nan,nan,nan,nan,nan,nan,nan
36.380,APPROACH,10.280627,-9.928309,-2.599993,0.599999,3.905377,10.622887,0.000002,19.760893,-83.451931,29.399998,6.094487,-10.675000,0.000000,0.000000,0.000000,-60.277429,9.832583,-86.051923,29.999997,9.999864,-0.052113,0.000002,0.000000,0.000000,-0.298586,10.194760,-86.053811,29.399997,5.876688,-1.151903,0.000001,0.000000,0.000000,0.000000,-9.928309,-2.599993,0.599999,10.280627,3.905377,10.622887,0.000002,11.318026,nan,nan,nan,0,nan,nan,nan,0,nan,nan,nan,nan,nan,nan,nan,nan,nan,nan,nan,nan,nan,nan,nan,nan,nan,nan,nan,nan,nan,nan,nan,nan,nan,nan,nan,nan,nan,nan,nan,nan,nan,nan,nan,nan,nan,nan,nan,nan,nan,nan,nan,nan,nan,nan,nan,nan,nan,nan,nan,nan,nan,nan,nan,nan,nan,nan,nan,nan,nan,nan,nan,nan,nan,nan,nan,nan,nan,nan,nan,nan,nan,nan,nan,nan,nan,nan,nan,nan
36.440,APPROACH,9.963102,-9.726784,-2.071975,0.599999,4.030508,10.560346,0.000002,20.059367,-83.979431,29.399998,5.969487,-10.550000,0.000000,0.000000,0.000000,-60.497596,10.332583,-86.051406,29.999997,9.999995,0.010346,0.000002,0.000000,0.000000,0.059275,10.332583,-86.051406,29.399997,5.874731,-1.001903,0.000001,0.000000,0.000000,0.000000,-9.726784,-2.071975,0.599999,9.963102,4.030508,10.560346,0.000002,11.303357,nan,nan,nan,0,nan,nan,nan,0,nan,nan,nan,nan,nan,nan,nan,nan,nan,nan,nan,nan,nan,nan,nan,nan,nan,nan,nan,nan,nan,nan,nan,nan,nan,nan,nan,nan,nan,nan,nan,nan,nan,nan,nan,nan,nan,nan,nan,nan,nan,nan,nan,nan,nan,nan,nan,nan,nan,nan,nan,nan,nan,nan,nan,nan,nan,nan,nan,nan,nan,nan,nan,nan,nan,nan,nan,nan,nan,nan,nan,nan,nan,nan,nan,nan,nan,nan,nan,nan
36.480,APPROACH,9.662569,-9.519022,-1.547085,0.600000,4.155248,10.497803,0.000002,20.351591,-84.500681,29.399998,5.844487,-10.425000,0.000001,0.000000,0.000000,-60.724039,10.832570,-86.047766,29.999997,9.999735,0.072803,0.000002,0.000000,0.000000,0.417137,14.487673,-86.021155,29.399998,5.867468,-0.901903,0.000001,0.000000,0.000000,0.000000,-9.519022,-1.547085,0.600000,9.662569,4.155248,10.497803,0.000002,11.290260,nan,nan,nan,0,nan,nan,nan,0,nan,nan,nan,nan,nan,nan,nan,nan,nan,nan,nan,nan,nan,nan,nan,nan,nan,nan,nan,nan,nan,nan,nan,nan,nan,nan,nan,nan,nan,nan,nan,nan,nan,nan,nan,nan,nan,nan,nan,nan,nan,nan,nan,nan,nan,nan,nan,nan,nan,nan,nan,nan,nan,nan,nan,nan,nan,nan,nan,nan,nan,nan,nan,nan,nan,nan,nan,nan,nan,nan,nan,nan,nan,nan,nan,nan,nan,nan,nan,nan
36.540,APPROACH,9.380570,-9.305042,-1.025322,0.600000,4.279598,10.435259,0.000001,20.637566,-85.015681,29.399998,5.719487,-10.300000,0.000002,0.000000,0.000000,-60.957023,11.332524,-86.041003,29.999997,9.999085,0.135259,0.000002,0.000000,0.000000,0.774998,21.493959,-85.903548,29.400000,5.854811,-0.751903,0.000001,0.000000,0.000000,0.000000,-9.305042,-1.025322,0.600000,9.380570,4.279598,10.435259,0.000001,11.278722,nan,nan,nan,0,nan,nan,nan,0,nan,nan,nan,nan,nan,nan,nan,nan,nan,nan,nan,nan,nan,nan,nan,nan,nan,nan,nan,nan,nan,nan,nan,nan,nan,nan,nan,nan,nan,nan,nan,nan,nan,nan,nan,nan,nan,nan,nan,nan,nan,nan,nan,nan,nan,nan,nan,nan,nan,nan,nan,nan,nan,nan,nan,nan,nan,nan,nan,nan,nan,nan,nan,nan,nan,nan,nan,nan,nan,nan,nan,nan,nan,nan,nan,nan,nan,nan,nan,nan
36.580,APPROACH,9.131197,-9.097364,-0.506687,0.600000,4.153558,10.372708,-0.000001,20.929790,-85.524431,29.399998,5.844487,-10.175000,0.000003,0.000000,0.000000,-60.127080,11.832426,-86.031118,29.999998,9.998045,0.197708,0.000002,0.000000,0.000000,1.132859,25.307658,-85.764649,29.400000,5.823535,-0.651903,0.000001,0.000000,0.000000,0.000000,-9.097364,-0.506687,0.600000,9.131197,4.153558,10.372708,-0.000001,11.173412,nan,nan,nan,0,nan,nan,nan,0,nan,nan,nan,nan,nan,nan,nan,nan,nan,nan,nan,nan,nan,nan,nan,nan,nan,nan,nan,nan,nan,nan,nan,nan,nan,nan,nan,nan,nan,nan,nan,nan,nan,nan,nan,nan,nan,nan,nan,nan,nan,nan,nan,nan,nan,nan,nan,nan,nan,nan,nan,nan,nan,nan,nan,nan,nan,nan,nan,nan,nan,nan,nan,nan,nan,nan,nan,nan,nan,nan,nan,nan,nan,nan,nan,nan,nan,nan,nan,nan
36.640,APPROACH,8.916222,-8.896007,0.008821,0.599999,4.027128,10.310151,-0.000002,21.228264,-86.026931,29.399998,5.969487,-10.050000,0.000004,0.000000,0.000000,-59.290585,12.332257,-86.018110,29.999998,9.996616,0.260151,0.000002,0.000000,0.000000,1.490721,25.751717,-85.668884,29.400000,5.793353,-0.501903,0.000001,0.000000,0.000000,0.000000,-8.896007,0.008821,0.599999,8.916222,4.027128,10.310151,-0.000002,11.068738,nan,nan,nan,0,nan,nan,nan,0,nan,nan,nan,nan,nan,nan,nan,nan,nan,nan,nan,nan,nan,nan,nan,nan,nan,nan,nan,nan,nan,nan,nan,nan,nan,nan,nan,nan,nan,nan,nan,nan,nan,nan,nan,nan,nan,nan,nan,nan,nan,nan,nan,nan,nan,nan,nan,nan,nan,nan,nan,nan,nan,nan,nan,nan,nan,nan,nan,nan,nan,nan,nan,nan,nan,nan,nan,nan,nan,nan,nan,nan,nan,nan,nan,nan,nan,nan,nan,nan
36.680,APPROACH,8.737214,-8.700992,0.521200,0.599999,3.900309,10.247583,-0.000001,21.532989,-86.523181,29.399998,6.094487,-9.925000,0.000003,0.000000,0.000000,-58.447823,12.831997,-86.001981,29.999998,9.994796,0.322583,0.000002,0.000000,0.000000,1.848583,23.957572,-85.642902,29.400000,5.763120,-0.401903,0.000001,0.000000,0.000000,0.000000,-8.700992,0.521200,0.599999,8.737214,3.900309,10.247583,-0.000001,10.964732,nan,nan,nan,0,nan,nan,nan,0,nan,nan,nan,nan,nan,nan,nan,nan,nan,nan,nan,nan,nan,nan,nan,nan,nan,nan,nan,nan,nan,nan,nan,nan,nan,nan,nan,nan,nan,nan,nan,nan,nan,nan,nan,nan,nan,nan,nan,nan,nan,nan,nan,nan,nan,nan,nan,nan,nan,nan,nan,nan,nan,nan,nan,nan,nan,nan,nan,nan,nan,nan,nan,nan,nan,nan,nan,nan,nan,nan,nan,nan,nan,nan,nan,nan,nan,nan,nan,nan
36.740,APPROACH,8.595447,-8.512337,1.030450,0.599999,3.773099,10.185002,-0.000001,21.843963,-87.013181,29.399999,6.219487,-9.800000,0.000002,0.000000,0.000000,-57.599091,13.331626,-85.982731,29.999998,9.992586,0.385002,0.000002,0.000000,0.000000,2.206444,18.249410,-85.793255,29.399999,5.732836,-0.251903,0.000001,0.000000,0.000000,0.000000,-8.512337,1.030450,0.599999,8.595447,3.773099,10.185002,-0.000001,10.861424,nan,nan,nan,0,nan,nan,nan,0,nan,nan,nan,nan,nan,nan,nan,nan,nan,nan,nan,nan,nan,nan,nan,nan,nan,nan,nan,nan,nan,nan,nan,nan,nan,nan,nan,nan,nan,nan,nan,nan,nan,nan,nan,nan,nan,nan,nan,nan,nan,nan,nan,nan,nan,nan,nan,nan,nan,nan,nan,nan,nan,nan,nan,nan,nan,nan,nan,nan,nan,nan,nan,nan,nan,nan,nan,nan,nan,nan,nan,nan,nan,nan,nan,nan,nan,nan,nan,nan
36.780,APPROACH,8.479557,-8.317562,1.536570,0.599999,3.895499,10.122406,0.000001,22.148687,-87.496931,29.399999,6.094487,-9.675000,0.000001,0.000000,0.000000,-57.792307,13.831125,-85.960361,29.999998,9.989986,0.447406,0.000002,0.000000,0.000000,2.564306,13.831125,-85.960361,29.399998,5.695764,-0.151903,0.000001,0.000000,0.000000,0.000000,-8.317562,1.536570,0.599999,8.479557,3.895499,10.122406,0.000001,10.846107,nan,nan,nan,0,nan,nan,nan,0,nan,nan,nan,nan,nan,nan,nan,nan,nan,nan,nan,nan,nan,nan,nan,nan,nan,nan,nan,nan,nan,nan,nan,nan,nan,nan,nan,nan,nan,nan,nan,nan,nan,nan,nan,nan,nan,nan,nan,nan,nan,nan,nan,nan,nan,nan,nan,nan,nan,nan,nan,nan,nan,nan,nan,nan,nan,nan,nan,nan,nan,nan,nan,nan,nan,nan,nan,nan,nan,nan,nan,nan,nan,nan,nan,nan,nan,nan,nan,nan
36.840,APPROACH,8.390495,-8.116686,2.039560,0.599999,4.017510,10.059794,0.000002,22.447162,-87.974431,29.399999,5.969487,-9.550000,-0.000000,0.000000,0.000000,-57.991437,14.330475,-85.934871,29.999998,9.986997,0.509794,0.000002,0.000000,0.000000,2.922169,14.330475,-85.934871,29.399998,5.645795,-0.001903,0.000000,0.000000,0.000000,0.000000,-8.116686,2.039560,0.599999,8.390495,4.017510,10.059794,0.000002,10.832351,nan,nan,nan,0,nan,nan,nan,0,nan,nan,nan,nan,nan,nan,nan,nan,nan,nan,nan,nan,nan,nan,nan,nan,nan,nan,nan,nan,nan,nan,nan,nan,nan,nan,nan,nan,nan,nan,nan,nan,nan,nan,nan,nan,nan,nan,nan,nan,nan,nan,nan,nan,nan,nan,nan,nan,nan,nan,nan,nan,nan,nan,nan,nan,nan,nan,nan,nan,nan,nan,nan,nan,nan,nan,nan,nan,nan,nan,nan,nan,nan,nan,nan,nan,nan,nan,nan,nan
36.880,APPROACH,8.329014,-7.909730,2.539418,0.600000,4.139131,9.997161,0.000002,22.739386,-88.445681,29.399999,5.844487,-9.425000,-0.000000,0.000000,0.000000,-58.196753,14.829656,-85.906263,29.999998,9.983618,0.572161,0.000002,0.000000,0.000000,3.280031,14.829656,-85.906263,29.399998,5.595795,0.098097,0.000001,0.000000,0.000000,0.000000,-7.909730,2.539418,0.600000,8.329014,4.139131,9.997161,0.000002,10.820149,nan,nan,nan,0,nan,nan,nan,0,nan,nan,nan,nan,nan,nan,nan,nan,nan,nan,nan,nan,nan,nan,nan,nan,nan,nan,nan,nan,nan,nan,nan,nan,nan,nan,nan,nan,nan,nan,nan,nan,nan,nan,nan,nan,nan,nan,nan,nan,nan,nan,nan,nan,nan,nan,nan,nan,nan,nan,nan,nan,nan,nan,nan,nan,nan,nan,nan,nan,nan,nan,nan,nan,nan,nan,nan,nan,nan,nan,nan,nan,nan,nan,nan,nan,nan,nan,nan,nan
36.940,APPROACH,8.295634,-7.696712,3.036143,0.600000,4.260363,9.934506,0.000001,23.025361,-88.910681,29.399999,5.719487,-9.300000,0.000000,0.000000,0.000000,-58.408542,15.328649,-85.874538,29.999998,9.979850,0.634506,0.000002,0.000000,0.000000,3.637893,15.328649,-85.874538,29.399998,5.543528,0.248097,0.000001,0.000000,0.000000,0.000000,-7.696712,3.036143,0.600000,8.295634,4.260363,9.934506,0.000001,10.809491,nan,nan,nan,0,nan,nan,nan,0,nan,nan,nan,nan,nan,nan,nan,nan,nan,nan,nan,nan,nan,nan,nan,nan,nan,nan,nan,nan,nan,nan,nan,nan,nan,nan,nan,nan,nan,nan,nan,nan,nan,nan,nan,nan,nan,nan,nan,nan,nan,nan,nan,nan,nan,nan,nan,nan,nan,nan,nan,nan,nan,nan,nan,nan,nan,nan,nan,nan,nan,nan,nan,nan,nan,nan,nan,nan,nan,nan,nan,nan,nan,nan,nan,nan,nan,nan,nan,nan
36.980,APPROACH,8.290615,-7.477652,3.529734,0.600000,4.381205,9.871826,0.000001,23.305085,-89.369431,29.399999,5.594487,-9.175000,0.000000,0.000000,0.000000,-58.627109,15.827433,-85.839696,29.999998,9.975692,0.696826,0.000001,0.000000,0.000000,3.995756,15.827433,-85.839696,29.399998,5.489143,0.348097,0.000001,0.000000,0.000000,0.000000,-7.477652,3.529734,0.600000,8.290615,4.381205,9.871826,0.000001,10.800366,nan,nan,nan,0,nan,nan,nan,0,nan,nan,nan,nan,nan,nan,nan,nan,nan,nan,nan,nan,nan,nan,nan,nan,nan,nan,nan,nan,nan,nan,nan,nan,nan,nan,nan,nan,nan,nan,nan,nan,nan,nan,nan,nan,nan,nan,nan,nan,nan,nan,nan,nan,nan,nan,nan,nan,nan,nan,nan,nan,nan,nan,nan,nan,nan,nan,nan,nan,nan,nan,nan,nan,nan,nan,nan,nan,nan,nan,nan,nan,nan,nan,nan,nan,nan,nan,nan,nan
37.040,APPROACH,8.313945,-7.252569,4.020190,0.600000,4.501658,9.809119,0.000001,23.578559,-89.821931,29.399999,5.469487,-9.050000,0.000000,0.000000,0.000000,-58.852778,16.325991,-85.801740,29.999998,9.971145,0.759119,0.000001,0.000000,0.000000,4.353618,16.325991,-85.801740,29.399998,5.432843,0.498097,0.000001,0.000000,0.000000,0.000000,-7.252569,4.020190,0.600000,8.313945,4.501658,9.809119,0.000001,10.792763,nan,nan,nan,0,nan,nan,nan,0,nan,nan,nan,nan,nan,nan,nan,nan,nan,nan,nan,nan,nan,nan,nan,nan,nan,nan,nan,nan,nan,nan,nan,nan,nan,nan,nan,nan,nan,nan,nan,nan,nan,nan,nan,nan,nan,nan,nan,nan,nan,nan,nan,nan,nan,nan,nan,nan,nan,nan,nan,nan,nan,nan,nan,nan,nan,nan,nan,nan,nan,nan,nan,nan,nan,nan,nan,nan,nan,nan,nan,nan,nan,nan,nan,nan,nan,nan,nan,nan
37.080,APPROACH,8.365337,-7.021482,4.507510,0.600000,4.621722,9.746382,0.000001,23.845784,-90.268181,29.399999,5.344487,-8.925000,0.000000,0.000000,0.000000,-59.085894,16.824301,-85.760671,29.999998,9.966209,0.821382,0.000001,0.000000,0.000000,4.711481,16.824301,-85.760671,29.399998,5.374847,0.598097,0.000001,0.000000,0.000000,0.000000,-7.021482,4.507510,0.600000,8.365337,4.621722,9.746382,0.000001,10.786672,nan,nan,nan,0,nan,nan,nan,0,nan,nan,nan,nan,nan,nan,nan,nan,nan,nan,nan,nan,nan,nan,nan,nan,nan,nan,nan,nan,nan,nan,nan,nan,nan,nan,nan,nan,nan,nan,nan,nan,nan,nan,nan,nan,nan,nan,nan,nan,nan,nan,nan,nan,nan,nan,nan,nan,nan,nan,nan,nan,nan,nan,nan,nan,nan,nan,nan,nan,nan,nan,nan,nan,nan,nan,nan,nan,nan,nan,nan,nan,nan,nan,nan,nan,nan,nan,nan,nan
37.140,APPROACH,8.444242,-6.784413,4.991690,0.600000,4.741398,9.683614,0.000001,24.106758,-90.708181,29.399999,5.219487,-8.800000,0.000001,0.000000,0.000000,-59.326823,17.322345,-85.716491,29.999998,9.960885,0.883614,0.000001,0.000000,0.000000,5.069344,17.322345,-85.716491,29.399998,5.315387,0.748097,0.000001,0.000000,0.000000,0.000000,-6.784413,4.991690,0.600000,8.444242,4.741398,9.683614,0.000001,10.782079,nan,nan,nan,0,nan,nan,nan,0,nan,nan,nan,nan,nan,nan,nan,nan,nan,nan,nan,nan,nan,nan,nan,nan,nan,nan,nan,nan,nan,nan,nan,nan,nan,nan,nan,nan,nan,nan,nan,nan,nan,nan,nan,nan,nan,nan,nan,nan,nan,nan,nan,nan,nan,nan,nan,nan,nan,nan,nan,nan,nan,nan,nan,nan,nan,nan,nan,nan,nan,nan,nan,nan,nan,nan,nan,nan,nan,nan,nan,nan,nan,nan,nan,nan,nan,nan,nan,nan
37.180,APPROACH,8.549878,-6.541378,5.472731,0.600000,4.860685,9.620810,0.000001,24.361482,-91.141931,29.399999,5.094487,-8.675000,0.000001,0.000000,0.000000,-59.575955,17.820104,-85.669200,29.999999,9.955172,0.945810,0.000001,0.000000,0.000000,5.427207,17.820104,-85.669200,29.399999,5.254706,0.848097,0.000001,0.000000,0.000000,0.000000,-6.541378,5.472731,0.600000,8.549878,4.860685,9.620810,0.000001,10.778972,nan,nan,nan,0,nan,nan,nan,0,nan,nan,nan,nan,nan,nan,nan,nan,nan,nan,nan,nan,nan,nan,nan,nan,nan,nan,nan,nan,nan,nan,nan,nan,nan,nan,nan,nan,nan,nan,nan,nan,nan,nan,nan,nan,nan,nan,nan,nan,nan,nan,nan,nan,nan,nan,nan,nan,nan,nan,nan,nan,nan,nan,nan,nan,nan,nan,nan,nan,nan,nan,nan,nan,nan,nan,nan,nan,nan,nan,nan,nan,nan,nan,nan,nan,nan,nan,nan,nan
37.240,APPROACH,8.681260,-6.292399,5.950629,0.600000,4.979583,9.557970,0.000001,24.609957,-91.569431,29.399999,4.969487,-8.550000,0.000001,0.000000,0.000000,-59.833708,18.317557,-85.618802,29.999999,9.949070,1.007970,0.000001,0.000000,0.000000,5.785070,18.317557,-85.618802,29.399999,5.193052,0.998097,0.000001,0.000000,0.000000,0.000000,-6.292399,5.950629,0.600000,8.681260,4.979583,9.557970,0.000001,10.777339,nan,nan,nan,0,nan,nan,nan,0,nan,nan,nan,nan,nan,nan,nan,nan,nan,nan,nan,nan,nan,nan,nan,nan,nan,nan,nan,nan,nan,nan,nan,nan,nan,nan,nan,nan,nan,nan,nan,nan,nan,nan,nan,nan,nan,nan,nan,nan,nan,nan,nan,nan,nan,nan,nan,nan,nan,nan,nan,nan,nan,nan,nan,nan,nan,nan,nan,nan,nan,nan,nan,nan,nan,nan,nan,nan,nan,nan,nan,nan,nan,nan,nan,nan,nan,nan,nan,nan
37.280,APPROACH,8.837245,-6.037495,6.425384,0.600000,5.098093,9.495091,0.000000,24.852181,-91.990681,29.399999,4.844487,-8.425000,0.000001,0.000000,0.000000,-60.100525,18.814686,-85.565297,29.999999,9.942580,1.070091,0.000001,0.000000,0.000000,6.142933,18.814686,-85.565297,29.399999,5.130677,1.098097,0.000001,0.000000,0.000000,0.000000,-6.037495,6.425384,0.600000,8.837245,5.098093,9.495091,0.000000,10.777166,nan,nan,nan,0,nan,nan,nan,0,nan,nan,nan,nan,nan,nan,nan,nan,nan,nan,nan,nan,nan,nan,nan,nan,nan,nan,nan,nan,nan,nan,nan,nan,nan,nan,nan,nan,nan,nan,nan,nan,nan,nan,nan,nan,nan,nan,nan,nan,nan,nan,nan,nan,nan,nan,nan,nan,nan,nan,nan,nan,nan,nan,nan,nan,nan,nan,nan,nan,nan,nan,nan,nan,nan,nan,nan,nan,nan,nan,nan,nan,nan,nan,nan,nan,nan,nan,nan,nan
37.340,APPROACH,9.016572,-5.776684,6.896992,0.600000,5.216216,9.432170,0.000000,25.088155,-92.405681,29.399999,4.719487,-8.300000,0.000001,0.000000,0.000000,-60.376881,19.311472,-85.508688,29.999999,9.935703,1.132170,0.000001,0.000000,0.000000,6.500796,19.311472,-85.508688,29.399999,5.067830,1.248097,0.000001,0.000000,0.000000,0.000000,-5.776684,6.896992,0.600000,9.016572,5.216216,9.432170,0.000000,10.778439,nan,nan,nan,0,nan,nan,nan,0,nan,nan,nan,nan,nan,nan,nan,nan,nan,nan,nan,nan,nan,nan,nan,nan,nan,nan,nan,nan,nan,nan,nan,nan,nan,nan,nan,nan,nan,nan,nan,nan,nan,nan,nan,nan,nan,nan,nan,nan,nan,nan,nan,nan,nan,nan,nan,nan,nan,nan,nan,nan,nan,nan,nan,nan,nan,nan,nan,nan,nan,nan,nan,nan,nan,nan,nan,nan,nan,nan,nan,nan,nan,nan,nan,nan,nan,nan,nan,nan
37.380,APPROACH,9.217909,-5.509986,7.365453,0.600000,5.333951,9.369205,0.000000,25.317880,-92.814431,29.399999,4.594487,-8.175000,0.000001,0.000000,0.000000,-60.663283,19.807893,-85.448978,29.999999,9.928438,1.194205,0.000001,0.000000,0.000000,6.858660,19.807893,-85.448978,29.399999,5.004754,1.348097,0.000001,0.000000,0.000000,0.000000,-5.509986,7.365453,0.600000,9.217909,5.333951,9.369205,0.000000,10.781142,nan,nan,nan,0,nan,nan,nan,0,nan,nan,nan,nan,nan,nan,nan,nan,nan,nan,nan,nan,nan,nan,nan,nan,nan,nan,nan,nan,nan,nan,nan,nan,nan,nan,nan,nan,nan,nan,nan,nan,nan,nan,nan,nan,nan,nan,nan,nan,nan,nan,nan,nan,nan,nan,nan,nan,nan,nan,nan,nan,nan,nan,nan,nan,nan,nan,nan,nan,nan,nan,nan,nan,nan,nan,nan,nan,nan,nan,nan,nan,nan,nan,nan,nan,nan,nan,nan,nan
37.440,APPROACH,9.439884,-5.237421,7.830762,0.600000,5.451298,9.306193,0.000000,25.541354,-93.216931,29.399999,4.469487,-8.050000,0.000001,0.000000,0.000000,-60.960274,20.303933,-85.386169,29.999999,9.920785,1.256193,0.000001,0.000000,0.000000,7.216523,20.303933,-85.386169,29.399999,4.941689,1.498097,0.000001,0.000000,0.000000,0.000000,-5.237421,7.830762,0.600000,9.439884,5.451298,9.306193,0.000000,10.785262,nan,nan,nan,0,nan,nan,nan,0,nan,nan,nan,nan,nan,nan,nan,nan,nan,nan,nan,nan,nan,nan,nan,nan,nan,nan,nan,nan,nan,nan,nan,nan,nan,nan,nan,nan,nan,nan,nan,nan,nan,nan,nan,nan,nan,nan,nan,nan,nan,nan,nan,nan,nan,nan,nan,nan,nan,nan,nan,nan,nan,nan,nan,nan,nan,nan,nan,nan,nan,nan,nan,nan,nan,nan,nan,nan,nan,nan,nan,nan,nan,nan,nan,nan,nan,nan,nan,nan
37.480,APPROACH,9.681129,-4.959008,8.292919,0.600000,5.568259,9.243133,0.000000,25.758578,-93.613181,29.399999,4.344487,-7.925000,0.000001,0.000000,0.000000,-61.268435,20.799570,-85.320262,29.999999,9.912746,1.318133,0.000001,0.000000,0.000000,7.574387,20.799570,-85.320262,29.399999,4.878861,1.598097,0.000001,0.000000,0.000000,0.000000,-4.959008,8.292919,0.600000,9.681129,5.568259,9.243133,0.000000,10.790783,nan,nan,nan,0,nan,nan,nan,0,nan,nan,nan,nan,nan,nan,nan,nan,nan,nan,nan,nan,nan,nan,nan,nan,nan,nan,nan,nan,nan,nan,nan,nan,nan,nan,nan,nan,nan,nan,nan,nan,nan,nan,nan,nan,nan,nan,nan,nan,nan,nan,nan,nan,nan,nan,nan,nan,nan,nan,nan,nan,nan,nan,nan,nan,nan,nan,nan,nan,nan,nan,nan,nan,nan,nan,nan,nan,nan,nan,nan,nan,nan,nan,nan,nan,nan,nan,nan,nan
37.540,APPROACH,9.940299,-4.674767,8.751920,0.600000,5.684832,9.180021,0.000000,25.969553,-94.003181,29.399999,4.219487,-7.800000,0.000001,0.000000,0.000000,-61.588390,21.294786,-85.251261,29.999999,9.904319,1.380021,0.000001,0.000000,0.000000,7.932250,21.294786,-85.251261,29.399999,4.816492,1.748097,0.000001,0.000000,0.000000,0.000000,-4.674767,8.751920,0.600000,9.940299,5.684832,9.180021,0.000000,10.797689,nan,nan,nan,0,nan,nan,nan,0,nan,nan,nan,nan,nan,nan,nan,nan,nan,nan,nan,nan,nan,nan,nan,nan,nan,nan,nan,nan,nan,nan,nan,nan,nan,nan,nan,nan,nan,nan,nan,nan,nan,nan,nan,nan,nan,nan,nan,nan,nan,nan,nan,nan,nan,nan,nan,nan,nan,nan,nan,nan,nan,nan,nan,nan,nan,nan,nan,nan,nan,nan,nan,nan,nan,nan,nan,nan,nan,nan,nan,nan,nan,nan,nan,nan,nan,nan,nan,nan
37.580,APPROACH,10.216096,-4.384716,9.207763,0.600000,5.801020,9.116855,0.000000,26.174277,-94.386931,29.399999,4.094487,-7.675000,0.000001,0.000000,0.000000,-61.920808,21.789561,-85.179168,29.999999,9.895507,1.441855,0.000001,0.000000,0.000000,8.290114,22.059587,-85.139823,29.399999,4.754789,1.848097,0.000001,0.000000,0.000000,0.000000,-4.384716,9.207763,0.600000,10.216096,5.801020,9.116855,0.000000,10.805964,nan,nan,nan,0,nan,nan,nan,0,nan,nan,nan,nan,nan,nan,nan,nan,nan,nan,nan,nan,nan,nan,nan,nan,nan,nan,nan,nan,nan,nan,nan,nan,nan,nan,nan,nan,nan,nan,nan,nan,nan,nan,nan,nan,nan,nan,nan,nan,nan,nan,nan,nan,nan,nan,nan,nan,nan,nan,nan,nan,nan,nan,nan,nan,nan,nan,nan,nan,nan,nan,nan,nan,nan,nan,nan,nan,nan,nan,nan,nan,nan,nan,nan,nan,nan,nan,nan,nan
37.640,APPROACH,10.507287,-4.088875,9.660444,0.600000,5.916821,9.053632,0.000000,26.372751,-94.764431,29.399999,3.969487,-7.550000,0.000001,0.000000,0.000000,-62.266407,22.283877,-85.103987,29.999999,9.886308,1.503632,0.000001,0.000000,0.000000,8.647978,22.953675,-85.002115,29.399999,4.693950,1.998097,0.000001,0.000000,0.000000,0.000000,-4.088875,9.660444,0.600000,10.507287,5.916821,9.053632,0.000000,10.815592,nan,nan,nan,0,nan,nan,nan,0,nan,nan,nan,nan,nan,nan,nan,nan,nan,nan,nan,nan,nan,nan,nan,nan,nan,nan,nan,nan,nan,nan,nan,nan,nan,nan,nan,nan,nan,nan,nan,nan,nan,nan,nan,nan,nan,nan,nan,nan,nan,nan,nan,nan,nan,nan,nan,nan,nan,nan,nan,nan,nan,nan,nan,nan,nan,nan,nan,nan,nan,nan,nan,nan,nan,nan,nan,nan,nan,nan,nan,nan,nan,nan,nan,nan,nan,nan,nan,nan
37.680,APPROACH,10.812710,-3.787263,10.109962,0.600000,6.032237,8.990352,0.000000,26.564976,-95.135681,29.399999,3.844487,-7.425000,0.000001,0.000000,0.000000,-62.625961,22.777713,-85.025719,29.999999,9.876724,1.565352,0.000001,0.000000,0.000000,9.005841,23.870504,-84.852524,29.399999,4.634163,2.098097,0.000001,0.000000,0.000000,0.000000,-3.787263,10.109962,0.600000,10.812710,6.032237,8.990352,0.000000,10.826555,nan,nan,nan,0,nan,nan,nan,0,nan,nan,nan,nan,nan,nan,nan,nan,nan,nan,nan,nan,nan,nan,nan,nan,nan,nan,nan,nan,nan,nan,nan,nan,nan,nan,nan,nan,nan,nan,nan,nan,nan,nan,nan,nan,nan,nan,nan,nan,nan,nan,nan,nan,nan,nan,nan,nan,nan,nan,nan,nan,nan,nan,nan,nan,nan,nan,nan,nan,nan,nan,nan,nan,nan,nan,nan,nan,nan,nan,nan,nan,nan,nan,nan,nan,nan,nan,nan,nan
37.740,APPROACH,11.131282,-3.479900,10.556312,0.600000,6.147267,8.927010,0.000000,26.750950,-95.500681,29.399999,3.719487,-7.300000,0.000001,0.000000,0.000000,-63.000303,23.271051,-84.944368,29.999999,9.866754,1.627010,0.000001,0.000000,0.000000,9.363705,24.809053,-84.690755,29.399999,4.575604,2.248097,0.000001,0.000000,0.000000,0.000000,-3.479900,10.556312,0.600000,11.131282,6.147267,8.927010,0.000000,10.838837,nan,nan,nan,0,nan,nan,nan,0,nan,nan,nan,nan,nan,nan,nan,nan,nan,nan,nan,nan,nan,nan,nan,nan,nan,nan,nan,nan,nan,nan,nan,nan,nan,nan,nan,nan,nan,nan,nan,nan,nan,nan,nan,nan,nan,nan,nan,nan,nan,nan,nan,nan,nan,nan,nan,nan,nan,nan,nan,nan,nan,nan,nan,nan,nan,nan,nan,nan,nan,nan,nan,nan,nan,nan,nan,nan,nan,nan,nan,nan,nan,nan,nan,nan,nan,nan,nan,nan
37.780,APPROACH,11.462002,-3.166804,10.999493,0.600000,6.261913,8.863604,-0.000000,26.930675,-95.859431,29.399999,3.594487,-7.175000,0.000001,0.000000,0.000000,-63.390330,23.763871,-84.859938,29.999999,9.856400,1.688604,0.000001,0.000000,0.000000,9.721569,25.768373,-84.516526,29.399999,4.518442,2.348097,0.000001,0.000000,0.000000,0.000000,-3.166804,10.999493,0.600000,11.462002,6.261913,8.863604,-0.000000,10.852421,nan,nan,nan,0,nan,nan,nan,0,nan,nan,nan,nan,nan,nan,nan,nan,nan,nan,nan,nan,nan,nan,nan,nan,nan,nan,nan,nan,nan,nan,nan,nan,nan,nan,nan,nan,nan,nan,nan,nan,nan,nan,nan,nan,nan,nan,nan,nan,nan,nan,nan,nan,nan,nan,nan,nan,nan,nan,nan,nan,nan,nan,nan,nan,nan,nan,nan,nan,nan,nan,nan,nan,nan,nan,nan,nan,nan,nan,nan,nan,nan,nan,nan,nan,nan,nan,nan,nan
37.840,APPROACH,11.803949,-2.847995,11.439499,0.600000,6.376174,8.800133,-0.000000,27.104149,-96.211931,29.399999,3.469487,-7.050000,0.000001,0.000000,0.000000,-63.797010,24.256154,-84.772432,29.999999,9.845661,1.750133,0.000001,0.000000,0.000000,10.079433,26.747589,-84.329562,29.399999,4.462834,2.498097,0.000001,0.000000,0.000000,0.000000,-2.847995,11.439499,0.600000,11.803949,6.376174,8.800133,-0.000000,10.867287,nan,nan,nan,0,nan,nan,nan,0,nan,nan,nan,nan,nan,nan,nan,nan,nan,nan,nan,nan,nan,nan,nan,nan,nan,nan,nan,nan,nan,nan,nan,nan,nan,nan,nan,nan,nan,nan,nan,nan,nan,nan,nan,nan,nan,nan,nan,nan,nan,nan,nan,nan,nan,nan,nan,nan,nan,nan,nan,nan,nan,nan,nan,nan,nan,nan,nan,nan,nan,nan,nan,nan,nan,nan,nan,nan,nan,nan,nan,nan,nan,nan,nan,nan,nan,nan,nan,nan
37.880,APPROACH,12.158883,-2.535993,11.876329,0.600000,6.240050,8.736594,-0.000000,27.283873,-96.558181,29.399999,3.594487,-6.925000,0.000001,0.000000,0.000000,-62.568001,24.747881,-84.681852,29.999999,9.834538,1.811594,0.000001,0.000000,0.000000,10.437298,27.749679,-84.128899,29.399999,4.408929,2.598097,0.000001,0.000000,0.000000,0.000000,-2.535993,11.876329,0.600000,12.158883,6.240050,8.736594,-0.000000,10.736214,nan,nan,nan,0,nan,nan,nan,0,nan,nan,nan,nan,nan,nan,nan,nan,nan,nan,nan,nan,nan,nan,nan,nan,nan,nan,nan,nan,nan,nan,nan,nan,nan,nan,nan,nan,nan,nan,nan,nan,nan,nan,nan,nan,nan,nan,nan,nan,nan,nan,nan,nan,nan,nan,nan,nan,nan,nan,nan,nan,nan,nan,nan,nan,nan,nan,nan,nan,nan,nan,nan,nan,nan,nan,nan,nan,nan,nan,nan,nan,nan,nan,nan,nan,nan,nan,nan,nan
37.940,APPROACH,12.524859,-2.230816,12.309978,0.600000,6.103544,8.672984,-0.000000,27.469848,-96.898181,29.399999,3.719487,-6.800000,0.000001,0.000000,0.000000,-61.322073,25.239032,-84.588203,29.999999,9.823031,1.872984,0.000001,0.000000,0.000000,10.795162,28.772297,-83.914506,29.399999,4.354040,2.748097,0.000001,0.000000,0.000000,0.000000,-2.230816,12.309978,0.600000,12.524859,6.103544,8.672984,-0.000000,10.605371,nan,nan,nan,0,nan,nan,nan,0,nan,nan,nan,nan,nan,nan,nan,nan,nan,nan,nan,nan,nan,nan,nan,nan,nan,nan,nan,nan,nan,nan,nan,nan,nan,nan,nan,nan,nan,nan,nan,nan,nan,nan,nan,nan,nan,nan,nan,nan,nan,nan,nan,nan,nan,nan,nan,nan,nan,nan,nan,nan,nan,nan,nan,nan,nan,nan,nan,nan,nan,nan,nan,nan,nan,nan,nan,nan,nan,nan,nan,nan,nan,nan,nan,nan,nan,nan,nan,nan
37.980,APPROACH,12.900131,-1.932483,12.740443,0.600000,5.966654,8.609300,-0.000000,27.662072,-97.231931,29.399999,3.844487,-6.675000,0.000001,0.000000,0.000000,-60.060074,25.729589,-84.491488,29.999999,9.811141,1.934300,0.000001,0.000000,0.000000,11.153026,29.813283,-83.686373,29.399999,4.301376,2.848097,0.000001,0.000000,0.000000,0.000000,-1.932483,12.740443,0.600000,12.900131,5.966654,8.609300,-0.000000,10.474780,nan,nan,nan,0,nan,nan,nan,0,nan,nan,nan,nan,nan,nan,nan,nan,nan,nan,nan,nan,nan,nan,nan,nan,nan,nan,nan,nan,nan,nan,nan,nan,nan,nan,nan,nan,nan,nan,nan,nan,nan,nan,nan,nan,nan,nan,nan,nan,nan,nan,nan,nan,nan,nan,nan,nan,nan,nan,nan,nan,nan,nan,nan,nan,nan,nan,nan,nan,nan,nan,nan,nan,nan,nan,nan,nan,nan,nan,nan,nan,nan,nan,nan,nan,nan,nan,nan,nan
38.040,APPROACH,13.283139,-1.641014,13.167720,0.600000,5.829381,8.545542,-0.000000,27.860546,-97.559431,29.399999,3.969487,-6.550000,0.000001,0.000000,0.000000,-58.782940,26.219532,-84.391711,29.999999,9.798868,1.995542,0.000001,0.000000,0.000000,11.510890,30.870644,-83.444511,29.400000,4.252666,2.998097,0.000001,0.000000,0.000000,0.000000,-1.641014,13.167720,0.600000,13.283139,5.829381,8.545542,-0.000000,10.344466,nan,nan,nan,0,nan,nan,nan,0,nan,nan,nan,nan,nan,nan,nan,nan,nan,nan,nan,nan,nan,nan,nan,nan,nan,nan,nan,nan,nan,nan,nan,nan,nan,nan,nan,nan,nan,nan,nan,nan,nan,nan,nan,nan,nan,nan,nan,nan,nan,nan,nan,nan,nan,nan,nan,nan,nan,nan,nan,nan,nan,nan,nan,nan,nan,nan,nan,nan,nan,nan,nan,nan,nan,nan,nan,nan,nan,nan,nan,nan,nan,nan,nan,nan,nan,nan,nan,nan
38.080,APPROACH,13.672493,-1.356428,13.591805,0.600000,5.691726,8.481705,-0.000000,28.065271,-97.880681,29.399999,4.094487,-6.425000,0.000001,0.000000,0.000000,-57.491687,26.708843,-84.288875,29.999999,9.786213,2.056705,0.000001,0.000000,0.000000,11.868755,31.942546,-83.188942,29.400000,4.206567,3.023517,0.000000,0.000000,0.000000,0.000000,-1.356428,13.591805,0.600000,13.672493,5.691726,8.481705,-0.000000,10.214454,nan,nan,nan,0,nan,nan,nan,0,nan,nan,nan,nan,nan,nan,nan,nan,nan,nan,nan,nan,nan,nan,nan,nan,nan,nan,nan,nan,nan,nan,nan,nan,nan,nan,nan,nan,nan,nan,nan,nan,nan,nan,nan,nan,nan,nan,nan,nan,nan,nan,nan,nan,nan,nan,nan,nan,nan,nan,nan,nan,nan,nan,nan,nan,nan,nan,nan,nan,nan,nan,nan,nan,nan,nan,nan,nan,nan,nan,nan,nan,nan,nan,nan,nan,nan,nan,nan,nan
38.140,APPROACH,14.066958,-1.078743,14.012695,0.600000,5.553689,8.417789,-0.000000,28.276245,-98.195681,29.399999,4.219487,-6.300000,0.000001,0.000000,0.000000,-56.187412,27.197502,-84.182986,29.999999,9.773176,2.117789,0.000001,0.000000,0.000000,12.226619,33.027298,-82.919704,29.400000,4.162593,3.007771,0.000000,0.000000,0.000000,0.000000,-1.078743,14.012695,0.600000,14.066958,5.553689,8.417789,-0.000000,10.084772,nan,nan,nan,0,nan,nan,nan,0,nan,nan,nan,nan,nan,nan,nan,nan,nan,nan,nan,nan,nan,nan,nan,nan,nan,nan,nan,nan,nan,nan,nan,nan,nan,nan,nan,nan,nan,nan,nan,nan,nan,nan,nan,nan,nan,nan,nan,nan,nan,nan,nan,nan,nan,nan,nan,nan,nan,nan,nan,nan,nan,nan,nan,nan,nan,nan,nan,nan,nan,nan,nan,nan,nan,nan,nan,nan,nan,nan,nan,nan,nan,nan,nan,nan,nan,nan,nan,nan
38.180,APPROACH,14.465435,-0.807980,14.430384,0.600000,5.415271,8.353789,-0.000000,28.493469,-98.504431,29.399999,4.344487,-6.175000,0.000001,0.000000,0.000000,-54.871289,27.685490,-84.074046,29.999999,9.759758,2.178789,0.000001,0.000000,0.000000,12.584484,34.123338,-82.636847,29.400000,4.120702,2.992177,0.000000,0.000000,0.000000,0.000000,-0.807980,14.430384,0.600000,14.465435,5.415271,8.353789,-0.000000,9.955449,nan,nan,nan,0,nan,nan,nan,0,nan,nan,nan,nan,nan,nan,nan,nan,nan,nan,nan,nan,nan,nan,nan,nan,nan,nan,nan,nan,nan,nan,nan,nan,nan,nan,nan,nan,nan,nan,nan,nan,nan,nan,nan,nan,nan,nan,nan,nan,nan,nan,nan,nan,nan,nan,nan,nan,nan,nan,nan,nan,nan,nan,nan,nan,nan,nan,nan,nan,nan,nan,nan,nan,nan,nan,nan,nan,nan,nan,nan,nan,nan,nan,nan,nan,nan,nan,nan,nan
38.240,APPROACH,14.866952,-0.544156,14.844870,0.600000,5.276472,8.289705,-0.000000,28.716944,-98.806931,29.399999,4.469487,-6.050000,0.000001,0.000000,0.000000,-53.544561,28.172788,-83.962061,29.999999,9.745959,2.239705,0.000001,0.000000,0.000000,12.942348,35.229220,-82.340432,29.400000,4.080847,2.976764,0.000000,0.000000,0.000000,0.000000,-0.544156,14.844870,0.600000,14.866952,5.276472,8.289705,-0.000000,9.826514,nan,nan,nan,0,nan,nan,nan,0,nan,nan,nan,nan,nan,nan,nan,nan,nan,nan,nan,nan,nan,nan,nan,nan,nan,nan,nan,nan,nan,nan,nan,nan,nan,nan,nan,nan,nan,nan,nan,nan,nan,nan,nan,nan,nan,nan,nan,nan,nan,nan,nan,nan,nan,nan,nan,nan,nan,nan,nan,nan,nan,nan,nan,nan,nan,nan,nan,nan,nan,nan,nan,nan,nan,nan,nan,nan,nan,nan,nan,nan,nan,nan,nan,nan,nan,nan,nan,nan
38.280,APPROACH,15.270643,-0.287291,15.256146,0.600000,5.137293,8.225534,-0.000000,28.946668,-99.103181,29.400000,4.594487,-5.925000,0.000001,0.000000,0.000000,-52.208538,28.659377,-83.847034,29.999999,9.731780,2.300534,0.000001,0.000000,0.000000,13.300213,36.343604,-82.030530,29.400000,4.045540,2.962166,0.000000,0.000000,0.000000,0.000000,-0.287291,15.256146,0.600000,15.270643,5.137293,8.225534,-0.000000,9.697999,nan,nan,nan,0,nan,nan,nan,0,nan,nan,nan,nan,nan,nan,nan,nan,nan,nan,nan,nan,nan,nan,nan,nan,nan,nan,nan,nan,nan,nan,nan,nan,nan,nan,nan,nan,nan,nan,nan,nan,nan,nan,nan,nan,nan,nan,nan,nan,nan,nan,nan,nan,nan,nan,nan,nan,nan,nan,nan,nan,nan,nan,nan,nan,nan,nan,nan,nan,nan,nan,nan,nan,nan,nan,nan,nan,nan,nan,nan,nan,nan,nan,nan,nan,nan,nan,nan,nan
38.340,APPROACH,15.675741,-0.037405,15.664210,0.600000,4.997734,8.161272,-0.000000,29.182642,-99.393181,29.400000,4.719487,-5.800000,0.000001,0.000000,0.000000,-50.864590,29.145238,-83.728971,29.999999,9.717222,2.361272,0.000000,0.000000,0.000000,13.658077,37.465243,-81.707221,29.400000,4.015812,2.948722,0.000000,0.000000,0.000000,0.000000,-0.037405,15.664210,0.600000,15.675741,4.997734,8.161272,-0.000000,9.569938,nan,nan,nan,0,nan,nan,nan,0,nan,nan,nan,nan,nan,nan,nan,nan,nan,nan,nan,nan,nan,nan,nan,nan,nan,nan,nan,nan,nan,nan,nan,nan,nan,nan,nan,nan,nan,nan,nan,nan,nan,nan,nan,nan,nan,nan,nan,nan,nan,nan,nan,nan,nan,nan,nan,nan,nan,nan,nan,nan,nan,nan,nan,nan,nan,nan,nan,nan,nan,nan,nan,nan,nan,nan,nan,nan,nan,nan,nan,nan,nan,nan,nan,nan,nan,nan,nan,nan
38.380,APPROACH,16.081566,0.205485,16.069056,0.600000,4.857797,8.096919,-0.000000,29.424867,-99.676931,29.400000,4.844487,-5.675000,0.000001,0.000000,0.000000,-49.514135,29.630352,-83.607875,29.999999,9.702284,2.421919,0.000000,0.000000,0.000000,14.015942,38.592974,-81.370593,29.400000,3.986107,2.935155,0.000000,0.000000,0.000000,0.000000,0.205485,16.069056,0.600000,16.081566,4.857797,8.096919,-0.000000,9.442366,nan,nan,nan,0,nan,nan,nan,0,nan,nan,nan,nan,nan,nan,nan,nan,nan,nan,nan,nan,nan,nan,nan,nan,nan,nan,nan,nan,nan,nan,nan,nan,nan,nan,nan,nan,nan,nan,nan,nan,nan,nan,nan,nan,nan,nan,nan,nan,nan,nan,nan,nan,nan,nan,nan,nan,nan,nan,nan,nan,nan,nan,nan,nan,nan,nan,nan,nan,nan,nan,nan,nan,nan,nan,nan,nan,nan,nan,nan,nan,nan,nan,nan,nan,nan,nan,nan,nan
38.440,APPROACH,16.487513,0.441359,16.470679,0.600000,4.717480,8.032471,-0.000000,29.673341,-99.954431,29.400000,4.969487,-5.550000,0.000001,0.000000,0.000000,-48.158637,30.114700,-83.483751,29.999999,9.686967,2.482471,0.000000,0.000000,0.000000,14.373807,39.725709,-81.020747,29.400000,3.956424,2.921465,0.000000,0.000000,0.000000,0.000000,0.441359,16.470679,0.600000,16.487513,4.717480,8.032471,-0.000000,9.315321,nan,nan,nan,0,nan,nan,nan,0,nan,nan,nan,nan,nan,nan,nan,nan,nan,nan,nan,nan,nan,nan,nan,nan,nan,nan,nan,nan,nan,nan,nan,nan,nan,nan,nan,nan,nan,nan,nan,nan,nan,nan,nan,nan,nan,nan,nan,nan,nan,nan,nan,nan,nan,nan,nan,nan,nan,nan,nan,nan,nan,nan,nan,nan,nan,nan,nan,nan,nan,nan,nan,nan,nan,nan,nan,nan,nan,nan,nan,nan,nan,nan,nan,nan,nan,nan,nan,nan
38.480,APPROACH,16.893042,0.670199,16.869076,0.600000,4.576786,7.967926,-0.000000,29.928066,-100.225681,29.400000,5.094487,-5.425000,0.000001,0.000000,0.000000,-46.799590,30.598264,-83.356605,29.999999,9.671273,2.542926,0.000000,0.000000,0.000000,14.731672,40.862431,-80.657786,29.400000,3.926764,2.907652,0.000000,0.000000,0.000000,0.000000,0.670199,16.869076,0.600000,16.893042,4.576786,7.967926,-0.000000,9.188842,nan,nan,nan,0,nan,nan,nan,0,nan,nan,nan,nan,nan,nan,nan,nan,nan,nan,nan,nan,nan,nan,nan,nan,nan,nan,nan,nan,nan,nan,nan,nan,nan,nan,nan,nan,nan,nan,nan,nan,nan,nan,nan,nan,nan,nan,nan,nan,nan,nan,nan,nan,nan,nan,nan,nan,nan,nan,nan,nan,nan,nan,nan,nan,nan,nan,nan,nan,nan,nan,nan,nan,nan,nan,nan,nan,nan,nan,nan,nan,nan,nan,nan,nan,nan,nan,nan,nan
38.540,APPROACH,17.297676,0.891984,17.264240,0.600000,4.435715,7.903282,-0.000000,30.189040,-100.490681,29.400000,5.219487,-5.300000,0.000001,0.000000,0.000000,-45.438516,31.081024,-83.226441,30.000000,9.655202,2.603282,0.000000,0.000000,0.000000,15.089537,42.002180,-80.281826,29.400000,3.897129,2.893716,0.000000,0.000000,0.000000,0.000000,0.891984,17.264240,0.600000,17.297676,4.435715,7.903282,-0.000000,9.062970,nan,nan,nan,0,nan,nan,nan,0,nan,nan,nan,nan,nan,nan,nan,nan,nan,nan,nan,nan,nan,nan,nan,nan,nan,nan,nan,nan,nan,nan,nan,nan,nan,nan,nan,nan,nan,nan,nan,nan,nan,nan,nan,nan,nan,nan,nan,nan,nan,nan,nan,nan,nan,nan,nan,nan,nan,nan,nan,nan,nan,nan,nan,nan,nan,nan,nan,nan,nan,nan,nan,nan,nan,nan,nan,nan,nan,nan,nan,nan,nan,nan,nan,nan,nan,nan,nan,nan
38.580,APPROACH,17.700989,1.106698,17.656167,0.600000,4.294267,7.838536,-0.000000,30.456264,-100.749431,29.400000,5.344487,-5.175000,0.000001,0.000000,0.000000,-44.076946,31.562962,-83.093264,30.000000,9.638754,2.663536,0.000000,0.000000,0.000000,15.447402,43.144055,-79.892989,29.400000,3.867518,2.879658,0.000000,0.000000,0.000000,0.000000,1.106698,17.656167,0.600000,17.700989,4.294267,7.838536,-0.000000,8.937750,nan,nan,nan,0,nan,nan,nan,0,nan,nan,nan,nan,nan,nan,nan,nan,nan,nan,nan,nan,nan,nan,nan,nan,nan,nan,nan,nan,nan,nan,nan,nan,nan,nan,nan,nan,nan,nan,nan,nan,nan,nan,nan,nan,nan,nan,nan,nan,nan,nan,nan,nan,nan,nan,nan,nan,nan,nan,nan,nan,nan,nan,nan,nan,nan,nan,nan,nan,nan,nan,nan,nan,nan,nan,nan,nan,nan,nan,nan,nan,nan,nan,nan,nan,nan,nan,nan,nan
38.640,APPROACH,18.102599,1.314320,18.044851,0.600000,4.152443,7.773687,-0.000000,30.729739,-101.001931,29.400000,5.469487,-5.050000,0.000000,0.000000,0.000000,-42.716418,32.044058,-82.957080,30.000000,9.621930,2.723687,0.000000,0.000000,0.000000,15.805267,44.287204,-79.491403,29.400000,3.837934,2.865477,0.000000,0.000000,0.000000,0.000000,1.314320,18.044851,0.600000,18.102599,4.152443,7.773687,-0.000000,8.813228,nan,nan,nan,0,nan,nan,nan,0,nan,nan,nan,nan,nan,nan,nan,nan,nan,nan,nan,nan,nan,nan,nan,nan,nan,nan,nan,nan,nan,nan,nan,nan,nan,nan,nan,nan,nan,nan,nan,nan,nan,nan,nan,nan,nan,nan,nan,nan,nan,nan,nan,nan,nan,nan,nan,nan,nan,nan,nan,nan,nan,nan,nan,nan,nan,nan,nan,nan,nan,nan,nan,nan,nan,nan,nan,nan,nan,nan,nan,nan,nan,nan,nan,nan,nan,nan,nan,nan
38.680,APPROACH,18.502168,1.514832,18.430287,0.600000,4.010243,7.708731,-0.000000,31.009463,-101.248181,29.400000,5.594487,-4.925000,0.000000,0.000000,0.000000,-41.358461,32.524295,-82.817893,30.000000,9.604730,2.783731,0.000000,0.000000,0.000000,16.163132,45.430819,-79.077206,29.400000,3.808376,2.851174,0.000000,0.000000,0.000000,0.000000,1.514832,18.430287,0.600000,18.502168,4.010243,7.708731,-0.000000,8.689453,nan,nan,nan,0,nan,nan,nan,0,nan,nan,nan,nan,nan,nan,nan,nan,nan,nan,nan,nan,nan,nan,nan,nan,nan,nan,nan,nan,nan,nan,nan,nan,nan,nan,nan,nan,nan,nan,nan,nan,nan,nan,nan,nan,nan,nan,nan,nan,nan,nan,nan,nan,nan,nan,nan,nan,nan,nan,nan,nan,nan,nan,nan,nan,nan,nan,nan,nan,nan,nan,nan,nan,nan,nan,nan,nan,nan,nan,nan,nan,nan,nan,nan,nan,nan,nan,nan,nan
38.740,APPROACH,18.899393,1.708215,18.812471,0.600000,3.867669,7.643667,-0.000000,31.295437,-101.488181,29.400000,5.719487,-4.800000,0.000000,0.000000,0.000000,-40.004588,33.003653,-82.675710,30.000000,9.587156,2.843667,0.000000,0.000000,0.000000,16.520997,46.574138,-78.650539,29.400000,3.778845,2.836749,0.000000,0.000000,0.000000,0.000000,1.708215,18.812471,0.600000,18.899393,3.867669,7.643667,-0.000000,8.566476,nan,nan,nan,0,nan,nan,nan,0,nan,nan,nan,nan,nan,nan,nan,nan,nan,nan,nan,nan,nan,nan,nan,nan,nan,nan,nan,nan,nan,nan,nan,nan,nan,nan,nan,nan,nan,nan,nan,nan,nan,nan,nan,nan,nan,nan,nan,nan,nan,nan,nan,nan,nan,nan,nan,nan,nan,nan,nan,nan,nan,nan,nan,nan,nan,nan,nan,nan,nan,nan,nan,nan,nan,nan,nan,nan,nan,nan,nan,nan,nan,nan,nan,nan,nan,nan,nan,nan
38.780,APPROACH,19.294004,1.894451,19.191395,0.600000,3.724721,7.578492,-0.000000,31.587662,-101.721931,29.400000,5.844487,-4.675000,0.000000,0.000000,0.000000,-38.656283,33.482113,-82.530535,30.000000,9.569208,2.903492,0.000000,0.000000,0.000000,16.878862,47.716434,-78.211554,29.400000,3.749342,2.822202,0.000000,0.000000,0.000000,0.000000,1.894451,19.191395,0.600000,19.294004,3.724721,7.578492,-0.000000,8.444352,nan,nan,nan,0,nan,nan,nan,0,nan,nan,nan,nan,nan,nan,nan,nan,nan,nan,nan,nan,nan,nan,nan,nan,nan,nan,nan,nan,nan,nan,nan,nan,nan,nan,nan,nan,nan,nan,nan,nan,nan,nan,nan,nan,nan,nan,nan,nan,nan,nan,nan,nan,nan,nan,nan,nan,nan,nan,nan,nan,nan,nan,nan,nan,nan,nan,nan,nan,nan,nan,nan,nan,nan,nan,nan,nan,nan,nan,nan,nan,nan,nan,nan,nan,nan,nan,nan,nan
38.840,APPROACH,19.685760,2.073521,19.567056,0.600000,3.581399,7.513203,-0.000000,31.886136,-101.949431,29.400000,5.969487,-4.550000,0.000000,0.000000,0.000000,-37.314995,33.959657,-82.382375,30.000000,9.550886,2.963203,0.000000,0.000000,0.000000,17.236727,48.857018,-77.760405,29.400000,3.719868,2.807534,0.000000,0.000000,0.000000,0.000000,2.073521,19.567056,0.600000,19.685760,3.581399,7.513203,-0.000000,8.323139,nan,nan,nan,0,nan,nan,nan,0,nan,nan,nan,nan,nan,nan,nan,nan,nan,nan,nan,nan,nan,nan,nan,nan,nan,nan,nan,nan,nan,nan,nan,nan,nan,nan,nan,nan,nan,nan,nan,nan,nan,nan,nan,nan,nan,nan,nan,nan,nan,nan,nan,nan,nan,nan,nan,nan,nan,nan,nan,nan,nan,nan,nan,nan,nan,nan,nan,nan,nan,nan,nan,nan,nan,nan,nan,nan,nan,nan,nan,nan,nan,nan,nan,nan,nan,nan,nan,nan
38.880,APPROACH,20.074445,2.245407,19.939446,0.600000,3.437705,7.447799,-0.000000,32.190860,-102.170681,29.400000,6.094487,-4.425000,0.000000,0.000000,0.000000,-35.982127,34.436267,-82.231235,30.000000,9.532192,3.022799,0.000000,0.000000,0.000000,17.594592,49.894021,-77.329352,29.400000,3.690423,2.792743,0.000000,0.000000,0.000000,0.000000,2.245407,19.939446,0.600000,20.074445,3.437705,7.447799,-0.000000,8.202898,nan,nan,nan,0,nan,nan,nan,0,nan,nan,nan,nan,nan,nan,nan,nan,nan,nan,nan,nan,nan,nan,nan,nan,nan,nan,nan,nan,nan,nan,nan,nan,nan,nan,nan,nan,nan,nan,nan,nan,nan,nan,nan,nan,nan,nan,nan,nan,nan,nan,nan,nan,nan,nan,nan,nan,nan,nan,nan,nan,nan,nan,nan,nan,nan,nan,nan,nan,nan,nan,nan,nan,nan,nan,nan,nan,nan,nan,nan,nan,nan,nan,nan,nan,nan,nan,nan,nan
38.940,APPROACH,20.459866,2.410089,20.308559,0.600000,3.293639,7.382277,-0.000000,32.501835,-102.385681,29.400000,6.219487,-4.300000,0.000000,0.000000,0.000000,-34.659026,34.911923,-82.077121,30.000000,9.513126,3.082277,0.000000,0.000000,0.000000,17.952457,50.430464,-77.049075,29.400000,3.661009,2.777832,0.000000,0.000000,0.000000,0.000000,2.410089,20.308559,0.600000,20.459866,3.293639,7.382277,-0.000000,8.083692,nan,nan,nan,0,nan,nan,nan,0,nan,nan,nan,nan,nan,nan,nan,nan,nan,nan,nan,nan,nan,nan,nan,nan,nan,nan,nan,nan,nan,nan,nan,nan,nan,nan,nan,nan,nan,nan,nan,nan,nan,nan,nan,nan,nan,nan,nan,nan,nan,nan,nan,nan,nan,nan,nan,nan,nan,nan,nan,nan,nan,nan,nan,nan,nan,nan,nan,nan,nan,nan,nan,nan,nan,nan,nan,nan,nan,nan,nan,nan,nan,nan,nan,nan,nan,nan,nan,nan
38.980,TRACKING,20.841851,2.567549,20.674391,0.600000,3.149202,7.316635,-0.000000,32.819059,-102.594431,29.400000,6.344487,-4.175000,0.000000,0.000000,0.000000,-33.346980,35.386608,-81.920040,30.000000,9.493689,3.141635,0.000000,0.000000,0.000000,18.310322,35.386608,-81.920040,29.400000,3.711009,2.732539,0.000000,0.000000,0.000000,0.000000,2.567549,20.674391,0.600000,20.841851,3.149202,7.316635,-0.000000,7.965590,nan,nan,nan,0,nan,nan,nan,0,nan,nan,nan,nan,nan,nan,nan,nan,nan,nan,nan,nan,nan,nan,nan,nan,nan,nan,nan,nan,nan,nan,nan,nan,nan,nan,nan,nan,nan,nan,nan,nan,nan,nan,nan,nan,nan,nan,nan,nan,nan,nan,nan,nan,nan,nan,nan,nan,nan,nan,nan,nan,nan,nan,nan,nan,nan,nan,nan,nan,nan,nan,nan,nan,nan,nan,nan,nan,nan,nan,nan,nan,nan,nan,nan,nan,nan,nan,nan,nan
39.040,TRACKING,21.215018,2.713759,21.032178,0.600000,2.924202,7.155732,0.000000,33.142533,-102.796931,29.400000,6.469487,-4.050000,0.000000,0.000000,0.000000,-32.047209,35.856292,-81.764753,30.000000,9.393689,3.105732,0.000000,0.000000,0.000000,18.294866,35.856292,-81.764753,29.400000,3.861009,2.727836,0.000000,0.000000,0.000000,0.000000,2.713759,21.032178,0.600000,21.215018,2.924202,7.155732,0.000000,7.730165,nan,nan,nan,0,nan,nan,nan,0,nan,nan,nan,nan,nan,nan,nan,nan,nan,nan,nan,nan,nan,nan,nan,nan,nan,nan,nan,nan,nan,nan,nan,nan,nan,nan,nan,nan,nan,nan,nan,nan,nan,nan,nan,nan,nan,nan,nan,nan,nan,nan,nan,nan,nan,nan,nan,nan,nan,nan,nan,nan,nan,nan,nan,nan,nan,nan,nan,nan,nan,nan,nan,nan,nan,nan,nan,nan,nan,nan,nan,nan,nan,nan,nan,nan,nan,nan,nan,nan
39.080,TRACKING,21.583874,2.848719,21.386641,0.600000,2.699202,7.089275,0.000000,33.472258,-102.993181,29.400000,6.594487,-3.925000,-0.000000,0.000000,0.000000,-30.760859,36.320977,-81.606539,30.000000,9.293689,3.164275,0.000000,0.000000,0.000000,18.802461,36.320977,-81.606539,29.400000,3.961009,2.777836,0.000000,0.000000,0.000000,0.000000,2.848719,21.386641,0.600000,21.583874,2.699202,7.089275,0.000000,7.585744,nan,nan,nan,0,nan,nan,nan,0,nan,nan,nan,nan,nan,nan,nan,nan,nan,nan,nan,nan,nan,nan,nan,nan,nan,nan,nan,nan,nan,nan,nan,nan,nan,nan,nan,nan,nan,nan,nan,nan,nan,nan,nan,nan,nan,nan,nan,nan,nan,nan,nan,nan,nan,nan,nan,nan,nan,nan,nan,nan,nan,nan,nan,nan,nan,nan,nan,nan,nan,nan,nan,nan,nan,nan,nan,nan,nan,nan,nan,nan,nan,nan,nan,nan,nan,nan,nan,nan
39.140,TRACKING,21.948203,2.972429,21.737716,0.600000,2.474202,7.021488,0.000000,33.808232,-103.183181,29.400000,6.719487,-3.800000,-0.000000,0.000000,0.000000,-29.488999,36.780661,-81.445465,30.000000,9.193689,3.221488,0.000000,0.000000,0.000000,19.310571,36.780661,-81.445465,29.400000,4.111009,2.843261,0.000000,0.000000,0.000000,0.000000,2.972429,21.737716,0.600000,21.948203,2.474202,7.021488,0.000000,7.444661,nan,nan,nan,0,nan,nan,nan,0,nan,nan,nan,nan,nan,nan,nan,nan,nan,nan,nan,nan,nan,nan,nan,nan,nan,nan,nan,nan,nan,nan,nan,nan,nan,nan,nan,nan,nan,nan,nan,nan,nan,nan,nan,nan,nan,nan,nan,nan,nan,nan,nan,nan,nan,nan,nan,nan,nan,nan,nan,nan,nan,nan,nan,nan,nan,nan,nan,nan,nan,nan,nan,nan,nan,nan,nan,nan,nan,nan,nan,nan,nan,nan,nan,nan,nan,nan,nan,nan
39.180,TRACKING,22.308062,3.086682,22.085335,0.600000,2.285070,6.952376,0.000000,34.150456,-103.366931,29.400000,6.844487,-3.675000,-0.000000,0.000000,0.000000,-28.232617,37.237139,-81.281596,30.000000,9.129557,3.277376,0.000000,0.000000,0.000000,19.747387,37.237139,-81.281596,29.400000,4.211009,2.908628,0.000000,0.000000,0.000000,0.000000,3.086682,22.085335,0.600000,22.308062,2.285070,6.952376,0.000000,7.318270,nan,nan,nan,0,nan,nan,nan,0,nan,nan,nan,nan,nan,nan,nan,nan,nan,nan,nan,nan,nan,nan,nan,nan,nan,nan,nan,nan,nan,nan,nan,nan,nan,nan,nan,nan,nan,nan,nan,nan,nan,nan,nan,nan,nan,nan,nan,nan,nan,nan,nan,nan,nan,nan,nan,nan,nan,nan,nan,nan,nan,nan,nan,nan,nan,nan,nan,nan,nan,nan,nan,nan,nan,nan,nan,nan,nan,nan,nan,nan,nan,nan,nan,nan,nan,nan,nan,nan
39.240,TRACKING,22.663633,3.193687,22.429459,0.600000,2.140101,6.882477,0.000000,34.498931,-103.544431,29.400000,6.969487,-3.550000,0.000000,0.000000,0.000000,-26.992618,37.692618,-81.114972,30.000000,9.109588,3.332477,0.000000,0.000000,0.000000,20.093574,37.692618,-81.114972,29.400000,4.361009,2.957854,0.000000,0.000000,0.000000,0.000000,3.193687,22.429459,0.600000,22.663633,2.140101,6.882477,0.000000,7.207533,nan,nan,nan,0,nan,nan,nan,0,nan,nan,nan,nan,nan,nan,nan,nan,nan,nan,nan,nan,nan,nan,nan,nan,nan,nan,nan,nan,nan,nan,nan,nan,nan,nan,nan,nan,nan,nan,nan,nan,nan,nan,nan,nan,nan,nan,nan,nan,nan,nan,nan,nan,nan,nan,nan,nan,nan,nan,nan,nan,nan,nan,nan,nan,nan,nan,nan,nan,nan,nan,nan,nan,nan,nan,nan,nan,nan,nan,nan,nan,nan,nan,nan,nan,nan,nan,nan,nan
39.280,TRACKING,23.014849,3.293427,22.770082,0.600000,1.994798,6.812462,0.000000,34.853655,-103.715681,29.400000,7.094487,-3.425000,0.000000,0.000000,0.000000,-25.769820,38.147083,-80.945599,30.000000,9.089285,3.387462,0.000000,0.000000,0.000000,20.439790,38.147083,-80.945599,29.400000,4.461009,3.001341,0.000000,0.000000,0.000000,0.000000,3.293427,22.770082,0.600000,23.014849,1.994798,6.812462,0.000000,7.098511,nan,nan,nan,0,nan,nan,nan,0,nan,nan,nan,nan,nan,nan,nan,nan,nan,nan,nan,nan,nan,nan,nan,nan,nan,nan,nan,nan,nan,nan,nan,nan,nan,nan,nan,nan,nan,nan,nan,nan,nan,nan,nan,nan,nan,nan,nan,nan,nan,nan,nan,nan,nan,nan,nan,nan,nan,nan,nan,nan,nan,nan,nan,nan,nan,nan,nan,nan,nan,nan,nan,nan,nan,nan,nan,nan,nan,nan,nan,nan,nan,nan,nan,nan,nan,nan,nan,nan
39.340,TRACKING,23.361653,3.385885,23.107198,0.600000,1.849161,6.742327,0.000000,35.214630,-103.880681,29.400000,7.219487,-3.300000,0.000000,0.000000,0.000000,-24.564959,38.600515,-80.773483,30.000000,9.068648,3.442327,0.000000,0.000000,0.000000,20.786034,38.600515,-80.773483,29.400000,4.611009,3.044791,0.000000,0.000000,0.000000,0.000000,3.385885,23.107198,0.600000,23.361653,1.849161,6.742327,0.000000,6.991307,nan,nan,nan,0,nan,nan,nan,0,nan,nan,nan,nan,nan,nan,nan,nan,nan,nan,nan,nan,nan,nan,nan,nan,nan,nan,nan,nan,nan,nan,nan,nan,nan,nan,nan,nan,nan,nan,nan,nan,nan,nan,nan,nan,nan,nan,nan,nan,nan,nan,nan,nan,nan,nan,nan,nan,nan,nan,nan,nan,nan,nan,nan,nan,nan,nan,nan,nan,nan,nan,nan,nan,nan,nan,nan,nan,nan,nan,nan,nan,nan,nan,nan,nan,nan,nan,nan,nan
39.380,TRACKING,23.703994,3.471045,23.440802,0.600000,1.703192,6.672071,0.000000,35.581854,-104.039431,29.400000,7.344487,-3.175000,0.000000,0.000000,0.000000,-23.378685,39.052899,-80.598629,30.000000,9.047679,3.497071,0.000000,0.000000,0.000000,21.132305,39.052899,-80.598629,29.400000,4.711009,3.088202,0.000000,0.000000,0.000000,0.000000,3.471045,23.440802,0.600000,23.703994,1.703192,6.672071,0.000000,6.886029,nan,nan,nan,0,nan,nan,nan,0,nan,nan,nan,nan,nan,nan,nan,nan,nan,nan,nan,nan,nan,nan,nan,nan,nan,nan,nan,nan,nan,nan,nan,nan,nan,nan,nan,nan,nan,nan,nan,nan,nan,nan,nan,nan,nan,nan,nan,nan,nan,nan,nan,nan,nan,nan,nan,nan,nan,nan,nan,nan,nan,nan,nan,nan,nan,nan,nan,nan,nan,nan,nan,nan,nan,nan,nan,nan,nan,nan,nan,nan,nan,nan,nan,nan,nan,nan,nan,nan
39.440,TRACKING,24.041831,3.548890,23.770886,0.600000,1.556890,6.601691,0.000000,35.955328,-104.191931,29.400000,7.469487,-3.050000,0.000000,0.000000,0.000000,-22.211564,39.504218,-80.421045,30.000000,9.026377,3.551691,0.000000,0.000000,0.000000,21.478602,39.504218,-80.421045,29.400000,4.861009,3.131572,0.000000,0.000000,0.000000,0.000000,3.548890,23.770886,0.600000,24.041831,1.556890,6.601691,0.000000,6.782790,nan,nan,nan,0,nan,nan,nan,0,nan,nan,nan,nan,nan,nan,nan,nan,nan,nan,nan,nan,nan,nan,nan,nan,nan,nan,nan,nan,nan,nan,nan,nan,nan,nan,nan,nan,nan,nan,nan,nan,nan,nan,nan,nan,nan,nan,nan,nan,nan,nan,nan,nan,nan,nan,nan,nan,nan,nan,nan,nan,nan,nan,nan,nan,nan,nan,nan,nan,nan,nan,nan,nan,nan,nan,nan,nan,nan,nan,nan,nan,nan,nan,nan,nan,nan,nan,nan,nan
39.480,TRACKING,24.375130,3.619402,24.097445,0.600000,1.410257,6.531186,0.000000,36.335053,-104.338181,29.400000,7.594487,-2.925000,0.000000,0.000000,0.000000,-21.064080,39.954455,-80.240735,30.000000,9.004745,3.606186,0.000000,0.000000,0.000000,21.824925,39.954455,-80.240735,29.400000,4.961009,3.174899,0.000000,0.000000,0.000000,0.000000,3.619402,24.097445,0.600000,24.375130,1.410257,6.531186,0.000000,6.681707,nan,nan,nan,0,nan,nan,nan,0,nan,nan,nan,nan,nan,nan,nan,nan,nan,nan,nan,nan,nan,nan,nan,nan,nan,nan,nan,nan,nan,nan,nan,nan,nan,nan,nan,nan,nan,nan,nan,nan,nan,nan,nan,nan,nan,nan,nan,nan,nan,nan,nan,nan,nan,nan,nan,nan,nan,nan,nan,nan,nan,nan,nan,nan,nan,nan,nan,nan,nan,nan,nan,nan,nan,nan,nan,nan,nan,nan,nan,nan,nan,nan,nan,nan,nan,nan,nan,nan
39.540,TRACKING,24.703862,3.682567,24.420473,0.600000,1.263294,6.460552,0.000000,36.721027,-104.478181,29.400000,7.719487,-2.800000,0.000000,0.000000,0.000000,-19.936640,40.403594,-80.057708,30.000000,8.982781,3.660552,0.000000,0.000000,0.000000,22.171272,40.403594,-80.057708,29.400000,5.111009,3.218181,0.000000,0.000000,0.000000,0.000000,3.682567,24.420473,0.600000,24.703862,1.263294,6.460552,0.000000,6.582906,nan,nan,nan,0,nan,nan,nan,0,nan,nan,nan,nan,nan,nan,nan,nan,nan,nan,nan,nan,nan,nan,nan,nan,nan,nan,nan,nan,nan,nan,nan,nan,nan,nan,nan,nan,nan,nan,nan,nan,nan,nan,nan,nan,nan,nan,nan,nan,nan,nan,nan,nan,nan,nan,nan,nan,nan,nan,nan,nan,nan,nan,nan,nan,nan,nan,nan,nan,nan,nan,nan,nan,nan,nan,nan,nan,nan,nan,nan,nan,nan,nan,nan,nan,nan,nan,nan,nan
39.580,TRACKING,25.028007,3.738367,24.739962,0.600000,1.116001,6.389789,0.000000,37.113251,-104.611931,29.400000,7.844487,-2.675000,0.000000,0.000000,0.000000,-18.829572,40.851618,-79.871968,30.000000,8.960488,3.714789,0.000000,0.000000,0.000000,22.517643,40.851618,-79.871968,29.400000,5.211009,3.261418,0.000000,0.000000,0.000000,0.000000,3.738367,24.739962,0.600000,25.028007,1.116001,6.389789,0.000000,6.486514,nan,nan,nan,0,nan,nan,nan,0,nan,nan,nan,nan,nan,nan,nan,nan,nan,nan,nan,nan,nan,nan,nan,nan,nan,nan,nan,nan,nan,nan,nan,nan,nan,nan,nan,nan,nan,nan,nan,nan,nan,nan,nan,nan,nan,nan,nan,nan,nan,nan,nan,nan,nan,nan,nan,nan,nan,nan,nan,nan,nan,nan,nan,nan,nan,nan,nan,nan,nan,nan,nan,nan,nan,nan,nan,nan,nan,nan,nan,nan,nan,nan,nan,nan,nan,nan,nan,nan
39.640,TRACKING,25.347549,3.786786,25.055907,0.600000,0.968379,6.318893,0.000000,37.511726,-104.739431,29.400000,7.969487,-2.550000,0.000000,0.000000,0.000000,-17.743133,41.298512,-79.683524,30.000000,8.937866,3.768893,0.000000,0.000000,0.000000,22.864038,41.298512,-79.683524,29.400000,5.361009,3.304606,0.000000,0.000000,0.000000,0.000000,3.786786,25.055907,0.600000,25.347549,0.968379,6.318893,0.000000,6.392665,nan,nan,nan,0,nan,nan,nan,0,nan,nan,nan,nan,nan,nan,nan,nan,nan,nan,nan,nan,nan,nan,nan,nan,nan,nan,nan,nan,nan,nan,nan,nan,nan,nan,nan,nan,nan,nan,nan,nan,nan,nan,nan,nan,nan,nan,nan,nan,nan,nan,nan,nan,nan,nan,nan,nan,nan,nan,nan,nan,nan,nan,nan,nan,nan,nan,nan,nan,nan,nan,nan,nan,nan,nan,nan,nan,nan,nan,nan,nan,nan,nan,nan,nan,nan,nan,nan,nan
39.680,TRACKING,25.662478,3.827807,25.368300,0.600000,0.820428,6.247863,0.000000,37.916450,-104.860681,29.400000,8.094487,-2.425000,0.000000,0.000000,0.000000,-16.677512,41.744258,-79.492380,30.000000,8.914915,3.822863,0.000000,0.000000,0.000000,23.210455,41.744258,-79.492380,29.400000,5.461009,3.347744,0.000000,0.000000,0.000000,0.000000,3.827807,25.368300,0.600000,25.662478,0.820428,6.247863,0.000000,6.301500,nan,nan,nan,0,nan,nan,nan,0,nan,nan,nan,nan,nan,nan,nan,nan,nan,nan,nan,nan,nan,nan,nan,nan,nan,nan,nan,nan,nan,nan,nan,nan,nan,nan,nan,nan,nan,nan,nan,nan,nan,nan,nan,nan,nan,nan,nan,nan,nan,nan,nan,nan,nan,nan,nan,nan,nan,nan,nan,nan,nan,nan,nan,nan,nan,nan,nan,nan,nan,nan,nan,nan,nan,nan,nan,nan,nan,nan,nan,nan,nan,nan,nan,nan,nan,nan,nan,nan
39.740,TRACKING,25.972789,3.861415,25.677135,0.600000,0.672151,6.176697,0.000000,38.327424,-104.975681,29.400000,8.219487,-2.300000,0.000000,0.000000,0.000000,-15.632832,42.188839,-79.298546,30.000000,8.891638,3.876697,0.000000,0.000000,0.000000,23.556893,42.188839,-79.298546,29.400000,5.611009,3.390831,0.000000,0.000000,0.000000,0.000000,3.861415,25.677135,0.600000,25.972789,0.672151,6.176697,0.000000,6.213161,nan,nan,nan,0,nan,nan,nan,0,nan,nan,nan,nan,nan,nan,nan,nan,nan,nan,nan,nan,nan,nan,nan,nan,nan,nan,nan,nan,nan,nan,nan,nan,nan,nan,nan,nan,nan,nan,nan,nan,nan,nan,nan,nan,nan,nan,nan,nan,nan,nan,nan,nan,nan,nan,nan,nan,nan,nan,nan,nan,nan,nan,nan,nan,nan,nan,nan,nan,nan,nan,nan,nan,nan,nan,nan,nan,nan,nan,nan,nan,nan,nan,nan,nan,nan,nan,nan,nan
39.780,TRACKING,26.278484,3.887592,25.982405,0.600000,0.523546,6.105392,0.000000,38.744649,-105.084431,29.400000,8.344487,-2.175000,0.000000,0.000000,0.000000,-14.609155,42.632241,-79.102026,30.000000,8.868033,3.930392,0.000000,0.000000,0.000000,23.903353,42.632241,-79.102026,29.400000,5.711009,3.433864,0.000000,0.000000,0.000000,0.000000,3.887592,25.982405,0.600000,26.278484,0.523546,6.105392,0.000000,6.127799,nan,nan,nan,0,nan,nan,nan,0,nan,nan,nan,nan,nan,nan,nan,nan,nan,nan,nan,nan,nan,nan,nan,nan,nan,nan,nan,nan,nan,nan,nan,nan,nan,nan,nan,nan,nan,nan,nan,nan,nan,nan,nan,nan,nan,nan,nan,nan,nan,nan,nan,nan,nan,nan,nan,nan,nan,nan,nan,nan,nan,nan,nan,nan,nan,nan,nan,nan,nan,nan,nan,nan,nan,nan,nan,nan,nan,nan,nan,nan,nan,nan,nan,nan,nan,nan,nan,nan
39.840,TRACKING,26.579567,3.906323,26.284102,0.600000,0.374616,6.033947,0.000000,39.168123,-105.186931,29.400000,8.469487,-2.050000,0.000000,0.000000,0.000000,-13.606489,43.074446,-78.902829,30.000000,8.844103,3.983947,0.000000,0.000000,0.000000,24.249833,43.074446,-78.902829,29.400000,5.861009,3.476842,0.000000,0.000000,0.000000,0.000000,3.906323,26.284102,0.600000,26.579567,0.374616,6.033947,0.000000,6.045565,nan,nan,nan,0,nan,nan,nan,0,nan,nan,nan,nan,nan,nan,nan,nan,nan,nan,nan,nan,nan,nan,nan,nan,nan,nan,nan,nan,nan,nan,nan,nan,nan,nan,nan,nan,nan,nan,nan,nan,nan,nan,nan,nan,nan,nan,nan,nan,nan,nan,nan,nan,nan,nan,nan,nan,nan,nan,nan,nan,nan,nan,nan,nan,nan,nan,nan,nan,nan,nan,nan,nan,nan,nan,nan,nan,nan,nan,nan,nan,nan,nan,nan,nan,nan,nan,nan,nan
39.880,TRACKING,26.876048,3.917591,26.582220,0.600000,0.225362,5.962359,0.000000,39.597847,-105.283181,29.400000,8.594487,-1.925000,0.000000,0.000000,0.000000,-12.624789,43.515439,-78.700961,30.000000,8.819849,4.037359,0.000000,0.000000,0.000000,24.596334,43.515439,-78.700961,29.400000,5.961009,3.519763,0.000000,0.000000,0.000000,0.000000,3.917591,26.582220,0.600000,26.876048,0.225362,5.962359,0.000000,5.966617,nan,nan,nan,0,nan,nan,nan,0,nan,nan,nan,nan,nan,nan,nan,nan,nan,nan,nan,nan,nan,nan,nan,nan,nan,nan,nan,nan,nan,nan,nan,nan,nan,nan,nan,nan,nan,nan,nan,nan,nan,nan,nan,nan,nan,nan,nan,nan,nan,nan,nan,nan,nan,nan,nan,nan,nan,nan,nan,nan,nan,nan,nan,nan,nan,nan,nan,nan,nan,nan,nan,nan,nan,nan,nan,nan,nan,nan,nan,nan,nan,nan,nan,nan,nan,nan,nan,nan
39.940,TRACKING,27.167940,3.921380,26.876751,0.600000,0.075783,5.890627,0.000000,40.033822,-105.373181,29.400000,8.719487,-1.800000,0.000000,0.000000,0.000000,-11.663961,43.955202,-78.496429,30.000000,8.795270,4.090627,0.000000,0.000000,0.000000,24.942853,43.955202,-78.496429,29.400000,6.111009,3.562624,0.000000,0.000000,0.000000,0.000000,3.921380,26.876751,0.600000,27.167940,0.075783,5.890627,0.000000,5.891114,nan,nan,nan,0,nan,nan,nan,0,nan,nan,nan,nan,nan,nan,nan,nan,nan,nan,nan,nan,nan,nan,nan,nan,nan,nan,nan,nan,nan,nan,nan,nan,nan,nan,nan,nan,nan,nan,nan,nan,nan,nan,nan,nan,nan,nan,nan,nan,nan,nan,nan,nan,nan,nan,nan,nan,nan,nan,nan,nan,nan,nan,nan,nan,nan,nan,nan,nan,nan,nan,nan,nan,nan,nan,nan,nan,nan,nan,nan,nan,nan,nan,nan,nan,nan,nan,nan,nan
39.980,TRACKING,27.455263,3.917674,27.167689,0.600000,-0.074119,5.818748,0.000000,40.476046,-105.456931,29.400000,8.844487,-1.675000,0.000000,0.000000,0.000000,-10.723872,44.393721,-78.289242,30.000000,8.770368,4.143748,0.000000,0.000000,0.000000,25.289392,44.393721,-78.289242,29.400000,6.211009,3.605424,0.000000,0.000000,0.000000,0.000000,3.917674,27.167689,0.600000,27.455263,-0.074119,5.818748,0.000000,5.819220,nan,nan,nan,0,nan,nan,nan,0,nan,nan,nan,nan,nan,nan,nan,nan,nan,nan,nan,nan,nan,nan,nan,nan,nan,nan,nan,nan,nan,nan,nan,nan,nan,nan,nan,nan,nan,nan,nan,nan,nan,nan,nan,nan,nan,nan,nan,nan,nan,nan,nan,nan,nan,nan,nan,nan,nan,nan,nan,nan,nan,nan,nan,nan,nan,nan,nan,nan,nan,nan,nan,nan,nan,nan,nan,nan,nan,nan,nan,nan,nan,nan,nan,nan,nan,nan,nan,nan
40.040,TRACKING,27.738039,3.906457,27.455025,0.600000,-0.224343,5.746719,0.000000,40.924521,-105.534431,29.400000,8.969487,-1.550000,0.000000,0.000000,0.000000,-9.804345,44.830978,-78.079406,30.000000,8.745144,4.196719,0.000000,0.000000,0.000000,25.635948,44.830978,-78.079406,29.400000,6.361009,3.648162,0.000000,0.000000,0.000000,0.000000,3.906457,27.455025,0.600000,27.738039,-0.224343,5.746719,0.000000,5.751097,nan,nan,nan,0,nan,nan,nan,0,nan,nan,nan,nan,nan,nan,nan,nan,nan,nan,nan,nan,nan,nan,nan,nan,nan,nan,nan,nan,nan,nan,nan,nan,nan,nan,nan,nan,nan,nan,nan,nan,nan,nan,nan,nan,nan,nan,nan,nan,nan,nan,nan,nan,nan,nan,nan,nan,nan,nan,nan,nan,nan,nan,nan,nan,nan,nan,nan,nan,nan,nan,nan,nan,nan,nan,nan,nan,nan,nan,nan,nan,nan,nan,nan,nan,nan,nan,nan,nan
40.080,TRACKING,28.016293,3.887713,27.738752,0.600000,-0.374888,5.674540,0.000000,41.379245,-105.605681,29.400000,9.094487,-1.425000,0.000000,0.000000,0.000000,-8.905173,45.266958,-77.866929,30.000000,8.719599,4.249540,0.000000,0.000000,0.000000,25.982522,45.266958,-77.866929,29.400000,6.461009,3.690834,0.000000,0.000000,0.000000,0.000000,3.887713,27.738752,0.600000,28.016293,-0.374888,5.674540,0.000000,5.686910,nan,nan,nan,0,nan,nan,nan,0,nan,nan,nan,nan,nan,nan,nan,nan,nan,nan,nan,nan,nan,nan,nan,nan,nan,nan,nan,nan,nan,nan,nan,nan,nan,nan,nan,nan,nan,nan,nan,nan,nan,nan,nan,nan,nan,nan,nan,nan,nan,nan,nan,nan,nan,nan,nan,nan,nan,nan,nan,nan,nan,nan,nan,nan,nan,nan,nan,nan,nan,nan,nan,nan,nan,nan,nan,nan,nan,nan,nan,nan,nan,nan,nan,nan,nan,nan,nan,nan
40.140,TRACKING,28.290056,3.861425,28.018862,0.600000,-0.525754,5.602209,0.000000,41.840219,-105.670681,29.400000,9.219487,-1.300000,0.000000,0.000000,0.000000,-8.026116,45.701644,-77.651819,30.000000,8.693733,4.302209,0.000000,0.000000,0.000000,26.329113,45.701644,-77.651819,29.400000,6.611009,3.733440,0.000000,0.000000,0.000000,0.000000,3.861425,28.018862,0.600000,28.290056,-0.525754,5.602209,0.000000,5.626825,nan,nan,nan,0,nan,nan,nan,0,nan,nan,nan,nan,nan,nan,nan,nan,nan,nan,nan,nan,nan,nan,nan,nan,nan,nan,nan,nan,nan,nan,nan,nan,nan,nan,nan,nan,nan,nan,nan,nan,nan,nan,nan,nan,nan,nan,nan,nan,nan,nan,nan,nan,nan,nan,nan,nan,nan,nan,nan,nan,nan,nan,nan,nan,nan,nan,nan,nan,nan,nan,nan,nan,nan,nan,nan,nan,nan,nan,nan,nan,nan,nan,nan,nan,nan,nan,nan,nan
40.180,TRACKING,28.559361,3.827578,28.295348,0.600000,-0.676939,5.529722,0.000000,42.307444,-105.729431,29.400000,9.344487,-1.175000,0.000000,0.000000,0.000000,-7.166905,46.135022,-77.434082,30.000000,8.667549,4.354722,0.000000,0.000000,0.000000,26.675721,46.135022,-77.434082,29.400000,6.711009,3.775976,0.000000,0.000000,0.000000,0.000000,3.827578,28.295348,0.600000,28.559361,-0.676939,5.529722,0.000000,5.571003,nan,nan,nan,0,nan,nan,nan,0,nan,nan,nan,nan,nan,nan,nan,nan,nan,nan,nan,nan,nan,nan,nan,nan,nan,nan,nan,nan,nan,nan,nan,nan,nan,nan,nan,nan,nan,nan,nan,nan,nan,nan,nan,nan,nan,nan,nan,nan,nan,nan,nan,nan,nan,nan,nan,nan,nan,nan,nan,nan,nan,nan,nan,nan,nan,nan,nan,nan,nan,nan,nan,nan,nan,nan,nan,nan,nan,nan,nan,nan,nan,nan,nan,nan,nan,nan,nan,nan
40.240,TRACKING,28.824246,3.786156,28.568202,0.600000,-0.828442,5.457078,0.000000,42.780918,-105.781931,29.400000,9.469487,-1.050000,0.000000,0.000000,0.000000,-6.327250,46.567074,-77.213729,30.000000,8.641045,4.407078,0.000000,0.000000,0.000000,27.022345,46.567074,-77.213729,29.400000,6.861009,3.818442,0.000000,0.000000,0.000000,0.000000,3.786156,28.568202,0.600000,28.824246,-0.828442,5.457078,0.000000,5.519603,nan,nan,nan,0,nan,nan,nan,0,nan,nan,nan,nan,nan,nan,nan,nan,nan,nan,nan,nan,nan,nan,nan,nan,nan,nan,nan,nan,nan,nan,nan,nan,nan,nan,nan,nan,nan,nan,nan,nan,nan,nan,nan,nan,nan,nan,nan,nan,nan,nan,nan,nan,nan,nan,nan,nan,nan,nan,nan,nan,nan,nan,nan,nan,nan,nan,nan,nan,nan,nan,nan,nan,nan,nan,nan,nan,nan,nan,nan,nan,nan,nan,nan,nan,nan,nan,nan,nan
40.280,TRACKING,29.084752,3.737143,28.837416,0.600000,-0.980263,5.384276,0.000000,43.260642,-105.828181,29.400000,9.594487,-0.925000,0.000000,0.000000,0.000000,-5.506840,46.997785,-76.990765,30.000000,8.614224,4.459276,0.000000,0.000000,0.000000,27.368985,46.997785,-76.990765,29.400000,6.961009,3.860836,0.000000,0.000000,0.000000,0.000000,3.737143,28.837416,0.600000,29.084752,-0.980263,5.384276,0.000000,5.472782,nan,nan,nan,0,nan,nan,nan,0,nan,nan,nan,nan,nan,nan,nan,nan,nan,nan,nan,nan,nan,nan,nan,nan,nan,nan,nan,nan,nan,nan,nan,nan,nan,nan,nan,nan,nan,nan,nan,nan,nan,nan,nan,nan,nan,nan,nan,nan,nan,nan,nan,nan,nan,nan,nan,nan,nan,nan,nan,nan,nan,nan,nan,nan,nan,nan,nan,nan,nan,nan,nan,nan,nan,nan,nan,nan,nan,nan,nan,nan,nan,nan,nan,nan,nan,nan,nan,nan
40.340,TRACKING,29.340923,3.680523,29.102982,0.600000,-1.132400,5.311312,0.000000,43.746617,-105.868181,29.400000,9.719487,-0.800000,0.000000,0.000000,0.000000,-4.705344,47.427140,-76.765199,30.000000,8.587087,4.511312,0.000000,0.000000,0.000000,27.715639,47.427140,-76.765199,29.400000,6.983222,3.903154,0.000000,0.000000,0.000000,0.000000,3.680523,29.102982,0.600000,29.340923,-1.132400,5.311312,0.000000,5.430687,nan,nan,nan,0,nan,nan,nan,0,nan,nan,nan,nan,nan,nan,nan,nan,nan,nan,nan,nan,nan,nan,nan,nan,nan,nan,nan,nan,nan,nan,nan,nan,nan,nan,nan,nan,nan,nan,nan,nan,nan,nan,nan,nan,nan,nan,nan,nan,nan,nan,nan,nan,nan,nan,nan,nan,nan,nan,nan,nan,nan,nan,nan,nan,nan,nan,nan,nan,nan,nan,nan,nan,nan,nan,nan,nan,nan,nan,nan,nan,nan,nan,nan,nan,nan,nan,nan,nan
40.380,TRACKING,29.592808,3.616280,29.364891,0.600000,-1.284853,5.238185,0.000000,44.238841,-105.901931,29.400000,9.844487,-0.675000,0.000000,0.000000,0.000000,-3.922420,47.855121,-76.537040,30.000000,8.559634,4.563185,0.000000,0.000000,0.000000,28.062309,47.855121,-76.537040,29.400000,6.959443,3.945396,0.000000,0.000000,0.000000,0.000000,3.616280,29.364891,0.600000,29.592808,-1.284853,5.238185,0.000000,5.393462,nan,nan,nan,0,nan,nan,nan,0,nan,nan,nan,nan,nan,nan,nan,nan,nan,nan,nan,nan,nan,nan,nan,nan,nan,nan,nan,nan,nan,nan,nan,nan,nan,nan,nan,nan,nan,nan,nan,nan,nan,nan,nan,nan,nan,nan,nan,nan,nan,nan,nan,nan,nan,nan,nan,nan,nan,nan,nan,nan,nan,nan,nan,nan,nan,nan,nan,nan,nan,nan,nan,nan,nan,nan,nan,nan,nan,nan,nan,nan,nan,nan,nan,nan,nan,nan,nan,nan
40.440,TRACKING,29.840458,3.544399,29.623136,0.600000,-1.437620,5.164894,0.000000,44.737315,-105.929431,29.400000,9.969487,-0.550000,0.000000,0.000000,0.000000,-3.157712,48.281715,-76.306295,30.000000,8.531867,4.614894,0.000000,0.000000,0.000000,28.408992,48.281715,-76.306295,29.400000,6.935371,3.987559,0.000000,0.000000,0.000000,0.000000,3.544399,29.623136,0.600000,29.840458,-1.437620,5.164894,0.000000,5.361239,nan,nan,nan,0,nan,nan,nan,0,nan,nan,nan,nan,nan,nan,nan,nan,nan,nan,nan,nan,nan,nan,nan,nan,nan,nan,nan,nan,nan,nan,nan,nan,nan,nan,nan,nan,nan,nan,nan,nan,nan,nan,nan,nan,nan,nan,nan,nan,nan,nan,nan,nan,nan,nan,nan,nan,nan,nan,nan,nan,nan,nan,nan,nan,nan,nan,nan,nan,nan,nan,nan,nan,nan,nan,nan,nan,nan,nan,nan,nan,nan,nan,nan,nan,nan,nan,nan,nan
40.480,TRACKING,30.083927,3.464864,29.877707,0.600000,-1.590701,5.091435,0.000000,45.242040,-105.950681,29.400000,10.094487,-0.425000,0.000000,0.000000,0.000000,-2.410854,48.706904,-76.072973,30.000000,8.503786,4.666435,0.000000,0.000000,0.000000,28.755689,48.706904,-76.072973,29.400000,6.911005,4.029641,0.000000,0.000000,0.000000,0.000000,3.464864,29.877707,0.600000,30.083927,-1.590701,5.091435,0.000000,5.334140,nan,nan,nan,0,nan,nan,nan,0,nan,nan,nan,nan,nan,nan,nan,nan,nan,nan,nan,nan,nan,nan,nan,nan,nan,nan,nan,nan,nan,nan,nan,nan,nan,nan,nan,nan,nan,nan,nan,nan,nan,nan,nan,nan,nan,nan,nan,nan,nan,nan,nan,nan,nan,nan,nan,nan,nan,nan,nan,nan,nan,nan,nan,nan,nan,nan,nan,nan,nan,nan,nan,nan,nan,nan,nan,nan,nan,nan,nan,nan,nan,nan,nan,nan,nan,nan,nan,nan
40.540,TRACKING,30.323275,3.377660,30.128598,0.600000,-1.744094,5.017808,0.000000,45.753014,-105.965681,29.400000,10.219487,-0.300000,0.000000,0.000000,0.000000,-1.681474,49.130674,-75.837083,30.000000,8.475393,4.717808,0.000000,0.000000,0.000000,29.102400,49.130674,-75.837083,29.400000,6.886345,4.071641,0.000000,0.000000,0.000000,0.000000,3.377660,30.128598,0.600000,30.323275,-1.744094,5.017808,0.000000,5.312275,nan,nan,nan,0,nan,nan,nan,0,nan,nan,nan,nan,nan,nan,nan,nan,nan,nan,nan,nan,nan,nan,nan,nan,nan,nan,nan,nan,nan,nan,nan,nan,nan,nan,nan,nan,nan,nan,nan,nan,nan,nan,nan,nan,nan,nan,nan,nan,nan,nan,nan,nan,nan,nan,nan,nan,nan,nan,nan,nan,nan,nan,nan,nan,nan,nan,nan,nan,nan,nan,nan,nan,nan,nan,nan,nan,nan,nan,nan,nan,nan,nan,nan,nan,nan,nan,nan,nan
40.580,TRACKING,30.558562,3.282770,30.375798,0.600000,-1.897799,4.944010,0.000000,46.270238,-105.974431,29.400000,10.344487,-0.175000,0.000000,0.000000,0.000000,-0.969193,49.553008,-75.598633,30.000000,8.446688,4.769010,0.000000,0.000000,0.000000,29.449124,49.553008,-75.598633,29.400000,6.861390,4.113555,0.000000,0.000000,0.000000,0.000000,3.282770,30.375798,0.600000,30.558562,-1.897799,4.944010,0.000000,5.295741,nan,nan,nan,0,nan,nan,nan,0,nan,nan,nan,nan,nan,nan,nan,nan,nan,nan,nan,nan,nan,nan,nan,nan,nan,nan,nan,nan,nan,nan,nan,nan,nan,nan,nan,nan,nan,nan,nan,nan,nan,nan,nan,nan,nan,nan,nan,nan,nan,nan,nan,nan,nan,nan,nan,nan,nan,nan,nan,nan,nan,nan,nan,nan,nan,nan,nan,nan,nan,nan,nan,nan,nan,nan,nan,nan,nan,nan,nan,nan,nan,nan,nan,nan,nan,nan,nan,nan
40.640,TRACKING,30.789854,3.180179,30.619300,0.600000,-2.051814,4.870039,0.000000,46.793713,-105.976931,29.400000,10.469487,-0.050000,0.000000,0.000000,0.000000,-0.273630,49.973892,-75.357631,30.000000,8.417673,4.820039,0.000000,0.000000,0.000000,29.795860,49.973892,-75.357631,29.400000,6.836139,4.155382,0.000000,0.000000,0.000000,0.000000,3.180179,30.619300,0.600000,30.789854,-2.051814,4.870039,0.000000,5.284621,nan,nan,nan,0,nan,nan,nan,0,nan,nan,nan,nan,nan,nan,nan,nan,nan,nan,nan,nan,nan,nan,nan,nan,nan,nan,nan,nan,nan,nan,nan,nan,nan,nan,nan,nan,nan,nan,nan,nan,nan,nan,nan,nan,nan,nan,nan,nan,nan,nan,nan,nan,nan,nan,nan,nan,nan,nan,nan,nan,nan,nan,nan,nan,nan,nan,nan,nan,nan,nan,nan,nan,nan,nan,nan,nan,nan,nan,nan,nan,nan,nan,nan,nan,nan,nan,nan,nan
40.680,TRACKING,31.017219,3.069872,30.859095,0.600000,-2.206138,4.795894,0.000000,47.323437,-105.973181,29.400000,10.594487,0.075000,0.000000,0.000000,0.000000,0.405599,50.393309,-75.114086,30.000000,8.388349,4.870894,0.000000,0.000000,0.000000,30.142609,50.393309,-75.114086,29.400000,6.810593,4.197120,0.000000,0.000000,0.000000,0.000000,3.069872,30.859095,0.600000,31.017219,-2.206138,4.795894,0.000000,5.278981,nan,nan,nan,0,nan,nan,nan,0,nan,nan,nan,nan,nan,nan,nan,nan,nan,nan,nan,nan,nan,nan,nan,nan,nan,nan,nan,nan,nan,nan,nan,nan,nan,nan,nan,nan,nan,nan,nan,nan,nan,nan,nan,nan,nan,nan,nan,nan,nan,nan,nan,nan,nan,nan,nan,nan,nan,nan,nan,nan,nan,nan,nan,nan,nan,nan,nan,nan,nan,nan,nan,nan,nan,nan,nan,nan,nan,nan,nan,nan,nan,nan,nan,nan,nan,nan,nan,nan
40.740,TRACKING,31.241794,2.963086,31.095173,0.600000,-2.135724,4.721571,0.000000,47.848159,-105.963181,29.400000,10.494440,0.200000,0.000000,0.000000,0.000000,1.091794,50.811245,-74.868007,30.000000,8.358716,4.921571,0.000000,0.000000,0.000000,30.489369,50.811245,-74.868007,29.400000,6.787270,4.234734,0.000000,0.000000,0.000000,0.000000,2.963086,31.095173,0.600000,31.241794,-2.135724,4.721571,0.000000,5.182138,nan,nan,nan,0,nan,nan,nan,0,nan,nan,nan,nan,nan,nan,nan,nan,nan,nan,nan,nan,nan,nan,nan,nan,nan,nan,nan,nan,nan,nan,nan,nan,nan,nan,nan,nan,nan,nan,nan,nan,nan,nan,nan,nan,nan,nan,nan,nan,nan,nan,nan,nan,nan,nan,nan,nan,nan,nan,nan,nan,nan,nan,nan,nan,nan,nan,nan,nan,nan,nan,nan,nan,nan,nan,nan,nan,nan,nan,nan,nan,nan,nan,nan,nan,nan,nan,nan,nan
40.780,TRACKING,31.463623,2.861053,31.327527,0.600000,-2.040663,4.647070,0.000000,48.366631,-105.946931,29.400000,10.369440,0.325000,0.000000,0.000000,0.000000,1.795182,51.227684,-74.619404,30.000000,8.328776,4.972070,0.000000,0.000000,0.000000,30.836141,51.227684,-74.619404,29.400000,6.764029,4.271757,0.000000,0.000000,0.000000,0.000000,2.861053,31.327527,0.600000,31.463623,-2.040663,4.647070,0.000000,5.075389,nan,nan,nan,0,nan,nan,nan,0,nan,nan,nan,nan,nan,nan,nan,nan,nan,nan,nan,nan,nan,nan,nan,nan,nan,nan,nan,nan,nan,nan,nan,nan,nan,nan,nan,nan,nan,nan,nan,nan,nan,nan,nan,nan,nan,nan,nan,nan,nan,nan,nan,nan,nan,nan,nan,nan,nan,nan,nan,nan,nan,nan,nan,nan,nan,nan,nan,nan,nan,nan,nan,nan,nan,nan,nan,nan,nan,nan,nan,nan,nan,nan,nan,nan,nan,nan,nan,nan
40.840,TRACKING,31.682625,2.763757,31.556146,0.600000,-1.945909,4.572389,0.000000,48.878853,-105.924431,29.400000,10.244440,0.450000,0.000000,0.000000,0.000000,2.515173,51.642610,-74.368284,30.000000,8.298530,5.022389,0.000000,0.000000,0.000000,31.182924,51.642610,-74.368284,29.400000,6.740598,4.308635,0.000000,0.000000,0.000000,0.000000,2.763757,31.556146,0.600000,31.682625,-1.945909,4.572389,0.000000,4.969236,nan,nan,nan,0,nan,nan,nan,0,nan,nan,nan,nan,nan,nan,nan,nan,nan,nan,nan,nan,nan,nan,nan,nan,nan,nan,nan,nan,nan,nan,nan,nan,nan,nan,nan,nan,nan,nan,nan,nan,nan,nan,nan,nan,nan,nan,nan,nan,nan,nan,nan,nan,nan,nan,nan,nan,nan,nan,nan,nan,nan,nan,nan,nan,nan,nan,nan,nan,nan,nan,nan,nan,nan,nan,nan,nan,nan,nan,nan,nan,nan,nan,nan,nan,nan,nan,nan,nan
40.880,TRACKING,31.898725,2.671184,31.781023,0.600000,-1.851460,4.497525,0.000000,49.384825,-105.895681,29.400000,10.119440,0.575000,0.000000,0.000000,0.000000,3.252125,52.056009,-74.114658,30.000000,8.267980,5.072525,0.000000,0.000000,0.000000,31.529718,52.056009,-74.114658,29.400000,6.716977,4.345367,0.000000,0.000000,0.000000,0.000000,2.671184,31.781023,0.600000,31.898725,-1.851460,4.497525,0.000000,4.863706,nan,nan,nan,0,nan,nan,nan,0,nan,nan,nan,nan,nan,nan,nan,nan,nan,nan,nan,nan,nan,nan,nan,nan,nan,nan,nan,nan,nan,nan,nan,nan,nan,nan,nan,nan,nan,nan,nan,nan,nan,nan,nan,nan,nan,nan,nan,nan,nan,nan,nan,nan,nan,nan,nan,nan,nan,nan,nan,nan,nan,nan,nan,nan,nan,nan,nan,nan,nan,nan,nan,nan,nan,nan,nan,nan,nan,nan,nan,nan,nan,nan,nan,nan,nan,nan,nan,nan
40.940,TRACKING,32.111850,2.583318,32.002147,0.600000,-1.757315,4.422477,0.000000,49.884547,-105.860681,29.400000,9.994440,0.700000,0.000000,0.000000,0.000000,4.006393,52.467866,-73.858534,30.000000,8.237125,5.122477,0.000000,0.000000,0.000000,31.876523,52.467866,-73.858534,29.400000,6.693168,4.381952,0.000000,0.000000,0.000000,0.000000,2.583318,32.002147,0.600000,32.111850,-1.757315,4.422477,0.000000,4.758830,nan,nan,nan,0,nan,nan,nan,0,nan,nan,nan,nan,nan,nan,nan,nan,nan,nan,nan,nan,nan,nan,nan,nan,nan,nan,nan,nan,nan,nan,nan,nan,nan,nan,nan,nan,nan,nan,nan,nan,nan,nan,nan,nan,nan,nan,nan,nan,nan,nan,nan,nan,nan,nan,nan,nan,nan,nan,nan,nan,nan,nan,nan,nan,nan,nan,nan,nan,nan,nan,nan,nan,nan,nan,nan,nan,nan,nan,nan,nan,nan,nan,nan,nan,nan,nan,nan,nan
40.980,TRACKING,32.321935,2.500145,32.219509,0.600000,-1.663472,4.347243,0.000000,50.378019,-105.819431,29.400000,9.869440,0.825000,0.000000,0.000000,0.000000,4.778324,52.878164,-73.599922,30.000000,8.205968,5.172243,0.000000,0.000000,0.000000,32.223337,52.878164,-73.599922,29.400000,6.669170,4.418390,0.000000,0.000000,0.000000,0.000000,2.500145,32.219509,0.600000,32.321935,-1.663472,4.347243,0.000000,4.654638,nan,nan,nan,0,nan,nan,nan,0,nan,nan,nan,nan,nan,nan,nan,nan,nan,nan,nan,nan,nan,nan,nan,nan,nan,nan,nan,nan,nan,nan,nan,nan,nan,nan,nan,nan,nan,nan,nan,nan,nan,nan,nan,nan,nan,nan,nan,nan,nan,nan,nan,nan,nan,nan,nan,nan,nan,nan,nan,nan,nan,nan,nan,nan,nan,nan,nan,nan,nan,nan,nan,nan,nan,nan,nan,nan,nan,nan,nan,nan,nan,nan,nan,nan,nan,nan,nan,nan
41.040,TRACKING,32.528915,2.421648,32.433100,0.600000,-1.569931,4.271820,0.000000,50.865241,-105.771931,29.400000,9.744440,0.950000,0.000000,0.000000,0.000000,5.568254,53.286889,-73.338831,30.000000,8.174509,5.221820,0.000000,0.000000,0.000000,32.570162,53.286889,-73.338831,29.400000,6.644984,4.454681,0.000000,0.000000,0.000000,0.000000,2.421648,32.433100,0.600000,32.528915,-1.569931,4.271820,0.000000,4.551168,nan,nan,nan,0,nan,nan,nan,0,nan,nan,nan,nan,nan,nan,nan,nan,nan,nan,nan,nan,nan,nan,nan,nan,nan,nan,nan,nan,nan,nan,nan,nan,nan,nan,nan,nan,nan,nan,nan,nan,nan,nan,nan,nan,nan,nan,nan,nan,nan,nan,nan,nan,nan,nan,nan,nan,nan,nan,nan,nan,nan,nan,nan,nan,nan,nan,nan,nan,nan,nan,nan,nan,nan,nan,nan,nan,nan,nan,nan,nan,nan,nan,nan,nan,nan,nan,nan,nan
41.080,TRACKING,32.732733,2.347814,32.642910,0.600000,-1.476690,4.196208,0.000000,51.346213,-105.718181,29.400000,9.619440,1.075000,0.000000,0.000000,0.000000,6.376511,53.694027,-73.075271,30.000000,8.142749,5.271208,0.000000,0.000000,0.000000,32.916996,53.694027,-73.075271,29.400000,6.620612,4.490824,0.000000,0.000000,0.000000,0.000000,2.347814,32.642910,0.600000,32.732733,-1.476690,4.196208,0.000000,4.448458,nan,nan,nan,0,nan,nan,nan,0,nan,nan,nan,nan,nan,nan,nan,nan,nan,nan,nan,nan,nan,nan,nan,nan,nan,nan,nan,nan,nan,nan,nan,nan,nan,nan,nan,nan,nan,nan,nan,nan,nan,nan,nan,nan,nan,nan,nan,nan,nan,nan,nan,nan,nan,nan,nan,nan,nan,nan,nan,nan,nan,nan,nan,nan,nan,nan,nan,nan,nan,nan,nan,nan,nan,nan,nan,nan,nan,nan,nan,nan,nan,nan,nan,nan,nan,nan,nan,nan
41.140,TRACKING,32.933332,2.278626,32.848930,0.600000,-1.383749,4.120404,0.000000,51.820935,-105.658181,29.400000,9.494440,1.200000,0.000000,0.000000,0.000000,7.203405,54.099561,-72.809251,30.000000,8.110691,5.320404,0.000000,0.000000,0.000000,33.263839,54.099561,-72.809251,29.400000,6.596053,4.526818,0.000000,0.000000,0.000000,0.000000,2.278626,32.848930,0.600000,32.933332,-1.383749,4.120404,0.000000,4.346549,nan,nan,nan,0,nan,nan,nan,0,nan,nan,nan,nan,nan,nan,nan,nan,nan,nan,nan,nan,nan,nan,nan,nan,nan,nan,nan,nan,nan,nan,nan,nan,nan,nan,nan,nan,nan,nan,nan,nan,nan,nan,nan,nan,nan,nan,nan,nan,nan,nan,nan,nan,nan,nan,nan,nan,nan,nan,nan,nan,nan,nan,nan,nan,nan,nan,nan,nan,nan,nan,nan,nan,nan,nan,nan,nan,nan,nan,nan,nan,nan,nan,nan,nan,nan,nan,nan,nan
41.180,TRACKING,33.130660,2.214071,33.051151,0.600000,-1.291106,4.044406,0.000000,52.289407,-105.591931,29.400000,9.369440,1.325000,0.000000,0.000000,0.000000,8.049234,54.503478,-72.540780,30.000000,8.078334,5.369406,0.000000,0.000000,0.000000,33.610692,54.503478,-72.540780,29.400000,6.571309,4.562663,0.000000,0.000000,0.000000,0.000000,2.214071,33.051151,0.600000,33.130660,-1.291106,4.044406,0.000000,4.245488,nan,nan,nan,0,nan,nan,nan,0,nan,nan,nan,nan,nan,nan,nan,nan,nan,nan,nan,nan,nan,nan,nan,nan,nan,nan,nan,nan,nan,nan,nan,nan,nan,nan,nan,nan,nan,nan,nan,nan,nan,nan,nan,nan,nan,nan,nan,nan,nan,nan,nan,nan,nan,nan,nan,nan,nan,nan,nan,nan,nan,nan,nan,nan,nan,nan,nan,nan,nan,nan,nan,nan,nan,nan,nan,nan,nan,nan,nan,nan,nan,nan,nan,nan,nan,nan,nan,nan
41.240,TRACKING,33.324670,2.154133,33.249561,0.600000,-1.198759,3.968212,0.000000,52.751629,-105.519431,29.400000,9.244440,1.450000,0.000000,0.000000,0.000000,8.914272,54.905762,-72.269870,30.000000,8.045681,5.418212,0.000000,0.000000,0.000000,33.957553,54.905762,-72.269870,29.400000,6.546380,4.598359,0.000000,0.000000,0.000000,0.000000,2.154133,33.249561,0.600000,33.324670,-1.198759,3.968212,0.000000,4.145326,nan,nan,nan,0,nan,nan,nan,0,nan,nan,nan,nan,nan,nan,nan,nan,nan,nan,nan,nan,nan,nan,nan,nan,nan,nan,nan,nan,nan,nan,nan,nan,nan,nan,nan,nan,nan,nan,nan,nan,nan,nan,nan,nan,nan,nan,nan,nan,nan,nan,nan,nan,nan,nan,nan,nan,nan,nan,nan,nan,nan,nan,nan,nan,nan,nan,nan,nan,nan,nan,nan,nan,nan,nan,nan,nan,nan,nan,nan,nan,nan,nan,nan,nan,nan,nan,nan,nan
41.280,TRACKING,33.515277,2.098203,33.444152,0.600000,-1.118608,3.891821,0.000000,53.208196,-105.440681,29.400000,9.131340,1.575000,0.000000,0.000000,0.000000,9.786252,55.306399,-71.996529,30.000000,8.012732,5.466821,0.000000,0.000000,0.000000,34.304422,55.306399,-71.996529,29.400000,6.521108,4.634128,0.000000,0.000000,0.000000,0.000000,2.098203,33.444152,0.600000,33.515277,-1.118608,3.891821,0.000000,4.049390,nan,nan,nan,0,nan,nan,nan,0,nan,nan,nan,nan,nan,nan,nan,nan,nan,nan,nan,nan,nan,nan,nan,nan,nan,nan,nan,nan,nan,nan,nan,nan,nan,nan,nan,nan,nan,nan,nan,nan,nan,nan,nan,nan,nan,nan,nan,nan,nan,nan,nan,nan,nan,nan,nan,nan,nan,nan,nan,nan,nan,nan,nan,nan,nan,nan,nan,nan,nan,nan,nan,nan,nan,nan,nan,nan,nan,nan,nan,nan,nan,nan,nan,nan,nan,nan,nan,nan
41.340,TRACKING,33.702380,2.045229,33.634914,0.600000,-1.059464,3.815231,0.000000,53.660144,-105.355681,29.400000,9.038952,1.700000,0.000000,0.000000,0.000000,10.651473,55.705373,-71.720767,30.000000,7.979488,5.515231,0.000000,0.000000,0.000000,34.651300,55.705373,-71.720767,29.400000,6.495368,4.670139,0.000000,0.000000,0.000000,0.000000,2.045229,33.634914,0.600000,33.702380,-1.059464,3.815231,0.000000,3.959602,nan,nan,nan,0,nan,nan,nan,0,nan,nan,nan,nan,nan,nan,nan,nan,nan,nan,nan,nan,nan,nan,nan,nan,nan,nan,nan,nan,nan,nan,nan,nan,nan,nan,nan,nan,nan,nan,nan,nan,nan,nan,nan,nan,nan,nan,nan,nan,nan,nan,nan,nan,nan,nan,nan,nan,nan,nan,nan,nan,nan,nan,nan,nan,nan,nan,nan,nan,nan,nan,nan,nan,nan,nan,nan,nan,nan,nan,nan,nan,nan,nan,nan,nan,nan,nan,nan,nan
41.380,TRACKING,33.885938,1.995045,33.821836,0.600000,-1.003692,3.738440,0.000000,54.107626,-105.264431,29.400000,8.949643,1.825000,0.000000,0.000000,0.000000,11.525661,56.102671,-71.442595,30.000000,7.945951,5.563440,0.000000,0.000000,0.000000,34.998186,56.102671,-71.442595,29.400000,6.469388,4.706061,0.000000,0.000000,0.000000,0.000000,1.995045,33.821836,0.600000,33.885938,-1.003692,3.738440,0.000000,3.870831,nan,nan,nan,0,nan,nan,nan,0,nan,nan,nan,nan,nan,nan,nan,nan,nan,nan,nan,nan,nan,nan,nan,nan,nan,nan,nan,nan,nan,nan,nan,nan,nan,nan,nan,nan,nan,nan,nan,nan,nan,nan,nan,nan,nan,nan,nan,nan,nan,nan,nan,nan,nan,nan,nan,nan,nan,nan,nan,nan,nan,nan,nan,nan,nan,nan,nan,nan,nan,nan,nan,nan,nan,nan,nan,nan,nan,nan,nan,nan,nan,nan,nan,nan,nan,nan,nan,nan
41.440,TRACKING,34.065913,1.947479,34.004908,0.600000,-0.951320,3.661446,0.000000,54.550798,-105.166931,29.400000,8.863442,1.950000,0.000000,0.000000,0.000000,12.407682,56.498277,-71.162023,30.000000,7.912122,5.611446,0.000000,0.000000,0.000000,35.345080,56.498277,-71.162023,29.400000,6.443169,4.741896,0.000000,0.000000,0.000000,0.000000,1.947479,34.004908,0.600000,34.065913,-0.951320,3.661446,0.000000,3.783014,nan,nan,nan,0,nan,nan,nan,0,nan,nan,nan,nan,nan,nan,nan,nan,nan,nan,nan,nan,nan,nan,nan,nan,nan,nan,nan,nan,nan,nan,nan,nan,nan,nan,nan,nan,nan,nan,nan,nan,nan,nan,nan,nan,nan,nan,nan,nan,nan,nan,nan,nan,nan,nan,nan,nan,nan,nan,nan,nan,nan,nan,nan,nan,nan,nan,nan,nan,nan,nan,nan,nan,nan,nan,nan,nan,nan,nan,nan,nan,nan,nan,nan,nan,nan,nan,nan,nan
41.480,TRACKING,34.242271,1.902372,34.184120,0.600000,-0.902141,3.584247,0.000000,54.989805,-105.063181,29.400000,8.780143,2.075000,0.000000,0.000000,0.000000,13.296675,56.892177,-70.879060,30.000000,7.878002,5.659247,0.000000,0.000000,0.000000,35.691981,56.892177,-70.879060,29.400000,6.416710,4.777638,0.000000,0.000000,0.000000,0.000000,1.902372,34.184120,0.600000,34.242271,-0.902141,3.584247,0.000000,3.696037,nan,nan,nan,0,nan,nan,nan,0,nan,nan,nan,nan,nan,nan,nan,nan,nan,nan,nan,nan,nan,nan,nan,nan,nan,nan,nan,nan,nan,nan,nan,nan,nan,nan,nan,nan,nan,nan,nan,nan,nan,nan,nan,nan,nan,nan,nan,nan,nan,nan,nan,nan,nan,nan,nan,nan,nan,nan,nan,nan,nan,nan,nan,nan,nan,nan,nan,nan,nan,nan,nan,nan,nan,nan,nan,nan,nan,nan,nan,nan,nan,nan,nan,nan,nan,nan,nan,nan
41.540,TRACKING,34.414977,1.859574,34.359462,0.600000,-0.855963,3.506842,0.000000,55.424783,-104.953181,29.400000,8.699557,2.200000,0.000000,0.000000,0.000000,14.191791,57.284357,-70.593718,30.000000,7.843593,5.706842,0.000000,0.000000,0.000000,36.038889,57.284357,-70.593718,29.400000,6.390015,4.813285,0.000000,0.000000,0.000000,0.000000,1.859574,34.359462,0.600000,34.414977,-0.855963,3.506842,0.000000,3.609794,nan,nan,nan,0,nan,nan,nan,0,nan,nan,nan,nan,nan,nan,nan,nan,nan,nan,nan,nan,nan,nan,nan,nan,nan,nan,nan,nan,nan,nan,nan,nan,nan,nan,nan,nan,nan,nan,nan,nan,nan,nan,nan,nan,nan,nan,nan,nan,nan,nan,nan,nan,nan,nan,nan,nan,nan,nan,nan,nan,nan,nan,nan,nan,nan,nan,nan,nan,nan,nan,nan,nan,nan,nan,nan,nan,nan,nan,nan,nan,nan,nan,nan,nan,nan,nan,nan,nan
41.580,TRACKING,34.584003,1.818943,34.530924,0.600000,-0.812607,3.429229,0.000000,55.855858,-104.836931,29.400000,8.621503,2.325000,0.000000,0.000000,0.000000,15.092194,57.674801,-70.306007,30.000000,7.808896,5.754229,0.000000,0.000000,0.000000,36.385804,57.674801,-70.306007,29.400000,6.363083,4.848832,0.000000,0.000000,0.000000,0.000000,1.818943,34.530924,0.600000,34.584003,-0.812607,3.429229,0.000000,3.524193,nan,nan,nan,0,nan,nan,nan,0,nan,nan,nan,nan,nan,nan,nan,nan,nan,nan,nan,nan,nan,nan,nan,nan,nan,nan,nan,nan,nan,nan,nan,nan,nan,nan,nan,nan,nan,nan,nan,nan,nan,nan,nan,nan,nan,nan,nan,nan,nan,nan,nan,nan,nan,nan,nan,nan,nan,nan,nan,nan,nan,nan,nan,nan,nan,nan,nan,nan,nan,nan,nan,nan,nan,nan,nan,nan,nan,nan,nan,nan,nan,nan,nan,nan,nan,nan,nan,nan
41.640,TRACKING,34.749319,1.780348,34.698494,0.600000,-0.771904,3.351405,0.000000,56.283149,-104.714431,29.400000,8.545815,2.450000,0.000000,0.000000,0.000000,15.997070,58.063497,-70.015937,30.000000,7.773911,5.801405,0.000000,0.000000,0.000000,36.732727,58.063497,-70.015937,29.400000,6.335917,4.884277,0.000000,0.000000,0.000000,0.000000,1.780348,34.698494,0.600000,34.749319,-0.771904,3.351405,0.000000,3.439150,nan,nan,nan,0,nan,nan,nan,0,nan,nan,nan,nan,nan,nan,nan,nan,nan,nan,nan,nan,nan,nan,nan,nan,nan,nan,nan,nan,nan,nan,nan,nan,nan,nan,nan,nan,nan,nan,nan,nan,nan,nan,nan,nan,nan,nan,nan,nan,nan,nan,nan,nan,nan,nan,nan,nan,nan,nan,nan,nan,nan,nan,nan,nan,nan,nan,nan,nan,nan,nan,nan,nan,nan,nan,nan,nan,nan,nan,nan,nan,nan,nan,nan,nan,nan,nan,nan,nan
41.680,TRACKING,34.910897,1.743663,34.862163,0.600000,-0.733693,3.273370,0.000000,56.706766,-104.585681,29.400000,8.472334,2.575000,0.000000,0.000000,0.000000,16.905621,58.450429,-69.723518,30.000000,7.738641,5.848370,0.000000,0.000000,0.000000,37.079656,58.450429,-69.723518,29.400000,6.308517,4.919615,0.000000,0.000000,0.000000,0.000000,1.743663,34.862163,0.600000,34.910897,-0.733693,3.273370,0.000000,3.354587,nan,nan,nan,0,nan,nan,nan,0,nan,nan,nan,nan,nan,nan,nan,nan,nan,nan,nan,nan,nan,nan,nan,nan,nan,nan,nan,nan,nan,nan,nan,nan,nan,nan,nan,nan,nan,nan,nan,nan,nan,nan,nan,nan,nan,nan,nan,nan,nan,nan,nan,nan,nan,nan,nan,nan,nan,nan,nan,nan,nan,nan,nan,nan,nan,nan,nan,nan,nan,nan,nan,nan,nan,nan,nan,nan,nan,nan,nan,nan,nan,nan,nan,nan,nan,nan,nan,nan
41.740,TRACKING,35.068714,1.708772,35.021919,0.600000,-0.697827,3.195121,0.000000,57.126811,-104.450681,29.400000,8.400913,2.700000,0.000000,0.000000,0.000000,17.817074,58.835583,-69.428762,30.000000,7.703087,5.895121,0.000000,0.000000,0.000000,37.426591,58.835583,-69.428762,29.400000,6.280886,4.954843,0.000000,0.000000,0.000000,0.000000,1.708772,35.021919,0.600000,35.068714,-0.697827,3.195121,0.000000,3.270438,nan,nan,nan,0,nan,nan,nan,0,nan,nan,nan,nan,nan,nan,nan,nan,nan,nan,nan,nan,nan,nan,nan,nan,nan,nan,nan,nan,nan,nan,nan,nan,nan,nan,nan,nan,nan,nan,nan,nan,nan,nan,nan,nan,nan,nan,nan,nan,nan,nan,nan,nan,nan,nan,nan,nan,nan,nan,nan,nan,nan,nan,nan,nan,nan,nan,nan,nan,nan,nan,nan,nan,nan,nan,nan,nan,nan,nan,nan,nan,nan,nan,nan,nan,nan,nan,nan,nan
41.780,TRACKING,35.222744,1.675564,35.177752,0.600000,-0.664163,3.116657,0.000000,57.543382,-104.309431,29.400000,8.331413,2.825000,0.000000,0.000000,0.000000,18.730675,59.218946,-69.131679,30.000000,7.667249,5.941657,0.000000,0.000000,0.000000,37.773532,59.218946,-69.131679,29.400000,6.253024,4.989959,0.000000,0.000000,0.000000,0.000000,1.675564,35.177752,0.600000,35.222744,-0.664163,3.116657,0.000000,3.186639,nan,nan,nan,0,nan,nan,nan,0,nan,nan,nan,nan,nan,nan,nan,nan,nan,nan,nan,nan,nan,nan,nan,nan,nan,nan,nan,nan,nan,nan,nan,nan,nan,nan,nan,nan,nan,nan,nan,nan,nan,nan,nan,nan,nan,nan,nan,nan,nan,nan,nan,nan,nan,nan,nan,nan,nan,nan,nan,nan,nan,nan,nan,nan,nan,nan,nan,nan,nan,nan,nan,nan,nan,nan,nan,nan,nan,nan,nan,nan,nan,nan,nan,nan,nan,nan,nan,nan
41.840,TRACKING,35.372966,1.643935,35.329650,0.600000,-0.632571,3.037976,0.000000,57.956567,-104.161931,29.400000,8.263701,2.950000,0.000000,0.000000,0.000000,19.645696,59.600502,-68.832280,30.000000,7.631130,5.987976,0.000000,0.000000,0.000000,38.120480,59.600502,-68.832280,29.400000,6.224933,5.024958,0.000000,0.000000,0.000000,0.000000,1.643935,35.329650,0.600000,35.372966,-0.632571,3.037976,0.000000,3.103135,nan,nan,nan,0,nan,nan,nan,0,nan,nan,nan,nan,nan,nan,nan,nan,nan,nan,nan,nan,nan,nan,nan,nan,nan,nan,nan,nan,nan,nan,nan,nan,nan,nan,nan,nan,nan,nan,nan,nan,nan,nan,nan,nan,nan,nan,nan,nan,nan,nan,nan,nan,nan,nan,nan,nan,nan,nan,nan,nan,nan,nan,nan,nan,nan,nan,nan,nan,nan,nan,nan,nan,nan,nan,nan,nan,nan,nan,nan,nan,nan,nan,nan,nan,nan,nan,nan,nan
41.880,TRACKING,35.519357,1.613789,35.477604,0.600000,-0.602926,2.959076,0.000000,58.366450,-104.008181,29.400000,8.197656,3.075000,0.000000,0.000000,0.000000,20.561432,59.980239,-68.530577,30.000000,7.594730,6.034076,0.000000,0.000000,0.000000,38.467434,59.980239,-68.530577,29.400000,6.196614,5.059839,0.000000,0.000000,0.000000,0.000000,1.613789,35.477604,0.600000,35.519357,-0.602926,2.959076,0.000000,3.019876,nan,nan,nan,0,nan,nan,nan,0,nan,nan,nan,nan,nan,nan,nan,nan,nan,nan,nan,nan,nan,nan,nan,nan,nan,nan,nan,nan,nan,nan,nan,nan,nan,nan,nan,nan,nan,nan,nan,nan,nan,nan,nan,nan,nan,nan,nan,nan,nan,nan,nan,nan,nan,nan,nan,nan,nan,nan,nan,nan,nan,nan,nan,nan,nan,nan,nan,nan,nan,nan,nan,nan,nan,nan,nan,nan,nan,nan,nan,nan,nan,nan,nan,nan,nan,nan,nan,nan
41.940,TRACKING,35.661896,1.585034,35.621602,0.600000,-0.575110,2.879956,0.000000,58.773108,-103.848181,29.400000,8.133161,3.200000,0.000000,0.000000,0.000000,21.477204,60.358141,-68.226579,30.000000,7.558051,6.079956,0.000000,0.000000,0.000000,38.814393,60.358141,-68.226579,29.400000,6.168069,5.094598,0.000000,0.000000,0.000000,0.000000,1.585034,35.621602,0.600000,35.661896,-0.575110,2.879956,0.000000,2.936817,nan,nan,nan,0,nan,nan,nan,0,nan,nan,nan,nan,nan,nan,nan,nan,nan,nan,nan,nan,nan,nan,nan,nan,nan,nan,nan,nan,nan,nan,nan,nan,nan,nan,nan,nan,nan,nan,nan,nan,nan,nan,nan,nan,nan,nan,nan,nan,nan,nan,nan,nan,nan,nan,nan,nan,nan,nan,nan,nan,nan,nan,nan,nan,nan,nan,nan,nan,nan,nan,nan,nan,nan,nan,nan,nan,nan,nan,nan,nan,nan,nan,nan,nan,nan,nan,nan,nan
41.980,TRACKING,35.800565,1.557583,35.761633,0.600000,-0.549015,2.800613,0.000000,59.176613,-103.681931,29.400000,8.070109,3.325000,0.000000,0.000000,0.000000,22.392359,60.734196,-67.920298,30.000000,7.521095,6.125613,0.000000,0.000000,0.000000,39.161358,60.734196,-67.920298,29.400000,6.139298,5.129232,0.000000,0.000000,0.000000,0.000000,1.557583,35.761633,0.600000,35.800565,-0.549015,2.800613,0.000000,2.853919,nan,nan,nan,0,nan,nan,nan,0,nan,nan,nan,nan,nan,nan,nan,nan,nan,nan,nan,nan,nan,nan,nan,nan,nan,nan,nan,nan,nan,nan,nan,nan,nan,nan,nan,nan,nan,nan,nan,nan,nan,nan,nan,nan,nan,nan,nan,nan,nan,nan,nan,nan,nan,nan,nan,nan,nan,nan,nan,nan,nan,nan,nan,nan,nan,nan,nan,nan,nan,nan,nan,nan,nan,nan,nan,nan,nan,nan,nan,nan,nan,nan,nan,nan,nan,nan,nan,nan
42.040,TRACKING,35.935342,1.531356,35.897685,0.600000,-0.524536,2.721047,0.000000,59.577033,-103.509431,29.400000,8.008397,3.450000,0.000000,0.000000,0.000000,23.306272,61.108389,-67.611746,30.000000,7.483862,6.171047,0.000000,0.000000,0.000000,39.508328,61.108389,-67.611746,29.400000,6.110303,5.163739,0.000000,0.000000,0.000000,0.000000,1.531356,35.897685,0.600000,35.935342,-0.524536,2.721047,0.000000,2.771143,nan,nan,nan,0,nan,nan,nan,0,nan,nan,nan,nan,nan,nan,nan,nan,nan,nan,nan,nan,nan,nan,nan,nan,nan,nan,nan,nan,nan,nan,nan,nan,nan,nan,nan,nan,nan,nan,nan,nan,nan,nan,nan,nan,nan,nan,nan,nan,nan,nan,nan,nan,nan,nan,nan,nan,nan,nan,nan,nan,nan,nan,nan,nan,nan,nan,nan,nan,nan,nan,nan,nan,nan,nan,nan,nan,nan,nan,nan,nan,nan,nan,nan,nan,nan,nan,nan,nan
42.080,TRACKING,36.066211,1.506277,36.029748,0.600000,-0.501576,2.641254,0.000000,59.974430,-103.330681,29.400000,7.947930,3.575000,0.000000,0.000000,0.000000,24.218342,61.480707,-67.300933,30.000000,7.446354,6.216254,0.000000,0.000000,0.000000,39.855303,61.480707,-67.300933,29.400000,6.081084,5.198116,0.000000,0.000000,0.000000,0.000000,1.506277,36.029748,0.600000,36.066211,-0.501576,2.641254,0.000000,2.688457,nan,nan,nan,0,nan,nan,nan,0,nan,nan,nan,nan,nan,nan,nan,nan,nan,nan,nan,nan,nan,nan,nan,nan,nan,nan,nan,nan,nan,nan,nan,nan,nan,nan,nan,nan,nan,nan,nan,nan,nan,nan,nan,nan,nan,nan,nan,nan,nan,nan,nan,nan,nan,nan,nan,nan,nan,nan,nan,nan,nan,nan,nan,nan,nan,nan,nan,nan,nan,nan,nan,nan,nan,nan,nan,nan,nan,nan,nan,nan,nan,nan,nan,nan,nan,nan,nan,nan
42.140,TRACKING,36.193153,1.482275,36.157809,0.600000,-0.480045,2.561235,0.000000,60.368860,-103.145681,29.400000,7.888617,3.700000,0.000000,0.000000,0.000000,25.127998,61.851135,-66.987871,30.000000,7.408572,6.261235,0.000000,0.000000,0.000000,40.202284,61.851135,-66.987871,29.400000,6.051644,5.232361,0.000000,0.000000,0.000000,0.000000,1.482275,36.157809,0.600000,36.193153,-0.480045,2.561235,0.000000,2.605833,nan,nan,nan,0,nan,nan,nan,0,nan,nan,nan,nan,nan,nan,nan,nan,nan,nan,nan,nan,nan,nan,nan,nan,nan,nan,nan,nan,nan,nan,nan,nan,nan,nan,nan,nan,nan,nan,nan,nan,nan,nan,nan,nan,nan,nan,nan,nan,nan,nan,nan,nan,nan,nan,nan,nan,nan,nan,nan,nan,nan,nan,nan,nan,nan,nan,nan,nan,nan,nan,nan,nan,nan,nan,nan,nan,nan,nan,nan,nan,nan,nan,nan,nan,nan,nan,nan,nan
42.180,TRACKING,36.316150,1.459282,36.281859,0.600000,-0.459856,2.480986,0.000000,60.760379,-102.954431,29.400000,7.830374,3.825000,0.000000,0.000000,0.000000,26.034695,62.219661,-66.672572,30.000000,7.370518,6.305986,0.000000,0.000000,0.000000,40.549269,62.219661,-66.672572,29.400000,6.021984,5.266471,0.000000,0.000000,0.000000,0.000000,1.459282,36.281859,0.600000,36.316150,-0.459856,2.480986,0.000000,2.523244,nan,nan,nan,0,nan,nan,nan,0,nan,nan,nan,nan,nan,nan,nan,nan,nan,nan,nan,nan,nan,nan,nan,nan,nan,nan,nan,nan,nan,nan,nan,nan,nan,nan,nan,nan,nan,nan,nan,nan,nan,nan,nan,nan,nan,nan,nan,nan,nan,nan,nan,nan,nan,nan,nan,nan,nan,nan,nan,nan,nan,nan,nan,nan,nan,nan,nan,nan,nan,nan,nan,nan,nan,nan,nan,nan,nan,nan,nan,nan,nan,nan,nan,nan,nan,nan,nan,nan
42.240,TRACKING,36.435186,1.437236,36.401884,0.600000,-0.440929,2.400507,0.000000,61.149035,-102.756931,29.400000,7.773122,3.950000,0.000000,0.000000,0.000000,26.937916,62.586271,-66.355047,30.000000,7.332193,6.350507,0.000000,0.000000,0.000000,40.896259,62.586271,-66.355047,29.400000,5.992103,5.300443,0.000000,0.000000,0.000000,0.000000,1.437236,36.401884,0.600000,36.435186,-0.440929,2.400507,0.000000,2.440667,nan,nan,nan,0,nan,nan,nan,0,nan,nan,nan,nan,nan,nan,nan,nan,nan,nan,nan,nan,nan,nan,nan,nan,nan,nan,nan,nan,nan,nan,nan,nan,nan,nan,nan,nan,nan,nan,nan,nan,nan,nan,nan,nan,nan,nan,nan,nan,nan,nan,nan,nan,nan,nan,nan,nan,nan,nan,nan,nan,nan,nan,nan,nan,nan,nan,nan,nan,nan,nan,nan,nan,nan,nan,nan,nan,nan,nan,nan,nan,nan,nan,nan,nan,nan,nan,nan,nan
42.280,TRACKING,36.550245,1.416076,36.517874,0.600000,-0.423187,2.319796,0.000000,61.534875,-102.553181,29.400000,7.716786,4.075000,0.000000,0.000000,0.000000,27.837171,62.950951,-66.035307,30.000000,7.293599,6.394796,0.000000,0.000000,0.000000,41.243254,62.950951,-66.035307,29.400000,5.962005,5.334276,0.000000,0.000000,0.000000,0.000000,1.416076,36.517874,0.600000,36.550245,-0.423187,2.319796,0.000000,2.358080,nan,nan,nan,0,nan,nan,nan,0,nan,nan,nan,nan,nan,nan,nan,nan,nan,nan,nan,nan,nan,nan,nan,nan,nan,nan,nan,nan,nan,nan,nan,nan,nan,nan,nan,nan,nan,nan,nan,nan,nan,nan,nan,nan,nan,nan,nan,nan,nan,nan,nan,nan,nan,nan,nan,nan,nan,nan,nan,nan,nan,nan,nan,nan,nan,nan,nan,nan,nan,nan,nan,nan,nan,nan,nan,nan,nan,nan,nan,nan,nan,nan,nan,nan,nan,nan,nan,nan
42.340,TRACKING,36.661309,1.395748,36.629816,0.600000,-0.406559,2.238850,0.000000,61.917939,-102.343181,29.400000,7.661296,4.200000,0.000000,0.000000,0.000000,28.731998,63.313688,-65.713364,30.000000,7.254737,6.438850,0.000000,0.000000,0.000000,41.590253,63.313688,-65.713364,29.400000,5.931689,5.367967,0.000000,0.000000,0.000000,0.000000,1.395748,36.629816,0.600000,36.661309,-0.406559,2.238850,0.000000,2.275465,nan,nan,nan,0,nan,nan,nan,0,nan,nan,nan,nan,nan,nan,nan,nan,nan,nan,nan,nan,nan,nan,nan,nan,nan,nan,nan,nan,nan,nan,nan,nan,nan,nan,nan,nan,nan,nan,nan,nan,nan,nan,nan,nan,nan,nan,nan,nan,nan,nan,nan,nan,nan,nan,nan,nan,nan,nan,nan,nan,nan,nan,nan,nan,nan,nan,nan,nan,nan,nan,nan,nan,nan,nan,nan,nan,nan,nan,nan,nan,nan,nan,nan,nan,nan,nan,nan,nan
42.380,TRACKING,36.768363,1.376199,36.737700,0.600000,-0.390979,2.157669,0.000000,62.298269,-102.126931,29.400000,7.606587,4.325000,0.000000,0.000000,0.000000,29.621961,63.674468,-65.389231,30.000000,7.215608,6.482669,0.000000,0.000000,0.000000,41.937257,63.674468,-65.389231,29.400000,5.901156,5.401514,0.000000,0.000000,0.000000,0.000000,1.376199,36.737700,0.600000,36.768363,-0.390979,2.157669,0.000000,2.192806,nan,nan,nan,0,nan,nan,nan,0,nan,nan,nan,nan,nan,nan,nan,nan,nan,nan,nan,nan,nan,nan,nan,nan,nan,nan,nan,nan,nan,nan,nan,nan,nan,nan,nan,nan,nan,nan,nan,nan,nan,nan,nan,nan,nan,nan,nan,nan,nan,nan,nan,nan,nan,nan,nan,nan,nan,nan,nan,nan,nan,nan,nan,nan,nan,nan,nan,nan,nan,nan,nan,nan,nan,nan,nan,nan,nan,nan,nan,nan,nan,nan,nan,nan,nan,nan,nan,nan
42.440,TRACKING,36.871392,1.357380,36.841512,0.600000,-0.376382,2.076251,0.000000,62.675898,-101.904431,29.400000,7.552596,4.450000,0.000000,0.000000,0.000000,30.506651,64.033279,-65.062918,30.000000,7.176214,6.526251,0.000000,0.000000,0.000000,42.284264,64.033279,-65.062918,29.400000,5.870409,5.434915,0.000000,0.000000,0.000000,0.000000,1.357380,36.841512,0.600000,36.871392,-0.376382,2.076251,0.000000,2.110090,nan,nan,nan,0,nan,nan,nan,0,nan,nan,nan,nan,nan,nan,nan,nan,nan,nan,nan,nan,nan,nan,nan,nan,nan,nan,nan,nan,nan,nan,nan,nan,nan,nan,nan,nan,nan,nan,nan,nan,nan,nan,nan,nan,nan,nan,nan,nan,nan,nan,nan,nan,nan,nan,nan,nan,nan,nan,nan,nan,nan,nan,nan,nan,nan,nan,nan,nan,nan,nan,nan,nan,nan,nan,nan,nan,nan,nan,nan,nan,nan,nan,nan,nan,nan,nan,nan,nan
42.480,TRACKING,36.970379,1.339245,36.941242,0.600000,-0.362709,1.994594,0.000000,63.050862,-101.675681,29.400000,7.499266,4.575000,0.000000,0.000000,0.000000,31.385686,64.390107,-64.734439,30.000000,7.136557,6.569594,0.000000,0.000000,0.000000,42.631276,64.390107,-64.734439,29.400000,5.839448,5.468167,0.000000,0.000000,0.000000,0.000000,1.339245,36.941242,0.600000,36.970379,-0.362709,1.994594,0.000000,2.027304,nan,nan,nan,0,nan,nan,nan,0,nan,nan,nan,nan,nan,nan,nan,nan,nan,nan,nan,nan,nan,nan,nan,nan,nan,nan,nan,nan,nan,nan,nan,nan,nan,nan,nan,nan,nan,nan,nan,nan,nan,nan,nan,nan,nan,nan,nan,nan,nan,nan,nan,nan,nan,nan,nan,nan,nan,nan,nan,nan,nan,nan,nan,nan,nan,nan,nan,nan,nan,nan,nan,nan,nan,nan,nan,nan,nan,nan,nan,nan,nan,nan,nan,nan,nan,nan,nan,nan
42.540,TRACKING,37.065311,1.321750,37.036877,0.600000,-0.349905,1.912696,0.000000,63.423189,-101.440681,29.400000,7.446542,4.700000,0.000000,0.000000,0.000000,32.258707,64.744939,-64.403804,30.000000,7.096637,6.612696,0.000000,0.000000,0.000000,42.978292,64.744939,-64.403804,29.400000,5.808273,5.501269,0.000000,0.000000,0.000000,0.000000,1.321750,37.036877,0.600000,37.065311,-0.349905,1.912696,0.000000,1.944438,nan,nan,nan,0,nan,nan,nan,0,nan,nan,nan,nan,nan,nan,nan,nan,nan,nan,nan,nan,nan,nan,nan,nan,nan,nan,nan,nan,nan,nan,nan,nan,nan,nan,nan,nan,nan,nan,nan,nan,nan,nan,nan,nan,nan,nan,nan,nan,nan,nan,nan,nan,nan,nan,nan,nan,nan,nan,nan,nan,nan,nan,nan,nan,nan,nan,nan,nan,nan,nan,nan,nan,nan,nan,nan,nan,nan,nan,nan,nan,nan,nan,nan,nan,nan,nan,nan,nan
42.580,TRACKING,37.156171,1.304854,37.128405,0.600000,-0.337917,1.830556,0.000000,63.792907,-101.199431,29.400000,7.394373,4.825000,0.000000,0.000000,0.000000,33.125382,65.097761,-64.071026,30.000000,7.056456,6.655556,0.000000,0.000000,0.000000,43.325311,65.097761,-64.071026,29.400000,5.776887,5.534219,0.000000,0.000000,0.000000,0.000000,1.304854,37.128405,0.600000,37.156171,-0.337917,1.830556,0.000000,1.861484,nan,nan,nan,0,nan,nan,nan,0,nan,nan,nan,nan,nan,nan,nan,nan,nan,nan,nan,nan,nan,nan,nan,nan,nan,nan,nan,nan,nan,nan,nan,nan,nan,nan,nan,nan,nan,nan,nan,nan,nan,nan,nan,nan,nan,nan,nan,nan,nan,nan,nan,nan,nan,nan,nan,nan,nan,nan,nan,nan,nan,nan,nan,nan,nan,nan,nan,nan,nan,nan,nan,nan,nan,nan,nan,nan,nan,nan,nan,nan,nan,nan,nan,nan,nan,nan,nan,nan
42.640,TRACKING,37.242946,1.288519,37.215813,0.600000,-0.326695,1.748172,0.000000,64.160043,-100.951931,29.400000,7.342711,4.950000,0.000000,0.000000,0.000000,33.985403,65.448562,-63.736117,30.000000,7.016016,6.698172,0.000000,0.000000,0.000000,43.672335,65.448562,-63.736117,29.400000,5.745289,5.567015,0.000000,0.000000,0.000000,0.000000,1.288519,37.215813,0.600000,37.242946,-0.326695,1.748172,0.000000,1.778437,nan,nan,nan,0,nan,nan,nan,0,nan,nan,nan,nan,nan,nan,nan,nan,nan,nan,nan,nan,nan,nan,nan,nan,nan,nan,nan,nan,nan,nan,nan,nan,nan,nan,nan,nan,nan,nan,nan,nan,nan,nan,nan,nan,nan,nan,nan,nan,nan,nan,nan,nan,nan,nan,nan,nan,nan,nan,nan,nan,nan,nan,nan,nan,nan,nan,nan,nan,nan,nan,nan,nan,nan,nan,nan,nan,nan,nan,nan,nan,nan,nan,nan,nan,nan,nan,nan,nan
42.680,TRACKING,37.325620,1.272709,37.299090,0.600000,-0.316193,1.665544,0.000000,64.524619,-100.698181,29.400000,7.291512,5.075000,0.000000,0.000000,0.000000,34.838486,65.797328,-63.399090,30.000000,6.975319,6.740544,0.000000,0.000000,0.000000,44.019362,65.797328,-63.399090,29.400000,5.713482,5.599654,0.000000,0.000000,0.000000,0.000000,1.272709,37.299090,0.600000,37.325620,-0.316193,1.665544,0.000000,1.695292,nan,nan,nan,0,nan,nan,nan,0,nan,nan,nan,nan,nan,nan,nan,nan,nan,nan,nan,nan,nan,nan,nan,nan,nan,nan,nan,nan,nan,nan,nan,nan,nan,nan,nan,nan,nan,nan,nan,nan,nan,nan,nan,nan,nan,nan,nan,nan,nan,nan,nan,nan,nan,nan,nan,nan,nan,nan,nan,nan,nan,nan,nan,nan,nan,nan,nan,nan,nan,nan,nan,nan,nan,nan,nan,nan,nan,nan,nan,nan,nan,nan,nan,nan,nan,nan,nan,nan
42.740,TRACKING,37.404180,1.257391,37.378224,0.600000,-0.306368,1.582668,0.000000,64.886655,-100.438181,29.400000,7.240733,5.200000,0.000000,0.000000,0.000000,35.684371,66.144046,-63.059957,30.000000,6.934365,6.782668,0.000000,0.000000,0.000000,44.366392,66.144046,-63.059957,29.400000,5.681465,5.632136,0.000000,0.000000,0.000000,0.000000,1.257391,37.378224,0.600000,37.404180,-0.306368,1.582668,0.000000,1.612048,nan,nan,nan,0,nan,nan,nan,0,nan,nan,nan,nan,nan,nan,nan,nan,nan,nan,nan,nan,nan,nan,nan,nan,nan,nan,nan,nan,nan,nan,nan,nan,nan,nan,nan,nan,nan,nan,nan,nan,nan,nan,nan,nan,nan,nan,nan,nan,nan,nan,nan,nan,nan,nan,nan,nan,nan,nan,nan,nan,nan,nan,nan,nan,nan,nan,nan,nan,nan,nan,nan,nan,nan,nan,nan,nan,nan,nan,nan,nan,nan,nan,nan,nan,nan,nan,nan,nan
42.780,TRACKING,37.478609,1.242532,37.453201,0.600000,-0.297178,1.499544,0.000000,65.246172,-100.171931,29.400000,7.190334,5.325000,0.000000,0.000000,0.000000,36.522817,66.488704,-62.718730,30.000000,6.893156,6.824544,0.000000,0.000000,0.000000,44.713426,66.488704,-62.718730,29.400000,5.649240,5.664458,0.000000,0.000000,0.000000,0.000000,1.242532,37.453201,0.600000,37.478609,-0.297178,1.499544,0.000000,1.528708,nan,nan,nan,0,nan,nan,nan,0,nan,nan,nan,nan,nan,nan,nan,nan,nan,nan,nan,nan,nan,nan,nan,nan,nan,nan,nan,nan,nan,nan,nan,nan,nan,nan,nan,nan,nan,nan,nan,nan,nan,nan,nan,nan,nan,nan,nan,nan,nan,nan,nan,nan,nan,nan,nan,nan,nan,nan,nan,nan,nan,nan,nan,nan,nan,nan,nan,nan,nan,nan,nan,nan,nan,nan,nan,nan,nan,nan,nan,nan,nan,nan,nan,nan,nan,nan,nan,nan
42.840,TRACKING,37.548895,1.228103,37.524010,0.600000,-0.288585,1.416170,0.000000,65.603186,-99.899431,29.400000,7.140279,5.450000,0.000000,0.000000,0.000000,37.353607,66.831289,-62.375421,30.000000,6.851694,6.866170,0.000000,0.000000,0.000000,45.060463,66.831289,-62.375421,29.400000,5.616809,5.696618,0.000000,0.000000,0.000000,0.000000,1.228103,37.524010,0.600000,37.548895,-0.288585,1.416170,0.000000,1.445275,nan,nan,nan,0,nan,nan,nan,0,nan,nan,nan,nan,nan,nan,nan,nan,nan,nan,nan,nan,nan,nan,nan,nan,nan,nan,nan,nan,nan,nan,nan,nan,nan,nan,nan,nan,nan,nan,nan,nan,nan,nan,nan,nan,nan,nan,nan,nan,nan,nan,nan,nan,nan,nan,nan,nan,nan,nan,nan,nan,nan,nan,nan,nan,nan,nan,nan,nan,nan,nan,nan,nan,nan,nan,nan,nan,nan,nan,nan,nan,nan,nan,nan,nan,nan,nan,nan,nan
42.880,TRACKING,37.615023,1.214075,37.590637,0.600000,-0.280552,1.332545,0.000000,65.957713,-99.620681,29.400000,7.090532,5.575000,0.000000,0.000000,0.000000,38.176544,67.171788,-62.030044,30.000000,6.809980,6.907545,0.000000,0.000000,0.000000,45.407503,67.171788,-62.030044,29.400000,5.584171,5.728615,0.000000,0.000000,0.000000,0.000000,1.214075,37.590637,0.600000,37.615023,-0.280552,1.332545,0.000000,1.361758,nan,nan,nan,0,nan,nan,nan,0,nan,nan,nan,nan,nan,nan,nan,nan,nan,nan,nan,nan,nan,nan,nan,nan,nan,nan,nan,nan,nan,nan,nan,nan,nan,nan,nan,nan,nan,nan,nan,nan,nan,nan,nan,nan,nan,nan,nan,nan,nan,nan,nan,nan,nan,nan,nan,nan,nan,nan,nan,nan,nan,nan,nan,nan,nan,nan,nan,nan,nan,nan,nan,nan,nan,nan,nan,nan,nan,nan,nan,nan,nan,nan,nan,nan,nan,nan,nan,nan
42.940,TRACKING,37.676978,1.200423,37.653070,0.600000,-0.273045,1.248666,0.000000,66.309766,-99.335681,29.400000,7.041062,5.700000,0.000000,0.000000,0.000000,38.991451,67.510189,-61.682611,30.000000,6.768016,6.948666,0.000000,0.000000,0.000000,45.754547,67.510189,-61.682611,29.400000,5.551328,5.760447,0.000000,0.000000,0.000000,0.000000,1.200423,37.653070,0.600000,37.676978,-0.273045,1.248666,0.000000,1.278171,nan,nan,nan,0,nan,nan,nan,0,nan,nan,nan,nan,nan,nan,nan,nan,nan,nan,nan,nan,nan,nan,nan,nan,nan,nan,nan,nan,nan,nan,nan,nan,nan,nan,nan,nan,nan,nan,nan,nan,nan,nan,nan,nan,nan,nan,nan,nan,nan,nan,nan,nan,nan,nan,nan,nan,nan,nan,nan,nan,nan,nan,nan,nan,nan,nan,nan,nan,nan,nan,nan,nan,nan,nan,nan,nan,nan,nan,nan,nan,nan,nan,nan,nan,nan,nan,nan,nan
42.980,TRACKING,37.734747,1.187121,37.711297,0.600000,-0.266033,1.164533,0.000000,66.659357,-99.044431,29.400000,6.991836,5.825000,0.000000,0.000000,0.000000,39.798171,67.846479,-61.333134,30.000000,6.725803,6.989533,0.000000,0.000000,0.000000,46.101593,67.846479,-61.333134,29.400000,5.518281,5.792113,0.000000,0.000000,0.000000,0.000000,1.187121,37.711297,0.600000,37.734747,-0.266033,1.164533,0.000000,1.194533,nan,nan,nan,0,nan,nan,nan,0,nan,nan,nan,nan,nan,nan,nan,nan,nan,nan,nan,nan,nan,nan,nan,nan,nan,nan,nan,nan,nan,nan,nan,nan,nan,nan,nan,nan,nan,nan,nan,nan,nan,nan,nan,nan,nan,nan,nan,nan,nan,nan,nan,nan,nan,nan,nan,nan,nan,nan,nan,nan,nan,nan,nan,nan,nan,nan,nan,nan,nan,nan,nan,nan,nan,nan,nan,nan,nan,nan,nan,nan,nan,nan,nan,nan,nan,nan,nan,nan
43.040,TRACKING,37.788316,1.174147,37.765304,0.600000,-0.259483,1.080144,0.000000,67.006499,-98.746931,29.400000,6.942827,5.950000,0.000000,0.000000,0.000000,40.596563,68.180646,-60.981627,30.000000,6.683344,7.030144,0.000000,0.000000,0.000000,46.448643,68.180646,-60.981627,29.400000,5.485031,5.823610,0.000000,0.000000,0.000000,0.000000,1.174147,37.765304,0.600000,37.788316,-0.259483,1.080144,0.000000,1.110874,nan,nan,nan,0,nan,nan,nan,0,nan,nan,nan,nan,nan,nan,nan,nan,nan,nan,nan,nan,nan,nan,nan,nan,nan,nan,nan,nan,nan,nan,nan,nan,nan,nan,nan,nan,nan,nan,nan,nan,nan,nan,nan,nan,nan,nan,nan,nan,nan,nan,nan,nan,nan,nan,nan,nan,nan,nan,nan,nan,nan,nan,nan,nan,nan,nan,nan,nan,nan,nan,nan,nan,nan,nan,nan,nan,nan,nan,nan,nan,nan,nan,nan,nan,nan,nan,nan,nan
43.080,TRACKING,37.837669,1.161479,37.815079,0.600000,-0.253369,0.995497,0.000000,67.351199,-98.443181,29.400000,6.894008,6.075000,0.000000,0.000000,0.000000,41.386505,68.512678,-60.628102,30.000000,6.640638,7.070497,0.000000,0.000000,0.000000,46.795695,68.512678,-60.628102,29.400000,5.451578,5.854938,0.000000,0.000000,0.000000,0.000000,1.161479,37.815079,0.600000,37.837669,-0.253369,0.995497,0.000000,1.027234,nan,nan,nan,0,nan,nan,nan,0,nan,nan,nan,nan,nan,nan,nan,nan,nan,nan,nan,nan,nan,nan,nan,nan,nan,nan,nan,nan,nan,nan,nan,nan,nan,nan,nan,nan,nan,nan,nan,nan,nan,nan,nan,nan,nan,nan,nan,nan,nan,nan,nan,nan,nan,nan,nan,nan,nan,nan,nan,nan,nan,nan,nan,nan,nan,nan,nan,nan,nan,nan,nan,nan,nan,nan,nan,nan,nan,nan,nan,nan,nan,nan,nan,nan,nan,nan,nan,nan
43.140,TRACKING,37.882794,1.149096,37.860608,0.600000,-0.247664,0.910591,0.000000,67.693467,-98.133181,29.400000,6.845353,6.200000,0.000000,0.000000,0.000000,42.167891,68.842562,-60.272572,30.000000,6.597689,7.110591,0.000000,0.000000,0.000000,47.142750,68.842562,-60.272572,29.400000,5.417924,5.886094,0.000000,0.000000,0.000000,0.000000,1.149096,37.860608,0.600000,37.882794,-0.247664,0.910591,0.000000,0.943670,nan,nan,nan,0,nan,nan,nan,0,nan,nan,nan,nan,nan,nan,nan,nan,nan,nan,nan,nan,nan,nan,nan,nan,nan,nan,nan,nan,nan,nan,nan,nan,nan,nan,nan,nan,nan,nan,nan,nan,nan,nan,nan,nan,nan,nan,nan,nan,nan,nan,nan,nan,nan,nan,nan,nan,nan,nan,nan,nan,nan,nan,nan,nan,nan,nan,nan,nan,nan,nan,nan,nan,nan,nan,nan,nan,nan,nan,nan,nan,nan,nan,nan,nan,nan,nan,nan,nan
43.180,TRACKING,37.923676,1.136979,37.901880,0.600000,-0.242341,0.825424,0.000000,68.033309,-97.816931,29.400000,6.796839,6.325000,0.000000,0.000000,0.000000,42.940631,69.170287,-59.915051,30.000000,6.554497,7.150424,0.000000,0.000000,0.000000,47.489807,69.170287,-59.915051,29.400000,5.384069,5.917077,0.000000,0.000000,0.000000,0.000000,1.136979,37.901880,0.600000,37.923676,-0.242341,0.825424,0.000000,0.860264,nan,nan,nan,0,nan,nan,nan,0,nan,nan,nan,nan,nan,nan,nan,nan,nan,nan,nan,nan,nan,nan,nan,nan,nan,nan,nan,nan,nan,nan,nan,nan,nan,nan,nan,nan,nan,nan,nan,nan,nan,nan,nan,nan,nan,nan,nan,nan,nan,nan,nan,nan,nan,nan,nan,nan,nan,nan,nan,nan,nan,nan,nan,nan,nan,nan,nan,nan,nan,nan,nan,nan,nan,nan,nan,nan,nan,nan,nan,nan,nan,nan,nan,nan,nan,nan,nan,nan
43.240,TRACKING,37.960301,1.125110,37.938879,0.600000,-0.237379,0.739996,0.000000,68.370731,-97.494431,29.400000,6.748443,6.450000,0.000000,0.000000,0.000000,43.704649,69.495840,-59.555551,30.000000,6.511065,7.189996,0.000000,0.000000,0.000000,47.836867,69.495840,-59.555551,29.400000,5.350014,5.947886,0.000000,0.000000,0.000000,0.000000,1.125110,37.938879,0.600000,37.960301,-0.237379,0.739996,0.000000,0.777137,nan,nan,nan,0,nan,nan,nan,0,nan,nan,nan,nan,nan,nan,nan,nan,nan,nan,nan,nan,nan,nan,nan,nan,nan,nan,nan,nan,nan,nan,nan,nan,nan,nan,nan,nan,nan,nan,nan,nan,nan,nan,nan,nan,nan,nan,nan,nan,nan,nan,nan,nan,nan,nan,nan,nan,nan,nan,nan,nan,nan,nan,nan,nan,nan,nan,nan,nan,nan,nan,nan,nan,nan,nan,nan,nan,nan,nan,nan,nan,nan,nan,nan,nan,nan,nan,nan,nan
43.280,TRACKING,37.992655,1.113472,37.971594,0.600000,-0.232753,0.654304,0.000000,68.705738,-97.165681,29.400000,6.700146,6.575000,0.000000,0.000000,0.000000,44.459884,69.819210,-59.194086,30.000000,6.467393,7.229304,0.000000,0.000000,0.000000,48.183930,69.819210,-59.194086,29.400000,5.315761,5.978519,0.000000,0.000000,0.000000,0.000000,1.113472,37.971594,0.600000,37.992655,-0.232753,0.654304,0.000000,0.694469,nan,nan,nan,0,nan,nan,nan,0,nan,nan,nan,nan,nan,nan,nan,nan,nan,nan,nan,nan,nan,nan,nan,nan,nan,nan,nan,nan,nan,nan,nan,nan,nan,nan,nan,nan,nan,nan,nan,nan,nan,nan,nan,nan,nan,nan,nan,nan,nan,nan,nan,nan,nan,nan,nan,nan,nan,nan,nan,nan,nan,nan,nan,nan,nan,nan,nan,nan,nan,nan,nan,nan,nan,nan,nan,nan,nan,nan,nan,nan,nan,nan,nan,nan,nan,nan,nan,nan
43.340,TRACKING,38.020723,1.102050,38.000012,0.600000,-0.228444,0.568346,0.000000,69.038335,-96.830681,29.400000,6.651927,6.700000,0.000000,0.000000,0.000000,45.206288,70.140384,-58.830669,30.000000,6.423483,7.268346,0.000000,0.000000,0.000000,48.530995,70.140384,-58.830669,29.400000,5.281310,6.008974,0.000000,0.000000,0.000000,0.000000,1.102050,38.000012,0.600000,38.020723,-0.228444,0.568346,0.000000,0.612539,nan,nan,nan,0,nan,nan,nan,0,nan,nan,nan,nan,nan,nan,nan,nan,nan,nan,nan,nan,nan,nan,nan,nan,nan,nan,nan,nan,nan,nan,nan,nan,nan,nan,nan,nan,nan,nan,nan,nan,nan,nan,nan,nan,nan,nan,nan,nan,nan,nan,nan,nan,nan,nan,nan,nan,nan,nan,nan,nan,nan,nan,nan,nan,nan,nan,nan,nan,nan,nan,nan,nan,nan,nan,nan,nan,nan,nan,nan,nan,nan,nan,nan,nan,nan,nan,nan,nan
43.380,TRACKING,38.044493,1.090828,38.024118,0.600000,-0.224431,0.482123,0.000000,69.368523,-96.489431,29.400000,6.603769,6.825000,0.000000,0.000000,0.000000,45.943827,70.459351,-58.465313,30.000000,6.379338,7.307123,0.000000,0.000000,0.000000,48.878063,70.459351,-58.465313,29.400000,5.246661,6.039250,0.000000,0.000000,0.000000,0.000000,1.090828,38.024118,0.600000,38.044493,-0.224431,0.482123,0.000000,0.531801,nan,nan,nan,0,nan,nan,nan,0,nan,nan,nan,nan,nan,nan,nan,nan,nan,nan,nan,nan,nan,nan,nan,nan,nan,nan,nan,nan,nan,nan,nan,nan,nan,nan,nan,nan,nan,nan,nan,nan,nan,nan,nan,nan,nan,nan,nan,nan,nan,nan,nan,nan,nan,nan,nan,nan,nan,nan,nan,nan,nan,nan,nan,nan,nan,nan,nan,nan,nan,nan,nan,nan,nan,nan,nan,nan,nan,nan,nan,nan,nan,nan,nan,nan,nan,nan,nan,nan
43.440,TRACKING,38.063949,1.079793,38.043900,0.600000,-0.220697,0.395632,0.000000,69.696306,-96.141931,29.400000,6.555655,6.950000,0.000000,0.000000,0.000000,46.672475,70.776099,-58.098031,30.000000,6.334958,7.345632,0.000000,0.000000,0.000000,49.225133,70.776099,-58.098031,29.400000,5.211817,6.069346,0.000000,0.000000,0.000000,0.000000,1.079793,38.043900,0.600000,38.063949,-0.220697,0.395632,0.000000,0.453025,nan,nan,nan,0,nan,nan,nan,0,nan,nan,nan,nan,nan,nan,nan,nan,nan,nan,nan,nan,nan,nan,nan,nan,nan,nan,nan,nan,nan,nan,nan,nan,nan,nan,nan,nan,nan,nan,nan,nan,nan,nan,nan,nan,nan,nan,nan,nan,nan,nan,nan,nan,nan,nan,nan,nan,nan,nan,nan,nan,nan,nan,nan,nan,nan,nan,nan,nan,nan,nan,nan,nan,nan,nan,nan,nan,nan,nan,nan,nan,nan,nan,nan,nan,nan,nan,nan,nan
43.480,TRACKING,38.079078,1.068932,38.059343,0.600000,-0.217223,0.308871,0.000000,70.021684,-95.788181,29.400000,6.507569,7.075000,0.000000,0.000000,0.000000,47.392222,71.090616,-57.728838,30.000000,6.290346,7.383871,0.000000,0.000000,0.000000,49.572204,71.090616,-57.728838,29.400000,5.176777,6.099261,0.000000,0.000000,0.000000,0.000000,1.068932,38.059343,0.600000,38.079078,-0.217223,0.308871,0.000000,0.377607,nan,nan,nan,0,nan,nan,nan,0,nan,nan,nan,nan,nan,nan,nan,nan,nan,nan,nan,nan,nan,nan,nan,nan,nan,nan,nan,nan,nan,nan,nan,nan,nan,nan,nan,nan,nan,nan,nan,nan,nan,nan,nan,nan,nan,nan,nan,nan,nan,nan,nan,nan,nan,nan,nan,nan,nan,nan,nan,nan,nan,nan,nan,nan,nan,nan,nan,nan,nan,nan,nan,nan,nan,nan,nan,nan,nan,nan,nan,nan,nan,nan,nan,nan,nan,nan,nan,nan
43.540,TRACKING,38.089866,1.058233,38.070435,0.600000,-0.213993,0.221839,0.000000,70.344659,-95.428181,29.400000,6.459496,7.200000,0.000000,0.000000,0.000000,48.103064,71.402892,-57.357746,30.000000,6.245502,7.421839,0.000000,0.000000,0.000000,49.919279,71.402892,-57.357746,29.400000,5.141542,6.128992,0.000000,0.000000,0.000000,0.000000,1.058233,38.070435,0.600000,38.089866,-0.213993,0.221839,0.000000,0.308230,nan,nan,nan,0,nan,nan,nan,0,nan,nan,nan,nan,nan,nan,nan,nan,nan,nan,nan,nan,nan,nan,nan,nan,nan,nan,nan,nan,nan,nan,nan,nan,nan,nan,nan,nan,nan,nan,nan,nan,nan,nan,nan,nan,nan,nan,nan,nan,nan,nan,nan,nan,nan,nan,nan,nan,nan,nan,nan,nan,nan,nan,nan,nan,nan,nan,nan,nan,nan,nan,nan,nan,nan,nan,nan,nan,nan,nan,nan,nan,nan,nan,nan,nan,nan,nan,nan,nan
43.580,TRACKING,38.096298,1.047683,38.077162,0.600000,-0.210992,0.134536,0.000000,70.665230,-95.061931,29.400000,6.411421,7.325000,0.000000,0.000000,0.000000,48.805010,71.712913,-56.984769,30.000000,6.200429,7.459536,0.000000,0.000000,0.000000,50.266355,71.712913,-56.984769,29.400000,5.105316,6.157576,0.000000,0.000000,0.000000,0.000000,1.047683,38.077162,0.600000,38.096298,-0.210992,0.134536,0.000000,0.250235,nan,nan,nan,0,nan,nan,nan,0,nan,nan,nan,nan,nan,nan,nan,nan,nan,nan,nan,nan,nan,nan,nan,nan,nan,nan,nan,nan,nan,nan,nan,nan,nan,nan,nan,nan,nan,nan,nan,nan,nan,nan,nan,nan,nan,nan,nan,nan,nan,nan,nan,nan,nan,nan,nan,nan,nan,nan,nan,nan,nan,nan,nan,nan,nan,nan,nan,nan,nan,nan,nan,nan,nan,nan,nan,nan,nan,nan,nan,nan,nan,nan,nan,nan,nan,nan,nan,nan
43.640,TRACKING,38.098361,1.037313,38.079510,0.600000,-0.207407,0.046959,0.000000,70.983357,-94.689431,29.400000,6.362536,7.450000,0.000000,0.000000,0.000000,49.501624,72.020669,-56.609921,30.000000,6.155128,7.496959,0.000000,0.000000,0.000000,50.613433,72.020669,-56.609921,29.400000,5.068098,6.184937,0.000000,0.000000,0.000000,0.000000,1.037313,38.079510,0.600000,38.098361,-0.207407,0.046959,0.000000,0.212657,nan,nan,nan,0,nan,nan,nan,0,nan,nan,nan,nan,nan,nan,nan,nan,nan,nan,nan,nan,nan,nan,nan,nan,nan,nan,nan,nan,nan,nan,nan,nan,nan,nan,nan,nan,nan,nan,nan,nan,nan,nan,nan,nan,nan,nan,nan,nan,nan,nan,nan,nan,nan,nan,nan,nan,nan,nan,nan,nan,nan,nan,nan,nan,nan,nan,nan,nan,nan,nan,nan,nan,nan,nan,nan,nan,nan,nan,nan,nan,nan,nan,nan,nan,nan,nan,nan,nan
43.680,TRACKING,38.096042,1.027149,38.077465,0.600000,-0.203272,-0.040893,0.000000,71.299001,-94.310681,29.400000,6.312873,7.575000,0.000000,0.000000,0.000000,50.192762,72.326149,-56.233216,30.000000,6.109602,7.534107,0.000000,0.000000,0.000000,50.960513,72.326149,-56.233216,29.400000,5.030716,6.212061,0.000000,0.000000,0.000000,0.000000,1.027149,38.077465,0.600000,38.096042,-0.203272,-0.040893,0.000000,0.207344,nan,nan,nan,0,nan,nan,nan,0,nan,nan,nan,nan,nan,nan,nan,nan,nan,nan,nan,nan,nan,nan,nan,nan,nan,nan,nan,nan,nan,nan,nan,nan,nan,nan,nan,nan,nan,nan,nan,nan,nan,nan,nan,nan,nan,nan,nan,nan,nan,nan,nan,nan,nan,nan,nan,nan,nan,nan,nan,nan,nan,nan,nan,nan,nan,nan,nan,nan,nan,nan,nan,nan,nan,nan,nan,nan,nan,nan,nan,nan,nan,nan,nan,nan,nan,nan,nan,nan
43.740,TRACKING,38.089326,1.017177,38.071014,0.600000,-0.199444,-0.129021,0.000000,71.612165,-93.925681,29.400000,6.263294,7.700000,0.000000,0.000000,0.000000,50.874581,72.629342,-55.854667,30.000000,6.063850,7.570979,0.000000,0.000000,0.000000,51.307595,72.629342,-55.854667,29.400000,4.993136,6.238945,0.000000,0.000000,0.000000,0.000000,1.017177,38.071014,0.600000,38.089326,-0.199444,-0.129021,0.000000,0.237538,nan,nan,nan,0,nan,nan,nan,0,nan,nan,nan,nan,nan,nan,nan,nan,nan,nan,nan,nan,nan,nan,nan,nan,nan,nan,nan,nan,nan,nan,nan,nan,nan,nan,nan,nan,nan,nan,nan,nan,nan,nan,nan,nan,nan,nan,nan,nan,nan,nan,nan,nan,nan,nan,nan,nan,nan,nan,nan,nan,nan,nan,nan,nan,nan,nan,nan,nan,nan,nan,nan,nan,nan,nan,nan,nan,nan,nan,nan,nan,nan,nan,nan,nan,nan,nan,nan,nan
43.780,TRACKING,38.078200,1.007383,38.060143,0.600000,-0.195872,-0.217427,0.000000,71.922853,-93.534431,29.400000,6.213748,7.825000,0.000000,0.000000,0.000000,51.547291,72.930236,-55.474288,30.000000,6.017876,7.607573,0.000000,0.000000,0.000000,51.654679,72.930236,-55.474288,29.400000,4.955362,6.265590,0.000000,0.000000,0.000000,0.000000,1.007383,38.060143,0.600000,38.078200,-0.195872,-0.217427,0.000000,0.292644,nan,nan,nan,0,nan,nan,nan,0,nan,nan,nan,nan,nan,nan,nan,nan,nan,nan,nan,nan,nan,nan,nan,nan,nan,nan,nan,nan,nan,nan,nan,nan,nan,nan,nan,nan,nan,nan,nan,nan,nan,nan,nan,nan,nan,nan,nan,nan,nan,nan,nan,nan,nan,nan,nan,nan,nan,nan,nan,nan,nan,nan,nan,nan,nan,nan,nan,nan,nan,nan,nan,nan,nan,nan,nan,nan,nan,nan,nan,nan,nan,nan,nan,nan,nan,nan,nan,nan
43.840,TRACKING,38.062648,0.997756,38.044837,0.600000,-0.192541,-0.306112,0.000000,72.231064,-93.136931,29.400000,6.164222,7.950000,0.000000,0.000000,0.000000,52.210938,73.228820,-55.092094,30.000000,5.971681,7.643888,0.000000,0.000000,0.000000,52.001765,73.228820,-55.092094,29.400000,4.917396,6.291993,0.000000,0.000000,0.000000,0.000000,0.997756,38.044837,0.600000,38.062648,-0.192541,-0.306112,0.000000,0.361630,nan,nan,nan,0,nan,nan,nan,0,nan,nan,nan,nan,nan,nan,nan,nan,nan,nan,nan,nan,nan,nan,nan,nan,nan,nan,nan,nan,nan,nan,nan,nan,nan,nan,nan,nan,nan,nan,nan,nan,nan,nan,nan,nan,nan,nan,nan,nan,nan,nan,nan,nan,nan,nan,nan,nan,nan,nan,nan,nan,nan,nan,nan,nan,nan,nan,nan,nan,nan,nan,nan,nan,nan,nan,nan,nan,nan,nan,nan,nan,nan,nan,nan,nan,nan,nan,nan,nan
43.880,TRACKING,38.042656,0.988284,38.025083,0.600000,-0.189437,-0.395077,0.000000,72.536799,-92.733181,29.400000,6.114703,8.075000,0.000000,0.000000,0.000000,52.865582,73.525083,-54.708097,30.000000,5.925266,7.679923,0.000000,0.000000,0.000000,52.348853,73.525083,-54.708097,29.400000,4.879240,6.318154,0.000000,0.000000,0.000000,0.000000,0.988284,38.025083,0.600000,38.042656,-0.189437,-0.395077,0.000000,0.438146,nan,nan,nan,0,nan,nan,nan,0,nan,nan,nan,nan,nan,nan,nan,nan,nan,nan,nan,nan,nan,nan,nan,nan,nan,nan,nan,nan,nan,nan,nan,nan,nan,nan,nan,nan,nan,nan,nan,nan,nan,nan,nan,nan,nan,nan,nan,nan,nan,nan,nan,nan,nan,nan,nan,nan,nan,nan,nan,nan,nan,nan,nan,nan,nan,nan,nan,nan,nan,nan,nan,nan,nan,nan,nan,nan,nan,nan,nan,nan,nan,nan,nan,nan,nan,nan,nan,nan
43.940,TRACKING,38.018210,0.978957,38.000867,0.600000,-0.186547,-0.484324,0.000000,72.840058,-92.323181,29.400000,6.065181,8.200000,0.000000,0.000000,0.000000,53.511288,73.819015,-54.322314,30.000000,5.878634,7.715676,0.000000,0.000000,0.000000,52.695942,73.819015,-54.322314,29.400000,4.840896,6.344072,0.000000,0.000000,0.000000,0.000000,0.978957,38.000867,0.600000,38.018210,-0.186547,-0.484324,0.000000,0.519008,nan,nan,nan,0,nan,nan,nan,0,nan,nan,nan,nan,nan,nan,nan,nan,nan,nan,nan,nan,nan,nan,nan,nan,nan,nan,nan,nan,nan,nan,nan,nan,nan,nan,nan,nan,nan,nan,nan,nan,nan,nan,nan,nan,nan,nan,nan,nan,nan,nan,nan,nan,nan,nan,nan,nan,nan,nan,nan,nan,nan,nan,nan,nan,nan,nan,nan,nan,nan,nan,nan,nan,nan,nan,nan,nan,nan,nan,nan,nan,nan,nan,nan,nan,nan,nan,nan,nan
43.980,TRACKING,37.989294,0.969764,37.972174,0.600000,-0.183859,-0.573853,0.000000,73.140840,-91.906931,29.400000,6.015644,8.325000,0.000000,0.000000,0.000000,54.148128,74.110604,-53.934756,30.000000,5.831786,7.751147,0.000000,0.000000,0.000000,53.043033,74.110604,-53.934756,29.400000,4.802366,6.369744,0.000000,0.000000,0.000000,0.000000,0.969764,37.972174,0.600000,37.989294,-0.183859,-0.573853,0.000000,0.602587,nan,nan,nan,0,nan,nan,nan,0,nan,nan,nan,nan,nan,nan,nan,nan,nan,nan,nan,nan,nan,nan,nan,nan,nan,nan,nan,nan,nan,nan,nan,nan,nan,nan,nan,nan,nan,nan,nan,nan,nan,nan,nan,nan,nan,nan,nan,nan,nan,nan,nan,nan,nan,nan,nan,nan,nan,nan,nan,nan,nan,nan,nan,nan,nan,nan,nan,nan,nan,nan,nan,nan,nan,nan,nan,nan,nan,nan,nan,nan,nan,nan,nan,nan,nan,nan,nan,nan
44.040,TRACKING,37.955895,0.960696,37.938991,0.600000,-0.181359,-0.663667,0.000000,73.439144,-91.484431,29.400000,5.966083,8.450000,0.000000,0.000000,0.000000,54.776177,74.399840,-53.545440,30.000000,5.784723,7.786333,0.000000,0.000000,0.000000,53.390125,74.399840,-53.545440,29.400000,4.763651,6.395171,0.000000,0.000000,0.000000,0.000000,0.960696,37.938991,0.600000,37.955895,-0.181359,-0.663667,0.000000,0.688001,nan,nan,nan,0,nan,nan,nan,0,nan,nan,nan,nan,nan,nan,nan,nan,nan,nan,nan,nan,nan,nan,nan,nan,nan,nan,nan,nan,nan,nan,nan,nan,nan,nan,nan,nan,nan,nan,nan,nan,nan,nan,nan,nan,nan,nan,nan,nan,nan,nan,nan,nan,nan,nan,nan,nan,nan,nan,nan,nan,nan,nan,nan,nan,nan,nan,nan,nan,nan,nan,nan,nan,nan,nan,nan,nan,nan,nan,nan,nan,nan,nan,nan,nan,nan,nan,nan,nan
44.080,TRACKING,37.917998,0.951744,37.901303,0.600000,-0.179038,-0.753767,0.000000,73.734969,-91.055681,29.400000,5.916487,8.575000,0.000000,0.000000,0.000000,55.395516,74.686713,-53.154378,30.000000,5.737448,7.821233,0.000000,0.000000,0.000000,53.737219,74.686713,-53.154378,29.400000,4.724755,6.420351,0.000000,0.000000,0.000000,0.000000,0.951744,37.901303,0.600000,37.917998,-0.179038,-0.753767,0.000000,0.774738,nan,nan,nan,0,nan,nan,nan,0,nan,nan,nan,nan,nan,nan,nan,nan,nan,nan,nan,nan,nan,nan,nan,nan,nan,nan,nan,nan,nan,nan,nan,nan,nan,nan,nan,nan,nan,nan,nan,nan,nan,nan,nan,nan,nan,nan,nan,nan,nan,nan,nan,nan,nan,nan,nan,nan,nan,nan,nan,nan,nan,nan,nan,nan,nan,nan,nan,nan,nan,nan,nan,nan,nan,nan,nan,nan,nan,nan,nan,nan,nan,nan,nan,nan,nan,nan,nan,nan
44.140,TRACKING,37.875588,0.942900,37.859095,0.600000,-0.176885,-0.844154,0.000000,74.028311,-90.620681,29.400000,5.866848,8.700000,0.000000,0.000000,0.000000,56.006231,74.971211,-52.761586,30.000000,5.689963,7.855846,0.000000,0.000000,0.000000,54.084314,74.971211,-52.761586,29.400000,4.685677,6.445283,0.000000,0.000000,0.000000,0.000000,0.942900,37.859095,0.600000,37.875588,-0.176885,-0.844154,0.000000,0.862487,nan,nan,nan,0,nan,nan,nan,0,nan,nan,nan,nan,nan,nan,nan,nan,nan,nan,nan,nan,nan,nan,nan,nan,nan,nan,nan,nan,nan,nan,nan,nan,nan,nan,nan,nan,nan,nan,nan,nan,nan,nan,nan,nan,nan,nan,nan,nan,nan,nan,nan,nan,nan,nan,nan,nan,nan,nan,nan,nan,nan,nan,nan,nan,nan,nan,nan,nan,nan,nan,nan,nan,nan,nan,nan,nan,nan,nan,nan,nan,nan,nan,nan,nan,nan,nan,nan,nan
44.180,TRACKING,37.828650,0.934155,37.812354,0.600000,-0.174889,-0.934828,0.000000,74.319169,-90.179431,29.400000,5.817157,8.825000,0.000000,0.000000,0.000000,56.608409,75.253324,-52.367077,30.000000,5.642268,7.890172,0.000000,0.000000,0.000000,54.431411,75.253324,-52.367077,29.400000,4.646421,6.469965,0.000000,0.000000,0.000000,0.000000,0.934155,37.812354,0.600000,37.828650,-0.174889,-0.934828,0.000000,0.951047,nan,nan,nan,0,nan,nan,nan,0,nan,nan,nan,nan,nan,nan,nan,nan,nan,nan,nan,nan,nan,nan,nan,nan,nan,nan,nan,nan,nan,nan,nan,nan,nan,nan,nan,nan,nan,nan,nan,nan,nan,nan,nan,nan,nan,nan,nan,nan,nan,nan,nan,nan,nan,nan,nan,nan,nan,nan,nan,nan,nan,nan,nan,nan,nan,nan,nan,nan,nan,nan,nan,nan,nan,nan,nan,nan,nan,nan,nan,nan,nan,nan,nan,nan,nan,nan,nan,nan
44.240,TRACKING,37.777169,0.925503,37.761064,0.600000,-0.173042,-1.025792,0.000000,74.607539,-89.731931,29.400000,5.767408,8.950000,0.000000,0.000000,0.000000,57.202142,75.533043,-51.970867,30.000000,5.594366,7.924208,0.000000,0.000000,0.000000,54.778510,75.533043,-51.970867,29.400000,4.606988,6.494397,0.000000,0.000000,0.000000,0.000000,0.925503,37.761064,0.600000,37.777169,-0.173042,-1.025792,0.000000,1.040285,nan,nan,nan,0,nan,nan,nan,0,nan,nan,nan,nan,nan,nan,nan,nan,nan,nan,nan,nan,nan,nan,nan,nan,nan,nan,nan,nan,nan,nan,nan,nan,nan,nan,nan,nan,nan,nan,nan,nan,nan,nan,nan,nan,nan,nan,nan,nan,nan,nan,nan,nan,nan,nan,nan,nan,nan,nan,nan,nan,nan,nan,nan,nan,nan,nan,nan,nan,nan,nan,nan,nan,nan,nan,nan,nan,nan,nan,nan,nan,nan,nan,nan,nan,nan,nan,nan,nan
44.280,TRACKING,37.721132,0.916937,37.705212,0.600000,-0.171334,-1.117047,0.000000,74.893419,-89.278181,29.400000,5.717592,9.075000,0.000000,0.000000,0.000000,57.787525,75.810355,-51.572969,30.000000,5.546259,7.957953,0.000000,0.000000,0.000000,55.125609,75.810355,-51.572969,29.400000,4.567381,6.518578,0.000000,0.000000,0.000000,0.000000,0.916937,37.705212,0.600000,37.721132,-0.171334,-1.117047,0.000000,1.130110,nan,nan,nan,0,nan,nan,nan,0,nan,nan,nan,nan,nan,nan,nan,nan,nan,nan,nan,nan,nan,nan,nan,nan,nan,nan,nan,nan,nan,nan,nan,nan,nan,nan,nan,nan,nan,nan,nan,nan,nan,nan,nan,nan,nan,nan,nan,nan,nan,nan,nan,nan,nan,nan,nan,nan,nan,nan,nan,nan,nan,nan,nan,nan,nan,nan,nan,nan,nan,nan,nan,nan,nan,nan,nan,nan,nan,nan,nan,nan,nan,nan,nan,nan,nan,nan,nan,nan
44.340,TRACKING,37.660522,0.908449,37.644782,0.600000,-0.169757,-1.208594,0.000000,75.176804,-88.818181,29.400000,5.667704,9.200000,0.000000,0.000000,0.000000,58.364653,76.085253,-51.173399,30.000000,5.497947,7.991406,0.000000,0.000000,0.000000,55.472710,76.085253,-51.173399,29.400000,4.527599,6.542507,0.000000,0.000000,0.000000,0.000000,0.908449,37.644782,0.600000,37.660522,-0.169757,-1.208594,0.000000,1.220457,nan,nan,nan,0,nan,nan,nan,0,nan,nan,nan,nan,nan,nan,nan,nan,nan,nan,nan,nan,nan,nan,nan,nan,nan,nan,nan,nan,nan,nan,nan,nan,nan,nan,nan,nan,nan,nan,nan,nan,nan,nan,nan,nan,nan,nan,nan,nan,nan,nan,nan,nan,nan,nan,nan,nan,nan,nan,nan,nan,nan,nan,nan,nan,nan,nan,nan,nan,nan,nan,nan,nan,nan,nan,nan,nan,nan,nan,nan,nan,nan,nan,nan,nan,nan,nan,nan,nan
44.380,TRACKING,37.595325,0.900034,37.579760,0.600000,-0.168304,-1.300434,0.000000,75.457691,-88.351931,29.400000,5.617738,9.325000,0.000000,0.000000,0.000000,58.933627,76.357725,-50.772170,30.000000,5.449434,8.024566,0.000000,0.000000,0.000000,55.819813,76.357725,-50.772170,29.400000,4.487647,6.566182,0.000000,0.000000,0.000000,0.000000,0.900034,37.579760,0.600000,37.595325,-0.168304,-1.300434,0.000000,1.311279,nan,nan,nan,0,nan,nan,nan,0,nan,nan,nan,nan,nan,nan,nan,nan,nan,nan,nan,nan,nan,nan,nan,nan,nan,nan,nan,nan,nan,nan,nan,nan,nan,nan,nan,nan,nan,nan,nan,nan,nan,nan,nan,nan,nan,nan,nan,nan,nan,nan,nan,nan,nan,nan,nan,nan,nan,nan,nan,nan,nan,nan,nan,nan,nan,nan,nan,nan,nan,nan,nan,nan,nan,nan,nan,nan,nan,nan,nan,nan,nan,nan,nan,nan,nan,nan,nan,nan
44.440,TRACKING,37.525526,0.891685,37.510132,0.600000,-0.166966,-1.392568,0.000000,75.736075,-87.879431,29.400000,5.567687,9.450000,0.000000,0.000000,0.000000,59.494547,76.627761,-50.369299,30.000000,5.400721,8.057432,0.000000,0.000000,0.000000,56.166916,76.627761,-50.369299,29.400000,4.447524,6.589602,0.000000,0.000000,0.000000,0.000000,0.891685,37.510132,0.600000,37.525526,-0.166966,-1.392568,0.000000,1.402542,nan,nan,nan,0,nan,nan,nan,0,nan,nan,nan,nan,nan,nan,nan,nan,nan,nan,nan,nan,nan,nan,nan,nan,nan,nan,nan,nan,nan,nan,nan,nan,nan,nan,nan,nan,nan,nan,nan,nan,nan,nan,nan,nan,nan,nan,nan,nan,nan,nan,nan,nan,nan,nan,nan,nan,nan,nan,nan,nan,nan,nan,nan,nan,nan,nan,nan,nan,nan,nan,nan,nan,nan,nan,nan,nan,nan,nan,nan,nan,nan,nan,nan,nan,nan,nan,nan,nan
44.480,TRACKING,37.451110,0.883398,37.435882,0.600000,-0.165737,-1.484998,0.000000,76.011953,-87.400681,29.400000,5.517547,9.575000,0.000000,0.000000,0.000000,60.047515,76.895351,-49.964799,30.000000,5.351809,8.090002,0.000000,0.000000,0.000000,56.514021,76.895351,-49.964799,29.400000,4.407234,6.612767,0.000000,0.000000,0.000000,0.000000,0.883398,37.435882,0.600000,37.451110,-0.165737,-1.484998,0.000000,1.494218,nan,nan,nan,0,nan,nan,nan,0,nan,nan,nan,nan,nan,nan,nan,nan,nan,nan,nan,nan,nan,nan,nan,nan,nan,nan,nan,nan,nan,nan,nan,nan,nan,nan,nan,nan,nan,nan,nan,nan,nan,nan,nan,nan,nan,nan,nan,nan,nan,nan,nan,nan,nan,nan,nan,nan,nan,nan,nan,nan,nan,nan,nan,nan,nan,nan,nan,nan,nan,nan,nan,nan,nan,nan,nan,nan,nan,nan,nan,nan,nan,nan,nan,nan,nan,nan,nan,nan
44.540,TRACKING,37.372063,0.875168,37.356996,0.600000,-0.164611,-1.577724,0.000000,76.285318,-86.915681,29.400000,5.467312,9.700000,0.000000,0.000000,0.000000,60.592635,77.160486,-49.558685,30.000000,5.302701,8.122276,0.000000,0.000000,0.000000,56.861127,77.160486,-49.558685,29.400000,4.366777,6.635675,0.000000,0.000000,0.000000,0.000000,0.875168,37.356996,0.600000,37.372063,-0.164611,-1.577724,0.000000,1.586288,nan,nan,nan,0,nan,nan,nan,0,nan,nan,nan,nan,nan,nan,nan,nan,nan,nan,nan,nan,nan,nan,nan,nan,nan,nan,nan,nan,nan,nan,nan,nan,nan,nan,nan,nan,nan,nan,nan,nan,nan,nan,nan,nan,nan,nan,nan,nan,nan,nan,nan,nan,nan,nan,nan,nan,nan,nan,nan,nan,nan,nan,nan,nan,nan,nan,nan,nan,nan,nan,nan,nan,nan,nan,nan,nan,nan,nan,nan,nan,nan,nan,nan,nan,nan,nan,nan,nan
44.580,TRACKING,37.288368,0.866989,37.273458,0.600000,-0.163581,-1.670749,0.000000,76.556167,-86.424431,29.400000,5.416979,9.825000,0.000000,0.000000,0.000000,61.130012,77.423156,-49.150972,30.000000,5.253398,8.154251,0.000000,0.000000,0.000000,57.208234,77.423156,-49.150972,29.400000,4.326156,6.658326,0.000000,0.000000,0.000000,0.000000,0.866989,37.273458,0.600000,37.288368,-0.163581,-1.670749,0.000000,1.678738,nan,nan,nan,0,nan,nan,nan,0,nan,nan,nan,nan,nan,nan,nan,nan,nan,nan,nan,nan,nan,nan,nan,nan,nan,nan,nan,nan,nan,nan,nan,nan,nan,nan,nan,nan,nan,nan,nan,nan,nan,nan,nan,nan,nan,nan,nan,nan,nan,nan,nan,nan,nan,nan,nan,nan,nan,nan,nan,nan,nan,nan,nan,nan,nan,nan,nan,nan,nan,nan,nan,nan,nan,nan,nan,nan,nan,nan,nan,nan,nan,nan,nan,nan,nan,nan,nan,nan
44.640,TRACKING,37.200011,0.858857,37.185255,0.600000,-0.162641,-1.764073,0.000000,76.824494,-85.926931,29.400000,5.366543,9.950000,0.000000,0.000000,0.000000,61.659750,77.683351,-48.741676,30.000000,5.203902,8.185927,0.000000,0.000000,0.000000,57.555342,77.683351,-48.741676,29.400000,4.285372,6.680717,0.000000,0.000000,0.000000,0.000000,0.858857,37.185255,0.600000,37.200011,-0.162641,-1.764073,0.000000,1.771554,nan,nan,nan,0,nan,nan,nan,0,nan,nan,nan,nan,nan,nan,nan,nan,nan,nan,nan,nan,nan,nan,nan,nan,nan,nan,nan,nan,nan,nan,nan,nan,nan,nan,nan,nan,nan,nan,nan,nan,nan,nan,nan,nan,nan,nan,nan,nan,nan,nan,nan,nan,nan,nan,nan,nan,nan,nan,nan,nan,nan,nan,nan,nan,nan,nan,nan,nan,nan,nan,nan,nan,nan,nan,nan,nan,nan,nan,nan,nan,nan,nan,nan,nan,nan,nan,nan,nan
44.680,TRACKING,37.106977,0.850768,37.092370,0.600000,-0.161786,-1.857697,0.000000,77.090294,-85.423181,29.400000,5.316000,10.075000,0.000000,0.000000,0.000000,62.181957,77.941062,-48.330811,30.000000,5.154215,8.217303,0.000000,0.000000,0.000000,57.902451,77.941062,-48.330811,29.400000,4.244427,6.702849,0.000000,0.000000,0.000000,0.000000,0.850768,37.092370,0.600000,37.106977,-0.161786,-1.857697,0.000000,1.864728,nan,nan,nan,0,nan,nan,nan,0,nan,nan,nan,nan,nan,nan,nan,nan,nan,nan,nan,nan,nan,nan,nan,nan,nan,nan,nan,nan,nan,nan,nan,nan,nan,nan,nan,nan,nan,nan,nan,nan,nan,nan,nan,nan,nan,nan,nan,nan,nan,nan,nan,nan,nan,nan,nan,nan,nan,nan,nan,nan,nan,nan,nan,nan,nan,nan,nan,nan,nan,nan,nan,nan,nan,nan,nan,nan,nan,nan,nan,nan,nan,nan,nan,nan,nan,nan,nan,nan
44.740,TRACKING,37.009250,0.842717,36.994789,0.600000,-0.161010,-1.951623,0.000000,77.353562,-84.913181,29.400000,5.265348,10.200000,0.000000,0.000000,0.000000,62.696737,78.196279,-47.918392,30.000000,5.104338,8.248377,0.000000,0.000000,0.000000,58.249561,78.196279,-47.918392,29.400000,4.203323,6.724721,0.000000,0.000000,0.000000,0.000000,0.842717,36.994789,0.600000,37.009250,-0.161010,-1.951623,0.000000,1.958253,nan,nan,nan,0,nan,nan,nan,0,nan,nan,nan,nan,nan,nan,nan,nan,nan,nan,nan,nan,nan,nan,nan,nan,nan,nan,nan,nan,nan,nan,nan,nan,nan,nan,nan,nan,nan,nan,nan,nan,nan,nan,nan,nan,nan,nan,nan,nan,nan,nan,nan,nan,nan,nan,nan,nan,nan,nan,nan,nan,nan,nan,nan,nan,nan,nan,nan,nan,nan,nan,nan,nan,nan,nan,nan,nan,nan,nan,nan,nan,nan,nan,nan,nan,nan,nan,nan,nan
44.780,TRACKING,36.906815,0.834702,36.892496,0.600000,-0.160309,-2.045851,0.000000,77.614291,-84.396931,29.400000,5.214583,10.325000,0.000000,0.000000,0.000000,63.204197,78.448992,-47.504434,30.000000,5.054274,8.279149,0.000000,0.000000,0.000000,58.596672,78.448992,-47.504434,29.400000,4.162061,6.746330,0.000000,0.000000,0.000000,0.000000,0.834702,36.892496,0.600000,36.906815,-0.160309,-2.045851,0.000000,2.052122,nan,nan,nan,0,nan,nan,nan,0,nan,nan,nan,nan,nan,nan,nan,nan,nan,nan,nan,nan,nan,nan,nan,nan,nan,nan,nan,nan,nan,nan,nan,nan,nan,nan,nan,nan,nan,nan,nan,nan,nan,nan,nan,nan,nan,nan,nan,nan,nan,nan,nan,nan,nan,nan,nan,nan,nan,nan,nan,nan,nan,nan,nan,nan,nan,nan,nan,nan,nan,nan,nan,nan,nan,nan,nan,nan,nan,nan,nan,nan,nan,nan,nan,nan,nan,nan,nan,nan
44.840,TRACKING,36.799657,0.826718,36.785477,0.600000,-0.159678,-2.140383,0.000000,77.872476,-83.874431,29.400000,5.163703,10.450000,0.000000,0.000000,0.000000,63.704444,78.699194,-47.088954,30.000000,5.004025,8.309617,0.000000,0.000000,0.000000,58.943785,78.699194,-47.088954,29.400000,4.120644,6.767677,0.000000,0.000000,0.000000,0.000000,0.826718,36.785477,0.600000,36.799657,-0.159678,-2.140383,0.000000,2.146331,nan,nan,nan,0,nan,nan,nan,0,nan,nan,nan,nan,nan,nan,nan,nan,nan,nan,nan,nan,nan,nan,nan,nan,nan,nan,nan,nan,nan,nan,nan,nan,nan,nan,nan,nan,nan,nan,nan,nan,nan,nan,nan,nan,nan,nan,nan,nan,nan,nan,nan,nan,nan,nan,nan,nan,nan,nan,nan,nan,nan,nan,nan,nan,nan,nan,nan,nan,nan,nan,nan,nan,nan,nan,nan,nan,nan,nan,nan,nan,nan,nan,nan,nan,nan,nan,nan,nan
44.880,TRACKING,36.687761,0.818762,36.673716,0.600000,-0.159113,-2.235220,0.000000,78.128111,-83.345681,29.400000,5.112705,10.575000,0.000000,0.000000,0.000000,64.197585,78.946873,-46.671965,30.000000,4.953591,8.339780,0.000000,0.000000,0.000000,59.290898,78.946873,-46.671965,29.400000,4.079072,6.788760,0.000000,0.000000,0.000000,0.000000,0.818762,36.673716,0.600000,36.687761,-0.159113,-2.235220,0.000000,2.240876,nan,nan,nan,0,nan,nan,nan,0,nan,nan,nan,nan,nan,nan,nan,nan,nan,nan,nan,nan,nan,nan,nan,nan,nan,nan,nan,nan,nan,nan,nan,nan,nan,nan,nan,nan,nan,nan,nan,nan,nan,nan,nan,nan,nan,nan,nan,nan,nan,nan,nan,nan,nan,nan,nan,nan,nan,nan,nan,nan,nan,nan,nan,nan,nan,nan,nan,nan,nan,nan,nan,nan,nan,nan,nan,nan,nan,nan,nan,nan,nan,nan,nan,nan,nan,nan,nan,nan
44.940,TRACKING,36.571111,0.810831,36.557198,0.600000,-0.158610,-2.330363,0.000000,78.381191,-82.810681,29.400000,5.061586,10.700000,0.000000,0.000000,0.000000,64.683725,79.192022,-46.253483,30.000000,4.902976,8.369637,0.000000,0.000000,0.000000,59.638012,79.192022,-46.253483,29.400000,4.037347,6.809579,0.000000,0.000000,0.000000,0.000000,0.810831,36.557198,0.600000,36.571111,-0.158610,-2.330363,0.000000,2.335754,nan,nan,nan,0,nan,nan,nan,0,nan,nan,nan,nan,nan,nan,nan,nan,nan,nan,nan,nan,nan,nan,nan,nan,nan,nan,nan,nan,nan,nan,nan,nan,nan,nan,nan,nan,nan,nan,nan,nan,nan,nan,nan,nan,nan,nan,nan,nan,nan,nan,nan,nan,nan,nan,nan,nan,nan,nan,nan,nan,nan,nan,nan,nan,nan,nan,nan,nan,nan,nan,nan,nan,nan,nan,nan,nan,nan,nan,nan,nan,nan,nan,nan,nan,nan,nan,nan,nan
44.980,TRACKING,36.449692,0.802923,36.435907,0.600000,-0.158164,-2.425813,0.000000,78.631708,-82.269431,29.400000,5.010345,10.825000,0.000000,0.000000,0.000000,65.162969,79.434631,-45.833523,30.000000,4.852181,8.399187,0.000000,0.000000,0.000000,59.985127,79.434631,-45.833523,29.400000,3.995472,6.830132,0.000000,0.000000,0.000000,0.000000,0.802923,36.435907,0.600000,36.449692,-0.158164,-2.425813,0.000000,2.430964,nan,nan,nan,0,nan,nan,nan,0,nan,nan,nan,nan,nan,nan,nan,nan,nan,nan,nan,nan,nan,nan,nan,nan,nan,nan,nan,nan,nan,nan,nan,nan,nan,nan,nan,nan,nan,nan,nan,nan,nan,nan,nan,nan,nan,nan,nan,nan,nan,nan,nan,nan,nan,nan,nan,nan,nan,nan,nan,nan,nan,nan,nan,nan,nan,nan,nan,nan,nan,nan,nan,nan,nan,nan,nan,nan,nan,nan,nan,nan,nan,nan,nan,nan,nan,nan,nan,nan
45.040,TRACKING,36.323488,0.795035,36.309829,0.600000,-0.157773,-2.521571,0.000000,78.879657,-81.721931,29.400000,4.958980,10.950000,0.000000,0.000000,0.000000,65.635423,79.674691,-45.412102,30.000000,4.801207,8.428429,0.000000,0.000000,0.000000,60.332242,79.674691,-45.412102,29.400000,3.953447,6.850419,0.000000,0.000000,0.000000,0.000000,0.795035,36.309829,0.600000,36.323488,-0.157773,-2.521571,0.000000,2.526502,nan,nan,nan,0,nan,nan,nan,0,nan,nan,nan,nan,nan,nan,nan,nan,nan,nan,nan,nan,nan,nan,nan,nan,nan,nan,nan,nan,nan,nan,nan,nan,nan,nan,nan,nan,nan,nan,nan,nan,nan,nan,nan,nan,nan,nan,nan,nan,nan,nan,nan,nan,nan,nan,nan,nan,nan,nan,nan,nan,nan,nan,nan,nan,nan,nan,nan,nan,nan,nan,nan,nan,nan,nan,nan,nan,nan,nan,nan,nan,nan,nan,nan,nan,nan,nan,nan,nan
45.080,TRACKING,36.192483,0.787163,36.178947,0.600000,-0.157432,-2.617639,0.000000,79.125031,-81.168181,29.400000,4.907489,11.075000,0.000000,0.000000,0.000000,66.101192,79.912194,-44.989234,30.000000,4.750057,8.457361,0.000000,0.000000,0.000000,60.679359,79.912194,-44.989234,29.400000,3.911275,6.870438,0.000000,0.000000,0.000000,0.000000,0.787163,36.178947,0.600000,36.192483,-0.157432,-2.617639,0.000000,2.622369,nan,nan,nan,0,nan,nan,nan,0,nan,nan,nan,nan,nan,nan,nan,nan,nan,nan,nan,nan,nan,nan,nan,nan,nan,nan,nan,nan,nan,nan,nan,nan,nan,nan,nan,nan,nan,nan,nan,nan,nan,nan,nan,nan,nan,nan,nan,nan,nan,nan,nan,nan,nan,nan,nan,nan,nan,nan,nan,nan,nan,nan,nan,nan,nan,nan,nan,nan,nan,nan,nan,nan,nan,nan,nan,nan,nan,nan,nan,nan,nan,nan,nan,nan,nan,nan,nan,nan
45.140,TRACKING,36.056662,0.779306,36.043246,0.600000,-0.157139,-2.714017,0.000000,79.367825,-80.608181,29.400000,4.855871,11.200000,0.000000,0.000000,0.000000,66.560379,80.147131,-44.564935,30.000000,4.698732,8.485983,0.000000,0.000000,0.000000,61.026477,80.147131,-44.564935,29.400000,3.868958,6.890188,0.000000,0.000000,0.000000,0.000000,0.779306,36.043246,0.600000,36.056662,-0.157139,-2.714017,0.000000,2.718562,nan,nan,nan,0,nan,nan,nan,0,nan,nan,nan,nan,nan,nan,nan,nan,nan,nan,nan,nan,nan,nan,nan,nan,nan,nan,nan,nan,nan,nan,nan,nan,nan,nan,nan,nan,nan,nan,nan,nan,nan,nan,nan,nan,nan,nan,nan,nan,nan,nan,nan,nan,nan,nan,nan,nan,nan,nan,nan,nan,nan,nan,nan,nan,nan,nan,nan,nan,nan,nan,nan,nan,nan,nan,nan,nan,nan,nan,nan,nan,nan,nan,nan,nan,nan,nan,nan,nan
45.180,TRACKING,35.916010,0.771462,35.902711,0.600000,-0.156890,-2.810706,0.000000,79.608031,-80.041931,29.400000,4.804125,11.325000,0.000000,0.000000,0.000000,67.013086,80.379493,-44.139220,30.000000,4.647235,8.514294,0.000000,0.000000,0.000000,61.373595,80.379493,-44.139220,29.400000,3.826496,6.909670,0.000000,0.000000,0.000000,0.000000,0.771462,35.902711,0.600000,35.916010,-0.156890,-2.810706,0.000000,2.815081,nan,nan,nan,0,nan,nan,nan,0,nan,nan,nan,nan,nan,nan,nan,nan,nan,nan,nan,nan,nan,nan,nan,nan,nan,nan,nan,nan,nan,nan,nan,nan,nan,nan,nan,nan,nan,nan,nan,nan,nan,nan,nan,nan,nan,nan,nan,nan,nan,nan,nan,nan,nan,nan,nan,nan,nan,nan,nan,nan,nan,nan,nan,nan,nan,nan,nan,nan,nan,nan,nan,nan,nan,nan,nan,nan,nan,nan,nan,nan,nan,nan,nan,nan,nan,nan,nan,nan
45.240,TRACKING,35.770511,0.763627,35.757325,0.600000,-0.156682,-2.907708,0.000000,79.845644,-79.469431,29.400000,4.752250,11.450000,0.000000,0.000000,0.000000,67.459417,80.609271,-43.712105,30.000000,4.595568,8.542292,0.000000,0.000000,0.000000,61.720714,80.609271,-43.712105,29.400000,3.783892,6.928881,0.000000,0.000000,0.000000,0.000000,0.763627,35.757325,0.600000,35.770511,-0.156682,-2.907708,0.000000,2.911926,nan,nan,nan,0,nan,nan,nan,0,nan,nan,nan,nan,nan,nan,nan,nan,nan,nan,nan,nan,nan,nan,nan,nan,nan,nan,nan,nan,nan,nan,nan,nan,nan,nan,nan,nan,nan,nan,nan,nan,nan,nan,nan,nan,nan,nan,nan,nan,nan,nan,nan,nan,nan,nan,nan,nan,nan,nan,nan,nan,nan,nan,nan,nan,nan,nan,nan,nan,nan,nan,nan,nan,nan,nan,nan,nan,nan,nan,nan,nan,nan,nan,nan,nan,nan,nan,nan,nan
45.280,TRACKING,35.620148,0.755802,35.607074,0.600000,-0.156513,-3.005023,0.000000,80.080656,-78.890681,29.400000,4.700245,11.575000,0.000000,0.000000,0.000000,67.899471,80.836458,-43.283607,30.000000,4.543731,8.569977,0.000000,0.000000,0.000000,62.067834,80.836458,-43.283607,29.400000,3.741147,6.947821,0.000000,0.000000,0.000000,0.000000,0.755802,35.607074,0.600000,35.620148,-0.156513,-3.005023,0.000000,3.009096,nan,nan,nan,0,nan,nan,nan,0,nan,nan,nan,nan,nan,nan,nan,nan,nan,nan,nan,nan,nan,nan,nan,nan,nan,nan,nan,nan,nan,nan,nan,nan,nan,nan,nan,nan,nan,nan,nan,nan,nan,nan,nan,nan,nan,nan,nan,nan,nan,nan,nan,nan,nan,nan,nan,nan,nan,nan,nan,nan,nan,nan,nan,nan,nan,nan,nan,nan,nan,nan,nan,nan,nan,nan,nan,nan,nan,nan,nan,nan,nan,nan,nan,nan,nan,nan,nan,nan
45.340,TRACKING,35.464907,0.747983,35.451942,0.600000,-0.156381,-3.102653,0.000000,80.313061,-78.305681,29.400000,4.648109,11.700000,0.000000,0.000000,0.000000,68.333349,81.061044,-42.853739,30.000000,4.491728,8.597347,0.000000,0.000000,0.000000,62.414954,81.061044,-42.853739,29.400000,3.698263,6.966490,0.000000,0.000000,0.000000,0.000000,0.747983,35.451942,0.600000,35.464907,-0.156381,-3.102653,0.000000,3.106591,nan,nan,nan,0,nan,nan,nan,0,nan,nan,nan,nan,nan,nan,nan,nan,nan,nan,nan,nan,nan,nan,nan,nan,nan,nan,nan,nan,nan,nan,nan,nan,nan,nan,nan,nan,nan,nan,nan,nan,nan,nan,nan,nan,nan,nan,nan,nan,nan,nan,nan,nan,nan,nan,nan,nan,nan,nan,nan,nan,nan,nan,nan,nan,nan,nan,nan,nan,nan,nan,nan,nan,nan,nan,nan,nan,nan,nan,nan,nan,nan,nan,nan,nan,nan,nan,nan,nan
45.380,TRACKING,35.306021,0.740169,35.293162,0.600000,-0.156282,-3.175598,0.000000,80.542853,-77.715681,29.400000,4.595842,11.800000,0.000000,0.000000,0.000000,68.720175,81.283022,-42.422519,30.000000,4.439559,8.624402,0.000000,0.000000,0.000000,62.762075,81.283022,-42.422519,29.400000,3.655241,6.985885,0.000000,0.000000,0.000000,0.000000,0.740169,35.293162,0.600000,35.306021,-0.156282,-3.175598,0.000000,3.179441,nan,nan,nan,0,nan,nan,nan,0,nan,nan,nan,nan,nan,nan,nan,nan,nan,nan,nan,nan,nan,nan,nan,nan,nan,nan,nan,nan,nan,nan,nan,nan,nan,nan,nan,nan,nan,nan,nan,nan,nan,nan,nan,nan,nan,nan,nan,nan,nan,nan,nan,nan,nan,nan,nan,nan,nan,nan,nan,nan,nan,nan,nan,nan,nan,nan,nan,nan,nan,nan,nan,nan,nan,nan,nan,nan,nan,nan,nan,nan,nan,nan,nan,nan,nan,nan,nan,nan
45.440,TRACKING,35.148472,0.732358,35.135719,0.600000,-0.156215,-3.148860,0.000000,80.770026,-77.125681,29.400000,4.543443,11.800000,0.000000,0.000000,0.000000,68.941419,81.502383,-41.989962,30.000000,4.387228,8.651140,0.000000,0.000000,0.000000,63.109197,81.502383,-41.989962,29.400000,3.612084,7.009007,0.000000,0.000000,0.000000,0.000000,0.732358,35.135719,0.600000,35.148472,-0.156215,-3.148860,0.000000,3.152732,nan,nan,nan,0,nan,nan,nan,0,nan,nan,nan,nan,nan,nan,nan,nan,nan,nan,nan,nan,nan,nan,nan,nan,nan,nan,nan,nan,nan,nan,nan,nan,nan,nan,nan,nan,nan,nan,nan,nan,nan,nan,nan,nan,nan,nan,nan,nan,nan,nan,nan,nan,nan,nan,nan,nan,nan,nan,nan,nan,nan,nan,nan,nan,nan,nan,nan,nan,nan,nan,nan,nan,nan,nan,nan,nan,nan,nan,nan,nan,nan,nan,nan,nan,nan,nan,nan,nan
45.480,TRACKING,34.992244,0.724549,34.979597,0.600000,-0.156178,-3.122439,0.000000,80.994571,-76.535681,29.400000,4.490913,11.800000,0.000000,0.000000,0.000000,69.163882,81.719120,-41.556084,30.000000,4.334736,8.677561,0.000000,0.000000,0.000000,63.456319,81.719120,-41.556084,29.400000,3.568793,7.031854,0.000000,0.000000,0.000000,0.000000,0.724549,34.979597,0.600000,34.992244,-0.156178,-3.122439,0.000000,3.126342,nan,nan,nan,0,nan,nan,nan,0,nan,nan,nan,nan,nan,nan,nan,nan,nan,nan,nan,nan,nan,nan,nan,nan,nan,nan,nan,nan,nan,nan,nan,nan,nan,nan,nan,nan,nan,nan,nan,nan,nan,nan,nan,nan,nan,nan,nan,nan,nan,nan,nan,nan,nan,nan,nan,nan,nan,nan,nan,nan,nan,nan,nan,nan,nan,nan,nan,nan,nan,nan,nan,nan,nan,nan,nan,nan,nan,nan,nan,nan,nan,nan,nan,nan,nan,nan,nan,nan
45.540,TRACKING,34.837322,0.716741,34.824780,0.600000,-0.156167,-3.096337,0.000000,81.216484,-75.945681,29.400000,4.438251,11.800000,0.000000,0.000000,0.000000,69.387566,81.933224,-41.120901,30.000000,4.282084,8.703663,0.000000,0.000000,0.000000,63.803443,81.933224,-41.120901,29.400000,3.525369,7.054426,0.000000,0.000000,0.000000,0.000000,0.716741,34.824780,0.600000,34.837322,-0.156167,-3.096337,0.000000,3.100272,nan,nan,nan,0,nan,nan,nan,0,nan,nan,nan,nan,nan,nan,nan,nan,nan,nan,nan,nan,nan,nan,nan,nan,nan,nan,nan,nan,nan,nan,nan,nan,nan,nan,nan,nan,nan,nan,nan,nan,nan,nan,nan,nan,nan,nan,nan,nan,nan,nan,nan,nan,nan,nan,nan,nan,nan,nan,nan,nan,nan,nan,nan,nan,nan,nan,nan,nan,nan,nan,nan,nan,nan,nan,nan,nan,nan,nan,nan,nan,nan,nan,nan,nan,nan,nan,nan,nan
45.580,TRACKING,34.683689,0.708931,34.671252,0.600000,-0.156183,-3.070554,0.000000,81.435757,-75.355681,29.400000,4.385458,11.800000,0.000000,0.000000,0.000000,69.612470,82.144688,-40.684429,30.000000,4.229275,8.729446,0.000000,0.000000,0.000000,64.150566,82.144688,-40.684429,29.400000,3.481814,7.076721,0.000000,0.000000,0.000000,0.000000,0.708931,34.671252,0.600000,34.683689,-0.156183,-3.070554,0.000000,3.074523,nan,nan,nan,0,nan,nan,nan,0,nan,nan,nan,nan,nan,nan,nan,nan,nan,nan,nan,nan,nan,nan,nan,nan,nan,nan,nan,nan,nan,nan,nan,nan,nan,nan,nan,nan,nan,nan,nan,nan,nan,nan,nan,nan,nan,nan,nan,nan,nan,nan,nan,nan,nan,nan,nan,nan,nan,nan,nan,nan,nan,nan,nan,nan,nan,nan,nan,nan,nan,nan,nan,nan,nan,nan,nan,nan,nan,nan,nan,nan,nan,nan,nan,nan,nan,nan,nan,nan
45.640,TRACKING,34.531330,0.701120,34.518998,0.600000,-0.156222,-3.045091,0.000000,81.652383,-74.765681,29.400000,4.332532,11.800000,0.000000,0.000000,0.000000,69.838595,82.353504,-40.246683,30.000000,4.176311,8.754909,0.000000,0.000000,0.000000,64.497691,82.353504,-40.246683,29.400000,3.438131,7.098740,0.000000,0.000000,0.000000,0.000000,0.701120,34.518998,0.600000,34.531330,-0.156222,-3.045091,0.000000,3.049096,nan,nan,nan,0,nan,nan,nan,0,nan,nan,nan,nan,nan,nan,nan,nan,nan,nan,nan,nan,nan,nan,nan,nan,nan,nan,nan,nan,nan,nan,nan,nan,nan,nan,nan,nan,nan,nan,nan,nan,nan,nan,nan,nan,nan,nan,nan,nan,nan,nan,nan,nan,nan,nan,nan,nan,nan,nan,nan,nan,nan,nan,nan,nan,nan,nan,nan,nan,nan,nan,nan,nan,nan,nan,nan,nan,nan,nan,nan,nan,nan,nan,nan,nan,nan,nan,nan,nan
45.680,TRACKING,34.380228,0.693306,34.368000,0.600000,-0.156283,-3.019950,0.000000,81.866357,-74.175681,29.400000,4.279475,11.800000,0.000000,0.000000,0.000000,70.065942,82.559663,-39.807681,30.000000,4.123193,8.780050,0.000000,0.000000,0.000000,64.844816,82.559663,-39.807681,29.400000,3.394320,7.120481,0.000000,0.000000,0.000000,0.000000,0.693306,34.368000,0.600000,34.380228,-0.156283,-3.019950,0.000000,3.023991,nan,nan,nan,0,nan,nan,nan,0,nan,nan,nan,nan,nan,nan,nan,nan,nan,nan,nan,nan,nan,nan,nan,nan,nan,nan,nan,nan,nan,nan,nan,nan,nan,nan,nan,nan,nan,nan,nan,nan,nan,nan,nan,nan,nan,nan,nan,nan,nan,nan,nan,nan,nan,nan,nan,nan,nan,nan,nan,nan,nan,nan,nan,nan,nan,nan,nan,nan,nan,nan,nan,nan,nan,nan,nan,nan,nan,nan,nan,nan,nan,nan,nan,nan,nan,nan,nan,nan
45.740,TRACKING,34.230368,0.685488,34.218244,0.600000,-0.156364,-2.995131,0.000000,82.077671,-73.585681,29.400000,4.226288,11.800000,0.000000,0.000000,0.000000,70.294509,82.763159,-39.367437,30.000000,4.069924,8.804869,0.000000,0.000000,0.000000,65.191941,82.763159,-39.367437,29.400000,3.350384,7.141943,0.000000,0.000000,0.000000,0.000000,0.685488,34.218244,0.600000,34.230368,-0.156364,-2.995131,0.000000,2.999210,nan,nan,nan,0,nan,nan,nan,0,nan,nan,nan,nan,nan,nan,nan,nan,nan,nan,nan,nan,nan,nan,nan,nan,nan,nan,nan,nan,nan,nan,nan,nan,nan,nan,nan,nan,nan,nan,nan,nan,nan,nan,nan,nan,nan,nan,nan,nan,nan,nan,nan,nan,nan,nan,nan,nan,nan,nan,nan,nan,nan,nan,nan,nan,nan,nan,nan,nan,nan,nan,nan,nan,nan,nan,nan,nan,nan,nan,nan,nan,nan,nan,nan,nan,nan,nan,nan,nan
45.780,TRACKING,34.081733,0.677665,34.069712,0.600000,-0.156464,-2.970635,0.000000,82.286320,-72.995681,29.400000,4.172969,11.800000,0.000000,0.000000,0.000000,70.524294,82.963985,-38.925969,30.000000,4.016505,8.829365,0.000000,0.000000,0.000000,65.539067,82.963985,-38.925969,29.400000,3.306323,7.163125,0.000000,0.000000,0.000000,0.000000,0.677665,34.069712,0.600000,34.081733,-0.156464,-2.970635,0.000000,2.974753,nan,nan,nan,0,nan,nan,nan,0,nan,nan,nan,nan,nan,nan,nan,nan,nan,nan,nan,nan,nan,nan,nan,nan,nan,nan,nan,nan,nan,nan,nan,nan,nan,nan,nan,nan,nan,nan,nan,nan,nan,nan,nan,nan,nan,nan,nan,nan,nan,nan,nan,nan,nan,nan,nan,nan,nan,nan,nan,nan,nan,nan,nan,nan,nan,nan,nan,nan,nan,nan,nan,nan,nan,nan,nan,nan,nan,nan,nan,nan,nan,nan,nan,nan,nan,nan,nan,nan
45.840,TRACKING,33.934306,0.669836,33.922389,0.600000,-0.156582,-2.946463,0.000000,82.492296,-72.405681,29.400000,4.119521,11.800000,0.000000,0.000000,0.000000,70.755296,83.162132,-38.483292,30.000000,3.962939,8.853537,0.000000,0.000000,0.000000,65.886194,83.162132,-38.483292,29.400000,3.262140,7.184028,0.000000,0.000000,0.000000,0.000000,0.669836,33.922389,0.600000,33.934306,-0.156582,-2.946463,0.000000,2.950621,nan,nan,nan,0,nan,nan,nan,0,nan,nan,nan,nan,nan,nan,nan,nan,nan,nan,nan,nan,nan,nan,nan,nan,nan,nan,nan,nan,nan,nan,nan,nan,nan,nan,nan,nan,nan,nan,nan,nan,nan,nan,nan,nan,nan,nan,nan,nan,nan,nan,nan,nan,nan,nan,nan,nan,nan,nan,nan,nan,nan,nan,nan,nan,nan,nan,nan,nan,nan,nan,nan,nan,nan,nan,nan,nan,nan,nan,nan,nan,nan,nan,nan,nan,nan,nan,nan,nan
45.880,TRACKING,33.788072,0.662000,33.776258,0.600000,-0.156716,-2.922616,0.000000,82.695593,-71.815681,29.400000,4.065943,11.800000,0.000000,0.000000,0.000000,70.987512,83.357593,-38.039423,30.000000,3.909227,8.877384,0.000000,0.000000,0.000000,66.233321,83.357593,-38.039423,29.400000,3.217836,7.204649,0.000000,0.000000,0.000000,0.000000,0.662000,33.776258,0.600000,33.788072,-0.156716,-2.922616,0.000000,2.926815,nan,nan,nan,0,nan,nan,nan,0,nan,nan,nan,nan,nan,nan,nan,nan,nan,nan,nan,nan,nan,nan,nan,nan,nan,nan,nan,nan,nan,nan,nan,nan,nan,nan,nan,nan,nan,nan,nan,nan,nan,nan,nan,nan,nan,nan,nan,nan,nan,nan,nan,nan,nan,nan,nan,nan,nan,nan,nan,nan,nan,nan,nan,nan,nan,nan,nan,nan,nan,nan,nan,nan,nan,nan,nan,nan,nan,nan,nan,nan,nan,nan,nan,nan,nan,nan,nan,nan
45.940,TRACKING,33.643015,0.654157,33.631303,0.600000,-0.156864,-2.899095,0.000000,82.896205,-71.225681,29.400000,4.012236,11.800000,0.000000,0.000000,0.000000,71.220938,83.550362,-37.594378,30.000000,3.855372,8.900905,0.000000,0.000000,0.000000,66.580448,83.550362,-37.594378,29.400000,3.173414,7.224989,0.000000,0.000000,0.000000,0.000000,0.654157,33.631303,0.600000,33.643015,-0.156864,-2.899095,0.000000,2.903336,nan,nan,nan,0,nan,nan,nan,0,nan,nan,nan,nan,nan,nan,nan,nan,nan,nan,nan,nan,nan,nan,nan,nan,nan,nan,nan,nan,nan,nan,nan,nan,nan,nan,nan,nan,nan,nan,nan,nan,nan,nan,nan,nan,nan,nan,nan,nan,nan,nan,nan,nan,nan,nan,nan,nan,nan,nan,nan,nan,nan,nan,nan,nan,nan,nan,nan,nan,nan,nan,nan,nan,nan,nan,nan,nan,nan,nan,nan,nan,nan,nan,nan,nan,nan,nan,nan,nan
45.980,TRACKING,33.499118,0.646305,33.487508,0.600000,-0.157027,-2.875901,0.000000,83.094125,-70.635681,29.400000,3.958402,11.800000,0.000000,0.000000,0.000000,71.455571,83.740430,-37.148173,30.000000,3.801375,8.924099,0.000000,0.000000,0.000000,66.927576,83.740430,-37.148173,29.400000,3.128874,7.245046,0.000000,0.000000,0.000000,0.000000,0.646305,33.487508,0.600000,33.499118,-0.157027,-2.875901,0.000000,2.880185,nan,nan,nan,0,nan,nan,nan,0,nan,nan,nan,nan,nan,nan,nan,nan,nan,nan,nan,nan,nan,nan,nan,nan,nan,nan,nan,nan,nan,nan,nan,nan,nan,nan,nan,nan,nan,nan,nan,nan,nan,nan,nan,nan,nan,nan,nan,nan,nan,nan,nan,nan,nan,nan,nan,nan,nan,nan,nan,nan,nan,nan,nan,nan,nan,nan,nan,nan,nan,nan,nan,nan,nan,nan,nan,nan,nan,nan,nan,nan,nan,nan,nan,nan,nan,nan,nan,nan
46.040,TRACKING,33.356365,0.638445,33.344856,0.600000,-0.157201,-2.853034,0.000000,83.289347,-70.045681,29.400000,3.904440,11.800000,0.000000,0.000000,0.000000,71.691407,83.927792,-36.700824,30.000000,3.747239,8.946966,0.000000,0.000000,0.000000,67.274705,83.927792,-36.700824,29.400000,3.084218,7.264820,0.000000,0.000000,0.000000,0.000000,0.638445,33.344856,0.600000,33.356365,-0.157201,-2.853034,0.000000,2.857362,nan,nan,nan,0,nan,nan,nan,0,nan,nan,nan,nan,nan,nan,nan,nan,nan,nan,nan,nan,nan,nan,nan,nan,nan,nan,nan,nan,nan,nan,nan,nan,nan,nan,nan,nan,nan,nan,nan,nan,nan,nan,nan,nan,nan,nan,nan,nan,nan,nan,nan,nan,nan,nan,nan,nan,nan,nan,nan,nan,nan,nan,nan,nan,nan,nan,nan,nan,nan,nan,nan,nan,nan,nan,nan,nan,nan,nan,nan,nan,nan,nan,nan,nan,nan,nan,nan,nan
46.080,TRACKING,33.214739,0.630576,33.203332,0.600000,-0.157388,-2.830496,0.000000,83.481865,-69.455681,29.400000,3.850353,11.800000,0.000000,0.000000,0.000000,71.928440,84.112441,-36.252349,30.000000,3.692965,8.969504,0.000000,0.000000,0.000000,67.621834,84.112441,-36.252349,29.400000,3.039449,7.284310,0.000000,0.000000,0.000000,0.000000,0.630576,33.203332,0.600000,33.214739,-0.157388,-2.830496,0.000000,2.834868,nan,nan,nan,0,nan,nan,nan,0,nan,nan,nan,nan,nan,nan,nan,nan,nan,nan,nan,nan,nan,nan,nan,nan,nan,nan,nan,nan,nan,nan,nan,nan,nan,nan,nan,nan,nan,nan,nan,nan,nan,nan,nan,nan,nan,nan,nan,nan,nan,nan,nan,nan,nan,nan,nan,nan,nan,nan,nan,nan,nan,nan,nan,nan,nan,nan,nan,nan,nan,nan,nan,nan,nan,nan,nan,nan,nan,nan,nan,nan,nan,nan,nan,nan,nan,nan,nan,nan
46.140,TRACKING,33.074223,0.622697,33.062917,0.600000,-0.157585,-2.808286,0.000000,83.671672,-68.865681,29.400000,3.796140,11.800000,0.000000,0.000000,0.000000,72.166665,84.294368,-35.802763,30.000000,3.638555,8.991714,0.000000,0.000000,0.000000,67.968963,84.294368,-35.802763,29.400000,2.994567,7.303515,0.000000,0.000000,0.000000,0.000000,0.622697,33.062917,0.600000,33.074223,-0.157585,-2.808286,0.000000,2.812704,nan,nan,nan,0,nan,nan,nan,0,nan,nan,nan,nan,nan,nan,nan,nan,nan,nan,nan,nan,nan,nan,nan,nan,nan,nan,nan,nan,nan,nan,nan,nan,nan,nan,nan,nan,nan,nan,nan,nan,nan,nan,nan,nan,nan,nan,nan,nan,nan,nan,nan,nan,nan,nan,nan,nan,nan,nan,nan,nan,nan,nan,nan,nan,nan,nan,nan,nan,nan,nan,nan,nan,nan,nan,nan,nan,nan,nan,nan,nan,nan,nan,nan,nan,nan,nan,nan,nan
46.180,TRACKING,32.934803,0.614807,32.923597,0.600000,-0.157791,-2.786407,0.000000,83.858762,-68.275681,29.400000,3.741803,11.800000,0.000000,0.000000,0.000000,72.406077,84.473569,-35.352084,30.000000,3.584012,9.013593,0.000000,0.000000,0.000000,68.316093,84.473569,-35.352084,29.400000,2.949575,7.322435,0.000000,0.000000,0.000000,0.000000,0.614807,32.923597,0.600000,32.934803,-0.157791,-2.786407,0.000000,2.790871,nan,nan,nan,0,nan,nan,nan,0,nan,nan,nan,nan,nan,nan,nan,nan,nan,nan,nan,nan,nan,nan,nan,nan,nan,nan,nan,nan,nan,nan,nan,nan,nan,nan,nan,nan,nan,nan,nan,nan,nan,nan,nan,nan,nan,nan,nan,nan,nan,nan,nan,nan,nan,nan,nan,nan,nan,nan,nan,nan,nan,nan,nan,nan,nan,nan,nan,nan,nan,nan,nan,nan,nan,nan,nan,nan,nan,nan,nan,nan,nan,nan,nan,nan,nan,nan,nan,nan
46.240,TRACKING,32.796460,0.606907,32.785354,0.600000,-0.158006,-2.764859,0.000000,84.043129,-67.685681,29.400000,3.687343,11.800000,0.000000,0.000000,0.000000,72.646669,84.650036,-34.900327,30.000000,3.529337,9.035141,0.000000,0.000000,0.000000,68.663223,84.650036,-34.900327,29.400000,2.904473,7.341069,0.000000,0.000000,0.000000,0.000000,0.606907,32.785354,0.600000,32.796460,-0.158006,-2.764859,0.000000,2.769370,nan,nan,nan,0,nan,nan,nan,0,nan,nan,nan,nan,nan,nan,nan,nan,nan,nan,nan,nan,nan,nan,nan,nan,nan,nan,nan,nan,nan,nan,nan,nan,nan,nan,nan,nan,nan,nan,nan,nan,nan,nan,nan,nan,nan,nan,nan,nan,nan,nan,nan,nan,nan,nan,nan,nan,nan,nan,nan,nan,nan,nan,nan,nan,nan,nan,nan,nan,nan,nan,nan,nan,nan,nan,nan,nan,nan,nan,nan,nan,nan,nan,nan,nan,nan,nan,nan,nan
46.280,TRACKING,32.659178,0.598995,32.648172,0.600000,-0.158229,-2.743642,0.000000,84.224767,-67.095681,29.400000,3.632761,11.800000,0.000000,0.000000,0.000000,72.888435,84.823762,-34.447509,30.000000,3.474533,9.056358,0.000000,0.000000,0.000000,69.010354,84.823762,-34.447509,29.400000,2.859265,7.359416,0.000000,0.000000,0.000000,0.000000,0.598995,32.648172,0.600000,32.659178,-0.158229,-2.743642,0.000000,2.748201,nan,nan,nan,0,nan,nan,nan,0,nan,nan,nan,nan,nan,nan,nan,nan,nan,nan,nan,nan,nan,nan,nan,nan,nan,nan,nan,nan,nan,nan,nan,nan,nan,nan,nan,nan,nan,nan,nan,nan,nan,nan,nan,nan,nan,nan,nan,nan,nan,nan,nan,nan,nan,nan,nan,nan,nan,nan,nan,nan,nan,nan,nan,nan,nan,nan,nan,nan,nan,nan,nan,nan,nan,nan,nan,nan,nan,nan,nan,nan,nan,nan,nan,nan,nan,nan,nan,nan
46.340,TRACKING,32.522942,0.591073,32.512034,0.600000,-0.158459,-2.722757,0.000000,84.403670,-66.505681,29.400000,3.578059,11.800000,0.000000,0.000000,0.000000,73.131366,84.994742,-33.993647,30.000000,3.419600,9.077243,0.000000,0.000000,0.000000,69.357485,84.994742,-33.993647,29.400000,2.813951,7.377475,0.000000,0.000000,0.000000,0.000000,0.591073,32.512034,0.600000,32.522942,-0.158459,-2.722757,0.000000,2.727365,nan,nan,nan,0,nan,nan,nan,0,nan,nan,nan,nan,nan,nan,nan,nan,nan,nan,nan,nan,nan,nan,nan,nan,nan,nan,nan,nan,nan,nan,nan,nan,nan,nan,nan,nan,nan,nan,nan,nan,nan,nan,nan,nan,nan,nan,nan,nan,nan,nan,nan,nan,nan,nan,nan,nan,nan,nan,nan,nan,nan,nan,nan,nan,nan,nan,nan,nan,nan,nan,nan,nan,nan,nan,nan,nan,nan,nan,nan,nan,nan,nan,nan,nan,nan,nan,nan,nan
46.380,TRACKING,32.387733,0.583138,32.376924,0.600000,-0.158695,-2.702206,0.000000,84.579832,-65.915681,29.400000,3.523238,11.800000,0.000000,0.000000,0.000000,73.375455,85.162970,-33.538757,30.000000,3.364543,9.097794,0.000000,0.000000,0.000000,69.704617,85.162970,-33.538757,29.400000,2.768533,7.395247,0.000000,0.000000,0.000000,0.000000,0.583138,32.376924,0.600000,32.387733,-0.158695,-2.702206,0.000000,2.706862,nan,nan,nan,0,nan,nan,nan,0,nan,nan,nan,nan,nan,nan,nan,nan,nan,nan,nan,nan,nan,nan,nan,nan,nan,nan,nan,nan,nan,nan,nan,nan,nan,nan,nan,nan,nan,nan,nan,nan,nan,nan,nan,nan,nan,nan,nan,nan,nan,nan,nan,nan,nan,nan,nan,nan,nan,nan,nan,nan,nan,nan,nan,nan,nan,nan,nan,nan,nan,nan,nan,nan,nan,nan,nan,nan,nan,nan,nan,nan,nan,nan,nan,nan,nan,nan,nan,nan
46.440,TRACKING,32.253536,0.575191,32.242824,0.600000,-0.158937,-2.681989,0.000000,84.753247,-65.325681,29.400000,3.468298,11.800000,0.000000,0.000000,0.000000,73.620695,85.328438,-33.082856,30.000000,3.309362,9.118011,0.000000,0.000000,0.000000,70.051748,85.328438,-33.082856,29.400000,2.723013,7.412730,0.000000,0.000000,0.000000,0.000000,0.575191,32.242824,0.600000,32.253536,-0.158937,-2.681989,0.000000,2.686694,nan,nan,nan,0,nan,nan,nan,0,nan,nan,nan,nan,nan,nan,nan,nan,nan,nan,nan,nan,nan,nan,nan,nan,nan,nan,nan,nan,nan,nan,nan,nan,nan,nan,nan,nan,nan,nan,nan,nan,nan,nan,nan,nan,nan,nan,nan,nan,nan,nan,nan,nan,nan,nan,nan,nan,nan,nan,nan,nan,nan,nan,nan,nan,nan,nan,nan,nan,nan,nan,nan,nan,nan,nan,nan,nan,nan,nan,nan,nan,nan,nan,nan,nan,nan,nan,nan,nan
46.480,TRACKING,32.120333,0.567232,32.109719,0.600000,-0.159183,-2.662106,0.000000,84.923909,-64.735681,29.400000,3.413242,11.800000,0.000000,0.000000,0.000000,73.867075,85.491141,-32.625962,30.000000,3.254059,9.137894,0.000000,0.000000,0.000000,70.398881,85.491141,-32.625962,29.400000,2.677392,7.429923,0.000000,0.000000,0.000000,0.000000,0.567232,32.109719,0.600000,32.120333,-0.159183,-2.662106,0.000000,2.666861,nan,nan,nan,0,nan,nan,nan,0,nan,nan,nan,nan,nan,nan,nan,nan,nan,nan,nan,nan,nan,nan,nan,nan,nan,nan,nan,nan,nan,nan,nan,nan,nan,nan,nan,nan,nan,nan,nan,nan,nan,nan,nan,nan,nan,nan,nan,nan,nan,nan,nan,nan,nan,nan,nan,nan,nan,nan,nan,nan,nan,nan,nan,nan,nan,nan,nan,nan,nan,nan,nan,nan,nan,nan,nan,nan,nan,nan,nan,nan,nan,nan,nan,nan,nan,nan,nan,nan
46.540,TRACKING,31.988109,0.559260,31.977591,0.600000,-0.159434,-2.642559,0.000000,85.091812,-64.145681,29.400000,3.358071,11.800000,0.000000,0.000000,0.000000,74.114588,85.651072,-32.168090,30.000000,3.198636,9.157441,0.000000,0.000000,0.000000,70.746013,85.651072,-32.168090,29.400000,2.631673,7.446826,0.000000,0.000000,0.000000,0.000000,0.559260,31.977591,0.600000,31.988109,-0.159434,-2.642559,0.000000,2.647364,nan,nan,nan,0,nan,nan,nan,0,nan,nan,nan,nan,nan,nan,nan,nan,nan,nan,nan,nan,nan,nan,nan,nan,nan,nan,nan,nan,nan,nan,nan,nan,nan,nan,nan,nan,nan,nan,nan,nan,nan,nan,nan,nan,nan,nan,nan,nan,nan,nan,nan,nan,nan,nan,nan,nan,nan,nan,nan,nan,nan,nan,nan,nan,nan,nan,nan,nan,nan,nan,nan,nan,nan,nan,nan,nan,nan,nan,nan,nan,nan,nan,nan,nan,nan,nan,nan,nan
46.580,TRACKING,31.856845,0.551276,31.846424,0.600000,-0.159689,-2.623348,0.000000,85.256952,-63.555681,29.400000,3.302785,11.800000,0.000000,0.000000,0.000000,74.363222,85.808227,-31.709257,30.000000,3.143097,9.176652,0.000000,0.000000,0.000000,71.093146,85.808227,-31.709257,29.400000,2.585857,7.463439,0.000000,0.000000,0.000000,0.000000,0.551276,31.846424,0.600000,31.856845,-0.159689,-2.623348,0.000000,2.628204,nan,nan,nan,0,nan,nan,nan,0,nan,nan,nan,nan,nan,nan,nan,nan,nan,nan,nan,nan,nan,nan,nan,nan,nan,nan,nan,nan,nan,nan,nan,nan,nan,nan,nan,nan,nan,nan,nan,nan,nan,nan,nan,nan,nan,nan,nan,nan,nan,nan,nan,nan,nan,nan,nan,nan,nan,nan,nan,nan,nan,nan,nan,nan,nan,nan,nan,nan,nan,nan,nan,nan,nan,nan,nan,nan,nan,nan,nan,nan,nan,nan,nan,nan,nan,nan,nan,nan
46.640,TRACKING,31.726527,0.543278,31.716200,0.600000,-0.159946,-2.604474,0.000000,85.419321,-62.965681,29.400000,3.247388,11.800000,0.000000,0.000000,0.000000,74.612970,85.962599,-31.249481,30.000000,3.087442,9.195526,0.000000,0.000000,0.000000,71.440279,85.962599,-31.249481,29.400000,2.539946,7.479760,0.000000,0.000000,0.000000,0.000000,0.543278,31.716200,0.600000,31.726527,-0.159946,-2.604474,0.000000,2.609380,nan,nan,nan,0,nan,nan,nan,0,nan,nan,nan,nan,nan,nan,nan,nan,nan,nan,nan,nan,nan,nan,nan,nan,nan,nan,nan,nan,nan,nan,nan,nan,nan,nan,nan,nan,nan,nan,nan,nan,nan,nan,nan,nan,nan,nan,nan,nan,nan,nan,nan,nan,nan,nan,nan,nan,nan,nan,nan,nan,nan,nan,nan,nan,nan,nan,nan,nan,nan,nan,nan,nan,nan,nan,nan,nan,nan,nan,nan,nan,nan,nan,nan,nan,nan,nan,nan,nan
46.680,TRACKING,31.597135,0.535268,31.586903,0.600000,-0.160207,-2.585937,0.000000,85.578915,-62.375681,29.400000,3.191880,11.800000,0.000000,0.000000,0.000000,74.863819,86.114183,-30.788778,30.000000,3.031673,9.214063,0.000000,0.000000,0.000000,71.787413,86.114183,-30.788778,29.400000,2.493941,7.495790,0.000000,0.000000,0.000000,0.000000,0.535268,31.586903,0.600000,31.597135,-0.160207,-2.585937,0.000000,2.590895,nan,nan,nan,0,nan,nan,nan,0,nan,nan,nan,nan,nan,nan,nan,nan,nan,nan,nan,nan,nan,nan,nan,nan,nan,nan,nan,nan,nan,nan,nan,nan,nan,nan,nan,nan,nan,nan,nan,nan,nan,nan,nan,nan,nan,nan,nan,nan,nan,nan,nan,nan,nan,nan,nan,nan,nan,nan,nan,nan,nan,nan,nan,nan,nan,nan,nan,nan,nan,nan,nan,nan,nan,nan,nan,nan,nan,nan,nan,nan,nan,nan,nan,nan,nan,nan,nan,nan
46.740,TRACKING,31.468655,0.527245,31.458516,0.600000,-0.160469,-2.567738,0.000000,85.735728,-61.785681,29.400000,3.136262,11.800000,0.000000,0.000000,0.000000,75.115759,86.262973,-30.327165,30.000000,2.975793,9.232262,0.000000,0.000000,0.000000,72.134546,86.262973,-30.327165,29.400000,2.447844,7.511527,0.000000,0.000000,0.000000,0.000000,0.527245,31.458516,0.600000,31.468655,-0.160469,-2.567738,0.000000,2.572748,nan,nan,nan,0,nan,nan,nan,0,nan,nan,nan,nan,nan,nan,nan,nan,nan,nan,nan,nan,nan,nan,nan,nan,nan,nan,nan,nan,nan,nan,nan,nan,nan,nan,nan,nan,nan,nan,nan,nan,nan,nan,nan,nan,nan,nan,nan,nan,nan,nan,nan,nan,nan,nan,nan,nan,nan,nan,nan,nan,nan,nan,nan,nan,nan,nan,nan,nan,nan,nan,nan,nan,nan,nan,nan,nan,nan,nan,nan,nan,nan,nan,nan,nan,nan,nan,nan,nan
46.780,TRACKING,31.341068,0.519208,31.331022,0.600000,-0.160733,-2.549879,0.000000,85.889755,-61.195681,29.400000,3.080537,11.800000,0.000000,0.000000,0.000000,75.368778,86.408963,-29.864658,30.000000,2.919804,9.250121,0.000000,0.000000,0.000000,72.481680,86.408963,-29.864658,29.400000,2.401656,7.526971,0.000000,0.000000,0.000000,0.000000,0.519208,31.331022,0.600000,31.341068,-0.160733,-2.549879,0.000000,2.554940,nan,nan,nan,0,nan,nan,nan,0,nan,nan,nan,nan,nan,nan,nan,nan,nan,nan,nan,nan,nan,nan,nan,nan,nan,nan,nan,nan,nan,nan,nan,nan,nan,nan,nan,nan,nan,nan,nan,nan,nan,nan,nan,nan,nan,nan,nan,nan,nan,nan,nan,nan,nan,nan,nan,nan,nan,nan,nan,nan,nan,nan,nan,nan,nan,nan,nan,nan,nan,nan,nan,nan,nan,nan,nan,nan,nan,nan,nan,nan,nan,nan,nan,nan,nan,nan,nan,nan
46.840,TRACKING,31.214358,0.511158,31.204404,0.600000,-0.160998,-2.532359,0.000000,86.040990,-60.605681,29.400000,3.024706,11.800000,0.000000,0.000000,0.000000,75.622866,86.552148,-29.401276,30.000000,2.863708,9.267641,0.000000,0.000000,0.000000,72.828815,86.552148,-29.401276,29.400000,2.355381,7.542121,0.000000,0.000000,0.000000,0.000000,0.511158,31.204404,0.600000,31.214358,-0.160998,-2.532359,0.000000,2.537471,nan,nan,nan,0,nan,nan,nan,0,nan,nan,nan,nan,nan,nan,nan,nan,nan,nan,nan,nan,nan,nan,nan,nan,nan,nan,nan,nan,nan,nan,nan,nan,nan,nan,nan,nan,nan,nan,nan,nan,nan,nan,nan,nan,nan,nan,nan,nan,nan,nan,nan,nan,nan,nan,nan,nan,nan,nan,nan,nan,nan,nan,nan,nan,nan,nan,nan,nan,nan,nan,nan,nan,nan,nan,nan,nan,nan,nan,nan,nan,nan,nan,nan,nan,nan,nan,nan,nan
46.880,TRACKING,31.088508,0.503095,31.078645,0.600000,-0.161264,-2.515179,0.000000,86.189429,-60.015681,29.400000,2.968770,11.800000,0.000000,0.000000,0.000000,75.878009,86.692524,-28.937035,30.000000,2.807506,9.284821,0.000000,0.000000,0.000000,73.175949,86.692524,-28.937035,29.400000,2.309018,7.556978,0.000000,0.000000,0.000000,0.000000,0.503095,31.078645,0.600000,31.088508,-0.161264,-2.515179,0.000000,2.520343,nan,nan,nan,0,nan,nan,nan,0,nan,nan,nan,nan,nan,nan,nan,nan,nan,nan,nan,nan,nan,nan,nan,nan,nan,nan,nan,nan,nan,nan,nan,nan,nan,nan,nan,nan,nan,nan,nan,nan,nan,nan,nan,nan,nan,nan,nan,nan,nan,nan,nan,nan,nan,nan,nan,nan,nan,nan,nan,nan,nan,nan,nan,nan,nan,nan,nan,nan,nan,nan,nan,nan,nan,nan,nan,nan,nan,nan,nan,nan,nan,nan,nan,nan,nan,nan,nan,nan
46.940,TRACKING,30.963500,0.495018,30.953728,0.600000,-0.161531,-2.498339,0.000000,86.335065,-59.425681,29.400000,2.912732,11.800000,0.000000,0.000000,0.000000,76.134195,86.830084,-28.471952,30.000000,2.751201,9.301661,0.000000,0.000000,0.000000,73.523084,86.830084,-28.471952,29.400000,2.262571,7.571539,0.000000,0.000000,0.000000,0.000000,0.495018,30.953728,0.600000,30.963500,-0.161531,-2.498339,0.000000,2.503556,nan,nan,nan,0,nan,nan,nan,0,nan,nan,nan,nan,nan,nan,nan,nan,nan,nan,nan,nan,nan,nan,nan,nan,nan,nan,nan,nan,nan,nan,nan,nan,nan,nan,nan,nan,nan,nan,nan,nan,nan,nan,nan,nan,nan,nan,nan,nan,nan,nan,nan,nan,nan,nan,nan,nan,nan,nan,nan,nan,nan,nan,nan,nan,nan,nan,nan,nan,nan,nan,nan,nan,nan,nan,nan,nan,nan,nan,nan,nan,nan,nan,nan,nan,nan,nan,nan,nan
46.980,TRACKING,30.839319,0.486928,30.829636,0.600000,-0.161797,-2.481842,0.000000,86.477895,-58.835681,29.400000,2.856593,11.800000,0.000000,0.000000,0.000000,76.391412,86.964823,-28.006044,30.000000,2.694796,9.318158,0.000000,0.000000,0.000000,73.870220,86.964823,-28.006044,29.400000,2.216040,7.585805,0.000000,0.000000,0.000000,0.000000,0.486928,30.829636,0.600000,30.839319,-0.161797,-2.481842,0.000000,2.487110,nan,nan,nan,0,nan,nan,nan,0,nan,nan,nan,nan,nan,nan,nan,nan,nan,nan,nan,nan,nan,nan,nan,nan,nan,nan,nan,nan,nan,nan,nan,nan,nan,nan,nan,nan,nan,nan,nan,nan,nan,nan,nan,nan,nan,nan,nan,nan,nan,nan,nan,nan,nan,nan,nan,nan,nan,nan,nan,nan,nan,nan,nan,nan,nan,nan,nan,nan,nan,nan,nan,nan,nan,nan,nan,nan,nan,nan,nan,nan,nan,nan,nan,nan,nan,nan,nan,nan
47.040,TRACKING,30.715946,0.478825,30.706352,0.600000,-0.162063,-2.465686,0.000000,86.617913,-58.245681,29.400000,2.800354,11.800000,0.000000,0.000000,0.000000,76.649645,87.096738,-27.539329,30.000000,2.638291,9.334314,0.000000,0.000000,0.000000,74.217355,87.096738,-27.539329,29.400000,2.169428,7.599776,0.000000,0.000000,0.000000,0.000000,0.478825,30.706352,0.600000,30.715946,-0.162063,-2.465686,0.000000,2.471006,nan,nan,nan,0,nan,nan,nan,0,nan,nan,nan,nan,nan,nan,nan,nan,nan,nan,nan,nan,nan,nan,nan,nan,nan,nan,nan,nan,nan,nan,nan,nan,nan,nan,nan,nan,nan,nan,nan,nan,nan,nan,nan,nan,nan,nan,nan,nan,nan,nan,nan,nan,nan,nan,nan,nan,nan,nan,nan,nan,nan,nan,nan,nan,nan,nan,nan,nan,nan,nan,nan,nan,nan,nan,nan,nan,nan,nan,nan,nan,nan,nan,nan,nan,nan,nan,nan,nan
47.080,TRACKING,30.593365,0.470709,30.583858,0.600000,-0.162328,-2.449873,0.000000,86.755114,-57.655681,29.400000,2.744018,11.800000,0.000000,0.000000,0.000000,76.908881,87.225822,-27.071822,30.000000,2.581690,9.350127,0.000000,0.000000,0.000000,74.564491,87.225822,-27.071822,29.400000,2.122735,7.613450,0.000000,0.000000,0.000000,0.000000,0.470709,30.583858,0.600000,30.593365,-0.162328,-2.449873,0.000000,2.455245,nan,nan,nan,0,nan,nan,nan,0,nan,nan,nan,nan,nan,nan,nan,nan,nan,nan,nan,nan,nan,nan,nan,nan,nan,nan,nan,nan,nan,nan,nan,nan,nan,nan,nan,nan,nan,nan,nan,nan,nan,nan,nan,nan,nan,nan,nan,nan,nan,nan,nan,nan,nan,nan,nan,nan,nan,nan,nan,nan,nan,nan,nan,nan,nan,nan,nan,nan,nan,nan,nan,nan,nan,nan,nan,nan,nan,nan,nan,nan,nan,nan,nan,nan,nan,nan,nan,nan
47.140,TRACKING,30.471558,0.462579,30.462138,0.600000,-0.162593,-2.434403,0.000000,86.889493,-57.065681,29.400000,2.687586,11.800000,0.000000,0.000000,0.000000,77.169106,87.352072,-26.603542,30.000000,2.524993,9.365597,0.000000,0.000000,0.000000,74.911627,87.352072,-26.603542,29.400000,2.075965,7.626828,0.000000,0.000000,0.000000,0.000000,0.462579,30.462138,0.600000,30.471558,-0.162593,-2.434403,0.000000,2.439827,nan,nan,nan,0,nan,nan,nan,0,nan,nan,nan,nan,nan,nan,nan,nan,nan,nan,nan,nan,nan,nan,nan,nan,nan,nan,nan,nan,nan,nan,nan,nan,nan,nan,nan,nan,nan,nan,nan,nan,nan,nan,nan,nan,nan,nan,nan,nan,nan,nan,nan,nan,nan,nan,nan,nan,nan,nan,nan,nan,nan,nan,nan,nan,nan,nan,nan,nan,nan,nan,nan,nan,nan,nan,nan,nan,nan,nan,nan,nan,nan,nan,nan,nan,nan,nan,nan,nan
47.180,TRACKING,30.350509,0.454436,30.341174,0.600000,-0.162856,-2.419277,0.000000,87.021046,-56.475681,29.400000,2.631060,11.800000,0.000000,0.000000,0.000000,77.430306,87.475482,-26.134506,30.000000,2.468204,9.380723,0.000000,0.000000,0.000000,75.258763,87.475482,-26.134506,29.400000,2.029118,7.639908,0.000000,0.000000,0.000000,0.000000,0.454436,30.341174,0.600000,30.350509,-0.162856,-2.419277,0.000000,2.424752,nan,nan,nan,0,nan,nan,nan,0,nan,nan,nan,nan,nan,nan,nan,nan,nan,nan,nan,nan,nan,nan,nan,nan,nan,nan,nan,nan,nan,nan,nan,nan,nan,nan,nan,nan,nan,nan,nan,nan,nan,nan,nan,nan,nan,nan,nan,nan,nan,nan,nan,nan,nan,nan,nan,nan,nan,nan,nan,nan,nan,nan,nan,nan,nan,nan,nan,nan,nan,nan,nan,nan,nan,nan,nan,nan,nan,nan,nan,nan,nan,nan,nan,nan,nan,nan,nan,nan
47.240,TRACKING,30.230200,0.446281,30.220950,0.600000,-0.163117,-2.404495,0.000000,87.149768,-55.885681,29.400000,2.574442,11.800000,0.000000,0.000000,0.000000,77.692465,87.596049,-25.664731,30.000000,2.411325,9.395505,0.000000,0.000000,0.000000,75.605899,87.596049,-25.664731,29.400000,1.982197,7.652690,0.000000,0.000000,0.000000,0.000000,0.446281,30.220950,0.600000,30.230200,-0.163117,-2.404495,0.000000,2.410021,nan,nan,nan,0,nan,nan,nan,0,nan,nan,nan,nan,nan,nan,nan,nan,nan,nan,nan,nan,nan,nan,nan,nan,nan,nan,nan,nan,nan,nan,nan,nan,nan,nan,nan,nan,nan,nan,nan,nan,nan,nan,nan,nan,nan,nan,nan,nan,nan,nan,nan,nan,nan,nan,nan,nan,nan,nan,nan,nan,nan,nan,nan,nan,nan,nan,nan,nan,nan,nan,nan,nan,nan,nan,nan,nan,nan,nan,nan,nan,nan,nan,nan,nan,nan,nan,nan,nan
47.280,TRACKING,30.110613,0.438112,30.101447,0.600000,-0.163377,-2.390058,0.000000,87.275655,-55.295681,29.400000,2.517733,11.800000,0.000000,0.000000,0.000000,77.955568,87.713766,-25.194234,30.000000,2.354356,9.409942,0.000000,0.000000,0.000000,75.953036,87.713766,-25.194234,29.400000,1.935202,7.665174,0.000000,0.000000,0.000000,0.000000,0.438112,30.101447,0.600000,30.110613,-0.163377,-2.390058,0.000000,2.395636,nan,nan,nan,0,nan,nan,nan,0,nan,nan,nan,nan,nan,nan,nan,nan,nan,nan,nan,nan,nan,nan,nan,nan,nan,nan,nan,nan,nan,nan,nan,nan,nan,nan,nan,nan,nan,nan,nan,nan,nan,nan,nan,nan,nan,nan,nan,nan,nan,nan,nan,nan,nan,nan,nan,nan,nan,nan,nan,nan,nan,nan,nan,nan,nan,nan,nan,nan,nan,nan,nan,nan,nan,nan,nan,nan,nan,nan,nan,nan,nan,nan,nan,nan,nan,nan,nan,nan
47.340,TRACKING,29.991733,0.429930,29.982648,0.600000,-0.163634,-2.375967,0.000000,87.398701,-54.705681,29.400000,2.460936,11.800000,0.000000,0.000000,0.000000,78.219599,87.828631,-24.723032,30.000000,2.297302,9.424033,0.000000,0.000000,0.000000,76.300173,87.828631,-24.723032,29.400000,1.888136,7.677360,0.000000,0.000000,0.000000,0.000000,0.429930,29.982648,0.600000,29.991733,-0.163634,-2.375967,0.000000,2.381595,nan,nan,nan,0,nan,nan,nan,0,nan,nan,nan,nan,nan,nan,nan,nan,nan,nan,nan,nan,nan,nan,nan,nan,nan,nan,nan,nan,nan,nan,nan,nan,nan,nan,nan,nan,nan,nan,nan,nan,nan,nan,nan,nan,nan,nan,nan,nan,nan,nan,nan,nan,nan,nan,nan,nan,nan,nan,nan,nan,nan,nan,nan,nan,nan,nan,nan,nan,nan,nan,nan,nan,nan,nan,nan,nan,nan,nan,nan,nan,nan,nan,nan,nan,nan,nan,nan,nan
47.380,TRACKING,29.873541,0.421735,29.864537,0.600000,-0.163890,-2.362221,0.000000,87.518904,-54.115681,29.400000,2.404052,11.800000,0.000000,0.000000,0.000000,78.484544,87.940640,-24.251143,30.000000,2.240163,9.437779,0.000000,0.000000,0.000000,76.647310,87.940640,-24.251143,29.400000,1.841001,7.689246,0.000000,0.000000,0.000000,0.000000,0.421735,29.864537,0.600000,29.873541,-0.163890,-2.362221,0.000000,2.367900,nan,nan,nan,0,nan,nan,nan,0,nan,nan,nan,nan,nan,nan,nan,nan,nan,nan,nan,nan,nan,nan,nan,nan,nan,nan,nan,nan,nan,nan,nan,nan,nan,nan,nan,nan,nan,nan,nan,nan,nan,nan,nan,nan,nan,nan,nan,nan,nan,nan,nan,nan,nan,nan,nan,nan,nan,nan,nan,nan,nan,nan,nan,nan,nan,nan,nan,nan,nan,nan,nan,nan,nan,nan,nan,nan,nan,nan,nan,nan,nan,nan,nan,nan,nan,nan,nan,nan
47.440,TRACKING,29.756020,0.413528,29.747096,0.600000,-0.164142,-2.348822,0.000000,87.636258,-53.525681,29.400000,2.347084,11.800000,0.000000,0.000000,0.000000,78.750384,88.049787,-23.778584,30.000000,2.182941,9.451178,0.000000,0.000000,0.000000,76.994447,88.049787,-23.778584,29.400000,1.793798,7.700833,0.000000,0.000000,0.000000,0.000000,0.413528,29.747096,0.600000,29.756020,-0.164142,-2.348822,0.000000,2.354550,nan,nan,nan,0,nan,nan,nan,0,nan,nan,nan,nan,nan,nan,nan,nan,nan,nan,nan,nan,nan,nan,nan,nan,nan,nan,nan,nan,nan,nan,nan,nan,nan,nan,nan,nan,nan,nan,nan,nan,nan,nan,nan,nan,nan,nan,nan,nan,nan,nan,nan,nan,nan,nan,nan,nan,nan,nan,nan,nan,nan,nan,nan,nan,nan,nan,nan,nan,nan,nan,nan,nan,nan,nan,nan,nan,nan,nan,nan,nan,nan,nan,nan,nan,nan,nan,nan,nan
47.480,TRACKING,29.639153,0.405309,29.630308,0.600000,-0.164392,-2.335770,0.000000,87.750760,-52.935681,29.400000,2.290032,11.800000,0.000000,0.000000,0.000000,79.017104,88.156069,-23.305373,30.000000,2.125640,9.464230,0.000000,0.000000,0.000000,77.341584,88.156069,-23.305373,29.400000,1.746529,7.712120,0.000000,0.000000,0.000000,0.000000,0.405309,29.630308,0.600000,29.639153,-0.164392,-2.335770,0.000000,2.341548,nan,nan,nan,0,nan,nan,nan,0,nan,nan,nan,nan,nan,nan,nan,nan,nan,nan,nan,nan,nan,nan,nan,nan,nan,nan,nan,nan,nan,nan,nan,nan,nan,nan,nan,nan,nan,nan,nan,nan,nan,nan,nan,nan,nan,nan,nan,nan,nan,nan,nan,nan,nan,nan,nan,nan,nan,nan,nan,nan,nan,nan,nan,nan,nan,nan,nan,nan,nan,nan,nan,nan,nan,nan,nan,nan,nan,nan,nan,nan,nan,nan,nan,nan,nan,nan,nan,nan
47.540,TRACKING,29.522923,0.397077,29.514155,0.600000,-0.164639,-2.323065,0.000000,87.862405,-52.345681,29.400000,2.232900,11.800000,0.000000,0.000000,0.000000,79.284686,88.259482,-22.831526,30.000000,2.068260,9.476935,0.000000,0.000000,0.000000,77.688722,88.259482,-22.831526,29.400000,1.699196,7.723106,0.000000,0.000000,0.000000,0.000000,0.397077,29.514155,0.600000,29.522923,-0.164639,-2.323065,0.000000,2.328892,nan,nan,nan,0,nan,nan,nan,0,nan,nan,nan,nan,nan,nan,nan,nan,nan,nan,nan,nan,nan,nan,nan,nan,nan,nan,nan,nan,nan,nan,nan,nan,nan,nan,nan,nan,nan,nan,nan,nan,nan,nan,nan,nan,nan,nan,nan,nan,nan,nan,nan,nan,nan,nan,nan,nan,nan,nan,nan,nan,nan,nan,nan,nan,nan,nan,nan,nan,nan,nan,nan,nan,nan,nan,nan,nan,nan,nan,nan,nan,nan,nan,nan,nan,nan,nan,nan,nan
47.580,TRACKING,29.407312,0.388833,29.398619,0.600000,-0.164883,-2.310708,0.000000,87.971189,-51.755681,29.400000,2.175688,11.800000,0.000000,0.000000,0.000000,79.553114,88.360022,-22.357062,30.000000,2.010805,9.489292,0.000000,0.000000,0.000000,78.035860,88.360022,-22.357062,29.400000,1.651800,7.733792,0.000000,0.000000,0.000000,0.000000,0.388833,29.398619,0.600000,29.407312,-0.164883,-2.310708,0.000000,2.316583,nan,nan,nan,0,nan,nan,nan,0,nan,nan,nan,nan,nan,nan,nan,nan,nan,nan,nan,nan,nan,nan,nan,nan,nan,nan,nan,nan,nan,nan,nan,nan,nan,nan,nan,nan,nan,nan,nan,nan,nan,nan,nan,nan,nan,nan,nan,nan,nan,nan,nan,nan,nan,nan,nan,nan,nan,nan,nan,nan,nan,nan,nan,nan,nan,nan,nan,nan,nan,nan,nan,nan,nan,nan,nan,nan,nan,nan,nan,nan,nan,nan,nan,nan,nan,nan,nan,nan
47.640,TRACKING,29.292303,0.380576,29.283684,0.600000,-0.165124,-2.298699,0.000000,88.077109,-51.165681,29.400000,2.118399,11.800000,0.000000,0.000000,0.000000,79.822369,88.457686,-21.881997,30.000000,1.953275,9.501301,0.000000,0.000000,0.000000,78.382998,88.457686,-21.881997,29.400000,1.604344,7.744176,0.000000,0.000000,0.000000,0.000000,0.380576,29.283684,0.600000,29.292303,-0.165124,-2.298699,0.000000,2.304622,nan,nan,nan,0,nan,nan,nan,0,nan,nan,nan,nan,nan,nan,nan,nan,nan,nan,nan,nan,nan,nan,nan,nan,nan,nan,nan,nan,nan,nan,nan,nan,nan,nan,nan,nan,nan,nan,nan,nan,nan,nan,nan,nan,nan,nan,nan,nan,nan,nan,nan,nan,nan,nan,nan,nan,nan,nan,nan,nan,nan,nan,nan,nan,nan,nan,nan,nan,nan,nan,nan,nan,nan,nan,nan,nan,nan,nan,nan,nan,nan,nan,nan,nan,nan,nan,nan,nan
47.680,TRACKING,29.177878,0.372308,29.169332,0.600000,-0.165361,-2.287039,0.000000,88.180161,-50.575681,29.400000,2.061035,11.800000,0.000000,0.000000,0.000000,80.092434,88.552469,-21.406348,30.000000,1.895674,9.512961,0.000000,0.000000,0.000000,78.730136,88.552469,-21.406348,29.400000,1.556828,7.754259,0.000000,0.000000,0.000000,0.000000,0.372308,29.169332,0.600000,29.177878,-0.165361,-2.287039,0.000000,2.293010,nan,nan,nan,0,nan,nan,nan,0,nan,nan,nan,nan,nan,nan,nan,nan,nan,nan,nan,nan,nan,nan,nan,nan,nan,nan,nan,nan,nan,nan,nan,nan,nan,nan,nan,nan,nan,nan,nan,nan,nan,nan,nan,nan,nan,nan,nan,nan,nan,nan,nan,nan,nan,nan,nan,nan,nan,nan,nan,nan,nan,nan,nan,nan,nan,nan,nan,nan,nan,nan,nan,nan,nan,nan,nan,nan,nan,nan,nan,nan,nan,nan,nan,nan,nan,nan,nan,nan
47.740,TRACKING,29.064020,0.364029,29.055546,0.600000,-0.165595,-2.275729,0.000000,88.280341,-49.985681,29.400000,2.003598,11.800000,0.000000,0.000000,0.000000,80.363289,88.644370,-20.930135,30.000000,1.838004,9.524271,0.000000,0.000000,0.000000,79.077274,88.644370,-20.930135,29.400000,1.509256,7.764040,0.000000,0.000000,0.000000,0.000000,0.364029,29.055546,0.600000,29.064020,-0.165595,-2.275729,0.000000,2.281746,nan,nan,nan,0,nan,nan,nan,0,nan,nan,nan,nan,nan,nan,nan,nan,nan,nan,nan,nan,nan,nan,nan,nan,nan,nan,nan,nan,nan,nan,nan,nan,nan,nan,nan,nan,nan,nan,nan,nan,nan,nan,nan,nan,nan,nan,nan,nan,nan,nan,nan,nan,nan,nan,nan,nan,nan,nan,nan,nan,nan,nan,nan,nan,nan,nan,nan,nan,nan,nan,nan,nan,nan,nan,nan,nan,nan,nan,nan,nan,nan,nan,nan,nan,nan,nan,nan,nan
47.780,TRACKING,28.950712,0.355737,28.942307,0.600000,-0.165824,-2.264768,0.000000,88.377645,-49.395681,29.400000,1.946090,11.800000,0.000000,0.000000,0.000000,80.634917,88.733383,-20.453373,30.000000,1.780266,9.535232,0.000000,0.000000,0.000000,79.424413,88.733383,-20.453373,29.400000,1.461627,7.773518,0.000000,0.000000,0.000000,0.000000,0.355737,28.942307,0.600000,28.950712,-0.165824,-2.264768,0.000000,2.270830,nan,nan,nan,0,nan,nan,nan,0,nan,nan,nan,nan,nan,nan,nan,nan,nan,nan,nan,nan,nan,nan,nan,nan,nan,nan,nan,nan,nan,nan,nan,nan,nan,nan,nan,nan,nan,nan,nan,nan,nan,nan,nan,nan,nan,nan,nan,nan,nan,nan,nan,nan,nan,nan,nan,nan,nan,nan,nan,nan,nan,nan,nan,nan,nan,nan,nan,nan,nan,nan,nan,nan,nan,nan,nan,nan,nan,nan,nan,nan,nan,nan,nan,nan,nan,nan,nan,nan
47.840,TRACKING,28.837936,0.347435,28.829600,0.600000,-0.166050,-2.254157,0.000000,88.472071,-48.805681,29.400000,1.888512,11.800000,0.000000,0.000000,0.000000,80.907299,88.819506,-19.976081,30.000000,1.722462,9.545843,0.000000,0.000000,0.000000,79.771551,88.819506,-19.976081,29.400000,1.413945,7.782694,0.000000,0.000000,0.000000,0.000000,0.347435,28.829600,0.600000,28.837936,-0.166050,-2.254157,0.000000,2.260264,nan,nan,nan,0,nan,nan,nan,0,nan,nan,nan,nan,nan,nan,nan,nan,nan,nan,nan,nan,nan,nan,nan,nan,nan,nan,nan,nan,nan,nan,nan,nan,nan,nan,nan,nan,nan,nan,nan,nan,nan,nan,nan,nan,nan,nan,nan,nan,nan,nan,nan,nan,nan,nan,nan,nan,nan,nan,nan,nan,nan,nan,nan,nan,nan,nan,nan,nan,nan,nan,nan,nan,nan,nan,nan,nan,nan,nan,nan,nan,nan,nan,nan,nan,nan,nan,nan,nan
47.880,TRACKING,28.725674,0.339121,28.717405,0.600000,-0.166272,-2.243896,0.000000,88.563614,-48.215681,29.400000,1.830867,11.800000,0.000000,0.000000,0.000000,81.180415,88.902736,-19.498276,30.000000,1.664595,9.556104,0.000000,0.000000,0.000000,80.118690,88.902736,-19.498276,29.400000,1.366211,7.791567,0.000000,0.000000,0.000000,0.000000,0.339121,28.717405,0.600000,28.725674,-0.166272,-2.243896,0.000000,2.250048,nan,nan,nan,0,nan,nan,nan,0,nan,nan,nan,nan,nan,nan,nan,nan,nan,nan,nan,nan,nan,nan,nan,nan,nan,nan,nan,nan,nan,nan,nan,nan,nan,nan,nan,nan,nan,nan,nan,nan,nan,nan,nan,nan,nan,nan,nan,nan,nan,nan,nan,nan,nan,nan,nan,nan,nan,nan,nan,nan,nan,nan,nan,nan,nan,nan,nan,nan,nan,nan,nan,nan,nan,nan,nan,nan,nan,nan,nan,nan,nan,nan,nan,nan,nan,nan,nan,nan
47.940,TRACKING,28.613909,0.330797,28.605705,0.600000,-0.166489,-2.233986,0.000000,88.652272,-47.625681,29.400000,1.773157,11.800000,0.000000,0.000000,0.000000,81.454245,88.983069,-19.019975,30.000000,1.606667,9.566014,0.000000,0.000000,0.000000,80.465829,88.983069,-19.019975,29.400000,1.318427,7.800136,0.000000,0.000000,0.000000,0.000000,0.330797,28.605705,0.600000,28.613909,-0.166489,-2.233986,0.000000,2.240181,nan,nan,nan,0,nan,nan,nan,0,nan,nan,nan,nan,nan,nan,nan,nan,nan,nan,nan,nan,nan,nan,nan,nan,nan,nan,nan,nan,nan,nan,nan,nan,nan,nan,nan,nan,nan,nan,nan,nan,nan,nan,nan,nan,nan,nan,nan,nan,nan,nan,nan,nan,nan,nan,nan,nan,nan,nan,nan,nan,nan,nan,nan,nan,nan,nan,nan,nan,nan,nan,nan,nan,nan,nan,nan,nan,nan,nan,nan,nan,nan,nan,nan,nan,nan,nan,nan,nan
47.980,TRACKING,28.502625,0.322462,28.494484,0.600000,-0.166703,-2.224427,0.000000,88.738041,-47.035681,29.400000,1.715383,11.800000,0.000000,0.000000,0.000000,81.728770,89.060503,-18.541197,30.000000,1.548680,9.575573,0.000000,0.000000,0.000000,80.812968,89.060503,-18.541197,29.400000,1.270594,7.808402,0.000000,0.000000,0.000000,0.000000,0.322462,28.494484,0.600000,28.502625,-0.166703,-2.224427,0.000000,2.230665,nan,nan,nan,0,nan,nan,nan,0,nan,nan,nan,nan,nan,nan,nan,nan,nan,nan,nan,nan,nan,nan,nan,nan,nan,nan,nan,nan,nan,nan,nan,nan,nan,nan,nan,nan,nan,nan,nan,nan,nan,nan,nan,nan,nan,nan,nan,nan,nan,nan,nan,nan,nan,nan,nan,nan,nan,nan,nan,nan,nan,nan,nan,nan,nan,nan,nan,nan,nan,nan,nan,nan,nan,nan,nan,nan,nan,nan,nan,nan,nan,nan,nan,nan,nan,nan,nan,nan
48.040,TRACKING,28.391802,0.314116,28.383723,0.600000,-0.166911,-2.215220,0.000000,88.820919,-46.445681,29.400000,1.657548,11.800000,0.000000,0.000000,0.000000,82.003970,89.135035,-18.061958,30.000000,1.490636,9.584780,0.000000,0.000000,0.000000,81.160107,89.135035,-18.061958,29.400000,1.222714,7.816364,0.000000,0.000000,0.000000,0.000000,0.314116,28.383723,0.600000,28.391802,-0.166911,-2.215220,0.000000,2.221500,nan,nan,nan,0,nan,nan,nan,0,nan,nan,nan,nan,nan,nan,nan,nan,nan,nan,nan,nan,nan,nan,nan,nan,nan,nan,nan,nan,nan,nan,nan,nan,nan,nan,nan,nan,nan,nan,nan,nan,nan,nan,nan,nan,nan,nan,nan,nan,nan,nan,nan,nan,nan,nan,nan,nan,nan,nan,nan,nan,nan,nan,nan,nan,nan,nan,nan,nan,nan,nan,nan,nan,nan,nan,nan,nan,nan,nan,nan,nan,nan,nan,nan,nan,nan,nan,nan,nan
48.080,TRACKING,28.281423,0.305760,28.273405,0.600000,-0.167116,-2.206365,0.000000,88.900901,-45.855681,29.400000,1.599654,11.800000,0.000000,0.000000,0.000000,82.279825,89.206662,-17.582276,30.000000,1.432538,9.593635,0.000000,0.000000,0.000000,81.507246,89.206662,-17.582276,29.400000,1.174790,7.824022,0.000000,0.000000,0.000000,0.000000,0.305760,28.273405,0.600000,28.281423,-0.167116,-2.206365,0.000000,2.212685,nan,nan,nan,0,nan,nan,nan,0,nan,nan,nan,nan,nan,nan,nan,nan,nan,nan,nan,nan,nan,nan,nan,nan,nan,nan,nan,nan,nan,nan,nan,nan,nan,nan,nan,nan,nan,nan,nan,nan,nan,nan,nan,nan,nan,nan,nan,nan,nan,nan,nan,nan,nan,nan,nan,nan,nan,nan,nan,nan,nan,nan,nan,nan,nan,nan,nan,nan,nan,nan,nan,nan,nan,nan,nan,nan,nan,nan,nan,nan,nan,nan,nan,nan,nan,nan,nan,nan
48.140,TRACKING,28.171472,0.297395,28.163512,0.600000,-0.167316,-2.197862,0.000000,88.977987,-45.265681,29.400000,1.541702,11.800000,0.000000,0.000000,0.000000,82.556313,89.275381,-17.102169,30.000000,1.374387,9.602138,0.000000,0.000000,0.000000,81.854386,89.275381,-17.102169,29.400000,1.126822,7.831375,0.000000,0.000000,0.000000,0.000000,0.297395,28.163512,0.600000,28.171472,-0.167316,-2.197862,0.000000,2.204221,nan,nan,nan,0,nan,nan,nan,0,nan,nan,nan,nan,nan,nan,nan,nan,nan,nan,nan,nan,nan,nan,nan,nan,nan,nan,nan,nan,nan,nan,nan,nan,nan,nan,nan,nan,nan,nan,nan,nan,nan,nan,nan,nan,nan,nan,nan,nan,nan,nan,nan,nan,nan,nan,nan,nan,nan,nan,nan,nan,nan,nan,nan,nan,nan,nan,nan,nan,nan,nan,nan,nan,nan,nan,nan,nan,nan,nan,nan,nan,nan,nan,nan,nan,nan,nan,nan,nan
48.180,TRACKING,28.061930,0.289019,28.054026,0.600000,-0.167511,-2.189711,0.000000,89.052171,-44.675681,29.400000,1.483696,11.800000,0.000000,0.000000,0.000000,82.833414,89.341190,-16.621655,30.000000,1.316185,9.610289,0.000000,0.000000,0.000000,82.201525,89.341190,-16.621655,29.400000,1.078813,7.838423,0.000000,0.000000,0.000000,0.000000,0.289019,28.054026,0.600000,28.061930,-0.167511,-2.189711,0.000000,2.196109,nan,nan,nan,0,nan,nan,nan,0,nan,nan,nan,nan,nan,nan,nan,nan,nan,nan,nan,nan,nan,nan,nan,nan,nan,nan,nan,nan,nan,nan,nan,nan,nan,nan,nan,nan,nan,nan,nan,nan,nan,nan,nan,nan,nan,nan,nan,nan,nan,nan,nan,nan,nan,nan,nan,nan,nan,nan,nan,nan,nan,nan,nan,nan,nan,nan,nan,nan,nan,nan,nan,nan,nan,nan,nan,nan,nan,nan,nan,nan,nan,nan,nan,nan,nan,nan,nan,nan
48.240,TRACKING,27.952780,0.280634,27.944931,0.600000,-0.167701,-2.181913,0.000000,89.123453,-44.085681,29.400000,1.425636,11.800000,0.000000,0.000000,0.000000,83.111107,89.404087,-16.140750,30.000000,1.257935,9.618087,0.000000,0.000000,0.000000,82.548665,89.404087,-16.140750,29.400000,1.030764,7.845166,0.000000,0.000000,0.000000,0.000000,0.280634,27.944931,0.600000,27.952780,-0.167701,-2.181913,0.000000,2.188348,nan,nan,nan,0,nan,nan,nan,0,nan,nan,nan,nan,nan,nan,nan,nan,nan,nan,nan,nan,nan,nan,nan,nan,nan,nan,nan,nan,nan,nan,nan,nan,nan,nan,nan,nan,nan,nan,nan,nan,nan,nan,nan,nan,nan,nan,nan,nan,nan,nan,nan,nan,nan,nan,nan,nan,nan,nan,nan,nan,nan,nan,nan,nan,nan,nan,nan,nan,nan,nan,nan,nan,nan,nan,nan,nan,nan,nan,nan,nan,nan,nan,nan,nan,nan,nan,nan,nan
48.280,TRACKING,27.844004,0.272240,27.836207,0.600000,-0.167886,-2.174468,0.000000,89.191829,-43.495681,29.400000,1.367525,11.800000,0.000000,0.000000,0.000000,83.389370,89.464069,-15.659474,30.000000,1.199639,9.625532,0.000000,0.000000,0.000000,82.895805,89.464069,-15.659474,29.400000,0.982678,7.851604,0.000000,0.000000,0.000000,0.000000,0.272240,27.836207,0.600000,27.844004,-0.167886,-2.174468,0.000000,2.180939,nan,nan,nan,0,nan,nan,nan,0,nan,nan,nan,nan,nan,nan,nan,nan,nan,nan,nan,nan,nan,nan,nan,nan,nan,nan,nan,nan,nan,nan,nan,nan,nan,nan,nan,nan,nan,nan,nan,nan,nan,nan,nan,nan,nan,nan,nan,nan,nan,nan,nan,nan,nan,nan,nan,nan,nan,nan,nan,nan,nan,nan,nan,nan,nan,nan,nan,nan,nan,nan,nan,nan,nan,nan,nan,nan,nan,nan,nan,nan,nan,nan,nan,nan,nan,nan,nan,nan
48.340,TRACKING,27.735584,0.263836,27.727838,0.600000,-0.168066,-2.167376,0.000000,89.257298,-42.905681,29.400000,1.309365,11.800000,0.000000,0.000000,0.000000,83.668182,89.521134,-15.177842,30.000000,1.141299,9.632624,0.000000,0.000000,0.000000,83.242945,89.521134,-15.177842,29.400000,0.934555,7.857737,0.000000,0.000000,0.000000,0.000000,0.263836,27.727838,0.600000,27.735584,-0.168066,-2.167376,0.000000,2.173883,nan,nan,nan,0,nan,nan,nan,0,nan,nan,nan,nan,nan,nan,nan,nan,nan,nan,nan,nan,nan,nan,nan,nan,nan,nan,nan,nan,nan,nan,nan,nan,nan,nan,nan,nan,nan,nan,nan,nan,nan,nan,nan,nan,nan,nan,nan,nan,nan,nan,nan,nan,nan,nan,nan,nan,nan,nan,nan,nan,nan,nan,nan,nan,nan,nan,nan,nan,nan,nan,nan,nan,nan,nan,nan,nan,nan,nan,nan,nan,nan,nan,nan,nan,nan,nan,nan,nan
48.380,TRACKING,27.627504,0.255424,27.619806,0.600000,-0.168242,-2.160638,0.000000,89.319856,-42.315681,29.400000,1.251158,11.800000,0.000000,0.000000,0.000000,83.947521,89.575280,-14.695874,30.000000,1.082917,9.639362,0.000000,0.000000,0.000000,83.590085,89.575280,-14.695874,29.400000,0.886398,7.863563,0.000000,0.000000,0.000000,0.000000,0.255424,27.619806,0.600000,27.627504,-0.168242,-2.160638,0.000000,2.167179,nan,nan,nan,0,nan,nan,nan,0,nan,nan,nan,nan,nan,nan,nan,nan,nan,nan,nan,nan,nan,nan,nan,nan,nan,nan,nan,nan,nan,nan,nan,nan,nan,nan,nan,nan,nan,nan,nan,nan,nan,nan,nan,nan,nan,nan,nan,nan,nan,nan,nan,nan,nan,nan,nan,nan,nan,nan,nan,nan,nan,nan,nan,nan,nan,nan,nan,nan,nan,nan,nan,nan,nan,nan,nan,nan,nan,nan,nan,nan,nan,nan,nan,nan,nan,nan,nan,nan
48.440,TRACKING,27.519744,0.247004,27.512094,0.600000,-0.168412,-2.154254,0.000000,89.379501,-41.725681,29.400000,1.192907,11.800000,0.000000,0.000000,0.000000,84.227365,89.626505,-14.213587,30.000000,1.024495,9.645746,0.000000,0.000000,0.000000,83.937225,89.626505,-14.213587,29.400000,0.838208,7.869084,0.000000,0.000000,0.000000,0.000000,0.247004,27.512094,0.600000,27.519744,-0.168412,-2.154254,0.000000,2.160827,nan,nan,nan,0,nan,nan,nan,0,nan,nan,nan,nan,nan,nan,nan,nan,nan,nan,nan,nan,nan,nan,nan,nan,nan,nan,nan,nan,nan,nan,nan,nan,nan,nan,nan,nan,nan,nan,nan,nan,nan,nan,nan,nan,nan,nan,nan,nan,nan,nan,nan,nan,nan,nan,nan,nan,nan,nan,nan,nan,nan,nan,nan,nan,nan,nan,nan,nan,nan,nan,nan,nan,nan,nan,nan,nan,nan,nan,nan,nan,nan,nan,nan,nan,nan,nan,nan,nan
48.480,TRACKING,27.412288,0.238575,27.404683,0.600000,-0.168577,-2.148224,0.000000,89.436232,-41.135681,29.400000,1.134612,11.800000,0.000000,0.000000,0.000000,84.507691,89.674806,-13.730998,30.000000,0.966035,9.651776,0.000000,0.000000,0.000000,84.284365,89.674806,-13.730998,29.400000,0.789987,7.874298,0.000000,0.000000,0.000000,0.000000,0.238575,27.404683,0.600000,27.412288,-0.168577,-2.148224,0.000000,2.154828,nan,nan,nan,0,nan,nan,nan,0,nan,nan,nan,nan,nan,nan,nan,nan,nan,nan,nan,nan,nan,nan,nan,nan,nan,nan,nan,nan,nan,nan,nan,nan,nan,nan,nan,nan,nan,nan,nan,nan,nan,nan,nan,nan,nan,nan,nan,nan,nan,nan,nan,nan,nan,nan,nan,nan,nan,nan,nan,nan,nan,nan,nan,nan,nan,nan,nan,nan,nan,nan,nan,nan,nan,nan,nan,nan,nan,nan,nan,nan,nan,nan,nan,nan,nan,nan,nan,nan
48.540,TRACKING,27.305118,0.230138,27.297555,0.600000,-0.168737,-2.142548,0.000000,89.490045,-40.545681,29.400000,1.076277,11.800000,0.000000,0.000000,0.000000,84.788477,89.720183,-13.248126,30.000000,0.907540,9.657452,0.000000,0.000000,0.000000,84.631506,89.720183,-13.248126,29.400000,0.741737,7.879207,0.000000,0.000000,0.000000,0.000000,0.230138,27.297555,0.600000,27.305118,-0.168737,-2.142548,0.000000,2.149183,nan,nan,nan,0,nan,nan,nan,0,nan,nan,nan,nan,nan,nan,nan,nan,nan,nan,nan,nan,nan,nan,nan,nan,nan,nan,nan,nan,nan,nan,nan,nan,nan,nan,nan,nan,nan,nan,nan,nan,nan,nan,nan,nan,nan,nan,nan,nan,nan,nan,nan,nan,nan,nan,nan,nan,nan,nan,nan,nan,nan,nan,nan,nan,nan,nan,nan,nan,nan,nan,nan,nan,nan,nan,nan,nan,nan,nan,nan,nan,nan,nan,nan,nan,nan,nan,nan,nan
48.580,TRACKING,27.198216,0.221693,27.190694,0.600000,-0.168891,-2.137227,0.000000,89.540941,-39.955681,29.400000,1.017903,11.800000,0.000000,0.000000,0.000000,85.069701,89.762634,-12.764987,30.000000,0.849012,9.662773,0.000000,0.000000,0.000000,84.978646,89.762634,-12.764987,29.400000,0.693460,7.883808,0.000000,0.000000,0.000000,0.000000,0.221693,27.190694,0.600000,27.198216,-0.168891,-2.137227,0.000000,2.143890,nan,nan,nan,0,nan,nan,nan,0,nan,nan,nan,nan,nan,nan,nan,nan,nan,nan,nan,nan,nan,nan,nan,nan,nan,nan,nan,nan,nan,nan,nan,nan,nan,nan,nan,nan,nan,nan,nan,nan,nan,nan,nan,nan,nan,nan,nan,nan,nan,nan,nan,nan,nan,nan,nan,nan,nan,nan,nan,nan,nan,nan,nan,nan,nan,nan,nan,nan,nan,nan,nan,nan,nan,nan,nan,nan,nan,nan,nan,nan,nan,nan,nan,nan,nan,nan,nan,nan
48.640,TRACKING,27.091565,0.213241,27.084081,0.600000,-0.169040,-2.132261,0.000000,89.588915,-39.365681,29.400000,0.959493,11.800000,0.000000,0.000000,0.000000,85.351340,89.802157,-12.281600,30.000000,0.790452,9.667739,0.000000,0.000000,0.000000,85.325787,89.802157,-12.281600,29.400000,0.645158,7.888103,0.000000,0.000000,0.000000,0.000000,0.213241,27.084081,0.600000,27.091565,-0.169040,-2.132261,0.000000,2.138951,nan,nan,nan,0,nan,nan,nan,0,nan,nan,nan,nan,nan,nan,nan,nan,nan,nan,nan,nan,nan,nan,nan,nan,nan,nan,nan,nan,nan,nan,nan,nan,nan,nan,nan,nan,nan,nan,nan,nan,nan,nan,nan,nan,nan,nan,nan,nan,nan,nan,nan,nan,nan,nan,nan,nan,nan,nan,nan,nan,nan,nan,nan,nan,nan,nan,nan,nan,nan,nan,nan,nan,nan,nan,nan,nan,nan,nan,nan,nan,nan,nan,nan,nan,nan,nan,nan,nan
48.680,TRACKING,26.985147,0.204782,26.977698,0.600000,-0.169184,-2.127649,0.000000,89.633968,-38.775681,29.400000,0.901048,11.800000,0.000000,0.000000,0.000000,85.633370,89.838750,-11.797982,30.000000,0.731864,9.672351,0.000000,0.000000,0.000000,85.672928,89.838750,-11.797982,29.400000,0.596832,7.892091,0.000000,0.000000,0.000000,0.000000,0.204782,26.977698,0.600000,26.985147,-0.169184,-2.127649,0.000000,2.134365,nan,nan,nan,0,nan,nan,nan,0,nan,nan,nan,nan,nan,nan,nan,nan,nan,nan,nan,nan,nan,nan,nan,nan,nan,nan,nan,nan,nan,nan,nan,nan,nan,nan,nan,nan,nan,nan,nan,nan,nan,nan,nan,nan,nan,nan,nan,nan,nan,nan,nan,nan,nan,nan,nan,nan,nan,nan,nan,nan,nan,nan,nan,nan,nan,nan,nan,nan,nan,nan,nan,nan,nan,nan,nan,nan,nan,nan,nan,nan,nan,nan,nan,nan,nan,nan,nan,nan
48.740,TRACKING,26.878943,0.196316,26.871529,0.600000,-0.169322,-2.123392,0.000000,89.676096,-38.185681,29.400000,0.842570,11.800000,0.000000,0.000000,0.000000,85.915768,89.872412,-11.314152,30.000000,0.673249,9.676608,0.000000,0.000000,0.000000,86.020068,89.872412,-11.314152,29.400000,0.548484,7.895772,0.000000,0.000000,0.000000,0.000000,0.196316,26.871529,0.600000,26.878943,-0.169322,-2.123392,0.000000,2.130133,nan,nan,nan,0,nan,nan,nan,0,nan,nan,nan,nan,nan,nan,nan,nan,nan,nan,nan,nan,nan,nan,nan,nan,nan,nan,nan,nan,nan,nan,nan,nan,nan,nan,nan,nan,nan,nan,nan,nan,nan,nan,nan,nan,nan,nan,nan,nan,nan,nan,nan,nan,nan,nan,nan,nan,nan,nan,nan,nan,nan,nan,nan,nan,nan,nan,nan,nan,nan,nan,nan,nan,nan,nan,nan,nan,nan,nan,nan,nan,nan,nan,nan,nan,nan,nan,nan,nan
48.780,TRACKING,26.772937,0.187843,26.765554,0.600000,-0.169455,-2.119491,0.000000,89.715299,-37.595681,29.400000,0.784063,11.800000,0.000000,0.000000,0.000000,86.198512,89.903143,-10.830127,30.000000,0.614608,9.680509,0.000000,0.000000,0.000000,86.367209,89.903143,-10.830127,29.400000,0.500115,7.899145,0.000000,0.000000,0.000000,0.000000,0.187843,26.765554,0.600000,26.772937,-0.169455,-2.119491,0.000000,2.126254,nan,nan,nan,0,nan,nan,nan,0,nan,nan,nan,nan,nan,nan,nan,nan,nan,nan,nan,nan,nan,nan,nan,nan,nan,nan,nan,nan,nan,nan,nan,nan,nan,nan,nan,nan,nan,nan,nan,nan,nan,nan,nan,nan,nan,nan,nan,nan,nan,nan,nan,nan,nan,nan,nan,nan,nan,nan,nan,nan,nan,nan,nan,nan,nan,nan,nan,nan,nan,nan,nan,nan,nan,nan,nan,nan,nan,nan,nan,nan,nan,nan,nan,nan,nan,nan,nan,nan
48.840,TRACKING,26.667111,0.179364,26.659757,0.600000,-0.169582,-2.115945,0.000000,89.751576,-37.005681,29.400000,0.725527,11.800000,0.000000,0.000000,0.000000,86.481577,89.930940,-10.345924,30.000000,0.555946,9.684055,0.000000,0.000000,0.000000,86.714350,89.930940,-10.345924,29.400000,0.451729,7.902212,0.000000,0.000000,0.000000,0.000000,0.179364,26.659757,0.600000,26.667111,-0.169582,-2.115945,0.000000,2.122729,nan,nan,nan,0,nan,nan,nan,0,nan,nan,nan,nan,nan,nan,nan,nan,nan,nan,nan,nan,nan,nan,nan,nan,nan,nan,nan,nan,nan,nan,nan,nan,nan,nan,nan,nan,nan,nan,nan,nan,nan,nan,nan,nan,nan,nan,nan,nan,nan,nan,nan,nan,nan,nan,nan,nan,nan,nan,nan,nan,nan,nan,nan,nan,nan,nan,nan,nan,nan,nan,nan,nan,nan,nan,nan,nan,nan,nan,nan,nan,nan,nan,nan,nan,nan,nan,nan,nan
48.880,TRACKING,26.561447,0.170879,26.554119,0.600000,-0.169703,-2.112754,0.000000,89.784924,-36.415681,29.400000,0.666966,11.800000,0.000000,0.000000,0.000000,86.764940,89.955803,-9.861562,30.000000,0.497263,9.687246,0.000000,0.000000,0.000000,87.061491,89.957340,-9.800870,29.400000,0.403325,7.904971,0.000000,0.000000,0.000000,0.000000,0.170879,26.554119,0.600000,26.561447,-0.169703,-2.112754,0.000000,2.119559,nan,nan,nan,0,nan,nan,nan,0,nan,nan,nan,nan,nan,nan,nan,nan,nan,nan,nan,nan,nan,nan,nan,nan,nan,nan,nan,nan,nan,nan,nan,nan,nan,nan,nan,nan,nan,nan,nan,nan,nan,nan,nan,nan,nan,nan,nan,nan,nan,nan,nan,nan,nan,nan,nan,nan,nan,nan,nan,nan,nan,nan,nan,nan,nan,nan,nan,nan,nan,nan,nan,nan,nan,nan,nan,nan,nan,nan,nan,nan,nan,nan,nan,nan,nan,nan,nan,nan
48.940,TRACKING,26.455926,0.162296,26.448623,0.600000,-0.171663,-2.109919,0.000000,89.815435,-35.825681,29.400000,0.610224,11.800000,0.000000,0.000000,0.000000,87.039647,89.977731,-9.377058,30.000000,0.438561,9.690081,0.000000,0.000000,0.000000,87.408632,90.002142,-8.300859,29.400000,0.354833,7.907422,0.000000,0.000000,0.000000,0.000000,0.162296,26.448623,0.600000,26.455926,-0.171663,-2.109919,0.000000,2.116891,nan,nan,nan,0,nan,nan,nan,0,nan,nan,nan,nan,nan,nan,nan,nan,nan,nan,nan,nan,nan,nan,nan,nan,nan,nan,nan,nan,nan,nan,nan,nan,nan,nan,nan,nan,nan,nan,nan,nan,nan,nan,nan,nan,nan,nan,nan,nan,nan,nan,nan,nan,nan,nan,nan,nan,nan,nan,nan,nan,nan,nan,nan,nan,nan,nan,nan,nan,nan,nan,nan,nan,nan,nan,nan,nan,nan,nan,nan,nan,nan,nan,nan,nan,nan,nan,nan,nan
48.980,TRACKING,26.350524,0.152344,26.343251,0.600000,-0.199038,-2.107440,0.000000,89.844379,-35.235681,29.400000,0.578882,11.800000,0.000000,0.000000,0.000000,87.191448,89.996723,-8.892430,30.000000,0.379844,9.692560,0.000000,0.000000,0.000000,87.755773,90.038194,-6.817678,29.400000,0.305312,7.909566,0.000000,0.000000,0.000000,0.000000,0.152344,26.343251,0.600000,26.350524,-0.199038,-2.107440,0.000000,2.116818,nan,nan,nan,0,nan,nan,nan,0,nan,nan,nan,nan,nan,nan,nan,nan,nan,nan,nan,nan,nan,nan,nan,nan,nan,nan,nan,nan,nan,nan,nan,nan,nan,nan,nan,nan,nan,nan,nan,nan,nan,nan,nan,nan,nan,nan,nan,nan,nan,nan,nan,nan,nan,nan,nan,nan,nan,nan,nan,nan,nan,nan,nan,nan,nan,nan,nan,nan,nan,nan,nan,nan,nan,nan,nan,nan,nan,nan,nan,nan,nan,nan,nan,nan,nan,nan,nan,nan
49.040,TRACKING,26.245226,0.141505,26.237985,0.600000,-0.216777,-2.105317,0.000000,89.871274,-34.645681,29.400000,0.537889,11.800000,0.000000,0.000000,0.000000,87.390045,90.012779,-8.407695,30.000000,0.321112,9.694683,0.000000,0.000000,0.000000,88.102915,90.065549,-5.348235,29.400000,0.256164,7.911403,0.000000,0.000000,0.000000,0.000000,0.141505,26.237985,0.600000,26.245226,-0.216777,-2.105317,0.000000,2.116448,nan,nan,nan,0,nan,nan,nan,0,nan,nan,nan,nan,nan,nan,nan,nan,nan,nan,nan,nan,nan,nan,nan,nan,nan,nan,nan,nan,nan,nan,nan,nan,nan,nan,nan,nan,nan,nan,nan,nan,nan,nan,nan,nan,nan,nan,nan,nan,nan,nan,nan,nan,nan,nan,nan,nan,nan,nan,nan,nan,nan,nan,nan,nan,nan,nan,nan,nan,nan,nan,nan,nan,nan,nan,nan,nan,nan,nan,nan,nan,nan,nan,nan,nan,nan,nan,nan,nan
49.080,TRACKING,26.140019,0.130159,26.132808,0.600000,-0.226925,-2.103549,0.000000,89.895738,-34.055681,29.400000,0.489294,11.800000,0.000000,0.000000,0.000000,87.625559,90.025897,-7.922873,30.000000,0.262369,9.696451,0.000000,0.000000,0.000000,88.450056,90.084251,-3.890100,29.400000,0.207310,7.912931,0.000000,0.000000,0.000000,0.000000,0.130159,26.132808,0.600000,26.140019,-0.226925,-2.103549,0.000000,2.115754,nan,nan,nan,0,nan,nan,nan,0,nan,nan,nan,nan,nan,nan,nan,nan,nan,nan,nan,nan,nan,nan,nan,nan,nan,nan,nan,nan,nan,nan,nan,nan,nan,nan,nan,nan,nan,nan,nan,nan,nan,nan,nan,nan,nan,nan,nan,nan,nan,nan,nan,nan,nan,nan,nan,nan,nan,nan,nan,nan,nan,nan,nan,nan,nan,nan,nan,nan,nan,nan,nan,nan,nan,nan,nan,nan,nan,nan,nan,nan,nan,nan,nan,nan,nan,nan,nan,nan
49.140,TRACKING,26.034886,0.118664,26.027701,0.600000,-0.229909,-2.102137,0.000000,89.917415,-33.465681,29.400000,0.433525,11.800000,0.000000,0.000000,0.000000,87.895932,90.036078,-7.437980,30.000000,0.203616,9.697863,0.000000,0.000000,0.000000,88.797197,90.094351,-2.440987,29.400000,0.158734,7.914152,0.000000,0.000000,0.000000,0.000000,0.118664,26.027701,0.600000,26.034886,-0.229909,-2.102137,0.000000,2.114672,nan,nan,nan,0,nan,nan,nan,0,nan,nan,nan,nan,nan,nan,nan,nan,nan,nan,nan,nan,nan,nan,nan,nan,nan,nan,nan,nan,nan,nan,nan,nan,nan,nan,nan,nan,nan,nan,nan,nan,nan,nan,nan,nan,nan,nan,nan,nan,nan,nan,nan,nan,nan,nan,nan,nan,nan,nan,nan,nan,nan,nan,nan,nan,nan,nan,nan,nan,nan,nan,nan,nan,nan,nan,nan,nan,nan,nan,nan,nan,nan,nan,nan,nan,nan,nan,nan,nan
49.180,TRACKING,25.929812,0.107353,25.922647,0.600000,-0.226203,-2.101082,0.000000,89.935968,-32.875681,29.400000,0.371058,11.800000,0.000000,0.000000,0.000000,88.198893,90.043321,-6.953034,30.000000,0.144855,9.698918,0.000000,0.000000,0.000000,89.144339,90.091886,-1.453146,29.400000,0.110420,7.915065,0.000000,0.000000,0.000000,0.000000,0.107353,25.922647,0.600000,25.929812,-0.226203,-2.101082,0.000000,2.113223,nan,nan,nan,0,nan,nan,nan,0,nan,nan,nan,nan,nan,nan,nan,nan,nan,nan,nan,nan,nan,nan,nan,nan,nan,nan,nan,nan,nan,nan,nan,nan,nan,nan,nan,nan,nan,nan,nan,nan,nan,nan,nan,nan,nan,nan,nan,nan,nan,nan,nan,nan,nan,nan,nan,nan,nan,nan,nan,nan,nan,nan,nan,nan,nan,nan,nan,nan,nan,nan,nan,nan,nan,nan,nan,nan,nan,nan,nan,nan,nan,nan,nan,nan,nan,nan,nan,nan
49.240,TRACKING,25.824780,0.096782,25.817628,0.600000,-0.211433,-2.100382,0.000000,89.950844,-32.285681,29.400000,0.297523,11.800000,0.000000,0.000000,0.000000,88.555663,90.047625,-6.468053,30.000000,0.086090,9.699618,0.000000,0.000000,0.000000,89.491480,90.080557,-0.968129,29.400000,0.062545,7.915670,0.000000,0.000000,0.000000,0.000000,0.096782,25.817628,0.600000,25.824780,-0.211433,-2.100382,0.000000,2.110997,nan,nan,nan,0,nan,nan,nan,0,nan,nan,nan,nan,nan,nan,nan,nan,nan,nan,nan,nan,nan,nan,nan,nan,nan,nan,nan,nan,nan,nan,nan,nan,nan,nan,nan,nan,nan,nan,nan,nan,nan,nan,nan,nan,nan,nan,nan,nan,nan,nan,nan,nan,nan,nan,nan,nan,nan,nan,nan,nan,nan,nan,nan,nan,nan,nan,nan,nan,nan,nan,nan,nan,nan,nan,nan,nan,nan,nan,nan,nan,nan,nan,nan,nan,nan,nan,nan,nan
49.280,TRACKING,25.719773,0.087238,25.712626,0.600000,-0.190879,-2.100038,0.000000,89.961754,-31.695681,29.400000,0.218200,11.800000,0.000000,0.000000,0.000000,88.940634,90.048991,-5.983055,30.000000,0.027321,9.699962,0.000000,0.000000,0.000000,89.838622,90.066260,-0.483082,29.400000,0.014897,7.915967,0.000000,0.000000,0.000000,0.000000,0.087238,25.712626,0.600000,25.719773,-0.190879,-2.100038,0.000000,2.108695,nan,nan,nan,0,nan,nan,nan,0,nan,nan,nan,nan,nan,nan,nan,nan,nan,nan,nan,nan,nan,nan,nan,nan,nan,nan,nan,nan,nan,nan,nan,nan,nan,nan,nan,nan,nan,nan,nan,nan,nan,nan,nan,nan,nan,nan,nan,nan,nan,nan,nan,nan,nan,nan,nan,nan,nan,nan,nan,nan,nan,nan,nan,nan,nan,nan,nan,nan,nan,nan,nan,nan,nan,nan,nan,nan,nan,nan,nan,nan,nan,nan,nan,nan,nan,nan,nan,nan
49.340,TRACKING,25.614772,0.078650,25.607623,0.600000,-0.171755,-2.100051,0.000000,89.968769,-31.105681,29.400000,0.140306,11.800000,0.000000,0.000000,0.000000,89.318767,90.047419,-5.498057,30.000000,-0.031449,9.699949,0.000000,0.000000,0.000000,90.185763,90.048988,0.001977,29.400000,-0.032808,7.915956,0.000000,0.000000,0.000000,0.000000,0.078650,25.607623,0.600000,25.614772,-0.171755,-2.100051,0.000000,2.107063,nan,nan,nan,0,nan,nan,nan,0,nan,nan,nan,nan,nan,nan,nan,nan,nan,nan,nan,nan,nan,nan,nan,nan,nan,nan,nan,nan,nan,nan,nan,nan,nan,nan,nan,nan,nan,nan,nan,nan,nan,nan,nan,nan,nan,nan,nan,nan,nan,nan,nan,nan,nan,nan,nan,nan,nan,nan,nan,nan,nan,nan,nan,nan,nan,nan,nan,nan,nan,nan,nan,nan,nan,nan,nan,nan,nan,nan,nan,nan,nan,nan,nan,nan,nan,nan,nan,nan
49.380,TRACKING,25.509758,0.070966,25.502602,0.600000,-0.153673,-2.100420,0.000000,89.971942,-30.515681,29.400000,0.063455,11.800000,0.000000,0.000000,0.000000,89.691892,90.042908,-5.013078,30.000000,-0.090218,9.699580,0.000000,0.000000,0.000000,90.532905,90.028731,0.487028,29.400000,-0.080553,7.915637,0.000000,0.000000,0.000000,0.000000,0.070966,25.502602,0.600000,25.509758,-0.153673,-2.100420,0.000000,2.106034,nan,nan,nan,0,nan,nan,nan,0,nan,nan,nan,nan,nan,nan,nan,nan,nan,nan,nan,nan,nan,nan,nan,nan,nan,nan,nan,nan,nan,nan,nan,nan,nan,nan,nan,nan,nan,nan,nan,nan,nan,nan,nan,nan,nan,nan,nan,nan,nan,nan,nan,nan,nan,nan,nan,nan,nan,nan,nan,nan,nan,nan,nan,nan,nan,nan,nan,nan,nan,nan,nan,nan,nan,nan,nan,nan,nan,nan,nan,nan,nan,nan,nan,nan,nan,nan,nan,nan
49.440,TRACKING,25.404712,0.064138,25.397545,0.600000,-0.136577,-2.101144,0.000000,89.971321,-29.925681,29.400000,-0.012406,11.800000,0.000000,0.000000,0.000000,90.060240,90.035459,-4.528136,30.000000,-0.148983,9.698856,0.000000,0.000000,0.000000,90.880047,90.009158,0.297706,29.400000,-0.128336,7.915011,0.000000,0.000000,0.000000,0.000000,0.064138,25.397545,0.600000,25.404712,-0.136577,-2.101144,0.000000,2.105578,nan,nan,nan,0,nan,nan,nan,0,nan,nan,nan,nan,nan,nan,nan,nan,nan,nan,nan,nan,nan,nan,nan,nan,nan,nan,nan,nan,nan,nan,nan,nan,nan,nan,nan,nan,nan,nan,nan,nan,nan,nan,nan,nan,nan,nan,nan,nan,nan,nan,nan,nan,nan,nan,nan,nan,nan,nan,nan,nan,nan,nan,nan,nan,nan,nan,nan,nan,nan,nan,nan,nan,nan,nan,nan,nan,nan,nan,nan,nan,nan,nan,nan,nan,nan,nan,nan,nan
49.480,TRACKING,25.299616,0.057897,25.292434,0.600000,-0.124812,-2.102225,0.000000,89.967175,-29.335681,29.400000,-0.082932,11.800000,0.000000,0.000000,0.000000,90.402675,90.025072,-4.043247,30.000000,-0.207743,9.697775,0.000000,0.000000,0.000000,91.227189,89.992676,-0.157900,29.400000,-0.176327,7.914076,0.000000,0.000000,0.000000,0.000000,0.057897,25.292434,0.600000,25.299616,-0.124812,-2.102225,0.000000,2.105927,nan,nan,nan,0,nan,nan,nan,0,nan,nan,nan,nan,nan,nan,nan,nan,nan,nan,nan,nan,nan,nan,nan,nan,nan,nan,nan,nan,nan,nan,nan,nan,nan,nan,nan,nan,nan,nan,nan,nan,nan,nan,nan,nan,nan,nan,nan,nan,nan,nan,nan,nan,nan,nan,nan,nan,nan,nan,nan,nan,nan,nan,nan,nan,nan,nan,nan,nan,nan,nan,nan,nan,nan,nan,nan,nan,nan,nan,nan,nan,nan,nan,nan,nan,nan,nan,nan,nan
49.540,TRACKING,25.194450,0.051858,25.187251,0.600000,-0.120770,-2.103662,0.000000,89.959888,-28.745681,29.400000,-0.145726,11.800000,0.000000,0.000000,0.000000,90.707547,90.011747,-3.558430,30.000000,-0.266496,9.696338,0.000000,0.000000,0.000000,91.574331,89.978538,-0.606529,29.400000,-0.224621,7.912834,0.000000,0.000000,0.000000,0.000000,0.051858,25.187251,0.600000,25.194450,-0.120770,-2.103662,0.000000,2.107125,nan,nan,nan,0,nan,nan,nan,0,nan,nan,nan,nan,nan,nan,nan,nan,nan,nan,nan,nan,nan,nan,nan,nan,nan,nan,nan,nan,nan,nan,nan,nan,nan,nan,nan,nan,nan,nan,nan,nan,nan,nan,nan,nan,nan,nan,nan,nan,nan,nan,nan,nan,nan,nan,nan,nan,nan,nan,nan,nan,nan,nan,nan,nan,nan,nan,nan,nan,nan,nan,nan,nan,nan,nan,nan,nan,nan,nan,nan,nan,nan,nan,nan,nan,nan,nan,nan,nan
49.580,TRACKING,25.089195,0.045709,25.081978,0.600000,-0.122996,-2.105454,0.000000,89.949776,-28.155681,29.400000,-0.202242,11.800000,0.000000,0.000000,0.000000,90.981906,89.995485,-3.073703,30.000000,-0.325238,9.694546,0.000000,0.000000,0.000000,91.921473,89.966706,-1.046131,29.400000,-0.273158,7.911284,0.000000,0.000000,0.000000,0.000000,0.045709,25.081978,0.600000,25.089195,-0.122996,-2.105454,0.000000,2.109044,nan,nan,nan,0,nan,nan,nan,0,nan,nan,nan,nan,nan,nan,nan,nan,nan,nan,nan,nan,nan,nan,nan,nan,nan,nan,nan,nan,nan,nan,nan,nan,nan,nan,nan,nan,nan,nan,nan,nan,nan,nan,nan,nan,nan,nan,nan,nan,nan,nan,nan,nan,nan,nan,nan,nan,nan,nan,nan,nan,nan,nan,nan,nan,nan,nan,nan,nan,nan,nan,nan,nan,nan,nan,nan,nan,nan,nan,nan,nan,nan,nan,nan,nan,nan,nan,nan,nan
49.640,TRACKING,24.983834,0.039152,24.976598,0.600000,-0.131127,-2.107603,0.000000,89.937134,-27.565681,29.400000,-0.252842,11.800000,0.000000,0.000000,0.000000,91.227505,89.976287,-2.589083,30.000000,-0.383969,9.692397,0.000000,0.000000,0.000000,92.268615,89.957148,-1.474774,29.400000,-0.321921,7.909426,0.000000,0.000000,0.000000,0.000000,0.039152,24.976598,0.600000,24.983834,-0.131127,-2.107603,0.000000,2.111678,nan,nan,nan,0,nan,nan,nan,0,nan,nan,nan,nan,nan,nan,nan,nan,nan,nan,nan,nan,nan,nan,nan,nan,nan,nan,nan,nan,nan,nan,nan,nan,nan,nan,nan,nan,nan,nan,nan,nan,nan,nan,nan,nan,nan,nan,nan,nan,nan,nan,nan,nan,nan,nan,nan,nan,nan,nan,nan,nan,nan,nan,nan,nan,nan,nan,nan,nan,nan,nan,nan,nan,nan,nan,nan,nan,nan,nan,nan,nan,nan,nan,nan,nan,nan,nan,nan,nan
49.680,TRACKING,24.878349,0.031913,24.871093,0.600000,-0.144781,-2.110107,0.000000,89.922239,-26.975681,29.400000,-0.297904,11.800000,0.000000,0.000000,0.000000,91.446189,89.954152,-2.104588,30.000000,-0.442686,9.689893,0.000000,0.000000,0.000000,92.615757,89.949830,-1.890642,29.400000,-0.370893,7.907260,0.000000,0.000000,0.000000,0.000000,0.031913,24.871093,0.600000,24.878349,-0.144781,-2.110107,0.000000,2.115068,nan,nan,nan,0,nan,nan,nan,0,nan,nan,nan,nan,nan,nan,nan,nan,nan,nan,nan,nan,nan,nan,nan,nan,nan,nan,nan,nan,nan,nan,nan,nan,nan,nan,nan,nan,nan,nan,nan,nan,nan,nan,nan,nan,nan,nan,nan,nan,nan,nan,nan,nan,nan,nan,nan,nan,nan,nan,nan,nan,nan,nan,nan,nan,nan,nan,nan,nan,nan,nan,nan,nan,nan,nan,nan,nan,nan,nan,nan,nan,nan,nan,nan,nan,nan,nan,nan,nan
49.740,TRACKING,24.772723,0.023733,24.765444,0.600000,-0.163603,-2.112967,0.000000,89.905350,-26.385681,29.400000,-0.337783,11.800000,0.000000,0.000000,0.000000,91.639685,89.929083,-1.620236,30.000000,-0.501386,9.687033,0.000000,0.000000,0.000000,92.962899,89.929083,-1.620236,29.400000,-0.420058,7.904787,0.000000,0.000000,0.000000,0.000000,0.023733,24.765444,0.600000,24.772723,-0.163603,-2.112967,0.000000,2.119291,nan,nan,nan,0,nan,nan,nan,0,nan,nan,nan,nan,nan,nan,nan,nan,nan,nan,nan,nan,nan,nan,nan,nan,nan,nan,nan,nan,nan,nan,nan,nan,nan,nan,nan,nan,nan,nan,nan,nan,nan,nan,nan,nan,nan,nan,nan,nan,nan,nan,nan,nan,nan,nan,nan,nan,nan,nan,nan,nan,nan,nan,nan,nan,nan,nan,nan,nan,nan,nan,nan,nan,nan,nan,nan,nan,nan,nan,nan,nan,nan,nan,nan,nan,nan,nan,nan,nan
49.780,TRACKING,24.666938,0.015309,24.659635,0.600000,-0.168489,-2.116182,0.000000,89.885771,-25.795681,29.400000,-0.391579,11.800000,0.000000,0.000000,0.000000,91.900642,89.901080,-1.136046,30.000000,-0.560068,9.683818,0.000000,0.000000,0.000000,93.310041,89.901080,-1.136046,29.400000,-0.468651,7.902006,0.000000,0.000000,0.000000,0.000000,0.015309,24.659635,0.600000,24.666938,-0.168489,-2.116182,0.000000,2.122879,nan,nan,nan,0,nan,nan,nan,0,nan,nan,nan,nan,nan,nan,nan,nan,nan,nan,nan,nan,nan,nan,nan,nan,nan,nan,nan,nan,nan,nan,nan,nan,nan,nan,nan,nan,nan,nan,nan,nan,nan,nan,nan,nan,nan,nan,nan,nan,nan,nan,nan,nan,nan,nan,nan,nan,nan,nan,nan,nan,nan,nan,nan,nan,nan,nan,nan,nan,nan,nan,nan,nan,nan,nan,nan,nan,nan,nan,nan,nan,nan,nan,nan,nan,nan,nan,nan,nan
49.840,TRACKING,24.560978,0.006886,24.553648,0.600000,-0.168448,-2.119753,0.000000,89.863257,-25.205681,29.400000,-0.450281,11.800000,0.000000,0.000000,0.000000,92.185313,89.870143,-0.652033,30.000000,-0.618730,9.680247,0.000000,0.000000,0.000000,93.657183,89.870143,-0.652033,29.400000,-0.517030,7.898918,0.000000,0.000000,0.000000,0.000000,0.006886,24.553648,0.600000,24.560978,-0.168448,-2.119753,0.000000,2.126436,nan,nan,nan,0,nan,nan,nan,0,nan,nan,nan,nan,nan,nan,nan,nan,nan,nan,nan,nan,nan,nan,nan,nan,nan,nan,nan,nan,nan,nan,nan,nan,nan,nan,nan,nan,nan,nan,nan,nan,nan,nan,nan,nan,nan,nan,nan,nan,nan,nan,nan,nan,nan,nan,nan,nan,nan,nan,nan,nan,nan,nan,nan,nan,nan,nan,nan,nan,nan,nan,nan,nan,nan,nan,nan,nan,nan,nan,nan,nan,nan,nan,nan,nan,nan,nan,nan,nan
49.880,TRACKING,24.454825,-0.001544,24.447464,0.600000,-0.168601,-2.123680,0.000000,89.837819,-24.615681,29.400000,-0.508767,11.800000,0.000000,0.000000,0.000000,92.468827,89.836275,-0.168217,30.000000,-0.677368,9.676320,0.000000,0.000000,0.000000,94.004325,89.836275,-0.168217,29.400000,-0.565398,7.895523,0.000000,0.000000,0.000000,0.000000,-0.001544,24.447464,0.600000,24.454825,-0.168601,-2.123680,0.000000,2.130362,nan,nan,nan,0,nan,nan,nan,0,nan,nan,nan,nan,nan,nan,nan,nan,nan,nan,nan,nan,nan,nan,nan,nan,nan,nan,nan,nan,nan,nan,nan,nan,nan,nan,nan,nan,nan,nan,nan,nan,nan,nan,nan,nan,nan,nan,nan,nan,nan,nan,nan,nan,nan,nan,nan,nan,nan,nan,nan,nan,nan,nan,nan,nan,nan,nan,nan,nan,nan,nan,nan,nan,nan,nan,nan,nan,nan,nan,nan,nan,nan,nan,nan,nan,nan,nan,nan,nan
49.940,TRACKING,24.348461,-0.009980,24.341066,0.600000,-0.168731,-2.127961,0.000000,89.809456,-24.025681,29.400000,-0.567251,11.800000,0.000000,0.000000,0.000000,92.752210,89.799476,0.315385,30.000000,-0.735982,9.672039,0.000000,0.000000,0.000000,94.351468,89.799476,0.315385,29.400000,-0.613745,7.891821,0.000000,0.000000,0.000000,0.000000,-0.009980,24.341066,0.600000,24.348461,-0.168731,-2.127961,0.000000,2.134640,nan,nan,nan,0,nan,nan,nan,0,nan,nan,nan,nan,nan,nan,nan,nan,nan,nan,nan,nan,nan,nan,nan,nan,nan,nan,nan,nan,nan,nan,nan,nan,nan,nan,nan,nan,nan,nan,nan,nan,nan,nan,nan,nan,nan,nan,nan,nan,nan,nan,nan,nan,nan,nan,nan,nan,nan,nan,nan,nan,nan,nan,nan,nan,nan,nan,nan,nan,nan,nan,nan,nan,nan,nan,nan,nan,nan,nan,nan,nan,nan,nan,nan,nan,nan,nan,nan,nan
49.980,TRACKING,24.241869,-0.018423,24.234436,0.600000,-0.168848,-2.132598,0.000000,89.778170,-23.435681,29.400000,-0.625721,11.800000,0.000000,0.000000,0.000000,93.035394,89.759747,0.798755,30.000000,-0.794569,9.667402,0.000000,0.000000,0.000000,94.698610,89.759747,0.798755,29.400000,-0.662069,7.887811,0.000000,0.000000,0.000000,0.000000,-0.018423,24.234436,0.600000,24.241869,-0.168848,-2.132598,0.000000,2.139272,nan,nan,nan,0,nan,nan,nan,0,nan,nan,nan,nan,nan,nan,nan,nan,nan,nan,nan,nan,nan,nan,nan,nan,nan,nan,nan,nan,nan,nan,nan,nan,nan,nan,nan,nan,nan,nan,nan,nan,nan,nan,nan,nan,nan,nan,nan,nan,nan,nan,nan,nan,nan,nan,nan,nan,nan,nan,nan,nan,nan,nan,nan,nan,nan,nan,nan,nan,nan,nan,nan,nan,nan,nan,nan,nan,nan,nan,nan,nan,nan,nan,nan,nan,nan,nan,nan,nan
50.040,TRACKING,24.135030,-0.026870,24.127556,0.600000,-0.168951,-2.137590,0.000000,89.743961,-22.845681,29.400000,-0.684176,11.800000,0.000000,0.000000,0.000000,93.318352,89.717091,1.281875,30.000000,-0.853127,9.662410,0.000000,0.000000,0.000000,95.045752,89.717091,1.281875,29.400000,-0.710368,7.883495,0.000000,0.000000,0.000000,0.000000,-0.026870,24.127556,0.600000,24.135030,-0.168951,-2.137590,0.000000,2.144256,nan,nan,nan,0,nan,nan,nan,0,nan,nan,nan,nan,nan,nan,nan,nan,nan,nan,nan,nan,nan,nan,nan,nan,nan,nan,nan,nan,nan,nan,nan,nan,nan,nan,nan,nan,nan,nan,nan,nan,nan,nan,nan,nan,nan,nan,nan,nan,nan,nan,nan,nan,nan,nan,nan,nan,nan,nan,nan,nan,nan,nan,nan,nan,nan,nan,nan,nan,nan,nan,nan,nan,nan,nan,nan,nan,nan,nan,nan,nan,nan,nan,nan,nan,nan,nan,nan,nan
50.080,TRACKING,24.027928,-0.035322,24.020409,0.600000,-0.169041,-2.142936,0.000000,89.706831,-22.255681,29.400000,-0.742612,11.800000,0.000000,0.000000,0.000000,93.601059,89.671508,1.764729,30.000000,-0.911653,9.657064,0.000000,0.000000,0.000000,95.392895,89.671508,1.764729,29.400000,-0.758640,7.878872,0.000000,0.000000,0.000000,0.000000,-0.035322,24.020409,0.600000,24.027928,-0.169041,-2.142936,0.000000,2.149593,nan,nan,nan,0,nan,nan,nan,0,nan,nan,nan,nan,nan,nan,nan,nan,nan,nan,nan,nan,nan,nan,nan,nan,nan,nan,nan,nan,nan,nan,nan,nan,nan,nan,nan,nan,nan,nan,nan,nan,nan,nan,nan,nan,nan,nan,nan,nan,nan,nan,nan,nan,nan,nan,nan,nan,nan,nan,nan,nan,nan,nan,nan,nan,nan,nan,nan,nan,nan,nan,nan,nan,nan,nan,nan,nan,nan,nan,nan,nan,nan,nan,nan,nan,nan,nan,nan,nan
50.140,TRACKING,23.920544,-0.043778,23.912978,0.600000,-0.169119,-2.148637,0.000000,89.666779,-21.665681,29.400000,-0.801027,11.800000,0.000000,0.000000,0.000000,93.883490,89.623001,2.247297,30.000000,-0.970146,9.651363,0.000000,0.000000,0.000000,95.740037,89.623001,2.247297,29.400000,-0.806885,7.873942,0.000000,0.000000,0.000000,0.000000,-0.043778,23.912978,0.600000,23.920544,-0.169119,-2.148637,0.000000,2.155282,nan,nan,nan,0,nan,nan,nan,0,nan,nan,nan,nan,nan,nan,nan,nan,nan,nan,nan,nan,nan,nan,nan,nan,nan,nan,nan,nan,nan,nan,nan,nan,nan,nan,nan,nan,nan,nan,nan,nan,nan,nan,nan,nan,nan,nan,nan,nan,nan,nan,nan,nan,nan,nan,nan,nan,nan,nan,nan,nan,nan,nan,nan,nan,nan,nan,nan,nan,nan,nan,nan,nan,nan,nan,nan,nan,nan,nan,nan,nan,nan,nan,nan,nan,nan,nan,nan,nan
50.180,TRACKING,23.812860,-0.052238,23.805243,0.600000,-0.169184,-2.154692,0.000000,89.623808,-21.075681,29.400000,-0.859419,11.800000,0.000000,0.000000,0.000000,94.165618,89.571571,2.729562,30.000000,-1.028603,9.645308,0.000000,0.000000,0.000000,96.087179,89.571571,2.729562,29.400000,-0.855100,7.868706,0.000000,0.000000,0.000000,0.000000,-0.052238,23.805243,0.600000,23.812860,-0.169184,-2.154692,0.000000,2.161323,nan,nan,nan,0,nan,nan,nan,0,nan,nan,nan,nan,nan,nan,nan,nan,nan,nan,nan,nan,nan,nan,nan,nan,nan,nan,nan,nan,nan,nan,nan,nan,nan,nan,nan,nan,nan,nan,nan,nan,nan,nan,nan,nan,nan,nan,nan,nan,nan,nan,nan,nan,nan,nan,nan,nan,nan,nan,nan,nan,nan,nan,nan,nan,nan,nan,nan,nan,nan,nan,nan,nan,nan,nan,nan,nan,nan,nan,nan,nan,nan,nan,nan,nan,nan,nan,nan,nan
50.240,TRACKING,23.704860,-0.060699,23.697188,0.600000,-0.169238,-2.161101,0.000000,89.577919,-20.485681,29.400000,-0.917785,11.800000,0.000000,0.000000,0.000000,94.447420,89.517220,3.211507,30.000000,-1.087023,9.638899,0.000000,0.000000,0.000000,96.434322,89.517220,3.211507,29.400000,-0.903283,7.863164,0.000000,0.000000,0.000000,0.000000,-0.060699,23.697188,0.600000,23.704860,-0.169238,-2.161101,0.000000,2.167717,nan,nan,nan,0,nan,nan,nan,0,nan,nan,nan,nan,nan,nan,nan,nan,nan,nan,nan,nan,nan,nan,nan,nan,nan,nan,nan,nan,nan,nan,nan,nan,nan,nan,nan,nan,nan,nan,nan,nan,nan,nan,nan,nan,nan,nan,nan,nan,nan,nan,nan,nan,nan,nan,nan,nan,nan,nan,nan,nan,nan,nan,nan,nan,nan,nan,nan,nan,nan,nan,nan,nan,nan,nan,nan,nan,nan,nan,nan,nan,nan,nan,nan,nan,nan,nan,nan,nan
50.280,TRACKING,23.596526,-0.069163,23.588795,0.600000,-0.169280,-2.167864,0.000000,89.529113,-19.895681,29.400000,-0.976123,11.800000,0.000000,0.000000,0.000000,94.728869,89.459949,3.693114,30.000000,-1.145403,9.632136,0.000000,0.000000,0.000000,96.781465,89.459949,3.693114,29.400000,-0.951433,7.857316,0.000000,0.000000,0.000000,0.000000,-0.069163,23.588795,0.600000,23.596526,-0.169280,-2.167864,0.000000,2.174463,nan,nan,nan,0,nan,nan,nan,0,nan,nan,nan,nan,nan,nan,nan,nan,nan,nan,nan,nan,nan,nan,nan,nan,nan,nan,nan,nan,nan,nan,nan,nan,nan,nan,nan,nan,nan,nan,nan,nan,nan,nan,nan,nan,nan,nan,nan,nan,nan,nan,nan,nan,nan,nan,nan,nan,nan,nan,nan,nan,nan,nan,nan,nan,nan,nan,nan,nan,nan,nan,nan,nan,nan,nan,nan,nan,nan,nan,nan,nan,nan,nan,nan,nan,nan,nan,nan,nan
50.340,TRACKING,23.487839,-0.077629,23.480046,0.600000,-0.169311,-2.174980,0.000000,89.477391,-19.305681,29.400000,-1.034429,11.800000,0.000000,0.000000,0.000000,95.009941,89.399762,4.174365,30.000000,-1.203740,9.625020,0.000000,0.000000,0.000000,97.128607,89.399762,4.174365,29.400000,-0.999548,7.851162,0.000000,0.000000,0.000000,0.000000,-0.077629,23.480046,0.600000,23.487839,-0.169311,-2.174980,0.000000,2.181560,nan,nan,nan,0,nan,nan,nan,0,nan,nan,nan,nan,nan,nan,nan,nan,nan,nan,nan,nan,nan,nan,nan,nan,nan,nan,nan,nan,nan,nan,nan,nan,nan,nan,nan,nan,nan,nan,nan,nan,nan,nan,nan,nan,nan,nan,nan,nan,nan,nan,nan,nan,nan,nan,nan,nan,nan,nan,nan,nan,nan,nan,nan,nan,nan,nan,nan,nan,nan,nan,nan,nan,nan,nan,nan,nan,nan,nan,nan,nan,nan,nan,nan,nan,nan,nan,nan,nan
50.380,TRACKING,23.378782,-0.086096,23.370923,0.600000,-0.169331,-2.182450,0.000000,89.422756,-18.715681,29.400000,-1.092703,11.800000,0.000000,0.000000,0.000000,95.290611,89.336661,4.655242,30.000000,-1.262034,9.617550,0.000000,0.000000,0.000000,97.475750,89.336661,4.655242,29.400000,-1.047626,7.844702,0.000000,0.000000,0.000000,0.000000,-0.086096,23.370923,0.600000,23.378782,-0.169331,-2.182450,0.000000,2.189009,nan,nan,nan,0,nan,nan,nan,0,nan,nan,nan,nan,nan,nan,nan,nan,nan,nan,nan,nan,nan,nan,nan,nan,nan,nan,nan,nan,nan,nan,nan,nan,nan,nan,nan,nan,nan,nan,nan,nan,nan,nan,nan,nan,nan,nan,nan,nan,nan,nan,nan,nan,nan,nan,nan,nan,nan,nan,nan,nan,nan,nan,nan,nan,nan,nan,nan,nan,nan,nan,nan,nan,nan,nan,nan,nan,nan,nan,nan,nan,nan,nan,nan,nan,nan,nan,nan,nan
50.440,TRACKING,23.269339,-0.094563,23.261410,0.600000,-0.169340,-2.190273,0.000000,89.365209,-18.125681,29.400000,-1.150940,11.800000,0.000000,0.000000,0.000000,95.570855,89.270647,5.135729,30.000000,-1.320281,9.609727,0.000000,0.000000,0.000000,97.822892,89.270647,5.135729,29.400000,-1.095665,7.837937,0.000000,0.000000,0.000000,0.000000,-0.094563,23.261410,0.600000,23.269339,-0.169340,-2.190273,0.000000,2.196809,nan,nan,nan,0,nan,nan,nan,0,nan,nan,nan,nan,nan,nan,nan,nan,nan,nan,nan,nan,nan,nan,nan,nan,nan,nan,nan,nan,nan,nan,nan,nan,nan,nan,nan,nan,nan,nan,nan,nan,nan,nan,nan,nan,nan,nan,nan,nan,nan,nan,nan,nan,nan,nan,nan,nan,nan,nan,nan,nan,nan,nan,nan,nan,nan,nan,nan,nan,nan,nan,nan,nan,nan,nan,nan,nan,nan,nan,nan,nan,nan,nan,nan,nan,nan,nan,nan,nan
50.480,TRACKING,23.159490,-0.103030,23.151487,0.600000,-0.169339,-2.198448,0.000000,89.304752,-17.535681,29.400000,-1.209140,11.800000,0.000000,0.000000,0.000000,95.850649,89.201723,5.615806,30.000000,-1.378479,9.601552,0.000000,0.000000,0.000000,98.170035,89.201723,5.615806,29.400000,-1.143664,7.830868,0.000000,0.000000,0.000000,0.000000,-0.103030,23.151487,0.600000,23.159490,-0.169339,-2.198448,0.000000,2.204961,nan,nan,nan,0,nan,nan,nan,0,nan,nan,nan,nan,nan,nan,nan,nan,nan,nan,nan,nan,nan,nan,nan,nan,nan,nan,nan,nan,nan,nan,nan,nan,nan,nan,nan,nan,nan,nan,nan,nan,nan,nan,nan,nan,nan,nan,nan,nan,nan,nan,nan,nan,nan,nan,nan,nan,nan,nan,nan,nan,nan,nan,nan,nan,nan,nan,nan,nan,nan,nan,nan,nan,nan,nan,nan,nan,nan,nan,nan,nan,nan,nan,nan,nan,nan,nan,nan,nan
50.540,TRACKING,23.049219,-0.111496,23.041138,0.600000,-0.169328,-2.206976,0.000000,89.241387,-16.945681,29.400000,-1.267299,11.800000,0.000000,0.000000,0.000000,96.129969,89.129891,6.095458,30.000000,-1.436627,9.593024,0.000000,0.000000,0.000000,98.517178,89.129891,6.095458,29.400000,-1.191620,7.823493,0.000000,0.000000,0.000000,0.000000,-0.111496,23.041138,0.600000,23.049219,-0.169328,-2.206976,0.000000,2.213463,nan,nan,nan,0,nan,nan,nan,0,nan,nan,nan,nan,nan,nan,nan,nan,nan,nan,nan,nan,nan,nan,nan,nan,nan,nan,nan,nan,nan,nan,nan,nan,nan,nan,nan,nan,nan,nan,nan,nan,nan,nan,nan,nan,nan,nan,nan,nan,nan,nan,nan,nan,nan,nan,nan,nan,nan,nan,nan,nan,nan,nan,nan,nan,nan,nan,nan,nan,nan,nan,nan,nan,nan,nan,nan,nan,nan,nan,nan,nan,nan,nan,nan,nan,nan,nan,nan,nan
50.580,TRACKING,22.938508,-0.119961,22.930346,0.600000,-0.169307,-2.215857,0.000000,89.175116,-16.355681,29.400000,-1.325416,11.800000,0.000000,0.000000,0.000000,96.408792,89.055155,6.574665,30.000000,-1.494723,9.584143,0.000000,0.000000,0.000000,98.864320,89.055155,6.574665,29.400000,-1.239533,7.815814,0.000000,0.000000,0.000000,0.000000,-0.119961,22.930346,0.600000,22.938508,-0.169307,-2.215857,0.000000,2.222315,nan,nan,nan,0,nan,nan,nan,0,nan,nan,nan,nan,nan,nan,nan,nan,nan,nan,nan,nan,nan,nan,nan,nan,nan,nan,nan,nan,nan,nan,nan,nan,nan,nan,nan,nan,nan,nan,nan,nan,nan,nan,nan,nan,nan,nan,nan,nan,nan,nan,nan,nan,nan,nan,nan,nan,nan,nan,nan,nan,nan,nan,nan,nan,nan,nan,nan,nan,nan,nan,nan,nan,nan,nan,nan,nan,nan,nan,nan,nan,nan,nan,nan,nan,nan,nan,nan,nan
50.640,TRACKING,22.827339,-0.128425,22.819091,0.600000,-0.169276,-2.225089,0.000000,89.105942,-15.765681,29.400000,-1.383487,11.800000,0.000000,0.000000,0.000000,96.687094,88.977517,7.053410,30.000000,-1.552763,9.574911,0.000000,0.000000,0.000000,99.211463,88.977517,7.053410,29.400000,-1.287401,7.807831,0.000000,0.000000,0.000000,0.000000,-0.128425,22.819091,0.600000,22.827339,-0.169276,-2.225089,0.000000,2.231518,nan,nan,nan,0,nan,nan,nan,0,nan,nan,nan,nan,nan,nan,nan,nan,nan,nan,nan,nan,nan,nan,nan,nan,nan,nan,nan,nan,nan,nan,nan,nan,nan,nan,nan,nan,nan,nan,nan,nan,nan,nan,nan,nan,nan,nan,nan,nan,nan,nan,nan,nan,nan,nan,nan,nan,nan,nan,nan,nan,nan,nan,nan,nan,nan,nan,nan,nan,nan,nan,nan,nan,nan,nan,nan,nan,nan,nan,nan,nan,nan,nan,nan,nan,nan,nan,nan,nan
50.680,TRACKING,22.715695,-0.136887,22.707357,0.600000,-0.169236,-2.234672,0.000000,89.033867,-15.175681,29.400000,-1.441511,11.800000,0.000000,0.000000,0.000000,96.964852,88.896980,7.531677,30.000000,-1.610747,9.565328,0.000000,0.000000,0.000000,99.558606,88.896980,7.531677,29.400000,-1.335220,7.799543,0.000000,0.000000,0.000000,0.000000,-0.136887,22.707357,0.600000,22.715695,-0.169236,-2.234672,0.000000,2.241071,nan,nan,nan,0,nan,nan,nan,0,nan,nan,nan,nan,nan,nan,nan,nan,nan,nan,nan,nan,nan,nan,nan,nan,nan,nan,nan,nan,nan,nan,nan,nan,nan,nan,nan,nan,nan,nan,nan,nan,nan,nan,nan,nan,nan,nan,nan,nan,nan,nan,nan,nan,nan,nan,nan,nan,nan,nan,nan,nan,nan,nan,nan,nan,nan,nan,nan,nan,nan,nan,nan,nan,nan,nan,nan,nan,nan,nan,nan,nan,nan,nan,nan,nan,nan,nan,nan,nan
50.740,TRACKING,22.603559,-0.145346,22.595127,0.600000,-0.169186,-2.244607,0.000000,88.958892,-14.585681,29.400000,-1.499485,11.800000,0.000000,0.000000,0.000000,97.242044,88.813546,8.009446,30.000000,-1.668671,9.555393,0.000000,0.000000,0.000000,99.905749,88.813546,8.009446,29.400000,-1.382991,7.790952,0.000000,0.000000,0.000000,0.000000,-0.145346,22.595127,0.600000,22.603559,-0.169186,-2.244607,0.000000,2.250974,nan,nan,nan,0,nan,nan,nan,0,nan,nan,nan,nan,nan,nan,nan,nan,nan,nan,nan,nan,nan,nan,nan,nan,nan,nan,nan,nan,nan,nan,nan,nan,nan,nan,nan,nan,nan,nan,nan,nan,nan,nan,nan,nan,nan,nan,nan,nan,nan,nan,nan,nan,nan,nan,nan,nan,nan,nan,nan,nan,nan,nan,nan,nan,nan,nan,nan,nan,nan,nan,nan,nan,nan,nan,nan,nan,nan,nan,nan,nan,nan,nan,nan,nan,nan,nan,nan,nan
50.780,TRACKING,22.490913,-0.153803,22.482383,0.600000,-0.169128,-2.254892,0.000000,88.881022,-13.995681,29.400000,-1.557406,11.800000,0.000000,0.000000,0.000000,97.518647,88.727219,8.486702,30.000000,-1.726534,9.545108,0.000000,0.000000,0.000000,100.252892,88.727219,8.486702,29.400000,-1.430711,7.782058,0.000000,0.000000,0.000000,0.000000,-0.153803,22.482383,0.600000,22.490913,-0.169128,-2.254892,0.000000,2.261226,nan,nan,nan,0,nan,nan,nan,0,nan,nan,nan,nan,nan,nan,nan,nan,nan,nan,nan,nan,nan,nan,nan,nan,nan,nan,nan,nan,nan,nan,nan,nan,nan,nan,nan,nan,nan,nan,nan,nan,nan,nan,nan,nan,nan,nan,nan,nan,nan,nan,nan,nan,nan,nan,nan,nan,nan,nan,nan,nan,nan,nan,nan,nan,nan,nan,nan,nan,nan,nan,nan,nan,nan,nan,nan,nan,nan,nan,nan,nan,nan,nan,nan,nan,nan,nan,nan,nan
50.840,TRACKING,22.377740,-0.162256,22.369106,0.600000,-0.169060,-2.265528,0.000000,88.800258,-13.405681,29.400000,-1.615274,11.800000,0.000000,0.000000,0.000000,97.794638,88.638003,8.963425,30.000000,-1.784334,9.534472,0.000000,0.000000,0.000000,100.600034,88.638003,8.963425,29.400000,-1.478378,7.772861,0.000000,0.000000,0.000000,0.000000,-0.162256,22.369106,0.600000,22.377740,-0.169060,-2.265528,0.000000,2.271827,nan,nan,nan,0,nan,nan,nan,0,nan,nan,nan,nan,nan,nan,nan,nan,nan,nan,nan,nan,nan,nan,nan,nan,nan,nan,nan,nan,nan,nan,nan,nan,nan,nan,nan,nan,nan,nan,nan,nan,nan,nan,nan,nan,nan,nan,nan,nan,nan,nan,nan,nan,nan,nan,nan,nan,nan,nan,nan,nan,nan,nan,nan,nan,nan,nan,nan,nan,nan,nan,nan,nan,nan,nan,nan,nan,nan,nan,nan,nan,nan,nan,nan,nan,nan,nan,nan,nan
50.880,TRACKING,22.264021,-0.170705,22.255280,0.600000,-0.168983,-2.276514,0.000000,88.716604,-12.815681,29.400000,-1.673085,11.800000,0.000000,0.000000,0.000000,98.069996,88.545899,9.439600,30.000000,-1.842068,9.523486,0.000000,0.000000,0.000000,100.947177,88.545899,9.439600,29.400000,-1.525991,7.763361,0.000000,0.000000,0.000000,0.000000,-0.170705,22.255280,0.600000,22.264021,-0.168983,-2.276514,0.000000,2.282777,nan,nan,nan,0,nan,nan,nan,0,nan,nan,nan,nan,nan,nan,nan,nan,nan,nan,nan,nan,nan,nan,nan,nan,nan,nan,nan,nan,nan,nan,nan,nan,nan,nan,nan,nan,nan,nan,nan,nan,nan,nan,nan,nan,nan,nan,nan,nan,nan,nan,nan,nan,nan,nan,nan,nan,nan,nan,nan,nan,nan,nan,nan,nan,nan,nan,nan,nan,nan,nan,nan,nan,nan,nan,nan,nan,nan,nan,nan,nan,nan,nan,nan,nan,nan,nan,nan,nan
50.940,TRACKING,22.149741,-0.179150,22.140888,0.600000,-0.168898,-2.287849,0.000000,88.630062,-12.225681,29.400000,-1.730836,11.800000,0.000000,0.000000,0.000000,98.344699,88.450913,9.915207,30.000000,-1.899735,9.512151,0.000000,0.000000,0.000000,101.294320,88.450913,9.915207,29.400000,-1.573547,7.753559,0.000000,0.000000,0.000000,0.000000,-0.179150,22.140888,0.600000,22.149741,-0.168898,-2.287849,0.000000,2.294075,nan,nan,nan,0,nan,nan,nan,0,nan,nan,nan,nan,nan,nan,nan,nan,nan,nan,nan,nan,nan,nan,nan,nan,nan,nan,nan,nan,nan,nan,nan,nan,nan,nan,nan,nan,nan,nan,nan,nan,nan,nan,nan,nan,nan,nan,nan,nan,nan,nan,nan,nan,nan,nan,nan,nan,nan,nan,nan,nan,nan,nan,nan,nan,nan,nan,nan,nan,nan,nan,nan,nan,nan,nan,nan,nan,nan,nan,nan,nan,nan,nan,nan,nan,nan,nan,nan,nan
50.980,TRACKING,22.034880,-0.187590,22.025911,0.600000,-0.168805,-2.299534,0.000000,88.540636,-11.635681,29.400000,-1.788527,11.800000,0.000000,0.000000,0.000000,98.618725,88.353046,10.390230,30.000000,-1.957332,9.500466,0.000000,0.000000,0.000000,101.641463,88.353046,10.390230,29.400000,-1.621046,7.743454,0.000000,0.000000,0.000000,0.000000,-0.187590,22.025911,0.600000,22.034880,-0.168805,-2.299534,0.000000,2.305722,nan,nan,nan,0,nan,nan,nan,0,nan,nan,nan,nan,nan,nan,nan,nan,nan,nan,nan,nan,nan,nan,nan,nan,nan,nan,nan,nan,nan,nan,nan,nan,nan,nan,nan,nan,nan,nan,nan,nan,nan,nan,nan,nan,nan,nan,nan,nan,nan,nan,nan,nan,nan,nan,nan,nan,nan,nan,nan,nan,nan,nan,nan,nan,nan,nan,nan,nan,nan,nan,nan,nan,nan,nan,nan,nan,nan,nan,nan,nan,nan,nan,nan,nan,nan,nan,nan,nan
51.040,TRACKING,21.919423,-0.196025,21.910333,0.600000,-0.168702,-2.311567,0.000000,88.448328,-11.045681,29.400000,-1.846154,11.800000,0.000000,0.000000,0.000000,98.892054,88.252303,10.864652,30.000000,-2.014857,9.488433,0.000000,0.000000,0.000000,101.988606,88.252303,10.864652,29.400000,-1.668485,7.733049,0.000000,0.000000,0.000000,0.000000,-0.196025,21.910333,0.600000,21.919423,-0.168702,-2.311567,0.000000,2.317715,nan,nan,nan,0,nan,nan,nan,0,nan,nan,nan,nan,nan,nan,nan,nan,nan,nan,nan,nan,nan,nan,nan,nan,nan,nan,nan,nan,nan,nan,nan,nan,nan,nan,nan,nan,nan,nan,nan,nan,nan,nan,nan,nan,nan,nan,nan,nan,nan,nan,nan,nan,nan,nan,nan,nan,nan,nan,nan,nan,nan,nan,nan,nan,nan,nan,nan,nan,nan,nan,nan,nan,nan,nan,nan,nan,nan,nan,nan,nan,nan,nan,nan,nan,nan,nan,nan,nan
51.080,TRACKING,21.803352,-0.204455,21.794135,0.600000,-0.168592,-2.323949,0.000000,88.353142,-10.455681,29.400000,-1.903716,11.800000,0.000000,0.000000,0.000000,99.164665,88.148688,11.338455,30.000000,-2.072308,9.476051,0.000000,0.000000,0.000000,102.335749,88.148688,11.338455,29.400000,-1.715863,7.722342,0.000000,0.000000,0.000000,0.000000,-0.204455,21.794135,0.600000,21.803352,-0.168592,-2.323949,0.000000,2.330056,nan,nan,nan,0,nan,nan,nan,0,nan,nan,nan,nan,nan,nan,nan,nan,nan,nan,nan,nan,nan,nan,nan,nan,nan,nan,nan,nan,nan,nan,nan,nan,nan,nan,nan,nan,nan,nan,nan,nan,nan,nan,nan,nan,nan,nan,nan,nan,nan,nan,nan,nan,nan,nan,nan,nan,nan,nan,nan,nan,nan,nan,nan,nan,nan,nan,nan,nan,nan,nan,nan,nan,nan,nan,nan,nan,nan,nan,nan,nan,nan,nan,nan,nan,nan,nan,nan,nan
51.140,TRACKING,21.686648,-0.212878,21.677301,0.600000,-0.168474,-2.336679,0.000000,88.255082,-9.865681,29.400000,-1.961209,11.800000,0.000000,0.000000,0.000000,99.436536,88.042204,11.811621,30.000000,-2.129683,9.463321,0.000000,0.000000,0.000000,102.682892,88.042204,11.811621,29.400000,-1.763178,7.711334,0.000000,0.000000,0.000000,0.000000,-0.212878,21.677301,0.600000,21.686648,-0.168474,-2.336679,0.000000,2.342744,nan,nan,nan,0,nan,nan,nan,0,nan,nan,nan,nan,nan,nan,nan,nan,nan,nan,nan,nan,nan,nan,nan,nan,nan,nan,nan,nan,nan,nan,nan,nan,nan,nan,nan,nan,nan,nan,nan,nan,nan,nan,nan,nan,nan,nan,nan,nan,nan,nan,nan,nan,nan,nan,nan,nan,nan,nan,nan,nan,nan,nan,nan,nan,nan,nan,nan,nan,nan,nan,nan,nan,nan,nan,nan,nan,nan,nan,nan,nan,nan,nan,nan,nan,nan,nan,nan,nan
51.180,TRACKING,21.569296,-0.221296,21.559814,0.600000,-0.168347,-2.349756,0.000000,88.154150,-9.275681,29.400000,-2.018632,11.800000,0.000000,0.000000,0.000000,99.707649,87.932855,12.284133,30.000000,-2.186979,9.450244,0.000000,0.000000,0.000000,103.030035,87.932855,12.284133,29.400000,-1.810428,7.700026,0.000000,0.000000,0.000000,0.000000,-0.221296,21.559814,0.600000,21.569296,-0.168347,-2.349756,0.000000,2.355778,nan,nan,nan,0,nan,nan,nan,0,nan,nan,nan,nan,nan,nan,nan,nan,nan,nan,nan,nan,nan,nan,nan,nan,nan,nan,nan,nan,nan,nan,nan,nan,nan,nan,nan,nan,nan,nan,nan,nan,nan,nan,nan,nan,nan,nan,nan,nan,nan,nan,nan,nan,nan,nan,nan,nan,nan,nan,nan,nan,nan,nan,nan,nan,nan,nan,nan,nan,nan,nan,nan,nan,nan,nan,nan,nan,nan,nan,nan,nan,nan,nan,nan,nan,nan,nan,nan,nan
51.240,TRACKING,21.451278,-0.229706,21.441655,0.600000,-0.168213,-2.363179,0.000000,88.050351,-8.685681,29.400000,-2.075983,11.800000,0.000000,0.000000,0.000000,99.977982,87.820645,12.755974,30.000000,-2.244196,9.436821,0.000000,0.000000,0.000000,103.377178,87.820645,12.755974,29.400000,-1.857612,7.688418,0.000000,0.000000,0.000000,0.000000,-0.229706,21.441655,0.600000,21.451278,-0.168213,-2.363179,0.000000,2.369159,nan,nan,nan,0,nan,nan,nan,0,nan,nan,nan,nan,nan,nan,nan,nan,nan,nan,nan,nan,nan,nan,nan,nan,nan,nan,nan,nan,nan,nan,nan,nan,nan,nan,nan,nan,nan,nan,nan,nan,nan,nan,nan,nan,nan,nan,nan,nan,nan,nan,nan,nan,nan,nan,nan,nan,nan,nan,nan,nan,nan,nan,nan,nan,nan,nan,nan,nan,nan,nan,nan,nan,nan,nan,nan,nan,nan,nan,nan,nan,nan,nan,nan,nan,nan,nan,nan,nan
51.280,TRACKING,21.332576,-0.238110,21.322807,0.600000,-0.168071,-2.376950,0.000000,87.943688,-8.095681,29.400000,-2.133259,11.800000,0.000000,0.000000,0.000000,100.247517,87.705578,13.227127,30.000000,-2.301330,9.423050,0.000000,0.000000,0.000000,103.724321,87.705578,13.227127,29.400000,-1.904727,7.676510,0.000000,0.000000,0.000000,0.000000,-0.238110,21.322807,0.600000,21.332576,-0.168071,-2.376950,0.000000,2.382884,nan,nan,nan,0,nan,nan,nan,0,nan,nan,nan,nan,nan,nan,nan,nan,nan,nan,nan,nan,nan,nan,nan,nan,nan,nan,nan,nan,nan,nan,nan,nan,nan,nan,nan,nan,nan,nan,nan,nan,nan,nan,nan,nan,nan,nan,nan,nan,nan,nan,nan,nan,nan,nan,nan,nan,nan,nan,nan,nan,nan,nan,nan,nan,nan,nan,nan,nan,nan,nan,nan,nan,nan,nan,nan,nan,nan,nan,nan,nan,nan,nan,nan,nan,nan,nan,nan,nan
51.340,TRACKING,21.213174,-0.246506,21.203254,0.600000,-0.167921,-2.391066,0.000000,87.834165,-7.505681,29.400000,-2.190459,11.800000,0.000000,0.000000,0.000000,100.516233,87.587659,13.697573,30.000000,-2.358380,9.408934,0.000000,0.000000,0.000000,104.071464,87.587659,13.697573,29.400000,-1.951772,7.664303,0.000000,0.000000,0.000000,0.000000,-0.246506,21.203254,0.600000,21.213174,-0.167921,-2.391066,0.000000,2.396955,nan,nan,nan,0,nan,nan,nan,0,nan,nan,nan,nan,nan,nan,nan,nan,nan,nan,nan,nan,nan,nan,nan,nan,nan,nan,nan,nan,nan,nan,nan,nan,nan,nan,nan,nan,nan,nan,nan,nan,nan,nan,nan,nan,nan,nan,nan,nan,nan,nan,nan,nan,nan,nan,nan,nan,nan,nan,nan,nan,nan,nan,nan,nan,nan,nan,nan,nan,nan,nan,nan,nan,nan,nan,nan,nan,nan,nan,nan,nan,nan,nan,nan,nan,nan,nan,nan,nan
51.380,TRACKING,21.093054,-0.254894,21.082978,0.600000,-0.167763,-2.405527,0.000000,87.721786,-6.915681,29.400000,-2.247580,11.800000,0.000000,0.000000,0.000000,100.784113,87.466892,14.167297,30.000000,-2.415343,9.394473,0.000000,0.000000,0.000000,104.418607,87.466892,14.167297,29.400000,-1.998746,7.651798,0.000000,0.000000,0.000000,0.000000,-0.254894,21.082978,0.600000,21.093054,-0.167763,-2.405527,0.000000,2.411370,nan,nan,nan,0,nan,nan,nan,0,nan,nan,nan,nan,nan,nan,nan,nan,nan,nan,nan,nan,nan,nan,nan,nan,nan,nan,nan,nan,nan,nan,nan,nan,nan,nan,nan,nan,nan,nan,nan,nan,nan,nan,nan,nan,nan,nan,nan,nan,nan,nan,nan,nan,nan,nan,nan,nan,nan,nan,nan,nan,nan,nan,nan,nan,nan,nan,nan,nan,nan,nan,nan,nan,nan,nan,nan,nan,nan,nan,nan,nan,nan,nan,nan,nan,nan,nan,nan,nan
51.440,TRACKING,20.972199,-0.263274,20.961961,0.600000,-0.167599,-2.420334,0.000000,87.606555,-6.325681,29.400000,-2.304619,11.800000,0.000000,0.000000,0.000000,101.051136,87.343281,14.636280,30.000000,-2.472217,9.379666,0.000000,0.000000,0.000000,104.765751,87.343281,14.636280,29.400000,-2.045646,7.638994,0.000000,0.000000,0.000000,0.000000,-0.263274,20.961961,0.600000,20.972199,-0.167599,-2.420334,0.000000,2.426129,nan,nan,nan,0,nan,nan,nan,0,nan,nan,nan,nan,nan,nan,nan,nan,nan,nan,nan,nan,nan,nan,nan,nan,nan,nan,nan,nan,nan,nan,nan,nan,nan,nan,nan,nan,nan,nan,nan,nan,nan,nan,nan,nan,nan,nan,nan,nan,nan,nan,nan,nan,nan,nan,nan,nan,nan,nan,nan,nan,nan,nan,nan,nan,nan,nan,nan,nan,nan,nan,nan,nan,nan,nan,nan,nan,nan,nan,nan,nan,nan,nan,nan,nan,nan,nan,nan,nan
51.480,TRACKING,20.850592,-0.271645,20.840187,0.600000,-0.167426,-2.435484,0.000000,87.488477,-5.735681,29.400000,-2.361575,11.800000,0.000000,0.000000,0.000000,101.317286,87.216831,15.104506,30.000000,-2.529001,9.364516,0.000000,0.000000,0.000000,105.112894,87.216831,15.104506,29.400000,-2.092471,7.625892,0.000000,0.000000,0.000000,0.000000,-0.271645,20.840187,0.600000,20.850592,-0.167426,-2.435484,0.000000,2.441232,nan,nan,nan,0,nan,nan,nan,0,nan,nan,nan,nan,nan,nan,nan,nan,nan,nan,nan,nan,nan,nan,nan,nan,nan,nan,nan,nan,nan,nan,nan,nan,nan,nan,nan,nan,nan,nan,nan,nan,nan,nan,nan,nan,nan,nan,nan,nan,nan,nan,nan,nan,nan,nan,nan,nan,nan,nan,nan,nan,nan,nan,nan,nan,nan,nan,nan,nan,nan,nan,nan,nan,nan,nan,nan,nan,nan,nan,nan,nan,nan,nan,nan,nan,nan,nan,nan,nan
51.540,TRACKING,20.728216,-0.280008,20.717638,0.600000,-0.167246,-2.450979,0.000000,87.367554,-5.145681,29.400000,-2.418446,11.800000,0.000000,0.000000,0.000000,101.582543,87.087547,15.571957,30.000000,-2.585692,9.349021,0.000000,0.000000,0.000000,105.460037,87.087547,15.571957,29.400000,-2.139219,7.612494,0.000000,0.000000,0.000000,0.000000,-0.280008,20.717638,0.600000,20.728216,-0.167246,-2.450979,0.000000,2.456678,nan,nan,nan,0,nan,nan,nan,0,nan,nan,nan,nan,nan,nan,nan,nan,nan,nan,nan,nan,nan,nan,nan,nan,nan,nan,nan,nan,nan,nan,nan,nan,nan,nan,nan,nan,nan,nan,nan,nan,nan,nan,nan,nan,nan,nan,nan,nan,nan,nan,nan,nan,nan,nan,nan,nan,nan,nan,nan,nan,nan,nan,nan,nan,nan,nan,nan,nan,nan,nan,nan,nan,nan,nan,nan,nan,nan,nan,nan,nan,nan,nan,nan,nan,nan,nan,nan,nan
51.580,TRACKING,20.605053,-0.288361,20.594297,0.600000,-0.167059,-2.466817,0.000000,87.243793,-4.555681,29.400000,-2.475229,11.800000,0.000000,0.000000,0.000000,101.846890,86.955432,16.038616,30.000000,-2.642288,9.333183,0.000000,0.000000,0.000000,105.807180,86.955432,16.038616,29.400000,-2.185889,7.598798,0.000000,0.000000,0.000000,0.000000,-0.288361,20.594297,0.600000,20.605053,-0.167059,-2.466817,0.000000,2.472467,nan,nan,nan,0,nan,nan,nan,0,nan,nan,nan,nan,nan,nan,nan,nan,nan,nan,nan,nan,nan,nan,nan,nan,nan,nan,nan,nan,nan,nan,nan,nan,nan,nan,nan,nan,nan,nan,nan,nan,nan,nan,nan,nan,nan,nan,nan,nan,nan,nan,nan,nan,nan,nan,nan,nan,nan,nan,nan,nan,nan,nan,nan,nan,nan,nan,nan,nan,nan,nan,nan,nan,nan,nan,nan,nan,nan,nan,nan,nan,nan,nan,nan,nan,nan,nan,nan,nan
51.640,TRACKING,20.481088,-0.296704,20.470147,0.600000,-0.166865,-2.482997,0.000000,87.117197,-3.965681,29.400000,-2.531922,11.800000,0.000000,0.000000,0.000000,102.110310,86.820493,16.504466,30.000000,-2.698787,9.317003,0.000000,0.000000,0.000000,106.154323,86.820493,16.504466,29.400000,-2.232478,7.584806,0.000000,0.000000,0.000000,0.000000,-0.296704,20.470147,0.600000,20.481088,-0.166865,-2.482997,0.000000,2.488597,nan,nan,nan,0,nan,nan,nan,0,nan,nan,nan,nan,nan,nan,nan,nan,nan,nan,nan,nan,nan,nan,nan,nan,nan,nan,nan,nan,nan,nan,nan,nan,nan,nan,nan,nan,nan,nan,nan,nan,nan,nan,nan,nan,nan,nan,nan,nan,nan,nan,nan,nan,nan,nan,nan,nan,nan,nan,nan,nan,nan,nan,nan,nan,nan,nan,nan,nan,nan,nan,nan,nan,nan,nan,nan,nan,nan,nan,nan,nan,nan,nan,nan,nan,nan,nan,nan,nan
51.680,TRACKING,20.356302,-0.305037,20.345171,0.600000,-0.166664,-2.499519,0.000000,86.987771,-3.375681,29.400000,-2.588523,11.800000,0.000000,0.000000,0.000000,102.372785,86.682734,16.969490,30.000000,-2.755187,9.300481,0.000000,0.000000,0.000000,106.501466,86.682734,16.969490,29.400000,-2.278986,7.570519,0.000000,0.000000,0.000000,0.000000,-0.305037,20.345171,0.600000,20.356302,-0.166664,-2.499519,0.000000,2.505069,nan,nan,nan,0,nan,nan,nan,0,nan,nan,nan,nan,nan,nan,nan,nan,nan,nan,nan,nan,nan,nan,nan,nan,nan,nan,nan,nan,nan,nan,nan,nan,nan,nan,nan,nan,nan,nan,nan,nan,nan,nan,nan,nan,nan,nan,nan,nan,nan,nan,nan,nan,nan,nan,nan,nan,nan,nan,nan,nan,nan,nan,nan,nan,nan,nan,nan,nan,nan,nan,nan,nan,nan,nan,nan,nan,nan,nan,nan,nan,nan,nan,nan,nan,nan,nan,nan,nan
51.740,TRACKING,20.230679,-0.313360,20.219352,0.600000,-0.166456,-2.516383,0.000000,86.855519,-2.785681,29.400000,-2.645030,11.800000,0.000000,0.000000,0.000000,102.634298,86.542159,17.433671,30.000000,-2.811486,9.283617,0.000000,0.000000,0.000000,106.848610,86.542159,17.433671,29.400000,-2.325409,7.555936,0.000000,0.000000,0.000000,0.000000,-0.313360,20.219352,0.600000,20.230679,-0.166456,-2.516383,0.000000,2.521882,nan,nan,nan,0,nan,nan,nan,0,nan,nan,nan,nan,nan,nan,nan,nan,nan,nan,nan,nan,nan,nan,nan,nan,nan,nan,nan,nan,nan,nan,nan,nan,nan,nan,nan,nan,nan,nan,nan,nan,nan,nan,nan,nan,nan,nan,nan,nan,nan,nan,nan,nan,nan,nan,nan,nan,nan,nan,nan,nan,nan,nan,nan,nan,nan,nan,nan,nan,nan,nan,nan,nan,nan,nan,nan,nan,nan,nan,nan,nan,nan,nan,nan,nan,nan,nan,nan,nan
51.780,TRACKING,20.104203,-0.321672,20.092673,0.600000,-0.166240,-2.533587,0.000000,86.720447,-2.195681,29.400000,-2.701441,11.800000,0.000000,0.000000,0.000000,102.894834,86.398775,17.896992,30.000000,-2.867681,9.266413,0.000000,0.000000,0.000000,107.195753,86.398775,17.896992,29.400000,-2.371747,7.541059,0.000000,0.000000,0.000000,0.000000,-0.321672,20.092673,0.600000,20.104203,-0.166240,-2.533587,0.000000,2.539035,nan,nan,nan,0,nan,nan,nan,0,nan,nan,nan,nan,nan,nan,nan,nan,nan,nan,nan,nan,nan,nan,nan,nan,nan,nan,nan,nan,nan,nan,nan,nan,nan,nan,nan,nan,nan,nan,nan,nan,nan,nan,nan,nan,nan,nan,nan,nan,nan,nan,nan,nan,nan,nan,nan,nan,nan,nan,nan,nan,nan,nan,nan,nan,nan,nan,nan,nan,nan,nan,nan,nan,nan,nan,nan,nan,nan,nan,nan,nan,nan,nan,nan,nan,nan,nan,nan,nan
51.840,TRACKING,19.976855,-0.329973,19.965116,0.600000,-0.166018,-2.551132,0.000000,86.582559,-1.605681,29.400000,-2.757754,11.800000,0.000000,0.000000,0.000000,103.154376,86.252587,18.359435,30.000000,-2.923771,9.248868,0.000000,0.000000,0.000000,107.542896,86.252587,18.359435,29.400000,-2.417999,7.525887,0.000000,0.000000,0.000000,0.000000,-0.329973,19.965116,0.600000,19.976855,-0.166018,-2.551132,0.000000,2.556528,nan,nan,nan,0,nan,nan,nan,0,nan,nan,nan,nan,nan,nan,nan,nan,nan,nan,nan,nan,nan,nan,nan,nan,nan,nan,nan,nan,nan,nan,nan,nan,nan,nan,nan,nan,nan,nan,nan,nan,nan,nan,nan,nan,nan,nan,nan,nan,nan,nan,nan,nan,nan,nan,nan,nan,nan,nan,nan,nan,nan,nan,nan,nan,nan,nan,nan,nan,nan,nan,nan,nan,nan,nan,nan,nan,nan,nan,nan,nan,nan,nan,nan,nan,nan,nan,nan,nan
51.880,TRACKING,19.848620,-0.338262,19.836665,0.600000,-0.165789,-2.569016,0.000000,86.441861,-1.015681,29.400000,-2.813966,11.800000,0.000000,0.000000,0.000000,103.412908,86.103599,18.820984,30.000000,-2.979754,9.230984,0.000000,0.000000,0.000000,107.890039,86.103599,18.820984,29.400000,-2.464161,7.510422,0.000000,0.000000,0.000000,0.000000,-0.338262,19.836665,0.600000,19.848620,-0.165789,-2.569016,0.000000,2.574360,nan,nan,nan,0,nan,nan,nan,0,nan,nan,nan,nan,nan,nan,nan,nan,nan,nan,nan,nan,nan,nan,nan,nan,nan,nan,nan,nan,nan,nan,nan,nan,nan,nan,nan,nan,nan,nan,nan,nan,nan,nan,nan,nan,nan,nan,nan,nan,nan,nan,nan,nan,nan,nan,nan,nan,nan,nan,nan,nan,nan,nan,nan,nan,nan,nan,nan,nan,nan,nan,nan,nan,nan,nan,nan,nan,nan,nan,nan,nan,nan,nan,nan,nan,nan,nan,nan,nan
51.940,TRACKING,19.719480,-0.346540,19.707303,0.600000,-0.165552,-2.587239,0.000000,86.298357,-0.425681,29.400000,-2.870076,11.800000,0.000000,0.000000,0.000000,103.670415,85.951818,19.281623,30.000000,-3.035628,9.212761,0.000000,0.000000,0.000000,108.237183,85.951818,19.281623,29.400000,-2.510233,7.494664,0.000000,0.000000,0.000000,0.000000,-0.346540,19.707303,0.600000,19.719480,-0.165552,-2.587239,0.000000,2.592530,nan,nan,nan,0,nan,nan,nan,0,nan,nan,nan,nan,nan,nan,nan,nan,nan,nan,nan,nan,nan,nan,nan,nan,nan,nan,nan,nan,nan,nan,nan,nan,nan,nan,nan,nan,nan,nan,nan,nan,nan,nan,nan,nan,nan,nan,nan,nan,nan,nan,nan,nan,nan,nan,nan,nan,nan,nan,nan,nan,nan,nan,nan,nan,nan,nan,nan,nan,nan,nan,nan,nan,nan,nan,nan,nan,nan,nan,nan,nan,nan,nan,nan,nan,nan,nan,nan,nan
51.980,TRACKING,19.589419,-0.354805,19.577013,0.600000,-0.165310,-2.605800,0.000000,86.152053,0.164319,29.400000,-2.926081,11.800000,0.000000,0.000000,0.000000,103.926881,85.797248,19.741333,30.000000,-3.091390,9.194200,0.000000,0.000000,0.000000,108.584326,85.797248,19.741333,29.400000,-2.556213,7.478613,0.000000,0.000000,0.000000,0.000000,-0.354805,19.577013,0.600000,19.589419,-0.165310,-2.605800,0.000000,2.611039,nan,nan,nan,0,nan,nan,nan,0,nan,nan,nan,nan,nan,nan,nan,nan,nan,nan,nan,nan,nan,nan,nan,nan,nan,nan,nan,nan,nan,nan,nan,nan,nan,nan,nan,nan,nan,nan,nan,nan,nan,nan,nan,nan,nan,nan,nan,nan,nan,nan,nan,nan,nan,nan,nan,nan,nan,nan,nan,nan,nan,nan,nan,nan,nan,nan,nan,nan,nan,nan,nan,nan,nan,nan,nan,nan,nan,nan,nan,nan,nan,nan,nan,nan,nan,nan,nan,nan
52.040,TRACKING,19.458420,-0.363058,19.445778,0.600000,-0.165060,-2.624699,0.000000,86.002954,0.754319,29.400000,-2.981979,11.800000,0.000000,0.000000,0.000000,104.182292,85.639896,20.200098,30.000000,-3.147039,9.175301,0.000000,0.000000,0.000000,108.931469,85.639896,20.200098,29.400000,-2.602098,7.462270,0.000000,0.000000,0.000000,0.000000,-0.363058,19.445778,0.600000,19.458420,-0.165060,-2.624699,0.000000,2.629884,nan,nan,nan,0,nan,nan,nan,0,nan,nan,nan,nan,nan,nan,nan,nan,nan,nan,nan,nan,nan,nan,nan,nan,nan,nan,nan,nan,nan,nan,nan,nan,nan,nan,nan,nan,nan,nan,nan,nan,nan,nan,nan,nan,nan,nan,nan,nan,nan,nan,nan,nan,nan,nan,nan,nan,nan,nan,nan,nan,nan,nan,nan,nan,nan,nan,nan,nan,nan,nan,nan,nan,nan,nan,nan,nan,nan,nan,nan,nan,nan,nan,nan,nan,nan,nan,nan,nan
52.080,TRACKING,19.326466,-0.371298,19.313582,0.600000,-0.164804,-2.643935,0.000000,85.851066,1.344319,29.400000,-3.037768,11.800000,0.000000,0.000000,0.000000,104.436633,85.479768,20.657901,30.000000,-3.202572,9.156065,0.000000,0.000000,0.000000,109.278612,85.479768,20.657901,29.400000,-2.647889,7.445637,0.000000,0.000000,0.000000,0.000000,-0.371298,19.313582,0.600000,19.326466,-0.164804,-2.643935,0.000000,2.649066,nan,nan,nan,0,nan,nan,nan,0,nan,nan,nan,nan,nan,nan,nan,nan,nan,nan,nan,nan,nan,nan,nan,nan,nan,nan,nan,nan,nan,nan,nan,nan,nan,nan,nan,nan,nan,nan,nan,nan,nan,nan,nan,nan,nan,nan,nan,nan,nan,nan,nan,nan,nan,nan,nan,nan,nan,nan,nan,nan,nan,nan,nan,nan,nan,nan,nan,nan,nan,nan,nan,nan,nan,nan,nan,nan,nan,nan,nan,nan,nan,nan,nan,nan,nan,nan,nan,nan
52.140,TRACKING,19.193541,-0.379526,19.180406,0.600000,-0.164541,-2.663506,0.000000,85.696394,1.934319,29.400000,-3.093447,11.800000,0.000000,0.000000,0.000000,104.689890,85.316868,21.114726,30.000000,-3.257988,9.136494,0.000000,0.000000,0.000000,109.625756,85.316868,21.114726,29.400000,-2.693582,7.428712,0.000000,0.000000,0.000000,0.000000,-0.379526,19.180406,0.600000,19.193541,-0.164541,-2.663506,0.000000,2.668584,nan,nan,nan,0,nan,nan,nan,0,nan,nan,nan,nan,nan,nan,nan,nan,nan,nan,nan,nan,nan,nan,nan,nan,nan,nan,nan,nan,nan,nan,nan,nan,nan,nan,nan,nan,nan,nan,nan,nan,nan,nan,nan,nan,nan,nan,nan,nan,nan,nan,nan,nan,nan,nan,nan,nan,nan,nan,nan,nan,nan,nan,nan,nan,nan,nan,nan,nan,nan,nan,nan,nan,nan,nan,nan,nan,nan,nan,nan,nan,nan,nan,nan,nan,nan,nan,nan,nan
52.180,TRACKING,19.059628,-0.387739,19.046236,0.600000,-0.164271,-2.683413,0.000000,85.538943,2.524319,29.400000,-3.149012,11.800000,0.000000,0.000000,0.000000,104.942050,85.151204,21.570555,30.000000,-3.313284,9.116587,0.000000,0.000000,0.000000,109.972899,85.151204,21.570555,29.400000,-2.739176,7.411498,0.000000,0.000000,0.000000,0.000000,-0.387739,19.046236,0.600000,19.059628,-0.164271,-2.683413,0.000000,2.688437,nan,nan,nan,0,nan,nan,nan,0,nan,nan,nan,nan,nan,nan,nan,nan,nan,nan,nan,nan,nan,nan,nan,nan,nan,nan,nan,nan,nan,nan,nan,nan,nan,nan,nan,nan,nan,nan,nan,nan,nan,nan,nan,nan,nan,nan,nan,nan,nan,nan,nan,nan,nan,nan,nan,nan,nan,nan,nan,nan,nan,nan,nan,nan,nan,nan,nan,nan,nan,nan,nan,nan,nan,nan,nan,nan,nan,nan,nan,nan,nan,nan,nan,nan,nan,nan,nan,nan
52.240,TRACKING,18.924711,-0.395939,18.911053,0.600000,-0.163995,-2.703655,0.000000,85.378720,3.114319,29.400000,-3.204463,11.800000,0.000000,0.000000,0.000000,105.193098,84.982781,22.025372,30.000000,-3.368458,9.096345,0.000000,0.000000,0.000000,110.320042,84.982781,22.025372,29.400000,-2.784669,7.393994,0.000000,0.000000,0.000000,0.000000,-0.395939,18.911053,0.600000,18.924711,-0.163995,-2.703655,0.000000,2.708624,nan,nan,nan,0,nan,nan,nan,0,nan,nan,nan,nan,nan,nan,nan,nan,nan,nan,nan,nan,nan,nan,nan,nan,nan,nan,nan,nan,nan,nan,nan,nan,nan,nan,nan,nan,nan,nan,nan,nan,nan,nan,nan,nan,nan,nan,nan,nan,nan,nan,nan,nan,nan,nan,nan,nan,nan,nan,nan,nan,nan,nan,nan,nan,nan,nan,nan,nan,nan,nan,nan,nan,nan,nan,nan,nan,nan,nan,nan,nan,nan,nan,nan,nan,nan,nan,nan,nan
52.280,TRACKING,18.788773,-0.404124,18.774841,0.600000,-0.163713,-2.724231,0.000000,85.215730,3.704319,29.400000,-3.259796,11.800000,0.000000,0.000000,0.000000,105.443022,84.811606,22.479161,30.000000,-3.423509,9.075769,0.000000,0.000000,0.000000,110.667186,84.811606,22.479161,29.400000,-2.830061,7.376201,0.000000,0.000000,0.000000,0.000000,-0.404124,18.774841,0.600000,18.788773,-0.163713,-2.724231,0.000000,2.729145,nan,nan,nan,0,nan,nan,nan,0,nan,nan,nan,nan,nan,nan,nan,nan,nan,nan,nan,nan,nan,nan,nan,nan,nan,nan,nan,nan,nan,nan,nan,nan,nan,nan,nan,nan,nan,nan,nan,nan,nan,nan,nan,nan,nan,nan,nan,nan,nan,nan,nan,nan,nan,nan,nan,nan,nan,nan,nan,nan,nan,nan,nan,nan,nan,nan,nan,nan,nan,nan,nan,nan,nan,nan,nan,nan,nan,nan,nan,nan,nan,nan,nan,nan,nan,nan,nan,nan
52.340,TRACKING,18.651797,-0.412296,18.637584,0.600000,-0.163424,-2.745139,0.000000,85.049980,4.294319,29.400000,-3.315010,11.800000,0.000000,0.000000,0.000000,105.691809,84.637684,22.931904,30.000000,-3.478434,9.054861,0.000000,0.000000,0.000000,111.014329,84.637684,22.931904,29.400000,-2.875348,7.358121,0.000000,0.000000,0.000000,0.000000,-0.412296,18.637584,0.600000,18.651797,-0.163424,-2.745139,0.000000,2.750000,nan,nan,nan,0,nan,nan,nan,0,nan,nan,nan,nan,nan,nan,nan,nan,nan,nan,nan,nan,nan,nan,nan,nan,nan,nan,nan,nan,nan,nan,nan,nan,nan,nan,nan,nan,nan,nan,nan,nan,nan,nan,nan,nan,nan,nan,nan,nan,nan,nan,nan,nan,nan,nan,nan,nan,nan,nan,nan,nan,nan,nan,nan,nan,nan,nan,nan,nan,nan,nan,nan,nan,nan,nan,nan,nan,nan,nan,nan,nan,nan,nan,nan,nan,nan,nan,nan,nan
52.380,TRACKING,18.513768,-0.420452,18.499265,0.600000,-0.163128,-2.766381,0.000000,84.881474,4.884319,29.400000,-3.370103,11.800000,0.000000,0.000000,0.000000,105.939445,84.461022,23.383585,30.000000,-3.533231,9.033619,0.000000,0.000000,0.000000,111.361472,84.461022,23.383585,29.400000,-2.920530,7.339752,0.000000,0.000000,0.000000,0.000000,-0.420452,18.499265,0.600000,18.513768,-0.163128,-2.766381,0.000000,2.771186,nan,nan,nan,0,nan,nan,nan,0,nan,nan,nan,nan,nan,nan,nan,nan,nan,nan,nan,nan,nan,nan,nan,nan,nan,nan,nan,nan,nan,nan,nan,nan,nan,nan,nan,nan,nan,nan,nan,nan,nan,nan,nan,nan,nan,nan,nan,nan,nan,nan,nan,nan,nan,nan,nan,nan,nan,nan,nan,nan,nan,nan,nan,nan,nan,nan,nan,nan,nan,nan,nan,nan,nan,nan,nan,nan,nan,nan,nan,nan,nan,nan,nan,nan,nan,nan,nan,nan
52.440,TRACKING,18.374668,-0.428593,18.359868,0.600000,-0.162826,-2.787953,0.000000,84.710221,5.474319,29.400000,-3.425073,11.800000,0.000000,0.000000,0.000000,106.185920,84.281627,23.834187,30.000000,-3.587899,9.012047,0.000000,0.000000,0.000000,111.708616,84.281627,23.834187,29.400000,-2.965605,7.321098,0.000000,0.000000,0.000000,0.000000,-0.428593,18.359868,0.600000,18.374668,-0.162826,-2.787953,0.000000,2.792704,nan,nan,nan,0,nan,nan,nan,0,nan,nan,nan,nan,nan,nan,nan,nan,nan,nan,nan,nan,nan,nan,nan,nan,nan,nan,nan,nan,nan,nan,nan,nan,nan,nan,nan,nan,nan,nan,nan,nan,nan,nan,nan,nan,nan,nan,nan,nan,nan,nan,nan,nan,nan,nan,nan,nan,nan,nan,nan,nan,nan,nan,nan,nan,nan,nan,nan,nan,nan,nan,nan,nan,nan,nan,nan,nan,nan,nan,nan,nan,nan,nan,nan,nan,nan,nan,nan,nan
52.480,TRACKING,18.234482,-0.436719,18.219375,0.600000,-0.162518,-2.809857,0.000000,84.536225,6.064319,29.400000,-3.479917,11.800000,0.000000,0.000000,0.000000,106.431221,84.099506,24.283694,30.000000,-3.642435,8.990143,0.000000,0.000000,0.000000,112.055759,84.099506,24.283694,29.400000,-3.010571,7.302157,0.000000,0.000000,0.000000,0.000000,-0.436719,18.219375,0.600000,18.234482,-0.162518,-2.809857,0.000000,2.814553,nan,nan,nan,0,nan,nan,nan,0,nan,nan,nan,nan,nan,nan,nan,nan,nan,nan,nan,nan,nan,nan,nan,nan,nan,nan,nan,nan,nan,nan,nan,nan,nan,nan,nan,nan,nan,nan,nan,nan,nan,nan,nan,nan,nan,nan,nan,nan,nan,nan,nan,nan,nan,nan,nan,nan,nan,nan,nan,nan,nan,nan,nan,nan,nan,nan,nan,nan,nan,nan,nan,nan,nan,nan,nan,nan,nan,nan,nan,nan,nan,nan,nan,nan,nan,nan,nan,nan
52.540,TRACKING,18.093193,-0.444829,18.077770,0.600000,-0.162203,-2.832091,0.000000,84.359493,6.654319,29.400000,-3.534634,11.800000,0.000000,0.000000,0.000000,106.675336,83.914664,24.732089,30.000000,-3.696837,8.967909,0.000000,0.000000,0.000000,112.402903,83.914664,24.732089,29.400000,-3.055426,7.282930,0.000000,0.000000,0.000000,0.000000,-0.444829,18.077770,0.600000,18.093193,-0.162203,-2.832091,0.000000,2.836732,nan,nan,nan,0,nan,nan,nan,0,nan,nan,nan,nan,nan,nan,nan,nan,nan,nan,nan,nan,nan,nan,nan,nan,nan,nan,nan,nan,nan,nan,nan,nan,nan,nan,nan,nan,nan,nan,nan,nan,nan,nan,nan,nan,nan,nan,nan,nan,nan,nan,nan,nan,nan,nan,nan,nan,nan,nan,nan,nan,nan,nan,nan,nan,nan,nan,nan,nan,nan,nan,nan,nan,nan,nan,nan,nan,nan,nan,nan,nan,nan,nan,nan,nan,nan,nan,nan,nan
52.580,TRACKING,17.950786,-0.452924,17.935038,0.600000,-0.161882,-2.854654,0.000000,84.180032,7.244319,29.400000,-3.589221,11.800000,0.000000,0.000000,0.000000,106.918255,83.727109,25.179357,30.000000,-3.751103,8.945346,0.000000,0.000000,0.000000,112.750046,83.727109,25.179357,29.400000,-3.100169,7.263419,0.000000,0.000000,0.000000,0.000000,-0.452924,17.935038,0.600000,17.950786,-0.161882,-2.854654,0.000000,2.859240,nan,nan,nan,0,nan,nan,nan,0,nan,nan,nan,nan,nan,nan,nan,nan,nan,nan,nan,nan,nan,nan,nan,nan,nan,nan,nan,nan,nan,nan,nan,nan,nan,nan,nan,nan,nan,nan,nan,nan,nan,nan,nan,nan,nan,nan,nan,nan,nan,nan,nan,nan,nan,nan,nan,nan,nan,nan,nan,nan,nan,nan,nan,nan,nan,nan,nan,nan,nan,nan,nan,nan,nan,nan,nan,nan,nan,nan,nan,nan,nan,nan,nan,nan,nan,nan,nan,nan
52.640,TRACKING,17.807243,-0.461001,17.791160,0.600000,-0.161555,-2.877545,0.000000,83.997848,7.834319,29.400000,-3.643677,11.800000,0.000000,0.000000,0.000000,107.159966,83.536847,25.625480,30.000000,-3.805232,8.922455,0.000000,0.000000,0.000000,113.097189,83.536847,25.625480,29.400000,-3.144798,7.243624,0.000000,0.000000,0.000000,0.000000,-0.461001,17.791160,0.600000,17.807243,-0.161555,-2.877545,0.000000,2.882076,nan,nan,nan,0,nan,nan,nan,0,nan,nan,nan,nan,nan,nan,nan,nan,nan,nan,nan,nan,nan,nan,nan,nan,nan,nan,nan,nan,nan,nan,nan,nan,nan,nan,nan,nan,nan,nan,nan,nan,nan,nan,nan,nan,nan,nan,nan,nan,nan,nan,nan,nan,nan,nan,nan,nan,nan,nan,nan,nan,nan,nan,nan,nan,nan,nan,nan,nan,nan,nan,nan,nan,nan,nan,nan,nan,nan,nan,nan,nan,nan,nan,nan,nan,nan,nan,nan,nan
52.680,TRACKING,17.662549,-0.469062,17.646122,0.600000,-0.161222,-2.900764,0.000000,83.812948,8.424319,29.400000,-3.698000,11.800000,0.000000,0.000000,0.000000,107.400459,83.343886,26.070441,30.000000,-3.859221,8.899236,0.000000,0.000000,0.000000,113.444333,83.343886,26.070441,29.400000,-3.189312,7.223546,0.000000,0.000000,0.000000,0.000000,-0.469062,17.646122,0.600000,17.662549,-0.161222,-2.900764,0.000000,2.905240,nan,nan,nan,0,nan,nan,nan,0,nan,nan,nan,nan,nan,nan,nan,nan,nan,nan,nan,nan,nan,nan,nan,nan,nan,nan,nan,nan,nan,nan,nan,nan,nan,nan,nan,nan,nan,nan,nan,nan,nan,nan,nan,nan,nan,nan,nan,nan,nan,nan,nan,nan,nan,nan,nan,nan,nan,nan,nan,nan,nan,nan,nan,nan,nan,nan,nan,nan,nan,nan,nan,nan,nan,nan,nan,nan,nan,nan,nan,nan,nan,nan,nan,nan,nan,nan,nan,nan
52.740,TRACKING,17.516688,-0.477106,17.499907,0.600000,-0.160882,-2.924309,0.000000,83.625339,9.014319,29.400000,-3.752187,11.800000,0.000000,0.000000,0.000000,107.639724,83.148233,26.514226,30.000000,-3.913069,8.875691,0.000000,0.000000,0.000000,113.791476,83.148233,26.514226,29.400000,-3.233709,7.203185,0.000000,0.000000,0.000000,0.000000,-0.477106,17.499907,0.600000,17.516688,-0.160882,-2.924309,0.000000,2.928731,nan,nan,nan,0,nan,nan,nan,0,nan,nan,nan,nan,nan,nan,nan,nan,nan,nan,nan,nan,nan,nan,nan,nan,nan,nan,nan,nan,nan,nan,nan,nan,nan,nan,nan,nan,nan,nan,nan,nan,nan,nan,nan,nan,nan,nan,nan,nan,nan,nan,nan,nan,nan,nan,nan,nan,nan,nan,nan,nan,nan,nan,nan,nan,nan,nan,nan,nan,nan,nan,nan,nan,nan,nan,nan,nan,nan,nan,nan,nan,nan,nan,nan,nan,nan,nan,nan,nan
52.780,TRACKING,17.369644,-0.485133,17.352498,0.600000,-0.160536,-2.948180,0.000000,83.435027,9.604319,29.400000,-3.806236,11.800000,0.000000,0.000000,0.000000,107.877750,82.949894,26.956817,30.000000,-3.966773,8.851820,0.000000,0.000000,0.000000,114.138620,82.949894,26.956817,29.400000,-3.277987,7.182543,0.000000,0.000000,0.000000,0.000000,-0.485133,17.352498,0.600000,17.369644,-0.160536,-2.948180,0.000000,2.952548,nan,nan,nan,0,nan,nan,nan,0,nan,nan,nan,nan,nan,nan,nan,nan,nan,nan,nan,nan,nan,nan,nan,nan,nan,nan,nan,nan,nan,nan,nan,nan,nan,nan,nan,nan,nan,nan,nan,nan,nan,nan,nan,nan,nan,nan,nan,nan,nan,nan,nan,nan,nan,nan,nan,nan,nan,nan,nan,nan,nan,nan,nan,nan,nan,nan,nan,nan,nan,nan,nan,nan,nan,nan,nan,nan,nan,nan,nan,nan,nan,nan,nan,nan,nan,nan,nan,nan
52.840,TRACKING,17.221401,-0.493143,17.203879,0.600000,-0.160184,-2.972376,0.000000,83.242020,10.194319,29.400000,-3.860147,11.800000,0.000000,0.000000,0.000000,108.114529,82.748877,27.398198,30.000000,-4.020331,8.827624,0.000000,0.000000,0.000000,114.485763,82.748877,27.398198,29.400000,-3.322144,7.161619,0.000000,0.000000,0.000000,0.000000,-0.493143,17.203879,0.600000,17.221401,-0.160184,-2.972376,0.000000,2.976690,nan,nan,nan,0,nan,nan,nan,0,nan,nan,nan,nan,nan,nan,nan,nan,nan,nan,nan,nan,nan,nan,nan,nan,nan,nan,nan,nan,nan,nan,nan,nan,nan,nan,nan,nan,nan,nan,nan,nan,nan,nan,nan,nan,nan,nan,nan,nan,nan,nan,nan,nan,nan,nan,nan,nan,nan,nan,nan,nan,nan,nan,nan,nan,nan,nan,nan,nan,nan,nan,nan,nan,nan,nan,nan,nan,nan,nan,nan,nan,nan,nan,nan,nan,nan,nan,nan,nan
52.880,TRACKING,17.071942,-0.501134,17.054034,0.600000,-0.159826,-2.996897,0.000000,83.046324,10.784319,29.400000,-3.913915,11.800000,0.000000,0.000000,0.000000,108.350050,82.545190,27.838353,30.000000,-4.073742,8.803103,0.000000,0.000000,0.000000,114.832906,82.545190,27.838353,29.400000,-3.366180,7.140416,0.000000,0.000000,0.000000,0.000000,-0.501134,17.054034,0.600000,17.071942,-0.159826,-2.996897,0.000000,3.001155,nan,nan,nan,0,nan,nan,nan,0,nan,nan,nan,nan,nan,nan,nan,nan,nan,nan,nan,nan,nan,nan,nan,nan,nan,nan,nan,nan,nan,nan,nan,nan,nan,nan,nan,nan,nan,nan,nan,nan,nan,nan,nan,nan,nan,nan,nan,nan,nan,nan,nan,nan,nan,nan,nan,nan,nan,nan,nan,nan,nan,nan,nan,nan,nan,nan,nan,nan,nan,nan,nan,nan,nan,nan,nan,nan,nan,nan,nan,nan,nan,nan,nan,nan,nan,nan,nan,nan
52.940,TRACKING,16.921253,-0.509107,16.902947,0.600000,-0.159462,-3.021740,0.000000,82.847947,11.374319,29.400000,-3.967541,11.800000,0.000000,0.000000,0.000000,108.584305,82.338840,28.277266,30.000000,-4.127003,8.778260,0.000000,0.000000,0.000000,115.180050,82.338840,28.277266,29.400000,-3.410092,7.118932,0.000000,0.000000,0.000000,0.000000,-0.509107,16.902947,0.600000,16.921253,-0.159462,-3.021740,0.000000,3.025945,nan,nan,nan,0,nan,nan,nan,0,nan,nan,nan,nan,nan,nan,nan,nan,nan,nan,nan,nan,nan,nan,nan,nan,nan,nan,nan,nan,nan,nan,nan,nan,nan,nan,nan,nan,nan,nan,nan,nan,nan,nan,nan,nan,nan,nan,nan,nan,nan,nan,nan,nan,nan,nan,nan,nan,nan,nan,nan,nan,nan,nan,nan,nan,nan,nan,nan,nan,nan,nan,nan,nan,nan,nan,nan,nan,nan,nan,nan,nan,nan,nan,nan,nan,nan,nan,nan,nan
52.980,TRACKING,16.769318,-0.517062,16.750602,0.600000,-0.159092,-3.046906,0.000000,82.646896,11.964319,29.400000,-4.021021,11.800000,0.000000,0.000000,0.000000,108.817285,82.129835,28.714921,30.000000,-4.180112,8.753094,0.000000,0.000000,0.000000,115.527193,82.129835,28.714921,29.400000,-3.453879,7.097171,0.000000,0.000000,0.000000,0.000000,-0.517062,16.750602,0.600000,16.769318,-0.159092,-3.046906,0.000000,3.051056,nan,nan,nan,0,nan,nan,nan,0,nan,nan,nan,nan,nan,nan,nan,nan,nan,nan,nan,nan,nan,nan,nan,nan,nan,nan,nan,nan,nan,nan,nan,nan,nan,nan,nan,nan,nan,nan,nan,nan,nan,nan,nan,nan,nan,nan,nan,nan,nan,nan,nan,nan,nan,nan,nan,nan,nan,nan,nan,nan,nan,nan,nan,nan,nan,nan,nan,nan,nan,nan,nan,nan,nan,nan,nan,nan,nan,nan,nan,nan,nan,nan,nan,nan,nan,nan,nan,nan
53.040,TRACKING,16.616120,-0.524997,16.596982,0.600000,-0.158716,-3.072393,0.000000,82.443178,12.554319,29.400000,-4.074353,11.800000,0.000000,0.000000,0.000000,109.048982,81.918181,29.151301,30.000000,-4.233069,8.727607,0.000000,0.000000,0.000000,115.874337,81.918181,29.151301,29.400000,-3.497539,7.075131,0.000000,0.000000,0.000000,0.000000,-0.524997,16.596982,0.600000,16.616120,-0.158716,-3.072393,0.000000,3.076489,nan,nan,nan,0,nan,nan,nan,0,nan,nan,nan,nan,nan,nan,nan,nan,nan,nan,nan,nan,nan,nan,nan,nan,nan,nan,nan,nan,nan,nan,nan,nan,nan,nan,nan,nan,nan,nan,nan,nan,nan,nan,nan,nan,nan,nan,nan,nan,nan,nan,nan,nan,nan,nan,nan,nan,nan,nan,nan,nan,nan,nan,nan,nan,nan,nan,nan,nan,nan,nan,nan,nan,nan,nan,nan,nan,nan,nan,nan,nan,nan,nan,nan,nan,nan,nan,nan,nan
53.080,TRACKING,16.461644,-0.532914,16.442072,0.600000,-0.158333,-3.098200,0.000000,82.236802,13.144319,29.400000,-4.127536,11.800000,0.000000,0.000000,0.000000,109.279387,81.703888,29.586391,30.000000,-4.285869,8.701800,0.000000,0.000000,0.000000,116.221480,81.703888,29.586391,29.400000,-3.541071,7.052814,0.000000,0.000000,0.000000,0.000000,-0.532914,16.442072,0.600000,16.461644,-0.158333,-3.098200,0.000000,3.102243,nan,nan,nan,0,nan,nan,nan,0,nan,nan,nan,nan,nan,nan,nan,nan,nan,nan,nan,nan,nan,nan,nan,nan,nan,nan,nan,nan,nan,nan,nan,nan,nan,nan,nan,nan,nan,nan,nan,nan,nan,nan,nan,nan,nan,nan,nan,nan,nan,nan,nan,nan,nan,nan,nan,nan,nan,nan,nan,nan,nan,nan,nan,nan,nan,nan,nan,nan,nan,nan,nan,nan,nan,nan,nan,nan,nan,nan,nan,nan,nan,nan,nan,nan,nan,nan,nan,nan
53.140,TRACKING,16.305875,-0.540811,16.285856,0.600000,-0.157945,-3.124327,0.000000,82.027773,13.734319,29.400000,-4.180568,11.800000,0.000000,0.000000,0.000000,109.508493,81.486962,30.020175,30.000000,-4.338513,8.675673,0.000000,0.000000,0.000000,116.568624,81.486962,30.020175,29.400000,-3.584473,7.030221,0.000000,0.000000,0.000000,0.000000,-0.540811,16.285856,0.600000,16.305875,-0.157945,-3.124327,0.000000,3.128317,nan,nan,nan,0,nan,nan,nan,0,nan,nan,nan,nan,nan,nan,nan,nan,nan,nan,nan,nan,nan,nan,nan,nan,nan,nan,nan,nan,nan,nan,nan,nan,nan,nan,nan,nan,nan,nan,nan,nan,nan,nan,nan,nan,nan,nan,nan,nan,nan,nan,nan,nan,nan,nan,nan,nan,nan,nan,nan,nan,nan,nan,nan,nan,nan,nan,nan,nan,nan,nan,nan,nan,nan,nan,nan,nan,nan,nan,nan,nan,nan,nan,nan,nan,nan,nan,nan,nan
53.180,TRACKING,16.148798,-0.548689,16.128317,0.600000,-0.157551,-3.150772,0.000000,81.816101,14.324319,29.400000,-4.233446,11.800000,0.000000,0.000000,0.000000,109.736293,81.267412,30.452636,30.000000,-4.390997,8.649228,0.000000,0.000000,0.000000,116.915767,81.267412,30.452636,29.400000,-3.627743,7.007353,0.000000,0.000000,0.000000,0.000000,-0.548689,16.128317,0.600000,16.148798,-0.157551,-3.150772,0.000000,3.154709,nan,nan,nan,0,nan,nan,nan,0,nan,nan,nan,nan,nan,nan,nan,nan,nan,nan,nan,nan,nan,nan,nan,nan,nan,nan,nan,nan,nan,nan,nan,nan,nan,nan,nan,nan,nan,nan,nan,nan,nan,nan,nan,nan,nan,nan,nan,nan,nan,nan,nan,nan,nan,nan,nan,nan,nan,nan,nan,nan,nan,nan,nan,nan,nan,nan,nan,nan,nan,nan,nan,nan,nan,nan,nan,nan,nan,nan,nan,nan,nan,nan,nan,nan,nan,nan,nan,nan
53.240,TRACKING,15.990396,-0.556546,15.969440,0.600000,-0.157151,-3.177535,0.000000,81.601792,14.914319,29.400000,-4.286169,11.800000,0.000000,0.000000,0.000000,109.962778,81.045246,30.883760,30.000000,-4.443320,8.622465,0.000000,0.000000,0.000000,117.262911,81.045246,30.883760,29.400000,-3.670880,6.984210,0.000000,0.000000,0.000000,0.000000,-0.556546,15.969440,0.600000,15.990396,-0.157151,-3.177535,0.000000,3.181418,nan,nan,nan,0,nan,nan,nan,0,nan,nan,nan,nan,nan,nan,nan,nan,nan,nan,nan,nan,nan,nan,nan,nan,nan,nan,nan,nan,nan,nan,nan,nan,nan,nan,nan,nan,nan,nan,nan,nan,nan,nan,nan,nan,nan,nan,nan,nan,nan,nan,nan,nan,nan,nan,nan,nan,nan,nan,nan,nan,nan,nan,nan,nan,nan,nan,nan,nan,nan,nan,nan,nan,nan,nan,nan,nan,nan,nan,nan,nan,nan,nan,nan,nan,nan,nan,nan,nan
53.280,TRACKING,15.830655,-0.564384,15.809210,0.600000,-0.156744,-3.204614,0.000000,81.384856,15.504319,29.400000,-4.338735,11.800000,0.000000,0.000000,0.000000,110.187942,80.820472,31.313529,30.000000,-4.495480,8.595386,0.000000,0.000000,0.000000,117.610054,80.820472,31.313529,29.400000,-3.713882,6.960794,0.000000,0.000000,0.000000,0.000000,-0.564384,15.809210,0.600000,15.830655,-0.156744,-3.204614,0.000000,3.208445,nan,nan,nan,0,nan,nan,nan,0,nan,nan,nan,nan,nan,nan,nan,nan,nan,nan,nan,nan,nan,nan,nan,nan,nan,nan,nan,nan,nan,nan,nan,nan,nan,nan,nan,nan,nan,nan,nan,nan,nan,nan,nan,nan,nan,nan,nan,nan,nan,nan,nan,nan,nan,nan,nan,nan,nan,nan,nan,nan,nan,nan,nan,nan,nan,nan,nan,nan,nan,nan,nan,nan,nan,nan,nan,nan,nan,nan,nan,nan,nan,nan,nan,nan,nan,nan,nan,nan
53.340,TRACKING,15.669559,-0.572200,15.647609,0.600000,-0.156332,-3.232009,0.000000,81.165299,16.094319,29.400000,-4.391142,11.800000,0.000000,0.000000,0.000000,110.411779,80.593098,31.741929,30.000000,-4.547475,8.567991,0.000000,0.000000,0.000000,117.957198,80.593098,31.741929,29.400000,-3.756748,6.937104,0.000000,0.000000,0.000000,0.000000,-0.572200,15.647609,0.600000,15.669559,-0.156332,-3.232009,0.000000,3.235788,nan,nan,nan,0,nan,nan,nan,0,nan,nan,nan,nan,nan,nan,nan,nan,nan,nan,nan,nan,nan,nan,nan,nan,nan,nan,nan,nan,nan,nan,nan,nan,nan,nan,nan,nan,nan,nan,nan,nan,nan,nan,nan,nan,nan,nan,nan,nan,nan,nan,nan,nan,nan,nan,nan,nan,nan,nan,nan,nan,nan,nan,nan,nan,nan,nan,nan,nan,nan,nan,nan,nan,nan,nan,nan,nan,nan,nan,nan,nan,nan,nan,nan,nan,nan,nan,nan,nan
53.380,TRACKING,15.507094,-0.579996,15.484623,0.600000,-0.155915,-3.259718,0.000000,80.943129,16.684319,29.400000,-4.443388,11.800000,0.000000,0.000000,0.000000,110.634282,80.363133,32.168943,30.000000,-4.599303,8.540282,0.000000,0.000000,0.000000,118.304341,80.363133,32.168943,29.400000,-3.799476,6.913143,0.000000,0.000000,0.000000,0.000000,-0.579996,15.484623,0.600000,15.507094,-0.155915,-3.259718,0.000000,3.263445,nan,nan,nan,0,nan,nan,nan,0,nan,nan,nan,nan,nan,nan,nan,nan,nan,nan,nan,nan,nan,nan,nan,nan,nan,nan,nan,nan,nan,nan,nan,nan,nan,nan,nan,nan,nan,nan,nan,nan,nan,nan,nan,nan,nan,nan,nan,nan,nan,nan,nan,nan,nan,nan,nan,nan,nan,nan,nan,nan,nan,nan,nan,nan,nan,nan,nan,nan,nan,nan,nan,nan,nan,nan,nan,nan,nan,nan,nan,nan,nan,nan,nan,nan,nan,nan,nan,nan
53.440,TRACKING,15.343243,-0.587770,15.320236,0.600000,-0.155491,-3.287741,0.000000,80.718356,17.274319,29.400000,-4.495471,11.800000,0.000000,0.000000,0.000000,110.855446,80.130585,32.594556,30.000000,-4.650962,8.512259,0.000000,0.000000,0.000000,118.651485,80.130585,32.594556,29.400000,-3.842064,6.888910,0.000000,0.000000,0.000000,0.000000,-0.587770,15.320236,0.600000,15.343243,-0.155491,-3.287741,0.000000,3.291416,nan,nan,nan,0,nan,nan,nan,0,nan,nan,nan,nan,nan,nan,nan,nan,nan,nan,nan,nan,nan,nan,nan,nan,nan,nan,nan,nan,nan,nan,nan,nan,nan,nan,nan,nan,nan,nan,nan,nan,nan,nan,nan,nan,nan,nan,nan,nan,nan,nan,nan,nan,nan,nan,nan,nan,nan,nan,nan,nan,nan,nan,nan,nan,nan,nan,nan,nan,nan,nan,nan,nan,nan,nan,nan,nan,nan,nan,nan,nan,nan,nan,nan,nan,nan,nan,nan,nan
53.480,TRACKING,15.177993,-0.595523,15.154433,0.600000,-0.155061,-3.316076,0.000000,80.490986,17.864319,29.400000,-4.547389,11.800000,0.000000,0.000000,0.000000,111.075263,79.895463,33.018752,30.000000,-4.702450,8.483924,0.000000,0.000000,0.000000,118.998628,79.895463,33.018752,29.400000,-3.884512,6.864407,0.000000,0.000000,0.000000,0.000000,-0.595523,15.154433,0.600000,15.177993,-0.155061,-3.316076,0.000000,3.319700,nan,nan,nan,0,nan,nan,nan,0,nan,nan,nan,nan,nan,nan,nan,nan,nan,nan,nan,nan,nan,nan,nan,nan,nan,nan,nan,nan,nan,nan,nan,nan,nan,nan,nan,nan,nan,nan,nan,nan,nan,nan,nan,nan,nan,nan,nan,nan,nan,nan,nan,nan,nan,nan,nan,nan,nan,nan,nan,nan,nan,nan,nan,nan,nan,nan,nan,nan,nan,nan,nan,nan,nan,nan,nan,nan,nan,nan,nan,nan,nan,nan,nan,nan,nan,nan,nan,nan
53.540,TRACKING,15.011328,-0.603255,14.987196,0.600000,-0.154626,-3.344723,0.000000,80.261029,18.454319,29.400000,-4.599140,11.800000,0.000000,0.000000,0.000000,111.293729,79.657774,33.441516,30.000000,-4.753766,8.455277,0.000000,0.000000,0.000000,119.345772,79.657774,33.441516,29.400000,-3.926817,6.839635,0.000000,0.000000,0.000000,0.000000,-0.603255,14.987196,0.600000,15.011328,-0.154626,-3.344723,0.000000,3.348295,nan,nan,nan,0,nan,nan,nan,0,nan,nan,nan,nan,nan,nan,nan,nan,nan,nan,nan,nan,nan,nan,nan,nan,nan,nan,nan,nan,nan,nan,nan,nan,nan,nan,nan,nan,nan,nan,nan,nan,nan,nan,nan,nan,nan,nan,nan,nan,nan,nan,nan,nan,nan,nan,nan,nan,nan,nan,nan,nan,nan,nan,nan,nan,nan,nan,nan,nan,nan,nan,nan,nan,nan,nan,nan,nan,nan,nan,nan,nan,nan,nan,nan,nan,nan,nan,nan,nan
53.580,TRACKING,14.843234,-0.610964,14.818512,0.600000,-0.154185,-3.373680,0.000000,80.028493,19.044319,29.400000,-4.650722,11.800000,0.000000,0.000000,0.000000,111.510839,79.417529,33.862832,30.000000,-4.804907,8.426320,0.000000,0.000000,0.000000,119.692915,79.417529,33.862832,29.400000,-3.968977,6.814595,0.000000,0.000000,0.000000,0.000000,-0.610964,14.818512,0.600000,14.843234,-0.154185,-3.373680,0.000000,3.377202,nan,nan,nan,0,nan,nan,nan,0,nan,nan,nan,nan,nan,nan,nan,nan,nan,nan,nan,nan,nan,nan,nan,nan,nan,nan,nan,nan,nan,nan,nan,nan,nan,nan,nan,nan,nan,nan,nan,nan,nan,nan,nan,nan,nan,nan,nan,nan,nan,nan,nan,nan,nan,nan,nan,nan,nan,nan,nan,nan,nan,nan,nan,nan,nan,nan,nan,nan,nan,nan,nan,nan,nan,nan,nan,nan,nan,nan,nan,nan,nan,nan,nan,nan,nan,nan,nan,nan
53.640,TRACKING,14.673695,-0.618651,14.648365,0.600000,-0.153738,-3.402947,0.000000,79.793386,19.634319,29.400000,-4.702134,11.800000,0.000000,0.000000,0.000000,111.726587,79.174735,34.282684,30.000000,-4.855872,8.397053,0.000000,0.000000,0.000000,120.040059,79.174735,34.282684,29.400000,-4.010992,6.789287,0.000000,0.000000,0.000000,0.000000,-0.618651,14.648365,0.600000,14.673695,-0.153738,-3.402947,0.000000,3.406418,nan,nan,nan,0,nan,nan,nan,0,nan,nan,nan,nan,nan,nan,nan,nan,nan,nan,nan,nan,nan,nan,nan,nan,nan,nan,nan,nan,nan,nan,nan,nan,nan,nan,nan,nan,nan,nan,nan,nan,nan,nan,nan,nan,nan,nan,nan,nan,nan,nan,nan,nan,nan,nan,nan,nan,nan,nan,nan,nan,nan,nan,nan,nan,nan,nan,nan,nan,nan,nan,nan,nan,nan,nan,nan,nan,nan,nan,nan,nan,nan,nan,nan,nan,nan,nan,nan,nan
53.680,TRACKING,14.502698,-0.626315,14.476739,0.600000,-0.153285,-3.432521,0.000000,79.555718,20.224319,29.400000,-4.753374,11.800000,0.000000,0.000000,0.000000,111.940969,78.929402,34.701058,30.000000,-4.906659,8.367479,0.000000,0.000000,0.000000,120.387202,78.929402,34.701058,29.400000,-4.052860,6.763713,0.000000,0.000000,0.000000,0.000000,-0.626315,14.476739,0.600000,14.502698,-0.153285,-3.432521,0.000000,3.435942,nan,nan,nan,0,nan,nan,nan,0,nan,nan,nan,nan,nan,nan,nan,nan,nan,nan,nan,nan,nan,nan,nan,nan,nan,nan,nan,nan,nan,nan,nan,nan,nan,nan,nan,nan,nan,nan,nan,nan,nan,nan,nan,nan,nan,nan,nan,nan,nan,nan,nan,nan,nan,nan,nan,nan,nan,nan,nan,nan,nan,nan,nan,nan,nan,nan,nan,nan,nan,nan,nan,nan,nan,nan,nan,nan,nan,nan,nan,nan,nan,nan,nan,nan,nan,nan,nan,nan
53.740,TRACKING,14.330227,-0.633957,14.303619,0.600000,-0.152827,-3.462403,0.000000,79.315496,20.814319,29.400000,-4.804438,11.800000,0.000000,0.000000,0.000000,112.153981,78.681539,35.117938,30.000000,-4.957265,8.337597,0.000000,0.000000,0.000000,120.734346,78.681539,35.117938,29.400000,-4.094579,6.737872,0.000000,0.000000,0.000000,0.000000,-0.633957,14.303619,0.600000,14.330227,-0.152827,-3.462403,0.000000,3.465774,nan,nan,nan,0,nan,nan,nan,0,nan,nan,nan,nan,nan,nan,nan,nan,nan,nan,nan,nan,nan,nan,nan,nan,nan,nan,nan,nan,nan,nan,nan,nan,nan,nan,nan,nan,nan,nan,nan,nan,nan,nan,nan,nan,nan,nan,nan,nan,nan,nan,nan,nan,nan,nan,nan,nan,nan,nan,nan,nan,nan,nan,nan,nan,nan,nan,nan,nan,nan,nan,nan,nan,nan,nan,nan,nan,nan,nan,nan,nan,nan,nan,nan,nan,nan,nan,nan,nan
53.780,TRACKING,14.156269,-0.641575,14.128989,0.600000,-0.152363,-3.492591,0.000000,79.072729,21.404319,29.400000,-4.855327,11.800000,0.000000,0.000000,0.000000,112.365617,78.431155,35.533309,30.000000,-5.007690,8.307409,0.000000,0.000000,0.000000,121.081489,78.431155,35.533309,29.400000,-4.136148,6.711768,0.000000,0.000000,0.000000,0.000000,-0.641575,14.128989,0.600000,14.156269,-0.152363,-3.492591,0.000000,3.495913,nan,nan,nan,0,nan,nan,nan,0,nan,nan,nan,nan,nan,nan,nan,nan,nan,nan,nan,nan,nan,nan,nan,nan,nan,nan,nan,nan,nan,nan,nan,nan,nan,nan,nan,nan,nan,nan,nan,nan,nan,nan,nan,nan,nan,nan,nan,nan,nan,nan,nan,nan,nan,nan,nan,nan,nan,nan,nan,nan,nan,nan,nan,nan,nan,nan,nan,nan,nan,nan,nan,nan,nan,nan,nan,nan,nan,nan,nan,nan,nan,nan,nan,nan,nan,nan,nan,nan
53.840,TRACKING,13.980809,-0.649169,13.952835,0.600000,-0.151893,-3.523084,0.000000,78.827428,21.994319,29.400000,-4.906037,11.800000,0.000000,0.000000,0.000000,112.575875,78.178258,35.947154,30.000000,-5.057930,8.276916,0.000000,0.000000,0.000000,121.428633,78.178258,35.947154,29.400000,-4.177565,6.685399,0.000000,0.000000,0.000000,0.000000,-0.649169,13.952835,0.600000,13.980809,-0.151893,-3.523084,0.000000,3.526357,nan,nan,nan,0,nan,nan,nan,0,nan,nan,nan,nan,nan,nan,nan,nan,nan,nan,nan,nan,nan,nan,nan,nan,nan,nan,nan,nan,nan,nan,nan,nan,nan,nan,nan,nan,nan,nan,nan,nan,nan,nan,nan,nan,nan,nan,nan,nan,nan,nan,nan,nan,nan,nan,nan,nan,nan,nan,nan,nan,nan,nan,nan,nan,nan,nan,nan,nan,nan,nan,nan,nan,nan,nan,nan,nan,nan,nan,nan,nan,nan,nan,nan,nan,nan,nan,nan,nan
53.880,TRACKING,13.803833,-0.656740,13.775141,0.600000,-0.151418,-3.553881,0.000000,78.579599,22.584319,29.400000,-4.956568,11.800000,0.000000,0.000000,0.000000,112.784749,77.922859,36.359460,30.000000,-5.107985,8.246119,0.000000,0.000000,0.000000,121.775777,77.922859,36.359460,29.400000,-4.218828,6.658768,0.000000,0.000000,0.000000,0.000000,-0.656740,13.775141,0.600000,13.803833,-0.151418,-3.553881,0.000000,3.557105,nan,nan,nan,0,nan,nan,nan,0,nan,nan,nan,nan,nan,nan,nan,nan,nan,nan,nan,nan,nan,nan,nan,nan,nan,nan,nan,nan,nan,nan,nan,nan,nan,nan,nan,nan,nan,nan,nan,nan,nan,nan,nan,nan,nan,nan,nan,nan,nan,nan,nan,nan,nan,nan,nan,nan,nan,nan,nan,nan,nan,nan,nan,nan,nan,nan,nan,nan,nan,nan,nan,nan,nan,nan,nan,nan,nan,nan,nan,nan,nan,nan,nan,nan,nan,nan,nan,nan
53.940,TRACKING,13.625328,-0.664287,13.595892,0.600000,-0.150937,-3.584980,0.000000,78.329253,23.174319,29.400000,-5.006916,11.800000,0.000000,0.000000,0.000000,112.992238,77.664966,36.770211,30.000000,-5.157853,8.215020,0.000000,0.000000,0.000000,122.122920,77.664966,36.770211,29.400000,-4.259937,6.631875,0.000000,0.000000,0.000000,0.000000,-0.664287,13.595892,0.600000,13.625328,-0.150937,-3.584980,0.000000,3.588156,nan,nan,nan,0,nan,nan,nan,0,nan,nan,nan,nan,nan,nan,nan,nan,nan,nan,nan,nan,nan,nan,nan,nan,nan,nan,nan,nan,nan,nan,nan,nan,nan,nan,nan,nan,nan,nan,nan,nan,nan,nan,nan,nan,nan,nan,nan,nan,nan,nan,nan,nan,nan,nan,nan,nan,nan,nan,nan,nan,nan,nan,nan,nan,nan,nan,nan,nan,nan,nan,nan,nan,nan,nan,nan,nan,nan,nan,nan,nan,nan,nan,nan,nan,nan,nan,nan,nan
53.980,TRACKING,13.445278,-0.671809,13.415073,0.600000,-0.150450,-3.616381,0.000000,78.076399,23.764319,29.400000,-5.057081,11.800000,0.000000,0.000000,0.000000,113.198337,77.404590,37.179392,30.000000,-5.207531,8.183619,0.000000,0.000000,0.000000,122.470064,77.404590,37.179392,29.400000,-4.300889,6.604721,0.000000,0.000000,0.000000,0.000000,-0.671809,13.415073,0.600000,13.445278,-0.150450,-3.616381,0.000000,3.619509,nan,nan,nan,0,nan,nan,nan,0,nan,nan,nan,nan,nan,nan,nan,nan,nan,nan,nan,nan,nan,nan,nan,nan,nan,nan,nan,nan,nan,nan,nan,nan,nan,nan,nan,nan,nan,nan,nan,nan,nan,nan,nan,nan,nan,nan,nan,nan,nan,nan,nan,nan,nan,nan,nan,nan,nan,nan,nan,nan,nan,nan,nan,nan,nan,nan,nan,nan,nan,nan,nan,nan,nan,nan,nan,nan,nan,nan,nan,nan,nan,nan,nan,nan,nan,nan,nan,nan
54.040,TRACKING,13.263672,-0.679307,13.232669,0.600000,-0.149958,-3.648082,0.000000,77.821046,24.354319,29.400000,-5.107060,11.800000,0.000000,0.000000,0.000000,113.403044,77.141739,37.586988,30.000000,-5.257018,8.151918,0.000000,0.000000,0.000000,122.817207,77.141739,37.586988,29.400000,-4.341683,6.577308,0.000000,0.000000,0.000000,0.000000,-0.679307,13.232669,0.600000,13.263672,-0.149958,-3.648082,0.000000,3.651163,nan,nan,nan,0,nan,nan,nan,0,nan,nan,nan,nan,nan,nan,nan,nan,nan,nan,nan,nan,nan,nan,nan,nan,nan,nan,nan,nan,nan,nan,nan,nan,nan,nan,nan,nan,nan,nan,nan,nan,nan,nan,nan,nan,nan,nan,nan,nan,nan,nan,nan,nan,nan,nan,nan,nan,nan,nan,nan,nan,nan,nan,nan,nan,nan,nan,nan,nan,nan,nan,nan,nan,nan,nan,nan,nan,nan,nan,nan,nan,nan,nan,nan,nan,nan,nan,nan,nan
54.080,TRACKING,13.080494,-0.686780,13.048665,0.600000,-0.149460,-3.680083,0.000000,77.563204,24.944319,29.400000,-5.156852,11.800000,0.000000,0.000000,0.000000,113.606356,76.876423,37.992984,30.000000,-5.306312,8.119917,0.000000,0.000000,0.000000,123.164351,76.876423,37.992984,29.400000,-4.382318,6.549635,0.000000,0.000000,0.000000,0.000000,-0.686780,13.048665,0.600000,13.080494,-0.149460,-3.680083,0.000000,3.683117,nan,nan,nan,0,nan,nan,nan,0,nan,nan,nan,nan,nan,nan,nan,nan,nan,nan,nan,nan,nan,nan,nan,nan,nan,nan,nan,nan,nan,nan,nan,nan,nan,nan,nan,nan,nan,nan,nan,nan,nan,nan,nan,nan,nan,nan,nan,nan,nan,nan,nan,nan,nan,nan,nan,nan,nan,nan,nan,nan,nan,nan,nan,nan,nan,nan,nan,nan,nan,nan,nan,nan,nan,nan,nan,nan,nan,nan,nan,nan,nan,nan,nan,nan,nan,nan,nan,nan
54.140,TRACKING,12.895732,-0.694228,12.863046,0.600000,-0.148957,-3.712382,0.000000,77.302881,25.534319,29.400000,-5.206455,11.800000,0.000000,0.000000,0.000000,113.808270,76.608653,38.397365,30.000000,-5.355411,8.087618,0.000000,0.000000,0.000000,123.511494,76.608653,38.397365,29.400000,-4.422792,6.521705,0.000000,0.000000,0.000000,0.000000,-0.694228,12.863046,0.600000,12.895732,-0.148957,-3.712382,0.000000,3.715369,nan,nan,nan,0,nan,nan,nan,0,nan,nan,nan,nan,nan,nan,nan,nan,nan,nan,nan,nan,nan,nan,nan,nan,nan,nan,nan,nan,nan,nan,nan,nan,nan,nan,nan,nan,nan,nan,nan,nan,nan,nan,nan,nan,nan,nan,nan,nan,nan,nan,nan,nan,nan,nan,nan,nan,nan,nan,nan,nan,nan,nan,nan,nan,nan,nan,nan,nan,nan,nan,nan,nan,nan,nan,nan,nan,nan,nan,nan,nan,nan,nan,nan,nan,nan,nan,nan,nan
54.180,TRACKING,12.709372,-0.701651,12.675797,0.600000,-0.148448,-3.744977,0.000000,77.040088,26.124319,29.400000,-5.255866,11.800000,0.000000,0.000000,0.000000,114.008784,76.338437,38.800116,30.000000,-5.404314,8.055023,0.000000,0.000000,0.000000,123.858638,76.338437,38.800116,29.400000,-4.463104,6.493519,0.000000,0.000000,0.000000,0.000000,-0.701651,12.675797,0.600000,12.709372,-0.148448,-3.744977,0.000000,3.747918,nan,nan,nan,0,nan,nan,nan,0,nan,nan,nan,nan,nan,nan,nan,nan,nan,nan,nan,nan,nan,nan,nan,nan,nan,nan,nan,nan,nan,nan,nan,nan,nan,nan,nan,nan,nan,nan,nan,nan,nan,nan,nan,nan,nan,nan,nan,nan,nan,nan,nan,nan,nan,nan,nan,nan,nan,nan,nan,nan,nan,nan,nan,nan,nan,nan,nan,nan,nan,nan,nan,nan,nan,nan,nan,nan,nan,nan,nan,nan,nan,nan,nan,nan,nan,nan,nan,nan
54.240,TRACKING,12.521402,-0.709047,12.486903,0.600000,-0.147933,-3.777869,0.000000,76.774833,26.714319,29.400000,-5.305085,11.800000,0.000000,0.000000,0.000000,114.207895,76.065786,39.201223,30.000000,-5.453018,8.022131,0.000000,0.000000,0.000000,124.205781,76.065786,39.201223,29.400000,-4.503252,6.465076,0.000000,0.000000,0.000000,0.000000,-0.709047,12.486903,0.600000,12.521402,-0.147933,-3.777869,0.000000,3.780764,nan,nan,nan,0,nan,nan,nan,0,nan,nan,nan,nan,nan,nan,nan,nan,nan,nan,nan,nan,nan,nan,nan,nan,nan,nan,nan,nan,nan,nan,nan,nan,nan,nan,nan,nan,nan,nan,nan,nan,nan,nan,nan,nan,nan,nan,nan,nan,nan,nan,nan,nan,nan,nan,nan,nan,nan,nan,nan,nan,nan,nan,nan,nan,nan,nan,nan,nan,nan,nan,nan,nan,nan,nan,nan,nan,nan,nan,nan,nan,nan,nan,nan,nan,nan,nan,nan,nan
54.280,TRACKING,12.331808,-0.716418,12.296351,0.600000,-0.147414,-3.811054,0.000000,76.507128,27.304319,29.400000,-5.354109,11.800000,0.000000,0.000000,0.000000,114.405603,75.790710,39.600670,30.000000,-5.501522,7.988946,0.000000,0.000000,0.000000,124.552925,75.790710,39.600670,29.400000,-4.543235,6.436379,0.000000,0.000000,0.000000,0.000000,-0.716418,12.296351,0.600000,12.331808,-0.147414,-3.811054,0.000000,3.813904,nan,nan,nan,0,nan,nan,nan,0,nan,nan,nan,nan,nan,nan,nan,nan,nan,nan,nan,nan,nan,nan,nan,nan,nan,nan,nan,nan,nan,nan,nan,nan,nan,nan,nan,nan,nan,nan,nan,nan,nan,nan,nan,nan,nan,nan,nan,nan,nan,nan,nan,nan,nan,nan,nan,nan,nan,nan,nan,nan,nan,nan,nan,nan,nan,nan,nan,nan,nan,nan,nan,nan,nan,nan,nan,nan,nan,nan,nan,nan,nan,nan,nan,nan,nan,nan,nan,nan
54.340,TRACKING,12.140579,-0.723762,12.104124,0.600000,-0.146888,-3.844533,0.000000,76.236981,27.894319,29.400000,-5.402936,11.800000,0.000000,0.000000,0.000000,114.601904,75.513219,39.998443,30.000000,-5.549825,7.955467,0.000000,0.000000,0.000000,124.900069,75.513219,39.998443,29.400000,-4.583050,6.407428,0.000000,0.000000,0.000000,0.000000,-0.723762,12.104124,0.600000,12.140579,-0.146888,-3.844533,0.000000,3.847339,nan,nan,nan,0,nan,nan,nan,0,nan,nan,nan,nan,nan,nan,nan,nan,nan,nan,nan,nan,nan,nan,nan,nan,nan,nan,nan,nan,nan,nan,nan,nan,nan,nan,nan,nan,nan,nan,nan,nan,nan,nan,nan,nan,nan,nan,nan,nan,nan,nan,nan,nan,nan,nan,nan,nan,nan,nan,nan,nan,nan,nan,nan,nan,nan,nan,nan,nan,nan,nan,nan,nan,nan,nan,nan,nan,nan,nan,nan,nan,nan,nan,nan,nan,nan,nan,nan,nan
54.380,TRACKING,11.947701,-0.731080,11.910209,0.600000,-0.146358,-3.878305,0.000000,75.964403,28.484319,29.400000,-5.451565,11.800000,0.000000,0.000000,0.000000,114.796798,75.233323,40.394528,30.000000,-5.597923,7.921695,0.000000,0.000000,0.000000,125.247212,75.233323,40.394528,29.400000,-4.622698,6.378225,0.000000,0.000000,0.000000,0.000000,-0.731080,11.910209,0.600000,11.947701,-0.146358,-3.878305,0.000000,3.881065,nan,nan,nan,0,nan,nan,nan,0,nan,nan,nan,nan,nan,nan,nan,nan,nan,nan,nan,nan,nan,nan,nan,nan,nan,nan,nan,nan,nan,nan,nan,nan,nan,nan,nan,nan,nan,nan,nan,nan,nan,nan,nan,nan,nan,nan,nan,nan,nan,nan,nan,nan,nan,nan,nan,nan,nan,nan,nan,nan,nan,nan,nan,nan,nan,nan,nan,nan,nan,nan,nan,nan,nan,nan,nan,nan,nan,nan,nan,nan,nan,nan,nan,nan,nan,nan,nan,nan
54.440,TRACKING,11.753162,-0.738371,11.714590,0.600000,-0.145822,-3.912366,0.000000,75.689403,29.074319,29.400000,-5.499994,11.800000,0.000000,0.000000,0.000000,114.990283,74.951032,40.788910,30.000000,-5.645816,7.887634,0.000000,0.000000,0.000000,125.594356,74.951032,40.788910,29.400000,-4.662176,6.348770,0.000000,0.000000,0.000000,0.000000,-0.738371,11.714590,0.600000,11.753162,-0.145822,-3.912366,0.000000,3.915083,nan,nan,nan,0,nan,nan,nan,0,nan,nan,nan,nan,nan,nan,nan,nan,nan,nan,nan,nan,nan,nan,nan,nan,nan,nan,nan,nan,nan,nan,nan,nan,nan,nan,nan,nan,nan,nan,nan,nan,nan,nan,nan,nan,nan,nan,nan,nan,nan,nan,nan,nan,nan,nan,nan,nan,nan,nan,nan,nan,nan,nan,nan,nan,nan,nan,nan,nan,nan,nan,nan,nan,nan,nan,nan,nan,nan,nan,nan,nan,nan,nan,nan,nan,nan,nan,nan,nan
54.480,TRACKING,11.556951,-0.745635,11.517254,0.600000,-0.145280,-3.946718,0.000000,75.411992,29.664319,29.400000,-5.548221,11.800000,0.000000,0.000000,0.000000,115.182359,74.666357,41.181574,30.000000,-5.693501,7.853282,0.000000,0.000000,0.000000,125.941499,74.666357,41.181574,29.400000,-4.701483,6.319065,0.000000,0.000000,0.000000,0.000000,-0.745635,11.517254,0.600000,11.556951,-0.145280,-3.946718,0.000000,3.949391,nan,nan,nan,0,nan,nan,nan,0,nan,nan,nan,nan,nan,nan,nan,nan,nan,nan,nan,nan,nan,nan,nan,nan,nan,nan,nan,nan,nan,nan,nan,nan,nan,nan,nan,nan,nan,nan,nan,nan,nan,nan,nan,nan,nan,nan,nan,nan,nan,nan,nan,nan,nan,nan,nan,nan,nan,nan,nan,nan,nan,nan,nan,nan,nan,nan,nan,nan,nan,nan,nan,nan,nan,nan,nan,nan,nan,nan,nan,nan,nan,nan,nan,nan,nan,nan,nan,nan
54.540,TRACKING,11.359057,-0.752872,11.318187,0.600000,-0.144733,-3.981358,0.000000,75.132180,30.254319,29.400000,-5.596245,11.800000,0.000000,0.000000,0.000000,115.373023,74.379308,41.572506,30.000000,-5.740978,7.818642,0.000000,0.000000,0.000000,126.288643,74.379308,41.572506,29.400000,-4.740617,6.289111,0.000000,0.000000,0.000000,0.000000,-0.752872,11.318187,0.600000,11.359057,-0.144733,-3.981358,0.000000,3.983987,nan,nan,nan,0,nan,nan,nan,0,nan,nan,nan,nan,nan,nan,nan,nan,nan,nan,nan,nan,nan,nan,nan,nan,nan,nan,nan,nan,nan,nan,nan,nan,nan,nan,nan,nan,nan,nan,nan,nan,nan,nan,nan,nan,nan,nan,nan,nan,nan,nan,nan,nan,nan,nan,nan,nan,nan,nan,nan,nan,nan,nan,nan,nan,nan,nan,nan,nan,nan,nan,nan,nan,nan,nan,nan,nan,nan,nan,nan,nan,nan,nan,nan,nan,nan,nan,nan,nan
54.580,TRACKING,11.159466,-0.760081,11.117372,0.600000,-0.144181,-4.016284,0.000000,74.849977,30.844319,29.400000,-5.644063,11.800000,0.000000,0.000000,0.000000,115.562276,74.089896,41.961692,30.000000,-5.788244,7.783716,0.000000,0.000000,0.000000,126.635787,74.089896,41.961692,29.400000,-4.779577,6.258908,0.000000,0.000000,0.000000,0.000000,-0.760081,11.117372,0.600000,11.159466,-0.144181,-4.016284,0.000000,4.018871,nan,nan,nan,0,nan,nan,nan,0,nan,nan,nan,nan,nan,nan,nan,nan,nan,nan,nan,nan,nan,nan,nan,nan,nan,nan,nan,nan,nan,nan,nan,nan,nan,nan,nan,nan,nan,nan,nan,nan,nan,nan,nan,nan,nan,nan,nan,nan,nan,nan,nan,nan,nan,nan,nan,nan,nan,nan,nan,nan,nan,nan,nan,nan,nan,nan,nan,nan,nan,nan,nan,nan,nan,nan,nan,nan,nan,nan,nan,nan,nan,nan,nan,nan,nan,nan,nan,nan
54.640,TRACKING,10.958170,-0.767262,10.914798,0.600000,-0.143623,-4.051497,0.000000,74.565393,31.434319,29.400000,-5.691674,11.800000,0.000000,0.000000,0.000000,115.750117,73.798131,42.349117,30.000000,-5.835298,7.748503,0.000000,0.000000,0.000000,126.982930,73.798131,42.349117,29.400000,-4.818361,6.228458,0.000000,0.000000,0.000000,0.000000,-0.767262,10.914798,0.600000,10.958170,-0.143623,-4.051497,0.000000,4.054042,nan,nan,nan,0,nan,nan,nan,0,nan,nan,nan,nan,nan,nan,nan,nan,nan,nan,nan,nan,nan,nan,nan,nan,nan,nan,nan,nan,nan,nan,nan,nan,nan,nan,nan,nan,nan,nan,nan,nan,nan,nan,nan,nan,nan,nan,nan,nan,nan,nan,nan,nan,nan,nan,nan,nan,nan,nan,nan,nan,nan,nan,nan,nan,nan,nan,nan,nan,nan,nan,nan,nan,nan,nan,nan,nan,nan,nan,nan,nan,nan,nan,nan,nan,nan,nan,nan,nan
54.680,TRACKING,10.755158,-0.774415,10.710448,0.600000,-0.143061,-4.086994,0.000000,74.278439,32.024319,29.400000,-5.739076,11.800000,0.000000,0.000000,0.000000,115.936545,73.504024,42.734767,30.000000,-5.882137,7.713006,0.000000,0.000000,0.000000,127.330074,73.504024,42.734767,29.400000,-4.856969,6.197763,0.000000,0.000000,0.000000,0.000000,-0.774415,10.710448,0.600000,10.755158,-0.143061,-4.086994,0.000000,4.089497,nan,nan,nan,0,nan,nan,nan,0,nan,nan,nan,nan,nan,nan,nan,nan,nan,nan,nan,nan,nan,nan,nan,nan,nan,nan,nan,nan,nan,nan,nan,nan,nan,nan,nan,nan,nan,nan,nan,nan,nan,nan,nan,nan,nan,nan,nan,nan,nan,nan,nan,nan,nan,nan,nan,nan,nan,nan,nan,nan,nan,nan,nan,nan,nan,nan,nan,nan,nan,nan,nan,nan,nan,nan,nan,nan,nan,nan,nan,nan,nan,nan,nan,nan,nan,nan,nan,nan
54.740,TRACKING,10.550418,-0.781540,10.504309,0.600000,-0.142493,-4.122774,0.000000,73.989126,32.614319,29.400000,-5.786268,11.800000,0.000000,0.000000,0.000000,116.121561,73.207586,43.118628,30.000000,-5.928760,7.677226,0.000000,0.000000,0.000000,127.677217,73.207586,43.118628,29.400000,-4.895399,6.166822,0.000000,0.000000,0.000000,0.000000,-0.781540,10.504309,0.600000,10.550418,-0.142493,-4.122774,0.000000,4.125235,nan,nan,nan,0,nan,nan,nan,0,nan,nan,nan,nan,nan,nan,nan,nan,nan,nan,nan,nan,nan,nan,nan,nan,nan,nan,nan,nan,nan,nan,nan,nan,nan,nan,nan,nan,nan,nan,nan,nan,nan,nan,nan,nan,nan,nan,nan,nan,nan,nan,nan,nan,nan,nan,nan,nan,nan,nan,nan,nan,nan,nan,nan,nan,nan,nan,nan,nan,nan,nan,nan,nan,nan,nan,nan,nan,nan,nan,nan,nan,nan,nan,nan,nan,nan,nan,nan,nan
54.780,TRACKING,10.343942,-0.788636,10.296367,0.600000,-0.141919,-4.158836,0.000000,73.697463,33.204319,29.400000,-5.833247,11.800000,0.000000,0.000000,0.000000,116.305164,72.908828,43.500687,30.000000,-5.975166,7.641164,0.000000,0.000000,0.000000,128.024361,72.908828,43.500687,29.400000,-4.930810,6.216822,0.000000,0.000000,0.000000,0.000000,-0.788636,10.296367,0.600000,10.343942,-0.141919,-4.158836,0.000000,4.161256,nan,nan,nan,0,nan,nan,nan,0,nan,nan,nan,nan,nan,nan,nan,nan,nan,nan,nan,nan,nan,nan,nan,nan,nan,nan,nan,nan,nan,nan,nan,nan,nan,nan,nan,nan,nan,nan,nan,nan,nan,nan,nan,nan,nan,nan,nan,nan,nan,nan,nan,nan,nan,nan,nan,nan,nan,nan,nan,nan,nan,nan,nan,nan,nan,nan,nan,nan,nan,nan,nan,nan,nan,nan,nan,nan,nan,nan,nan,nan,nan,nan,nan,nan,nan,nan,nan,nan
54.840,TRACKING,10.135731,-0.795845,10.086609,0.600000,-0.144179,-4.195178,0.000000,73.403605,33.794319,29.400000,-5.877173,11.800000,0.000000,0.000000,0.000000,116.476312,72.607760,43.880928,30.000000,-6.021352,7.604822,0.000000,0.000000,0.000000,128.371505,72.607760,43.880928,29.400000,-4.968947,6.188115,0.000000,0.000000,0.000000,0.000000,-0.795845,10.086609,0.600000,10.135731,-0.144179,-4.195178,0.000000,4.197655,nan,nan,nan,0,nan,nan,nan,0,nan,nan,nan,nan,nan,nan,nan,nan,nan,nan,nan,nan,nan,nan,nan,nan,nan,nan,nan,nan,nan,nan,nan,nan,nan,nan,nan,nan,nan,nan,nan,nan,nan,nan,nan,nan,nan,nan,nan,nan,nan,nan,nan,nan,nan,nan,nan,nan,nan,nan,nan,nan,nan,nan,nan,nan,nan,nan,nan,nan,nan,nan,nan,nan,nan,nan,nan,nan,nan,nan,nan,nan,nan,nan,nan,nan,nan,nan,nan,nan
54.880,TRACKING,9.925766,-0.803013,9.875019,0.600000,-0.143356,-4.231799,0.000000,73.107407,34.384319,29.400000,-5.923961,11.800000,0.000000,0.000000,0.000000,116.658051,72.304394,44.259338,30.000000,-6.067317,7.568201,0.000000,0.000000,0.000000,128.718648,72.304394,44.259338,29.400000,-5.006840,6.157179,0.000000,0.000000,0.000000,0.000000,-0.803013,9.875019,0.600000,9.925766,-0.143356,-4.231799,0.000000,4.234227,nan,nan,nan,0,nan,nan,nan,0,nan,nan,nan,nan,nan,nan,nan,nan,nan,nan,nan,nan,nan,nan,nan,nan,nan,nan,nan,nan,nan,nan,nan,nan,nan,nan,nan,nan,nan,nan,nan,nan,nan,nan,nan,nan,nan,nan,nan,nan,nan,nan,nan,nan,nan,nan,nan,nan,nan,nan,nan,nan,nan,nan,nan,nan,nan,nan,nan,nan,nan,nan,nan,nan,nan,nan,nan,nan,nan,nan,nan,nan,nan,nan,nan,nan,nan,nan,nan,nan
54.940,TRACKING,9.714038,-0.810143,9.661584,0.600000,-0.142605,-4.268699,0.000000,72.808884,34.974319,29.400000,-5.970455,11.800000,0.000000,0.000000,0.000000,116.838078,71.998741,44.635903,30.000000,-6.113060,7.531301,0.000000,0.000000,0.000000,129.065792,71.998741,44.635903,29.400000,-5.044551,6.126009,0.000000,0.000000,0.000000,0.000000,-0.810143,9.661584,0.600000,9.714038,-0.142605,-4.268699,0.000000,4.271080,nan,nan,nan,0,nan,nan,nan,0,nan,nan,nan,nan,nan,nan,nan,nan,nan,nan,nan,nan,nan,nan,nan,nan,nan,nan,nan,nan,nan,nan,nan,nan,nan,nan,nan,nan,nan,nan,nan,nan,nan,nan,nan,nan,nan,nan,nan,nan,nan,nan,nan,nan,nan,nan,nan,nan,nan,nan,nan,nan,nan,nan,nan,nan,nan,nan,nan,nan,nan,nan,nan,nan,nan,nan,nan,nan,nan,nan,nan,nan,nan,nan,nan,nan,nan,nan,nan,nan
54.980,TRACKING,9.500540,-0.817236,9.446290,0.600000,-0.141856,-4.305875,0.000000,72.508048,35.564319,29.400000,-6.016722,11.800000,0.000000,0.000000,0.000000,117.016658,71.690812,45.010609,30.000000,-6.158578,7.494125,0.000000,0.000000,0.000000,129.412935,71.690812,45.010609,29.400000,-5.082077,6.094605,0.000000,0.000000,0.000000,0.000000,-0.817236,9.446290,0.600000,9.500540,-0.141856,-4.305875,0.000000,4.308211,nan,nan,nan,0,nan,nan,nan,0,nan,nan,nan,nan,nan,nan,nan,nan,nan,nan,nan,nan,nan,nan,nan,nan,nan,nan,nan,nan,nan,nan,nan,nan,nan,nan,nan,nan,nan,nan,nan,nan,nan,nan,nan,nan,nan,nan,nan,nan,nan,nan,nan,nan,nan,nan,nan,nan,nan,nan,nan,nan,nan,nan,nan,nan,nan,nan,nan,nan,nan,nan,nan,nan,nan,nan,nan,nan,nan,nan,nan,nan,nan,nan,nan,nan,nan,nan,nan,nan
55.040,TRACKING,9.285267,-0.824291,9.229124,0.600000,-0.141111,-4.343325,0.000000,72.204910,36.154319,29.400000,-6.062759,11.800000,0.000000,0.000000,0.000000,117.193790,71.380619,45.383443,30.000000,-6.203870,7.456675,0.000000,0.000000,0.000000,129.760079,71.380619,45.383443,29.400000,-5.119416,6.062968,0.000000,0.000000,0.000000,0.000000,-0.824291,9.229124,0.600000,9.285267,-0.141111,-4.343325,0.000000,4.345617,nan,nan,nan,0,nan,nan,nan,0,nan,nan,nan,nan,nan,nan,nan,nan,nan,nan,nan,nan,nan,nan,nan,nan,nan,nan,nan,nan,nan,nan,nan,nan,nan,nan,nan,nan,nan,nan,nan,nan,nan,nan,nan,nan,nan,nan,nan,nan,nan,nan,nan,nan,nan,nan,nan,nan,nan,nan,nan,nan,nan,nan,nan,nan,nan,nan,nan,nan,nan,nan,nan,nan,nan,nan,nan,nan,nan,nan,nan,nan,nan,nan,nan,nan,nan,nan,nan,nan
55.080,TRACKING,9.068211,-0.831310,9.010071,0.600000,-0.140369,-4.381050,0.000000,71.899482,36.744319,29.400000,-6.108566,11.800000,0.000000,0.000000,0.000000,117.369475,71.068172,45.754390,30.000000,-6.248934,7.418950,0.000000,0.000000,0.000000,130.107223,71.068172,45.754390,29.400000,-5.156568,6.031101,0.000000,0.000000,0.000000,0.000000,-0.831310,9.010071,0.600000,9.068211,-0.140369,-4.381050,0.000000,4.383298,nan,nan,nan,0,nan,nan,nan,0,nan,nan,nan,nan,nan,nan,nan,nan,nan,nan,nan,nan,nan,nan,nan,nan,nan,nan,nan,nan,nan,nan,nan,nan,nan,nan,nan,nan,nan,nan,nan,nan,nan,nan,nan,nan,nan,nan,nan,nan,nan,nan,nan,nan,nan,nan,nan,nan,nan,nan,nan,nan,nan,nan,nan,nan,nan,nan,nan,nan,nan,nan,nan,nan,nan,nan,nan,nan,nan,nan,nan,nan,nan,nan,nan,nan,nan,nan,nan,nan
55.140,TRACKING,8.849370,-0.838291,8.789119,0.600000,-0.139630,-4.419047,0.000000,71.591775,37.334319,29.400000,-6.154139,11.800000,0.000000,0.000000,0.000000,117.543718,70.753484,46.123438,30.000000,-6.293769,7.380953,0.000000,0.000000,0.000000,130.454366,70.753484,46.123438,29.400000,-5.193530,5.999003,0.000000,0.000000,0.000000,0.000000,-0.838291,8.789119,0.600000,8.849370,-0.139630,-4.419047,0.000000,4.421252,nan,nan,nan,0,nan,nan,nan,0,nan,nan,nan,nan,nan,nan,nan,nan,nan,nan,nan,nan,nan,nan,nan,nan,nan,nan,nan,nan,nan,nan,nan,nan,nan,nan,nan,nan,nan,nan,nan,nan,nan,nan,nan,nan,nan,nan,nan,nan,nan,nan,nan,nan,nan,nan,nan,nan,nan,nan,nan,nan,nan,nan,nan,nan,nan,nan,nan,nan,nan,nan,nan,nan,nan,nan,nan,nan,nan,nan,nan,nan,nan,nan,nan,nan,nan,nan,nan,nan
55.180,TRACKING,8.628738,-0.845236,8.566253,0.600000,-0.138894,-4.457315,0.000000,71.281801,37.924319,29.400000,-6.199480,11.800000,0.000000,0.000000,0.000000,117.716521,70.436565,46.490572,30.000000,-6.338373,7.342685,0.000000,0.000000,0.000000,130.801510,70.436565,46.490572,29.400000,-5.230302,5.966676,0.000000,0.000000,0.000000,0.000000,-0.845236,8.566253,0.600000,8.628738,-0.138894,-4.457315,0.000000,4.459478,nan,nan,nan,0,nan,nan,nan,0,nan,nan,nan,nan,nan,nan,nan,nan,nan,nan,nan,nan,nan,nan,nan,nan,nan,nan,nan,nan,nan,nan,nan,nan,nan,nan,nan,nan,nan,nan,nan,nan,nan,nan,nan,nan,nan,nan,nan,nan,nan,nan,nan,nan,nan,nan,nan,nan,nan,nan,nan,nan,nan,nan,nan,nan,nan,nan,nan,nan,nan,nan,nan,nan,nan,nan,nan,nan,nan,nan,nan,nan,nan,nan,nan,nan,nan,nan,nan,nan
55.240,TRACKING,8.406314,-0.852144,8.341460,0.600000,-0.138159,-4.495852,0.000000,70.969571,38.514319,29.400000,-6.244585,11.800000,0.000000,0.000000,0.000000,117.887889,70.117428,46.855780,30.000000,-6.382745,7.304148,0.000000,0.000000,0.000000,131.148653,70.117428,46.855780,29.400000,-5.266882,5.934122,0.000000,0.000000,0.000000,0.000000,-0.852144,8.341460,0.600000,8.406314,-0.138159,-4.495852,0.000000,4.497975,nan,nan,nan,0,nan,nan,nan,0,nan,nan,nan,nan,nan,nan,nan,nan,nan,nan,nan,nan,nan,nan,nan,nan,nan,nan,nan,nan,nan,nan,nan,nan,nan,nan,nan,nan,nan,nan,nan,nan,nan,nan,nan,nan,nan,nan,nan,nan,nan,nan,nan,nan,nan,nan,nan,nan,nan,nan,nan,nan,nan,nan,nan,nan,nan,nan,nan,nan,nan,nan,nan,nan,nan,nan,nan,nan,nan,nan,nan,nan,nan,nan,nan,nan,nan,nan,nan,nan
55.280,TRACKING,8.182097,-0.859015,8.114727,0.600000,-0.137427,-4.534658,0.000000,70.655099,39.104319,29.400000,-6.289455,11.800000,0.000000,0.000000,0.000000,118.057824,69.796084,47.219047,30.000000,-6.426882,7.265342,0.000000,0.000000,0.000000,131.495797,69.796084,47.219047,29.400000,-5.303269,5.901341,0.000000,0.000000,0.000000,0.000000,-0.859015,8.114727,0.600000,8.182097,-0.137427,-4.534658,0.000000,4.536740,nan,nan,nan,0,nan,nan,nan,0,nan,nan,nan,nan,nan,nan,nan,nan,nan,nan,nan,nan,nan,nan,nan,nan,nan,nan,nan,nan,nan,nan,nan,nan,nan,nan,nan,nan,nan,nan,nan,nan,nan,nan,nan,nan,nan,nan,nan,nan,nan,nan,nan,nan,nan,nan,nan,nan,nan,nan,nan,nan,nan,nan,nan,nan,nan,nan,nan,nan,nan,nan,nan,nan,nan,nan,nan,nan,nan,nan,nan,nan,nan,nan,nan,nan,nan,nan,nan,nan
55.340,TRACKING,7.956088,-0.865850,7.886041,0.600000,-0.136695,-4.573730,0.000000,70.338394,39.694319,29.400000,-6.334088,11.800000,0.000000,0.000000,0.000000,118.226329,69.472544,47.580360,30.000000,-6.470783,7.226270,0.000000,0.000000,0.000000,131.842941,69.472544,47.580360,29.400000,-5.339462,5.868335,0.000000,0.000000,0.000000,0.000000,-0.865850,7.886041,0.600000,7.956088,-0.136695,-4.573730,0.000000,4.575773,nan,nan,nan,0,nan,nan,nan,0,nan,nan,nan,nan,nan,nan,nan,nan,nan,nan,nan,nan,nan,nan,nan,nan,nan,nan,nan,nan,nan,nan,nan,nan,nan,nan,nan,nan,nan,nan,nan,nan,nan,nan,nan,nan,nan,nan,nan,nan,nan,nan,nan,nan,nan,nan,nan,nan,nan,nan,nan,nan,nan,nan,nan,nan,nan,nan,nan,nan,nan,nan,nan,nan,nan,nan,nan,nan,nan,nan,nan,nan,nan,nan,nan,nan,nan,nan,nan,nan
55.380,TRACKING,7.728290,-0.872648,7.655388,0.600000,-0.135964,-4.613068,0.000000,70.019470,40.284319,29.400000,-6.378482,11.800000,0.000000,0.000000,0.000000,118.393407,69.146822,47.939707,30.000000,-6.514446,7.186932,0.000000,0.000000,0.000000,132.190084,69.146822,47.939707,29.400000,-5.375458,5.835105,0.000000,0.000000,0.000000,0.000000,-0.872648,7.655388,0.600000,7.728290,-0.135964,-4.613068,0.000000,4.615071,nan,nan,nan,0,nan,nan,nan,0,nan,nan,nan,nan,nan,nan,nan,nan,nan,nan,nan,nan,nan,nan,nan,nan,nan,nan,nan,nan,nan,nan,nan,nan,nan,nan,nan,nan,nan,nan,nan,nan,nan,nan,nan,nan,nan,nan,nan,nan,nan,nan,nan,nan,nan,nan,nan,nan,nan,nan,nan,nan,nan,nan,nan,nan,nan,nan,nan,nan,nan,nan,nan,nan,nan,nan,nan,nan,nan,nan,nan,nan,nan,nan,nan,nan,nan,nan,nan,nan
55.440,TRACKING,7.498709,-0.879410,7.422754,0.600000,-0.135234,-4.652669,0.000000,69.698338,40.874319,29.400000,-6.422636,11.800000,0.000000,0.000000,0.000000,118.559063,68.818929,48.297073,30.000000,-6.557870,7.147331,0.000000,0.000000,0.000000,132.537228,68.818929,48.297073,29.400000,-5.411258,5.801652,0.000000,0.000000,0.000000,0.000000,-0.879410,7.422754,0.600000,7.498709,-0.135234,-4.652669,0.000000,4.654634,nan,nan,nan,0,nan,nan,nan,0,nan,nan,nan,nan,nan,nan,nan,nan,nan,nan,nan,nan,nan,nan,nan,nan,nan,nan,nan,nan,nan,nan,nan,nan,nan,nan,nan,nan,nan,nan,nan,nan,nan,nan,nan,nan,nan,nan,nan,nan,nan,nan,nan,nan,nan,nan,nan,nan,nan,nan,nan,nan,nan,nan,nan,nan,nan,nan,nan,nan,nan,nan,nan,nan,nan,nan,nan,nan,nan,nan,nan,nan,nan,nan,nan,nan,nan,nan,nan,nan
55.480,TRACKING,7.267352,-0.886135,7.188127,0.600000,-0.134505,-4.692533,0.000000,69.375011,41.464319,29.400000,-6.466549,11.800000,0.000000,0.000000,0.000000,118.723299,68.488876,48.652447,30.000000,-6.601054,7.107467,0.000000,0.000000,0.000000,132.884372,68.488876,48.652447,29.400000,-5.446858,5.767978,0.000000,0.000000,0.000000,0.000000,-0.886135,7.188127,0.600000,7.267352,-0.134505,-4.692533,0.000000,4.694460,nan,nan,nan,0,nan,nan,nan,0,nan,nan,nan,nan,nan,nan,nan,nan,nan,nan,nan,nan,nan,nan,nan,nan,nan,nan,nan,nan,nan,nan,nan,nan,nan,nan,nan,nan,nan,nan,nan,nan,nan,nan,nan,nan,nan,nan,nan,nan,nan,nan,nan,nan,nan,nan,nan,nan,nan,nan,nan,nan,nan,nan,nan,nan,nan,nan,nan,nan,nan,nan,nan,nan,nan,nan,nan,nan,nan,nan,nan,nan,nan,nan,nan,nan,nan,nan,nan,nan
55.540,TRACKING,7.034231,-0.892824,6.951495,0.600000,-0.133775,-4.732658,0.000000,69.049500,42.054319,29.400000,-6.510220,11.800000,0.000000,0.000000,0.000000,118.886118,68.156676,49.005814,30.000000,-6.643995,7.067342,0.000000,0.000000,0.000000,133.231515,68.156676,49.005814,29.400000,-5.482259,5.734083,0.000000,0.000000,0.000000,0.000000,-0.892824,6.951495,0.600000,7.034231,-0.133775,-4.732658,0.000000,4.734548,nan,nan,nan,0,nan,nan,nan,0,nan,nan,nan,nan,nan,nan,nan,nan,nan,nan,nan,nan,nan,nan,nan,nan,nan,nan,nan,nan,nan,nan,nan,nan,nan,nan,nan,nan,nan,nan,nan,nan,nan,nan,nan,nan,nan,nan,nan,nan,nan,nan,nan,nan,nan,nan,nan,nan,nan,nan,nan,nan,nan,nan,nan,nan,nan,nan,nan,nan,nan,nan,nan,nan,nan,nan,nan,nan,nan,nan,nan,nan,nan,nan,nan,nan,nan,nan,nan,nan
55.580,TRACKING,6.799361,-0.899476,6.712842,0.600000,-0.133045,-4.773042,0.000000,68.721818,42.644319,29.400000,-6.553648,11.800000,0.000000,0.000000,0.000000,119.047525,67.822341,49.357162,30.000000,-6.686693,7.026958,0.000000,0.000000,0.000000,133.578659,67.822341,49.357162,29.400000,-5.517459,5.699969,0.000000,0.000000,0.000000,0.000000,-0.899476,6.712842,0.600000,6.799361,-0.133045,-4.773042,0.000000,4.774896,nan,nan,nan,0,nan,nan,nan,0,nan,nan,nan,nan,nan,nan,nan,nan,nan,nan,nan,nan,nan,nan,nan,nan,nan,nan,nan,nan,nan,nan,nan,nan,nan,nan,nan,nan,nan,nan,nan,nan,nan,nan,nan,nan,nan,nan,nan,nan,nan,nan,nan,nan,nan,nan,nan,nan,nan,nan,nan,nan,nan,nan,nan,nan,nan,nan,nan,nan,nan,nan,nan,nan,nan,nan,nan,nan,nan,nan,nan,nan,nan,nan,nan,nan,nan,nan,nan,nan
55.640,TRACKING,6.562761,-0.906092,6.472158,0.600000,-0.132314,-4.813684,0.000000,68.391976,43.234319,29.400000,-6.596830,11.800000,0.000000,0.000000,0.000000,119.207522,67.485884,49.706478,30.000000,-6.729145,6.986316,0.000000,0.000000,0.000000,133.925803,67.485884,49.706478,29.400000,-5.552456,5.665637,0.000000,0.000000,0.000000,0.000000,-0.906092,6.472158,0.600000,6.562761,-0.132314,-4.813684,0.000000,4.815502,nan,nan,nan,0,nan,nan,nan,0,nan,nan,nan,nan,nan,nan,nan,nan,nan,nan,nan,nan,nan,nan,nan,nan,nan,nan,nan,nan,nan,nan,nan,nan,nan,nan,nan,nan,nan,nan,nan,nan,nan,nan,nan,nan,nan,nan,nan,nan,nan,nan,nan,nan,nan,nan,nan,nan,nan,nan,nan,nan,nan,nan,nan,nan,nan,nan,nan,nan,nan,nan,nan,nan,nan,nan,nan,nan,nan,nan,nan,nan,nan,nan,nan,nan,nan,nan,nan,nan
55.680,TRACKING,6.324457,-0.912671,6.229429,0.600000,-0.131583,-4.854582,0.000000,68.059988,43.824319,29.400000,-6.639766,11.800000,0.000000,0.000000,0.000000,119.366112,67.147317,50.053748,30.000000,-6.771350,6.945418,0.000000,0.000000,0.000000,134.272946,67.147317,50.053748,29.400000,-5.587250,5.631088,0.000000,0.000000,0.000000,0.000000,-0.912671,6.229429,0.600000,6.324457,-0.131583,-4.854582,0.000000,4.856365,nan,nan,nan,0,nan,nan,nan,0,nan,nan,nan,nan,nan,nan,nan,nan,nan,nan,nan,nan,nan,nan,nan,nan,nan,nan,nan,nan,nan,nan,nan,nan,nan,nan,nan,nan,nan,nan,nan,nan,nan,nan,nan,nan,nan,nan,nan,nan,nan,nan,nan,nan,nan,nan,nan,nan,nan,nan,nan,nan,nan,nan,nan,nan,nan,nan,nan,nan,nan,nan,nan,nan,nan,nan,nan,nan,nan,nan,nan,nan,nan,nan,nan,nan,nan,nan,nan,nan
55.740,TRACKING,6.084480,-0.919213,5.984642,0.600000,-0.130851,-4.895736,0.000000,67.725865,44.414319,29.400000,-6.682455,11.800000,0.000000,0.000000,0.000000,119.523300,66.806651,50.398962,30.000000,-6.813306,6.904264,0.000000,0.000000,0.000000,134.620090,66.806651,50.398962,29.400000,-5.621838,5.596324,0.000000,0.000000,0.000000,0.000000,-0.919213,5.984642,0.600000,6.084480,-0.130851,-4.895736,0.000000,4.897484,nan,nan,nan,0,nan,nan,nan,0,nan,nan,nan,nan,nan,nan,nan,nan,nan,nan,nan,nan,nan,nan,nan,nan,nan,nan,nan,nan,nan,nan,nan,nan,nan,nan,nan,nan,nan,nan,nan,nan,nan,nan,nan,nan,nan,nan,nan,nan,nan,nan,nan,nan,nan,nan,nan,nan,nan,nan,nan,nan,nan,nan,nan,nan,nan,nan,nan,nan,nan,nan,nan,nan,nan,nan,nan,nan,nan,nan,nan,nan,nan,nan,nan,nan,nan,nan,nan,nan
55.780,TRACKING,5.842870,-0.925719,5.737785,0.600000,-0.130118,-4.937143,0.000000,67.389620,45.004319,29.400000,-6.724895,11.800000,0.000000,0.000000,0.000000,119.679089,66.463901,50.742104,30.000000,-6.855012,6.862857,0.000000,0.000000,0.000000,134.967233,66.463901,50.742104,29.400000,-5.656221,5.561346,0.000000,0.000000,0.000000,0.000000,-0.925719,5.737785,0.600000,5.842870,-0.130118,-4.937143,0.000000,4.938857,nan,nan,nan,0,nan,nan,nan,0,nan,nan,nan,nan,nan,nan,nan,nan,nan,nan,nan,nan,nan,nan,nan,nan,nan,nan,nan,nan,nan,nan,nan,nan,nan,nan,nan,nan,nan,nan,nan,nan,nan,nan,nan,nan,nan,nan,nan,nan,nan,nan,nan,nan,nan,nan,nan,nan,nan,nan,nan,nan,nan,nan,nan,nan,nan,nan,nan,nan,nan,nan,nan,nan,nan,nan,nan,nan,nan,nan,nan,nan,nan,nan,nan,nan,nan,nan,nan,nan
55.840,TRACKING,5.599678,-0.932188,5.488845,0.600000,-0.129383,-4.978802,0.000000,67.051266,45.594319,29.400000,-6.767084,11.800000,0.000000,0.000000,0.000000,119.833481,66.119078,51.083164,30.000000,-6.896467,6.821198,0.000000,0.000000,0.000000,135.314377,66.119078,51.083164,29.400000,-5.690395,5.526155,0.000000,0.000000,0.000000,0.000000,-0.932188,5.488845,0.600000,5.599678,-0.129383,-4.978802,0.000000,4.980483,nan,nan,nan,0,nan,nan,nan,0,nan,nan,nan,nan,nan,nan,nan,nan,nan,nan,nan,nan,nan,nan,nan,nan,nan,nan,nan,nan,nan,nan,nan,nan,nan,nan,nan,nan,nan,nan,nan,nan,nan,nan,nan,nan,nan,nan,nan,nan,nan,nan,nan,nan,nan,nan,nan,nan,nan,nan,nan,nan,nan,nan,nan,nan,nan,nan,nan,nan,nan,nan,nan,nan,nan,nan,nan,nan,nan,nan,nan,nan,nan,nan,nan,nan,nan,nan,nan,nan
55.880,TRACKING,5.354966,-0.938621,5.237810,0.600000,-0.128647,-5.020711,0.000000,66.710815,46.184319,29.400000,-6.809021,11.800000,0.000000,0.000000,0.000000,119.986481,65.772194,51.422129,30.000000,-6.937668,6.779289,0.000000,0.000000,0.000000,135.661521,65.772194,51.422129,29.400000,-5.724361,5.490752,0.000000,0.000000,0.000000,0.000000,-0.938621,5.237810,0.600000,5.354966,-0.128647,-5.020711,0.000000,5.022359,nan,nan,nan,0,nan,nan,nan,0,nan,nan,nan,nan,nan,nan,nan,nan,nan,nan,nan,nan,nan,nan,nan,nan,nan,nan,nan,nan,nan,nan,nan,nan,nan,nan,nan,nan,nan,nan,nan,nan,nan,nan,nan,nan,nan,nan,nan,nan,nan,nan,nan,nan,nan,nan,nan,nan,nan,nan,nan,nan,nan,nan,nan,nan,nan,nan,nan,nan,nan,nan,nan,nan,nan,nan,nan,nan,nan,nan,nan,nan,nan,nan,nan,nan,nan,nan,nan,nan
55.940,TRACKING,5.109976,-0.945016,4.985860,0.600000,-0.127909,-5.038993,0.000000,66.368280,46.773125,29.400000,-6.850706,11.776124,0.000000,0.000000,0.000000,120.188509,65.423263,51.758985,30.000000,-6.978615,6.737131,0.000000,0.000000,0.000000,136.008664,65.423263,51.758985,29.400000,-5.758117,5.455617,0.000000,0.000000,0.000000,0.000000,-0.945016,4.985860,0.600000,5.109976,-0.127909,-5.038993,0.000000,5.040616,nan,nan,nan,0,nan,nan,nan,0,nan,nan,nan,nan,nan,nan,nan,nan,nan,nan,nan,nan,nan,nan,nan,nan,nan,nan,nan,nan,nan,nan,nan,nan,nan,nan,nan,nan,nan,nan,nan,nan,nan,nan,nan,nan,nan,nan,nan,nan,nan,nan,nan,nan,nan,nan,nan,nan,nan,nan,nan,nan,nan,nan,nan,nan,nan,nan,nan,nan,nan,nan,nan,nan,nan,nan,nan,nan,nan,nan,nan,nan,nan,nan,nan,nan,nan,nan,nan,nan
55.980,TRACKING,4.869716,-0.951375,4.738040,0.600000,-0.127169,-4.956398,0.000000,66.023673,47.355682,29.400000,-6.892136,11.651124,0.000000,0.000000,0.000000,120.606125,65.072298,52.093722,30.000000,-7.019306,6.694726,0.000000,0.000000,0.000000,136.355808,65.072298,52.093722,29.400000,-5.791661,5.422295,0.000000,0.000000,0.000000,0.000000,-0.951375,4.738040,0.600000,4.869716,-0.127169,-4.956398,0.000000,4.958029,nan,nan,nan,0,nan,nan,nan,0,nan,nan,nan,nan,nan,nan,nan,nan,nan,nan,nan,nan,nan,nan,nan,nan,nan,nan,nan,nan,nan,nan,nan,nan,nan,nan,nan,nan,nan,nan,nan,nan,nan,nan,nan,nan,nan,nan,nan,nan,nan,nan,nan,nan,nan,nan,nan,nan,nan,nan,nan,nan,nan,nan,nan,nan,nan,nan,nan,nan,nan,nan,nan,nan,nan,nan,nan,nan,nan,nan,nan,nan,nan,nan,nan,nan,nan,nan,nan,nan
56.040,TRACKING,4.630459,-0.952811,4.491470,0.600000,-0.028725,-4.931398,0.000000,65.677007,47.931988,29.400000,-6.933311,11.526124,0.000000,0.000000,0.000000,121.028178,64.724196,52.423458,30.000000,-6.962036,6.594726,0.000000,0.000000,0.000000,136.552007,64.724196,52.423458,29.400000,-5.808566,5.402939,0.000000,0.000000,0.000000,0.000000,-0.952811,4.491470,0.600000,4.630459,-0.028725,-4.931398,0.000000,4.931482,nan,nan,nan,0,nan,nan,nan,0,nan,nan,nan,nan,nan,nan,nan,nan,nan,nan,nan,nan,nan,nan,nan,nan,nan,nan,nan,nan,nan,nan,nan,nan,nan,nan,nan,nan,nan,nan,nan,nan,nan,nan,nan,nan,nan,nan,nan,nan,nan,nan,nan,nan,nan,nan,nan,nan,nan,nan,nan,nan,nan,nan,nan,nan,nan,nan,nan,nan,nan,nan,nan,nan,nan,nan,nan,nan,nan,nan,nan,nan,nan,nan,nan,nan,nan,nan,nan,nan
56.080,TRACKING,4.391935,-0.948316,4.246150,0.600000,0.089903,-4.906398,0.000000,65.329410,48.502044,29.400000,-6.951939,11.401124,0.000000,0.000000,0.000000,121.373130,64.381095,52.748194,30.000000,-6.862036,6.494726,0.000000,0.000000,0.000000,136.575235,64.381095,52.748194,29.400000,-5.808423,5.401084,0.000000,0.000000,0.000000,0.000000,-0.948316,4.246150,0.600000,4.391935,0.089903,-4.906398,0.000000,4.907222,nan,nan,nan,0,nan,nan,nan,0,nan,nan,nan,nan,nan,nan,nan,nan,nan,nan,nan,nan,nan,nan,nan,nan,nan,nan,nan,nan,nan,nan,nan,nan,nan,nan,nan,nan,nan,nan,nan,nan,nan,nan,nan,nan,nan,nan,nan,nan,nan,nan,nan,nan,nan,nan,nan,nan,nan,nan,nan,nan,nan,nan,nan,nan,nan,nan,nan,nan,nan,nan,nan,nan,nan,nan,nan,nan,nan,nan,nan,nan,nan,nan,nan,nan,nan,nan,nan,nan
56.140,TRACKING,4.154341,-0.939098,4.002080,0.600000,0.184366,-4.881398,0.000000,64.982090,49.065850,29.400000,-6.946402,11.276124,0.000000,0.000000,0.000000,121.634210,64.042993,53.067931,30.000000,-6.762036,6.394726,0.000000,0.000000,0.000000,136.599168,64.042993,53.067931,29.400000,-5.808830,5.399157,0.000000,0.000000,0.000000,0.000000,-0.939098,4.002080,0.600000,4.154341,0.184366,-4.881398,0.000000,4.884878,nan,nan,nan,0,nan,nan,nan,0,nan,nan,nan,nan,nan,nan,nan,nan,nan,nan,nan,nan,nan,nan,nan,nan,nan,nan,nan,nan,nan,nan,nan,nan,nan,nan,nan,nan,nan,nan,nan,nan,nan,nan,nan,nan,nan,nan,nan,nan,nan,nan,nan,nan,nan,nan,nan,nan,nan,nan,nan,nan,nan,nan,nan,nan,nan,nan,nan,nan,nan,nan,nan,nan,nan,nan,nan,nan,nan,nan,nan,nan,nan,nan,nan,nan,nan,nan,nan,nan
56.180,TRACKING,3.917707,-0.925412,3.759260,0.600000,0.273711,-4.856398,0.000000,64.635303,49.623406,29.400000,-6.935747,11.151124,0.000000,0.000000,0.000000,121.880680,63.709891,53.382667,30.000000,-6.662036,6.294726,0.000000,0.000000,0.000000,136.623839,63.709891,53.382667,29.400000,-5.809410,5.397153,0.000000,0.000000,0.000000,0.000000,-0.925412,3.759260,0.600000,3.917707,0.273711,-4.856398,0.000000,4.864105,nan,nan,nan,0,nan,nan,nan,0,nan,nan,nan,nan,nan,nan,nan,nan,nan,nan,nan,nan,nan,nan,nan,nan,nan,nan,nan,nan,nan,nan,nan,nan,nan,nan,nan,nan,nan,nan,nan,nan,nan,nan,nan,nan,nan,nan,nan,nan,nan,nan,nan,nan,nan,nan,nan,nan,nan,nan,nan,nan,nan,nan,nan,nan,nan,nan,nan,nan,nan,nan,nan,nan,nan,nan,nan,nan,nan,nan,nan,nan,nan,nan,nan,nan,nan,nan,nan,nan
56.240,TRACKING,3.682083,-0.907519,3.517691,0.600000,0.357868,-4.831398,0.000000,64.289308,50.174712,29.400000,-6.919904,11.026124,0.000000,0.000000,0.000000,122.112042,63.381789,53.692403,30.000000,-6.562036,6.194726,0.000000,0.000000,0.000000,136.649284,63.381789,53.692403,29.400000,-5.810166,5.395070,0.000000,0.000000,0.000000,0.000000,-0.907519,3.517691,0.600000,3.682083,0.357868,-4.831398,0.000000,4.844634,nan,nan,nan,0,nan,nan,nan,0,nan,nan,nan,nan,nan,nan,nan,nan,nan,nan,nan,nan,nan,nan,nan,nan,nan,nan,nan,nan,nan,nan,nan,nan,nan,nan,nan,nan,nan,nan,nan,nan,nan,nan,nan,nan,nan,nan,nan,nan,nan,nan,nan,nan,nan,nan,nan,nan,nan,nan,nan,nan,nan,nan,nan,nan,nan,nan,nan,nan,nan,nan,nan,nan,nan,nan,nan,nan,nan,nan,nan,nan,nan,nan,nan,nan,nan,nan,nan,nan
56.280,TRACKING,3.447543,-0.885661,3.277371,0.600000,0.437152,-4.806398,0.000000,63.944348,50.719769,29.400000,-6.899188,10.901124,0.000000,0.000000,0.000000,122.329221,63.058687,53.997139,30.000000,-6.462036,6.094726,0.000000,0.000000,0.000000,136.675538,63.058687,53.997139,29.400000,-5.811096,5.392904,0.000000,0.000000,0.000000,0.000000,-0.885661,3.277371,0.600000,3.447543,0.437152,-4.806398,0.000000,4.826237,nan,nan,nan,0,nan,nan,nan,0,nan,nan,nan,nan,nan,nan,nan,nan,nan,nan,nan,nan,nan,nan,nan,nan,nan,nan,nan,nan,nan,nan,nan,nan,nan,nan,nan,nan,nan,nan,nan,nan,nan,nan,nan,nan,nan,nan,nan,nan,nan,nan,nan,nan,nan,nan,nan,nan,nan,nan,nan,nan,nan,nan,nan,nan,nan,nan,nan,nan,nan,nan,nan,nan,nan,nan,nan,nan,nan,nan,nan,nan,nan,nan,nan,nan,nan,nan,nan,nan
56.340,TRACKING,3.214186,-0.860068,3.038301,0.600000,0.511853,-4.781398,0.000000,63.600654,51.258575,29.400000,-6.873889,10.776124,0.000000,0.000000,0.000000,122.533047,62.740586,54.296876,30.000000,-6.362036,5.994726,0.000000,0.000000,0.000000,136.702642,62.740586,54.296876,29.400000,-5.812198,5.390650,0.000000,0.000000,0.000000,0.000000,-0.860068,3.038301,0.600000,3.214186,0.511853,-4.781398,0.000000,4.808717,nan,nan,nan,0,nan,nan,nan,0,nan,nan,nan,nan,nan,nan,nan,nan,nan,nan,nan,nan,nan,nan,nan,nan,nan,nan,nan,nan,nan,nan,nan,nan,nan,nan,nan,nan,nan,nan,nan,nan,nan,nan,nan,nan,nan,nan,nan,nan,nan,nan,nan,nan,nan,nan,nan,nan,nan,nan,nan,nan,nan,nan,nan,nan,nan,nan,nan,nan,nan,nan,nan,nan,nan,nan,nan,nan,nan,nan,nan,nan,nan,nan,nan,nan,nan,nan,nan,nan
56.380,DOCKING,2.982144,-0.830956,2.800481,0.600000,0.582244,-4.756398,0.000000,63.258440,51.791131,29.400000,-6.844280,10.651124,0.000000,0.000000,0.000000,122.724297,62.427484,54.591612,30.000000,-6.262036,5.894726,0.000000,0.000000,0.000000,136.730637,60.681879,56.784171,29.232960,-5.762198,5.340650,-0.050000,0.000000,0.000000,0.000000,-0.830956,2.800481,0.600000,2.982144,0.582244,-4.756398,0.000000,4.791903,nan,nan,nan,0,nan,nan,nan,0,nan,nan,nan,nan,nan,nan,nan,nan,nan,nan,nan,nan,nan,nan,nan,nan,nan,nan,nan,nan,nan,nan,nan,nan,nan,nan,nan,nan,nan,nan,nan,nan,nan,nan,nan,nan,nan,nan,nan,nan,nan,nan,nan,nan,nan,nan,nan,nan,nan,nan,nan,nan,nan,nan,nan,nan,nan,nan,nan,nan,nan,nan,nan,nan,nan,nan,nan,nan,nan,nan,nan,nan,nan,nan,nan,nan,nan,nan,nan,nan
56.440,DOCKING,2.739028,-0.790594,2.551411,0.606250,0.807244,-4.981398,0.125000,62.909976,52.329937,29.393750,-6.969280,10.776124,-0.125000,0.000000,0.000000,122.892102,62.119382,54.881348,30.000000,-6.162036,5.794726,0.000000,0.000000,0.000000,136.759567,60.460664,56.990277,29.235410,-5.612198,5.190650,-0.039050,0.000000,0.000000,0.000000,-0.790594,2.551411,0.606250,2.739028,0.807244,-4.981398,0.125000,5.047930,nan,nan,nan,0,nan,nan,nan,0,nan,nan,nan,nan,nan,nan,nan,nan,nan,nan,nan,nan,nan,nan,nan,nan,nan,nan,nan,nan,nan,nan,nan,nan,nan,nan,nan,nan,nan,nan,nan,nan,nan,nan,nan,nan,nan,nan,nan,nan,nan,nan,nan,nan,nan,nan,nan,nan,nan,nan,nan,nan,nan,nan,nan,nan,nan,nan,nan,nan,nan,nan,nan,nan,nan,nan,nan,nan,nan,nan,nan,nan,nan,nan,nan,nan,nan,nan,nan,nan
56.480,DOCKING,2.492047,-0.738982,2.299494,0.613620,1.032244,-5.038332,0.147390,62.555262,52.866590,29.386380,-7.094280,10.733058,-0.147390,0.000000,0.000000,123.463696,61.816280,55.166084,30.000000,-6.062036,5.694726,0.000000,0.000000,0.000000,136.789480,61.776346,55.203599,29.750000,-5.612198,5.190650,0.060950,0.000000,0.000000,0.000000,-0.738982,2.299494,0.613620,2.492047,1.032244,-5.038332,0.147390,5.145099,nan,nan,nan,0,nan,nan,nan,0,nan,nan,nan,nan,nan,nan,nan,nan,nan,nan,nan,nan,nan,nan,nan,nan,nan,nan,nan,nan,nan,nan,nan,nan,nan,nan,nan,nan,nan,nan,nan,nan,nan,nan,nan,nan,nan,nan,nan,nan,nan,nan,nan,nan,nan,nan,nan,nan,nan,nan,nan,nan,nan,nan,nan,nan,nan,nan,nan,nan,nan,nan,nan,nan,nan,nan,nan,nan,nan,nan,nan,nan,nan,nan,nan,nan,nan,nan,nan,nan
56.540,DOCKING,2.247175,-0.688619,2.048828,0.614739,1.007244,-5.013332,0.022390,62.206798,53.396993,29.385261,-6.969280,10.608058,-0.022390,0.000000,0.000000,123.304106,61.518178,55.445821,30.000000,-5.962036,5.594726,0.000000,0.000000,0.000000,136.820428,61.447197,55.512429,29.750000,-5.762198,5.340650,0.164515,0.000000,0.000000,0.000000,-0.688619,2.048828,0.614739,2.247175,1.007244,-5.013332,0.022390,5.113564,nan,nan,nan,0,nan,nan,nan,0,nan,nan,nan,nan,nan,nan,nan,nan,nan,nan,nan,nan,nan,nan,nan,nan,nan,nan,nan,nan,nan,nan,nan,nan,nan,nan,nan,nan,nan,nan,nan,nan,nan,nan,nan,nan,nan,nan,nan,nan,nan,nan,nan,nan,nan,nan,nan,nan,nan,nan,nan,nan,nan,nan,nan,nan,nan,nan,nan,nan,nan,nan,nan,nan,nan,nan,nan,nan,nan,nan,nan,nan,nan,nan,nan,nan,nan,nan,nan,nan
56.580,DOCKING,2.004613,-0.639507,1.799411,0.609609,0.982244,-4.988332,-0.102610,61.864584,53.921146,29.390391,-6.844280,10.483058,0.102610,0.000000,0.000000,123.140104,61.225077,55.720557,30.000000,-5.862036,5.494726,0.000000,0.000000,0.000000,136.852465,61.143369,55.797145,29.750000,-5.762198,5.291421,0.139758,0.000000,0.000000,0.000000,-0.639507,1.799411,0.609609,2.004613,0.982244,-4.988332,-0.102610,5.085154,nan,nan,nan,0,nan,nan,nan,0,nan,nan,nan,nan,nan,nan,nan,nan,nan,nan,nan,nan,nan,nan,nan,nan,nan,nan,nan,nan,nan,nan,nan,nan,nan,nan,nan,nan,nan,nan,nan,nan,nan,nan,nan,nan,nan,nan,nan,nan,nan,nan,nan,nan,nan,nan,nan,nan,nan,nan,nan,nan,nan,nan,nan,nan,nan,nan,nan,nan,nan,nan,nan,nan,nan,nan,nan,nan,nan,nan,nan,nan,nan,nan,nan,nan,nan,nan,nan,nan
56.640,DOCKING,1.764732,-0.591645,1.551245,0.598228,0.957244,-4.963332,-0.227610,61.528620,54.439049,29.401772,-6.719280,10.358058,0.227610,0.000000,0.000000,122.971505,60.936975,55.990293,30.000000,-5.762036,5.394726,0.000000,0.000000,0.000000,136.885649,60.844685,56.076699,29.750000,-5.665409,5.142811,0.112251,0.000000,0.000000,0.000000,-0.591645,1.551245,0.598228,1.764732,0.957244,-4.963332,-0.227610,5.059920,nan,nan,nan,0,nan,nan,nan,0,nan,nan,nan,nan,nan,nan,nan,nan,nan,nan,nan,nan,nan,nan,nan,nan,nan,nan,nan,nan,nan,nan,nan,nan,nan,nan,nan,nan,nan,nan,nan,nan,nan,nan,nan,nan,nan,nan,nan,nan,nan,nan,nan,nan,nan,nan,nan,nan,nan,nan,nan,nan,nan,nan,nan,nan,nan,nan,nan,nan,nan,nan,nan,nan,nan,nan,nan,nan,nan,nan,nan,nan,nan,nan,nan,nan,nan,nan,nan,nan
56.680,DOCKING,1.528210,-0.545033,1.304328,0.580598,0.932244,-4.938332,-0.352610,61.198906,54.950702,29.419402,-6.594280,10.233058,0.352610,0.000000,0.000000,122.798118,60.653873,56.255030,30.000000,-5.662036,5.294726,0.000000,0.000000,0.000000,136.920043,60.551068,56.351165,29.750000,-5.565409,5.042811,0.081993,0.000000,0.000000,0.000000,-0.545033,1.304328,0.580598,1.528210,0.932244,-4.938332,-0.352610,5.037910,nan,nan,nan,0,nan,nan,nan,0,nan,nan,nan,nan,nan,nan,nan,nan,nan,nan,nan,nan,nan,nan,nan,nan,nan,nan,nan,nan,nan,nan,nan,nan,nan,nan,nan,nan,nan,nan,nan,nan,nan,nan,nan,nan,nan,nan,nan,nan,nan,nan,nan,nan,nan,nan,nan,nan,nan,nan,nan,nan,nan,nan,nan,nan,nan,nan,nan,nan,nan,nan,nan,nan,nan,nan,nan,nan,nan,nan,nan,nan,nan,nan,nan,nan,nan,nan,nan,nan
56.740,DOCKING,1.297690,-0.499671,1.058661,0.559968,0.907244,-4.913332,-0.412591,60.875442,55.456105,29.440032,-6.469280,10.108058,0.412591,0.000000,0.000000,122.619737,60.375771,56.514766,30.000000,-5.562036,5.194726,0.000000,0.000000,0.000000,136.955715,60.262167,56.620867,29.750000,-5.415409,4.892811,0.062120,0.000000,0.000000,0.000000,-0.499671,1.058661,0.559968,1.297690,0.907244,-4.913332,-0.412591,5.013398,nan,nan,nan,0,nan,nan,nan,0,nan,nan,nan,nan,nan,nan,nan,nan,nan,nan,nan,nan,nan,nan,nan,nan,nan,nan,nan,nan,nan,nan,nan,nan,nan,nan,nan,nan,nan,nan,nan,nan,nan,nan,nan,nan,nan,nan,nan,nan,nan,nan,nan,nan,nan,nan,nan,nan,nan,nan,nan,nan,nan,nan,nan,nan,nan,nan,nan,nan,nan,nan,nan,nan,nan,nan,nan,nan,nan,nan,nan,nan,nan,nan,nan,nan,nan,nan,nan,nan
56.780,DOCKING,1.078704,-0.455558,0.814245,0.541364,0.882244,-4.888332,-0.372088,60.558228,55.955257,29.458636,-6.344280,9.983058,0.372088,0.000000,0.000000,122.436149,60.102669,56.769502,30.000000,-5.462036,5.094726,0.000000,0.000000,0.000000,136.992737,59.977217,56.886518,29.750000,-5.315409,4.792811,0.061224,0.000000,0.000000,0.000000,-0.455558,0.814245,0.541364,1.078704,0.882244,-4.888332,-0.372088,4.981224,nan,nan,nan,0,nan,nan,nan,0,nan,nan,nan,nan,nan,nan,nan,nan,nan,nan,nan,nan,nan,nan,nan,nan,nan,nan,nan,nan,nan,nan,nan,nan,nan,nan,nan,nan,nan,nan,nan,nan,nan,nan,nan,nan,nan,nan,nan,nan,nan,nan,nan,nan,nan,nan,nan,nan,nan,nan,nan,nan,nan,nan,nan,nan,nan,nan,nan,nan,nan,nan,nan,nan,nan,nan,nan,nan,nan,nan,nan,nan,nan,nan,nan,nan,nan,nan,nan,nan
56.840,DOCKING,0.877921,-0.412696,0.571078,0.523734,0.857244,-4.863332,-0.352588,60.247264,56.448160,29.476266,-6.219280,9.858058,0.352588,0.000000,0.000000,122.247126,59.834568,57.019238,30.000000,-5.362036,4.994726,0.000000,0.000000,0.000000,137.031187,59.695177,57.149080,29.750000,-5.165409,4.642811,0.056977,0.000000,0.000000,0.000000,-0.412696,0.571078,0.523734,0.877921,0.857244,-4.863332,-0.352588,4.950877,nan,nan,nan,0,nan,nan,nan,0,nan,nan,nan,nan,nan,nan,nan,nan,nan,nan,nan,nan,nan,nan,nan,nan,nan,nan,nan,nan,nan,nan,nan,nan,nan,nan,nan,nan,nan,nan,nan,nan,nan,nan,nan,nan,nan,nan,nan,nan,nan,nan,nan,nan,nan,nan,nan,nan,nan,nan,nan,nan,nan,nan,nan,nan,nan,nan,nan,nan,nan,nan,nan,nan,nan,nan,nan,nan,nan,nan,nan,nan,nan,nan,nan,nan,nan,nan,nan,nan
56.880,DOCKING,0.709437,-0.371084,0.329161,0.507199,0.832244,-4.838332,-0.330711,59.942550,56.934813,29.492801,-6.094280,9.733058,0.330711,0.000000,0.000000,122.052427,59.571466,57.263975,30.000000,-5.262036,4.894726,0.000000,0.000000,0.000000,137.071149,59.413426,57.410982,29.750000,-5.065409,4.542811,0.053639,0.000000,0.000000,0.000000,-0.371084,0.329161,0.507199,0.709437,0.832244,-4.838332,-0.330711,4.920514,nan,nan,nan,0,nan,nan,nan,0,nan,nan,nan,nan,nan,nan,nan,nan,nan,nan,nan,nan,nan,nan,nan,nan,nan,nan,nan,nan,nan,nan,nan,nan,nan,nan,nan,nan,nan,nan,nan,nan,nan,nan,nan,nan,nan,nan,nan,nan,nan,nan,nan,nan,nan,nan,nan,nan,nan,nan,nan,nan,nan,nan,nan,nan,nan,nan,nan,nan,nan,nan,nan,nan,nan,nan,nan,nan,nan,nan,nan,nan,nan,nan,nan,nan,nan,nan,nan,nan
56.940,DOCKING,0.599112,-0.330722,0.088495,0.491657,0.807244,-4.813332,-0.310838,59.644086,57.415216,29.508343,-5.969280,9.608058,0.310838,0.000000,0.000000,121.851796,59.313364,57.503711,30.000000,-5.162036,4.794726,0.000000,0.000000,0.000000,137.112715,58.618714,58.127057,59.784825,-5.015409,4.392811,0.003639,0.000000,0.000000,0.000000,-0.330722,0.088495,0.491657,0.599112,0.807244,-4.813332,-0.310838,4.890443,nan,nan,nan,0,nan,nan,nan,0,nan,nan,nan,nan,nan,nan,nan,nan,nan,nan,nan,nan,nan,nan,nan,nan,nan,nan,nan,nan,nan,nan,nan,nan,nan,nan,nan,nan,nan,nan,nan,nan,nan,nan,nan,nan,nan,nan,nan,nan,nan,nan,nan,nan,nan,nan,nan,nan,nan,nan,nan,nan,nan,nan,nan,nan,nan,nan,nan,nan,nan,nan,nan,nan,nan,nan,nan,nan,nan,nan,nan,nan,nan,nan,nan,nan,nan,nan,nan,nan
56.980,DOCKING,0.581686,-0.291610,-0.150922,0.480151,0.782244,-4.788332,-0.230121,59.351872,57.889369,29.519849,-5.844280,9.483058,0.230121,0.000000,0.000000,121.644965,59.060262,57.738447,30.000000,-5.062036,4.694726,0.000000,0.000000,0.000000,137.155982,58.979759,57.716894,29.671563,-5.115409,4.292811,-0.096361,0.000000,0.000000,0.000000,-0.291610,-0.150922,0.480151,0.581686,0.782244,-4.788332,-0.230121,4.857261,nan,nan,nan,0,nan,nan,nan,0,nan,nan,nan,nan,nan,nan,nan,nan,nan,nan,nan,nan,nan,nan,nan,nan,nan,nan,nan,nan,nan,nan,nan,nan,nan,nan,nan,nan,nan,nan,nan,nan,nan,nan,nan,nan,nan,nan,nan,nan,nan,nan,nan,nan,nan,nan,nan,nan,nan,nan,nan,nan,nan,nan,nan,nan,nan,nan,nan,nan,nan,nan,nan,nan,nan,nan,nan,nan,nan,nan,nan,nan,nan,nan,nan,nan,nan,nan,nan,nan
57.040,DOCKING,0.664306,-0.253747,-0.389088,0.474895,0.757244,-4.763332,-0.105121,59.065908,58.357272,29.525105,-5.719280,9.358058,0.105121,0.000000,0.000000,121.431647,58.812160,57.968183,30.000000,-4.962036,4.594726,0.000000,0.000000,0.000000,137.201058,58.672892,57.928293,29.509085,-5.265409,4.142811,-0.146812,0.000000,0.000000,0.000000,-0.253747,-0.389088,0.474895,0.664306,0.757244,-4.763332,-0.105121,4.824293,nan,nan,nan,0,nan,nan,nan,0,nan,nan,nan,nan,nan,nan,nan,nan,nan,nan,nan,nan,nan,nan,nan,nan,nan,nan,nan,nan,nan,nan,nan,nan,nan,nan,nan,nan,nan,nan,nan,nan,nan,nan,nan,nan,nan,nan,nan,nan,nan,nan,nan,nan,nan,nan,nan,nan,nan,nan,nan,nan,nan,nan,nan,nan,nan,nan,nan,nan,nan,nan,nan,nan,nan,nan,nan,nan,nan,nan,nan,nan,nan,nan,nan,nan,nan,nan,nan,nan
57.080,DOCKING,0.813270,-0.207498,-0.626005,0.475889,0.924992,-4.738332,0.019879,58.776556,58.818925,29.524111,-5.787028,9.233058,-0.019879,0.000000,0.000000,122.078360,58.569059,58.192920,30.000000,-4.862036,4.494726,0.000000,0.000000,0.000000,137.248057,58.335465,58.183017,29.352444,-5.365409,4.042811,-0.119422,0.000000,0.000000,0.000000,-0.207498,-0.626005,0.475889,0.813270,0.924992,-4.738332,0.019879,4.827815,nan,nan,nan,0,nan,nan,nan,0,nan,nan,nan,nan,nan,nan,nan,nan,nan,nan,nan,nan,nan,nan,nan,nan,nan,nan,nan,nan,nan,nan,nan,nan,nan,nan,nan,nan,nan,nan,nan,nan,nan,nan,nan,nan,nan,nan,nan,nan,nan,nan,nan,nan,nan,nan,nan,nan,nan,nan,nan,nan,nan,nan,nan,nan,nan,nan,nan,nan,nan,nan,nan,nan,nan,nan,nan,nan,nan,nan,nan,nan,nan,nan,nan,nan,nan,nan,nan,nan
57.140,DOCKING,0.999197,-0.149998,-0.861672,0.483132,1.149992,-4.713332,0.144879,58.480955,59.274328,29.516868,-5.912028,9.108058,-0.144879,0.000000,0.000000,122.987548,58.330957,58.412656,30.000000,-4.762036,4.394726,0.000000,0.000000,0.000000,137.297107,57.994422,58.461238,29.208769,-5.415995,3.892811,-0.072439,0.000000,0.000000,0.000000,-0.149998,-0.861672,0.483132,0.999197,1.149992,-4.713332,0.144879,4.853759,nan,nan,nan,0,nan,nan,nan,0,nan,nan,nan,nan,nan,nan,nan,nan,nan,nan,nan,nan,nan,nan,nan,nan,nan,nan,nan,nan,nan,nan,nan,nan,nan,nan,nan,nan,nan,nan,nan,nan,nan,nan,nan,nan,nan,nan,nan,nan,nan,nan,nan,nan,nan,nan,nan,nan,nan,nan,nan,nan,nan,nan,nan,nan,nan,nan,nan,nan,nan,nan,nan,nan,nan,nan,nan,nan,nan,nan,nan,nan,nan,nan,nan,nan,nan,nan,nan,nan
57.180,DOCKING,1.197722,-0.091179,-1.086088,0.496626,1.176380,-4.488332,0.269879,58.180963,59.723481,29.503374,-5.999834,8.983058,-0.269879,0.000000,0.000000,123.739183,58.089784,58.637392,30.000000,-4.823454,4.494726,0.000000,0.000000,0.000000,137.020453,57.615577,58.776067,29.209480,-5.434729,3.792811,-0.022386,0.000000,0.000000,0.000000,-0.091179,-1.086088,0.496626,1.197722,1.176380,-4.488332,0.269879,4.647777,nan,nan,nan,0,nan,nan,nan,0,nan,nan,nan,nan,nan,nan,nan,nan,nan,nan,nan,nan,nan,nan,nan,nan,nan,nan,nan,nan,nan,nan,nan,nan,nan,nan,nan,nan,nan,nan,nan,nan,nan,nan,nan,nan,nan,nan,nan,nan,nan,nan,nan,nan,nan,nan,nan,nan,nan,nan,nan,nan,nan,nan,nan,nan,nan,nan,nan,nan,nan,nan,nan,nan,nan,nan,nan,nan,nan,nan,nan,nan,nan,nan,nan,nan,nan,nan,nan,nan
57.240,DOCKING,1.399271,-0.026692,-1.303745,0.507440,1.289739,-4.353139,0.216280,57.875304,60.166383,29.492560,-6.113193,8.858058,-0.216280,0.000000,0.000000,124.610641,57.848611,58.862638,30.000000,-4.823454,4.504919,0.000000,0.000000,0.000000,136.955715,57.226366,59.097616,29.209709,-5.392820,3.642811,0.044739,0.000000,0.000000,0.000000,-0.026692,-1.303745,0.507440,1.399271,1.289739,-4.353139,0.216280,4.545330,nan,nan,nan,0,nan,nan,nan,0,nan,nan,nan,nan,nan,nan,nan,nan,nan,nan,nan,nan,nan,nan,nan,nan,nan,nan,nan,nan,nan,nan,nan,nan,nan,nan,nan,nan,nan,nan,nan,nan,nan,nan,nan,nan,nan,nan,nan,nan,nan,nan,nan,nan,nan,nan,nan,nan,nan,nan,nan,nan,nan,nan,nan,nan,nan,nan,nan,nan,nan,nan,nan,nan,nan,nan,nan,nan,nan,nan,nan,nan,nan,nan,nan,nan,nan,nan,nan,nan
57.280,DOCKING,1.602205,0.040712,-1.515152,0.519343,1.348092,-4.228139,0.238052,57.566726,60.603036,29.480657,-6.171546,8.733058,-0.238052,0.000000,0.000000,125.248384,57.607439,59.087884,30.000000,-4.823454,4.504919,0.000000,0.000000,0.000000,136.955715,56.821689,59.430592,29.210653,-5.361481,3.542811,0.084898,0.000000,0.000000,0.000000,0.040712,-1.515152,0.519343,1.602205,1.348092,-4.228139,0.238052,4.444230,nan,nan,nan,0,nan,nan,nan,0,nan,nan,nan,nan,nan,nan,nan,nan,nan,nan,nan,nan,nan,nan,nan,nan,nan,nan,nan,nan,nan,nan,nan,nan,nan,nan,nan,nan,nan,nan,nan,nan,nan,nan,nan,nan,nan,nan,nan,nan,nan,nan,nan,nan,nan,nan,nan,nan,nan,nan,nan,nan,nan,nan,nan,nan,nan,nan,nan,nan,nan,nan,nan,nan,nan,nan,nan,nan,nan,nan,nan,nan,nan,nan,nan,nan,nan,nan,nan,nan
57.340,DOCKING,1.803188,0.112316,-1.720309,0.528592,1.432072,-4.103139,0.184981,57.253950,61.033439,29.471408,-6.255526,8.608058,-0.184981,0.000000,0.000000,126.006123,57.366266,59.313130,30.000000,-4.823454,4.504919,0.000000,0.000000,0.000000,136.955715,56.403251,59.774626,29.211039,-5.325963,3.527359,0.035023,0.000000,0.000000,0.000000,0.112316,-1.720309,0.528592,1.803188,1.432072,-4.103139,0.184981,4.349804,nan,nan,nan,0,nan,nan,nan,0,nan,nan,nan,nan,nan,nan,nan,nan,nan,nan,nan,nan,nan,nan,nan,nan,nan,nan,nan,nan,nan,nan,nan,nan,nan,nan,nan,nan,nan,nan,nan,nan,nan,nan,nan,nan,nan,nan,nan,nan,nan,nan,nan,nan,nan,nan,nan,nan,nan,nan,nan,nan,nan,nan,nan,nan,nan,nan,nan,nan,nan,nan,nan,nan,nan,nan,nan,nan,nan,nan,nan,nan,nan,nan,nan,nan,nan,nan,nan,nan
57.380,DOCKING,2.002660,0.188483,-1.919216,0.540122,1.523348,-3.978139,0.230591,56.936610,61.457592,29.459878,-6.346802,8.483058,-0.230591,0.000000,0.000000,126.802875,57.125093,59.538376,30.000000,-4.823454,4.504919,0.000000,0.000000,0.000000,136.955715,55.971458,60.129368,29.212587,-5.289255,3.566662,0.079778,0.000000,0.000000,0.000000,0.188483,-1.919216,0.540122,2.002660,1.523348,-3.978139,0.230591,4.266070,nan,nan,nan,0,nan,nan,nan,0,nan,nan,nan,nan,nan,nan,nan,nan,nan,nan,nan,nan,nan,nan,nan,nan,nan,nan,nan,nan,nan,nan,nan,nan,nan,nan,nan,nan,nan,nan,nan,nan,nan,nan,nan,nan,nan,nan,nan,nan,nan,nan,nan,nan,nan,nan,nan,nan,nan,nan,nan,nan,nan,nan,nan,nan,nan,nan,nan,nan,nan,nan,nan,nan,nan,nan,nan,nan,nan,nan,nan,nan,nan,nan,nan,nan,nan,nan,nan,nan
57.440,DOCKING,2.198207,0.269582,-2.111779,0.547564,1.621975,-3.851263,0.148856,56.614238,61.875495,29.452436,-6.447438,8.358058,-0.148856,0.000000,0.000000,127.646732,56.883820,59.763716,30.000000,-4.825463,4.506795,0.000000,0.000000,0.000000,136.955715,55.527712,60.493989,29.212932,-5.253030,3.609476,0.048435,0.000000,0.000000,0.000000,0.269582,-2.111779,0.547564,2.198207,1.621975,-3.851263,0.148856,4.181529,nan,nan,nan,0,nan,nan,nan,0,nan,nan,nan,nan,nan,nan,nan,nan,nan,nan,nan,nan,nan,nan,nan,nan,nan,nan,nan,nan,nan,nan,nan,nan,nan,nan,nan,nan,nan,nan,nan,nan,nan,nan,nan,nan,nan,nan,nan,nan,nan,nan,nan,nan,nan,nan,nan,nan,nan,nan,nan,nan,nan,nan,nan,nan,nan,nan,nan,nan,nan,nan,nan,nan,nan,nan,nan,nan,nan,nan,nan,nan,nan,nan,nan,nan,nan,nan,nan,nan
57.480,DOCKING,2.386272,0.351152,-2.293092,0.559207,1.631399,-3.626263,0.232845,56.286395,62.287148,29.440793,-6.556861,8.233058,-0.232845,0.000000,0.000000,128.534047,56.637547,59.994056,30.000000,-4.925463,4.606795,0.000000,0.000000,0.000000,136.914712,55.104170,60.880534,29.216969,-5.303030,3.659476,0.056658,0.000000,0.000000,0.000000,0.351152,-2.293092,0.559207,2.386272,1.631399,-3.626263,0.232845,3.983147,nan,nan,nan,0,nan,nan,nan,0,nan,nan,nan,nan,nan,nan,nan,nan,nan,nan,nan,nan,nan,nan,nan,nan,nan,nan,nan,nan,nan,nan,nan,nan,nan,nan,nan,nan,nan,nan,nan,nan,nan,nan,nan,nan,nan,nan,nan,nan,nan,nan,nan,nan,nan,nan,nan,nan,nan,nan,nan,nan,nan,nan,nan,nan,nan,nan,nan,nan,nan,nan,nan,nan,nan,nan,nan,nan,nan,nan,nan,nan,nan,nan,nan,nan,nan,nan,nan,nan
57.540,DOCKING,2.564028,0.433972,-2.463155,0.564599,1.656399,-3.401263,0.107845,55.952302,62.692551,29.435401,-6.681861,8.108058,-0.107845,0.000000,0.000000,129.491981,56.386274,60.229395,30.000000,-5.025463,4.706795,0.000000,0.000000,0.000000,136.875393,54.810627,61.157086,29.219083,-5.362193,3.804130,0.071353,0.000000,0.000000,0.000000,0.433972,-2.463155,0.564599,2.564028,1.656399,-3.401263,0.107845,3.784690,nan,nan,nan,0,nan,nan,nan,0,nan,nan,nan,nan,nan,nan,nan,nan,nan,nan,nan,nan,nan,nan,nan,nan,nan,nan,nan,nan,nan,nan,nan,nan,nan,nan,nan,nan,nan,nan,nan,nan,nan,nan,nan,nan,nan,nan,nan,nan,nan,nan,nan,nan,nan,nan,nan,nan,nan,nan,nan,nan,nan,nan,nan,nan,nan,nan,nan,nan,nan,nan,nan,nan,nan,nan,nan,nan,nan,nan,nan,nan,nan,nan,nan,nan,nan,nan,nan,nan
57.580,DOCKING,2.733029,0.514639,-2.621969,0.574347,1.613344,-3.176263,0.194965,55.615362,63.091704,29.425653,-6.738807,7.983058,-0.194965,0.000000,0.000000,130.169002,56.130001,60.469735,30.000000,-5.125463,4.806795,0.000000,0.000000,0.000000,136.837656,54.513724,61.437140,29.222904,-5.418796,3.904130,0.071353,0.000000,0.000000,0.000000,0.514639,-2.621969,0.574347,2.733029,1.613344,-3.176263,0.194965,3.567848,nan,nan,nan,0,nan,nan,nan,0,nan,nan,nan,nan,nan,nan,nan,nan,nan,nan,nan,nan,nan,nan,nan,nan,nan,nan,nan,nan,nan,nan,nan,nan,nan,nan,nan,nan,nan,nan,nan,nan,nan,nan,nan,nan,nan,nan,nan,nan,nan,nan,nan,nan,nan,nan,nan,nan,nan,nan,nan,nan,nan,nan,nan,nan,nan,nan,nan,nan,nan,nan,nan,nan,nan,nan,nan,nan,nan,nan,nan,nan,nan,nan,nan,nan,nan,nan,nan,nan
57.640,TRACKING,2.890720,0.591291,-2.769532,0.579940,1.533029,-2.951263,0.111848,55.277437,63.484607,29.420060,-6.758492,7.858058,-0.111848,0.000000,0.000000,130.697887,55.868728,60.715075,30.000000,-5.225463,4.906795,0.000000,0.000000,0.000000,136.801406,55.868728,60.715075,29.400000,-5.386527,4.054130,0.040900,0.000000,0.000000,0.000000,0.591291,-2.769532,0.579940,2.890720,1.533029,-2.951263,0.111848,3.327558,nan,nan,nan,0,nan,nan,nan,0,nan,nan,nan,nan,nan,nan,nan,nan,nan,nan,nan,nan,nan,nan,nan,nan,nan,nan,nan,nan,nan,nan,nan,nan,nan,nan,nan,nan,nan,nan,nan,nan,nan,nan,nan,nan,nan,nan,nan,nan,nan,nan,nan,nan,nan,nan,nan,nan,nan,nan,nan,nan,nan,nan,nan,nan,nan,nan,nan,nan,nan,nan,nan,nan,nan,nan,nan,nan,nan,nan,nan,nan,nan,nan,nan,nan,nan,nan,nan,nan
57.680,TRACKING,3.044900,0.656692,-2.915845,0.581398,1.308029,-2.926263,0.029160,54.945762,63.871259,29.418602,-6.633492,7.733058,-0.029160,0.000000,0.000000,130.623312,55.602454,60.955415,30.000000,-5.325463,4.806795,0.000000,0.000000,0.000000,137.930400,55.602454,60.955415,29.400000,-5.379706,4.154130,-0.028747,0.000000,0.000000,0.000000,0.656692,-2.915845,0.581398,3.044900,1.308029,-2.926263,0.029160,3.205434,nan,nan,nan,0,nan,nan,nan,0,nan,nan,nan,nan,nan,nan,nan,nan,nan,nan,nan,nan,nan,nan,nan,nan,nan,nan,nan,nan,nan,nan,nan,nan,nan,nan,nan,nan,nan,nan,nan,nan,nan,nan,nan,nan,nan,nan,nan,nan,nan,nan,nan,nan,nan,nan,nan,nan,nan,nan,nan,nan,nan,nan,nan,nan,nan,nan,nan,nan,nan,nan,nan,nan,nan,nan,nan,nan,nan,nan,nan,nan,nan,nan,nan,nan,nan,nan,nan,nan
57.740,TRACKING,3.196129,0.710843,-3.060908,0.583765,1.083029,-2.901263,0.047350,54.620338,64.251662,29.416235,-6.508492,7.608058,-0.047350,0.000000,0.000000,130.546112,55.331181,61.190754,30.000000,-5.425463,4.706795,0.000000,0.000000,0.000000,139.057121,55.331181,61.190754,29.400000,-5.429706,4.304130,-0.036621,0.000000,0.000000,0.000000,0.710843,-3.060908,0.583765,3.196129,1.083029,-2.901263,0.047350,3.097179,nan,nan,nan,0,nan,nan,nan,0,nan,nan,nan,nan,nan,nan,nan,nan,nan,nan,nan,nan,nan,nan,nan,nan,nan,nan,nan,nan,nan,nan,nan,nan,nan,nan,nan,nan,nan,nan,nan,nan,nan,nan,nan,nan,nan,nan,nan,nan,nan,nan,nan,nan,nan,nan,nan,nan,nan,nan,nan,nan,nan,nan,nan,nan,nan,nan,nan,nan,nan,nan,nan,nan,nan,nan,nan,nan,nan,nan,nan,nan,nan,nan,nan,nan,nan,nan,nan,nan
57.780,TRACKING,3.343986,0.753745,-3.204721,0.586408,0.858029,-2.876263,0.052855,54.301163,64.625815,29.413592,-6.383492,7.483058,-0.052855,0.000000,0.000000,130.466144,55.054908,61.421094,30.000000,-5.525463,4.606795,0.000000,0.000000,0.000000,140.180708,55.054908,61.421094,29.400000,-5.529706,4.404130,-0.037605,0.000000,0.000000,0.000000,0.753745,-3.204721,0.586408,3.343986,0.858029,-2.876263,0.052855,3.001982,nan,nan,nan,0,nan,nan,nan,0,nan,nan,nan,nan,nan,nan,nan,nan,nan,nan,nan,nan,nan,nan,nan,nan,nan,nan,nan,nan,nan,nan,nan,nan,nan,nan,nan,nan,nan,nan,nan,nan,nan,nan,nan,nan,nan,nan,nan,nan,nan,nan,nan,nan,nan,nan,nan,nan,nan,nan,nan,nan,nan,nan,nan,nan,nan,nan,nan,nan,nan,nan,nan,nan,nan,nan,nan,nan,nan,nan,nan,nan,nan,nan,nan,nan,nan,nan,nan,nan
57.840,TRACKING,3.488272,0.785396,-3.347284,0.588968,0.633029,-2.851263,0.051197,53.988239,64.993718,29.411032,-6.258492,7.358058,-0.051197,0.000000,0.000000,130.383259,54.773635,61.646434,30.000000,-5.625463,4.506795,0.000000,0.000000,0.000000,141.300315,54.773635,61.646434,29.400000,-5.635146,4.407101,-0.034877,0.000000,0.000000,0.000000,0.785396,-3.347284,0.588968,3.488272,0.633029,-2.851263,0.051197,2.921138,nan,nan,nan,0,nan,nan,nan,0,nan,nan,nan,nan,nan,nan,nan,nan,nan,nan,nan,nan,nan,nan,nan,nan,nan,nan,nan,nan,nan,nan,nan,nan,nan,nan,nan,nan,nan,nan,nan,nan,nan,nan,nan,nan,nan,nan,nan,nan,nan,nan,nan,nan,nan,nan,nan,nan,nan,nan,nan,nan,nan,nan,nan,nan,nan,nan,nan,nan,nan,nan,nan,nan,nan,nan,nan,nan,nan,nan,nan,nan,nan,nan,nan,nan,nan,nan,nan,nan
57.880,TRACKING,3.628941,0.805798,-3.488597,0.591263,0.408029,-2.826263,0.045909,53.681564,65.355371,29.408737,-6.133492,7.233058,-0.045909,0.000000,0.000000,130.297294,54.487362,61.866773,30.000000,-5.725463,4.406795,0.000000,0.000000,0.000000,142.415111,54.487362,61.866773,29.400000,-5.735146,4.307101,-0.030432,0.000000,0.000000,0.000000,0.805798,-3.488597,0.591263,3.628941,0.408029,-2.826263,0.045909,2.855934,nan,nan,nan,0,nan,nan,nan,0,nan,nan,nan,nan,nan,nan,nan,nan,nan,nan,nan,nan,nan,nan,nan,nan,nan,nan,nan,nan,nan,nan,nan,nan,nan,nan,nan,nan,nan,nan,nan,nan,nan,nan,nan,nan,nan,nan,nan,nan,nan,nan,nan,nan,nan,nan,nan,nan,nan,nan,nan,nan,nan,nan,nan,nan,nan,nan,nan,nan,nan,nan,nan,nan,nan,nan,nan,nan,nan,nan,nan,nan,nan,nan,nan,nan,nan,nan,nan,nan
57.940,TRACKING,3.766063,0.814949,-3.628661,0.593222,0.183029,-2.801263,0.039169,53.381140,65.710774,29.406778,-6.008492,7.108058,-0.039169,0.000000,0.000000,130.208075,54.196089,62.082113,30.000000,-5.825463,4.306795,0.000000,0.000000,0.000000,143.524291,54.196089,62.082113,29.400000,-5.840495,4.205176,-0.025471,0.000000,0.000000,0.000000,0.814949,-3.628661,0.593222,3.766063,0.183029,-2.801263,0.039169,2.807509,nan,nan,nan,0,nan,nan,nan,0,nan,nan,nan,nan,nan,nan,nan,nan,nan,nan,nan,nan,nan,nan,nan,nan,nan,nan,nan,nan,nan,nan,nan,nan,nan,nan,nan,nan,nan,nan,nan,nan,nan,nan,nan,nan,nan,nan,nan,nan,nan,nan,nan,nan,nan,nan,nan,nan,nan,nan,nan,nan,nan,nan,nan,nan,nan,nan,nan,nan,nan,nan,nan,nan,nan,nan,nan,nan,nan,nan,nan,nan,nan,nan,nan,nan,nan,nan,nan,nan
57.980,TRACKING,3.899796,0.812851,-3.767474,0.594834,-0.041971,-2.776263,0.032250,53.086965,66.059927,29.405166,-5.883492,6.983058,-0.032250,0.000000,0.000000,130.115413,53.899816,62.292453,30.000000,-5.925463,4.206795,0.000000,0.000000,0.000000,144.627072,53.899816,62.292453,29.400000,-5.940495,4.105176,-0.020669,0.000000,0.000000,0.000000,0.812851,-3.767474,0.594834,3.899796,-0.041971,-2.776263,0.032250,2.776767,nan,nan,nan,0,nan,nan,nan,0,nan,nan,nan,nan,nan,nan,nan,nan,nan,nan,nan,nan,nan,nan,nan,nan,nan,nan,nan,nan,nan,nan,nan,nan,nan,nan,nan,nan,nan,nan,nan,nan,nan,nan,nan,nan,nan,nan,nan,nan,nan,nan,nan,nan,nan,nan,nan,nan,nan,nan,nan,nan,nan,nan,nan,nan,nan,nan,nan,nan,nan,nan,nan,nan,nan,nan,nan,nan,nan,nan,nan,nan,nan,nan,nan,nan,nan,nan,nan,nan
58.040,TRACKING,4.030370,0.799502,-3.905037,0.596126,-0.266971,-2.751263,0.025834,52.799040,66.402830,29.403874,-5.758492,6.858058,-0.025834,0.000000,0.000000,130.019106,53.598542,62.497793,30.000000,-6.025463,4.106795,0.000000,0.000000,0.000000,145.722700,53.598542,62.497793,29.400000,-6.045770,4.003421,-0.016364,0.000000,0.000000,0.000000,0.799502,-3.905037,0.596126,4.030370,-0.266971,-2.751263,0.025834,2.764306,nan,nan,nan,0,nan,nan,nan,0,nan,nan,nan,nan,nan,nan,nan,nan,nan,nan,nan,nan,nan,nan,nan,nan,nan,nan,nan,nan,nan,nan,nan,nan,nan,nan,nan,nan,nan,nan,nan,nan,nan,nan,nan,nan,nan,nan,nan,nan,nan,nan,nan,nan,nan,nan,nan,nan,nan,nan,nan,nan,nan,nan,nan,nan,nan,nan,nan,nan,nan,nan,nan,nan,nan,nan,nan,nan,nan,nan,nan,nan,nan,nan,nan,nan,nan,nan,nan,nan
58.080,TRACKING,4.155906,0.774904,-4.039122,0.597138,-0.491971,-2.681707,0.020238,52.517366,66.739483,29.402862,-5.633492,6.733058,-0.020238,0.000000,0.000000,129.918935,53.292269,62.700360,30.000000,-6.125463,4.051351,0.000000,0.000000,0.000000,146.519545,53.292269,62.700360,29.400000,-6.145770,3.903421,-0.012692,0.000000,0.000000,0.000000,0.774904,-4.039122,0.597138,4.155906,-0.491971,-2.681707,0.020238,2.726535,nan,nan,nan,0,nan,nan,nan,0,nan,nan,nan,nan,nan,nan,nan,nan,nan,nan,nan,nan,nan,nan,nan,nan,nan,nan,nan,nan,nan,nan,nan,nan,nan,nan,nan,nan,nan,nan,nan,nan,nan,nan,nan,nan,nan,nan,nan,nan,nan,nan,nan,nan,nan,nan,nan,nan,nan,nan,nan,nan,nan,nan,nan,nan,nan,nan,nan,nan,nan,nan,nan,nan,nan,nan,nan,nan,nan,nan,nan,nan,nan,nan,nan,nan,nan,nan,nan,nan
58.140,TRACKING,4.272525,0.739055,-4.165425,0.597915,-0.716971,-2.526059,0.015554,52.241941,67.069885,29.402085,-5.508492,6.608058,-0.015554,0.000000,0.000000,129.814663,52.980996,62.904460,30.000000,-6.225463,4.081999,0.000000,0.000000,0.000000,146.747383,52.980996,62.904460,29.400000,-6.251501,3.931126,-0.009668,0.000000,0.000000,0.000000,0.739055,-4.165425,0.597915,4.272525,-0.716971,-2.526059,0.015554,2.625883,nan,nan,nan,0,nan,nan,nan,0,nan,nan,nan,nan,nan,nan,nan,nan,nan,nan,nan,nan,nan,nan,nan,nan,nan,nan,nan,nan,nan,nan,nan,nan,nan,nan,nan,nan,nan,nan,nan,nan,nan,nan,nan,nan,nan,nan,nan,nan,nan,nan,nan,nan,nan,nan,nan,nan,nan,nan,nan,nan,nan,nan,nan,nan,nan,nan,nan,nan,nan,nan,nan,nan,nan,nan,nan,nan,nan,nan,nan,nan,nan,nan,nan,nan,nan,nan,nan,nan
58.180,TRACKING,4.381080,0.693514,-4.284278,0.598217,-0.910828,-2.377053,0.006035,51.971209,67.394038,29.401783,-5.414634,6.483058,-0.006035,0.000000,0.000000,129.868553,52.664723,63.109760,30.000000,-6.325463,4.106005,0.000000,0.000000,0.000000,147.011460,52.664723,63.109760,29.400000,-6.351501,3.831126,-0.002065,0.000000,0.000000,0.000000,0.693514,-4.284278,0.598217,4.381080,-0.910828,-2.377053,0.006035,2.545589,nan,nan,nan,0,nan,nan,nan,0,nan,nan,nan,nan,nan,nan,nan,nan,nan,nan,nan,nan,nan,nan,nan,nan,nan,nan,nan,nan,nan,nan,nan,nan,nan,nan,nan,nan,nan,nan,nan,nan,nan,nan,nan,nan,nan,nan,nan,nan,nan,nan,nan,nan,nan,nan,nan,nan,nan,nan,nan,nan,nan,nan,nan,nan,nan,nan,nan,nan,nan,nan,nan,nan,nan,nan,nan,nan,nan,nan,nan,nan,nan,nan,nan,nan,nan,nan,nan,nan
58.240,TRACKING,4.483772,0.649222,-4.395978,0.598410,-0.885828,-2.234012,0.003847,51.694228,67.711941,29.401590,-5.539634,6.358058,-0.003847,0.000000,0.000000,131.064914,52.343450,63.315963,30.000000,-6.425463,4.124046,0.000000,0.000000,0.000000,147.306491,52.343450,63.315963,29.400000,-6.501501,3.681126,-0.001562,0.000000,0.000000,0.000000,0.649222,-4.395978,0.598410,4.483772,-0.885828,-2.234012,0.003847,2.403230,nan,nan,nan,0,nan,nan,nan,0,nan,nan,nan,nan,nan,nan,nan,nan,nan,nan,nan,nan,nan,nan,nan,nan,nan,nan,nan,nan,nan,nan,nan,nan,nan,nan,nan,nan,nan,nan,nan,nan,nan,nan,nan,nan,nan,nan,nan,nan,nan,nan,nan,nan,nan,nan,nan,nan,nan,nan,nan,nan,nan,nan,nan,nan,nan,nan,nan,nan,nan,nan,nan,nan,nan,nan,nan,nan,nan,nan,nan,nan,nan,nan,nan,nan,nan,nan,nan,nan
58.280,TRACKING,4.580671,0.606181,-4.500756,0.598567,-0.860828,-2.095557,0.003152,51.410996,68.023594,29.401433,-5.664634,6.233058,-0.003152,0.000000,0.000000,132.264721,52.017177,63.522838,30.000000,-6.525463,4.137500,0.000000,0.000000,0.000000,147.623068,52.017177,63.522838,29.400000,-6.601501,3.581126,-0.001348,0.000000,0.000000,0.000000,0.606181,-4.500756,0.598567,4.580671,-0.860828,-2.095557,0.003152,2.265479,nan,nan,nan,0,nan,nan,nan,0,nan,nan,nan,nan,nan,nan,nan,nan,nan,nan,nan,nan,nan,nan,nan,nan,nan,nan,nan,nan,nan,nan,nan,nan,nan,nan,nan,nan,nan,nan,nan,nan,nan,nan,nan,nan,nan,nan,nan,nan,nan,nan,nan,nan,nan,nan,nan,nan,nan,nan,nan,nan,nan,nan,nan,nan,nan,nan,nan,nan,nan,nan,nan,nan,nan,nan,nan,nan,nan,nan,nan,nan,nan,nan,nan,nan,nan,nan,nan,nan
58.340,TRACKING,4.671856,0.564389,-4.598832,0.598706,-0.835828,-1.961520,0.002780,51.121514,68.328997,29.401294,-5.789634,6.108058,-0.002780,0.000000,0.000000,133.466933,51.685904,63.730165,30.000000,-6.625463,4.146538,0.000000,0.000000,0.000000,147.959659,51.685904,63.730165,29.400000,-6.751501,3.431126,-0.001202,0.000000,0.000000,0.000000,0.564389,-4.598832,0.598706,4.671856,-0.835828,-1.961520,0.002780,2.132177,nan,nan,nan,0,nan,nan,nan,0,nan,nan,nan,nan,nan,nan,nan,nan,nan,nan,nan,nan,nan,nan,nan,nan,nan,nan,nan,nan,nan,nan,nan,nan,nan,nan,nan,nan,nan,nan,nan,nan,nan,nan,nan,nan,nan,nan,nan,nan,nan,nan,nan,nan,nan,nan,nan,nan,nan,nan,nan,nan,nan,nan,nan,nan,nan,nan,nan,nan,nan,nan,nan,nan,nan,nan,nan,nan,nan,nan,nan,nan,nan,nan,nan,nan,nan,nan,nan,nan
58.380,TRACKING,4.757420,0.523848,-4.690419,0.598831,-0.810828,-1.831726,0.002496,50.825783,68.628150,29.401169,-5.914634,5.983058,-0.002496,0.000000,0.000000,134.670497,51.349630,63.937731,30.000000,-6.725463,4.151332,0.000000,0.000000,0.000000,148.314796,51.349630,63.937731,29.400000,-6.851501,3.331126,-0.001081,0.000000,0.000000,0.000000,0.523848,-4.690419,0.598831,4.757420,-0.810828,-1.831726,0.002496,2.003165,nan,nan,nan,0,nan,nan,nan,0,nan,nan,nan,nan,nan,nan,nan,nan,nan,nan,nan,nan,nan,nan,nan,nan,nan,nan,nan,nan,nan,nan,nan,nan,nan,nan,nan,nan,nan,nan,nan,nan,nan,nan,nan,nan,nan,nan,nan,nan,nan,nan,nan,nan,nan,nan,nan,nan,nan,nan,nan,nan,nan,nan,nan,nan,nan,nan,nan,nan,nan,nan,nan,nan,nan,nan,nan,nan,nan,nan,nan,nan,nan,nan,nan,nan,nan,nan,nan,nan
58.440,TRACKING,4.837460,0.484557,-4.775719,0.598944,-0.785828,-1.706000,0.002250,50.523801,68.921053,29.401056,-6.039634,5.858058,-0.002250,0.000000,0.000000,135.874352,51.008357,64.145334,30.000000,-6.825463,4.152058,0.000000,0.000000,0.000000,148.687059,51.008357,64.145334,29.400000,-7.001501,3.281126,-0.000974,0.000000,0.000000,0.000000,0.484557,-4.775719,0.598944,4.837460,-0.785828,-1.706000,0.002250,1.878288,nan,nan,nan,0,nan,nan,nan,0,nan,nan,nan,nan,nan,nan,nan,nan,nan,nan,nan,nan,nan,nan,nan,nan,nan,nan,nan,nan,nan,nan,nan,nan,nan,nan,nan,nan,nan,nan,nan,nan,nan,nan,nan,nan,nan,nan,nan,nan,nan,nan,nan,nan,nan,nan,nan,nan,nan,nan,nan,nan,nan,nan,nan,nan,nan,nan,nan,nan,nan,nan,nan,nan,nan,nan,nan,nan,nan,nan,nan,nan,nan,nan,nan,nan,nan,nan,nan,nan
58.480,TRACKING,4.912081,0.446515,-4.854927,0.599045,-0.760828,-1.584162,0.002031,50.215569,69.207706,29.400955,-6.164634,5.733058,-0.002031,0.000000,0.000000,137.077436,50.662084,64.352779,30.000000,-6.925463,4.148896,0.000000,0.000000,0.000000,149.075080,50.662084,64.352779,29.400000,-7.001501,3.381126,-0.000878,0.000000,0.000000,0.000000,0.446515,-4.854927,0.599045,4.912081,-0.760828,-1.584162,0.002031,1.757394,nan,nan,nan,0,nan,nan,nan,0,nan,nan,nan,nan,nan,nan,nan,nan,nan,nan,nan,nan,nan,nan,nan,nan,nan,nan,nan,nan,nan,nan,nan,nan,nan,nan,nan,nan,nan,nan,nan,nan,nan,nan,nan,nan,nan,nan,nan,nan,nan,nan,nan,nan,nan,nan,nan,nan,nan,nan,nan,nan,nan,nan,nan,nan,nan,nan,nan,nan,nan,nan,nan,nan,nan,nan,nan,nan,nan,nan,nan,nan,nan,nan,nan,nan,nan,nan,nan,nan
58.540,TRACKING,4.981393,0.409724,-4.928228,0.599137,-0.735828,-1.466035,0.001833,49.901087,69.488108,29.400863,-6.289634,5.608058,-0.001833,0.000000,0.000000,138.278689,50.310811,64.559880,30.000000,-7.025463,4.142023,0.000000,0.000000,0.000000,149.477547,50.310811,64.559880,29.400000,-6.906158,3.531126,-0.000792,0.000000,0.000000,0.000000,0.409724,-4.928228,0.599137,4.981393,-0.735828,-1.466035,0.001833,1.640337,nan,nan,nan,0,nan,nan,nan,0,nan,nan,nan,nan,nan,nan,nan,nan,nan,nan,nan,nan,nan,nan,nan,nan,nan,nan,nan,nan,nan,nan,nan,nan,nan,nan,nan,nan,nan,nan,nan,nan,nan,nan,nan,nan,nan,nan,nan,nan,nan,nan,nan,nan,nan,nan,nan,nan,nan,nan,nan,nan,nan,nan,nan,nan,nan,nan,nan,nan,nan,nan,nan,nan,nan,nan,nan,nan,nan,nan,nan,nan,nan,nan,nan,nan,nan,nan,nan,nan
58.580,TRACKING,5.045502,0.374175,-4.995800,0.599220,-0.710973,-1.351442,0.001655,49.580363,69.762261,29.400780,-6.414490,5.483058,-0.001655,0.000000,0.000000,139.476426,49.954538,64.766461,30.000000,-7.125463,4.131615,0.000000,0.000000,0.000000,149.893206,49.954538,64.766461,29.400000,-6.934955,3.631126,-0.000715,0.000000,0.000000,0.000000,0.374175,-4.995800,0.599220,5.045502,-0.710973,-1.351442,0.001655,1.527050,nan,nan,nan,0,nan,nan,nan,0,nan,nan,nan,nan,nan,nan,nan,nan,nan,nan,nan,nan,nan,nan,nan,nan,nan,nan,nan,nan,nan,nan,nan,nan,nan,nan,nan,nan,nan,nan,nan,nan,nan,nan,nan,nan,nan,nan,nan,nan,nan,nan,nan,nan,nan,nan,nan,nan,nan,nan,nan,nan,nan,nan,nan,nan,nan,nan,nan,nan,nan,nan,nan,nan,nan,nan,nan,nan,nan,nan,nan,nan,nan,nan,nan,nan,nan,nan,nan,nan
58.640,TRACKING,5.105490,0.337199,-5.058969,0.599294,-0.739518,-1.263380,0.001495,49.256066,70.030164,29.400706,-6.485945,5.358058,-0.001495,0.000000,0.000000,140.439790,49.593265,64.971195,30.000000,-7.225463,4.094678,0.000000,0.000000,0.000000,150.459721,49.593265,64.971195,29.400000,-6.974461,3.781126,-0.000645,0.000000,0.000000,0.000000,0.337199,-5.058969,0.599294,5.105490,-0.739518,-1.263380,0.001495,1.463905,nan,nan,nan,0,nan,nan,nan,0,nan,nan,nan,nan,nan,nan,nan,nan,nan,nan,nan,nan,nan,nan,nan,nan,nan,nan,nan,nan,nan,nan,nan,nan,nan,nan,nan,nan,nan,nan,nan,nan,nan,nan,nan,nan,nan,nan,nan,nan,nan,nan,nan,nan,nan,nan,nan,nan,nan,nan,nan,nan,nan,nan,nan,nan,nan,nan,nan,nan,nan,nan,nan,nan,nan,nan,nan,nan,nan,nan,nan,nan,nan,nan,nan,nan,nan,nan,nan,nan
58.680,TRACKING,5.161850,0.299417,-5.118184,0.599362,-0.755641,-1.184298,0.001351,48.927575,70.291817,29.400638,-6.569822,5.233058,-0.001351,0.000000,0.000000,141.461639,49.226992,65.173633,30.000000,-7.325463,4.048760,0.000000,0.000000,0.000000,151.070710,49.226992,65.173633,29.400000,-7.015257,3.845279,-0.000582,0.000000,0.000000,0.000000,0.299417,-5.118184,0.599362,5.161850,-0.755641,-1.184298,0.001351,1.404833,nan,nan,nan,0,nan,nan,nan,0,nan,nan,nan,nan,nan,nan,nan,nan,nan,nan,nan,nan,nan,nan,nan,nan,nan,nan,nan,nan,nan,nan,nan,nan,nan,nan,nan,nan,nan,nan,nan,nan,nan,nan,nan,nan,nan,nan,nan,nan,nan,nan,nan,nan,nan,nan,nan,nan,nan,nan,nan,nan,nan,nan,nan,nan,nan,nan,nan,nan,nan,nan,nan,nan,nan,nan,nan,nan,nan,nan,nan,nan,nan,nan,nan,nan,nan,nan,nan,nan
58.740,TRACKING,5.214549,0.260942,-5.173406,0.599423,-0.769506,-1.104428,0.001220,48.594777,70.547220,29.400577,-6.655956,5.108058,-0.001220,0.000000,0.000000,142.495867,48.855718,65.373814,30.000000,-7.425463,4.003630,0.000000,0.000000,0.000000,151.667526,48.855718,65.373814,29.400000,-7.054317,3.795279,-0.000526,0.000000,0.000000,0.000000,0.260942,-5.173406,0.599423,5.214549,-0.769506,-1.104428,0.001220,1.346069,nan,nan,nan,0,nan,nan,nan,0,nan,nan,nan,nan,nan,nan,nan,nan,nan,nan,nan,nan,nan,nan,nan,nan,nan,nan,nan,nan,nan,nan,nan,nan,nan,nan,nan,nan,nan,nan,nan,nan,nan,nan,nan,nan,nan,nan,nan,nan,nan,nan,nan,nan,nan,nan,nan,nan,nan,nan,nan,nan,nan,nan,nan,nan,nan,nan,nan,nan,nan,nan,nan,nan,nan,nan,nan,nan,nan,nan,nan,nan,nan,nan,nan,nan,nan,nan,nan,nan
58.780,TRACKING,5.263549,0.221728,-5.224596,0.599478,-0.784276,-1.023815,0.001103,48.257717,70.796373,29.400522,-6.741187,4.983058,-0.001103,0.000000,0.000000,143.528341,48.479445,65.571776,30.000000,-7.525463,3.959242,0.000000,0.000000,0.000000,152.250567,48.479445,65.571776,29.400000,-7.091734,3.723143,-0.000475,0.000000,0.000000,0.000000,0.221728,-5.224596,0.599478,5.263549,-0.784276,-1.023815,0.001103,1.289685,nan,nan,nan,0,nan,nan,nan,0,nan,nan,nan,nan,nan,nan,nan,nan,nan,nan,nan,nan,nan,nan,nan,nan,nan,nan,nan,nan,nan,nan,nan,nan,nan,nan,nan,nan,nan,nan,nan,nan,nan,nan,nan,nan,nan,nan,nan,nan,nan,nan,nan,nan,nan,nan,nan,nan,nan,nan,nan,nan,nan,nan,nan,nan,nan,nan,nan,nan,nan,nan,nan,nan,nan,nan,nan,nan,nan,nan,nan,nan,nan,nan,nan,nan,nan,nan,nan,nan
58.840,TRACKING,5.308815,0.181738,-5.271722,0.599528,-0.799803,-0.942507,0.000997,47.916434,71.039276,29.400472,-6.825660,4.858058,-0.000997,0.000000,0.000000,144.559229,48.098172,65.767554,30.000000,-7.625463,3.915551,0.000000,0.000000,0.000000,152.820240,48.098172,65.767554,29.400000,-7.127580,3.652339,-0.000429,0.000000,0.000000,0.000000,0.181738,-5.271722,0.599528,5.308815,-0.799803,-0.942507,0.000997,1.236125,nan,nan,nan,0,nan,nan,nan,0,nan,nan,nan,nan,nan,nan,nan,nan,nan,nan,nan,nan,nan,nan,nan,nan,nan,nan,nan,nan,nan,nan,nan,nan,nan,nan,nan,nan,nan,nan,nan,nan,nan,nan,nan,nan,nan,nan,nan,nan,nan,nan,nan,nan,nan,nan,nan,nan,nan,nan,nan,nan,nan,nan,nan,nan,nan,nan,nan,nan,nan,nan,nan,nan,nan,nan,nan,nan,nan,nan,nan,nan,nan,nan,nan,nan,nan,nan,nan,nan
58.880,TRACKING,5.350319,0.140939,-5.314749,0.599573,-0.815969,-0.860548,0.000901,47.570960,71.275929,29.400427,-6.909494,4.733058,-0.000901,0.000000,0.000000,145.588551,47.711899,65.961179,30.000000,-7.725463,3.872510,0.000000,0.000000,0.000000,153.376963,47.711899,65.961179,29.400000,-7.161927,3.582851,-0.000387,0.000000,0.000000,0.000000,0.140939,-5.314749,0.599573,5.350319,-0.815969,-0.860548,0.000901,1.185896,nan,nan,nan,0,nan,nan,nan,0,nan,nan,nan,nan,nan,nan,nan,nan,nan,nan,nan,nan,nan,nan,nan,nan,nan,nan,nan,nan,nan,nan,nan,nan,nan,nan,nan,nan,nan,nan,nan,nan,nan,nan,nan,nan,nan,nan,nan,nan,nan,nan,nan,nan,nan,nan,nan,nan,nan,nan,nan,nan,nan,nan,nan,nan,nan,nan,nan,nan,nan,nan,nan,nan,nan,nan,nan,nan,nan,nan,nan,nan,nan,nan,nan,nan,nan,nan,nan,nan
58.940,TRACKING,5.388038,0.099306,-5.353649,0.599614,-0.832663,-0.777985,0.000814,47.221320,71.506332,29.400386,-6.992800,4.608058,-0.000814,0.000000,0.000000,146.616246,47.320626,66.152683,30.000000,-7.825463,3.830072,0.000000,0.000000,0.000000,153.921156,47.320626,66.152683,29.400000,-7.194847,3.514659,-0.000350,0.000000,0.000000,0.000000,0.099306,-5.353649,0.599614,5.388038,-0.832663,-0.777985,0.000814,1.139557,nan,nan,nan,0,nan,nan,nan,0,nan,nan,nan,nan,nan,nan,nan,nan,nan,nan,nan,nan,nan,nan,nan,nan,nan,nan,nan,nan,nan,nan,nan,nan,nan,nan,nan,nan,nan,nan,nan,nan,nan,nan,nan,nan,nan,nan,nan,nan,nan,nan,nan,nan,nan,nan,nan,nan,nan,nan,nan,nan,nan,nan,nan,nan,nan,nan,nan,nan,nan,nan,nan,nan,nan,nan,nan,nan,nan,nan,nan,nan,nan,nan,nan,nan,nan,nan,nan,nan
58.980,TRACKING,5.421953,0.056817,-5.388392,0.599650,-0.849784,-0.694864,0.000736,46.867536,71.730484,29.400350,-7.075679,4.483058,-0.000736,0.000000,0.000000,147.642188,46.924353,66.342093,30.000000,-7.925463,3.788193,0.000000,0.000000,0.000000,154.453247,46.924353,66.342093,29.400000,-7.226405,3.447739,-0.000316,0.000000,0.000000,0.000000,0.056817,-5.388392,0.599650,5.421953,-0.849784,-0.694864,0.000736,1.097711,nan,nan,nan,0,nan,nan,nan,0,nan,nan,nan,nan,nan,nan,nan,nan,nan,nan,nan,nan,nan,nan,nan,nan,nan,nan,nan,nan,nan,nan,nan,nan,nan,nan,nan,nan,nan,nan,nan,nan,nan,nan,nan,nan,nan,nan,nan,nan,nan,nan,nan,nan,nan,nan,nan,nan,nan,nan,nan,nan,nan,nan,nan,nan,nan,nan,nan,nan,nan,nan,nan,nan,nan,nan,nan,nan,nan,nan,nan,nan,nan,nan,nan,nan,nan,nan,nan,nan
59.040,TRACKING,5.452051,0.013455,-5.418953,0.599684,-0.867238,-0.611231,0.000665,46.509624,71.948387,29.400316,-7.158225,4.358058,-0.000665,0.000000,0.000000,148.666183,46.523080,66.529434,30.000000,-8.025463,3.746827,0.000000,0.000000,0.000000,154.973664,46.523080,66.529434,29.400000,-7.256668,3.382065,-0.000285,0.000000,0.000000,0.000000,0.013455,-5.418953,0.599684,5.452051,-0.867238,-0.611231,0.000665,1.060993,nan,nan,nan,0,nan,nan,nan,0,nan,nan,nan,nan,nan,nan,nan,nan,nan,nan,nan,nan,nan,nan,nan,nan,nan,nan,nan,nan,nan,nan,nan,nan,nan,nan,nan,nan,nan,nan,nan,nan,nan,nan,nan,nan,nan,nan,nan,nan,nan,nan,nan,nan,nan,nan,nan,nan,nan,nan,nan,nan,nan,nan,nan,nan,nan,nan,nan,nan,nan,nan,nan,nan,nan,nan,nan,nan,nan,nan,nan,nan,nan,nan,nan,nan,nan,nan,nan,nan
59.080,TRACKING,5.478321,-0.030792,-5.445310,0.599714,-0.884941,-0.527131,0.000602,46.147598,72.160040,29.400286,-7.240522,4.233058,-0.000602,0.000000,0.000000,149.687977,46.116807,66.714730,30.000000,-8.125463,3.705927,0.000000,0.000000,0.000000,155.482836,46.116807,66.714730,29.400000,-7.285697,3.317606,-0.000258,0.000000,0.000000,0.000000,-0.030792,-5.445310,0.599714,5.478321,-0.884941,-0.527131,0.000602,1.030043,nan,nan,nan,0,nan,nan,nan,0,nan,nan,nan,nan,nan,nan,nan,nan,nan,nan,nan,nan,nan,nan,nan,nan,nan,nan,nan,nan,nan,nan,nan,nan,nan,nan,nan,nan,nan,nan,nan,nan,nan,nan,nan,nan,nan,nan,nan,nan,nan,nan,nan,nan,nan,nan,nan,nan,nan,nan,nan,nan,nan,nan,nan,nan,nan,nan,nan,nan,nan,nan,nan,nan,nan,nan,nan,nan,nan,nan,nan,nan,nan,nan,nan,nan,nan,nan,nan,nan
59.140,TRACKING,5.500760,-0.075933,-5.467440,0.599741,-0.902815,-0.442610,0.000544,45.781466,72.365443,29.400259,-7.322648,4.108058,-0.000544,0.000000,0.000000,150.707263,45.705533,66.898003,30.000000,-8.225463,3.665448,0.000000,0.000000,0.000000,155.981193,45.705533,66.898003,29.400000,-7.313554,3.254332,-0.000233,0.000000,0.000000,0.000000,-0.075933,-5.467440,0.599741,5.500760,-0.902815,-0.442610,0.000544,1.005475,nan,nan,nan,0,nan,nan,nan,0,nan,nan,nan,nan,nan,nan,nan,nan,nan,nan,nan,nan,nan,nan,nan,nan,nan,nan,nan,nan,nan,nan,nan,nan,nan,nan,nan,nan,nan,nan,nan,nan,nan,nan,nan,nan,nan,nan,nan,nan,nan,nan,nan,nan,nan,nan,nan,nan,nan,nan,nan,nan,nan,nan,nan,nan,nan,nan,nan,nan,nan,nan,nan,nan,nan,nan,nan,nan,nan,nan,nan,nan,nan,nan,nan,nan,nan,nan,nan,nan
59.180,TRACKING,5.519366,-0.121972,-5.485326,0.599765,-0.920789,-0.357714,0.000492,45.411232,72.564596,29.400235,-7.404673,3.983058,-0.000492,0.000000,0.000000,151.723688,45.289260,67.079270,30.000000,-8.325463,3.625344,0.000000,0.000000,0.000000,156.469159,45.289260,67.079270,29.400000,-7.340296,3.192210,-0.000211,0.000000,0.000000,0.000000,-0.121972,-5.485326,0.599765,5.519366,-0.920789,-0.357714,0.000492,0.987832,nan,nan,nan,0,nan,nan,nan,0,nan,nan,nan,nan,nan,nan,nan,nan,nan,nan,nan,nan,nan,nan,nan,nan,nan,nan,nan,nan,nan,nan,nan,nan,nan,nan,nan,nan,nan,nan,nan,nan,nan,nan,nan,nan,nan,nan,nan,nan,nan,nan,nan,nan,nan,nan,nan,nan,nan,nan,nan,nan,nan,nan,nan,nan,nan,nan,nan,nan,nan,nan,nan,nan,nan,nan,nan,nan,nan,nan,nan,nan,nan,nan,nan,nan,nan,nan,nan,nan
59.240,TRACKING,5.534142,-0.168912,-5.498950,0.599788,-0.938801,-0.272487,0.000445,45.036899,72.757499,29.400212,-7.486662,3.858058,-0.000445,0.000000,0.000000,152.736856,44.867987,67.258549,30.000000,-8.425463,3.585571,0.000000,0.000000,0.000000,156.947160,44.867987,67.258549,29.400000,-7.365978,3.131204,-0.000190,0.000000,0.000000,0.000000,-0.168912,-5.498950,0.599788,5.534142,-0.938801,-0.272487,0.000445,0.977546,nan,nan,nan,0,nan,nan,nan,0,nan,nan,nan,nan,nan,nan,nan,nan,nan,nan,nan,nan,nan,nan,nan,nan,nan,nan,nan,nan,nan,nan,nan,nan,nan,nan,nan,nan,nan,nan,nan,nan,nan,nan,nan,nan,nan,nan,nan,nan,nan,nan,nan,nan,nan,nan,nan,nan,nan,nan,nan,nan,nan,nan,nan,nan,nan,nan,nan,nan,nan,nan,nan,nan,nan,nan,nan,nan,nan,nan,nan,nan,nan,nan,nan,nan,nan,nan,nan,nan
59.280,TRACKING,5.545098,-0.216752,-5.508299,0.599808,-0.956791,-0.186975,0.000403,44.658466,72.944152,29.400192,-7.568672,3.733058,-0.000403,0.000000,0.000000,153.746336,44.441714,67.435853,30.000000,-8.525463,3.546082,0.000000,0.000000,0.000000,157.415613,44.441714,67.435853,29.400000,-7.390652,3.071278,-0.000172,0.000000,0.000000,0.000000,-0.216752,-5.508299,0.599808,5.545098,-0.956791,-0.186975,0.000403,0.974889,nan,nan,nan,0,nan,nan,nan,0,nan,nan,nan,nan,nan,nan,nan,nan,nan,nan,nan,nan,nan,nan,nan,nan,nan,nan,nan,nan,nan,nan,nan,nan,nan,nan,nan,nan,nan,nan,nan,nan,nan,nan,nan,nan,nan,nan,nan,nan,nan,nan,nan,nan,nan,nan,nan,nan,nan,nan,nan,nan,nan,nan,nan,nan,nan,nan,nan,nan,nan,nan,nan,nan,nan,nan,nan,nan,nan,nan,nan,nan,nan,nan,nan,nan,nan,nan,nan,nan
59.340,TRACKING,5.552244,-0.265487,-5.513360,0.599826,-0.974708,-0.101224,0.000364,44.275928,73.124555,29.400174,-7.650754,3.608058,-0.000364,0.000000,0.000000,154.751668,44.010441,67.611194,30.000000,-8.625463,3.506834,0.000000,0.000000,0.000000,157.874931,44.010441,67.611194,29.400000,-7.414371,3.012394,-0.000155,0.000000,0.000000,0.000000,-0.265487,-5.513360,0.599826,5.552244,-0.974708,-0.101224,0.000364,0.979950,nan,nan,nan,0,nan,nan,nan,0,nan,nan,nan,nan,nan,nan,nan,nan,nan,nan,nan,nan,nan,nan,nan,nan,nan,nan,nan,nan,nan,nan,nan,nan,nan,nan,nan,nan,nan,nan,nan,nan,nan,nan,nan,nan,nan,nan,nan,nan,nan,nan,nan,nan,nan,nan,nan,nan,nan,nan,nan,nan,nan,nan,nan,nan,nan,nan,nan,nan,nan,nan,nan,nan,nan,nan,nan,nan,nan,nan,nan,nan,nan,nan,nan,nan,nan,nan,nan,nan
59.380,TRACKING,5.555598,-0.315112,-5.514124,0.599843,-0.992508,-0.015276,0.000329,43.889280,73.298708,29.400157,-7.732955,3.483058,-0.000329,0.000000,0.000000,155.752368,43.574168,67.784583,30.000000,-8.725463,3.467782,0.000000,0.000000,0.000000,158.325524,43.574168,67.784583,29.400000,-7.437180,2.954515,-0.000141,0.000000,0.000000,0.000000,-0.315112,-5.514124,0.599843,5.555598,-0.992508,-0.015276,0.000329,0.992625,nan,nan,nan,0,nan,nan,nan,0,nan,nan,nan,nan,nan,nan,nan,nan,nan,nan,nan,nan,nan,nan,nan,nan,nan,nan,nan,nan,nan,nan,nan,nan,nan,nan,nan,nan,nan,nan,nan,nan,nan,nan,nan,nan,nan,nan,nan,nan,nan,nan,nan,nan,nan,nan,nan,nan,nan,nan,nan,nan,nan,nan,nan,nan,nan,nan,nan,nan,nan,nan,nan,nan,nan,nan,nan,nan,nan,nan,nan,nan,nan,nan,nan,nan,nan,nan,nan,nan
59.440,TRACKING,5.555181,-0.365620,-5.510583,0.599857,-1.010148,0.070823,0.000298,43.498514,73.466610,29.400143,-7.815315,3.358058,-0.000298,0.000000,0.000000,156.747937,43.132895,67.956027,30.000000,-8.825463,3.428880,0.000000,0.000000,0.000000,158.767790,43.132895,67.956027,29.400000,-7.459127,2.897601,-0.000127,0.000000,0.000000,0.000000,-0.365620,-5.510583,0.599857,5.555181,-1.010148,0.070823,0.000298,1.012627,nan,nan,nan,0,nan,nan,nan,0,nan,nan,nan,nan,nan,nan,nan,nan,nan,nan,nan,nan,nan,nan,nan,nan,nan,nan,nan,nan,nan,nan,nan,nan,nan,nan,nan,nan,nan,nan,nan,nan,nan,nan,nan,nan,nan,nan,nan,nan,nan,nan,nan,nan,nan,nan,nan,nan,nan,nan,nan,nan,nan,nan,nan,nan,nan,nan,nan,nan,nan,nan,nan,nan,nan,nan,nan,nan,nan,nan,nan,nan,nan,nan,nan,nan,nan,nan,nan,nan
59.480,TRACKING,5.551017,-0.416999,-5.502732,0.599871,-1.027592,0.157029,0.000270,43.103621,73.628263,29.400129,-7.897871,3.233058,-0.000270,0.000000,0.000000,157.737861,42.686621,68.125532,30.000000,-8.925463,3.390086,0.000000,0.000000,0.000000,159.202126,42.686621,68.125532,29.400000,-7.480254,2.841613,-0.000115,0.000000,0.000000,0.000000,-0.416999,-5.502732,0.599871,5.551017,-1.027592,0.157029,0.000270,1.039521,nan,nan,nan,0,nan,nan,nan,0,nan,nan,nan,nan,nan,nan,nan,nan,nan,nan,nan,nan,nan,nan,nan,nan,nan,nan,nan,nan,nan,nan,nan,nan,nan,nan,nan,nan,nan,nan,nan,nan,nan,nan,nan,nan,nan,nan,nan,nan,nan,nan,nan,nan,nan,nan,nan,nan,nan,nan,nan,nan,nan,nan,nan,nan,nan,nan,nan,nan,nan,nan,nan,nan,nan,nan,nan,nan,nan,nan,nan,nan,nan,nan,nan,nan,nan,nan,nan,nan
59.540,TRACKING,5.543137,-0.469240,-5.490567,0.599883,-1.044809,0.243298,0.000244,42.704588,73.783666,29.400117,-7.980654,3.108058,-0.000244,0.000000,0.000000,158.721623,42.235348,68.293100,30.000000,-9.025463,3.351356,0.000000,0.000000,0.000000,159.628916,42.235348,68.293100,29.400000,-7.500604,2.786511,-0.000104,0.000000,0.000000,0.000000,-0.469240,-5.490567,0.599883,5.543137,-1.044809,0.243298,0.000244,1.072763,nan,nan,nan,0,nan,nan,nan,0,nan,nan,nan,nan,nan,nan,nan,nan,nan,nan,nan,nan,nan,nan,nan,nan,nan,nan,nan,nan,nan,nan,nan,nan,nan,nan,nan,nan,nan,nan,nan,nan,nan,nan,nan,nan,nan,nan,nan,nan,nan,nan,nan,nan,nan,nan,nan,nan,nan,nan,nan,nan,nan,nan,nan,nan,nan,nan,nan,nan,nan,nan,nan,nan,nan,nan,nan,nan,nan,nan,nan,nan,nan,nan,nan,nan,nan,nan,nan,nan
59.580,TRACKING,5.531535,-0.521896,-5.474087,0.599894,-1.053127,0.329587,0.000221,42.301404,73.932819,29.400106,-8.063691,2.983058,-0.000221,0.000000,0.000000,159.698702,41.779507,68.458732,30.000000,-9.116819,3.312645,0.000000,0.000000,0.000000,160.031117,41.779507,68.458732,29.400000,-7.519366,2.732256,-0.000094,0.000000,0.000000,0.000000,-0.521896,-5.474087,0.599894,5.531535,-1.053127,0.329587,0.000221,1.103497,nan,nan,nan,0,nan,nan,nan,0,nan,nan,nan,nan,nan,nan,nan,nan,nan,nan,nan,nan,nan,nan,nan,nan,nan,nan,nan,nan,nan,nan,nan,nan,nan,nan,nan,nan,nan,nan,nan,nan,nan,nan,nan,nan,nan,nan,nan,nan,nan,nan,nan,nan,nan,nan,nan,nan,nan,nan,nan,nan,nan,nan,nan,nan,nan,nan,nan,nan,nan,nan,nan,nan,nan,nan,nan,nan,nan,nan,nan,nan,nan,nan,nan,nan,nan,nan,nan,nan
59.640,TRACKING,5.515846,-0.571155,-5.453297,0.599904,-0.985177,0.415802,0.000200,41.894121,74.075722,29.400096,-8.145641,2.858058,-0.000200,0.000000,0.000000,160.665579,41.322966,68.622425,30.000000,-9.130818,3.273860,0.000000,0.000000,0.000000,160.274679,41.322966,68.622425,29.400000,-7.530175,2.701196,-0.000085,0.000000,0.000000,0.000000,-0.571155,-5.453297,0.599904,5.515846,-0.985177,0.415802,0.000200,1.069329,nan,nan,nan,0,nan,nan,nan,0,nan,nan,nan,nan,nan,nan,nan,nan,nan,nan,nan,nan,nan,nan,nan,nan,nan,nan,nan,nan,nan,nan,nan,nan,nan,nan,nan,nan,nan,nan,nan,nan,nan,nan,nan,nan,nan,nan,nan,nan,nan,nan,nan,nan,nan,nan,nan,nan,nan,nan,nan,nan,nan,nan,nan,nan,nan,nan,nan,nan,nan,nan,nan,nan,nan,nan,nan,nan,nan,nan,nan,nan,nan,nan,nan,nan,nan,nan,nan,nan
59.680,TRACKING,5.496086,-0.617618,-5.428224,0.599913,-0.929266,0.501464,0.000181,41.483343,74.212375,29.400087,-8.215561,2.733058,-0.000181,0.000000,0.000000,161.599346,40.865725,68.784151,30.000000,-9.144827,3.234522,0.000000,0.000000,0.000000,160.521331,40.865725,68.784151,29.400000,-7.541041,2.670710,-0.000077,0.000000,0.000000,0.000000,-0.617618,-5.428224,0.599913,5.496086,-0.929266,0.501464,0.000181,1.055936,nan,nan,nan,0,nan,nan,nan,0,nan,nan,nan,nan,nan,nan,nan,nan,nan,nan,nan,nan,nan,nan,nan,nan,nan,nan,nan,nan,nan,nan,nan,nan,nan,nan,nan,nan,nan,nan,nan,nan,nan,nan,nan,nan,nan,nan,nan,nan,nan,nan,nan,nan,nan,nan,nan,nan,nan,nan,nan,nan,nan,nan,nan,nan,nan,nan,nan,nan,nan,nan,nan,nan,nan,nan,nan,nan,nan,nan,nan,nan,nan,nan,nan,nan,nan,nan,nan,nan
59.740,TRACKING,5.472247,-0.661451,-5.398895,0.599921,-0.876650,0.586588,0.000164,41.069234,74.342778,29.400079,-8.282184,2.608058,-0.000164,0.000000,0.000000,162.520797,40.407783,68.943883,30.000000,-9.158834,3.194646,0.000000,0.000000,0.000000,160.770982,40.407783,68.943883,29.400000,-7.551934,2.639753,-0.000070,0.000000,0.000000,0.000000,-0.661451,-5.398895,0.599921,5.472247,-0.876650,0.586588,0.000164,1.054799,nan,nan,nan,0,nan,nan,nan,0,nan,nan,nan,nan,nan,nan,nan,nan,nan,nan,nan,nan,nan,nan,nan,nan,nan,nan,nan,nan,nan,nan,nan,nan,nan,nan,nan,nan,nan,nan,nan,nan,nan,nan,nan,nan,nan,nan,nan,nan,nan,nan,nan,nan,nan,nan,nan,nan,nan,nan,nan,nan,nan,nan,nan,nan,nan,nan,nan,nan,nan,nan,nan,nan,nan,nan,nan,nan,nan,nan,nan,nan,nan,nan,nan,nan,nan,nan,nan,nan
59.780,TRACKING,5.444325,-0.702809,-5.365335,0.599929,-0.827152,0.671184,0.000148,40.651950,74.466931,29.400071,-8.345675,2.483058,-0.000148,0.000000,0.000000,163.430874,39.949142,69.101595,30.000000,-9.172827,3.154242,0.000000,0.000000,0.000000,161.023543,39.949142,69.101595,29.400000,-7.562842,2.608336,-0.000063,0.000000,0.000000,0.000000,-0.702809,-5.365335,0.599929,5.444325,-0.827152,0.671184,0.000148,1.065208,nan,nan,nan,0,nan,nan,nan,0,nan,nan,nan,nan,nan,nan,nan,nan,nan,nan,nan,nan,nan,nan,nan,nan,nan,nan,nan,nan,nan,nan,nan,nan,nan,nan,nan,nan,nan,nan,nan,nan,nan,nan,nan,nan,nan,nan,nan,nan,nan,nan,nan,nan,nan,nan,nan,nan,nan,nan,nan,nan,nan,nan,nan,nan,nan,nan,nan,nan,nan,nan,nan,nan,nan,nan,nan,nan,nan,nan,nan,nan,nan,nan,nan,nan,nan,nan,nan,nan
59.840,TRACKING,5.412326,-0.741838,-5.327572,0.599936,-0.780583,0.755267,0.000134,40.231640,74.584834,29.400064,-8.406213,2.358058,-0.000134,0.000000,0.000000,164.330464,39.489802,69.257262,30.000000,-9.186795,3.113324,0.000000,0.000000,0.000000,161.278931,39.489802,69.257262,29.400000,-7.573757,2.576471,-0.000057,0.000000,0.000000,0.000000,-0.741838,-5.327572,0.599936,5.412326,-0.780583,0.755267,0.000134,1.086157,nan,nan,nan,0,nan,nan,nan,0,nan,nan,nan,nan,nan,nan,nan,nan,nan,nan,nan,nan,nan,nan,nan,nan,nan,nan,nan,nan,nan,nan,nan,nan,nan,nan,nan,nan,nan,nan,nan,nan,nan,nan,nan,nan,nan,nan,nan,nan,nan,nan,nan,nan,nan,nan,nan,nan,nan,nan,nan,nan,nan,nan,nan,nan,nan,nan,nan,nan,nan,nan,nan,nan,nan,nan,nan,nan,nan,nan,nan,nan,nan,nan,nan,nan,nan,nan,nan,nan
59.880,TRACKING,5.376258,-0.778676,-5.285630,0.599942,-0.736766,0.838847,0.000121,39.808442,74.696486,29.400058,-8.463962,2.233058,-0.000121,0.000000,0.000000,165.220362,39.029766,69.410857,30.000000,-9.200728,3.071905,0.000000,0.000000,0.000000,161.537060,39.029766,69.410857,29.400000,-7.584669,2.544169,-0.000052,0.000000,0.000000,0.000000,-0.778676,-5.285630,0.599942,5.376258,-0.736766,0.838847,0.000121,1.116462,nan,nan,nan,0,nan,nan,nan,0,nan,nan,nan,nan,nan,nan,nan,nan,nan,nan,nan,nan,nan,nan,nan,nan,nan,nan,nan,nan,nan,nan,nan,nan,nan,nan,nan,nan,nan,nan,nan,nan,nan,nan,nan,nan,nan,nan,nan,nan,nan,nan,nan,nan,nan,nan,nan,nan,nan,nan,nan,nan,nan,nan,nan,nan,nan,nan,nan,nan,nan,nan,nan,nan,nan,nan,nan,nan,nan,nan,nan,nan,nan,nan,nan,nan,nan,nan,nan,nan
59.940,TRACKING,5.336136,-0.813453,-5.239533,0.599947,-0.695535,0.921937,0.000110,39.382488,74.801889,29.400053,-8.519080,2.108058,-0.000110,0.000000,0.000000,166.101276,38.569035,69.562356,30.000000,-9.214615,3.029994,0.000000,0.000000,0.000000,161.797850,38.569035,69.562356,29.400000,-7.595568,2.511443,-0.000047,0.000000,0.000000,0.000000,-0.813453,-5.239533,0.599947,5.336136,-0.695535,0.921937,0.000110,1.154875,nan,nan,nan,0,nan,nan,nan,0,nan,nan,nan,nan,nan,nan,nan,nan,nan,nan,nan,nan,nan,nan,nan,nan,nan,nan,nan,nan,nan,nan,nan,nan,nan,nan,nan,nan,nan,nan,nan,nan,nan,nan,nan,nan,nan,nan,nan,nan,nan,nan,nan,nan,nan,nan,nan,nan,nan,nan,nan,nan,nan,nan,nan,nan,nan,nan,nan,nan,nan,nan,nan,nan,nan,nan,nan,nan,nan,nan,nan,nan,nan,nan,nan,nan,nan,nan,nan,nan
59.980,TRACKING,5.291979,-0.846289,-5.189305,0.599952,-0.656735,1.004548,0.000100,38.953902,74.901042,29.400048,-8.571711,1.983058,-0.000100,0.000000,0.000000,166.973843,38.107613,69.711737,30.000000,-9.228446,2.987606,0.000000,0.000000,0.000000,162.061223,38.107613,69.711737,29.400000,-7.606446,2.478303,-0.000042,0.000000,0.000000,0.000000,-0.846289,-5.189305,0.599952,5.291979,-0.656735,1.004548,0.000100,1.200174,nan,nan,nan,0,nan,nan,nan,0,nan,nan,nan,nan,nan,nan,nan,nan,nan,nan,nan,nan,nan,nan,nan,nan,nan,nan,nan,nan,nan,nan,nan,nan,nan,nan,nan,nan,nan,nan,nan,nan,nan,nan,nan,nan,nan,nan,nan,nan,nan,nan,nan,nan,nan,nan,nan,nan,nan,nan,nan,nan,nan,nan,nan,nan,nan,nan,nan,nan,nan,nan,nan,nan,nan,nan,nan,nan,nan,nan,nan,nan,nan,nan,nan,nan,nan,nan,nan,nan
60.040,TRACKING,5.243809,-0.877300,-5.134971,0.599957,-0.620217,1.086692,0.000090,38.522803,74.993945,29.400043,-8.621993,1.858058,-0.000090,0.000000,0.000000,167.838624,37.645502,69.858974,30.000000,-9.242210,2.944749,0.000000,0.000000,0.000000,162.327102,37.645502,69.858974,29.400000,-7.617293,2.444760,-0.000038,0.000000,0.000000,0.000000,-0.877300,-5.134971,0.599957,5.243809,-0.620217,1.086692,0.000090,1.251227,nan,nan,nan,0,nan,nan,nan,0,nan,nan,nan,nan,nan,nan,nan,nan,nan,nan,nan,nan,nan,nan,nan,nan,nan,nan,nan,nan,nan,nan,nan,nan,nan,nan,nan,nan,nan,nan,nan,nan,nan,nan,nan,nan,nan,nan,nan,nan,nan,nan,nan,nan,nan,nan,nan,nan,nan,nan,nan,nan,nan,nan,nan,nan,nan,nan,nan,nan,nan,nan,nan,nan,nan,nan,nan,nan,nan,nan,nan,nan,nan,nan,nan,nan,nan,nan,nan,nan
60.080,TRACKING,5.191651,-0.906593,-5.076552,0.599961,-0.585846,1.168379,0.000082,38.089300,75.080598,29.400039,-8.670053,1.733058,-0.000082,0.000000,0.000000,168.696123,37.182707,70.004046,30.000000,-9.255899,2.901437,0.000000,0.000000,0.000000,162.595412,37.182707,70.004046,29.400000,-7.628102,2.410823,-0.000035,0.000000,0.000000,0.000000,-0.906593,-5.076552,0.599961,5.191651,-0.585846,1.168379,0.000082,1.307029,nan,nan,nan,0,nan,nan,nan,0,nan,nan,nan,nan,nan,nan,nan,nan,nan,nan,nan,nan,nan,nan,nan,nan,nan,nan,nan,nan,nan,nan,nan,nan,nan,nan,nan,nan,nan,nan,nan,nan,nan,nan,nan,nan,nan,nan,nan,nan,nan,nan,nan,nan,nan,nan,nan,nan,nan,nan,nan,nan,nan,nan,nan,nan,nan,nan,nan,nan,nan,nan,nan,nan,nan,nan,nan,nan,nan,nan,nan,nan,nan,nan,nan,nan,nan,nan,nan,nan
60.140,TRACKING,5.135535,-0.934267,-5.014071,0.599964,-0.553490,1.249621,0.000074,37.653499,75.161001,29.400036,-8.716013,1.608058,-0.000074,0.000000,0.000000,169.546780,36.719232,70.146930,30.000000,-9.269502,2.857679,0.000000,0.000000,0.000000,162.866082,36.719232,70.146930,29.400000,-7.638863,2.376503,-0.000031,0.000000,0.000000,0.000000,-0.934267,-5.014071,0.599964,5.135535,-0.553490,1.249621,0.000074,1.366713,nan,nan,nan,0,nan,nan,nan,0,nan,nan,nan,nan,nan,nan,nan,nan,nan,nan,nan,nan,nan,nan,nan,nan,nan,nan,nan,nan,nan,nan,nan,nan,nan,nan,nan,nan,nan,nan,nan,nan,nan,nan,nan,nan,nan,nan,nan,nan,nan,nan,nan,nan,nan,nan,nan,nan,nan,nan,nan,nan,nan,nan,nan,nan,nan,nan,nan,nan,nan,nan,nan,nan,nan,nan,nan,nan,nan,nan,nan,nan,nan,nan,nan,nan,nan,nan,nan,nan
60.180,TRACKING,5.075491,-0.960418,-4.947549,0.599968,-0.523027,1.330429,0.000067,37.215500,75.235154,29.400032,-8.759984,1.483058,-0.000067,0.000000,0.000000,170.390987,36.255082,70.287604,30.000000,-9.283011,2.813486,0.000000,0.000000,0.000000,163.139043,36.255082,70.287604,29.400000,-7.649570,2.341811,-0.000028,0.000000,0.000000,0.000000,-0.960418,-4.947549,0.599968,5.075491,-0.523027,1.330429,0.000067,1.429545,nan,nan,nan,0,nan,nan,nan,0,nan,nan,nan,nan,nan,nan,nan,nan,nan,nan,nan,nan,nan,nan,nan,nan,nan,nan,nan,nan,nan,nan,nan,nan,nan,nan,nan,nan,nan,nan,nan,nan,nan,nan,nan,nan,nan,nan,nan,nan,nan,nan,nan,nan,nan,nan,nan,nan,nan,nan,nan,nan,nan,nan,nan,nan,nan,nan,nan,nan,nan,nan,nan,nan,nan,nan,nan,nan,nan,nan,nan,nan,nan,nan,nan,nan,nan,nan,nan,nan
60.240,TRACKING,5.011554,-0.985136,-4.877009,0.599971,-0.494344,1.410812,0.000061,36.775396,75.303057,29.400029,-8.802072,1.358058,-0.000061,0.000000,0.000000,171.229086,35.790261,70.426048,30.000000,-9.296417,2.768869,0.000000,0.000000,0.000000,163.414224,35.790261,70.426048,29.400000,-7.660214,2.306755,-0.000026,0.000000,0.000000,0.000000,-0.985136,-4.877009,0.599971,5.011554,-0.494344,1.410812,0.000061,1.494913,nan,nan,nan,0,nan,nan,nan,0,nan,nan,nan,nan,nan,nan,nan,nan,nan,nan,nan,nan,nan,nan,nan,nan,nan,nan,nan,nan,nan,nan,nan,nan,nan,nan,nan,nan,nan,nan,nan,nan,nan,nan,nan,nan,nan,nan,nan,nan,nan,nan,nan,nan,nan,nan,nan,nan,nan,nan,nan,nan,nan,nan,nan,nan,nan,nan,nan,nan,nan,nan,nan,nan,nan,nan,nan,nan,nan,nan,nan,nan,nan,nan,nan,nan,nan,nan,nan,nan
60.280,TRACKING,4.943760,-1.008502,-4.802470,0.599973,-0.467333,1.490780,0.000055,36.333278,75.364710,29.400027,-8.842377,1.233058,-0.000055,0.000000,0.000000,172.061373,35.324775,70.562240,30.000000,-9.309710,2.723838,0.000000,0.000000,0.000000,163.691562,35.324775,70.562240,29.400000,-7.670788,2.271344,-0.000023,0.000000,0.000000,0.000000,-1.008502,-4.802470,0.599973,4.943760,-0.467333,1.490780,0.000055,1.562315,nan,nan,nan,0,nan,nan,nan,0,nan,nan,nan,nan,nan,nan,nan,nan,nan,nan,nan,nan,nan,nan,nan,nan,nan,nan,nan,nan,nan,nan,nan,nan,nan,nan,nan,nan,nan,nan,nan,nan,nan,nan,nan,nan,nan,nan,nan,nan,nan,nan,nan,nan,nan,nan,nan,nan,nan,nan,nan,nan,nan,nan,nan,nan,nan,nan,nan,nan,nan,nan,nan,nan,nan,nan,nan,nan,nan,nan,nan,nan,nan,nan,nan,nan,nan,nan,nan,nan
60.340,TRACKING,4.872450,-1.027836,-4.724866,0.599976,-0.386673,1.552084,0.000050,35.889228,75.420112,29.400024,-8.880991,1.108058,-0.000050,0.000000,0.000000,172.888109,34.861392,70.695247,30.000000,-9.267664,2.660142,0.000000,0.000000,0.000000,163.984681,34.861392,70.695247,29.400000,-7.681830,2.233716,-0.000021,0.000000,0.000000,0.000000,-1.027836,-4.724866,0.599976,4.872450,-0.386673,1.552084,0.000050,1.599525,nan,nan,nan,0,nan,nan,nan,0,nan,nan,nan,nan,nan,nan,nan,nan,nan,nan,nan,nan,nan,nan,nan,nan,nan,nan,nan,nan,nan,nan,nan,nan,nan,nan,nan,nan,nan,nan,nan,nan,nan,nan,nan,nan,nan,nan,nan,nan,nan,nan,nan,nan,nan,nan,nan,nan,nan,nan,nan,nan,nan,nan,nan,nan,nan,nan,nan,nan,nan,nan,nan,nan,nan,nan,nan,nan,nan,nan,nan,nan,nan,nan,nan,nan,nan,nan,nan,nan
60.380,TRACKING,4.797653,-1.042592,-4.644406,0.599978,-0.295122,1.609197,0.000045,35.443466,75.469265,29.400022,-8.915233,0.983058,-0.000045,0.000000,0.000000,173.707576,34.400874,70.824859,30.000000,-9.210355,2.592254,0.000000,0.000000,0.000000,164.280745,34.400874,70.824859,29.400000,-7.692809,2.195608,-0.000019,0.000000,0.000000,0.000000,-1.042592,-4.644406,0.599978,4.797653,-0.295122,1.609197,0.000045,1.636035,nan,nan,nan,0,nan,nan,nan,0,nan,nan,nan,nan,nan,nan,nan,nan,nan,nan,nan,nan,nan,nan,nan,nan,nan,nan,nan,nan,nan,nan,nan,nan,nan,nan,nan,nan,nan,nan,nan,nan,nan,nan,nan,nan,nan,nan,nan,nan,nan,nan,nan,nan,nan,nan,nan,nan,nan,nan,nan,nan,nan,nan,nan,nan,nan,nan,nan,nan,nan,nan,nan,nan,nan,nan,nan,nan,nan,nan,nan,nan,nan,nan,nan,nan,nan,nan,nan,nan
60.440,TRACKING,4.719334,-1.052851,-4.561101,0.599980,-0.205176,1.666106,0.000041,34.996270,75.512168,29.400020,-8.943919,0.858058,-0.000041,0.000000,0.000000,174.519955,33.943420,70.951068,30.000000,-9.149095,2.524164,0.000000,0.000000,0.000000,164.576237,33.943420,70.951068,29.400000,-7.703584,2.157497,-0.000017,0.000000,0.000000,0.000000,-1.052851,-4.561101,0.599980,4.719334,-0.205176,1.666106,0.000041,1.678692,nan,nan,nan,0,nan,nan,nan,0,nan,nan,nan,nan,nan,nan,nan,nan,nan,nan,nan,nan,nan,nan,nan,nan,nan,nan,nan,nan,nan,nan,nan,nan,nan,nan,nan,nan,nan,nan,nan,nan,nan,nan,nan,nan,nan,nan,nan,nan,nan,nan,nan,nan,nan,nan,nan,nan,nan,nan,nan,nan,nan,nan,nan,nan,nan,nan,nan,nan,nan,nan,nan,nan,nan,nan,nan,nan,nan,nan,nan,nan,nan,nan,nan,nan,nan,nan,nan,nan
60.480,TRACKING,4.637461,-1.058692,-4.474956,0.599982,-0.116828,1.722886,0.000037,34.547920,75.548821,29.400018,-8.967005,0.733058,-0.000037,0.000000,0.000000,175.326430,33.489228,71.073865,30.000000,-9.083833,2.455944,0.000000,0.000000,0.000000,164.870973,33.489228,71.073865,29.400000,-7.714150,2.119409,-0.000016,0.000000,0.000000,0.000000,-1.058692,-4.474956,0.599982,4.637461,-0.116828,1.722886,0.000037,1.726843,nan,nan,nan,0,nan,nan,nan,0,nan,nan,nan,nan,nan,nan,nan,nan,nan,nan,nan,nan,nan,nan,nan,nan,nan,nan,nan,nan,nan,nan,nan,nan,nan,nan,nan,nan,nan,nan,nan,nan,nan,nan,nan,nan,nan,nan,nan,nan,nan,nan,nan,nan,nan,nan,nan,nan,nan,nan,nan,nan,nan,nan,nan,nan,nan,nan,nan,nan,nan,nan,nan,nan,nan,nan,nan,nan,nan,nan,nan,nan,nan,nan,nan,nan,nan,nan,nan,nan
60.540,TRACKING,4.552007,-1.060190,-4.385976,0.599984,-0.029945,1.779613,0.000033,34.098691,75.579224,29.400016,-8.984581,0.608058,-0.000033,0.000000,0.000000,176.128245,33.038502,71.193248,30.000000,-9.014525,2.387671,0.000000,0.000000,0.000000,165.164771,33.038502,71.193248,29.400000,-7.724499,2.081373,-0.000014,0.000000,0.000000,0.000000,-1.060190,-4.385976,0.599984,4.552007,-0.029945,1.779613,0.000033,1.779865,nan,nan,nan,0,nan,nan,nan,0,nan,nan,nan,nan,nan,nan,nan,nan,nan,nan,nan,nan,nan,nan,nan,nan,nan,nan,nan,nan,nan,nan,nan,nan,nan,nan,nan,nan,nan,nan,nan,nan,nan,nan,nan,nan,nan,nan,nan,nan,nan,nan,nan,nan,nan,nan,nan,nan,nan,nan,nan,nan,nan,nan,nan,nan,nan,nan,nan,nan,nan,nan,nan,nan,nan,nan,nan,nan,nan,nan,nan,nan,nan,nan,nan,nan,nan,nan,nan,nan
60.580,TRACKING,4.462946,-1.057410,-4.294157,0.599985,0.055596,1.836362,0.000030,33.648855,75.603377,29.400015,-8.996727,0.483058,-0.000030,0.000000,0.000000,176.926591,32.591445,71.309219,30.000000,-8.941131,2.319420,0.000000,0.000000,0.000000,165.457447,32.591445,71.309219,29.400000,-7.734626,2.043418,-0.000013,0.000000,0.000000,0.000000,-1.057410,-4.294157,0.599985,4.462946,0.055596,1.836362,0.000030,1.837203,nan,nan,nan,0,nan,nan,nan,0,nan,nan,nan,nan,nan,nan,nan,nan,nan,nan,nan,nan,nan,nan,nan,nan,nan,nan,nan,nan,nan,nan,nan,nan,nan,nan,nan,nan,nan,nan,nan,nan,nan,nan,nan,nan,nan,nan,nan,nan,nan,nan,nan,nan,nan,nan,nan,nan,nan,nan,nan,nan,nan,nan,nan,nan,nan,nan,nan,nan,nan,nan,nan,nan,nan,nan,nan,nan,nan,nan,nan,nan,nan,nan,nan,nan,nan,nan,nan,nan
60.640,TRACKING,4.370255,-1.050415,-4.199497,0.599987,0.139905,1.893207,0.000027,33.198679,75.621280,29.400013,-9.003518,0.358058,-0.000027,0.000000,0.000000,177.722624,32.148264,71.421783,30.000000,-8.863613,2.251264,0.000000,0.000000,0.000000,165.748825,32.148264,71.421783,29.400000,-7.744526,2.005571,-0.000012,0.000000,0.000000,0.000000,-1.050415,-4.199497,0.599987,4.370255,0.139905,1.893207,0.000027,1.898369,nan,nan,nan,0,nan,nan,nan,0,nan,nan,nan,nan,nan,nan,nan,nan,nan,nan,nan,nan,nan,nan,nan,nan,nan,nan,nan,nan,nan,nan,nan,nan,nan,nan,nan,nan,nan,nan,nan,nan,nan,nan,nan,nan,nan,nan,nan,nan,nan,nan,nan,nan,nan,nan,nan,nan,nan,nan,nan,nan,nan,nan,nan,nan,nan,nan,nan,nan,nan,nan,nan,nan,nan,nan,nan,nan,nan,nan,nan,nan,nan,nan,nan,nan,nan,nan,nan,nan
60.680,TRACKING,4.273914,-1.039260,-4.101986,0.599988,0.223084,1.950222,0.000025,32.748428,75.632933,29.400012,-9.005024,0.233058,-0.000025,0.000000,0.000000,178.517467,31.709167,71.530947,30.000000,-8.781940,2.183280,0.000000,0.000000,0.000000,166.038727,31.709167,71.530947,29.400000,-7.754194,1.967859,-0.000010,0.000000,0.000000,0.000000,-1.039260,-4.101986,0.599988,4.273914,0.223084,1.950222,0.000025,1.962940,nan,nan,nan,0,nan,nan,nan,0,nan,nan,nan,nan,nan,nan,nan,nan,nan,nan,nan,nan,nan,nan,nan,nan,nan,nan,nan,nan,nan,nan,nan,nan,nan,nan,nan,nan,nan,nan,nan,nan,nan,nan,nan,nan,nan,nan,nan,nan,nan,nan,nan,nan,nan,nan,nan,nan,nan,nan,nan,nan,nan,nan,nan,nan,nan,nan,nan,nan,nan,nan,nan,nan,nan,nan,nan,nan,nan,nan,nan,nan,nan,nan,nan,nan,nan,nan,nan,nan
60.740,TRACKING,4.173902,-1.023999,-4.001612,0.599989,0.305226,2.007481,0.000023,32.298362,75.638336,29.400011,-9.001307,0.108058,-0.000023,0.000000,0.000000,179.312216,31.274363,71.636724,30.000000,-8.696081,2.115538,0.000000,0.000000,0.000000,166.326980,31.274363,71.636724,29.400000,-7.763627,1.930311,-0.000009,0.000000,0.000000,0.000000,-1.023999,-4.001612,0.599989,4.173902,0.305226,2.007481,0.000023,2.030552,nan,nan,nan,0,nan,nan,nan,0,nan,nan,nan,nan,nan,nan,nan,nan,nan,nan,nan,nan,nan,nan,nan,nan,nan,nan,nan,nan,nan,nan,nan,nan,nan,nan,nan,nan,nan,nan,nan,nan,nan,nan,nan,nan,nan,nan,nan,nan,nan,nan,nan,nan,nan,nan,nan,nan,nan,nan,nan,nan,nan,nan,nan,nan,nan,nan,nan,nan,nan,nan,nan,nan,nan,nan,nan,nan,nan,nan,nan,nan,nan,nan,nan,nan,nan,nan,nan,nan
60.780,TRACKING,4.070205,-1.004678,-3.898359,0.599990,0.386415,2.065054,0.000020,31.848741,75.637488,29.400010,-8.992425,-0.016942,-0.000020,0.000000,0.000000,-179.892052,30.844063,71.739129,30.000000,-8.606011,2.048112,0.000000,0.000000,0.000000,166.613412,30.844063,71.739129,29.400000,-7.772820,1.892953,-0.000009,0.000000,0.000000,0.000000,-1.004678,-3.898359,0.599990,4.070205,0.386415,2.065054,0.000020,2.100896,nan,nan,nan,0,nan,nan,nan,0,nan,nan,nan,nan,nan,nan,nan,nan,nan,nan,nan,nan,nan,nan,nan,nan,nan,nan,nan,nan,nan,nan,nan,nan,nan,nan,nan,nan,nan,nan,nan,nan,nan,nan,nan,nan,nan,nan,nan,nan,nan,nan,nan,nan,nan,nan,nan,nan,nan,nan,nan,nan,nan,nan,nan,nan,nan,nan,nan,nan,nan,nan,nan,nan,nan,nan,nan,nan,nan,nan,nan,nan,nan,nan,nan,nan,nan,nan,nan,nan
60.840,TRACKING,3.962811,-0.981342,-3.792209,0.599991,0.466725,2.123015,0.000019,31.399819,75.630391,29.400009,-8.978434,-0.141942,-0.000019,0.000000,0.000000,-179.094273,30.418477,71.838183,30.000000,-8.511709,1.981072,0.000000,0.000000,0.000000,166.897857,30.418477,71.838183,29.400000,-7.781771,1.855811,-0.000008,0.000000,0.000000,0.000000,-0.981342,-3.792209,0.599991,3.962811,0.466725,2.123015,0.000019,2.173712,nan,nan,nan,0,nan,nan,nan,0,nan,nan,nan,nan,nan,nan,nan,nan,nan,nan,nan,nan,nan,nan,nan,nan,nan,nan,nan,nan,nan,nan,nan,nan,nan,nan,nan,nan,nan,nan,nan,nan,nan,nan,nan,nan,nan,nan,nan,nan,nan,nan,nan,nan,nan,nan,nan,nan,nan,nan,nan,nan,nan,nan,nan,nan,nan,nan,nan,nan,nan,nan,nan,nan,nan,nan,nan,nan,nan,nan,nan,nan,nan,nan,nan,nan,nan,nan,nan,nan
60.880,TRACKING,3.851709,-0.954031,-3.683137,0.599992,0.546224,2.181430,0.000017,30.951850,75.617044,29.400008,-8.959382,-0.266942,-0.000017,0.000000,0.000000,-178.293393,29.997820,71.933907,30.000000,-8.413157,1.914488,0.000000,0.000000,0.000000,167.180148,29.997820,71.933907,29.400000,-7.789656,1.818719,-0.000007,0.000000,0.000000,0.000000,-0.954031,-3.683137,0.599992,3.851709,0.546224,2.181430,0.000017,2.248777,nan,nan,nan,0,nan,nan,nan,0,nan,nan,nan,nan,nan,nan,nan,nan,nan,nan,nan,nan,nan,nan,nan,nan,nan,nan,nan,nan,nan,nan,nan,nan,nan,nan,nan,nan,nan,nan,nan,nan,nan,nan,nan,nan,nan,nan,nan,nan,nan,nan,nan,nan,nan,nan,nan,nan,nan,nan,nan,nan,nan,nan,nan,nan,nan,nan,nan,nan,nan,nan,nan,nan,nan,nan,nan,nan,nan,nan,nan,nan,nan,nan,nan,nan,nan,nan,nan,nan
60.940,TRACKING,3.736943,-0.922964,-3.571119,0.599993,0.621335,2.240370,0.000015,30.505126,75.597447,29.400007,-8.934493,-0.391942,-0.000015,0.000000,0.000000,-177.488134,29.582162,72.026329,30.000000,-8.313157,1.848428,0.000000,0.000000,0.000000,167.464231,29.582162,72.026329,29.400000,-7.796859,1.781200,-0.000006,0.000000,0.000000,0.000000,-0.922964,-3.571119,0.599993,3.736943,0.621335,2.240370,0.000015,2.324934,nan,nan,nan,0,nan,nan,nan,0,nan,nan,nan,nan,nan,nan,nan,nan,nan,nan,nan,nan,nan,nan,nan,nan,nan,nan,nan,nan,nan,nan,nan,nan,nan,nan,nan,nan,nan,nan,nan,nan,nan,nan,nan,nan,nan,nan,nan,nan,nan,nan,nan,nan,nan,nan,nan,nan,nan,nan,nan,nan,nan,nan,nan,nan,nan,nan,nan,nan,nan,nan,nan,nan,nan,nan,nan,nan,nan,nan,nan,nan,nan,nan,nan,nan,nan,nan,nan,nan
60.980,TRACKING,3.618568,-0.888401,-3.456123,0.599993,0.691258,2.299919,0.000014,30.059905,75.571600,29.400007,-8.904416,-0.516942,-0.000014,0.000000,0.000000,-176.677446,29.171504,72.115477,30.000000,-8.213157,1.782977,0.000000,0.000000,0.000000,167.751828,29.171504,72.115477,29.400000,-7.804078,1.743170,-0.000006,0.000000,0.000000,0.000000,-0.888401,-3.456123,0.599993,3.618568,0.691258,2.299919,0.000014,2.401555,nan,nan,nan,0,nan,nan,nan,0,nan,nan,nan,nan,nan,nan,nan,nan,nan,nan,nan,nan,nan,nan,nan,nan,nan,nan,nan,nan,nan,nan,nan,nan,nan,nan,nan,nan,nan,nan,nan,nan,nan,nan,nan,nan,nan,nan,nan,nan,nan,nan,nan,nan,nan,nan,nan,nan,nan,nan,nan,nan,nan,nan,nan,nan,nan,nan,nan,nan,nan,nan,nan,nan,nan,nan,nan,nan,nan,nan,nan,nan,nan,nan,nan,nan,nan,nan,nan,nan
61.040,TRACKING,3.496632,-0.850551,-3.338114,0.599994,0.757002,2.360163,0.000012,29.616397,75.539503,29.400006,-8.870159,-0.641942,-0.000012,0.000000,0.000000,-175.860664,28.765846,72.201388,30.000000,-8.113157,1.718220,0.000000,0.000000,0.000000,168.042470,28.765846,72.201388,29.400000,-7.811272,1.704696,-0.000005,0.000000,0.000000,0.000000,-0.850551,-3.338114,0.599994,3.496632,0.757002,2.360163,0.000012,2.478592,nan,nan,nan,0,nan,nan,nan,0,nan,nan,nan,nan,nan,nan,nan,nan,nan,nan,nan,nan,nan,nan,nan,nan,nan,nan,nan,nan,nan,nan,nan,nan,nan,nan,nan,nan,nan,nan,nan,nan,nan,nan,nan,nan,nan,nan,nan,nan,nan,nan,nan,nan,nan,nan,nan,nan,nan,nan,nan,nan,nan,nan,nan,nan,nan,nan,nan,nan,nan,nan,nan,nan,nan,nan,nan,nan,nan,nan,nan,nan,nan,nan,nan,nan,nan,nan,nan,nan
61.080,TRACKING,3.371188,-0.809612,-3.217056,0.599994,0.818775,2.421179,0.000011,29.174800,75.501156,29.400006,-8.831933,-0.766942,-0.000011,0.000000,0.000000,-175.037032,28.365188,72.284100,30.000000,-8.013157,1.654237,0.000000,0.000000,0.000000,168.335715,28.365188,72.284100,29.400000,-7.818417,1.665839,-0.000005,0.000000,0.000000,0.000000,-0.809612,-3.217056,0.599994,3.371188,0.818775,2.421179,0.000011,2.555876,nan,nan,nan,0,nan,nan,nan,0,nan,nan,nan,nan,nan,nan,nan,nan,nan,nan,nan,nan,nan,nan,nan,nan,nan,nan,nan,nan,nan,nan,nan,nan,nan,nan,nan,nan,nan,nan,nan,nan,nan,nan,nan,nan,nan,nan,nan,nan,nan,nan,nan,nan,nan,nan,nan,nan,nan,nan,nan,nan,nan,nan,nan,nan,nan,nan,nan,nan,nan,nan,nan,nan,nan,nan,nan,nan,nan,nan,nan,nan,nan,nan,nan,nan,nan,nan,nan,nan
61.140,TRACKING,3.242291,-0.765773,-3.092903,0.599995,0.876794,2.483041,0.000010,28.735303,75.456559,29.400005,-8.789951,-0.891942,-0.000010,0.000000,0.000000,-174.205861,27.969530,72.363655,30.000000,-7.913157,1.591099,0.000000,0.000000,0.000000,168.631127,27.969530,72.363655,29.400000,-7.825491,1.626659,-0.000004,0.000000,0.000000,0.000000,-0.765773,-3.092903,0.599995,3.242291,0.876794,2.483041,0.000010,2.633299,nan,nan,nan,0,nan,nan,nan,0,nan,nan,nan,nan,nan,nan,nan,nan,nan,nan,nan,nan,nan,nan,nan,nan,nan,nan,nan,nan,nan,nan,nan,nan,nan,nan,nan,nan,nan,nan,nan,nan,nan,nan,nan,nan,nan,nan,nan,nan,nan,nan,nan,nan,nan,nan,nan,nan,nan,nan,nan,nan,nan,nan,nan,nan,nan,nan,nan,nan,nan,nan,nan,nan,nan,nan,nan,nan,nan,nan,nan,nan,nan,nan,nan,nan,nan,nan,nan,nan
61.180,TRACKING,3.110002,-0.719210,-2.965612,0.599995,0.931261,2.545819,0.000009,28.298082,75.405712,29.400005,-8.744418,-1.016942,-0.000009,0.000000,0.000000,-173.366520,27.578872,72.440099,30.000000,-7.813157,1.528877,0.000000,0.000000,0.000000,168.928275,27.578872,72.440099,29.400000,-7.875491,1.576659,-0.000004,0.000000,0.000000,0.000000,-0.719210,-2.965612,0.599995,3.110002,0.931261,2.545819,0.000009,2.710801,nan,nan,nan,0,nan,nan,nan,0,nan,nan,nan,nan,nan,nan,nan,nan,nan,nan,nan,nan,nan,nan,nan,nan,nan,nan,nan,nan,nan,nan,nan,nan,nan,nan,nan,nan,nan,nan,nan,nan,nan,nan,nan,nan,nan,nan,nan,nan,nan,nan,nan,nan,nan,nan,nan,nan,nan,nan,nan,nan,nan,nan,nan,nan,nan,nan,nan,nan,nan,nan,nan,nan,nan,nan,nan,nan,nan,nan,nan,nan,nan,nan,nan,nan,nan,nan,nan,nan
61.240,TRACKING,2.973124,-0.664445,-2.835134,0.599996,1.095284,2.609576,0.000008,27.857660,75.348614,29.400004,-8.808441,-1.141942,-0.000008,0.000000,0.000000,-172.613270,27.193214,72.513481,30.000000,-7.713157,1.467634,0.000000,0.000000,0.000000,169.226734,27.193214,72.513481,29.400000,-7.977998,1.426659,-0.000003,0.000000,0.000000,0.000000,-0.664445,-2.835134,0.599996,2.973124,1.095284,2.609576,0.000008,2.830112,nan,nan,nan,0,nan,nan,nan,0,nan,nan,nan,nan,nan,nan,nan,nan,nan,nan,nan,nan,nan,nan,nan,nan,nan,nan,nan,nan,nan,nan,nan,nan,nan,nan,nan,nan,nan,nan,nan,nan,nan,nan,nan,nan,nan,nan,nan,nan,nan,nan,nan,nan,nan,nan,nan,nan,nan,nan,nan,nan,nan,nan,nan,nan,nan,nan,nan,nan,nan,nan,nan,nan,nan,nan,nan,nan,nan,nan,nan,nan,nan,nan,nan,nan,nan,nan,nan,nan
61.280,TRACKING,2.832906,-0.606337,-2.701429,0.599996,1.162174,2.674094,0.000008,27.418893,75.285267,29.400004,-8.775332,-1.266942,-0.000008,0.000000,0.000000,-171.784665,26.812557,72.583838,30.000000,-7.613157,1.407152,0.000000,0.000000,0.000000,169.528115,26.812557,72.583838,29.400000,-7.956125,1.326659,-0.000003,0.000000,0.000000,0.000000,-0.606337,-2.701429,0.599996,2.832906,1.162174,2.674094,0.000008,2.915721,nan,nan,nan,0,nan,nan,nan,0,nan,nan,nan,nan,nan,nan,nan,nan,nan,nan,nan,nan,nan,nan,nan,nan,nan,nan,nan,nan,nan,nan,nan,nan,nan,nan,nan,nan,nan,nan,nan,nan,nan,nan,nan,nan,nan,nan,nan,nan,nan,nan,nan,nan,nan,nan,nan,nan,nan,nan,nan,nan,nan,nan,nan,nan,nan,nan,nan,nan,nan,nan,nan,nan,nan,nan,nan,nan,nan,nan,nan,nan,nan,nan,nan,nan,nan,nan,nan,nan
61.340,TRACKING,2.690067,-0.547808,-2.564443,0.599997,1.170572,2.739710,0.000007,26.984707,75.215670,29.400003,-8.683729,-1.391942,-0.000007,0.000000,0.000000,-170.893347,26.436899,72.651227,30.000000,-7.513157,1.347768,0.000000,0.000000,0.000000,169.830011,26.436899,72.651227,29.400000,-7.912628,1.176659,-0.000003,0.000000,0.000000,0.000000,-0.547808,-2.564443,0.599997,2.690067,1.170572,2.739710,0.000007,2.979304,nan,nan,nan,0,nan,nan,nan,0,nan,nan,nan,nan,nan,nan,nan,nan,nan,nan,nan,nan,nan,nan,nan,nan,nan,nan,nan,nan,nan,nan,nan,nan,nan,nan,nan,nan,nan,nan,nan,nan,nan,nan,nan,nan,nan,nan,nan,nan,nan,nan,nan,nan,nan,nan,nan,nan,nan,nan,nan,nan,nan,nan,nan,nan,nan,nan,nan,nan,nan,nan,nan,nan,nan,nan,nan,nan,nan,nan,nan,nan,nan,nan,nan,nan,nan,nan,nan,nan
61.380,TRACKING,2.544874,-0.489966,-2.424113,0.599997,1.156840,2.806614,0.000006,26.556207,75.139823,29.400003,-8.569997,-1.516942,-0.000006,0.000000,0.000000,-169.962264,26.066241,72.715710,30.000000,-7.413157,1.289672,0.000000,0.000000,0.000000,170.130991,26.066241,72.715710,29.400000,-7.862628,1.076659,-0.000003,0.000000,0.000000,0.000000,-0.489966,-2.424113,0.599997,2.544874,1.156840,2.806614,0.000006,3.035681,nan,nan,nan,0,nan,nan,nan,0,nan,nan,nan,nan,nan,nan,nan,nan,nan,nan,nan,nan,nan,nan,nan,nan,nan,nan,nan,nan,nan,nan,nan,nan,nan,nan,nan,nan,nan,nan,nan,nan,nan,nan,nan,nan,nan,nan,nan,nan,nan,nan,nan,nan,nan,nan,nan,nan,nan,nan,nan,nan,nan,nan,nan,nan,nan,nan,nan,nan,nan,nan,nan,nan,nan,nan,nan,nan,nan,nan,nan,nan,nan,nan,nan,nan,nan,nan,nan,nan
61.440,TRACKING,2.397476,-0.433374,-2.280369,0.599997,1.131840,2.874879,0.000006,26.133957,75.057726,29.400003,-8.444997,-1.641942,-0.000006,0.000000,0.000000,-168.997378,25.700583,72.777357,30.000000,-7.313157,1.232937,0.000000,0.000000,0.000000,170.430402,25.700583,72.777357,29.400000,-7.805696,0.926659,-0.000002,0.000000,0.000000,0.000000,-0.433374,-2.280369,0.599997,2.397476,1.131840,2.874879,0.000006,3.089659,nan,nan,nan,0,nan,nan,nan,0,nan,nan,nan,nan,nan,nan,nan,nan,nan,nan,nan,nan,nan,nan,nan,nan,nan,nan,nan,nan,nan,nan,nan,nan,nan,nan,nan,nan,nan,nan,nan,nan,nan,nan,nan,nan,nan,nan,nan,nan,nan,nan,nan,nan,nan,nan,nan,nan,nan,nan,nan,nan,nan,nan,nan,nan,nan,nan,nan,nan,nan,nan,nan,nan,nan,nan,nan,nan,nan,nan,nan,nan,nan,nan,nan,nan,nan,nan,nan,nan
61.480,TRACKING,2.247932,-0.378032,-2.133141,0.599997,1.106840,2.944547,0.000005,25.717957,74.969379,29.400003,-8.319997,-1.766942,-0.000005,0.000000,0.000000,-168.010067,25.339925,72.836237,30.000000,-7.213157,1.177605,0.000000,0.000000,0.000000,170.727814,25.339925,72.836237,29.400000,-7.739191,0.826659,-0.000002,0.000000,0.000000,0.000000,-0.378032,-2.133141,0.599997,2.247932,1.106840,2.944547,0.000005,3.145704,nan,nan,nan,0,nan,nan,nan,0,nan,nan,nan,nan,nan,nan,nan,nan,nan,nan,nan,nan,nan,nan,nan,nan,nan,nan,nan,nan,nan,nan,nan,nan,nan,nan,nan,nan,nan,nan,nan,nan,nan,nan,nan,nan,nan,nan,nan,nan,nan,nan,nan,nan,nan,nan,nan,nan,nan,nan,nan,nan,nan,nan,nan,nan,nan,nan,nan,nan,nan,nan,nan,nan,nan,nan,nan,nan,nan,nan,nan,nan,nan,nan,nan,nan,nan,nan,nan,nan
61.540,TRACKING,2.099132,-0.323940,-1.985301,0.599998,1.081840,2.956803,0.000005,25.308207,74.877723,29.400002,-8.194997,-1.833111,-0.000005,0.000000,0.000000,-167.391265,24.984267,72.892422,30.000000,-7.113157,1.123693,0.000000,0.000000,0.000000,171.022952,24.984267,72.892422,29.400000,-7.641454,0.676659,-0.000002,0.000000,0.000000,0.000000,-0.323940,-1.985301,0.599998,2.099132,1.081840,2.956803,0.000005,3.148502,nan,nan,nan,0,nan,nan,nan,0,nan,nan,nan,nan,nan,nan,nan,nan,nan,nan,nan,nan,nan,nan,nan,nan,nan,nan,nan,nan,nan,nan,nan,nan,nan,nan,nan,nan,nan,nan,nan,nan,nan,nan,nan,nan,nan,nan,nan,nan,nan,nan,nan,nan,nan,nan,nan,nan,nan,nan,nan,nan,nan,nan,nan,nan,nan,nan,nan,nan,nan,nan,nan,nan,nan,nan,nan,nan,nan,nan,nan,nan,nan,nan,nan,nan,nan,nan,nan,nan
61.580,TRACKING,1.957949,-0.271098,-1.843928,0.599998,1.056840,2.827464,0.000004,24.904707,74.789938,29.400002,-8.069997,-1.755703,-0.000004,0.000000,0.000000,-167.726038,24.633609,72.946010,30.000000,-7.013157,1.071762,0.000000,0.000000,0.000000,171.311195,24.633609,72.946010,29.400000,-7.541454,0.576659,-0.000002,0.000000,0.000000,0.000000,-0.271098,-1.843928,0.599998,1.957949,1.056840,2.827464,0.000004,3.018520,nan,nan,nan,0,nan,nan,nan,0,nan,nan,nan,nan,nan,nan,nan,nan,nan,nan,nan,nan,nan,nan,nan,nan,nan,nan,nan,nan,nan,nan,nan,nan,nan,nan,nan,nan,nan,nan,nan,nan,nan,nan,nan,nan,nan,nan,nan,nan,nan,nan,nan,nan,nan,nan,nan,nan,nan,nan,nan,nan,nan,nan,nan,nan,nan,nan,nan,nan,nan,nan,nan,nan,nan,nan,nan,nan,nan,nan,nan,nan,nan,nan,nan,nan,nan,nan,nan,nan
61.640,TRACKING,1.821311,-0.219506,-1.705577,0.599998,1.031840,2.767028,0.000004,24.507457,74.703135,29.400002,-7.944997,-1.736055,-0.000004,0.000000,0.000000,-167.674082,24.287951,72.997559,30.000000,-6.913157,1.030973,0.000000,0.000000,0.000000,171.517878,24.287951,72.997559,29.400000,-7.391454,0.426659,-0.000002,0.000000,0.000000,0.000000,-0.219506,-1.705577,0.599998,1.821311,1.031840,2.767028,0.000004,2.953157,nan,nan,nan,0,nan,nan,nan,0,nan,nan,nan,nan,nan,nan,nan,nan,nan,nan,nan,nan,nan,nan,nan,nan,nan,nan,nan,nan,nan,nan,nan,nan,nan,nan,nan,nan,nan,nan,nan,nan,nan,nan,nan,nan,nan,nan,nan,nan,nan,nan,nan,nan,nan,nan,nan,nan,nan,nan,nan,nan,nan,nan,nan,nan,nan,nan,nan,nan,nan,nan,nan,nan,nan,nan,nan,nan,nan,nan,nan,nan,nan,nan,nan,nan,nan,nan,nan,nan
61.680,DOCKING,1.690724,-0.169164,-1.571603,0.599998,1.006840,2.679482,0.000003,24.116458,74.619634,29.400002,-7.819997,-1.670033,-0.000003,0.000000,0.000000,-167.945043,23.947294,73.048031,30.000000,-6.813157,1.009448,0.000000,0.000000,0.000000,171.572276,23.256314,72.847966,29.237830,-7.291454,0.426659,-0.050002,0.000000,0.000000,0.000000,-0.169164,-1.571603,0.599998,1.690724,1.006840,2.679482,0.000003,2.862403,nan,nan,nan,0,nan,nan,nan,0,nan,nan,nan,nan,nan,nan,nan,nan,nan,nan,nan,nan,nan,nan,nan,nan,nan,nan,nan,nan,nan,nan,nan,nan,nan,nan,nan,nan,nan,nan,nan,nan,nan,nan,nan,nan,nan,nan,nan,nan,nan,nan,nan,nan,nan,nan,nan,nan,nan,nan,nan,nan,nan,nan,nan,nan,nan,nan,nan,nan,nan,nan,nan,nan,nan,nan,nan,nan,nan,nan,nan,nan,nan,nan,nan,nan,nan,nan,nan,nan
61.740,DOCKING,1.568190,-0.107572,-1.442259,0.606248,1.231840,2.586875,0.125003,23.719208,74.539667,29.393752,-7.944997,-1.599342,-0.125003,0.000000,0.000000,-168.618368,23.611636,73.097408,30.000000,-6.713157,0.987533,0.000000,0.000000,0.000000,171.631572,23.051228,72.898490,29.241066,-7.141454,0.576659,-0.073775,0.000000,0.000000,0.000000,-0.107572,-1.442259,0.606248,1.568190,1.231840,2.586875,0.125003,2.867923,nan,nan,nan,0,nan,nan,nan,0,nan,nan,nan,nan,nan,nan,nan,nan,nan,nan,nan,nan,nan,nan,nan,nan,nan,nan,nan,nan,nan,nan,nan,nan,nan,nan,nan,nan,nan,nan,nan,nan,nan,nan,nan,nan,nan,nan,nan,nan,nan,nan,nan,nan,nan,nan,nan,nan,nan,nan,nan,nan,nan,nan,nan,nan,nan,nan,nan,nan,nan,nan,nan,nan,nan,nan,nan,nan,nan,nan,nan,nan,nan,nan,nan,nan,nan,nan,nan,nan
61.780,DOCKING,1.457170,-0.043578,-1.320278,0.615071,1.279872,2.439621,0.176460,23.324556,74.465950,29.384929,-7.893029,-1.474342,-0.176460,0.000000,0.000000,-169.419626,23.280978,73.145672,30.000000,-6.613157,0.965278,0.000000,0.000000,0.000000,171.695562,22.832411,72.948499,29.244965,-7.041454,0.676659,0.026225,0.000000,0.000000,0.000000,-0.043578,-1.320278,0.615071,1.457170,1.279872,2.439621,0.176460,2.760608,nan,nan,nan,0,nan,nan,nan,0,nan,nan,nan,nan,nan,nan,nan,nan,nan,nan,nan,nan,nan,nan,nan,nan,nan,nan,nan,nan,nan,nan,nan,nan,nan,nan,nan,nan,nan,nan,nan,nan,nan,nan,nan,nan,nan,nan,nan,nan,nan,nan,nan,nan,nan,nan,nan,nan,nan,nan,nan,nan,nan,nan,nan,nan,nan,nan,nan,nan,nan,nan,nan,nan,nan,nan,nan,nan,nan,nan,nan,nan,nan,nan,nan,nan,nan,nan,nan,nan
61.840,DOCKING,1.354794,0.018207,-1.205674,0.617644,1.235705,2.292075,0.051460,22.936155,74.398482,29.382356,-7.768029,-1.349342,-0.051460,0.000000,0.000000,-170.145788,22.954362,73.192808,30.000000,-6.532324,0.942733,0.000000,0.000000,0.000000,171.787879,22.167601,73.306352,29.750000,-6.891454,0.826659,0.160112,0.000000,0.000000,0.000000,0.018207,-1.205674,0.617644,1.354794,1.235705,2.292075,0.051460,2.604462,nan,nan,nan,0,nan,nan,nan,0,nan,nan,nan,nan,nan,nan,nan,nan,nan,nan,nan,nan,nan,nan,nan,nan,nan,nan,nan,nan,nan,nan,nan,nan,nan,nan,nan,nan,nan,nan,nan,nan,nan,nan,nan,nan,nan,nan,nan,nan,nan,nan,nan,nan,nan,nan,nan,nan,nan,nan,nan,nan,nan,nan,nan,nan,nan,nan,nan,nan,nan,nan,nan,nan,nan,nan,nan,nan,nan,nan,nan,nan,nan,nan,nan,nan,nan,nan,nan,nan
61.881,DOCKING,1.260915,0.079614,-1.098459,0.613967,1.228148,2.144301,-0.073540,22.547969,74.337265,29.386033,-7.763718,-1.224342,0.073540,0.000000,0.000000,-171.038233,22.627583,73.238806,30.000000,-6.535570,0.919959,0.000000,0.000000,0.000000,171.987586,21.826227,73.351607,29.750000,-6.791454,0.926659,0.146908,0.000000,0.000000,0.000000,0.079614,-1.098459,0.613967,1.260915,1.228148,2.144301,-0.073540,2.472202,nan,nan,nan,0,nan,nan,nan,0,nan,nan,nan,nan,nan,nan,nan,nan,nan,nan,nan,nan,nan,nan,nan,nan,nan,nan,nan,nan,nan,nan,nan,nan,nan,nan,nan,nan,nan,nan,nan,nan,nan,nan,nan,nan,nan,nan,nan,nan,nan,nan,nan,nan,nan,nan,nan,nan,nan,nan,nan,nan,nan,nan,nan,nan,nan,nan,nan,nan,nan,nan,nan,nan,nan,nan,nan,nan,nan,nan,nan,nan,nan,nan,nan,nan,nan,nan,nan,nan
61.940,DOCKING,1.173892,0.134772,-0.997494,0.604040,1.103148,2.019301,-0.198540,22.166033,74.282298,29.395960,-7.638718,-1.099342,0.198540,0.000000,0.000000,-171.810391,22.300805,73.284804,30.000000,-6.535570,0.919959,0.000000,0.000000,0.000000,171.987586,21.484338,73.399732,29.750000,-6.641454,1.041716,0.120041,0.000000,0.000000,0.000000,0.134772,-0.997494,0.604040,1.173892,1.103148,2.019301,-0.198540,2.309530,nan,nan,nan,0,nan,nan,nan,0,nan,nan,nan,nan,nan,nan,nan,nan,nan,nan,nan,nan,nan,nan,nan,nan,nan,nan,nan,nan,nan,nan,nan,nan,nan,nan,nan,nan,nan,nan,nan,nan,nan,nan,nan,nan,nan,nan,nan,nan,nan,nan,nan,nan,nan,nan,nan,nan,nan,nan,nan,nan,nan,nan,nan,nan,nan,nan,nan,nan,nan,nan,nan,nan,nan,nan,nan,nan,nan,nan,nan,nan,nan,nan,nan,nan,nan,nan,nan,nan
61.980,DOCKING,1.092855,0.183679,-0.902779,0.587863,0.978148,1.894301,-0.323540,21.790347,74.233581,29.412137,-7.513718,-0.974342,0.323540,0.000000,0.000000,-172.611395,21.974026,73.330802,30.000000,-6.535570,0.919959,0.000000,0.000000,0.000000,171.987586,21.145831,73.447380,29.750000,-6.557308,1.044201,0.090423,0.000000,0.000000,0.000000,0.183679,-0.902779,0.587863,1.092855,0.978148,1.894301,-0.323540,2.156346,nan,nan,nan,0,nan,nan,nan,0,nan,nan,nan,nan,nan,nan,nan,nan,nan,nan,nan,nan,nan,nan,nan,nan,nan,nan,nan,nan,nan,nan,nan,nan,nan,nan,nan,nan,nan,nan,nan,nan,nan,nan,nan,nan,nan,nan,nan,nan,nan,nan,nan,nan,nan,nan,nan,nan,nan,nan,nan,nan,nan,nan,nan,nan,nan,nan,nan,nan,nan,nan,nan,nan,nan,nan,nan,nan,nan,nan,nan,nan,nan,nan,nan,nan,nan,nan,nan,nan
62.040,DOCKING,1.017448,0.226336,-0.814314,0.566449,0.853148,1.769301,-0.428286,21.420911,74.191114,29.433551,-7.388718,-0.849342,0.428286,0.000000,0.000000,-173.442563,21.647248,73.376800,30.000000,-6.535570,0.919959,0.000000,0.000000,0.000000,171.987586,20.810780,73.494543,29.750000,-6.575725,1.046794,0.062146,0.000000,0.000000,0.000000,0.226336,-0.814314,0.566449,1.017448,0.853148,1.769301,-0.428286,2.010402,nan,nan,nan,0,nan,nan,nan,0,nan,nan,nan,nan,nan,nan,nan,nan,nan,nan,nan,nan,nan,nan,nan,nan,nan,nan,nan,nan,nan,nan,nan,nan,nan,nan,nan,nan,nan,nan,nan,nan,nan,nan,nan,nan,nan,nan,nan,nan,nan,nan,nan,nan,nan,nan,nan,nan,nan,nan,nan,nan,nan,nan,nan,nan,nan,nan,nan,nan,nan,nan,nan,nan,nan,nan,nan,nan,nan,nan,nan,nan,nan,nan,nan,nan,nan,nan,nan,nan
62.080,DOCKING,0.952314,0.266249,-0.732281,0.547519,0.798244,1.640650,-0.378595,21.055517,74.154897,29.452481,-7.307882,-0.724342,0.378595,0.000000,0.000000,-174.339451,21.321766,73.422616,30.000000,-6.509638,0.916308,0.000000,0.000000,0.000000,171.987586,20.476012,73.541665,29.750000,-6.551392,1.043369,0.062761,0.000000,0.000000,0.000000,0.266249,-0.732281,0.547519,0.952314,0.798244,1.640650,-0.378595,1.863401,nan,nan,nan,0,nan,nan,nan,0,nan,nan,nan,nan,nan,nan,nan,nan,nan,nan,nan,nan,nan,nan,nan,nan,nan,nan,nan,nan,nan,nan,nan,nan,nan,nan,nan,nan,nan,nan,nan,nan,nan,nan,nan,nan,nan,nan,nan,nan,nan,nan,nan,nan,nan,nan,nan,nan,nan,nan,nan,nan,nan,nan,nan,nan,nan,nan,nan,nan,nan,nan,nan,nan,nan,nan,nan,nan,nan,nan,nan,nan,nan,nan,nan,nan,nan,nan,nan,nan
62.140,DOCKING,0.897810,0.306658,-0.656999,0.529505,0.808193,1.505652,-0.360281,20.693177,74.124930,29.470495,-7.246798,-0.599342,0.360281,0.000000,0.000000,-175.272147,20.999835,73.467931,30.000000,-6.438605,0.906310,0.000000,0.000000,0.000000,171.987586,20.140306,73.588920,29.750000,-6.501392,1.031417,0.058132,0.000000,0.000000,0.000000,0.306658,-0.656999,0.529505,0.897810,0.808193,1.505652,-0.360281,1.746415,nan,nan,nan,0,nan,nan,nan,0,nan,nan,nan,nan,nan,nan,nan,nan,nan,nan,nan,nan,nan,nan,nan,nan,nan,nan,nan,nan,nan,nan,nan,nan,nan,nan,nan,nan,nan,nan,nan,nan,nan,nan,nan,nan,nan,nan,nan,nan,nan,nan,nan,nan,nan,nan,nan,nan,nan,nan,nan,nan,nan,nan,nan,nan,nan,nan,nan,nan,nan,nan,nan,nan,nan,nan,nan,nan,nan,nan,nan,nan,nan,nan,nan,nan,nan,nan,nan,nan
62.180,DOCKING,0.853386,0.345153,-0.588519,0.512623,0.769885,1.369594,-0.337637,20.336681,74.101213,29.487377,-7.129932,-0.474342,0.337637,0.000000,0.000000,-176.193820,20.681833,73.512694,30.000000,-6.360046,0.895252,0.000000,0.000000,0.000000,171.987586,19.806515,73.635905,29.750000,-6.416486,1.020307,0.054780,0.000000,0.000000,0.000000,0.345153,-0.588519,0.512623,0.853386,0.769885,1.369594,-0.337637,1.607019,nan,nan,nan,0,nan,nan,nan,0,nan,nan,nan,nan,nan,nan,nan,nan,nan,nan,nan,nan,nan,nan,nan,nan,nan,nan,nan,nan,nan,nan,nan,nan,nan,nan,nan,nan,nan,nan,nan,nan,nan,nan,nan,nan,nan,nan,nan,nan,nan,nan,nan,nan,nan,nan,nan,nan,nan,nan,nan,nan,nan,nan,nan,nan,nan,nan,nan,nan,nan,nan,nan,nan,nan,nan,nan,nan,nan,nan,nan,nan,nan,nan,nan,nan,nan,nan,nan,nan
62.240,DOCKING,0.818889,0.382403,-0.526862,0.496753,0.745013,1.233149,-0.317403,19.985493,74.083746,29.503247,-7.023757,-0.349342,0.317403,0.000000,0.000000,-177.152614,20.367896,73.556884,30.000000,-6.278744,0.883807,0.000000,0.000000,0.000000,171.987586,19.474099,73.682696,29.750000,-6.337558,1.008502,0.051439,0.000000,0.000000,0.000000,0.382403,-0.526862,0.496753,0.818889,0.745013,1.233149,-0.317403,1.475278,nan,nan,nan,0,nan,nan,nan,0,nan,nan,nan,nan,nan,nan,nan,nan,nan,nan,nan,nan,nan,nan,nan,nan,nan,nan,nan,nan,nan,nan,nan,nan,nan,nan,nan,nan,nan,nan,nan,nan,nan,nan,nan,nan,nan,nan,nan,nan,nan,nan,nan,nan,nan,nan,nan,nan,nan,nan,nan,nan,nan,nan,nan,nan,nan,nan,nan,nan,nan,nan,nan,nan,nan,nan,nan,nan,nan,nan,nan,nan,nan,nan,nan,nan,nan,nan,nan,nan
62.280,DOCKING,0.793689,0.418298,-0.472012,0.481844,0.717896,1.096991,-0.298192,19.639624,74.072529,29.518156,-6.917368,-0.224342,0.298192,0.000000,0.000000,-178.142451,20.057922,73.600516,30.000000,-6.199472,0.872649,0.000000,0.000000,0.000000,171.987586,19.143213,73.729273,29.750000,-6.253695,0.997232,0.048337,0.000000,0.000000,0.000000,0.418298,-0.472012,0.481844,0.793689,0.717896,1.096991,-0.298192,1.344501,nan,nan,nan,0,nan,nan,nan,0,nan,nan,nan,nan,nan,nan,nan,nan,nan,nan,nan,nan,nan,nan,nan,nan,nan,nan,nan,nan,nan,nan,nan,nan,nan,nan,nan,nan,nan,nan,nan,nan,nan,nan,nan,nan,nan,nan,nan,nan,nan,nan,nan,nan,nan,nan,nan,nan,nan,nan,nan,nan,nan,nan,nan,nan,nan,nan,nan,nan,nan,nan,nan,nan,nan,nan,nan,nan,nan,nan,nan,nan,nan,nan,nan,nan,nan,nan,nan,nan
62.340,DOCKING,0.777011,0.452948,-0.423927,0.467835,0.692997,0.961695,-0.280180,19.298658,74.067561,29.532165,-6.819323,-0.099342,0.280180,0.000000,0.000000,-179.165390,19.751606,73.643634,30.000000,-6.126327,0.862353,0.000000,0.000000,0.000000,171.987586,18.813660,73.775661,29.750000,-6.173629,0.986904,0.045415,0.000000,0.000000,0.000000,0.452948,-0.423927,0.467835,0.777011,0.692997,0.961695,-0.280180,1.218032,nan,nan,nan,0,nan,nan,nan,0,nan,nan,nan,nan,nan,nan,nan,nan,nan,nan,nan,nan,nan,nan,nan,nan,nan,nan,nan,nan,nan,nan,nan,nan,nan,nan,nan,nan,nan,nan,nan,nan,nan,nan,nan,nan,nan,nan,nan,nan,nan,nan,nan,nan,nan,nan,nan,nan,nan,nan,nan,nan,nan,nan,nan,nan,nan,nan,nan,nan,nan,nan,nan,nan,nan,nan,nan,nan,nan,nan,nan,nan,nan,nan,nan,nan,nan,nan,nan,nan
62.380,DOCKING,0.767909,0.486435,-0.382542,0.454672,0.669746,0.827711,-0.263249,18.962046,74.068844,29.545328,-6.732251,0.025658,0.263249,0.000000,0.000000,179.781635,19.448481,73.686302,30.000000,-6.062505,0.853369,0.000000,0.000000,0.000000,171.987586,18.485192,73.821897,29.750000,-6.100253,0.977972,0.042671,0.000000,0.000000,0.000000,0.486435,-0.382542,0.454672,0.767909,0.669746,0.827711,-0.263249,1.096798,nan,nan,nan,0,nan,nan,nan,0,nan,nan,nan,nan,nan,nan,nan,nan,nan,nan,nan,nan,nan,nan,nan,nan,nan,nan,nan,nan,nan,nan,nan,nan,nan,nan,nan,nan,nan,nan,nan,nan,nan,nan,nan,nan,nan,nan,nan,nan,nan,nan,nan,nan,nan,nan,nan,nan,nan,nan,nan,nan,nan,nan,nan,nan,nan,nan,nan,nan,nan,nan,nan,nan,nan,nan,nan,nan,nan,nan,nan,nan,nan,nan,nan,nan,nan,nan,nan,nan
62.440,DOCKING,0.765388,0.518881,-0.347775,0.442305,0.648918,0.695336,-0.247343,18.629094,74.076377,29.557695,-6.659027,0.150658,0.247343,0.000000,0.000000,178.703926,19.147975,73.728602,30.000000,-6.010109,0.845994,0.000000,0.000000,0.000000,171.987586,18.157450,73.868030,29.750000,-6.036803,0.968451,0.040092,0.000000,0.000000,0.000000,0.518881,-0.347775,0.442305,0.765388,0.648918,0.695336,-0.247343,0.982733,nan,nan,nan,0,nan,nan,nan,0,nan,nan,nan,nan,nan,nan,nan,nan,nan,nan,nan,nan,nan,nan,nan,nan,nan,nan,nan,nan,nan,nan,nan,nan,nan,nan,nan,nan,nan,nan,nan,nan,nan,nan,nan,nan,nan,nan,nan,nan,nan,nan,nan,nan,nan,nan,nan,nan,nan,nan,nan,nan,nan,nan,nan,nan,nan,nan,nan,nan,nan,nan,nan,nan,nan,nan,nan,nan,nan,nan,nan,nan,nan,nan,nan,nan,nan,nan,nan,nan
62.480,DOCKING,0.768490,0.550438,-0.319539,0.430685,0.631131,0.564720,-0.232398,18.299027,74.090160,29.569315,-6.601348,0.275658,0.232398,0.000000,0.000000,177.608842,18.849465,73.770621,30.000000,-5.970217,0.840378,0.000000,0.000000,0.000000,171.987586,18.168456,73.836619,59.702539,-5.985375,0.918451,-0.009908,0.000000,0.000000,0.000000,0.550438,-0.319539,0.430685,0.768490,0.631131,0.564720,-0.232398,0.878205,nan,nan,nan,0,nan,nan,nan,0,nan,nan,nan,nan,nan,nan,nan,nan,nan,nan,nan,nan,nan,nan,nan,nan,nan,nan,nan,nan,nan,nan,nan,nan,nan,nan,nan,nan,nan,nan,nan,nan,nan,nan,nan,nan,nan,nan,nan,nan,nan,nan,nan,nan,nan,nan,nan,nan,nan,nan,nan,nan,nan,nan,nan,nan,nan,nan,nan,nan,nan,nan,nan,nan,nan,nan,nan,nan,nan,nan,nan,nan,nan,nan,nan,nan,nan,nan,nan,nan
62.540,DOCKING,0.776268,0.577102,-0.297744,0.425315,0.533289,0.435898,-0.107398,17.975209,74.110193,29.574685,-6.476348,0.400658,0.107398,0.000000,0.000000,176.459920,18.552312,73.812449,30.000000,-5.943059,0.836556,0.000000,0.000000,0.000000,171.987586,18.583474,73.731562,29.697954,-5.835375,1.001513,-0.059908,0.000000,0.000000,0.000000,0.577102,-0.297744,0.425315,0.776268,0.533289,0.435898,-0.107398,0.697093,nan,nan,nan,0,nan,nan,nan,0,nan,nan,nan,nan,nan,nan,nan,nan,nan,nan,nan,nan,nan,nan,nan,nan,nan,nan,nan,nan,nan,nan,nan,nan,nan,nan,nan,nan,nan,nan,nan,nan,nan,nan,nan,nan,nan,nan,nan,nan,nan,nan,nan,nan,nan,nan,nan,nan,nan,nan,nan,nan,nan,nan,nan,nan,nan,nan,nan,nan,nan,nan,nan,nan,nan,nan,nan,nan,nan,nan,nan,nan,nan,nan,nan,nan,nan,nan,nan,nan
62.580,DOCKING,0.783961,0.598298,-0.282309,0.420637,0.423928,0.308696,-0.093560,17.657642,74.136476,29.579363,-6.351348,0.525658,0.093560,0.000000,0.000000,175.268800,18.255941,73.854167,30.000000,-5.927420,0.834354,0.000000,0.000000,0.000000,171.987586,18.133365,73.801260,29.693664,-5.735375,1.037505,-0.019856,0.000000,0.000000,0.000000,0.598298,-0.282309,0.420637,0.783961,0.423928,0.308696,-0.093560,0.532693,nan,nan,nan,0,nan,nan,nan,0,nan,nan,nan,nan,nan,nan,nan,nan,nan,nan,nan,nan,nan,nan,nan,nan,nan,nan,nan,nan,nan,nan,nan,nan,nan,nan,nan,nan,nan,nan,nan,nan,nan,nan,nan,nan,nan,nan,nan,nan,nan,nan,nan,nan,nan,nan,nan,nan,nan,nan,nan,nan,nan,nan,nan,nan,nan,nan,nan,nan,nan,nan,nan,nan,nan,nan,nan,nan,nan,nan,nan,nan,nan,nan,nan,nan,nan,nan,nan,nan
62.640,DOCKING,0.789795,0.613661,-0.272415,0.415917,0.307253,0.197894,-0.094410,17.346325,74.168240,29.584083,-6.226348,0.635289,0.094410,0.000000,0.000000,174.174138,17.959986,73.895826,30.000000,-5.919096,0.833182,0.000000,0.000000,0.000000,171.987586,17.835276,73.847365,29.689984,-5.699614,0.987548,-0.028186,0.000000,0.000000,0.000000,0.613661,-0.272415,0.415917,0.789795,0.307253,0.197894,-0.094410,0.377464,nan,nan,nan,0,nan,nan,nan,0,nan,nan,nan,nan,nan,nan,nan,nan,nan,nan,nan,nan,nan,nan,nan,nan,nan,nan,nan,nan,nan,nan,nan,nan,nan,nan,nan,nan,nan,nan,nan,nan,nan,nan,nan,nan,nan,nan,nan,nan,nan,nan,nan,nan,nan,nan,nan,nan,nan,nan,nan,nan,nan,nan,nan,nan,nan,nan,nan,nan,nan,nan,nan,nan,nan,nan,nan,nan,nan,nan,nan,nan,nan,nan,nan,nan,nan,nan,nan,nan
62.680,DOCKING,0.790341,0.622971,-0.258408,0.412032,0.186207,0.280128,-0.077699,17.041257,74.195865,29.587968,-6.101348,0.552498,0.077699,0.000000,0.000000,174.825783,17.664229,73.937457,30.000000,-5.915141,0.832626,0.000000,0.000000,0.000000,171.987586,17.540283,73.894308,29.688366,-5.728490,0.987548,-0.011682,0.000000,0.000000,0.000000,0.622971,-0.258408,0.412032,0.790341,0.186207,0.280128,-0.077699,0.345227,nan,nan,nan,0,nan,nan,nan,0,nan,nan,nan,nan,nan,nan,nan,nan,nan,nan,nan,nan,nan,nan,nan,nan,nan,nan,nan,nan,nan,nan,nan,nan,nan,nan,nan,nan,nan,nan,nan,nan,nan,nan,nan,nan,nan,nan,nan,nan,nan,nan,nan,nan,nan,nan,nan,nan,nan,nan,nan,nan,nan,nan,nan,nan,nan,nan,nan,nan,nan,nan,nan,nan,nan,nan,nan,nan,nan,nan,nan,nan,nan,nan,nan,nan,nan,nan,nan,nan
62.740,COMPLETED,0.787974,0.626728,-0.248958,0.407598,0.075126,0.189011,-0.088685,16.742440,74.227948,29.592402,-5.976348,0.641656,0.088685,0.000000,0.000000,173.871864,17.369168,73.978990,30.000000,-5.901222,0.830667,0.000000,0.000000,0.000000,171.987586,17.247577,73.939081,29.687510,-5.759334,0.953525,-0.030165,0.000000,0.000000,0.000000,0.626728,-0.248958,0.407598,0.787974,0.075126,0.189011,-0.088685,0.221888,nan,nan,nan,0,nan,nan,nan,0,nan,nan,nan,nan,nan,nan,nan,nan,nan,nan,nan,nan,nan,nan,nan,nan,nan,nan,nan,nan,nan,nan,nan,nan,nan,nan,nan,nan,nan,nan,nan,nan,nan,nan,nan,nan,nan,nan,nan,nan,nan,nan,nan,nan,nan,nan,nan,nan,nan,nan,nan,nan,nan,nan,nan,nan,nan,nan,nan,nan,nan,nan,nan,nan,nan,nan,nan,nan,nan,nan,nan,nan,nan,nan,nan,nan,nan,nan,nan,nan
62.780,COMPLETED,0.200000,0.000000,0.000000,0.200000,0.000000,0.000000,0.000000,16.449872,74.256212,29.595649,-5.851348,0.565276,0.064928,0.000000,0.000000,174.481998,16.449872,74.256212,29.795649,-5.851348,0.565276,0.064928,0.000000,0.000000,174.481998,16.449872,74.256212,29.535510,-5.809494,0.861917,0.000000,0.000000,0.000000,0.000000,0.000000,0.000000,0.200000,0.200000,0.000000,0.000000,0.000000,0.000000,nan,nan,nan,0,nan,nan,nan,0,nan,nan,nan,nan,nan,nan,nan,nan,nan,nan,nan,nan,nan,nan,nan,nan,nan,nan,nan,nan,nan,nan,nan,nan,nan,nan,nan,nan,nan,nan,nan,nan,nan,nan,nan,nan,nan,nan,nan,nan,nan,nan,nan,nan,nan,nan,nan,nan,nan,nan,nan,nan,nan,nan,nan,nan,nan,nan,nan,nan,nan,nan,nan,nan,nan,nan,nan,nan,nan,nan,nan,nan,nan,nan,nan,nan,nan,nan,nan,nan
62.840,COMPLETED,0.200000,0.000000,0.000000,0.200000,0.000000,0.000000,0.000000,16.157061,74.290726,29.592645,-5.856233,0.690276,-0.060072,0.000000,0.000000,173.277543,16.157061,74.290726,29.792645,-5.856233,0.690276,-0.060072,0.000000,0.000000,173.277543,16.157061,74.290726,29.532506,-5.861240,0.711917,-0.050000,0.000000,0.000000,0.000000,0.000000,0.000000,0.200000,0.200000,0.000000,0.000000,0.000000,0.000000,nan,nan,nan,0,nan,nan,nan,0,nan,nan,nan,nan,nan,nan,nan,nan,nan,nan,nan,nan,nan,nan,nan,nan,nan,nan,nan,nan,nan,nan,nan,nan,nan,nan,nan,nan,nan,nan,nan,nan,nan,nan,nan,nan,nan,nan,nan,nan,nan,nan,nan,nan,nan,nan,nan,nan,nan,nan,nan,nan,nan,nan,nan,nan,nan,nan,nan,nan,nan,nan,nan,nan,nan,nan,nan,nan,nan,nan,nan,nan,nan,nan,nan,nan,nan,nan,nan,nan
62.880,COMPLETED,0.200000,0.000000,0.000000,0.200000,0.000000,0.000000,0.000000,15.863999,74.325269,29.584638,-5.861240,0.690867,-0.160139,0.000000,0.000000,173.277543,15.863999,74.325269,29.784638,-5.861240,0.690867,-0.160139,0.000000,0.000000,173.277543,15.863999,74.325269,29.524499,-5.866247,0.691457,-0.150000,0.000000,0.000000,0.000000,0.000000,0.000000,0.200000,0.200000,0.000000,0.000000,0.000000,0.000000,nan,nan,nan,0,nan,nan,nan,0,nan,nan,nan,nan,nan,nan,nan,nan,nan,nan,nan,nan,nan,nan,nan,nan,nan,nan,nan,nan,nan,nan,nan,nan,nan,nan,nan,nan,nan,nan,nan,nan,nan,nan,nan,nan,nan,nan,nan,nan,nan,nan,nan,nan,nan,nan,nan,nan,nan,nan,nan,nan,nan,nan,nan,nan,nan,nan,nan,nan,nan,nan,nan,nan,nan,nan,nan,nan,nan,nan,nan,nan,nan,nan,nan,nan,nan,nan,nan,nan
62.940,COMPLETED,0.200000,0.000000,0.000000,0.200000,0.000000,0.000000,0.000000,15.570686,74.359842,29.570546,-5.866247,0.691457,-0.281846,0.000000,0.000000,173.277543,15.570686,74.359842,29.770546,-5.866247,0.691457,-0.281846,0.000000,0.000000,173.277543,15.570686,74.359842,29.510407,-5.871254,0.692047,-0.271707,0.000000,0.000000,0.000000,0.000000,0.000000,0.200000,0.200000,0.000000,0.000000,0.000000,0.000000,nan,nan,nan,0,nan,nan,nan,0,nan,nan,nan,nan,nan,nan,nan,nan,nan,nan,nan,nan,nan,nan,nan,nan,nan,nan,nan,nan,nan,nan,nan,nan,nan,nan,nan,nan,nan,nan,nan,nan,nan,nan,nan,nan,nan,nan,nan,nan,nan,nan,nan,nan,nan,nan,nan,nan,nan,nan,nan,nan,nan,nan,nan,nan,nan,nan,nan,nan,nan,nan,nan,nan,nan,nan,nan,nan,nan,nan,nan,nan,nan,nan,nan,nan,nan,nan,nan,nan
62.980,COMPLETED,0.200000,0.000000,0.000000,0.200000,0.000000,0.000000,0.000000,15.277124,74.394444,29.551454,-5.871254,0.692047,-0.381846,0.000000,0.000000,173.277543,15.277124,74.394444,29.751454,-5.871254,0.692047,-0.381846,0.000000,0.000000,173.277543,15.277124,74.394444,29.491315,-5.876262,0.692637,-0.371707,0.000000,0.000000,0.000000,0.000000,0.000000,0.200000,0.200000,0.000000,0.000000,0.000000,0.000000,nan,nan,nan,0,nan,nan,nan,0,nan,nan,nan,nan,nan,nan,nan,nan,nan,nan,nan,nan,nan,nan,nan,nan,nan,nan,nan,nan,nan,nan,nan,nan,nan,nan,nan,nan,nan,nan,nan,nan,nan,nan,nan,nan,nan,nan,nan,nan,nan,nan,nan,nan,nan,nan,nan,nan,nan,nan,nan,nan,nan,nan,nan,nan,nan,nan,nan,nan,nan,nan,nan,nan,nan,nan,nan,nan,nan,nan,nan,nan,nan,nan,nan,nan,nan,nan,nan,nan
63.040,COMPLETED,0.200000,0.000000,0.000000,0.200000,0.000000,0.000000,0.000000,14.983311,74.429076,29.526277,-5.876262,0.692637,-0.503528,0.000000,0.000000,173.277543,14.983311,74.429076,29.726277,-5.876262,0.692637,-0.503528,0.000000,0.000000,173.277543,14.983311,74.429076,29.466138,-5.881269,0.693227,-0.493389,0.000000,0.000000,0.000000,0.000000,0.000000,0.200000,0.200000,0.000000,0.000000,0.000000,0.000000,nan,nan,nan,0,nan,nan,nan,0,nan,nan,nan,nan,nan,nan,nan,nan,nan,nan,nan,nan,nan,nan,nan,nan,nan,nan,nan,nan,nan,nan,nan,nan,nan,nan,nan,nan,nan,nan,nan,nan,nan,nan,nan,nan,nan,nan,nan,nan,nan,nan,nan,nan,nan,nan,nan,nan,nan,nan,nan,nan,nan,nan,nan,nan,nan,nan,nan,nan,nan,nan,nan,nan,nan,nan,nan,nan,nan,nan,nan,nan,nan,nan,nan,nan,nan,nan,nan,nan
63.080,COMPLETED,0.200000,0.000000,0.000000,0.200000,0.000000,0.000000,0.000000,14.689247,74.463737,29.496101,-5.881269,0.693227,-0.603528,0.000000,0.000000,173.277543,14.689247,74.463737,29.696101,-5.881269,0.693227,-0.603528,0.000000,0.000000,173.277543,14.689247,74.463737,29.435962,-5.886276,0.693818,-0.593389,0.000000,0.000000,0.000000,0.000000,0.000000,0.200000,0.200000,0.000000,0.000000,0.000000,0.000000,nan,nan,nan,0,nan,nan,nan,0,nan,nan,nan,nan,nan,nan,nan,nan,nan,nan,nan,nan,nan,nan,nan,nan,nan,nan,nan,nan,nan,nan,nan,nan,nan,nan,nan,nan,nan,nan,nan,nan,nan,nan,nan,nan,nan,nan,nan,nan,nan,nan,nan,nan,nan,nan,nan,nan,nan,nan,nan,nan,nan,nan,nan,nan,nan,nan,nan,nan,nan,nan,nan,nan,nan,nan,nan,nan,nan,nan,nan,nan,nan,nan,nan,nan,nan,nan,nan,nan
63.140,COMPLETED,0.200000,0.000000,0.000000,0.200000,0.000000,0.000000,0.000000,14.394933,74.498428,29.459842,-5.886276,0.693818,-0.725185,0.000000,0.000000,173.277543,14.394933,74.498428,29.659842,-5.886276,0.693818,-0.725185,0.000000,0.000000,173.277543,14.394933,74.498428,29.399703,-5.891283,0.694408,-0.715046,0.000000,0.000000,0.000000,0.000000,0.000000,0.200000,0.200000,0.000000,0.000000,0.000000,0.000000,nan,nan,nan,0,nan,nan,nan,0,nan,nan,nan,nan,nan,nan,nan,nan,nan,nan,nan,nan,nan,nan,nan,nan,nan,nan,nan,nan,nan,nan,nan,nan,nan,nan,nan,nan,nan,nan,nan,nan,nan,nan,nan,nan,nan,nan,nan,nan,nan,nan,nan,nan,nan,nan,nan,nan,nan,nan,nan,nan,nan,nan,nan,nan,nan,nan,nan,nan,nan,nan,nan,nan,nan,nan,nan,nan,nan,nan,nan,nan,nan,nan,nan,nan,nan,nan,nan,nan
63.180,COMPLETED,0.200000,0.000000,0.000000,0.200000,0.000000,0.000000,0.000000,14.100369,74.533149,29.418582,-5.891283,0.694408,-0.825185,0.000000,0.000000,173.277543,14.100369,74.533149,29.618582,-5.891283,0.694408,-0.825185,0.000000,0.000000,173.277543,14.100369,74.533149,29.358443,-5.896290,0.694998,-0.815046,0.000000,0.000000,0.000000,0.000000,0.000000,0.200000,0.200000,0.000000,0.000000,0.000000,0.000000,nan,nan,nan,0,nan,nan,nan,0,nan,nan,nan,nan,nan,nan,nan,nan,nan,nan,nan,nan,nan,nan,nan,nan,nan,nan,nan,nan,nan,nan,nan,nan,nan,nan,nan,nan,nan,nan,nan,nan,nan,nan,nan,nan,nan,nan,nan,nan,nan,nan,nan,nan,nan,nan,nan,nan,nan,nan,nan,nan,nan,nan,nan,nan,nan,nan,nan,nan,nan,nan,nan,nan,nan,nan,nan,nan,nan,nan,nan,nan,nan,nan,nan,nan,nan,nan,nan,nan
63.240,COMPLETED,0.200000,0.000000,0.000000,0.200000,0.000000,0.000000,0.000000,13.805555,74.567899,29.371242,-5.896290,0.694998,-0.946817,0.000000,0.000000,173.277543,13.805555,74.567899,29.571242,-5.896290,0.694998,-0.946817,0.000000,0.000000,173.277543,13.805555,74.567899,29.311102,-5.901298,0.695588,-0.936678,0.000000,0.000000,0.000000,0.000000,0.000000,0.200000,0.200000,0.000000,0.000000,0.000000,0.000000,nan,nan,nan,0,nan,nan,nan,0,nan,nan,nan,nan,nan,nan,nan,nan,nan,nan,nan,nan,nan,nan,nan,nan,nan,nan,nan,nan,nan,nan,nan,nan,nan,nan,nan,nan,nan,nan,nan,nan,nan,nan,nan,nan,nan,nan,nan,nan,nan,nan,nan,nan,nan,nan,nan,nan,nan,nan,nan,nan,nan,nan,nan,nan,nan,nan,nan,nan,nan,nan,nan,nan,nan,nan,nan,nan,nan,nan,nan,nan,nan,nan,nan,nan,nan,nan,nan,nan
63.280,COMPLETED,0.200000,0.000000,0.000000,0.200000,0.000000,0.000000,0.000000,13.510490,74.602678,29.318901,-5.901298,0.695588,-1.046817,0.000000,0.000000,173.277543,13.510490,74.602678,29.518901,-5.901298,0.695588,-1.046817,0.000000,0.000000,173.277543,13.510490,74.602678,29.258762,-5.906305,0.696178,-1.036678,0.000000,0.000000,0.000000,0.000000,0.000000,0.200000,0.200000,0.000000,0.000000,0.000000,0.000000,nan,nan,nan,0,nan,nan,nan,0,nan,nan,nan,nan,nan,nan,nan,nan,nan,nan,nan,nan,nan,nan,nan,nan,nan,nan,nan,nan,nan,nan,nan,nan,nan,nan,nan,nan,nan,nan,nan,nan,nan,nan,nan,nan,nan,nan,nan,nan,nan,nan,nan,nan,nan,nan,nan,nan,nan,nan,nan,nan,nan,nan,nan,nan,nan,nan,nan,nan,nan,nan,nan,nan,nan,nan,nan,nan,nan,nan,nan,nan,nan,nan,nan,nan,nan,nan,nan,nan
63.340,COMPLETED,0.200000,0.000000,0.000000,0.200000,0.000000,0.000000,0.000000,13.215175,74.637487,29.260480,-5.906305,0.696178,-1.168424,0.000000,0.000000,173.277543,13.215175,74.637487,29.460480,-5.906305,0.696178,-1.168424,0.000000,0.000000,173.277543,13.215175,74.637487,29.200340,-5.911312,0.696769,-1.158285,0.000000,0.000000,0.000000,0.000000,0.000000,0.200000,0.200000,0.000000,0.000000,0.000000,0.000000,nan,nan,nan,0,nan,nan,nan,0,nan,nan,nan,nan,nan,nan,nan,nan,nan,nan,nan,nan,nan,nan,nan,nan,nan,nan,nan,nan,nan,nan,nan,nan,nan,nan,nan,nan,nan,nan,nan,nan,nan,nan,nan,nan,nan,nan,nan,nan,nan,nan,nan,nan,nan,nan,nan,nan,nan,nan,nan,nan,nan,nan,nan,nan,nan,nan,nan,nan,nan,nan,nan,nan,nan,nan,nan,nan,nan,nan,nan,nan,nan,nan,nan,nan,nan,nan,nan,nan
