t,phase,relative_distance,rel_x,rel_y,rel_z,rel_vx,rel_vy,rel_vz,carrier_x,carrier_y,carrier_z,carrier_vx,carrier_vy,carrier_vz,carrier_roll_deg,carrier_pitch_deg,carrier_yaw_deg,mini_x,mini_y,mini_z,mini_vx,mini_vy,mini_vz,mini_roll_deg,mini_pitch_deg,mini_yaw_deg,carrier_sp_x,carrier_sp_y,carrier_sp_z,carrier_cmd_vx,carrier_cmd_vy,carrier_cmd_vz,mini_target_x,mini_target_y,mini_target_z,measured_rel_x,measured_rel_y,measured_rel_z,measured_rel_distance,measured_rel_vx,measured_rel_vy,measured_rel_vz,measured_rel_speed,mini_px4_true_airspeed_mps,mini_px4_throttle_filtered,mini_px4_global_alt_m,mini_px4_global_alt_valid,mini_px4_local_z_m,mini_px4_local_vz_mps,mini_px4_local_ref_alt_m,mini_px4_local_z_global_valid,mini_px4_local_alt_from_ref_m,mini_px4_alt_source_delta_m,mini_tecs_altitude_sp_m,mini_tecs_altitude_reference_m,mini_tecs_height_rate_reference_mps,mini_tecs_height_rate_sp_mps,mini_tecs_height_rate_mps,mini_tecs_true_airspeed_sp_mps,mini_tecs_true_airspeed_filtered_mps,mini_tecs_throttle_sp,mini_tecs_throttle_trim,mini_tecs_pitch_sp_deg,mini_tecs_underspeed_ratio,mini_tecs_fast_descend_ratio,mini_tecs_total_energy_rate_sp,mini_tecs_total_energy_rate,mini_fw_altitude_sp_m,mini_fw_height_rate_sp_mps,mini_fw_equivalent_airspeed_sp_mps,mini_fw_pitch_direct_deg,mini_fw_throttle_direct,mini_attitude_sp_thrust_x,mini_terminal_straight_active,mini_terminal_sync_active,mini_terminal_sync_score,mini_terminal_sync_best_score,mini_terminal_sync_release_ready,mini_terminal_sync_good_count,mini_terminal_sync_plateau_count,mini_terminal_sync_cluster_code,mini_terminal_sync_distance_xy,mini_terminal_sync_line_progress,mini_terminal_sync_line_lateral_error,mini_terminal_sync_height_error,mini_terminal_sync_distance_score,mini_terminal_sync_progress_score,mini_terminal_sync_lateral_score,mini_terminal_sync_height_score,mini_handoff_tangent_active,mini_handoff_distance_xy,mini_handoff_line_progress,mini_handoff_line_lateral_error,mini_handoff_height_error,mini_handoff_geom_ready,mini_energy_guard_active,mini_energy_guard_bad_airspeed,mini_energy_guard_bad_underspeed,mini_energy_guard_true_airspeed_mps,mini_energy_guard_underspeed_ratio,mini_energy_guard_recover_time_remaining_sec,controller_phase_code,controller_tracking_horizontal_distance,controller_tracking_along_error,controller_tracking_lateral_error,controller_tracking_along_speed,controller_tracking_lateral_speed,controller_terminal_distance,controller_terminal_along_error,controller_terminal_lateral_error,controller_terminal_vertical_error,controller_target_along_speed,controller_target_lateral_speed,controller_relative_speed,controller_min_docking_distance,controller_rendezvous_corridor_active,controller_passive_target_mode,controller_corridor_release_score,controller_corridor_release_armed,controller_corridor_release_accept_counter,controller_completion_hold_counter,controller_tracking_rearm_guard_enabled,controller_tracking_rearm_guard_used,controller_tracking_rearm_last_trigger_code,controller_passive_docking_entry_count,controller_passive_docking_last_exit_trigger_code,controller_debug_25,controller_debug_26,controller_debug_27,controller_debug_28,controller_debug_29
0.120,IDLE,158.145333,138.947042,75.441183,-3.506250,-1.495622,7.600000,-1.000000,-50.811183,-66.811183,7.736250,0.000000,0.000000,2.200000,0.000000,0.000000,0.000000,88.135859,8.630000,4.230000,-1.495622,7.600000,1.200000,0.000000,0.000000,101.133111,-50.811183,-66.811183,30.000000,0.000000,0.000000,0.000000,0.000000,0.000000,0.000000,138.947042,75.441183,-3.506250,158.145333,-1.495622,7.600000,-1.000000,7.810050,nan,nan,nan,0,nan,nan,nan,0,nan,nan,nan,nan,nan,nan,nan,nan,nan,nan,nan,nan,nan,nan,nan,nan,nan,nan,nan,nan,nan,nan,nan,nan,nan,nan,nan,nan,nan,nan,nan,nan,nan,nan,nan,nan,nan,nan,nan,nan,nan,nan,nan,nan,nan,nan,nan,nan,nan,nan,nan,nan,nan,nan,nan,nan,nan,nan,nan,nan,nan,nan,nan,nan,nan,nan,nan,nan,nan,nan,nan,nan,nan,nan,nan,nan,nan,nan,nan,nan
0.180,IDLE,158.262852,138.869987,75.826183,-3.556250,-1.541099,7.700000,-1.000000,-50.811183,-66.811183,7.846250,0.000000,0.000000,2.200000,0.000000,0.000000,0.000000,88.058804,9.015000,4.290000,-1.541099,7.700000,1.200000,0.000000,0.000000,101.317794,-50.811183,-66.811183,30.000000,0.000000,0.000000,0.000000,0.000000,0.000000,0.000000,138.869987,75.826183,-3.556250,158.262852,-1.541099,7.700000,-1.000000,7.916122,nan,nan,nan,0,nan,nan,nan,0,nan,nan,nan,nan,nan,nan,nan,nan,nan,nan,nan,nan,nan,nan,nan,nan,nan,nan,nan,nan,nan,nan,nan,nan,nan,nan,nan,nan,nan,nan,nan,nan,nan,nan,nan,nan,nan,nan,nan,nan,nan,nan,nan,nan,nan,nan,nan,nan,nan,nan,nan,nan,nan,nan,nan,nan,nan,nan,nan,nan,nan,nan,nan,nan,nan,nan,nan,nan,nan,nan,nan,nan,nan,nan,nan,nan,nan,nan,nan,nan
0.220,IDLE,158.381642,138.790609,76.216183,-3.606250,-1.587564,7.800000,-1.000000,-50.811183,-66.811183,7.956250,0.000000,0.000000,2.200000,0.000000,0.000000,0.000000,87.979425,9.405000,4.350000,-1.587564,7.800000,1.200000,0.000000,0.000000,101.504488,-50.811183,-66.811183,30.000000,0.000000,0.000000,0.000000,0.000000,0.000000,0.000000,138.790609,76.216183,-3.606250,158.381642,-1.587564,7.800000,-1.000000,8.022491,nan,nan,nan,0,nan,nan,nan,0,nan,nan,nan,nan,nan,nan,nan,nan,nan,nan,nan,nan,nan,nan,nan,nan,nan,nan,nan,nan,nan,nan,nan,nan,nan,nan,nan,nan,nan,nan,nan,nan,nan,nan,nan,nan,nan,nan,nan,nan,nan,nan,nan,nan,nan,nan,nan,nan,nan,nan,nan,nan,nan,nan,nan,nan,nan,nan,nan,nan,nan,nan,nan,nan,nan,nan,nan,nan,nan,nan,nan,nan,nan,nan,nan,nan,nan,nan,nan,nan
0.280,IDLE,158.501699,138.708857,76.611183,-3.656250,-1.635035,7.900000,-1.000000,-50.811183,-66.811183,8.066250,0.000000,0.000000,2.200000,0.000000,0.000000,0.000000,87.897674,9.800000,4.410000,-1.635035,7.900000,1.200000,0.000000,0.000000,101.693208,-50.811183,-66.811183,30.000000,0.000000,0.000000,0.000000,0.000000,0.000000,0.000000,138.708857,76.611183,-3.656250,158.501699,-1.635035,7.900000,-1.000000,8.129166,nan,nan,nan,0,nan,nan,nan,0,nan,nan,nan,nan,nan,nan,nan,nan,nan,nan,nan,nan,nan,nan,nan,nan,nan,nan,nan,nan,nan,nan,nan,nan,nan,nan,nan,nan,nan,nan,nan,nan,nan,nan,nan,nan,nan,nan,nan,nan,nan,nan,nan,nan,nan,nan,nan,nan,nan,nan,nan,nan,nan,nan,nan,nan,nan,nan,nan,nan,nan,nan,nan,nan,nan,nan,nan,nan,nan,nan,nan,nan,nan,nan,nan,nan,nan,nan,nan,nan
0.320,IDLE,158.623014,138.624681,77.011183,-3.706250,-1.683527,8.000000,-1.000000,-50.811183,-66.811183,8.176250,0.000000,0.000000,2.200000,0.000000,0.000000,0.000000,87.813497,10.200000,4.470000,-1.683527,8.000000,1.200000,0.000000,0.000000,101.883968,-50.811183,-66.811183,30.000000,0.000000,0.000000,0.000000,0.000000,0.000000,0.000000,138.624681,77.011183,-3.706250,158.623014,-1.683527,8.000000,-1.000000,8.236156,nan,nan,nan,0,nan,nan,nan,0,nan,nan,nan,nan,nan,nan,nan,nan,nan,nan,nan,nan,nan,nan,nan,nan,nan,nan,nan,nan,nan,nan,nan,nan,nan,nan,nan,nan,nan,nan,nan,nan,nan,nan,nan,nan,nan,nan,nan,nan,nan,nan,nan,nan,nan,nan,nan,nan,nan,nan,nan,nan,nan,nan,nan,nan,nan,nan,nan,nan,nan,nan,nan,nan,nan,nan,nan,nan,nan,nan,nan,nan,nan,nan,nan,nan,nan,nan,nan,nan
0.380,IDLE,158.745582,138.538028,77.416183,-3.756250,-1.733056,8.100000,-1.000000,-50.811183,-66.811183,8.286250,0.000000,0.000000,2.200000,0.000000,0.000000,0.000000,87.726845,10.605000,4.530000,-1.733056,8.100000,1.200000,0.000000,0.000000,102.076781,-50.811183,-66.811183,30.000000,0.000000,0.000000,0.000000,0.000000,0.000000,0.000000,138.538028,77.416183,-3.756250,158.745582,-1.733056,8.100000,-1.000000,8.343470,nan,nan,nan,0,nan,nan,nan,0,nan,nan,nan,nan,nan,nan,nan,nan,nan,nan,nan,nan,nan,nan,nan,nan,nan,nan,nan,nan,nan,nan,nan,nan,nan,nan,nan,nan,nan,nan,nan,nan,nan,nan,nan,nan,nan,nan,nan,nan,nan,nan,nan,nan,nan,nan,nan,nan,nan,nan,nan,nan,nan,nan,nan,nan,nan,nan,nan,nan,nan,nan,nan,nan,nan,nan,nan,nan,nan,nan,nan,nan,nan,nan,nan,nan,nan,nan,nan,nan
0.420,IDLE,158.869397,138.448846,77.826183,-3.806250,-1.783640,8.200000,-1.000000,-50.811183,-66.811183,8.396250,0.000000,0.000000,2.200000,0.000000,0.000000,0.000000,87.637663,11.015000,4.590000,-1.783640,8.200000,1.200000,0.000000,0.000000,102.271656,-50.811183,-66.811183,30.000000,0.000000,0.000000,0.000000,0.000000,0.000000,0.000000,138.448846,77.826183,-3.806250,158.869397,-1.783640,8.200000,-1.000000,8.451117,nan,nan,nan,0,nan,nan,nan,0,nan,nan,nan,nan,nan,nan,nan,nan,nan,nan,nan,nan,nan,nan,nan,nan,nan,nan,nan,nan,nan,nan,nan,nan,nan,nan,nan,nan,nan,nan,nan,nan,nan,nan,nan,nan,nan,nan,nan,nan,nan,nan,nan,nan,nan,nan,nan,nan,nan,nan,nan,nan,nan,nan,nan,nan,nan,nan,nan,nan,nan,nan,nan,nan,nan,nan,nan,nan,nan,nan,nan,nan,nan,nan,nan,nan,nan,nan,nan,nan
0.480,IDLE,158.994450,138.357081,78.241183,-3.856250,-1.835295,8.300000,-1.000000,-50.811183,-66.811183,8.506250,0.000000,0.000000,2.200000,0.000000,0.000000,0.000000,87.545898,11.430000,4.650000,-1.835295,8.300000,1.200000,0.000000,0.000000,102.468605,-50.811183,-66.811183,30.000000,0.000000,0.000000,0.000000,0.000000,0.000000,0.000000,138.357081,78.241183,-3.856250,158.994450,-1.835295,8.300000,-1.000000,8.559107,nan,nan,nan,0,nan,nan,nan,0,nan,nan,nan,nan,nan,nan,nan,nan,nan,nan,nan,nan,nan,nan,nan,nan,nan,nan,nan,nan,nan,nan,nan,nan,nan,nan,nan,nan,nan,nan,nan,nan,nan,nan,nan,nan,nan,nan,nan,nan,nan,nan,nan,nan,nan,nan,nan,nan,nan,nan,nan,nan,nan,nan,nan,nan,nan,nan,nan,nan,nan,nan,nan,nan,nan,nan,nan,nan,nan,nan,nan,nan,nan,nan,nan,nan,nan,nan,nan,nan
0.520,IDLE,159.120737,138.262679,78.661183,-3.906250,-1.888036,8.400000,-1.000000,-50.811183,-66.811183,8.616250,0.000000,0.000000,2.200000,0.000000,0.000000,0.000000,87.451496,11.850000,4.710000,-1.888036,8.400000,1.200000,0.000000,0.000000,102.667635,-50.811183,-66.811183,30.000000,0.000000,0.000000,0.000000,0.000000,0.000000,0.000000,138.262679,78.661183,-3.906250,159.120737,-1.888036,8.400000,-1.000000,8.667450,nan,nan,nan,0,nan,nan,nan,0,nan,nan,nan,nan,nan,nan,nan,nan,nan,nan,nan,nan,nan,nan,nan,nan,nan,nan,nan,nan,nan,nan,nan,nan,nan,nan,nan,nan,nan,nan,nan,nan,nan,nan,nan,nan,nan,nan,nan,nan,nan,nan,nan,nan,nan,nan,nan,nan,nan,nan,nan,nan,nan,nan,nan,nan,nan,nan,nan,nan,nan,nan,nan,nan,nan,nan,nan,nan,nan,nan,nan,nan,nan,nan,nan,nan,nan,nan,nan,nan
0.580,IDLE,159.248250,138.165585,79.086183,-3.956250,-1.941882,8.500000,-1.000000,-50.811183,-66.811183,8.726250,0.000000,0.000000,2.200000,0.000000,0.000000,0.000000,87.354402,12.275000,4.770000,-1.941882,8.500000,1.200000,0.000000,0.000000,102.868753,-50.811183,-66.811183,30.000000,0.000000,0.000000,0.000000,0.000000,0.000000,0.000000,138.165585,79.086183,-3.956250,159.248250,-1.941882,8.500000,-1.000000,8.776155,nan,nan,nan,0,nan,nan,nan,0,nan,nan,nan,nan,nan,nan,nan,nan,nan,nan,nan,nan,nan,nan,nan,nan,nan,nan,nan,nan,nan,nan,nan,nan,nan,nan,nan,nan,nan,nan,nan,nan,nan,nan,nan,nan,nan,nan,nan,nan,nan,nan,nan,nan,nan,nan,nan,nan,nan,nan,nan,nan,nan,nan,nan,nan,nan,nan,nan,nan,nan,nan,nan,nan,nan,nan,nan,nan,nan,nan,nan,nan,nan,nan,nan,nan,nan,nan,nan,nan
0.620,IDLE,159.376983,138.065743,79.516183,-4.006250,-1.996847,8.600000,-1.000000,-50.811183,-66.811183,8.836250,0.000000,0.000000,2.200000,0.000000,0.000000,0.000000,87.254560,12.705000,4.830000,-1.996847,8.600000,1.200000,0.000000,0.000000,103.071964,-50.811183,-66.811183,30.000000,0.000000,0.000000,0.000000,0.000000,0.000000,0.000000,138.065743,79.516183,-4.006250,159.376983,-1.996847,8.600000,-1.000000,8.885235,nan,nan,nan,0,nan,nan,nan,0,nan,nan,nan,nan,nan,nan,nan,nan,nan,nan,nan,nan,nan,nan,nan,nan,nan,nan,nan,nan,nan,nan,nan,nan,nan,nan,nan,nan,nan,nan,nan,nan,nan,nan,nan,nan,nan,nan,nan,nan,nan,nan,nan,nan,nan,nan,nan,nan,nan,nan,nan,nan,nan,nan,nan,nan,nan,nan,nan,nan,nan,nan,nan,nan,nan,nan,nan,nan,nan,nan,nan,nan,nan,nan,nan,nan,nan,nan,nan,nan
0.680,IDLE,159.506929,137.963095,79.951183,-4.056250,-2.052949,8.700000,-1.000000,-50.811183,-66.811183,8.946250,0.000000,0.000000,2.200000,0.000000,0.000000,0.000000,87.151912,13.140000,4.890000,-2.052949,8.700000,1.200000,0.000000,0.000000,103.277272,-50.811183,-66.811183,30.000000,0.000000,0.000000,0.000000,0.000000,0.000000,0.000000,137.963095,79.951183,-4.056250,159.506929,-2.052949,8.700000,-1.000000,8.994698,nan,nan,nan,0,nan,nan,nan,0,nan,nan,nan,nan,nan,nan,nan,nan,nan,nan,nan,nan,nan,nan,nan,nan,nan,nan,nan,nan,nan,nan,nan,nan,nan,nan,nan,nan,nan,nan,nan,nan,nan,nan,nan,nan,nan,nan,nan,nan,nan,nan,nan,nan,nan,nan,nan,nan,nan,nan,nan,nan,nan,nan,nan,nan,nan,nan,nan,nan,nan,nan,nan,nan,nan,nan,nan,nan,nan,nan,nan,nan,nan,nan,nan,nan,nan,nan,nan,nan
0.720,IDLE,159.638082,137.857585,80.391183,-4.106250,-2.110204,8.800000,-1.000000,-50.811183,-66.811183,9.056250,0.000000,0.000000,2.200000,0.000000,0.000000,0.000000,87.046402,13.580000,4.950000,-2.110204,8.800000,1.200000,0.000000,0.000000,103.484679,-50.811183,-66.811183,30.000000,0.000000,0.000000,0.000000,0.000000,0.000000,0.000000,137.857585,80.391183,-4.106250,159.638082,-2.110204,8.800000,-1.000000,9.104557,nan,nan,nan,0,nan,nan,nan,0,nan,nan,nan,nan,nan,nan,nan,nan,nan,nan,nan,nan,nan,nan,nan,nan,nan,nan,nan,nan,nan,nan,nan,nan,nan,nan,nan,nan,nan,nan,nan,nan,nan,nan,nan,nan,nan,nan,nan,nan,nan,nan,nan,nan,nan,nan,nan,nan,nan,nan,nan,nan,nan,nan,nan,nan,nan,nan,nan,nan,nan,nan,nan,nan,nan,nan,nan,nan,nan,nan,nan,nan,nan,nan,nan,nan,nan,nan,nan,nan
0.780,IDLE,159.770436,137.749154,80.836183,-4.156250,-2.168629,8.900000,-1.000000,-50.811183,-66.811183,9.166250,0.000000,0.000000,2.200000,0.000000,0.000000,0.000000,86.937970,14.025000,5.010000,-2.168629,8.900000,1.200000,0.000000,0.000000,103.694186,-50.811183,-66.811183,30.000000,0.000000,0.000000,0.000000,0.000000,0.000000,0.000000,137.749154,80.836183,-4.156250,159.770436,-2.168629,8.900000,-1.000000,9.214822,nan,nan,nan,0,nan,nan,nan,0,nan,nan,nan,nan,nan,nan,nan,nan,nan,nan,nan,nan,nan,nan,nan,nan,nan,nan,nan,nan,nan,nan,nan,nan,nan,nan,nan,nan,nan,nan,nan,nan,nan,nan,nan,nan,nan,nan,nan,nan,nan,nan,nan,nan,nan,nan,nan,nan,nan,nan,nan,nan,nan,nan,nan,nan,nan,nan,nan,nan,nan,nan,nan,nan,nan,nan,nan,nan,nan,nan,nan,nan,nan,nan,nan,nan,nan,nan,nan,nan
0.820,IDLE,159.903984,137.637742,81.286183,-4.206250,-2.228240,9.000000,-1.000000,-50.811183,-66.811183,9.276250,0.000000,0.000000,2.200000,0.000000,0.000000,0.000000,86.826558,14.475000,5.070000,-2.228240,9.000000,1.200000,0.000000,0.000000,103.905792,-50.811183,-66.811183,30.000000,0.000000,0.000000,0.000000,0.000000,0.000000,0.000000,137.637742,81.286183,-4.206250,159.903984,-2.228240,9.000000,-1.000000,9.325506,nan,nan,nan,0,nan,nan,nan,0,nan,nan,nan,nan,nan,nan,nan,nan,nan,nan,nan,nan,nan,nan,nan,nan,nan,nan,nan,nan,nan,nan,nan,nan,nan,nan,nan,nan,nan,nan,nan,nan,nan,nan,nan,nan,nan,nan,nan,nan,nan,nan,nan,nan,nan,nan,nan,nan,nan,nan,nan,nan,nan,nan,nan,nan,nan,nan,nan,nan,nan,nan,nan,nan,nan,nan,nan,nan,nan,nan,nan,nan,nan,nan,nan,nan,nan,nan,nan,nan
0.880,IDLE,160.038719,137.523289,81.741183,-4.256250,-2.289054,9.100000,-1.000000,-50.811183,-66.811183,9.386250,0.000000,0.000000,2.200000,0.000000,0.000000,0.000000,86.712106,14.930000,5.130000,-2.289054,9.100000,1.200000,0.000000,0.000000,104.119493,-50.811183,-66.811183,30.000000,0.000000,0.000000,0.000000,0.000000,0.000000,0.000000,137.523289,81.741183,-4.256250,160.038719,-2.289054,9.100000,-1.000000,9.436618,nan,nan,nan,0,nan,nan,nan,0,nan,nan,nan,nan,nan,nan,nan,nan,nan,nan,nan,nan,nan,nan,nan,nan,nan,nan,nan,nan,nan,nan,nan,nan,nan,nan,nan,nan,nan,nan,nan,nan,nan,nan,nan,nan,nan,nan,nan,nan,nan,nan,nan,nan,nan,nan,nan,nan,nan,nan,nan,nan,nan,nan,nan,nan,nan,nan,nan,nan,nan,nan,nan,nan,nan,nan,nan,nan,nan,nan,nan,nan,nan,nan,nan,nan,nan,nan,nan,nan
0.920,IDLE,160.174637,137.405735,82.201183,-4.306250,-2.351086,9.200000,-1.000000,-50.811183,-66.811183,9.496250,0.000000,0.000000,2.200000,0.000000,0.000000,0.000000,86.594551,15.390000,5.190000,-2.351086,9.200000,1.200000,0.000000,0.000000,104.335286,-50.811183,-66.811183,30.000000,0.000000,0.000000,0.000000,0.000000,0.000000,0.000000,137.405735,82.201183,-4.306250,160.174637,-2.351086,9.200000,-1.000000,9.548173,nan,nan,nan,0,nan,nan,nan,0,nan,nan,nan,nan,nan,nan,nan,nan,nan,nan,nan,nan,nan,nan,nan,nan,nan,nan,nan,nan,nan,nan,nan,nan,nan,nan,nan,nan,nan,nan,nan,nan,nan,nan,nan,nan,nan,nan,nan,nan,nan,nan,nan,nan,nan,nan,nan,nan,nan,nan,nan,nan,nan,nan,nan,nan,nan,nan,nan,nan,nan,nan,nan,nan,nan,nan,nan,nan,nan,nan,nan,nan,nan,nan,nan,nan,nan,nan,nan,nan
0.980,IDLE,160.311730,137.285017,82.666183,-4.356250,-2.414352,9.300000,-1.000000,-50.811183,-66.811183,9.606250,0.000000,0.000000,2.200000,0.000000,0.000000,0.000000,86.473834,15.855000,5.250000,-2.414352,9.300000,1.200000,0.000000,0.000000,104.553164,-50.811183,-66.811183,30.000000,0.000000,0.000000,0.000000,0.000000,0.000000,0.000000,137.285017,82.666183,-4.356250,160.311730,-2.414352,9.300000,-1.000000,9.660181,nan,nan,nan,0,nan,nan,nan,0,nan,nan,nan,nan,nan,nan,nan,nan,nan,nan,nan,nan,nan,nan,nan,nan,nan,nan,nan,nan,nan,nan,nan,nan,nan,nan,nan,nan,nan,nan,nan,nan,nan,nan,nan,nan,nan,nan,nan,nan,nan,nan,nan,nan,nan,nan,nan,nan,nan,nan,nan,nan,nan,nan,nan,nan,nan,nan,nan,nan,nan,nan,nan,nan,nan,nan,nan,nan,nan,nan,nan,nan,nan,nan,nan,nan,nan,nan,nan,nan
1.020,IDLE,160.449992,137.161073,83.136183,-4.406250,-2.478870,9.400000,-1.000000,-50.811183,-66.811183,9.716250,0.000000,0.000000,2.200000,0.000000,0.000000,0.000000,86.349890,16.325000,5.310000,-2.478870,9.400000,1.200000,0.000000,0.000000,104.773118,-50.811183,-66.811183,30.000000,0.000000,0.000000,0.000000,0.000000,0.000000,0.000000,137.161073,83.136183,-4.406250,160.449992,-2.478870,9.400000,-1.000000,9.772655,nan,nan,nan,0,nan,nan,nan,0,nan,nan,nan,nan,nan,nan,nan,nan,nan,nan,nan,nan,nan,nan,nan,nan,nan,nan,nan,nan,nan,nan,nan,nan,nan,nan,nan,nan,nan,nan,nan,nan,nan,nan,nan,nan,nan,nan,nan,nan,nan,nan,nan,nan,nan,nan,nan,nan,nan,nan,nan,nan,nan,nan,nan,nan,nan,nan,nan,nan,nan,nan,nan,nan,nan,nan,nan,nan,nan,nan,nan,nan,nan,nan,nan,nan,nan,nan,nan,nan
1.080,IDLE,160.589419,137.033841,83.611183,-4.456250,-2.544654,9.500000,-1.000000,-50.811183,-66.811183,9.826250,0.000000,0.000000,2.200000,0.000000,0.000000,0.000000,86.222658,16.800000,5.370000,-2.544654,9.500000,1.200000,0.000000,0.000000,104.995139,-50.811183,-66.811183,30.000000,0.000000,0.000000,0.000000,0.000000,0.000000,0.000000,137.033841,83.611183,-4.456250,160.589419,-2.544654,9.500000,-1.000000,9.885609,nan,nan,nan,0,nan,nan,nan,0,nan,nan,nan,nan,nan,nan,nan,nan,nan,nan,nan,nan,nan,nan,nan,nan,nan,nan,nan,nan,nan,nan,nan,nan,nan,nan,nan,nan,nan,nan,nan,nan,nan,nan,nan,nan,nan,nan,nan,nan,nan,nan,nan,nan,nan,nan,nan,nan,nan,nan,nan,nan,nan,nan,nan,nan,nan,nan,nan,nan,nan,nan,nan,nan,nan,nan,nan,nan,nan,nan,nan,nan,nan,nan,nan,nan,nan,nan,nan,nan
1.120,IDLE,160.730005,136.903255,84.091183,-4.506250,-2.611720,9.600000,-1.000000,-50.811183,-66.811183,9.936250,0.000000,0.000000,2.200000,0.000000,0.000000,0.000000,86.092072,17.280000,5.430000,-2.611720,9.600000,1.200000,0.000000,0.000000,105.219215,-50.811183,-66.811183,30.000000,0.000000,0.000000,0.000000,0.000000,0.000000,0.000000,136.903255,84.091183,-4.506250,160.730005,-2.611720,9.600000,-1.000000,9.999054,nan,nan,nan,0,nan,nan,nan,0,nan,nan,nan,nan,nan,nan,nan,nan,nan,nan,nan,nan,nan,nan,nan,nan,nan,nan,nan,nan,nan,nan,nan,nan,nan,nan,nan,nan,nan,nan,nan,nan,nan,nan,nan,nan,nan,nan,nan,nan,nan,nan,nan,nan,nan,nan,nan,nan,nan,nan,nan,nan,nan,nan,nan,nan,nan,nan,nan,nan,nan,nan,nan,nan,nan,nan,nan,nan,nan,nan,nan,nan,nan,nan,nan,nan,nan,nan,nan,nan
1.180,IDLE,160.870014,136.769251,84.572891,-4.556250,-2.680084,9.634166,-1.000000,-50.811183,-66.811183,10.046250,0.000000,0.000000,2.200000,0.000000,0.000000,0.000000,85.958067,17.761708,5.490000,-2.680084,9.634166,1.200000,0.000000,0.000000,105.545787,-50.811183,-66.811183,30.000000,0.000000,0.000000,0.000000,0.000000,0.000000,0.000000,136.769251,84.572891,-4.556250,160.870014,-2.680084,9.634166,-1.000000,10.049876,nan,nan,nan,0,nan,nan,nan,0,nan,nan,nan,nan,nan,nan,nan,nan,nan,nan,nan,nan,nan,nan,nan,nan,nan,nan,nan,nan,nan,nan,nan,nan,nan,nan,nan,nan,nan,nan,nan,nan,nan,nan,nan,nan,nan,nan,nan,nan,nan,nan,nan,nan,nan,nan,nan,nan,nan,nan,nan,nan,nan,nan,nan,nan,nan,nan,nan,nan,nan,nan,nan,nan,nan,nan,nan,nan,nan,nan,nan,nan,nan,nan,nan,nan,nan,nan,nan,nan
1.220,IDLE,161.008040,136.631810,85.053631,-4.606250,-2.748814,9.614781,-1.000000,-50.811183,-66.811183,10.156250,0.000000,0.000000,2.200000,0.000000,0.000000,0.000000,85.820627,18.242447,5.550000,-2.748814,9.614781,1.200000,0.000000,0.000000,105.954947,-50.811183,-66.811183,30.000000,0.000000,0.000000,0.000000,0.000000,0.000000,0.000000,136.631810,85.053631,-4.606250,161.008040,-2.748814,9.614781,-1.000000,10.049876,nan,nan,nan,0,nan,nan,nan,0,nan,nan,nan,nan,nan,nan,nan,nan,nan,nan,nan,nan,nan,nan,nan,nan,nan,nan,nan,nan,nan,nan,nan,nan,nan,nan,nan,nan,nan,nan,nan,nan,nan,nan,nan,nan,nan,nan,nan,nan,nan,nan,nan,nan,nan,nan,nan,nan,nan,nan,nan,nan,nan,nan,nan,nan,nan,nan,nan,nan,nan,nan,nan,nan,nan,nan,nan,nan,nan,nan,nan,nan,nan,nan,nan,nan,nan,nan,nan,nan
1.280,IDLE,161.144096,136.490953,85.533380,-4.656250,-2.817148,9.594982,-1.000000,-50.811183,-66.811183,10.266250,0.000000,0.000000,2.200000,0.000000,0.000000,0.000000,85.679769,18.722196,5.610000,-2.817148,9.594982,1.200000,0.000000,0.000000,106.362575,-50.811183,-66.811183,30.000000,0.000000,0.000000,0.000000,0.000000,0.000000,0.000000,136.490953,85.533380,-4.656250,161.144096,-2.817148,9.594982,-1.000000,10.049876,nan,nan,nan,0,nan,nan,nan,0,nan,nan,nan,nan,nan,nan,nan,nan,nan,nan,nan,nan,nan,nan,nan,nan,nan,nan,nan,nan,nan,nan,nan,nan,nan,nan,nan,nan,nan,nan,nan,nan,nan,nan,nan,nan,nan,nan,nan,nan,nan,nan,nan,nan,nan,nan,nan,nan,nan,nan,nan,nan,nan,nan,nan,nan,nan,nan,nan,nan,nan,nan,nan,nan,nan,nan,nan,nan,nan,nan,nan,nan,nan,nan,nan,nan,nan,nan,nan,nan
1.320,IDLE,161.278192,136.346698,86.012118,-4.706250,-2.885091,9.574772,-1.000000,-50.811183,-66.811183,10.376250,0.000000,0.000000,2.200000,0.000000,0.000000,0.000000,85.535515,19.200935,5.670000,-2.885091,9.574772,1.200000,0.000000,0.000000,106.768717,-50.811183,-66.811183,30.000000,0.000000,0.000000,0.000000,0.000000,0.000000,0.000000,136.346698,86.012118,-4.706250,161.278192,-2.885091,9.574772,-1.000000,10.049876,nan,nan,nan,0,nan,nan,nan,0,nan,nan,nan,nan,nan,nan,nan,nan,nan,nan,nan,nan,nan,nan,nan,nan,nan,nan,nan,nan,nan,nan,nan,nan,nan,nan,nan,nan,nan,nan,nan,nan,nan,nan,nan,nan,nan,nan,nan,nan,nan,nan,nan,nan,nan,nan,nan,nan,nan,nan,nan,nan,nan,nan,nan,nan,nan,nan,nan,nan,nan,nan,nan,nan,nan,nan,nan,nan,nan,nan,nan,nan,nan,nan,nan,nan,nan,nan,nan,nan
1.380,IDLE,161.410339,136.199066,86.489826,-4.756250,-2.952648,9.554155,-1.000000,-50.811183,-66.811183,10.486250,0.000000,0.000000,2.200000,0.000000,0.000000,0.000000,85.387882,19.678643,5.730000,-2.952648,9.554155,1.200000,0.000000,0.000000,107.173416,-50.811183,-66.811183,30.000000,0.000000,0.000000,0.000000,0.000000,0.000000,0.000000,136.199066,86.489826,-4.756250,161.410339,-2.952648,9.554155,-1.000000,10.049876,nan,nan,nan,0,nan,nan,nan,0,nan,nan,nan,nan,nan,nan,nan,nan,nan,nan,nan,nan,nan,nan,nan,nan,nan,nan,nan,nan,nan,nan,nan,nan,nan,nan,nan,nan,nan,nan,nan,nan,nan,nan,nan,nan,nan,nan,nan,nan,nan,nan,nan,nan,nan,nan,nan,nan,nan,nan,nan,nan,nan,nan,nan,nan,nan,nan,nan,nan,nan,nan,nan,nan,nan,nan,nan,nan,nan,nan,nan,nan,nan,nan,nan,nan,nan,nan,nan,nan
1.420,IDLE,161.540545,136.048074,86.966483,-4.806250,-3.019825,9.533135,-1.000000,-50.811183,-66.811183,10.596250,0.000000,0.000000,2.200000,0.000000,0.000000,0.000000,85.236891,20.155300,5.790000,-3.019825,9.533135,1.200000,0.000000,0.000000,107.576715,-50.811183,-66.811183,30.000000,0.000000,0.000000,0.000000,0.000000,0.000000,0.000000,136.048074,86.966483,-4.806250,161.540545,-3.019825,9.533135,-1.000000,10.049876,nan,nan,nan,0,nan,nan,nan,0,nan,nan,nan,nan,nan,nan,nan,nan,nan,nan,nan,nan,nan,nan,nan,nan,nan,nan,nan,nan,nan,nan,nan,nan,nan,nan,nan,nan,nan,nan,nan,nan,nan,nan,nan,nan,nan,nan,nan,nan,nan,nan,nan,nan,nan,nan,nan,nan,nan,nan,nan,nan,nan,nan,nan,nan,nan,nan,nan,nan,nan,nan,nan,nan,nan,nan,nan,nan,nan,nan,nan,nan,nan,nan,nan,nan,nan,nan,nan,nan
1.480,IDLE,161.668822,135.893743,87.442068,-4.856250,-3.086627,9.511716,-1.000000,-50.811183,-66.811183,10.706250,0.000000,0.000000,2.200000,0.000000,0.000000,0.000000,85.082560,20.630885,5.850000,-3.086627,9.511716,1.200000,0.000000,0.000000,107.978656,-50.811183,-66.811183,30.000000,0.000000,0.000000,0.000000,0.000000,0.000000,0.000000,135.893743,87.442068,-4.856250,161.668822,-3.086627,9.511716,-1.000000,10.049876,nan,nan,nan,0,nan,nan,nan,0,nan,nan,nan,nan,nan,nan,nan,nan,nan,nan,nan,nan,nan,nan,nan,nan,nan,nan,nan,nan,nan,nan,nan,nan,nan,nan,nan,nan,nan,nan,nan,nan,nan,nan,nan,nan,nan,nan,nan,nan,nan,nan,nan,nan,nan,nan,nan,nan,nan,nan,nan,nan,nan,nan,nan,nan,nan,nan,nan,nan,nan,nan,nan,nan,nan,nan,nan,nan,nan,nan,nan,nan,nan,nan,nan,nan,nan,nan,nan,nan
1.520,IDLE,161.795178,135.736090,87.916564,-4.906250,-3.153058,9.489901,-1.000000,-50.811183,-66.811183,10.816250,0.000000,0.000000,2.200000,0.000000,0.000000,0.000000,84.924907,21.105380,5.910000,-3.153058,9.489901,1.200000,0.000000,0.000000,108.379279,-50.811183,-66.811183,30.000000,0.000000,0.000000,0.000000,0.000000,0.000000,0.000000,135.736090,87.916564,-4.906250,161.795178,-3.153058,9.489901,-1.000000,10.049876,nan,nan,nan,0,nan,nan,nan,0,nan,nan,nan,nan,nan,nan,nan,nan,nan,nan,nan,nan,nan,nan,nan,nan,nan,nan,nan,nan,nan,nan,nan,nan,nan,nan,nan,nan,nan,nan,nan,nan,nan,nan,nan,nan,nan,nan,nan,nan,nan,nan,nan,nan,nan,nan,nan,nan,nan,nan,nan,nan,nan,nan,nan,nan,nan,nan,nan,nan,nan,nan,nan,nan,nan,nan,nan,nan,nan,nan,nan,nan,nan,nan,nan,nan,nan,nan,nan,nan
1.580,IDLE,161.919623,135.575134,88.389948,-4.956250,-3.219125,9.467694,-1.000000,-50.811183,-66.811183,10.926250,0.000000,0.000000,2.200000,0.000000,0.000000,0.000000,84.763951,21.578765,5.970000,-3.219125,9.467694,1.200000,0.000000,0.000000,108.778623,-50.811183,-66.811183,30.000000,0.000000,0.000000,0.000000,0.000000,0.000000,0.000000,135.575134,88.389948,-4.956250,161.919623,-3.219125,9.467694,-1.000000,10.049876,nan,nan,nan,0,nan,nan,nan,0,nan,nan,nan,nan,nan,nan,nan,nan,nan,nan,nan,nan,nan,nan,nan,nan,nan,nan,nan,nan,nan,nan,nan,nan,nan,nan,nan,nan,nan,nan,nan,nan,nan,nan,nan,nan,nan,nan,nan,nan,nan,nan,nan,nan,nan,nan,nan,nan,nan,nan,nan,nan,nan,nan,nan,nan,nan,nan,nan,nan,nan,nan,nan,nan,nan,nan,nan,nan,nan,nan,nan,nan,nan,nan,nan,nan,nan,nan,nan,nan
1.620,IDLE,162.042166,135.410892,88.862203,-5.006250,-3.284830,9.445099,-1.000000,-50.811183,-66.811183,11.036250,0.000000,0.000000,2.200000,0.000000,0.000000,0.000000,84.599709,22.051020,6.030000,-3.284830,9.445099,1.200000,0.000000,0.000000,109.176727,-50.811183,-66.811183,30.000000,0.000000,0.000000,0.000000,0.000000,0.000000,0.000000,135.410892,88.862203,-5.006250,162.042166,-3.284830,9.445099,-1.000000,10.049876,nan,nan,nan,0,nan,nan,nan,0,nan,nan,nan,nan,nan,nan,nan,nan,nan,nan,nan,nan,nan,nan,nan,nan,nan,nan,nan,nan,nan,nan,nan,nan,nan,nan,nan,nan,nan,nan,nan,nan,nan,nan,nan,nan,nan,nan,nan,nan,nan,nan,nan,nan,nan,nan,nan,nan,nan,nan,nan,nan,nan,nan,nan,nan,nan,nan,nan,nan,nan,nan,nan,nan,nan,nan,nan,nan,nan,nan,nan,nan,nan,nan,nan,nan,nan,nan,nan,nan
1.680,IDLE,162.162815,135.243383,89.333309,-5.056250,-3.350179,9.422118,-1.000000,-50.811183,-66.811183,11.146250,0.000000,0.000000,2.200000,0.000000,0.000000,0.000000,84.432200,22.522126,6.090000,-3.350179,9.422118,1.200000,0.000000,0.000000,109.573626,-50.811183,-66.811183,30.000000,0.000000,0.000000,0.000000,0.000000,0.000000,0.000000,135.243383,89.333309,-5.056250,162.162815,-3.350179,9.422118,-1.000000,10.049876,nan,nan,nan,0,nan,nan,nan,0,nan,nan,nan,nan,nan,nan,nan,nan,nan,nan,nan,nan,nan,nan,nan,nan,nan,nan,nan,nan,nan,nan,nan,nan,nan,nan,nan,nan,nan,nan,nan,nan,nan,nan,nan,nan,nan,nan,nan,nan,nan,nan,nan,nan,nan,nan,nan,nan,nan,nan,nan,nan,nan,nan,nan,nan,nan,nan,nan,nan,nan,nan,nan,nan,nan,nan,nan,nan,nan,nan,nan,nan,nan,nan,nan,nan,nan,nan,nan,nan
1.720,IDLE,162.281579,135.072625,89.803247,-5.106250,-3.415176,9.398754,-1.000000,-50.811183,-66.811183,11.256250,0.000000,0.000000,2.200000,0.000000,0.000000,0.000000,84.261441,22.992064,6.150000,-3.415176,9.398754,1.200000,0.000000,0.000000,109.969358,-50.811183,-66.811183,30.000000,0.000000,0.000000,0.000000,0.000000,0.000000,0.000000,135.072625,89.803247,-5.106250,162.281579,-3.415176,9.398754,-1.000000,10.049876,nan,nan,nan,0,nan,nan,nan,0,nan,nan,nan,nan,nan,nan,nan,nan,nan,nan,nan,nan,nan,nan,nan,nan,nan,nan,nan,nan,nan,nan,nan,nan,nan,nan,nan,nan,nan,nan,nan,nan,nan,nan,nan,nan,nan,nan,nan,nan,nan,nan,nan,nan,nan,nan,nan,nan,nan,nan,nan,nan,nan,nan,nan,nan,nan,nan,nan,nan,nan,nan,nan,nan,nan,nan,nan,nan,nan,nan,nan,nan,nan,nan,nan,nan,nan,nan,nan,nan
1.780,IDLE,162.398466,134.898633,90.271997,-5.156250,-3.479824,9.375011,-1.000000,-50.811183,-66.811183,11.366250,0.000000,0.000000,2.200000,0.000000,0.000000,0.000000,84.087450,23.460814,6.210000,-3.479824,9.375011,1.200000,0.000000,0.000000,110.363957,-50.811183,-66.811183,30.000000,0.000000,0.000000,0.000000,0.000000,0.000000,0.000000,134.898633,90.271997,-5.156250,162.398466,-3.479824,9.375011,-1.000000,10.049876,nan,nan,nan,0,nan,nan,nan,0,nan,nan,nan,nan,nan,nan,nan,nan,nan,nan,nan,nan,nan,nan,nan,nan,nan,nan,nan,nan,nan,nan,nan,nan,nan,nan,nan,nan,nan,nan,nan,nan,nan,nan,nan,nan,nan,nan,nan,nan,nan,nan,nan,nan,nan,nan,nan,nan,nan,nan,nan,nan,nan,nan,nan,nan,nan,nan,nan,nan,nan,nan,nan,nan,nan,nan,nan,nan,nan,nan,nan,nan,nan,nan,nan,nan,nan,nan,nan,nan
1.820,IDLE,162.513484,134.721427,90.739542,-5.206250,-3.544127,9.350891,-1.000000,-50.811183,-66.811183,11.476250,0.000000,0.000000,2.200000,0.000000,0.000000,0.000000,83.910244,23.928359,6.270000,-3.544127,9.350891,1.200000,0.000000,0.000000,110.757457,-50.811183,-66.811183,30.000000,0.000000,0.000000,0.000000,0.000000,0.000000,0.000000,134.721427,90.739542,-5.206250,162.513484,-3.544127,9.350891,-1.000000,10.049876,nan,nan,nan,0,nan,nan,nan,0,nan,nan,nan,nan,nan,nan,nan,nan,nan,nan,nan,nan,nan,nan,nan,nan,nan,nan,nan,nan,nan,nan,nan,nan,nan,nan,nan,nan,nan,nan,nan,nan,nan,nan,nan,nan,nan,nan,nan,nan,nan,nan,nan,nan,nan,nan,nan,nan,nan,nan,nan,nan,nan,nan,nan,nan,nan,nan,nan,nan,nan,nan,nan,nan,nan,nan,nan,nan,nan,nan,nan,nan,nan,nan,nan,nan,nan,nan,nan,nan
1.880,IDLE,162.626640,134.541023,91.205862,-5.256250,-3.608090,9.326397,-1.000000,-50.811183,-66.811183,11.586250,0.000000,0.000000,2.200000,0.000000,0.000000,0.000000,83.729839,24.394679,6.330000,-3.608090,9.326397,1.200000,0.000000,0.000000,111.149890,-50.811183,-66.811183,30.000000,0.000000,0.000000,0.000000,0.000000,0.000000,0.000000,134.541023,91.205862,-5.256250,162.626640,-3.608090,9.326397,-1.000000,10.049876,nan,nan,nan,0,nan,nan,nan,0,nan,nan,nan,nan,nan,nan,nan,nan,nan,nan,nan,nan,nan,nan,nan,nan,nan,nan,nan,nan,nan,nan,nan,nan,nan,nan,nan,nan,nan,nan,nan,nan,nan,nan,nan,nan,nan,nan,nan,nan,nan,nan,nan,nan,nan,nan,nan,nan,nan,nan,nan,nan,nan,nan,nan,nan,nan,nan,nan,nan,nan,nan,nan,nan,nan,nan,nan,nan,nan,nan,nan,nan,nan,nan,nan,nan,nan,nan,nan,nan
1.920,IDLE,162.737943,134.357437,91.670938,-5.306250,-3.671716,9.301532,-1.000000,-50.811183,-66.811183,11.696250,0.000000,0.000000,2.200000,0.000000,0.000000,0.000000,83.546254,24.859755,6.390000,-3.671716,9.301532,1.200000,0.000000,0.000000,111.541288,-50.811183,-66.811183,30.000000,0.000000,0.000000,0.000000,0.000000,0.000000,0.000000,134.357437,91.670938,-5.306250,162.737943,-3.671716,9.301532,-1.000000,10.049876,nan,nan,nan,0,nan,nan,nan,0,nan,nan,nan,nan,nan,nan,nan,nan,nan,nan,nan,nan,nan,nan,nan,nan,nan,nan,nan,nan,nan,nan,nan,nan,nan,nan,nan,nan,nan,nan,nan,nan,nan,nan,nan,nan,nan,nan,nan,nan,nan,nan,nan,nan,nan,nan,nan,nan,nan,nan,nan,nan,nan,nan,nan,nan,nan,nan,nan,nan,nan,nan,nan,nan,nan,nan,nan,nan,nan,nan,nan,nan,nan,nan,nan,nan,nan,nan,nan,nan
1.980,IDLE,162.847399,134.170686,92.134753,-5.356250,-3.735008,9.276299,-1.000000,-50.811183,-66.811183,11.806250,0.000000,0.000000,2.200000,0.000000,0.000000,0.000000,83.359503,25.323570,6.450000,-3.735008,9.276299,1.200000,0.000000,0.000000,111.931682,-50.811183,-66.811183,30.000000,0.000000,0.000000,0.000000,0.000000,0.000000,0.000000,134.170686,92.134753,-5.356250,162.847399,-3.735008,9.276299,-1.000000,10.049876,nan,nan,nan,0,nan,nan,nan,0,nan,nan,nan,nan,nan,nan,nan,nan,nan,nan,nan,nan,nan,nan,nan,nan,nan,nan,nan,nan,nan,nan,nan,nan,nan,nan,nan,nan,nan,nan,nan,nan,nan,nan,nan,nan,nan,nan,nan,nan,nan,nan,nan,nan,nan,nan,nan,nan,nan,nan,nan,nan,nan,nan,nan,nan,nan,nan,nan,nan,nan,nan,nan,nan,nan,nan,nan,nan,nan,nan,nan,nan,nan,nan,nan,nan,nan,nan,nan,nan
2.020,IDLE,162.955015,133.980788,92.597288,-5.406250,-3.797969,9.250699,-1.000000,-50.811183,-66.811183,11.916250,0.000000,0.000000,2.200000,0.000000,0.000000,0.000000,83.169605,25.786105,6.510000,-3.797969,9.250699,1.200000,0.000000,0.000000,112.321102,-50.811183,-66.811183,30.000000,0.000000,0.000000,0.000000,0.000000,0.000000,0.000000,133.980788,92.597288,-5.406250,162.955015,-3.797969,9.250699,-1.000000,10.049876,nan,nan,nan,0,nan,nan,nan,0,nan,nan,nan,nan,nan,nan,nan,nan,nan,nan,nan,nan,nan,nan,nan,nan,nan,nan,nan,nan,nan,nan,nan,nan,nan,nan,nan,nan,nan,nan,nan,nan,nan,nan,nan,nan,nan,nan,nan,nan,nan,nan,nan,nan,nan,nan,nan,nan,nan,nan,nan,nan,nan,nan,nan,nan,nan,nan,nan,nan,nan,nan,nan,nan,nan,nan,nan,nan,nan,nan,nan,nan,nan,nan,nan,nan,nan,nan,nan,nan
2.080,IDLE,163.060798,133.787758,93.058525,-5.456250,-3.860602,9.224736,-1.000000,-50.811183,-66.811183,12.026250,0.000000,0.000000,2.200000,0.000000,0.000000,0.000000,82.976575,26.247342,6.570000,-3.860602,9.224736,1.200000,0.000000,0.000000,112.709577,-50.811183,-66.811183,30.000000,0.000000,0.000000,0.000000,0.000000,0.000000,0.000000,133.787758,93.058525,-5.456250,163.060798,-3.860602,9.224736,-1.000000,10.049876,nan,nan,nan,0,nan,nan,nan,0,nan,nan,nan,nan,nan,nan,nan,nan,nan,nan,nan,nan,nan,nan,nan,nan,nan,nan,nan,nan,nan,nan,nan,nan,nan,nan,nan,nan,nan,nan,nan,nan,nan,nan,nan,nan,nan,nan,nan,nan,nan,nan,nan,nan,nan,nan,nan,nan,nan,nan,nan,nan,nan,nan,nan,nan,nan,nan,nan,nan,nan,nan,nan,nan,nan,nan,nan,nan,nan,nan,nan,nan,nan,nan,nan,nan,nan,nan,nan,nan
2.120,IDLE,163.164755,133.591612,93.518446,-5.506250,-3.922911,9.198411,-1.000000,-50.811183,-66.811183,12.136250,0.000000,0.000000,2.200000,0.000000,0.000000,0.000000,82.780429,26.707262,6.630000,-3.922911,9.198411,1.200000,0.000000,0.000000,113.097136,-50.811183,-66.811183,30.000000,0.000000,0.000000,0.000000,0.000000,0.000000,0.000000,133.591612,93.518446,-5.506250,163.164755,-3.922911,9.198411,-1.000000,10.049876,nan,nan,nan,0,nan,nan,nan,0,nan,nan,nan,nan,nan,nan,nan,nan,nan,nan,nan,nan,nan,nan,nan,nan,nan,nan,nan,nan,nan,nan,nan,nan,nan,nan,nan,nan,nan,nan,nan,nan,nan,nan,nan,nan,nan,nan,nan,nan,nan,nan,nan,nan,nan,nan,nan,nan,nan,nan,nan,nan,nan,nan,nan,nan,nan,nan,nan,nan,nan,nan,nan,nan,nan,nan,nan,nan,nan,nan,nan,nan,nan,nan,nan,nan,nan,nan,nan,nan
2.180,IDLE,163.266892,133.392367,93.977032,-5.556250,-3.984898,9.171727,-1.000000,-50.811183,-66.811183,12.246250,0.000000,0.000000,2.200000,0.000000,0.000000,0.000000,82.581184,27.165849,6.690000,-3.984898,9.171727,1.200000,0.000000,0.000000,113.483805,-50.811183,-66.811183,30.000000,0.000000,0.000000,0.000000,0.000000,0.000000,0.000000,133.392367,93.977032,-5.556250,163.266892,-3.984898,9.171727,-1.000000,10.049876,nan,nan,nan,0,nan,nan,nan,0,nan,nan,nan,nan,nan,nan,nan,nan,nan,nan,nan,nan,nan,nan,nan,nan,nan,nan,nan,nan,nan,nan,nan,nan,nan,nan,nan,nan,nan,nan,nan,nan,nan,nan,nan,nan,nan,nan,nan,nan,nan,nan,nan,nan,nan,nan,nan,nan,nan,nan,nan,nan,nan,nan,nan,nan,nan,nan,nan,nan,nan,nan,nan,nan,nan,nan,nan,nan,nan,nan,nan,nan,nan,nan,nan,nan,nan,nan,nan,nan
2.220,IDLE,163.367216,133.190039,94.434266,-5.606250,-4.046566,9.144687,-1.000000,-50.811183,-66.811183,12.356250,0.000000,0.000000,2.200000,0.000000,0.000000,0.000000,82.378856,27.623083,6.750000,-4.046566,9.144687,1.200000,0.000000,0.000000,113.869612,-50.811183,-66.811183,30.000000,0.000000,0.000000,0.000000,0.000000,0.000000,0.000000,133.190039,94.434266,-5.606250,163.367216,-4.046566,9.144687,-1.000000,10.049876,nan,nan,nan,0,nan,nan,nan,0,nan,nan,nan,nan,nan,nan,nan,nan,nan,nan,nan,nan,nan,nan,nan,nan,nan,nan,nan,nan,nan,nan,nan,nan,nan,nan,nan,nan,nan,nan,nan,nan,nan,nan,nan,nan,nan,nan,nan,nan,nan,nan,nan,nan,nan,nan,nan,nan,nan,nan,nan,nan,nan,nan,nan,nan,nan,nan,nan,nan,nan,nan,nan,nan,nan,nan,nan,nan,nan,nan,nan,nan,nan,nan,nan,nan,nan,nan,nan,nan
2.280,IDLE,163.465732,132.984643,94.890131,-5.656250,-4.107917,9.117292,-1.000000,-50.811183,-66.811183,12.466250,0.000000,0.000000,2.200000,0.000000,0.000000,0.000000,82.173460,28.078948,6.810000,-4.107917,9.117292,1.200000,0.000000,0.000000,114.254581,-50.811183,-66.811183,30.000000,0.000000,0.000000,0.000000,0.000000,0.000000,0.000000,132.984643,94.890131,-5.656250,163.465732,-4.107917,9.117292,-1.000000,10.049876,nan,nan,nan,0,nan,nan,nan,0,nan,nan,nan,nan,nan,nan,nan,nan,nan,nan,nan,nan,nan,nan,nan,nan,nan,nan,nan,nan,nan,nan,nan,nan,nan,nan,nan,nan,nan,nan,nan,nan,nan,nan,nan,nan,nan,nan,nan,nan,nan,nan,nan,nan,nan,nan,nan,nan,nan,nan,nan,nan,nan,nan,nan,nan,nan,nan,nan,nan,nan,nan,nan,nan,nan,nan,nan,nan,nan,nan,nan,nan,nan,nan,nan,nan,nan,nan,nan,nan
2.320,IDLE,163.562446,132.776195,95.344608,-5.706250,-4.168954,9.089545,-1.000000,-50.811183,-66.811183,12.576250,0.000000,0.000000,2.200000,0.000000,0.000000,0.000000,81.965012,28.533425,6.870000,-4.168954,9.089545,1.200000,0.000000,0.000000,114.638738,-50.811183,-66.811183,30.000000,0.000000,0.000000,0.000000,0.000000,0.000000,0.000000,132.776195,95.344608,-5.706250,163.562446,-4.168954,9.089545,-1.000000,10.049876,nan,nan,nan,0,nan,nan,nan,0,nan,nan,nan,nan,nan,nan,nan,nan,nan,nan,nan,nan,nan,nan,nan,nan,nan,nan,nan,nan,nan,nan,nan,nan,nan,nan,nan,nan,nan,nan,nan,nan,nan,nan,nan,nan,nan,nan,nan,nan,nan,nan,nan,nan,nan,nan,nan,nan,nan,nan,nan,nan,nan,nan,nan,nan,nan,nan,nan,nan,nan,nan,nan,nan,nan,nan,nan,nan,nan,nan,nan,nan,nan,nan,nan,nan,nan,nan,nan,nan
2.380,IDLE,163.657364,132.564711,95.797680,-5.756250,-4.229679,9.061447,-1.000000,-50.811183,-66.811183,12.686250,0.000000,0.000000,2.200000,0.000000,0.000000,0.000000,81.753528,28.986497,6.930000,-4.229679,9.061447,1.200000,0.000000,0.000000,115.022108,-50.811183,-66.811183,30.000000,0.000000,0.000000,0.000000,0.000000,0.000000,0.000000,132.564711,95.797680,-5.756250,163.657364,-4.229679,9.061447,-1.000000,10.049876,nan,nan,nan,0,nan,nan,nan,0,nan,nan,nan,nan,nan,nan,nan,nan,nan,nan,nan,nan,nan,nan,nan,nan,nan,nan,nan,nan,nan,nan,nan,nan,nan,nan,nan,nan,nan,nan,nan,nan,nan,nan,nan,nan,nan,nan,nan,nan,nan,nan,nan,nan,nan,nan,nan,nan,nan,nan,nan,nan,nan,nan,nan,nan,nan,nan,nan,nan,nan,nan,nan,nan,nan,nan,nan,nan,nan,nan,nan,nan,nan,nan,nan,nan,nan,nan,nan,nan
2.420,IDLE,163.750491,132.350207,96.249330,-5.806250,-4.290094,9.033000,-1.000000,-50.811183,-66.811183,12.796250,0.000000,0.000000,2.200000,0.000000,0.000000,0.000000,81.539024,29.438147,6.990000,-4.290094,9.033000,1.200000,0.000000,0.000000,115.404713,-50.811183,-66.811183,30.000000,0.000000,0.000000,0.000000,0.000000,0.000000,0.000000,132.350207,96.249330,-5.806250,163.750491,-4.290094,9.033000,-1.000000,10.049876,nan,nan,nan,0,nan,nan,nan,0,nan,nan,nan,nan,nan,nan,nan,nan,nan,nan,nan,nan,nan,nan,nan,nan,nan,nan,nan,nan,nan,nan,nan,nan,nan,nan,nan,nan,nan,nan,nan,nan,nan,nan,nan,nan,nan,nan,nan,nan,nan,nan,nan,nan,nan,nan,nan,nan,nan,nan,nan,nan,nan,nan,nan,nan,nan,nan,nan,nan,nan,nan,nan,nan,nan,nan,nan,nan,nan,nan,nan,nan,nan,nan,nan,nan,nan,nan,nan,nan
2.480,IDLE,163.841833,132.132697,96.699541,-5.856250,-4.350202,9.004207,-1.000000,-50.811183,-66.811183,12.906250,0.000000,0.000000,2.200000,0.000000,0.000000,0.000000,81.321513,29.888358,7.050000,-4.350202,9.004207,1.200000,0.000000,0.000000,115.786577,-50.811183,-66.811183,30.000000,0.000000,0.000000,0.000000,0.000000,0.000000,0.000000,132.132697,96.699541,-5.856250,163.841833,-4.350202,9.004207,-1.000000,10.049876,nan,nan,nan,0,nan,nan,nan,0,nan,nan,nan,nan,nan,nan,nan,nan,nan,nan,nan,nan,nan,nan,nan,nan,nan,nan,nan,nan,nan,nan,nan,nan,nan,nan,nan,nan,nan,nan,nan,nan,nan,nan,nan,nan,nan,nan,nan,nan,nan,nan,nan,nan,nan,nan,nan,nan,nan,nan,nan,nan,nan,nan,nan,nan,nan,nan,nan,nan,nan,nan,nan,nan,nan,nan,nan,nan,nan,nan,nan,nan,nan,nan,nan,nan,nan,nan,nan,nan
2.520,IDLE,163.931396,131.912197,97.148294,-5.906250,-4.410003,8.975070,-1.000000,-50.811183,-66.811183,13.016250,0.000000,0.000000,2.200000,0.000000,0.000000,0.000000,81.101013,30.337111,7.110000,-4.410003,8.975070,1.200000,0.000000,0.000000,116.167722,-50.811183,-66.811183,30.000000,0.000000,0.000000,0.000000,0.000000,0.000000,0.000000,131.912197,97.148294,-5.906250,163.931396,-4.410003,8.975070,-1.000000,10.049876,nan,nan,nan,0,nan,nan,nan,0,nan,nan,nan,nan,nan,nan,nan,nan,nan,nan,nan,nan,nan,nan,nan,nan,nan,nan,nan,nan,nan,nan,nan,nan,nan,nan,nan,nan,nan,nan,nan,nan,nan,nan,nan,nan,nan,nan,nan,nan,nan,nan,nan,nan,nan,nan,nan,nan,nan,nan,nan,nan,nan,nan,nan,nan,nan,nan,nan,nan,nan,nan,nan,nan,nan,nan,nan,nan,nan,nan,nan,nan,nan,nan,nan,nan,nan,nan,nan,nan
2.580,APPROACH,164.019183,131.688721,97.595574,-5.956250,-4.469500,8.945589,-1.000000,-50.811183,-66.811183,13.126250,0.000000,0.000000,2.200000,0.000000,0.000000,0.000000,80.877538,30.784391,7.170000,-4.469500,8.945589,1.200000,0.000000,0.000000,116.548169,-50.811183,-66.811183,30.000000,0.000000,0.000000,0.000000,0.000000,0.000000,0.000000,131.688721,97.595574,-5.956250,164.019183,-4.469500,8.945589,-1.000000,10.049876,nan,nan,nan,0,nan,nan,nan,0,nan,nan,nan,nan,nan,nan,nan,nan,nan,nan,nan,nan,nan,nan,nan,nan,nan,nan,nan,nan,nan,nan,nan,nan,nan,nan,nan,nan,nan,nan,nan,nan,nan,nan,nan,nan,nan,nan,nan,nan,nan,nan,nan,nan,nan,nan,nan,nan,nan,nan,2.000000,163.910998,28.446713,-161.423666,10.000000,0.000000,164.026567,28.446713,-161.423666,-6.156250,10.000000,0.000000,10.049876,inf,0.000000,1.000000,0.000000,0.000000,0.000000,0.000000,0.000000,0.000000,0.000000,0.000000,0.000000,0.000000,25.000000,2.787201,27.130077,nan
2.620,APPROACH,164.105200,131.462287,98.041362,-6.006250,-4.528695,8.915768,-1.000000,-50.811183,-66.811183,13.236250,0.000000,0.000000,2.200000,0.000000,0.000000,0.000000,80.651104,31.230179,7.230000,-4.528695,8.915768,1.200000,0.000000,0.000000,116.927939,-50.811183,-66.811183,30.000000,0.000000,0.000000,0.000000,0.000000,0.000000,0.000000,131.462287,98.041362,-6.006250,164.105200,-4.528695,8.915768,-1.000000,10.049876,nan,nan,nan,0,nan,nan,nan,0,nan,nan,nan,nan,nan,nan,nan,nan,nan,nan,nan,nan,nan,nan,nan,nan,nan,nan,nan,nan,nan,nan,nan,nan,nan,nan,nan,nan,nan,nan,nan,nan,nan,nan,nan,nan,nan,nan,nan,nan,nan,nan,nan,nan,nan,nan,nan,nan,nan,nan,2.000000,163.995248,27.876141,-161.608670,10.000000,0.000000,164.112641,27.876141,-161.608670,-6.206250,10.000000,0.000000,10.049876,inf,0.000000,1.000000,0.000000,0.000000,0.000000,0.000000,0.000000,0.000000,0.000000,0.000000,0.000000,0.000000,25.000000,2.492219,27.169228,nan
2.680,APPROACH,164.189451,131.232907,98.485642,-6.056250,-4.587589,8.885608,-1.000000,-50.811183,-66.811183,13.346250,0.000000,0.000000,2.200000,0.000000,0.000000,0.000000,80.421724,31.674459,7.290000,-4.587589,8.885608,1.200000,0.000000,0.000000,117.307053,-50.811183,-66.811183,30.000000,0.000000,0.000000,0.000000,0.000000,0.000000,0.000000,131.232907,98.485642,-6.056250,164.189451,-4.587589,8.885608,-1.000000,10.049876,nan,nan,nan,0,nan,nan,nan,0,nan,nan,nan,nan,nan,nan,nan,nan,nan,nan,nan,nan,nan,nan,nan,nan,nan,nan,nan,nan,nan,nan,nan,nan,nan,nan,nan,nan,nan,nan,nan,nan,nan,nan,nan,nan,nan,nan,nan,nan,nan,nan,nan,nan,nan,nan,nan,nan,nan,nan,2.000000,164.077719,27.306209,-161.789581,10.000000,0.000000,164.196950,27.306209,-161.789581,-6.256250,10.000000,0.000000,10.049876,inf,0.000000,1.000000,0.000000,0.000000,0.000000,0.000000,0.000000,0.000000,0.000000,0.000000,0.000000,0.000000,25.000000,2.284488,27.196798,nan
2.720,APPROACH,164.271942,131.000598,98.928398,-6.106250,-4.646184,8.855110,-1.000000,-50.811183,-66.811183,13.456250,0.000000,0.000000,2.200000,0.000000,0.000000,0.000000,80.189415,32.117215,7.350000,-4.646184,8.855110,1.200000,0.000000,0.000000,117.685530,-50.811183,-66.811183,30.000000,0.000000,0.000000,0.000000,0.000000,0.000000,0.000000,131.000598,98.928398,-6.106250,164.271942,-4.646184,8.855110,-1.000000,10.049876,nan,nan,nan,0,nan,nan,nan,0,nan,nan,nan,nan,nan,nan,nan,nan,nan,nan,nan,nan,nan,nan,nan,nan,nan,nan,nan,nan,nan,nan,nan,nan,nan,nan,nan,nan,nan,nan,nan,nan,nan,nan,nan,nan,nan,nan,nan,nan,nan,nan,nan,nan,nan,nan,nan,nan,nan,nan,2.000000,164.158413,26.736893,-161.966426,10.000000,0.000000,164.279498,26.736893,-161.966426,-6.306250,10.000000,0.000000,10.049876,inf,0.000000,1.000000,0.000000,0.000000,0.000000,0.000000,0.000000,0.000000,0.000000,0.000000,0.000000,0.000000,25.000000,2.188972,27.209475,nan
2.780,APPROACH,164.352676,130.765374,99.369612,-6.156250,-4.704481,8.824277,-1.000000,-50.811183,-66.811183,13.566250,0.000000,0.000000,2.200000,0.000000,0.000000,0.000000,79.954191,32.558429,7.410000,-4.704481,8.824277,1.200000,0.000000,0.000000,118.063389,-50.811183,-66.811183,30.000000,0.000000,0.000000,0.000000,0.000000,0.000000,0.000000,130.765374,99.369612,-6.156250,164.352676,-4.704481,8.824277,-1.000000,10.049876,nan,nan,nan,0,nan,nan,nan,0,nan,nan,nan,nan,nan,nan,nan,nan,nan,nan,nan,nan,nan,nan,nan,nan,nan,nan,nan,nan,nan,nan,nan,nan,nan,nan,nan,nan,nan,nan,nan,nan,nan,nan,nan,nan,nan,nan,nan,nan,nan,nan,nan,nan,nan,nan,nan,nan,nan,nan,2.000000,164.237337,26.168170,-162.139229,10.000000,0.000000,164.360289,26.168170,-162.139229,-6.356250,10.000000,0.000000,10.049876,inf,0.000000,1.000000,0.000000,0.000000,0.000000,0.000000,0.000000,0.000000,0.000000,0.000000,0.000000,0.000000,25.000000,2.220179,27.205333,nan
2.820,APPROACH,164.431659,130.527250,99.809267,-6.206250,-4.762482,8.793109,-1.000000,-50.811183,-66.811183,13.676250,0.000000,0.000000,2.200000,0.000000,0.000000,0.000000,79.716067,32.998084,7.470000,-4.762482,8.793109,1.200000,0.000000,0.000000,118.440648,-50.811183,-66.811183,30.000000,0.000000,0.000000,0.000000,0.000000,0.000000,0.000000,130.527250,99.809267,-6.206250,164.431659,-4.762482,8.793109,-1.000000,10.049876,nan,nan,nan,0,nan,nan,nan,0,nan,nan,nan,nan,nan,nan,nan,nan,nan,nan,nan,nan,nan,nan,nan,nan,nan,nan,nan,nan,nan,nan,nan,nan,nan,nan,nan,nan,nan,nan,nan,nan,nan,nan,nan,nan,nan,nan,nan,nan,nan,nan,nan,nan,nan,nan,nan,nan,nan,nan,2.000000,164.314494,25.600017,-162.308016,10.000000,0.000000,164.439329,25.600017,-162.308016,-6.406250,10.000000,0.000000,10.049876,inf,0.000000,1.000000,0.000000,0.000000,0.000000,0.000000,0.000000,0.000000,0.000000,0.000000,0.000000,0.000000,25.000000,2.373092,27.185038,nan
2.880,APPROACH,164.508893,130.286241,100.247348,-6.256250,-4.820186,8.761610,-1.000000,-50.811183,-66.811183,13.786250,0.000000,0.000000,2.200000,0.000000,0.000000,0.000000,79.475057,33.436165,7.530000,-4.820186,8.761610,1.200000,0.000000,0.000000,118.817326,-50.811183,-66.811183,30.000000,0.000000,0.000000,0.000000,0.000000,0.000000,0.000000,130.286241,100.247348,-6.256250,164.508893,-4.820186,8.761610,-1.000000,10.049876,nan,nan,nan,0,nan,nan,nan,0,nan,nan,nan,nan,nan,nan,nan,nan,nan,nan,nan,nan,nan,nan,nan,nan,nan,nan,nan,nan,nan,nan,nan,nan,nan,nan,nan,nan,nan,nan,nan,nan,nan,nan,nan,nan,nan,nan,nan,nan,nan,nan,nan,nan,nan,nan,nan,nan,nan,nan,2.000000,164.389888,25.032415,-162.472808,10.000000,0.000000,164.516620,25.032415,-162.472808,-6.456250,10.000000,0.000000,10.049876,inf,0.000000,1.000000,0.000000,0.000000,0.000000,0.000000,0.000000,0.000000,0.000000,0.000000,0.000000,0.000000,25.000000,2.626514,27.151404,nan
2.920,APPROACH,164.584384,130.042361,100.683837,-6.306250,-4.877597,8.729779,-1.000000,-50.811183,-66.811183,13.896250,0.000000,0.000000,2.200000,0.000000,0.000000,0.000000,79.231178,33.872654,7.590000,-4.877597,8.729779,1.200000,0.000000,0.000000,119.193440,-50.811183,-66.811183,30.000000,0.000000,0.000000,0.000000,0.000000,0.000000,0.000000,130.042361,100.683837,-6.306250,164.584384,-4.877597,8.729779,-1.000000,10.049876,nan,nan,nan,0,nan,nan,nan,0,nan,nan,nan,nan,nan,nan,nan,nan,nan,nan,nan,nan,nan,nan,nan,nan,nan,nan,nan,nan,nan,nan,nan,nan,nan,nan,nan,nan,nan,nan,nan,nan,nan,nan,nan,nan,nan,nan,nan,nan,nan,nan,nan,nan,nan,nan,nan,nan,nan,nan,2.000000,164.463524,24.465342,-162.633630,10.000000,0.000000,164.592168,24.465342,-162.633630,-6.506250,10.000000,0.000000,10.049876,inf,0.000000,1.000000,0.000000,0.000000,0.000000,0.000000,0.000000,0.000000,0.000000,0.000000,0.000000,0.000000,25.000000,2.954671,27.107850,nan
2.980,APPROACH,164.658135,129.795625,101.118718,-6.356250,-4.934715,8.697620,-1.000000,-50.811183,-66.811183,14.006250,0.000000,0.000000,2.200000,0.000000,0.000000,0.000000,78.984442,34.307535,7.650000,-4.934715,8.697620,1.200000,0.000000,0.000000,119.569007,-50.811183,-66.811183,30.000000,0.000000,0.000000,0.000000,0.000000,0.000000,0.000000,129.795625,101.118718,-6.356250,164.658135,-4.934715,8.697620,-1.000000,10.049876,nan,nan,nan,0,nan,nan,nan,0,nan,nan,nan,nan,nan,nan,nan,nan,nan,nan,nan,nan,nan,nan,nan,nan,nan,nan,nan,nan,nan,nan,nan,nan,nan,nan,nan,nan,nan,nan,nan,nan,nan,nan,nan,nan,nan,nan,nan,nan,nan,nan,nan,nan,nan,nan,nan,nan,nan,nan,2.000000,164.535405,23.898780,-162.790502,10.000000,0.000000,164.665976,23.898780,-162.790502,-6.556250,10.000000,0.000000,10.049876,inf,0.000000,1.000000,0.000000,0.000000,0.000000,0.000000,0.000000,0.000000,0.000000,0.000000,0.000000,0.000000,25.000000,3.335551,27.057299,nan
3.020,APPROACH,164.730149,129.546048,101.551974,-6.406250,-4.991540,8.665133,-1.000000,-50.811183,-66.811183,14.116250,0.000000,0.000000,2.200000,0.000000,0.000000,0.000000,78.734865,34.740791,7.710000,-4.991540,8.665133,1.200000,0.000000,0.000000,119.944043,-50.811183,-66.811183,30.000000,0.000000,0.000000,0.000000,0.000000,0.000000,0.000000,129.546048,101.551974,-6.406250,164.730149,-4.991540,8.665133,-1.000000,10.049876,nan,nan,nan,0,nan,nan,nan,0,nan,nan,nan,nan,nan,nan,nan,nan,nan,nan,nan,nan,nan,nan,nan,nan,nan,nan,nan,nan,nan,nan,nan,nan,nan,nan,nan,nan,nan,nan,nan,nan,nan,nan,nan,nan,nan,nan,nan,nan,nan,nan,nan,nan,nan,nan,nan,nan,nan,nan,2.000000,164.605535,23.332712,-162.943446,10.000000,0.000000,164.738048,23.332712,-162.943446,-6.606250,10.000000,0.000000,10.049876,inf,0.000000,1.000000,0.000000,0.000000,0.000000,0.000000,0.000000,0.000000,0.000000,0.000000,0.000000,0.000000,25.000000,3.753114,27.001879,nan
3.080,APPROACH,164.800432,129.293644,101.983590,-6.456250,-5.048073,8.632320,-1.000000,-50.811183,-66.811183,14.226250,0.000000,0.000000,2.200000,0.000000,0.000000,0.000000,78.482461,35.172407,7.770000,-5.048073,8.632320,1.200000,0.000000,0.000000,120.318565,-50.811183,-66.811183,30.000000,0.000000,0.000000,0.000000,0.000000,0.000000,0.000000,129.293644,101.983590,-6.456250,164.800432,-5.048073,8.632320,-1.000000,10.049876,nan,nan,nan,0,nan,nan,nan,0,nan,nan,nan,nan,nan,nan,nan,nan,nan,nan,nan,nan,nan,nan,nan,nan,nan,nan,nan,nan,nan,nan,nan,nan,nan,nan,nan,nan,nan,nan,nan,nan,nan,nan,nan,nan,nan,nan,nan,nan,nan,nan,nan,nan,nan,nan,nan,nan,nan,nan,2.000000,164.673918,22.767120,-163.092481,10.000000,0.000000,164.808388,22.767120,-163.092481,-6.656250,10.000000,0.000000,10.049876,inf,0.000000,1.000000,0.000000,0.000000,0.000000,0.000000,0.000000,0.000000,0.000000,0.000000,0.000000,0.000000,25.000000,4.196397,26.943046,nan
3.120,APPROACH,164.868986,129.038429,102.413550,-6.506250,-5.104317,8.599183,-1.000000,-50.811183,-66.811183,14.336250,0.000000,0.000000,2.200000,0.000000,0.000000,0.000000,78.227245,35.602366,7.830000,-5.104317,8.599183,1.200000,0.000000,0.000000,120.692586,-50.811183,-66.811183,30.000000,0.000000,0.000000,0.000000,0.000000,0.000000,0.000000,129.038429,102.413550,-6.506250,164.868986,-5.104317,8.599183,-1.000000,10.049876,nan,nan,nan,0,nan,nan,nan,0,nan,nan,nan,nan,nan,nan,nan,nan,nan,nan,nan,nan,nan,nan,nan,nan,nan,nan,nan,nan,nan,nan,nan,nan,nan,nan,nan,nan,nan,nan,nan,nan,nan,nan,nan,nan,nan,nan,nan,nan,nan,nan,nan,nan,nan,nan,nan,nan,nan,nan,2.000000,164.740557,22.201989,-163.237627,10.000000,0.000000,164.876999,22.201989,-163.237627,-6.706250,10.000000,0.000000,10.049876,inf,0.000000,1.000000,0.000000,0.000000,0.000000,0.000000,0.000000,0.000000,0.000000,0.000000,0.000000,0.000000,25.000000,4.658041,26.881775,nan
3.180,APPROACH,164.935814,128.780415,102.841836,-6.556250,-5.160270,8.565723,-1.000000,-50.811183,-66.811183,14.446250,0.000000,0.000000,2.200000,0.000000,0.000000,0.000000,77.969232,36.030653,7.890000,-5.160270,8.565723,1.200000,0.000000,0.000000,121.066124,-50.811183,-66.811183,30.000000,0.000000,0.000000,0.000000,0.000000,0.000000,0.000000,128.780415,102.841836,-6.556250,164.935814,-5.160270,8.565723,-1.000000,10.049876,nan,nan,nan,0,nan,nan,nan,0,nan,nan,nan,nan,nan,nan,nan,nan,nan,nan,nan,nan,nan,nan,nan,nan,nan,nan,nan,nan,nan,nan,nan,nan,nan,nan,nan,nan,nan,nan,nan,nan,nan,nan,nan,nan,nan,nan,nan,nan,nan,nan,nan,nan,nan,nan,nan,nan,nan,nan,2.000000,164.805456,21.637304,-163.378902,10.000000,0.000000,164.943886,21.637304,-163.378902,-6.756250,10.000000,0.000000,10.049876,inf,0.000000,1.000000,0.000000,0.000000,0.000000,0.000000,0.000000,0.000000,0.000000,0.000000,0.000000,0.000000,25.000000,5.133070,26.818729,nan
3.220,APPROACH,165.000921,128.519618,103.268433,-6.606250,-5.215933,8.531942,-1.000000,-50.811183,-66.811183,14.556250,0.000000,0.000000,2.200000,0.000000,0.000000,0.000000,77.708435,36.457250,7.950000,-5.215933,8.531942,1.200000,0.000000,0.000000,121.439191,-50.811183,-66.811183,30.000000,0.000000,0.000000,0.000000,0.000000,0.000000,0.000000,128.519618,103.268433,-6.606250,165.000921,-5.215933,8.531942,-1.000000,10.049876,nan,nan,nan,0,nan,nan,nan,0,nan,nan,nan,nan,nan,nan,nan,nan,nan,nan,nan,nan,nan,nan,nan,nan,nan,nan,nan,nan,nan,nan,nan,nan,nan,nan,nan,nan,nan,nan,nan,nan,nan,nan,nan,nan,nan,nan,nan,nan,nan,nan,nan,nan,nan,nan,nan,nan,nan,nan,2.000000,164.868619,21.073052,-163.516323,10.000000,0.000000,165.009050,21.073052,-163.516323,-6.806250,10.000000,0.000000,10.049876,inf,0.000000,1.000000,0.000000,0.000000,0.000000,0.000000,0.000000,0.000000,0.000000,0.000000,0.000000,0.000000,25.000000,5.618066,26.754359,nan
3.280,APPROACH,165.064310,128.256053,103.693325,-6.656250,-5.271309,8.497841,-1.000000,-50.811183,-66.811183,14.666250,0.000000,0.000000,2.200000,0.000000,0.000000,0.000000,77.444870,36.882142,8.010000,-5.271309,8.497841,1.200000,0.000000,0.000000,121.811802,-50.811183,-66.811183,30.000000,0.000000,0.000000,0.000000,0.000000,0.000000,0.000000,128.256053,103.693325,-6.656250,165.064310,-5.271309,8.497841,-1.000000,10.049876,nan,nan,nan,0,nan,nan,nan,0,nan,nan,nan,nan,nan,nan,nan,nan,nan,nan,nan,nan,nan,nan,nan,nan,nan,nan,nan,nan,nan,nan,nan,nan,nan,nan,nan,nan,nan,nan,nan,nan,nan,nan,nan,nan,nan,nan,nan,nan,nan,nan,nan,nan,nan,nan,nan,nan,nan,nan,2.000000,164.930048,20.509219,-163.649909,10.000000,0.000000,165.072496,20.509219,-163.649909,-6.856250,10.000000,0.000000,10.049876,inf,0.000000,1.000000,0.000000,0.000000,0.000000,0.000000,0.000000,0.000000,0.000000,0.000000,0.000000,0.000000,25.000000,6.110634,26.688984,nan
3.320,APPROACH,165.125983,127.989733,104.116496,-6.706250,-5.326395,8.463422,-1.000000,-50.811183,-66.811183,14.776250,0.000000,0.000000,2.200000,0.000000,0.000000,0.000000,77.178550,37.305313,8.070000,-5.326395,8.463422,1.200000,0.000000,0.000000,122.183972,-50.811183,-66.811183,30.000000,0.000000,0.000000,0.000000,0.000000,0.000000,0.000000,127.989733,104.116496,-6.706250,165.125983,-5.326395,8.463422,-1.000000,10.049876,nan,nan,nan,0,nan,nan,nan,0,nan,nan,nan,nan,nan,nan,nan,nan,nan,nan,nan,nan,nan,nan,nan,nan,nan,nan,nan,nan,nan,nan,nan,nan,nan,nan,nan,nan,nan,nan,nan,nan,nan,nan,nan,nan,nan,nan,nan,nan,nan,nan,nan,nan,nan,nan,nan,nan,nan,nan,2.000000,164.989747,19.945793,-163.779675,10.000000,0.000000,165.134227,19.945793,-163.779675,-6.906250,10.000000,0.000000,10.049876,inf,0.000000,1.000000,0.000000,0.000000,0.000000,0.000000,0.000000,0.000000,0.000000,0.000000,0.000000,0.000000,25.000000,6.609059,26.622832,nan
3.380,APPROACH,165.185944,127.720673,104.537930,-6.756250,-5.381194,8.428686,-1.000000,-50.811183,-66.811183,14.886250,0.000000,0.000000,2.200000,0.000000,0.000000,0.000000,76.909490,37.726747,8.130000,-5.381194,8.428686,1.200000,0.000000,0.000000,122.555712,-50.811183,-66.811183,30.000000,0.000000,0.000000,0.000000,0.000000,0.000000,0.000000,127.720673,104.537930,-6.756250,165.185944,-5.381194,8.428686,-1.000000,10.049876,nan,nan,nan,0,nan,nan,nan,0,nan,nan,nan,nan,nan,nan,nan,nan,nan,nan,nan,nan,nan,nan,nan,nan,nan,nan,nan,nan,nan,nan,nan,nan,nan,nan,nan,nan,nan,nan,nan,nan,nan,nan,nan,nan,nan,nan,nan,nan,nan,nan,nan,nan,nan,nan,nan,nan,nan,nan,2.000000,165.047718,19.382763,-163.905637,10.000000,0.000000,165.194245,19.382763,-163.905637,-6.956250,10.000000,0.000000,10.049876,inf,0.000000,1.000000,0.000000,0.000000,0.000000,0.000000,0.000000,0.000000,0.000000,0.000000,0.000000,0.000000,25.000000,7.112087,26.556070,nan
3.420,APPROACH,165.244196,127.448888,104.957612,-6.806250,-5.435706,8.393635,-1.000000,-50.811183,-66.811183,14.996250,0.000000,0.000000,2.200000,0.000000,0.000000,0.000000,76.637705,38.146429,8.190000,-5.435706,8.393635,1.200000,0.000000,0.000000,122.927036,-50.811183,-66.811183,30.000000,0.000000,0.000000,0.000000,0.000000,0.000000,0.000000,127.448888,104.957612,-6.806250,165.244196,-5.435706,8.393635,-1.000000,10.049876,nan,nan,nan,0,nan,nan,nan,0,nan,nan,nan,nan,nan,nan,nan,nan,nan,nan,nan,nan,nan,nan,nan,nan,nan,nan,nan,nan,nan,nan,nan,nan,nan,nan,nan,nan,nan,nan,nan,nan,nan,nan,nan,nan,nan,nan,nan,nan,nan,nan,nan,nan,nan,nan,nan,nan,nan,nan,2.000000,165.103965,18.820119,-164.027810,10.000000,0.000000,165.252555,18.820119,-164.027810,-7.006250,10.000000,0.000000,10.049876,inf,0.000000,1.000000,0.000000,0.000000,0.000000,0.000000,0.000000,0.000000,0.000000,0.000000,0.000000,0.000000,25.000000,7.618783,26.488820,nan
3.480,APPROACH,165.300742,127.174392,105.375526,-6.856250,-5.489930,8.358269,-1.000000,-50.811183,-66.811183,15.106250,0.000000,0.000000,2.200000,0.000000,0.000000,0.000000,76.363208,38.564342,8.250000,-5.489930,8.358269,1.200000,0.000000,0.000000,123.297956,-50.811183,-66.811183,30.000000,0.000000,0.000000,0.000000,0.000000,0.000000,0.000000,127.174392,105.375526,-6.856250,165.300742,-5.489930,8.358269,-1.000000,10.049876,nan,nan,nan,0,nan,nan,nan,0,nan,nan,nan,nan,nan,nan,nan,nan,nan,nan,nan,nan,nan,nan,nan,nan,nan,nan,nan,nan,nan,nan,nan,nan,nan,nan,nan,nan,nan,nan,nan,nan,nan,nan,nan,nan,nan,nan,nan,nan,nan,nan,nan,nan,nan,nan,nan,nan,nan,nan,2.000000,165.158491,18.257852,-164.146210,10.000000,0.000000,165.309159,18.257852,-164.146210,-7.056250,10.000000,0.000000,10.049876,inf,0.000000,1.000000,0.000000,0.000000,0.000000,0.000000,0.000000,0.000000,0.000000,0.000000,0.000000,0.000000,25.000000,8.128441,26.421177,nan
3.520,APPROACH,165.355585,126.897198,105.791655,-6.906250,-5.543867,8.322592,-1.000000,-50.811183,-66.811183,15.216250,0.000000,0.000000,2.200000,0.000000,0.000000,0.000000,76.086015,38.980472,8.310000,-5.543867,8.322592,1.200000,0.000000,0.000000,123.668485,-50.811183,-66.811183,30.000000,0.000000,0.000000,0.000000,0.000000,0.000000,0.000000,126.897198,105.791655,-6.906250,165.355585,-5.543867,8.322592,-1.000000,10.049876,nan,nan,nan,0,nan,nan,nan,0,nan,nan,nan,nan,nan,nan,nan,nan,nan,nan,nan,nan,nan,nan,nan,nan,nan,nan,nan,nan,nan,nan,nan,nan,nan,nan,nan,nan,nan,nan,nan,nan,nan,nan,nan,nan,nan,nan,nan,nan,nan,nan,nan,nan,nan,nan,nan,nan,nan,nan,2.000000,165.211299,17.695953,-164.260849,10.000000,0.000000,165.364059,17.695953,-164.260849,-7.106250,10.000000,0.000000,10.049876,inf,0.000000,1.000000,0.000000,0.000000,0.000000,0.000000,0.000000,0.000000,0.000000,0.000000,0.000000,0.000000,24.000000,3.135719,26.082849,nan
3.580,APPROACH,165.408727,126.617322,106.205985,-6.956250,-5.597518,8.286603,-1.000000,-50.811183,-66.811183,15.326250,0.000000,0.000000,2.200000,0.000000,0.000000,0.000000,75.806139,39.394802,8.370000,-5.597518,8.286603,1.200000,0.000000,0.000000,124.038634,-50.811183,-66.811183,30.000000,0.000000,0.000000,0.000000,0.000000,0.000000,0.000000,126.617322,106.205985,-6.956250,165.408727,-5.597518,8.286603,-1.000000,10.049876,nan,nan,nan,0,nan,nan,nan,0,nan,nan,nan,nan,nan,nan,nan,nan,nan,nan,nan,nan,nan,nan,nan,nan,nan,nan,nan,nan,nan,nan,nan,nan,nan,nan,nan,nan,nan,nan,nan,nan,nan,nan,nan,nan,nan,nan,nan,nan,nan,nan,nan,nan,nan,nan,nan,nan,nan,nan,2.000000,165.262390,17.134414,-164.371742,10.000000,0.000000,165.417259,17.134414,-164.371742,-7.156250,10.000000,0.000000,10.049876,inf,0.000000,1.000000,0.000000,0.000000,0.000000,0.000000,0.000000,0.000000,0.000000,0.000000,0.000000,0.000000,24.000000,2.779567,26.130228,nan
3.620,APPROACH,165.460172,126.334778,106.618501,-7.006250,-5.650882,8.250305,-1.000000,-50.811183,-66.811183,15.436250,0.000000,0.000000,2.200000,0.000000,0.000000,0.000000,75.523595,39.807317,8.430000,-5.650882,8.250305,1.200000,0.000000,0.000000,124.408415,-50.811183,-66.811183,30.000000,0.000000,0.000000,0.000000,0.000000,0.000000,0.000000,126.334778,106.618501,-7.006250,165.460172,-5.650882,8.250305,-1.000000,10.049876,nan,nan,nan,0,nan,nan,nan,0,nan,nan,nan,nan,nan,nan,nan,nan,nan,nan,nan,nan,nan,nan,nan,nan,nan,nan,nan,nan,nan,nan,nan,nan,nan,nan,nan,nan,nan,nan,nan,nan,nan,nan,nan,nan,nan,nan,nan,nan,nan,nan,nan,nan,nan,nan,nan,nan,nan,nan,2.000000,165.311769,16.573227,-164.478901,10.000000,-0.000000,165.468761,16.573227,-164.478901,-7.206250,10.000000,-0.000000,10.049876,inf,0.000000,1.000000,0.000000,0.000000,0.000000,0.000000,0.000000,0.000000,0.000000,0.000000,0.000000,0.000000,24.000000,2.486583,26.169205,nan
3.680,APPROACH,165.509921,126.049580,107.029185,-7.056250,-5.703959,8.213699,-1.000000,-50.811183,-66.811183,15.546250,0.000000,0.000000,2.200000,0.000000,0.000000,0.000000,75.238397,40.218002,8.490000,-5.703959,8.213699,1.200000,0.000000,0.000000,124.777838,-50.811183,-66.811183,30.000000,0.000000,0.000000,0.000000,0.000000,0.000000,0.000000,126.049580,107.029185,-7.056250,165.509921,-5.703959,8.213699,-1.000000,10.049876,nan,nan,nan,0,nan,nan,nan,0,nan,nan,nan,nan,nan,nan,nan,nan,nan,nan,nan,nan,nan,nan,nan,nan,nan,nan,nan,nan,nan,nan,nan,nan,nan,nan,nan,nan,nan,nan,nan,nan,nan,nan,nan,nan,nan,nan,nan,nan,nan,nan,nan,nan,nan,nan,nan,nan,nan,nan,2.000000,165.359437,16.012388,-164.582340,10.000000,0.000000,165.518568,16.012388,-164.582340,-7.256250,10.000000,0.000000,10.049876,inf,0.000000,1.000000,0.000000,0.000000,0.000000,0.000000,0.000000,0.000000,0.000000,0.000000,0.000000,0.000000,24.000000,2.281237,26.196522,nan
3.720,APPROACH,165.557978,125.761743,107.438025,-7.106250,-5.756750,8.176786,-1.000000,-50.811183,-66.811183,15.656250,0.000000,0.000000,2.200000,0.000000,0.000000,0.000000,74.950560,40.626842,8.550000,-5.756750,8.176786,1.200000,0.000000,0.000000,125.146914,-50.811183,-66.811183,30.000000,0.000000,0.000000,0.000000,0.000000,0.000000,0.000000,125.761743,107.438025,-7.106250,165.557978,-5.756750,8.176786,-1.000000,10.049876,nan,nan,nan,0,nan,nan,nan,0,nan,nan,nan,nan,nan,nan,nan,nan,nan,nan,nan,nan,nan,nan,nan,nan,nan,nan,nan,nan,nan,nan,nan,nan,nan,nan,nan,nan,nan,nan,nan,nan,nan,nan,nan,nan,nan,nan,nan,nan,nan,nan,nan,nan,nan,nan,nan,nan,nan,nan,2.000000,165.405396,15.451890,-164.682070,10.000000,0.000000,165.566683,15.451890,-164.682070,-7.306250,10.000000,0.000000,10.049876,inf,0.000000,1.000000,0.000000,0.000000,0.000000,0.000000,0.000000,0.000000,0.000000,0.000000,0.000000,0.000000,24.000000,2.188333,26.208881,nan
3.780,APPROACH,165.604344,125.471280,107.845003,-7.156250,-5.809254,8.139568,-1.000000,-50.811183,-66.811183,15.766250,0.000000,0.000000,2.200000,0.000000,0.000000,0.000000,74.660097,41.033820,8.610000,-5.809254,8.139568,1.200000,0.000000,0.000000,125.515654,-50.811183,-66.811183,30.000000,0.000000,0.000000,0.000000,0.000000,0.000000,0.000000,125.471280,107.845003,-7.156250,165.604344,-5.809254,8.139568,-1.000000,10.049876,nan,nan,nan,0,nan,nan,nan,0,nan,nan,nan,nan,nan,nan,nan,nan,nan,nan,nan,nan,nan,nan,nan,nan,nan,nan,nan,nan,nan,nan,nan,nan,nan,nan,nan,nan,nan,nan,nan,nan,nan,nan,nan,nan,nan,nan,nan,nan,nan,nan,nan,nan,nan,nan,nan,nan,nan,nan,2.000000,165.449651,14.891728,-164.778103,10.000000,-0.000000,165.613107,14.891728,-164.778103,-7.356250,10.000000,-0.000000,10.049876,inf,0.000000,1.000000,0.000000,0.000000,0.000000,0.000000,0.000000,0.000000,0.000000,0.000000,0.000000,0.000000,24.000000,2.222010,26.204401,nan
3.820,APPROACH,165.649023,125.178207,108.250106,-7.206250,-5.861471,8.102047,-1.000000,-50.811183,-66.811183,15.876250,0.000000,0.000000,2.200000,0.000000,0.000000,0.000000,74.367023,41.438922,8.670000,-5.861471,8.102047,1.200000,0.000000,0.000000,125.884068,-50.811183,-66.811183,30.000000,0.000000,0.000000,0.000000,0.000000,0.000000,0.000000,125.178207,108.250106,-7.206250,165.649023,-5.861471,8.102047,-1.000000,10.049876,nan,nan,nan,0,nan,nan,nan,0,nan,nan,nan,nan,nan,nan,nan,nan,nan,nan,nan,nan,nan,nan,nan,nan,nan,nan,nan,nan,nan,nan,nan,nan,nan,nan,nan,nan,nan,nan,nan,nan,nan,nan,nan,nan,nan,nan,nan,nan,nan,nan,nan,nan,nan,nan,nan,nan,nan,nan,2.000000,165.492202,14.331898,-164.870451,10.000000,0.000000,165.657844,14.331898,-164.870451,-7.406250,10.000000,0.000000,10.049876,inf,0.000000,1.000000,0.000000,0.000000,0.000000,0.000000,0.000000,0.000000,0.000000,0.000000,0.000000,0.000000,24.000000,2.376879,26.183799,nan
3.880,APPROACH,165.692016,124.882537,108.653317,-7.256250,-5.913401,8.064223,-1.000000,-50.811183,-66.811183,15.986250,0.000000,0.000000,2.200000,0.000000,0.000000,0.000000,74.071353,41.842133,8.730000,-5.913401,8.064223,1.200000,0.000000,0.000000,126.252165,-50.811183,-66.811183,30.000000,0.000000,0.000000,0.000000,0.000000,0.000000,0.000000,124.882537,108.653317,-7.256250,165.692016,-5.913401,8.064223,-1.000000,10.049876,nan,nan,nan,0,nan,nan,nan,0,nan,nan,nan,nan,nan,nan,nan,nan,nan,nan,nan,nan,nan,nan,nan,nan,nan,nan,nan,nan,nan,nan,nan,nan,nan,nan,nan,nan,nan,nan,nan,nan,nan,nan,nan,nan,nan,nan,nan,nan,nan,nan,nan,nan,nan,nan,nan,nan,nan,nan,2.000000,165.533052,13.772398,-164.959123,10.000000,0.000000,165.700896,13.772398,-164.959123,-7.456250,10.000000,0.000000,10.049876,inf,0.000000,1.000000,0.000000,0.000000,0.000000,0.000000,0.000000,0.000000,0.000000,0.000000,0.000000,0.000000,24.000000,2.631615,26.149911,nan
3.920,APPROACH,165.733327,124.584284,109.054622,-7.306250,-5.965045,8.026098,-1.000000,-50.811183,-66.811183,16.096250,0.000000,0.000000,2.200000,0.000000,0.000000,0.000000,73.773101,42.243438,8.790000,-5.965045,8.026098,1.200000,0.000000,0.000000,126.619956,-50.811183,-66.811183,30.000000,0.000000,0.000000,0.000000,0.000000,0.000000,0.000000,124.584284,109.054622,-7.306250,165.733327,-5.965045,8.026098,-1.000000,10.049876,nan,nan,nan,0,nan,nan,nan,0,nan,nan,nan,nan,nan,nan,nan,nan,nan,nan,nan,nan,nan,nan,nan,nan,nan,nan,nan,nan,nan,nan,nan,nan,nan,nan,nan,nan,nan,nan,nan,nan,nan,nan,nan,nan,nan,nan,nan,nan,nan,nan,nan,nan,nan,nan,nan,nan,nan,nan,2.000000,165.572203,13.213223,-165.044131,10.000000,-0.000000,165.742264,13.213223,-165.044131,-7.506250,10.000000,-0.000000,10.049876,inf,0.000000,1.000000,0.000000,0.000000,0.000000,0.000000,0.000000,0.000000,0.000000,0.000000,0.000000,0.000000,24.000000,2.960532,26.106154,nan
3.980,APPROACH,165.772957,124.283464,109.454005,-7.356250,-6.016401,7.987673,-1.000000,-50.811183,-66.811183,16.206250,0.000000,0.000000,2.200000,0.000000,0.000000,0.000000,73.472281,42.642822,8.850000,-6.016401,7.987673,1.200000,0.000000,0.000000,126.987449,-50.811183,-66.811183,30.000000,0.000000,0.000000,0.000000,0.000000,0.000000,0.000000,124.283464,109.454005,-7.356250,165.772957,-6.016401,7.987673,-1.000000,10.049876,nan,nan,nan,0,nan,nan,nan,0,nan,nan,nan,nan,nan,nan,nan,nan,nan,nan,nan,nan,nan,nan,nan,nan,nan,nan,nan,nan,nan,nan,nan,nan,nan,nan,nan,nan,nan,nan,nan,nan,nan,nan,nan,nan,nan,nan,nan,nan,nan,nan,nan,nan,nan,nan,nan,nan,nan,nan,2.000000,165.609658,12.654373,-165.125484,10.000000,0.000000,165.781952,12.654373,-165.125484,-7.556250,10.000000,0.000000,10.049876,inf,0.000000,1.000000,0.000000,0.000000,0.000000,0.000000,0.000000,0.000000,0.000000,0.000000,0.000000,0.000000,24.000000,3.341778,26.055436,nan
4.020,APPROACH,165.810908,123.980091,109.851453,-7.406250,-6.067469,7.948951,-1.000000,-50.811183,-66.811183,16.316250,0.000000,0.000000,2.200000,0.000000,0.000000,0.000000,73.168908,43.040270,8.910000,-6.067469,7.948951,1.200000,0.000000,0.000000,127.354653,-50.811183,-66.811183,30.000000,0.000000,0.000000,0.000000,0.000000,0.000000,0.000000,123.980091,109.851453,-7.406250,165.810908,-6.067469,7.948951,-1.000000,10.049876,nan,nan,nan,0,nan,nan,nan,0,nan,nan,nan,nan,nan,nan,nan,nan,nan,nan,nan,nan,nan,nan,nan,nan,nan,nan,nan,nan,nan,nan,nan,nan,nan,nan,nan,nan,nan,nan,nan,nan,nan,nan,nan,nan,nan,nan,nan,nan,nan,nan,nan,nan,nan,nan,nan,nan,nan,nan,2.000000,165.645418,12.095844,-165.203194,10.000000,0.000000,165.819962,12.095844,-165.203194,-7.606250,10.000000,0.000000,10.049876,inf,0.000000,1.000000,0.000000,0.000000,0.000000,0.000000,0.000000,0.000000,0.000000,0.000000,0.000000,0.000000,24.000000,3.759449,25.999873,nan
4.080,APPROACH,165.847182,123.674178,110.246949,-7.456250,-6.118250,7.909932,-1.000000,-50.811183,-66.811183,16.426250,0.000000,0.000000,2.200000,0.000000,0.000000,0.000000,72.862995,43.435766,8.970000,-6.118250,7.909932,1.200000,0.000000,0.000000,127.721576,-50.811183,-66.811183,30.000000,0.000000,0.000000,0.000000,0.000000,0.000000,0.000000,123.674178,110.246949,-7.456250,165.847182,-6.118250,7.909932,-1.000000,10.049876,nan,nan,nan,0,nan,nan,nan,0,nan,nan,nan,nan,nan,nan,nan,nan,nan,nan,nan,nan,nan,nan,nan,nan,nan,nan,nan,nan,nan,nan,nan,nan,nan,nan,nan,nan,nan,nan,nan,nan,nan,nan,nan,nan,nan,nan,nan,nan,nan,nan,nan,nan,nan,nan,nan,nan,nan,nan,2.000000,165.679486,11.537638,-165.277268,10.000000,0.000000,165.856294,11.537638,-165.277268,-7.656250,10.000000,0.000000,10.049876,inf,0.000000,1.000000,0.000000,0.000000,0.000000,0.000000,0.000000,0.000000,0.000000,0.000000,0.000000,0.000000,24.000000,4.202678,25.940909,nan
4.120,APPROACH,165.881783,123.365741,110.640480,-7.506250,-6.168742,7.870618,-1.000000,-50.811183,-66.811183,16.536250,0.000000,0.000000,2.200000,0.000000,0.000000,0.000000,72.554558,43.829297,9.030000,-6.168742,7.870618,1.200000,0.000000,0.000000,128.088228,-50.811183,-66.811183,30.000000,0.000000,0.000000,0.000000,0.000000,0.000000,0.000000,123.365741,110.640480,-7.506250,165.881783,-6.168742,7.870618,-1.000000,10.049876,nan,nan,nan,0,nan,nan,nan,0,nan,nan,nan,nan,nan,nan,nan,nan,nan,nan,nan,nan,nan,nan,nan,nan,nan,nan,nan,nan,nan,nan,nan,nan,nan,nan,nan,nan,nan,nan,nan,nan,nan,nan,nan,nan,nan,nan,nan,nan,nan,nan,nan,nan,nan,nan,nan,nan,nan,nan,2.000000,165.711864,10.979753,-165.347716,10.000000,0.000000,165.890953,10.979753,-165.347716,-7.706250,10.000000,0.000000,10.049876,inf,0.000000,1.000000,0.000000,0.000000,0.000000,0.000000,0.000000,0.000000,0.000000,0.000000,0.000000,0.000000,24.000000,4.664165,25.879516,nan
4.180,APPROACH,165.914710,123.054794,111.032031,-7.556250,-6.218945,7.831010,-1.000000,-50.811183,-66.811183,16.646250,0.000000,0.000000,2.200000,0.000000,0.000000,0.000000,72.243611,44.220848,9.090000,-6.218945,7.831010,1.200000,0.000000,0.000000,128.454617,-50.811183,-66.811183,30.000000,0.000000,0.000000,0.000000,0.000000,0.000000,0.000000,123.054794,111.032031,-7.556250,165.914710,-6.218945,7.831010,-1.000000,10.049876,nan,nan,nan,0,nan,nan,nan,0,nan,nan,nan,nan,nan,nan,nan,nan,nan,nan,nan,nan,nan,nan,nan,nan,nan,nan,nan,nan,nan,nan,nan,nan,nan,nan,nan,nan,nan,nan,nan,nan,nan,nan,nan,nan,nan,nan,nan,nan,nan,nan,nan,nan,nan,nan,nan,nan,nan,nan,2.000000,165.742554,10.422189,-165.414546,10.000000,0.000000,165.923939,10.422189,-165.414546,-7.756250,10.000000,0.000000,10.049876,inf,0.000000,1.000000,0.000000,0.000000,0.000000,0.000000,0.000000,0.000000,0.000000,0.000000,0.000000,0.000000,24.000000,5.138974,25.816351,nan
4.220,APPROACH,165.945968,122.741351,111.421586,-7.606250,-6.268860,7.791110,-1.000000,-50.811183,-66.811183,16.756250,0.000000,0.000000,2.200000,0.000000,0.000000,0.000000,71.930168,44.610403,9.150000,-6.268860,7.791110,1.200000,0.000000,0.000000,128.820749,-50.811183,-66.811183,30.000000,0.000000,0.000000,0.000000,0.000000,0.000000,0.000000,122.741351,111.421586,-7.606250,165.945968,-6.268860,7.791110,-1.000000,10.049876,nan,nan,nan,0,nan,nan,nan,0,nan,nan,nan,nan,nan,nan,nan,nan,nan,nan,nan,nan,nan,nan,nan,nan,nan,nan,nan,nan,nan,nan,nan,nan,nan,nan,nan,nan,nan,nan,nan,nan,nan,nan,nan,nan,nan,nan,nan,nan,nan,nan,nan,nan,nan,nan,nan,nan,nan,nan,2.000000,165.771557,9.864948,-165.477769,10.000000,0.000000,165.955255,9.864948,-165.477769,-7.806250,10.000000,0.000000,10.049876,inf,0.000000,1.000000,0.000000,0.000000,0.000000,0.000000,0.000000,0.000000,0.000000,0.000000,0.000000,0.000000,24.000000,5.623711,25.751866,nan
4.280,APPROACH,165.975556,122.425427,111.809132,-7.656250,-6.318485,7.750919,-1.000000,-50.811183,-66.811183,16.866250,0.000000,0.000000,2.200000,0.000000,0.000000,0.000000,71.614244,44.997949,9.210000,-6.318485,7.750919,1.200000,0.000000,0.000000,129.186634,-50.811183,-66.811183,30.000000,0.000000,0.000000,0.000000,0.000000,0.000000,0.000000,122.425427,111.809132,-7.656250,165.975556,-6.318485,7.750919,-1.000000,10.049876,nan,nan,nan,0,nan,nan,nan,0,nan,nan,nan,nan,nan,nan,nan,nan,nan,nan,nan,nan,nan,nan,nan,nan,nan,nan,nan,nan,nan,nan,nan,nan,nan,nan,nan,nan,nan,nan,nan,nan,nan,nan,nan,nan,nan,nan,nan,nan,nan,nan,nan,nan,nan,nan,nan,nan,nan,nan,2.000000,165.798876,9.308031,-165.537391,10.000000,0.000000,165.984902,9.308031,-165.537391,-7.856250,10.000000,0.000000,10.049876,inf,0.000000,1.000000,0.000000,0.000000,0.000000,0.000000,0.000000,0.000000,0.000000,0.000000,0.000000,0.000000,24.000000,6.115996,25.686376,nan
4.320,APPROACH,166.003479,122.107036,112.194654,-7.706250,-6.367820,7.710439,-1.000000,-50.811183,-66.811183,16.976250,0.000000,0.000000,2.200000,0.000000,0.000000,0.000000,71.295853,45.383471,9.270000,-6.367820,7.710439,1.200000,0.000000,0.000000,129.552278,-50.811183,-66.811183,30.000000,0.000000,0.000000,0.000000,0.000000,0.000000,0.000000,122.107036,112.194654,-7.706250,166.003479,-6.367820,7.710439,-1.000000,10.049876,nan,nan,nan,0,nan,nan,nan,0,nan,nan,nan,nan,nan,nan,nan,nan,nan,nan,nan,nan,nan,nan,nan,nan,nan,nan,nan,nan,nan,nan,nan,nan,nan,nan,nan,nan,nan,nan,nan,nan,nan,nan,nan,nan,nan,nan,nan,nan,nan,nan,nan,nan,nan,nan,nan,nan,nan,nan,2.000000,165.824511,8.751440,-165.593420,10.000000,0.000000,166.012883,8.751440,-165.593420,-7.906250,10.000000,0.000000,10.049876,inf,0.000000,1.000000,0.000000,0.000000,0.000000,0.000000,0.000000,0.000000,0.000000,0.000000,0.000000,0.000000,24.000000,6.614124,25.620109,nan
4.380,APPROACH,166.029736,121.786193,112.578138,-7.756250,-6.416864,7.669671,-1.000000,-50.811183,-66.811183,17.086250,0.000000,0.000000,2.200000,0.000000,0.000000,0.000000,70.975009,45.766954,9.330000,-6.416864,7.669671,1.200000,0.000000,0.000000,129.917689,-50.811183,-66.811183,30.000000,0.000000,0.000000,0.000000,0.000000,0.000000,0.000000,121.786193,112.578138,-7.756250,166.029736,-6.416864,7.669671,-1.000000,10.049876,nan,nan,nan,0,nan,nan,nan,0,nan,nan,nan,nan,nan,nan,nan,nan,nan,nan,nan,nan,nan,nan,nan,nan,nan,nan,nan,nan,nan,nan,nan,nan,nan,nan,nan,nan,nan,nan,nan,nan,nan,nan,nan,nan,nan,nan,nan,nan,nan,nan,nan,nan,nan,nan,nan,nan,nan,nan,2.000000,165.848466,8.195177,-165.645866,10.000000,-0.000000,166.039199,8.195177,-165.645866,-7.956250,10.000000,-0.000000,10.049876,inf,0.000000,1.000000,0.000000,0.000000,0.000000,0.000000,0.000000,0.000000,0.000000,0.000000,0.000000,0.000000,24.000000,7.116848,25.553231,nan
4.420,APPROACH,166.054330,121.462912,112.959568,-7.806250,-6.465618,7.628616,-1.000000,-50.811183,-66.811183,17.196250,0.000000,0.000000,2.200000,0.000000,0.000000,0.000000,70.651728,46.148385,9.390000,-6.465618,7.628616,1.200000,0.000000,0.000000,130.282873,-50.811183,-66.811183,30.000000,0.000000,0.000000,0.000000,0.000000,0.000000,0.000000,121.462912,112.959568,-7.806250,166.054330,-6.465618,7.628616,-1.000000,10.049876,nan,nan,nan,0,nan,nan,nan,0,nan,nan,nan,nan,nan,nan,nan,nan,nan,nan,nan,nan,nan,nan,nan,nan,nan,nan,nan,nan,nan,nan,nan,nan,nan,nan,nan,nan,nan,nan,nan,nan,nan,nan,nan,nan,nan,nan,nan,nan,nan,nan,nan,nan,nan,nan,nan,nan,nan,nan,2.000000,165.870742,7.639246,-165.694734,10.000000,0.000000,166.063852,7.639246,-165.694734,-8.006250,10.000000,0.000000,10.049876,inf,0.000000,1.000000,0.000000,0.000000,0.000000,0.000000,0.000000,0.000000,0.000000,0.000000,0.000000,0.000000,24.000000,7.623238,25.485864,nan
4.480,APPROACH,166.077263,121.137208,113.338932,-7.856250,-6.514079,7.587277,-1.000000,-50.811183,-66.811183,17.306250,0.000000,0.000000,2.200000,0.000000,0.000000,0.000000,70.326025,46.527749,9.450000,-6.514079,7.587277,1.200000,0.000000,0.000000,130.647837,-50.811183,-66.811183,30.000000,0.000000,0.000000,0.000000,0.000000,0.000000,0.000000,121.137208,113.338932,-7.856250,166.077263,-6.514079,7.587277,-1.000000,10.049876,nan,nan,nan,0,nan,nan,nan,0,nan,nan,nan,nan,nan,nan,nan,nan,nan,nan,nan,nan,nan,nan,nan,nan,nan,nan,nan,nan,nan,nan,nan,nan,nan,nan,nan,nan,nan,nan,nan,nan,nan,nan,nan,nan,nan,nan,nan,nan,nan,nan,nan,nan,nan,nan,nan,nan,nan,nan,2.000000,165.891340,7.083650,-165.740033,10.000000,0.000000,166.086844,7.083650,-165.740033,-8.056250,10.000000,0.000000,10.049876,inf,0.000000,1.000000,0.000000,0.000000,0.000000,0.000000,0.000000,0.000000,0.000000,0.000000,0.000000,0.000000,24.000000,8.132590,25.418104,nan
4.520,APPROACH,166.098537,120.809095,113.716215,-7.906250,-6.562248,7.545654,-1.000000,-50.811183,-66.811183,17.416250,0.000000,0.000000,2.200000,0.000000,0.000000,0.000000,69.997912,46.905032,9.510000,-6.562248,7.545654,1.200000,0.000000,0.000000,131.012589,-50.811183,-66.811183,30.000000,0.000000,0.000000,0.000000,0.000000,0.000000,0.000000,120.809095,113.716215,-7.906250,166.098537,-6.562248,7.545654,-1.000000,10.049876,nan,nan,nan,0,nan,nan,nan,0,nan,nan,nan,nan,nan,nan,nan,nan,nan,nan,nan,nan,nan,nan,nan,nan,nan,nan,nan,nan,nan,nan,nan,nan,nan,nan,nan,nan,nan,nan,nan,nan,nan,nan,nan,nan,nan,nan,nan,nan,nan,nan,nan,nan,nan,nan,nan,nan,nan,nan,2.000000,165.910262,6.528394,-165.781770,10.000000,0.000000,166.108177,6.528394,-165.781770,-8.106250,10.000000,0.000000,10.049876,inf,0.000000,1.000000,0.000000,0.000000,0.000000,0.000000,0.000000,0.000000,0.000000,0.000000,0.000000,0.000000,23.000000,3.132865,25.082175,nan
4.580,APPROACH,166.118152,120.478589,114.091403,-7.956250,-6.610125,7.503749,-1.000000,-50.811183,-66.811183,17.526250,0.000000,0.000000,2.200000,0.000000,0.000000,0.000000,69.667406,47.280219,9.570000,-6.610125,7.503749,1.200000,0.000000,0.000000,131.377134,-50.811183,-66.811183,30.000000,0.000000,0.000000,0.000000,0.000000,0.000000,0.000000,120.478589,114.091403,-7.956250,166.118152,-6.610125,7.503749,-1.000000,10.049876,nan,nan,nan,0,nan,nan,nan,0,nan,nan,nan,nan,nan,nan,nan,nan,nan,nan,nan,nan,nan,nan,nan,nan,nan,nan,nan,nan,nan,nan,nan,nan,nan,nan,nan,nan,nan,nan,nan,nan,nan,nan,nan,nan,nan,nan,nan,nan,nan,nan,nan,nan,nan,nan,nan,nan,nan,nan,2.000000,165.927510,5.973480,-165.819951,10.000000,0.000000,166.127851,5.973480,-165.819951,-8.156250,10.000000,0.000000,10.049876,inf,0.000000,1.000000,0.000000,0.000000,0.000000,0.000000,0.000000,0.000000,0.000000,0.000000,0.000000,0.000000,23.000000,2.777307,25.129596,nan
4.620,APPROACH,166.136111,120.145704,114.464481,-8.006250,-6.657707,7.461564,-1.000000,-50.811183,-66.811183,17.636250,0.000000,0.000000,2.200000,0.000000,0.000000,0.000000,69.334521,47.653298,9.630000,-6.657707,7.461564,1.200000,0.000000,0.000000,131.741479,-50.811183,-66.811183,30.000000,0.000000,0.000000,0.000000,0.000000,0.000000,0.000000,120.145704,114.464481,-8.006250,166.136111,-6.657707,7.461564,-1.000000,10.049876,nan,nan,nan,0,nan,nan,nan,0,nan,nan,nan,nan,nan,nan,nan,nan,nan,nan,nan,nan,nan,nan,nan,nan,nan,nan,nan,nan,nan,nan,nan,nan,nan,nan,nan,nan,nan,nan,nan,nan,nan,nan,nan,nan,nan,nan,nan,nan,nan,nan,nan,nan,nan,nan,nan,nan,nan,nan,2.000000,165.943085,5.418915,-165.854583,10.000000,0.000000,166.145870,5.418915,-165.854583,-8.206250,10.000000,0.000000,10.049876,inf,0.000000,1.000000,0.000000,0.000000,0.000000,0.000000,0.000000,0.000000,0.000000,0.000000,0.000000,0.000000,23.000000,2.484988,25.168582,nan
4.680,APPROACH,166.152416,119.810454,114.835436,-8.056250,-6.704995,7.419100,-1.000000,-50.811183,-66.811183,17.746250,0.000000,0.000000,2.200000,0.000000,0.000000,0.000000,68.999271,48.024253,9.690000,-6.704995,7.419100,1.200000,0.000000,0.000000,132.105629,-50.811183,-66.811183,30.000000,0.000000,0.000000,0.000000,0.000000,0.000000,0.000000,119.810454,114.835436,-8.056250,166.152416,-6.704995,7.419100,-1.000000,10.049876,nan,nan,nan,0,nan,nan,nan,0,nan,nan,nan,nan,nan,nan,nan,nan,nan,nan,nan,nan,nan,nan,nan,nan,nan,nan,nan,nan,nan,nan,nan,nan,nan,nan,nan,nan,nan,nan,nan,nan,nan,nan,nan,nan,nan,nan,nan,nan,nan,nan,nan,nan,nan,nan,nan,nan,nan,nan,2.000000,165.956989,4.864704,-165.885674,10.000000,0.000000,166.162233,4.864704,-165.885674,-8.256250,10.000000,0.000000,10.049876,inf,0.000000,1.000000,0.000000,0.000000,0.000000,0.000000,0.000000,0.000000,0.000000,0.000000,0.000000,0.000000,23.000000,2.280364,25.195872,nan
4.720,APPROACH,166.167067,119.472855,115.204254,-8.106250,-6.751988,7.376358,-1.000000,-50.811183,-66.811183,17.856250,0.000000,0.000000,2.200000,0.000000,0.000000,0.000000,68.661671,48.393070,9.750000,-6.751988,7.376358,1.200000,0.000000,0.000000,132.469591,-50.811183,-66.811183,30.000000,0.000000,0.000000,0.000000,0.000000,0.000000,0.000000,119.472855,115.204254,-8.106250,166.167067,-6.751988,7.376358,-1.000000,10.049876,nan,nan,nan,0,nan,nan,nan,0,nan,nan,nan,nan,nan,nan,nan,nan,nan,nan,nan,nan,nan,nan,nan,nan,nan,nan,nan,nan,nan,nan,nan,nan,nan,nan,nan,nan,nan,nan,nan,nan,nan,nan,nan,nan,nan,nan,nan,nan,nan,nan,nan,nan,nan,nan,nan,nan,nan,nan,2.000000,165.969223,4.310853,-165.913229,10.000000,-0.000000,166.176944,4.310853,-165.913229,-8.306250,10.000000,-0.000000,10.049876,inf,0.000000,1.000000,0.000000,0.000000,0.000000,0.000000,0.000000,0.000000,0.000000,0.000000,0.000000,0.000000,23.000000,2.188177,25.208167,nan
4.780,APPROACH,166.180067,119.132920,115.570921,-8.156250,-6.798685,7.333340,-1.000000,-50.811183,-66.811183,17.966250,0.000000,0.000000,2.200000,0.000000,0.000000,0.000000,68.321737,48.759737,9.810000,-6.798685,7.333340,1.200000,0.000000,0.000000,132.833369,-50.811183,-66.811183,30.000000,0.000000,0.000000,0.000000,0.000000,0.000000,0.000000,119.132920,115.570921,-8.156250,166.180067,-6.798685,7.333340,-1.000000,10.049876,nan,nan,nan,0,nan,nan,nan,0,nan,nan,nan,nan,nan,nan,nan,nan,nan,nan,nan,nan,nan,nan,nan,nan,nan,nan,nan,nan,nan,nan,nan,nan,nan,nan,nan,nan,nan,nan,nan,nan,nan,nan,nan,nan,nan,nan,nan,nan,nan,nan,nan,nan,nan,nan,nan,nan,nan,nan,2.000000,165.979789,3.757367,-165.937255,10.000000,-0.000000,166.190004,3.757367,-165.937255,-8.356250,10.000000,-0.000000,10.049876,inf,0.000000,1.000000,0.000000,0.000000,0.000000,0.000000,0.000000,0.000000,0.000000,0.000000,0.000000,0.000000,23.000000,2.222460,25.203594,nan
4.820,APPROACH,166.191417,118.790666,115.935423,-8.206250,-6.845086,7.290048,-1.000000,-50.811183,-66.811183,18.076250,0.000000,0.000000,2.200000,0.000000,0.000000,0.000000,67.979483,49.124240,9.870000,-6.845086,7.290048,1.200000,0.000000,0.000000,133.196971,-50.811183,-66.811183,30.000000,0.000000,0.000000,0.000000,0.000000,0.000000,0.000000,118.790666,115.935423,-8.206250,166.191417,-6.845086,7.290048,-1.000000,10.049876,nan,nan,nan,0,nan,nan,nan,0,nan,nan,nan,nan,nan,nan,nan,nan,nan,nan,nan,nan,nan,nan,nan,nan,nan,nan,nan,nan,nan,nan,nan,nan,nan,nan,nan,nan,nan,nan,nan,nan,nan,nan,nan,nan,nan,nan,nan,nan,nan,nan,nan,nan,nan,nan,nan,nan,nan,nan,2.000000,165.988688,3.204254,-165.957758,10.000000,0.000000,166.201413,3.204254,-165.957758,-8.406250,10.000000,0.000000,10.049876,inf,0.000000,1.000000,0.000000,0.000000,0.000000,0.000000,0.000000,0.000000,0.000000,0.000000,0.000000,0.000000,23.000000,2.377740,25.182885,nan
4.880,APPROACH,166.201119,118.446107,116.297747,-8.256250,-6.891189,7.246483,-1.000000,-50.811183,-66.811183,18.186250,0.000000,0.000000,2.200000,0.000000,0.000000,0.000000,67.634923,49.486564,9.930000,-6.891189,7.246483,1.200000,0.000000,0.000000,133.560400,-50.811183,-66.811183,30.000000,0.000000,0.000000,0.000000,0.000000,0.000000,0.000000,118.446107,116.297747,-8.256250,166.201119,-6.891189,7.246483,-1.000000,10.049876,nan,nan,nan,0,nan,nan,nan,0,nan,nan,nan,nan,nan,nan,nan,nan,nan,nan,nan,nan,nan,nan,nan,nan,nan,nan,nan,nan,nan,nan,nan,nan,nan,nan,nan,nan,nan,nan,nan,nan,nan,nan,nan,nan,nan,nan,nan,nan,nan,nan,nan,nan,nan,nan,nan,nan,nan,nan,2.000000,165.995922,2.651521,-165.974744,10.000000,-0.000000,166.211174,2.651521,-165.974744,-8.456250,10.000000,-0.000000,10.049876,inf,0.000000,1.000000,0.000000,0.000000,0.000000,0.000000,0.000000,0.000000,0.000000,0.000000,0.000000,0.000000,23.000000,2.632682,25.148884,nan
4.920,APPROACH,166.209173,118.099257,116.657880,-8.306250,-6.936993,7.202647,-1.000000,-50.811183,-66.811183,18.296250,0.000000,0.000000,2.200000,0.000000,0.000000,0.000000,67.288074,49.846696,9.990000,-6.936993,7.202647,1.200000,0.000000,0.000000,133.923662,-50.811183,-66.811183,30.000000,0.000000,0.000000,0.000000,0.000000,0.000000,0.000000,118.099257,116.657880,-8.306250,166.209173,-6.936993,7.202647,-1.000000,10.049876,nan,nan,nan,0,nan,nan,nan,0,nan,nan,nan,nan,nan,nan,nan,nan,nan,nan,nan,nan,nan,nan,nan,nan,nan,nan,nan,nan,nan,nan,nan,nan,nan,nan,nan,nan,nan,nan,nan,nan,nan,nan,nan,nan,nan,nan,nan,nan,nan,nan,nan,nan,nan,nan,nan,nan,nan,nan,2.000000,166.001492,2.099174,-165.988219,10.000000,-0.000000,166.219288,2.099174,-165.988219,-8.506250,10.000000,-0.000000,10.049876,inf,0.000000,1.000000,0.000000,0.000000,0.000000,0.000000,0.000000,0.000000,0.000000,0.000000,0.000000,0.000000,23.000000,2.961646,25.105011,nan
4.980,APPROACH,166.215581,117.750132,117.015807,-8.356250,-6.982499,7.158541,-1.000000,-50.811183,-66.811183,18.406250,0.000000,0.000000,2.200000,0.000000,0.000000,0.000000,66.938949,50.204623,10.050000,-6.982499,7.158541,1.200000,0.000000,0.000000,134.286762,-50.811183,-66.811183,30.000000,0.000000,0.000000,0.000000,0.000000,0.000000,0.000000,117.750132,117.015807,-8.356250,166.215581,-6.982499,7.158541,-1.000000,10.049876,nan,nan,nan,0,nan,nan,nan,0,nan,nan,nan,nan,nan,nan,nan,nan,nan,nan,nan,nan,nan,nan,nan,nan,nan,nan,nan,nan,nan,nan,nan,nan,nan,nan,nan,nan,nan,nan,nan,nan,nan,nan,nan,nan,nan,nan,nan,nan,nan,nan,nan,nan,nan,nan,nan,nan,nan,nan,2.000000,166.005399,1.547223,-165.998189,10.000000,0.000000,166.225756,1.547223,-165.998189,-8.556250,10.000000,0.000000,10.049876,inf,0.000000,1.000000,0.000000,0.000000,0.000000,0.000000,0.000000,0.000000,0.000000,0.000000,0.000000,0.000000,23.000000,3.342836,25.054172,nan
5.020,APPROACH,166.220346,117.398747,117.371515,-8.406250,-7.027705,7.114166,-1.000000,-50.811183,-66.811183,18.516250,0.000000,0.000000,2.200000,0.000000,0.000000,0.000000,66.587564,50.560332,10.110000,-7.027705,7.114166,1.200000,0.000000,0.000000,134.649706,-50.811183,-66.811183,30.000000,0.000000,0.000000,0.000000,0.000000,0.000000,0.000000,117.398747,117.371515,-8.406250,166.220346,-7.027705,7.114166,-1.000000,10.049876,nan,nan,nan,0,nan,nan,nan,0,nan,nan,nan,nan,nan,nan,nan,nan,nan,nan,nan,nan,nan,nan,nan,nan,nan,nan,nan,nan,nan,nan,nan,nan,nan,nan,nan,nan,nan,nan,nan,nan,nan,nan,nan,nan,nan,nan,nan,nan,nan,nan,nan,nan,nan,nan,nan,nan,nan,nan,2.000000,166.007645,0.995674,-166.004659,10.000000,0.000000,166.230580,0.995674,-166.004659,-8.606250,10.000000,0.000000,10.049876,inf,0.000000,1.000000,0.000000,0.000000,0.000000,0.000000,0.000000,0.000000,0.000000,0.000000,0.000000,0.000000,23.000000,3.760386,24.998484,nan
5.080,APPROACH,166.223467,117.045116,117.724991,-8.456250,-7.072610,7.069525,-1.000000,-50.811183,-66.811183,18.626250,0.000000,0.000000,2.200000,0.000000,0.000000,0.000000,66.233933,50.913808,10.170000,-7.072610,7.069525,1.200000,0.000000,0.000000,135.012496,-50.811183,-66.811183,30.000000,0.000000,0.000000,0.000000,0.000000,0.000000,0.000000,117.045116,117.724991,-8.456250,166.223467,-7.072610,7.069525,-1.000000,10.049876,nan,nan,nan,0,nan,nan,nan,0,nan,nan,nan,nan,nan,nan,nan,nan,nan,nan,nan,nan,nan,nan,nan,nan,nan,nan,nan,nan,nan,nan,nan,nan,nan,nan,nan,nan,nan,nan,nan,nan,nan,nan,nan,nan,nan,nan,nan,nan,nan,nan,nan,nan,nan,nan,nan,nan,nan,nan,2.000000,166.008231,0.444537,-166.007636,10.000000,0.000000,166.233761,0.444537,-166.007636,-8.656250,10.000000,0.000000,10.049876,inf,0.000000,1.000000,0.000000,0.000000,0.000000,0.000000,0.000000,0.000000,0.000000,0.000000,0.000000,0.000000,23.000000,4.203457,24.939393,nan
5.120,APPROACH,166.224947,116.689256,118.076222,-8.506250,-7.117213,7.024619,-1.000000,-50.811183,-66.811183,18.736250,0.000000,0.000000,2.200000,0.000000,0.000000,0.000000,65.878072,51.265039,10.230000,-7.117213,7.024619,1.200000,0.000000,0.000000,135.375140,-50.811183,-66.811183,30.000000,0.000000,0.000000,0.000000,0.000000,0.000000,0.000000,116.689256,118.076222,-8.506250,166.224947,-7.117213,7.024619,-1.000000,10.049876,nan,nan,nan,0,nan,nan,nan,0,nan,nan,nan,nan,nan,nan,nan,nan,nan,nan,nan,nan,nan,nan,nan,nan,nan,nan,nan,nan,nan,nan,nan,nan,nan,nan,nan,nan,nan,nan,nan,nan,nan,nan,nan,nan,nan,nan,nan,nan,nan,nan,nan,nan,nan,nan,nan,nan,nan,nan,2.000000,166.007158,-0.106179,-166.007124,10.000000,-0.000000,166.235301,-0.106179,-166.007124,-8.706250,10.000000,-0.000000,10.049876,inf,0.000000,1.000000,0.000000,0.000000,0.000000,0.000000,0.000000,0.000000,0.000000,0.000000,0.000000,0.000000,23.000000,4.664766,24.877869,nan
5.180,APPROACH,166.224786,116.331180,118.425195,-8.556250,-7.161514,6.979450,-1.000000,-50.811183,-66.811183,18.846250,0.000000,0.000000,2.200000,0.000000,0.000000,0.000000,65.519997,51.614011,10.290000,-7.161514,6.979450,1.200000,0.000000,0.000000,135.737639,-50.811183,-66.811183,30.000000,0.000000,0.000000,0.000000,0.000000,0.000000,0.000000,116.331180,118.425195,-8.556250,166.224786,-7.161514,6.979450,-1.000000,10.049876,nan,nan,nan,0,nan,nan,nan,0,nan,nan,nan,nan,nan,nan,nan,nan,nan,nan,nan,nan,nan,nan,nan,nan,nan,nan,nan,nan,nan,nan,nan,nan,nan,nan,nan,nan,nan,nan,nan,nan,nan,nan,nan,nan,nan,nan,nan,nan,nan,nan,nan,nan,nan,nan,nan,nan,nan,nan,2.000000,166.004428,-0.656466,-166.003130,10.000000,0.000000,166.235201,-0.656466,-166.003130,-8.756250,10.000000,0.000000,10.049876,inf,0.000000,1.000000,0.000000,0.000000,0.000000,0.000000,0.000000,0.000000,0.000000,0.000000,0.000000,0.000000,23.000000,5.139385,24.814569,nan
5.220,APPROACH,166.222987,115.970904,118.771896,-8.606250,-7.205511,6.934018,-1.000000,-50.811183,-66.811183,18.956250,0.000000,0.000000,2.200000,0.000000,0.000000,0.000000,65.159721,51.960712,10.350000,-7.205511,6.934018,1.200000,0.000000,0.000000,136.100000,-50.811183,-66.811183,30.000000,0.000000,0.000000,0.000000,0.000000,0.000000,0.000000,115.970904,118.771896,-8.606250,166.222987,-7.205511,6.934018,-1.000000,10.049876,nan,nan,nan,0,nan,nan,nan,0,nan,nan,nan,nan,nan,nan,nan,nan,nan,nan,nan,nan,nan,nan,nan,nan,nan,nan,nan,nan,nan,nan,nan,nan,nan,nan,nan,nan,nan,nan,nan,nan,nan,nan,nan,nan,nan,nan,nan,nan,nan,nan,nan,nan,nan,nan,nan,nan,nan,nan,2.000000,166.000042,-1.206314,-165.995658,10.000000,-0.000000,166.233462,-1.206314,-165.995658,-8.806250,10.000000,-0.000000,10.049876,inf,0.000000,1.000000,0.000000,0.000000,0.000000,0.000000,0.000000,0.000000,0.000000,0.000000,0.000000,0.000000,23.000000,5.623928,24.749947,nan
5.280,APPROACH,166.219550,115.608444,119.116312,-8.656250,-7.249204,6.888327,-1.000000,-50.811183,-66.811183,19.066250,0.000000,0.000000,2.200000,0.000000,0.000000,0.000000,64.797261,52.305129,10.410000,-7.249204,6.888327,1.200000,0.000000,0.000000,136.462226,-50.811183,-66.811183,30.000000,0.000000,0.000000,0.000000,0.000000,0.000000,0.000000,115.608444,119.116312,-8.656250,166.219550,-7.249204,6.888327,-1.000000,10.049876,nan,nan,nan,0,nan,nan,nan,0,nan,nan,nan,nan,nan,nan,nan,nan,nan,nan,nan,nan,nan,nan,nan,nan,nan,nan,nan,nan,nan,nan,nan,nan,nan,nan,nan,nan,nan,nan,nan,nan,nan,nan,nan,nan,nan,nan,nan,nan,nan,nan,nan,nan,nan,nan,nan,nan,nan,nan,2.000000,165.994000,-1.755713,-165.984715,10.000000,0.000000,166.230085,-1.755713,-165.984715,-8.856250,10.000000,0.000000,10.049876,inf,0.000000,1.000000,0.000000,0.000000,0.000000,0.000000,0.000000,0.000000,0.000000,0.000000,0.000000,0.000000,23.000000,6.116018,24.684318,nan
5.320,APPROACH,166.214477,115.243815,119.458431,-8.706250,-7.292591,6.842376,-1.000000,-50.811183,-66.811183,19.176250,0.000000,0.000000,2.200000,0.000000,0.000000,0.000000,64.432631,52.647247,10.470000,-7.292591,6.842376,1.200000,0.000000,0.000000,136.824321,-50.811183,-66.811183,30.000000,0.000000,0.000000,0.000000,0.000000,0.000000,0.000000,115.243815,119.458431,-8.706250,166.214477,-7.292591,6.842376,-1.000000,10.049876,nan,nan,nan,0,nan,nan,nan,0,nan,nan,nan,nan,nan,nan,nan,nan,nan,nan,nan,nan,nan,nan,nan,nan,nan,nan,nan,nan,nan,nan,nan,nan,nan,nan,nan,nan,nan,nan,nan,nan,nan,nan,nan,nan,nan,nan,nan,nan,nan,nan,nan,nan,nan,nan,nan,nan,nan,nan,2.000000,165.986305,-2.304653,-165.970305,10.000000,0.000000,166.225073,-2.304653,-165.970305,-8.906250,10.000000,0.000000,10.049876,inf,0.000000,1.000000,0.000000,0.000000,0.000000,0.000000,0.000000,0.000000,0.000000,0.000000,0.000000,0.000000,23.000000,6.613952,24.617909,nan
5.380,APPROACH,166.207768,114.877031,119.798239,-8.756250,-7.335672,6.796169,-1.000000,-50.811183,-66.811183,19.286250,0.000000,0.000000,2.200000,0.000000,0.000000,0.000000,64.065848,52.987056,10.530000,-7.335672,6.796169,1.200000,0.000000,0.000000,137.186289,-50.811183,-66.811183,30.000000,0.000000,0.000000,0.000000,0.000000,0.000000,0.000000,114.877031,119.798239,-8.756250,166.207768,-7.335672,6.796169,-1.000000,10.049876,nan,nan,nan,0,nan,nan,nan,0,nan,nan,nan,nan,nan,nan,nan,nan,nan,nan,nan,nan,nan,nan,nan,nan,nan,nan,nan,nan,nan,nan,nan,nan,nan,nan,nan,nan,nan,nan,nan,nan,nan,nan,nan,nan,nan,nan,nan,nan,nan,nan,nan,nan,nan,nan,nan,nan,nan,nan,2.000000,165.976957,-2.853123,-165.952433,10.000000,0.000000,166.218425,-2.853123,-165.952433,-8.956250,10.000000,0.000000,10.049876,inf,0.000000,1.000000,0.000000,0.000000,0.000000,0.000000,0.000000,0.000000,0.000000,0.000000,0.000000,0.000000,23.000000,7.116485,24.550887,nan
5.420,APPROACH,166.199426,114.508109,120.135724,-8.806250,-7.378446,6.749706,-1.000000,-50.811183,-66.811183,19.396250,0.000000,0.000000,2.200000,0.000000,0.000000,0.000000,63.696925,53.324541,10.590000,-7.378446,6.749706,1.200000,0.000000,0.000000,137.548134,-50.811183,-66.811183,30.000000,0.000000,0.000000,0.000000,0.000000,0.000000,0.000000,114.508109,120.135724,-8.806250,166.199426,-7.378446,6.749706,-1.000000,10.049876,nan,nan,nan,0,nan,nan,nan,0,nan,nan,nan,nan,nan,nan,nan,nan,nan,nan,nan,nan,nan,nan,nan,nan,nan,nan,nan,nan,nan,nan,nan,nan,nan,nan,nan,nan,nan,nan,nan,nan,nan,nan,nan,nan,nan,nan,nan,nan,nan,nan,nan,nan,nan,nan,nan,nan,nan,nan,2.000000,165.965958,-3.401112,-165.931105,10.000000,-0.000000,166.210143,-3.401112,-165.931105,-9.006250,10.000000,-0.000000,10.049876,inf,0.000000,1.000000,0.000000,0.000000,0.000000,0.000000,0.000000,0.000000,0.000000,0.000000,0.000000,0.000000,23.000000,7.622687,24.483376,nan
5.480,APPROACH,166.189451,114.137063,120.470874,-8.856250,-7.420912,6.702989,-1.000000,-50.811183,-66.811183,19.506250,0.000000,0.000000,2.200000,0.000000,0.000000,0.000000,63.325880,53.659691,10.650000,-7.420912,6.702989,1.200000,0.000000,0.000000,137.909859,-50.811183,-66.811183,30.000000,0.000000,0.000000,0.000000,0.000000,0.000000,0.000000,114.137063,120.470874,-8.856250,166.189451,-7.420912,6.702989,-1.000000,10.049876,nan,nan,nan,0,nan,nan,nan,0,nan,nan,nan,nan,nan,nan,nan,nan,nan,nan,nan,nan,nan,nan,nan,nan,nan,nan,nan,nan,nan,nan,nan,nan,nan,nan,nan,nan,nan,nan,nan,nan,nan,nan,nan,nan,nan,nan,nan,nan,nan,nan,nan,nan,nan,nan,nan,nan,nan,nan,2.000000,165.953308,-3.948611,-165.906326,10.000000,0.000000,166.200229,-3.948611,-165.906326,-9.056250,10.000000,0.000000,10.049876,inf,0.000000,1.000000,0.000000,0.000000,0.000000,0.000000,0.000000,0.000000,0.000000,0.000000,0.000000,0.000000,23.000000,8.131855,24.415469,nan
5.520,APPROACH,166.177845,113.763910,120.803675,-8.906250,-7.463068,6.656021,-1.000000,-50.811183,-66.811183,19.616250,0.000000,0.000000,2.200000,0.000000,0.000000,0.000000,62.952726,53.992492,10.710000,-7.463068,6.656021,1.200000,0.000000,0.000000,138.271469,-50.811183,-66.811183,30.000000,0.000000,0.000000,0.000000,0.000000,0.000000,0.000000,113.763910,120.803675,-8.906250,166.177845,-7.463068,6.656021,-1.000000,10.049876,nan,nan,nan,0,nan,nan,nan,0,nan,nan,nan,nan,nan,nan,nan,nan,nan,nan,nan,nan,nan,nan,nan,nan,nan,nan,nan,nan,nan,nan,nan,nan,nan,nan,nan,nan,nan,nan,nan,nan,nan,nan,nan,nan,nan,nan,nan,nan,nan,nan,nan,nan,nan,nan,nan,nan,nan,nan,2.000000,165.939010,-4.495606,-165.878101,10.000000,0.000000,166.188684,-4.495606,-165.878101,-9.106250,10.000000,0.000000,10.049876,inf,0.000000,1.000000,0.000000,0.000000,0.000000,0.000000,0.000000,0.000000,0.000000,0.000000,0.000000,0.000000,22.000000,3.133543,24.080940,nan
5.580,APPROACH,166.164609,113.388664,121.134115,-8.956250,-7.504914,6.608802,-1.000000,-50.811183,-66.811183,19.726250,0.000000,0.000000,2.200000,0.000000,0.000000,0.000000,62.577481,54.322932,10.770000,-7.504914,6.608802,1.200000,0.000000,0.000000,138.632966,-50.811183,-66.811183,30.000000,0.000000,0.000000,0.000000,0.000000,0.000000,0.000000,113.388664,121.134115,-8.956250,166.164609,-7.504914,6.608802,-1.000000,10.049876,nan,nan,nan,0,nan,nan,nan,0,nan,nan,nan,nan,nan,nan,nan,nan,nan,nan,nan,nan,nan,nan,nan,nan,nan,nan,nan,nan,nan,nan,nan,nan,nan,nan,nan,nan,nan,nan,nan,nan,nan,nan,nan,nan,nan,nan,nan,nan,nan,nan,nan,nan,nan,nan,nan,nan,nan,nan,2.000000,165.923063,-5.042088,-165.846436,10.000000,-0.000000,166.175509,-5.042088,-165.846436,-9.156250,10.000000,-0.000000,10.049876,inf,0.000000,1.000000,0.000000,0.000000,0.000000,0.000000,0.000000,0.000000,0.000000,0.000000,0.000000,0.000000,22.000000,2.778000,24.128488,nan
5.620,APPROACH,166.149744,113.011341,121.462182,-9.006250,-7.546449,6.561334,-1.000000,-50.811183,-66.811183,19.836250,0.000000,0.000000,2.200000,0.000000,0.000000,0.000000,62.200158,54.650998,10.830000,-7.546449,6.561334,1.200000,0.000000,0.000000,138.994354,-50.811183,-66.811183,30.000000,0.000000,0.000000,0.000000,0.000000,0.000000,0.000000,113.011341,121.462182,-9.006250,166.149744,-7.546449,6.561334,-1.000000,10.049876,nan,nan,nan,0,nan,nan,nan,0,nan,nan,nan,nan,nan,nan,nan,nan,nan,nan,nan,nan,nan,nan,nan,nan,nan,nan,nan,nan,nan,nan,nan,nan,nan,nan,nan,nan,nan,nan,nan,nan,nan,nan,nan,nan,nan,nan,nan,nan,nan,nan,nan,nan,nan,nan,nan,nan,nan,nan,2.000000,165.905470,-5.588043,-165.811334,10.000000,0.000000,166.160705,-5.588043,-165.811334,-9.206250,10.000000,0.000000,10.049876,inf,0.000000,1.000000,0.000000,0.000000,0.000000,0.000000,0.000000,0.000000,0.000000,0.000000,0.000000,0.000000,22.000000,2.485605,24.167591,nan
5.680,APPROACH,166.133251,112.631958,121.787863,-9.056250,-7.587672,6.513619,-1.000000,-50.811183,-66.811183,19.946250,0.000000,0.000000,2.200000,0.000000,0.000000,0.000000,61.820775,54.976679,10.890000,-7.587672,6.513619,1.200000,0.000000,0.000000,139.355637,-50.811183,-66.811183,30.000000,0.000000,0.000000,0.000000,0.000000,0.000000,0.000000,112.631958,121.787863,-9.056250,166.133251,-7.587672,6.513619,-1.000000,10.049876,nan,nan,nan,0,nan,nan,nan,0,nan,nan,nan,nan,nan,nan,nan,nan,nan,nan,nan,nan,nan,nan,nan,nan,nan,nan,nan,nan,nan,nan,nan,nan,nan,nan,nan,nan,nan,nan,nan,nan,nan,nan,nan,nan,nan,nan,nan,nan,nan,nan,nan,nan,nan,nan,nan,nan,nan,nan,2.000000,165.886230,-6.133460,-165.772803,10.000000,0.000000,166.144273,-6.133460,-165.772803,-9.256250,10.000000,0.000000,10.049876,inf,0.000000,1.000000,0.000000,0.000000,0.000000,0.000000,0.000000,0.000000,0.000000,0.000000,0.000000,0.000000,22.000000,2.280783,24.194983,nan
5.720,APPROACH,166.115131,112.250529,122.111146,-9.106250,-7.628581,6.465659,-1.000000,-50.811183,-66.811183,20.056250,0.000000,0.000000,2.200000,0.000000,0.000000,0.000000,61.439346,55.299962,10.950000,-7.628581,6.465659,1.200000,0.000000,0.000000,139.716817,-50.811183,-66.811183,30.000000,0.000000,0.000000,0.000000,0.000000,0.000000,0.000000,112.250529,122.111146,-9.106250,166.115131,-7.628581,6.465659,-1.000000,10.049876,nan,nan,nan,0,nan,nan,nan,0,nan,nan,nan,nan,nan,nan,nan,nan,nan,nan,nan,nan,nan,nan,nan,nan,nan,nan,nan,nan,nan,nan,nan,nan,nan,nan,nan,nan,nan,nan,nan,nan,nan,nan,nan,nan,nan,nan,nan,nan,nan,nan,nan,nan,nan,nan,nan,nan,nan,nan,2.000000,165.865346,-6.678327,-165.730845,10.000000,0.000000,166.126215,-6.678327,-165.730845,-9.306250,10.000000,0.000000,10.049876,inf,0.000000,1.000000,0.000000,0.000000,0.000000,0.000000,0.000000,0.000000,0.000000,0.000000,0.000000,0.000000,22.000000,2.188269,24.207355,nan
5.780,APPROACH,166.095386,111.867070,122.432018,-9.156250,-7.669177,6.417455,-1.000000,-50.811183,-66.811183,20.166250,0.000000,0.000000,2.200000,0.000000,0.000000,0.000000,61.055887,55.620835,11.010000,-7.669177,6.417455,1.200000,0.000000,0.000000,140.077898,-50.811183,-66.811183,30.000000,0.000000,0.000000,0.000000,0.000000,0.000000,0.000000,111.867070,122.432018,-9.156250,166.095386,-7.669177,6.417455,-1.000000,10.049876,nan,nan,nan,0,nan,nan,nan,0,nan,nan,nan,nan,nan,nan,nan,nan,nan,nan,nan,nan,nan,nan,nan,nan,nan,nan,nan,nan,nan,nan,nan,nan,nan,nan,nan,nan,nan,nan,nan,nan,nan,nan,nan,nan,nan,nan,nan,nan,nan,nan,nan,nan,nan,nan,nan,nan,nan,nan,2.000000,165.842818,-7.222631,-165.685467,10.000000,0.000000,166.106532,-7.222631,-165.685467,-9.356250,10.000000,0.000000,10.049876,inf,0.000000,1.000000,0.000000,0.000000,0.000000,0.000000,0.000000,0.000000,0.000000,0.000000,0.000000,0.000000,22.000000,2.222134,24.202826,nan
5.820,APPROACH,166.074017,111.481597,122.750469,-9.206250,-7.709456,6.369010,-1.000000,-50.811183,-66.811183,20.276250,0.000000,0.000000,2.200000,0.000000,0.000000,0.000000,60.670414,55.939286,11.070000,-7.709456,6.369010,1.200000,0.000000,0.000000,140.438882,-50.811183,-66.811183,30.000000,0.000000,0.000000,0.000000,0.000000,0.000000,0.000000,111.481597,122.750469,-9.206250,166.074017,-7.709456,6.369010,-1.000000,10.049876,nan,nan,nan,0,nan,nan,nan,0,nan,nan,nan,nan,nan,nan,nan,nan,nan,nan,nan,nan,nan,nan,nan,nan,nan,nan,nan,nan,nan,nan,nan,nan,nan,nan,nan,nan,nan,nan,nan,nan,nan,nan,nan,nan,nan,nan,nan,nan,nan,nan,nan,nan,nan,nan,nan,nan,nan,nan,2.000000,165.818648,-7.766359,-165.636674,10.000000,0.000000,166.085224,-7.766359,-165.636674,-9.406250,10.000000,0.000000,10.049876,inf,0.000000,1.000000,0.000000,0.000000,0.000000,0.000000,0.000000,0.000000,0.000000,0.000000,0.000000,0.000000,22.000000,2.376978,24.182118,nan
5.880,APPROACH,166.051025,111.094126,123.066485,-9.256250,-7.749420,6.320324,-1.000000,-50.811183,-66.811183,20.386250,0.000000,0.000000,2.200000,0.000000,0.000000,0.000000,60.282943,56.255302,11.130000,-7.749420,6.320324,1.200000,0.000000,0.000000,140.799773,-50.811183,-66.811183,30.000000,0.000000,0.000000,0.000000,0.000000,0.000000,0.000000,111.094126,123.066485,-9.256250,166.051025,-7.749420,6.320324,-1.000000,10.049876,nan,nan,nan,0,nan,nan,nan,0,nan,nan,nan,nan,nan,nan,nan,nan,nan,nan,nan,nan,nan,nan,nan,nan,nan,nan,nan,nan,nan,nan,nan,nan,nan,nan,nan,nan,nan,nan,nan,nan,nan,nan,nan,nan,nan,nan,nan,nan,nan,nan,nan,nan,nan,nan,nan,nan,nan,nan,2.000000,165.792836,-8.309499,-165.584470,10.000000,0.000000,166.062293,-8.309499,-165.584470,-9.456250,10.000000,0.000000,10.049876,inf,0.000000,1.000000,0.000000,0.000000,0.000000,0.000000,0.000000,0.000000,0.000000,0.000000,0.000000,0.000000,22.000000,2.631521,24.148077,nan
5.920,APPROACH,166.026410,110.704673,123.380055,-9.306250,-7.789066,6.271400,-1.000000,-50.811183,-66.811183,20.496250,0.000000,0.000000,2.200000,0.000000,0.000000,0.000000,59.893490,56.568872,11.190000,-7.789066,6.271400,1.200000,0.000000,0.000000,141.160572,-50.811183,-66.811183,30.000000,0.000000,0.000000,0.000000,0.000000,0.000000,0.000000,110.704673,123.380055,-9.306250,166.026410,-7.789066,6.271400,-1.000000,10.049876,nan,nan,nan,0,nan,nan,nan,0,nan,nan,nan,nan,nan,nan,nan,nan,nan,nan,nan,nan,nan,nan,nan,nan,nan,nan,nan,nan,nan,nan,nan,nan,nan,nan,nan,nan,nan,nan,nan,nan,nan,nan,nan,nan,nan,nan,nan,nan,nan,nan,nan,nan,nan,nan,nan,nan,nan,nan,2.000000,165.765384,-8.852037,-165.528862,10.000000,0.000000,166.037741,-8.852037,-165.528862,-9.506250,10.000000,0.000000,10.049876,inf,0.000000,1.000000,0.000000,0.000000,0.000000,0.000000,0.000000,0.000000,0.000000,0.000000,0.000000,0.000000,22.000000,2.960145,24.104129,nan
5.980,APPROACH,166.000175,110.313253,123.691167,-9.356250,-7.828394,6.222239,-1.000000,-50.811183,-66.811183,20.606250,0.000000,0.000000,2.200000,0.000000,0.000000,0.000000,59.502070,56.879984,11.250000,-7.828394,6.222239,1.200000,0.000000,0.000000,141.521284,-50.811183,-66.811183,30.000000,0.000000,0.000000,0.000000,0.000000,0.000000,0.000000,110.313253,123.691167,-9.356250,166.000175,-7.828394,6.222239,-1.000000,10.049876,nan,nan,nan,0,nan,nan,nan,0,nan,nan,nan,nan,nan,nan,nan,nan,nan,nan,nan,nan,nan,nan,nan,nan,nan,nan,nan,nan,nan,nan,nan,nan,nan,nan,nan,nan,nan,nan,nan,nan,nan,nan,nan,nan,nan,nan,nan,nan,nan,nan,nan,nan,nan,nan,nan,nan,nan,nan,2.000000,165.736292,-9.393959,-165.469853,10.000000,0.000000,166.011567,-9.393959,-165.469853,-9.556250,10.000000,0.000000,10.049876,inf,0.000000,1.000000,0.000000,0.000000,0.000000,0.000000,0.000000,0.000000,0.000000,0.000000,0.000000,0.000000,22.000000,3.341048,24.053190,nan
6.020,APPROACH,165.972320,109.919883,123.999809,-9.406250,-7.867402,6.172843,-1.000000,-50.811183,-66.811183,20.716250,0.000000,0.000000,2.200000,0.000000,0.000000,0.000000,59.108700,57.188626,11.310000,-7.867402,6.172843,1.200000,0.000000,0.000000,141.881911,-50.811183,-66.811183,30.000000,0.000000,0.000000,0.000000,0.000000,0.000000,0.000000,109.919883,123.999809,-9.406250,165.972320,-7.867402,6.172843,-1.000000,10.049876,nan,nan,nan,0,nan,nan,nan,0,nan,nan,nan,nan,nan,nan,nan,nan,nan,nan,nan,nan,nan,nan,nan,nan,nan,nan,nan,nan,nan,nan,nan,nan,nan,nan,nan,nan,nan,nan,nan,nan,nan,nan,nan,nan,nan,nan,nan,nan,nan,nan,nan,nan,nan,nan,nan,nan,nan,nan,2.000000,165.705562,-9.935253,-165.407449,10.000000,0.000000,165.983774,-9.935253,-165.407449,-9.606250,10.000000,0.000000,10.049876,inf,0.000000,1.000000,0.000000,0.000000,0.000000,0.000000,0.000000,0.000000,0.000000,0.000000,0.000000,0.000000,22.000000,3.758353,23.997382,nan
6.080,APPROACH,165.942846,109.524579,124.305970,-9.456250,-7.906089,6.123214,-1.000000,-50.811183,-66.811183,20.826250,0.000000,0.000000,2.200000,0.000000,0.000000,0.000000,58.713395,57.494787,11.370000,-7.906089,6.123214,1.200000,0.000000,0.000000,142.242454,-50.811183,-66.811183,30.000000,0.000000,0.000000,0.000000,0.000000,0.000000,0.000000,109.524579,124.305970,-9.456250,165.942846,-7.906089,6.123214,-1.000000,10.049876,nan,nan,nan,0,nan,nan,nan,0,nan,nan,nan,nan,nan,nan,nan,nan,nan,nan,nan,nan,nan,nan,nan,nan,nan,nan,nan,nan,nan,nan,nan,nan,nan,nan,nan,nan,nan,nan,nan,nan,nan,nan,nan,nan,nan,nan,nan,nan,nan,nan,nan,nan,nan,nan,nan,nan,nan,nan,2.000000,165.673195,-10.475904,-165.341655,10.000000,0.000000,165.954363,-10.475904,-165.341655,-9.656250,10.000000,0.000000,10.049876,inf,0.000000,1.000000,0.000000,0.000000,0.000000,0.000000,0.000000,0.000000,0.000000,0.000000,0.000000,0.000000,22.000000,4.201211,23.938157,nan
6.120,APPROACH,165.911755,109.127356,124.609637,-9.506250,-7.944455,6.073354,-1.000000,-50.811183,-66.811183,20.936250,0.000000,0.000000,2.200000,0.000000,0.000000,0.000000,58.316173,57.798454,11.430000,-7.944455,6.073354,1.200000,0.000000,0.000000,142.602917,-50.811183,-66.811183,30.000000,0.000000,0.000000,0.000000,0.000000,0.000000,0.000000,109.127356,124.609637,-9.506250,165.911755,-7.944455,6.073354,-1.000000,10.049876,nan,nan,nan,0,nan,nan,nan,0,nan,nan,nan,nan,nan,nan,nan,nan,nan,nan,nan,nan,nan,nan,nan,nan,nan,nan,nan,nan,nan,nan,nan,nan,nan,nan,nan,nan,nan,nan,nan,nan,nan,nan,nan,nan,nan,nan,nan,nan,nan,nan,nan,nan,nan,nan,nan,nan,nan,nan,2.000000,165.639191,-11.015899,-165.272477,10.000000,0.000000,165.923334,-11.015899,-165.272477,-9.706250,10.000000,0.000000,10.049876,inf,0.000000,1.000000,0.000000,0.000000,0.000000,0.000000,0.000000,0.000000,0.000000,0.000000,0.000000,0.000000,22.000000,4.662331,23.876490,nan
6.180,APPROACH,165.879047,108.728231,124.910801,-9.556250,-7.982499,6.023264,-1.000000,-50.811183,-66.811183,21.046250,0.000000,0.000000,2.200000,0.000000,0.000000,0.000000,57.917048,58.099617,11.490000,-7.982499,6.023264,1.200000,0.000000,0.000000,142.963302,-50.811183,-66.811183,30.000000,0.000000,0.000000,0.000000,0.000000,0.000000,0.000000,108.728231,124.910801,-9.556250,165.879047,-7.982499,6.023264,-1.000000,10.049876,nan,nan,nan,0,nan,nan,nan,0,nan,nan,nan,nan,nan,nan,nan,nan,nan,nan,nan,nan,nan,nan,nan,nan,nan,nan,nan,nan,nan,nan,nan,nan,nan,nan,nan,nan,nan,nan,nan,nan,nan,nan,nan,nan,nan,nan,nan,nan,nan,nan,nan,nan,nan,nan,nan,nan,nan,nan,2.000000,165.603552,-11.555223,-165.199919,10.000000,0.000000,165.890689,-11.555223,-165.199919,-9.756250,10.000000,0.000000,10.049876,inf,0.000000,1.000000,0.000000,0.000000,0.000000,0.000000,0.000000,0.000000,0.000000,0.000000,0.000000,0.000000,22.000000,5.136779,23.813040,nan
6.220,APPROACH,165.844724,108.327220,125.209448,-9.606250,-8.020219,5.972947,-1.000000,-50.811183,-66.811183,21.156250,0.000000,0.000000,2.200000,0.000000,0.000000,0.000000,57.516037,58.398265,11.550000,-8.020219,5.972947,1.200000,0.000000,0.000000,143.323612,-50.811183,-66.811183,30.000000,0.000000,0.000000,0.000000,0.000000,0.000000,0.000000,108.327220,125.209448,-9.606250,165.844724,-8.020219,5.972947,-1.000000,10.049876,nan,nan,nan,0,nan,nan,nan,0,nan,nan,nan,nan,nan,nan,nan,nan,nan,nan,nan,nan,nan,nan,nan,nan,nan,nan,nan,nan,nan,nan,nan,nan,nan,nan,nan,nan,nan,nan,nan,nan,nan,nan,nan,nan,nan,nan,nan,nan,nan,nan,nan,nan,nan,nan,nan,nan,nan,nan,2.000000,165.566278,-12.093862,-165.123987,10.000000,0.000000,165.856429,-12.093862,-165.123987,-9.806250,10.000000,0.000000,10.049876,inf,0.000000,1.000000,0.000000,0.000000,0.000000,0.000000,0.000000,0.000000,0.000000,0.000000,0.000000,0.000000,22.000000,5.621166,23.748261,nan
6.280,APPROACH,165.808787,107.924339,125.505568,-9.656250,-8.057614,5.922403,-1.000000,-50.811183,-66.811183,21.266250,0.000000,0.000000,2.200000,0.000000,0.000000,0.000000,57.113156,58.694385,11.610000,-8.057614,5.922403,1.200000,0.000000,0.000000,143.683848,-50.811183,-66.811183,30.000000,0.000000,0.000000,0.000000,0.000000,0.000000,0.000000,107.924339,125.505568,-9.656250,165.808787,-8.057614,5.922403,-1.000000,10.049876,nan,nan,nan,0,nan,nan,nan,0,nan,nan,nan,nan,nan,nan,nan,nan,nan,nan,nan,nan,nan,nan,nan,nan,nan,nan,nan,nan,nan,nan,nan,nan,nan,nan,nan,nan,nan,nan,nan,nan,nan,nan,nan,nan,nan,nan,nan,nan,nan,nan,nan,nan,nan,nan,nan,nan,nan,nan,2.000000,165.527371,-12.631802,-165.044686,10.000000,0.000000,165.820555,-12.631802,-165.044686,-9.856250,10.000000,0.000000,10.049876,inf,0.000000,1.000000,0.000000,0.000000,0.000000,0.000000,0.000000,0.000000,0.000000,0.000000,0.000000,0.000000,22.000000,6.113110,23.682472,nan
6.320,APPROACH,165.771237,107.519605,125.799150,-9.706250,-8.094683,5.871636,-1.000000,-50.811183,-66.811183,21.376250,0.000000,0.000000,2.200000,0.000000,0.000000,0.000000,56.708422,58.987967,11.670000,-8.094683,5.871636,1.200000,0.000000,0.000000,144.044014,-50.811183,-66.811183,30.000000,0.000000,0.000000,0.000000,0.000000,0.000000,0.000000,107.519605,125.799150,-9.706250,165.771237,-8.094683,5.871636,-1.000000,10.049876,nan,nan,nan,0,nan,nan,nan,0,nan,nan,nan,nan,nan,nan,nan,nan,nan,nan,nan,nan,nan,nan,nan,nan,nan,nan,nan,nan,nan,nan,nan,nan,nan,nan,nan,nan,nan,nan,nan,nan,nan,nan,nan,nan,nan,nan,nan,nan,nan,nan,nan,nan,nan,nan,nan,nan,nan,nan,2.000000,165.486832,-13.169027,-164.962021,10.000000,-0.000000,165.783067,-13.169027,-164.962021,-9.906250,10.000000,-0.000000,10.049876,inf,0.000000,1.000000,0.000000,0.000000,0.000000,0.000000,0.000000,0.000000,0.000000,0.000000,0.000000,0.000000,22.000000,6.610907,23.615899,nan
6.380,APPROACH,165.732074,107.113034,126.090182,-9.756250,-8.131425,5.820646,-1.000000,-50.811183,-66.811183,21.486250,0.000000,0.000000,2.200000,0.000000,0.000000,0.000000,56.301851,59.278999,11.730000,-8.131425,5.820646,1.200000,0.000000,0.000000,144.404110,-50.811183,-66.811183,30.000000,0.000000,0.000000,0.000000,0.000000,0.000000,0.000000,107.113034,126.090182,-9.756250,165.732074,-8.131425,5.820646,-1.000000,10.049876,nan,nan,nan,0,nan,nan,nan,0,nan,nan,nan,nan,nan,nan,nan,nan,nan,nan,nan,nan,nan,nan,nan,nan,nan,nan,nan,nan,nan,nan,nan,nan,nan,nan,nan,nan,nan,nan,nan,nan,nan,nan,nan,nan,nan,nan,nan,nan,nan,nan,nan,nan,nan,nan,nan,nan,nan,nan,2.000000,165.444662,-13.705524,-164.875998,10.000000,-0.000000,165.743968,-13.705524,-164.875998,-9.956250,10.000000,-0.000000,10.049876,inf,0.000000,1.000000,0.000000,0.000000,0.000000,0.000000,0.000000,0.000000,0.000000,0.000000,0.000000,0.000000,22.000000,7.113311,23.548711,nan
6.420,APPROACH,165.691301,106.704642,126.378654,-9.806250,-8.167840,5.769436,-1.000000,-50.811183,-66.811183,21.596250,0.000000,0.000000,2.200000,0.000000,0.000000,0.000000,55.893459,59.567471,11.790000,-8.167840,5.769436,1.200000,0.000000,0.000000,144.764139,-50.811183,-66.811183,30.000000,0.000000,0.000000,0.000000,0.000000,0.000000,0.000000,106.704642,126.378654,-9.806250,165.691301,-8.167840,5.769436,-1.000000,10.049876,nan,nan,nan,0,nan,nan,nan,0,nan,nan,nan,nan,nan,nan,nan,nan,nan,nan,nan,nan,nan,nan,nan,nan,nan,nan,nan,nan,nan,nan,nan,nan,nan,nan,nan,nan,nan,nan,nan,nan,nan,nan,nan,nan,nan,nan,nan,nan,nan,nan,nan,nan,nan,nan,nan,nan,nan,nan,2.000000,165.400861,-14.241277,-164.786622,10.000000,0.000000,165.703258,-14.241277,-164.786622,-10.006250,10.000000,0.000000,10.049876,inf,0.000000,1.000000,0.000000,0.000000,0.000000,0.000000,0.000000,0.000000,0.000000,0.000000,0.000000,0.000000,22.000000,7.619391,23.481031,nan
6.480,APPROACH,165.648919,106.294446,126.664555,-9.856250,-8.203925,5.718008,-1.000000,-50.811183,-66.811183,21.706250,0.000000,0.000000,2.200000,0.000000,0.000000,0.000000,55.483262,59.853371,11.850000,-8.203925,5.718008,1.200000,0.000000,0.000000,145.124103,-50.811183,-66.811183,30.000000,0.000000,0.000000,0.000000,0.000000,0.000000,0.000000,106.294446,126.664555,-9.856250,165.648919,-8.203925,5.718008,-1.000000,10.049876,nan,nan,nan,0,nan,nan,nan,0,nan,nan,nan,nan,nan,nan,nan,nan,nan,nan,nan,nan,nan,nan,nan,nan,nan,nan,nan,nan,nan,nan,nan,nan,nan,nan,nan,nan,nan,nan,nan,nan,nan,nan,nan,nan,nan,nan,nan,nan,nan,nan,nan,nan,nan,nan,nan,nan,nan,nan,2.000000,165.355431,-14.776272,-164.693899,10.000000,0.000000,165.660939,-14.776272,-164.693899,-10.056250,10.000000,0.000000,10.049876,inf,0.000000,1.000000,0.000000,0.000000,0.000000,0.000000,0.000000,0.000000,0.000000,0.000000,0.000000,0.000000,22.000000,8.128443,23.412954,nan
6.520,APPROACH,165.604927,105.882462,126.947873,-9.906250,-8.239680,5.666363,-1.000000,-50.811183,-66.811183,21.816250,0.000000,0.000000,2.200000,0.000000,0.000000,0.000000,55.071278,60.136690,11.910000,-8.239680,5.666363,1.200000,0.000000,0.000000,145.484005,-50.811183,-66.811183,30.000000,0.000000,0.000000,0.000000,0.000000,0.000000,0.000000,105.882462,126.947873,-9.906250,165.604927,-8.239680,5.666363,-1.000000,10.049876,nan,nan,nan,0,nan,nan,nan,0,nan,nan,nan,nan,nan,nan,nan,nan,nan,nan,nan,nan,nan,nan,nan,nan,nan,nan,nan,nan,nan,nan,nan,nan,nan,nan,nan,nan,nan,nan,nan,nan,nan,nan,nan,nan,nan,nan,nan,nan,nan,nan,nan,nan,nan,nan,nan,nan,nan,nan,2.000000,165.308373,-15.310492,-164.597834,10.000000,0.000000,165.617011,-15.310492,-164.597834,-10.106250,10.000000,0.000000,10.049876,inf,0.000000,1.000000,0.000000,0.000000,0.000000,0.000000,0.000000,0.000000,0.000000,0.000000,0.000000,0.000000,21.000000,3.136158,23.079340,nan
6.580,APPROACH,165.559328,105.468706,127.228598,-9.956250,-8.275105,5.614503,-1.000000,-50.811183,-66.811183,21.926250,0.000000,0.000000,2.200000,0.000000,0.000000,0.000000,54.657523,60.417415,11.970000,-8.275105,5.614503,1.200000,0.000000,0.000000,145.843845,-50.811183,-66.811183,30.000000,0.000000,0.000000,0.000000,0.000000,0.000000,0.000000,105.468706,127.228598,-9.956250,165.559328,-8.275105,5.614503,-1.000000,10.049876,nan,nan,nan,0,nan,nan,nan,0,nan,nan,nan,nan,nan,nan,nan,nan,nan,nan,nan,nan,nan,nan,nan,nan,nan,nan,nan,nan,nan,nan,nan,nan,nan,nan,nan,nan,nan,nan,nan,nan,nan,nan,nan,nan,nan,nan,nan,nan,nan,nan,nan,nan,nan,nan,nan,nan,nan,nan,2.000000,165.259687,-15.843923,-164.498432,10.000000,0.000000,165.571476,-15.843923,-164.498432,-10.156250,10.000000,0.000000,10.049876,inf,0.000000,1.000000,0.000000,0.000000,0.000000,0.000000,0.000000,0.000000,0.000000,0.000000,0.000000,0.000000,21.000000,2.780314,23.127070,nan
6.620,APPROACH,165.512122,105.053197,127.506719,-10.006250,-8.310197,5.562430,-1.000000,-50.811183,-66.811183,22.036250,0.000000,0.000000,2.200000,0.000000,0.000000,0.000000,54.242013,60.695536,12.030000,-8.310197,5.562430,1.200000,0.000000,0.000000,146.203626,-50.811183,-66.811183,30.000000,0.000000,0.000000,0.000000,0.000000,0.000000,0.000000,105.053197,127.506719,-10.006250,165.512122,-8.310197,5.562430,-1.000000,10.049876,nan,nan,nan,0,nan,nan,nan,0,nan,nan,nan,nan,nan,nan,nan,nan,nan,nan,nan,nan,nan,nan,nan,nan,nan,nan,nan,nan,nan,nan,nan,nan,nan,nan,nan,nan,nan,nan,nan,nan,nan,nan,nan,nan,nan,nan,nan,nan,nan,nan,nan,nan,nan,nan,nan,nan,nan,nan,2.000000,165.209375,-16.376549,-164.395700,10.000000,0.000000,165.524334,-16.376549,-164.395700,-10.206250,10.000000,0.000000,10.049876,inf,0.000000,1.000000,0.000000,0.000000,0.000000,0.000000,0.000000,0.000000,0.000000,0.000000,0.000000,0.000000,21.000000,2.487437,23.166354,nan
6.680,APPROACH,165.463311,104.635949,127.782227,-10.056250,-8.344956,5.510147,-1.000000,-50.811183,-66.811183,22.146250,0.000000,0.000000,2.200000,0.000000,0.000000,0.000000,53.824766,60.971043,12.090000,-8.344956,5.510147,1.200000,0.000000,0.000000,146.563349,-50.811183,-66.811183,30.000000,0.000000,0.000000,0.000000,0.000000,0.000000,0.000000,104.635949,127.782227,-10.056250,165.463311,-8.344956,5.510147,-1.000000,10.049876,nan,nan,nan,0,nan,nan,nan,0,nan,nan,nan,nan,nan,nan,nan,nan,nan,nan,nan,nan,nan,nan,nan,nan,nan,nan,nan,nan,nan,nan,nan,nan,nan,nan,nan,nan,nan,nan,nan,nan,nan,nan,nan,nan,nan,nan,nan,nan,nan,nan,nan,nan,nan,nan,nan,nan,nan,nan,2.000000,165.157438,-16.908355,-164.289643,10.000000,0.000000,165.475587,-16.908355,-164.289643,-10.256250,10.000000,0.000000,10.049876,inf,0.000000,1.000000,0.000000,0.000000,0.000000,0.000000,0.000000,0.000000,0.000000,0.000000,0.000000,0.000000,21.000000,2.281914,23.193921,nan
6.720,APPROACH,165.412896,104.216980,128.055109,-10.106250,-8.379380,5.457654,-1.000000,-50.811183,-66.811183,22.256250,0.000000,0.000000,2.200000,0.000000,0.000000,0.000000,53.405797,61.243926,12.150000,-8.379380,5.457654,1.200000,0.000000,0.000000,146.923017,-50.811183,-66.811183,30.000000,0.000000,0.000000,0.000000,0.000000,0.000000,0.000000,104.216980,128.055109,-10.106250,165.412896,-8.379380,5.457654,-1.000000,10.049876,nan,nan,nan,0,nan,nan,nan,0,nan,nan,nan,nan,nan,nan,nan,nan,nan,nan,nan,nan,nan,nan,nan,nan,nan,nan,nan,nan,nan,nan,nan,nan,nan,nan,nan,nan,nan,nan,nan,nan,nan,nan,nan,nan,nan,nan,nan,nan,nan,nan,nan,nan,nan,nan,nan,nan,nan,nan,2.000000,165.103876,-17.439325,-164.180266,10.000000,0.000000,165.425236,-17.439325,-164.180266,-10.306250,10.000000,0.000000,10.049876,inf,0.000000,1.000000,0.000000,0.000000,0.000000,0.000000,0.000000,0.000000,0.000000,0.000000,0.000000,0.000000,21.000000,2.188501,23.206451,nan
6.780,APPROACH,165.360878,103.796306,128.325357,-10.156250,-8.413470,5.404954,-1.000000,-50.811183,-66.811183,22.366250,0.000000,0.000000,2.200000,0.000000,0.000000,0.000000,52.985123,61.514174,12.210000,-8.413470,5.404954,1.200000,0.000000,0.000000,147.282631,-50.811183,-66.811183,30.000000,0.000000,0.000000,0.000000,0.000000,0.000000,0.000000,103.796306,128.325357,-10.156250,165.360878,-8.413470,5.404954,-1.000000,10.049876,nan,nan,nan,0,nan,nan,nan,0,nan,nan,nan,nan,nan,nan,nan,nan,nan,nan,nan,nan,nan,nan,nan,nan,nan,nan,nan,nan,nan,nan,nan,nan,nan,nan,nan,nan,nan,nan,nan,nan,nan,nan,nan,nan,nan,nan,nan,nan,nan,nan,nan,nan,nan,nan,nan,nan,nan,nan,2.000000,165.048691,-17.969443,-164.067576,10.000000,-0.000000,165.373282,-17.969443,-164.067576,-10.356250,10.000000,-0.000000,10.049876,inf,0.000000,1.000000,0.000000,0.000000,0.000000,0.000000,0.000000,0.000000,0.000000,0.000000,0.000000,0.000000,21.000000,2.221388,23.202040,nan
6.820,APPROACH,165.307257,103.373945,128.592960,-10.206250,-8.447223,5.352049,-1.000000,-50.811183,-66.811183,22.476250,0.000000,0.000000,2.200000,0.000000,0.000000,0.000000,52.562762,61.781776,12.270000,-8.447223,5.352049,1.200000,0.000000,0.000000,147.642192,-50.811183,-66.811183,30.000000,0.000000,0.000000,0.000000,0.000000,0.000000,0.000000,103.373945,128.592960,-10.206250,165.307257,-8.447223,5.352049,-1.000000,10.049876,nan,nan,nan,0,nan,nan,nan,0,nan,nan,nan,nan,nan,nan,nan,nan,nan,nan,nan,nan,nan,nan,nan,nan,nan,nan,nan,nan,nan,nan,nan,nan,nan,nan,nan,nan,nan,nan,nan,nan,nan,nan,nan,nan,nan,nan,nan,nan,nan,nan,nan,nan,nan,nan,nan,nan,nan,nan,2.000000,164.991884,-18.498693,-163.951579,10.000000,0.000000,165.319726,-18.498693,-163.951579,-10.406250,10.000000,0.000000,10.049876,inf,0.000000,1.000000,0.000000,0.000000,0.000000,0.000000,0.000000,0.000000,0.000000,0.000000,0.000000,0.000000,21.000000,2.375332,23.181391,nan
6.880,APPROACH,165.252036,102.949913,128.857907,-10.256250,-8.480638,5.298941,-1.000000,-50.811183,-66.811183,22.586250,0.000000,0.000000,2.200000,0.000000,0.000000,0.000000,52.138730,62.046723,12.330000,-8.480638,5.298941,1.200000,0.000000,0.000000,148.001702,-50.811183,-66.811183,30.000000,0.000000,0.000000,0.000000,0.000000,0.000000,0.000000,102.949913,128.857907,-10.256250,165.252036,-8.480638,5.298941,-1.000000,10.049876,nan,nan,nan,0,nan,nan,nan,0,nan,nan,nan,nan,nan,nan,nan,nan,nan,nan,nan,nan,nan,nan,nan,nan,nan,nan,nan,nan,nan,nan,nan,nan,nan,nan,nan,nan,nan,nan,nan,nan,nan,nan,nan,nan,nan,nan,nan,nan,nan,nan,nan,nan,nan,nan,nan,nan,nan,nan,2.000000,164.933455,-19.027059,-163.832279,10.000000,0.000000,165.264569,-19.027059,-163.832279,-10.456250,10.000000,0.000000,10.049876,inf,0.000000,1.000000,0.000000,0.000000,0.000000,0.000000,0.000000,0.000000,0.000000,0.000000,0.000000,0.000000,21.000000,2.629145,23.147346,nan
6.920,APPROACH,165.195215,102.524227,129.120188,-10.306250,-8.513716,5.245631,-1.000000,-50.811183,-66.811183,22.696250,0.000000,0.000000,2.200000,0.000000,0.000000,0.000000,51.713044,62.309005,12.390000,-8.513716,5.245631,1.200000,0.000000,0.000000,148.361164,-50.811183,-66.811183,30.000000,0.000000,0.000000,0.000000,0.000000,0.000000,0.000000,102.524227,129.120188,-10.306250,165.195215,-8.513716,5.245631,-1.000000,10.049876,nan,nan,nan,0,nan,nan,nan,0,nan,nan,nan,nan,nan,nan,nan,nan,nan,nan,nan,nan,nan,nan,nan,nan,nan,nan,nan,nan,nan,nan,nan,nan,nan,nan,nan,nan,nan,nan,nan,nan,nan,nan,nan,nan,nan,nan,nan,nan,nan,nan,nan,nan,nan,nan,nan,nan,nan,nan,2.000000,164.873407,-19.554525,-163.709684,10.000000,-0.000000,165.207813,-19.554525,-163.709684,-10.506250,10.000000,-0.000000,10.049876,inf,0.000000,1.000000,0.000000,0.000000,0.000000,0.000000,0.000000,0.000000,0.000000,0.000000,0.000000,0.000000,21.000000,2.957215,23.103342,nan
6.980,APPROACH,165.136795,102.096905,129.379794,-10.356250,-8.546454,5.192122,-1.000000,-50.811183,-66.811183,22.806250,0.000000,0.000000,2.200000,0.000000,0.000000,0.000000,51.285722,62.568611,12.450000,-8.546454,5.192122,1.200000,0.000000,0.000000,148.720577,-50.811183,-66.811183,30.000000,0.000000,0.000000,0.000000,0.000000,0.000000,0.000000,102.096905,129.379794,-10.356250,165.136795,-8.546454,5.192122,-1.000000,10.049876,nan,nan,nan,0,nan,nan,nan,0,nan,nan,nan,nan,nan,nan,nan,nan,nan,nan,nan,nan,nan,nan,nan,nan,nan,nan,nan,nan,nan,nan,nan,nan,nan,nan,nan,nan,nan,nan,nan,nan,nan,nan,nan,nan,nan,nan,nan,nan,nan,nan,nan,nan,nan,nan,nan,nan,nan,nan,2.000000,164.811738,-20.081075,-163.583800,10.000000,0.000000,165.149458,-20.081075,-163.583800,-10.556250,10.000000,0.000000,10.049876,inf,0.000000,1.000000,0.000000,0.000000,0.000000,0.000000,0.000000,0.000000,0.000000,0.000000,0.000000,0.000000,21.000000,3.337704,23.052306,nan
7.020,APPROACH,165.076777,101.667962,129.636715,-10.406250,-8.578851,5.138416,-1.000000,-50.811183,-66.811183,22.916250,0.000000,0.000000,2.200000,0.000000,0.000000,0.000000,50.856779,62.825532,12.510000,-8.578851,5.138416,1.200000,0.000000,0.000000,149.079943,-50.811183,-66.811183,30.000000,0.000000,0.000000,0.000000,0.000000,0.000000,0.000000,101.667962,129.636715,-10.406250,165.076777,-8.578851,5.138416,-1.000000,10.049876,nan,nan,nan,0,nan,nan,nan,0,nan,nan,nan,nan,nan,nan,nan,nan,nan,nan,nan,nan,nan,nan,nan,nan,nan,nan,nan,nan,nan,nan,nan,nan,nan,nan,nan,nan,nan,nan,nan,nan,nan,nan,nan,nan,nan,nan,nan,nan,nan,nan,nan,nan,nan,nan,nan,nan,nan,nan,2.000000,164.748452,-20.606693,-163.454632,10.000000,-0.000000,165.089506,-20.606693,-163.454632,-10.606250,10.000000,-0.000000,10.049876,inf,0.000000,1.000000,0.000000,0.000000,0.000000,0.000000,0.000000,0.000000,0.000000,0.000000,0.000000,0.000000,21.000000,3.754697,22.996373,nan
7.080,APPROACH,165.015164,101.237417,129.890941,-10.456250,-8.610907,5.084514,-1.000000,-50.811183,-66.811183,23.026250,0.000000,0.000000,2.200000,0.000000,0.000000,0.000000,50.426234,63.079758,12.570000,-8.610907,5.084514,1.200000,0.000000,0.000000,149.439265,-50.811183,-66.811183,30.000000,0.000000,0.000000,0.000000,0.000000,0.000000,0.000000,101.237417,129.890941,-10.456250,165.015164,-8.610907,5.084514,-1.000000,10.049876,nan,nan,nan,0,nan,nan,nan,0,nan,nan,nan,nan,nan,nan,nan,nan,nan,nan,nan,nan,nan,nan,nan,nan,nan,nan,nan,nan,nan,nan,nan,nan,nan,nan,nan,nan,nan,nan,nan,nan,nan,nan,nan,nan,nan,nan,nan,nan,nan,nan,nan,nan,nan,nan,nan,nan,nan,nan,2.000000,164.683548,-21.131362,-163.322187,10.000000,0.000000,165.027957,-21.131362,-163.322187,-10.656250,10.000000,0.000000,10.049876,inf,0.000000,1.000000,0.000000,0.000000,0.000000,0.000000,0.000000,0.000000,0.000000,0.000000,0.000000,0.000000,21.000000,4.197312,22.937004,nan
7.120,APPROACH,164.951954,100.805286,130.142462,-10.506250,-8.642620,5.030419,-1.000000,-50.811183,-66.811183,23.136250,0.000000,0.000000,2.200000,0.000000,0.000000,0.000000,49.994103,63.331278,12.630000,-8.642620,5.030419,1.200000,0.000000,0.000000,149.798543,-50.811183,-66.811183,30.000000,0.000000,0.000000,0.000000,0.000000,0.000000,0.000000,100.805286,130.142462,-10.506250,164.951954,-8.642620,5.030419,-1.000000,10.049876,nan,nan,nan,0,nan,nan,nan,0,nan,nan,nan,nan,nan,nan,nan,nan,nan,nan,nan,nan,nan,nan,nan,nan,nan,nan,nan,nan,nan,nan,nan,nan,nan,nan,nan,nan,nan,nan,nan,nan,nan,nan,nan,nan,nan,nan,nan,nan,nan,nan,nan,nan,nan,nan,nan,nan,nan,nan,2.000000,164.617028,-21.655065,-163.186470,10.000000,-0.000000,164.964814,-21.655065,-163.186470,-10.706250,10.000000,-0.000000,10.049876,inf,0.000000,1.000000,0.000000,0.000000,0.000000,0.000000,0.000000,0.000000,0.000000,0.000000,0.000000,0.000000,21.000000,4.658237,22.875179,nan
7.180,APPROACH,164.887151,100.371586,130.391268,-10.556250,-8.673990,4.976133,-1.000000,-50.811183,-66.811183,23.246250,0.000000,0.000000,2.200000,0.000000,0.000000,0.000000,49.560403,63.580085,12.690000,-8.673990,4.976133,1.200000,0.000000,0.000000,150.157779,-50.811183,-66.811183,30.000000,0.000000,0.000000,0.000000,0.000000,0.000000,0.000000,100.371586,130.391268,-10.556250,164.887151,-8.673990,4.976133,-1.000000,10.049876,nan,nan,nan,0,nan,nan,nan,0,nan,nan,nan,nan,nan,nan,nan,nan,nan,nan,nan,nan,nan,nan,nan,nan,nan,nan,nan,nan,nan,nan,nan,nan,nan,nan,nan,nan,nan,nan,nan,nan,nan,nan,nan,nan,nan,nan,nan,nan,nan,nan,nan,nan,nan,nan,nan,nan,nan,nan,2.000000,164.548893,-22.177787,-163.047490,10.000000,0.000000,164.900076,-22.177787,-163.047490,-10.756250,10.000000,0.000000,10.049876,inf,0.000000,1.000000,0.000000,0.000000,0.000000,0.000000,0.000000,0.000000,0.000000,0.000000,0.000000,0.000000,21.000000,5.132525,22.811562,nan
7.220,APPROACH,164.820755,99.936336,130.637351,-10.606250,-8.705015,4.921657,-1.000000,-50.811183,-66.811183,23.356250,0.000000,0.000000,2.200000,0.000000,0.000000,0.000000,49.125152,63.826168,12.750000,-8.705015,4.921657,1.200000,0.000000,0.000000,150.516973,-50.811183,-66.811183,30.000000,0.000000,0.000000,0.000000,0.000000,0.000000,0.000000,99.936336,130.637351,-10.606250,164.820755,-8.705015,4.921657,-1.000000,10.049876,nan,nan,nan,0,nan,nan,nan,0,nan,nan,nan,nan,nan,nan,nan,nan,nan,nan,nan,nan,nan,nan,nan,nan,nan,nan,nan,nan,nan,nan,nan,nan,nan,nan,nan,nan,nan,nan,nan,nan,nan,nan,nan,nan,nan,nan,nan,nan,nan,nan,nan,nan,nan,nan,nan,nan,nan,nan,2.000000,164.479144,-22.699510,-162.905251,10.000000,0.000000,164.833746,-22.699510,-162.905251,-10.806250,10.000000,0.000000,10.049876,inf,0.000000,1.000000,0.000000,0.000000,0.000000,0.000000,0.000000,0.000000,0.000000,0.000000,0.000000,0.000000,21.000000,5.616775,22.746608,nan
7.280,APPROACH,164.752767,99.499551,130.880701,-10.656250,-8.735695,4.866994,-1.000000,-50.811183,-66.811183,23.466250,0.000000,0.000000,2.200000,0.000000,0.000000,0.000000,48.688368,64.069518,12.810000,-8.735695,4.866994,1.200000,0.000000,0.000000,150.876128,-50.811183,-66.811183,30.000000,0.000000,0.000000,0.000000,0.000000,0.000000,0.000000,99.499551,130.880701,-10.656250,164.752767,-8.735695,4.866994,-1.000000,10.049876,nan,nan,nan,0,nan,nan,nan,0,nan,nan,nan,nan,nan,nan,nan,nan,nan,nan,nan,nan,nan,nan,nan,nan,nan,nan,nan,nan,nan,nan,nan,nan,nan,nan,nan,nan,nan,nan,nan,nan,nan,nan,nan,nan,nan,nan,nan,nan,nan,nan,nan,nan,nan,nan,nan,nan,nan,nan,2.000000,164.407781,-23.220217,-162.759762,10.000000,-0.000000,164.765824,-23.220217,-162.759762,-10.856250,10.000000,-0.000000,10.049876,inf,0.000000,1.000000,0.000000,0.000000,0.000000,0.000000,0.000000,0.000000,0.000000,0.000000,0.000000,0.000000,21.000000,6.108600,22.680639,nan
7.320,APPROACH,164.683188,99.061249,131.121308,-10.706250,-8.766029,4.812145,-1.000000,-50.811183,-66.811183,23.576250,0.000000,0.000000,2.200000,0.000000,0.000000,0.000000,48.250066,64.310125,12.870000,-8.766029,4.812145,1.200000,0.000000,0.000000,151.235244,-50.811183,-66.811183,30.000000,0.000000,0.000000,0.000000,0.000000,0.000000,0.000000,99.061249,131.121308,-10.706250,164.683188,-8.766029,4.812145,-1.000000,10.049876,nan,nan,nan,0,nan,nan,nan,0,nan,nan,nan,nan,nan,nan,nan,nan,nan,nan,nan,nan,nan,nan,nan,nan,nan,nan,nan,nan,nan,nan,nan,nan,nan,nan,nan,nan,nan,nan,nan,nan,nan,nan,nan,nan,nan,nan,nan,nan,nan,nan,nan,nan,nan,nan,nan,nan,nan,nan,2.000000,164.334806,-23.739893,-162.611027,10.000000,0.000000,164.696311,-23.739893,-162.611027,-10.906250,10.000000,0.000000,10.049876,inf,0.000000,1.000000,0.000000,0.000000,0.000000,0.000000,0.000000,0.000000,0.000000,0.000000,0.000000,0.000000,21.000000,6.606293,22.613882,nan
7.380,APPROACH,164.612020,98.621449,131.359164,-10.756250,-8.796014,4.757114,-1.000000,-50.811183,-66.811183,23.686250,0.000000,0.000000,2.200000,0.000000,0.000000,0.000000,47.810266,64.547981,12.930000,-8.796014,4.757114,1.200000,0.000000,0.000000,151.594323,-50.811183,-66.811183,30.000000,0.000000,0.000000,0.000000,0.000000,0.000000,0.000000,98.621449,131.359164,-10.756250,164.612020,-8.796014,4.757114,-1.000000,10.049876,nan,nan,nan,0,nan,nan,nan,0,nan,nan,nan,nan,nan,nan,nan,nan,nan,nan,nan,nan,nan,nan,nan,nan,nan,nan,nan,nan,nan,nan,nan,nan,nan,nan,nan,nan,nan,nan,nan,nan,nan,nan,nan,nan,nan,nan,nan,nan,nan,nan,nan,nan,nan,nan,nan,nan,nan,nan,2.000000,164.260221,-24.258520,-162.459054,10.000000,0.000000,164.625209,-24.258520,-162.459054,-10.956250,10.000000,0.000000,10.049876,inf,0.000000,1.000000,0.000000,0.000000,0.000000,0.000000,0.000000,0.000000,0.000000,0.000000,0.000000,0.000000,21.000000,7.108602,22.546506,nan
7.420,APPROACH,164.539263,98.180166,131.594259,-10.806250,-8.825652,4.701901,-1.000000,-50.811183,-66.811183,23.796250,0.000000,0.000000,2.200000,0.000000,0.000000,0.000000,47.368983,64.783076,12.990000,-8.825652,4.701901,1.200000,0.000000,0.000000,151.953365,-50.811183,-66.811183,30.000000,0.000000,0.000000,0.000000,0.000000,0.000000,0.000000,98.180166,131.594259,-10.806250,164.539263,-8.825652,4.701901,-1.000000,10.049876,nan,nan,nan,0,nan,nan,nan,0,nan,nan,nan,nan,nan,nan,nan,nan,nan,nan,nan,nan,nan,nan,nan,nan,nan,nan,nan,nan,nan,nan,nan,nan,nan,nan,nan,nan,nan,nan,nan,nan,nan,nan,nan,nan,nan,nan,nan,nan,nan,nan,nan,nan,nan,nan,nan,nan,nan,nan,2.000000,164.184025,-24.776081,-162.303850,10.000000,0.000000,164.552519,-24.776081,-162.303850,-11.006250,10.000000,0.000000,10.049876,inf,0.000000,1.000000,0.000000,0.000000,0.000000,0.000000,0.000000,0.000000,0.000000,0.000000,0.000000,0.000000,21.000000,7.614596,22.478636,nan
7.480,APPROACH,164.464919,97.737419,131.826584,-10.856250,-8.854940,4.646509,-1.000000,-50.811183,-66.811183,23.906250,0.000000,0.000000,2.200000,0.000000,0.000000,0.000000,46.926236,65.015401,13.050000,-8.854940,4.646509,1.200000,0.000000,0.000000,152.312371,-50.811183,-66.811183,30.000000,0.000000,0.000000,0.000000,0.000000,0.000000,0.000000,97.737419,131.826584,-10.856250,164.464919,-8.854940,4.646509,-1.000000,10.049876,nan,nan,nan,0,nan,nan,nan,0,nan,nan,nan,nan,nan,nan,nan,nan,nan,nan,nan,nan,nan,nan,nan,nan,nan,nan,nan,nan,nan,nan,nan,nan,nan,nan,nan,nan,nan,nan,nan,nan,nan,nan,nan,nan,nan,nan,nan,nan,nan,nan,nan,nan,nan,nan,nan,nan,nan,nan,2.000000,164.106220,-25.292560,-162.145422,10.000000,0.000000,164.478242,-25.292560,-162.145422,-11.056250,10.000000,0.000000,10.049876,inf,0.000000,1.000000,0.000000,0.000000,0.000000,0.000000,0.000000,0.000000,0.000000,0.000000,0.000000,0.000000,21.000000,8.123568,22.410366,nan
7.520,APPROACH,164.388989,97.293225,132.056131,-10.906250,-8.883877,4.590939,-1.000000,-50.811183,-66.811183,24.016250,0.000000,0.000000,2.200000,0.000000,0.000000,0.000000,46.482042,65.244948,13.110000,-8.883877,4.590939,1.200000,0.000000,0.000000,152.671344,-50.811183,-66.811183,30.000000,0.000000,0.000000,0.000000,0.000000,0.000000,0.000000,97.293225,132.056131,-10.906250,164.388989,-8.883877,4.590939,-1.000000,10.049876,nan,nan,nan,0,nan,nan,nan,0,nan,nan,nan,nan,nan,nan,nan,nan,nan,nan,nan,nan,nan,nan,nan,nan,nan,nan,nan,nan,nan,nan,nan,nan,nan,nan,nan,nan,nan,nan,nan,nan,nan,nan,nan,nan,nan,nan,nan,nan,nan,nan,nan,nan,nan,nan,nan,nan,nan,nan,2.000000,164.026807,-25.807939,-161.983776,10.000000,0.000000,164.402379,-25.807939,-161.983776,-11.106250,10.000000,0.000000,10.049876,inf,0.000000,1.000000,0.000000,0.000000,0.000000,0.000000,0.000000,0.000000,0.000000,0.000000,0.000000,0.000000,20.000000,3.139834,22.077475,nan
7.580,APPROACH,164.311475,96.847602,132.282891,-10.956250,-8.912464,4.535195,-1.000000,-50.811183,-66.811183,24.126250,0.000000,0.000000,2.200000,0.000000,0.000000,0.000000,46.036419,65.471708,13.170000,-8.912464,4.535195,1.200000,0.000000,0.000000,153.030283,-50.811183,-66.811183,30.000000,0.000000,0.000000,0.000000,0.000000,0.000000,0.000000,96.847602,132.282891,-10.956250,164.311475,-8.912464,4.535195,-1.000000,10.049876,nan,nan,nan,0,nan,nan,nan,0,nan,nan,nan,nan,nan,nan,nan,nan,nan,nan,nan,nan,nan,nan,nan,nan,nan,nan,nan,nan,nan,nan,nan,nan,nan,nan,nan,nan,nan,nan,nan,nan,nan,nan,nan,nan,nan,nan,nan,nan,nan,nan,nan,nan,nan,nan,nan,nan,nan,nan,2.000000,163.945788,-26.322202,-161.818920,10.000000,0.000000,164.324932,-26.322202,-161.818920,-11.156250,10.000000,0.000000,10.049876,inf,0.000000,1.000000,0.000000,0.000000,0.000000,0.000000,0.000000,0.000000,0.000000,0.000000,0.000000,0.000000,20.000000,2.783517,22.125424,nan
7.620,APPROACH,164.232377,96.400567,132.506855,-11.006250,-8.940697,4.479278,-1.000000,-50.811183,-66.811183,24.236250,0.000000,0.000000,2.200000,0.000000,0.000000,0.000000,45.589384,65.695672,13.230000,-8.940697,4.479278,1.200000,0.000000,0.000000,153.389191,-50.811183,-66.811183,30.000000,0.000000,0.000000,0.000000,0.000000,0.000000,0.000000,96.400567,132.506855,-11.006250,164.232377,-8.940697,4.479278,-1.000000,10.049876,nan,nan,nan,0,nan,nan,nan,0,nan,nan,nan,nan,nan,nan,nan,nan,nan,nan,nan,nan,nan,nan,nan,nan,nan,nan,nan,nan,nan,nan,nan,nan,nan,nan,nan,nan,nan,nan,nan,nan,nan,nan,nan,nan,nan,nan,nan,nan,nan,nan,nan,nan,nan,nan,nan,nan,nan,nan,2.000000,163.863162,-26.835331,-161.650861,10.000000,0.000000,164.245901,-26.835331,-161.650861,-11.206250,10.000000,0.000000,10.049876,inf,0.000000,1.000000,0.000000,0.000000,0.000000,0.000000,0.000000,0.000000,0.000000,0.000000,0.000000,0.000000,20.000000,2.489940,22.164930,nan
7.680,APPROACH,164.151696,95.952138,132.728014,-11.056250,-8.968578,4.423190,-1.000000,-50.811183,-66.811183,24.346250,0.000000,0.000000,2.200000,0.000000,0.000000,0.000000,45.140955,65.916831,13.290000,-8.968578,4.423190,1.200000,0.000000,0.000000,153.748067,-50.811183,-66.811183,30.000000,0.000000,0.000000,0.000000,0.000000,0.000000,0.000000,95.952138,132.728014,-11.056250,164.151696,-8.968578,4.423190,-1.000000,10.049876,nan,nan,nan,0,nan,nan,nan,0,nan,nan,nan,nan,nan,nan,nan,nan,nan,nan,nan,nan,nan,nan,nan,nan,nan,nan,nan,nan,nan,nan,nan,nan,nan,nan,nan,nan,nan,nan,nan,nan,nan,nan,nan,nan,nan,nan,nan,nan,nan,nan,nan,nan,nan,nan,nan,nan,nan,nan,2.000000,163.778932,-27.347308,-161.479607,10.000000,0.000000,164.165288,-27.347308,-161.479607,-11.256250,10.000000,0.000000,10.049876,inf,0.000000,1.000000,0.000000,0.000000,0.000000,0.000000,0.000000,0.000000,0.000000,0.000000,0.000000,0.000000,20.000000,2.283443,22.192719,nan
7.720,APPROACH,164.069434,95.502333,132.946361,-11.106250,-8.996105,4.366933,-1.000000,-50.811183,-66.811183,24.456250,0.000000,0.000000,2.200000,0.000000,0.000000,0.000000,44.691150,66.135178,13.350000,-8.996105,4.366933,1.200000,0.000000,0.000000,154.106912,-50.811183,-66.811183,30.000000,0.000000,0.000000,0.000000,0.000000,0.000000,0.000000,95.502333,132.946361,-11.106250,164.069434,-8.996105,4.366933,-1.000000,10.049876,nan,nan,nan,0,nan,nan,nan,0,nan,nan,nan,nan,nan,nan,nan,nan,nan,nan,nan,nan,nan,nan,nan,nan,nan,nan,nan,nan,nan,nan,nan,nan,nan,nan,nan,nan,nan,nan,nan,nan,nan,nan,nan,nan,nan,nan,nan,nan,nan,nan,nan,nan,nan,nan,nan,nan,nan,nan,2.000000,163.693099,-27.858118,-161.305163,10.000000,0.000000,164.083094,-27.858118,-161.305163,-11.306250,10.000000,0.000000,10.049876,inf,0.000000,1.000000,0.000000,0.000000,0.000000,0.000000,0.000000,0.000000,0.000000,0.000000,0.000000,0.000000,20.000000,2.188820,22.205452,nan
7.780,APPROACH,163.985593,95.051169,133.161886,-11.156250,-9.023276,4.310509,-1.000000,-50.811183,-66.811183,24.566250,0.000000,0.000000,2.200000,0.000000,0.000000,0.000000,44.239986,66.350703,13.410000,-9.023276,4.310509,1.200000,0.000000,0.000000,154.465728,-50.811183,-66.811183,30.000000,0.000000,0.000000,0.000000,0.000000,0.000000,0.000000,95.051169,133.161886,-11.156250,163.985593,-9.023276,4.310509,-1.000000,10.049876,nan,nan,nan,0,nan,nan,nan,0,nan,nan,nan,nan,nan,nan,nan,nan,nan,nan,nan,nan,nan,nan,nan,nan,nan,nan,nan,nan,nan,nan,nan,nan,nan,nan,nan,nan,nan,nan,nan,nan,nan,nan,nan,nan,nan,nan,nan,nan,nan,nan,nan,nan,nan,nan,nan,nan,nan,nan,2.000000,163.605662,-28.367743,-161.127539,10.000000,0.000000,163.999321,-28.367743,-161.127539,-11.356250,10.000000,0.000000,10.049876,inf,0.000000,1.000000,0.000000,0.000000,0.000000,0.000000,0.000000,0.000000,0.000000,0.000000,0.000000,0.000000,20.000000,2.220423,22.201199,nan
7.820,APPROACH,163.900173,94.598665,133.374583,-11.206250,-9.050092,4.253921,-1.000000,-50.811183,-66.811183,24.676250,0.000000,0.000000,2.200000,0.000000,0.000000,0.000000,43.787482,66.563399,13.470000,-9.050092,4.253921,1.200000,0.000000,0.000000,154.824516,-50.811183,-66.811183,30.000000,0.000000,0.000000,0.000000,0.000000,0.000000,0.000000,94.598665,133.374583,-11.206250,163.900173,-9.050092,4.253921,-1.000000,10.049876,nan,nan,nan,0,nan,nan,nan,0,nan,nan,nan,nan,nan,nan,nan,nan,nan,nan,nan,nan,nan,nan,nan,nan,nan,nan,nan,nan,nan,nan,nan,nan,nan,nan,nan,nan,nan,nan,nan,nan,nan,nan,nan,nan,nan,nan,nan,nan,nan,nan,nan,nan,nan,nan,nan,nan,nan,nan,2.000000,163.516625,-28.876165,-160.946742,10.000000,0.000000,163.913969,-28.876165,-160.946742,-11.406250,10.000000,0.000000,10.049876,inf,0.000000,1.000000,0.000000,0.000000,0.000000,0.000000,0.000000,0.000000,0.000000,0.000000,0.000000,0.000000,20.000000,2.373212,22.180638,nan
7.880,APPROACH,163.813175,94.144837,133.584441,-11.256250,-9.076550,4.197170,-1.000000,-50.811183,-66.811183,24.786250,0.000000,0.000000,2.200000,0.000000,0.000000,0.000000,43.333654,66.773258,13.530000,-9.076550,4.197170,1.200000,0.000000,0.000000,155.183276,-50.811183,-66.811183,30.000000,0.000000,0.000000,0.000000,0.000000,0.000000,0.000000,94.144837,133.584441,-11.256250,163.813175,-9.076550,4.197170,-1.000000,10.049876,nan,nan,nan,0,nan,nan,nan,0,nan,nan,nan,nan,nan,nan,nan,nan,nan,nan,nan,nan,nan,nan,nan,nan,nan,nan,nan,nan,nan,nan,nan,nan,nan,nan,nan,nan,nan,nan,nan,nan,nan,nan,nan,nan,nan,nan,nan,nan,nan,nan,nan,nan,nan,nan,nan,nan,nan,nan,2.000000,163.425987,-29.383368,-160.762779,10.000000,0.000000,163.827040,-29.383368,-160.762779,-11.456250,10.000000,0.000000,10.049876,inf,0.000000,1.000000,0.000000,0.000000,0.000000,0.000000,0.000000,0.000000,0.000000,0.000000,0.000000,0.000000,20.000000,2.626113,22.146606,nan
7.920,APPROACH,163.724602,93.689705,133.791454,-11.306250,-9.102651,4.140259,-1.000000,-50.811183,-66.811183,24.896250,0.000000,0.000000,2.200000,0.000000,0.000000,0.000000,42.878521,66.980271,13.590000,-9.102651,4.140259,1.200000,0.000000,0.000000,155.542009,-50.811183,-66.811183,30.000000,0.000000,0.000000,0.000000,0.000000,0.000000,0.000000,93.689705,133.791454,-11.306250,163.724602,-9.102651,4.140259,-1.000000,10.049876,nan,nan,nan,0,nan,nan,nan,0,nan,nan,nan,nan,nan,nan,nan,nan,nan,nan,nan,nan,nan,nan,nan,nan,nan,nan,nan,nan,nan,nan,nan,nan,nan,nan,nan,nan,nan,nan,nan,nan,nan,nan,nan,nan,nan,nan,nan,nan,nan,nan,nan,nan,nan,nan,nan,nan,nan,nan,2.000000,163.333750,-29.889333,-160.575657,10.000000,0.000000,163.738535,-29.889333,-160.575657,-11.506250,10.000000,0.000000,10.049876,inf,0.000000,1.000000,0.000000,0.000000,0.000000,0.000000,0.000000,0.000000,0.000000,0.000000,0.000000,0.000000,20.000000,2.953511,22.102548,nan
7.980,APPROACH,163.634453,93.233285,133.995614,-11.356250,-9.128393,4.083190,-1.000000,-50.811183,-66.811183,25.006250,0.000000,0.000000,2.200000,0.000000,0.000000,0.000000,42.422102,67.184430,13.650000,-9.128393,4.083190,1.200000,0.000000,0.000000,155.900717,-50.811183,-66.811183,30.000000,0.000000,0.000000,0.000000,0.000000,0.000000,0.000000,93.233285,133.995614,-11.356250,163.634453,-9.128393,4.083190,-1.000000,10.049876,nan,nan,nan,0,nan,nan,nan,0,nan,nan,nan,nan,nan,nan,nan,nan,nan,nan,nan,nan,nan,nan,nan,nan,nan,nan,nan,nan,nan,nan,nan,nan,nan,nan,nan,nan,nan,nan,nan,nan,nan,nan,nan,nan,nan,nan,nan,nan,nan,nan,nan,nan,nan,nan,nan,nan,nan,nan,2.000000,163.239915,-30.394044,-160.385386,10.000000,0.000000,163.648455,-30.394044,-160.385386,-11.556250,10.000000,0.000000,10.049876,inf,0.000000,1.000000,0.000000,0.000000,0.000000,0.000000,0.000000,0.000000,0.000000,0.000000,0.000000,0.000000,20.000000,3.333516,22.051411,nan
8.020,APPROACH,163.542731,92.775596,134.196912,-11.406250,-9.153775,4.025965,-1.000000,-50.811183,-66.811183,25.116250,0.000000,0.000000,2.200000,0.000000,0.000000,0.000000,41.964413,67.385729,13.710000,-9.153775,4.025965,1.200000,0.000000,0.000000,156.259399,-50.811183,-66.811183,30.000000,0.000000,0.000000,0.000000,0.000000,0.000000,0.000000,92.775596,134.196912,-11.406250,163.542731,-9.153775,4.025965,-1.000000,10.049876,nan,nan,nan,0,nan,nan,nan,0,nan,nan,nan,nan,nan,nan,nan,nan,nan,nan,nan,nan,nan,nan,nan,nan,nan,nan,nan,nan,nan,nan,nan,nan,nan,nan,nan,nan,nan,nan,nan,nan,nan,nan,nan,nan,nan,nan,nan,nan,nan,nan,nan,nan,nan,nan,nan,nan,nan,nan,2.000000,163.144483,-30.897484,-160.191972,10.000000,0.000000,163.556802,-30.897484,-160.191972,-11.606250,10.000000,0.000000,10.049876,inf,0.000000,1.000000,0.000000,0.000000,0.000000,0.000000,0.000000,0.000000,0.000000,0.000000,0.000000,0.000000,20.000000,3.750158,21.995344,nan
8.080,APPROACH,163.449437,92.316656,134.395341,-11.456250,-9.178797,3.968587,-1.000000,-50.811183,-66.811183,25.226250,0.000000,0.000000,2.200000,0.000000,0.000000,0.000000,41.505473,67.584158,13.770000,-9.178797,3.968587,1.200000,0.000000,0.000000,156.618056,-50.811183,-66.811183,30.000000,0.000000,0.000000,0.000000,0.000000,0.000000,0.000000,92.316656,134.395341,-11.456250,163.449437,-9.178797,3.968587,-1.000000,10.049876,nan,nan,nan,0,nan,nan,nan,0,nan,nan,nan,nan,nan,nan,nan,nan,nan,nan,nan,nan,nan,nan,nan,nan,nan,nan,nan,nan,nan,nan,nan,nan,nan,nan,nan,nan,nan,nan,nan,nan,nan,nan,nan,nan,nan,nan,nan,nan,nan,nan,nan,nan,nan,nan,nan,nan,nan,nan,2.000000,163.047456,-31.399634,-159.995424,10.000000,0.000000,163.463577,-31.399634,-159.995424,-11.656250,10.000000,0.000000,10.049876,inf,0.000000,1.000000,0.000000,0.000000,0.000000,0.000000,0.000000,0.000000,0.000000,0.000000,0.000000,0.000000,20.000000,4.192514,21.935816,nan
8.120,APPROACH,163.354572,91.856483,134.590894,-11.506250,-9.203458,3.911056,-1.000000,-50.811183,-66.811183,25.336250,0.000000,0.000000,2.200000,0.000000,0.000000,0.000000,41.045300,67.779711,13.830000,-9.203458,3.911056,1.200000,0.000000,0.000000,156.976690,-50.811183,-66.811183,30.000000,0.000000,0.000000,0.000000,0.000000,0.000000,0.000000,91.856483,134.590894,-11.506250,163.354572,-9.203458,3.911056,-1.000000,10.049876,nan,nan,nan,0,nan,nan,nan,0,nan,nan,nan,nan,nan,nan,nan,nan,nan,nan,nan,nan,nan,nan,nan,nan,nan,nan,nan,nan,nan,nan,nan,nan,nan,nan,nan,nan,nan,nan,nan,nan,nan,nan,nan,nan,nan,nan,nan,nan,nan,nan,nan,nan,nan,nan,nan,nan,nan,nan,2.000000,162.948833,-31.900478,-159.795750,10.000000,0.000000,163.368781,-31.900478,-159.795750,-11.706250,10.000000,0.000000,10.049876,inf,0.000000,1.000000,0.000000,0.000000,0.000000,0.000000,0.000000,0.000000,0.000000,0.000000,0.000000,0.000000,20.000000,4.653241,21.873816,nan
8.180,APPROACH,163.258137,91.395096,134.783563,-11.556250,-9.227757,3.853376,-1.000000,-50.811183,-66.811183,25.446250,0.000000,0.000000,2.200000,0.000000,0.000000,0.000000,40.583912,67.972380,13.890000,-9.227757,3.853376,1.200000,0.000000,0.000000,157.335300,-50.811183,-66.811183,30.000000,0.000000,0.000000,0.000000,0.000000,0.000000,0.000000,91.395096,134.783563,-11.556250,163.258137,-9.227757,3.853376,-1.000000,10.049876,nan,nan,nan,0,nan,nan,nan,0,nan,nan,nan,nan,nan,nan,nan,nan,nan,nan,nan,nan,nan,nan,nan,nan,nan,nan,nan,nan,nan,nan,nan,nan,nan,nan,nan,nan,nan,nan,nan,nan,nan,nan,nan,nan,nan,nan,nan,nan,nan,nan,nan,nan,nan,nan,nan,nan,nan,nan,2.000000,162.848618,-32.399999,-159.592958,10.000000,0.000000,163.272416,-32.399999,-159.592958,-11.756250,10.000000,0.000000,10.049876,inf,0.000000,1.000000,0.000000,0.000000,0.000000,0.000000,0.000000,0.000000,0.000000,0.000000,0.000000,0.000000,20.000000,5.127373,21.810013,nan
8.220,APPROACH,163.160133,90.932511,134.973340,-11.606250,-9.251692,3.795548,-1.000000,-50.811183,-66.811183,25.556250,0.000000,0.000000,2.200000,0.000000,0.000000,0.000000,40.121328,68.162157,13.950000,-9.251692,3.795548,1.200000,0.000000,0.000000,157.693889,-50.811183,-66.811183,30.000000,0.000000,0.000000,0.000000,0.000000,0.000000,0.000000,90.932511,134.973340,-11.606250,163.160133,-9.251692,3.795548,-1.000000,10.049876,nan,nan,nan,0,nan,nan,nan,0,nan,nan,nan,nan,nan,nan,nan,nan,nan,nan,nan,nan,nan,nan,nan,nan,nan,nan,nan,nan,nan,nan,nan,nan,nan,nan,nan,nan,nan,nan,nan,nan,nan,nan,nan,nan,nan,nan,nan,nan,nan,nan,nan,nan,nan,nan,nan,nan,nan,nan,2.000000,162.746810,-32.898178,-159.387057,10.000000,-0.000000,163.174482,-32.898178,-159.387057,-11.806250,10.000000,-0.000000,10.049876,inf,0.000000,1.000000,0.000000,0.000000,0.000000,0.000000,0.000000,0.000000,0.000000,0.000000,0.000000,0.000000,20.000000,5.611497,21.744864,nan
8.280,APPROACH,163.060563,90.468748,135.160219,-11.656250,-9.275264,3.737576,-1.000000,-50.811183,-66.811183,25.666250,0.000000,0.000000,2.200000,0.000000,0.000000,0.000000,39.657565,68.349036,14.010000,-9.275264,3.737576,1.200000,0.000000,0.000000,158.052456,-50.811183,-66.811183,30.000000,0.000000,0.000000,0.000000,0.000000,0.000000,0.000000,90.468748,135.160219,-11.656250,163.060563,-9.275264,3.737576,-1.000000,10.049876,nan,nan,nan,0,nan,nan,nan,0,nan,nan,nan,nan,nan,nan,nan,nan,nan,nan,nan,nan,nan,nan,nan,nan,nan,nan,nan,nan,nan,nan,nan,nan,nan,nan,nan,nan,nan,nan,nan,nan,nan,nan,nan,nan,nan,nan,nan,nan,nan,nan,nan,nan,nan,nan,nan,nan,nan,nan,2.000000,162.643411,-33.394998,-159.178055,10.000000,-0.000000,163.074982,-33.394998,-159.178055,-11.856250,10.000000,-0.000000,10.049876,inf,0.000000,1.000000,0.000000,0.000000,0.000000,0.000000,0.000000,0.000000,0.000000,0.000000,0.000000,0.000000,20.000000,6.103218,21.678694,nan
8.320,APPROACH,162.959427,90.003824,135.344192,-11.706250,-9.298472,3.679460,-1.000000,-50.811183,-66.811183,25.776250,0.000000,0.000000,2.200000,0.000000,0.000000,0.000000,39.192641,68.533009,14.070000,-9.298472,3.679460,1.200000,0.000000,0.000000,158.411001,-50.811183,-66.811183,30.000000,0.000000,0.000000,0.000000,0.000000,0.000000,0.000000,90.003824,135.344192,-11.706250,162.959427,-9.298472,3.679460,-1.000000,10.049876,nan,nan,nan,0,nan,nan,nan,0,nan,nan,nan,nan,nan,nan,nan,nan,nan,nan,nan,nan,nan,nan,nan,nan,nan,nan,nan,nan,nan,nan,nan,nan,nan,nan,nan,nan,nan,nan,nan,nan,nan,nan,nan,nan,nan,nan,nan,nan,nan,nan,nan,nan,nan,nan,nan,nan,nan,nan,2.000000,162.538422,-33.890442,-158.965960,10.000000,0.000000,162.973916,-33.890442,-158.965960,-11.906250,10.000000,0.000000,10.049876,inf,0.000000,1.000000,0.000000,0.000000,0.000000,0.000000,0.000000,0.000000,0.000000,0.000000,0.000000,0.000000,20.000000,6.600823,21.611731,nan
8.380,APPROACH,162.856727,89.537759,135.525252,-11.756250,-9.321313,3.621204,-1.000000,-50.811183,-66.811183,25.886250,0.000000,0.000000,2.200000,0.000000,0.000000,0.000000,38.726575,68.714069,14.130000,-9.321313,3.621204,1.200000,0.000000,0.000000,158.769526,-50.811183,-66.811183,30.000000,0.000000,0.000000,0.000000,0.000000,0.000000,0.000000,89.537759,135.525252,-11.756250,162.856727,-9.321313,3.621204,-1.000000,10.049876,nan,nan,nan,0,nan,nan,nan,0,nan,nan,nan,nan,nan,nan,nan,nan,nan,nan,nan,nan,nan,nan,nan,nan,nan,nan,nan,nan,nan,nan,nan,nan,nan,nan,nan,nan,nan,nan,nan,nan,nan,nan,nan,nan,nan,nan,nan,nan,nan,nan,nan,nan,nan,nan,nan,nan,nan,nan,2.000000,162.431845,-34.384493,-158.750782,10.000000,0.000000,162.871287,-34.384493,-158.750782,-11.956250,10.000000,0.000000,10.049876,inf,0.000000,1.000000,0.000000,0.000000,0.000000,0.000000,0.000000,0.000000,0.000000,0.000000,0.000000,0.000000,20.000000,7.103056,21.544146,nan
8.420,APPROACH,162.752464,89.070569,135.703393,-11.806250,-9.343789,3.562809,-1.000000,-50.811183,-66.811183,25.996250,0.000000,0.000000,2.200000,0.000000,0.000000,0.000000,38.259386,68.892209,14.190000,-9.343789,3.562809,1.200000,0.000000,0.000000,159.128032,-50.811183,-66.811183,30.000000,0.000000,0.000000,0.000000,0.000000,0.000000,0.000000,89.070569,135.703393,-11.806250,162.752464,-9.343789,3.562809,-1.000000,10.049876,nan,nan,nan,0,nan,nan,nan,0,nan,nan,nan,nan,nan,nan,nan,nan,nan,nan,nan,nan,nan,nan,nan,nan,nan,nan,nan,nan,nan,nan,nan,nan,nan,nan,nan,nan,nan,nan,nan,nan,nan,nan,nan,nan,nan,nan,nan,nan,nan,nan,nan,nan,nan,nan,nan,nan,nan,nan,2.000000,162.323680,-34.877134,-158.532528,10.000000,0.000000,162.767095,-34.877134,-158.532528,-12.006250,10.000000,0.000000,10.049876,inf,0.000000,1.000000,0.000000,0.000000,0.000000,0.000000,0.000000,0.000000,0.000000,0.000000,0.000000,0.000000,20.000000,7.608983,21.476064,nan
8.480,APPROACH,162.646640,88.602274,135.878606,-11.856250,-9.365898,3.504278,-1.000000,-50.811183,-66.811183,26.106250,0.000000,0.000000,2.200000,0.000000,0.000000,0.000000,37.791091,69.067423,14.250000,-9.365898,3.504278,1.200000,0.000000,0.000000,159.486518,-50.811183,-66.811183,30.000000,0.000000,0.000000,0.000000,0.000000,0.000000,0.000000,88.602274,135.878606,-11.856250,162.646640,-9.365898,3.504278,-1.000000,10.049876,nan,nan,nan,0,nan,nan,nan,0,nan,nan,nan,nan,nan,nan,nan,nan,nan,nan,nan,nan,nan,nan,nan,nan,nan,nan,nan,nan,nan,nan,nan,nan,nan,nan,nan,nan,nan,nan,nan,nan,nan,nan,nan,nan,nan,nan,nan,nan,nan,nan,nan,nan,nan,nan,nan,nan,nan,nan,2.000000,162.213929,-35.368345,-158.311209,10.000000,0.000000,162.661341,-35.368345,-158.311209,-12.056250,10.000000,0.000000,10.049876,inf,0.000000,1.000000,0.000000,0.000000,0.000000,0.000000,0.000000,0.000000,0.000000,0.000000,0.000000,0.000000,20.000000,8.117897,21.407580,nan
8.520,APPROACH,162.539255,88.132892,136.050887,-11.906250,-9.387638,3.445612,-1.000000,-50.811183,-66.811183,26.216250,0.000000,0.000000,2.200000,0.000000,0.000000,0.000000,37.321709,69.239704,14.310000,-9.387638,3.445612,1.200000,0.000000,0.000000,159.844986,-50.811183,-66.811183,30.000000,0.000000,0.000000,0.000000,0.000000,0.000000,0.000000,88.132892,136.050887,-11.906250,162.539255,-9.387638,3.445612,-1.000000,10.049876,nan,nan,nan,0,nan,nan,nan,0,nan,nan,nan,nan,nan,nan,nan,nan,nan,nan,nan,nan,nan,nan,nan,nan,nan,nan,nan,nan,nan,nan,nan,nan,nan,nan,nan,nan,nan,nan,nan,nan,nan,nan,nan,nan,nan,nan,nan,nan,nan,nan,nan,nan,nan,nan,nan,nan,nan,nan,2.000000,162.102593,-35.858112,-158.086832,10.000000,0.000000,162.554028,-35.858112,-158.086832,-12.106250,10.000000,0.000000,10.049876,inf,0.000000,1.000000,0.000000,0.000000,0.000000,0.000000,0.000000,0.000000,0.000000,0.000000,0.000000,0.000000,19.000000,3.144091,21.075390,nan
8.580,APPROACH,162.430311,87.662442,136.220228,-11.956250,-9.409011,3.386815,-1.000000,-50.811183,-66.811183,26.326250,0.000000,0.000000,2.200000,0.000000,0.000000,0.000000,36.851259,69.409045,14.370000,-9.409011,3.386815,1.200000,0.000000,0.000000,160.203436,-50.811183,-66.811183,30.000000,0.000000,0.000000,0.000000,0.000000,0.000000,0.000000,87.662442,136.220228,-11.956250,162.430311,-9.409011,3.386815,-1.000000,10.049876,nan,nan,nan,0,nan,nan,nan,0,nan,nan,nan,nan,nan,nan,nan,nan,nan,nan,nan,nan,nan,nan,nan,nan,nan,nan,nan,nan,nan,nan,nan,nan,nan,nan,nan,nan,nan,nan,nan,nan,nan,nan,nan,nan,nan,nan,nan,nan,nan,nan,nan,nan,nan,nan,nan,nan,nan,nan,2.000000,161.989673,-36.346415,-157.859407,10.000000,0.000000,162.445156,-36.346415,-157.859407,-12.156250,10.000000,0.000000,10.049876,inf,0.000000,1.000000,0.000000,0.000000,0.000000,0.000000,0.000000,0.000000,0.000000,0.000000,0.000000,0.000000,19.000000,2.787209,21.123587,nan
8.620,APPROACH,162.319811,87.190941,136.386622,-12.006250,-9.430014,3.327888,-1.000000,-50.811183,-66.811183,26.436250,0.000000,0.000000,2.200000,0.000000,0.000000,0.000000,36.379758,69.575439,14.430000,-9.430014,3.327888,1.200000,0.000000,0.000000,160.561868,-50.811183,-66.811183,30.000000,0.000000,0.000000,0.000000,0.000000,0.000000,0.000000,87.190941,136.386622,-12.006250,162.319811,-9.430014,3.327888,-1.000000,10.049876,nan,nan,nan,0,nan,nan,nan,0,nan,nan,nan,nan,nan,nan,nan,nan,nan,nan,nan,nan,nan,nan,nan,nan,nan,nan,nan,nan,nan,nan,nan,nan,nan,nan,nan,nan,nan,nan,nan,nan,nan,nan,nan,nan,nan,nan,nan,nan,nan,nan,nan,nan,nan,nan,nan,nan,nan,nan,2.000000,161.875171,-36.833237,-157.628943,10.000000,0.000000,162.334727,-36.833237,-157.628943,-12.206250,10.000000,0.000000,10.049876,inf,0.000000,1.000000,0.000000,0.000000,0.000000,0.000000,0.000000,0.000000,0.000000,0.000000,0.000000,0.000000,19.000000,2.492814,21.163345,nan
8.680,APPROACH,162.207754,86.718409,136.550064,-12.056250,-9.450647,3.268834,-1.000000,-50.811183,-66.811183,26.546250,0.000000,0.000000,2.200000,0.000000,0.000000,0.000000,35.907226,69.738881,14.490000,-9.450647,3.268834,1.200000,0.000000,0.000000,160.920283,-50.811183,-66.811183,30.000000,0.000000,0.000000,0.000000,0.000000,0.000000,0.000000,86.718409,136.550064,-12.056250,162.207754,-9.450647,3.268834,-1.000000,10.049876,nan,nan,nan,0,nan,nan,nan,0,nan,nan,nan,nan,nan,nan,nan,nan,nan,nan,nan,nan,nan,nan,nan,nan,nan,nan,nan,nan,nan,nan,nan,nan,nan,nan,nan,nan,nan,nan,nan,nan,nan,nan,nan,nan,nan,nan,nan,nan,nan,nan,nan,nan,nan,nan,nan,nan,nan,nan,2.000000,161.759087,-37.318562,-157.395449,10.000000,-0.000000,162.222742,-37.318562,-157.395449,-12.256250,10.000000,-0.000000,10.049876,inf,0.000000,1.000000,0.000000,0.000000,0.000000,0.000000,0.000000,0.000000,0.000000,0.000000,0.000000,0.000000,19.000000,2.285197,21.191384,nan
8.720,APPROACH,162.094143,86.244863,136.710547,-12.106250,-9.470909,3.209654,-1.000000,-50.811183,-66.811183,26.656250,0.000000,0.000000,2.200000,0.000000,0.000000,0.000000,35.433680,69.899363,14.550000,-9.470909,3.209654,1.200000,0.000000,0.000000,161.278682,-50.811183,-66.811183,30.000000,0.000000,0.000000,0.000000,0.000000,0.000000,0.000000,86.244863,136.710547,-12.106250,162.094143,-9.470909,3.209654,-1.000000,10.049876,nan,nan,nan,0,nan,nan,nan,0,nan,nan,nan,nan,nan,nan,nan,nan,nan,nan,nan,nan,nan,nan,nan,nan,nan,nan,nan,nan,nan,nan,nan,nan,nan,nan,nan,nan,nan,nan,nan,nan,nan,nan,nan,nan,nan,nan,nan,nan,nan,nan,nan,nan,nan,nan,nan,nan,nan,nan,2.000000,161.641424,-37.802371,-157.158935,10.000000,0.000000,162.109203,-37.802371,-157.158935,-12.306250,10.000000,0.000000,10.049876,inf,0.000000,1.000000,0.000000,0.000000,0.000000,0.000000,0.000000,0.000000,0.000000,0.000000,0.000000,0.000000,19.000000,2.189197,21.204348,nan
8.780,APPROACH,161.978979,85.770323,136.868064,-12.156250,-9.490800,3.150351,-1.000000,-50.811183,-66.811183,26.766250,0.000000,0.000000,2.200000,0.000000,0.000000,0.000000,34.959140,70.056881,14.610000,-9.490800,3.150351,1.200000,0.000000,0.000000,161.637064,-50.811183,-66.811183,30.000000,0.000000,0.000000,0.000000,0.000000,0.000000,0.000000,85.770323,136.868064,-12.156250,161.978979,-9.490800,3.150351,-1.000000,10.049876,nan,nan,nan,0,nan,nan,nan,0,nan,nan,nan,nan,nan,nan,nan,nan,nan,nan,nan,nan,nan,nan,nan,nan,nan,nan,nan,nan,nan,nan,nan,nan,nan,nan,nan,nan,nan,nan,nan,nan,nan,nan,nan,nan,nan,nan,nan,nan,nan,nan,nan,nan,nan,nan,nan,nan,nan,nan,2.000000,161.522182,-38.284648,-156.919410,10.000000,0.000000,161.994112,-38.284648,-156.919410,-12.356250,10.000000,0.000000,10.049876,inf,0.000000,1.000000,0.000000,0.000000,0.000000,0.000000,0.000000,0.000000,0.000000,0.000000,0.000000,0.000000,19.000000,2.219349,21.200276,nan
8.820,APPROACH,161.862264,85.294807,137.022611,-12.206250,-9.510319,3.090928,-1.000000,-50.811183,-66.811183,26.876250,0.000000,0.000000,2.200000,0.000000,0.000000,0.000000,34.483624,70.211427,14.670000,-9.510319,3.090928,1.200000,0.000000,0.000000,161.995431,-50.811183,-66.811183,30.000000,0.000000,0.000000,0.000000,0.000000,0.000000,0.000000,85.294807,137.022611,-12.206250,161.862264,-9.510319,3.090928,-1.000000,10.049876,nan,nan,nan,0,nan,nan,nan,0,nan,nan,nan,nan,nan,nan,nan,nan,nan,nan,nan,nan,nan,nan,nan,nan,nan,nan,nan,nan,nan,nan,nan,nan,nan,nan,nan,nan,nan,nan,nan,nan,nan,nan,nan,nan,nan,nan,nan,nan,nan,nan,nan,nan,nan,nan,nan,nan,nan,nan,2.000000,161.401363,-38.765374,-156.676883,10.000000,0.000000,161.877469,-38.765374,-156.676883,-12.406250,10.000000,0.000000,10.049876,inf,0.000000,1.000000,0.000000,0.000000,0.000000,0.000000,0.000000,0.000000,0.000000,0.000000,0.000000,0.000000,19.000000,2.370842,21.179817,nan
8.880,APPROACH,161.743999,84.818334,137.174180,-12.256250,-9.529465,3.031387,-1.000000,-50.811183,-66.811183,26.986250,0.000000,0.000000,2.200000,0.000000,0.000000,0.000000,34.007151,70.362997,14.730000,-9.529465,3.031387,1.200000,0.000000,0.000000,162.353784,-50.811183,-66.811183,30.000000,0.000000,0.000000,0.000000,0.000000,0.000000,0.000000,84.818334,137.174180,-12.256250,161.743999,-9.529465,3.031387,-1.000000,10.049876,nan,nan,nan,0,nan,nan,nan,0,nan,nan,nan,nan,nan,nan,nan,nan,nan,nan,nan,nan,nan,nan,nan,nan,nan,nan,nan,nan,nan,nan,nan,nan,nan,nan,nan,nan,nan,nan,nan,nan,nan,nan,nan,nan,nan,nan,nan,nan,nan,nan,nan,nan,nan,nan,nan,nan,nan,nan,2.000000,161.278968,-39.244534,-156.431365,10.000000,0.000000,161.759277,-39.244534,-156.431365,-12.456250,10.000000,0.000000,10.049876,inf,0.000000,1.000000,0.000000,0.000000,0.000000,0.000000,0.000000,0.000000,0.000000,0.000000,0.000000,0.000000,19.000000,2.622728,21.145800,nan
8.920,APPROACH,161.624185,84.340922,137.322766,-12.306250,-9.548237,2.971729,-1.000000,-50.811183,-66.811183,27.096250,0.000000,0.000000,2.200000,0.000000,0.000000,0.000000,33.529739,70.511583,14.790000,-9.548237,2.971729,1.200000,0.000000,0.000000,162.712121,-50.811183,-66.811183,30.000000,0.000000,0.000000,0.000000,0.000000,0.000000,0.000000,84.340922,137.322766,-12.306250,161.624185,-9.548237,2.971729,-1.000000,10.049876,nan,nan,nan,0,nan,nan,nan,0,nan,nan,nan,nan,nan,nan,nan,nan,nan,nan,nan,nan,nan,nan,nan,nan,nan,nan,nan,nan,nan,nan,nan,nan,nan,nan,nan,nan,nan,nan,nan,nan,nan,nan,nan,nan,nan,nan,nan,nan,nan,nan,nan,nan,nan,nan,nan,nan,nan,nan,2.000000,161.154998,-39.722108,-156.182865,10.000000,-0.000000,161.639536,-39.722108,-156.182865,-12.506250,10.000000,-0.000000,10.049876,inf,0.000000,1.000000,0.000000,0.000000,0.000000,0.000000,0.000000,0.000000,0.000000,0.000000,0.000000,0.000000,19.000000,2.949388,21.101684,nan
8.980,APPROACH,161.502824,83.862590,137.468364,-12.356250,-9.566635,2.911957,-1.000000,-50.811183,-66.811183,27.206250,0.000000,0.000000,2.200000,0.000000,0.000000,0.000000,33.051407,70.657181,14.850000,-9.566635,2.911957,1.200000,0.000000,0.000000,163.070445,-50.811183,-66.811183,30.000000,0.000000,0.000000,0.000000,0.000000,0.000000,0.000000,83.862590,137.468364,-12.356250,161.502824,-9.566635,2.911957,-1.000000,10.049876,nan,nan,nan,0,nan,nan,nan,0,nan,nan,nan,nan,nan,nan,nan,nan,nan,nan,nan,nan,nan,nan,nan,nan,nan,nan,nan,nan,nan,nan,nan,nan,nan,nan,nan,nan,nan,nan,nan,nan,nan,nan,nan,nan,nan,nan,nan,nan,nan,nan,nan,nan,nan,nan,nan,nan,nan,nan,2.000000,161.029455,-40.198081,-155.931394,10.000000,0.000000,161.518249,-40.198081,-155.931394,-12.556250,10.000000,0.000000,10.049876,inf,0.000000,1.000000,0.000000,0.000000,0.000000,0.000000,0.000000,0.000000,0.000000,0.000000,0.000000,0.000000,19.000000,3.328871,21.050435,nan
9.020,APPROACH,161.379918,83.383358,137.610968,-12.406250,-9.584658,2.852074,-1.000000,-50.811183,-66.811183,27.316250,0.000000,0.000000,2.200000,0.000000,0.000000,0.000000,32.572174,70.799785,14.910000,-9.584658,2.852074,1.200000,0.000000,0.000000,163.428754,-50.811183,-66.811183,30.000000,0.000000,0.000000,0.000000,0.000000,0.000000,0.000000,83.383358,137.610968,-12.406250,161.379918,-9.584658,2.852074,-1.000000,10.049876,nan,nan,nan,0,nan,nan,nan,0,nan,nan,nan,nan,nan,nan,nan,nan,nan,nan,nan,nan,nan,nan,nan,nan,nan,nan,nan,nan,nan,nan,nan,nan,nan,nan,nan,nan,nan,nan,nan,nan,nan,nan,nan,nan,nan,nan,nan,nan,nan,nan,nan,nan,nan,nan,nan,nan,nan,nan,2.000000,160.902339,-40.672434,-155.676960,10.000000,0.000000,161.395416,-40.672434,-155.676960,-12.606250,10.000000,0.000000,10.049876,inf,0.000000,1.000000,0.000000,0.000000,0.000000,0.000000,0.000000,0.000000,0.000000,0.000000,0.000000,0.000000,19.000000,3.745141,20.994218,nan
9.080,APPROACH,161.255468,82.903242,137.750572,-12.456250,-9.602306,2.792081,-1.000000,-50.811183,-66.811183,27.426250,0.000000,0.000000,2.200000,0.000000,0.000000,0.000000,32.092059,70.939389,14.970000,-9.602306,2.792081,1.200000,0.000000,0.000000,163.787051,-50.811183,-66.811183,30.000000,0.000000,0.000000,0.000000,0.000000,0.000000,0.000000,82.903242,137.750572,-12.456250,161.255468,-9.602306,2.792081,-1.000000,10.049876,nan,nan,nan,0,nan,nan,nan,0,nan,nan,nan,nan,nan,nan,nan,nan,nan,nan,nan,nan,nan,nan,nan,nan,nan,nan,nan,nan,nan,nan,nan,nan,nan,nan,nan,nan,nan,nan,nan,nan,nan,nan,nan,nan,nan,nan,nan,nan,nan,nan,nan,nan,nan,nan,nan,nan,nan,nan,2.000000,160.773654,-41.145151,-155.419575,10.000000,0.000000,161.271040,-41.145151,-155.419575,-12.656250,10.000000,0.000000,10.049876,inf,0.000000,1.000000,0.000000,0.000000,0.000000,0.000000,0.000000,0.000000,0.000000,0.000000,0.000000,0.000000,19.000000,4.187227,20.934514,nan
9.120,APPROACH,161.129475,82.422263,137.887171,-12.506250,-9.619578,2.731982,-1.000000,-50.811183,-66.811183,27.536250,0.000000,0.000000,2.200000,0.000000,0.000000,0.000000,31.611080,71.075988,15.030000,-9.619578,2.731982,1.200000,0.000000,0.000000,164.145334,-50.811183,-66.811183,30.000000,0.000000,0.000000,0.000000,0.000000,0.000000,0.000000,82.422263,137.887171,-12.506250,161.129475,-9.619578,2.731982,-1.000000,10.049876,nan,nan,nan,0,nan,nan,nan,0,nan,nan,nan,nan,nan,nan,nan,nan,nan,nan,nan,nan,nan,nan,nan,nan,nan,nan,nan,nan,nan,nan,nan,nan,nan,nan,nan,nan,nan,nan,nan,nan,nan,nan,nan,nan,nan,nan,nan,nan,nan,nan,nan,nan,nan,nan,nan,nan,nan,nan,2.000000,160.643398,-41.616214,-155.159248,10.000000,0.000000,161.145122,-41.616214,-155.159248,-12.706250,10.000000,0.000000,10.049876,inf,0.000000,1.000000,0.000000,0.000000,0.000000,0.000000,0.000000,0.000000,0.000000,0.000000,0.000000,0.000000,19.000000,4.647753,20.872320,nan
9.180,APPROACH,161.001942,81.940440,138.020760,-12.556250,-9.636473,2.671777,-1.000000,-50.811183,-66.811183,27.646250,0.000000,0.000000,2.200000,0.000000,0.000000,0.000000,31.129257,71.209577,15.090000,-9.636473,2.671777,1.200000,0.000000,0.000000,164.503605,-50.811183,-66.811183,30.000000,0.000000,0.000000,0.000000,0.000000,0.000000,0.000000,81.940440,138.020760,-12.556250,161.001942,-9.636473,2.671777,-1.000000,10.049876,nan,nan,nan,0,nan,nan,nan,0,nan,nan,nan,nan,nan,nan,nan,nan,nan,nan,nan,nan,nan,nan,nan,nan,nan,nan,nan,nan,nan,nan,nan,nan,nan,nan,nan,nan,nan,nan,nan,nan,nan,nan,nan,nan,nan,nan,nan,nan,nan,nan,nan,nan,nan,nan,nan,nan,nan,nan,2.000000,160.511575,-42.085606,-154.895990,10.000000,0.000000,161.017663,-42.085606,-154.895990,-12.756250,10.000000,0.000000,10.049876,inf,0.000000,1.000000,0.000000,0.000000,0.000000,0.000000,0.000000,0.000000,0.000000,0.000000,0.000000,0.000000,19.000000,5.121732,20.808309,nan
9.220,APPROACH,160.872869,81.457790,138.151333,-12.606250,-9.652990,2.611471,-1.000000,-50.811183,-66.811183,27.756250,0.000000,0.000000,2.200000,0.000000,0.000000,0.000000,30.646607,71.340150,15.150000,-9.652990,2.611471,1.200000,0.000000,0.000000,164.861864,-50.811183,-66.811183,30.000000,0.000000,0.000000,0.000000,0.000000,0.000000,0.000000,81.457790,138.151333,-12.606250,160.872869,-9.652990,2.611471,-1.000000,10.049876,nan,nan,nan,0,nan,nan,nan,0,nan,nan,nan,nan,nan,nan,nan,nan,nan,nan,nan,nan,nan,nan,nan,nan,nan,nan,nan,nan,nan,nan,nan,nan,nan,nan,nan,nan,nan,nan,nan,nan,nan,nan,nan,nan,nan,nan,nan,nan,nan,nan,nan,nan,nan,nan,nan,nan,nan,nan,2.000000,160.378186,-42.553310,-154.629811,10.000000,0.000000,160.888665,-42.553310,-154.629811,-12.806250,10.000000,0.000000,10.049876,inf,0.000000,1.000000,0.000000,0.000000,0.000000,0.000000,0.000000,0.000000,0.000000,0.000000,0.000000,0.000000,19.000000,5.605737,20.742944,nan
9.280,APPROACH,160.742259,80.974334,138.278887,-12.656250,-9.669130,2.551064,-1.000000,-50.811183,-66.811183,27.866250,0.000000,0.000000,2.200000,0.000000,0.000000,0.000000,30.163151,71.467703,15.210000,-9.669130,2.551064,1.200000,0.000000,0.000000,165.220111,-50.811183,-66.811183,30.000000,0.000000,0.000000,0.000000,0.000000,0.000000,0.000000,80.974334,138.278887,-12.656250,160.742259,-9.669130,2.551064,-1.000000,10.049876,nan,nan,nan,0,nan,nan,nan,0,nan,nan,nan,nan,nan,nan,nan,nan,nan,nan,nan,nan,nan,nan,nan,nan,nan,nan,nan,nan,nan,nan,nan,nan,nan,nan,nan,nan,nan,nan,nan,nan,nan,nan,nan,nan,nan,nan,nan,nan,nan,nan,nan,nan,nan,nan,nan,nan,nan,nan,2.000000,160.243231,-43.019309,-154.360721,10.000000,0.000000,160.758130,-43.019309,-154.360721,-12.856250,10.000000,0.000000,10.049876,inf,0.000000,1.000000,0.000000,0.000000,0.000000,0.000000,0.000000,0.000000,0.000000,0.000000,0.000000,0.000000,19.000000,6.097362,20.676550,nan
9.320,APPROACH,160.609851,80.490089,138.403415,-12.702937,-9.684891,2.490559,-0.933750,-50.811183,-66.811183,27.972937,0.000000,0.000000,2.133750,0.000000,0.000000,0.000000,29.678906,71.592231,15.270000,-9.684891,2.490559,1.200000,0.000000,0.000000,165.578347,-50.811183,-66.811183,30.000000,0.000000,0.000000,0.000000,0.000000,0.000000,0.000000,80.490089,138.403415,-12.702937,160.609851,-9.684891,2.490559,-0.933750,10.043500,nan,nan,nan,0,nan,nan,nan,0,nan,nan,nan,nan,nan,nan,nan,nan,nan,nan,nan,nan,nan,nan,nan,nan,nan,nan,nan,nan,nan,nan,nan,nan,nan,nan,nan,nan,nan,nan,nan,nan,nan,nan,nan,nan,nan,nan,nan,nan,nan,nan,nan,nan,nan,nan,nan,nan,nan,nan,2.000000,160.106713,-43.483585,-154.088732,10.000000,-0.000000,160.625793,-43.483585,-154.088732,-12.902937,10.000000,-0.000000,10.043500,inf,0.000000,1.000000,0.000000,0.000000,0.000000,0.000000,0.000000,0.000000,0.000000,0.000000,0.000000,0.000000,19.000000,6.594888,20.609359,nan
9.380,APPROACH,160.475482,80.005076,138.524913,-12.744291,-9.700273,2.429959,-0.827063,-50.811183,-66.811183,28.074291,0.000000,0.000000,2.027063,0.000000,0.000000,0.000000,29.193892,71.713729,15.330000,-9.700273,2.429959,1.200000,0.000000,0.000000,165.936571,-50.811183,-66.811183,30.000000,0.000000,0.000000,0.000000,0.000000,0.000000,0.000000,80.005076,138.524913,-12.744291,160.475482,-9.700273,2.429959,-0.827063,10.034143,nan,nan,nan,0,nan,nan,nan,0,nan,nan,nan,nan,nan,nan,nan,nan,nan,nan,nan,nan,nan,nan,nan,nan,nan,nan,nan,nan,nan,nan,nan,nan,nan,nan,nan,nan,nan,nan,nan,nan,nan,nan,nan,nan,nan,nan,nan,nan,nan,nan,nan,nan,nan,nan,nan,nan,nan,nan,2.000000,159.968633,-43.946123,-153.813854,10.000000,0.000000,160.491489,-43.946123,-153.813854,-12.944291,10.000000,0.000000,10.034143,inf,0.000000,1.000000,0.000000,0.000000,0.000000,0.000000,0.000000,0.000000,0.000000,0.000000,0.000000,0.000000,19.000000,7.097055,20.541541,nan
9.420,APPROACH,160.339171,79.519312,138.643376,-12.780576,-9.715276,2.369266,-0.725709,-50.811183,-66.811183,28.170576,0.000000,0.000000,1.925709,0.000000,0.000000,0.000000,28.708129,71.832193,15.390000,-9.715276,2.369266,1.200000,0.000000,0.000000,166.294785,-50.811183,-66.811183,30.000000,0.000000,0.000000,0.000000,0.000000,0.000000,0.000000,79.519312,138.643376,-12.780576,160.339171,-9.715276,2.369266,-0.725709,10.026298,nan,nan,nan,0,nan,nan,nan,0,nan,nan,nan,nan,nan,nan,nan,nan,nan,nan,nan,nan,nan,nan,nan,nan,nan,nan,nan,nan,nan,nan,nan,nan,nan,nan,nan,nan,nan,nan,nan,nan,nan,nan,nan,nan,nan,nan,nan,nan,nan,nan,nan,nan,nan,nan,nan,nan,nan,nan,2.000000,159.828992,-44.406903,-153.536099,10.000000,0.000000,160.355237,-44.406903,-153.536099,-12.980576,10.000000,0.000000,10.026298,inf,0.000000,1.000000,0.000000,0.000000,0.000000,0.000000,0.000000,0.000000,0.000000,0.000000,0.000000,0.000000,19.000000,7.602927,20.473223,nan
9.480,APPROACH,160.200934,79.032817,138.758800,-12.812047,-9.729898,2.308482,-0.629424,-50.811183,-66.811183,28.262047,0.000000,0.000000,1.829424,0.000000,0.000000,0.000000,28.221634,71.947617,15.450000,-9.729898,2.308482,1.200000,0.000000,0.000000,166.652989,-50.811183,-66.811183,30.000000,0.000000,0.000000,0.000000,0.000000,0.000000,0.000000,79.032817,138.758800,-12.812047,160.200934,-9.729898,2.308482,-0.629424,10.019789,nan,nan,nan,0,nan,nan,nan,0,nan,nan,nan,nan,nan,nan,nan,nan,nan,nan,nan,nan,nan,nan,nan,nan,nan,nan,nan,nan,nan,nan,nan,nan,nan,nan,nan,nan,nan,nan,nan,nan,nan,nan,nan,nan,nan,nan,nan,nan,nan,nan,nan,nan,nan,nan,nan,nan,nan,nan,2.000000,159.687791,-44.865910,-153.255476,10.000000,0.000000,160.217053,-44.865910,-153.255476,-13.012047,10.000000,0.000000,10.019789,inf,0.000000,1.000000,0.000000,0.000000,0.000000,0.000000,0.000000,0.000000,0.000000,0.000000,0.000000,0.000000,19.000000,8.111792,20.404500,nan
9.520,APPROACH,160.060789,78.545610,138.871180,-12.838945,-9.744139,2.247609,-0.537953,-50.811183,-66.811183,28.348945,0.000000,0.000000,1.737953,0.000000,0.000000,0.000000,27.734427,72.059997,15.510000,-9.744139,2.247609,1.200000,0.000000,0.000000,167.011182,-50.811183,-66.811183,30.000000,0.000000,0.000000,0.000000,0.000000,0.000000,0.000000,78.545610,138.871180,-12.838945,160.060789,-9.744139,2.247609,-0.537953,10.014459,nan,nan,nan,0,nan,nan,nan,0,nan,nan,nan,nan,nan,nan,nan,nan,nan,nan,nan,nan,nan,nan,nan,nan,nan,nan,nan,nan,nan,nan,nan,nan,nan,nan,nan,nan,nan,nan,nan,nan,nan,nan,nan,nan,nan,nan,nan,nan,nan,nan,nan,nan,nan,nan,nan,nan,nan,nan,2.000000,159.545033,-45.323127,-152.971996,10.000000,0.000000,160.076955,-45.323127,-152.971996,-13.038945,10.000000,0.000000,10.014459,inf,0.000000,1.000000,0.000000,0.000000,0.000000,0.000000,0.000000,0.000000,0.000000,0.000000,0.000000,0.000000,18.000000,3.148669,20.073097,nan
9.580,APPROACH,159.918752,78.057710,138.980513,-12.861498,-9.758000,2.186650,-0.451055,-50.811183,-66.811183,28.431498,0.000000,0.000000,1.651055,0.000000,0.000000,0.000000,27.246527,72.169330,15.570000,-9.758000,2.186650,1.200000,0.000000,0.000000,167.369365,-50.811183,-66.811183,30.000000,0.000000,0.000000,0.000000,0.000000,0.000000,0.000000,78.057710,138.980513,-12.861498,159.918752,-9.758000,2.186650,-0.451055,10.010167,nan,nan,nan,0,nan,nan,nan,0,nan,nan,nan,nan,nan,nan,nan,nan,nan,nan,nan,nan,nan,nan,nan,nan,nan,nan,nan,nan,nan,nan,nan,nan,nan,nan,nan,nan,nan,nan,nan,nan,nan,nan,nan,nan,nan,nan,nan,nan,nan,nan,nan,nan,nan,nan,nan,nan,nan,nan,2.000000,159.400718,-45.778537,-152.685673,10.000000,0.000000,159.934961,-45.778537,-152.685673,-13.061498,10.000000,0.000000,10.010167,inf,0.000000,1.000000,0.000000,0.000000,0.000000,0.000000,0.000000,0.000000,0.000000,0.000000,0.000000,0.000000,18.000000,2.791174,20.121567,nan
9.620,APPROACH,159.774839,77.569136,139.086793,-12.879923,-9.771479,2.125607,-0.368502,-50.811183,-66.811183,28.509923,0.000000,0.000000,1.568502,0.000000,0.000000,0.000000,26.757953,72.275610,15.630000,-9.771479,2.125607,1.200000,0.000000,0.000000,167.727539,-50.811183,-66.811183,30.000000,0.000000,0.000000,0.000000,0.000000,0.000000,0.000000,77.569136,139.086793,-12.879923,159.774839,-9.771479,2.125607,-0.368502,10.006787,nan,nan,nan,0,nan,nan,nan,0,nan,nan,nan,nan,nan,nan,nan,nan,nan,nan,nan,nan,nan,nan,nan,nan,nan,nan,nan,nan,nan,nan,nan,nan,nan,nan,nan,nan,nan,nan,nan,nan,nan,nan,nan,nan,nan,nan,nan,nan,nan,nan,nan,nan,nan,nan,nan,nan,nan,nan,2.000000,159.254849,-46.232122,-152.396515,10.000000,0.000000,159.791086,-46.232122,-152.396515,-13.079923,10.000000,0.000000,10.006787,inf,0.000000,1.000000,0.000000,0.000000,0.000000,0.000000,0.000000,0.000000,0.000000,0.000000,0.000000,0.000000,18.000000,2.495899,20.161601,nan
9.680,APPROACH,159.629068,77.079907,139.190017,-12.894427,-9.784575,2.064483,-0.290077,-50.811183,-66.811183,28.584427,0.000000,0.000000,1.490077,0.000000,0.000000,0.000000,26.268724,72.378834,15.690000,-9.784575,2.064483,1.200000,0.000000,0.000000,168.085704,-50.811183,-66.811183,30.000000,0.000000,0.000000,0.000000,0.000000,0.000000,0.000000,77.079907,139.190017,-12.894427,159.629068,-9.784575,2.064483,-0.290077,10.004206,nan,nan,nan,0,nan,nan,nan,0,nan,nan,nan,nan,nan,nan,nan,nan,nan,nan,nan,nan,nan,nan,nan,nan,nan,nan,nan,nan,nan,nan,nan,nan,nan,nan,nan,nan,nan,nan,nan,nan,nan,nan,nan,nan,nan,nan,nan,nan,nan,nan,nan,nan,nan,nan,nan,nan,nan,nan,2.000000,159.107426,-46.683867,-152.104535,10.000000,0.000000,159.645348,-46.683867,-152.104535,-13.094427,10.000000,0.000000,10.004206,inf,0.000000,1.000000,0.000000,0.000000,0.000000,0.000000,0.000000,0.000000,0.000000,0.000000,0.000000,0.000000,18.000000,2.287085,20.189912,nan
9.720,APPROACH,159.481452,76.590043,139.290181,-12.905205,-9.797289,2.003280,-0.215573,-50.811183,-66.811183,28.655205,0.000000,0.000000,1.415573,0.000000,0.000000,0.000000,25.778860,72.478998,15.750000,-9.797289,2.003280,1.200000,0.000000,0.000000,168.443860,-50.811183,-66.811183,30.000000,0.000000,0.000000,0.000000,0.000000,0.000000,0.000000,76.590043,139.290181,-12.905205,159.481452,-9.797289,2.003280,-0.215573,10.002323,nan,nan,nan,0,nan,nan,nan,0,nan,nan,nan,nan,nan,nan,nan,nan,nan,nan,nan,nan,nan,nan,nan,nan,nan,nan,nan,nan,nan,nan,nan,nan,nan,nan,nan,nan,nan,nan,nan,nan,nan,nan,nan,nan,nan,nan,nan,nan,nan,nan,nan,nan,nan,nan,nan,nan,nan,nan,2.000000,158.958451,-47.133753,-151.809745,10.000000,0.000000,159.497761,-47.133753,-151.809745,-13.105205,10.000000,0.000000,10.002323,inf,0.000000,1.000000,0.000000,0.000000,0.000000,0.000000,0.000000,0.000000,0.000000,0.000000,0.000000,0.000000,18.000000,2.189617,20.203127,nan
9.780,APPROACH,159.332008,76.099562,139.387281,-12.912445,-9.809620,1.942000,-0.144795,-50.811183,-66.811183,28.722445,0.000000,0.000000,1.344795,0.000000,0.000000,0.000000,25.288379,72.576098,15.810000,-9.809620,1.942000,1.200000,0.000000,0.000000,168.802007,-50.811183,-66.811183,30.000000,0.000000,0.000000,0.000000,0.000000,0.000000,0.000000,76.099562,139.387281,-12.912445,159.332008,-9.809620,1.942000,-0.144795,10.001048,nan,nan,nan,0,nan,nan,nan,0,nan,nan,nan,nan,nan,nan,nan,nan,nan,nan,nan,nan,nan,nan,nan,nan,nan,nan,nan,nan,nan,nan,nan,nan,nan,nan,nan,nan,nan,nan,nan,nan,nan,nan,nan,nan,nan,nan,nan,nan,nan,nan,nan,nan,nan,nan,nan,nan,nan,nan,2.000000,158.807927,-47.581765,-151.512155,10.000000,0.000000,159.348341,-47.581765,-151.512155,-13.112445,10.000000,0.000000,10.001048,inf,0.000000,1.000000,0.000000,0.000000,0.000000,0.000000,0.000000,0.000000,0.000000,0.000000,0.000000,0.000000,18.000000,2.218226,20.199249,nan
9.820,APPROACH,159.180750,75.608483,139.481314,-12.916323,-9.821567,1.880645,-0.077555,-50.811183,-66.811183,28.786323,0.000000,0.000000,1.277555,0.000000,0.000000,0.000000,24.797300,72.670131,15.870000,-9.821567,1.880645,1.200000,0.000000,0.000000,169.160145,-50.811183,-66.811183,30.000000,0.000000,0.000000,0.000000,0.000000,0.000000,0.000000,75.608483,139.481314,-12.916323,159.180750,-9.821567,1.880645,-0.077555,10.000301,nan,nan,nan,0,nan,nan,nan,0,nan,nan,nan,nan,nan,nan,nan,nan,nan,nan,nan,nan,nan,nan,nan,nan,nan,nan,nan,nan,nan,nan,nan,nan,nan,nan,nan,nan,nan,nan,nan,nan,nan,nan,nan,nan,nan,nan,nan,nan,nan,nan,nan,nan,nan,nan,nan,nan,nan,nan,2.000000,158.655853,-48.027886,-151.211778,10.000000,0.000000,159.197103,-48.027886,-151.211778,-13.116323,10.000000,0.000000,10.000301,inf,0.000000,1.000000,0.000000,0.000000,0.000000,0.000000,0.000000,0.000000,0.000000,0.000000,0.000000,0.000000,18.000000,2.368345,20.178895,nan
9.880,APPROACH,159.027691,75.116827,139.572275,-12.917007,-9.833130,1.819219,-0.013677,-50.811183,-66.811183,28.847007,0.000000,0.000000,1.213677,0.000000,0.000000,0.000000,24.305644,72.761091,15.930000,-9.833130,1.819219,1.200000,0.000000,0.000000,169.518276,-50.811183,-66.811183,30.000000,0.000000,0.000000,0.000000,0.000000,0.000000,0.000000,75.116827,139.572275,-12.917007,159.027691,-9.833130,1.819219,-0.013677,10.000009,nan,nan,nan,0,nan,nan,nan,0,nan,nan,nan,nan,nan,nan,nan,nan,nan,nan,nan,nan,nan,nan,nan,nan,nan,nan,nan,nan,nan,nan,nan,nan,nan,nan,nan,nan,nan,nan,nan,nan,nan,nan,nan,nan,nan,nan,nan,nan,nan,nan,nan,nan,nan,nan,nan,nan,nan,nan,2.000000,158.502232,-48.472100,-150.908625,10.000000,0.000000,159.044061,-48.472100,-150.908625,-13.117007,10.000000,0.000000,10.000009,inf,0.000000,1.000000,0.000000,0.000000,0.000000,0.000000,0.000000,0.000000,0.000000,0.000000,0.000000,0.000000,18.000000,2.619159,20.144889,nan
9.920,APPROACH,158.872847,74.624612,139.660161,-12.914656,-9.844309,1.757723,0.047007,-50.811183,-66.811183,28.904656,0.000000,0.000000,1.152993,0.000000,0.000000,0.000000,23.813428,72.848978,15.990000,-9.844309,1.757723,1.200000,0.000000,0.000000,169.876398,-50.811183,-66.811183,30.000000,0.000000,0.000000,0.000000,0.000000,0.000000,0.000000,74.624612,139.660161,-12.914656,158.872847,-9.844309,1.757723,0.047007,10.000110,nan,nan,nan,0,nan,nan,nan,0,nan,nan,nan,nan,nan,nan,nan,nan,nan,nan,nan,nan,nan,nan,nan,nan,nan,nan,nan,nan,nan,nan,nan,nan,nan,nan,nan,nan,nan,nan,nan,nan,nan,nan,nan,nan,nan,nan,nan,nan,nan,nan,nan,nan,nan,nan,nan,nan,nan,nan,2.000000,158.347066,-48.914389,-150.602708,10.000000,0.000000,158.889230,-48.914389,-150.602708,-13.114656,10.000000,0.000000,10.000110,inf,0.000000,1.000000,0.000000,0.000000,0.000000,0.000000,0.000000,0.000000,0.000000,0.000000,0.000000,0.000000,18.000000,2.945043,20.100705,nan
9.980,APPROACH,158.716230,74.131856,139.744969,-12.909424,-9.855102,1.696159,0.104656,-50.811183,-66.811183,28.959424,0.000000,0.000000,1.095344,0.000000,0.000000,0.000000,23.320673,72.933786,16.050000,-9.855102,1.696159,1.200000,0.000000,0.000000,170.234513,-50.811183,-66.811183,30.000000,0.000000,0.000000,0.000000,0.000000,0.000000,0.000000,74.131856,139.744969,-12.909424,158.716230,-9.855102,1.696159,0.104656,10.000548,nan,nan,nan,0,nan,nan,nan,0,nan,nan,nan,nan,nan,nan,nan,nan,nan,nan,nan,nan,nan,nan,nan,nan,nan,nan,nan,nan,nan,nan,nan,nan,nan,nan,nan,nan,nan,nan,nan,nan,nan,nan,nan,nan,nan,nan,nan,nan,nan,nan,nan,nan,nan,nan,nan,nan,nan,nan,2.000000,158.190355,-49.354736,-150.294040,10.000000,0.000000,158.732622,-49.354736,-150.294040,-13.109424,10.000000,0.000000,10.000548,inf,0.000000,1.000000,0.000000,0.000000,0.000000,0.000000,0.000000,0.000000,0.000000,0.000000,0.000000,0.000000,18.000000,3.323980,20.049328,nan
10.020,APPROACH,158.557853,73.638581,139.826695,-12.901452,-9.865511,1.634530,0.159424,-50.811183,-66.811183,29.011452,0.000000,0.000000,1.040576,0.000000,0.000000,0.000000,22.827398,73.015512,16.110000,-9.865511,1.634530,1.200000,0.000000,0.000000,170.592620,-50.811183,-66.811183,30.000000,0.000000,0.000000,0.000000,0.000000,0.000000,0.000000,73.638581,139.826695,-12.901452,158.557853,-9.865511,1.634530,0.159424,10.001271,nan,nan,nan,0,nan,nan,nan,0,nan,nan,nan,nan,nan,nan,nan,nan,nan,nan,nan,nan,nan,nan,nan,nan,nan,nan,nan,nan,nan,nan,nan,nan,nan,nan,nan,nan,nan,nan,nan,nan,nan,nan,nan,nan,nan,nan,nan,nan,nan,nan,nan,nan,nan,nan,nan,nan,nan,nan,2.000000,158.032102,-49.793127,-149.982632,10.000000,0.000000,158.574252,-49.793127,-149.982632,-13.101452,10.000000,0.000000,10.001271,inf,0.000000,1.000000,0.000000,0.000000,0.000000,0.000000,0.000000,0.000000,0.000000,0.000000,0.000000,0.000000,18.000000,3.739866,19.992942,nan
10.080,APPROACH,158.397729,73.144804,139.905337,-12.890880,-9.875534,1.572839,0.211452,-50.811183,-66.811183,29.060880,0.000000,0.000000,0.988548,0.000000,0.000000,0.000000,22.333621,73.094154,16.170000,-9.875534,1.572839,1.200000,0.000000,0.000000,170.950720,-50.811183,-66.811183,30.000000,0.000000,0.000000,0.000000,0.000000,0.000000,0.000000,73.144804,139.905337,-12.890880,158.397729,-9.875534,1.572839,0.211452,10.002235,nan,nan,nan,0,nan,nan,nan,0,nan,nan,nan,nan,nan,nan,nan,nan,nan,nan,nan,nan,nan,nan,nan,nan,nan,nan,nan,nan,nan,nan,nan,nan,nan,nan,nan,nan,nan,nan,nan,nan,nan,nan,nan,nan,nan,nan,nan,nan,nan,nan,nan,nan,nan,nan,nan,nan,nan,nan,2.000000,157.872308,-50.229544,-149.668496,10.000000,0.000000,158.414131,-50.229544,-149.668496,-13.090880,10.000000,0.000000,10.002235,inf,0.000000,1.000000,0.000000,0.000000,0.000000,0.000000,0.000000,0.000000,0.000000,0.000000,0.000000,0.000000,18.000000,4.181676,19.933040,nan
10.120,APPROACH,158.235870,72.650546,139.980892,-12.877836,-9.885171,1.511088,0.260880,-50.811183,-66.811183,29.107836,0.000000,0.000000,0.939120,0.000000,0.000000,0.000000,21.839362,73.169708,16.230000,-9.885171,1.511088,1.200000,0.000000,0.000000,171.308814,-50.811183,-66.811183,30.000000,0.000000,0.000000,0.000000,0.000000,0.000000,0.000000,72.650546,139.980892,-12.877836,158.235870,-9.885171,1.511088,0.260880,10.003402,nan,nan,nan,0,nan,nan,nan,0,nan,nan,nan,nan,nan,nan,nan,nan,nan,nan,nan,nan,nan,nan,nan,nan,nan,nan,nan,nan,nan,nan,nan,nan,nan,nan,nan,nan,nan,nan,nan,nan,nan,nan,nan,nan,nan,nan,nan,nan,nan,nan,nan,nan,nan,nan,nan,nan,nan,nan,2.000000,157.710975,-50.663970,-149.351645,10.000000,0.000000,158.252272,-50.663970,-149.351645,-13.077836,10.000000,0.000000,10.003402,inf,0.000000,1.000000,0.000000,0.000000,0.000000,0.000000,0.000000,0.000000,0.000000,0.000000,0.000000,0.000000,18.000000,4.642000,19.870628,nan
10.180,APPROACH,158.072287,72.155824,140.053355,-12.862444,-9.894422,1.449278,0.307836,-50.811183,-66.811183,29.152444,0.000000,0.000000,0.892164,0.000000,0.000000,0.000000,21.344641,73.242172,16.290000,-9.894422,1.449278,1.200000,0.000000,0.000000,171.666900,-50.811183,-66.811183,30.000000,0.000000,0.000000,0.000000,0.000000,0.000000,0.000000,72.155824,140.053355,-12.862444,158.072287,-9.894422,1.449278,0.307836,10.004737,nan,nan,nan,0,nan,nan,nan,0,nan,nan,nan,nan,nan,nan,nan,nan,nan,nan,nan,nan,nan,nan,nan,nan,nan,nan,nan,nan,nan,nan,nan,nan,nan,nan,nan,nan,nan,nan,nan,nan,nan,nan,nan,nan,nan,nan,nan,nan,nan,nan,nan,nan,nan,nan,nan,nan,nan,nan,2.000000,157.548105,-51.096391,-149.032091,10.000000,0.000000,158.088687,-51.096391,-149.032091,-13.062444,10.000000,0.000000,10.004737,inf,0.000000,1.000000,0.000000,0.000000,0.000000,0.000000,0.000000,0.000000,0.000000,0.000000,0.000000,0.000000,18.000000,5.115827,19.806386,nan
10.220,APPROACH,157.906992,71.660660,140.122726,-12.844822,-9.903287,1.387414,0.352444,-50.811183,-66.811183,29.194822,0.000000,0.000000,0.847556,0.000000,0.000000,0.000000,20.849477,73.311543,16.350000,-9.903287,1.387414,1.200000,0.000000,0.000000,172.024980,-50.811183,-66.811183,30.000000,0.000000,0.000000,0.000000,0.000000,0.000000,0.000000,71.660660,140.122726,-12.844822,157.906992,-9.903287,1.387414,0.352444,10.006209,nan,nan,nan,0,nan,nan,nan,0,nan,nan,nan,nan,nan,nan,nan,nan,nan,nan,nan,nan,nan,nan,nan,nan,nan,nan,nan,nan,nan,nan,nan,nan,nan,nan,nan,nan,nan,nan,nan,nan,nan,nan,nan,nan,nan,nan,nan,nan,nan,nan,nan,nan,nan,nan,nan,nan,nan,nan,2.000000,157.383699,-51.526788,-148.709847,10.000000,-0.000000,157.923386,-51.526788,-148.709847,-13.044822,10.000000,-0.000000,10.006209,inf,0.000000,1.000000,0.000000,0.000000,0.000000,0.000000,0.000000,0.000000,0.000000,0.000000,0.000000,0.000000,18.000000,5.599715,19.740779,nan
10.280,APPROACH,157.739995,71.165072,140.189001,-12.825081,-9.911764,1.325496,0.394822,-50.811183,-66.811183,29.235081,0.000000,0.000000,0.805178,0.000000,0.000000,0.000000,20.353889,73.377818,16.410000,-9.911764,1.325496,1.200000,0.000000,0.000000,172.383053,-50.811183,-66.811183,30.000000,0.000000,0.000000,0.000000,0.000000,0.000000,0.000000,71.165072,140.189001,-12.825081,157.739995,-9.911764,1.325496,0.394822,10.007791,nan,nan,nan,0,nan,nan,nan,0,nan,nan,nan,nan,nan,nan,nan,nan,nan,nan,nan,nan,nan,nan,nan,nan,nan,nan,nan,nan,nan,nan,nan,nan,nan,nan,nan,nan,nan,nan,nan,nan,nan,nan,nan,nan,nan,nan,nan,nan,nan,nan,nan,nan,nan,nan,nan,nan,nan,nan,2.000000,157.217758,-51.955147,-148.384926,10.000000,0.000000,157.756382,-51.955147,-148.384926,-13.025081,10.000000,0.000000,10.007791,inf,0.000000,1.000000,0.000000,0.000000,0.000000,0.000000,0.000000,0.000000,0.000000,0.000000,0.000000,0.000000,18.000000,6.091248,19.674136,nan
10.320,APPROACH,157.571308,70.669079,140.252177,-12.803327,-9.919854,1.263527,0.435081,-50.811183,-66.811183,29.273327,0.000000,0.000000,0.764919,0.000000,0.000000,0.000000,19.857896,73.440994,16.470000,-9.919854,1.263527,1.200000,0.000000,0.000000,172.741120,-50.811183,-66.811183,30.000000,0.000000,0.000000,0.000000,0.000000,0.000000,0.000000,70.669079,140.252177,-12.803327,157.571308,-9.919854,1.263527,0.435081,10.009460,nan,nan,nan,0,nan,nan,nan,0,nan,nan,nan,nan,nan,nan,nan,nan,nan,nan,nan,nan,nan,nan,nan,nan,nan,nan,nan,nan,nan,nan,nan,nan,nan,nan,nan,nan,nan,nan,nan,nan,nan,nan,nan,nan,nan,nan,nan,nan,nan,nan,nan,nan,nan,nan,nan,nan,nan,nan,2.000000,157.050285,-52.381450,-148.057339,10.000000,0.000000,157.587685,-52.381450,-148.057339,-13.003327,10.000000,0.000000,10.009460,inf,0.000000,1.000000,0.000000,0.000000,0.000000,0.000000,0.000000,0.000000,0.000000,0.000000,0.000000,0.000000,18.000000,6.588700,19.606691,nan
10.380,APPROACH,157.400940,70.172701,140.312253,-12.779660,-9.927556,1.201510,0.473327,-50.811183,-66.811183,29.309660,0.000000,0.000000,0.726673,0.000000,0.000000,0.000000,19.361518,73.501070,16.530000,-9.927556,1.201510,1.200000,0.000000,0.000000,173.099181,-50.811183,-66.811183,30.000000,0.000000,0.000000,0.000000,0.000000,0.000000,0.000000,70.172701,140.312253,-12.779660,157.400940,-9.927556,1.201510,0.473327,10.011196,nan,nan,nan,0,nan,nan,nan,0,nan,nan,nan,nan,nan,nan,nan,nan,nan,nan,nan,nan,nan,nan,nan,nan,nan,nan,nan,nan,nan,nan,nan,nan,nan,nan,nan,nan,nan,nan,nan,nan,nan,nan,nan,nan,nan,nan,nan,nan,nan,nan,nan,nan,nan,nan,nan,nan,nan,nan,2.000000,156.881281,-52.805683,-147.727100,10.000000,0.000000,157.417305,-52.805683,-147.727100,-12.979660,10.000000,0.000000,10.011196,inf,0.000000,1.000000,0.000000,0.000000,0.000000,0.000000,0.000000,0.000000,0.000000,0.000000,0.000000,0.000000,18.000000,7.090807,19.538614,nan
10.420,APPROACH,157.228902,69.675958,140.369225,-12.754177,-9.934871,1.139448,0.509660,-50.811183,-66.811183,29.344177,0.000000,0.000000,0.690340,0.000000,0.000000,0.000000,18.864775,73.558042,16.590000,-9.934871,1.139448,1.200000,0.000000,0.000000,173.457236,-50.811183,-66.811183,30.000000,0.000000,0.000000,0.000000,0.000000,0.000000,0.000000,69.675958,140.369225,-12.754177,157.228902,-9.934871,1.139448,0.509660,10.012979,nan,nan,nan,0,nan,nan,nan,0,nan,nan,nan,nan,nan,nan,nan,nan,nan,nan,nan,nan,nan,nan,nan,nan,nan,nan,nan,nan,nan,nan,nan,nan,nan,nan,nan,nan,nan,nan,nan,nan,nan,nan,nan,nan,nan,nan,nan,nan,nan,nan,nan,nan,nan,nan,nan,nan,nan,nan,2.000000,156.710748,-53.227828,-147.394222,10.000000,-0.000000,157.245252,-53.227828,-147.394222,-12.954177,10.000000,-0.000000,10.012979,inf,0.000000,1.000000,0.000000,0.000000,0.000000,0.000000,0.000000,0.000000,0.000000,0.000000,0.000000,0.000000,18.000000,7.596629,19.470034,nan
10.480,APPROACH,157.055202,69.178868,140.423092,-12.726968,-9.941797,1.077341,0.544177,-50.811183,-66.811183,29.376968,0.000000,0.000000,0.655823,0.000000,0.000000,0.000000,18.367685,73.611909,16.650000,-9.941797,1.077341,1.200000,0.000000,0.000000,173.815286,-50.811183,-66.811183,30.000000,0.000000,0.000000,0.000000,0.000000,0.000000,0.000000,69.178868,140.423092,-12.726968,157.055202,-9.941797,1.077341,0.544177,10.014796,nan,nan,nan,0,nan,nan,nan,0,nan,nan,nan,nan,nan,nan,nan,nan,nan,nan,nan,nan,nan,nan,nan,nan,nan,nan,nan,nan,nan,nan,nan,nan,nan,nan,nan,nan,nan,nan,nan,nan,nan,nan,nan,nan,nan,nan,nan,nan,nan,nan,nan,nan,nan,nan,nan,nan,nan,nan,2.000000,156.538687,-53.647870,-147.058718,10.000000,0.000000,157.071535,-53.647870,-147.058718,-12.926968,10.000000,0.000000,10.014796,inf,0.000000,1.000000,0.000000,0.000000,0.000000,0.000000,0.000000,0.000000,0.000000,0.000000,0.000000,0.000000,18.000000,8.105452,19.401047,nan
10.520,APPROACH,156.879849,68.681451,140.473852,-12.698120,-9.948336,1.015194,0.576968,-50.811183,-66.811183,29.408120,0.000000,0.000000,0.623032,0.000000,0.000000,0.000000,17.870268,73.662669,16.710000,-9.948336,1.015194,1.200000,0.000000,0.000000,174.173330,-50.811183,-66.811183,30.000000,0.000000,0.000000,0.000000,0.000000,0.000000,0.000000,68.681451,140.473852,-12.698120,156.879849,-9.948336,1.015194,0.576968,10.016631,nan,nan,nan,0,nan,nan,nan,0,nan,nan,nan,nan,nan,nan,nan,nan,nan,nan,nan,nan,nan,nan,nan,nan,nan,nan,nan,nan,nan,nan,nan,nan,nan,nan,nan,nan,nan,nan,nan,nan,nan,nan,nan,nan,nan,nan,nan,nan,nan,nan,nan,nan,nan,nan,nan,nan,nan,nan,2.000000,156.365101,-54.065794,-146.720601,10.000000,0.000000,156.896164,-54.065794,-146.720601,-12.898120,10.000000,0.000000,10.016631,inf,0.000000,1.000000,0.000000,0.000000,0.000000,0.000000,0.000000,0.000000,0.000000,0.000000,0.000000,0.000000,17.000000,3.153424,19.070588,nan
10.580,APPROACH,156.702853,68.183727,140.521502,-12.667714,-9.954485,0.953008,0.608120,-50.811183,-66.811183,29.437714,0.000000,0.000000,0.591880,0.000000,0.000000,0.000000,17.372544,73.710319,16.770000,-9.954485,0.953008,1.200000,0.000000,0.000000,174.531369,-50.811183,-66.811183,30.000000,0.000000,0.000000,0.000000,0.000000,0.000000,0.000000,68.183727,140.521502,-12.667714,156.702853,-9.954485,0.953008,0.608120,10.018473,nan,nan,nan,0,nan,nan,nan,0,nan,nan,nan,nan,nan,nan,nan,nan,nan,nan,nan,nan,nan,nan,nan,nan,nan,nan,nan,nan,nan,nan,nan,nan,nan,nan,nan,nan,nan,nan,nan,nan,nan,nan,nan,nan,nan,nan,nan,nan,nan,nan,nan,nan,nan,nan,nan,nan,nan,nan,2.000000,156.189991,-54.481583,-146.379884,10.000000,0.000000,156.719148,-54.481583,-146.379884,-12.867714,10.000000,0.000000,10.018473,inf,0.000000,1.000000,0.000000,0.000000,0.000000,0.000000,0.000000,0.000000,0.000000,0.000000,0.000000,0.000000,17.000000,2.795291,19.119356,nan
10.620,APPROACH,156.524222,67.685715,140.566042,-12.635828,-9.960246,0.890785,0.637714,-50.811183,-66.811183,29.465828,0.000000,0.000000,0.562286,0.000000,0.000000,0.000000,16.874531,73.754858,16.830000,-9.960246,0.890785,1.200000,0.000000,0.000000,174.889402,-50.811183,-66.811183,30.000000,0.000000,0.000000,0.000000,0.000000,0.000000,0.000000,67.685715,140.566042,-12.635828,156.524222,-9.960246,0.890785,0.637714,10.020313,nan,nan,nan,0,nan,nan,nan,0,nan,nan,nan,nan,nan,nan,nan,nan,nan,nan,nan,nan,nan,nan,nan,nan,nan,nan,nan,nan,nan,nan,nan,nan,nan,nan,nan,nan,nan,nan,nan,nan,nan,nan,nan,nan,nan,nan,nan,nan,nan,nan,nan,nan,nan,nan,nan,nan,nan,nan,2.000000,156.013358,-54.895221,-146.036580,10.000000,0.000000,156.540495,-54.895221,-146.036580,-12.835828,10.000000,0.000000,10.020313,inf,0.000000,1.000000,0.000000,0.000000,0.000000,0.000000,0.000000,0.000000,0.000000,0.000000,0.000000,0.000000,17.000000,2.499105,19.159689,nan
10.680,APPROACH,156.343965,67.187434,140.607468,-12.602537,-9.965618,0.828529,0.665828,-50.811183,-66.811183,29.492537,0.000000,0.000000,0.534172,0.000000,0.000000,0.000000,16.376251,73.796285,16.890000,-9.965618,0.828529,1.200000,0.000000,0.000000,175.247431,-50.811183,-66.811183,30.000000,0.000000,0.000000,0.000000,0.000000,0.000000,0.000000,67.187434,140.607468,-12.602537,156.343965,-9.965618,0.828529,0.665828,10.022142,nan,nan,nan,0,nan,nan,nan,0,nan,nan,nan,nan,nan,nan,nan,nan,nan,nan,nan,nan,nan,nan,nan,nan,nan,nan,nan,nan,nan,nan,nan,nan,nan,nan,nan,nan,nan,nan,nan,nan,nan,nan,nan,nan,nan,nan,nan,nan,nan,nan,nan,nan,nan,nan,nan,nan,nan,nan,2.000000,155.835206,-55.306693,-145.690703,10.000000,-0.000000,156.360213,-55.306693,-145.690703,-12.802537,10.000000,-0.000000,10.022142,inf,0.000000,1.000000,0.000000,0.000000,0.000000,0.000000,0.000000,0.000000,0.000000,0.000000,0.000000,0.000000,17.000000,2.289053,19.188292,nan
10.720,APPROACH,156.162088,66.688904,140.645780,-12.567910,-9.970601,0.766241,0.692537,-50.811183,-66.811183,29.517910,0.000000,0.000000,0.507463,0.000000,0.000000,0.000000,15.877721,73.834597,16.950000,-9.970601,0.766241,1.200000,0.000000,0.000000,175.605454,-50.811183,-66.811183,30.000000,0.000000,0.000000,0.000000,0.000000,0.000000,0.000000,66.688904,140.645780,-12.567910,156.162088,-9.970601,0.766241,0.692537,10.023952,nan,nan,nan,0,nan,nan,nan,0,nan,nan,nan,nan,nan,nan,nan,nan,nan,nan,nan,nan,nan,nan,nan,nan,nan,nan,nan,nan,nan,nan,nan,nan,nan,nan,nan,nan,nan,nan,nan,nan,nan,nan,nan,nan,nan,nan,nan,nan,nan,nan,nan,nan,nan,nan,nan,nan,nan,nan,2.000000,155.655534,-55.715984,-145.342267,10.000000,0.000000,156.178311,-55.715984,-145.342267,-12.767910,10.000000,0.000000,10.023952,inf,0.000000,1.000000,0.000000,0.000000,0.000000,0.000000,0.000000,0.000000,0.000000,0.000000,0.000000,0.000000,17.000000,2.190070,19.201771,nan
10.780,APPROACH,155.978600,66.190144,140.680976,-12.532015,-9.975194,0.703924,0.717910,-50.811183,-66.811183,29.542015,0.000000,0.000000,0.482090,0.000000,0.000000,0.000000,15.378961,73.869793,17.010000,-9.975194,0.703924,1.200000,0.000000,0.000000,175.963473,-50.811183,-66.811183,30.000000,0.000000,0.000000,0.000000,0.000000,0.000000,0.000000,66.190144,140.680976,-12.532015,155.978600,-9.975194,0.703924,0.717910,10.025737,nan,nan,nan,0,nan,nan,nan,0,nan,nan,nan,nan,nan,nan,nan,nan,nan,nan,nan,nan,nan,nan,nan,nan,nan,nan,nan,nan,nan,nan,nan,nan,nan,nan,nan,nan,nan,nan,nan,nan,nan,nan,nan,nan,nan,nan,nan,nan,nan,nan,nan,nan,nan,nan,nan,nan,nan,nan,2.000000,155.474346,-56.123077,-144.991284,10.000000,0.000000,155.994796,-56.123077,-144.991284,-12.732015,10.000000,0.000000,10.025737,inf,0.000000,1.000000,0.000000,0.000000,0.000000,0.000000,0.000000,0.000000,0.000000,0.000000,0.000000,0.000000,17.000000,2.217086,19.198092,nan
10.820,APPROACH,155.793508,65.691174,140.713055,-12.494914,-9.979397,0.641581,0.742015,-50.811183,-66.811183,29.564914,0.000000,0.000000,0.457985,0.000000,0.000000,0.000000,14.879991,73.901872,17.070000,-9.979397,0.641581,1.200000,0.000000,0.000000,176.321488,-50.811183,-66.811183,30.000000,0.000000,0.000000,0.000000,0.000000,0.000000,0.000000,65.691174,140.713055,-12.494914,155.793508,-9.979397,0.641581,0.742015,10.027491,nan,nan,nan,0,nan,nan,nan,0,nan,nan,nan,nan,nan,nan,nan,nan,nan,nan,nan,nan,nan,nan,nan,nan,nan,nan,nan,nan,nan,nan,nan,nan,nan,nan,nan,nan,nan,nan,nan,nan,nan,nan,nan,nan,nan,nan,nan,nan,nan,nan,nan,nan,nan,nan,nan,nan,nan,nan,2.000000,155.291643,-56.527958,-144.637769,10.000000,0.000000,155.809676,-56.527958,-144.637769,-12.694914,10.000000,0.000000,10.027491,inf,0.000000,1.000000,0.000000,0.000000,0.000000,0.000000,0.000000,0.000000,0.000000,0.000000,0.000000,0.000000,17.000000,2.365787,19.177843,nan
10.880,APPROACH,155.606820,65.192014,140.742016,-12.456668,-9.983212,0.579213,0.764914,-50.811183,-66.811183,29.586668,0.000000,0.000000,0.435086,0.000000,0.000000,0.000000,14.380830,73.930833,17.130000,-9.983212,0.579213,1.200000,0.000000,0.000000,176.679498,-50.811183,-66.811183,30.000000,0.000000,0.000000,0.000000,0.000000,0.000000,0.000000,65.192014,140.742016,-12.456668,155.606820,-9.983212,0.579213,0.764914,10.029212,nan,nan,nan,0,nan,nan,nan,0,nan,nan,nan,nan,nan,nan,nan,nan,nan,nan,nan,nan,nan,nan,nan,nan,nan,nan,nan,nan,nan,nan,nan,nan,nan,nan,nan,nan,nan,nan,nan,nan,nan,nan,nan,nan,nan,nan,nan,nan,nan,nan,nan,nan,nan,nan,nan,nan,nan,nan,2.000000,155.107426,-56.930611,-144.281736,10.000000,0.000000,155.622958,-56.930611,-144.281736,-12.656668,10.000000,0.000000,10.029212,inf,0.000000,1.000000,0.000000,0.000000,0.000000,0.000000,0.000000,0.000000,0.000000,0.000000,0.000000,0.000000,17.000000,2.615495,19.143840,nan
10.920,APPROACH,155.418541,64.692682,140.767857,-12.417335,-9.986636,0.516823,0.786668,-50.811183,-66.811183,29.607335,0.000000,0.000000,0.413332,0.000000,0.000000,0.000000,13.881499,73.956674,17.190000,-9.986636,0.516823,1.200000,0.000000,0.000000,177.037503,-50.811183,-66.811183,30.000000,0.000000,0.000000,0.000000,0.000000,0.000000,0.000000,64.692682,140.767857,-12.417335,155.418541,-9.986636,0.516823,0.786668,10.030895,nan,nan,nan,0,nan,nan,nan,0,nan,nan,nan,nan,nan,nan,nan,nan,nan,nan,nan,nan,nan,nan,nan,nan,nan,nan,nan,nan,nan,nan,nan,nan,nan,nan,nan,nan,nan,nan,nan,nan,nan,nan,nan,nan,nan,nan,nan,nan,nan,nan,nan,nan,nan,nan,nan,nan,nan,nan,2.000000,154.921699,-57.331020,-143.923198,10.000000,0.000000,155.434648,-57.331020,-143.923198,-12.617335,10.000000,0.000000,10.030895,inf,0.000000,1.000000,0.000000,0.000000,0.000000,0.000000,0.000000,0.000000,0.000000,0.000000,0.000000,0.000000,17.000000,2.940581,19.099572,nan
10.980,APPROACH,155.228679,64.193198,140.790578,-12.376968,-9.989670,0.454414,0.807335,-50.811183,-66.811183,29.626968,0.000000,0.000000,0.392665,0.000000,0.000000,0.000000,13.382015,73.979395,17.250000,-9.989670,0.454414,1.200000,0.000000,0.000000,177.395505,-50.811183,-66.811183,30.000000,0.000000,0.000000,0.000000,0.000000,0.000000,0.000000,64.193198,140.790578,-12.376968,155.228679,-9.989670,0.454414,0.807335,10.032537,nan,nan,nan,0,nan,nan,nan,0,nan,nan,nan,nan,nan,nan,nan,nan,nan,nan,nan,nan,nan,nan,nan,nan,nan,nan,nan,nan,nan,nan,nan,nan,nan,nan,nan,nan,nan,nan,nan,nan,nan,nan,nan,nan,nan,nan,nan,nan,nan,nan,nan,nan,nan,nan,nan,nan,nan,nan,2.000000,154.734461,-57.729171,-143.562169,10.000000,0.000000,155.244754,-57.729171,-143.562169,-12.576968,10.000000,0.000000,10.032537,inf,0.000000,1.000000,0.000000,0.000000,0.000000,0.000000,0.000000,0.000000,0.000000,0.000000,0.000000,0.000000,17.000000,3.318958,19.048047,nan
11.020,APPROACH,155.037241,63.693583,140.810177,-12.335620,-9.992314,0.391987,0.826968,-50.811183,-66.811183,29.645620,0.000000,0.000000,0.373032,0.000000,0.000000,0.000000,12.882399,73.998994,17.310000,-9.992314,0.391987,1.200000,0.000000,0.000000,177.753502,-50.811183,-66.811183,30.000000,0.000000,0.000000,0.000000,0.000000,0.000000,0.000000,63.693583,140.810177,-12.335620,155.037241,-9.992314,0.391987,0.826968,10.034136,nan,nan,nan,0,nan,nan,nan,0,nan,nan,nan,nan,nan,nan,nan,nan,nan,nan,nan,nan,nan,nan,nan,nan,nan,nan,nan,nan,nan,nan,nan,nan,nan,nan,nan,nan,nan,nan,nan,nan,nan,nan,nan,nan,nan,nan,nan,nan,nan,nan,nan,nan,nan,nan,nan,nan,nan,nan,2.000000,154.545716,-58.125048,-143.198664,10.000000,0.000000,155.053282,-58.125048,-143.198664,-12.535620,10.000000,0.000000,10.034136,inf,0.000000,1.000000,0.000000,0.000000,0.000000,0.000000,0.000000,0.000000,0.000000,0.000000,0.000000,0.000000,17.000000,3.734452,18.991468,nan
11.080,APPROACH,154.844231,63.193854,140.826654,-12.293339,-9.994568,0.329547,0.845620,-50.811183,-66.811183,29.663339,0.000000,0.000000,0.354380,0.000000,0.000000,0.000000,12.382671,74.015471,17.370000,-9.994568,0.329547,1.200000,0.000000,0.000000,178.111495,-50.811183,-66.811183,30.000000,0.000000,0.000000,0.000000,0.000000,0.000000,0.000000,63.193854,140.826654,-12.293339,154.844231,-9.994568,0.329547,0.845620,10.035690,nan,nan,nan,0,nan,nan,nan,0,nan,nan,nan,nan,nan,nan,nan,nan,nan,nan,nan,nan,nan,nan,nan,nan,nan,nan,nan,nan,nan,nan,nan,nan,nan,nan,nan,nan,nan,nan,nan,nan,nan,nan,nan,nan,nan,nan,nan,nan,nan,nan,nan,nan,nan,nan,nan,nan,nan,nan,2.000000,154.355466,-58.518636,-142.832696,10.000000,0.000000,154.860238,-58.518636,-142.832696,-12.493339,10.000000,0.000000,10.035690,inf,0.000000,1.000000,0.000000,0.000000,0.000000,0.000000,0.000000,0.000000,0.000000,0.000000,0.000000,0.000000,17.000000,4.175983,18.931343,nan
11.120,APPROACH,154.649658,62.694033,140.840009,-12.250172,-9.996432,0.267093,0.863339,-50.811183,-66.811183,29.680172,0.000000,0.000000,0.336661,0.000000,0.000000,0.000000,11.882849,74.028826,17.430000,-9.996432,0.267093,1.200000,0.000000,0.000000,178.469485,-50.811183,-66.811183,30.000000,0.000000,0.000000,0.000000,0.000000,0.000000,0.000000,62.694033,140.840009,-12.250172,154.649658,-9.996432,0.267093,0.863339,10.037198,nan,nan,nan,0,nan,nan,nan,0,nan,nan,nan,nan,nan,nan,nan,nan,nan,nan,nan,nan,nan,nan,nan,nan,nan,nan,nan,nan,nan,nan,nan,nan,nan,nan,nan,nan,nan,nan,nan,nan,nan,nan,nan,nan,nan,nan,nan,nan,nan,nan,nan,nan,nan,nan,nan,nan,nan,nan,2.000000,154.163711,-58.909921,-142.464280,10.000000,0.000000,154.665629,-58.909921,-142.464280,-12.450172,10.000000,0.000000,10.037198,inf,0.000000,1.000000,0.000000,0.000000,0.000000,0.000000,0.000000,0.000000,0.000000,0.000000,0.000000,0.000000,17.000000,4.636103,18.868687,nan
11.180,APPROACH,154.453525,62.194137,140.850241,-12.206163,-9.997906,0.204631,0.880172,-50.811183,-66.811183,29.696163,0.000000,0.000000,0.319828,0.000000,0.000000,0.000000,11.382954,74.039058,17.490000,-9.997906,0.204631,1.200000,0.000000,0.000000,178.827471,-50.811183,-66.811183,30.000000,0.000000,0.000000,0.000000,0.000000,0.000000,0.000000,62.194137,140.850241,-12.206163,154.453525,-9.997906,0.204631,0.880172,10.038660,nan,nan,nan,0,nan,nan,nan,0,nan,nan,nan,nan,nan,nan,nan,nan,nan,nan,nan,nan,nan,nan,nan,nan,nan,nan,nan,nan,nan,nan,nan,nan,nan,nan,nan,nan,nan,nan,nan,nan,nan,nan,nan,nan,nan,nan,nan,nan,nan,nan,nan,nan,nan,nan,nan,nan,nan,nan,2.000000,153.970455,-59.298887,-142.093431,10.000000,0.000000,154.469459,-59.298887,-142.093431,-12.406163,10.000000,0.000000,10.038660,inf,0.000000,1.000000,0.000000,0.000000,0.000000,0.000000,0.000000,0.000000,0.000000,0.000000,0.000000,0.000000,17.000000,5.109779,18.804185,nan
11.220,APPROACH,154.255840,61.694188,140.857349,-12.161355,-9.998989,0.142160,0.896163,-50.811183,-66.811183,29.711355,0.000000,0.000000,0.303837,0.000000,0.000000,0.000000,10.883005,74.046166,17.550000,-9.998989,0.142160,1.200000,0.000000,0.000000,179.185453,-50.811183,-66.811183,30.000000,0.000000,0.000000,0.000000,0.000000,0.000000,0.000000,61.694188,140.857349,-12.161355,154.255840,-9.998989,0.142160,0.896163,10.040075,nan,nan,nan,0,nan,nan,nan,0,nan,nan,nan,nan,nan,nan,nan,nan,nan,nan,nan,nan,nan,nan,nan,nan,nan,nan,nan,nan,nan,nan,nan,nan,nan,nan,nan,nan,nan,nan,nan,nan,nan,nan,nan,nan,nan,nan,nan,nan,nan,nan,nan,nan,nan,nan,nan,nan,nan,nan,2.000000,153.775699,-59.685519,-141.720162,10.000000,0.000000,154.271736,-59.685519,-141.720162,-12.361355,10.000000,0.000000,10.040075,inf,0.000000,1.000000,0.000000,0.000000,0.000000,0.000000,0.000000,0.000000,0.000000,0.000000,0.000000,0.000000,17.000000,5.593551,18.738308,nan
11.280,APPROACH,154.056606,61.194204,140.861333,-12.115787,-9.999683,0.079685,0.911355,-50.811183,-66.811183,29.725787,0.000000,0.000000,0.288645,0.000000,0.000000,0.000000,10.383020,74.050150,17.610000,-9.999683,0.079685,1.200000,0.000000,0.000000,179.543432,-50.811183,-66.811183,30.000000,0.000000,0.000000,0.000000,0.000000,0.000000,0.000000,61.194204,140.861333,-12.115787,154.056606,-9.999683,0.079685,0.911355,10.041443,nan,nan,nan,0,nan,nan,nan,0,nan,nan,nan,nan,nan,nan,nan,nan,nan,nan,nan,nan,nan,nan,nan,nan,nan,nan,nan,nan,nan,nan,nan,nan,nan,nan,nan,nan,nan,nan,nan,nan,nan,nan,nan,nan,nan,nan,nan,nan,nan,nan,nan,nan,nan,nan,nan,nan,nan,nan,2.000000,153.579444,-60.069803,-141.344488,10.000000,0.000000,154.072464,-60.069803,-141.344488,-12.315787,10.000000,0.000000,10.041443,inf,0.000000,1.000000,0.000000,0.000000,0.000000,0.000000,0.000000,0.000000,0.000000,0.000000,0.000000,0.000000,17.000000,6.084995,18.671387,nan
11.320,APPROACH,153.855831,60.694204,140.862193,-12.069498,-9.999985,0.017208,0.925787,-50.811183,-66.811183,29.739498,0.000000,0.000000,0.274213,0.000000,0.000000,0.000000,9.883021,74.051010,17.670000,-9.999985,0.017208,1.200000,0.000000,0.000000,179.901408,-50.811183,-66.811183,30.000000,0.000000,0.000000,0.000000,0.000000,0.000000,0.000000,60.694204,140.862193,-12.069498,153.855831,-9.999985,0.017208,0.925787,10.042763,nan,nan,nan,0,nan,nan,nan,0,nan,nan,nan,nan,nan,nan,nan,nan,nan,nan,nan,nan,nan,nan,nan,nan,nan,nan,nan,nan,nan,nan,nan,nan,nan,nan,nan,nan,nan,nan,nan,nan,nan,nan,nan,nan,nan,nan,nan,nan,nan,nan,nan,nan,nan,nan,nan,nan,nan,nan,2.000000,153.381694,-60.451724,-140.966425,10.000000,0.000000,153.871650,-60.451724,-140.966425,-12.269498,10.000000,0.000000,10.042763,inf,0.000000,1.000000,0.000000,0.000000,0.000000,0.000000,0.000000,0.000000,0.000000,0.000000,0.000000,0.000000,17.000000,6.582375,18.603657,nan
11.380,APPROACH,153.653519,60.194210,140.859930,-12.022523,-9.999898,-0.045270,0.939498,-50.811183,-66.811183,29.752523,0.000000,0.000000,0.260502,0.000000,0.000000,0.000000,9.383026,74.048747,17.730000,-9.999898,-0.045270,1.200000,0.000000,0.000000,-179.740620,-50.811183,-66.811183,30.000000,0.000000,0.000000,0.000000,0.000000,0.000000,0.000000,60.194210,140.859930,-12.022523,153.653519,-9.999898,-0.045270,0.939498,10.044036,nan,nan,nan,0,nan,nan,nan,0,nan,nan,nan,nan,nan,nan,nan,nan,nan,nan,nan,nan,nan,nan,nan,nan,nan,nan,nan,nan,nan,nan,nan,nan,nan,nan,nan,nan,nan,nan,nan,nan,nan,nan,nan,nan,nan,nan,nan,nan,nan,nan,nan,nan,nan,nan,nan,nan,nan,nan,2.000000,153.182449,-60.831268,-140.585986,10.000000,0.000000,153.669297,-60.831268,-140.585986,-12.222523,10.000000,0.000000,10.044036,inf,0.000000,1.000000,0.000000,0.000000,0.000000,0.000000,0.000000,0.000000,0.000000,0.000000,0.000000,0.000000,17.000000,7.084425,18.535291,nan
11.420,APPROACH,153.449674,59.694239,140.854543,-11.974897,-9.999420,-0.107746,0.952523,-50.811183,-66.811183,29.764897,0.000000,0.000000,0.247477,0.000000,0.000000,0.000000,8.883055,74.043359,17.790000,-9.999420,-0.107746,1.200000,0.000000,0.000000,-179.382651,-50.811183,-66.811183,30.000000,0.000000,0.000000,0.000000,0.000000,0.000000,0.000000,59.694239,140.854543,-11.974897,153.449674,-9.999420,-0.107746,0.952523,10.045263,nan,nan,nan,0,nan,nan,nan,0,nan,nan,nan,nan,nan,nan,nan,nan,nan,nan,nan,nan,nan,nan,nan,nan,nan,nan,nan,nan,nan,nan,nan,nan,nan,nan,nan,nan,nan,nan,nan,nan,nan,nan,nan,nan,nan,nan,nan,nan,nan,nan,nan,nan,nan,nan,nan,nan,nan,nan,2.000000,152.981712,-61.208419,-140.203187,10.000000,-0.000000,153.465411,-61.208419,-140.203187,-12.174897,10.000000,-0.000000,10.045263,inf,0.000000,1.000000,0.000000,0.000000,0.000000,0.000000,0.000000,0.000000,0.000000,0.000000,0.000000,0.000000,17.000000,7.590199,18.466418,nan
11.480,APPROACH,153.244302,59.194311,140.846032,-11.926652,-9.998551,-0.170216,0.964897,-50.811183,-66.811183,29.776652,0.000000,0.000000,0.235103,0.000000,0.000000,0.000000,8.383128,74.034849,17.850000,-9.998551,-0.170216,1.200000,0.000000,0.000000,-179.024685,-50.811183,-66.811183,30.000000,0.000000,0.000000,0.000000,0.000000,0.000000,0.000000,59.194311,140.846032,-11.926652,153.244302,-9.998551,-0.170216,0.964897,10.046443,nan,nan,nan,0,nan,nan,nan,0,nan,nan,nan,nan,nan,nan,nan,nan,nan,nan,nan,nan,nan,nan,nan,nan,nan,nan,nan,nan,nan,nan,nan,nan,nan,nan,nan,nan,nan,nan,nan,nan,nan,nan,nan,nan,nan,nan,nan,nan,nan,nan,nan,nan,nan,nan,nan,nan,nan,nan,2.000000,152.779485,-61.583164,-139.818042,10.000000,0.000000,153.259997,-61.583164,-139.818042,-12.126652,10.000000,0.000000,10.046443,inf,0.000000,1.000000,0.000000,0.000000,0.000000,0.000000,0.000000,0.000000,0.000000,0.000000,0.000000,0.000000,17.000000,8.098983,18.397136,nan
11.520,APPROACH,153.037408,58.694446,140.834398,-11.877819,-9.997293,-0.232680,0.976652,-50.811183,-66.811183,29.787819,0.000000,0.000000,0.223348,0.000000,0.000000,0.000000,7.883263,74.023215,17.910000,-9.997293,-0.232680,1.200000,0.000000,0.000000,-178.666722,-50.811183,-66.811183,30.000000,0.000000,0.000000,0.000000,0.000000,0.000000,0.000000,58.694446,140.834398,-11.877819,153.037408,-9.997293,-0.232680,0.976652,10.047579,nan,nan,nan,0,nan,nan,nan,0,nan,nan,nan,nan,nan,nan,nan,nan,nan,nan,nan,nan,nan,nan,nan,nan,nan,nan,nan,nan,nan,nan,nan,nan,nan,nan,nan,nan,nan,nan,nan,nan,nan,nan,nan,nan,nan,nan,nan,nan,nan,nan,nan,nan,nan,nan,nan,nan,nan,nan,2.000000,152.575770,-61.955488,-139.430567,10.000000,-0.000000,153.053061,-61.955488,-139.430567,-12.077819,10.000000,-0.000000,10.047579,inf,0.000000,1.000000,0.000000,0.000000,0.000000,0.000000,0.000000,0.000000,0.000000,0.000000,0.000000,0.000000,16.000000,3.158279,18.067839,nan
11.580,APPROACH,152.828996,58.194664,140.819641,-11.828428,-9.995644,-0.295134,0.987819,-50.811183,-66.811183,29.798428,0.000000,0.000000,0.212181,0.000000,0.000000,0.000000,7.383481,74.008458,17.970000,-9.995644,-0.295134,1.200000,0.000000,0.000000,-178.308762,-50.811183,-66.811183,30.000000,0.000000,0.000000,0.000000,0.000000,0.000000,0.000000,58.194664,140.819641,-11.828428,152.828996,-9.995644,-0.295134,0.987819,10.048671,nan,nan,nan,0,nan,nan,nan,0,nan,nan,nan,nan,nan,nan,nan,nan,nan,nan,nan,nan,nan,nan,nan,nan,nan,nan,nan,nan,nan,nan,nan,nan,nan,nan,nan,nan,nan,nan,nan,nan,nan,nan,nan,nan,nan,nan,nan,nan,nan,nan,nan,nan,nan,nan,nan,nan,nan,nan,2.000000,152.370569,-62.325378,-139.040777,10.000000,0.000000,152.844605,-62.325378,-139.040777,-12.028428,10.000000,0.000000,10.048671,inf,0.000000,1.000000,0.000000,0.000000,0.000000,0.000000,0.000000,0.000000,0.000000,0.000000,0.000000,0.000000,16.000000,2.799496,18.116933,nan
11.620,APPROACH,152.619070,57.694984,140.801762,-11.778507,-9.993605,-0.357576,0.998428,-50.811183,-66.811183,29.808507,0.000000,0.000000,0.201572,0.000000,0.000000,0.000000,6.883801,73.990579,18.030000,-9.993605,-0.357576,1.200000,0.000000,0.000000,-177.950805,-50.811183,-66.811183,30.000000,0.000000,0.000000,0.000000,0.000000,0.000000,0.000000,57.694984,140.801762,-11.778507,152.619070,-9.993605,-0.357576,0.998428,10.049719,nan,nan,nan,0,nan,nan,nan,0,nan,nan,nan,nan,nan,nan,nan,nan,nan,nan,nan,nan,nan,nan,nan,nan,nan,nan,nan,nan,nan,nan,nan,nan,nan,nan,nan,nan,nan,nan,nan,nan,nan,nan,nan,nan,nan,nan,nan,nan,nan,nan,nan,nan,nan,nan,nan,nan,nan,nan,2.000000,152.163883,-62.692817,-138.648686,10.000000,-0.000000,152.634636,-62.692817,-138.648686,-11.978507,10.000000,-0.000000,10.049719,inf,0.000000,1.000000,0.000000,0.000000,0.000000,0.000000,0.000000,0.000000,0.000000,0.000000,0.000000,0.000000,16.000000,2.502383,18.157588,nan
11.680,APPROACH,152.407636,57.195425,140.780762,-11.728082,-9.991176,-0.420003,1.008507,-50.811183,-66.811183,29.818082,0.000000,0.000000,0.191493,0.000000,0.000000,0.000000,6.384242,73.969579,18.090000,-9.991176,-0.420003,1.200000,0.000000,0.000000,-177.592850,-50.811183,-66.811183,30.000000,0.000000,0.000000,0.000000,0.000000,0.000000,0.000000,57.195425,140.780762,-11.728082,152.407636,-9.991176,-0.420003,1.008507,10.050726,nan,nan,nan,0,nan,nan,nan,0,nan,nan,nan,nan,nan,nan,nan,nan,nan,nan,nan,nan,nan,nan,nan,nan,nan,nan,nan,nan,nan,nan,nan,nan,nan,nan,nan,nan,nan,nan,nan,nan,nan,nan,nan,nan,nan,nan,nan,nan,nan,nan,nan,nan,nan,nan,nan,nan,nan,nan,2.000000,151.955716,-63.057794,-138.254310,10.000000,0.000000,152.423157,-63.057794,-138.254310,-11.928082,10.000000,0.000000,10.050726,inf,0.000000,1.000000,0.000000,0.000000,0.000000,0.000000,0.000000,0.000000,0.000000,0.000000,0.000000,0.000000,16.000000,2.291074,18.186502,nan
11.720,APPROACH,152.194697,56.696007,140.756641,-11.677178,-9.988357,-0.482414,1.018082,-50.811183,-66.811183,29.827178,0.000000,0.000000,0.181918,0.000000,0.000000,0.000000,5.884824,73.945458,18.150000,-9.988357,-0.482414,1.200000,0.000000,0.000000,-177.234899,-50.811183,-66.811183,30.000000,0.000000,0.000000,0.000000,0.000000,0.000000,0.000000,56.696007,140.756641,-11.677178,152.194697,-9.988357,-0.482414,1.018082,10.051691,nan,nan,nan,0,nan,nan,nan,0,nan,nan,nan,nan,nan,nan,nan,nan,nan,nan,nan,nan,nan,nan,nan,nan,nan,nan,nan,nan,nan,nan,nan,nan,nan,nan,nan,nan,nan,nan,nan,nan,nan,nan,nan,nan,nan,nan,nan,nan,nan,nan,nan,nan,nan,nan,nan,nan,nan,nan,2.000000,151.746069,-63.420293,-137.857665,10.000000,0.000000,152.210173,-63.420293,-137.857665,-11.877178,10.000000,0.000000,10.051691,inf,0.000000,1.000000,0.000000,0.000000,0.000000,0.000000,0.000000,0.000000,0.000000,0.000000,0.000000,0.000000,16.000000,2.190551,18.200257,nan
11.780,APPROACH,151.980258,56.196750,140.729401,-11.625819,-9.985148,-0.544805,1.027178,-50.811183,-66.811183,29.835819,0.000000,0.000000,0.172822,0.000000,0.000000,0.000000,5.385567,73.918218,18.210000,-9.985148,-0.544805,1.200000,0.000000,0.000000,-176.876949,-50.811183,-66.811183,30.000000,0.000000,0.000000,0.000000,0.000000,0.000000,0.000000,56.196750,140.729401,-11.625819,151.980258,-9.985148,-0.544805,1.027178,10.052616,nan,nan,nan,0,nan,nan,nan,0,nan,nan,nan,nan,nan,nan,nan,nan,nan,nan,nan,nan,nan,nan,nan,nan,nan,nan,nan,nan,nan,nan,nan,nan,nan,nan,nan,nan,nan,nan,nan,nan,nan,nan,nan,nan,nan,nan,nan,nan,nan,nan,nan,nan,nan,nan,nan,nan,nan,nan,2.000000,151.534943,-63.780301,-137.458766,10.000000,0.000000,151.995688,-63.780301,-137.458766,-11.825819,10.000000,0.000000,10.052616,inf,0.000000,1.000000,0.000000,0.000000,0.000000,0.000000,0.000000,0.000000,0.000000,0.000000,0.000000,0.000000,16.000000,2.215946,18.196782,nan
11.820,APPROACH,151.764322,55.697672,140.699042,-11.574028,-9.981550,-0.607175,1.035819,-50.811183,-66.811183,29.844028,0.000000,0.000000,0.164181,0.000000,0.000000,0.000000,4.886489,73.887859,18.270000,-9.981550,-0.607175,1.200000,0.000000,0.000000,-176.519002,-50.811183,-66.811183,30.000000,0.000000,0.000000,0.000000,0.000000,0.000000,0.000000,55.697672,140.699042,-11.574028,151.764322,-9.981550,-0.607175,1.035819,10.053503,nan,nan,nan,0,nan,nan,nan,0,nan,nan,nan,nan,nan,nan,nan,nan,nan,nan,nan,nan,nan,nan,nan,nan,nan,nan,nan,nan,nan,nan,nan,nan,nan,nan,nan,nan,nan,nan,nan,nan,nan,nan,nan,nan,nan,nan,nan,nan,nan,nan,nan,nan,nan,nan,nan,nan,nan,nan,2.000000,151.322342,-64.137804,-137.057628,10.000000,0.000000,151.779705,-64.137804,-137.057628,-11.774028,10.000000,0.000000,10.053503,inf,0.000000,1.000000,0.000000,0.000000,0.000000,0.000000,0.000000,0.000000,0.000000,0.000000,0.000000,0.000000,16.000000,2.363203,18.176633,nan
11.880,APPROACH,151.546894,55.198794,140.665566,-11.521826,-9.977562,-0.669521,1.044028,-50.811183,-66.811183,29.851826,0.000000,0.000000,0.155972,0.000000,0.000000,0.000000,4.387611,73.854383,18.330000,-9.977562,-0.669521,1.200000,0.000000,0.000000,-176.161058,-50.811183,-66.811183,30.000000,0.000000,0.000000,0.000000,0.000000,0.000000,0.000000,55.198794,140.665566,-11.521826,151.546894,-9.977562,-0.669521,1.044028,10.054352,nan,nan,nan,0,nan,nan,nan,0,nan,nan,nan,nan,nan,nan,nan,nan,nan,nan,nan,nan,nan,nan,nan,nan,nan,nan,nan,nan,nan,nan,nan,nan,nan,nan,nan,nan,nan,nan,nan,nan,nan,nan,nan,nan,nan,nan,nan,nan,nan,nan,nan,nan,nan,nan,nan,nan,nan,nan,2.000000,151.108267,-64.492788,-136.654267,10.000000,0.000000,151.562230,-64.492788,-136.654267,-11.721826,10.000000,0.000000,10.054352,inf,0.000000,1.000000,0.000000,0.000000,0.000000,0.000000,0.000000,0.000000,0.000000,0.000000,0.000000,0.000000,16.000000,2.611785,18.142618,nan
11.920,APPROACH,151.327977,54.700135,140.628974,-11.469235,-9.973185,-0.731840,1.051826,-50.811183,-66.811183,29.859235,0.000000,0.000000,0.148174,0.000000,0.000000,0.000000,3.888952,73.817791,18.390000,-9.973185,-0.731840,1.200000,0.000000,0.000000,-175.803116,-50.811183,-66.811183,30.000000,0.000000,0.000000,0.000000,0.000000,0.000000,0.000000,54.700135,140.628974,-11.469235,151.327977,-9.973185,-0.731840,1.051826,10.055165,nan,nan,nan,0,nan,nan,nan,0,nan,nan,nan,nan,nan,nan,nan,nan,nan,nan,nan,nan,nan,nan,nan,nan,nan,nan,nan,nan,nan,nan,nan,nan,nan,nan,nan,nan,nan,nan,nan,nan,nan,nan,nan,nan,nan,nan,nan,nan,nan,nan,nan,nan,nan,nan,nan,nan,nan,nan,2.000000,150.892721,-64.845239,-136.248700,10.000000,0.000000,151.343266,-64.845239,-136.248700,-11.669235,10.000000,0.000000,10.055165,inf,0.000000,1.000000,0.000000,0.000000,0.000000,0.000000,0.000000,0.000000,0.000000,0.000000,0.000000,0.000000,16.000000,2.936059,18.098246,nan
11.980,APPROACH,151.107575,54.201714,140.589268,-11.416273,-9.968418,-0.794130,1.059235,-50.811183,-66.811183,29.866273,0.000000,0.000000,0.140765,0.000000,0.000000,0.000000,3.390531,73.778085,18.450000,-9.968418,-0.794130,1.200000,0.000000,0.000000,-175.445176,-50.811183,-66.811183,30.000000,0.000000,0.000000,0.000000,0.000000,0.000000,0.000000,54.201714,140.589268,-11.416273,151.107575,-9.968418,-0.794130,1.059235,10.055942,nan,nan,nan,0,nan,nan,nan,0,nan,nan,nan,nan,nan,nan,nan,nan,nan,nan,nan,nan,nan,nan,nan,nan,nan,nan,nan,nan,nan,nan,nan,nan,nan,nan,nan,nan,nan,nan,nan,nan,nan,nan,nan,nan,nan,nan,nan,nan,nan,nan,nan,nan,nan,nan,nan,nan,nan,nan,2.000000,150.675705,-65.195145,-135.840941,10.000000,0.000000,151.122817,-65.195145,-135.840941,-11.616273,10.000000,0.000000,10.055942,inf,0.000000,1.000000,0.000000,0.000000,0.000000,0.000000,0.000000,0.000000,0.000000,0.000000,0.000000,0.000000,16.000000,3.313869,18.046549,nan
12.020,APPROACH,150.885693,53.703551,140.546449,-11.362960,-9.963262,-0.856388,1.066273,-50.811183,-66.811183,29.872960,0.000000,0.000000,0.133727,0.000000,0.000000,0.000000,2.892368,73.735265,18.510000,-9.963262,-0.856388,1.200000,0.000000,0.000000,-175.087239,-50.811183,-66.811183,30.000000,0.000000,0.000000,0.000000,0.000000,0.000000,0.000000,53.703551,140.546449,-11.362960,150.885693,-9.963262,-0.856388,1.066273,10.056686,nan,nan,nan,0,nan,nan,nan,0,nan,nan,nan,nan,nan,nan,nan,nan,nan,nan,nan,nan,nan,nan,nan,nan,nan,nan,nan,nan,nan,nan,nan,nan,nan,nan,nan,nan,nan,nan,nan,nan,nan,nan,nan,nan,nan,nan,nan,nan,nan,nan,nan,nan,nan,nan,nan,nan,nan,nan,2.000000,150.457222,-65.542491,-135.431006,10.000000,0.000000,150.900887,-65.542491,-135.431006,-11.562960,10.000000,0.000000,10.056686,inf,0.000000,1.000000,0.000000,0.000000,0.000000,0.000000,0.000000,0.000000,0.000000,0.000000,0.000000,0.000000,16.000000,3.728964,17.989750,nan
12.080,APPROACH,150.662334,53.205665,140.500518,-11.309312,-9.957718,-0.918613,1.072960,-50.811183,-66.811183,29.879312,0.000000,0.000000,0.127040,0.000000,0.000000,0.000000,2.394482,73.689335,18.570000,-9.957718,-0.918613,1.200000,0.000000,0.000000,-174.729303,-50.811183,-66.811183,30.000000,0.000000,0.000000,0.000000,0.000000,0.000000,0.000000,53.205665,140.500518,-11.309312,150.662334,-9.957718,-0.918613,1.072960,10.057397,nan,nan,nan,0,nan,nan,nan,0,nan,nan,nan,nan,nan,nan,nan,nan,nan,nan,nan,nan,nan,nan,nan,nan,nan,nan,nan,nan,nan,nan,nan,nan,nan,nan,nan,nan,nan,nan,nan,nan,nan,nan,nan,nan,nan,nan,nan,nan,nan,nan,nan,nan,nan,nan,nan,nan,nan,nan,2.000000,150.237273,-65.887265,-135.018912,10.000000,0.000000,150.677479,-65.887265,-135.018912,-11.509312,10.000000,0.000000,10.057397,inf,0.000000,1.000000,0.000000,0.000000,0.000000,0.000000,0.000000,0.000000,0.000000,0.000000,0.000000,0.000000,16.000000,4.170213,17.929372,nan
12.120,APPROACH,150.437501,52.708076,140.451478,-11.255346,-9.951785,-0.980802,1.079312,-50.811183,-66.811183,29.885346,0.000000,0.000000,0.120688,0.000000,0.000000,0.000000,1.896893,73.640295,18.630000,-9.951785,-0.980802,1.200000,0.000000,0.000000,-174.371370,-50.811183,-66.811183,30.000000,0.000000,0.000000,0.000000,0.000000,0.000000,0.000000,52.708076,140.451478,-11.255346,150.437501,-9.951785,-0.980802,1.079312,10.058077,nan,nan,nan,0,nan,nan,nan,0,nan,nan,nan,nan,nan,nan,nan,nan,nan,nan,nan,nan,nan,nan,nan,nan,nan,nan,nan,nan,nan,nan,nan,nan,nan,nan,nan,nan,nan,nan,nan,nan,nan,nan,nan,nan,nan,nan,nan,nan,nan,nan,nan,nan,nan,nan,nan,nan,nan,nan,2.000000,150.015862,-66.229453,-134.604675,10.000000,0.000000,150.452597,-66.229453,-134.604675,-11.455346,10.000000,0.000000,10.058077,inf,0.000000,1.000000,0.000000,0.000000,0.000000,0.000000,0.000000,0.000000,0.000000,0.000000,0.000000,0.000000,16.000000,4.630130,17.866439,nan
12.180,APPROACH,150.211198,52.210803,140.399330,-11.201079,-9.945464,-1.042952,1.085346,-50.811183,-66.811183,29.891079,0.000000,0.000000,0.114654,0.000000,0.000000,0.000000,1.399619,73.588147,18.690000,-9.945464,-1.042952,1.200000,0.000000,0.000000,-174.013438,-50.811183,-66.811183,30.000000,0.000000,0.000000,0.000000,0.000000,0.000000,0.000000,52.210803,140.399330,-11.201079,150.211198,-9.945464,-1.042952,1.085346,10.058726,nan,nan,nan,0,nan,nan,nan,0,nan,nan,nan,nan,nan,nan,nan,nan,nan,nan,nan,nan,nan,nan,nan,nan,nan,nan,nan,nan,nan,nan,nan,nan,nan,nan,nan,nan,nan,nan,nan,nan,nan,nan,nan,nan,nan,nan,nan,nan,nan,nan,nan,nan,nan,nan,nan,nan,nan,nan,2.000000,149.792990,-66.569041,-134.188310,10.000000,0.000000,150.226244,-66.569041,-134.188310,-11.401079,10.000000,0.000000,10.058726,inf,0.000000,1.000000,0.000000,0.000000,0.000000,0.000000,0.000000,0.000000,0.000000,0.000000,0.000000,0.000000,16.000000,5.103654,17.801645,nan
12.220,APPROACH,149.983428,51.713865,140.344077,-11.146525,-9.938754,-1.105061,1.091079,-50.811183,-66.811183,29.896525,0.000000,0.000000,0.108921,0.000000,0.000000,0.000000,0.902682,73.532894,18.750000,-9.938754,-1.105061,1.200000,0.000000,0.000000,-173.655509,-50.811183,-66.811183,30.000000,0.000000,0.000000,0.000000,0.000000,0.000000,0.000000,51.713865,140.344077,-11.146525,149.983428,-9.938754,-1.105061,1.091079,10.059347,nan,nan,nan,0,nan,nan,nan,0,nan,nan,nan,nan,nan,nan,nan,nan,nan,nan,nan,nan,nan,nan,nan,nan,nan,nan,nan,nan,nan,nan,nan,nan,nan,nan,nan,nan,nan,nan,nan,nan,nan,nan,nan,nan,nan,nan,nan,nan,nan,nan,nan,nan,nan,nan,nan,nan,nan,nan,2.000000,149.568659,-66.906017,-133.769835,10.000000,0.000000,149.998425,-66.906017,-133.769835,-11.346525,10.000000,0.000000,10.059347,inf,0.000000,1.000000,0.000000,0.000000,0.000000,0.000000,0.000000,0.000000,0.000000,0.000000,0.000000,0.000000,16.000000,5.587311,17.735464,nan
12.280,APPROACH,149.754196,51.217282,140.285721,-11.091699,-9.931657,-1.167127,1.096525,-50.811183,-66.811183,29.901699,0.000000,0.000000,0.103475,0.000000,0.000000,0.000000,0.406099,73.474538,18.810000,-9.931657,-1.167127,1.200000,0.000000,0.000000,-173.297582,-50.811183,-66.811183,30.000000,0.000000,0.000000,0.000000,0.000000,0.000000,0.000000,51.217282,140.285721,-11.091699,149.754196,-9.931657,-1.167127,1.096525,10.059939,nan,nan,nan,0,nan,nan,nan,0,nan,nan,nan,nan,nan,nan,nan,nan,nan,nan,nan,nan,nan,nan,nan,nan,nan,nan,nan,nan,nan,nan,nan,nan,nan,nan,nan,nan,nan,nan,nan,nan,nan,nan,nan,nan,nan,nan,nan,nan,nan,nan,nan,nan,nan,nan,nan,nan,nan,nan,2.000000,149.342872,-67.240368,-133.349264,10.000000,0.000000,149.769142,-67.240368,-133.349264,-11.291699,10.000000,0.000000,10.059939,inf,0.000000,1.000000,0.000000,0.000000,0.000000,0.000000,0.000000,0.000000,0.000000,0.000000,0.000000,0.000000,16.000000,6.078666,17.668230,nan
12.320,APPROACH,149.523504,50.721073,140.224263,-11.036614,-9.924172,-1.229146,1.101699,-50.811183,-66.811183,29.906614,0.000000,0.000000,0.098301,0.000000,0.000000,0.000000,-0.090110,73.413080,18.870000,-9.924172,-1.229146,1.200000,0.000000,0.000000,-172.939656,-50.811183,-66.811183,30.000000,0.000000,0.000000,0.000000,0.000000,0.000000,0.000000,50.721073,140.224263,-11.036614,149.523504,-9.924172,-1.229146,1.101699,10.060504,nan,nan,nan,0,nan,nan,nan,0,nan,nan,nan,nan,nan,nan,nan,nan,nan,nan,nan,nan,nan,nan,nan,nan,nan,nan,nan,nan,nan,nan,nan,nan,nan,nan,nan,nan,nan,nan,nan,nan,nan,nan,nan,nan,nan,nan,nan,nan,nan,nan,nan,nan,nan,nan,nan,nan,nan,nan,2.000000,149.115631,-67.572081,-132.926616,10.000000,0.000000,149.538399,-67.572081,-132.926616,-11.236614,10.000000,0.000000,10.060504,inf,0.000000,1.000000,0.000000,0.000000,0.000000,0.000000,0.000000,0.000000,0.000000,0.000000,0.000000,0.000000,16.000000,6.575976,17.600181,nan
12.380,APPROACH,149.291355,50.225258,140.159708,-10.981283,-9.916300,-1.291118,1.106614,-50.811183,-66.811183,29.911283,0.000000,0.000000,0.093386,0.000000,0.000000,0.000000,-0.585925,73.348524,18.930000,-9.916300,-1.291118,1.200000,0.000000,0.000000,-172.581732,-50.811183,-66.811183,30.000000,0.000000,0.000000,0.000000,0.000000,0.000000,0.000000,50.225258,140.159708,-10.981283,149.291355,-9.916300,-1.291118,1.106614,10.061043,nan,nan,nan,0,nan,nan,nan,0,nan,nan,nan,nan,nan,nan,nan,nan,nan,nan,nan,nan,nan,nan,nan,nan,nan,nan,nan,nan,nan,nan,nan,nan,nan,nan,nan,nan,nan,nan,nan,nan,nan,nan,nan,nan,nan,nan,nan,nan,nan,nan,nan,nan,nan,nan,nan,nan,nan,nan,2.000000,148.886938,-67.901144,-132.501905,10.000000,0.000000,149.306200,-67.901144,-132.501905,-11.181283,10.000000,0.000000,10.061043,inf,0.000000,1.000000,0.000000,0.000000,0.000000,0.000000,0.000000,0.000000,0.000000,0.000000,0.000000,0.000000,16.000000,7.077970,17.531491,nan
12.420,APPROACH,149.057754,49.729856,140.092056,-10.925719,-9.908042,-1.353038,1.111283,-50.811183,-66.811183,29.915719,0.000000,0.000000,0.088717,0.000000,0.000000,0.000000,-1.081327,73.280872,18.990000,-9.908042,-1.353038,1.200000,0.000000,0.000000,-172.223810,-50.811183,-66.811183,30.000000,0.000000,0.000000,0.000000,0.000000,0.000000,0.000000,49.729856,140.092056,-10.925719,149.057754,-9.908042,-1.353038,1.111283,10.061558,nan,nan,nan,0,nan,nan,nan,0,nan,nan,nan,nan,nan,nan,nan,nan,nan,nan,nan,nan,nan,nan,nan,nan,nan,nan,nan,nan,nan,nan,nan,nan,nan,nan,nan,nan,nan,nan,nan,nan,nan,nan,nan,nan,nan,nan,nan,nan,nan,nan,nan,nan,nan,nan,nan,nan,nan,nan,2.000000,148.656795,-68.227542,-132.075150,10.000000,0.000000,149.072547,-68.227542,-132.075150,-11.125719,10.000000,0.000000,10.061558,inf,0.000000,1.000000,0.000000,0.000000,0.000000,0.000000,0.000000,0.000000,0.000000,0.000000,0.000000,0.000000,16.000000,7.583699,17.462290,nan
12.480,APPROACH,148.822703,49.234887,140.021310,-10.869933,-9.899396,-1.414906,1.115719,-50.811183,-66.811183,29.919933,0.000000,0.000000,0.084281,0.000000,0.000000,0.000000,-1.576297,73.210127,19.050000,-9.899396,-1.414906,1.200000,0.000000,0.000000,-171.865889,-50.811183,-66.811183,30.000000,0.000000,0.000000,0.000000,0.000000,0.000000,0.000000,49.234887,140.021310,-10.869933,148.822703,-9.899396,-1.414906,1.115719,10.062049,nan,nan,nan,0,nan,nan,nan,0,nan,nan,nan,nan,nan,nan,nan,nan,nan,nan,nan,nan,nan,nan,nan,nan,nan,nan,nan,nan,nan,nan,nan,nan,nan,nan,nan,nan,nan,nan,nan,nan,nan,nan,nan,nan,nan,nan,nan,nan,nan,nan,nan,nan,nan,nan,nan,nan,nan,nan,2.000000,148.425205,-68.551265,-131.646365,10.000000,0.000000,148.837444,-68.551265,-131.646365,-11.069933,10.000000,0.000000,10.062049,inf,0.000000,1.000000,0.000000,0.000000,0.000000,0.000000,0.000000,0.000000,0.000000,0.000000,0.000000,0.000000,16.000000,8.092446,17.392676,nan
12.520,APPROACH,148.586205,48.740368,139.947474,-10.813936,-9.890364,-1.476718,1.119933,-50.811183,-66.811183,29.923936,0.000000,0.000000,0.080067,0.000000,0.000000,0.000000,-2.070815,73.136291,19.110000,-9.890364,-1.476718,1.200000,0.000000,0.000000,-171.507970,-50.811183,-66.811183,30.000000,0.000000,0.000000,0.000000,0.000000,0.000000,0.000000,48.740368,139.947474,-10.813936,148.586205,-9.890364,-1.476718,1.119933,10.062517,nan,nan,nan,0,nan,nan,nan,0,nan,nan,nan,nan,nan,nan,nan,nan,nan,nan,nan,nan,nan,nan,nan,nan,nan,nan,nan,nan,nan,nan,nan,nan,nan,nan,nan,nan,nan,nan,nan,nan,nan,nan,nan,nan,nan,nan,nan,nan,nan,nan,nan,nan,nan,nan,nan,nan,nan,nan,2.000000,148.192170,-68.872298,-131.215569,10.000000,0.000000,148.600895,-68.872298,-131.215569,-11.013936,10.000000,0.000000,10.062517,inf,0.000000,1.000000,0.000000,0.000000,0.000000,0.000000,0.000000,0.000000,0.000000,0.000000,0.000000,0.000000,15.000000,3.163193,17.064812,nan
12.580,APPROACH,148.348264,48.246321,139.870551,-10.757739,-9.880946,-1.538473,1.123936,-50.811183,-66.811183,29.927739,0.000000,0.000000,0.076064,0.000000,0.000000,0.000000,-2.564862,73.059368,19.170000,-9.880946,-1.538473,1.200000,0.000000,0.000000,-171.150053,-50.811183,-66.811183,30.000000,0.000000,0.000000,0.000000,0.000000,0.000000,0.000000,48.246321,139.870551,-10.757739,148.348264,-9.880946,-1.538473,1.123936,10.062963,nan,nan,nan,0,nan,nan,nan,0,nan,nan,nan,nan,nan,nan,nan,nan,nan,nan,nan,nan,nan,nan,nan,nan,nan,nan,nan,nan,nan,nan,nan,nan,nan,nan,nan,nan,nan,nan,nan,nan,nan,nan,nan,nan,nan,nan,nan,nan,nan,nan,nan,nan,nan,nan,nan,nan,nan,nan,2.000000,147.957691,-69.190631,-130.782778,10.000000,0.000000,148.362901,-69.190631,-130.782778,-10.957739,10.000000,0.000000,10.062963,inf,0.000000,1.000000,0.000000,0.000000,0.000000,0.000000,0.000000,0.000000,0.000000,0.000000,0.000000,0.000000,15.000000,2.803754,17.114263,nan
12.620,APPROACH,148.108883,47.752764,139.790542,-10.701352,-9.871143,-1.600166,1.127739,-50.811183,-66.811183,29.931352,0.000000,0.000000,0.072261,0.000000,0.000000,0.000000,-3.058419,72.979359,19.230000,-9.871143,-1.600166,1.200000,0.000000,0.000000,-170.792137,-50.811183,-66.811183,30.000000,0.000000,0.000000,0.000000,0.000000,0.000000,0.000000,47.752764,139.790542,-10.701352,148.108883,-9.871143,-1.600166,1.127739,10.063389,nan,nan,nan,0,nan,nan,nan,0,nan,nan,nan,nan,nan,nan,nan,nan,nan,nan,nan,nan,nan,nan,nan,nan,nan,nan,nan,nan,nan,nan,nan,nan,nan,nan,nan,nan,nan,nan,nan,nan,nan,nan,nan,nan,nan,nan,nan,nan,nan,nan,nan,nan,nan,nan,nan,nan,nan,nan,2.000000,147.721773,-69.506251,-130.348008,10.000000,0.000000,148.123468,-69.506251,-130.348008,-10.901352,10.000000,0.000000,10.063389,inf,0.000000,1.000000,0.000000,0.000000,0.000000,0.000000,0.000000,0.000000,0.000000,0.000000,0.000000,0.000000,15.000000,2.505708,17.155268,nan
12.680,APPROACH,147.868065,47.259716,139.707453,-10.644785,-9.860955,-1.661798,1.131352,-50.811183,-66.811183,29.934785,0.000000,0.000000,0.068648,0.000000,0.000000,0.000000,-3.551467,72.896269,19.290000,-9.860955,-1.661798,1.200000,0.000000,0.000000,-170.434223,-50.811183,-66.811183,30.000000,0.000000,0.000000,0.000000,0.000000,0.000000,0.000000,47.259716,139.707453,-10.644785,147.868065,-9.860955,-1.661798,1.131352,10.063794,nan,nan,nan,0,nan,nan,nan,0,nan,nan,nan,nan,nan,nan,nan,nan,nan,nan,nan,nan,nan,nan,nan,nan,nan,nan,nan,nan,nan,nan,nan,nan,nan,nan,nan,nan,nan,nan,nan,nan,nan,nan,nan,nan,nan,nan,nan,nan,nan,nan,nan,nan,nan,nan,nan,nan,nan,nan,2.000000,147.484416,-69.819145,-129.911278,10.000000,0.000000,147.882597,-69.819145,-129.911278,-10.844785,10.000000,0.000000,10.063794,inf,0.000000,1.000000,0.000000,0.000000,0.000000,0.000000,0.000000,0.000000,0.000000,0.000000,0.000000,0.000000,15.000000,2.293133,17.184514,nan
12.720,APPROACH,147.625812,46.767197,139.621284,-10.588046,-9.850382,-1.723364,1.134785,-50.811183,-66.811183,29.938046,0.000000,0.000000,0.065215,0.000000,0.000000,0.000000,-4.043986,72.810101,19.350000,-9.850382,-1.723364,1.200000,0.000000,0.000000,-170.076310,-50.811183,-66.811183,30.000000,0.000000,0.000000,0.000000,0.000000,0.000000,0.000000,46.767197,139.621284,-10.588046,147.625812,-9.850382,-1.723364,1.134785,10.064181,nan,nan,nan,0,nan,nan,nan,0,nan,nan,nan,nan,nan,nan,nan,nan,nan,nan,nan,nan,nan,nan,nan,nan,nan,nan,nan,nan,nan,nan,nan,nan,nan,nan,nan,nan,nan,nan,nan,nan,nan,nan,nan,nan,nan,nan,nan,nan,nan,nan,nan,nan,nan,nan,nan,nan,nan,nan,2.000000,147.245624,-70.129302,-129.472602,10.000000,0.000000,147.640292,-70.129302,-129.472602,-10.788046,10.000000,0.000000,10.064181,inf,0.000000,1.000000,0.000000,0.000000,0.000000,0.000000,0.000000,0.000000,0.000000,0.000000,0.000000,0.000000,15.000000,2.191058,17.198557,nan
12.780,APPROACH,147.382129,46.275226,139.532041,-10.531143,-9.839424,-1.784863,1.138046,-50.811183,-66.811183,29.941143,0.000000,0.000000,0.061954,0.000000,0.000000,0.000000,-4.535957,72.720858,19.410000,-9.839424,-1.784863,1.200000,0.000000,0.000000,-169.718399,-50.811183,-66.811183,30.000000,0.000000,0.000000,0.000000,0.000000,0.000000,0.000000,46.275226,139.532041,-10.531143,147.382129,-9.839424,-1.784863,1.138046,10.064549,nan,nan,nan,0,nan,nan,nan,0,nan,nan,nan,nan,nan,nan,nan,nan,nan,nan,nan,nan,nan,nan,nan,nan,nan,nan,nan,nan,nan,nan,nan,nan,nan,nan,nan,nan,nan,nan,nan,nan,nan,nan,nan,nan,nan,nan,nan,nan,nan,nan,nan,nan,nan,nan,nan,nan,nan,nan,2.000000,147.005398,-70.436709,-129.032000,10.000000,0.000000,147.396555,-70.436709,-129.032000,-10.731143,10.000000,0.000000,10.064549,inf,0.000000,1.000000,0.000000,0.000000,0.000000,0.000000,0.000000,0.000000,0.000000,0.000000,0.000000,0.000000,15.000000,2.214817,17.195288,nan
12.820,APPROACH,147.137018,45.783822,139.439727,-10.474086,-9.828083,-1.846291,1.141143,-50.811183,-66.811183,29.944086,0.000000,0.000000,0.058857,0.000000,0.000000,0.000000,-5.027361,72.628544,19.470000,-9.828083,-1.846291,1.200000,0.000000,0.000000,-169.360489,-50.811183,-66.811183,30.000000,0.000000,0.000000,0.000000,0.000000,0.000000,0.000000,45.783822,139.439727,-10.474086,147.137018,-9.828083,-1.846291,1.141143,10.064900,nan,nan,nan,0,nan,nan,nan,0,nan,nan,nan,nan,nan,nan,nan,nan,nan,nan,nan,nan,nan,nan,nan,nan,nan,nan,nan,nan,nan,nan,nan,nan,nan,nan,nan,nan,nan,nan,nan,nan,nan,nan,nan,nan,nan,nan,nan,nan,nan,nan,nan,nan,nan,nan,nan,nan,nan,nan,2.000000,146.763741,-70.741355,-128.589488,10.000000,0.000000,147.151391,-70.741355,-128.589488,-10.674086,10.000000,0.000000,10.064900,inf,0.000000,1.000000,0.000000,0.000000,0.000000,0.000000,0.000000,0.000000,0.000000,0.000000,0.000000,0.000000,15.000000,2.360614,17.175230,nan
12.880,APPROACH,146.890483,45.293004,139.344344,-10.416882,-9.816358,-1.907648,1.144086,-50.811183,-66.811183,29.946882,0.000000,0.000000,0.055914,0.000000,0.000000,0.000000,-5.518179,72.533161,19.530000,-9.816358,-1.907648,1.200000,0.000000,0.000000,-169.002580,-50.811183,-66.811183,30.000000,0.000000,0.000000,0.000000,0.000000,0.000000,0.000000,45.293004,139.344344,-10.416882,146.890483,-9.816358,-1.907648,1.144086,10.065234,nan,nan,nan,0,nan,nan,nan,0,nan,nan,nan,nan,nan,nan,nan,nan,nan,nan,nan,nan,nan,nan,nan,nan,nan,nan,nan,nan,nan,nan,nan,nan,nan,nan,nan,nan,nan,nan,nan,nan,nan,nan,nan,nan,nan,nan,nan,nan,nan,nan,nan,nan,nan,nan,nan,nan,nan,nan,2.000000,146.520655,-71.043228,-128.145083,10.000000,0.000000,146.904801,-71.043228,-128.145083,-10.616882,10.000000,0.000000,10.065234,inf,0.000000,1.000000,0.000000,0.000000,0.000000,0.000000,0.000000,0.000000,0.000000,0.000000,0.000000,0.000000,15.000000,2.608057,17.141187,nan
12.920,APPROACH,146.642525,44.802791,139.245898,-10.359538,-9.804250,-1.968930,1.146882,-50.811183,-66.811183,29.949538,0.000000,0.000000,0.053118,0.000000,0.000000,0.000000,-6.008392,72.434715,19.590000,-9.804250,-1.968930,1.200000,0.000000,0.000000,-168.644672,-50.811183,-66.811183,30.000000,0.000000,0.000000,0.000000,0.000000,0.000000,0.000000,44.802791,139.245898,-10.359538,146.642525,-9.804250,-1.968930,1.146882,10.065552,nan,nan,nan,0,nan,nan,nan,0,nan,nan,nan,nan,nan,nan,nan,nan,nan,nan,nan,nan,nan,nan,nan,nan,nan,nan,nan,nan,nan,nan,nan,nan,nan,nan,nan,nan,nan,nan,nan,nan,nan,nan,nan,nan,nan,nan,nan,nan,nan,nan,nan,nan,nan,nan,nan,nan,nan,nan,2.000000,146.276144,-71.342316,-127.698802,10.000000,0.000000,146.656790,-71.342316,-127.698802,-10.559538,10.000000,0.000000,10.065552,inf,0.000000,1.000000,0.000000,0.000000,0.000000,0.000000,0.000000,0.000000,0.000000,0.000000,0.000000,0.000000,15.000000,2.931509,17.096687,nan
12.980,APPROACH,146.393149,44.313203,139.144391,-10.302061,-9.791759,-2.030135,1.149538,-50.811183,-66.811183,29.952061,0.000000,0.000000,0.050462,0.000000,0.000000,0.000000,-6.497980,72.333208,19.650000,-9.791759,-2.030135,1.200000,0.000000,0.000000,-168.286766,-50.811183,-66.811183,30.000000,0.000000,0.000000,0.000000,0.000000,0.000000,0.000000,44.313203,139.144391,-10.302061,146.393149,-9.791759,-2.030135,1.149538,10.065855,nan,nan,nan,0,nan,nan,nan,0,nan,nan,nan,nan,nan,nan,nan,nan,nan,nan,nan,nan,nan,nan,nan,nan,nan,nan,nan,nan,nan,nan,nan,nan,nan,nan,nan,nan,nan,nan,nan,nan,nan,nan,nan,nan,nan,nan,nan,nan,nan,nan,nan,nan,nan,nan,nan,nan,nan,nan,2.000000,146.030208,-71.638608,-127.250664,10.000000,0.000000,146.407359,-71.638608,-127.250664,-10.502061,10.000000,0.000000,10.065855,inf,0.000000,1.000000,0.000000,0.000000,0.000000,0.000000,0.000000,0.000000,0.000000,0.000000,0.000000,0.000000,15.000000,3.308745,17.044787,nan
13.020,APPROACH,146.142357,43.824259,139.039828,-10.244458,-9.778887,-2.091260,1.152061,-50.811183,-66.811183,29.954458,0.000000,0.000000,0.047939,0.000000,0.000000,0.000000,-6.986924,72.228645,19.710000,-9.778887,-2.091260,1.200000,0.000000,0.000000,-167.928861,-50.811183,-66.811183,30.000000,0.000000,0.000000,0.000000,0.000000,0.000000,0.000000,43.824259,139.039828,-10.244458,146.142357,-9.778887,-2.091260,1.152061,10.066143,nan,nan,nan,0,nan,nan,nan,0,nan,nan,nan,nan,nan,nan,nan,nan,nan,nan,nan,nan,nan,nan,nan,nan,nan,nan,nan,nan,nan,nan,nan,nan,nan,nan,nan,nan,nan,nan,nan,nan,nan,nan,nan,nan,nan,nan,nan,nan,nan,nan,nan,nan,nan,nan,nan,nan,nan,nan,2.000000,145.782850,-71.932092,-126.800685,10.000000,0.000000,146.156513,-71.932092,-126.800685,-10.444458,10.000000,0.000000,10.066143,inf,0.000000,1.000000,0.000000,0.000000,0.000000,0.000000,0.000000,0.000000,0.000000,0.000000,0.000000,0.000000,15.000000,3.723439,16.987734,nan
13.080,APPROACH,145.890151,43.335977,138.932213,-10.186735,-9.765633,-2.152304,1.154458,-50.811183,-66.811183,29.956735,0.000000,0.000000,0.045542,0.000000,0.000000,0.000000,-7.475206,72.121030,19.770000,-9.765633,-2.152304,1.200000,0.000000,0.000000,-167.570957,-50.811183,-66.811183,30.000000,0.000000,0.000000,0.000000,0.000000,0.000000,0.000000,43.335977,138.932213,-10.186735,145.890151,-9.765633,-2.152304,1.154458,10.066418,nan,nan,nan,0,nan,nan,nan,0,nan,nan,nan,nan,nan,nan,nan,nan,nan,nan,nan,nan,nan,nan,nan,nan,nan,nan,nan,nan,nan,nan,nan,nan,nan,nan,nan,nan,nan,nan,nan,nan,nan,nan,nan,nan,nan,nan,nan,nan,nan,nan,nan,nan,nan,nan,nan,nan,nan,nan,2.000000,145.534074,-72.222757,-126.348883,10.000000,0.000000,145.904253,-72.222757,-126.348883,-10.386735,10.000000,0.000000,10.066418,inf,0.000000,1.000000,0.000000,0.000000,0.000000,0.000000,0.000000,0.000000,0.000000,0.000000,0.000000,0.000000,15.000000,4.164404,16.927067,nan
13.120,APPROACH,145.636536,42.848377,138.821550,-10.128898,-9.751998,-2.213263,1.156735,-50.811183,-66.811183,29.958898,0.000000,0.000000,0.043265,0.000000,0.000000,0.000000,-7.962806,72.010367,19.830000,-9.751998,-2.213263,1.200000,0.000000,0.000000,-167.213054,-50.811183,-66.811183,30.000000,0.000000,0.000000,0.000000,0.000000,0.000000,0.000000,42.848377,138.821550,-10.128898,145.636536,-9.751998,-2.213263,1.156735,10.066679,nan,nan,nan,0,nan,nan,nan,0,nan,nan,nan,nan,nan,nan,nan,nan,nan,nan,nan,nan,nan,nan,nan,nan,nan,nan,nan,nan,nan,nan,nan,nan,nan,nan,nan,nan,nan,nan,nan,nan,nan,nan,nan,nan,nan,nan,nan,nan,nan,nan,nan,nan,nan,nan,nan,nan,nan,nan,2.000000,145.283881,-72.510591,-125.895275,10.000000,0.000000,145.650583,-72.510591,-125.895275,-10.328898,10.000000,0.000000,10.066679,inf,0.000000,1.000000,0.000000,0.000000,0.000000,0.000000,0.000000,0.000000,0.000000,0.000000,0.000000,0.000000,15.000000,4.624115,16.863821,nan
13.180,APPROACH,145.381514,42.361478,138.707843,-10.070953,-9.737983,-2.274136,1.158898,-50.811183,-66.811183,29.960953,0.000000,0.000000,0.041102,0.000000,0.000000,0.000000,-8.449705,71.896660,19.890000,-9.737983,-2.274136,1.200000,0.000000,0.000000,-166.855153,-50.811183,-66.811183,30.000000,0.000000,0.000000,0.000000,0.000000,0.000000,0.000000,42.361478,138.707843,-10.070953,145.381514,-9.737983,-2.274136,1.158898,10.066928,nan,nan,nan,0,nan,nan,nan,0,nan,nan,nan,nan,nan,nan,nan,nan,nan,nan,nan,nan,nan,nan,nan,nan,nan,nan,nan,nan,nan,nan,nan,nan,nan,nan,nan,nan,nan,nan,nan,nan,nan,nan,nan,nan,nan,nan,nan,nan,nan,nan,nan,nan,nan,nan,nan,nan,nan,nan,2.000000,145.032274,-72.795584,-125.439880,10.000000,0.000000,145.395505,-72.795584,-125.439880,-10.270953,10.000000,0.000000,10.066928,inf,0.000000,1.000000,0.000000,0.000000,0.000000,0.000000,0.000000,0.000000,0.000000,0.000000,0.000000,0.000000,15.000000,5.097487,16.798695,nan
13.220,APPROACH,145.125088,41.875299,138.591097,-10.012906,-9.723587,-2.334920,1.160953,-50.811183,-66.811183,29.962906,0.000000,0.000000,0.039047,0.000000,0.000000,0.000000,-8.935884,71.779914,19.950000,-9.723587,-2.334920,1.200000,0.000000,0.000000,-166.497252,-50.811183,-66.811183,30.000000,0.000000,0.000000,0.000000,0.000000,0.000000,0.000000,41.875299,138.591097,-10.012906,145.125088,-9.723587,-2.334920,1.160953,10.067165,nan,nan,nan,0,nan,nan,nan,0,nan,nan,nan,nan,nan,nan,nan,nan,nan,nan,nan,nan,nan,nan,nan,nan,nan,nan,nan,nan,nan,nan,nan,nan,nan,nan,nan,nan,nan,nan,nan,nan,nan,nan,nan,nan,nan,nan,nan,nan,nan,nan,nan,nan,nan,nan,nan,nan,nan,nan,2.000000,144.779255,-73.077725,-124.982715,10.000000,0.000000,145.139024,-73.077725,-124.982715,-10.212906,10.000000,0.000000,10.067165,inf,0.000000,1.000000,0.000000,0.000000,0.000000,0.000000,0.000000,0.000000,0.000000,0.000000,0.000000,0.000000,15.000000,5.581029,16.732170,nan
13.280,APPROACH,144.867260,41.389858,138.471316,-9.954760,-9.708812,-2.395613,1.162906,-50.811183,-66.811183,29.964760,0.000000,0.000000,0.037094,0.000000,0.000000,0.000000,-9.421325,71.660133,20.010000,-9.708812,-2.395613,1.200000,0.000000,0.000000,-166.139352,-50.811183,-66.811183,30.000000,0.000000,0.000000,0.000000,0.000000,0.000000,0.000000,41.389858,138.471316,-9.954760,144.867260,-9.708812,-2.395613,1.162906,10.067390,nan,nan,nan,0,nan,nan,nan,0,nan,nan,nan,nan,nan,nan,nan,nan,nan,nan,nan,nan,nan,nan,nan,nan,nan,nan,nan,nan,nan,nan,nan,nan,nan,nan,nan,nan,nan,nan,nan,nan,nan,nan,nan,nan,nan,nan,nan,nan,nan,nan,nan,nan,nan,nan,nan,nan,nan,nan,2.000000,144.524828,-73.357002,-124.523797,10.000000,0.000000,144.881141,-73.357002,-124.523797,-10.154760,10.000000,0.000000,10.067390,inf,0.000000,1.000000,0.000000,0.000000,0.000000,0.000000,0.000000,0.000000,0.000000,0.000000,0.000000,0.000000,15.000000,6.072296,16.664582,nan
13.320,APPROACH,144.608034,40.905175,138.348506,-9.896522,-9.693659,-2.456212,1.164760,-50.811183,-66.811183,29.966522,0.000000,0.000000,0.035240,0.000000,0.000000,0.000000,-9.906008,71.537323,20.070000,-9.693659,-2.456212,1.200000,0.000000,0.000000,-165.781454,-50.811183,-66.811183,30.000000,0.000000,0.000000,0.000000,0.000000,0.000000,0.000000,40.905175,138.348506,-9.896522,144.608034,-9.693659,-2.456212,1.164760,10.067605,nan,nan,nan,0,nan,nan,nan,0,nan,nan,nan,nan,nan,nan,nan,nan,nan,nan,nan,nan,nan,nan,nan,nan,nan,nan,nan,nan,nan,nan,nan,nan,nan,nan,nan,nan,nan,nan,nan,nan,nan,nan,nan,nan,nan,nan,nan,nan,nan,nan,nan,nan,nan,nan,nan,nan,nan,nan,2.000000,144.268993,-73.633404,-124.063146,10.000000,0.000000,144.621859,-73.633404,-124.063146,-10.096522,10.000000,0.000000,10.067605,inf,0.000000,1.000000,0.000000,0.000000,0.000000,0.000000,0.000000,0.000000,0.000000,0.000000,0.000000,0.000000,15.000000,6.569537,16.596172,nan
13.380,APPROACH,144.347413,40.421269,138.222670,-9.838196,-9.678127,-2.516715,1.166522,-50.811183,-66.811183,29.968196,0.000000,0.000000,0.033478,0.000000,0.000000,0.000000,-10.389914,71.411487,20.130000,-9.678127,-2.516715,1.200000,0.000000,0.000000,-165.423556,-50.811183,-66.811183,30.000000,0.000000,0.000000,0.000000,0.000000,0.000000,0.000000,40.421269,138.222670,-9.838196,144.347413,-9.678127,-2.516715,1.166522,10.067809,nan,nan,nan,0,nan,nan,nan,0,nan,nan,nan,nan,nan,nan,nan,nan,nan,nan,nan,nan,nan,nan,nan,nan,nan,nan,nan,nan,nan,nan,nan,nan,nan,nan,nan,nan,nan,nan,nan,nan,nan,nan,nan,nan,nan,nan,nan,nan,nan,nan,nan,nan,nan,nan,nan,nan,nan,nan,2.000000,144.011755,-73.906922,-123.600778,10.000000,0.000000,144.361182,-73.906922,-123.600778,-10.038196,10.000000,0.000000,10.067809,inf,0.000000,1.000000,0.000000,0.000000,0.000000,0.000000,0.000000,0.000000,0.000000,0.000000,0.000000,0.000000,15.000000,7.071476,16.527116,nan
13.420,APPROACH,144.085399,39.938158,138.093814,-9.779786,-9.662218,-2.577119,1.168196,-50.811183,-66.811183,29.969786,0.000000,0.000000,0.031804,0.000000,0.000000,0.000000,-10.873025,71.282631,20.190000,-9.662218,-2.577119,1.200000,0.000000,0.000000,-165.065659,-50.811183,-66.811183,30.000000,0.000000,0.000000,0.000000,0.000000,0.000000,0.000000,39.938158,138.093814,-9.779786,144.085399,-9.662218,-2.577119,1.168196,10.068003,nan,nan,nan,0,nan,nan,nan,0,nan,nan,nan,nan,nan,nan,nan,nan,nan,nan,nan,nan,nan,nan,nan,nan,nan,nan,nan,nan,nan,nan,nan,nan,nan,nan,nan,nan,nan,nan,nan,nan,nan,nan,nan,nan,nan,nan,nan,nan,nan,nan,nan,nan,nan,nan,nan,nan,nan,nan,2.000000,143.753115,-74.177545,-123.136712,10.000000,0.000000,144.099112,-74.177545,-123.136712,-9.979786,10.000000,0.000000,10.068003,inf,0.000000,1.000000,0.000000,0.000000,0.000000,0.000000,0.000000,0.000000,0.000000,0.000000,0.000000,0.000000,15.000000,7.577161,16.457545,nan
13.480,APPROACH,143.821995,39.455862,137.961943,-9.721297,-9.645932,-2.637423,1.169786,-50.811183,-66.811183,29.971297,0.000000,0.000000,0.030214,0.000000,0.000000,0.000000,-11.355322,71.150760,20.250000,-9.645932,-2.637423,1.200000,0.000000,0.000000,-164.707764,-50.811183,-66.811183,30.000000,0.000000,0.000000,0.000000,0.000000,0.000000,0.000000,39.455862,137.961943,-9.721297,143.821995,-9.645932,-2.637423,1.169786,10.068188,nan,nan,nan,0,nan,nan,nan,0,nan,nan,nan,nan,nan,nan,nan,nan,nan,nan,nan,nan,nan,nan,nan,nan,nan,nan,nan,nan,nan,nan,nan,nan,nan,nan,nan,nan,nan,nan,nan,nan,nan,nan,nan,nan,nan,nan,nan,nan,nan,nan,nan,nan,nan,nan,nan,nan,nan,nan,2.000000,143.493075,-74.445261,-122.670965,10.000000,-0.000000,143.835652,-74.445261,-122.670965,-9.921297,10.000000,-0.000000,10.068188,inf,0.000000,1.000000,0.000000,0.000000,0.000000,0.000000,0.000000,0.000000,0.000000,0.000000,0.000000,0.000000,15.000000,8.085871,16.387557,nan
13.520,APPROACH,143.557205,38.974398,137.827062,-9.662732,-9.629269,-2.697624,1.171297,-50.811183,-66.811183,29.972732,0.000000,0.000000,0.028703,0.000000,0.000000,0.000000,-11.836785,71.015878,20.310000,-9.629269,-2.697624,1.200000,0.000000,0.000000,-164.349869,-50.811183,-66.811183,30.000000,0.000000,0.000000,0.000000,0.000000,0.000000,0.000000,38.974398,137.827062,-9.662732,143.557205,-9.629269,-2.697624,1.171297,10.068363,nan,nan,nan,0,nan,nan,nan,0,nan,nan,nan,nan,nan,nan,nan,nan,nan,nan,nan,nan,nan,nan,nan,nan,nan,nan,nan,nan,nan,nan,nan,nan,nan,nan,nan,nan,nan,nan,nan,nan,nan,nan,nan,nan,nan,nan,nan,nan,nan,nan,nan,nan,nan,nan,nan,nan,nan,nan,2.000000,143.231640,-74.710061,-122.203557,10.000000,0.000000,143.570805,-74.710061,-122.203557,-9.862732,10.000000,0.000000,10.068363,inf,0.000000,1.000000,0.000000,0.000000,0.000000,0.000000,0.000000,0.000000,0.000000,0.000000,0.000000,0.000000,14.000000,3.168140,16.061457,nan
13.580,APPROACH,143.291030,38.493787,137.689176,-9.604096,-9.612231,-2.757720,1.172732,-50.811183,-66.811183,29.974096,0.000000,0.000000,0.027268,0.000000,0.000000,0.000000,-12.317397,70.877992,20.370000,-9.612231,-2.757720,1.200000,0.000000,0.000000,-163.991975,-50.811183,-66.811183,30.000000,0.000000,0.000000,0.000000,0.000000,0.000000,0.000000,38.493787,137.689176,-9.604096,143.291030,-9.612231,-2.757720,1.172732,10.068530,nan,nan,nan,0,nan,nan,nan,0,nan,nan,nan,nan,nan,nan,nan,nan,nan,nan,nan,nan,nan,nan,nan,nan,nan,nan,nan,nan,nan,nan,nan,nan,nan,nan,nan,nan,nan,nan,nan,nan,nan,nan,nan,nan,nan,nan,nan,nan,nan,nan,nan,nan,nan,nan,nan,nan,nan,nan,2.000000,142.968810,-74.971935,-121.734505,10.000000,0.000000,143.304574,-74.971935,-121.734505,-9.804096,10.000000,0.000000,10.068530,inf,0.000000,1.000000,0.000000,0.000000,0.000000,0.000000,0.000000,0.000000,0.000000,0.000000,0.000000,0.000000,14.000000,2.808045,16.111302,nan
13.620,APPROACH,143.023475,38.014046,137.548290,-9.545391,-9.594818,-2.817708,1.174096,-50.811183,-66.811183,29.975391,0.000000,0.000000,0.025904,0.000000,0.000000,0.000000,-12.797138,70.737107,20.430000,-9.594818,-2.817708,1.200000,0.000000,0.000000,-163.634081,-50.811183,-66.811183,30.000000,0.000000,0.000000,0.000000,0.000000,0.000000,0.000000,38.014046,137.548290,-9.545391,143.023475,-9.594818,-2.817708,1.174096,10.068689,nan,nan,nan,0,nan,nan,nan,0,nan,nan,nan,nan,nan,nan,nan,nan,nan,nan,nan,nan,nan,nan,nan,nan,nan,nan,nan,nan,nan,nan,nan,nan,nan,nan,nan,nan,nan,nan,nan,nan,nan,nan,nan,nan,nan,nan,nan,nan,nan,nan,nan,nan,nan,nan,nan,nan,nan,nan,2.000000,142.704589,-75.230871,-121.263827,10.000000,0.000000,143.036962,-75.230871,-121.263827,-9.745391,10.000000,0.000000,10.068689,inf,0.000000,1.000000,0.000000,0.000000,0.000000,0.000000,0.000000,0.000000,0.000000,0.000000,0.000000,0.000000,14.000000,2.509065,16.152688,nan
13.680,APPROACH,142.754541,37.535194,137.404411,-9.486621,-9.577030,-2.877585,1.175391,-50.811183,-66.811183,29.976621,0.000000,0.000000,0.024609,0.000000,0.000000,0.000000,-13.275989,70.593228,20.490000,-9.577030,-2.877585,1.200000,0.000000,0.000000,-163.276189,-50.811183,-66.811183,30.000000,0.000000,0.000000,0.000000,0.000000,0.000000,0.000000,37.535194,137.404411,-9.486621,142.754541,-9.577030,-2.877585,1.175391,10.068840,nan,nan,nan,0,nan,nan,nan,0,nan,nan,nan,nan,nan,nan,nan,nan,nan,nan,nan,nan,nan,nan,nan,nan,nan,nan,nan,nan,nan,nan,nan,nan,nan,nan,nan,nan,nan,nan,nan,nan,nan,nan,nan,nan,nan,nan,nan,nan,nan,nan,nan,nan,nan,nan,nan,nan,nan,nan,2.000000,142.438980,-75.486861,-120.791542,10.000000,0.000000,142.767971,-75.486861,-120.791542,-9.686621,10.000000,0.000000,10.068840,inf,0.000000,1.000000,0.000000,0.000000,0.000000,0.000000,0.000000,0.000000,0.000000,0.000000,0.000000,0.000000,14.000000,2.295221,16.182289,nan
13.720,APPROACH,142.484232,37.057251,137.257543,-9.427790,-9.558869,-2.937351,1.176621,-50.811183,-66.811183,29.977790,0.000000,0.000000,0.023379,0.000000,0.000000,0.000000,-13.753932,70.446360,20.550000,-9.558869,-2.937351,1.200000,0.000000,0.000000,-162.918297,-50.811183,-66.811183,30.000000,0.000000,0.000000,0.000000,0.000000,0.000000,0.000000,37.057251,137.257543,-9.427790,142.484232,-9.558869,-2.937351,1.176621,10.068984,nan,nan,nan,0,nan,nan,nan,0,nan,nan,nan,nan,nan,nan,nan,nan,nan,nan,nan,nan,nan,nan,nan,nan,nan,nan,nan,nan,nan,nan,nan,nan,nan,nan,nan,nan,nan,nan,nan,nan,nan,nan,nan,nan,nan,nan,nan,nan,nan,nan,nan,nan,nan,nan,nan,nan,nan,nan,2.000000,142.171984,-75.739894,-120.317669,10.000000,0.000000,142.497605,-75.739894,-120.317669,-9.627790,10.000000,0.000000,10.068984,inf,0.000000,1.000000,0.000000,0.000000,0.000000,0.000000,0.000000,0.000000,0.000000,0.000000,0.000000,0.000000,14.000000,2.191588,16.196634,nan
13.780,APPROACH,142.212550,36.580234,137.107693,-9.368901,-9.540335,-2.997001,1.177790,-50.811183,-66.811183,29.978901,0.000000,0.000000,0.022210,0.000000,0.000000,0.000000,-14.230949,70.296510,20.610000,-9.540335,-2.997001,1.200000,0.000000,0.000000,-162.560407,-50.811183,-66.811183,30.000000,0.000000,0.000000,0.000000,0.000000,0.000000,0.000000,36.580234,137.107693,-9.368901,142.212550,-9.540335,-2.997001,1.177790,10.069121,nan,nan,nan,0,nan,nan,nan,0,nan,nan,nan,nan,nan,nan,nan,nan,nan,nan,nan,nan,nan,nan,nan,nan,nan,nan,nan,nan,nan,nan,nan,nan,nan,nan,nan,nan,nan,nan,nan,nan,nan,nan,nan,nan,nan,nan,nan,nan,nan,nan,nan,nan,nan,nan,nan,nan,nan,nan,2.000000,141.903605,-75.989961,-119.842225,10.000000,0.000000,142.225866,-75.989961,-119.842225,-9.568901,10.000000,0.000000,10.069121,inf,0.000000,1.000000,0.000000,0.000000,0.000000,0.000000,0.000000,0.000000,0.000000,0.000000,0.000000,0.000000,14.000000,2.213703,16.193573,nan
13.820,APPROACH,141.939499,36.104163,136.954867,-9.309956,-9.521428,-3.056535,1.178901,-50.811183,-66.811183,29.979956,0.000000,0.000000,0.021099,0.000000,0.000000,0.000000,-14.707021,70.143683,20.670000,-9.521428,-3.056535,1.200000,0.000000,0.000000,-162.202516,-50.811183,-66.811183,30.000000,0.000000,0.000000,0.000000,0.000000,0.000000,0.000000,36.104163,136.954867,-9.309956,141.939499,-9.521428,-3.056535,1.178901,10.069251,nan,nan,nan,0,nan,nan,nan,0,nan,nan,nan,nan,nan,nan,nan,nan,nan,nan,nan,nan,nan,nan,nan,nan,nan,nan,nan,nan,nan,nan,nan,nan,nan,nan,nan,nan,nan,nan,nan,nan,nan,nan,nan,nan,nan,nan,nan,nan,nan,nan,nan,nan,nan,nan,nan,nan,nan,nan,2.000000,141.633845,-76.237052,-119.365229,10.000000,0.000000,141.952757,-76.237052,-119.365229,-9.509956,10.000000,0.000000,10.069251,inf,0.000000,1.000000,0.000000,0.000000,0.000000,0.000000,0.000000,0.000000,0.000000,0.000000,0.000000,0.000000,14.000000,2.358030,16.173595,nan
13.880,APPROACH,141.665081,35.629055,136.799069,-9.250958,-9.502150,-3.115949,1.179956,-50.811183,-66.811183,29.980958,0.000000,0.000000,0.020044,0.000000,0.000000,0.000000,-15.182128,69.987886,20.730000,-9.502150,-3.115949,1.200000,0.000000,0.000000,-161.844627,-50.811183,-66.811183,30.000000,0.000000,0.000000,0.000000,0.000000,0.000000,0.000000,35.629055,136.799069,-9.250958,141.665081,-9.502150,-3.115949,1.179956,10.069374,nan,nan,nan,0,nan,nan,nan,0,nan,nan,nan,nan,nan,nan,nan,nan,nan,nan,nan,nan,nan,nan,nan,nan,nan,nan,nan,nan,nan,nan,nan,nan,nan,nan,nan,nan,nan,nan,nan,nan,nan,nan,nan,nan,nan,nan,nan,nan,nan,nan,nan,nan,nan,nan,nan,nan,nan,nan,2.000000,141.362707,-76.481156,-118.886701,10.000000,-0.000000,141.678282,-76.481156,-118.886701,-9.450958,10.000000,-0.000000,10.069374,inf,0.000000,1.000000,0.000000,0.000000,0.000000,0.000000,0.000000,0.000000,0.000000,0.000000,0.000000,0.000000,14.000000,2.604324,16.139502,nan
13.920,APPROACH,141.389299,35.154930,136.640307,-9.191910,-9.482502,-3.175241,1.180958,-50.811183,-66.811183,29.981910,0.000000,0.000000,0.019042,0.000000,0.000000,0.000000,-15.656253,69.829124,20.790000,-9.482502,-3.175241,1.200000,0.000000,0.000000,-161.486738,-50.811183,-66.811183,30.000000,0.000000,0.000000,0.000000,0.000000,0.000000,0.000000,35.154930,136.640307,-9.191910,141.389299,-9.482502,-3.175241,1.180958,10.069492,nan,nan,nan,0,nan,nan,nan,0,nan,nan,nan,nan,nan,nan,nan,nan,nan,nan,nan,nan,nan,nan,nan,nan,nan,nan,nan,nan,nan,nan,nan,nan,nan,nan,nan,nan,nan,nan,nan,nan,nan,nan,nan,nan,nan,nan,nan,nan,nan,nan,nan,nan,nan,nan,nan,nan,nan,nan,2.000000,141.090193,-76.722266,-118.406657,10.000000,-0.000000,141.402442,-76.722266,-118.406657,-9.391910,10.000000,-0.000000,10.069492,inf,0.000000,1.000000,0.000000,0.000000,0.000000,0.000000,0.000000,0.000000,0.000000,0.000000,0.000000,0.000000,14.000000,2.926948,16.094844,nan
13.980,APPROACH,141.112156,34.681806,136.478587,-9.132814,-9.462483,-3.234410,1.181910,-50.811183,-66.811183,29.982814,0.000000,0.000000,0.018090,0.000000,0.000000,0.000000,-16.129377,69.667403,20.850000,-9.462483,-3.234410,1.200000,0.000000,0.000000,-161.128850,-50.811183,-66.811183,30.000000,0.000000,0.000000,0.000000,0.000000,0.000000,0.000000,34.681806,136.478587,-9.132814,141.112156,-9.462483,-3.234410,1.181910,10.069603,nan,nan,nan,0,nan,nan,nan,0,nan,nan,nan,nan,nan,nan,nan,nan,nan,nan,nan,nan,nan,nan,nan,nan,nan,nan,nan,nan,nan,nan,nan,nan,nan,nan,nan,nan,nan,nan,nan,nan,nan,nan,nan,nan,nan,nan,nan,nan,nan,nan,nan,nan,nan,nan,nan,nan,nan,nan,2.000000,140.816307,-76.960371,-117.925118,10.000000,0.000000,141.125241,-76.960371,-117.925118,-9.332814,10.000000,0.000000,10.069603,inf,0.000000,1.000000,0.000000,0.000000,0.000000,0.000000,0.000000,0.000000,0.000000,0.000000,0.000000,0.000000,14.000000,3.303605,16.042706,nan
14.020,APPROACH,140.833655,34.209701,136.313914,-9.073674,-9.442096,-3.293452,1.182814,-50.811183,-66.811183,29.983674,0.000000,0.000000,0.017186,0.000000,0.000000,0.000000,-16.601482,69.502731,20.910000,-9.442096,-3.293452,1.200000,0.000000,0.000000,-160.770963,-50.811183,-66.811183,30.000000,0.000000,0.000000,0.000000,0.000000,0.000000,0.000000,34.209701,136.313914,-9.073674,140.833655,-9.442096,-3.293452,1.182814,10.069710,nan,nan,nan,0,nan,nan,nan,0,nan,nan,nan,nan,nan,nan,nan,nan,nan,nan,nan,nan,nan,nan,nan,nan,nan,nan,nan,nan,nan,nan,nan,nan,nan,nan,nan,nan,nan,nan,nan,nan,nan,nan,nan,nan,nan,nan,nan,nan,nan,nan,nan,nan,nan,nan,nan,nan,nan,nan,2.000000,140.541050,-77.195462,-117.442102,10.000000,0.000000,140.846682,-77.195462,-117.442102,-9.273674,10.000000,0.000000,10.069710,inf,0.000000,1.000000,0.000000,0.000000,0.000000,0.000000,0.000000,0.000000,0.000000,0.000000,0.000000,0.000000,14.000000,3.717896,15.985358,nan
14.080,APPROACH,140.553799,33.738634,136.146296,-9.014490,-9.421340,-3.352366,1.183674,-50.811183,-66.811183,29.984490,0.000000,0.000000,0.016326,0.000000,0.000000,0.000000,-17.072549,69.335112,20.970000,-9.421340,-3.352366,1.200000,0.000000,0.000000,-160.413076,-50.811183,-66.811183,30.000000,0.000000,0.000000,0.000000,0.000000,0.000000,0.000000,33.738634,136.146296,-9.014490,140.553799,-9.421340,-3.352366,1.183674,10.069811,nan,nan,nan,0,nan,nan,nan,0,nan,nan,nan,nan,nan,nan,nan,nan,nan,nan,nan,nan,nan,nan,nan,nan,nan,nan,nan,nan,nan,nan,nan,nan,nan,nan,nan,nan,nan,nan,nan,nan,nan,nan,nan,nan,nan,nan,nan,nan,nan,nan,nan,nan,nan,nan,nan,nan,nan,nan,2.000000,140.264426,-77.427530,-116.957628,10.000000,0.000000,140.566767,-77.427530,-116.957628,-9.214490,10.000000,0.000000,10.069811,inf,0.000000,1.000000,0.000000,0.000000,0.000000,0.000000,0.000000,0.000000,0.000000,0.000000,0.000000,0.000000,14.000000,4.158575,15.924358,nan
14.120,APPROACH,140.272590,33.268623,135.975738,-8.955266,-9.400216,-3.411148,1.184490,-50.811183,-66.811183,29.985266,0.000000,0.000000,0.015510,0.000000,0.000000,0.000000,-17.542560,69.164555,21.030000,-9.400216,-3.411148,1.200000,0.000000,0.000000,-160.055190,-50.811183,-66.811183,30.000000,0.000000,0.000000,0.000000,0.000000,0.000000,0.000000,33.268623,135.975738,-8.955266,140.272590,-9.400216,-3.411148,1.184490,10.069906,nan,nan,nan,0,nan,nan,nan,0,nan,nan,nan,nan,nan,nan,nan,nan,nan,nan,nan,nan,nan,nan,nan,nan,nan,nan,nan,nan,nan,nan,nan,nan,nan,nan,nan,nan,nan,nan,nan,nan,nan,nan,nan,nan,nan,nan,nan,nan,nan,nan,nan,nan,nan,nan,nan,nan,nan,nan,2.000000,139.986438,-77.656566,-116.471715,10.000000,0.000000,140.285500,-77.656566,-116.471715,-9.155266,10.000000,0.000000,10.069906,inf,0.000000,1.000000,0.000000,0.000000,0.000000,0.000000,0.000000,0.000000,0.000000,0.000000,0.000000,0.000000,14.000000,4.618079,15.860752,nan
14.180,APPROACH,139.990032,32.799687,135.802248,-8.896002,-9.378726,-3.469798,1.185266,-50.811183,-66.811183,29.986002,0.000000,0.000000,0.014734,0.000000,0.000000,0.000000,-18.011496,68.991065,21.090000,-9.378726,-3.469798,1.200000,0.000000,0.000000,-159.697304,-50.811183,-66.811183,30.000000,0.000000,0.000000,0.000000,0.000000,0.000000,0.000000,32.799687,135.802248,-8.896002,139.990032,-9.378726,-3.469798,1.185266,10.069998,nan,nan,nan,0,nan,nan,nan,0,nan,nan,nan,nan,nan,nan,nan,nan,nan,nan,nan,nan,nan,nan,nan,nan,nan,nan,nan,nan,nan,nan,nan,nan,nan,nan,nan,nan,nan,nan,nan,nan,nan,nan,nan,nan,nan,nan,nan,nan,nan,nan,nan,nan,nan,nan,nan,nan,nan,nan,2.000000,139.707087,-77.882562,-115.984381,10.000000,0.000000,140.002883,-77.882562,-115.984381,-9.096002,10.000000,0.000000,10.069998,inf,0.000000,1.000000,0.000000,0.000000,0.000000,0.000000,0.000000,0.000000,0.000000,0.000000,0.000000,0.000000,14.000000,5.091299,15.795248,nan
14.220,APPROACH,139.706127,32.331843,135.625833,-8.836702,-9.356870,-3.528312,1.186002,-50.811183,-66.811183,29.986702,0.000000,0.000000,0.013998,0.000000,0.000000,0.000000,-18.479340,68.814650,21.150000,-9.356870,-3.528312,1.200000,0.000000,0.000000,-159.339419,-50.811183,-66.811183,30.000000,0.000000,0.000000,0.000000,0.000000,0.000000,0.000000,32.331843,135.625833,-8.836702,139.706127,-9.356870,-3.528312,1.186002,10.070084,nan,nan,nan,0,nan,nan,nan,0,nan,nan,nan,nan,nan,nan,nan,nan,nan,nan,nan,nan,nan,nan,nan,nan,nan,nan,nan,nan,nan,nan,nan,nan,nan,nan,nan,nan,nan,nan,nan,nan,nan,nan,nan,nan,nan,nan,nan,nan,nan,nan,nan,nan,nan,nan,nan,nan,nan,nan,2.000000,139.426377,-78.105508,-115.495646,10.000000,-0.000000,139.718920,-78.105508,-115.495646,-9.036702,10.000000,-0.000000,10.070084,inf,0.000000,1.000000,0.000000,0.000000,0.000000,0.000000,0.000000,0.000000,0.000000,0.000000,0.000000,0.000000,14.000000,5.574727,15.728331,nan
14.280,APPROACH,139.420879,31.865111,135.446498,-8.777367,-9.334649,-3.586688,1.186702,-50.811183,-66.811183,29.987367,0.000000,0.000000,0.013298,0.000000,0.000000,0.000000,-18.946072,68.635315,21.210000,-9.334649,-3.586688,1.200000,0.000000,0.000000,-158.981535,-50.811183,-66.811183,30.000000,0.000000,0.000000,0.000000,0.000000,0.000000,0.000000,31.865111,135.446498,-8.777367,139.420879,-9.334649,-3.586688,1.186702,10.070167,nan,nan,nan,0,nan,nan,nan,0,nan,nan,nan,nan,nan,nan,nan,nan,nan,nan,nan,nan,nan,nan,nan,nan,nan,nan,nan,nan,nan,nan,nan,nan,nan,nan,nan,nan,nan,nan,nan,nan,nan,nan,nan,nan,nan,nan,nan,nan,nan,nan,nan,nan,nan,nan,nan,nan,nan,nan,2.000000,139.144311,-78.325396,-115.005529,10.000000,0.000000,139.433613,-78.325396,-115.005529,-8.977367,10.000000,0.000000,10.070167,inf,0.000000,1.000000,0.000000,0.000000,0.000000,0.000000,0.000000,0.000000,0.000000,0.000000,0.000000,0.000000,14.000000,6.065905,15.660340,nan
14.320,APPROACH,139.134289,31.399508,135.264252,-8.717999,-9.312064,-3.644924,1.187367,-50.811183,-66.811183,29.987999,0.000000,0.000000,0.012633,0.000000,0.000000,0.000000,-19.411675,68.453069,21.270000,-9.312064,-3.644924,1.200000,0.000000,0.000000,-158.623651,-50.811183,-66.811183,30.000000,0.000000,0.000000,0.000000,0.000000,0.000000,0.000000,31.399508,135.264252,-8.717999,139.134289,-9.312064,-3.644924,1.187367,10.070245,nan,nan,nan,0,nan,nan,nan,0,nan,nan,nan,nan,nan,nan,nan,nan,nan,nan,nan,nan,nan,nan,nan,nan,nan,nan,nan,nan,nan,nan,nan,nan,nan,nan,nan,nan,nan,nan,nan,nan,nan,nan,nan,nan,nan,nan,nan,nan,nan,nan,nan,nan,nan,nan,nan,nan,nan,nan,2.000000,138.860891,-78.542216,-114.514048,10.000000,0.000000,139.146964,-78.542216,-114.514048,-8.917999,10.000000,0.000000,10.070245,inf,0.000000,1.000000,0.000000,0.000000,0.000000,0.000000,0.000000,0.000000,0.000000,0.000000,0.000000,0.000000,14.000000,6.563077,15.591520,nan
14.380,APPROACH,138.846362,30.935052,135.079101,-8.658599,-9.289115,-3.703018,1.187999,-50.811183,-66.811183,29.988599,0.000000,0.000000,0.012001,0.000000,0.000000,0.000000,-19.876131,68.267918,21.330000,-9.289115,-3.703018,1.200000,0.000000,0.000000,-158.265768,-50.811183,-66.811183,30.000000,0.000000,0.000000,0.000000,0.000000,0.000000,0.000000,30.935052,135.079101,-8.658599,138.846362,-9.289115,-3.703018,1.187999,10.070320,nan,nan,nan,0,nan,nan,nan,0,nan,nan,nan,nan,nan,nan,nan,nan,nan,nan,nan,nan,nan,nan,nan,nan,nan,nan,nan,nan,nan,nan,nan,nan,nan,nan,nan,nan,nan,nan,nan,nan,nan,nan,nan,nan,nan,nan,nan,nan,nan,nan,nan,nan,nan,nan,nan,nan,nan,nan,2.000000,138.576120,-78.755962,-114.021224,10.000000,0.000000,138.858978,-78.755962,-114.021224,-8.858599,10.000000,0.000000,10.070320,inf,0.000000,1.000000,0.000000,0.000000,0.000000,0.000000,0.000000,0.000000,0.000000,0.000000,0.000000,0.000000,14.000000,7.064961,15.522048,nan
14.420,APPROACH,138.557101,30.471762,134.891053,-8.599169,-9.265804,-3.760968,1.188599,-50.811183,-66.811183,29.989169,0.000000,0.000000,0.011401,0.000000,0.000000,0.000000,-20.339421,68.079870,21.390000,-9.265804,-3.760968,1.200000,0.000000,0.000000,-157.907885,-50.811183,-66.811183,30.000000,0.000000,0.000000,0.000000,0.000000,0.000000,0.000000,30.471762,134.891053,-8.599169,138.557101,-9.265804,-3.760968,1.188599,10.070391,nan,nan,nan,0,nan,nan,nan,0,nan,nan,nan,nan,nan,nan,nan,nan,nan,nan,nan,nan,nan,nan,nan,nan,nan,nan,nan,nan,nan,nan,nan,nan,nan,nan,nan,nan,nan,nan,nan,nan,nan,nan,nan,nan,nan,nan,nan,nan,nan,nan,nan,nan,nan,nan,nan,nan,nan,nan,2.000000,138.290001,-78.966625,-113.527074,10.000000,-0.000000,138.569657,-78.966625,-113.527074,-8.799169,10.000000,-0.000000,10.070391,inf,0.000000,1.000000,0.000000,0.000000,0.000000,0.000000,0.000000,0.000000,0.000000,0.000000,0.000000,0.000000,14.000000,7.570601,15.452056,nan
14.480,APPROACH,138.266507,30.009655,134.700114,-8.539710,-9.242132,-3.818770,1.189169,-50.811183,-66.811183,29.989710,0.000000,0.000000,0.010831,0.000000,0.000000,0.000000,-20.801528,67.888931,21.450000,-9.242132,-3.818770,1.200000,0.000000,0.000000,-157.550002,-50.811183,-66.811183,30.000000,0.000000,0.000000,0.000000,0.000000,0.000000,0.000000,30.009655,134.700114,-8.539710,138.266507,-9.242132,-3.818770,1.189169,10.070458,nan,nan,nan,0,nan,nan,nan,0,nan,nan,nan,nan,nan,nan,nan,nan,nan,nan,nan,nan,nan,nan,nan,nan,nan,nan,nan,nan,nan,nan,nan,nan,nan,nan,nan,nan,nan,nan,nan,nan,nan,nan,nan,nan,nan,nan,nan,nan,nan,nan,nan,nan,nan,nan,nan,nan,nan,nan,2.000000,138.002537,-79.174195,-113.031620,10.000000,0.000000,138.279003,-79.174195,-113.031620,-8.739710,10.000000,0.000000,10.070458,inf,0.000000,1.000000,0.000000,0.000000,0.000000,0.000000,0.000000,0.000000,0.000000,0.000000,0.000000,0.000000,14.000000,8.079275,15.381644,nan
14.520,APPROACH,137.974584,29.548750,134.506293,-8.480225,-9.218099,-3.876424,1.189710,-50.811183,-66.811183,29.990225,0.000000,0.000000,0.010290,0.000000,0.000000,0.000000,-21.262433,67.695110,21.510000,-9.218099,-3.876424,1.200000,0.000000,0.000000,-157.192121,-50.811183,-66.811183,30.000000,0.000000,0.000000,0.000000,0.000000,0.000000,0.000000,29.548750,134.506293,-8.480225,137.974584,-9.218099,-3.876424,1.189710,10.070522,nan,nan,nan,0,nan,nan,nan,0,nan,nan,nan,nan,nan,nan,nan,nan,nan,nan,nan,nan,nan,nan,nan,nan,nan,nan,nan,nan,nan,nan,nan,nan,nan,nan,nan,nan,nan,nan,nan,nan,nan,nan,nan,nan,nan,nan,nan,nan,nan,nan,nan,nan,nan,nan,nan,nan,nan,nan,2.000000,137.713730,-79.378666,-112.534879,10.000000,0.000000,137.987021,-79.378666,-112.534879,-8.680225,10.000000,0.000000,10.070522,inf,0.000000,1.000000,0.000000,0.000000,0.000000,0.000000,0.000000,0.000000,0.000000,0.000000,0.000000,0.000000,13.000000,3.173110,15.057705,nan
14.580,APPROACH,137.681335,29.089065,134.309597,-8.420714,-9.193706,-3.933926,1.190225,-50.811183,-66.811183,29.990714,0.000000,0.000000,0.009775,0.000000,0.000000,0.000000,-21.722118,67.498414,21.570000,-9.193706,-3.933926,1.200000,0.000000,0.000000,-156.834239,-50.811183,-66.811183,30.000000,0.000000,0.000000,0.000000,0.000000,0.000000,0.000000,29.089065,134.309597,-8.420714,137.681335,-9.193706,-3.933926,1.190225,10.070583,nan,nan,nan,0,nan,nan,nan,0,nan,nan,nan,nan,nan,nan,nan,nan,nan,nan,nan,nan,nan,nan,nan,nan,nan,nan,nan,nan,nan,nan,nan,nan,nan,nan,nan,nan,nan,nan,nan,nan,nan,nan,nan,nan,nan,nan,nan,nan,nan,nan,nan,nan,nan,nan,nan,nan,nan,nan,2.000000,137.423584,-79.580029,-112.036871,10.000000,0.000000,137.693712,-79.580029,-112.036871,-8.620714,10.000000,0.000000,10.070583,inf,0.000000,1.000000,0.000000,0.000000,0.000000,0.000000,0.000000,0.000000,0.000000,0.000000,0.000000,0.000000,13.000000,2.812359,15.107990,nan
14.620,APPROACH,137.386763,28.630617,134.110033,-8.361178,-9.168955,-3.991274,1.190714,-50.811183,-66.811183,29.991178,0.000000,0.000000,0.009286,0.000000,0.000000,0.000000,-22.180566,67.298850,21.630000,-9.168955,-3.991274,1.200000,0.000000,0.000000,-156.476358,-50.811183,-66.811183,30.000000,0.000000,0.000000,0.000000,0.000000,0.000000,0.000000,28.630617,134.110033,-8.361178,137.386763,-9.168955,-3.991274,1.190714,10.070640,nan,nan,nan,0,nan,nan,nan,0,nan,nan,nan,nan,nan,nan,nan,nan,nan,nan,nan,nan,nan,nan,nan,nan,nan,nan,nan,nan,nan,nan,nan,nan,nan,nan,nan,nan,nan,nan,nan,nan,nan,nan,nan,nan,nan,nan,nan,nan,nan,nan,nan,nan,nan,nan,nan,nan,nan,nan,2.000000,137.132101,-79.778277,-111.537616,10.000000,0.000000,137.399079,-79.778277,-111.537616,-8.561178,10.000000,0.000000,10.070640,inf,0.000000,1.000000,0.000000,0.000000,0.000000,0.000000,0.000000,0.000000,0.000000,0.000000,0.000000,0.000000,13.000000,2.512445,15.149794,nan
14.680,APPROACH,137.090870,28.173425,133.907610,-8.301619,-9.143846,-4.048467,1.191178,-50.811183,-66.811183,29.991619,0.000000,0.000000,0.008822,0.000000,0.000000,0.000000,-22.637758,67.096427,21.690000,-9.143846,-4.048467,1.200000,0.000000,0.000000,-156.118478,-50.811183,-66.811183,30.000000,0.000000,0.000000,0.000000,0.000000,0.000000,0.000000,28.173425,133.907610,-8.301619,137.090870,-9.143846,-4.048467,1.191178,10.070695,nan,nan,nan,0,nan,nan,nan,0,nan,nan,nan,nan,nan,nan,nan,nan,nan,nan,nan,nan,nan,nan,nan,nan,nan,nan,nan,nan,nan,nan,nan,nan,nan,nan,nan,nan,nan,nan,nan,nan,nan,nan,nan,nan,nan,nan,nan,nan,nan,nan,nan,nan,nan,nan,nan,nan,nan,nan,2.000000,136.839285,-79.973402,-111.037133,10.000000,0.000000,137.103127,-79.973402,-111.037133,-8.501619,10.000000,0.000000,10.070695,inf,0.000000,1.000000,0.000000,0.000000,0.000000,0.000000,0.000000,0.000000,0.000000,0.000000,0.000000,0.000000,13.000000,2.297333,15.179778,nan
14.720,APPROACH,136.793661,27.717506,133.702335,-8.242038,-9.118380,-4.105502,1.191619,-50.811183,-66.811183,29.992038,0.000000,0.000000,0.008381,0.000000,0.000000,0.000000,-23.093677,66.891152,21.750000,-9.118380,-4.105502,1.200000,0.000000,0.000000,-155.760597,-50.811183,-66.811183,30.000000,0.000000,0.000000,0.000000,0.000000,0.000000,0.000000,27.717506,133.702335,-8.242038,136.793661,-9.118380,-4.105502,1.191619,10.070748,nan,nan,nan,0,nan,nan,nan,0,nan,nan,nan,nan,nan,nan,nan,nan,nan,nan,nan,nan,nan,nan,nan,nan,nan,nan,nan,nan,nan,nan,nan,nan,nan,nan,nan,nan,nan,nan,nan,nan,nan,nan,nan,nan,nan,nan,nan,nan,nan,nan,nan,nan,nan,nan,nan,nan,nan,nan,2.000000,136.545137,-80.165396,-110.535441,10.000000,0.000000,136.805857,-80.165396,-110.535441,-8.442038,10.000000,0.000000,10.070748,inf,0.000000,1.000000,0.000000,0.000000,0.000000,0.000000,0.000000,0.000000,0.000000,0.000000,0.000000,0.000000,13.000000,2.192141,15.194441,nan
14.780,APPROACH,136.495137,27.262878,133.494216,-8.182436,-9.092559,-4.162377,1.192038,-50.811183,-66.811183,29.992436,0.000000,0.000000,0.007962,0.000000,0.000000,0.000000,-23.548305,66.683033,21.810000,-9.092559,-4.162377,1.200000,0.000000,0.000000,-155.402718,-50.811183,-66.811183,30.000000,0.000000,0.000000,0.000000,0.000000,0.000000,0.000000,27.262878,133.494216,-8.182436,136.495137,-9.092559,-4.162377,1.192038,10.070797,nan,nan,nan,0,nan,nan,nan,0,nan,nan,nan,nan,nan,nan,nan,nan,nan,nan,nan,nan,nan,nan,nan,nan,nan,nan,nan,nan,nan,nan,nan,nan,nan,nan,nan,nan,nan,nan,nan,nan,nan,nan,nan,nan,nan,nan,nan,nan,nan,nan,nan,nan,nan,nan,nan,nan,nan,nan,2.000000,136.249661,-80.354252,-110.032561,10.000000,0.000000,136.507272,-80.354252,-110.032561,-8.382436,10.000000,0.000000,10.070797,inf,0.000000,1.000000,0.000000,0.000000,0.000000,0.000000,0.000000,0.000000,0.000000,0.000000,0.000000,0.000000,13.000000,2.212607,15.191588,nan
14.820,APPROACH,136.195302,26.809559,133.283261,-8.122814,-9.066382,-4.219089,1.192436,-50.811183,-66.811183,29.992814,0.000000,0.000000,0.007564,0.000000,0.000000,0.000000,-24.001624,66.472078,21.870000,-9.066382,-4.219089,1.200000,0.000000,0.000000,-155.044839,-50.811183,-66.811183,30.000000,0.000000,0.000000,0.000000,0.000000,0.000000,0.000000,26.809559,133.283261,-8.122814,136.195302,-9.066382,-4.219089,1.192436,10.070844,nan,nan,nan,0,nan,nan,nan,0,nan,nan,nan,nan,nan,nan,nan,nan,nan,nan,nan,nan,nan,nan,nan,nan,nan,nan,nan,nan,nan,nan,nan,nan,nan,nan,nan,nan,nan,nan,nan,nan,nan,nan,nan,nan,nan,nan,nan,nan,nan,nan,nan,nan,nan,nan,nan,nan,nan,nan,2.000000,135.952860,-80.539962,-109.528511,10.000000,0.000000,136.207377,-80.539962,-109.528511,-8.322814,10.000000,0.000000,10.070844,inf,0.000000,1.000000,0.000000,0.000000,0.000000,0.000000,0.000000,0.000000,0.000000,0.000000,0.000000,0.000000,13.000000,2.355456,15.171676,nan
14.880,APPROACH,135.894159,26.357566,133.069480,-8.063174,-9.039853,-4.275636,1.192814,-50.811183,-66.811183,29.993174,0.000000,0.000000,0.007186,0.000000,0.000000,0.000000,-24.453617,66.258296,21.930000,-9.039853,-4.275636,1.200000,0.000000,0.000000,-154.686960,-50.811183,-66.811183,30.000000,0.000000,0.000000,0.000000,0.000000,0.000000,0.000000,26.357566,133.069480,-8.063174,135.894159,-9.039853,-4.275636,1.192814,10.070889,nan,nan,nan,0,nan,nan,nan,0,nan,nan,nan,nan,nan,nan,nan,nan,nan,nan,nan,nan,nan,nan,nan,nan,nan,nan,nan,nan,nan,nan,nan,nan,nan,nan,nan,nan,nan,nan,nan,nan,nan,nan,nan,nan,nan,nan,nan,nan,nan,nan,nan,nan,nan,nan,nan,nan,nan,nan,2.000000,135.654737,-80.722520,-109.023312,10.000000,0.000000,135.906173,-80.722520,-109.023312,-8.263174,10.000000,0.000000,10.070889,inf,0.000000,1.000000,0.000000,0.000000,0.000000,0.000000,0.000000,0.000000,0.000000,0.000000,0.000000,0.000000,13.000000,2.600595,15.137507,nan
14.920,APPROACH,135.591711,25.906918,132.852879,-8.003515,-9.012970,-4.332017,1.193174,-50.811183,-66.811183,29.993515,0.000000,0.000000,0.006826,0.000000,0.000000,0.000000,-24.904265,66.041696,21.990000,-9.012970,-4.332017,1.200000,0.000000,0.000000,-154.329081,-50.811183,-66.811183,30.000000,0.000000,0.000000,0.000000,0.000000,0.000000,0.000000,25.906918,132.852879,-8.003515,135.591711,-9.012970,-4.332017,1.193174,10.070932,nan,nan,nan,0,nan,nan,nan,0,nan,nan,nan,nan,nan,nan,nan,nan,nan,nan,nan,nan,nan,nan,nan,nan,nan,nan,nan,nan,nan,nan,nan,nan,nan,nan,nan,nan,nan,nan,nan,nan,nan,nan,nan,nan,nan,nan,nan,nan,nan,nan,nan,nan,nan,nan,nan,nan,nan,nan,2.000000,135.355295,-80.901918,-108.516983,10.000000,0.000000,135.603663,-80.901918,-108.516983,-8.203515,10.000000,0.000000,10.070932,inf,0.000000,1.000000,0.000000,0.000000,0.000000,0.000000,0.000000,0.000000,0.000000,0.000000,0.000000,0.000000,13.000000,2.922386,15.092653,nan
14.980,APPROACH,135.287960,25.457631,132.633467,-7.943839,-8.985736,-4.388228,1.193515,-50.811183,-66.811183,29.993839,0.000000,0.000000,0.006485,0.000000,0.000000,0.000000,-25.353552,65.822284,22.050000,-8.985736,-4.388228,1.200000,0.000000,0.000000,-153.971203,-50.811183,-66.811183,30.000000,0.000000,0.000000,0.000000,0.000000,0.000000,0.000000,25.457631,132.633467,-7.943839,135.287960,-8.985736,-4.388228,1.193515,10.070972,nan,nan,nan,0,nan,nan,nan,0,nan,nan,nan,nan,nan,nan,nan,nan,nan,nan,nan,nan,nan,nan,nan,nan,nan,nan,nan,nan,nan,nan,nan,nan,nan,nan,nan,nan,nan,nan,nan,nan,nan,nan,nan,nan,nan,nan,nan,nan,nan,nan,nan,nan,nan,nan,nan,nan,nan,nan,2.000000,135.054536,-81.078149,-108.009543,10.000000,0.000000,135.299851,-81.078149,-108.009543,-8.143839,10.000000,0.000000,10.070972,inf,0.000000,1.000000,0.000000,0.000000,0.000000,0.000000,0.000000,0.000000,0.000000,0.000000,0.000000,0.000000,13.000000,3.298460,15.040233,nan
15.020,APPROACH,134.982911,25.009723,132.411254,-7.884147,-8.958151,-4.444269,1.193839,-50.811183,-66.811183,29.994147,0.000000,0.000000,0.006161,0.000000,0.000000,0.000000,-25.801460,65.600071,22.110000,-8.958151,-4.444269,1.200000,0.000000,0.000000,-153.613325,-50.811183,-66.811183,30.000000,0.000000,0.000000,0.000000,0.000000,0.000000,0.000000,25.009723,132.411254,-7.884147,134.982911,-8.958151,-4.444269,1.193839,10.071010,nan,nan,nan,0,nan,nan,nan,0,nan,nan,nan,nan,nan,nan,nan,nan,nan,nan,nan,nan,nan,nan,nan,nan,nan,nan,nan,nan,nan,nan,nan,nan,nan,nan,nan,nan,nan,nan,nan,nan,nan,nan,nan,nan,nan,nan,nan,nan,nan,nan,nan,nan,nan,nan,nan,nan,nan,nan,2.000000,134.752464,-81.251206,-107.501014,10.000000,0.000000,134.994740,-81.251206,-107.501014,-8.084147,10.000000,0.000000,10.071010,inf,0.000000,1.000000,0.000000,0.000000,0.000000,0.000000,0.000000,0.000000,0.000000,0.000000,0.000000,0.000000,13.000000,3.712345,14.982542,nan
15.080,APPROACH,134.676565,24.563213,132.186247,-7.824440,-8.930217,-4.500135,1.194147,-50.811183,-66.811183,29.994440,0.000000,0.000000,0.005853,0.000000,0.000000,0.000000,-26.247971,65.375064,22.170000,-8.930217,-4.500135,1.200000,0.000000,0.000000,-153.255448,-50.811183,-66.811183,30.000000,0.000000,0.000000,0.000000,0.000000,0.000000,0.000000,24.563213,132.186247,-7.824440,134.676565,-8.930217,-4.500135,1.194147,10.071047,nan,nan,nan,0,nan,nan,nan,0,nan,nan,nan,nan,nan,nan,nan,nan,nan,nan,nan,nan,nan,nan,nan,nan,nan,nan,nan,nan,nan,nan,nan,nan,nan,nan,nan,nan,nan,nan,nan,nan,nan,nan,nan,nan,nan,nan,nan,nan,nan,nan,nan,nan,nan,nan,nan,nan,nan,nan,2.000000,134.449081,-81.421083,-106.991414,10.000000,0.000000,134.688333,-81.421083,-106.991414,-8.024440,10.000000,0.000000,10.071047,inf,0.000000,1.000000,0.000000,0.000000,0.000000,0.000000,0.000000,0.000000,0.000000,0.000000,0.000000,0.000000,13.000000,4.152736,14.921156,nan
15.120,APPROACH,134.368927,24.118116,131.958456,-7.764718,-8.901935,-4.555827,1.194440,-50.811183,-66.811183,29.994718,0.000000,0.000000,0.005560,0.000000,0.000000,0.000000,-26.693067,65.147273,22.230000,-8.901935,-4.555827,1.200000,0.000000,0.000000,-152.897571,-50.811183,-66.811183,30.000000,0.000000,0.000000,0.000000,0.000000,0.000000,0.000000,24.118116,131.958456,-7.764718,134.368927,-8.901935,-4.555827,1.194440,10.071082,nan,nan,nan,0,nan,nan,nan,0,nan,nan,nan,nan,nan,nan,nan,nan,nan,nan,nan,nan,nan,nan,nan,nan,nan,nan,nan,nan,nan,nan,nan,nan,nan,nan,nan,nan,nan,nan,nan,nan,nan,nan,nan,nan,nan,nan,nan,nan,nan,nan,nan,nan,nan,nan,nan,nan,nan,nan,2.000000,134.144391,-81.587773,-106.480763,10.000000,0.000000,134.380632,-81.587773,-106.480763,-7.964718,10.000000,0.000000,10.071082,inf,0.000000,1.000000,0.000000,0.000000,0.000000,0.000000,0.000000,0.000000,0.000000,0.000000,0.000000,0.000000,13.000000,4.612033,14.857136,nan
15.180,APPROACH,134.059998,23.674451,131.727889,-7.704982,-8.873305,-4.611340,1.194718,-50.811183,-66.811183,29.994982,0.000000,0.000000,0.005282,0.000000,0.000000,0.000000,-27.136733,64.916706,22.290000,-8.873305,-4.611340,1.200000,0.000000,0.000000,-152.539694,-50.811183,-66.811183,30.000000,0.000000,0.000000,0.000000,0.000000,0.000000,0.000000,23.674451,131.727889,-7.704982,134.059998,-8.873305,-4.611340,1.194718,10.071115,nan,nan,nan,0,nan,nan,nan,0,nan,nan,nan,nan,nan,nan,nan,nan,nan,nan,nan,nan,nan,nan,nan,nan,nan,nan,nan,nan,nan,nan,nan,nan,nan,nan,nan,nan,nan,nan,nan,nan,nan,nan,nan,nan,nan,nan,nan,nan,nan,nan,nan,nan,nan,nan,nan,nan,nan,nan,2.000000,133.838396,-81.751270,-105.969081,10.000000,0.000000,134.071642,-81.751270,-105.969081,-7.904982,10.000000,0.000000,10.071115,inf,0.000000,1.000000,0.000000,0.000000,0.000000,0.000000,0.000000,0.000000,0.000000,0.000000,0.000000,0.000000,13.000000,5.085100,14.791196,nan
15.220,APPROACH,133.749783,23.232234,131.494555,-7.645233,-8.844329,-4.666673,1.194982,-50.811183,-66.811183,29.995233,0.000000,0.000000,0.005018,0.000000,0.000000,0.000000,-27.578949,64.683372,22.350000,-8.844329,-4.666673,1.200000,0.000000,0.000000,-152.181817,-50.811183,-66.811183,30.000000,0.000000,0.000000,0.000000,0.000000,0.000000,0.000000,23.232234,131.494555,-7.645233,133.749783,-8.844329,-4.666673,1.194982,10.071146,nan,nan,nan,0,nan,nan,nan,0,nan,nan,nan,nan,nan,nan,nan,nan,nan,nan,nan,nan,nan,nan,nan,nan,nan,nan,nan,nan,nan,nan,nan,nan,nan,nan,nan,nan,nan,nan,nan,nan,nan,nan,nan,nan,nan,nan,nan,nan,nan,nan,nan,nan,nan,nan,nan,nan,nan,nan,2.000000,133.531100,-81.911567,-105.456389,10.000000,0.000000,133.761364,-81.911567,-105.456389,-7.845233,10.000000,0.000000,10.071146,inf,0.000000,1.000000,0.000000,0.000000,0.000000,0.000000,0.000000,0.000000,0.000000,0.000000,0.000000,0.000000,13.000000,5.568412,14.723827,nan
15.280,APPROACH,133.438283,22.791484,131.258464,-7.585471,-8.815008,-4.721825,1.195233,-50.811183,-66.811183,29.995471,0.000000,0.000000,0.004767,0.000000,0.000000,0.000000,-28.019699,64.447281,22.410000,-8.815008,-4.721825,1.200000,0.000000,0.000000,-151.823941,-50.811183,-66.811183,30.000000,0.000000,0.000000,0.000000,0.000000,0.000000,0.000000,22.791484,131.258464,-7.585471,133.438283,-8.815008,-4.721825,1.195233,10.071176,nan,nan,nan,0,nan,nan,nan,0,nan,nan,nan,nan,nan,nan,nan,nan,nan,nan,nan,nan,nan,nan,nan,nan,nan,nan,nan,nan,nan,nan,nan,nan,nan,nan,nan,nan,nan,nan,nan,nan,nan,nan,nan,nan,nan,nan,nan,nan,nan,nan,nan,nan,nan,nan,nan,nan,nan,nan,2.000000,133.222506,-82.068658,-104.942706,10.000000,0.000000,133.449802,-82.068658,-104.942706,-7.785471,10.000000,0.000000,10.071176,inf,0.000000,1.000000,0.000000,0.000000,0.000000,0.000000,0.000000,0.000000,0.000000,0.000000,0.000000,0.000000,13.000000,6.059502,14.655375,nan
15.320,APPROACH,133.125504,22.352217,131.019624,-7.525698,-8.785343,-4.776792,1.195471,-50.811183,-66.811183,29.995698,0.000000,0.000000,0.004529,0.000000,0.000000,0.000000,-28.458967,64.208441,22.470000,-8.785343,-4.776792,1.200000,0.000000,0.000000,-151.466065,-50.811183,-66.811183,30.000000,0.000000,0.000000,0.000000,0.000000,0.000000,0.000000,22.352217,131.019624,-7.525698,133.125504,-8.785343,-4.776792,1.195471,10.071204,nan,nan,nan,0,nan,nan,nan,0,nan,nan,nan,nan,nan,nan,nan,nan,nan,nan,nan,nan,nan,nan,nan,nan,nan,nan,nan,nan,nan,nan,nan,nan,nan,nan,nan,nan,nan,nan,nan,nan,nan,nan,nan,nan,nan,nan,nan,nan,nan,nan,nan,nan,nan,nan,nan,nan,nan,nan,2.000000,132.912616,-82.222537,-104.428052,10.000000,0.000000,133.136959,-82.222537,-104.428052,-7.725698,10.000000,0.000000,10.071204,inf,0.000000,1.000000,0.000000,0.000000,0.000000,0.000000,0.000000,0.000000,0.000000,0.000000,0.000000,0.000000,13.000000,6.556606,14.586085,nan
15.380,APPROACH,132.811446,21.914450,130.778046,-7.465913,-8.755336,-4.831572,1.195698,-50.811183,-66.811183,29.995913,0.000000,0.000000,0.004302,0.000000,0.000000,0.000000,-28.896733,63.966863,22.530000,-8.755336,-4.831572,1.200000,0.000000,0.000000,-151.108190,-50.811183,-66.811183,30.000000,0.000000,0.000000,0.000000,0.000000,0.000000,0.000000,21.914450,130.778046,-7.465913,132.811446,-8.755336,-4.831572,1.195698,10.071231,nan,nan,nan,0,nan,nan,nan,0,nan,nan,nan,nan,nan,nan,nan,nan,nan,nan,nan,nan,nan,nan,nan,nan,nan,nan,nan,nan,nan,nan,nan,nan,nan,nan,nan,nan,nan,nan,nan,nan,nan,nan,nan,nan,nan,nan,nan,nan,nan,nan,nan,nan,nan,nan,nan,nan,nan,nan,2.000000,132.601434,-82.373197,-103.912447,10.000000,0.000000,132.822839,-82.373197,-103.912447,-7.665913,10.000000,0.000000,10.071231,inf,0.000000,1.000000,0.000000,0.000000,0.000000,0.000000,0.000000,0.000000,0.000000,0.000000,0.000000,0.000000,13.000000,7.058435,14.516135,nan
15.420,APPROACH,132.496114,21.478200,130.533738,-7.406117,-8.724987,-4.886165,1.195913,-50.811183,-66.811183,29.996117,0.000000,0.000000,0.004087,0.000000,0.000000,0.000000,-29.332983,63.722554,22.590000,-8.724987,-4.886165,1.200000,0.000000,0.000000,-150.750314,-50.811183,-66.811183,30.000000,0.000000,0.000000,0.000000,0.000000,0.000000,0.000000,21.478200,130.533738,-7.406117,132.496114,-8.724987,-4.886165,1.195913,10.071256,nan,nan,nan,0,nan,nan,nan,0,nan,nan,nan,nan,nan,nan,nan,nan,nan,nan,nan,nan,nan,nan,nan,nan,nan,nan,nan,nan,nan,nan,nan,nan,nan,nan,nan,nan,nan,nan,nan,nan,nan,nan,nan,nan,nan,nan,nan,nan,nan,nan,nan,nan,nan,nan,nan,nan,nan,nan,2.000000,132.288963,-82.520634,-103.395912,10.000000,0.000000,132.507444,-82.520634,-103.395912,-7.606117,10.000000,0.000000,10.071256,inf,0.000000,1.000000,0.000000,0.000000,0.000000,0.000000,0.000000,0.000000,0.000000,0.000000,0.000000,0.000000,13.000000,7.564031,14.445661,nan
15.480,APPROACH,132.179511,21.043486,130.286709,-7.346311,-8.694297,-4.940566,1.196117,-50.811183,-66.811183,29.996311,0.000000,0.000000,0.003883,0.000000,0.000000,0.000000,-29.767698,63.475526,22.650000,-8.694297,-4.940566,1.200000,0.000000,0.000000,-150.392439,-50.811183,-66.811183,30.000000,0.000000,0.000000,0.000000,0.000000,0.000000,0.000000,21.043486,130.286709,-7.346311,132.179511,-8.694297,-4.940566,1.196117,10.071281,nan,nan,nan,0,nan,nan,nan,0,nan,nan,nan,nan,nan,nan,nan,nan,nan,nan,nan,nan,nan,nan,nan,nan,nan,nan,nan,nan,nan,nan,nan,nan,nan,nan,nan,nan,nan,nan,nan,nan,nan,nan,nan,nan,nan,nan,nan,nan,nan,nan,nan,nan,nan,nan,nan,nan,nan,nan,2.000000,131.975206,-82.664841,-102.878467,10.000000,0.000000,132.190778,-82.664841,-102.878467,-7.546311,10.000000,0.000000,10.071281,inf,0.000000,1.000000,0.000000,0.000000,0.000000,0.000000,0.000000,0.000000,0.000000,0.000000,0.000000,0.000000,13.000000,8.072669,14.374763,nan
15.520,APPROACH,131.861640,20.610322,130.036970,-7.286496,-8.663269,-4.994775,1.196311,-50.811183,-66.811183,29.996496,0.000000,0.000000,0.003689,0.000000,0.000000,0.000000,-30.200861,63.225787,22.710000,-8.663269,-4.994775,1.200000,0.000000,0.000000,-150.034564,-50.811183,-66.811183,30.000000,0.000000,0.000000,0.000000,0.000000,0.000000,0.000000,20.610322,130.036970,-7.286496,131.861640,-8.663269,-4.994775,1.196311,10.071304,nan,nan,nan,0,nan,nan,nan,0,nan,nan,nan,nan,nan,nan,nan,nan,nan,nan,nan,nan,nan,nan,nan,nan,nan,nan,nan,nan,nan,nan,nan,nan,nan,nan,nan,nan,nan,nan,nan,nan,nan,nan,nan,nan,nan,nan,nan,nan,nan,nan,nan,nan,nan,nan,nan,nan,nan,nan,2.000000,131.660165,-82.805813,-102.360131,10.000000,-0.000000,131.872843,-82.805813,-102.360131,-7.486496,10.000000,-0.000000,10.071304,inf,0.000000,1.000000,0.000000,0.000000,0.000000,0.000000,0.000000,0.000000,0.000000,0.000000,0.000000,0.000000,12.000000,3.178095,14.053465,nan
15.580,APPROACH,131.542504,20.178727,129.784531,-7.226671,-8.631902,-5.048788,1.196496,-50.811183,-66.811183,29.996671,0.000000,0.000000,0.003504,0.000000,0.000000,0.000000,-30.632456,62.973348,22.770000,-8.631902,-5.048788,1.200000,0.000000,0.000000,-149.676690,-50.811183,-66.811183,30.000000,0.000000,0.000000,0.000000,0.000000,0.000000,0.000000,20.178727,129.784531,-7.226671,131.542504,-8.631902,-5.048788,1.196496,10.071326,nan,nan,nan,0,nan,nan,nan,0,nan,nan,nan,nan,nan,nan,nan,nan,nan,nan,nan,nan,nan,nan,nan,nan,nan,nan,nan,nan,nan,nan,nan,nan,nan,nan,nan,nan,nan,nan,nan,nan,nan,nan,nan,nan,nan,nan,nan,nan,nan,nan,nan,nan,nan,nan,nan,nan,nan,nan,2.000000,131.343845,-82.943544,-101.840925,10.000000,0.000000,131.553643,-82.943544,-101.840925,-7.426671,10.000000,0.000000,10.071326,inf,0.000000,1.000000,0.000000,0.000000,0.000000,0.000000,0.000000,0.000000,0.000000,0.000000,0.000000,0.000000,12.000000,2.816690,14.104244,nan
15.620,APPROACH,131.222106,19.748717,129.529401,-7.166837,-8.600199,-5.102605,1.196671,-50.811183,-66.811183,29.996837,0.000000,0.000000,0.003329,0.000000,0.000000,0.000000,-31.062466,62.718218,22.830000,-8.600199,-5.102605,1.200000,0.000000,0.000000,-149.318815,-50.811183,-66.811183,30.000000,0.000000,0.000000,0.000000,0.000000,0.000000,0.000000,19.748717,129.529401,-7.166837,131.222106,-8.600199,-5.102605,1.196671,10.071347,nan,nan,nan,0,nan,nan,nan,0,nan,nan,nan,nan,nan,nan,nan,nan,nan,nan,nan,nan,nan,nan,nan,nan,nan,nan,nan,nan,nan,nan,nan,nan,nan,nan,nan,nan,nan,nan,nan,nan,nan,nan,nan,nan,nan,nan,nan,nan,nan,nan,nan,nan,nan,nan,nan,nan,nan,nan,2.000000,131.026247,-83.078029,-101.320870,10.000000,0.000000,131.233181,-83.078029,-101.320870,-7.366837,10.000000,0.000000,10.071347,inf,0.000000,1.000000,0.000000,0.000000,0.000000,0.000000,0.000000,0.000000,0.000000,0.000000,0.000000,0.000000,12.000000,2.515845,14.146514,nan
15.680,APPROACH,130.900449,19.320309,129.271590,-7.106996,-8.568160,-5.156223,1.196837,-50.811183,-66.811183,29.996996,0.000000,0.000000,0.003163,0.000000,0.000000,0.000000,-31.490874,62.460406,22.890000,-8.568160,-5.156223,1.200000,0.000000,0.000000,-148.960941,-50.811183,-66.811183,30.000000,0.000000,0.000000,0.000000,0.000000,0.000000,0.000000,19.320309,129.271590,-7.106996,130.900449,-8.568160,-5.156223,1.196837,10.071366,nan,nan,nan,0,nan,nan,nan,0,nan,nan,nan,nan,nan,nan,nan,nan,nan,nan,nan,nan,nan,nan,nan,nan,nan,nan,nan,nan,nan,nan,nan,nan,nan,nan,nan,nan,nan,nan,nan,nan,nan,nan,nan,nan,nan,nan,nan,nan,nan,nan,nan,nan,nan,nan,nan,nan,nan,nan,2.000000,130.707376,-83.209263,-100.799984,10.000000,0.000000,130.911460,-83.209263,-100.799984,-7.306996,10.000000,0.000000,10.071366,inf,0.000000,1.000000,0.000000,0.000000,0.000000,0.000000,0.000000,0.000000,0.000000,0.000000,0.000000,0.000000,12.000000,2.299467,14.176916,nan
15.720,APPROACH,130.577537,18.893520,129.011108,-7.047146,-8.535787,-5.209639,1.196996,-50.811183,-66.811183,29.997146,0.000000,0.000000,0.003004,0.000000,0.000000,0.000000,-31.917663,62.199925,22.950000,-8.535787,-5.209639,1.200000,0.000000,0.000000,-148.603068,-50.811183,-66.811183,30.000000,0.000000,0.000000,0.000000,0.000000,0.000000,0.000000,18.893520,129.011108,-7.047146,130.577537,-8.535787,-5.209639,1.196996,10.071385,nan,nan,nan,0,nan,nan,nan,0,nan,nan,nan,nan,nan,nan,nan,nan,nan,nan,nan,nan,nan,nan,nan,nan,nan,nan,nan,nan,nan,nan,nan,nan,nan,nan,nan,nan,nan,nan,nan,nan,nan,nan,nan,nan,nan,nan,nan,nan,nan,nan,nan,nan,nan,nan,nan,nan,nan,nan,2.000000,130.387235,-83.337240,-100.278290,10.000000,0.000000,130.588484,-83.337240,-100.278290,-7.247146,10.000000,0.000000,10.071385,inf,0.000000,1.000000,0.000000,0.000000,0.000000,0.000000,0.000000,0.000000,0.000000,0.000000,0.000000,0.000000,12.000000,2.192717,14.191915,nan
15.780,APPROACH,130.253373,18.468366,128.747965,-6.987288,-8.503081,-5.262853,1.197146,-50.811183,-66.811183,29.997288,0.000000,0.000000,0.002854,0.000000,0.000000,0.000000,-32.342817,61.936782,23.010000,-8.503081,-5.262853,1.200000,0.000000,0.000000,-148.245194,-50.811183,-66.811183,30.000000,0.000000,0.000000,0.000000,0.000000,0.000000,0.000000,18.468366,128.747965,-6.987288,130.253373,-8.503081,-5.262853,1.197146,10.071403,nan,nan,nan,0,nan,nan,nan,0,nan,nan,nan,nan,nan,nan,nan,nan,nan,nan,nan,nan,nan,nan,nan,nan,nan,nan,nan,nan,nan,nan,nan,nan,nan,nan,nan,nan,nan,nan,nan,nan,nan,nan,nan,nan,nan,nan,nan,nan,nan,nan,nan,nan,nan,nan,nan,nan,nan,nan,2.000000,130.065826,-83.461956,-99.755807,10.000000,0.000000,130.264255,-83.461956,-99.755807,-7.187288,10.000000,0.000000,10.071403,inf,0.000000,1.000000,0.000000,0.000000,0.000000,0.000000,0.000000,0.000000,0.000000,0.000000,0.000000,0.000000,12.000000,2.211530,14.189271,nan
15.820,APPROACH,129.927960,18.044864,128.482172,-6.927424,-8.470043,-5.315860,1.197288,-50.811183,-66.811183,29.997424,0.000000,0.000000,0.002712,0.000000,0.000000,0.000000,-32.766320,61.670989,23.070000,-8.470043,-5.315860,1.200000,0.000000,0.000000,-147.887321,-50.811183,-66.811183,30.000000,0.000000,0.000000,0.000000,0.000000,0.000000,0.000000,18.044864,128.482172,-6.927424,129.927960,-8.470043,-5.315860,1.197288,10.071420,nan,nan,nan,0,nan,nan,nan,0,nan,nan,nan,nan,nan,nan,nan,nan,nan,nan,nan,nan,nan,nan,nan,nan,nan,nan,nan,nan,nan,nan,nan,nan,nan,nan,nan,nan,nan,nan,nan,nan,nan,nan,nan,nan,nan,nan,nan,nan,nan,nan,nan,nan,nan,nan,nan,nan,nan,nan,2.000000,129.743153,-83.583405,-99.232555,10.000000,0.000000,129.938777,-83.583405,-99.232555,-7.127424,10.000000,0.000000,10.071420,inf,0.000000,1.000000,0.000000,0.000000,0.000000,0.000000,0.000000,0.000000,0.000000,0.000000,0.000000,0.000000,12.000000,2.352897,14.169409,nan
15.880,APPROACH,129.601301,17.623030,128.213739,-6.867553,-8.436675,-5.368661,1.197424,-50.811183,-66.811183,29.997553,0.000000,0.000000,0.002576,0.000000,0.000000,0.000000,-33.188153,61.402556,23.130000,-8.436675,-5.368661,1.200000,0.000000,0.000000,-147.529447,-50.811183,-66.811183,30.000000,0.000000,0.000000,0.000000,0.000000,0.000000,0.000000,17.623030,128.213739,-6.867553,129.601301,-8.436675,-5.368661,1.197424,10.071436,nan,nan,nan,0,nan,nan,nan,0,nan,nan,nan,nan,nan,nan,nan,nan,nan,nan,nan,nan,nan,nan,nan,nan,nan,nan,nan,nan,nan,nan,nan,nan,nan,nan,nan,nan,nan,nan,nan,nan,nan,nan,nan,nan,nan,nan,nan,nan,nan,nan,nan,nan,nan,nan,nan,nan,nan,nan,2.000000,129.419218,-83.701584,-98.708556,10.000000,0.000000,129.612053,-83.701584,-98.708556,-7.067553,10.000000,0.000000,10.071436,inf,0.000000,1.000000,0.000000,0.000000,0.000000,0.000000,0.000000,0.000000,0.000000,0.000000,0.000000,0.000000,12.000000,2.596874,14.135129,nan
15.920,APPROACH,129.273400,17.202881,127.942676,-6.807675,-8.402977,-5.421252,1.197553,-50.811183,-66.811183,29.997675,0.000000,0.000000,0.002447,0.000000,0.000000,0.000000,-33.608302,61.131493,23.190000,-8.402977,-5.421252,1.200000,0.000000,0.000000,-147.171574,-50.811183,-66.811183,30.000000,0.000000,0.000000,0.000000,0.000000,0.000000,0.000000,17.202881,127.942676,-6.807675,129.273400,-8.402977,-5.421252,1.197553,10.071451,nan,nan,nan,0,nan,nan,nan,0,nan,nan,nan,nan,nan,nan,nan,nan,nan,nan,nan,nan,nan,nan,nan,nan,nan,nan,nan,nan,nan,nan,nan,nan,nan,nan,nan,nan,nan,nan,nan,nan,nan,nan,nan,nan,nan,nan,nan,nan,nan,nan,nan,nan,nan,nan,nan,nan,nan,nan,2.000000,129.094026,-83.816487,-98.183828,10.000000,0.000000,129.284087,-83.816487,-98.183828,-7.007675,10.000000,0.000000,10.071451,inf,0.000000,1.000000,0.000000,0.000000,0.000000,0.000000,0.000000,0.000000,0.000000,0.000000,0.000000,0.000000,12.000000,2.917826,14.090034,nan
15.980,APPROACH,128.944260,16.784433,127.668995,-6.747791,-8.368952,-5.473631,1.197675,-50.811183,-66.811183,29.997791,0.000000,0.000000,0.002325,0.000000,0.000000,0.000000,-34.026750,60.857812,23.250000,-8.368952,-5.473631,1.200000,0.000000,0.000000,-146.813702,-50.811183,-66.811183,30.000000,0.000000,0.000000,0.000000,0.000000,0.000000,0.000000,16.784433,127.668995,-6.747791,128.944260,-8.368952,-5.473631,1.197675,10.071466,nan,nan,nan,0,nan,nan,nan,0,nan,nan,nan,nan,nan,nan,nan,nan,nan,nan,nan,nan,nan,nan,nan,nan,nan,nan,nan,nan,nan,nan,nan,nan,nan,nan,nan,nan,nan,nan,nan,nan,nan,nan,nan,nan,nan,nan,nan,nan,nan,nan,nan,nan,nan,nan,nan,nan,nan,nan,2.000000,128.767579,-83.928110,-97.658394,10.000000,0.000000,128.954881,-83.928110,-97.658394,-6.947791,10.000000,0.000000,10.071466,inf,0.000000,1.000000,0.000000,0.000000,0.000000,0.000000,0.000000,0.000000,0.000000,0.000000,0.000000,0.000000,12.000000,3.293314,14.037277,nan
16.020,APPROACH,128.613884,16.367703,127.392705,-6.687902,-8.334601,-5.525797,1.197791,-50.811183,-66.811183,29.997902,0.000000,0.000000,0.002209,0.000000,0.000000,0.000000,-34.443480,60.581522,23.310000,-8.334601,-5.525797,1.200000,0.000000,0.000000,-146.455829,-50.811183,-66.811183,30.000000,0.000000,0.000000,0.000000,0.000000,0.000000,0.000000,16.367703,127.392705,-6.687902,128.613884,-8.334601,-5.525797,1.197791,10.071480,nan,nan,nan,0,nan,nan,nan,0,nan,nan,nan,nan,nan,nan,nan,nan,nan,nan,nan,nan,nan,nan,nan,nan,nan,nan,nan,nan,nan,nan,nan,nan,nan,nan,nan,nan,nan,nan,nan,nan,nan,nan,nan,nan,nan,nan,nan,nan,nan,nan,nan,nan,nan,nan,nan,nan,nan,nan,2.000000,128.439881,-84.036448,-97.132273,10.000000,0.000000,128.624439,-84.036448,-97.132273,-6.887902,10.000000,0.000000,10.071480,inf,0.000000,1.000000,0.000000,0.000000,0.000000,0.000000,0.000000,0.000000,0.000000,0.000000,0.000000,0.000000,12.000000,3.706791,13.979182,nan
16.080,APPROACH,128.282275,15.952707,127.113818,-6.628007,-8.299924,-5.577747,1.197902,-50.811183,-66.811183,29.998007,0.000000,0.000000,0.002098,0.000000,0.000000,0.000000,-34.858476,60.302635,23.370000,-8.299924,-5.577747,1.200000,0.000000,0.000000,-146.097957,-50.811183,-66.811183,30.000000,0.000000,0.000000,0.000000,0.000000,0.000000,0.000000,15.952707,127.113818,-6.628007,128.282275,-8.299924,-5.577747,1.197902,10.071493,nan,nan,nan,0,nan,nan,nan,0,nan,nan,nan,nan,nan,nan,nan,nan,nan,nan,nan,nan,nan,nan,nan,nan,nan,nan,nan,nan,nan,nan,nan,nan,nan,nan,nan,nan,nan,nan,nan,nan,nan,nan,nan,nan,nan,nan,nan,nan,nan,nan,nan,nan,nan,nan,nan,nan,nan,nan,2.000000,128.110934,-84.141498,-96.605485,10.000000,0.000000,128.292764,-84.141498,-96.605485,-6.828007,10.000000,0.000000,10.071493,inf,0.000000,1.000000,0.000000,0.000000,0.000000,0.000000,0.000000,0.000000,0.000000,0.000000,0.000000,0.000000,12.000000,4.146894,13.917345,nan
16.120,APPROACH,127.949436,15.539461,126.832344,-6.568106,-8.264923,-5.629480,1.198007,-50.811183,-66.811183,29.998106,0.000000,0.000000,0.001993,0.000000,0.000000,0.000000,-35.271722,60.021161,23.430000,-8.264923,-5.629480,1.200000,0.000000,0.000000,-145.740084,-50.811183,-66.811183,30.000000,0.000000,0.000000,0.000000,0.000000,0.000000,0.000000,15.539461,126.832344,-6.568106,127.949436,-8.264923,-5.629480,1.198007,10.071505,nan,nan,nan,0,nan,nan,nan,0,nan,nan,nan,nan,nan,nan,nan,nan,nan,nan,nan,nan,nan,nan,nan,nan,nan,nan,nan,nan,nan,nan,nan,nan,nan,nan,nan,nan,nan,nan,nan,nan,nan,nan,nan,nan,nan,nan,nan,nan,nan,nan,nan,nan,nan,nan,nan,nan,nan,nan,2.000000,127.780743,-84.243256,-96.078052,10.000000,0.000000,127.959859,-84.243256,-96.078052,-6.768106,10.000000,0.000000,10.071505,inf,0.000000,1.000000,0.000000,0.000000,0.000000,0.000000,0.000000,0.000000,0.000000,0.000000,0.000000,0.000000,12.000000,4.605983,13.852842,nan
16.180,APPROACH,127.615372,15.127981,126.548294,-6.508201,-8.229600,-5.680993,1.198106,-50.811183,-66.811183,29.998201,0.000000,0.000000,0.001894,0.000000,0.000000,0.000000,-35.683202,59.737111,23.490000,-8.229600,-5.680993,1.200000,0.000000,0.000000,-145.382212,-50.811183,-66.811183,30.000000,0.000000,0.000000,0.000000,0.000000,0.000000,0.000000,15.127981,126.548294,-6.508201,127.615372,-8.229600,-5.680993,1.198106,10.071517,nan,nan,nan,0,nan,nan,nan,0,nan,nan,nan,nan,nan,nan,nan,nan,nan,nan,nan,nan,nan,nan,nan,nan,nan,nan,nan,nan,nan,nan,nan,nan,nan,nan,nan,nan,nan,nan,nan,nan,nan,nan,nan,nan,nan,nan,nan,nan,nan,nan,nan,nan,nan,nan,nan,nan,nan,nan,2.000000,127.449310,-84.341716,-95.549994,10.000000,0.000000,127.625728,-84.341716,-95.549994,-6.708201,10.000000,0.000000,10.071517,inf,0.000000,1.000000,0.000000,0.000000,0.000000,0.000000,0.000000,0.000000,0.000000,0.000000,0.000000,0.000000,12.000000,5.078896,13.786395,nan
16.220,APPROACH,127.280085,14.718283,126.261680,-6.448291,-8.193956,-5.732284,1.198201,-50.811183,-66.811183,29.998291,0.000000,0.000000,0.001799,0.000000,0.000000,0.000000,-36.092900,59.450497,23.550000,-8.193956,-5.732284,1.200000,0.000000,0.000000,-145.024341,-50.811183,-66.811183,30.000000,0.000000,0.000000,0.000000,0.000000,0.000000,0.000000,14.718283,126.261680,-6.448291,127.280085,-8.193956,-5.732284,1.198201,10.071528,nan,nan,nan,0,nan,nan,nan,0,nan,nan,nan,nan,nan,nan,nan,nan,nan,nan,nan,nan,nan,nan,nan,nan,nan,nan,nan,nan,nan,nan,nan,nan,nan,nan,nan,nan,nan,nan,nan,nan,nan,nan,nan,nan,nan,nan,nan,nan,nan,nan,nan,nan,nan,nan,nan,nan,nan,nan,2.000000,127.116638,-84.436876,-95.021332,10.000000,0.000000,127.290374,-84.436876,-95.021332,-6.648291,10.000000,0.000000,10.071528,inf,0.000000,1.000000,0.000000,0.000000,0.000000,0.000000,0.000000,0.000000,0.000000,0.000000,0.000000,0.000000,12.000000,5.562093,13.718504,nan
16.280,APPROACH,126.943579,14.310383,125.972512,-6.388377,-8.157993,-5.783352,1.198291,-50.811183,-66.811183,29.998377,0.000000,0.000000,0.001709,0.000000,0.000000,0.000000,-36.500800,59.161329,23.610000,-8.157993,-5.783352,1.200000,0.000000,0.000000,-144.666469,-50.811183,-66.811183,30.000000,0.000000,0.000000,0.000000,0.000000,0.000000,0.000000,14.310383,125.972512,-6.388377,126.943579,-8.157993,-5.783352,1.198291,10.071539,nan,nan,nan,0,nan,nan,nan,0,nan,nan,nan,nan,nan,nan,nan,nan,nan,nan,nan,nan,nan,nan,nan,nan,nan,nan,nan,nan,nan,nan,nan,nan,nan,nan,nan,nan,nan,nan,nan,nan,nan,nan,nan,nan,nan,nan,nan,nan,nan,nan,nan,nan,nan,nan,nan,nan,nan,nan,2.000000,126.782731,-84.528733,-94.492086,10.000000,0.000000,126.953801,-84.528733,-94.492086,-6.588377,10.000000,0.000000,10.071539,inf,0.000000,1.000000,0.000000,0.000000,0.000000,0.000000,0.000000,0.000000,0.000000,0.000000,0.000000,0.000000,12.000000,6.053094,13.649517,nan
16.320,APPROACH,126.605857,13.904298,125.680803,-6.328458,-8.121711,-5.834194,1.198377,-50.811183,-66.811183,29.998458,0.000000,0.000000,0.001623,0.000000,0.000000,0.000000,-36.906885,58.869619,23.670000,-8.121711,-5.834194,1.200000,0.000000,0.000000,-144.308597,-50.811183,-66.811183,30.000000,0.000000,0.000000,0.000000,0.000000,0.000000,0.000000,13.904298,125.680803,-6.328458,126.605857,-8.121711,-5.834194,1.198377,10.071549,nan,nan,nan,0,nan,nan,nan,0,nan,nan,nan,nan,nan,nan,nan,nan,nan,nan,nan,nan,nan,nan,nan,nan,nan,nan,nan,nan,nan,nan,nan,nan,nan,nan,nan,nan,nan,nan,nan,nan,nan,nan,nan,nan,nan,nan,nan,nan,nan,nan,nan,nan,nan,nan,nan,nan,nan,nan,2.000000,126.447593,-84.617281,-93.962277,10.000000,0.000000,126.616012,-84.617281,-93.962277,-6.528458,10.000000,0.000000,10.071549,inf,0.000000,1.000000,0.000000,0.000000,0.000000,0.000000,0.000000,0.000000,0.000000,0.000000,0.000000,0.000000,12.000000,6.550128,13.579682,nan
16.380,APPROACH,126.266922,13.500042,125.386562,-6.268535,-8.085112,-5.884808,1.198458,-50.811183,-66.811183,29.998535,0.000000,0.000000,0.001542,0.000000,0.000000,0.000000,-37.311141,58.575379,23.730000,-8.085112,-5.884808,1.200000,0.000000,0.000000,-143.950726,-50.811183,-66.811183,30.000000,0.000000,0.000000,0.000000,0.000000,0.000000,0.000000,13.500042,125.386562,-6.268535,126.266922,-8.085112,-5.884808,1.198458,10.071559,nan,nan,nan,0,nan,nan,nan,0,nan,nan,nan,nan,nan,nan,nan,nan,nan,nan,nan,nan,nan,nan,nan,nan,nan,nan,nan,nan,nan,nan,nan,nan,nan,nan,nan,nan,nan,nan,nan,nan,nan,nan,nan,nan,nan,nan,nan,nan,nan,nan,nan,nan,nan,nan,nan,nan,nan,nan,2.000000,126.111225,-84.702518,-93.431925,10.000000,-0.000000,126.277009,-84.702518,-93.431925,-6.468535,10.000000,-0.000000,10.071559,inf,0.000000,1.000000,0.000000,0.000000,0.000000,0.000000,0.000000,0.000000,0.000000,0.000000,0.000000,0.000000,12.000000,7.051903,13.509180,nan
16.420,APPROACH,125.926778,13.097632,125.089803,-6.208608,-8.048198,-5.935193,1.198535,-50.811183,-66.811183,29.998608,0.000000,0.000000,0.001465,0.000000,0.000000,0.000000,-37.713551,58.278619,23.790000,-8.048198,-5.935193,1.200000,0.000000,0.000000,-143.592855,-50.811183,-66.811183,30.000000,0.000000,0.000000,0.000000,0.000000,0.000000,0.000000,13.097632,125.089803,-6.208608,125.926778,-8.048198,-5.935193,1.198535,10.071568,nan,nan,nan,0,nan,nan,nan,0,nan,nan,nan,nan,nan,nan,nan,nan,nan,nan,nan,nan,nan,nan,nan,nan,nan,nan,nan,nan,nan,nan,nan,nan,nan,nan,nan,nan,nan,nan,nan,nan,nan,nan,nan,nan,nan,nan,nan,nan,nan,nan,nan,nan,nan,nan,nan,nan,nan,nan,2.000000,125.773633,-84.784441,-92.901051,10.000000,0.000000,125.936797,-84.784441,-92.901051,-6.408608,10.000000,0.000000,10.071568,inf,0.000000,1.000000,0.000000,0.000000,0.000000,0.000000,0.000000,0.000000,0.000000,0.000000,0.000000,0.000000,12.000000,7.557455,13.438148,nan
16.480,APPROACH,125.585429,12.697084,124.790535,-6.148678,-8.010970,-5.985346,1.198608,-50.811183,-66.811183,29.998678,0.000000,0.000000,0.001392,0.000000,0.000000,0.000000,-38.114099,57.979352,23.850000,-8.010970,-5.985346,1.200000,0.000000,0.000000,-143.234984,-50.811183,-66.811183,30.000000,0.000000,0.000000,0.000000,0.000000,0.000000,0.000000,12.697084,124.790535,-6.148678,125.585429,-8.010970,-5.985346,1.198608,10.071577,nan,nan,nan,0,nan,nan,nan,0,nan,nan,nan,nan,nan,nan,nan,nan,nan,nan,nan,nan,nan,nan,nan,nan,nan,nan,nan,nan,nan,nan,nan,nan,nan,nan,nan,nan,nan,nan,nan,nan,nan,nan,nan,nan,nan,nan,nan,nan,nan,nan,nan,nan,nan,nan,nan,nan,nan,nan,2.000000,125.434818,-84.863046,-92.369676,10.000000,0.000000,125.595380,-84.863046,-92.369676,-6.348678,10.000000,0.000000,10.071577,inf,0.000000,1.000000,0.000000,0.000000,0.000000,0.000000,0.000000,0.000000,0.000000,0.000000,0.000000,0.000000,12.000000,8.066057,13.366688,nan
16.520,APPROACH,125.242877,12.298412,124.488772,-6.088744,-7.973429,-6.035265,1.198678,-50.811183,-66.811183,29.998744,0.000000,0.000000,0.001322,0.000000,0.000000,0.000000,-38.512771,57.677589,23.910000,-7.973429,-6.035265,1.200000,0.000000,0.000000,-142.877113,-50.811183,-66.811183,30.000000,0.000000,0.000000,0.000000,0.000000,0.000000,0.000000,12.298412,124.488772,-6.088744,125.242877,-7.973429,-6.035265,1.198678,10.071585,nan,nan,nan,0,nan,nan,nan,0,nan,nan,nan,nan,nan,nan,nan,nan,nan,nan,nan,nan,nan,nan,nan,nan,nan,nan,nan,nan,nan,nan,nan,nan,nan,nan,nan,nan,nan,nan,nan,nan,nan,nan,nan,nan,nan,nan,nan,nan,nan,nan,nan,nan,nan,nan,nan,nan,nan,nan,2.000000,125.094785,-84.938330,-91.837821,10.000000,0.000000,125.252759,-84.938330,-91.837821,-6.288744,10.000000,0.000000,10.071585,inf,0.000000,1.000000,0.000000,0.000000,0.000000,0.000000,0.000000,0.000000,0.000000,0.000000,0.000000,0.000000,11.000000,3.183092,13.048616,nan
16.580,APPROACH,124.899125,11.901634,124.184525,-6.028807,-7.935577,-6.084950,1.198744,-50.811183,-66.811183,29.998807,0.000000,0.000000,0.001256,0.000000,0.000000,0.000000,-38.909550,57.373341,23.970000,-7.935577,-6.084950,1.200000,0.000000,0.000000,-142.519242,-50.811183,-66.811183,30.000000,0.000000,0.000000,0.000000,0.000000,0.000000,0.000000,11.901634,124.184525,-6.028807,124.899125,-7.935577,-6.084950,1.198744,10.071593,nan,nan,nan,0,nan,nan,nan,0,nan,nan,nan,nan,nan,nan,nan,nan,nan,nan,nan,nan,nan,nan,nan,nan,nan,nan,nan,nan,nan,nan,nan,nan,nan,nan,nan,nan,nan,nan,nan,nan,nan,nan,nan,nan,nan,nan,nan,nan,nan,nan,nan,nan,nan,nan,nan,nan,nan,nan,2.000000,124.753537,-85.010291,-91.305506,10.000000,0.000000,124.908939,-85.010291,-91.305506,-6.228807,10.000000,0.000000,10.071593,inf,0.000000,1.000000,0.000000,0.000000,0.000000,0.000000,0.000000,0.000000,0.000000,0.000000,0.000000,0.000000,11.000000,2.821035,13.099958,nan
16.620,APPROACH,124.554179,11.506763,123.877805,-5.968866,-7.897416,-6.134396,1.198807,-50.811183,-66.811183,29.998866,0.000000,0.000000,0.001193,0.000000,0.000000,0.000000,-39.304420,57.066622,24.030000,-7.897416,-6.134396,1.200000,0.000000,0.000000,-142.161371,-50.811183,-66.811183,30.000000,0.000000,0.000000,0.000000,0.000000,0.000000,0.000000,11.506763,123.877805,-5.968866,124.554179,-7.897416,-6.134396,1.198807,10.071601,nan,nan,nan,0,nan,nan,nan,0,nan,nan,nan,nan,nan,nan,nan,nan,nan,nan,nan,nan,nan,nan,nan,nan,nan,nan,nan,nan,nan,nan,nan,nan,nan,nan,nan,nan,nan,nan,nan,nan,nan,nan,nan,nan,nan,nan,nan,nan,nan,nan,nan,nan,nan,nan,nan,nan,nan,nan,2.000000,124.411077,-85.078925,-90.772753,10.000000,0.000000,124.563923,-85.078925,-90.772753,-6.168866,10.000000,0.000000,10.071601,inf,0.000000,1.000000,0.000000,0.000000,0.000000,0.000000,0.000000,0.000000,0.000000,0.000000,0.000000,0.000000,11.000000,2.519261,13.142752,nan
16.680,APPROACH,124.208040,11.113815,123.568625,-5.908923,-7.858947,-6.183604,1.198866,-50.811183,-66.811183,29.998923,0.000000,0.000000,0.001134,0.000000,0.000000,0.000000,-39.697368,56.757441,24.090000,-7.858947,-6.183604,1.200000,0.000000,0.000000,-141.803501,-50.811183,-66.811183,30.000000,0.000000,0.000000,0.000000,0.000000,0.000000,0.000000,11.113815,123.568625,-5.908923,124.208040,-7.858947,-6.183604,1.198866,10.071608,nan,nan,nan,0,nan,nan,nan,0,nan,nan,nan,nan,nan,nan,nan,nan,nan,nan,nan,nan,nan,nan,nan,nan,nan,nan,nan,nan,nan,nan,nan,nan,nan,nan,nan,nan,nan,nan,nan,nan,nan,nan,nan,nan,nan,nan,nan,nan,nan,nan,nan,nan,nan,nan,nan,nan,nan,nan,2.000000,124.067409,-85.144230,-90.239581,10.000000,-0.000000,124.217715,-85.144230,-90.239581,-6.108923,10.000000,-0.000000,10.071608,inf,0.000000,1.000000,0.000000,0.000000,0.000000,0.000000,0.000000,0.000000,0.000000,0.000000,0.000000,0.000000,11.000000,2.301621,13.173615,nan
16.720,APPROACH,123.860713,10.722807,123.256996,-5.848977,-7.820171,-6.232570,1.198923,-50.811183,-66.811183,29.998977,0.000000,0.000000,0.001077,0.000000,0.000000,0.000000,-40.088376,56.445813,24.150000,-7.820171,-6.232570,1.200000,0.000000,0.000000,-141.445630,-50.811183,-66.811183,30.000000,0.000000,0.000000,0.000000,0.000000,0.000000,0.000000,10.722807,123.256996,-5.848977,123.860713,-7.820171,-6.232570,1.198923,10.071614,nan,nan,nan,0,nan,nan,nan,0,nan,nan,nan,nan,nan,nan,nan,nan,nan,nan,nan,nan,nan,nan,nan,nan,nan,nan,nan,nan,nan,nan,nan,nan,nan,nan,nan,nan,nan,nan,nan,nan,nan,nan,nan,nan,nan,nan,nan,nan,nan,nan,nan,nan,nan,nan,nan,nan,nan,nan,2.000000,123.722535,-85.206204,-89.706012,10.000000,0.000000,123.870318,-85.206204,-89.706012,-6.048977,10.000000,0.000000,10.071614,inf,0.000000,1.000000,0.000000,0.000000,0.000000,0.000000,0.000000,0.000000,0.000000,0.000000,0.000000,0.000000,11.000000,2.193314,13.188973,nan
16.780,APPROACH,123.512200,10.333752,122.942931,-5.789028,-7.781090,-6.281293,1.198977,-50.811183,-66.811183,29.999028,0.000000,0.000000,0.001023,0.000000,0.000000,0.000000,-40.477431,56.131748,24.210000,-7.781090,-6.281293,1.200000,0.000000,0.000000,-141.087760,-50.811183,-66.811183,30.000000,0.000000,0.000000,0.000000,0.000000,0.000000,0.000000,10.333752,122.942931,-5.789028,123.512200,-7.781090,-6.281293,1.198977,10.071621,nan,nan,nan,0,nan,nan,nan,0,nan,nan,nan,nan,nan,nan,nan,nan,nan,nan,nan,nan,nan,nan,nan,nan,nan,nan,nan,nan,nan,nan,nan,nan,nan,nan,nan,nan,nan,nan,nan,nan,nan,nan,nan,nan,nan,nan,nan,nan,nan,nan,nan,nan,nan,nan,nan,nan,nan,nan,2.000000,123.376460,-85.264843,-89.172066,10.000000,0.000000,123.521736,-85.264843,-89.172066,-5.989028,10.000000,0.000000,10.071621,inf,0.000000,1.000000,0.000000,0.000000,0.000000,0.000000,0.000000,0.000000,0.000000,0.000000,0.000000,0.000000,11.000000,2.210473,13.186540,nan
16.820,APPROACH,123.162506,9.946667,122.626443,-5.729077,-7.741705,-6.329771,1.199028,-50.811183,-66.811183,29.999077,0.000000,0.000000,0.000972,0.000000,0.000000,0.000000,-40.864516,55.815260,24.270000,-7.741705,-6.329771,1.200000,0.000000,0.000000,-140.729890,-50.811183,-66.811183,30.000000,0.000000,0.000000,0.000000,0.000000,0.000000,0.000000,9.946667,122.626443,-5.729077,123.162506,-7.741705,-6.329771,1.199028,10.071627,nan,nan,nan,0,nan,nan,nan,0,nan,nan,nan,nan,nan,nan,nan,nan,nan,nan,nan,nan,nan,nan,nan,nan,nan,nan,nan,nan,nan,nan,nan,nan,nan,nan,nan,nan,nan,nan,nan,nan,nan,nan,nan,nan,nan,nan,nan,nan,nan,nan,nan,nan,nan,nan,nan,nan,nan,nan,2.000000,123.029186,-85.320146,-88.637765,10.000000,0.000000,123.171972,-85.320146,-88.637765,-5.929077,10.000000,0.000000,10.071627,inf,0.000000,1.000000,0.000000,0.000000,0.000000,0.000000,0.000000,0.000000,0.000000,0.000000,0.000000,0.000000,11.000000,2.350352,13.166704,nan
16.880,APPROACH,122.811634,9.561566,122.307543,-5.669123,-7.702019,-6.378002,1.199077,-50.811183,-66.811183,29.999123,0.000000,0.000000,0.000923,0.000000,0.000000,0.000000,-41.249617,55.496360,24.330000,-7.702019,-6.378002,1.200000,0.000000,0.000000,-140.372020,-50.811183,-66.811183,30.000000,0.000000,0.000000,0.000000,0.000000,0.000000,0.000000,9.561566,122.307543,-5.669123,122.811634,-7.702019,-6.378002,1.199077,10.071633,nan,nan,nan,0,nan,nan,nan,0,nan,nan,nan,nan,nan,nan,nan,nan,nan,nan,nan,nan,nan,nan,nan,nan,nan,nan,nan,nan,nan,nan,nan,nan,nan,nan,nan,nan,nan,nan,nan,nan,nan,nan,nan,nan,nan,nan,nan,nan,nan,nan,nan,nan,nan,nan,nan,nan,nan,nan,2.000000,122.680718,-85.372111,-88.103129,10.000000,0.000000,122.821029,-85.372111,-88.103129,-5.869123,10.000000,0.000000,10.071633,inf,0.000000,1.000000,0.000000,0.000000,0.000000,0.000000,0.000000,0.000000,0.000000,0.000000,0.000000,0.000000,11.000000,2.593162,13.132272,nan
16.920,APPROACH,122.459588,9.178465,121.986244,-5.609167,-7.662032,-6.425984,1.199123,-50.811183,-66.811183,29.999167,0.000000,0.000000,0.000877,0.000000,0.000000,0.000000,-41.632719,55.175060,24.390000,-7.662032,-6.425984,1.200000,0.000000,0.000000,-140.014150,-50.811183,-66.811183,30.000000,0.000000,0.000000,0.000000,0.000000,0.000000,0.000000,9.178465,121.986244,-5.609167,122.459588,-7.662032,-6.425984,1.199123,10.071638,nan,nan,nan,0,nan,nan,nan,0,nan,nan,nan,nan,nan,nan,nan,nan,nan,nan,nan,nan,nan,nan,nan,nan,nan,nan,nan,nan,nan,nan,nan,nan,nan,nan,nan,nan,nan,nan,nan,nan,nan,nan,nan,nan,nan,nan,nan,nan,nan,nan,nan,nan,nan,nan,nan,nan,nan,nan,2.000000,122.331058,-85.420735,-87.568179,10.000000,0.000000,122.468911,-85.420735,-87.568179,-5.809167,10.000000,0.000000,10.071638,inf,0.000000,1.000000,0.000000,0.000000,0.000000,0.000000,0.000000,0.000000,0.000000,0.000000,0.000000,0.000000,11.000000,2.913272,13.086878,nan
16.980,APPROACH,122.106370,8.797377,121.662558,-5.549208,-7.621746,-6.473716,1.199167,-50.811183,-66.811183,29.999208,0.000000,0.000000,0.000833,0.000000,0.000000,0.000000,-42.013806,54.851375,24.450000,-7.621746,-6.473716,1.200000,0.000000,0.000000,-139.656280,-50.811183,-66.811183,30.000000,0.000000,0.000000,0.000000,0.000000,0.000000,0.000000,8.797377,121.662558,-5.549208,122.106370,-7.621746,-6.473716,1.199167,10.071643,nan,nan,nan,0,nan,nan,nan,0,nan,nan,nan,nan,nan,nan,nan,nan,nan,nan,nan,nan,nan,nan,nan,nan,nan,nan,nan,nan,nan,nan,nan,nan,nan,nan,nan,nan,nan,nan,nan,nan,nan,nan,nan,nan,nan,nan,nan,nan,nan,nan,nan,nan,nan,nan,nan,nan,nan,nan,2.000000,121.980211,-85.466016,-87.032935,10.000000,0.000000,122.115622,-85.466016,-87.032935,-5.749208,10.000000,0.000000,10.071643,inf,0.000000,1.000000,0.000000,0.000000,0.000000,0.000000,0.000000,0.000000,0.000000,0.000000,0.000000,0.000000,11.000000,3.288172,13.033715,nan
17.020,APPROACH,121.751984,8.418319,121.336498,-5.489248,-7.581162,-6.521194,1.199208,-50.811183,-66.811183,29.999248,0.000000,0.000000,0.000792,0.000000,0.000000,0.000000,-42.392864,54.525315,24.510000,-7.581162,-6.521194,1.200000,0.000000,0.000000,-139.298410,-50.811183,-66.811183,30.000000,0.000000,0.000000,0.000000,0.000000,0.000000,0.000000,8.418319,121.336498,-5.489248,121.751984,-7.581162,-6.521194,1.199208,10.071648,nan,nan,nan,0,nan,nan,nan,0,nan,nan,nan,nan,nan,nan,nan,nan,nan,nan,nan,nan,nan,nan,nan,nan,nan,nan,nan,nan,nan,nan,nan,nan,nan,nan,nan,nan,nan,nan,nan,nan,nan,nan,nan,nan,nan,nan,nan,nan,nan,nan,nan,nan,nan,nan,nan,nan,nan,nan,2.000000,121.628179,-85.507954,-86.497420,10.000000,0.000000,121.761165,-85.507954,-86.497420,-5.689248,10.000000,0.000000,10.071648,inf,0.000000,1.000000,0.000000,0.000000,0.000000,0.000000,0.000000,0.000000,0.000000,0.000000,0.000000,0.000000,11.000000,3.701238,12.975140,nan
17.080,APPROACH,121.396435,8.041305,121.008077,-5.429285,-7.540283,-6.568419,1.199248,-50.811183,-66.811183,29.999285,0.000000,0.000000,0.000752,0.000000,0.000000,0.000000,-42.769878,54.196894,24.570000,-7.540283,-6.568419,1.200000,0.000000,0.000000,-138.940540,-50.811183,-66.811183,30.000000,0.000000,0.000000,0.000000,0.000000,0.000000,0.000000,8.041305,121.008077,-5.429285,121.396435,-7.540283,-6.568419,1.199248,10.071653,nan,nan,nan,0,nan,nan,nan,0,nan,nan,nan,nan,nan,nan,nan,nan,nan,nan,nan,nan,nan,nan,nan,nan,nan,nan,nan,nan,nan,nan,nan,nan,nan,nan,nan,nan,nan,nan,nan,nan,nan,nan,nan,nan,nan,nan,nan,nan,nan,nan,nan,nan,nan,nan,nan,nan,nan,nan,2.000000,121.274966,-85.546546,-85.961653,10.000000,0.000000,121.405544,-85.546546,-85.961653,-5.629285,10.000000,0.000000,10.071653,inf,0.000000,1.000000,0.000000,0.000000,0.000000,0.000000,0.000000,0.000000,0.000000,0.000000,0.000000,0.000000,11.000000,4.141051,12.912771,nan
17.120,APPROACH,121.039725,7.666350,120.677308,-5.369321,-7.499110,-6.615387,1.199285,-50.811183,-66.811183,29.999321,0.000000,0.000000,0.000715,0.000000,0.000000,0.000000,-43.144834,53.866125,24.630000,-7.499110,-6.615387,1.200000,0.000000,0.000000,-138.582671,-50.811183,-66.811183,30.000000,0.000000,0.000000,0.000000,0.000000,0.000000,0.000000,7.666350,120.677308,-5.369321,121.039725,-7.499110,-6.615387,1.199285,10.071658,nan,nan,nan,0,nan,nan,nan,0,nan,nan,nan,nan,nan,nan,nan,nan,nan,nan,nan,nan,nan,nan,nan,nan,nan,nan,nan,nan,nan,nan,nan,nan,nan,nan,nan,nan,nan,nan,nan,nan,nan,nan,nan,nan,nan,nan,nan,nan,nan,nan,nan,nan,nan,nan,nan,nan,nan,nan,2.000000,120.920575,-85.581790,-85.425656,10.000000,0.000000,121.048762,-85.581790,-85.425656,-5.569321,10.000000,0.000000,10.071658,inf,0.000000,1.000000,0.000000,0.000000,0.000000,0.000000,0.000000,0.000000,0.000000,0.000000,0.000000,0.000000,11.000000,4.599931,12.847699,nan
17.180,APPROACH,120.681859,7.293467,120.344203,-5.309355,-7.457644,-6.662097,1.199321,-50.811183,-66.811183,29.999355,0.000000,0.000000,0.000679,0.000000,0.000000,0.000000,-43.517716,53.533020,24.690000,-7.457644,-6.662097,1.200000,0.000000,0.000000,-138.224801,-50.811183,-66.811183,30.000000,0.000000,0.000000,0.000000,0.000000,0.000000,0.000000,7.293467,120.344203,-5.309355,120.681859,-7.457644,-6.662097,1.199321,10.071662,nan,nan,nan,0,nan,nan,nan,0,nan,nan,nan,nan,nan,nan,nan,nan,nan,nan,nan,nan,nan,nan,nan,nan,nan,nan,nan,nan,nan,nan,nan,nan,nan,nan,nan,nan,nan,nan,nan,nan,nan,nan,nan,nan,nan,nan,nan,nan,nan,nan,nan,nan,nan,nan,nan,nan,nan,nan,2.000000,120.565011,-85.613686,-84.889449,10.000000,-0.000000,120.690823,-85.613686,-84.889449,-5.509355,10.000000,-0.000000,10.071662,inf,0.000000,1.000000,0.000000,0.000000,0.000000,0.000000,0.000000,0.000000,0.000000,0.000000,0.000000,0.000000,11.000000,5.072690,12.780658,nan
17.220,APPROACH,120.322839,6.922673,120.008776,-5.249387,-7.415888,-6.708547,1.199355,-50.811183,-66.811183,29.999387,0.000000,0.000000,0.000645,0.000000,0.000000,0.000000,-43.888510,53.197592,24.750000,-7.415888,-6.708547,1.200000,0.000000,0.000000,-137.866932,-50.811183,-66.811183,30.000000,0.000000,0.000000,0.000000,0.000000,0.000000,0.000000,6.922673,120.008776,-5.249387,120.322839,-7.415888,-6.708547,1.199355,10.071666,nan,nan,nan,0,nan,nan,nan,0,nan,nan,nan,nan,nan,nan,nan,nan,nan,nan,nan,nan,nan,nan,nan,nan,nan,nan,nan,nan,nan,nan,nan,nan,nan,nan,nan,nan,nan,nan,nan,nan,nan,nan,nan,nan,nan,nan,nan,nan,nan,nan,nan,nan,nan,nan,nan,nan,nan,nan,2.000000,120.208276,-85.642232,-84.353054,10.000000,0.000000,120.331731,-85.642232,-84.353054,-5.449387,10.000000,0.000000,10.071666,inf,0.000000,1.000000,0.000000,0.000000,0.000000,0.000000,0.000000,0.000000,0.000000,0.000000,0.000000,0.000000,11.000000,5.555771,12.712154,nan
17.280,APPROACH,119.962670,6.553981,119.671039,-5.189418,-7.373842,-6.754736,1.199387,-50.811183,-66.811183,29.999418,0.000000,0.000000,0.000613,0.000000,0.000000,0.000000,-44.257202,52.859856,24.810000,-7.373842,-6.754736,1.200000,0.000000,0.000000,-137.509063,-50.811183,-66.811183,30.000000,0.000000,0.000000,0.000000,0.000000,0.000000,0.000000,6.553981,119.671039,-5.189418,119.962670,-7.373842,-6.754736,1.199387,10.071670,nan,nan,nan,0,nan,nan,nan,0,nan,nan,nan,nan,nan,nan,nan,nan,nan,nan,nan,nan,nan,nan,nan,nan,nan,nan,nan,nan,nan,nan,nan,nan,nan,nan,nan,nan,nan,nan,nan,nan,nan,nan,nan,nan,nan,nan,nan,nan,nan,nan,nan,nan,nan,nan,nan,nan,nan,nan,2.000000,119.850374,-85.667427,-83.816491,10.000000,0.000000,119.971488,-85.667427,-83.816491,-5.389418,10.000000,0.000000,10.071670,inf,0.000000,1.000000,0.000000,0.000000,0.000000,0.000000,0.000000,0.000000,0.000000,0.000000,0.000000,0.000000,11.000000,6.046684,12.642540,nan
17.320,APPROACH,119.601355,6.187405,119.331006,-5.129447,-7.331508,-6.800661,1.199418,-50.811183,-66.811183,29.999447,0.000000,0.000000,0.000582,0.000000,0.000000,0.000000,-44.623778,52.519823,24.870000,-7.331508,-6.800661,1.200000,0.000000,0.000000,-137.151194,-50.811183,-66.811183,30.000000,0.000000,0.000000,0.000000,0.000000,0.000000,0.000000,6.187405,119.331006,-5.129447,119.601355,-7.331508,-6.800661,1.199418,10.071673,nan,nan,nan,0,nan,nan,nan,0,nan,nan,nan,nan,nan,nan,nan,nan,nan,nan,nan,nan,nan,nan,nan,nan,nan,nan,nan,nan,nan,nan,nan,nan,nan,nan,nan,nan,nan,nan,nan,nan,nan,nan,nan,nan,nan,nan,nan,nan,nan,nan,nan,nan,nan,nan,nan,nan,nan,nan,2.000000,119.491309,-85.689270,-83.279781,10.000000,0.000000,119.610100,-85.689270,-83.279781,-5.329447,10.000000,0.000000,10.071673,inf,0.000000,1.000000,0.000000,0.000000,0.000000,0.000000,0.000000,0.000000,0.000000,0.000000,0.000000,0.000000,11.000000,6.543649,12.572067,nan
17.380,APPROACH,119.238898,5.822961,118.988690,-5.069475,-7.288889,-6.846320,1.199447,-50.811183,-66.811183,29.999475,0.000000,0.000000,0.000553,0.000000,0.000000,0.000000,-44.988222,52.177507,24.930000,-7.288889,-6.846320,1.200000,0.000000,0.000000,-136.793324,-50.811183,-66.811183,30.000000,0.000000,0.000000,0.000000,0.000000,0.000000,0.000000,5.822961,118.988690,-5.069475,119.238898,-7.288889,-6.846320,1.199447,10.071677,nan,nan,nan,0,nan,nan,nan,0,nan,nan,nan,nan,nan,nan,nan,nan,nan,nan,nan,nan,nan,nan,nan,nan,nan,nan,nan,nan,nan,nan,nan,nan,nan,nan,nan,nan,nan,nan,nan,nan,nan,nan,nan,nan,nan,nan,nan,nan,nan,nan,nan,nan,nan,nan,nan,nan,nan,nan,2.000000,119.131084,-85.707760,-82.742945,10.000000,0.000000,119.247568,-85.707760,-82.742945,-5.269475,10.000000,0.000000,10.071677,inf,0.000000,1.000000,0.000000,0.000000,0.000000,0.000000,0.000000,0.000000,0.000000,0.000000,0.000000,0.000000,11.000000,7.045368,12.500919,nan
17.420,APPROACH,118.875302,5.460662,118.644104,-5.009501,-7.245985,-6.891713,1.199475,-50.811183,-66.811183,29.999501,0.000000,0.000000,0.000525,0.000000,0.000000,0.000000,-45.350521,51.832921,24.990000,-7.245985,-6.891713,1.200000,0.000000,0.000000,-136.435455,-50.811183,-66.811183,30.000000,0.000000,0.000000,0.000000,0.000000,0.000000,0.000000,5.460662,118.644104,-5.009501,118.875302,-7.245985,-6.891713,1.199475,10.071680,nan,nan,nan,0,nan,nan,nan,0,nan,nan,nan,nan,nan,nan,nan,nan,nan,nan,nan,nan,nan,nan,nan,nan,nan,nan,nan,nan,nan,nan,nan,nan,nan,nan,nan,nan,nan,nan,nan,nan,nan,nan,nan,nan,nan,nan,nan,nan,nan,nan,nan,nan,nan,nan,nan,nan,nan,nan,2.000000,118.769703,-85.722897,-82.206005,10.000000,0.000000,118.883898,-85.722897,-82.206005,-5.209501,10.000000,0.000000,10.071680,inf,0.000000,1.000000,0.000000,0.000000,0.000000,0.000000,0.000000,0.000000,0.000000,0.000000,0.000000,0.000000,11.000000,7.550876,12.429235,nan
17.480,APPROACH,118.510571,5.100522,118.297262,-4.949526,-7.202798,-6.936836,1.199501,-50.811183,-66.811183,29.999526,0.000000,0.000000,0.000499,0.000000,0.000000,0.000000,-45.710661,51.486079,25.050000,-7.202798,-6.936836,1.200000,0.000000,0.000000,-136.077586,-50.811183,-66.811183,30.000000,0.000000,0.000000,0.000000,0.000000,0.000000,0.000000,5.100522,118.297262,-4.949526,118.510571,-7.202798,-6.936836,1.199501,10.071683,nan,nan,nan,0,nan,nan,nan,0,nan,nan,nan,nan,nan,nan,nan,nan,nan,nan,nan,nan,nan,nan,nan,nan,nan,nan,nan,nan,nan,nan,nan,nan,nan,nan,nan,nan,nan,nan,nan,nan,nan,nan,nan,nan,nan,nan,nan,nan,nan,nan,nan,nan,nan,nan,nan,nan,nan,nan,2.000000,118.407169,-85.734679,-81.668980,10.000000,-0.000000,118.519092,-85.734679,-81.668980,-5.149526,10.000000,-0.000000,10.071683,inf,0.000000,1.000000,0.000000,0.000000,0.000000,0.000000,0.000000,0.000000,0.000000,0.000000,0.000000,0.000000,11.000000,8.059443,12.357117,nan
17.520,APPROACH,118.144709,4.742555,117.948178,-4.889550,-7.159330,-6.981689,1.199526,-50.811183,-66.811183,29.999550,0.000000,0.000000,0.000474,0.000000,0.000000,0.000000,-46.068628,51.136995,25.110000,-7.159330,-6.981689,1.200000,0.000000,0.000000,-135.719718,-50.811183,-66.811183,30.000000,0.000000,0.000000,0.000000,0.000000,0.000000,0.000000,4.742555,117.948178,-4.889550,118.144709,-7.159330,-6.981689,1.199526,10.071686,nan,nan,nan,0,nan,nan,nan,0,nan,nan,nan,nan,nan,nan,nan,nan,nan,nan,nan,nan,nan,nan,nan,nan,nan,nan,nan,nan,nan,nan,nan,nan,nan,nan,nan,nan,nan,nan,nan,nan,nan,nan,nan,nan,nan,nan,nan,nan,nan,nan,nan,nan,nan,nan,nan,nan,nan,nan,2.000000,118.043485,-85.743107,-81.131893,10.000000,-0.000000,118.153155,-85.743107,-81.131893,-5.089550,10.000000,-0.000000,10.071686,inf,0.000000,1.000000,0.000000,0.000000,0.000000,0.000000,0.000000,0.000000,0.000000,0.000000,0.000000,0.000000,10.000000,3.188098,12.042991,nan
17.580,APPROACH,117.777719,4.386776,117.596864,-4.829572,-7.115584,-7.026270,1.199550,-50.811183,-66.811183,29.999572,0.000000,0.000000,0.000450,0.000000,0.000000,0.000000,-46.424407,50.785681,25.170000,-7.115584,-7.026270,1.200000,0.000000,0.000000,-135.361849,-50.811183,-66.811183,30.000000,0.000000,0.000000,0.000000,0.000000,0.000000,0.000000,4.386776,117.596864,-4.829572,117.777719,-7.115584,-7.026270,1.199550,10.071689,nan,nan,nan,0,nan,nan,nan,0,nan,nan,nan,nan,nan,nan,nan,nan,nan,nan,nan,nan,nan,nan,nan,nan,nan,nan,nan,nan,nan,nan,nan,nan,nan,nan,nan,nan,nan,nan,nan,nan,nan,nan,nan,nan,nan,nan,nan,nan,nan,nan,nan,nan,nan,nan,nan,nan,nan,nan,2.000000,117.678657,-85.748180,-80.594763,10.000000,0.000000,117.786090,-85.748180,-80.594763,-5.029572,10.000000,0.000000,10.071689,inf,0.000000,1.000000,0.000000,0.000000,0.000000,0.000000,0.000000,0.000000,0.000000,0.000000,0.000000,0.000000,10.000000,2.825391,12.094984,nan
17.620,APPROACH,117.409605,4.033198,117.243335,-4.769594,-7.071559,-7.070577,1.199572,-50.811183,-66.811183,29.999594,0.000000,0.000000,0.000428,0.000000,0.000000,0.000000,-46.777985,50.432152,25.230000,-7.071559,-7.070577,1.200000,0.000000,0.000000,-135.003980,-50.811183,-66.811183,30.000000,0.000000,0.000000,0.000000,0.000000,0.000000,0.000000,4.033198,117.243335,-4.769594,117.409605,-7.071559,-7.070577,1.199572,10.071692,nan,nan,nan,0,nan,nan,nan,0,nan,nan,nan,nan,nan,nan,nan,nan,nan,nan,nan,nan,nan,nan,nan,nan,nan,nan,nan,nan,nan,nan,nan,nan,nan,nan,nan,nan,nan,nan,nan,nan,nan,nan,nan,nan,nan,nan,nan,nan,nan,nan,nan,nan,nan,nan,nan,nan,nan,nan,2.000000,117.312686,-85.749898,-80.057613,10.000000,0.000000,117.417900,-85.749898,-80.057613,-4.969594,10.000000,0.000000,10.071692,inf,0.000000,1.000000,0.000000,0.000000,0.000000,0.000000,0.000000,0.000000,0.000000,0.000000,0.000000,0.000000,10.000000,2.522694,12.138375,nan
17.680,APPROACH,117.040372,3.681835,116.887605,-4.709614,-7.027259,-7.114607,1.199594,-50.811183,-66.811183,29.999614,0.000000,0.000000,0.000406,0.000000,0.000000,0.000000,-47.129348,50.076422,25.290000,-7.027259,-7.114607,1.200000,0.000000,0.000000,-134.646111,-50.811183,-66.811183,30.000000,0.000000,0.000000,0.000000,0.000000,0.000000,0.000000,3.681835,116.887605,-4.709614,117.040372,-7.027259,-7.114607,1.199594,10.071694,nan,nan,nan,0,nan,nan,nan,0,nan,nan,nan,nan,nan,nan,nan,nan,nan,nan,nan,nan,nan,nan,nan,nan,nan,nan,nan,nan,nan,nan,nan,nan,nan,nan,nan,nan,nan,nan,nan,nan,nan,nan,nan,nan,nan,nan,nan,nan,nan,nan,nan,nan,nan,nan,nan,nan,nan,nan,2.000000,116.945578,-85.748261,-79.520462,10.000000,0.000000,117.048590,-85.748261,-79.520462,-4.909614,10.000000,0.000000,10.071694,inf,0.000000,1.000000,0.000000,0.000000,0.000000,0.000000,0.000000,0.000000,0.000000,0.000000,0.000000,0.000000,10.000000,2.303795,12.169754,nan
17.720,APPROACH,116.670022,3.332701,116.529687,-4.649633,-6.982684,-7.158360,1.199614,-50.811183,-66.811183,29.999633,0.000000,0.000000,0.000386,0.000000,0.000000,0.000000,-47.478482,49.718504,25.350000,-6.982684,-7.158360,1.200000,0.000000,0.000000,-134.288243,-50.811183,-66.811183,30.000000,0.000000,0.000000,0.000000,0.000000,0.000000,0.000000,3.332701,116.529687,-4.649633,116.670022,-6.982684,-7.158360,1.199614,10.071697,nan,nan,nan,0,nan,nan,nan,0,nan,nan,nan,nan,nan,nan,nan,nan,nan,nan,nan,nan,nan,nan,nan,nan,nan,nan,nan,nan,nan,nan,nan,nan,nan,nan,nan,nan,nan,nan,nan,nan,nan,nan,nan,nan,nan,nan,nan,nan,nan,nan,nan,nan,nan,nan,nan,nan,nan,nan,2.000000,116.577334,-85.743269,-78.983332,10.000000,0.000000,116.678163,-85.743269,-78.983332,-4.849633,10.000000,0.000000,10.071697,inf,0.000000,1.000000,0.000000,0.000000,0.000000,0.000000,0.000000,0.000000,0.000000,0.000000,0.000000,0.000000,10.000000,2.193933,12.185503,nan
17.780,APPROACH,116.298559,2.985809,116.169595,-4.589652,-6.937837,-7.201834,1.199633,-50.811183,-66.811183,29.999652,0.000000,0.000000,0.000367,0.000000,0.000000,0.000000,-47.825374,49.358412,25.410000,-6.937837,-7.201834,1.200000,0.000000,0.000000,-133.930374,-50.811183,-66.811183,30.000000,0.000000,0.000000,0.000000,0.000000,0.000000,0.000000,2.985809,116.169595,-4.589652,116.298559,-6.937837,-7.201834,1.199633,10.071699,nan,nan,nan,0,nan,nan,nan,0,nan,nan,nan,nan,nan,nan,nan,nan,nan,nan,nan,nan,nan,nan,nan,nan,nan,nan,nan,nan,nan,nan,nan,nan,nan,nan,nan,nan,nan,nan,nan,nan,nan,nan,nan,nan,nan,nan,nan,nan,nan,nan,nan,nan,nan,nan,nan,nan,nan,nan,2.000000,116.207960,-85.734922,-78.446244,10.000000,0.000000,116.306624,-85.734922,-78.446244,-4.789652,10.000000,0.000000,10.071699,inf,0.000000,1.000000,0.000000,0.000000,0.000000,0.000000,0.000000,0.000000,0.000000,0.000000,0.000000,0.000000,10.000000,2.209437,12.183280,nan
17.820,APPROACH,115.925988,2.641173,115.807344,-4.529669,-6.892720,-7.245027,1.199652,-50.811183,-66.811183,29.999669,0.000000,0.000000,0.000348,0.000000,0.000000,0.000000,-48.170010,48.996161,25.470000,-6.892720,-7.245027,1.200000,0.000000,0.000000,-133.572506,-50.811183,-66.811183,30.000000,0.000000,0.000000,0.000000,0.000000,0.000000,0.000000,2.641173,115.807344,-4.529669,115.925988,-6.892720,-7.245027,1.199652,10.071701,nan,nan,nan,0,nan,nan,nan,0,nan,nan,nan,nan,nan,nan,nan,nan,nan,nan,nan,nan,nan,nan,nan,nan,nan,nan,nan,nan,nan,nan,nan,nan,nan,nan,nan,nan,nan,nan,nan,nan,nan,nan,nan,nan,nan,nan,nan,nan,nan,nan,nan,nan,nan,nan,nan,nan,nan,nan,2.000000,115.837458,-85.723220,-77.909218,10.000000,0.000000,115.933975,-85.723220,-77.909218,-4.729669,10.000000,0.000000,10.071701,inf,0.000000,1.000000,0.000000,0.000000,0.000000,0.000000,0.000000,0.000000,0.000000,0.000000,0.000000,0.000000,10.000000,2.347824,12.163443,nan
17.880,APPROACH,115.552311,2.298807,115.442947,-4.469686,-6.847333,-7.287937,1.199669,-50.811183,-66.811183,29.999686,0.000000,0.000000,0.000331,0.000000,0.000000,0.000000,-48.512377,48.631764,25.530000,-6.847333,-7.287937,1.200000,0.000000,0.000000,-133.214638,-50.811183,-66.811183,30.000000,0.000000,0.000000,0.000000,0.000000,0.000000,0.000000,2.298807,115.442947,-4.469686,115.552311,-6.847333,-7.287937,1.199669,10.071703,nan,nan,nan,0,nan,nan,nan,0,nan,nan,nan,nan,nan,nan,nan,nan,nan,nan,nan,nan,nan,nan,nan,nan,nan,nan,nan,nan,nan,nan,nan,nan,nan,nan,nan,nan,nan,nan,nan,nan,nan,nan,nan,nan,nan,nan,nan,nan,nan,nan,nan,nan,nan,nan,nan,nan,nan,nan,2.000000,115.465833,-85.708164,-77.372276,10.000000,0.000000,115.560220,-85.708164,-77.372276,-4.669686,10.000000,0.000000,10.071703,inf,0.000000,1.000000,0.000000,0.000000,0.000000,0.000000,0.000000,0.000000,0.000000,0.000000,0.000000,0.000000,10.000000,2.589463,12.128804,nan
17.920,APPROACH,115.177534,1.958723,115.076419,-4.409701,-6.801680,-7.330563,1.199686,-50.811183,-66.811183,29.999701,0.000000,0.000000,0.000314,0.000000,0.000000,0.000000,-48.852461,48.265236,25.590000,-6.801680,-7.330563,1.200000,0.000000,0.000000,-132.856769,-50.811183,-66.811183,30.000000,0.000000,0.000000,0.000000,0.000000,0.000000,0.000000,1.958723,115.076419,-4.409701,115.177534,-6.801680,-7.330563,1.199686,10.071705,nan,nan,nan,0,nan,nan,nan,0,nan,nan,nan,nan,nan,nan,nan,nan,nan,nan,nan,nan,nan,nan,nan,nan,nan,nan,nan,nan,nan,nan,nan,nan,nan,nan,nan,nan,nan,nan,nan,nan,nan,nan,nan,nan,nan,nan,nan,nan,nan,nan,nan,nan,nan,nan,nan,nan,nan,nan,2.000000,115.093088,-85.689755,-76.835439,10.000000,0.000000,115.185364,-85.689755,-76.835439,-4.609701,10.000000,0.000000,10.071705,inf,0.000000,1.000000,0.000000,0.000000,0.000000,0.000000,0.000000,0.000000,0.000000,0.000000,0.000000,0.000000,10.000000,2.908726,12.083038,nan
17.980,APPROACH,114.801659,1.620935,114.707774,-4.349716,-6.755761,-7.372903,1.199701,-50.811183,-66.811183,29.999716,0.000000,0.000000,0.000299,0.000000,0.000000,0.000000,-49.190249,47.896591,25.650000,-6.755761,-7.372903,1.200000,0.000000,0.000000,-132.498901,-50.811183,-66.811183,30.000000,0.000000,0.000000,0.000000,0.000000,0.000000,0.000000,1.620935,114.707774,-4.349716,114.801659,-6.755761,-7.372903,1.199701,10.071707,nan,nan,nan,0,nan,nan,nan,0,nan,nan,nan,nan,nan,nan,nan,nan,nan,nan,nan,nan,nan,nan,nan,nan,nan,nan,nan,nan,nan,nan,nan,nan,nan,nan,nan,nan,nan,nan,nan,nan,nan,nan,nan,nan,nan,nan,nan,nan,nan,nan,nan,nan,nan,nan,nan,nan,nan,nan,2.000000,114.719226,-85.667993,-76.298727,10.000000,0.000000,114.809410,-85.667993,-76.298727,-4.549716,10.000000,0.000000,10.071707,inf,0.000000,1.000000,0.000000,0.000000,0.000000,0.000000,0.000000,0.000000,0.000000,0.000000,0.000000,0.000000,10.000000,3.283034,12.029382,nan
18.020,APPROACH,114.424690,1.285456,114.337026,-4.289730,-6.709578,-7.414955,1.199716,-50.811183,-66.811183,29.999730,0.000000,0.000000,0.000284,0.000000,0.000000,0.000000,-49.525728,47.525843,25.710000,-6.709578,-7.414955,1.200000,0.000000,0.000000,-132.141033,-50.811183,-66.811183,30.000000,0.000000,0.000000,0.000000,0.000000,0.000000,0.000000,1.285456,114.337026,-4.289730,114.424690,-6.709578,-7.414955,1.199716,10.071709,nan,nan,nan,0,nan,nan,nan,0,nan,nan,nan,nan,nan,nan,nan,nan,nan,nan,nan,nan,nan,nan,nan,nan,nan,nan,nan,nan,nan,nan,nan,nan,nan,nan,nan,nan,nan,nan,nan,nan,nan,nan,nan,nan,nan,nan,nan,nan,nan,nan,nan,nan,nan,nan,nan,nan,nan,nan,2.000000,114.344252,-85.642879,-75.762162,10.000000,0.000000,114.432363,-85.642879,-75.762162,-4.489730,10.000000,0.000000,10.071709,inf,0.000000,1.000000,0.000000,0.000000,0.000000,0.000000,0.000000,0.000000,0.000000,0.000000,0.000000,0.000000,10.000000,3.695687,11.970228,nan
18.080,APPROACH,114.046632,0.952299,113.964190,-4.229744,-6.663134,-7.456718,1.199730,-50.811183,-66.811183,29.999744,0.000000,0.000000,0.000270,0.000000,0.000000,0.000000,-49.858884,47.153007,25.770000,-6.663134,-7.456718,1.200000,0.000000,0.000000,-131.783165,-50.811183,-66.811183,30.000000,0.000000,0.000000,0.000000,0.000000,0.000000,0.000000,0.952299,113.964190,-4.229744,114.046632,-6.663134,-7.456718,1.199730,10.071711,nan,nan,nan,0,nan,nan,nan,0,nan,nan,nan,nan,nan,nan,nan,nan,nan,nan,nan,nan,nan,nan,nan,nan,nan,nan,nan,nan,nan,nan,nan,nan,nan,nan,nan,nan,nan,nan,nan,nan,nan,nan,nan,nan,nan,nan,nan,nan,nan,nan,nan,nan,nan,nan,nan,nan,nan,nan,2.000000,113.968169,-85.614414,-75.225764,10.000000,0.000000,114.054225,-85.614414,-75.225764,-4.429744,10.000000,0.000000,10.071711,inf,0.000000,1.000000,0.000000,0.000000,0.000000,0.000000,0.000000,0.000000,0.000000,0.000000,0.000000,0.000000,10.000000,4.135209,11.907224,nan
18.120,APPROACH,113.667488,0.621477,113.589281,-4.169757,-6.616430,-7.498190,1.199744,-50.811183,-66.811183,29.999757,0.000000,0.000000,0.000256,0.000000,0.000000,0.000000,-50.189706,46.778097,25.830000,-6.616430,-7.498190,1.200000,0.000000,0.000000,-131.425297,-50.811183,-66.811183,30.000000,0.000000,0.000000,0.000000,0.000000,0.000000,0.000000,0.621477,113.589281,-4.169757,113.667488,-6.616430,-7.498190,1.199744,10.071712,nan,nan,nan,0,nan,nan,nan,0,nan,nan,nan,nan,nan,nan,nan,nan,nan,nan,nan,nan,nan,nan,nan,nan,nan,nan,nan,nan,nan,nan,nan,nan,nan,nan,nan,nan,nan,nan,nan,nan,nan,nan,nan,nan,nan,nan,nan,nan,nan,nan,nan,nan,nan,nan,nan,nan,nan,nan,2.000000,113.590981,-85.582600,-74.689555,10.000000,-0.000000,113.675000,-85.582600,-74.689555,-4.369757,10.000000,-0.000000,10.071712,inf,0.000000,1.000000,0.000000,0.000000,0.000000,0.000000,0.000000,0.000000,0.000000,0.000000,0.000000,0.000000,10.000000,4.593879,11.841474,nan
18.180,APPROACH,113.287262,0.293004,113.212312,-4.109769,-6.569468,-7.539370,1.199757,-50.811183,-66.811183,29.999769,0.000000,0.000000,0.000243,0.000000,0.000000,0.000000,-50.518179,46.401129,25.890000,-6.569468,-7.539370,1.200000,0.000000,0.000000,-131.067429,-50.811183,-66.811183,30.000000,0.000000,0.000000,0.000000,0.000000,0.000000,0.000000,0.293004,113.212312,-4.109769,113.287262,-6.569468,-7.539370,1.199757,10.071714,nan,nan,nan,0,nan,nan,nan,0,nan,nan,nan,nan,nan,nan,nan,nan,nan,nan,nan,nan,nan,nan,nan,nan,nan,nan,nan,nan,nan,nan,nan,nan,nan,nan,nan,nan,nan,nan,nan,nan,nan,nan,nan,nan,nan,nan,nan,nan,nan,nan,nan,nan,nan,nan,nan,nan,nan,nan,2.000000,113.212691,-85.547436,-74.153554,10.000000,0.000000,113.294694,-85.547436,-74.153554,-4.309769,10.000000,0.000000,10.071714,inf,0.000000,1.000000,0.000000,0.000000,0.000000,0.000000,0.000000,0.000000,0.000000,0.000000,0.000000,0.000000,10.000000,5.066484,11.773727,nan
18.220,APPROACH,112.905958,-0.033108,112.833299,-4.049780,-6.522249,-7.580255,1.199769,-50.811183,-66.811183,29.999780,0.000000,0.000000,0.000231,0.000000,0.000000,0.000000,-50.844292,46.022116,25.950000,-6.522249,-7.580255,1.200000,0.000000,0.000000,-130.709561,-50.811183,-66.811183,30.000000,0.000000,0.000000,0.000000,0.000000,0.000000,0.000000,-0.033108,112.833299,-4.049780,112.905958,-6.522249,-7.580255,1.199769,10.071715,nan,nan,nan,0,nan,nan,nan,0,nan,nan,nan,nan,nan,nan,nan,nan,nan,nan,nan,nan,nan,nan,nan,nan,nan,nan,nan,nan,nan,nan,nan,nan,nan,nan,nan,nan,nan,nan,nan,nan,nan,nan,nan,nan,nan,nan,nan,nan,nan,nan,nan,nan,nan,nan,nan,nan,nan,nan,2.000000,112.833304,-85.508926,-73.617784,10.000000,0.000000,112.913308,-85.508926,-73.617784,-4.249780,10.000000,0.000000,10.071715,inf,0.000000,1.000000,0.000000,0.000000,0.000000,0.000000,0.000000,0.000000,0.000000,0.000000,0.000000,0.000000,10.000000,5.549448,11.704494,nan
18.280,APPROACH,112.523579,-0.356847,112.452257,-3.989791,-6.474776,-7.620845,1.199780,-50.811183,-66.811183,29.999791,0.000000,0.000000,0.000220,0.000000,0.000000,0.000000,-51.168030,45.641074,26.010000,-6.474776,-7.620845,1.200000,0.000000,0.000000,-130.351693,-50.811183,-66.811183,30.000000,0.000000,0.000000,0.000000,0.000000,0.000000,0.000000,-0.356847,112.452257,-3.989791,112.523579,-6.474776,-7.620845,1.199780,10.071716,nan,nan,nan,0,nan,nan,nan,0,nan,nan,nan,nan,nan,nan,nan,nan,nan,nan,nan,nan,nan,nan,nan,nan,nan,nan,nan,nan,nan,nan,nan,nan,nan,nan,nan,nan,nan,nan,nan,nan,nan,nan,nan,nan,nan,nan,nan,nan,nan,nan,nan,nan,nan,nan,nan,nan,nan,nan,2.000000,112.452823,-85.467070,-73.082265,10.000000,-0.000000,112.530848,-85.467070,-73.082265,-4.189791,10.000000,-0.000000,10.071716,inf,0.000000,1.000000,0.000000,0.000000,0.000000,0.000000,0.000000,0.000000,0.000000,0.000000,0.000000,0.000000,10.000000,6.040272,11.634135,nan
18.320,APPROACH,112.140131,-0.678200,112.069200,-3.929802,-6.427050,-7.661137,1.199791,-50.811183,-66.811183,29.999802,0.000000,0.000000,0.000209,0.000000,0.000000,0.000000,-51.489383,45.258017,26.070000,-6.427050,-7.661137,1.200000,0.000000,0.000000,-129.993825,-50.811183,-66.811183,30.000000,0.000000,0.000000,0.000000,0.000000,0.000000,0.000000,-0.678200,112.069200,-3.929802,112.140131,-6.427050,-7.661137,1.199791,10.071718,nan,nan,nan,0,nan,nan,nan,0,nan,nan,nan,nan,nan,nan,nan,nan,nan,nan,nan,nan,nan,nan,nan,nan,nan,nan,nan,nan,nan,nan,nan,nan,nan,nan,nan,nan,nan,nan,nan,nan,nan,nan,nan,nan,nan,nan,nan,nan,nan,nan,nan,nan,nan,nan,nan,nan,nan,nan,2.000000,112.071252,-85.421869,-72.547018,10.000000,0.000000,112.147318,-85.421869,-72.547018,-4.129802,10.000000,0.000000,10.071718,inf,0.000000,1.000000,0.000000,0.000000,0.000000,0.000000,0.000000,0.000000,0.000000,0.000000,0.000000,0.000000,10.000000,6.537167,11.562906,nan
18.380,APPROACH,111.755616,-0.997153,111.684144,-3.869812,-6.379074,-7.701131,1.199802,-50.811183,-66.811183,29.999812,0.000000,0.000000,0.000198,0.000000,0.000000,0.000000,-51.808337,44.872961,26.130000,-6.379074,-7.701131,1.200000,0.000000,0.000000,-129.635957,-50.811183,-66.811183,30.000000,0.000000,0.000000,0.000000,0.000000,0.000000,0.000000,-0.997153,111.684144,-3.869812,111.755616,-6.379074,-7.701131,1.199802,10.071719,nan,nan,nan,0,nan,nan,nan,0,nan,nan,nan,nan,nan,nan,nan,nan,nan,nan,nan,nan,nan,nan,nan,nan,nan,nan,nan,nan,nan,nan,nan,nan,nan,nan,nan,nan,nan,nan,nan,nan,nan,nan,nan,nan,nan,nan,nan,nan,nan,nan,nan,nan,nan,nan,nan,nan,nan,nan,2.000000,111.688595,-85.373327,-72.012064,10.000000,0.000000,111.762720,-85.373327,-72.012064,-4.069812,10.000000,0.000000,10.071719,inf,0.000000,1.000000,0.000000,0.000000,0.000000,0.000000,0.000000,0.000000,0.000000,0.000000,0.000000,0.000000,10.000000,7.038832,11.490993,nan
18.420,APPROACH,111.370039,-1.313696,111.297103,-3.809821,-6.330849,-7.740824,1.199812,-50.811183,-66.811183,29.999821,0.000000,0.000000,0.000188,0.000000,0.000000,0.000000,-52.124879,44.485919,26.190000,-6.330849,-7.740824,1.200000,0.000000,0.000000,-129.278089,-50.811183,-66.811183,30.000000,0.000000,0.000000,0.000000,0.000000,0.000000,0.000000,-1.313696,111.297103,-3.809821,111.370039,-6.330849,-7.740824,1.199812,10.071720,nan,nan,nan,0,nan,nan,nan,0,nan,nan,nan,nan,nan,nan,nan,nan,nan,nan,nan,nan,nan,nan,nan,nan,nan,nan,nan,nan,nan,nan,nan,nan,nan,nan,nan,nan,nan,nan,nan,nan,nan,nan,nan,nan,nan,nan,nan,nan,nan,nan,nan,nan,nan,nan,nan,nan,nan,nan,2.000000,111.304855,-85.321444,-71.477423,10.000000,0.000000,111.377060,-85.321444,-71.477423,-4.009821,10.000000,0.000000,10.071720,inf,0.000000,1.000000,0.000000,0.000000,0.000000,0.000000,0.000000,0.000000,0.000000,0.000000,0.000000,0.000000,10.000000,7.544296,11.418536,nan
18.480,APPROACH,110.983403,-1.627815,110.908092,-3.749830,-6.282377,-7.780215,1.199821,-50.811183,-66.811183,29.999830,0.000000,0.000000,0.000179,0.000000,0.000000,0.000000,-52.438998,44.096909,26.250000,-6.282377,-7.780215,1.200000,0.000000,0.000000,-128.920221,-50.811183,-66.811183,30.000000,0.000000,0.000000,0.000000,0.000000,0.000000,0.000000,-1.627815,110.908092,-3.749830,110.983403,-6.282377,-7.780215,1.199821,10.071721,nan,nan,nan,0,nan,nan,nan,0,nan,nan,nan,nan,nan,nan,nan,nan,nan,nan,nan,nan,nan,nan,nan,nan,nan,nan,nan,nan,nan,nan,nan,nan,nan,nan,nan,nan,nan,nan,nan,nan,nan,nan,nan,nan,nan,nan,nan,nan,nan,nan,nan,nan,nan,nan,nan,nan,nan,nan,2.000000,110.920037,-85.266223,-70.943117,10.000000,0.000000,110.990341,-85.266223,-70.943117,-3.949830,10.000000,0.000000,10.071721,inf,0.000000,1.000000,0.000000,0.000000,0.000000,0.000000,0.000000,0.000000,0.000000,0.000000,0.000000,0.000000,10.000000,8.052827,11.345638,nan
18.520,APPROACH,110.595714,-1.939498,110.517127,-3.689839,-6.233660,-7.819302,1.199830,-50.811183,-66.811183,29.999839,0.000000,0.000000,0.000170,0.000000,0.000000,0.000000,-52.750681,43.705944,26.310000,-6.233660,-7.819302,1.200000,0.000000,0.000000,-128.562354,-50.811183,-66.811183,30.000000,0.000000,0.000000,0.000000,0.000000,0.000000,0.000000,-1.939498,110.517127,-3.689839,110.595714,-6.233660,-7.819302,1.199830,10.071722,nan,nan,nan,0,nan,nan,nan,0,nan,nan,nan,nan,nan,nan,nan,nan,nan,nan,nan,nan,nan,nan,nan,nan,nan,nan,nan,nan,nan,nan,nan,nan,nan,nan,nan,nan,nan,nan,nan,nan,nan,nan,nan,nan,nan,nan,nan,nan,nan,nan,nan,nan,nan,nan,nan,nan,nan,nan,2.000000,110.534144,-85.207665,-70.409167,10.000000,0.000000,110.602567,-85.207665,-70.409167,-3.889839,10.000000,0.000000,10.071722,inf,0.000000,1.000000,0.000000,0.000000,0.000000,0.000000,0.000000,0.000000,0.000000,0.000000,0.000000,0.000000,9.000000,3.193112,11.036354,nan
18.580,APPROACH,110.206973,-2.248733,110.124222,-3.629847,-6.184699,-7.858085,1.199839,-50.811183,-66.811183,29.999847,0.000000,0.000000,0.000161,0.000000,0.000000,0.000000,-53.059916,43.313039,26.370000,-6.184699,-7.858085,1.200000,0.000000,0.000000,-128.204486,-50.811183,-66.811183,30.000000,0.000000,0.000000,0.000000,0.000000,0.000000,0.000000,-2.248733,110.124222,-3.629847,110.206973,-6.184699,-7.858085,1.199839,10.071723,nan,nan,nan,0,nan,nan,nan,0,nan,nan,nan,nan,nan,nan,nan,nan,nan,nan,nan,nan,nan,nan,nan,nan,nan,nan,nan,nan,nan,nan,nan,nan,nan,nan,nan,nan,nan,nan,nan,nan,nan,nan,nan,nan,nan,nan,nan,nan,nan,nan,nan,nan,nan,nan,nan,nan,nan,nan,2.000000,110.147180,-85.145774,-69.875592,10.000000,0.000000,110.213742,-85.145774,-69.875592,-3.829847,10.000000,0.000000,10.071723,inf,0.000000,1.000000,0.000000,0.000000,0.000000,0.000000,0.000000,0.000000,0.000000,0.000000,0.000000,0.000000,9.000000,2.829759,11.089113,nan
18.620,APPROACH,109.817187,-2.555507,109.729394,-3.569854,-6.135498,-7.896561,1.199847,-50.811183,-66.811183,29.999854,0.000000,0.000000,0.000153,0.000000,0.000000,0.000000,-53.366691,42.918211,26.430000,-6.135498,-7.896561,1.200000,0.000000,0.000000,-127.846618,-50.811183,-66.811183,30.000000,0.000000,0.000000,0.000000,0.000000,0.000000,0.000000,-2.555507,109.729394,-3.569854,109.817187,-6.135498,-7.896561,1.199847,10.071724,nan,nan,nan,0,nan,nan,nan,0,nan,nan,nan,nan,nan,nan,nan,nan,nan,nan,nan,nan,nan,nan,nan,nan,nan,nan,nan,nan,nan,nan,nan,nan,nan,nan,nan,nan,nan,nan,nan,nan,nan,nan,nan,nan,nan,nan,nan,nan,nan,nan,nan,nan,nan,nan,nan,nan,nan,nan,2.000000,109.759148,-85.080551,-69.342415,10.000000,0.000000,109.823870,-85.080551,-69.342415,-3.769854,10.000000,0.000000,10.071724,inf,0.000000,1.000000,0.000000,0.000000,0.000000,0.000000,0.000000,0.000000,0.000000,0.000000,0.000000,0.000000,9.000000,2.526141,11.133199,nan
18.680,APPROACH,109.426358,-2.859810,109.332658,-3.509862,-6.086057,-7.934728,1.199854,-50.811183,-66.811183,29.999862,0.000000,0.000000,0.000146,0.000000,0.000000,0.000000,-53.670993,42.521475,26.490000,-6.086057,-7.934728,1.200000,0.000000,0.000000,-127.488751,-50.811183,-66.811183,30.000000,0.000000,0.000000,0.000000,0.000000,0.000000,0.000000,-2.859810,109.332658,-3.509862,109.426358,-6.086057,-7.934728,1.199854,10.071725,nan,nan,nan,0,nan,nan,nan,0,nan,nan,nan,nan,nan,nan,nan,nan,nan,nan,nan,nan,nan,nan,nan,nan,nan,nan,nan,nan,nan,nan,nan,nan,nan,nan,nan,nan,nan,nan,nan,nan,nan,nan,nan,nan,nan,nan,nan,nan,nan,nan,nan,nan,nan,nan,nan,nan,nan,nan,2.000000,109.370054,-85.011999,-68.809655,10.000000,-0.000000,109.432955,-85.011999,-68.809655,-3.709862,10.000000,-0.000000,10.071725,inf,0.000000,1.000000,0.000000,0.000000,0.000000,0.000000,0.000000,0.000000,0.000000,0.000000,0.000000,0.000000,9.000000,2.305988,11.165166,nan
18.720,APPROACH,109.034490,-3.161629,108.934029,-3.449869,-6.036378,-7.972587,1.199862,-50.811183,-66.811183,29.999869,0.000000,0.000000,0.000138,0.000000,0.000000,0.000000,-53.972812,42.122846,26.550000,-6.036378,-7.972587,1.200000,0.000000,0.000000,-127.130883,-50.811183,-66.811183,30.000000,0.000000,0.000000,0.000000,0.000000,0.000000,0.000000,-3.161629,108.934029,-3.449869,109.034490,-6.036378,-7.972587,1.199862,10.071726,nan,nan,nan,0,nan,nan,nan,0,nan,nan,nan,nan,nan,nan,nan,nan,nan,nan,nan,nan,nan,nan,nan,nan,nan,nan,nan,nan,nan,nan,nan,nan,nan,nan,nan,nan,nan,nan,nan,nan,nan,nan,nan,nan,nan,nan,nan,nan,nan,nan,nan,nan,nan,nan,nan,nan,nan,nan,2.000000,108.979900,-84.940121,-68.277334,10.000000,-0.000000,109.041002,-84.940121,-68.277334,-3.649869,10.000000,-0.000000,10.071726,inf,0.000000,1.000000,0.000000,0.000000,0.000000,0.000000,0.000000,0.000000,0.000000,0.000000,0.000000,0.000000,9.000000,2.194573,11.181344,nan
18.780,APPROACH,108.641589,-3.460952,108.533522,-3.389875,-5.986464,-8.010134,1.199869,-50.811183,-66.811183,29.999875,0.000000,0.000000,0.000131,0.000000,0.000000,0.000000,-54.272136,41.722339,26.610000,-5.986464,-8.010134,1.200000,0.000000,0.000000,-126.773015,-50.811183,-66.811183,30.000000,0.000000,0.000000,0.000000,0.000000,0.000000,0.000000,-3.460952,108.533522,-3.389875,108.641589,-5.986464,-8.010134,1.199869,10.071727,nan,nan,nan,0,nan,nan,nan,0,nan,nan,nan,nan,nan,nan,nan,nan,nan,nan,nan,nan,nan,nan,nan,nan,nan,nan,nan,nan,nan,nan,nan,nan,nan,nan,nan,nan,nan,nan,nan,nan,nan,nan,nan,nan,nan,nan,nan,nan,nan,nan,nan,nan,nan,nan,nan,nan,nan,nan,2.000000,108.588690,-84.864919,-67.745473,10.000000,-0.000000,108.648013,-84.864919,-67.745473,-3.589875,10.000000,-0.000000,10.071727,inf,0.000000,1.000000,0.000000,0.000000,0.000000,0.000000,0.000000,0.000000,0.000000,0.000000,0.000000,0.000000,9.000000,2.208421,11.179333,nan
18.820,APPROACH,108.247657,-3.757768,108.131154,-3.329881,-5.936317,-8.047369,1.199875,-50.811183,-66.811183,29.999881,0.000000,0.000000,0.000125,0.000000,0.000000,0.000000,-54.568951,41.319970,26.670000,-5.936317,-8.047369,1.200000,0.000000,0.000000,-126.415148,-50.811183,-66.811183,30.000000,0.000000,0.000000,0.000000,0.000000,0.000000,0.000000,-3.757768,108.131154,-3.329881,108.247657,-5.936317,-8.047369,1.199875,10.071728,nan,nan,nan,0,nan,nan,nan,0,nan,nan,nan,nan,nan,nan,nan,nan,nan,nan,nan,nan,nan,nan,nan,nan,nan,nan,nan,nan,nan,nan,nan,nan,nan,nan,nan,nan,nan,nan,nan,nan,nan,nan,nan,nan,nan,nan,nan,nan,nan,nan,nan,nan,nan,nan,nan,nan,nan,nan,2.000000,108.196429,-84.786397,-67.214091,10.000000,0.000000,108.253994,-84.786397,-67.214091,-3.529881,10.000000,0.000000,10.071728,inf,0.000000,1.000000,0.000000,0.000000,0.000000,0.000000,0.000000,0.000000,0.000000,0.000000,0.000000,0.000000,9.000000,2.345313,11.159456,nan
18.880,APPROACH,107.852700,-4.052065,107.726939,-3.269887,-5.885938,-8.084290,1.199881,-50.811183,-66.811183,29.999887,0.000000,0.000000,0.000119,0.000000,0.000000,0.000000,-54.863248,40.915756,26.730000,-5.885938,-8.084290,1.200000,0.000000,0.000000,-126.057281,-50.811183,-66.811183,30.000000,0.000000,0.000000,0.000000,0.000000,0.000000,0.000000,-4.052065,107.726939,-3.269887,107.852700,-5.885938,-8.084290,1.199881,10.071729,nan,nan,nan,0,nan,nan,nan,0,nan,nan,nan,nan,nan,nan,nan,nan,nan,nan,nan,nan,nan,nan,nan,nan,nan,nan,nan,nan,nan,nan,nan,nan,nan,nan,nan,nan,nan,nan,nan,nan,nan,nan,nan,nan,nan,nan,nan,nan,nan,nan,nan,nan,nan,nan,nan,nan,nan,nan,2.000000,107.803120,-84.704557,-66.683211,10.000000,0.000000,107.858948,-84.704557,-66.683211,-3.469887,10.000000,0.000000,10.071729,inf,0.000000,1.000000,0.000000,0.000000,0.000000,0.000000,0.000000,0.000000,0.000000,0.000000,0.000000,0.000000,9.000000,2.585776,11.124540,nan
18.920,APPROACH,107.456720,-4.343832,107.320894,-3.209893,-5.835329,-8.120895,1.199887,-50.811183,-66.811183,29.999893,0.000000,0.000000,0.000113,0.000000,0.000000,0.000000,-55.155015,40.509711,26.790000,-5.835329,-8.120895,1.200000,0.000000,0.000000,-125.699413,-50.811183,-66.811183,30.000000,0.000000,0.000000,0.000000,0.000000,0.000000,0.000000,-4.343832,107.320894,-3.209893,107.456720,-5.835329,-8.120895,1.199887,10.071729,nan,nan,nan,0,nan,nan,nan,0,nan,nan,nan,nan,nan,nan,nan,nan,nan,nan,nan,nan,nan,nan,nan,nan,nan,nan,nan,nan,nan,nan,nan,nan,nan,nan,nan,nan,nan,nan,nan,nan,nan,nan,nan,nan,nan,nan,nan,nan,nan,nan,nan,nan,nan,nan,nan,nan,nan,nan,2.000000,107.408767,-84.619403,-66.152852,10.000000,-0.000000,107.462880,-84.619403,-66.152852,-3.409893,10.000000,-0.000000,10.071729,inf,0.000000,1.000000,0.000000,0.000000,0.000000,0.000000,0.000000,0.000000,0.000000,0.000000,0.000000,0.000000,9.000000,2.904188,11.078306,nan
18.980,APPROACH,107.059722,-4.633056,106.913035,-3.149898,-5.784493,-8.157184,1.199893,-50.811183,-66.811183,29.999898,0.000000,0.000000,0.000107,0.000000,0.000000,0.000000,-55.444239,40.101852,26.850000,-5.784493,-8.157184,1.200000,0.000000,0.000000,-125.341546,-50.811183,-66.811183,30.000000,0.000000,0.000000,0.000000,0.000000,0.000000,0.000000,-4.633056,106.913035,-3.149898,107.059722,-5.784493,-8.157184,1.199893,10.071730,nan,nan,nan,0,nan,nan,nan,0,nan,nan,nan,nan,nan,nan,nan,nan,nan,nan,nan,nan,nan,nan,nan,nan,nan,nan,nan,nan,nan,nan,nan,nan,nan,nan,nan,nan,nan,nan,nan,nan,nan,nan,nan,nan,nan,nan,nan,nan,nan,nan,nan,nan,nan,nan,nan,nan,nan,nan,2.000000,107.013374,-84.530938,-65.623035,10.000000,0.000000,107.065793,-84.530938,-65.623035,-3.349898,10.000000,0.000000,10.071730,inf,0.000000,1.000000,0.000000,0.000000,0.000000,0.000000,0.000000,0.000000,0.000000,0.000000,0.000000,0.000000,9.000000,3.277901,11.024042,nan
19.020,APPROACH,106.661711,-4.919728,106.503377,-3.089903,-5.733431,-8.193154,1.199898,-50.811183,-66.811183,29.999903,0.000000,0.000000,0.000102,0.000000,0.000000,0.000000,-55.730911,39.692194,26.910000,-5.733431,-8.193154,1.200000,0.000000,0.000000,-124.983678,-50.811183,-66.811183,30.000000,0.000000,0.000000,0.000000,0.000000,0.000000,0.000000,-4.919728,106.503377,-3.089903,106.661711,-5.733431,-8.193154,1.199898,10.071731,nan,nan,nan,0,nan,nan,nan,0,nan,nan,nan,nan,nan,nan,nan,nan,nan,nan,nan,nan,nan,nan,nan,nan,nan,nan,nan,nan,nan,nan,nan,nan,nan,nan,nan,nan,nan,nan,nan,nan,nan,nan,nan,nan,nan,nan,nan,nan,nan,nan,nan,nan,nan,nan,nan,nan,nan,nan,2.000000,106.616946,-84.439166,-65.093781,10.000000,-0.000000,106.667692,-84.439166,-65.093781,-3.289903,10.000000,-0.000000,10.071731,inf,0.000000,1.000000,0.000000,0.000000,0.000000,0.000000,0.000000,0.000000,0.000000,0.000000,0.000000,0.000000,9.000000,3.690140,10.964184,nan
19.080,APPROACH,106.262690,-5.203835,106.091937,-3.029908,-5.682145,-8.228805,1.199903,-50.811183,-66.811183,29.999908,0.000000,0.000000,0.000097,0.000000,0.000000,0.000000,-56.015018,39.280754,26.970000,-5.682145,-8.228805,1.200000,0.000000,0.000000,-124.625811,-50.811183,-66.811183,30.000000,0.000000,0.000000,0.000000,0.000000,0.000000,0.000000,-5.203835,106.091937,-3.029908,106.262690,-5.682145,-8.228805,1.199903,10.071731,nan,nan,nan,0,nan,nan,nan,0,nan,nan,nan,nan,nan,nan,nan,nan,nan,nan,nan,nan,nan,nan,nan,nan,nan,nan,nan,nan,nan,nan,nan,nan,nan,nan,nan,nan,nan,nan,nan,nan,nan,nan,nan,nan,nan,nan,nan,nan,nan,nan,nan,nan,nan,nan,nan,nan,nan,nan,2.000000,106.219485,-84.344090,-64.565111,10.000000,-0.000000,106.268581,-84.344090,-64.565111,-3.229908,10.000000,-0.000000,10.071731,inf,0.000000,1.000000,0.000000,0.000000,0.000000,0.000000,0.000000,0.000000,0.000000,0.000000,0.000000,0.000000,9.000000,4.129369,10.900407,nan
19.120,APPROACH,105.862664,-5.485367,105.678730,-2.969913,-5.630638,-8.264135,1.199908,-50.811183,-66.811183,29.999913,0.000000,0.000000,0.000092,0.000000,0.000000,0.000000,-56.296550,38.867547,27.030000,-5.630638,-8.264135,1.200000,0.000000,0.000000,-124.267944,-50.811183,-66.811183,30.000000,0.000000,0.000000,0.000000,0.000000,0.000000,0.000000,-5.485367,105.678730,-2.969913,105.862664,-5.630638,-8.264135,1.199908,10.071732,nan,nan,nan,0,nan,nan,nan,0,nan,nan,nan,nan,nan,nan,nan,nan,nan,nan,nan,nan,nan,nan,nan,nan,nan,nan,nan,nan,nan,nan,nan,nan,nan,nan,nan,nan,nan,nan,nan,nan,nan,nan,nan,nan,nan,nan,nan,nan,nan,nan,nan,nan,nan,nan,nan,nan,nan,nan,2.000000,105.820997,-84.245713,-64.037045,10.000000,0.000000,105.868464,-84.245713,-64.037045,-3.169913,10.000000,0.000000,10.071732,inf,0.000000,1.000000,0.000000,0.000000,0.000000,0.000000,0.000000,0.000000,0.000000,0.000000,0.000000,0.000000,9.000000,4.587828,10.833838,nan
19.180,APPROACH,105.461637,-5.764312,105.263773,-2.909917,-5.578911,-8.299142,1.199913,-50.811183,-66.811183,29.999917,0.000000,0.000000,0.000087,0.000000,0.000000,0.000000,-56.575496,38.452590,27.090000,-5.578911,-8.299142,1.200000,0.000000,0.000000,-123.910076,-50.811183,-66.811183,30.000000,0.000000,0.000000,0.000000,0.000000,0.000000,0.000000,-5.764312,105.263773,-2.909917,105.461637,-5.578911,-8.299142,1.199913,10.071732,nan,nan,nan,0,nan,nan,nan,0,nan,nan,nan,nan,nan,nan,nan,nan,nan,nan,nan,nan,nan,nan,nan,nan,nan,nan,nan,nan,nan,nan,nan,nan,nan,nan,nan,nan,nan,nan,nan,nan,nan,nan,nan,nan,nan,nan,nan,nan,nan,nan,nan,nan,nan,nan,nan,nan,nan,nan,2.000000,105.421484,-84.144040,-63.509604,10.000000,0.000000,105.467345,-84.144040,-63.509604,-3.109917,10.000000,0.000000,10.071732,inf,0.000000,1.000000,0.000000,0.000000,0.000000,0.000000,0.000000,0.000000,0.000000,0.000000,0.000000,0.000000,9.000000,5.060278,10.765237,nan
19.220,APPROACH,105.059613,-6.040661,104.847082,-2.849921,-5.526966,-8.333825,1.199917,-50.811183,-66.811183,29.999921,0.000000,0.000000,0.000083,0.000000,0.000000,0.000000,-56.851844,38.035899,27.150000,-5.526966,-8.333825,1.200000,0.000000,0.000000,-123.552209,-50.811183,-66.811183,30.000000,0.000000,0.000000,0.000000,0.000000,0.000000,0.000000,-6.040661,104.847082,-2.849921,105.059613,-5.526966,-8.333825,1.199917,10.071733,nan,nan,nan,0,nan,nan,nan,0,nan,nan,nan,nan,nan,nan,nan,nan,nan,nan,nan,nan,nan,nan,nan,nan,nan,nan,nan,nan,nan,nan,nan,nan,nan,nan,nan,nan,nan,nan,nan,nan,nan,nan,nan,nan,nan,nan,nan,nan,nan,nan,nan,nan,nan,nan,nan,nan,nan,nan,2.000000,105.020951,-84.039075,-62.982808,10.000000,0.000000,105.065228,-84.039075,-62.982808,-3.049921,10.000000,0.000000,10.071733,inf,0.000000,1.000000,0.000000,0.000000,0.000000,0.000000,0.000000,0.000000,0.000000,0.000000,0.000000,0.000000,9.000000,5.543126,10.695127,nan
19.280,APPROACH,104.656596,-6.314401,104.428673,-2.789925,-5.474806,-8.368184,1.199921,-50.811183,-66.811183,29.999925,0.000000,0.000000,0.000079,0.000000,0.000000,0.000000,-57.125584,37.617490,27.210000,-5.474806,-8.368184,1.200000,0.000000,0.000000,-123.194342,-50.811183,-66.811183,30.000000,0.000000,0.000000,0.000000,0.000000,0.000000,0.000000,-6.314401,104.428673,-2.789925,104.656596,-5.474806,-8.368184,1.199921,10.071733,nan,nan,nan,0,nan,nan,nan,0,nan,nan,nan,nan,nan,nan,nan,nan,nan,nan,nan,nan,nan,nan,nan,nan,nan,nan,nan,nan,nan,nan,nan,nan,nan,nan,nan,nan,nan,nan,nan,nan,nan,nan,nan,nan,nan,nan,nan,nan,nan,nan,nan,nan,nan,nan,nan,nan,nan,nan,2.000000,104.619403,-83.930821,-62.456678,10.000000,0.000000,104.662118,-83.930821,-62.456678,-2.989925,10.000000,0.000000,10.071733,inf,0.000000,1.000000,0.000000,0.000000,0.000000,0.000000,0.000000,0.000000,0.000000,0.000000,0.000000,0.000000,9.000000,6.033860,10.623871,nan
19.320,APPROACH,104.252590,-6.585523,104.008562,-2.729929,-5.422432,-8.402216,1.199925,-50.811183,-66.811183,29.999929,0.000000,0.000000,0.000075,0.000000,0.000000,0.000000,-57.396706,37.197379,27.270000,-5.422432,-8.402216,1.200000,0.000000,0.000000,-122.836475,-50.811183,-66.811183,30.000000,0.000000,0.000000,0.000000,0.000000,0.000000,0.000000,-6.585523,104.008562,-2.729929,104.252590,-5.422432,-8.402216,1.199925,10.071734,nan,nan,nan,0,nan,nan,nan,0,nan,nan,nan,nan,nan,nan,nan,nan,nan,nan,nan,nan,nan,nan,nan,nan,nan,nan,nan,nan,nan,nan,nan,nan,nan,nan,nan,nan,nan,nan,nan,nan,nan,nan,nan,nan,nan,nan,nan,nan,nan,nan,nan,nan,nan,nan,nan,nan,nan,nan,2.000000,104.216842,-83.819283,-61.931235,10.000000,0.000000,104.258019,-83.819283,-61.931235,-2.929929,10.000000,0.000000,10.071734,inf,0.000000,1.000000,0.000000,0.000000,0.000000,0.000000,0.000000,0.000000,0.000000,0.000000,0.000000,0.000000,9.000000,6.530686,10.551731,nan
19.380,APPROACH,103.847601,-6.854015,103.586766,-2.669932,-5.369847,-8.435920,1.199929,-50.811183,-66.811183,29.999932,0.000000,0.000000,0.000071,0.000000,0.000000,0.000000,-57.665198,36.775583,27.330000,-5.369847,-8.435920,1.200000,0.000000,0.000000,-122.478608,-50.811183,-66.811183,30.000000,0.000000,0.000000,0.000000,0.000000,0.000000,0.000000,-6.854015,103.586766,-2.669932,103.847601,-5.369847,-8.435920,1.199929,10.071734,nan,nan,nan,0,nan,nan,nan,0,nan,nan,nan,nan,nan,nan,nan,nan,nan,nan,nan,nan,nan,nan,nan,nan,nan,nan,nan,nan,nan,nan,nan,nan,nan,nan,nan,nan,nan,nan,nan,nan,nan,nan,nan,nan,nan,nan,nan,nan,nan,nan,nan,nan,nan,nan,nan,nan,nan,nan,2.000000,103.813273,-83.704466,-61.406498,10.000000,0.000000,103.852935,-83.704466,-61.406498,-2.869932,10.000000,0.000000,10.071734,inf,0.000000,1.000000,0.000000,0.000000,0.000000,0.000000,0.000000,0.000000,0.000000,0.000000,0.000000,0.000000,9.000000,7.032295,10.478897,nan
19.420,APPROACH,103.441631,-7.119868,103.163301,-2.609936,-5.317052,-8.469295,1.199932,-50.811183,-66.811183,29.999936,0.000000,0.000000,0.000068,0.000000,0.000000,0.000000,-57.931051,36.352118,27.390000,-5.317052,-8.469295,1.200000,0.000000,0.000000,-122.120740,-50.811183,-66.811183,30.000000,0.000000,0.000000,0.000000,0.000000,0.000000,0.000000,-7.119868,103.163301,-2.609936,103.441631,-5.317052,-8.469295,1.199932,10.071735,nan,nan,nan,0,nan,nan,nan,0,nan,nan,nan,nan,nan,nan,nan,nan,nan,nan,nan,nan,nan,nan,nan,nan,nan,nan,nan,nan,nan,nan,nan,nan,nan,nan,nan,nan,nan,nan,nan,nan,nan,nan,nan,nan,nan,nan,nan,nan,nan,nan,nan,nan,nan,nan,nan,nan,nan,nan,2.000000,103.408700,-83.586373,-60.882489,10.000000,0.000000,103.446870,-83.586373,-60.882489,-2.809936,10.000000,0.000000,10.071735,inf,0.000000,1.000000,0.000000,0.000000,0.000000,0.000000,0.000000,0.000000,0.000000,0.000000,0.000000,0.000000,9.000000,7.537715,10.405509,nan
19.480,APPROACH,103.034686,-7.383070,102.738184,-2.549939,-5.264050,-8.502340,1.199936,-50.811183,-66.811183,29.999939,0.000000,0.000000,0.000064,0.000000,0.000000,0.000000,-58.194253,35.927001,27.450000,-5.264050,-8.502340,1.200000,0.000000,0.000000,-121.762873,-50.811183,-66.811183,30.000000,0.000000,0.000000,0.000000,0.000000,0.000000,0.000000,-7.383070,102.738184,-2.549939,103.034686,-5.264050,-8.502340,1.199936,10.071735,nan,nan,nan,0,nan,nan,nan,0,nan,nan,nan,nan,nan,nan,nan,nan,nan,nan,nan,nan,nan,nan,nan,nan,nan,nan,nan,nan,nan,nan,nan,nan,nan,nan,nan,nan,nan,nan,nan,nan,nan,nan,nan,nan,nan,nan,nan,nan,nan,nan,nan,nan,nan,nan,nan,nan,nan,nan,2.000000,103.003127,-83.465010,-60.359228,10.000000,0.000000,103.039829,-83.465010,-60.359228,-2.749939,10.000000,0.000000,10.071735,inf,0.000000,1.000000,0.000000,0.000000,0.000000,0.000000,0.000000,0.000000,0.000000,0.000000,0.000000,0.000000,9.000000,8.046210,10.331674,nan
19.520,APPROACH,102.626769,-7.643612,102.311432,-2.489942,-5.210842,-8.535053,1.199939,-50.811183,-66.811183,29.999942,0.000000,0.000000,0.000061,0.000000,0.000000,0.000000,-58.454795,35.500249,27.510000,-5.210842,-8.535053,1.200000,0.000000,0.000000,-121.405006,-50.811183,-66.811183,30.000000,0.000000,0.000000,0.000000,0.000000,0.000000,0.000000,-7.643612,102.311432,-2.489942,102.626769,-5.210842,-8.535053,1.199939,10.071735,nan,nan,nan,0,nan,nan,nan,0,nan,nan,nan,nan,nan,nan,nan,nan,nan,nan,nan,nan,nan,nan,nan,nan,nan,nan,nan,nan,nan,nan,nan,nan,nan,nan,nan,nan,nan,nan,nan,nan,nan,nan,nan,nan,nan,nan,nan,nan,nan,nan,nan,nan,nan,nan,nan,nan,nan,nan,2.000000,102.596559,-83.340381,-59.836735,10.000000,0.000000,102.631816,-83.340381,-59.836735,-2.689942,10.000000,0.000000,10.071735,inf,0.000000,1.000000,0.000000,0.000000,0.000000,0.000000,0.000000,0.000000,0.000000,0.000000,0.000000,0.000000,8.000000,3.198134,10.028365,nan
19.580,APPROACH,102.217885,-7.901484,101.883060,-2.429945,-5.157431,-8.567433,1.199942,-50.811183,-66.811183,29.999945,0.000000,0.000000,0.000058,0.000000,0.000000,0.000000,-58.712667,35.071877,27.570000,-5.157431,-8.567433,1.200000,0.000000,0.000000,-121.047139,-50.811183,-66.811183,30.000000,0.000000,0.000000,0.000000,0.000000,0.000000,0.000000,-7.901484,101.883060,-2.429945,102.217885,-5.157431,-8.567433,1.199942,10.071736,nan,nan,nan,0,nan,nan,nan,0,nan,nan,nan,nan,nan,nan,nan,nan,nan,nan,nan,nan,nan,nan,nan,nan,nan,nan,nan,nan,nan,nan,nan,nan,nan,nan,nan,nan,nan,nan,nan,nan,nan,nan,nan,nan,nan,nan,nan,nan,nan,nan,nan,nan,nan,nan,nan,nan,nan,nan,2.000000,102.188998,-83.212490,-59.315030,10.000000,0.000000,102.222835,-83.212490,-59.315030,-2.629945,10.000000,0.000000,10.071736,inf,0.000000,1.000000,0.000000,0.000000,0.000000,0.000000,0.000000,0.000000,0.000000,0.000000,0.000000,0.000000,8.000000,2.834138,10.082044,nan
19.620,APPROACH,101.808038,-8.156675,101.453086,-2.369948,-5.103819,-8.599478,1.199945,-50.811183,-66.811183,29.999948,0.000000,0.000000,0.000055,0.000000,0.000000,0.000000,-58.967858,34.641903,27.630000,-5.103819,-8.599478,1.200000,0.000000,0.000000,-120.689272,-50.811183,-66.811183,30.000000,0.000000,0.000000,0.000000,0.000000,0.000000,0.000000,-8.156675,101.453086,-2.369948,101.808038,-5.103819,-8.599478,1.199945,10.071736,nan,nan,nan,0,nan,nan,nan,0,nan,nan,nan,nan,nan,nan,nan,nan,nan,nan,nan,nan,nan,nan,nan,nan,nan,nan,nan,nan,nan,nan,nan,nan,nan,nan,nan,nan,nan,nan,nan,nan,nan,nan,nan,nan,nan,nan,nan,nan,nan,nan,nan,nan,nan,nan,nan,nan,nan,nan,2.000000,101.780450,-83.081344,-58.794135,10.000000,0.000000,101.812890,-83.081344,-58.794135,-2.569948,10.000000,0.000000,10.071736,inf,0.000000,1.000000,0.000000,0.000000,0.000000,0.000000,0.000000,0.000000,0.000000,0.000000,0.000000,0.000000,8.000000,2.529603,10.126955,nan
19.680,APPROACH,101.397234,-8.409175,101.021527,-2.309950,-5.050008,-8.631189,1.199948,-50.811183,-66.811183,29.999950,0.000000,0.000000,0.000052,0.000000,0.000000,0.000000,-59.220358,34.210344,27.690000,-5.050008,-8.631189,1.200000,0.000000,0.000000,-120.331405,-50.811183,-66.811183,30.000000,0.000000,0.000000,0.000000,0.000000,0.000000,0.000000,-8.409175,101.021527,-2.309950,101.397234,-5.050008,-8.631189,1.199948,10.071736,nan,nan,nan,0,nan,nan,nan,0,nan,nan,nan,nan,nan,nan,nan,nan,nan,nan,nan,nan,nan,nan,nan,nan,nan,nan,nan,nan,nan,nan,nan,nan,nan,nan,nan,nan,nan,nan,nan,nan,nan,nan,nan,nan,nan,nan,nan,nan,nan,nan,nan,nan,nan,nan,nan,nan,nan,nan,2.000000,101.370918,-82.946947,-58.274069,10.000000,0.000000,101.401987,-82.946947,-58.274069,-2.509950,10.000000,0.000000,10.071736,inf,0.000000,1.000000,0.000000,0.000000,0.000000,0.000000,0.000000,0.000000,0.000000,0.000000,0.000000,0.000000,8.000000,2.308199,10.159605,nan
19.720,APPROACH,100.985475,-8.658975,100.588399,-2.249953,-4.996000,-8.662562,1.199950,-50.811183,-66.811183,29.999953,0.000000,0.000000,0.000050,0.000000,0.000000,0.000000,-59.470158,33.777215,27.750000,-4.996000,-8.662562,1.200000,0.000000,0.000000,-119.973538,-50.811183,-66.811183,30.000000,0.000000,0.000000,0.000000,0.000000,0.000000,0.000000,-8.658975,100.588399,-2.249953,100.985475,-4.996000,-8.662562,1.199950,10.071737,nan,nan,nan,0,nan,nan,nan,0,nan,nan,nan,nan,nan,nan,nan,nan,nan,nan,nan,nan,nan,nan,nan,nan,nan,nan,nan,nan,nan,nan,nan,nan,nan,nan,nan,nan,nan,nan,nan,nan,nan,nan,nan,nan,nan,nan,nan,nan,nan,nan,nan,nan,nan,nan,nan,nan,nan,nan,2.000000,100.960407,-82.809304,-57.754852,10.000000,0.000000,100.990129,-82.809304,-57.754852,-2.449953,10.000000,0.000000,10.071737,inf,0.000000,1.000000,0.000000,0.000000,0.000000,0.000000,0.000000,0.000000,0.000000,0.000000,0.000000,0.000000,8.000000,2.195235,10.176264,nan
19.780,APPROACH,100.572766,-8.906065,100.153719,-2.189955,-4.941797,-8.693598,1.199953,-50.811183,-66.811183,29.999955,0.000000,0.000000,0.000047,0.000000,0.000000,0.000000,-59.717248,33.342536,27.810000,-4.941797,-8.693598,1.200000,0.000000,0.000000,-119.615671,-50.811183,-66.811183,30.000000,0.000000,0.000000,0.000000,0.000000,0.000000,0.000000,-8.906065,100.153719,-2.189955,100.572766,-4.941797,-8.693598,1.199953,10.071737,nan,nan,nan,0,nan,nan,nan,0,nan,nan,nan,nan,nan,nan,nan,nan,nan,nan,nan,nan,nan,nan,nan,nan,nan,nan,nan,nan,nan,nan,nan,nan,nan,nan,nan,nan,nan,nan,nan,nan,nan,nan,nan,nan,nan,nan,nan,nan,nan,nan,nan,nan,nan,nan,nan,nan,nan,nan,2.000000,100.548920,-82.668421,-57.236506,10.000000,0.000000,100.577320,-82.668421,-57.236506,-2.389955,10.000000,0.000000,10.071737,inf,0.000000,1.000000,0.000000,0.000000,0.000000,0.000000,0.000000,0.000000,0.000000,0.000000,0.000000,0.000000,8.000000,2.207426,10.174467,nan
19.820,APPROACH,100.159112,-9.150435,99.717504,-2.129957,-4.887401,-8.724294,1.199955,-50.811183,-66.811183,29.999957,0.000000,0.000000,0.000045,0.000000,0.000000,0.000000,-59.961618,32.906321,27.870000,-4.887401,-8.724294,1.200000,0.000000,0.000000,-119.257804,-50.811183,-66.811183,30.000000,0.000000,0.000000,0.000000,0.000000,0.000000,0.000000,-9.150435,99.717504,-2.129957,100.159112,-4.887401,-8.724294,1.199955,10.071737,nan,nan,nan,0,nan,nan,nan,0,nan,nan,nan,nan,nan,nan,nan,nan,nan,nan,nan,nan,nan,nan,nan,nan,nan,nan,nan,nan,nan,nan,nan,nan,nan,nan,nan,nan,nan,nan,nan,nan,nan,nan,nan,nan,nan,nan,nan,nan,nan,nan,nan,nan,nan,nan,nan,nan,nan,nan,2.000000,100.136462,-82.524303,-56.719049,10.000000,0.000000,100.163565,-82.524303,-56.719049,-2.329957,10.000000,0.000000,10.071737,inf,0.000000,1.000000,0.000000,0.000000,0.000000,0.000000,0.000000,0.000000,0.000000,0.000000,0.000000,0.000000,8.000000,2.342819,10.154500,nan
19.880,APPROACH,99.744518,-9.392076,99.279771,-2.069960,-4.832814,-8.754651,1.199957,-50.811183,-66.811183,29.999960,0.000000,0.000000,0.000043,0.000000,0.000000,0.000000,-60.203259,32.468588,27.930000,-4.832814,-8.754651,1.200000,0.000000,0.000000,-118.899937,-50.811183,-66.811183,30.000000,0.000000,0.000000,0.000000,0.000000,0.000000,0.000000,-9.392076,99.279771,-2.069960,99.744518,-4.832814,-8.754651,1.199957,10.071738,nan,nan,nan,0,nan,nan,nan,0,nan,nan,nan,nan,nan,nan,nan,nan,nan,nan,nan,nan,nan,nan,nan,nan,nan,nan,nan,nan,nan,nan,nan,nan,nan,nan,nan,nan,nan,nan,nan,nan,nan,nan,nan,nan,nan,nan,nan,nan,nan,nan,nan,nan,nan,nan,nan,nan,nan,nan,2.000000,99.723037,-82.376955,-56.202503,10.000000,0.000000,99.748869,-82.376955,-56.202503,-2.269960,10.000000,0.000000,10.071738,inf,0.000000,1.000000,0.000000,0.000000,0.000000,0.000000,0.000000,0.000000,0.000000,0.000000,0.000000,0.000000,8.000000,2.582101,10.119213,nan
19.920,APPROACH,99.328987,-9.630978,98.840538,-2.009962,-4.778039,-8.784665,1.199960,-50.811183,-66.811183,29.999962,0.000000,0.000000,0.000040,0.000000,0.000000,0.000000,-60.442161,32.029355,27.990000,-4.778039,-8.784665,1.200000,0.000000,0.000000,-118.542070,-50.811183,-66.811183,30.000000,0.000000,0.000000,0.000000,0.000000,0.000000,0.000000,-9.630978,98.840538,-2.009962,99.328987,-4.778039,-8.784665,1.199960,10.071738,nan,nan,nan,0,nan,nan,nan,0,nan,nan,nan,nan,nan,nan,nan,nan,nan,nan,nan,nan,nan,nan,nan,nan,nan,nan,nan,nan,nan,nan,nan,nan,nan,nan,nan,nan,nan,nan,nan,nan,nan,nan,nan,nan,nan,nan,nan,nan,nan,nan,nan,nan,nan,nan,nan,nan,nan,nan,2.000000,99.308649,-82.226385,-55.686887,10.000000,0.000000,99.333235,-82.226385,-55.686887,-2.209962,10.000000,0.000000,10.071738,inf,0.000000,1.000000,0.000000,0.000000,0.000000,0.000000,0.000000,0.000000,0.000000,0.000000,0.000000,0.000000,8.000000,2.899658,10.072382,nan
19.980,APPROACH,98.912524,-9.867131,98.399821,-1.949964,-4.723078,-8.814337,1.199962,-50.811183,-66.811183,29.999964,0.000000,0.000000,0.000038,0.000000,0.000000,0.000000,-60.678315,31.588638,28.050000,-4.723078,-8.814337,1.200000,0.000000,0.000000,-118.184203,-50.811183,-66.811183,30.000000,0.000000,0.000000,0.000000,0.000000,0.000000,0.000000,-9.867131,98.399821,-1.949964,98.912524,-4.723078,-8.814337,1.199962,10.071738,nan,nan,nan,0,nan,nan,nan,0,nan,nan,nan,nan,nan,nan,nan,nan,nan,nan,nan,nan,nan,nan,nan,nan,nan,nan,nan,nan,nan,nan,nan,nan,nan,nan,nan,nan,nan,nan,nan,nan,nan,nan,nan,nan,nan,nan,nan,nan,nan,nan,nan,nan,nan,nan,nan,nan,nan,nan,2.000000,98.893302,-82.072596,-55.172222,10.000000,-0.000000,98.916669,-82.072596,-55.172222,-2.149964,10.000000,-0.000000,10.071738,inf,0.000000,1.000000,0.000000,0.000000,0.000000,0.000000,0.000000,0.000000,0.000000,0.000000,0.000000,0.000000,8.000000,3.272774,10.017358,nan
20.020,APPROACH,98.495134,-10.100528,97.957638,-1.889965,-4.667932,-8.843665,1.199964,-50.811183,-66.811183,29.999965,0.000000,0.000000,0.000036,0.000000,0.000000,0.000000,-60.911711,31.146455,28.110000,-4.667932,-8.843665,1.200000,0.000000,0.000000,-117.826336,-50.811183,-66.811183,30.000000,0.000000,0.000000,0.000000,0.000000,0.000000,0.000000,-10.100528,97.957638,-1.889965,98.495134,-4.667932,-8.843665,1.199964,10.071738,nan,nan,nan,0,nan,nan,nan,0,nan,nan,nan,nan,nan,nan,nan,nan,nan,nan,nan,nan,nan,nan,nan,nan,nan,nan,nan,nan,nan,nan,nan,nan,nan,nan,nan,nan,nan,nan,nan,nan,nan,nan,nan,nan,nan,nan,nan,nan,nan,nan,nan,nan,nan,nan,nan,nan,nan,nan,2.000000,98.477000,-81.915596,-54.658527,10.000000,0.000000,98.499175,-81.915596,-54.658527,-2.089965,10.000000,0.000000,10.071738,inf,0.000000,1.000000,0.000000,0.000000,0.000000,0.000000,0.000000,0.000000,0.000000,0.000000,0.000000,0.000000,8.000000,3.684597,9.956625,nan
20.080,APPROACH,98.076822,-10.331158,97.514006,-1.829967,-4.612604,-8.872648,1.199965,-50.811183,-66.811183,29.999967,0.000000,0.000000,0.000035,0.000000,0.000000,0.000000,-61.142341,30.702823,28.170000,-4.612604,-8.872648,1.200000,0.000000,0.000000,-117.468469,-50.811183,-66.811183,30.000000,0.000000,0.000000,0.000000,0.000000,0.000000,0.000000,-10.331158,97.514006,-1.829967,98.076822,-4.612604,-8.872648,1.199965,10.071739,nan,nan,nan,0,nan,nan,nan,0,nan,nan,nan,nan,nan,nan,nan,nan,nan,nan,nan,nan,nan,nan,nan,nan,nan,nan,nan,nan,nan,nan,nan,nan,nan,nan,nan,nan,nan,nan,nan,nan,nan,nan,nan,nan,nan,nan,nan,nan,nan,nan,nan,nan,nan,nan,nan,nan,nan,nan,2.000000,98.059748,-81.755391,-54.145823,10.000000,0.000000,98.080757,-81.755391,-54.145823,-2.029967,10.000000,0.000000,10.071739,inf,0.000000,1.000000,0.000000,0.000000,0.000000,0.000000,0.000000,0.000000,0.000000,0.000000,0.000000,0.000000,8.000000,4.123532,9.891895,nan
20.120,APPROACH,97.657590,-10.559013,97.068941,-1.769969,-4.557096,-8.901285,1.199967,-50.811183,-66.811183,29.999969,0.000000,0.000000,0.000033,0.000000,0.000000,0.000000,-61.370196,30.257758,28.230000,-4.557096,-8.901285,1.200000,0.000000,0.000000,-117.110602,-101.678545,-41.892593,27.630000,-0.050000,-0.050000,-0.050000,0.000000,0.000000,0.000000,-10.559013,97.068941,-1.769969,97.657590,-4.557096,-8.901285,1.199967,10.071739,nan,nan,nan,0,nan,nan,nan,0,nan,nan,nan,nan,nan,nan,nan,nan,nan,nan,nan,nan,nan,nan,nan,nan,nan,nan,nan,nan,nan,nan,nan,nan,nan,nan,nan,nan,nan,nan,nan,nan,nan,nan,nan,nan,nan,nan,nan,nan,nan,nan,nan,nan,nan,nan,nan,nan,nan,nan,2.000000,97.641549,-81.591987,-53.634130,10.000000,0.000000,97.661420,-81.591987,-53.634130,-1.969969,10.000000,0.000000,10.071739,inf,0.000000,1.000000,0.000000,0.000000,0.000000,0.000000,0.000000,0.000000,0.000000,0.000000,0.000000,0.000000,8.000000,4.581779,9.824316,nan
20.180,APPROACH,97.230432,-10.777834,96.616213,-1.703720,-4.376411,-9.054575,1.324967,-50.817433,-66.804933,29.993720,-0.125000,0.125000,-0.124967,0.000000,0.000000,135.000000,-61.595267,29.811280,28.290000,-4.501411,-8.929575,1.200000,0.000000,0.000000,-116.752736,-96.018202,-45.139038,27.690000,-0.200000,-0.200000,-0.200000,0.000000,0.000000,0.000000,-10.777834,96.616213,-1.703720,97.230432,-4.376411,-9.054575,1.324967,10.143660,nan,nan,nan,0,nan,nan,nan,0,nan,nan,nan,nan,nan,nan,nan,nan,nan,nan,nan,nan,nan,nan,nan,nan,nan,nan,nan,nan,nan,nan,nan,nan,nan,nan,nan,nan,nan,nan,nan,nan,nan,nan,nan,nan,nan,nan,nan,nan,nan,nan,nan,nan,nan,nan,nan,nan,nan,nan,2.000000,97.215504,-81.422622,-53.115073,10.055352,0.167887,97.234142,-81.422622,-53.115073,-1.903720,10.000000,0.000000,10.143660,inf,0.000000,1.000000,0.000000,0.000000,0.000000,0.000000,0.000000,0.000000,0.000000,0.000000,0.000000,0.000000,8.000000,5.061940,9.753506,nan
20.220,APPROACH,96.795317,-10.987611,96.155837,-1.631222,-4.195550,-9.207516,1.449967,-50.829933,-66.792433,29.981222,-0.250000,0.250000,-0.249967,0.000000,0.000000,135.000000,-61.817544,29.363404,28.350000,-4.445550,-8.957516,1.200000,0.000000,0.000000,-116.394869,-97.591691,-44.701295,27.750000,-0.300000,-0.300000,-0.300000,0.000000,0.000000,0.000000,-10.987611,96.155837,-1.631222,96.795317,-4.195550,-9.207516,1.449967,10.221712,nan,nan,nan,0,nan,nan,nan,0,nan,nan,nan,nan,nan,nan,nan,nan,nan,nan,nan,nan,nan,nan,nan,nan,nan,nan,nan,nan,nan,nan,nan,nan,nan,nan,nan,nan,nan,nan,nan,nan,nan,nan,nan,nan,nan,nan,nan,nan,nan,nan,nan,nan,nan,nan,nan,nan,nan,nan,2.000000,96.781571,-81.247146,-52.588724,10.112799,0.335077,96.798894,-81.247146,-52.588724,-1.831222,10.000000,0.000000,10.221712,inf,0.000000,1.000000,0.000000,0.000000,0.000000,0.000000,0.000000,0.000000,0.000000,0.000000,0.000000,0.000000,8.000000,5.560858,9.679930,nan
20.280,APPROACH,96.352219,-11.188337,95.687832,-1.552474,-4.014515,-9.360108,1.574967,-50.848683,-66.773683,29.962474,-0.375000,0.375000,-0.374967,0.000000,0.000000,135.000000,-62.037020,28.914148,28.410000,-4.389515,-8.985108,1.200000,0.000000,0.000000,-116.037002,-99.797622,-43.973499,27.810000,-0.450000,-0.450000,-0.450000,0.000000,0.000000,0.000000,-11.188337,95.687832,-1.552474,96.352219,-4.014515,-9.360108,1.574967,10.305749,nan,nan,nan,0,nan,nan,nan,0,nan,nan,nan,nan,nan,nan,nan,nan,nan,nan,nan,nan,nan,nan,nan,nan,nan,nan,nan,nan,nan,nan,nan,nan,nan,nan,nan,nan,nan,nan,nan,nan,nan,nan,nan,nan,nan,nan,nan,nan,nan,nan,nan,nan,nan,nan,nan,nan,nan,nan,2.000000,96.339711,-81.065409,-52.055158,10.172335,0.501548,96.355649,-81.065409,-52.055158,-1.752474,10.000000,-0.000000,10.305749,inf,0.000000,1.000000,0.000000,0.000000,0.000000,0.000000,0.000000,0.000000,0.000000,0.000000,0.000000,0.000000,8.000000,6.076253,9.603923,nan
20.320,APPROACH,95.901114,-11.380002,95.212214,-1.467475,-3.833309,-9.512349,1.699967,-50.873683,-66.748683,29.937475,-0.500000,0.500000,-0.499967,0.000000,0.000000,135.000000,-62.253685,28.463531,28.470000,-4.333309,-9.012349,1.200000,0.000000,0.000000,-115.679135,-100.437339,-44.027121,27.870000,-0.550000,-0.550000,-0.550000,0.000000,0.000000,0.000000,-11.380002,95.212214,-1.467475,95.901114,-3.833309,-9.512349,1.699967,10.395621,nan,nan,nan,0,nan,nan,nan,0,nan,nan,nan,nan,nan,nan,nan,nan,nan,nan,nan,nan,nan,nan,nan,nan,nan,nan,nan,nan,nan,nan,nan,nan,nan,nan,nan,nan,nan,nan,nan,nan,nan,nan,nan,nan,nan,nan,nan,nan,nan,nan,nan,nan,nan,nan,nan,nan,nan,nan,2.000000,95.889886,-80.877262,-51.514451,10.233952,0.667283,95.904383,-80.877262,-51.514451,-1.667475,10.000000,0.000000,10.395621,inf,0.000000,1.000000,0.000000,0.000000,0.000000,0.000000,0.000000,0.000000,0.000000,0.000000,0.000000,0.000000,8.000000,6.606452,9.525734,nan
20.380,APPROACH,95.441980,-11.562599,94.729002,-1.376227,-3.651934,-9.664239,1.824967,-50.904933,-66.717433,29.906227,-0.625000,0.625000,-0.624967,0.000000,0.000000,135.000000,-62.467532,28.011569,28.530000,-4.276934,-9.039239,1.200000,0.000000,0.000000,-115.321268,-100.114397,-44.540162,27.930000,-0.700000,-0.700000,-0.700000,0.000000,0.000000,0.000000,-11.562599,94.729002,-1.376227,95.441980,-3.651934,-9.664239,1.824967,10.491169,nan,nan,nan,0,nan,nan,nan,0,nan,nan,nan,nan,nan,nan,nan,nan,nan,nan,nan,nan,nan,nan,nan,nan,nan,nan,nan,nan,nan,nan,nan,nan,nan,nan,nan,nan,nan,nan,nan,nan,nan,nan,nan,nan,nan,nan,nan,nan,nan,nan,nan,nan,nan,nan,nan,nan,nan,nan,2.000000,95.432057,-80.682557,-50.966681,10.297644,0.832261,95.445073,-80.682557,-50.966681,-1.576227,10.000000,0.000000,10.491169,inf,0.000000,1.000000,0.000000,0.000000,0.000000,0.000000,0.000000,0.000000,0.000000,0.000000,0.000000,0.000000,8.000000,7.150210,9.445545,nan
20.420,APPROACH,94.974815,-11.736119,94.238213,-1.279929,-3.470393,-9.815776,1.925967,-50.942433,-66.679933,29.868729,-0.750000,0.750000,-0.749967,0.000000,0.000000,135.000000,-62.678552,27.558280,28.588800,-4.220393,-9.065776,1.176000,0.000000,0.000000,-114.963401,-99.786527,-45.044580,27.988800,-0.800000,-0.800000,-0.800000,0.000000,0.000000,0.000000,-11.736119,94.238213,-1.279929,94.974815,-3.470393,-9.815776,1.925967,10.587843,nan,nan,nan,0,nan,nan,nan,0,nan,nan,nan,nan,nan,nan,nan,nan,nan,nan,nan,nan,nan,nan,nan,nan,nan,nan,nan,nan,nan,nan,nan,nan,nan,nan,nan,nan,nan,nan,nan,nan,nan,nan,nan,nan,nan,nan,nan,nan,nan,nan,nan,nan,nan,nan,nan,nan,nan,nan,2.000000,94.966191,-80.481146,-50.411927,10.363404,0.996463,94.977721,-80.481146,-50.411927,-1.479929,10.000000,0.000000,10.587843,inf,0.000000,1.000000,0.000000,0.000000,0.000000,0.000000,0.000000,0.000000,0.000000,0.000000,0.000000,0.000000,8.000000,7.706583,9.363495,nan
20.480,APPROACH,94.499615,-11.900553,93.739865,-1.179732,-3.288686,-9.966959,2.003927,-50.986183,-66.636183,29.824980,-0.875000,0.875000,-0.874967,0.000000,0.000000,135.000000,-62.886736,27.103682,28.645248,-4.163686,-9.091959,1.128960,0.000000,0.000000,-114.605535,-99.453802,-45.540184,28.045248,-0.950000,-0.950000,-0.950000,0.000000,0.000000,0.000000,-11.900553,93.739865,-1.179732,94.499615,-3.288686,-9.966959,2.003927,10.685104,nan,nan,nan,0,nan,nan,nan,0,nan,nan,nan,nan,nan,nan,nan,nan,nan,nan,nan,nan,nan,nan,nan,nan,nan,nan,nan,nan,nan,nan,nan,nan,nan,nan,nan,nan,nan,nan,nan,nan,nan,nan,nan,nan,nan,nan,nan,nan,nan,nan,nan,nan,nan,nan,nan,nan,nan,nan,2.000000,94.492251,-80.272884,-49.850272,10.431224,1.159869,94.502324,-80.272884,-49.850272,-1.379732,10.000000,0.000000,10.685104,inf,0.000000,1.000000,0.000000,0.000000,0.000000,0.000000,0.000000,0.000000,0.000000,0.000000,0.000000,0.000000,8.000000,8.274846,9.279693,nan
20.520,APPROACH,94.016359,-12.055894,93.233976,-1.075544,-3.106817,-10.117788,2.083769,-51.036183,-66.586183,29.774982,-1.000000,1.000000,-0.999967,0.000000,0.000000,135.000000,-63.092077,26.647793,28.699438,-4.106817,-9.117788,1.083802,0.000000,0.000000,-114.247668,-99.116299,-46.026781,28.099438,-1.050000,-1.050000,-1.050000,0.000000,0.000000,0.000000,-12.055894,93.233976,-1.075544,94.016359,-3.106817,-10.117788,2.083769,10.787216,nan,nan,nan,0,nan,nan,nan,0,nan,nan,nan,nan,nan,nan,nan,nan,nan,nan,nan,nan,nan,nan,nan,nan,nan,nan,nan,nan,nan,nan,nan,nan,nan,nan,nan,nan,nan,nan,nan,nan,nan,nan,nan,nan,nan,nan,nan,nan,nan,nan,nan,nan,nan,nan,nan,nan,nan,nan,2.000000,94.010206,-80.057624,-49.281800,10.501097,1.322461,94.018859,-80.057624,-49.281800,-1.275544,10.000000,0.000000,10.787216,inf,0.000000,1.000000,0.000000,0.000000,0.000000,0.000000,0.000000,0.000000,0.000000,0.000000,0.000000,0.000000,7.000000,2.981603,9.071140,nan
20.580,APPROACH,93.525026,-12.202133,92.720563,-0.967273,-2.924788,-10.268261,2.165417,-51.092433,-66.529933,29.718734,-1.125000,1.125000,-1.124967,0.000000,0.000000,135.000000,-63.294566,26.190630,28.751461,-4.049788,-9.143261,1.040450,0.000000,0.000000,-113.889801,-98.774099,-46.504183,28.151461,-1.200000,-1.200000,-1.200000,0.000000,0.000000,0.000000,-12.202133,92.720563,-0.967273,93.525026,-2.924788,-10.268261,2.165417,10.894062,nan,nan,nan,0,nan,nan,nan,0,nan,nan,nan,nan,nan,nan,nan,nan,nan,nan,nan,nan,nan,nan,nan,nan,nan,nan,nan,nan,nan,nan,nan,nan,nan,nan,nan,nan,nan,nan,nan,nan,nan,nan,nan,nan,nan,nan,nan,nan,nan,nan,nan,nan,nan,nan,nan,nan,nan,nan,2.000000,93.520024,-79.835221,-48.706595,10.573016,1.484218,93.527308,-79.835221,-48.706595,-1.167273,10.000000,0.000000,10.894062,inf,0.000000,1.000000,0.000000,0.000000,0.000000,0.000000,0.000000,0.000000,0.000000,0.000000,0.000000,0.000000,7.000000,2.606208,9.123572,nan
20.620,APPROACH,93.025602,-12.339263,92.199644,-0.854833,-2.742601,-10.418377,2.248799,-51.154933,-66.467433,29.656235,-1.250000,1.250000,-1.249967,0.000000,0.000000,135.000000,-63.494196,25.732211,28.801402,-3.992601,-9.168377,0.998832,0.000000,0.000000,-113.531934,-98.427286,-46.972198,28.201402,-1.300000,-1.300000,-1.136017,0.000000,0.000000,0.000000,-12.339263,92.199644,-0.854833,93.025602,-2.742601,-10.418377,2.248799,11.005523,nan,nan,nan,0,nan,nan,nan,0,nan,nan,nan,nan,nan,nan,nan,nan,nan,nan,nan,nan,nan,nan,nan,nan,nan,nan,nan,nan,nan,nan,nan,nan,nan,nan,nan,nan,nan,nan,nan,nan,nan,nan,nan,nan,nan,nan,nan,nan,nan,nan,nan,nan,nan,nan,nan,nan,nan,nan,2.000000,93.021674,-79.605532,-48.124745,10.646972,1.645122,93.027654,-79.605532,-48.124745,-1.054833,10.000000,0.000000,11.005523,inf,0.000000,1.000000,0.000000,0.000000,0.000000,0.000000,0.000000,0.000000,0.000000,0.000000,0.000000,0.000000,7.000000,2.328596,9.159789,nan
20.680,APPROACH,92.518072,-12.467276,91.671237,-0.738141,-2.560259,-10.568135,2.333845,-51.223683,-66.398683,29.587487,-1.375000,1.375000,-1.374967,0.000000,0.000000,135.000000,-63.690959,25.272554,28.849346,-3.935259,-9.193135,0.958878,0.000000,0.000000,-113.174068,-98.075950,-47.430640,28.249346,-1.450000,-1.322751,-1.058470,0.000000,0.000000,0.000000,-12.467276,91.671237,-0.738141,92.518072,-2.560259,-10.568135,2.333845,11.121477,nan,nan,nan,0,nan,nan,nan,0,nan,nan,nan,nan,nan,nan,nan,nan,nan,nan,nan,nan,nan,nan,nan,nan,nan,nan,nan,nan,nan,nan,nan,nan,nan,nan,nan,nan,nan,nan,nan,nan,nan,nan,nan,nan,nan,nan,nan,nan,nan,nan,nan,nan,nan,nan,nan,nan,nan,nan,2.000000,92.515127,-79.368415,-47.536339,10.722958,1.805154,92.519884,-79.368415,-47.536339,-0.938141,10.000000,0.000000,11.121477,inf,0.000000,1.000000,0.000000,0.000000,0.000000,0.000000,0.000000,0.000000,0.000000,0.000000,0.000000,0.000000,7.000000,2.193761,9.172554,nan
20.720,APPROACH,92.002426,-12.586164,91.135361,-0.617116,-2.377762,-10.717535,2.420490,-51.298683,-66.323683,29.512488,-1.500000,1.500000,-1.499967,0.000000,0.000000,135.000000,-63.884848,24.811678,28.895372,-3.877762,-9.217535,0.920523,0.000000,0.000000,-112.816201,-97.720185,-47.879322,28.295372,-1.550000,-1.324560,-0.972133,0.000000,0.000000,0.000000,-12.586164,91.135361,-0.617116,92.002426,-2.377762,-10.717535,2.420490,11.241801,nan,nan,nan,0,nan,nan,nan,0,nan,nan,nan,nan,nan,nan,nan,nan,nan,nan,nan,nan,nan,nan,nan,nan,nan,nan,nan,nan,nan,nan,nan,nan,nan,nan,nan,nan,nan,nan,nan,nan,nan,nan,nan,nan,nan,nan,nan,nan,nan,nan,nan,nan,nan,nan,nan,nan,nan,nan,2.000000,92.000356,-79.123726,-46.941469,10.800966,1.964295,92.003985,-79.123726,-46.941469,-0.817116,10.000000,0.000000,11.241801,inf,0.000000,1.000000,0.000000,0.000000,0.000000,0.000000,0.000000,0.000000,0.000000,0.000000,0.000000,0.000000,7.000000,2.235167,9.164018,nan
20.780,APPROACH,91.478655,-12.695920,90.592032,-0.491683,-2.195115,-10.866576,2.508669,-51.379933,-66.242433,29.431240,-1.625000,1.625000,-1.624967,0.000000,0.000000,135.000000,-64.075853,24.349599,28.939557,-3.820115,-9.241576,0.883702,0.000000,0.000000,-112.458334,-97.360089,-48.318057,28.339557,-1.700000,-1.324098,-0.879401,0.000000,0.000000,0.000000,-12.695920,90.592032,-0.491683,91.478655,-2.195115,-10.866576,2.508669,11.366372,nan,nan,nan,0,nan,nan,nan,0,nan,nan,nan,nan,nan,nan,nan,nan,nan,nan,nan,nan,nan,nan,nan,nan,nan,nan,nan,nan,nan,nan,nan,nan,nan,nan,nan,nan,nan,nan,nan,nan,nan,nan,nan,nan,nan,nan,nan,nan,nan,nan,nan,nan,nan,nan,nan,nan,nan,nan,2.000000,91.477334,-78.871325,-46.340227,10.880987,2.122525,91.479949,-78.871325,-46.340227,-0.691683,10.000000,0.000000,11.366372,inf,0.000000,1.000000,0.000000,0.000000,0.000000,0.000000,0.000000,0.000000,0.000000,0.000000,0.000000,0.000000,7.000000,2.450693,9.131621,nan
20.820,APPROACH,90.946756,-12.796536,90.041269,-0.361767,-2.012318,-11.015256,2.598321,-51.467433,-66.154933,29.343742,-1.750000,1.750000,-1.749967,0.000000,0.000000,135.000000,-64.263969,23.886336,28.981975,-3.762318,-9.265256,0.848354,0.000000,0.000000,-112.100468,-96.995765,-48.746663,28.381975,-1.800000,-1.327627,-0.779401,0.000000,0.000000,0.000000,-12.796536,90.041269,-0.361767,90.946756,-2.012318,-11.015256,2.598321,11.495067,nan,nan,nan,0,nan,nan,nan,0,nan,nan,nan,nan,nan,nan,nan,nan,nan,nan,nan,nan,nan,nan,nan,nan,nan,nan,nan,nan,nan,nan,nan,nan,nan,nan,nan,nan,nan,nan,nan,nan,nan,nan,nan,nan,nan,nan,nan,nan,nan,nan,nan,nan,nan,nan,nan,nan,nan,nan,2.000000,90.946036,-78.611073,-45.732709,10.963014,2.279825,90.947771,-78.611073,-45.732709,-0.561767,10.000000,0.000000,11.495067,inf,0.000000,1.000000,0.000000,0.000000,0.000000,0.000000,0.000000,0.000000,0.000000,0.000000,0.000000,0.000000,7.000000,2.806455,9.078144,nan
20.880,APPROACH,90.406741,-12.888005,89.483090,-0.234008,-1.829375,-11.163574,2.555171,-51.561183,-66.061183,29.256704,-1.875000,1.875000,-1.740751,0.000000,0.000000,135.000000,-64.449188,23.421907,29.022696,-3.704375,-9.288574,0.814420,0.000000,0.000000,-111.742601,-96.627319,-49.164955,28.422696,-1.950000,-1.286331,-0.678984,0.000000,0.000000,0.000000,-12.888005,89.483090,-0.234008,90.406741,-1.829375,-11.163574,2.555171,11.597452,nan,nan,nan,0,nan,nan,nan,0,nan,nan,nan,nan,nan,nan,nan,nan,nan,nan,nan,nan,nan,nan,nan,nan,nan,nan,nan,nan,nan,nan,nan,nan,nan,nan,nan,nan,nan,nan,nan,nan,nan,nan,nan,nan,nan,nan,nan,nan,nan,nan,nan,nan,nan,nan,nan,nan,nan,nan,2.000000,90.406439,-78.342830,-45.119010,11.047037,2.436178,90.407480,-78.342830,-45.119010,-0.434008,10.000000,0.000000,11.597452,inf,0.000000,1.000000,0.000000,0.000000,0.000000,0.000000,0.000000,0.000000,0.000000,0.000000,0.000000,0.000000,7.000000,3.262070,9.009657,nan
20.920,APPROACH,89.858592,-12.970319,88.917514,-0.114129,-1.646287,-11.311530,2.397594,-51.661183,-65.961183,29.175917,-2.000000,2.000000,-1.615751,0.000000,0.000000,135.000000,-64.631502,22.956331,29.061788,-3.646287,-9.311530,0.781843,0.000000,0.000000,-111.384734,-96.254862,-49.572754,28.461788,-2.050000,-1.245097,-0.578984,0.000000,0.000000,0.000000,-12.970319,88.917514,-0.114129,89.858592,-1.646287,-11.311530,2.397594,11.679445,nan,nan,nan,0,nan,nan,nan,0,nan,nan,nan,nan,nan,nan,nan,nan,nan,nan,nan,nan,nan,nan,nan,nan,nan,nan,nan,nan,nan,nan,nan,nan,nan,nan,nan,nan,nan,nan,nan,nan,nan,nan,nan,nan,nan,nan,nan,nan,nan,nan,nan,nan,nan,nan,nan,nan,nan,nan,2.000000,89.858519,-78.066459,-44.499229,11.133049,2.591563,89.859068,-78.066459,-44.499229,-0.314129,10.000000,-0.000000,11.679445,inf,0.000000,1.000000,0.000000,0.000000,0.000000,0.000000,0.000000,0.000000,0.000000,0.000000,0.000000,0.000000,7.000000,3.786199,8.930872,nan
20.980,APPROACH,89.302257,-13.043472,88.344558,-0.002063,-1.463057,-11.459123,2.241320,-51.767433,-65.854933,29.101379,-2.125000,2.125000,-1.490751,0.000000,0.000000,135.000000,-64.810905,22.489625,29.099317,-3.588057,-9.334123,0.750569,0.000000,0.000000,-111.026868,-95.878508,-49.969879,28.499317,-2.200000,-1.206751,-0.428984,0.000000,0.000000,0.000000,-13.043472,88.344558,-0.002063,89.302257,-1.463057,-11.459123,2.241320,11.767563,nan,nan,nan,0,nan,nan,nan,0,nan,nan,nan,nan,nan,nan,nan,nan,nan,nan,nan,nan,nan,nan,nan,nan,nan,nan,nan,nan,nan,nan,nan,nan,nan,nan,nan,nan,nan,nan,nan,nan,nan,nan,nan,nan,nan,nan,nan,nan,nan,nan,nan,nan,nan,nan,nan,nan,nan,nan,2.000000,89.302257,-77.781823,-43.873467,11.221039,2.745963,89.302485,-77.781823,-43.873467,-0.202063,10.000000,0.000000,11.767563,inf,0.000000,1.000000,0.000000,0.000000,0.000000,0.000000,0.000000,0.000000,0.000000,0.000000,0.000000,0.000000,7.000000,4.358197,8.844891,nan
21.020,APPROACH,88.737691,-13.107456,87.764240,0.102252,-1.279687,-11.606351,2.086297,-51.879933,-65.742433,29.033092,-2.250000,2.250000,-1.365751,0.000000,0.000000,135.000000,-64.987389,22.021807,29.135344,-3.529687,-9.356351,0.720547,0.000000,0.000000,-110.669001,-95.498378,-50.356152,28.535344,-2.300000,-1.173177,-0.328984,0.000000,0.000000,0.000000,-13.107456,87.764240,0.102252,88.737691,-1.279687,-11.606351,2.086297,11.861603,nan,nan,nan,0,nan,nan,nan,0,nan,nan,nan,nan,nan,nan,nan,nan,nan,nan,nan,nan,nan,nan,nan,nan,nan,nan,nan,nan,nan,nan,nan,nan,nan,nan,nan,nan,nan,nan,nan,nan,nan,nan,nan,nan,nan,nan,nan,nan,nan,nan,nan,nan,nan,nan,nan,nan,nan,nan,2.000000,88.737632,-77.488785,-43.241825,11.311000,2.899359,88.737685,-77.488785,-43.241825,-0.097748,10.000000,-0.000000,11.861603,inf,0.000000,1.000000,0.000000,0.000000,0.000000,0.000000,0.000000,0.000000,0.000000,0.000000,0.000000,0.000000,7.000000,4.965112,8.753662,nan
21.080,APPROACH,88.164850,-13.162265,87.176579,0.198876,-1.096179,-11.753215,1.932475,-51.998683,-65.623683,28.971054,-2.375000,2.375000,-1.240751,0.000000,0.000000,135.000000,-65.160948,21.552896,29.169930,-3.471179,-9.378215,0.691725,0.000000,0.000000,-110.311134,-95.114594,-50.731399,28.569930,-2.450000,-1.144513,-0.178984,0.000000,0.000000,0.000000,-13.162265,87.176579,0.198876,88.164850,-1.096179,-11.753215,1.932475,11.961360,nan,nan,nan,0,nan,nan,nan,0,nan,nan,nan,nan,nan,nan,nan,nan,nan,nan,nan,nan,nan,nan,nan,nan,nan,nan,nan,nan,nan,nan,nan,nan,nan,nan,nan,nan,nan,nan,nan,nan,nan,nan,nan,nan,nan,nan,nan,nan,nan,nan,nan,nan,nan,nan,nan,nan,nan,nan,2.000000,88.164626,-77.187212,-42.604407,11.402921,3.051731,88.164626,-77.187212,-42.604407,-0.001124,10.000000,0.000000,11.961360,inf,0.000000,1.000000,0.000000,0.000000,0.000000,0.000000,0.000000,0.000000,0.000000,0.000000,0.000000,0.000000,7.000000,5.598804,8.658408,nan
21.120,APPROACH,87.583695,-13.207892,86.581594,0.287866,-0.912536,-11.899713,1.779807,-52.123683,-65.498683,28.915267,-2.500000,2.500000,-1.115751,0.000000,0.000000,135.000000,-65.331575,21.082911,29.203133,-3.412536,-9.399713,0.664056,0.000000,0.000000,-109.953268,-94.727284,-51.095443,28.603133,-2.550000,-1.135277,-0.078984,0.000000,0.000000,0.000000,-13.207892,86.581594,0.287866,87.583695,-0.912536,-11.899713,1.779807,12.066631,nan,nan,nan,0,nan,nan,nan,0,nan,nan,nan,nan,nan,nan,nan,nan,nan,nan,nan,nan,nan,nan,nan,nan,nan,nan,nan,nan,nan,nan,nan,nan,nan,nan,nan,nan,nan,nan,nan,nan,nan,nan,nan,nan,nan,nan,nan,nan,nan,nan,nan,nan,nan,nan,nan,nan,nan,nan,2.000000,87.583222,-76.876970,-41.961318,11.496794,3.203062,87.583266,-76.876970,-41.961318,0.087866,10.000000,0.000000,12.066631,inf,0.000000,1.000000,0.000000,0.000000,0.000000,0.000000,0.000000,0.000000,0.000000,0.000000,0.000000,0.000000,7.000000,6.254038,8.559915,nan
21.180,APPROACH,86.994189,-13.244330,85.979302,0.369279,-0.728760,-12.045844,1.628244,-52.254933,-65.367433,28.865729,-2.625000,2.625000,-0.990751,0.000000,0.000000,135.000000,-65.499263,20.611868,29.235008,-3.353760,-9.420844,0.637494,0.000000,0.000000,-109.595401,-94.336580,-51.448115,28.635008,-2.634416,-1.149917,-0.000568,0.000000,0.000000,0.000000,-13.244330,85.979302,0.369279,86.994189,-0.728760,-12.045844,1.628244,12.177217,nan,nan,nan,0,nan,nan,nan,0,nan,nan,nan,nan,nan,nan,nan,nan,nan,nan,nan,nan,nan,nan,nan,nan,nan,nan,nan,nan,nan,nan,nan,nan,nan,nan,nan,nan,nan,nan,nan,nan,nan,nan,nan,nan,nan,nan,nan,nan,nan,nan,nan,nan,nan,nan,nan,nan,nan,nan,2.000000,86.993405,-76.557927,-41.312666,11.592610,3.353333,86.993570,-76.557927,-41.312666,0.169279,10.000000,0.000000,12.177217,inf,0.000000,1.000000,0.000000,0.000000,0.000000,0.000000,0.000000,0.000000,0.000000,0.000000,0.000000,0.000000,7.000000,6.927355,8.458705,nan
21.220,APPROACH,86.396298,-13.271573,85.369721,0.443166,-0.544852,-12.191607,1.477745,-52.392433,-65.229933,28.822441,-2.750000,2.750000,-0.865751,0.000000,0.000000,135.000000,-65.664006,20.139788,29.265607,-3.294852,-9.441607,0.611994,0.000000,0.000000,-109.237534,-93.942616,-51.789243,28.665607,-2.616015,-1.163588,0.047865,0.000000,0.000000,0.000000,-13.271573,85.369721,0.443166,86.396298,-0.544852,-12.191607,1.477745,12.292920,nan,nan,nan,0,nan,nan,nan,0,nan,nan,nan,nan,nan,nan,nan,nan,nan,nan,nan,nan,nan,nan,nan,nan,nan,nan,nan,nan,nan,nan,nan,nan,nan,nan,nan,nan,nan,nan,nan,nan,nan,nan,nan,nan,nan,nan,nan,nan,nan,nan,nan,nan,nan,nan,nan,nan,nan,nan,2.000000,86.395162,-76.229951,-40.658560,11.690358,3.502526,86.395504,-76.229951,-40.658560,0.243166,10.000000,0.000000,12.292920,inf,0.000000,1.000000,0.000000,0.000000,0.000000,0.000000,0.000000,0.000000,0.000000,0.000000,0.000000,0.000000,7.000000,7.616395,8.355130,nan
21.280,APPROACH,85.789992,-13.289613,84.752871,0.509579,-0.360817,-12.337002,1.328265,-52.536183,-65.086183,28.785404,-2.875000,2.875000,-0.740751,0.000000,0.000000,135.000000,-65.825797,19.666688,29.294983,-3.235817,-9.462002,0.587514,0.000000,0.000000,-108.879668,-93.545534,-52.118660,28.694983,-2.599448,-1.180378,0.091861,0.000000,0.000000,0.000000,-13.289613,84.752871,0.509579,85.789992,-0.360817,-12.337002,1.328265,12.413545,nan,nan,nan,0,nan,nan,nan,0,nan,nan,nan,nan,nan,nan,nan,nan,nan,nan,nan,nan,nan,nan,nan,nan,nan,nan,nan,nan,nan,nan,nan,nan,nan,nan,nan,nan,nan,nan,nan,nan,nan,nan,nan,nan,nan,nan,nan,nan,nan,nan,nan,nan,nan,nan,nan,nan,nan,nan,2.000000,85.788478,-75.892912,-39.999111,11.790028,3.650623,85.789037,-75.892912,-39.999111,0.309579,10.000000,0.000000,12.413545,inf,0.000000,1.000000,0.000000,0.000000,0.000000,0.000000,0.000000,0.000000,0.000000,0.000000,0.000000,0.000000,7.000000,8.319509,8.249441,nan
21.320,APPROACH,85.175242,-13.298446,84.128770,0.568567,-0.176655,-12.482029,1.179764,-52.686183,-64.936183,28.754616,-3.000000,3.000000,-0.615751,0.000000,0.000000,135.000000,-65.984629,19.192587,29.323184,-3.176655,-9.482029,0.564014,0.000000,0.000000,-108.521801,-93.145476,-52.436199,28.723184,-2.581071,-1.195129,0.131436,0.000000,0.000000,0.000000,-13.298446,84.128770,0.568567,85.175242,-0.176655,-12.482029,1.179764,12.538903,nan,nan,nan,0,nan,nan,nan,0,nan,nan,nan,nan,nan,nan,nan,nan,nan,nan,nan,nan,nan,nan,nan,nan,nan,nan,nan,nan,nan,nan,nan,nan,nan,nan,nan,nan,nan,nan,nan,nan,nan,nan,nan,nan,nan,nan,nan,nan,nan,nan,nan,nan,nan,nan,nan,nan,nan,nan,2.000000,85.173344,-75.546682,-39.334430,11.891612,3.797605,85.174142,-75.546682,-39.334430,0.368567,10.000000,0.000000,12.538903,inf,0.000000,1.000000,0.000000,0.000000,0.000000,0.000000,0.000000,0.000000,0.000000,0.000000,0.000000,0.000000,6.000000,2.896689,8.103635,nan
21.380,APPROACH,84.552025,-13.298065,83.497436,0.620178,0.007631,-12.626685,1.032204,-52.842433,-64.779933,28.730079,-3.125000,3.125000,-0.490751,0.000000,0.000000,135.000000,-66.140498,18.717502,29.350256,-3.117369,-9.501685,0.541453,0.000000,0.000000,-108.163934,-92.742590,-52.741699,28.750256,-2.564846,-1.213242,0.166493,0.000000,0.000000,0.000000,-13.298065,83.497436,0.620178,84.552025,0.007631,-12.626685,1.032204,12.668807,nan,nan,nan,0,nan,nan,nan,0,nan,nan,nan,nan,nan,nan,nan,nan,nan,nan,nan,nan,nan,nan,nan,nan,nan,nan,nan,nan,nan,nan,nan,nan,nan,nan,nan,nan,nan,nan,nan,nan,nan,nan,nan,nan,nan,nan,nan,nan,nan,nan,nan,nan,nan,nan,nan,nan,nan,nan,2.000000,84.549750,-75.191133,-38.664632,11.995099,3.943454,84.550794,-75.191133,-38.664632,0.420178,10.000000,0.000000,12.668807,inf,0.000000,1.000000,0.000000,0.000000,0.000000,0.000000,0.000000,0.000000,0.000000,0.000000,0.000000,0.000000,6.000000,2.491502,8.148892,nan
21.420,APPROACH,83.920319,-13.288463,82.858887,0.664455,0.192039,-12.770970,0.885546,-53.004933,-64.617433,28.711791,-3.250000,3.250000,-0.365751,0.000000,0.000000,135.000000,-66.293396,18.241454,29.376246,-3.057961,-9.520970,0.519795,0.000000,0.000000,-107.806068,-92.337027,-53.034998,28.776246,-2.546450,-1.228592,0.197133,0.000000,0.000000,0.000000,-13.288463,82.858887,0.664455,83.920319,0.192039,-12.770970,0.885546,12.803076,nan,nan,nan,0,nan,nan,nan,0,nan,nan,nan,nan,nan,nan,nan,nan,nan,nan,nan,nan,nan,nan,nan,nan,nan,nan,nan,nan,nan,nan,nan,nan,nan,nan,nan,nan,nan,nan,nan,nan,nan,nan,nan,nan,nan,nan,nan,nan,nan,nan,nan,nan,nan,nan,nan,nan,nan,nan,2.000000,83.917688,-74.826138,-37.989833,12.100478,4.088153,83.918974,-74.826138,-37.989833,0.464455,10.000000,0.000000,12.803076,inf,0.000000,1.000000,0.000000,0.000000,0.000000,0.000000,0.000000,0.000000,0.000000,0.000000,0.000000,0.000000,6.000000,2.267636,8.160948,nan
21.480,APPROACH,83.280106,-13.269634,82.213143,0.701442,0.376565,-12.914884,0.739754,-53.173683,-64.448683,28.699754,-3.375000,3.375000,-0.240751,0.000000,0.000000,135.000000,-66.443318,17.764460,29.401196,-2.998435,-9.539884,0.499003,0.000000,0.000000,-107.448201,-91.928944,-53.315936,28.801196,-2.530410,-1.247456,0.223207,0.000000,0.000000,0.000000,-13.269634,82.213143,0.701442,83.280106,0.376565,-12.914884,0.739754,12.941533,nan,nan,nan,0,nan,nan,nan,0,nan,nan,nan,nan,nan,nan,nan,nan,nan,nan,nan,nan,nan,nan,nan,nan,nan,nan,nan,nan,nan,nan,nan,nan,nan,nan,nan,nan,nan,nan,nan,nan,nan,nan,nan,nan,nan,nan,nan,nan,nan,nan,nan,nan,nan,nan,nan,nan,nan,nan,2.000000,83.277152,-74.451573,-37.310151,12.207739,4.231683,83.278662,-74.451573,-37.310151,0.501442,10.000000,0.000000,12.941533,inf,0.000000,1.000000,0.000000,0.000000,0.000000,0.000000,0.000000,0.000000,0.000000,0.000000,0.000000,0.000000,6.000000,2.287951,8.147689,nan
21.520,APPROACH,82.631372,-13.241574,81.560221,0.731182,0.561209,-13.058426,0.594794,-53.348683,-64.273683,28.693966,-3.500000,3.500000,-0.115751,0.000000,0.000000,135.000000,-66.590257,17.286538,29.425148,-2.938791,-9.558426,0.479043,0.000000,0.000000,-107.090335,-91.518498,-53.584360,28.825148,-2.511982,-1.263072,0.244890,0.000000,0.000000,0.000000,-13.241574,81.560221,0.731182,82.631372,0.561209,-13.058426,0.594794,13.084006,nan,nan,nan,0,nan,nan,nan,0,nan,nan,nan,nan,nan,nan,nan,nan,nan,nan,nan,nan,nan,nan,nan,nan,nan,nan,nan,nan,nan,nan,nan,nan,nan,nan,nan,nan,nan,nan,nan,nan,nan,nan,nan,nan,nan,nan,nan,nan,nan,nan,nan,nan,nan,nan,nan,nan,nan,nan,2.000000,82.628137,-74.067313,-36.625704,12.316872,4.374026,82.629844,-74.067313,-36.625704,0.531182,10.000000,0.000000,13.084006,inf,0.000000,1.000000,0.000000,0.000000,0.000000,0.000000,0.000000,0.000000,0.000000,0.000000,0.000000,0.000000,6.000000,2.554565,8.106634,nan
21.580,APPROACH,81.974105,-13.204276,80.900142,0.753714,0.745968,-13.201595,0.450632,-53.529933,-64.092433,28.694429,-3.625000,3.625000,0.009249,0.000000,0.000000,135.000000,-66.734209,16.807709,29.448143,-2.879032,-9.576595,0.459881,0.000000,0.000000,-106.732468,-91.105854,-53.840115,28.848143,-2.496028,-1.282302,0.261975,0.000000,0.000000,0.000000,-13.204276,80.900142,0.753714,81.974105,0.745968,-13.201595,0.450632,13.230331,nan,nan,nan,0,nan,nan,nan,0,nan,nan,nan,nan,nan,nan,nan,nan,nan,nan,nan,nan,nan,nan,nan,nan,nan,nan,nan,nan,nan,nan,nan,nan,nan,nan,nan,nan,nan,nan,nan,nan,nan,nan,nan,nan,nan,nan,nan,nan,nan,nan,nan,nan,nan,nan,nan,nan,nan,nan,2.000000,81.970640,-73.673236,-35.936614,12.427866,4.515165,81.972510,-73.673236,-35.936614,0.553714,10.000000,0.000000,13.230331,inf,0.000000,1.000000,0.000000,0.000000,0.000000,0.000000,0.000000,0.000000,0.000000,0.000000,0.000000,0.000000,6.000000,3.009387,8.036598,nan
21.620,APPROACH,81.308297,-13.157734,80.232922,0.769076,0.930838,-13.344390,0.307237,-53.717433,-63.904933,28.701141,-3.750000,3.750000,0.134249,0.000000,0.000000,135.000000,-66.875167,16.327989,29.470217,-2.819162,-9.594390,0.441486,0.000000,0.000000,-106.374602,-90.691179,-54.083051,28.870217,-2.477557,-1.297966,0.274692,0.000000,0.000000,0.000000,-13.157734,80.232922,0.769076,81.308297,0.930838,-13.344390,0.307237,13.380344,nan,nan,nan,0,nan,nan,nan,0,nan,nan,nan,nan,nan,nan,nan,nan,nan,nan,nan,nan,nan,nan,nan,nan,nan,nan,nan,nan,nan,nan,nan,nan,nan,nan,nan,nan,nan,nan,nan,nan,nan,nan,nan,nan,nan,nan,nan,nan,nan,nan,nan,nan,nan,nan,nan,nan,nan,nan,2.000000,81.304660,-73.269220,-35.243002,12.540711,4.655082,81.306652,-73.269220,-35.243002,0.569076,10.000000,0.000000,13.380344,inf,0.000000,1.000000,0.000000,0.000000,0.000000,0.000000,0.000000,0.000000,0.000000,0.000000,0.000000,0.000000,6.000000,3.587192,7.947624,nan
21.680,APPROACH,80.633945,-13.101943,79.558582,0.777304,1.115819,-13.486811,0.164577,-53.911183,-63.711183,28.714104,-3.875000,3.875000,0.259249,0.000000,0.000000,135.000000,-67.013126,15.847398,29.491408,-2.759181,-9.611811,0.423827,0.000000,0.000000,-106.016735,-90.274641,-54.313021,28.891408,-2.461616,-1.317309,0.282786,0.000000,0.000000,0.000000,-13.101943,79.558582,0.777304,80.633945,1.115819,-13.486811,0.164577,13.533892,nan,nan,nan,0,nan,nan,nan,0,nan,nan,nan,nan,nan,nan,nan,nan,nan,nan,nan,nan,nan,nan,nan,nan,nan,nan,nan,nan,nan,nan,nan,nan,nan,nan,nan,nan,nan,nan,nan,nan,nan,nan,nan,nan,nan,nan,nan,nan,nan,nan,nan,nan,nan,nan,nan,nan,nan,nan,2.000000,80.630198,-72.855145,-34.544994,12.655394,4.793760,80.632265,-72.855145,-34.544994,0.577304,10.000000,-0.000000,13.533892,inf,0.000000,1.000000,0.000000,0.000000,0.000000,0.000000,0.000000,0.000000,0.000000,0.000000,0.000000,0.000000,6.000000,4.242903,7.846654,nan
21.720,APPROACH,79.951045,-13.036897,78.877139,0.778436,1.300907,-13.628858,0.022624,-54.111183,-63.511183,28.733316,-4.000000,4.000000,0.384249,0.000000,0.000000,135.000000,-67.148081,15.365956,29.511752,-2.699093,-9.628858,0.406873,0.000000,0.000000,-105.658868,-89.856417,-54.529879,28.911752,-2.443074,-1.332883,0.286518,0.000000,0.000000,0.000000,-13.036897,78.877139,0.778436,79.951045,1.300907,-13.628858,0.022624,13.690823,nan,nan,nan,0,nan,nan,nan,0,nan,nan,nan,nan,nan,nan,nan,nan,nan,nan,nan,nan,nan,nan,nan,nan,nan,nan,nan,nan,nan,nan,nan,nan,nan,nan,nan,nan,nan,nan,nan,nan,nan,nan,nan,nan,nan,nan,nan,nan,nan,nan,nan,nan,nan,nan,nan,nan,nan,nan,2.000000,79.947256,-72.430894,-33.842714,12.771906,4.931180,79.949348,-72.430894,-33.842714,0.578436,10.000000,0.000000,13.690823,inf,0.000000,1.000000,0.000000,0.000000,0.000000,0.000000,0.000000,0.000000,0.000000,0.000000,0.000000,0.000000,6.000000,4.949898,7.737788,nan
21.780,APPROACH,79.259625,-12.962592,78.188612,0.774726,1.486101,-13.770528,-0.074201,-54.317433,-63.304933,28.756556,-4.125000,4.125000,0.464800,0.000000,0.000000,135.000000,-67.280026,14.883679,29.531282,-2.638899,-9.645528,0.390599,0.000000,0.000000,-105.301002,-89.436684,-54.733483,28.931282,-2.427114,-1.352169,0.284179,0.000000,0.000000,0.000000,-12.962592,78.188612,0.774726,79.259625,1.486101,-13.770528,-0.074201,13.850684,nan,nan,nan,0,nan,nan,nan,0,nan,nan,nan,nan,nan,nan,nan,nan,nan,nan,nan,nan,nan,nan,nan,nan,nan,nan,nan,nan,nan,nan,nan,nan,nan,nan,nan,nan,nan,nan,nan,nan,nan,nan,nan,nan,nan,nan,nan,nan,nan,nan,nan,nan,nan,nan,nan,nan,nan,nan,2.000000,79.255838,-71.996348,-33.136291,12.890234,5.067326,79.257922,-71.996348,-33.136291,0.574726,10.000000,0.000000,13.850684,inf,0.000000,1.000000,0.000000,0.000000,0.000000,0.000000,0.000000,0.000000,0.000000,0.000000,0.000000,0.000000,6.000000,5.692833,7.623386,nan
21.820,APPROACH,78.559731,-12.879022,77.493021,0.770529,1.671397,-13.911822,-0.083930,-54.529933,-63.092433,28.779501,-4.250000,4.250000,0.458905,0.000000,0.000000,135.000000,-67.408956,14.400588,29.550030,-2.578603,-9.661822,0.374975,0.000000,0.000000,-104.943135,-89.015623,-54.923696,28.950030,-2.408529,-1.367551,0.276178,0.000000,0.000000,0.000000,-12.879022,77.493021,0.770529,78.559731,1.671397,-13.911822,-0.083930,14.012117,nan,nan,nan,0,nan,nan,nan,0,nan,nan,nan,nan,nan,nan,nan,nan,nan,nan,nan,nan,nan,nan,nan,nan,nan,nan,nan,nan,nan,nan,nan,nan,nan,nan,nan,nan,nan,nan,nan,nan,nan,nan,nan,nan,nan,nan,nan,nan,nan,nan,nan,nan,nan,nan,nan,nan,nan,nan,2.000000,78.555952,-71.551391,-32.425853,13.010368,5.202181,78.558024,-71.551391,-32.425853,0.570529,10.000000,0.000000,14.012117,inf,0.000000,1.000000,0.000000,0.000000,0.000000,0.000000,0.000000,0.000000,0.000000,0.000000,0.000000,0.000000,6.000000,6.462650,7.504846,nan
21.880,APPROACH,77.851375,-12.786183,76.790384,0.766200,1.856795,-14.052739,-0.086580,-54.748683,-62.873683,28.801829,-4.375000,4.375000,0.446555,0.000000,0.000000,135.000000,-67.534866,13.916701,29.568029,-2.518205,-9.677739,0.359976,0.000000,0.000000,-104.585269,-88.593419,-55.100381,28.968029,-2.392306,-1.386734,0.267705,0.000000,0.000000,0.000000,-12.786183,76.790384,0.766200,77.851375,1.856795,-14.052739,-0.086580,14.175143,nan,nan,nan,0,nan,nan,nan,0,nan,nan,nan,nan,nan,nan,nan,nan,nan,nan,nan,nan,nan,nan,nan,nan,nan,nan,nan,nan,nan,nan,nan,nan,nan,nan,nan,nan,nan,nan,nan,nan,nan,nan,nan,nan,nan,nan,nan,nan,nan,nan,nan,nan,nan,nan,nan,nan,nan,nan,2.000000,77.847605,-71.095910,-31.711531,13.132296,5.335726,77.849664,-71.095910,-31.711531,0.566200,10.000000,0.000000,14.175143,inf,0.000000,1.000000,0.000000,0.000000,0.000000,0.000000,0.000000,0.000000,0.000000,0.000000,0.000000,0.000000,6.000000,7.253785,7.383022,nan
21.920,APPROACH,77.134570,-12.684068,76.080720,0.761784,2.042290,-14.193279,-0.088328,-54.973683,-62.648683,28.823524,-4.500000,4.500000,0.433905,0.000000,0.000000,135.000000,-67.657751,13.432037,29.585308,-2.457710,-9.693279,0.345577,0.000000,0.000000,-104.227402,-88.170261,-55.263405,28.985308,-2.373224,-1.401991,0.259461,0.000000,0.000000,0.000000,-12.684068,76.080720,0.761784,77.134570,2.042290,-14.193279,-0.088328,14.339732,nan,nan,nan,0,nan,nan,nan,0,nan,nan,nan,nan,nan,nan,nan,nan,nan,nan,nan,nan,nan,nan,nan,nan,nan,nan,nan,nan,nan,nan,nan,nan,nan,nan,nan,nan,nan,nan,nan,nan,nan,nan,nan,nan,nan,nan,nan,nan,nan,nan,nan,nan,nan,nan,nan,nan,nan,nan,2.000000,77.130808,-70.629790,-30.993456,13.256006,5.467945,77.132854,-70.629790,-30.993456,0.561784,10.000000,0.000000,14.339732,inf,0.000000,1.000000,0.000000,0.000000,0.000000,0.000000,0.000000,0.000000,0.000000,0.000000,0.000000,0.000000,6.000000,8.062682,7.258464,nan
21.980,APPROACH,76.409328,-12.572674,75.364048,0.757316,2.227881,-14.333441,-0.089346,-55.204933,-62.417433,28.844579,-4.625000,4.625000,0.421099,0.000000,0.000000,135.000000,-67.777607,12.946615,29.601896,-2.397119,-9.708441,0.331754,0.000000,0.000000,-103.869536,-87.746340,-55.412640,29.001896,-2.356455,-1.421065,0.251205,0.000000,0.000000,0.000000,-12.572674,75.364048,0.757316,76.409328,2.227881,-14.333441,-0.089346,14.505825,nan,nan,nan,0,nan,nan,nan,0,nan,nan,nan,nan,nan,nan,nan,nan,nan,nan,nan,nan,nan,nan,nan,nan,nan,nan,nan,nan,nan,nan,nan,nan,nan,nan,nan,nan,nan,nan,nan,nan,nan,nan,nan,nan,nan,nan,nan,nan,nan,nan,nan,nan,nan,nan,nan,nan,nan,nan,2.000000,76.405575,-70.152920,-30.271764,13.381486,5.598821,76.407608,-70.152920,-30.271764,0.557316,10.000000,0.000000,14.505825,inf,0.000000,1.000000,0.000000,0.000000,0.000000,0.000000,0.000000,0.000000,0.000000,0.000000,0.000000,0.000000,5.000000,3.175124,7.078671,nan
22.020,APPROACH,75.675665,-12.451996,74.640387,0.752815,2.413566,-14.473224,-0.090038,-55.442433,-62.179933,28.865005,-4.750000,4.750000,0.408521,0.000000,0.000000,135.000000,-67.894429,12.460454,29.617820,-2.336434,-9.723224,0.318483,0.000000,0.000000,-103.511669,-87.321851,-55.547960,29.017820,-2.336811,-1.436159,0.243230,0.000000,0.000000,0.000000,-12.451996,74.640387,0.752815,75.675665,2.413566,-14.473224,-0.090038,14.673364,nan,nan,nan,0,nan,nan,nan,0,nan,nan,nan,nan,nan,nan,nan,nan,nan,nan,nan,nan,nan,nan,nan,nan,nan,nan,nan,nan,nan,nan,nan,nan,nan,nan,nan,nan,nan,nan,nan,nan,nan,nan,nan,nan,nan,nan,nan,nan,nan,nan,nan,nan,nan,nan,nan,nan,nan,nan,2.000000,75.671921,-69.665190,-29.546588,13.508725,5.728337,75.673940,-69.665190,-29.546588,0.552815,10.000000,0.000000,14.673364,inf,0.000000,1.000000,0.000000,0.000000,0.000000,0.000000,0.000000,0.000000,0.000000,0.000000,0.000000,0.000000,5.000000,2.716856,7.121939,nan
22.080,APPROACH,74.933600,-12.322029,73.909756,0.748306,2.599342,-14.612627,-0.090161,-55.686183,-61.936183,28.884801,-4.875000,4.875000,0.395905,0.000000,0.000000,135.000000,-68.008212,11.973573,29.633107,-2.275658,-9.737627,0.305744,0.000000,0.000000,-103.153803,-86.896994,-55.669242,29.033107,-2.319437,-1.455071,0.235273,0.000000,0.000000,0.000000,-12.322029,73.909756,0.748306,74.933600,2.599342,-14.612627,-0.090161,14.842290,nan,nan,nan,0,nan,nan,nan,0,nan,nan,nan,nan,nan,nan,nan,nan,nan,nan,nan,nan,nan,nan,nan,nan,nan,nan,nan,nan,nan,nan,nan,nan,nan,nan,nan,nan,nan,nan,nan,nan,nan,nan,nan,nan,nan,nan,nan,nan,nan,nan,nan,nan,nan,nan,nan,nan,nan,nan,2.000000,74.929863,-69.166491,-28.818065,13.637710,5.856476,74.931869,-69.166491,-28.818065,0.548306,10.000000,0.000000,14.842290,inf,0.000000,1.000000,0.000000,0.000000,0.000000,0.000000,0.000000,0.000000,0.000000,0.000000,0.000000,0.000000,5.000000,2.483706,7.114911,nan
22.120,APPROACH,74.183152,-12.182768,73.172173,0.743803,2.785207,-14.751651,-0.090065,-55.936183,-61.686183,28.903980,-5.000000,5.000000,0.383580,0.000000,0.000000,135.000000,-68.118952,11.485990,29.647783,-2.214793,-9.751651,0.293514,0.000000,0.000000,-102.795936,-86.471970,-55.776368,29.047783,-2.299186,-1.469973,0.227610,0.000000,0.000000,0.000000,-12.182768,73.172173,0.743803,74.183152,2.785207,-14.751651,-0.090065,15.012551,nan,nan,nan,0,nan,nan,nan,0,nan,nan,nan,nan,nan,nan,nan,nan,nan,nan,nan,nan,nan,nan,nan,nan,nan,nan,nan,nan,nan,nan,nan,nan,nan,nan,nan,nan,nan,nan,nan,nan,nan,nan,nan,nan,nan,nan,nan,nan,nan,nan,nan,nan,nan,nan,nan,nan,nan,nan,2.000000,74.179423,-68.656716,-28.086334,13.768429,5.983222,74.181416,-68.656716,-28.086334,0.543803,10.000000,-0.000000,15.012551,inf,0.000000,1.000000,0.000000,0.000000,0.000000,0.000000,0.000000,0.000000,0.000000,0.000000,0.000000,0.000000,5.000000,2.547635,7.095185,nan
22.180,APPROACH,73.424346,-12.034211,72.427659,0.739328,2.971158,-14.890294,-0.089508,-56.192433,-61.429933,28.922544,-5.125000,5.125000,0.371282,0.000000,0.000000,135.000000,-68.226644,10.997725,29.661872,-2.153842,-9.765294,0.281774,0.000000,0.000000,-102.438070,-86.046983,-55.869221,29.061872,-2.281156,-1.488685,0.219988,0.000000,0.000000,0.000000,-12.034211,72.427659,0.739328,73.424346,2.971158,-14.890294,-0.089508,15.184092,nan,nan,nan,0,nan,nan,nan,0,nan,nan,nan,nan,nan,nan,nan,nan,nan,nan,nan,nan,nan,nan,nan,nan,nan,nan,nan,nan,nan,nan,nan,nan,nan,nan,nan,nan,nan,nan,nan,nan,nan,nan,nan,nan,nan,nan,nan,nan,nan,nan,nan,nan,nan,nan,nan,nan,nan,nan,2.000000,73.420623,-68.135758,-27.351535,13.900869,6.108557,73.422604,-68.135758,-27.351535,0.539328,10.000000,0.000000,15.184092,inf,0.000000,1.000000,0.000000,0.000000,0.000000,0.000000,0.000000,0.000000,0.000000,0.000000,0.000000,0.000000,5.000000,2.897107,7.039655,nan
22.220,APPROACH,72.660455,-11.876351,71.679522,0.734887,3.157193,-14.962726,-0.088813,-56.454933,-61.170725,28.940510,-5.250000,5.184170,0.359316,0.000000,0.000000,135.361478,-68.331284,10.508798,29.675397,-2.092807,-9.778556,0.270503,0.000000,0.000000,-102.080203,-85.622916,-55.950837,29.075397,-2.261493,-1.503068,0.212755,0.000000,0.000000,0.000000,-11.876351,71.679522,0.734887,72.660455,3.157193,-14.962726,-0.088813,15.292447,nan,nan,nan,0,nan,nan,nan,0,nan,nan,nan,nan,nan,nan,nan,nan,nan,nan,nan,nan,nan,nan,nan,nan,nan,nan,nan,nan,nan,nan,nan,nan,nan,nan,nan,nan,nan,nan,nan,nan,nan,nan,nan,nan,nan,nan,nan,nan,nan,nan,nan,nan,nan,nan,nan,nan,nan,nan,2.000000,72.656738,-67.606732,-26.614497,13.970646,6.218689,72.658707,-67.606732,-26.614497,0.534887,10.000000,0.000000,15.292447,inf,0.000000,1.000000,0.000000,0.000000,0.000000,0.000000,0.000000,0.000000,0.000000,0.000000,0.000000,0.000000,5.000000,3.453089,6.951310,nan
22.280,APPROACH,71.900594,-11.709185,70.936992,0.730495,3.343310,-14.850607,-0.087835,-56.723683,-60.917766,28.957885,-5.375000,5.059170,0.347518,0.000000,0.000000,136.733745,-68.432869,10.019226,29.688381,-2.031690,-9.791437,0.259683,0.000000,0.000000,-101.722337,-85.201755,-56.029962,29.088381,-2.247428,-1.520456,0.205825,0.000000,0.000000,0.000000,-11.709185,70.936992,0.730495,71.900594,3.343310,-14.850607,-0.087835,15.222548,nan,nan,nan,0,nan,nan,nan,0,nan,nan,nan,nan,nan,nan,nan,nan,nan,nan,nan,nan,nan,nan,nan,nan,nan,nan,nan,nan,nan,nan,nan,nan,nan,nan,nan,nan,nan,nan,nan,nan,nan,nan,nan,nan,nan,nan,nan,nan,nan,nan,nan,nan,nan,nan,nan,nan,nan,nan,2.000000,71.896883,-67.078563,-25.877175,13.861621,6.290764,71.898840,-67.078563,-25.877175,0.530495,10.000000,-0.000000,15.222548,inf,0.000000,1.000000,0.000000,0.000000,0.000000,0.000000,0.000000,0.000000,0.000000,0.000000,0.000000,0.000000,5.000000,4.135592,6.842861,nan
22.320,APPROACH,71.144802,-11.532710,70.200087,0.726144,3.529506,-14.738106,-0.087025,-56.998683,-60.671058,28.974701,-5.500000,4.934170,0.336321,0.000000,0.000000,138.104026,-68.531393,9.529029,29.700846,-1.970494,-9.803936,0.249295,0.000000,0.000000,-101.364470,-84.783499,-56.106583,29.100846,-2.230401,-1.533883,0.199189,0.000000,0.000000,0.000000,-11.532710,70.200087,0.726144,71.144802,3.529506,-14.738106,-0.087025,15.155090,nan,nan,nan,0,nan,nan,nan,0,nan,nan,nan,nan,nan,nan,nan,nan,nan,nan,nan,nan,nan,nan,nan,nan,nan,nan,nan,nan,nan,nan,nan,nan,nan,nan,nan,nan,nan,nan,nan,nan,nan,nan,nan,nan,nan,nan,nan,nan,nan,nan,nan,nan,nan,nan,nan,nan,nan,nan,2.000000,71.141096,-66.551199,-25.139481,13.753657,6.364440,71.143042,-66.551199,-25.139481,0.526144,10.000000,0.000000,15.155090,inf,0.000000,1.000000,0.000000,0.000000,0.000000,0.000000,0.000000,0.000000,0.000000,0.000000,0.000000,0.000000,5.000000,4.891885,6.722688,nan
22.380,APPROACH,70.393120,-11.346921,69.468825,0.721850,3.715779,-14.625222,-0.085891,-57.279933,-60.430599,28.990962,-5.625000,4.809170,0.325215,0.000000,0.000000,139.470763,-68.626854,9.038226,29.712812,-1.909221,-9.816052,0.239324,0.000000,0.000000,-101.006604,-84.368146,-56.180683,29.112812,-2.215367,-1.551196,0.192598,0.000000,0.000000,0.000000,-11.346921,69.468825,0.721850,70.393120,3.715779,-14.625222,-0.085891,15.090113,nan,nan,nan,0,nan,nan,nan,0,nan,nan,nan,nan,nan,nan,nan,nan,nan,nan,nan,nan,nan,nan,nan,nan,nan,nan,nan,nan,nan,nan,nan,nan,nan,nan,nan,nan,nan,nan,nan,nan,nan,nan,nan,nan,nan,nan,nan,nan,nan,nan,nan,nan,nan,nan,nan,nan,nan,nan,2.000000,70.389419,-66.024581,-24.401333,13.646769,6.439706,70.391354,-66.024581,-24.401333,0.521850,10.000000,0.000000,15.090113,inf,0.000000,1.000000,0.000000,0.000000,0.000000,0.000000,0.000000,0.000000,0.000000,0.000000,0.000000,0.000000,5.000000,5.692647,6.595448,nan
22.420,APPROACH,69.645598,-11.151815,68.743228,0.717615,3.902126,-14.511955,-0.084697,-57.567433,-60.196391,29.006685,-5.750000,4.684170,0.314448,0.000000,0.000000,140.832421,-68.719248,8.546837,29.724299,-1.847874,-9.827785,0.229751,0.000000,0.000000,-100.648737,-83.955696,-56.252248,29.124299,-2.197372,-1.564528,0.186281,0.000000,0.000000,0.000000,-11.151815,68.743228,0.717615,69.645598,3.902126,-14.511955,-0.084697,15.027662,nan,nan,nan,0,nan,nan,nan,0,nan,nan,nan,nan,nan,nan,nan,nan,nan,nan,nan,nan,nan,nan,nan,nan,nan,nan,nan,nan,nan,nan,nan,nan,nan,nan,nan,nan,nan,nan,nan,nan,nan,nan,nan,nan,nan,nan,nan,nan,nan,nan,nan,nan,nan,nan,nan,nan,nan,nan,2.000000,69.641901,-65.498653,-23.662646,13.540974,6.516552,69.643824,-65.498653,-23.662646,0.517615,10.000000,0.000000,15.027662,inf,0.000000,1.000000,0.000000,0.000000,0.000000,0.000000,0.000000,0.000000,0.000000,0.000000,0.000000,0.000000,5.000000,6.521586,6.463731,nan
22.480,APPROACH,68.902288,-10.947388,68.023312,0.713454,4.088546,-14.398305,-0.083223,-57.861183,-59.968432,29.021874,-5.875000,4.559170,0.303784,0.000000,0.000000,142.187501,-68.808571,8.054880,29.735327,-1.786454,-9.839135,0.220561,0.000000,0.000000,-100.290871,-83.546151,-56.321260,29.135327,-2.181276,-1.581743,0.180019,0.000000,0.000000,0.000000,-10.947388,68.023312,0.713454,68.902288,4.088546,-14.398305,-0.083223,14.967776,nan,nan,nan,0,nan,nan,nan,0,nan,nan,nan,nan,nan,nan,nan,nan,nan,nan,nan,nan,nan,nan,nan,nan,nan,nan,nan,nan,nan,nan,nan,nan,nan,nan,nan,nan,nan,nan,nan,nan,nan,nan,nan,nan,nan,nan,nan,nan,nan,nan,nan,nan,nan,nan,nan,nan,nan,nan,2.000000,68.898595,-64.973356,-22.923337,13.436287,6.594967,68.900508,-64.973356,-22.923337,0.513454,10.000000,0.000000,14.967776,inf,0.000000,1.000000,0.000000,0.000000,0.000000,0.000000,0.000000,0.000000,0.000000,0.000000,0.000000,0.000000,5.000000,7.369310,6.329029,nan
22.520,APPROACH,68.163252,-10.733636,67.309099,0.709367,4.275035,-14.284271,-0.081734,-58.161183,-59.746724,29.036547,-6.000000,4.434170,0.293472,0.000000,0.000000,143.534548,-68.894819,7.562375,29.745914,-1.724965,-9.850101,0.211738,0.000000,0.000000,-99.933004,-83.139510,-56.387698,29.145914,-2.162213,-1.594964,0.174027,0.000000,0.000000,0.000000,-10.733636,67.309099,0.709367,68.163252,4.275035,-14.284271,-0.081734,14.910500,nan,nan,nan,0,nan,nan,nan,0,nan,nan,nan,nan,nan,nan,nan,nan,nan,nan,nan,nan,nan,nan,nan,nan,nan,nan,nan,nan,nan,nan,nan,nan,nan,nan,nan,nan,nan,nan,nan,nan,nan,nan,nan,nan,nan,nan,nan,nan,nan,nan,nan,nan,nan,nan,nan,nan,nan,nan,2.000000,68.159561,-64.448629,-22.183326,13.332723,6.674940,68.161464,-64.448629,-22.183326,0.509367,10.000000,0.000000,14.910500,inf,0.000000,1.000000,0.000000,0.000000,0.000000,0.000000,0.000000,0.000000,0.000000,0.000000,0.000000,0.000000,5.000000,8.230158,6.192242,nan
22.580,APPROACH,67.428555,-10.510556,66.600606,0.705366,4.461591,-14.169853,-0.080019,-58.467433,-59.531265,29.050712,-6.125000,4.309170,0.283287,0.000000,0.000000,144.872158,-68.977990,7.069341,29.756078,-1.663409,-9.860683,0.203269,0.000000,0.000000,-99.575138,-82.735778,-56.451542,29.156078,-2.144949,-1.612059,0.168096,0.000000,0.000000,0.000000,-10.510556,66.600606,0.705366,67.428555,4.461591,-14.169853,-0.080019,14.855872,nan,nan,nan,0,nan,nan,nan,0,nan,nan,nan,nan,nan,nan,nan,nan,nan,nan,nan,nan,nan,nan,nan,nan,nan,nan,nan,nan,nan,nan,nan,nan,nan,nan,nan,nan,nan,nan,nan,nan,nan,nan,nan,nan,nan,nan,nan,nan,nan,nan,nan,nan,nan,nan,nan,nan,nan,nan,2.000000,67.424866,-63.924412,-21.442530,13.230298,6.756460,67.426760,-63.924412,-21.442530,0.505366,10.000000,0.000000,14.855872,inf,0.000000,1.000000,0.000000,0.000000,0.000000,0.000000,0.000000,0.000000,0.000000,0.000000,0.000000,0.000000,4.000000,3.743968,5.961093,nan
22.620,APPROACH,66.698272,-10.278146,65.897854,0.701450,4.648213,-14.055050,-0.078324,-58.779933,-59.322057,29.064385,-6.250000,4.184170,0.273462,0.000000,0.000000,146.198988,-69.058079,6.575797,29.765835,-1.601787,-9.870880,0.195138,0.000000,0.000000,-99.217271,-82.334957,-56.512769,29.165835,-2.124704,-1.625153,0.162430,0.000000,0.000000,0.000000,-10.278146,65.897854,0.701450,66.698272,4.648213,-14.055050,-0.078324,14.803934,nan,nan,nan,0,nan,nan,nan,0,nan,nan,nan,nan,nan,nan,nan,nan,nan,nan,nan,nan,nan,nan,nan,nan,nan,nan,nan,nan,nan,nan,nan,nan,nan,nan,nan,nan,nan,nan,nan,nan,nan,nan,nan,nan,nan,nan,nan,nan,nan,nan,nan,nan,nan,nan,nan,nan,nan,nan,2.000000,66.694583,-63.400642,-20.700870,13.129027,6.839515,66.696468,-63.400642,-20.700870,0.501450,10.000000,0.000000,14.803934,inf,0.000000,1.000000,0.000000,0.000000,0.000000,0.000000,0.000000,0.000000,0.000000,0.000000,0.000000,0.000000,4.000000,3.438319,5.941845,nan
22.680,APPROACH,65.972481,-10.036401,65.200861,0.697627,4.834896,-13.939863,-0.076447,-59.098683,-59.119098,29.077574,-6.375000,4.059170,0.263780,0.000000,0.000000,147.513764,-69.135084,6.081762,29.775201,-1.540104,-9.880692,0.187332,0.000000,0.000000,-98.859405,-81.937050,-56.571357,29.175201,-2.106151,-1.642105,0.156830,0.000000,0.000000,0.000000,-10.036401,65.200861,0.697627,65.972481,4.834896,-13.939863,-0.076447,14.754722,nan,nan,nan,0,nan,nan,nan,0,nan,nan,nan,nan,nan,nan,nan,nan,nan,nan,nan,nan,nan,nan,nan,nan,nan,nan,nan,nan,nan,nan,nan,nan,nan,nan,nan,nan,nan,nan,nan,nan,nan,nan,nan,nan,nan,nan,nan,nan,nan,nan,nan,nan,nan,nan,nan,nan,nan,nan,2.000000,65.968792,-62.877255,-19.958267,13.028925,6.924096,65.970669,-62.877255,-19.958267,0.497627,10.000000,0.000000,14.754722,inf,0.000000,1.000000,0.000000,0.000000,0.000000,0.000000,0.000000,0.000000,0.000000,0.000000,0.000000,0.000000,4.000000,3.358794,5.943057,nan
22.720,APPROACH,65.251271,-9.785319,64.509646,0.693896,5.021640,-13.824289,-0.074619,-59.423683,-58.922390,29.090297,-6.500000,3.934170,0.254458,0.000000,0.000000,148.815286,-69.209002,5.587257,29.784193,-1.478360,-9.890119,0.179839,0.000000,0.000000,-98.501538,-81.542065,-56.627278,29.184193,-2.094166,-1.708629,0.151488,0.000000,0.000000,0.000000,-9.785319,64.509646,0.693896,65.251271,5.021640,-13.824289,-0.074619,14.708277,nan,nan,nan,0,nan,nan,nan,0,nan,nan,nan,nan,nan,nan,nan,nan,nan,nan,nan,nan,nan,nan,nan,nan,nan,nan,nan,nan,nan,nan,nan,nan,nan,nan,nan,nan,nan,nan,nan,nan,nan,nan,nan,nan,nan,nan,nan,nan,nan,nan,nan,nan,nan,nan,nan,nan,nan,nan,2.000000,65.247582,-62.354185,-19.214642,12.930007,7.010189,65.249451,-62.354185,-19.214642,0.493896,10.000000,0.000000,14.708277,inf,0.000000,1.000000,0.000000,0.000000,0.000000,0.000000,0.000000,0.000000,0.000000,0.000000,0.000000,0.000000,4.000000,3.521196,5.916128,nan
22.780,APPROACH,64.534738,-9.524897,63.824230,0.690264,5.208442,-13.708330,-0.072644,-59.754933,-58.731931,29.102561,-6.625000,3.809170,0.245289,0.000000,0.000000,150.102429,-69.279830,5.092299,29.792825,-1.416558,-9.899160,0.172646,0.000000,0.000000,-98.143672,-81.150006,-56.680508,29.192825,-2.094060,-1.801199,0.146213,0.000000,0.000000,0.000000,-9.524897,63.824230,0.690264,64.534738,5.208442,-13.708330,-0.072644,14.664633,nan,nan,nan,0,nan,nan,nan,0,nan,nan,nan,nan,nan,nan,nan,nan,nan,nan,nan,nan,nan,nan,nan,nan,nan,nan,nan,nan,nan,nan,nan,nan,nan,nan,nan,nan,nan,nan,nan,nan,nan,nan,nan,nan,nan,nan,nan,nan,nan,nan,nan,nan,nan,nan,nan,nan,nan,nan,2.000000,64.531046,-61.831367,-18.469920,12.832289,7.097784,64.532909,-61.831367,-18.469920,0.490264,10.000000,0.000000,14.664633,inf,0.000000,1.000000,0.000000,0.000000,0.000000,0.000000,0.000000,0.000000,0.000000,0.000000,0.000000,0.000000,4.000000,3.895883,5.853999,nan
22.820,APPROACH,63.822985,-9.255132,63.144630,0.686727,5.395299,-13.591985,-0.070737,-60.092433,-58.547723,29.114385,-6.750000,3.684170,0.236477,0.000000,0.000000,151.374156,-69.347565,4.596908,29.801112,-1.354701,-9.907814,0.165740,0.000000,0.000000,-97.785805,-80.760881,-56.731018,29.201112,-2.091505,-1.901199,0.141186,0.000000,0.000000,0.000000,-9.255132,63.144630,0.686727,63.822985,5.395299,-13.591985,-0.070737,14.623826,nan,nan,nan,0,nan,nan,nan,0,nan,nan,nan,nan,nan,nan,nan,nan,nan,nan,nan,nan,nan,nan,nan,nan,nan,nan,nan,nan,nan,nan,nan,nan,nan,nan,nan,nan,nan,nan,nan,nan,nan,nan,nan,nan,nan,nan,nan,nan,nan,nan,nan,nan,nan,nan,nan,nan,nan,nan,2.000000,63.819290,-61.308734,-17.724023,12.735784,7.186870,63.821146,-61.308734,-17.724023,0.486727,10.000000,0.000000,14.623826,inf,0.000000,1.000000,0.000000,0.000000,0.000000,0.000000,0.000000,0.000000,0.000000,0.000000,0.000000,0.000000,4.000000,4.429827,5.765462,nan
22.880,APPROACH,63.116124,-8.976021,62.470868,0.683292,5.582209,-13.475253,-0.068714,-60.436183,-58.369764,29.125776,-6.875000,3.559170,0.227824,0.000000,0.000000,152.629511,-69.412205,4.101104,29.809068,-1.292791,-9.916082,0.159110,0.000000,0.000000,-97.427939,-37.968326,-73.698151,30.243284,-1.991494,-2.051199,0.088901,0.000000,0.000000,0.000000,-8.976021,62.470868,0.683292,63.116124,5.582209,-13.475253,-0.068714,14.585891,nan,nan,nan,0,nan,nan,nan,0,nan,nan,nan,nan,nan,nan,nan,nan,nan,nan,nan,nan,nan,nan,nan,nan,nan,nan,nan,nan,nan,nan,nan,nan,nan,nan,nan,nan,nan,nan,nan,nan,nan,nan,nan,nan,nan,nan,nan,nan,nan,nan,nan,nan,nan,nan,nan,nan,nan,nan,2.000000,63.112426,-60.786215,-16.976877,12.640508,7.277433,63.114276,-60.786215,-16.976877,0.483292,10.000000,0.000000,14.585891,inf,0.000000,1.000000,0.000000,0.000000,0.000000,0.000000,0.000000,0.000000,0.000000,0.000000,0.000000,0.000000,4.000000,5.073517,5.658728,nan
22.920,APPROACH,62.415947,-8.700063,61.802961,0.673288,5.519169,-13.358134,-0.200078,-60.773683,-58.198056,29.143417,-6.750000,3.434170,0.352824,0.000000,0.000000,153.034558,-69.473746,3.604906,29.816705,-1.230831,-9.923964,0.152746,0.000000,0.000000,-97.070072,-37.544554,-73.996436,30.209552,-1.891494,-2.151199,0.088227,0.000000,0.000000,0.000000,-8.700063,61.802961,0.673288,62.415947,5.519169,-13.358134,-0.200078,14.454791,nan,nan,nan,0,nan,nan,nan,0,nan,nan,nan,nan,nan,nan,nan,nan,nan,nan,nan,nan,nan,nan,nan,nan,nan,nan,nan,nan,nan,nan,nan,nan,nan,nan,nan,nan,nan,nan,nan,nan,nan,nan,nan,nan,nan,nan,nan,nan,nan,nan,nan,nan,nan,nan,nan,nan,nan,nan,2.000000,62.412315,-60.262203,-16.240813,12.577247,7.121364,62.414110,-60.262203,-16.240813,0.473288,10.000000,0.000000,14.454791,inf,0.000000,1.000000,0.000000,0.000000,0.000000,0.000000,0.000000,0.000000,0.000000,0.000000,0.000000,0.000000,4.000000,5.778580,5.541817,nan
22.980,APPROACH,61.722469,-8.427254,61.140930,0.656728,5.456177,-13.240628,-0.331188,-61.104933,-58.032597,29.167309,-6.625000,3.309170,0.477824,0.000000,0.000000,153.457992,-69.532187,3.108333,29.824037,-1.168823,-9.931458,0.146636,0.000000,0.000000,-96.712206,-41.292404,-71.215713,30.103852,-1.741494,-2.301199,0.085093,0.000000,0.000000,0.000000,-8.427254,61.140930,0.656728,61.722469,5.456177,-13.240628,-0.331188,14.324587,nan,nan,nan,0,nan,nan,nan,0,nan,nan,nan,nan,nan,nan,nan,nan,nan,nan,nan,nan,nan,nan,nan,nan,nan,nan,nan,nan,nan,nan,nan,nan,nan,nan,nan,nan,nan,nan,nan,nan,nan,nan,nan,nan,nan,nan,nan,nan,nan,nan,nan,nan,nan,nan,nan,nan,nan,nan,2.000000,61.718975,-59.736859,-15.515785,12.512143,6.966374,61.720665,-59.736859,-15.515785,0.456728,10.000000,0.000000,14.324587,inf,0.000000,1.000000,0.000000,0.000000,0.000000,0.000000,0.000000,0.000000,0.000000,0.000000,0.000000,0.000000,4.000000,6.521793,5.418580,nan
23.020,APPROACH,61.035711,-8.157593,60.484793,0.633626,5.393231,-13.122735,-0.462053,-61.429933,-57.873389,29.197450,-6.500000,3.184170,0.602824,0.000000,0.000000,153.901045,-69.587526,2.611404,29.831075,-1.106769,-9.938564,0.140770,0.000000,0.000000,-96.354339,-40.884073,-71.534809,30.075698,-1.641494,-2.401199,0.078296,0.000000,0.000000,0.000000,-8.157593,60.484793,0.633626,61.035711,5.393231,-13.122735,-0.462053,14.195302,nan,nan,nan,0,nan,nan,nan,0,nan,nan,nan,nan,nan,nan,nan,nan,nan,nan,nan,nan,nan,nan,nan,nan,nan,nan,nan,nan,nan,nan,nan,nan,nan,nan,nan,nan,nan,nan,nan,nan,nan,nan,nan,nan,nan,nan,nan,nan,nan,nan,nan,nan,nan,nan,nan,nan,nan,nan,2.000000,61.032422,-59.210343,-14.801747,12.445208,6.812481,61.033962,-59.210343,-14.801747,0.433626,10.000000,0.000000,14.195302,inf,0.000000,1.000000,0.000000,0.000000,0.000000,0.000000,0.000000,0.000000,0.000000,0.000000,0.000000,0.000000,4.000000,7.288518,5.291445,nan
23.080,APPROACH,60.355693,-7.891076,59.834570,0.603992,5.330328,-13.004453,-0.592684,-61.748683,-57.720430,29.233841,-6.375000,3.059170,0.727824,0.000000,0.000000,154.365056,-69.639759,2.114140,29.837832,-1.044672,-9.945283,0.135140,0.000000,0.000000,-95.996473,-40.473756,-71.851347,30.048670,-1.491494,-2.551199,0.068451,0.000000,0.000000,0.000000,-7.891076,59.834570,0.603992,60.355693,5.330328,-13.004453,-0.592684,14.066964,nan,nan,nan,0,nan,nan,nan,0,nan,nan,nan,nan,nan,nan,nan,nan,nan,nan,nan,nan,nan,nan,nan,nan,nan,nan,nan,nan,nan,nan,nan,nan,nan,nan,nan,nan,nan,nan,nan,nan,nan,nan,nan,nan,nan,nan,nan,nan,nan,nan,nan,nan,nan,nan,nan,nan,nan,nan,2.000000,60.352671,-58.682816,-14.098651,12.376453,6.659701,60.354023,-58.682816,-14.098651,0.403992,10.000000,0.000000,14.066964,inf,0.000000,1.000000,0.000000,0.000000,0.000000,0.000000,0.000000,0.000000,0.000000,0.000000,0.000000,0.000000,4.000000,8.069387,5.161964,nan
23.120,APPROACH,59.682440,-7.627703,59.190281,0.567837,5.267465,-12.885784,-0.723090,-62.061183,-57.573722,29.276482,-6.250000,2.934170,0.852824,0.000000,0.000000,154.851483,-69.688886,1.616560,29.844319,-0.982535,-9.951614,0.129734,0.000000,0.000000,-95.638607,-40.061470,-72.165317,30.022723,-1.391494,-2.651199,0.055655,0.000000,0.000000,0.000000,-7.627703,59.190281,0.567837,59.682440,5.267465,-12.885784,-0.723090,13.939601,nan,nan,nan,0,nan,nan,nan,0,nan,nan,nan,nan,nan,nan,nan,nan,nan,nan,nan,nan,nan,nan,nan,nan,nan,nan,nan,nan,nan,nan,nan,nan,nan,nan,nan,nan,nan,nan,nan,nan,nan,nan,nan,nan,nan,nan,nan,nan,nan,nan,nan,nan,nan,nan,nan,nan,nan,nan,2.000000,59.679739,-58.154436,-13.406446,12.305889,6.508051,59.680872,-58.154436,-13.406446,0.367837,10.000000,-0.000000,13.939601,inf,0.000000,1.000000,0.000000,0.000000,0.000000,0.000000,0.000000,0.000000,0.000000,0.000000,0.000000,0.000000,4.000000,8.858250,5.031158,nan
23.180,APPROACH,59.016057,-7.367471,58.551945,0.533971,5.204641,-12.766727,-0.677320,-62.367433,-57.433263,29.316575,-6.125000,2.809170,0.801865,0.000000,0.000000,155.361915,-69.734904,1.118682,29.850546,-0.920359,-9.957557,0.124545,0.000000,0.000000,-95.280740,-43.815059,-69.080737,29.935542,-1.241494,-2.801199,0.036320,0.000000,0.000000,0.000000,-7.367471,58.551945,0.533971,59.016057,5.204641,-12.766727,-0.677320,13.803491,nan,nan,nan,0,nan,nan,nan,0,nan,nan,nan,nan,nan,nan,nan,nan,nan,nan,nan,nan,nan,nan,nan,nan,nan,nan,nan,nan,nan,nan,nan,nan,nan,nan,nan,nan,nan,nan,nan,nan,nan,nan,nan,nan,nan,nan,nan,nan,nan,nan,nan,nan,nan,nan,nan,nan,nan,nan,2.000000,59.013641,-57.625361,-12.725080,12.233527,6.357548,59.014586,-57.625361,-12.725080,0.333971,10.000000,0.000000,13.803491,inf,0.000000,1.000000,0.000000,0.000000,0.000000,0.000000,0.000000,0.000000,0.000000,0.000000,0.000000,0.000000,4.000000,9.650951,4.899715,nan
23.220,APPROACH,58.356589,-7.110378,57.919581,0.506106,5.141853,-12.647281,-0.557302,-62.667433,-57.299054,29.350419,-6.000000,2.684170,0.676865,0.000000,0.000000,155.898087,-69.777811,0.620526,29.856525,-0.858147,-9.963111,0.119563,0.000000,0.000000,-94.922874,-43.420013,-69.415631,29.914120,-1.141494,-2.901199,0.015917,0.000000,0.000000,0.000000,-7.110378,57.919581,0.506106,58.356589,5.141853,-12.647281,-0.557302,13.663929,nan,nan,nan,0,nan,nan,nan,0,nan,nan,nan,nan,nan,nan,nan,nan,nan,nan,nan,nan,nan,nan,nan,nan,nan,nan,nan,nan,nan,nan,nan,nan,nan,nan,nan,nan,nan,nan,nan,nan,nan,nan,nan,nan,nan,nan,nan,nan,nan,nan,nan,nan,nan,nan,nan,nan,nan,nan,2.000000,58.354394,-57.095747,-12.054499,12.159381,6.208208,58.355197,-57.095747,-12.054499,0.306106,10.000000,0.000000,13.663929,inf,0.000000,1.000000,0.000000,0.000000,0.000000,0.000000,0.000000,0.000000,0.000000,0.000000,0.000000,0.000000,3.000000,5.407096,4.546826,nan
23.280,APPROACH,57.704033,-6.856423,57.293208,0.482864,5.079099,-12.527447,-0.464829,-62.961183,-57.171096,29.379399,-5.875000,2.559170,0.579609,0.000000,0.000000,156.461893,-69.817606,0.122112,29.862264,-0.795901,-9.968277,0.114780,0.000000,0.000000,-94.565007,-43.022883,-69.748050,29.893556,-0.991494,-3.051199,-0.000855,0.000000,0.000000,0.000000,-6.856423,57.293208,0.482864,57.704033,5.079099,-12.527447,-0.464829,13.525910,nan,nan,nan,0,nan,nan,nan,0,nan,nan,nan,nan,nan,nan,nan,nan,nan,nan,nan,nan,nan,nan,nan,nan,nan,nan,nan,nan,nan,nan,nan,nan,nan,nan,nan,nan,nan,nan,nan,nan,nan,nan,nan,nan,nan,nan,nan,nan,nan,nan,nan,nan,nan,nan,nan,nan,nan,nan,2.000000,57.702013,-56.565752,-11.394647,12.083460,6.060047,57.702706,-56.565752,-11.394647,0.282864,10.000000,0.000000,13.525910,inf,0.000000,1.000000,0.000000,0.000000,0.000000,0.000000,0.000000,0.000000,0.000000,0.000000,0.000000,0.000000,3.000000,5.375745,4.552353,nan
23.320,APPROACH,57.058389,-6.605605,56.672847,0.462709,5.016375,-12.407224,-0.403112,-63.248683,-57.049387,29.405064,-5.750000,2.434170,0.513301,0.000000,0.000000,157.055410,-69.854288,-0.376540,29.867773,-0.733625,-9.973053,0.110189,0.000000,0.000000,-94.207141,-42.623684,-70.077983,29.873813,-0.891494,-3.151199,-0.014599,0.000000,0.000000,0.000000,-6.605605,56.672847,0.462709,57.058389,5.016375,-12.407224,-0.403112,13.389015,nan,nan,nan,0,nan,nan,nan,0,nan,nan,nan,nan,nan,nan,nan,nan,nan,nan,nan,nan,nan,nan,nan,nan,nan,nan,nan,nan,nan,nan,nan,nan,nan,nan,nan,nan,nan,nan,nan,nan,nan,nan,nan,nan,nan,nan,nan,nan,nan,nan,nan,nan,nan,nan,nan,nan,nan,nan,2.000000,57.056512,-56.035530,-10.745466,12.005777,5.913083,57.057117,-56.035530,-10.745466,0.262709,10.000000,0.000000,13.389015,inf,0.000000,1.000000,0.000000,0.000000,0.000000,0.000000,0.000000,0.000000,0.000000,0.000000,0.000000,0.000000,3.000000,5.468283,4.536040,nan
23.380,APPROACH,56.419666,-6.357921,56.058517,0.445290,4.953680,-12.286611,-0.348376,-63.529933,-56.933929,29.427772,-5.625000,2.309170,0.454158,0.000000,0.000000,157.680911,-69.887854,-0.875412,29.873062,-0.671320,-9.977441,0.105782,0.000000,0.000000,-93.849274,-42.222433,-70.405415,29.854861,-0.741494,-3.301199,-0.026599,0.000000,0.000000,0.000000,-6.357921,56.058517,0.445290,56.419666,4.953680,-12.286611,-0.348376,13.252212,nan,nan,nan,0,nan,nan,nan,0,nan,nan,nan,nan,nan,nan,nan,nan,nan,nan,nan,nan,nan,nan,nan,nan,nan,nan,nan,nan,nan,nan,nan,nan,nan,nan,nan,nan,nan,nan,nan,nan,nan,nan,nan,nan,nan,nan,nan,nan,nan,nan,nan,nan,nan,nan,nan,nan,nan,nan,2.000000,56.417909,-55.505235,-10.106897,11.926344,5.767330,56.418442,-55.505235,-10.106897,0.245290,10.000000,0.000000,13.252212,inf,0.000000,1.000000,0.000000,0.000000,0.000000,0.000000,0.000000,0.000000,0.000000,0.000000,0.000000,0.000000,3.000000,5.675190,4.499566,nan
23.420,APPROACH,55.787877,-6.113370,55.450236,0.430343,4.891011,-12.165610,-0.298940,-63.804933,-56.824720,29.447797,-5.500000,2.184170,0.400490,0.000000,0.000000,158.340892,-69.918303,-1.374484,29.878140,-0.608989,-9.981439,0.101550,0.000000,0.000000,-93.491408,-41.819144,-70.730335,29.836666,-0.641494,-3.401199,-0.037093,0.000000,0.000000,0.000000,-6.113370,55.450236,0.430343,55.787877,4.891011,-12.165610,-0.298940,13.115388,nan,nan,nan,0,nan,nan,nan,0,nan,nan,nan,nan,nan,nan,nan,nan,nan,nan,nan,nan,nan,nan,nan,nan,nan,nan,nan,nan,nan,nan,nan,nan,nan,nan,nan,nan,nan,nan,nan,nan,nan,nan,nan,nan,nan,nan,nan,nan,nan,nan,nan,nan,nan,nan,nan,nan,nan,nan,2.000000,55.786217,-54.975020,-9.478879,11.845173,5.622805,55.786692,-54.975020,-9.478879,0.230343,10.000000,0.000000,13.115388,inf,0.000000,1.000000,0.000000,0.000000,0.000000,0.000000,0.000000,0.000000,0.000000,0.000000,0.000000,0.000000,3.000000,5.981355,4.445594,nan
23.480,APPROACH,55.163032,-5.871952,54.848025,0.417628,4.828366,-12.044219,-0.254309,-64.073683,-56.721762,29.465386,-5.375000,2.059170,0.351798,0.000000,0.000000,159.038092,-69.945635,-1.873737,29.883014,-0.546634,-9.985048,0.097488,0.000000,0.000000,-93.133541,-45.498664,-67.525433,29.770456,-0.491494,-3.551199,-0.046553,0.000000,0.000000,0.000000,-5.871952,54.848025,0.417628,55.163032,4.828366,-12.044219,-0.254309,12.978482,nan,nan,nan,0,nan,nan,nan,0,nan,nan,nan,nan,nan,nan,nan,nan,nan,nan,nan,nan,nan,nan,nan,nan,nan,nan,nan,nan,nan,nan,nan,nan,nan,nan,nan,nan,nan,nan,nan,nan,nan,nan,nan,nan,nan,nan,nan,nan,nan,nan,nan,nan,nan,nan,nan,nan,nan,nan,2.000000,55.161451,-54.445038,-8.861349,11.762276,5.479525,55.161880,-54.445038,-8.861349,0.217628,10.000000,0.000000,12.978482,inf,0.000000,1.000000,0.000000,0.000000,0.000000,0.000000,0.000000,0.000000,0.000000,0.000000,0.000000,0.000000,3.000000,6.369455,4.377179,nan
23.520,APPROACH,54.545163,-5.633664,54.251903,0.409381,4.765743,-11.922438,-0.164927,-64.336183,-56.625053,29.478312,-5.250000,1.934170,0.258516,0.000000,0.000000,159.775528,-69.969848,-2.373150,29.887693,-0.484257,-9.988268,0.093589,0.000000,0.000000,-92.775675,-45.113300,-67.870872,29.755637,-0.391494,-3.651199,-0.055280,0.000000,0.000000,0.000000,-5.633664,54.251903,0.409381,54.545163,4.765743,-11.922438,-0.164927,12.840718,nan,nan,nan,0,nan,nan,nan,0,nan,nan,nan,nan,nan,nan,nan,nan,nan,nan,nan,nan,nan,nan,nan,nan,nan,nan,nan,nan,nan,nan,nan,nan,nan,nan,nan,nan,nan,nan,nan,nan,nan,nan,nan,nan,nan,nan,nan,nan,nan,nan,nan,nan,nan,nan,nan,nan,nan,nan,2.000000,54.543626,-53.915440,-8.254242,11.677666,5.337504,54.544028,-53.915440,-8.254242,0.209381,10.000000,-0.000000,12.840718,inf,0.000000,1.000000,0.000000,0.000000,0.000000,0.000000,0.000000,0.000000,0.000000,0.000000,0.000000,0.000000,3.000000,6.822719,4.297277,nan
23.580,APPROACH,53.934261,-5.398508,53.661890,0.402765,4.703138,-11.800268,-0.132322,-64.592433,-56.534595,29.489421,-5.125000,1.809170,0.222168,0.000000,0.000000,160.556519,-69.990941,-2.872705,29.892186,-0.421862,-9.991098,0.089845,0.000000,0.000000,-92.417809,-44.725785,-68.213898,29.741412,-0.261635,-3.801199,-0.060350,0.000000,0.000000,0.000000,-5.398508,53.661890,0.402765,53.934261,4.703138,-11.800268,-0.132322,12.703674,nan,nan,nan,0,nan,nan,nan,0,nan,nan,nan,nan,nan,nan,nan,nan,nan,nan,nan,nan,nan,nan,nan,nan,nan,nan,nan,nan,nan,nan,nan,nan,nan,nan,nan,nan,nan,nan,nan,nan,nan,nan,nan,nan,nan,nan,nan,nan,nan,nan,nan,nan,nan,nan,nan,nan,nan,nan,2.000000,53.932757,-53.386376,-7.657493,11.591355,5.196760,53.933138,-53.386376,-7.657493,0.202765,10.000000,0.000000,12.703674,inf,0.000000,1.000000,0.000000,0.000000,0.000000,0.000000,0.000000,0.000000,0.000000,0.000000,0.000000,0.000000,3.000000,7.326478,4.208473,nan
23.620,APPROACH,53.330339,-5.166480,53.078004,0.397496,4.640550,-11.677708,-0.105390,-64.842433,-56.450386,29.499003,-5.000000,1.684170,0.191641,0.000000,0.000000,161.384723,-70.008913,-3.372382,29.896498,-0.359450,-9.993538,0.086251,0.000000,0.000000,-92.059942,-44.336135,-68.554496,29.727755,-0.240868,-3.901199,-0.064525,0.000000,0.000000,0.000000,-5.166480,53.078004,0.397496,53.330339,4.640550,-11.677708,-0.105390,12.566410,nan,nan,nan,0,nan,nan,nan,0,nan,nan,nan,nan,nan,nan,nan,nan,nan,nan,nan,nan,nan,nan,nan,nan,nan,nan,nan,nan,nan,nan,nan,nan,nan,nan,nan,nan,nan,nan,nan,nan,nan,nan,nan,nan,nan,nan,nan,nan,nan,nan,nan,nan,nan,nan,nan,nan,nan,nan,2.000000,53.328858,-52.857994,-7.071032,11.503357,5.057306,53.329223,-52.857994,-7.071032,0.197496,10.000000,0.000000,12.566410,inf,0.000000,1.000000,0.000000,0.000000,0.000000,0.000000,0.000000,0.000000,0.000000,0.000000,0.000000,0.000000,3.000000,7.868652,4.112898,nan
23.680,APPROACH,52.733409,-4.937581,52.500267,0.393417,4.577975,-11.554758,-0.081567,-65.086183,-56.372428,29.507221,-4.875000,1.559170,0.164369,0.000000,0.000000,162.264176,-70.023765,-3.872161,29.900638,-0.297025,-9.995588,0.082801,0.000000,0.000000,-91.702076,-43.944366,-68.892655,29.714645,-0.211740,-3.993817,-0.067768,0.000000,0.000000,0.000000,-4.937581,52.500267,0.393417,52.733409,4.577975,-11.554758,-0.081567,12.428875,nan,nan,nan,0,nan,nan,nan,0,nan,nan,nan,nan,nan,nan,nan,nan,nan,nan,nan,nan,nan,nan,nan,nan,nan,nan,nan,nan,nan,nan,nan,nan,nan,nan,nan,nan,nan,nan,nan,nan,nan,nan,nan,nan,nan,nan,nan,nan,nan,nan,nan,nan,nan,nan,nan,nan,nan,nan,2.000000,52.731942,-52.330444,-6.494790,11.413683,4.919160,52.732297,-52.330444,-6.494790,0.193417,10.000000,0.000000,12.428875,inf,0.000000,1.000000,0.000000,0.000000,0.000000,0.000000,0.000000,0.000000,0.000000,0.000000,0.000000,0.000000,3.000000,8.439637,4.012244,nan
23.720,APPROACH,52.143485,-4.711811,51.928696,0.390409,4.515413,-11.431418,-0.060167,-65.323683,-56.300719,29.514204,-4.750000,1.434170,0.139657,0.000000,0.000000,163.199330,-70.035494,-4.372024,29.904613,-0.234587,-9.997248,0.079489,0.000000,0.000000,-91.344209,-43.550492,-69.228359,29.702059,-0.190960,-3.994818,-0.070450,0.000000,0.000000,0.000000,-4.711811,51.928696,0.390409,52.143485,4.515413,-11.431418,-0.060167,12.291049,nan,nan,nan,0,nan,nan,nan,0,nan,nan,nan,nan,nan,nan,nan,nan,nan,nan,nan,nan,nan,nan,nan,nan,nan,nan,nan,nan,nan,nan,nan,nan,nan,nan,nan,nan,nan,nan,nan,nan,nan,nan,nan,nan,nan,nan,nan,nan,nan,nan,nan,nan,nan,nan,nan,nan,nan,nan,2.000000,52.142023,-51.803872,-5.928695,11.322347,4.782337,52.142371,-51.803872,-5.928695,0.190409,10.000000,0.000000,12.291049,inf,0.000000,1.000000,0.000000,0.000000,0.000000,0.000000,0.000000,0.000000,0.000000,0.000000,0.000000,0.000000,3.000000,9.031930,3.907833,nan
23.780,APPROACH,51.560578,-4.489168,51.363311,0.388346,4.452859,-11.307688,-0.041248,-65.554933,-56.235261,29.520082,-4.625000,1.309170,0.117558,0.000000,0.000000,164.195101,-70.044101,-4.871950,29.908428,-0.172141,-9.998518,0.076310,0.000000,0.000000,-90.986343,-47.138059,-65.925493,29.651822,-0.162091,-3.996047,-0.073068,0.000000,0.000000,0.000000,-4.489168,51.363311,0.388346,51.560578,4.452859,-11.307688,-0.041248,12.152920,nan,nan,nan,0,nan,nan,nan,0,nan,nan,nan,nan,nan,nan,nan,nan,nan,nan,nan,nan,nan,nan,nan,nan,nan,nan,nan,nan,nan,nan,nan,nan,nan,nan,nan,nan,nan,nan,nan,nan,nan,nan,nan,nan,nan,nan,nan,nan,nan,nan,nan,nan,nan,nan,nan,nan,nan,nan,2.000000,51.559115,-51.278424,-5.372675,11.229361,4.646851,51.559459,-51.278424,-5.372675,0.188346,10.000000,-0.000000,12.152920,inf,0.000000,1.000000,0.000000,0.000000,0.000000,0.000000,0.000000,0.000000,0.000000,0.000000,0.000000,0.000000,3.000000,9.639711,3.800692,nan
23.820,APPROACH,50.984716,-4.269652,50.804133,0.389076,4.390312,-11.183569,0.014585,-65.779933,-56.176052,29.523015,-4.500000,1.184170,0.058673,0.000000,0.000000,165.256918,-70.049585,-5.371920,29.912091,-0.109688,-9.999398,0.073257,0.000000,0.000000,-90.628476,-46.762655,-66.281203,29.641749,-0.141320,-3.996791,-0.075448,0.000000,0.000000,0.000000,-4.269652,50.804133,0.389076,50.984716,4.390312,-11.183569,0.014585,12.014461,nan,nan,nan,0,nan,nan,nan,0,nan,nan,nan,nan,nan,nan,nan,nan,nan,nan,nan,nan,nan,nan,nan,nan,nan,nan,nan,nan,nan,nan,nan,nan,nan,nan,nan,nan,nan,nan,nan,nan,nan,nan,nan,nan,nan,nan,nan,nan,nan,nan,nan,nan,nan,nan,nan,nan,nan,nan,2.000000,50.983231,-50.754244,-4.826654,11.134740,4.512718,50.983582,-50.754244,-4.826654,0.189076,10.000000,-0.000000,12.014461,inf,0.000000,1.000000,0.000000,0.000000,0.000000,0.000000,0.000000,0.000000,0.000000,0.000000,0.000000,0.000000,3.000000,10.258466,3.691617,nan
23.880,APPROACH,50.415895,-4.053264,50.251180,0.390421,4.327770,-11.059059,0.026897,-65.998683,-56.123094,29.525187,-4.375000,1.059170,0.043430,0.000000,0.000000,166.390767,-70.051947,-5.871914,29.915608,-0.047230,-9.999888,0.070327,0.000000,0.000000,-90.270610,-46.385037,-66.634562,29.632079,-0.112182,-3.997715,-0.075457,0.000000,0.000000,0.000000,-4.053264,50.251180,0.390421,50.415895,4.327770,-11.059059,0.026897,11.875735,nan,nan,nan,0,nan,nan,nan,0,nan,nan,nan,nan,nan,nan,nan,nan,nan,nan,nan,nan,nan,nan,nan,nan,nan,nan,nan,nan,nan,nan,nan,nan,nan,nan,nan,nan,nan,nan,nan,nan,nan,nan,nan,nan,nan,nan,nan,nan,nan,nan,nan,nan,nan,nan,nan,nan,nan,nan,2.000000,50.414383,-50.231476,-4.290556,11.038495,4.379954,50.414743,-50.231476,-4.290556,0.190421,10.000000,0.000000,11.875735,inf,0.000000,1.000000,0.000000,0.000000,0.000000,0.000000,0.000000,0.000000,0.000000,0.000000,0.000000,0.000000,3.000000,10.884681,3.581226,nan
23.920,APPROACH,49.854127,-3.840002,49.704472,0.392225,4.265229,-10.934159,0.036078,-66.211183,-56.076385,29.526759,-4.250000,0.934170,0.031436,0.000000,0.000000,167.603253,-70.051185,-6.371913,29.918983,0.015229,-9.999988,0.067514,0.000000,0.000000,-89.912744,-46.005220,-66.985555,29.622796,-0.091402,-3.998248,-0.075225,0.000000,0.000000,0.000000,-3.840002,49.704472,0.392225,49.854127,4.265229,-10.934159,0.036078,11.736665,nan,nan,nan,0,nan,nan,nan,0,nan,nan,nan,nan,nan,nan,nan,nan,nan,nan,nan,nan,nan,nan,nan,nan,nan,nan,nan,nan,nan,nan,nan,nan,nan,nan,nan,nan,nan,nan,nan,nan,nan,nan,nan,nan,nan,nan,nan,nan,nan,nan,nan,nan,nan,nan,nan,nan,nan,nan,2.000000,49.852584,-49.710262,-3.764302,10.940641,4.248572,49.852955,-49.710262,-3.764302,0.192225,10.000000,0.000000,11.736665,inf,0.000000,1.000000,0.000000,0.000000,0.000000,0.000000,0.000000,0.000000,0.000000,0.000000,0.000000,0.000000,3.000000,11.515602,3.470006,nan
23.980,APPROACH,49.299424,-3.629868,49.164028,0.394418,4.202688,-10.808868,0.043860,-66.417433,-56.035927,29.527806,-4.125000,0.809170,0.020953,0.000000,0.000000,168.901640,-70.047301,-6.871898,29.922224,0.077688,-9.999698,0.064813,0.000000,0.000000,-89.554877,-45.623217,-67.334168,29.613884,-0.062253,-3.998820,-0.074608,0.000000,0.000000,0.000000,-3.629868,49.164028,0.394418,49.299424,4.202688,-10.808868,0.043860,11.597247,nan,nan,nan,0,nan,nan,nan,0,nan,nan,nan,nan,nan,nan,nan,nan,nan,nan,nan,nan,nan,nan,nan,nan,nan,nan,nan,nan,nan,nan,nan,nan,nan,nan,nan,nan,nan,nan,nan,nan,nan,nan,nan,nan,nan,nan,nan,nan,nan,nan,nan,nan,nan,nan,nan,nan,nan,nan,2.000000,49.297846,-49.190744,-3.247814,10.841192,4.118589,49.298230,-49.190744,-3.247814,0.194418,10.000000,0.000000,11.597247,inf,0.000000,1.000000,0.000000,0.000000,0.000000,0.000000,0.000000,0.000000,0.000000,0.000000,0.000000,0.000000,3.000000,12.149055,3.358340,nan
24.020,APPROACH,48.751797,-3.422861,48.629869,0.396955,4.140143,-10.683188,0.050751,-66.617433,-56.001718,29.528380,-4.000000,0.684170,0.011470,0.000000,0.000000,170.293909,-70.040294,-7.371849,29.925335,0.140143,-9.999018,0.062221,0.000000,0.000000,-89.197011,-45.239045,-67.680389,29.605329,-0.041466,-3.999102,-0.073910,0.000000,0.000000,0.000000,-3.422861,48.629869,0.396955,48.751797,4.140143,-10.683188,0.050751,11.457481,nan,nan,nan,0,nan,nan,nan,0,nan,nan,nan,nan,nan,nan,nan,nan,nan,nan,nan,nan,nan,nan,nan,nan,nan,nan,nan,nan,nan,nan,nan,nan,nan,nan,nan,nan,nan,nan,nan,nan,nan,nan,nan,nan,nan,nan,nan,nan,nan,nan,nan,nan,nan,nan,nan,nan,nan,nan,2.000000,48.750181,-48.673063,-2.741009,10.740160,3.990019,48.750579,-48.673063,-2.741009,0.196955,10.000000,0.000000,11.457481,inf,0.000000,1.000000,0.000000,0.000000,0.000000,0.000000,0.000000,0.000000,0.000000,0.000000,0.000000,0.000000,2.000000,7.708062,3.004902,nan
24.080,APPROACH,48.211257,-3.218981,48.102013,0.399783,4.077594,-10.557118,0.056557,-66.811183,-55.973760,29.528539,-3.875000,0.559170,0.003175,0.000000,0.000000,171.788787,-70.030164,-7.871747,29.928322,0.202594,-9.997948,0.059732,0.000000,0.000000,-88.839144,-44.852717,-68.024204,29.597116,-0.012310,-3.999317,-0.072901,0.000000,0.000000,0.000000,-3.218981,48.102013,0.399783,48.211257,4.077594,-10.557118,0.056557,11.317363,nan,nan,nan,0,nan,nan,nan,0,nan,nan,nan,nan,nan,nan,nan,nan,nan,nan,nan,nan,nan,nan,nan,nan,nan,nan,nan,nan,nan,nan,nan,nan,nan,nan,nan,nan,nan,nan,nan,nan,nan,nan,nan,nan,nan,nan,nan,nan,nan,nan,nan,nan,nan,nan,nan,nan,nan,nan,2.000000,48.209600,-48.157355,-2.243804,10.637560,3.862876,48.210014,-48.157355,-2.243804,0.199783,10.000000,0.000000,11.317363,inf,0.000000,1.000000,0.000000,0.000000,0.000000,0.000000,0.000000,0.000000,0.000000,0.000000,0.000000,0.000000,2.000000,7.821837,2.982833,nan
24.120,APPROACH,47.677816,-3.018229,47.580480,0.402866,4.015036,-10.430657,0.061667,-66.998683,-55.952051,29.528322,-3.750000,0.434170,-0.004324,0.000000,0.000000,173.395773,-70.016912,-8.371571,29.931189,0.265036,-9.996487,0.057343,0.000000,0.000000,-88.481278,-44.464250,-68.365599,29.589231,0.008479,-3.999345,-0.071865,0.000000,0.000000,0.000000,-3.018229,47.580480,0.402866,47.677816,4.015036,-10.430657,0.061667,11.176893,nan,nan,nan,0,nan,nan,nan,0,nan,nan,nan,nan,nan,nan,nan,nan,nan,nan,nan,nan,nan,nan,nan,nan,nan,nan,nan,nan,nan,nan,nan,nan,nan,nan,nan,nan,nan,nan,nan,nan,nan,nan,nan,nan,nan,nan,nan,nan,nan,nan,nan,nan,nan,nan,nan,nan,nan,nan,2.000000,47.676114,-47.643760,-1.756115,10.533406,3.737176,47.676545,-47.643760,-1.756115,0.202866,10.000000,-0.000000,11.176893,inf,0.000000,1.000000,0.000000,0.000000,0.000000,0.000000,0.000000,0.000000,0.000000,0.000000,0.000000,0.000000,2.000000,7.990902,2.950041,nan
24.180,APPROACH,47.151483,-2.820606,47.065290,0.406160,3.952468,-10.303807,0.065875,-67.179933,-55.936593,29.527781,-3.625000,0.309170,-0.010826,0.000000,0.000000,175.125136,-70.000539,-8.871303,29.933941,0.327468,-9.994637,0.055049,0.000000,0.000000,-88.123412,-47.999448,-65.011267,29.554137,0.037483,-3.999178,-0.071931,0.000000,0.000000,0.000000,-2.820606,47.065290,0.406160,47.151483,3.952468,-10.303807,0.065875,11.036067,nan,nan,nan,0,nan,nan,nan,0,nan,nan,nan,nan,nan,nan,nan,nan,nan,nan,nan,nan,nan,nan,nan,nan,nan,nan,nan,nan,nan,nan,nan,nan,nan,nan,nan,nan,nan,nan,nan,nan,nan,nan,nan,nan,nan,nan,nan,nan,nan,nan,nan,nan,nan,nan,nan,nan,nan,nan,2.000000,47.149733,-47.132414,-1.277856,10.427711,3.612932,47.150184,-47.132414,-1.277856,0.206160,10.000000,-0.000000,11.036067,inf,0.000000,1.000000,0.000000,0.000000,0.000000,0.000000,0.000000,0.000000,0.000000,0.000000,0.000000,0.000000,2.000000,8.209882,2.907566,nan
24.220,APPROACH,46.632280,-2.626111,46.556462,0.411081,3.889887,-10.176567,0.098421,-67.354933,-55.927384,29.525502,-3.500000,0.184170,-0.045574,0.000000,0.000000,176.987871,-69.981045,-9.370923,29.936583,0.389887,-9.992397,0.052847,0.000000,0.000000,-87.765545,-47.629738,-65.372375,29.547972,0.058251,-3.998942,-0.071218,0.000000,0.000000,0.000000,-2.626111,46.556462,0.411081,46.632280,3.889887,-10.176567,0.098421,10.895110,nan,nan,nan,0,nan,nan,nan,0,nan,nan,nan,nan,nan,nan,nan,nan,nan,nan,nan,nan,nan,nan,nan,nan,nan,nan,nan,nan,nan,nan,nan,nan,nan,nan,nan,nan,nan,nan,nan,nan,nan,nan,nan,nan,nan,nan,nan,nan,nan,nan,nan,nan,nan,nan,nan,nan,nan,nan,2.000000,46.630468,-46.623451,-0.808938,10.320491,3.490158,46.630946,-46.623451,-0.808938,0.211081,10.000000,0.000000,10.895110,inf,0.000000,1.000000,0.000000,0.000000,0.000000,0.000000,0.000000,0.000000,0.000000,0.000000,0.000000,0.000000,2.000000,8.473031,2.856524,nan
24.280,APPROACH,46.120206,-2.434747,46.054015,0.416050,3.827291,-10.048937,0.099369,-67.523683,-55.924426,29.523071,-3.375000,0.059170,-0.048635,0.000000,0.000000,178.995599,-69.958430,-9.870411,29.939120,0.452291,-9.989766,0.050733,0.000000,0.000000,-87.407679,-47.257779,-65.731167,29.542053,0.087384,-3.998449,-0.069067,0.000000,0.000000,0.000000,-2.434747,46.054015,0.416050,46.120206,3.827291,-10.048937,0.099369,10.753565,nan,nan,nan,0,nan,nan,nan,0,nan,nan,nan,nan,nan,nan,nan,nan,nan,nan,nan,nan,nan,nan,nan,nan,nan,nan,nan,nan,nan,nan,nan,nan,nan,nan,nan,nan,nan,nan,nan,nan,nan,nan,nan,nan,nan,nan,nan,nan,nan,nan,nan,nan,nan,nan,nan,nan,nan,nan,2.000000,46.118329,-46.117006,-0.349273,10.211758,3.368870,46.118835,-46.117006,-0.349273,0.216050,10.000000,0.000000,10.753565,inf,0.000000,1.000000,0.000000,0.000000,0.000000,0.000000,0.000000,0.000000,0.000000,0.000000,0.000000,0.000000,2.000000,8.774582,2.798034,nan
24.320,APPROACH,45.615267,-2.246513,45.557969,0.420989,3.764677,-9.920917,0.098788,-67.686183,-55.927717,29.520566,-3.250000,-0.065830,-0.050084,0.000000,0.000000,-178.839614,-69.932696,-10.369748,29.941555,0.514677,-9.986747,0.048704,0.000000,0.000000,-87.049812,-46.883587,-66.087629,29.536371,0.108151,-3.997977,-0.066979,0.000000,0.000000,0.000000,-2.246513,45.557969,0.420989,45.615267,3.764677,-9.920917,0.098788,10.611651,nan,nan,nan,0,nan,nan,nan,0,nan,nan,nan,nan,nan,nan,nan,nan,nan,nan,nan,nan,nan,nan,nan,nan,nan,nan,nan,nan,nan,nan,nan,nan,nan,nan,nan,nan,nan,nan,nan,nan,nan,nan,nan,nan,nan,nan,nan,nan,nan,nan,nan,nan,nan,nan,nan,nan,nan,nan,2.000000,45.613324,-45.613212,0.101230,10.101528,3.249081,45.613860,-45.613212,0.101230,0.220989,10.000000,0.000000,10.611651,inf,0.000000,1.000000,0.000000,0.000000,0.000000,0.000000,0.000000,0.000000,0.000000,0.000000,0.000000,0.000000,2.000000,9.109017,2.733165,nan
24.380,APPROACH,45.117473,-2.061411,45.068344,0.425880,3.702044,-9.792507,0.097826,-67.842433,-55.937259,29.518013,-3.125000,-0.190830,-0.051070,0.000000,0.000000,-176.505541,-69.903844,-10.868915,29.943893,0.577044,-9.983337,0.046756,0.000000,0.000000,-86.691946,-46.507176,-66.441746,29.530916,0.137280,-3.997118,-0.064815,0.000000,0.000000,0.000000,-2.061411,45.068344,0.425880,45.117473,3.702044,-9.792507,0.097826,10.469379,nan,nan,nan,0,nan,nan,nan,0,nan,nan,nan,nan,nan,nan,nan,nan,nan,nan,nan,nan,nan,nan,nan,nan,nan,nan,nan,nan,nan,nan,nan,nan,nan,nan,nan,nan,nan,nan,nan,nan,nan,nan,nan,nan,nan,nan,nan,nan,nan,nan,nan,nan,nan,nan,nan,nan,nan,nan,2.000000,45.115463,-45.112199,0.542664,9.989814,3.130805,45.116029,-45.112199,0.542664,0.225880,10.000000,0.000000,10.469379,inf,0.000000,1.000000,0.000000,0.000000,0.000000,0.000000,0.000000,0.000000,0.000000,0.000000,0.000000,0.000000,2.000000,9.471231,2.662908,nan
24.420,APPROACH,44.626832,-1.879441,44.585158,0.430720,3.639387,-9.663708,0.096798,-67.992433,-55.953050,29.515417,-3.000000,-0.315830,-0.051912,0.000000,0.000000,-173.990232,-69.871875,-11.367892,29.946137,0.639387,-9.979538,0.044885,0.000000,0.000000,-86.334079,-46.128560,-66.793506,29.525679,0.158043,-3.996384,-0.062778,0.000000,0.000000,0.000000,-1.879441,44.585158,0.430720,44.626832,3.639387,-9.663708,0.096798,10.326750,nan,nan,nan,0,nan,nan,nan,0,nan,nan,nan,nan,nan,nan,nan,nan,nan,nan,nan,nan,nan,nan,nan,nan,nan,nan,nan,nan,nan,nan,nan,nan,nan,nan,nan,nan,nan,nan,nan,nan,nan,nan,nan,nan,nan,nan,nan,nan,nan,nan,nan,nan,nan,nan,nan,nan,nan,nan,2.000000,44.624754,-44.614098,0.975123,9.876633,3.014055,44.625350,-44.614098,0.975123,0.230720,10.000000,0.000000,10.326750,inf,0.000000,1.000000,0.000000,0.000000,0.000000,0.000000,0.000000,0.000000,0.000000,0.000000,0.000000,0.000000,2.000000,9.856620,2.588156,nan
24.480,APPROACH,44.143352,-1.700606,44.108432,0.435496,3.576706,-9.534520,0.095510,-68.136183,-55.975092,29.512796,-2.875000,-0.440830,-0.052420,0.000000,0.000000,-171.282611,-69.836789,-11.866660,29.948292,0.701706,-9.975350,0.043090,0.000000,0.000000,-85.976213,-45.747755,-67.142894,29.520652,0.187161,-3.995158,-0.060684,0.000000,0.000000,0.000000,-1.700606,44.108432,0.435496,44.143352,3.576706,-9.534520,0.095510,10.183763,nan,nan,nan,0,nan,nan,nan,0,nan,nan,nan,nan,nan,nan,nan,nan,nan,nan,nan,nan,nan,nan,nan,nan,nan,nan,nan,nan,nan,nan,nan,nan,nan,nan,nan,nan,nan,nan,nan,nan,nan,nan,nan,nan,nan,nan,nan,nan,nan,nan,nan,nan,nan,nan,nan,nan,nan,nan,2.000000,44.141204,-44.119038,1.398702,9.761997,2.898846,44.141832,-44.119038,1.398702,0.235496,10.000000,0.000000,10.183763,inf,0.000000,1.000000,0.000000,0.000000,0.000000,0.000000,0.000000,0.000000,0.000000,0.000000,0.000000,0.000000,2.000000,10.261114,2.509698,nan
24.520,APPROACH,43.667039,-1.524906,43.638185,0.440205,3.513998,-9.404943,0.094194,-68.273683,-56.003383,29.510155,-2.750000,-0.565830,-0.052828,0.000000,0.000000,-168.373295,-69.798589,-12.365198,29.950360,0.763998,-9.970773,0.041366,0.000000,0.000000,-85.618347,-45.364775,-67.489896,29.515826,0.207915,-3.994161,-0.058715,0.000000,0.000000,0.000000,-1.524906,43.638185,0.440205,43.667039,3.513998,-9.404943,0.094194,10.040418,nan,nan,nan,0,nan,nan,nan,0,nan,nan,nan,nan,nan,nan,nan,nan,nan,nan,nan,nan,nan,nan,nan,nan,nan,nan,nan,nan,nan,nan,nan,nan,nan,nan,nan,nan,nan,nan,nan,nan,nan,nan,nan,nan,nan,nan,nan,nan,nan,nan,nan,nan,nan,nan,nan,nan,nan,nan,2.000000,43.664820,-43.627145,1.813497,9.645923,2.785192,43.665481,-43.627145,1.813497,0.240205,10.000000,0.000000,10.040418,inf,0.000000,1.000000,0.000000,0.000000,0.000000,0.000000,0.000000,0.000000,0.000000,0.000000,0.000000,0.000000,2.000000,10.681154,2.428224,nan
24.580,APPROACH,43.197901,-1.352343,43.174436,0.444839,3.451259,-9.274977,0.092667,-68.404933,-56.037925,29.507507,-2.625000,-0.690830,-0.052956,0.000000,0.000000,-165.255614,-69.757276,-12.863489,29.952346,0.826259,-9.965806,0.039712,0.000000,0.000000,-85.260480,-48.846878,-64.084894,29.491337,0.237009,-3.992547,-0.058272,0.000000,0.000000,0.000000,-1.352343,43.174436,0.444839,43.197901,3.451259,-9.274977,0.092667,9.896715,nan,nan,nan,0,nan,nan,nan,0,nan,nan,nan,nan,nan,nan,nan,nan,nan,nan,nan,nan,nan,nan,nan,nan,nan,nan,nan,nan,nan,nan,nan,nan,nan,nan,nan,nan,nan,nan,nan,nan,nan,nan,nan,nan,nan,nan,nan,nan,nan,nan,nan,nan,nan,nan,nan,nan,nan,nan,2.000000,43.195611,-43.138546,2.219608,9.528425,2.673105,43.196304,-43.138546,2.219608,0.244839,10.000000,0.000000,9.896715,inf,0.000000,1.000000,0.000000,0.000000,0.000000,0.000000,0.000000,0.000000,0.000000,0.000000,0.000000,0.000000,2.000000,11.113665,2.344332,nan
24.620,APPROACH,42.735955,-1.182919,42.717205,0.450467,3.388489,-9.144621,0.112565,-68.529933,-56.078716,29.503785,-2.500000,-0.815830,-0.074442,0.000000,0.000000,-161.926842,-69.712852,-13.361511,29.954252,0.888489,-9.960451,0.038123,0.000000,0.000000,-84.902614,-48.482938,-64.451313,29.487684,0.257725,-3.991285,-0.056745,0.000000,0.000000,0.000000,-1.182919,42.717205,0.450467,42.735955,3.388489,-9.144621,0.112565,9.752878,nan,nan,nan,0,nan,nan,nan,0,nan,nan,nan,nan,nan,nan,nan,nan,nan,nan,nan,nan,nan,nan,nan,nan,nan,nan,nan,nan,nan,nan,nan,nan,nan,nan,nan,nan,nan,nan,nan,nan,nan,nan,nan,nan,nan,nan,nan,nan,nan,nan,nan,nan,nan,nan,nan,nan,nan,nan,2.000000,42.733581,-42.653365,2.617134,9.409519,2.562598,42.734315,-42.653365,2.617134,0.250467,10.000000,-0.000000,9.752878,inf,0.000000,1.000000,0.000000,0.000000,0.000000,0.000000,0.000000,0.000000,0.000000,0.000000,0.000000,0.000000,2.000000,11.555996,2.258535,nan
24.680,APPROACH,42.281194,-1.016635,42.266511,0.455935,3.325683,-9.013878,0.109369,-68.648683,-56.125758,29.500146,-2.375000,-0.940830,-0.072771,0.000000,0.000000,-158.389556,-69.665318,-13.859246,29.956082,0.950683,-9.954707,0.036598,0.000000,0.000000,-84.544747,-48.116716,-64.815452,29.484176,0.286784,-3.989337,-0.054302,0.000000,0.000000,0.000000,-1.016635,42.266511,0.455935,42.281194,3.325683,-9.013878,0.109369,9.608440,nan,nan,nan,0,nan,nan,nan,0,nan,nan,nan,nan,nan,nan,nan,nan,nan,nan,nan,nan,nan,nan,nan,nan,nan,nan,nan,nan,nan,nan,nan,nan,nan,nan,nan,nan,nan,nan,nan,nan,nan,nan,nan,nan,nan,nan,nan,nan,nan,nan,nan,nan,nan,nan,nan,nan,nan,nan,2.000000,42.278736,-42.171725,3.006177,9.289219,2.453686,42.279511,-42.171725,3.006177,0.255935,10.000000,-0.000000,9.608440,inf,0.000000,1.000000,0.000000,0.000000,0.000000,0.000000,0.000000,0.000000,0.000000,0.000000,0.000000,0.000000,2.000000,12.005876,2.171274,nan
24.720,APPROACH,41.833624,-0.853493,41.822374,0.461206,3.262841,-8.882746,0.105407,-68.761183,-56.179049,29.496633,-2.250000,-1.065830,-0.070272,0.000000,0.000000,-154.652985,-69.614676,-14.356675,29.957839,1.012841,-9.948575,0.035134,0.000000,0.000000,-84.186881,-47.748226,-65.177296,29.480809,0.307489,-3.987825,-0.052000,0.000000,0.000000,0.000000,-0.853493,41.822374,0.461206,41.833624,3.262841,-8.882746,0.105407,9.463636,nan,nan,nan,0,nan,nan,nan,0,nan,nan,nan,nan,nan,nan,nan,nan,nan,nan,nan,nan,nan,nan,nan,nan,nan,nan,nan,nan,nan,nan,nan,nan,nan,nan,nan,nan,nan,nan,nan,nan,nan,nan,nan,nan,nan,nan,nan,nan,nan,nan,nan,nan,nan,nan,nan,nan,nan,nan,2.000000,41.831082,-41.693749,3.386838,9.167540,2.346381,41.831897,-41.693749,3.386838,0.261206,10.000000,0.000000,9.463636,inf,0.000000,1.000000,0.000000,0.000000,0.000000,0.000000,0.000000,0.000000,0.000000,0.000000,0.000000,0.000000,2.000000,12.461363,2.082925,nan
24.780,APPROACH,41.393249,-0.693495,41.384813,0.466280,3.199959,-8.751225,0.101485,-68.867433,-56.238591,29.493245,-2.125000,-1.190830,-0.067756,0.000000,0.000000,-150.734144,-69.560928,-14.853778,29.959525,1.074959,-9.942055,0.033729,0.000000,0.000000,-83.829015,-47.377484,-65.536832,29.477577,0.336525,-3.985508,-0.049739,0.000000,0.000000,0.000000,-0.693495,41.384813,0.466280,41.393249,3.199959,-8.751225,0.101485,9.318475,nan,nan,nan,0,nan,nan,nan,0,nan,nan,nan,nan,nan,nan,nan,nan,nan,nan,nan,nan,nan,nan,nan,nan,nan,nan,nan,nan,nan,nan,nan,nan,nan,nan,nan,nan,nan,nan,nan,nan,nan,nan,nan,nan,nan,nan,nan,nan,nan,nan,nan,nan,nan,nan,nan,nan,nan,nan,2.000000,41.390623,-41.219557,3.759222,9.044499,2.240696,41.391479,-41.219557,3.759222,0.266280,10.000000,0.000000,9.318475,inf,0.000000,1.000000,0.000000,0.000000,0.000000,0.000000,0.000000,0.000000,0.000000,0.000000,0.000000,0.000000,2.000000,12.920791,1.993812,nan
24.820,APPROACH,40.960073,-0.536643,40.953847,0.471169,3.137035,-8.619317,0.097787,-68.967433,-56.304382,29.489975,-2.000000,-1.315830,-0.065407,0.000000,0.000000,-146.658486,-69.504076,-15.350535,29.961144,1.137035,-9.935147,0.032380,0.000000,0.000000,-83.471148,-47.004503,-65.894045,29.474474,0.357213,-3.983733,-0.047641,0.000000,0.000000,0.000000,-0.536643,40.953847,0.471169,40.960073,3.137035,-8.619317,0.097787,9.172959,nan,nan,nan,0,nan,nan,nan,0,nan,nan,nan,nan,nan,nan,nan,nan,nan,nan,nan,nan,nan,nan,nan,nan,nan,nan,nan,nan,nan,nan,nan,nan,nan,nan,nan,nan,nan,nan,nan,nan,nan,nan,nan,nan,nan,nan,nan,nan,nan,nan,nan,nan,nan,nan,nan,nan,nan,nan,2.000000,40.957363,-40.749268,4.123434,8.920111,2.136644,40.958260,-40.749268,4.123434,0.271169,10.000000,0.000000,9.172959,inf,0.000000,1.000000,0.000000,0.000000,0.000000,0.000000,0.000000,0.000000,0.000000,0.000000,0.000000,0.000000,2.000000,13.382734,1.904211,nan
24.880,APPROACH,40.534098,-0.382940,40.529496,0.475878,3.074067,-8.487022,0.094166,-69.061183,-56.376424,29.486821,-1.875000,-1.440830,-0.063081,0.000000,0.000000,-142.459791,-69.444123,-15.846928,29.962698,1.199067,-9.927852,0.031085,0.000000,0.000000,-83.113282,-46.629299,-66.248921,29.471495,0.386221,-3.981050,-0.045582,0.000000,0.000000,0.000000,-0.382940,40.529496,0.475878,40.534098,3.074067,-8.487022,0.094166,9.027087,nan,nan,nan,0,nan,nan,nan,0,nan,nan,nan,nan,nan,nan,nan,nan,nan,nan,nan,nan,nan,nan,nan,nan,nan,nan,nan,nan,nan,nan,nan,nan,nan,nan,nan,nan,nan,nan,nan,nan,nan,nan,nan,nan,nan,nan,nan,nan,nan,nan,nan,nan,nan,nan,nan,nan,nan,nan,2.000000,40.531305,-40.282999,4.479581,8.794391,2.034237,40.532244,-40.282999,4.479581,0.275878,10.000000,0.000000,9.027087,inf,0.000000,1.000000,0.000000,0.000000,0.000000,0.000000,0.000000,0.000000,0.000000,0.000000,0.000000,0.000000,2.000000,13.845971,1.814359,nan
24.920,APPROACH,40.115329,-0.232387,40.111779,0.480415,3.011052,-8.354339,0.090749,-69.148683,-56.454715,29.483775,-1.750000,-1.565830,-0.060908,0.000000,0.000000,-138.179096,-69.381070,-16.342936,29.964190,1.261052,-9.920169,0.029841,0.000000,0.000000,-82.755415,-42.224450,-70.178442,29.483556,0.407039,-3.979009,-0.042475,0.000000,0.000000,0.000000,-0.232387,40.111779,0.480415,40.115329,3.011052,-8.354339,0.090749,8.880859,nan,nan,nan,0,nan,nan,nan,0,nan,nan,nan,nan,nan,nan,nan,nan,nan,nan,nan,nan,nan,nan,nan,nan,nan,nan,nan,nan,nan,nan,nan,nan,nan,nan,nan,nan,nan,nan,nan,nan,nan,nan,nan,nan,nan,nan,nan,nan,nan,nan,nan,nan,nan,nan,nan,nan,nan,nan,2.000000,40.112452,-39.820867,4.827772,8.667355,1.933489,40.113432,-39.820867,4.827772,0.280415,10.000000,0.000000,8.880859,inf,0.000000,1.000000,0.000000,0.000000,0.000000,0.000000,0.000000,0.000000,0.000000,0.000000,0.000000,0.000000,2.000000,14.309449,1.724460,nan
24.980,APPROACH,39.703756,-0.084988,39.700715,0.483979,2.947988,-8.221269,0.071284,-69.229933,-56.539257,29.481643,-1.625000,-1.690830,-0.042636,0.000000,0.000000,-133.862645,-69.314921,-16.838541,29.965623,1.322988,-9.912099,0.028648,0.000000,0.000000,-82.397549,-18.771005,-83.821779,29.551833,0.437084,-3.975857,-0.038954,0.000000,0.000000,0.000000,-0.084988,39.700715,0.483979,39.703756,2.947988,-8.221269,0.071284,8.734127,nan,nan,nan,0,nan,nan,nan,0,nan,nan,nan,nan,nan,nan,nan,nan,nan,nan,nan,nan,nan,nan,nan,nan,nan,nan,nan,nan,nan,nan,nan,nan,nan,nan,nan,nan,nan,nan,nan,nan,nan,nan,nan,nan,nan,nan,nan,nan,nan,nan,nan,nan,nan,nan,nan,nan,nan,nan,2.000000,39.700806,-39.362985,5.168116,8.539018,1.834411,39.701822,-39.362985,5.168116,0.283979,10.000000,0.000000,8.734127,inf,0.000000,1.000000,0.000000,0.000000,0.000000,0.000000,0.000000,0.000000,0.000000,0.000000,0.000000,0.000000,2.000000,14.772264,1.634690,nan
25.020,APPROACH,39.299347,0.059256,39.296325,0.483793,2.884872,-8.087812,-0.003734,-69.304933,-56.630048,29.483205,-1.500000,-1.815830,0.031235,0.000000,0.000000,-129.559043,-69.245677,-17.333723,29.966998,1.384872,-9.903642,0.027502,0.000000,0.000000,-82.039683,-8.339067,-86.917727,29.573261,0.458383,-3.973482,-0.036385,0.000000,0.000000,0.000000,0.059256,39.296325,0.483793,39.299347,2.884872,-8.087812,-0.003734,8.586921,nan,nan,nan,0,nan,nan,nan,0,nan,nan,nan,nan,nan,nan,nan,nan,nan,nan,nan,nan,nan,nan,nan,nan,nan,nan,nan,nan,nan,nan,nan,nan,nan,nan,nan,nan,nan,nan,nan,nan,nan,nan,nan,nan,nan,nan,nan,nan,nan,nan,nan,nan,nan,nan,nan,nan,nan,nan,2.000000,39.296369,-38.909468,5.500724,8.409398,1.737016,39.297394,-38.909468,5.500724,0.283793,10.000000,0.000000,8.586921,inf,0.000000,1.000000,0.000000,0.000000,0.000000,0.000000,0.000000,0.000000,0.000000,0.000000,0.000000,0.000000,2.000000,15.233634,1.545200,nan
25.080,APPROACH,38.902134,0.200341,38.898626,0.482426,2.821702,-7.953969,-0.027339,-69.373683,-56.727090,29.485892,-1.375000,-1.940830,0.053740,0.000000,0.000000,-125.316040,-69.173342,-17.828463,29.968318,1.446702,-9.894799,0.026402,0.000000,0.000000,-81.681816,2.408316,-88.621827,29.592732,0.488026,-3.969953,-0.036119,0.000000,0.000000,0.000000,0.200341,38.898626,0.482426,38.902134,2.821702,-7.953969,-0.027339,8.439691,nan,nan,nan,0,nan,nan,nan,0,nan,nan,nan,nan,nan,nan,nan,nan,nan,nan,nan,nan,nan,nan,nan,nan,nan,nan,nan,nan,nan,nan,nan,nan,nan,nan,nan,nan,nan,nan,nan,nan,nan,nan,nan,nan,nan,nan,nan,nan,nan,nan,nan,nan,nan,nan,nan,nan,nan,nan,2.000000,38.899142,-38.460426,5.825707,8.278509,1.641315,38.900167,-38.460426,5.825707,0.282426,10.000000,0.000000,8.439691,inf,0.000000,1.000000,0.000000,0.000000,0.000000,0.000000,0.000000,0.000000,0.000000,0.000000,0.000000,0.000000,2.000000,15.692881,1.456122,nan
25.120,APPROACH,38.512118,0.338265,38.507639,0.480157,2.758476,-7.819740,-0.045375,-69.436183,-56.830381,29.489428,-1.250000,-2.065830,0.070721,0.000000,0.000000,-121.177450,-69.097918,-18.322742,29.969585,1.508476,-9.885570,0.025346,0.000000,0.000000,-81.323950,8.101691,-88.948155,29.597696,0.508989,-3.967317,-0.036417,0.000000,0.000000,0.000000,0.338265,38.507639,0.480157,38.512118,2.758476,-7.819740,-0.045375,8.292140,nan,nan,nan,0,nan,nan,nan,0,nan,nan,nan,nan,nan,nan,nan,nan,nan,nan,nan,nan,nan,nan,nan,nan,nan,nan,nan,nan,nan,nan,nan,nan,nan,nan,nan,nan,nan,nan,nan,nan,nan,nan,nan,nan,nan,nan,nan,nan,nan,nan,nan,nan,nan,nan,nan,nan,nan,nan,2.000000,38.509125,-38.015971,6.143180,8.146369,1.547322,38.510144,-38.015971,6.143180,0.280157,10.000000,0.000000,8.292140,inf,0.000000,1.000000,0.000000,0.000000,0.000000,0.000000,0.000000,0.000000,0.000000,0.000000,0.000000,0.000000,2.000000,16.149418,1.367570,nan
25.180,APPROACH,38.129311,0.473025,38.123383,0.477777,2.695191,-7.685126,-0.047594,-69.492433,-56.939923,29.493025,-1.125000,-2.190830,0.071925,0.000000,0.000000,-117.180682,-69.019409,-18.816540,29.970802,1.570191,-9.875956,0.024332,0.000000,0.000000,-80.966084,-61.784530,-56.726993,29.370802,0.519399,-3.965337,-0.079549,0.000000,0.000000,0.000000,0.473025,38.123383,0.477777,38.129311,2.695191,-7.685126,-0.047594,8.144168,nan,nan,nan,0,nan,nan,nan,0,nan,nan,nan,nan,nan,nan,nan,nan,nan,nan,nan,nan,nan,nan,nan,nan,nan,nan,nan,nan,nan,nan,nan,nan,nan,nan,nan,nan,nan,nan,nan,nan,nan,nan,nan,nan,nan,nan,nan,nan,nan,nan,nan,nan,nan,nan,nan,nan,nan,nan,2.000000,38.126317,-37.576210,6.453256,8.012993,1.455047,38.127329,-37.576210,6.453256,0.277777,10.000000,-0.000000,8.144168,inf,0.000000,1.000000,0.000000,0.000000,0.000000,0.000000,0.000000,0.000000,0.000000,0.000000,0.000000,0.000000,2.000000,16.602732,1.279643,nan
25.220,APPROACH,37.753791,0.604617,37.745877,0.481599,2.631845,-7.550126,0.076433,-69.542433,-57.055714,29.490371,-1.000000,-2.315830,-0.053075,0.000000,0.000000,-113.355202,-68.937816,-19.309837,29.971970,1.631845,-9.865956,0.023359,0.000000,0.000000,-80.608217,-61.477442,-56.735338,29.371970,0.540003,-3.962458,-0.085594,0.000000,0.000000,0.000000,0.604617,37.745877,0.481599,37.753791,2.631845,-7.550126,0.076433,7.996052,nan,nan,nan,0,nan,nan,nan,0,nan,nan,nan,nan,nan,nan,nan,nan,nan,nan,nan,nan,nan,nan,nan,nan,nan,nan,nan,nan,nan,nan,nan,nan,nan,nan,nan,nan,nan,nan,nan,nan,nan,nan,nan,nan,nan,nan,nan,nan,nan,nan,nan,nan,nan,nan,nan,nan,nan,nan,2.000000,37.750719,-37.141251,6.756053,7.878397,1.364503,37.751769,-37.141251,6.756053,0.281599,10.000000,0.000000,7.996052,inf,0.000000,1.000000,0.000000,0.000000,0.000000,0.000000,0.000000,0.000000,0.000000,0.000000,0.000000,0.000000,2.000000,17.052378,1.192427,nan
25.280,APPROACH,37.385560,0.733039,37.375140,0.491624,2.568435,-7.414741,0.200499,-69.586183,-57.177756,29.481467,-0.875000,-2.440830,-0.178075,0.000000,0.000000,-109.721977,-68.853145,-19.802616,29.973091,1.693435,-9.855571,0.022424,0.000000,0.000000,-80.250351,-61.156905,-56.744048,29.373091,0.568871,-3.958392,-0.086700,0.000000,0.000000,0.000000,0.733039,37.375140,0.491624,37.385560,2.568435,-7.414741,0.200499,7.849550,nan,nan,nan,0,nan,nan,nan,0,nan,nan,nan,nan,nan,nan,nan,nan,nan,nan,nan,nan,nan,nan,nan,nan,nan,nan,nan,nan,nan,nan,nan,nan,nan,nan,nan,nan,nan,nan,nan,nan,nan,nan,nan,nan,nan,nan,nan,nan,nan,nan,nan,nan,nan,nan,nan,nan,nan,nan,2.000000,37.382327,-36.711199,7.051687,7.742598,1.275701,37.383465,-36.711199,7.051687,0.291624,10.000000,0.000000,7.849550,inf,0.000000,1.000000,0.000000,0.000000,0.000000,0.000000,0.000000,0.000000,0.000000,0.000000,0.000000,0.000000,2.000000,17.497965,1.105998,nan
25.320,APPROACH,37.024551,0.858286,37.011191,0.502454,2.504959,-7.278972,0.216603,-69.623683,-57.306047,29.471713,-0.750000,-2.565830,-0.195076,0.000000,0.000000,-106.293805,-68.765397,-20.294856,29.974167,1.754959,-9.844802,0.021527,0.000000,0.000000,-79.892484,-60.856411,-56.758936,29.374167,0.589477,-3.955531,-0.079299,0.000000,0.000000,0.000000,0.858286,37.011191,0.502454,37.024551,2.504959,-7.278972,0.216603,7.700985,nan,nan,nan,0,nan,nan,nan,0,nan,nan,nan,nan,nan,nan,nan,nan,nan,nan,nan,nan,nan,nan,nan,nan,nan,nan,nan,nan,nan,nan,nan,nan,nan,nan,nan,nan,nan,nan,nan,nan,nan,nan,nan,nan,nan,nan,nan,nan,nan,nan,nan,nan,nan,nan,nan,nan,nan,nan,2.000000,37.021141,-36.286158,7.340277,7.605613,1.188653,37.022377,-36.286158,7.340277,0.302454,10.000000,-0.000000,7.700985,inf,0.000000,1.000000,0.000000,0.000000,0.000000,0.000000,0.000000,0.000000,0.000000,0.000000,0.000000,0.000000,2.000000,17.939150,1.020423,nan
25.380,APPROACH,36.670737,0.980357,36.654050,0.512326,2.441414,-7.142819,0.197439,-69.654933,-57.440589,29.462875,-0.625000,-2.690830,-0.176773,0.000000,0.000000,-103.076249,-68.674576,-20.786539,29.975201,1.816414,-9.833648,0.020666,0.000000,0.000000,-79.534618,-60.542626,-56.774333,29.375201,0.618323,-3.951299,-0.070102,0.000000,0.000000,0.000000,0.980357,36.654050,0.512326,36.670737,2.441414,-7.142819,0.197439,7.551115,nan,nan,nan,0,nan,nan,nan,0,nan,nan,nan,nan,nan,nan,nan,nan,nan,nan,nan,nan,nan,nan,nan,nan,nan,nan,nan,nan,nan,nan,nan,nan,nan,nan,nan,nan,nan,nan,nan,nan,nan,nan,nan,nan,nan,nan,nan,nan,nan,nan,nan,nan,nan,nan,nan,nan,nan,nan,2.000000,36.667158,-35.866230,7.621942,7.467458,1.103369,36.668488,-35.866230,7.621942,0.312326,10.000000,0.000000,7.551115,inf,0.000000,1.000000,0.000000,0.000000,0.000000,0.000000,0.000000,0.000000,0.000000,0.000000,0.000000,0.000000,2.000000,18.375634,0.997832,nan
25.420,APPROACH,36.324114,1.099247,36.303736,0.521207,2.377799,-7.006282,0.177615,-69.679933,-57.581380,29.454986,-0.500000,-2.815830,-0.157776,0.000000,0.000000,-100.068921,-68.580686,-21.277644,29.976193,1.877799,-9.822111,0.019839,0.000000,0.000000,-79.176752,-60.248209,-56.796327,29.376193,0.638891,-3.948164,-0.061801,0.000000,0.000000,0.000000,1.099247,36.303736,0.521207,36.324114,2.377799,-7.006282,0.177615,7.400909,nan,nan,nan,0,nan,nan,nan,0,nan,nan,nan,nan,nan,nan,nan,nan,nan,nan,nan,nan,nan,nan,nan,nan,nan,nan,nan,nan,nan,nan,nan,nan,nan,nan,nan,nan,nan,nan,nan,nan,nan,nan,nan,nan,nan,nan,nan,nan,nan,nan,nan,nan,nan,nan,nan,nan,nan,nan,2.000000,36.320374,-35.451517,7.896804,7.328151,1.019862,36.321795,-35.451517,7.896804,0.321207,10.000000,0.000000,7.400909,inf,0.000000,1.000000,0.000000,0.000000,0.000000,0.000000,0.000000,0.000000,0.000000,0.000000,0.000000,0.000000,2.000000,18.807152,0.996157,nan
25.480,APPROACH,35.984678,1.214953,35.960268,0.529186,2.314110,-6.869361,0.159584,-69.698683,-57.728422,29.447959,-0.375000,-2.940830,-0.140538,0.000000,0.000000,-97.266856,-68.483731,-21.768154,29.977145,1.939110,-9.810191,0.019046,0.000000,0.000000,-78.818885,-59.940640,-56.818967,29.377145,0.667674,-3.943508,-0.054378,0.000000,0.000000,0.000000,1.214953,35.960268,0.529186,35.984678,2.314110,-6.869361,0.159584,7.250427,nan,nan,nan,0,nan,nan,nan,0,nan,nan,nan,nan,nan,nan,nan,nan,nan,nan,nan,nan,nan,nan,nan,nan,nan,nan,nan,nan,nan,nan,nan,nan,nan,nan,nan,nan,nan,nan,nan,nan,nan,nan,nan,nan,nan,nan,nan,nan,nan,nan,nan,nan,nan,nan,nan,nan,nan,nan,2.000000,35.980786,-35.042118,8.164984,7.187706,0.938141,35.982292,-35.042118,8.164984,0.329186,10.000000,0.000000,7.250427,inf,0.000000,1.000000,0.000000,0.000000,0.000000,0.000000,0.000000,0.000000,0.000000,0.000000,0.000000,0.000000,2.000000,19.233471,0.993432,nan
25.520,APPROACH,35.641750,1.327470,35.612982,0.536360,2.250346,-6.945726,0.143476,-69.711183,-57.871030,29.441699,-0.250000,-2.852163,-0.125192,0.000000,0.000000,-95.009332,-68.383713,-22.258048,29.978059,2.000346,-9.797888,0.018284,0.000000,0.000000,-78.461019,-59.654252,-56.838426,29.378059,0.688193,-3.940064,-0.047800,0.000000,0.000000,0.000000,1.327470,35.612982,0.536360,35.641750,2.250346,-6.945726,0.143476,7.302585,nan,nan,nan,0,nan,nan,nan,0,nan,nan,nan,nan,nan,nan,nan,nan,nan,nan,nan,nan,nan,nan,nan,nan,nan,nan,nan,nan,nan,nan,nan,nan,nan,nan,nan,nan,nan,nan,nan,nan,nan,nan,nan,nan,nan,nan,nan,nan,nan,nan,nan,nan,nan,nan,nan,nan,nan,nan,2.000000,35.637714,-34.627662,8.424468,7.255491,0.815478,35.639301,-34.627662,8.424468,0.336360,10.000000,0.000000,7.302585,inf,0.000000,1.000000,0.000000,0.000000,0.000000,0.000000,0.000000,0.000000,0.000000,0.000000,0.000000,0.000000,2.000000,19.657488,0.964130,nan
25.580,APPROACH,35.293515,1.436795,35.260080,0.542807,2.186503,-7.058040,0.128951,-69.717433,-58.007388,29.436129,-0.125000,-2.727163,-0.111398,0.000000,0.000000,-92.624326,-68.280638,-22.747308,29.978937,2.061503,-9.785203,0.017553,0.000000,0.000000,-78.103152,-59.357991,-56.846857,29.378937,0.716909,-3.935007,-0.041938,0.000000,0.000000,0.000000,1.436795,35.260080,0.542807,35.293515,2.186503,-7.058040,0.128951,7.390085,nan,nan,nan,0,nan,nan,nan,0,nan,nan,nan,nan,nan,nan,nan,nan,nan,nan,nan,nan,nan,nan,nan,nan,nan,nan,nan,nan,nan,nan,nan,nan,nan,nan,nan,nan,nan,nan,nan,nan,nan,nan,nan,nan,nan,nan,nan,nan,nan,nan,nan,nan,nan,nan,nan,nan,nan,nan,2.000000,35.289341,-34.206509,8.674811,7.357185,0.684521,35.291006,-34.206509,8.674811,0.342807,10.000000,0.000000,7.390085,inf,0.000000,1.000000,0.000000,0.000000,0.000000,0.000000,0.000000,0.000000,0.000000,0.000000,0.000000,0.000000,2.000000,20.079734,0.930119,nan
25.620,APPROACH,34.939976,1.542924,34.901581,0.548606,2.122581,-7.169974,0.115981,-69.717433,-58.137496,29.431173,0.000000,-2.602163,-0.099130,0.000000,0.000000,-90.000000,-68.174509,-23.235915,29.979779,2.122581,-9.772136,0.016851,0.000000,0.000000,-77.745286,-59.083137,-56.850966,29.379779,0.737378,-3.931275,-0.036792,0.000000,0.000000,0.000000,1.542924,34.901581,0.548606,34.939976,2.122581,-7.169974,0.115981,7.478457,nan,nan,nan,0,nan,nan,nan,0,nan,nan,nan,nan,nan,nan,nan,nan,nan,nan,nan,nan,nan,nan,nan,nan,nan,nan,nan,nan,nan,nan,nan,nan,nan,nan,nan,nan,nan,nan,nan,nan,nan,nan,nan,nan,nan,nan,nan,nan,nan,nan,nan,nan,nan,nan,nan,nan,nan,nan,2.000000,34.935669,-33.778803,8.915909,7.457131,0.552330,34.937408,-33.778803,8.915909,0.348606,10.000000,0.000000,7.478457,inf,0.000000,1.000000,0.000000,0.000000,0.000000,0.000000,0.000000,0.000000,0.000000,0.000000,0.000000,0.000000,2.000000,20.500236,0.895813,nan
25.680,APPROACH,34.581133,1.645853,34.537505,0.553823,2.058575,-7.281526,0.104331,-69.711183,-58.261354,29.426765,0.125000,-2.477163,-0.088155,0.000000,0.000000,-87.111251,-68.065330,-23.723849,29.980588,2.183575,-9.758688,0.016177,0.000000,0.000000,-77.387420,-58.799054,-56.844416,29.380588,0.766025,-3.925833,-0.032218,0.000000,0.000000,0.000000,1.645853,34.537505,0.553823,34.581133,2.058575,-7.281526,0.104331,7.567644,nan,nan,nan,0,nan,nan,nan,0,nan,nan,nan,nan,nan,nan,nan,nan,nan,nan,nan,nan,nan,nan,nan,nan,nan,nan,nan,nan,nan,nan,nan,nan,nan,nan,nan,nan,nan,nan,nan,nan,nan,nan,nan,nan,nan,nan,nan,nan,nan,nan,nan,nan,nan,nan,nan,nan,nan,nan,2.000000,34.576698,-33.344690,9.147660,7.555319,0.418924,34.578509,-33.344690,9.147660,0.353823,10.000000,0.000000,7.567644,inf,0.000000,1.000000,0.000000,0.000000,0.000000,0.000000,0.000000,0.000000,0.000000,0.000000,0.000000,0.000000,2.000000,20.919019,0.861211,nan
25.720,APPROACH,34.216989,1.745577,34.167870,0.558519,1.994484,-7.392697,0.093925,-69.698683,-58.378962,29.422845,0.250000,-2.352163,-0.078395,0.000000,0.000000,-83.933086,-67.953106,-24.211092,29.981365,2.244484,-9.744860,0.015530,0.000000,0.000000,-77.029553,-58.536174,-56.834140,29.381365,0.786442,-3.921825,-0.028202,0.000000,0.000000,0.000000,1.745577,34.167870,0.558519,34.216989,1.994484,-7.392697,0.093925,7.657595,nan,nan,nan,0,nan,nan,nan,0,nan,nan,nan,nan,nan,nan,nan,nan,nan,nan,nan,nan,nan,nan,nan,nan,nan,nan,nan,nan,nan,nan,nan,nan,nan,nan,nan,nan,nan,nan,nan,nan,nan,nan,nan,nan,nan,nan,nan,nan,nan,nan,nan,nan,nan,nan,nan,nan,nan,nan,2.000000,34.212430,-32.904318,9.369966,7.651738,0.284318,34.214308,-32.904318,9.369966,0.358519,10.000000,0.000000,7.657595,inf,0.000000,1.000000,0.000000,0.000000,0.000000,0.000000,0.000000,0.000000,0.000000,0.000000,0.000000,0.000000,2.000000,21.336109,0.826313,nan
25.780,APPROACH,33.847544,1.842092,33.792695,0.562748,1.930306,-7.503488,0.084569,-69.679933,-58.490320,29.419362,0.375000,-2.227163,-0.069660,0.000000,0.000000,-80.442433,-67.837841,-24.697625,29.982110,2.305306,-9.730651,0.014908,0.000000,0.000000,-76.671687,-58.264700,-56.813597,29.382110,0.815016,-3.916011,-0.024633,0.000000,0.000000,0.000000,1.842092,33.792695,0.562748,33.847544,1.930306,-7.503488,0.084569,7.748262,nan,nan,nan,0,nan,nan,nan,0,nan,nan,nan,nan,nan,nan,nan,nan,nan,nan,nan,nan,nan,nan,nan,nan,nan,nan,nan,nan,nan,nan,nan,nan,nan,nan,nan,nan,nan,nan,nan,nan,nan,nan,nan,nan,nan,nan,nan,nan,nan,nan,nan,nan,nan,nan,nan,nan,nan,nan,2.000000,33.842866,-32.457833,9.582727,7.746377,0.148530,33.844810,-32.457833,9.582727,0.362748,10.000000,-0.000000,7.748262,inf,0.000000,1.000000,0.000000,0.000000,0.000000,0.000000,0.000000,0.000000,0.000000,0.000000,0.000000,0.000000,2.000000,21.751533,0.791120,nan
25.820,APPROACH,33.472803,1.935394,33.412000,0.566557,1.866038,-7.613899,0.076198,-69.654933,-58.595429,29.416268,0.500000,-2.102163,-0.061886,0.000000,0.000000,-76.620786,-67.719539,-25.183428,29.982826,2.366038,-9.716062,0.014312,0.000000,0.000000,-76.313820,-58.014189,-56.789919,29.382826,0.835379,-3.911736,-0.021498,0.000000,0.000000,0.000000,1.935394,33.412000,0.566557,33.472803,1.866038,-7.613899,0.076198,7.839602,nan,nan,nan,0,nan,nan,nan,0,nan,nan,nan,nan,nan,nan,nan,nan,nan,nan,nan,nan,nan,nan,nan,nan,nan,nan,nan,nan,nan,nan,nan,nan,nan,nan,nan,nan,nan,nan,nan,nan,nan,nan,nan,nan,nan,nan,nan,nan,nan,nan,nan,nan,nan,nan,nan,nan,nan,nan,2.000000,33.468007,-32.005386,9.785847,7.839224,0.011577,33.470015,-32.005386,9.785847,0.366557,10.000000,0.000000,7.839602,inf,0.000000,1.000000,0.000000,0.000000,0.000000,0.000000,0.000000,0.000000,0.000000,0.000000,0.000000,0.000000,2.000000,22.165316,0.755628,nan
25.880,APPROACH,33.092766,2.025478,33.025804,0.569991,1.801677,-7.723932,0.068664,-69.623683,-58.694287,29.413522,0.625000,-1.977163,-0.054924,0.000000,0.000000,-72.457759,-67.598205,-25.668483,29.983513,2.426677,-9.701095,0.013740,0.000000,0.000000,-75.955954,-57.755708,-56.756387,29.383513,0.863877,-3.905556,-0.018713,0.000000,0.000000,0.000000,2.025478,33.025804,0.569991,33.092766,1.801677,-7.723932,0.068664,7.931575,nan,nan,nan,0,nan,nan,nan,0,nan,nan,nan,nan,nan,nan,nan,nan,nan,nan,nan,nan,nan,nan,nan,nan,nan,nan,nan,nan,nan,nan,nan,nan,nan,nan,nan,nan,nan,nan,nan,nan,nan,nan,nan,nan,nan,nan,nan,nan,nan,nan,nan,nan,nan,nan,nan,nan,nan,nan,2.000000,33.087857,-31.547127,9.979233,7.930268,-0.126525,33.089926,-31.547127,9.979233,0.369991,10.000000,0.000000,7.931575,inf,0.000000,1.000000,0.000000,0.000000,0.000000,0.000000,0.000000,0.000000,0.000000,0.000000,0.000000,0.000000,2.000000,22.577487,0.719837,nan
25.920,APPROACH,32.707438,2.112339,32.634125,0.573086,1.737222,-7.833586,0.061912,-69.586183,-58.786895,29.411086,0.750000,-1.852163,-0.048722,0.000000,0.000000,-67.955400,-67.473844,-26.152770,29.984172,2.487222,-9.685749,0.013190,0.000000,0.000000,-75.598088,-57.517920,-56.720307,29.384172,0.884183,-3.901020,-0.016266,0.000000,0.000000,0.000000,2.112339,32.634125,0.573086,32.707438,1.737222,-7.833586,0.061912,8.024141,nan,nan,nan,0,nan,nan,nan,0,nan,nan,nan,nan,nan,nan,nan,nan,nan,nan,nan,nan,nan,nan,nan,nan,nan,nan,nan,nan,nan,nan,nan,nan,nan,nan,nan,nan,nan,nan,nan,nan,nan,nan,nan,nan,nan,nan,nan,nan,nan,nan,nan,nan,nan,nan,nan,nan,nan,nan,2.000000,32.702417,-31.083207,10.162790,8.019500,-0.265757,32.704545,-31.083207,10.162790,0.373086,10.000000,0.000000,8.024141,inf,0.000000,1.000000,0.000000,0.000000,0.000000,0.000000,0.000000,0.000000,0.000000,0.000000,0.000000,0.000000,2.000000,22.988071,0.683743,nan
25.980,APPROACH,32.316821,2.195973,32.236981,0.575878,1.672670,-7.942862,0.055830,-69.542433,-58.873253,29.408927,0.875000,-1.727163,-0.043168,0.000000,0.000000,-63.132717,-67.346460,-26.636272,29.984805,2.547670,-9.670025,0.012662,0.000000,0.000000,-75.240221,-57.272774,-56.674805,29.384805,0.912600,-3.894478,-0.014093,0.000000,0.000000,0.000000,2.195973,32.236981,0.575878,32.316821,1.672670,-7.942862,0.055830,8.117265,nan,nan,nan,0,nan,nan,nan,0,nan,nan,nan,nan,nan,nan,nan,nan,nan,nan,nan,nan,nan,nan,nan,nan,nan,nan,nan,nan,nan,nan,nan,nan,nan,nan,nan,nan,nan,nan,nan,nan,nan,nan,nan,nan,nan,nan,nan,nan,nan,nan,nan,nan,nan,nan,nan,nan,nan,nan,2.000000,32.311689,-30.613779,10.336430,8.106908,-0.406103,32.313876,-30.613779,10.336430,0.375878,10.000000,-0.000000,8.117265,inf,0.000000,1.000000,0.000000,0.000000,0.000000,0.000000,0.000000,0.000000,0.000000,0.000000,0.000000,0.000000,2.000000,23.397096,0.647343,nan
26.020,APPROACH,31.920918,2.276374,31.834393,0.578396,1.608018,-8.051761,0.050371,-69.492433,-58.953361,29.407017,1.000000,-1.602163,-0.038215,0.000000,0.000000,-58.029393,-67.216060,-27.118968,29.985413,2.608018,-9.653924,0.012156,0.000000,0.000000,-74.882355,-57.048016,-56.627336,29.385413,0.932848,-3.889685,-0.012193,0.000000,0.000000,0.000000,2.276374,31.834393,0.578396,31.920918,1.608018,-8.051761,0.050371,8.210914,nan,nan,nan,0,nan,nan,nan,0,nan,nan,nan,nan,nan,nan,nan,nan,nan,nan,nan,nan,nan,nan,nan,nan,nan,nan,nan,nan,nan,nan,nan,nan,nan,nan,nan,nan,nan,nan,nan,nan,nan,nan,nan,nan,nan,nan,nan,nan,nan,nan,nan,nan,nan,nan,nan,nan,nan,nan,2.000000,31.915678,-30.138998,10.500062,8.192482,-0.547545,31.917921,-30.138998,10.500062,0.378396,10.000000,0.000000,8.210914,inf,0.000000,1.000000,0.000000,0.000000,0.000000,0.000000,0.000000,0.000000,0.000000,0.000000,0.000000,0.000000,2.000000,23.804589,0.610635,nan
26.080,APPROACH,31.519734,2.353537,31.426379,0.580670,1.543265,-8.160283,0.045472,-69.436183,-59.027219,29.405326,1.125000,-1.477163,-0.033803,0.000000,0.000000,-52.707279,-67.082646,-27.600840,29.985996,2.668265,-9.637446,0.011670,0.000000,0.000000,-74.524489,-56.816499,-56.570898,29.385996,0.961180,-3.882785,-0.010521,0.000000,0.000000,0.000000,2.353537,31.426379,0.580670,31.519734,1.543265,-8.160283,0.045472,8.305056,nan,nan,nan,0,nan,nan,nan,0,nan,nan,nan,nan,nan,nan,nan,nan,nan,nan,nan,nan,nan,nan,nan,nan,nan,nan,nan,nan,nan,nan,nan,nan,nan,nan,nan,nan,nan,nan,nan,nan,nan,nan,nan,nan,nan,nan,nan,nan,nan,nan,nan,nan,nan,nan,nan,nan,nan,nan,2.000000,31.514385,-29.659017,10.653599,8.276213,-0.690066,31.516684,-29.659017,10.653599,0.380670,10.000000,0.000000,8.305056,inf,0.000000,1.000000,0.000000,0.000000,0.000000,0.000000,0.000000,0.000000,0.000000,0.000000,0.000000,0.000000,2.000000,24.210577,0.573614,nan
26.120,APPROACH,31.113272,2.427457,31.012958,0.582723,1.478407,-8.268429,0.041054,-69.373683,-59.094827,29.403834,1.250000,-1.352163,-0.029851,0.000000,0.000000,-47.248320,-66.946226,-28.081870,29.986557,2.728407,-9.620592,0.011203,0.000000,0.000000,-74.166622,-56.605035,-56.513066,29.386557,0.981365,-3.877737,-0.009036,0.000000,0.000000,0.000000,2.427457,31.012958,0.582723,31.113272,1.478407,-8.268429,0.041054,8.399661,nan,nan,nan,0,nan,nan,nan,0,nan,nan,nan,nan,nan,nan,nan,nan,nan,nan,nan,nan,nan,nan,nan,nan,nan,nan,nan,nan,nan,nan,nan,nan,nan,nan,nan,nan,nan,nan,nan,nan,nan,nan,nan,nan,nan,nan,nan,nan,nan,nan,nan,nan,nan,nan,nan,nan,nan,nan,2.000000,31.107814,-29.173993,10.796956,8.358088,-0.833649,31.110168,-29.173993,10.796956,0.382723,10.000000,0.000000,8.399661,inf,0.000000,1.000000,0.000000,0.000000,0.000000,0.000000,0.000000,0.000000,0.000000,0.000000,0.000000,0.000000,2.000000,24.615089,0.536277,nan
26.180,APPROACH,30.701535,2.498129,30.594148,0.584576,1.413444,-8.376200,0.037072,-69.304933,-59.156186,29.402518,1.375000,-1.227163,-0.026318,0.000000,0.000000,-41.748340,-66.806804,-28.562038,29.987094,2.788444,-9.603363,0.010755,0.000000,0.000000,-73.808756,-56.387398,-56.446737,29.387094,1.009608,-3.870482,-0.007725,0.000000,0.000000,0.000000,2.498129,30.594148,0.584576,30.701535,1.413444,-8.376200,0.037072,8.494700,nan,nan,nan,0,nan,nan,nan,0,nan,nan,nan,nan,nan,nan,nan,nan,nan,nan,nan,nan,nan,nan,nan,nan,nan,nan,nan,nan,nan,nan,nan,nan,nan,nan,nan,nan,nan,nan,nan,nan,nan,nan,nan,nan,nan,nan,nan,nan,nan,nan,nan,nan,nan,nan,nan,nan,nan,nan,2.000000,30.695969,-28.684082,10.930050,8.438100,-0.978275,30.698378,-28.684082,10.930050,0.384576,10.000000,0.000000,8.494700,inf,0.000000,1.000000,0.000000,0.000000,0.000000,0.000000,0.000000,0.000000,0.000000,0.000000,0.000000,0.000000,2.000000,25.018153,0.498619,nan
26.220,APPROACH,30.284529,2.565548,30.169968,0.586250,1.348371,-8.483597,0.033473,-69.229933,-59.211294,29.401361,1.500000,-1.102163,-0.023149,0.000000,0.000000,-36.307524,-66.664385,-29.041326,29.987611,2.848371,-9.585759,0.010325,0.000000,0.000000,-73.450889,-56.189444,-56.379578,29.387611,1.029729,-3.865180,-0.006562,0.000000,0.000000,0.000000,2.565548,30.169968,0.586250,30.284529,1.348371,-8.483597,0.033473,8.590148,nan,nan,nan,0,nan,nan,nan,0,nan,nan,nan,nan,nan,nan,nan,nan,nan,nan,nan,nan,nan,nan,nan,nan,nan,nan,nan,nan,nan,nan,nan,nan,nan,nan,nan,nan,nan,nan,nan,nan,nan,nan,nan,nan,nan,nan,nan,nan,nan,nan,nan,nan,nan,nan,nan,nan,nan,nan,2.000000,30.278854,-28.189442,11.052798,8.516238,-1.123927,30.281318,-28.189442,11.052798,0.386250,10.000000,-0.000000,8.590148,inf,0.000000,1.000000,0.000000,0.000000,0.000000,0.000000,0.000000,0.000000,0.000000,0.000000,0.000000,0.000000,2.000000,25.419795,0.460635,nan
26.280,APPROACH,29.862257,2.629707,29.740437,0.587761,1.283187,-8.590619,0.030227,-69.148683,-59.260152,29.400345,1.625000,-0.977163,-0.020315,0.000000,0.000000,-31.019797,-66.518976,-29.519715,29.988106,2.908187,-9.567782,0.009912,0.000000,0.000000,-73.093023,-55.985890,-56.304413,29.388106,1.057879,-3.857572,-0.005538,0.000000,0.000000,0.000000,2.629707,29.740437,0.587761,29.862257,1.283187,-8.590619,0.030227,8.685978,nan,nan,nan,0,nan,nan,nan,0,nan,nan,nan,nan,nan,nan,nan,nan,nan,nan,nan,nan,nan,nan,nan,nan,nan,nan,nan,nan,nan,nan,nan,nan,nan,nan,nan,nan,nan,nan,nan,nan,nan,nan,nan,nan,nan,nan,nan,nan,nan,nan,nan,nan,nan,nan,nan,nan,nan,nan,2.000000,29.856473,-27.690233,11.165122,8.592492,-1.270587,29.858991,-27.690233,11.165122,0.387761,10.000000,0.000000,8.685978,inf,0.000000,1.000000,0.000000,0.000000,0.000000,0.000000,0.000000,0.000000,0.000000,0.000000,0.000000,0.000000,2.000000,25.820046,0.422321,nan
26.320,APPROACH,29.434725,2.690602,29.305574,0.589126,1.217890,-8.697268,0.027292,-69.061183,-59.302760,29.399456,1.750000,-0.852163,-0.017777,0.000000,0.000000,-25.963776,-66.370581,-29.997186,29.988582,2.967890,-9.549431,0.009515,0.000000,0.000000,-72.735157,-55.801620,-56.228972,29.388582,1.077931,-3.852018,-0.004632,0.000000,0.000000,0.000000,2.690602,29.305574,0.589126,29.434725,1.217890,-8.697268,0.027292,8.782168,nan,nan,nan,0,nan,nan,nan,0,nan,nan,nan,nan,nan,nan,nan,nan,nan,nan,nan,nan,nan,nan,nan,nan,nan,nan,nan,nan,nan,nan,nan,nan,nan,nan,nan,nan,nan,nan,nan,nan,nan,nan,nan,nan,nan,nan,nan,nan,nan,nan,nan,nan,nan,nan,nan,nan,nan,nan,2.000000,29.428829,-27.186614,11.266943,8.666852,-1.418238,29.431402,-27.186614,11.266943,0.389126,10.000000,0.000000,8.782168,inf,0.000000,1.000000,0.000000,0.000000,0.000000,0.000000,0.000000,0.000000,0.000000,0.000000,0.000000,0.000000,2.000000,26.218933,0.383672,nan
26.380,APPROACH,29.001937,2.748226,28.865396,0.590358,1.152477,-8.803545,0.024643,-68.967433,-59.339118,29.398681,1.875000,-0.727163,-0.015508,0.000000,0.000000,-21.197298,-66.219208,-30.473722,29.989039,3.027477,-9.530707,0.009134,0.000000,0.000000,-72.377290,-55.612304,-56.146035,29.389039,1.105984,-3.844058,-0.003836,0.000000,0.000000,0.000000,2.748226,28.865396,0.590358,29.001937,1.152477,-8.803545,0.024643,8.878694,nan,nan,nan,0,nan,nan,nan,0,nan,nan,nan,nan,nan,nan,nan,nan,nan,nan,nan,nan,nan,nan,nan,nan,nan,nan,nan,nan,nan,nan,nan,nan,nan,nan,nan,nan,nan,nan,nan,nan,nan,nan,nan,nan,nan,nan,nan,nan,nan,nan,nan,nan,nan,nan,nan,nan,nan,nan,2.000000,28.995928,-26.678746,11.358185,8.739310,-1.566861,28.998556,-26.678746,11.358185,0.390358,10.000000,0.000000,8.878694,inf,0.000000,1.000000,0.000000,0.000000,0.000000,0.000000,0.000000,0.000000,0.000000,0.000000,0.000000,0.000000,2.000000,26.616485,0.344681,nan
26.420,APPROACH,28.563899,2.802573,28.419924,0.591470,1.086946,-8.909449,0.022247,-68.867433,-59.369226,29.398007,2.000000,-0.602163,-0.013478,0.000000,0.000000,-16.756072,-66.064860,-30.949302,29.989477,3.086946,-9.511612,0.008769,0.000000,0.000000,-72.019424,-55.441844,-56.063366,29.389477,1.125965,-3.838254,-0.003134,0.000000,0.000000,0.000000,2.802573,28.419924,0.591470,28.563899,1.086946,-8.909449,0.022247,8.975535,nan,nan,nan,0,nan,nan,nan,0,nan,nan,nan,nan,nan,nan,nan,nan,nan,nan,nan,nan,nan,nan,nan,nan,nan,nan,nan,nan,nan,nan,nan,nan,nan,nan,nan,nan,nan,nan,nan,nan,nan,nan,nan,nan,nan,nan,nan,nan,nan,nan,nan,nan,nan,nan,nan,nan,nan,nan,2.000000,28.557775,-26.166791,11.438775,8.809857,-1.716438,28.560458,-26.166791,11.438775,0.391470,10.000000,0.000000,8.975535,inf,0.000000,1.000000,0.000000,0.000000,0.000000,0.000000,0.000000,0.000000,0.000000,0.000000,0.000000,0.000000,2.000000,27.012731,0.305342,nan
26.480,APPROACH,28.120615,2.853638,27.969175,0.592475,1.021294,-9.014983,0.020083,-68.761183,-59.393084,29.397423,2.125000,-0.477163,-0.011665,0.000000,0.000000,-12.655689,-65.907546,-31.423910,29.989898,3.146294,-9.492146,0.008418,0.000000,0.000000,-71.661558,-55.266876,-55.973725,29.389898,1.153916,-3.829944,-0.002519,0.000000,0.000000,0.000000,2.853638,27.969175,0.592475,28.120615,1.021294,-9.014983,0.020083,9.072671,nan,nan,nan,0,nan,nan,nan,0,nan,nan,nan,nan,nan,nan,nan,nan,nan,nan,nan,nan,nan,nan,nan,nan,nan,nan,nan,nan,nan,nan,nan,nan,nan,nan,nan,nan,nan,nan,nan,nan,nan,nan,nan,nan,nan,nan,nan,nan,nan,nan,nan,nan,nan,nan,nan,nan,nan,nan,2.000000,28.114373,-25.650911,11.508639,8.878483,-1.866952,28.117113,-25.650911,11.508639,0.392475,10.000000,0.000000,9.072671,inf,0.000000,1.000000,0.000000,0.000000,0.000000,0.000000,0.000000,0.000000,0.000000,0.000000,0.000000,0.000000,2.000000,27.407701,0.265651,nan
26.520,APPROACH,27.672092,2.901414,27.513167,0.593381,0.955520,-9.120146,0.018126,-68.648683,-59.410693,29.396921,2.250000,-0.352163,-0.010044,0.000000,0.000000,-8.895582,-65.747270,-31.897525,29.990302,3.205520,-9.472309,0.008082,0.000000,0.000000,-71.303691,-55.110305,-55.884885,29.390302,1.173824,-3.823890,-0.001978,0.000000,0.000000,0.000000,2.901414,27.513167,0.593381,27.672092,0.955520,-9.120146,0.018126,9.170083,nan,nan,nan,0,nan,nan,nan,0,nan,nan,nan,nan,nan,nan,nan,nan,nan,nan,nan,nan,nan,nan,nan,nan,nan,nan,nan,nan,nan,nan,nan,nan,nan,nan,nan,nan,nan,nan,nan,nan,nan,nan,nan,nan,nan,nan,nan,nan,nan,nan,nan,nan,nan,nan,nan,nan,nan,nan,2.000000,27.665729,-25.131269,11.567709,8.945179,-2.018383,27.668526,-25.131269,11.567709,0.393381,10.000000,0.000000,9.170083,inf,0.000000,1.000000,0.000000,0.000000,0.000000,0.000000,0.000000,0.000000,0.000000,0.000000,0.000000,0.000000,2.000000,27.801424,0.225598,nan
26.580,APPROACH,27.218335,2.945895,27.051920,0.594199,0.889620,-9.224940,0.016357,-68.529933,-59.422051,29.396491,2.375000,-0.227163,-0.008598,0.000000,0.000000,-5.463578,-65.584039,-32.370130,29.990690,3.264620,-9.452103,0.007758,0.000000,0.000000,-70.945825,-54.949747,-55.789616,29.390690,1.201668,-3.815231,-0.001507,0.000000,0.000000,0.000000,2.945895,27.051920,0.594199,27.218335,0.889620,-9.224940,0.016357,9.267751,nan,nan,nan,0,nan,nan,nan,0,nan,nan,nan,nan,nan,nan,nan,nan,nan,nan,nan,nan,nan,nan,nan,nan,nan,nan,nan,nan,nan,nan,nan,nan,nan,nan,nan,nan,nan,nan,nan,nan,nan,nan,nan,nan,nan,nan,nan,nan,nan,nan,nan,nan,nan,nan,nan,nan,nan,nan,2.000000,27.211848,-24.608032,11.615915,9.009936,-2.170714,27.214704,-24.608032,11.615915,0.394199,10.000000,0.000000,9.267751,inf,0.000000,1.000000,0.000000,0.000000,0.000000,0.000000,0.000000,0.000000,0.000000,0.000000,0.000000,0.000000,2.000000,28.193930,0.185179,nan
26.620,APPROACH,26.759350,2.987074,26.585452,0.594936,0.823594,-9.329365,0.014756,-68.404933,-59.427159,29.396126,2.500000,-0.102163,-0.007308,0.000000,0.000000,-2.340098,-65.417859,-32.841707,29.991062,3.323594,-9.431528,0.007448,0.000000,0.000000,-70.587958,-54.807099,-55.695667,29.391062,1.221498,-3.808929,-0.001098,0.000000,0.000000,0.000000,2.987074,26.585452,0.594936,26.759350,0.823594,-9.329365,0.014756,9.365660,nan,nan,nan,0,nan,nan,nan,0,nan,nan,nan,nan,nan,nan,nan,nan,nan,nan,nan,nan,nan,nan,nan,nan,nan,nan,nan,nan,nan,nan,nan,nan,nan,nan,nan,nan,nan,nan,nan,nan,nan,nan,nan,nan,nan,nan,nan,nan,nan,nan,nan,nan,nan,nan,nan,nan,nan,nan,2.000000,26.752736,-24.081362,11.653191,9.072746,-2.323927,26.755651,-24.081362,11.653191,0.394936,10.000000,0.000000,9.365660,inf,0.000000,1.000000,0.000000,0.000000,0.000000,0.000000,0.000000,0.000000,0.000000,0.000000,0.000000,0.000000,2.000000,28.585249,0.144385,nan
26.680,APPROACH,26.295144,3.024946,26.113781,0.595602,0.757437,-9.433423,0.013312,-68.273683,-59.426017,29.395818,2.625000,0.022837,-0.006162,0.000000,0.000000,0.498453,-65.248737,-33.312236,29.991420,3.382437,-9.410585,0.007150,0.000000,0.000000,-70.230092,-54.660966,-55.595845,29.391420,1.249233,-3.799923,-0.000741,0.000000,0.000000,0.000000,3.024946,26.113781,0.595602,26.295144,0.757437,-9.433423,0.013312,9.463792,nan,nan,nan,0,nan,nan,nan,0,nan,nan,nan,nan,nan,nan,nan,nan,nan,nan,nan,nan,nan,nan,nan,nan,nan,nan,nan,nan,nan,nan,nan,nan,nan,nan,nan,nan,nan,nan,nan,nan,nan,nan,nan,nan,nan,nan,nan,nan,nan,nan,nan,nan,nan,nan,nan,nan,nan,nan,2.000000,26.288398,-23.551428,11.679474,9.133601,-2.478003,26.291374,-23.551428,11.679474,0.395602,10.000000,0.000000,9.463792,inf,0.000000,1.000000,0.000000,0.000000,0.000000,0.000000,0.000000,0.000000,0.000000,0.000000,0.000000,0.000000,2.000000,28.975410,0.103208,nan
26.720,APPROACH,25.825723,3.059504,25.636925,0.596202,0.691149,-9.537113,0.012003,-68.136183,-59.418625,29.395561,2.750000,0.147837,-0.005139,0.000000,0.000000,3.077200,-65.076680,-33.781700,29.991763,3.441149,-9.389276,0.006864,0.000000,0.000000,-69.872226,-54.532227,-55.497850,29.391763,1.268983,-3.793374,-0.000430,0.000000,0.000000,0.000000,3.059504,25.636925,0.596202,25.825723,0.691149,-9.537113,0.012003,9.562131,nan,nan,nan,0,nan,nan,nan,0,nan,nan,nan,nan,nan,nan,nan,nan,nan,nan,nan,nan,nan,nan,nan,nan,nan,nan,nan,nan,nan,nan,nan,nan,nan,nan,nan,nan,nan,nan,nan,nan,nan,nan,nan,nan,nan,nan,nan,nan,nan,nan,nan,nan,nan,nan,nan,nan,nan,nan,2.000000,25.818840,-23.018395,11.694700,9.192492,-2.632924,25.821880,-23.018395,11.694700,0.396202,10.000000,0.000000,9.562131,inf,0.000000,1.000000,0.000000,0.000000,0.000000,0.000000,0.000000,0.000000,0.000000,0.000000,0.000000,0.000000,2.000000,29.364445,0.061641,nan
26.780,APPROACH,25.351094,3.090740,25.154904,0.596743,0.624726,-9.640436,0.010818,-67.992433,-59.404983,29.395349,2.875000,0.272837,-0.004228,0.000000,0.000000,5.421127,-64.901693,-34.250080,29.992093,3.499726,-9.367599,0.006590,0.000000,0.000000,-69.514359,-54.400485,-55.394554,29.392093,1.296602,-3.784022,-0.000160,0.000000,0.000000,0.000000,3.090740,25.154904,0.596743,25.351094,0.624726,-9.640436,0.010818,9.660663,nan,nan,nan,0,nan,nan,nan,0,nan,nan,nan,nan,nan,nan,nan,nan,nan,nan,nan,nan,nan,nan,nan,nan,nan,nan,nan,nan,nan,nan,nan,nan,nan,nan,nan,nan,nan,nan,nan,nan,nan,nan,nan,nan,nan,nan,nan,nan,nan,nan,nan,nan,nan,nan,nan,nan,nan,nan,2.000000,25.344069,-22.482431,11.698809,9.249412,-2.788670,25.347174,-22.482431,11.698809,0.396743,10.000000,0.000000,9.660663,inf,0.000000,1.000000,0.000000,0.000000,0.000000,0.000000,0.000000,0.000000,0.000000,0.000000,0.000000,0.000000,2.000000,29.752384,0.019673,nan
26.820,APPROACH,24.871263,3.118648,24.667734,0.597230,0.558167,-9.743395,0.009743,-67.842433,-59.385091,29.395179,3.000000,0.397837,-0.003417,0.000000,0.000000,7.554054,-64.723785,-34.717358,29.992409,3.558167,-9.345558,0.006326,0.000000,0.000000,-69.156493,-54.285597,-55.293576,29.392409,1.316269,-3.777226,0.000074,0.000000,0.000000,0.000000,3.118648,24.667734,0.597230,24.871263,0.558167,-9.743395,0.009743,9.759374,nan,nan,nan,0,nan,nan,nan,0,nan,nan,nan,nan,nan,nan,nan,nan,nan,nan,nan,nan,nan,nan,nan,nan,nan,nan,nan,nan,nan,nan,nan,nan,nan,nan,nan,nan,nan,nan,nan,nan,nan,nan,nan,nan,nan,nan,nan,nan,nan,nan,nan,nan,nan,nan,nan,nan,nan,nan,2.000000,24.864092,-21.943706,11.691743,9.304351,-2.945224,24.867265,-21.943706,11.691743,0.397230,10.000000,-0.000000,9.759374,inf,0.000000,1.000000,0.000000,0.000000,0.000000,0.000000,0.000000,0.000000,0.000000,0.000000,0.000000,0.000000,2.000000,30.139259,-0.022704,nan
26.880,APPROACH,24.386240,3.143222,24.175434,0.597669,0.491469,-9.845988,0.008769,-67.686183,-59.358950,29.395044,3.125000,0.522837,-0.002696,0.000000,0.000000,9.498065,-64.542961,-35.183515,29.992713,3.616469,-9.323151,0.006073,0.000000,0.000000,-68.798626,-54.168165,-55.187882,29.392713,1.343770,-3.767530,0.000275,0.000000,0.000000,0.000000,3.143222,24.175434,0.597669,24.386240,0.491469,-9.845988,0.008769,9.858251,nan,nan,nan,0,nan,nan,nan,0,nan,nan,nan,nan,nan,nan,nan,nan,nan,nan,nan,nan,nan,nan,nan,nan,nan,nan,nan,nan,nan,nan,nan,nan,nan,nan,nan,nan,nan,nan,nan,nan,nan,nan,nan,nan,nan,nan,nan,nan,nan,nan,nan,nan,nan,nan,nan,nan,nan,nan,2.000000,24.378915,-21.402387,11.673445,9.357302,-3.102567,24.382158,-21.402387,11.673445,0.397669,10.000000,0.000000,9.858251,inf,0.000000,1.000000,0.000000,0.000000,0.000000,0.000000,0.000000,0.000000,0.000000,0.000000,0.000000,0.000000,2.000000,30.525100,-0.065501,nan
26.920,APPROACH,23.896030,3.164453,23.678024,0.598063,0.424630,-9.948218,0.007886,-67.523683,-59.326558,29.394941,3.250000,0.647837,-0.002056,0.000000,0.000000,11.273264,-64.359230,-35.648534,29.993004,3.674630,-9.300381,0.005830,0.000000,0.000000,-68.440760,-54.015077,-55.216448,29.393004,1.363350,-3.760489,0.000449,0.000000,0.000000,0.000000,3.164453,23.678024,0.598063,23.896030,0.424630,-9.948218,0.007886,9.957280,nan,nan,nan,0,nan,nan,nan,0,nan,nan,nan,nan,nan,nan,nan,nan,nan,nan,nan,nan,nan,nan,nan,nan,nan,nan,nan,nan,nan,nan,nan,nan,nan,nan,nan,nan,nan,nan,nan,nan,nan,nan,nan,nan,nan,nan,nan,nan,nan,nan,nan,nan,nan,nan,nan,nan,nan,nan,2.000000,23.888545,-20.858645,11.643860,9.408258,-3.260680,23.891861,-20.858645,11.643860,0.398063,10.000000,0.000000,9.957280,inf,0.000000,1.000000,0.000000,0.000000,0.000000,0.000000,0.000000,0.000000,0.000000,0.000000,0.000000,0.000000,2.000000,30.909939,-0.108727,nan
26.980,APPROACH,23.400642,3.182336,23.175519,0.598417,0.357648,-10.050086,0.007085,-67.354933,-59.287916,29.394867,3.375000,0.772837,-0.001488,0.000000,0.000000,12.897725,-64.172598,-36.112397,29.993284,3.732648,-9.277249,0.005597,0.000000,0.000000,-68.082894,-53.707207,-55.615634,29.393284,1.390727,-3.750450,0.000598,0.000000,0.000000,0.000000,3.182336,23.175519,0.598417,23.400642,0.357648,-10.050086,0.007085,10.056450,nan,nan,nan,0,nan,nan,nan,0,nan,nan,nan,nan,nan,nan,nan,nan,nan,nan,nan,nan,nan,nan,nan,nan,nan,nan,nan,nan,nan,nan,nan,nan,nan,nan,nan,nan,nan,nan,nan,nan,nan,nan,nan,nan,nan,nan,nan,nan,nan,nan,nan,nan,nan,nan,nan,nan,nan,nan,2.000000,23.392989,-20.312651,11.602937,9.457212,-3.419544,23.396382,-20.312651,11.602937,0.398417,10.000000,-0.000000,10.056450,inf,0.000000,1.000000,0.000000,0.000000,0.000000,0.000000,0.000000,0.000000,0.000000,0.000000,0.000000,0.000000,2.000000,31.293808,-0.152395,nan
27.020,APPROACH,22.912040,3.196862,22.680017,0.598735,0.290520,-9.910041,0.006358,-67.179933,-59.255101,29.394817,3.500000,0.656287,-0.000985,0.000000,0.000000,10.620248,-63.983072,-36.575084,29.993553,3.790520,-9.253754,0.005373,0.000000,0.000000,-67.725027,-53.407057,-56.017076,29.393553,1.410218,-3.743165,0.000725,0.000000,0.000000,0.000000,3.196862,22.680017,0.598735,22.912040,0.290520,-9.910041,0.006358,9.914301,nan,nan,nan,0,nan,nan,nan,0,nan,nan,nan,nan,nan,nan,nan,nan,nan,nan,nan,nan,nan,nan,nan,nan,nan,nan,nan,nan,nan,nan,nan,nan,nan,nan,nan,nan,nan,nan,nan,nan,nan,nan,nan,nan,nan,nan,nan,nan,nan,nan,nan,nan,nan,nan,nan,nan,nan,nan,2.000000,22.904216,-19.775753,11.555203,9.280630,-3.487581,22.907686,-19.775753,11.555203,0.398735,10.000000,0.000000,9.914301,inf,0.000000,1.000000,0.000000,0.000000,0.000000,0.000000,0.000000,0.000000,0.000000,0.000000,0.000000,0.000000,2.000000,31.671145,-0.159307,nan
27.080,APPROACH,22.430632,3.208024,22.191958,0.599020,0.223244,-9.761186,0.005698,-66.998683,-59.228537,29.394790,3.625000,0.531287,-0.000540,0.000000,0.000000,8.338024,-63.790659,-37.036579,29.993810,3.848244,-9.229898,0.005158,0.000000,0.000000,-67.367161,-53.097228,-56.413724,29.393810,1.437468,-3.732785,0.000833,0.000000,0.000000,0.000000,3.208024,22.191958,0.599020,22.430632,0.223244,-9.761186,0.005698,9.763740,nan,nan,nan,0,nan,nan,nan,0,nan,nan,nan,nan,nan,nan,nan,nan,nan,nan,nan,nan,nan,nan,nan,nan,nan,nan,nan,nan,nan,nan,nan,nan,nan,nan,nan,nan,nan,nan,nan,nan,nan,nan,nan,nan,nan,nan,nan,nan,nan,nan,nan,nan,nan,nan,nan,nan,nan,nan,2.000000,22.422632,-19.248425,11.500980,9.095384,-3.550290,22.426182,-19.248425,11.500980,0.399020,10.000000,0.000000,9.763740,inf,0.000000,1.000000,0.000000,0.000000,0.000000,0.000000,0.000000,0.000000,0.000000,0.000000,0.000000,0.000000,2.000000,32.041591,-0.164902,nan
27.120,APPROACH,21.956405,3.215815,21.711359,0.599275,0.155818,-9.611970,0.005099,-66.811183,-59.208223,29.394783,3.750000,0.406287,-0.000147,0.000000,0.000000,6.183496,-63.595368,-37.496863,29.994058,3.905818,-9.205682,0.004952,0.000000,0.000000,-67.009295,-52.794526,-56.812529,29.394058,1.456866,-3.725257,0.000923,0.000000,0.000000,0.000000,3.215815,21.711359,0.599275,21.956405,0.155818,-9.611970,0.005099,9.613234,nan,nan,nan,0,nan,nan,nan,0,nan,nan,nan,nan,nan,nan,nan,nan,nan,nan,nan,nan,nan,nan,nan,nan,nan,nan,nan,nan,nan,nan,nan,nan,nan,nan,nan,nan,nan,nan,nan,nan,nan,nan,nan,nan,nan,nan,nan,nan,nan,nan,nan,nan,nan,nan,nan,nan,nan,nan,2.000000,21.948225,-18.730749,11.440439,8.909334,-3.610819,21.951857,-18.730749,11.440439,0.399275,10.000000,0.000000,9.613234,inf,0.000000,1.000000,0.000000,0.000000,0.000000,0.000000,0.000000,0.000000,0.000000,0.000000,0.000000,0.000000,2.000000,32.404992,-0.170495,nan
27.180,APPROACH,21.489348,3.220227,21.238240,0.599503,0.088240,-9.462395,0.004556,-66.617433,-59.194158,29.394793,3.875000,0.281287,0.000198,0.000000,0.000000,4.151837,-63.397206,-37.955919,29.994296,3.963240,-9.181107,0.004754,0.000000,0.000000,-66.651428,-52.482567,-57.206611,29.394296,1.483984,-3.714538,0.000998,0.000000,0.000000,0.000000,3.220227,21.238240,0.599503,21.489348,0.088240,-9.462395,0.004556,9.462807,nan,nan,nan,0,nan,nan,nan,0,nan,nan,nan,nan,nan,nan,nan,nan,nan,nan,nan,nan,nan,nan,nan,nan,nan,nan,nan,nan,nan,nan,nan,nan,nan,nan,nan,nan,nan,nan,nan,nan,nan,nan,nan,nan,nan,nan,nan,nan,nan,nan,nan,nan,nan,nan,nan,nan,nan,nan,2.000000,21.480984,-18.222803,11.373748,8.722498,-3.669160,21.484699,-18.222803,11.373748,0.399503,10.000000,0.000000,9.462807,inf,0.000000,1.000000,0.000000,0.000000,0.000000,0.000000,0.000000,0.000000,0.000000,0.000000,0.000000,0.000000,2.000000,32.761202,-0.176122,nan
27.220,APPROACH,21.029449,3.221252,20.772617,0.599706,0.020507,-9.312462,0.004062,-66.417433,-59.186344,29.394818,4.000000,0.156287,0.000501,0.000000,0.000000,2.237515,-63.196181,-38.413727,29.994524,4.020507,-9.156174,0.004563,0.000000,0.000000,-66.293562,-52.177190,-57.602754,29.394524,1.503286,-3.706768,0.001060,0.000000,0.000000,0.000000,3.221252,20.772617,0.599706,21.029449,0.020507,-9.312462,0.004062,9.312485,nan,nan,nan,0,nan,nan,nan,0,nan,nan,nan,nan,nan,nan,nan,nan,nan,nan,nan,nan,nan,nan,nan,nan,nan,nan,nan,nan,nan,nan,nan,nan,nan,nan,nan,nan,nan,nan,nan,nan,nan,nan,nan,nan,nan,nan,nan,nan,nan,nan,nan,nan,nan,nan,nan,nan,nan,nan,2.000000,21.020896,-17.724663,11.301079,8.534897,-3.725305,21.024696,-17.724663,11.301079,0.399706,10.000000,-0.000000,9.312485,inf,0.000000,1.000000,0.000000,0.000000,0.000000,0.000000,0.000000,0.000000,0.000000,0.000000,0.000000,0.000000,2.000000,33.110086,-0.181818,nan
27.280,APPROACH,20.576693,3.218883,20.314508,0.599887,-0.047383,-9.162171,0.003615,-66.211183,-59.184780,29.394856,4.125000,0.031287,0.000766,0.000000,0.000000,0.434571,-62.992300,-38.870272,29.994743,4.077617,-9.130884,0.004381,0.000000,0.000000,-65.935695,-51.862957,-57.994248,29.394743,1.530268,-3.695711,0.001110,0.000000,0.000000,0.000000,3.218883,20.314508,0.599887,20.576693,-0.047383,-9.162171,0.003615,9.162295,nan,nan,nan,0,nan,nan,nan,0,nan,nan,nan,nan,nan,nan,nan,nan,nan,nan,nan,nan,nan,nan,nan,nan,nan,nan,nan,nan,nan,nan,nan,nan,nan,nan,nan,nan,nan,nan,nan,nan,nan,nan,nan,nan,nan,nan,nan,nan,nan,nan,nan,nan,nan,nan,nan,nan,nan,nan,2.000000,20.567947,-17.236404,11.222603,8.346551,-3.779247,20.571834,-17.236404,11.222603,0.399887,10.000000,0.000000,9.162295,inf,0.000000,1.000000,0.000000,0.000000,0.000000,0.000000,0.000000,0.000000,0.000000,0.000000,0.000000,0.000000,2.000000,33.451518,-0.187611,nan
27.320,APPROACH,20.131069,3.213111,19.863932,0.600047,-0.115432,-9.011525,0.003209,-65.998683,-59.189465,29.394906,4.250000,-0.093713,0.000997,0.000000,0.000000,-1.263167,-62.785572,-39.325533,29.994953,4.134568,-9.105237,0.004206,0.000000,0.000000,-65.577829,-51.554783,-58.387699,29.394953,1.549472,-3.687700,0.001150,0.000000,0.000000,0.000000,3.213111,19.863932,0.600047,20.131069,-0.115432,-9.011525,0.003209,9.012265,nan,nan,nan,0,nan,nan,nan,0,nan,nan,nan,nan,nan,nan,nan,nan,nan,nan,nan,nan,nan,nan,nan,nan,nan,nan,nan,nan,nan,nan,nan,nan,nan,nan,nan,nan,nan,nan,nan,nan,nan,nan,nan,nan,nan,nan,nan,nan,nan,nan,nan,nan,nan,nan,nan,nan,nan,nan,2.000000,20.122124,-16.758099,11.138492,8.157481,-3.830980,20.126100,-16.758099,11.138492,0.400047,10.000000,0.000000,9.012265,inf,0.000000,1.000000,0.000000,0.000000,0.000000,0.000000,0.000000,0.000000,0.000000,0.000000,0.000000,0.000000,2.000000,33.785380,-0.193528,nan
27.380,TRACKING,19.692561,3.203929,19.420906,0.600189,-0.183642,-8.860523,0.002840,-65.779933,-59.200401,29.394966,4.375000,-0.218713,0.001197,0.000000,0.000000,-2.861916,-62.576004,-39.779495,29.995155,4.191358,-9.079236,0.004037,0.000000,0.000000,-65.219963,-62.576004,-39.779495,29.395155,1.657867,-3.784162,0.003674,0.000000,0.000000,0.000000,3.203929,19.420906,0.600189,19.692561,-0.183642,-8.860523,0.002840,8.862426,nan,nan,nan,0,nan,nan,nan,0,nan,nan,nan,nan,nan,nan,nan,nan,nan,nan,nan,nan,nan,nan,nan,nan,nan,nan,nan,nan,nan,nan,nan,nan,nan,nan,nan,nan,nan,nan,nan,nan,nan,nan,nan,nan,nan,nan,nan,nan,nan,nan,nan,nan,nan,nan,nan,nan,nan,nan,3.000000,19.683413,-16.289817,11.048919,7.967707,-3.880495,19.687480,-16.289817,11.048919,0.400189,10.000000,0.000000,8.862426,inf,1.000000,1.000000,0.000000,0.000000,0.000000,0.000000,0.000000,0.000000,0.000000,0.000000,0.000000,0.000000,2.000000,34.111560,-0.199592,nan
27.420,TRACKING,19.251413,3.184999,18.976629,0.600190,-0.378607,-8.885523,0.000013,-65.554933,-59.205086,29.395159,4.500000,-0.093713,0.003863,0.000000,0.000000,-1.193012,-62.369934,-40.228457,29.995349,4.121393,-8.979236,0.003876,0.000000,0.000000,-65.345280,-62.369934,-40.228457,29.395349,1.757867,-3.884162,0.003965,0.000000,0.000000,0.000000,3.184999,18.976629,0.600190,19.251413,-0.378607,-8.885523,0.000013,8.893586,nan,nan,nan,0,nan,nan,nan,0,nan,nan,nan,nan,nan,nan,nan,nan,nan,nan,nan,nan,nan,nan,nan,nan,nan,nan,nan,nan,nan,nan,nan,nan,nan,nan,nan,nan,nan,nan,nan,nan,nan,nan,nan,nan,nan,nan,nan,nan,nan,nan,nan,nan,nan,nan,nan,nan,nan,nan,3.000000,19.242055,-15.918066,10.810730,7.917567,-4.050680,19.246216,-15.918066,10.810730,0.400190,9.879906,-0.000000,8.893586,inf,1.000000,1.000000,0.000000,0.000000,0.000000,0.000000,0.000000,0.000000,0.000000,0.000000,0.000000,0.000000,2.000000,34.429847,-0.234367,nan
27.480,TRACKING,18.808622,3.162636,18.531103,0.600168,-0.447257,-8.910523,-0.000433,-65.323683,-59.203522,29.395367,4.625000,0.031287,0.004154,0.000000,0.000000,0.387592,-62.161047,-40.672419,29.995535,4.177743,-8.879236,0.003721,0.000000,0.000000,-64.802686,-62.161047,-40.672419,29.395535,1.907867,-4.034162,0.003871,0.000000,0.000000,0.000000,3.162636,18.531103,0.600168,18.808622,-0.447257,-8.910523,-0.000433,8.921741,nan,nan,nan,0,nan,nan,nan,0,nan,nan,nan,nan,nan,nan,nan,nan,nan,nan,nan,nan,nan,nan,nan,nan,nan,nan,nan,nan,nan,nan,nan,nan,nan,nan,nan,nan,nan,nan,nan,nan,nan,nan,nan,nan,nan,nan,nan,nan,nan,nan,nan,nan,nan,nan,nan,nan,nan,nan,3.000000,18.799044,-15.421363,10.751076,7.872246,-4.198238,18.803303,-15.421363,10.751076,0.400168,9.812969,0.000000,8.921741,inf,1.000000,1.000000,0.000000,0.000000,0.000000,0.000000,0.000000,0.000000,0.000000,0.000000,0.000000,0.000000,2.000000,34.743059,-0.268778,nan
27.520,TRACKING,18.364160,3.136769,18.084327,0.600145,-0.517340,-8.935523,-0.000467,-65.086183,-59.195708,29.395569,4.750000,0.156287,0.004039,0.000000,0.000000,1.884502,-61.949414,-41.111381,29.995713,4.232660,-8.779236,0.003572,0.000000,0.000000,-64.260277,-61.949414,-41.111381,29.395713,2.007867,-4.134162,0.003716,0.000000,0.000000,0.000000,3.136769,18.084327,0.600145,18.364160,-0.517340,-8.935523,-0.000467,8.950487,nan,nan,nan,0,nan,nan,nan,0,nan,nan,nan,nan,nan,nan,nan,nan,nan,nan,nan,nan,nan,nan,nan,nan,nan,nan,nan,nan,nan,nan,nan,nan,nan,nan,nan,nan,nan,nan,nan,nan,nan,nan,nan,nan,nan,nan,nan,nan,nan,nan,nan,nan,nan,nan,nan,nan,nan,nan,3.000000,18.354351,-14.927683,10.679255,7.824234,-4.346560,18.358712,-14.927683,10.679255,0.400145,9.746301,-0.000000,8.950487,inf,1.000000,1.000000,0.000000,0.000000,0.000000,0.000000,0.000000,0.000000,0.000000,0.000000,0.000000,0.000000,2.000000,35.051243,-0.302844,nan
27.580,TRACKING,17.916897,3.107327,17.635180,0.600123,-0.588843,-8.982946,-0.000431,-64.842433,-59.181643,29.395762,4.875000,0.281287,0.003861,0.000000,0.000000,3.302305,-61.735106,-41.546464,29.995885,4.286157,-8.701659,0.003429,0.000000,0.000000,-63.776628,-61.735106,-41.546464,29.395885,2.157867,-4.284162,0.003557,0.000000,0.000000,0.000000,3.107327,17.635180,0.600123,17.916897,-0.588843,-8.982946,-0.000431,9.002225,nan,nan,nan,0,nan,nan,nan,0,nan,nan,nan,nan,nan,nan,nan,nan,nan,nan,nan,nan,nan,nan,nan,nan,nan,nan,nan,nan,nan,nan,nan,nan,nan,nan,nan,nan,nan,nan,nan,nan,nan,nan,nan,nan,nan,nan,nan,nan,nan,nan,nan,nan,nan,nan,nan,nan,nan,nan,3.000000,17.906844,-14.447095,10.580004,7.798212,-4.497549,17.911313,-14.447095,10.580004,0.400123,9.700000,0.000000,9.002225,inf,1.000000,1.000000,0.000000,0.000000,0.000000,0.000000,0.000000,0.000000,0.000000,0.000000,0.000000,0.000000,2.000000,35.355496,-0.336729,nan
27.620,TRACKING,17.464274,3.074258,17.181085,0.600104,-0.661377,-9.081906,-0.000388,-64.592433,-59.161329,29.395946,5.000000,0.406287,0.003680,0.000000,0.000000,4.645505,-61.518175,-41.980244,29.996050,4.338623,-8.675618,0.003292,0.000000,0.000000,-63.430651,-61.518175,-41.980244,29.396050,2.257867,-4.384162,0.003403,0.000000,0.000000,0.000000,3.074258,17.181085,0.600104,17.464274,-0.661377,-9.081906,-0.000388,9.105956,nan,nan,nan,0,nan,nan,nan,0,nan,nan,nan,nan,nan,nan,nan,nan,nan,nan,nan,nan,nan,nan,nan,nan,nan,nan,nan,nan,nan,nan,nan,nan,nan,nan,nan,nan,nan,nan,nan,nan,nan,nan,nan,nan,nan,nan,nan,nan,nan,nan,nan,nan,nan,nan,nan,nan,nan,nan,3.000000,17.453960,-13.991597,10.434364,7.826978,-4.653693,17.458545,-13.991597,10.434364,0.400104,9.700000,0.000000,9.105956,inf,1.000000,1.000000,0.000000,0.000000,0.000000,0.000000,0.000000,0.000000,0.000000,0.000000,0.000000,0.000000,2.000000,35.658277,-0.370781,nan
27.680,TRACKING,17.006294,3.037555,16.722057,0.600086,-0.734064,-9.180547,-0.000347,-64.336183,-59.134765,29.396121,5.125000,0.531287,0.003507,0.000000,0.000000,5.918475,-61.298628,-42.412707,29.996208,4.390936,-8.649259,0.003160,0.000000,0.000000,-63.084640,-61.298628,-42.412707,29.396208,2.407867,-4.534162,0.003257,0.000000,0.000000,0.000000,3.037555,16.722057,0.600086,17.006294,-0.734064,-9.180547,-0.000347,9.209847,nan,nan,nan,0,nan,nan,nan,0,nan,nan,nan,nan,nan,nan,nan,nan,nan,nan,nan,nan,nan,nan,nan,nan,nan,nan,nan,nan,nan,nan,nan,nan,nan,nan,nan,nan,nan,nan,nan,nan,nan,nan,nan,nan,nan,nan,nan,nan,nan,nan,nan,nan,nan,nan,nan,nan,nan,nan,3.000000,16.995703,-13.535639,10.278152,7.853783,-4.810340,17.000412,-13.535639,10.278152,0.400086,9.700000,0.000000,9.209847,inf,1.000000,1.000000,0.000000,0.000000,0.000000,0.000000,0.000000,0.000000,0.000000,0.000000,0.000000,0.000000,2.000000,35.959623,-0.405015,nan
27.720,TRACKING,16.542963,2.997209,16.258114,0.600071,-0.806906,-9.278869,-0.000309,-64.073683,-59.101950,29.396288,5.250000,0.656287,0.003343,0.000000,0.000000,7.125419,-61.076474,-42.843837,29.996359,4.443094,-8.622582,0.003034,0.000000,0.000000,-62.738595,-61.076474,-42.843837,29.396359,2.507867,-4.634162,0.003117,0.000000,0.000000,0.000000,2.997209,16.258114,0.600071,16.542963,-0.806906,-9.278869,-0.000309,9.313888,nan,nan,nan,0,nan,nan,nan,0,nan,nan,nan,nan,nan,nan,nan,nan,nan,nan,nan,nan,nan,nan,nan,nan,nan,nan,nan,nan,nan,nan,nan,nan,nan,nan,nan,nan,nan,nan,nan,nan,nan,nan,nan,nan,nan,nan,nan,nan,nan,nan,nan,nan,nan,nan,nan,nan,nan,nan,3.000000,16.532076,-13.079385,10.111341,7.878624,-4.967474,16.536916,-13.079385,10.111341,0.400071,9.700000,0.000000,9.313888,inf,1.000000,1.000000,0.000000,0.000000,0.000000,0.000000,0.000000,0.000000,0.000000,0.000000,0.000000,0.000000,2.000000,36.259570,-0.439445,nan
27.780,TRACKING,16.074283,2.953214,15.789270,0.600057,-0.879906,-9.376875,-0.000275,-63.804933,-59.062886,29.396448,5.375000,0.781287,0.003188,0.000000,0.000000,8.270353,-60.851719,-43.273616,29.996505,4.495094,-8.595588,0.002913,0.000000,0.000000,-62.392516,-60.851719,-43.273616,29.396505,2.657867,-4.784162,0.002984,0.000000,0.000000,0.000000,2.953214,15.789270,0.600057,16.074283,-0.879906,-9.376875,-0.000275,9.418069,nan,nan,nan,0,nan,nan,nan,0,nan,nan,nan,nan,nan,nan,nan,nan,nan,nan,nan,nan,nan,nan,nan,nan,nan,nan,nan,nan,nan,nan,nan,nan,nan,nan,nan,nan,nan,nan,nan,nan,nan,nan,nan,nan,nan,nan,nan,nan,nan,nan,nan,nan,nan,nan,nan,nan,nan,nan,3.000000,16.063079,-12.622998,9.933904,7.901494,-5.125077,16.068060,-12.622998,9.933904,0.400057,9.700000,0.000000,9.418069,inf,1.000000,1.000000,0.000000,0.000000,0.000000,0.000000,0.000000,0.000000,0.000000,0.000000,0.000000,0.000000,2.000000,36.558156,-0.474085,nan
27.820,TRACKING,15.600261,2.905561,15.315542,0.600045,-0.953064,-9.474565,-0.000245,-63.529933,-59.017572,29.396600,5.500000,0.906287,0.003041,0.000000,0.000000,9.357088,-60.624372,-43.702030,29.996645,4.546936,-8.568277,0.002796,0.000000,0.000000,-62.046406,-60.624372,-43.702030,29.396645,2.757867,-4.884162,0.002856,0.000000,0.000000,0.000000,2.905561,15.315542,0.600045,15.600261,-0.953064,-9.474565,-0.000245,9.522379,nan,nan,nan,0,nan,nan,nan,0,nan,nan,nan,nan,nan,nan,nan,nan,nan,nan,nan,nan,nan,nan,nan,nan,nan,nan,nan,nan,nan,nan,nan,nan,nan,nan,nan,nan,nan,nan,nan,nan,nan,nan,nan,nan,nan,nan,nan,nan,nan,nan,nan,nan,nan,nan,nan,nan,nan,nan,3.000000,15.588717,-12.166640,9.745818,7.922389,-5.283129,15.593849,-12.166640,9.745818,0.400045,9.700000,0.000000,9.522379,inf,1.000000,1.000000,0.000000,0.000000,0.000000,0.000000,0.000000,0.000000,0.000000,0.000000,0.000000,0.000000,2.000000,36.855420,-0.508950,nan
27.880,TRACKING,15.120902,2.854242,14.836945,0.600034,-1.026384,-9.571939,-0.000217,-63.248683,-58.966007,29.396745,5.625000,1.031287,0.002901,0.000000,0.000000,10.389227,-60.394441,-44.129062,29.996779,4.598616,-8.540652,0.002684,0.000000,0.000000,-61.700264,-60.394441,-44.129062,29.396779,2.907867,-5.034162,0.002735,0.000000,0.000000,0.000000,2.854242,14.836945,0.600034,15.120902,-1.026384,-9.571939,-0.000217,9.626810,nan,nan,nan,0,nan,nan,nan,0,nan,nan,nan,nan,nan,nan,nan,nan,nan,nan,nan,nan,nan,nan,nan,nan,nan,nan,nan,nan,nan,nan,nan,nan,nan,nan,nan,nan,nan,nan,nan,nan,nan,nan,nan,nan,nan,nan,nan,nan,nan,nan,nan,nan,nan,nan,nan,nan,nan,nan,3.000000,15.108992,-11.710476,9.547062,7.941304,-5.441614,15.114286,-11.710476,9.547062,0.400034,9.700000,0.000000,9.626810,inf,1.000000,1.000000,0.000000,0.000000,0.000000,0.000000,0.000000,0.000000,0.000000,0.000000,0.000000,0.000000,2.000000,37.151400,-0.544058,nan
27.920,TRACKING,14.636210,2.799248,14.353495,0.600024,-1.099867,-9.668999,-0.000192,-62.961183,-58.908193,29.396883,5.750000,1.156287,0.002769,0.000000,0.000000,11.370162,-60.161935,-44.554698,29.996908,4.650133,-8.512712,0.002577,0.000000,0.000000,-61.354093,-60.161935,-44.554698,29.396908,3.007867,-5.134162,0.002619,0.000000,0.000000,0.000000,2.799248,14.353495,0.600024,14.636210,-1.099867,-9.668999,-0.000192,9.731354,nan,nan,nan,0,nan,nan,nan,0,nan,nan,nan,nan,nan,nan,nan,nan,nan,nan,nan,nan,nan,nan,nan,nan,nan,nan,nan,nan,nan,nan,nan,nan,nan,nan,nan,nan,nan,nan,nan,nan,nan,nan,nan,nan,nan,nan,nan,nan,nan,nan,nan,nan,nan,nan,nan,nan,nan,nan,3.000000,14.623905,-11.254669,9.337614,7.958235,-5.600514,14.629375,-11.254669,9.337614,0.400024,9.700000,0.000000,9.731354,inf,1.000000,1.000000,0.000000,0.000000,0.000000,0.000000,0.000000,0.000000,0.000000,0.000000,0.000000,0.000000,2.000000,37.446137,-0.579422,nan
27.980,TRACKING,14.146192,2.740573,13.865208,0.600016,-1.173515,-9.765746,-0.000170,-62.667433,-58.844128,29.397015,5.875000,1.281287,0.002644,0.000000,0.000000,12.303075,-59.926861,-44.978921,29.997031,4.701485,-8.484459,0.002474,0.000000,0.000000,-61.007892,-59.926861,-44.978921,29.397031,3.157867,-5.284162,0.002508,0.000000,0.000000,0.000000,2.740573,13.865208,0.600016,14.146192,-1.173515,-9.765746,-0.000170,9.836002,nan,nan,nan,0,nan,nan,nan,0,nan,nan,nan,nan,nan,nan,nan,nan,nan,nan,nan,nan,nan,nan,nan,nan,nan,nan,nan,nan,nan,nan,nan,nan,nan,nan,nan,nan,nan,nan,nan,nan,nan,nan,nan,nan,nan,nan,nan,nan,nan,nan,nan,nan,nan,nan,nan,nan,nan,nan,3.000000,14.133461,-10.799384,9.117457,7.973176,-5.759809,14.139121,-10.799384,9.117457,0.400016,9.700000,0.000000,9.836002,inf,1.000000,1.000000,0.000000,0.000000,0.000000,0.000000,0.000000,0.000000,0.000000,0.000000,0.000000,0.000000,2.000000,37.739673,-0.615061,nan
28.020,TRACKING,13.650854,2.678206,13.372098,0.600009,-1.247331,-9.862181,-0.000150,-62.367433,-58.773814,29.397142,6.000000,1.406287,0.002524,0.000000,0.000000,13.190950,-59.689227,-45.401716,29.997150,4.752669,-8.455894,0.002375,0.000000,0.000000,-60.661663,-59.689227,-45.401716,29.397150,3.257867,-5.384162,0.002403,0.000000,0.000000,0.000000,2.678206,13.372098,0.600009,13.650854,-1.247331,-9.862181,-0.000150,9.940747,nan,nan,nan,0,nan,nan,nan,0,nan,nan,nan,nan,nan,nan,nan,nan,nan,nan,nan,nan,nan,nan,nan,nan,nan,nan,nan,nan,nan,nan,nan,nan,nan,nan,nan,nan,nan,nan,nan,nan,nan,nan,nan,nan,nan,nan,nan,nan,nan,nan,nan,nan,nan,nan,nan,nan,nan,nan,3.000000,13.637661,-10.344785,8.886575,7.986124,-5.919483,13.643526,-10.344785,8.886575,0.400009,9.700000,0.000000,9.940747,inf,1.000000,1.000000,0.000000,0.000000,0.000000,0.000000,0.000000,0.000000,0.000000,0.000000,0.000000,0.000000,2.000000,38.032048,-0.650992,nan
28.080,TRACKING,13.150204,2.612140,12.874183,0.600002,-1.321317,-9.958305,-0.000131,-62.061183,-58.697250,29.397262,6.125000,1.531287,0.002411,0.000000,0.000000,14.036574,-59.449043,-45.823066,29.997264,4.803683,-8.427018,0.002280,0.000000,0.000000,-60.315407,-59.449043,-45.823066,29.397264,3.407867,-5.534162,0.002302,0.000000,0.000000,0.000000,2.612140,12.874183,0.600002,13.150204,-1.321317,-9.958305,-0.000131,10.045582,nan,nan,nan,0,nan,nan,nan,0,nan,nan,nan,nan,nan,nan,nan,nan,nan,nan,nan,nan,nan,nan,nan,nan,nan,nan,nan,nan,nan,nan,nan,nan,nan,nan,nan,nan,nan,nan,nan,nan,nan,nan,nan,nan,nan,nan,nan,nan,nan,nan,nan,nan,nan,nan,nan,nan,nan,nan,3.000000,13.136509,-9.891039,8.644954,7.997075,-6.079516,13.142598,-9.891039,8.644954,0.400002,9.700000,0.000000,10.045582,inf,1.000000,1.000000,0.000000,0.000000,0.000000,0.000000,0.000000,0.000000,0.000000,0.000000,0.000000,0.000000,2.000000,38.323306,-0.687233,nan
28.120,TRACKING,12.644251,2.542366,12.371477,0.599996,-1.395474,-10.054119,-0.000115,-61.748683,-58.614435,29.397377,6.250000,1.656287,0.002304,0.000000,0.000000,14.842548,-59.206317,-46.242958,29.997374,4.854526,-8.397832,0.002189,0.000000,0.000000,-59.969123,-59.206317,-46.242958,29.397374,3.507867,-5.634162,0.002205,0.000000,0.000000,0.000000,2.542366,12.371477,0.599996,12.644251,-1.395474,-10.054119,-0.000115,10.150500,nan,nan,nan,0,nan,nan,nan,0,nan,nan,nan,nan,nan,nan,nan,nan,nan,nan,nan,nan,nan,nan,nan,nan,nan,nan,nan,nan,nan,nan,nan,nan,nan,nan,nan,nan,nan,nan,nan,nan,nan,nan,nan,nan,nan,nan,nan,nan,nan,nan,nan,nan,nan,nan,nan,nan,nan,nan,3.000000,12.630007,-9.438309,8.392580,8.006024,-6.239891,12.636339,-9.438309,8.392580,0.399996,9.700000,-0.000000,10.150500,inf,1.000000,1.000000,0.000000,0.000000,0.000000,0.000000,0.000000,0.000000,0.000000,0.000000,0.000000,0.000000,2.000000,38.613490,-0.723804,nan
28.180,TRACKING,12.133002,2.468876,11.863996,0.599991,-1.469804,-10.149624,-0.000100,-61.429933,-58.525371,29.397488,6.375000,1.781287,0.002201,0.000000,0.000000,15.611301,-58.961057,-46.661375,29.997479,4.905196,-8.368336,0.002101,0.000000,0.000000,-59.622815,-58.961057,-46.661375,29.397479,3.657867,-5.784162,0.002113,0.000000,0.000000,0.000000,2.468876,11.863996,0.599991,12.133002,-1.469804,-10.149624,-0.000100,10.255496,nan,nan,nan,0,nan,nan,nan,0,nan,nan,nan,nan,nan,nan,nan,nan,nan,nan,nan,nan,nan,nan,nan,nan,nan,nan,nan,nan,nan,nan,nan,nan,nan,nan,nan,nan,nan,nan,nan,nan,nan,nan,nan,nan,nan,nan,nan,nan,nan,nan,nan,nan,nan,nan,nan,nan,nan,nan,3.000000,12.118158,-8.986762,8.129444,8.012968,-6.400589,12.124758,-8.986762,8.129444,0.399991,9.700000,0.000000,10.255496,inf,1.000000,1.000000,0.000000,0.000000,0.000000,0.000000,0.000000,0.000000,0.000000,0.000000,0.000000,0.000000,2.000000,38.902645,-0.760724,nan
28.220,TRACKING,11.616470,2.391661,11.351755,0.599987,-1.544310,-10.244821,-0.000087,-61.104933,-58.430057,29.397593,6.500000,1.906287,0.002104,0.000000,0.000000,16.345094,-58.713272,-47.078302,29.997580,4.955690,-8.338533,0.002017,0.000000,0.000000,-59.276481,-58.713272,-47.078302,29.397580,3.757867,-5.884162,0.002025,0.000000,0.000000,0.000000,2.391661,11.351755,0.599987,11.616470,-1.544310,-10.244821,-0.000087,10.360562,nan,nan,nan,0,nan,nan,nan,0,nan,nan,nan,nan,nan,nan,nan,nan,nan,nan,nan,nan,nan,nan,nan,nan,nan,nan,nan,nan,nan,nan,nan,nan,nan,nan,nan,nan,nan,nan,nan,nan,nan,nan,nan,nan,nan,nan,nan,nan,nan,nan,nan,nan,nan,nan,nan,nan,nan,nan,3.000000,11.600965,-8.536563,7.855538,8.017903,-6.561591,11.607858,-8.536563,7.855538,0.399987,9.700000,0.000000,10.360562,inf,1.000000,1.000000,0.000000,0.000000,0.000000,0.000000,0.000000,0.000000,0.000000,0.000000,0.000000,0.000000,2.000000,39.190816,-0.798017,nan
28.280,TRACKING,11.094665,2.310711,10.834769,0.599983,-1.618994,-10.339711,-0.000075,-60.773683,-58.328492,29.397693,6.625000,2.031287,0.002012,0.000000,0.000000,17.046034,-58.462972,-47.493723,29.997676,5.006006,-8.308424,0.001936,0.000000,0.000000,-58.930122,-58.462972,-47.493723,29.397676,3.907867,-6.034162,0.001941,0.000000,0.000000,0.000000,2.310711,10.834769,0.599983,11.094665,-1.618994,-10.339711,-0.000075,10.465695,nan,nan,nan,0,nan,nan,nan,0,nan,nan,nan,nan,nan,nan,nan,nan,nan,nan,nan,nan,nan,nan,nan,nan,nan,nan,nan,nan,nan,nan,nan,nan,nan,nan,nan,nan,nan,nan,nan,nan,nan,nan,nan,nan,nan,nan,nan,nan,nan,nan,nan,nan,nan,nan,nan,nan,nan,nan,3.000000,11.078430,-8.087879,7.570854,8.020826,-6.722881,11.085648,-8.087879,7.570854,0.399983,9.700000,0.000000,10.465695,inf,1.000000,1.000000,0.000000,0.000000,0.000000,0.000000,0.000000,0.000000,0.000000,0.000000,0.000000,0.000000,2.000000,39.478048,-0.835703,nan
28.320,TRACKING,10.568333,2.229482,10.313055,0.599980,-1.624578,-10.434296,-0.000065,-60.439647,-58.220678,29.397789,6.680720,2.156287,0.001924,0.000000,0.000000,17.888145,-58.210165,-47.907623,29.997769,5.056143,-8.278008,0.001859,0.000000,0.000000,-58.583740,-58.210165,-47.907623,29.397769,4.007867,-6.134162,0.001860,0.000000,0.000000,0.000000,2.229482,10.313055,0.599980,10.568333,-1.624578,-10.434296,-0.000065,10.560008,nan,nan,nan,0,nan,nan,nan,0,nan,nan,nan,nan,nan,nan,nan,nan,nan,nan,nan,nan,nan,nan,nan,nan,nan,nan,nan,nan,nan,nan,nan,nan,nan,nan,nan,nan,nan,nan,nan,nan,nan,nan,nan,nan,nan,nan,nan,nan,nan,nan,nan,nan,nan,nan,nan,nan,nan,nan,3.000000,10.551288,-7.639069,7.278345,8.057844,-6.825315,10.558867,-7.639069,7.278345,0.399980,9.700000,0.000000,10.560008,inf,1.000000,1.000000,0.000000,0.000000,0.000000,0.000000,0.000000,0.000000,0.000000,0.000000,0.000000,0.000000,2.000000,39.767238,-0.887784,nan
28.380,TRACKING,10.037552,2.148125,9.786626,0.599977,-1.627148,-10.528576,-0.000055,-60.102985,-58.106613,29.397881,6.733246,2.281287,0.001840,0.000000,0.000000,18.716867,-57.954860,-48.319988,29.997859,5.106098,-8.247288,0.001785,0.000000,0.000000,-58.237336,-57.954860,-48.319988,29.397859,4.157867,-6.284162,0.001784,0.000000,0.000000,0.000000,2.148125,9.786626,0.599977,10.037552,-1.627148,-10.528576,-0.000055,10.653568,nan,nan,nan,0,nan,nan,nan,0,nan,nan,nan,nan,nan,nan,nan,nan,nan,nan,nan,nan,nan,nan,nan,nan,nan,nan,nan,nan,nan,nan,nan,nan,nan,nan,nan,nan,nan,nan,nan,nan,nan,nan,nan,nan,nan,nan,nan,nan,nan,nan,nan,nan,nan,nan,nan,nan,nan,nan,3.000000,10.019605,-7.190164,6.978111,8.095239,-6.925721,10.027585,-7.190164,6.978111,0.399977,9.700000,0.000000,10.653568,inf,1.000000,1.000000,0.000000,0.000000,0.000000,0.000000,0.000000,0.000000,0.000000,0.000000,0.000000,0.000000,2.000000,40.058532,-0.941652,nan
28.420,TRACKING,9.502923,2.069137,9.255498,0.599975,-1.579747,-10.622552,-0.000048,-59.766204,-57.986299,29.397970,6.735617,2.406287,0.001761,0.000000,0.000000,19.659180,-57.697067,-48.730801,29.997944,5.155870,-8.216265,0.001713,0.000000,0.000000,-57.890909,-57.697067,-48.730801,29.397944,4.252264,-6.384162,0.001711,0.000000,0.000000,0.000000,2.069137,9.255498,0.599975,9.502923,-1.579747,-10.622552,-0.000048,10.739377,nan,nan,nan,0,nan,nan,nan,0,nan,nan,nan,nan,nan,nan,nan,nan,nan,nan,nan,nan,nan,nan,nan,nan,nan,nan,nan,nan,nan,nan,nan,nan,nan,nan,nan,nan,nan,nan,nan,nan,nan,nan,nan,nan,nan,nan,nan,nan,nan,nan,nan,nan,nan,nan,nan,nan,nan,nan,3.000000,9.483964,-6.739940,6.672240,8.158013,-6.984342,9.492395,-6.739940,6.672240,0.399975,9.700000,-0.000000,10.739377,inf,1.000000,1.000000,0.000000,0.000000,0.000000,0.000000,0.000000,0.000000,0.000000,0.000000,0.000000,0.000000,2.000000,40.353992,-1.007526,nan
28.480,TRACKING,8.964572,1.992649,8.719687,0.599973,-1.529772,-10.716226,-0.000041,-59.429443,-57.859735,29.398054,6.735229,2.531287,0.001685,0.000000,0.000000,20.597625,-57.436794,-49.140048,29.998026,5.205456,-8.184939,0.001645,0.000000,0.000000,-57.544460,-57.436794,-49.140048,29.398026,4.293160,-6.534162,0.001640,0.000000,0.000000,0.000000,1.992649,8.719687,0.599973,8.964572,-1.529772,-10.716226,-0.000041,10.824865,nan,nan,nan,0,nan,nan,nan,0,nan,nan,nan,nan,nan,nan,nan,nan,nan,nan,nan,nan,nan,nan,nan,nan,nan,nan,nan,nan,nan,nan,nan,nan,nan,nan,nan,nan,nan,nan,nan,nan,nan,nan,nan,nan,nan,nan,nan,nan,nan,nan,nan,nan,nan,nan,nan,nan,nan,nan,3.000000,8.944473,-6.288398,6.360790,8.221494,-7.041643,8.953411,-6.288398,6.360790,0.399973,9.700000,-0.000000,10.824865,inf,1.000000,1.000000,0.000000,0.000000,0.000000,0.000000,0.000000,0.000000,0.000000,0.000000,0.000000,0.000000,2.000000,40.653719,-1.076192,nan
28.520,TRACKING,8.423200,1.921175,8.179207,0.599971,-1.429483,-10.809599,-0.000034,-59.095226,-57.726920,29.398134,6.684338,2.656287,0.001612,0.000000,0.000000,21.672365,-57.174051,-49.547713,29.998105,5.254856,-8.153312,0.001579,0.000000,0.000000,-57.197991,-57.174051,-49.547713,29.398105,4.333901,-6.634162,0.001572,0.000000,0.000000,0.000000,1.921175,8.179207,0.599971,8.423200,-1.429483,-10.809599,-0.000034,10.903708,nan,nan,nan,0,nan,nan,nan,0,nan,nan,nan,nan,nan,nan,nan,nan,nan,nan,nan,nan,nan,nan,nan,nan,nan,nan,nan,nan,nan,nan,nan,nan,nan,nan,nan,nan,nan,nan,nan,nan,nan,nan,nan,nan,nan,nan,nan,nan,nan,nan,nan,nan,nan,nan,nan,nan,nan,nan,3.000000,8.401806,-5.834240,6.045823,8.311578,-7.057516,8.411321,-5.834240,6.045823,0.399971,9.700000,0.000000,10.903708,inf,1.000000,1.000000,0.000000,0.000000,0.000000,0.000000,0.000000,0.000000,0.000000,0.000000,0.000000,0.000000,2.000000,40.959750,-1.159086,nan
28.580,TRACKING,7.878952,1.854412,7.634073,0.599970,-1.335246,-10.902672,-0.000027,-58.763260,-57.587856,29.398212,6.639311,2.781287,0.001543,0.000000,0.000000,22.729398,-56.908848,-49.953783,29.998181,5.304065,-8.121385,0.001516,0.000000,0.000000,-56.851501,-56.908848,-49.953783,29.398181,4.374487,-6.698049,0.001508,0.000000,0.000000,0.000000,1.854412,7.634073,0.599970,7.878952,-1.335246,-10.902672,-0.000027,10.984131,nan,nan,nan,0,nan,nan,nan,0,nan,nan,nan,nan,nan,nan,nan,nan,nan,nan,nan,nan,nan,nan,nan,nan,nan,nan,nan,nan,nan,nan,nan,nan,nan,nan,nan,nan,nan,nan,nan,nan,nan,nan,nan,nan,nan,nan,nan,nan,nan,nan,nan,nan,nan,nan,nan,nan,nan,nan,3.000000,7.856075,-5.377662,5.727012,8.398203,-7.079642,7.866251,-5.377662,5.727012,0.399970,9.700000,0.000000,10.984131,inf,1.000000,1.000000,0.000000,0.000000,0.000000,0.000000,0.000000,0.000000,0.000000,0.000000,0.000000,0.000000,2.000000,41.271812,-1.244249,nan
28.620,TRACKING,7.344119,1.792078,7.096801,0.599968,-1.246698,-10.745446,-0.000022,-58.433271,-57.455042,29.398285,6.599782,2.656287,0.001477,0.000000,0.000000,21.923854,-56.641194,-50.358240,29.998254,5.353084,-8.089159,0.001455,0.000000,0.000000,-56.504992,-56.641194,-50.358240,29.398254,4.414915,-6.671471,0.001446,0.000000,0.000000,0.000000,1.792078,7.096801,0.599968,7.344119,-1.246698,-10.745446,-0.000022,10.817526,nan,nan,nan,0,nan,nan,nan,0,nan,nan,nan,nan,nan,nan,nan,nan,nan,nan,nan,nan,nan,nan,nan,nan,nan,nan,nan,nan,nan,nan,nan,nan,nan,nan,nan,nan,nan,nan,nan,nan,nan,nan,nan,nan,nan,nan,nan,nan,nan,nan,nan,nan,nan,nan,nan,nan,nan,nan,3.000000,7.319572,-4.929279,5.410946,8.272984,-6.969692,7.330491,-4.929279,5.410946,0.399968,9.700000,0.000000,10.817526,inf,1.000000,1.000000,0.000000,0.000000,0.000000,0.000000,0.000000,0.000000,0.000000,0.000000,0.000000,0.000000,2.000000,41.582223,-1.283641,nan
28.680,TRACKING,6.818885,1.733903,6.567405,0.599968,-1.163498,-10.587923,-0.000017,-58.105001,-57.328477,29.398356,6.565408,2.531287,0.001414,0.000000,0.000000,21.084104,-56.371098,-50.761072,29.998324,5.401909,-8.056635,0.001397,0.000000,0.000000,-56.158464,-56.371098,-50.761072,29.398324,4.455183,-6.644648,0.001386,0.000000,0.000000,0.000000,1.733903,6.567405,0.599968,6.818885,-1.163498,-10.587923,-0.000017,10.651659,nan,nan,nan,0,nan,nan,nan,0,nan,nan,nan,nan,nan,nan,nan,nan,nan,nan,nan,nan,nan,nan,nan,nan,nan,nan,nan,nan,nan,nan,nan,nan,nan,nan,nan,nan,nan,nan,nan,nan,nan,nan,nan,nan,nan,nan,nan,nan,nan,nan,nan,nan,nan,nan,nan,nan,nan,nan,3.000000,6.792439,-4.489155,5.097520,8.146178,-6.862771,6.804205,-4.489155,5.097520,0.399968,9.700000,0.000000,10.651659,inf,1.000000,1.000000,0.000000,0.000000,0.000000,0.000000,0.000000,0.000000,0.000000,0.000000,0.000000,0.000000,2.000000,41.890603,-1.320578,nan
28.720,TRACKING,6.303494,1.679636,6.045900,0.599967,-1.085326,-10.430103,-0.000013,-57.778207,-57.208163,29.398424,6.535866,2.406287,0.001354,0.000000,0.000000,20.212021,-56.098571,-51.162263,29.998391,5.450540,-8.023815,0.001341,0.000000,0.000000,-55.811917,-56.098571,-51.162263,29.398391,4.495291,-6.617580,0.001330,0.000000,0.000000,0.000000,1.679636,6.045900,0.599967,6.303494,-1.085326,-10.430103,-0.000013,10.486419,nan,nan,nan,0,nan,nan,nan,0,nan,nan,nan,nan,nan,nan,nan,nan,nan,nan,nan,nan,nan,nan,nan,nan,nan,nan,nan,nan,nan,nan,nan,nan,nan,nan,nan,nan,nan,nan,nan,nan,nan,nan,nan,nan,nan,nan,nan,nan,nan,nan,nan,nan,nan,nan,nan,nan,nan,nan,3.000000,6.274877,-4.057346,4.786651,8.017898,-6.758572,6.287611,-4.057346,4.786651,0.399967,9.700000,0.000000,10.486419,inf,1.000000,1.000000,0.000000,0.000000,0.000000,0.000000,0.000000,0.000000,0.000000,0.000000,0.000000,0.000000,2.000000,42.196596,-1.355147,nan
28.780,TRACKING,5.798283,1.629042,5.532300,0.599966,-1.011881,-10.271988,-0.000009,-57.452665,-57.094098,29.398489,6.510854,2.281287,0.001296,0.000000,0.000000,19.309553,-55.823622,-51.561798,29.998455,5.498974,-7.990700,0.001287,0.000000,0.000000,-55.465353,-55.823622,-51.561798,29.398455,4.535236,-6.590268,0.001275,0.000000,0.000000,0.000000,1.629042,5.532300,0.599966,5.798283,-1.011881,-10.271988,-0.000009,10.321707,nan,nan,nan,0,nan,nan,nan,0,nan,nan,nan,nan,nan,nan,nan,nan,nan,nan,nan,nan,nan,nan,nan,nan,nan,nan,nan,nan,nan,nan,nan,nan,nan,nan,nan,nan,nan,nan,nan,nan,nan,nan,nan,nan,nan,nan,nan,nan,nan,nan,nan,nan,nan,nan,nan,nan,nan,nan,3.000000,5.767159,-3.633907,4.478264,7.888255,-6.656807,5.781012,-3.633907,4.478264,0.399966,9.700000,0.000000,10.321707,inf,1.000000,1.000000,0.000000,0.000000,0.000000,0.000000,0.000000,0.000000,0.000000,0.000000,0.000000,0.000000,2.000000,42.499872,-1.387443,nan
28.820,TRACKING,5.303705,1.581898,5.026621,0.599966,-0.942878,-10.113578,-0.000006,-57.128160,-56.986284,29.398551,6.490087,2.156287,0.001242,0.000000,0.000000,18.378719,-55.546262,-51.959663,29.998517,5.547208,-7.957291,0.001236,0.000000,0.000000,-55.118771,-55.546262,-51.959663,29.398517,4.575017,-6.562714,0.001223,0.000000,0.000000,0.000000,1.581898,5.026621,0.599966,5.303705,-0.942878,-10.113578,-0.000006,10.157435,nan,nan,nan,0,nan,nan,nan,0,nan,nan,nan,nan,nan,nan,nan,nan,nan,nan,nan,nan,nan,nan,nan,nan,nan,nan,nan,nan,nan,nan,nan,nan,nan,nan,nan,nan,nan,nan,nan,nan,nan,nan,nan,nan,nan,nan,nan,nan,nan,nan,nan,nan,nan,nan,nan,nan,nan,nan,3.000000,5.269661,-3.218883,4.172303,7.757355,-6.557204,5.284818,-3.218883,4.172303,0.399966,9.700000,0.000000,10.157435,inf,1.000000,1.000000,0.000000,0.000000,0.000000,0.000000,0.000000,0.000000,0.000000,0.000000,0.000000,0.000000,2.000000,42.800123,-1.417566,nan
28.880,TRACKING,4.820386,1.537996,4.528878,0.599966,-0.878053,-9.954876,-0.000003,-56.804496,-56.884720,29.398610,6.473295,2.031287,0.001190,0.000000,0.000000,17.421595,-55.266500,-52.355842,29.998576,5.595243,-7.923589,0.001186,0.000000,0.000000,-54.772172,-55.266500,-52.355842,29.398576,4.614633,-6.534919,0.001174,0.000000,0.000000,0.000000,1.537996,4.528878,0.599966,4.820386,-0.878053,-9.954876,-0.000003,9.993525,nan,nan,nan,0,nan,nan,nan,0,nan,nan,nan,nan,nan,nan,nan,nan,nan,nan,nan,nan,nan,nan,nan,nan,nan,nan,nan,nan,nan,nan,nan,nan,nan,nan,nan,nan,nan,nan,nan,nan,nan,nan,nan,nan,nan,nan,nan,nan,nan,nan,nan,nan,nan,nan,nan,nan,nan,nan,3.000000,4.782903,-2.812320,3.868723,7.625302,-6.459513,4.799598,-2.812320,3.868723,0.399966,9.700000,0.000000,9.993525,inf,1.000000,1.000000,0.000000,0.000000,0.000000,0.000000,0.000000,0.000000,0.000000,0.000000,0.000000,0.000000,2.000000,43.097064,-1.445624,nan
28.920,TRACKING,4.350424,1.491764,4.042384,0.599966,-0.924628,-9.729876,-0.000001,-56.481484,-56.789405,29.398667,6.460228,1.906287,0.001140,0.000000,0.000000,16.440304,-54.989720,-52.747021,29.998633,5.535600,-7.823589,0.001139,0.000000,0.000000,-54.718590,-54.989720,-52.747021,29.398633,4.620742,-6.530600,0.001126,0.000000,0.000000,0.000000,1.491764,4.042384,0.599966,4.350424,-0.924628,-9.729876,-0.000001,9.773711,nan,nan,nan,0,nan,nan,nan,0,nan,nan,nan,nan,nan,nan,nan,nan,nan,nan,nan,nan,nan,nan,nan,nan,nan,nan,nan,nan,nan,nan,nan,nan,nan,nan,nan,nan,nan,nan,nan,nan,nan,nan,nan,nan,nan,nan,nan,nan,nan,nan,nan,nan,nan,nan,nan,nan,nan,nan,3.000000,4.308855,-2.438267,3.552616,7.408683,-6.374704,4.327378,-2.438267,3.552616,0.399966,9.583914,0.000000,9.773711,inf,1.000000,1.000000,0.000000,0.000000,0.000000,0.000000,0.000000,0.000000,0.000000,0.000000,0.000000,0.000000,2.000000,43.384553,-1.470975,nan
28.980,TRACKING,3.894445,1.443001,3.567140,0.599966,-0.975260,-9.504876,0.000002,-56.160941,-56.700341,29.398722,6.410859,1.781287,0.001092,0.000000,0.000000,15.528203,-54.717940,-53.133201,29.998688,5.435600,-7.723589,0.001093,0.000000,0.000000,-54.863418,-54.717940,-53.133201,29.398688,4.604220,-6.542259,0.001080,0.000000,0.000000,0.000000,1.443001,3.567140,0.599966,3.894445,-0.975260,-9.504876,0.000002,9.554779,nan,nan,nan,0,nan,nan,nan,0,nan,nan,nan,nan,nan,nan,nan,nan,nan,nan,nan,nan,nan,nan,nan,nan,nan,nan,nan,nan,nan,nan,nan,nan,nan,nan,nan,nan,nan,nan,nan,nan,nan,nan,nan,nan,nan,nan,nan,nan,nan,nan,nan,nan,nan,nan,nan,nan,nan,nan,3.000000,3.847953,-2.086657,3.233048,7.211632,-6.267868,3.868684,-2.086657,3.233048,0.399966,9.444552,0.000000,9.554779,inf,1.000000,1.000000,0.000000,0.000000,0.000000,0.000000,0.000000,0.000000,0.000000,0.000000,0.000000,0.000000,2.000000,43.662731,-1.503009,nan
29.020,TRACKING,3.453968,1.392990,3.103146,0.599966,-1.000222,-9.279876,0.000003,-55.844150,-56.617527,29.398774,6.335822,1.656287,0.001046,0.000000,0.000000,14.650204,-54.451160,-53.514380,29.998740,5.335600,-7.623589,0.001050,0.000000,0.000000,-55.012584,-54.451160,-53.514380,29.398740,4.587172,-6.554224,0.001037,0.000000,0.000000,0.000000,1.392990,3.103146,0.599966,3.453968,-1.000222,-9.279876,0.000003,9.333625,nan,nan,nan,0,nan,nan,nan,0,nan,nan,nan,nan,nan,nan,nan,nan,nan,nan,nan,nan,nan,nan,nan,nan,nan,nan,nan,nan,nan,nan,nan,nan,nan,nan,nan,nan,nan,nan,nan,nan,nan,nan,nan,nan,nan,nan,nan,nan,nan,nan,nan,nan,nan,nan,nan,nan,nan,nan,3.000000,3.401461,-1.743604,2.920579,7.029275,-6.140509,3.424896,-1.743604,2.920579,0.399966,9.305253,0.000000,9.333625,inf,1.000000,1.000000,0.000000,0.000000,0.000000,0.000000,0.000000,0.000000,0.000000,0.000000,0.000000,0.000000,2.000000,43.932500,-1.539284,nan
29.080,TRACKING,3.030694,1.341832,2.650402,0.599966,-1.023161,-9.054876,0.000005,-55.531212,-56.540962,29.398824,6.258760,1.531287,0.001003,0.000000,0.000000,13.748087,-54.189380,-53.890560,29.998791,5.235600,-7.523589,0.001008,0.000000,0.000000,-55.166282,-54.189380,-53.890560,29.398791,4.569574,-6.566506,0.000995,0.000000,0.000000,0.000000,1.341832,2.650402,0.599966,3.030694,-1.023161,-9.054876,0.000005,9.112499,nan,nan,nan,0,nan,nan,nan,0,nan,nan,nan,nan,nan,nan,nan,nan,nan,nan,nan,nan,nan,nan,nan,nan,nan,nan,nan,nan,nan,nan,nan,nan,nan,nan,nan,nan,nan,nan,nan,nan,nan,nan,nan,nan,nan,nan,nan,nan,nan,nan,nan,nan,nan,nan,nan,nan,nan,nan,3.000000,2.970715,-1.409035,2.615295,6.847936,-6.011940,2.997519,-1.409035,2.615295,0.399966,9.166018,-0.000000,9.112499,inf,1.000000,1.000000,0.000000,0.000000,0.000000,0.000000,0.000000,0.000000,0.000000,0.000000,0.000000,0.000000,2.000000,44.193835,-1.574302,nan
29.120,TRACKING,2.627235,1.289624,2.208909,0.599967,-1.044173,-8.829876,0.000006,-55.222223,-56.470648,29.398872,6.179772,1.406287,0.000962,0.000000,0.000000,12.820079,-53.932600,-54.261739,29.998839,5.135600,-7.423589,0.000967,0.000000,0.000000,-55.324720,-53.932600,-54.261739,29.398839,4.551398,-6.579117,0.000955,0.000000,0.000000,0.000000,1.289624,2.208909,0.599967,2.627235,-1.044173,-8.829876,0.000006,8.891401,nan,nan,nan,0,nan,nan,nan,0,nan,nan,nan,nan,nan,nan,nan,nan,nan,nan,nan,nan,nan,nan,nan,nan,nan,nan,nan,nan,nan,nan,nan,nan,nan,nan,nan,nan,nan,nan,nan,nan,nan,nan,nan,nan,nan,nan,nan,nan,nan,nan,nan,nan,nan,nan,nan,nan,nan,nan,3.000000,2.557813,-1.082885,2.317276,6.667543,-5.882252,2.588895,-1.082885,2.317276,0.399967,9.026852,-0.000000,8.891401,inf,1.000000,1.000000,0.000000,0.000000,0.000000,0.000000,0.000000,0.000000,0.000000,0.000000,0.000000,0.000000,2.000000,44.446721,-1.608069,nan
29.180,TRACKING,2.247762,1.236456,1.778665,0.599967,-1.063347,-8.604876,0.000007,-54.917276,-56.406583,29.398918,6.098946,1.281287,0.000922,0.000000,0.000000,11.864357,-53.680820,-54.627919,29.998886,5.035600,-7.323589,0.000929,0.000000,0.000000,-55.488119,-53.680820,-54.627919,29.398886,4.532617,-6.592070,0.000917,0.000000,0.000000,0.000000,1.236456,1.778665,0.599967,2.247762,-1.063347,-8.604876,0.000007,8.670329,nan,nan,nan,0,nan,nan,nan,0,nan,nan,nan,nan,nan,nan,nan,nan,nan,nan,nan,nan,nan,nan,nan,nan,nan,nan,nan,nan,nan,nan,nan,nan,nan,nan,nan,nan,nan,nan,nan,nan,nan,nan,nan,nan,nan,nan,nan,nan,nan,nan,nan,nan,nan,nan,nan,nan,nan,nan,3.000000,2.166211,-0.765087,2.026601,6.488025,-5.751533,2.202827,-0.765087,2.026601,0.399967,8.887757,0.000000,8.670329,inf,1.000000,1.000000,0.000000,0.000000,0.000000,0.000000,0.000000,0.000000,0.000000,0.000000,0.000000,0.000000,2.000000,44.691149,-1.640597,nan
29.220,TRACKING,1.899152,1.182418,1.359671,0.599967,-1.080765,-8.379876,0.000007,-54.616458,-56.348769,29.398963,6.016364,1.156287,0.000884,0.000000,0.000000,10.879046,-53.434040,-54.989098,29.998930,4.935600,-7.223589,0.000892,0.000000,0.000000,-55.656712,-53.434040,-54.989098,29.398930,4.513200,-6.605378,0.000881,0.000000,0.000000,0.000000,1.182418,1.359671,0.599967,1.899152,-1.080765,-8.379876,0.000007,8.449283,nan,nan,nan,0,nan,nan,nan,0,nan,nan,nan,nan,nan,nan,nan,nan,nan,nan,nan,nan,nan,nan,nan,nan,nan,nan,nan,nan,nan,nan,nan,nan,nan,nan,nan,nan,nan,nan,nan,nan,nan,nan,nan,nan,nan,nan,nan,nan,nan,nan,nan,nan,nan,nan,nan,nan,nan,nan,3.000000,1.801893,-0.455581,1.743348,6.309318,-5.619865,1.845749,-0.455581,1.743348,0.399967,8.748736,0.000000,8.449283,inf,1.000000,1.000000,0.000000,0.000000,0.000000,0.000000,0.000000,0.000000,0.000000,0.000000,0.000000,0.000000,2.000000,44.927119,-1.671898,nan
29.280,TRACKING,1.592982,1.127593,0.951927,0.599968,-1.096502,-8.154876,0.000008,-54.319853,-56.297205,29.399005,5.932102,1.031287,0.000848,0.000000,0.000000,9.862222,-53.192260,-55.345278,29.998973,4.835600,-7.123589,0.000856,0.000000,0.000000,-55.830748,-53.192260,-55.345278,29.398973,4.493116,-6.619057,0.000846,0.000000,0.000000,0.000000,1.127593,0.951927,0.599968,1.592982,-1.096502,-8.154876,0.000008,8.228264,nan,nan,nan,0,nan,nan,nan,0,nan,nan,nan,nan,nan,nan,nan,nan,nan,nan,nan,nan,nan,nan,nan,nan,nan,nan,nan,nan,nan,nan,nan,nan,nan,nan,nan,nan,nan,nan,nan,nan,nan,nan,nan,nan,nan,nan,nan,nan,nan,nan,nan,nan,nan,nan,nan,nan,nan,nan,3.000000,1.475680,-0.154307,1.467590,6.131360,-5.487326,1.528923,-0.154307,1.467590,0.399968,8.609793,0.000000,8.228264,inf,1.000000,1.000000,0.000000,0.000000,0.000000,0.000000,0.000000,0.000000,0.000000,0.000000,0.000000,0.000000,2.000000,45.154638,-1.701986,nan
29.320,DOCKING,1.348252,1.072061,0.555433,0.599968,-1.110627,-7.929876,0.000008,-54.027542,-56.251890,29.399046,5.846227,0.906287,0.000813,0.000000,0.000000,8.811904,-52.955480,-55.696457,29.999014,4.735600,-7.023589,0.000822,0.000000,0.000000,-56.010491,-52.647765,-56.152843,29.749014,4.593116,-6.719057,0.100846,0.000000,0.000000,0.000000,1.072061,0.555433,0.599968,1.348252,-1.110627,-7.929876,0.000008,8.007274,nan,nan,nan,0,nan,nan,nan,0,nan,nan,nan,nan,nan,nan,nan,nan,nan,nan,nan,nan,nan,nan,nan,nan,nan,nan,nan,nan,nan,nan,nan,nan,nan,nan,nan,nan,nan,nan,nan,nan,nan,nan,nan,nan,nan,nan,nan,nan,nan,nan,nan,nan,nan,nan,nan,nan,nan,nan,4.000000,1.207403,0.138795,1.199399,5.954091,-5.353992,1.271926,0.138795,1.199399,0.399968,8.470933,0.000000,8.007274,1.348252,1.000000,1.000000,0.077656,0.000000,0.000000,0.000000,0.000000,0.000000,0.000000,1.000000,0.000000,0.000000,2.000000,45.373719,-1.730876,nan
29.380,DOCKING,1.179853,1.005280,0.170189,0.593717,-1.335627,-7.704876,-0.125025,-53.728980,-56.212826,29.405336,5.971227,0.781287,0.125813,0.000000,0.000000,7.454350,-52.723700,-56.042636,29.999053,4.635600,-6.923589,0.000789,0.000000,0.000000,-56.196224,-52.421262,-56.494348,29.749053,4.743116,-6.869057,0.129520,0.000000,0.000000,0.000000,1.005280,0.170189,0.593717,1.179853,-1.335627,-7.704876,-0.125025,7.820783,nan,nan,nan,0,nan,nan,nan,0,nan,nan,nan,nan,nan,nan,nan,nan,nan,nan,nan,nan,nan,nan,nan,nan,nan,nan,nan,nan,nan,nan,nan,nan,nan,nan,nan,nan,nan,nan,nan,nan,nan,nan,nan,nan,nan,nan,nan,nan,nan,nan,nan,nan,nan,nan,nan,nan,nan,nan,4.000000,1.019585,0.417869,0.930020,5.659273,-5.396448,1.092962,0.417869,0.930020,0.393717,8.332159,0.000000,7.820783,1.179853,1.000000,1.000000,0.130246,0.000000,0.000000,0.000000,0.000000,0.000000,0.000000,1.000000,0.000000,0.000000,2.000000,45.576126,-1.708440,nan
29.420,DOCKING,1.113165,0.927249,-0.203804,0.581214,-1.560627,-7.479876,-0.250056,-53.424169,-56.180012,29.417877,6.096227,0.656287,0.250813,0.000000,0.000000,6.144496,-52.496920,-56.383816,29.999091,4.535600,-6.823589,0.000757,0.000000,0.000000,-56.388247,-52.180186,-56.860327,29.749091,4.843116,-6.969057,0.101481,0.000000,0.000000,0.000000,0.927249,-0.203804,0.581214,1.113165,-1.560627,-7.479876,-0.250056,7.645040,nan,nan,nan,0,nan,nan,nan,0,nan,nan,nan,nan,nan,nan,nan,nan,nan,nan,nan,nan,nan,nan,nan,nan,nan,nan,nan,nan,nan,nan,nan,nan,nan,nan,nan,nan,nan,nan,nan,nan,nan,nan,nan,nan,nan,nan,nan,nan,nan,nan,nan,nan,nan,nan,nan,nan,nan,nan,4.000000,0.949382,0.683020,0.659401,5.365394,-5.440281,1.023059,0.683020,0.659401,0.381214,8.193475,0.000000,7.645040,1.113165,1.000000,1.000000,0.093453,0.000000,0.000000,0.000000,0.000000,0.000000,0.000000,1.000000,0.000000,0.000000,2.000000,45.761857,-1.686173,nan
29.480,DOCKING,1.157379,0.837967,-0.566548,0.562460,-1.785627,-7.254876,-0.375087,-53.113107,-56.153447,29.436668,6.221227,0.531287,0.375813,0.000000,0.000000,4.881168,-52.275140,-56.719995,29.999128,4.435600,-6.723589,0.000727,0.000000,0.000000,-56.586879,-51.922465,-57.254589,29.749128,4.993116,-7.119057,0.070694,0.000000,0.000000,0.000000,0.837967,-0.566548,0.562460,1.157379,-1.785627,-7.254876,-0.375087,7.480801,nan,nan,nan,0,nan,nan,nan,0,nan,nan,nan,nan,nan,nan,nan,nan,nan,nan,nan,nan,nan,nan,nan,nan,nan,nan,nan,nan,nan,nan,nan,nan,nan,nan,nan,nan,nan,nan,nan,nan,nan,nan,nan,nan,nan,nan,nan,nan,nan,nan,nan,nan,nan,nan,nan,nan,nan,nan,4.000000,1.011517,0.934355,0.387487,5.072508,-5.485559,1.074497,0.934355,0.387487,0.362460,8.054886,0.000000,7.480801,1.113165,1.000000,1.000000,0.123875,0.000000,0.000000,0.000000,0.000000,0.000000,0.000000,1.000000,0.000000,0.000000,2.000000,45.930917,-1.664062,nan
29.520,DOCKING,1.296853,0.737436,-0.918042,0.543337,-2.010627,-7.029876,-0.382456,-52.795796,-56.133133,29.455825,6.346227,0.406287,0.383154,0.000000,0.000000,3.663095,-52.058360,-57.051175,29.999163,4.335600,-6.623589,0.000698,0.000000,0.000000,-56.792463,-51.652424,-57.671332,29.749163,5.038484,-7.219057,0.060924,0.000000,0.000000,0.000000,0.737436,-0.918042,0.543337,1.296853,-2.010627,-7.029876,-0.382456,7.321752,nan,nan,nan,0,nan,nan,nan,0,nan,nan,nan,nan,nan,nan,nan,nan,nan,nan,nan,nan,nan,nan,nan,nan,nan,nan,nan,nan,nan,nan,nan,nan,nan,nan,nan,nan,nan,nan,nan,nan,nan,nan,nan,nan,nan,nan,nan,nan,nan,nan,nan,nan,nan,nan,nan,nan,nan,nan,4.000000,1.177545,1.171993,0.114220,4.780676,-5.532352,1.226578,1.171993,0.114220,0.343337,7.916398,0.000000,7.321752,1.113165,1.000000,1.000000,0.243070,0.000000,0.000000,0.000000,0.000000,0.000000,0.000000,1.000000,0.000000,0.000000,2.000000,46.083312,-1.642092,nan
29.580,DOCKING,1.501616,0.628689,-1.258286,0.525658,-2.174930,-6.804876,-0.353591,-52.475270,-56.119068,29.473539,6.410530,0.281287,0.354261,0.000000,0.000000,2.512468,-51.846580,-57.377354,29.999196,4.235600,-6.523589,0.000670,0.000000,0.000000,-57.005366,-51.376964,-58.100647,29.749196,5.009856,-7.369057,0.058313,0.000000,0.000000,0.000000,0.628689,-1.258286,0.525658,1.501616,-2.174930,-6.804876,-0.353591,7.152740,nan,nan,nan,0,nan,nan,nan,0,nan,nan,nan,nan,nan,nan,nan,nan,nan,nan,nan,nan,nan,nan,nan,nan,nan,nan,nan,nan,nan,nan,nan,nan,nan,nan,nan,nan,nan,nan,nan,nan,nan,nan,nan,nan,nan,nan,nan,nan,nan,nan,nan,nan,nan,nan,nan,nan,nan,nan,4.000000,1.406604,1.397711,-0.157917,4.523015,-5.529828,1.443810,1.397711,-0.157917,0.325658,7.778015,0.000000,7.152740,1.113165,1.000000,1.000000,0.315795,0.000000,0.000000,0.000000,0.000000,0.000000,0.000000,1.000000,0.000000,0.000000,2.000000,46.221399,-1.631353,nan
29.620,DOCKING,1.745844,0.519078,-1.587280,0.508991,-2.192222,-6.579876,-0.333327,-52.158879,-56.111254,29.490237,6.327822,0.156287,0.333970,0.000000,0.000000,1.414830,-51.639800,-57.698534,29.999228,4.135600,-6.423589,0.000643,0.000000,0.000000,-57.225979,-51.101158,-58.535175,29.749228,4.980121,-7.469057,0.054600,0.000000,0.000000,0.000000,0.519078,-1.587280,0.508991,1.745844,-2.192222,-6.579876,-0.333327,6.943466,nan,nan,nan,0,nan,nan,nan,0,nan,nan,nan,nan,nan,nan,nan,nan,nan,nan,nan,nan,nan,nan,nan,nan,nan,nan,nan,nan,nan,nan,nan,nan,nan,nan,nan,nan,nan,nan,nan,nan,nan,nan,nan,nan,nan,nan,nan,nan,nan,nan,nan,nan,nan,nan,nan,nan,nan,nan,4.000000,1.670000,1.615595,-0.422790,4.345731,-5.405112,1.698345,1.615595,-0.422790,0.308991,7.639743,0.000000,6.943466,1.113165,1.000000,1.000000,0.239937,0.000000,0.000000,0.000000,0.000000,0.000000,0.000000,1.000000,0.000000,0.000000,2.000000,46.350861,-1.646320,nan
29.680,DOCKING,2.009797,0.408389,-1.905023,0.493342,-2.213786,-6.354876,-0.312974,-51.846409,-56.109690,29.505917,6.249385,0.031287,0.313592,0.000000,0.000000,0.286848,-51.438020,-58.014713,29.999259,4.035600,-6.323589,0.000617,0.000000,0.000000,-57.454721,-50.828931,-58.969126,29.749259,4.949210,-7.619057,0.051353,0.000000,0.000000,0.000000,0.408389,-1.905023,0.493342,2.009797,-2.213786,-6.354876,-0.312974,6.736709,nan,nan,nan,0,nan,nan,nan,0,nan,nan,nan,nan,nan,nan,nan,nan,nan,nan,nan,nan,nan,nan,nan,nan,nan,nan,nan,nan,nan,nan,nan,nan,nan,nan,nan,nan,nan,nan,nan,nan,nan,nan,nan,nan,nan,nan,nan,nan,nan,nan,nan,nan,nan,nan,nan,nan,nan,nan,4.000000,1.948306,1.825570,-0.680579,4.166007,-5.284854,1.970265,1.825570,-0.680579,0.293342,7.501589,0.000000,6.736709,1.113165,1.000000,1.000000,0.119359,0.000000,0.000000,0.000000,0.000000,0.000000,0.000000,1.000000,0.000000,0.000000,2.000000,46.471524,-1.659123,nan
29.720,DOCKING,2.282084,0.296660,-2.211517,0.478637,-2.234584,-6.129876,-0.294103,-51.537900,-56.114375,29.520651,6.170183,-0.093713,0.294695,0.000000,0.000000,-0.870139,-51.241240,-58.325893,29.999289,3.935600,-6.223589,0.000593,0.000000,0.000000,-57.692042,-50.562426,-59.399340,29.749289,4.917054,-7.719057,0.048255,0.000000,0.000000,0.000000,0.296660,-2.211517,0.478637,2.282084,-2.234584,-6.129876,-0.294103,6.531098,nan,nan,nan,0,nan,nan,nan,0,nan,nan,nan,nan,nan,nan,nan,nan,nan,nan,nan,nan,nan,nan,nan,nan,nan,nan,nan,nan,nan,nan,nan,nan,nan,nan,nan,nan,nan,nan,nan,nan,nan,nan,nan,nan,nan,nan,nan,nan,nan,nan,nan,nan,nan,nan,nan,nan,nan,nan,4.000000,2.231326,2.027703,-0.931256,3.986578,-5.164876,2.248656,2.027703,-0.931256,0.278637,7.363559,0.000000,6.531098,1.113165,1.000000,1.000000,0.065519,0.000000,0.000000,0.000000,0.000000,0.000000,0.000000,1.000000,0.000000,0.000000,2.000000,46.583414,-1.670694,nan
29.780,DOCKING,2.556189,0.184910,-2.506761,0.464821,-2.234998,-5.904876,-0.276323,-51.233519,-56.125311,29.534496,6.087623,-0.218713,0.276892,0.000000,0.000000,-2.057604,-51.048609,-58.632072,29.999317,3.852625,-6.123589,0.000569,0.000000,0.000000,-57.824160,-50.332878,-59.769697,29.749317,4.899119,-7.786949,0.045352,0.000000,0.000000,0.000000,0.184910,-2.506761,0.464821,2.556189,-2.234998,-5.904876,-0.276323,6.319742,nan,nan,nan,0,nan,nan,nan,0,nan,nan,nan,nan,nan,nan,nan,nan,nan,nan,nan,nan,nan,nan,nan,nan,nan,nan,nan,nan,nan,nan,nan,nan,nan,nan,nan,nan,nan,nan,nan,nan,nan,nan,nan,nan,nan,nan,nan,nan,nan,nan,nan,nan,nan,nan,nan,nan,nan,nan,4.000000,2.513572,2.220235,-1.178388,3.807812,-5.036204,2.527484,2.220235,-1.178388,0.264821,7.234712,0.000000,6.319742,1.113165,1.000000,1.000000,0.037612,0.000000,0.000000,0.000000,0.000000,0.000000,0.000000,1.000000,0.000000,0.000000,2.000000,46.687200,-1.681593,nan
29.820,DOCKING,2.828330,0.083547,-2.790755,0.451840,-2.027264,-5.679876,-0.259627,-50.934525,-56.142497,29.547505,5.979888,-0.343713,0.260173,0.000000,0.000000,-3.289632,-50.850978,-58.933251,29.999344,3.952625,-6.023589,0.000546,0.000000,0.000000,-56.727477,-49.785401,-61.286232,29.174444,4.799119,-7.686949,-0.054648,0.000000,0.000000,0.000000,0.083547,-2.790755,0.451840,2.828330,-2.027264,-5.679876,-0.259627,6.036406,nan,nan,nan,0,nan,nan,nan,0,nan,nan,nan,nan,nan,nan,nan,nan,nan,nan,nan,nan,nan,nan,nan,nan,nan,nan,nan,nan,nan,nan,nan,nan,nan,nan,nan,nan,nan,nan,nan,nan,nan,nan,nan,nan,nan,nan,nan,nan,nan,nan,nan,nan,nan,nan,nan,nan,nan,nan,4.000000,2.792005,2.379104,-1.461218,3.636576,-4.811040,2.803340,2.379104,-1.461218,0.251840,7.204642,0.000000,6.036406,1.113165,1.000000,1.000000,0.000000,0.000000,0.000000,0.000000,0.000000,0.000000,0.000000,1.000000,0.000000,0.000000,2.000000,46.789631,-1.696554,nan
29.880,DOCKING,3.105620,-0.019066,-3.073499,0.445107,-2.052264,-5.654876,-0.134649,-50.629280,-56.165932,29.554263,6.104888,-0.468713,0.135173,0.000000,0.000000,-4.390362,-50.648347,-59.239431,29.999371,4.052625,-6.123589,0.000524,0.000000,0.000000,-56.503191,-49.542987,-61.634430,29.171823,4.649119,-7.536949,-0.204648,0.000000,0.000000,0.000000,-0.019066,-3.073499,0.445107,3.105620,-2.052264,-5.654876,-0.134649,6.017270,nan,nan,nan,0,nan,nan,nan,0,nan,nan,nan,nan,nan,nan,nan,nan,nan,nan,nan,nan,nan,nan,nan,nan,nan,nan,nan,nan,nan,nan,nan,nan,nan,nan,nan,nan,nan,nan,nan,nan,nan,nan,nan,nan,nan,nan,nan,nan,nan,nan,nan,nan,nan,nan,nan,nan,nan,nan,4.000000,3.073558,2.552519,-1.712135,3.583070,-4.832290,3.083316,2.552519,-1.712135,0.245107,7.343167,0.000000,6.017270,1.113165,1.000000,1.000000,0.000000,0.000000,0.000000,0.000000,0.000000,0.000000,0.000000,1.000000,0.000000,0.000000,2.000000,46.889011,-1.670726,nan
29.920,DOCKING,3.386128,-0.110430,-3.354993,0.444624,-1.827264,-5.629876,-0.009670,-50.330286,-56.195618,29.554772,5.979888,-0.593713,0.010173,0.000000,0.000000,-5.670023,-50.440715,-59.550610,29.999396,4.152625,-6.223589,0.000503,0.000000,0.000000,-56.287215,-49.295558,-61.987554,29.171650,4.549119,-7.436949,-0.290778,0.000000,0.000000,0.000000,-0.110430,-3.354993,0.444624,3.386128,-1.827264,-5.629876,-0.009670,5.918994,nan,nan,nan,0,nan,nan,nan,0,nan,nan,nan,nan,nan,nan,nan,nan,nan,nan,nan,nan,nan,nan,nan,nan,nan,nan,nan,nan,nan,nan,nan,nan,nan,nan,nan,nan,nan,nan,nan,nan,nan,nan,nan,nan,nan,nan,nan,nan,nan,nan,nan,nan,nan,nan,nan,nan,nan,nan,4.000000,3.356809,2.729493,-1.953980,3.668915,-4.644724,3.365711,2.729493,-1.953980,0.244624,7.481801,0.000000,5.918994,1.113165,1.000000,1.000000,0.000000,0.000000,0.000000,0.000000,0.000000,0.000000,0.000000,1.000000,0.000000,0.000000,2.000000,46.994880,-1.688500,nan
29.980,TRACKING,3.667983,-0.190543,-3.635236,0.450389,-1.602264,-5.604876,0.115310,-50.037541,-56.231553,29.549031,5.854888,-0.718713,-0.114827,0.000000,0.000000,-6.998290,-50.228084,-59.866790,29.999420,4.252625,-6.323589,0.000483,0.000000,0.000000,-56.079099,-50.228084,-59.866790,29.399420,4.463352,-7.286949,-0.190644,0.000000,0.000000,0.000000,-0.190543,-3.635236,0.450389,3.667983,-1.602264,-5.604876,0.115310,5.830539,nan,nan,nan,0,nan,nan,nan,0,nan,nan,nan,nan,nan,nan,nan,nan,nan,nan,nan,nan,nan,nan,nan,nan,nan,nan,nan,nan,nan,nan,nan,nan,nan,nan,nan,nan,nan,nan,nan,nan,nan,nan,nan,nan,nan,nan,nan,nan,nan,nan,nan,nan,nan,nan,nan,nan,nan,nan,3.000000,3.640227,2.910219,-2.186750,3.756836,-4.457362,3.648828,2.910219,-2.186750,0.250389,7.620538,0.000000,5.830539,1.113165,1.000000,1.000000,0.000000,0.000000,0.000000,0.000000,0.000000,0.000000,0.000000,1.000000,4.000000,0.000000,2.000000,47.107154,-1.706935,nan
30.020,TRACKING,3.940066,-0.259406,-3.904230,0.462404,-1.377264,-5.379876,0.240291,-49.751047,-56.273739,29.537039,5.729888,-0.843713,-0.239827,0.000000,0.000000,-8.376475,-50.010453,-60.177969,29.999443,4.352625,-6.223589,0.000464,0.000000,0.000000,-55.032007,-50.010453,-60.177969,29.399443,4.563352,-7.186949,-0.227822,0.000000,0.000000,0.000000,-0.259406,-3.904230,0.462404,3.940066,-1.377264,-5.379876,0.240291,5.558567,nan,nan,nan,0,nan,nan,nan,0,nan,nan,nan,nan,nan,nan,nan,nan,nan,nan,nan,nan,nan,nan,nan,nan,nan,nan,nan,nan,nan,nan,nan,nan,nan,nan,nan,nan,nan,nan,nan,nan,nan,nan,nan,nan,nan,nan,nan,nan,nan,nan,nan,nan,nan,nan,nan,nan,nan,nan,3.000000,3.912838,3.050738,-2.450164,3.619324,-4.211938,3.921627,3.050738,-2.450164,0.262404,7.594630,0.000000,5.558567,1.113165,1.000000,1.000000,0.000000,0.000000,0.000000,0.000000,0.000000,0.000000,0.000000,1.000000,4.000000,0.000000,2.000000,47.218707,-1.725161,nan
30.080,TRACKING,4.201615,-0.317019,-4.161974,0.480668,-1.152264,-5.154876,0.365272,-49.470802,-56.322175,29.518798,5.604888,-0.968713,-0.364827,0.000000,0.000000,-9.805759,-49.787822,-60.484149,29.999466,4.452625,-6.123589,0.000445,0.000000,0.000000,-53.978102,-49.787822,-60.484149,29.399466,4.683090,-7.036949,-0.279613,0.000000,0.000000,0.000000,-0.317019,-4.161974,0.480668,4.201615,-1.152264,-5.154876,0.365272,5.294704,nan,nan,nan,0,nan,nan,nan,0,nan,nan,nan,nan,nan,nan,nan,nan,nan,nan,nan,nan,nan,nan,nan,nan,nan,nan,nan,nan,nan,nan,nan,nan,nan,nan,nan,nan,nan,nan,nan,nan,nan,nan,nan,nan,nan,nan,nan,nan,nan,nan,nan,nan,nan,nan,nan,nan,nan,nan,3.000000,4.174030,3.179735,-2.704036,3.491584,-3.963496,4.183456,3.179735,-2.704036,0.280668,7.571275,0.000000,5.294704,1.113165,1.000000,1.000000,0.000000,0.000000,0.000000,0.000000,0.000000,0.000000,0.000000,1.000000,4.000000,0.000000,2.000000,47.329617,-1.743212,nan
30.120,TRACKING,4.459856,-0.363382,-4.416745,0.500636,-0.927264,-5.095419,0.399373,-49.196808,-56.376860,29.498851,5.479888,-1.093713,-0.398946,0.000000,0.000000,-11.287158,-49.560190,-60.793605,29.999487,4.552625,-6.189132,0.000428,0.000000,0.000000,-53.662406,-49.560190,-60.793605,29.399487,4.737375,-6.936949,-0.282667,0.000000,0.000000,0.000000,-0.363382,-4.416745,0.500636,4.459856,-0.927264,-5.095419,0.399373,5.194479,nan,nan,nan,0,nan,nan,nan,0,nan,nan,nan,nan,nan,nan,nan,nan,nan,nan,nan,nan,nan,nan,nan,nan,nan,nan,nan,nan,nan,nan,nan,nan,nan,nan,nan,nan,nan,nan,nan,nan,nan,nan,nan,nan,nan,nan,nan,nan,nan,nan,nan,nan,nan,nan,nan,nan,nan,nan,3.000000,4.431668,3.342544,-2.909825,3.555120,-3.766197,4.441854,3.342544,-2.909825,0.300636,7.683212,0.000000,5.194479,1.113165,1.000000,1.000000,0.000000,0.000000,0.000000,0.000000,0.000000,0.000000,0.000000,1.000000,4.000000,0.000000,2.000000,47.445734,-1.761851,nan
30.180,TRACKING,4.715966,-0.398496,-4.670266,0.519758,-0.702264,-5.070419,0.382441,-48.929064,-56.437796,29.479749,5.354888,-1.218713,-0.382031,0.000000,0.000000,-12.821484,-49.327559,-61.108062,29.999507,4.652625,-6.289132,0.000410,0.000000,0.000000,-53.506406,-49.327559,-61.108062,29.399507,4.755358,-6.786949,-0.259586,0.000000,0.000000,0.000000,-0.398496,-4.670266,0.519758,4.715966,-0.702264,-5.070419,0.382441,5.133087,nan,nan,nan,0,nan,nan,nan,0,nan,nan,nan,nan,nan,nan,nan,nan,nan,nan,nan,nan,nan,nan,nan,nan,nan,nan,nan,nan,nan,nan,nan,nan,nan,nan,nan,nan,nan,nan,nan,nan,nan,nan,nan,nan,nan,nan,nan,nan,nan,nan,nan,nan,nan,nan,nan,nan,nan,nan,3.000000,4.687236,3.517537,-3.097921,3.658569,-3.580112,4.698130,3.517537,-3.097921,0.319758,7.823049,0.000000,5.133087,1.113165,1.000000,1.000000,0.000000,0.000000,0.000000,0.000000,0.000000,0.000000,0.000000,1.000000,4.000000,0.000000,2.000000,47.568226,-1.781257,nan
30.220,TRACKING,4.969696,-0.422359,-4.922537,0.536769,-0.477264,-5.045419,0.340222,-48.667569,-56.504982,29.462758,5.229888,-1.343713,-0.339828,0.000000,0.000000,-14.409305,-49.089928,-61.427518,29.999527,4.752625,-6.389132,0.000394,0.000000,0.000000,-53.355887,-49.089928,-61.427518,29.399527,4.772857,-6.686949,-0.224808,0.000000,0.000000,0.000000,-0.422359,-4.922537,0.536769,4.969696,-0.477264,-5.045419,0.340222,5.079349,nan,nan,nan,0,nan,nan,nan,0,nan,nan,nan,nan,nan,nan,nan,nan,nan,nan,nan,nan,nan,nan,nan,nan,nan,nan,nan,nan,nan,nan,nan,nan,nan,nan,nan,nan,nan,nan,nan,nan,nan,nan,nan,nan,nan,nan,nan,nan,nan,nan,nan,nan,nan,nan,nan,nan,nan,nan,3.000000,4.940623,3.697556,-3.276864,3.763382,-3.394259,4.952087,3.697556,-3.276864,0.336769,7.962942,0.000000,5.079349,1.113165,1.000000,1.000000,0.000000,0.000000,0.000000,0.000000,0.000000,0.000000,0.000000,1.000000,4.000000,0.000000,2.000000,47.697055,-1.801458,nan
30.280,TRACKING,5.220988,-0.434972,-5.173558,0.551190,-0.252264,-5.020419,0.288417,-48.412325,-56.578417,29.448356,5.104888,-1.468713,-0.288039,0.000000,0.000000,-16.050901,-48.847297,-61.751975,29.999546,4.852625,-6.489132,0.000378,0.000000,0.000000,-53.210567,-48.847297,-61.751975,29.399546,4.789699,-6.536949,-0.186942,0.000000,0.000000,0.000000,-0.434972,-5.173558,0.551190,5.220988,-0.252264,-5.020419,0.288417,5.035020,nan,nan,nan,0,nan,nan,nan,0,nan,nan,nan,nan,nan,nan,nan,nan,nan,nan,nan,nan,nan,nan,nan,nan,nan,nan,nan,nan,nan,nan,nan,nan,nan,nan,nan,nan,nan,nan,nan,nan,nan,nan,nan,nan,nan,nan,nan,nan,nan,nan,nan,nan,nan,nan,nan,nan,nan,nan,3.000000,5.191811,3.882707,-3.446663,3.869487,-3.208632,5.203675,3.882707,-3.446663,0.351190,8.102888,0.000000,5.035020,1.113165,1.000000,1.000000,0.000000,0.000000,0.000000,0.000000,0.000000,0.000000,0.000000,1.000000,4.000000,0.000000,2.000000,47.832192,-1.822485,nan
30.320,TRACKING,5.469875,-0.436335,-5.423299,0.562996,-0.027264,-4.994827,0.236115,-48.163330,-56.658103,29.436568,4.979888,-1.593713,-0.235752,0.000000,0.000000,-17.746218,-48.599665,-62.081402,29.999564,4.952625,-6.588540,0.000363,0.000000,0.000000,-53.067709,-48.599665,-62.081402,29.399564,4.806113,-6.436949,-0.150772,0.000000,0.000000,0.000000,-0.436335,-5.423299,0.562996,5.469875,-0.027264,-4.994827,0.236115,5.000479,nan,nan,nan,0,nan,nan,nan,0,nan,nan,nan,nan,nan,nan,nan,nan,nan,nan,nan,nan,nan,nan,nan,nan,nan,nan,nan,nan,nan,nan,nan,nan,nan,nan,nan,nan,nan,nan,nan,nan,nan,nan,nan,nan,nan,nan,nan,nan,nan,nan,nan,nan,nan,nan,nan,nan,nan,nan,3.000000,5.440824,4.072912,-3.607485,3.976214,-3.023039,5.452919,4.072912,-3.607485,0.362996,8.242411,0.000000,5.000479,1.113165,1.000000,1.000000,0.000000,0.000000,0.000000,0.000000,0.000000,0.000000,0.000000,1.000000,4.000000,0.000000,2.000000,47.973593,-1.844371,nan
30.380,TRACKING,5.708735,-0.426448,-5.663935,0.572402,0.197736,-4.812711,0.188125,-47.920586,-56.744038,29.427179,4.854888,-1.718713,-0.187776,0.000000,0.000000,-19.494823,-48.347034,-62.407973,29.999582,5.052625,-6.531423,0.000349,0.000000,0.000000,-52.274928,-48.347034,-62.407973,29.399582,4.894448,-6.326951,-0.118613,0.000000,0.000000,0.000000,-0.426448,-5.663935,0.572402,5.708735,0.197736,-4.812711,0.188125,4.820444,nan,nan,nan,0,nan,nan,nan,0,nan,nan,nan,nan,nan,nan,nan,nan,nan,nan,nan,nan,nan,nan,nan,nan,nan,nan,nan,nan,nan,nan,nan,nan,nan,nan,nan,nan,nan,nan,nan,nan,nan,nan,nan,nan,nan,nan,nan,nan,nan,nan,nan,nan,nan,nan,nan,nan,nan,nan,3.000000,5.679966,4.218990,-3.802912,3.927631,-2.788368,5.692161,4.218990,-3.802912,0.372402,8.257633,0.000000,4.820444,1.113165,1.000000,1.000000,0.000000,0.000000,0.000000,0.000000,0.000000,0.000000,0.000000,1.000000,4.000000,0.000000,2.000000,48.115981,-1.866473,nan
30.420,TRACKING,5.937802,-0.405312,-5.895518,0.579729,0.422736,-4.631666,0.146545,-47.684091,-56.836224,29.419869,4.729888,-1.843713,-0.146210,0.000000,0.000000,-21.295858,-48.089403,-62.731742,29.999598,5.152625,-6.475378,0.000335,0.000000,0.000000,-51.489834,-48.089403,-62.731742,29.399598,4.980903,-6.259573,-0.091390,0.000000,0.000000,0.000000,-0.405312,-5.895518,0.579729,5.937802,0.422736,-4.631666,0.146545,4.653226,nan,nan,nan,0,nan,nan,nan,0,nan,nan,nan,nan,nan,nan,nan,nan,nan,nan,nan,nan,nan,nan,nan,nan,nan,nan,nan,nan,nan,nan,nan,nan,nan,nan,nan,nan,nan,nan,nan,nan,nan,nan,nan,nan,nan,nan,nan,nan,nan,nan,nan,nan,nan,nan,nan,nan,nan,nan,3.000000,5.909434,4.360861,-3.988020,3.887486,-2.553133,5.921622,4.360861,-3.988020,0.379729,8.275268,-0.000000,4.653226,1.113165,1.000000,1.000000,0.000000,0.000000,0.000000,0.000000,0.000000,0.000000,0.000000,1.000000,4.000000,0.000000,2.000000,48.259494,-1.888844,nan
30.480,TRACKING,6.157342,-0.372925,-6.118103,0.585329,0.647736,-4.451691,0.111982,-47.453847,-56.934660,29.414286,4.604888,-1.968713,-0.111661,0.000000,0.000000,-23.147999,-47.826772,-63.052762,29.999614,5.252625,-6.420404,0.000321,0.000000,0.000000,-50.712907,-47.826772,-63.052762,29.399614,5.065463,-6.191632,-0.069147,0.000000,0.000000,0.000000,-0.372925,-6.118103,0.585329,6.157342,0.647736,-4.451691,0.111982,4.499962,nan,nan,nan,0,nan,nan,nan,0,nan,nan,nan,nan,nan,nan,nan,nan,nan,nan,nan,nan,nan,nan,nan,nan,nan,nan,nan,nan,nan,nan,nan,nan,nan,nan,nan,nan,nan,nan,nan,nan,nan,nan,nan,nan,nan,nan,nan,nan,nan,nan,nan,nan,nan,nan,nan,nan,nan,nan,3.000000,6.129458,4.499168,-4.162660,3.855683,-2.317503,6.141558,4.499168,-4.162660,0.385329,8.295279,0.000000,4.499962,1.113165,1.000000,1.000000,0.000000,0.000000,0.000000,0.000000,0.000000,0.000000,0.000000,1.000000,4.000000,0.000000,2.000000,48.404279,-1.911533,nan
30.520,TRACKING,6.368008,-0.336191,-6.331742,0.589535,0.734671,-4.272784,0.084126,-47.222949,-57.039345,29.410095,4.617953,-2.093713,-0.083818,0.000000,0.000000,-24.388845,-47.559141,-63.371087,29.999630,5.352625,-6.366496,0.000308,0.000000,0.000000,-49.944592,-47.559141,-63.371087,29.399630,5.148118,-6.123253,-0.051459,0.000000,0.000000,0.000000,-0.336191,-6.331742,0.589535,6.368008,0.734671,-4.272784,0.084126,4.336300,nan,nan,nan,0,nan,nan,nan,0,nan,nan,nan,nan,nan,nan,nan,nan,nan,nan,nan,nan,nan,nan,nan,nan,nan,nan,nan,nan,nan,nan,nan,nan,nan,nan,nan,nan,nan,nan,nan,nan,nan,nan,nan,nan,nan,nan,nan,nan,nan,nan,nan,nan,nan,nan,nan,nan,nan,nan,3.000000,6.340661,4.630109,-4.331982,3.743266,-2.187322,6.352615,4.630109,-4.331982,0.389535,8.317624,0.000000,4.336300,1.113165,1.000000,1.000000,0.000000,0.000000,0.000000,0.000000,0.000000,0.000000,0.000000,1.000000,4.000000,0.000000,2.000000,48.545114,-1.908398,nan
30.580,TRACKING,6.570186,-0.300708,-6.536489,0.592646,0.709671,-4.094937,0.062221,-46.985802,-57.150281,29.406999,4.742953,-2.218713,-0.061924,0.000000,0.000000,-25.069786,-47.286509,-63.686770,29.999645,5.452625,-6.313650,0.000296,0.000000,0.000000,-49.185295,-47.286509,-63.686770,29.399645,5.228861,-6.054551,-0.037704,0.000000,0.000000,0.000000,-0.300708,-6.536489,0.592646,6.570186,0.709671,-4.094937,0.062221,4.156443,nan,nan,nan,0,nan,nan,nan,0,nan,nan,nan,nan,nan,nan,nan,nan,nan,nan,nan,nan,nan,nan,nan,nan,nan,nan,nan,nan,nan,nan,nan,nan,nan,nan,nan,nan,nan,nan,nan,nan,nan,nan,nan,nan,nan,nan,nan,nan,nan,nan,nan,nan,nan,nan,nan,nan,nan,nan,3.000000,6.543402,4.750446,-4.499930,3.563012,-2.139413,6.555172,4.750446,-4.499930,0.392646,8.342259,0.000000,4.156443,1.113165,1.000000,1.000000,0.000000,0.000000,0.000000,0.000000,0.000000,0.000000,0.000000,1.000000,4.000000,0.000000,2.000000,48.677756,-1.885660,nan
30.620,TRACKING,6.763881,-0.266474,-6.732396,0.594913,0.684671,-3.918144,0.045342,-46.742404,-57.267467,29.404746,4.867953,-2.343713,-0.045058,0.000000,0.000000,-25.708837,-47.008878,-63.999862,29.999659,5.552625,-6.261856,0.000284,0.000000,0.000000,-48.435384,-47.008878,-63.999862,29.399659,5.307684,-5.985629,-0.027207,0.000000,0.000000,0.000000,-0.266474,-6.732396,0.594913,6.763881,0.684671,-3.918144,0.045342,3.977773,nan,nan,nan,0,nan,nan,nan,0,nan,nan,nan,nan,nan,nan,nan,nan,nan,nan,nan,nan,nan,nan,nan,nan,nan,nan,nan,nan,nan,nan,nan,nan,nan,nan,nan,nan,nan,nan,nan,nan,nan,nan,nan,nan,nan,nan,nan,nan,nan,nan,nan,nan,nan,nan,nan,nan,nan,nan,3.000000,6.737667,4.860436,-4.666082,3.385841,-2.087272,6.749231,4.860436,-4.666082,0.394913,8.369139,0.000000,3.977773,1.113165,1.000000,1.000000,0.000000,0.000000,0.000000,0.000000,0.000000,0.000000,0.000000,1.000000,4.000000,0.000000,2.000000,48.802299,-1.864522,nan
30.680,TRACKING,6.949097,-0.233239,-6.919515,0.596541,0.664710,-3.742392,0.032567,-46.493008,-57.390902,29.403131,4.987915,-2.468713,-0.032294,0.000000,0.000000,-26.332594,-46.726247,-64.310418,29.999673,5.652625,-6.211105,0.000273,0.000000,0.000000,-47.695186,-46.726247,-64.310418,29.399673,5.384582,-5.916579,-0.019331,0.000000,0.000000,0.000000,-0.233239,-6.919515,0.596541,6.949097,0.664710,-3.742392,0.032567,3.801105,nan,nan,nan,0,nan,nan,nan,0,nan,nan,nan,nan,nan,nan,nan,nan,nan,nan,nan,nan,nan,nan,nan,nan,nan,nan,nan,nan,nan,nan,nan,nan,nan,nan,nan,nan,nan,nan,nan,nan,nan,nan,nan,nan,nan,nan,nan,nan,nan,nan,nan,nan,nan,nan,nan,nan,nan,nan,3.000000,6.923445,4.960510,-4.829848,3.215177,-2.027307,6.934792,4.960510,-4.829848,0.396541,8.398213,0.000000,3.801105,1.113165,1.000000,1.000000,0.000000,0.000000,0.000000,0.000000,0.000000,0.000000,0.000000,1.000000,4.000000,0.000000,2.000000,48.919035,-1.845707,nan
30.720,TRACKING,7.125850,-0.200842,-7.097899,0.597694,0.647929,-3.567670,0.023052,-46.237774,-57.520588,29.401992,5.104695,-2.593713,-0.022790,0.000000,0.000000,-26.935274,-46.438616,-64.618487,29.999686,5.752625,-6.161382,0.000262,0.000000,0.000000,-46.964991,-46.438616,-64.618487,29.399686,5.459553,-5.847486,-0.013512,0.000000,0.000000,0.000000,-0.200842,-7.097899,0.597694,7.125850,0.647929,-3.567670,0.023052,3.626102,nan,nan,nan,0,nan,nan,nan,0,nan,nan,nan,nan,nan,nan,nan,nan,nan,nan,nan,nan,nan,nan,nan,nan,nan,nan,nan,nan,nan,nan,nan,nan,nan,nan,nan,nan,nan,nan,nan,nan,nan,nan,nan,nan,nan,nan,nan,nan,nan,nan,nan,nan,nan,nan,nan,nan,nan,nan,3.000000,7.100740,5.051052,-4.990729,3.049918,-1.961143,7.111868,5.051052,-4.990729,0.397694,8.429432,0.000000,3.626102,1.113165,1.000000,1.000000,0.000000,0.000000,0.000000,0.000000,0.000000,0.000000,0.000000,1.000000,4.000000,0.000000,2.000000,49.028184,-1.828778,nan
30.780,TRACKING,7.294160,-0.169138,-7.267597,0.598497,0.634082,-3.393962,0.016070,-45.976846,-57.656523,29.401201,5.218543,-2.718713,-0.015818,0.000000,0.000000,-27.518235,-46.145984,-64.924120,29.999698,5.852625,-6.112674,0.000252,0.000000,0.000000,-46.245051,-46.145984,-64.924120,29.399698,5.532603,-5.778433,-0.003456,0.000000,0.000000,0.000000,-0.169138,-7.267597,0.598497,7.294160,0.634082,-3.393962,0.016070,3.452723,nan,nan,nan,0,nan,nan,nan,0,nan,nan,nan,nan,nan,nan,nan,nan,nan,nan,nan,nan,nan,nan,nan,nan,nan,nan,nan,nan,nan,nan,nan,nan,nan,nan,nan,nan,nan,nan,nan,nan,nan,nan,nan,nan,nan,nan,nan,nan,nan,nan,nan,nan,nan,nan,nan,nan,nan,nan,3.000000,7.269565,5.132444,-5.148261,2.889989,-1.889181,7.280479,5.132444,-5.148261,0.398497,8.462742,-0.000000,3.452723,1.113165,1.000000,1.000000,0.000000,0.000000,0.000000,0.000000,0.000000,0.000000,0.000000,1.000000,4.000000,0.000000,2.000000,49.129953,-1.813591,nan
30.820,TRACKING,7.454028,-0.137989,-7.428660,0.598757,0.622987,-3.221251,0.005200,-45.710365,-57.798709,29.400953,5.329637,-2.843713,-0.004959,0.000000,0.000000,-28.082858,-45.848353,-65.227369,29.999710,5.952625,-6.064964,0.000241,0.000000,0.000000,-45.535579,-45.848353,-65.227369,29.399710,5.603730,-5.709484,-0.001366,0.000000,0.000000,0.000000,-0.137989,-7.428660,0.598757,7.454028,0.622987,-3.221251,0.005200,3.280945,nan,nan,nan,0,nan,nan,nan,0,nan,nan,nan,nan,nan,nan,nan,nan,nan,nan,nan,nan,nan,nan,nan,nan,nan,nan,nan,nan,nan,nan,nan,nan,nan,nan,nan,nan,nan,nan,nan,nan,nan,nan,nan,nan,nan,nan,nan,nan,nan,nan,nan,nan,nan,nan,nan,nan,nan,nan,3.000000,7.429941,5.205071,-5.302006,2.735342,-1.811761,7.440634,5.205071,-5.302006,0.398757,8.498089,0.000000,3.280945,1.113165,1.000000,1.000000,0.000000,0.000000,0.000000,0.000000,0.000000,0.000000,0.000000,1.000000,4.000000,0.000000,2.000000,49.224548,-1.800025,nan
30.880,TRACKING,7.605511,-0.107265,-7.581136,0.598899,0.614481,-3.049519,0.002841,-45.438457,-57.947145,29.400822,5.438143,-2.968713,-0.002609,0.000000,0.000000,-28.630370,-45.545722,-65.528280,29.999722,6.052625,-6.018232,0.000232,0.000000,0.000000,-44.836750,-45.545722,-65.528280,29.399722,5.672949,-5.640714,-0.000872,0.000000,0.000000,0.000000,-0.107265,-7.581136,0.598899,7.605511,0.614481,-3.049519,0.002841,3.110814,nan,nan,nan,0,nan,nan,nan,0,nan,nan,nan,nan,nan,nan,nan,nan,nan,nan,nan,nan,nan,nan,nan,nan,nan,nan,nan,nan,nan,nan,nan,nan,nan,nan,nan,nan,nan,nan,nan,nan,nan,nan,nan,nan,nan,nan,nan,nan,nan,nan,nan,nan,nan,nan,nan,nan,nan,nan,3.000000,7.581894,5.269313,-5.451556,2.585923,-1.729207,7.592381,5.269313,-5.451556,0.398899,8.535419,0.000000,3.110814,1.113165,1.000000,1.000000,0.000000,0.000000,0.000000,0.000000,0.000000,0.000000,0.000000,1.000000,4.000000,0.000000,2.000000,49.312164,-1.787973,nan
30.920,TRACKING,7.748643,-0.076845,-7.725073,0.599009,0.608393,-2.878746,0.002195,-45.161246,-58.101830,29.400724,5.544232,-3.093713,-0.001973,0.000000,0.000000,-29.161764,-45.238091,-65.826903,29.999733,6.152625,-5.972458,0.000223,0.000000,0.000000,-44.148706,-45.238091,-65.826903,29.399733,5.740276,-5.572184,-0.000704,0.000000,0.000000,0.000000,-0.076845,-7.725073,0.599009,7.748643,0.608393,-2.878746,0.002195,2.942333,nan,nan,nan,0,nan,nan,nan,0,nan,nan,nan,nan,nan,nan,nan,nan,nan,nan,nan,nan,nan,nan,nan,nan,nan,nan,nan,nan,nan,nan,nan,nan,nan,nan,nan,nan,nan,nan,nan,nan,nan,nan,nan,nan,nan,nan,nan,nan,nan,nan,nan,nan,nan,nan,nan,nan,nan,nan,3.000000,7.725455,5.325552,-5.596530,2.441656,-1.641839,7.735752,5.325552,-5.596530,0.399009,8.574675,0.000000,2.942333,1.113165,1.000000,1.000000,0.000000,0.000000,0.000000,0.000000,0.000000,0.000000,0.000000,1.000000,4.000000,0.000000,2.000000,49.392993,-1.777340,nan
30.980,TRACKING,7.883454,-0.046617,-7.860518,0.599105,0.604563,-2.708909,0.001909,-44.878843,-58.262766,29.400639,5.648062,-3.218713,-0.001695,0.000000,0.000000,-29.677913,-44.925460,-66.123284,29.999744,6.252625,-5.927622,0.000214,0.000000,0.000000,-43.471551,-44.925460,-66.123284,29.399744,5.805729,-5.503955,-0.000609,0.000000,0.000000,0.000000,-0.046617,-7.860518,0.599105,7.883454,0.604563,-2.708909,0.001909,2.775552,nan,nan,nan,0,nan,nan,nan,0,nan,nan,nan,nan,nan,nan,nan,nan,nan,nan,nan,nan,nan,nan,nan,nan,nan,nan,nan,nan,nan,nan,nan,nan,nan,nan,nan,nan,nan,nan,nan,nan,nan,nan,nan,nan,nan,nan,nan,nan,nan,nan,nan,nan,nan,nan,nan,nan,nan,nan,3.000000,7.860656,5.374161,-5.736576,2.302455,-1.549963,7.870782,5.374161,-5.736576,0.399105,8.615800,0.000000,2.775552,1.113165,1.000000,1.000000,0.000000,0.000000,0.000000,0.000000,0.000000,0.000000,0.000000,1.000000,4.000000,0.000000,2.000000,49.467219,-1.768041,nan
31.020,TRACKING,8.009977,-0.016475,-7.987518,0.599190,0.602836,-2.539986,0.001709,-44.591353,-58.429952,29.400564,5.749788,-3.343713,-0.001504,0.000000,0.000000,-30.179569,-44.607828,-66.417469,29.999754,6.352625,-5.883698,0.000205,0.000000,0.000000,-42.805358,-44.607828,-66.417469,29.399754,5.869331,-5.436079,-0.000534,0.000000,0.000000,0.000000,-0.016475,-7.987518,0.599190,8.009977,0.602836,-2.539986,0.001709,2.610545,nan,nan,nan,0,nan,nan,nan,0,nan,nan,nan,nan,nan,nan,nan,nan,nan,nan,nan,nan,nan,nan,nan,nan,nan,nan,nan,nan,nan,nan,nan,nan,nan,nan,nan,nan,nan,nan,nan,nan,nan,nan,nan,nan,nan,nan,nan,nan,nan,nan,nan,nan,nan,nan,nan,nan,nan,nan,3.000000,7.987535,5.415510,-5.871368,2.168226,-1.453869,7.997503,5.415510,-5.871368,0.399190,8.658738,0.000000,2.610545,1.113165,1.000000,1.000000,0.000000,0.000000,0.000000,0.000000,0.000000,0.000000,0.000000,1.000000,4.000000,0.000000,2.000000,49.535023,-1.760002,nan
31.080,TRACKING,8.128248,0.013678,-8.106115,0.599267,0.603064,-2.371952,0.001541,-44.298875,-58.603387,29.400497,5.849561,-3.468713,-0.001344,0.000000,0.000000,-30.667383,-44.285197,-66.709502,29.999764,6.452625,-5.840664,0.000197,0.000000,0.000000,-42.150167,-44.285197,-66.709502,29.399764,5.931108,-5.368608,-0.000470,0.000000,0.000000,0.000000,0.013678,-8.106115,0.599267,8.128248,0.603064,-2.371952,0.001541,2.447416,nan,nan,nan,0,nan,nan,nan,0,nan,nan,nan,nan,nan,nan,nan,nan,nan,nan,nan,nan,nan,nan,nan,nan,nan,nan,nan,nan,nan,nan,nan,nan,nan,nan,nan,nan,nan,nan,nan,nan,nan,nan,nan,nan,nan,nan,nan,nan,nan,nan,nan,nan,nan,nan,nan,nan,nan,nan,3.000000,8.106127,5.449960,-6.000602,2.038865,-1.353836,8.115954,5.449960,-6.000602,0.399267,8.703432,0.000000,2.447416,1.113165,1.000000,1.000000,0.000000,0.000000,0.000000,0.000000,0.000000,0.000000,0.000000,1.000000,4.000000,0.000000,2.000000,49.596578,-1.753155,nan
31.120,TRACKING,8.238301,0.043933,-8.216354,0.599337,0.605102,-2.204781,0.001392,-44.001499,-58.783073,29.400436,5.947522,-3.593713,-0.001203,0.000000,0.000000,-31.141921,-43.957566,-66.999427,29.999773,6.552625,-5.798493,0.000189,0.000000,0.000000,-41.505988,-43.957566,-66.999427,29.399773,5.991092,-5.301586,-0.000413,0.000000,0.000000,0.000000,0.043933,-8.216354,0.599337,8.238301,0.605102,-2.204781,0.001392,2.286309,nan,nan,nan,0,nan,nan,nan,0,nan,nan,nan,nan,nan,nan,nan,nan,nan,nan,nan,nan,nan,nan,nan,nan,nan,nan,nan,nan,nan,nan,nan,nan,nan,nan,nan,nan,nan,nan,nan,nan,nan,nan,nan,nan,nan,nan,nan,nan,nan,nan,nan,nan,nan,nan,nan,nan,nan,nan,3.000000,8.216472,5.477865,-6.124002,1.914257,-1.250130,8.226170,5.477865,-6.124002,0.399337,8.749824,0.000000,2.286309,1.113165,1.000000,1.000000,0.000000,0.000000,0.000000,0.000000,0.000000,0.000000,0.000000,1.000000,4.000000,0.000000,2.000000,49.652054,-1.747441,nan
31.180,TRACKING,8.340176,0.074374,-8.318276,0.599400,0.608813,-2.038446,0.001258,-43.699309,-58.969008,29.400383,6.043812,-3.718713,-0.001076,0.000000,0.000000,-31.603677,-43.624935,-67.287285,29.999782,6.652625,-5.757159,0.000181,0.000000,0.000000,-40.872801,-43.624935,-67.287285,29.399782,6.049314,-5.235055,-0.000362,0.000000,0.000000,0.000000,0.074374,-8.318276,0.599400,8.340176,0.608813,-2.038446,0.001258,2.127420,nan,nan,nan,0,nan,nan,nan,0,nan,nan,nan,nan,nan,nan,nan,nan,nan,nan,nan,nan,nan,nan,nan,nan,nan,nan,nan,nan,nan,nan,nan,nan,nan,nan,nan,nan,nan,nan,nan,nan,nan,nan,nan,nan,nan,nan,nan,nan,nan,nan,nan,nan,nan,nan,nan,nan,nan,nan,3.000000,8.318609,5.499569,-6.241314,1.794285,-1.143004,8.328192,5.499569,-6.241314,0.399400,8.797857,0.000000,2.127420,1.113165,1.000000,1.000000,0.000000,0.000000,0.000000,0.000000,0.000000,0.000000,0.000000,1.000000,4.000000,0.000000,2.000000,49.701615,-1.742808,nan
31.220,TRACKING,8.433909,0.105077,-8.411922,0.599456,0.614062,-1.872920,0.001137,-43.392380,-59.161194,29.400335,6.138562,-3.843713,-0.000962,0.000000,0.000000,-32.053087,-43.287303,-67.573117,29.999791,6.752625,-5.716632,0.000174,0.000000,0.000000,-40.250561,-43.287303,-67.573117,29.399791,6.105809,-5.169052,-0.000317,0.000000,0.000000,0.000000,0.105077,-8.411922,0.599456,8.433909,0.614062,-1.872920,0.001137,1.971015,nan,nan,nan,0,nan,nan,nan,0,nan,nan,nan,nan,nan,nan,nan,nan,nan,nan,nan,nan,nan,nan,nan,nan,nan,nan,nan,nan,nan,nan,nan,nan,nan,nan,nan,nan,nan,nan,nan,nan,nan,nan,nan,nan,nan,nan,nan,nan,nan,nan,nan,nan,nan,nan,nan,nan,nan,nan,3.000000,8.412579,5.515405,-6.352306,1.678821,-1.032696,8.422057,5.515405,-6.352306,0.399456,8.847475,-0.000000,1.971015,1.113165,1.000000,1.000000,0.000000,0.000000,0.000000,0.000000,0.000000,0.000000,0.000000,1.000000,4.000000,0.000000,2.000000,49.745422,-1.739210,nan
31.280,TRACKING,8.519541,0.136113,-8.497331,0.599508,0.620723,-1.708172,0.001027,-43.080785,-59.359630,29.400292,6.231902,-3.968713,-0.000860,0.000000,0.000000,-32.490538,-42.944672,-67.856961,29.999799,6.852625,-5.676885,0.000167,0.000000,0.000000,-39.639197,-42.944672,-67.856961,29.399799,6.160616,-5.103608,-0.000276,0.000000,0.000000,0.000000,0.136113,-8.497331,0.599508,8.519541,0.620723,-1.708172,0.001027,1.817457,nan,nan,nan,0,nan,nan,nan,0,nan,nan,nan,nan,nan,nan,nan,nan,nan,nan,nan,nan,nan,nan,nan,nan,nan,nan,nan,nan,nan,nan,nan,nan,nan,nan,nan,nan,nan,nan,nan,nan,nan,nan,nan,nan,nan,nan,nan,nan,nan,nan,nan,nan,nan,nan,nan,nan,nan,nan,3.000000,8.498421,5.525698,-6.456766,1.567735,-0.919433,8.507806,5.525698,-6.456766,0.399508,8.898623,-0.000000,1.817457,1.113165,1.000000,1.000000,0.000000,0.000000,0.000000,0.000000,0.000000,0.000000,0.000000,1.000000,4.000000,0.000000,2.000000,49.783630,-1.736607,nan
31.320,TRACKING,8.597108,0.167547,-8.574540,0.599554,0.628673,-1.544174,0.000929,-42.764588,-59.564315,29.400253,6.323952,-4.093713,-0.000768,0.000000,0.000000,-32.916377,-42.597041,-68.138855,29.999807,6.952625,-5.637887,0.000161,0.000000,0.000000,-39.038614,-42.597041,-68.138855,29.399807,6.213773,-5.038752,-0.000240,0.000000,0.000000,0.000000,0.167547,-8.574540,0.599554,8.597108,0.628673,-1.544174,0.000929,1.667245,nan,nan,nan,0,nan,nan,nan,0,nan,nan,nan,nan,nan,nan,nan,nan,nan,nan,nan,nan,nan,nan,nan,nan,nan,nan,nan,nan,nan,nan,nan,nan,nan,nan,nan,nan,nan,nan,nan,nan,nan,nan,nan,nan,nan,nan,nan,nan,nan,nan,nan,nan,nan,nan,nan,nan,nan,nan,3.000000,8.576177,5.530760,-6.554502,1.460893,-0.803428,8.585479,5.530760,-6.554502,0.399554,8.951243,0.000000,1.667245,1.113165,1.000000,1.000000,0.000000,0.000000,0.000000,0.000000,0.000000,0.000000,0.000000,1.000000,4.000000,0.000000,2.000000,49.816392,-1.734961,nan
31.380,TRACKING,8.666651,0.199437,-8.643585,0.599596,0.637795,-1.380895,0.000840,-42.443846,-59.775251,29.400219,6.414830,-4.218713,-0.000686,0.000000,0.000000,-33.330919,-42.244410,-68.418835,29.999815,7.052625,-5.599607,0.000154,0.000000,0.000000,-38.448694,-42.244410,-68.418835,29.399815,6.265322,-4.974509,-0.000208,0.000000,0.000000,0.000000,0.199437,-8.643585,0.599596,8.666651,0.637795,-1.380895,0.000840,1.521070,nan,nan,nan,0,nan,nan,nan,0,nan,nan,nan,nan,nan,nan,nan,nan,nan,nan,nan,nan,nan,nan,nan,nan,nan,nan,nan,nan,nan,nan,nan,nan,nan,nan,nan,nan,nan,nan,nan,nan,nan,nan,nan,nan,nan,nan,nan,nan,nan,nan,nan,nan,nan,nan,nan,nan,nan,nan,3.000000,8.645885,5.530890,-6.645343,1.358158,-0.684879,8.655114,5.530890,-6.645343,0.399596,9.005283,0.000000,1.521070,1.113165,1.000000,1.000000,0.000000,0.000000,0.000000,0.000000,0.000000,0.000000,0.000000,1.000000,4.000000,0.000000,2.000000,49.843856,-1.734243,nan
31.420,TRACKING,8.728208,0.231836,-8.704500,0.599634,0.647978,-1.218302,0.000760,-42.118614,-59.992437,29.400188,6.504646,-4.343713,-0.000612,0.000000,0.000000,-33.734450,-41.886778,-68.696936,29.999822,7.152625,-5.562014,0.000148,0.000000,0.000000,-37.869303,-41.886778,-68.696936,29.399822,6.315305,-4.910899,-0.000180,0.000000,0.000000,0.000000,0.231836,-8.704500,0.599634,8.728208,0.647978,-1.218302,0.000760,1.379904,nan,nan,nan,0,nan,nan,nan,0,nan,nan,nan,nan,nan,nan,nan,nan,nan,nan,nan,nan,nan,nan,nan,nan,nan,nan,nan,nan,nan,nan,nan,nan,nan,nan,nan,nan,nan,nan,nan,nan,nan,nan,nan,nan,nan,nan,nan,nan,nan,nan,nan,nan,nan,nan,nan,nan,nan,nan,3.000000,8.707586,5.526379,-6.729131,1.259392,-0.563974,8.716752,5.526379,-6.729131,0.399634,9.060687,0.000000,1.379904,1.113165,1.000000,1.000000,0.000000,0.000000,0.000000,0.000000,0.000000,0.000000,0.000000,1.000000,4.000000,0.000000,2.000000,49.866167,-1.734424,nan
31.480,TRACKING,8.781818,0.264791,-8.757318,0.599669,0.659117,-1.056364,0.000687,-41.788939,-60.215872,29.400161,6.593507,-4.468713,-0.000545,0.000000,0.000000,-34.127236,-41.524147,-68.973190,29.999830,7.252625,-5.525076,0.000142,0.000000,0.000000,-37.300284,-41.524147,-68.973190,29.399830,6.363764,-4.847939,-0.000154,0.000000,0.000000,0.000000,0.264791,-8.757318,0.599669,8.781818,0.659117,-1.056364,0.000687,1.245127,nan,nan,nan,0,nan,nan,nan,0,nan,nan,nan,nan,nan,nan,nan,nan,nan,nan,nan,nan,nan,nan,nan,nan,nan,nan,nan,nan,nan,nan,nan,nan,nan,nan,nan,nan,nan,nan,nan,nan,nan,nan,nan,nan,nan,nan,nan,nan,nan,nan,nan,nan,nan,nan,nan,nan,nan,nan,3.000000,8.761320,5.517501,-6.805726,1.164457,-0.440886,8.770431,5.517501,-6.805726,0.399669,9.117403,0.000000,1.245127,1.113165,1.000000,1.000000,0.000000,0.000000,0.000000,0.000000,0.000000,0.000000,0.000000,1.000000,4.000000,0.000000,2.000000,49.883468,-1.735480,nan
31.520,TRACKING,8.827519,0.298347,-8.802070,0.599700,0.671111,-0.895047,0.000622,-41.454863,-60.445558,29.400137,6.681514,-4.593713,-0.000485,0.000000,0.000000,-34.509524,-41.156516,-69.247628,29.999836,7.352625,-5.488759,0.000136,0.000000,0.000000,-36.741465,-41.156516,-69.247628,29.399836,6.410743,-4.785642,-0.000131,0.000000,0.000000,0.000000,0.298347,-8.802070,0.599700,8.827519,0.671111,-0.895047,0.000622,1.118704,nan,nan,nan,0,nan,nan,nan,0,nan,nan,nan,nan,nan,nan,nan,nan,nan,nan,nan,nan,nan,nan,nan,nan,nan,nan,nan,nan,nan,nan,nan,nan,nan,nan,nan,nan,nan,nan,nan,nan,nan,nan,nan,nan,nan,nan,nan,nan,nan,nan,nan,nan,nan,nan,nan,nan,nan,nan,3.000000,8.807125,5.504523,-6.875004,1.073212,-0.315777,8.816190,5.504523,-6.875004,0.399700,9.175378,0.000000,1.118704,1.113165,1.000000,1.000000,0.000000,0.000000,0.000000,0.000000,0.000000,0.000000,0.000000,1.000000,4.000000,0.000000,2.000000,49.895899,-1.736987,nan
31.580,TRACKING,8.865348,0.332540,-8.838786,0.599728,0.683865,-0.734318,0.000563,-41.116425,-60.681493,29.400115,6.768760,-4.718713,-0.000432,0.000000,0.000000,-34.881550,-40.783885,-69.520279,29.999843,7.452625,-5.453031,0.000131,0.000000,0.000000,-36.192660,-40.783885,-69.520279,29.399843,6.456288,-4.724018,-0.000111,0.000000,0.000000,0.000000,0.332540,-8.838786,0.599728,8.865348,0.683865,-0.734318,0.000563,1.003441,nan,nan,nan,0,nan,nan,nan,0,nan,nan,nan,nan,nan,nan,nan,nan,nan,nan,nan,nan,nan,nan,nan,nan,nan,nan,nan,nan,nan,nan,nan,nan,nan,nan,nan,nan,nan,nan,nan,nan,nan,nan,nan,nan,nan,nan,nan,nan,nan,nan,nan,nan,nan,nan,nan,nan,nan,nan,3.000000,8.845039,5.487695,-6.936853,0.985520,-0.188797,8.854067,5.487695,-6.936853,0.399728,9.234563,0.000000,1.003441,1.113165,1.000000,1.000000,0.000000,0.000000,0.000000,0.000000,0.000000,0.000000,0.000000,1.000000,4.000000,0.000000,2.000000,49.903598,-1.737950,nan
31.620,TRACKING,8.895343,0.367405,-8.867493,0.599753,0.697289,-0.574143,0.000509,-40.773658,-60.923679,29.400096,6.855336,-4.843713,-0.000384,0.000000,0.000000,-35.243534,-40.406254,-69.791172,29.999849,7.552625,-5.417855,0.000126,0.000000,0.000000,-35.653667,-40.406254,-69.791172,29.399849,6.500441,-4.663075,-0.000093,0.000000,0.000000,0.000000,0.367405,-8.867493,0.599753,8.895343,0.697289,-0.574143,0.000509,0.903245,nan,nan,nan,0,nan,nan,nan,0,nan,nan,nan,nan,nan,nan,nan,nan,nan,nan,nan,nan,nan,nan,nan,nan,nan,nan,nan,nan,nan,nan,nan,nan,nan,nan,nan,nan,nan,nan,nan,nan,nan,nan,nan,nan,nan,nan,nan,nan,nan,nan,nan,nan,nan,nan,nan,nan,nan,nan,3.000000,8.875101,5.467259,-6.991173,0.901244,-0.060084,8.884100,5.467259,-6.991173,0.399753,9.294907,0.000000,0.903245,1.113165,1.000000,1.000000,0.000000,0.000000,0.000000,0.000000,0.000000,0.000000,0.000000,1.000000,4.000000,0.000000,2.000000,49.906700,-1.738338,nan
31.680,TRACKING,8.917540,0.402970,-8.888218,0.599776,0.711298,-0.414487,0.000461,-40.426592,-61.172115,29.400079,6.941327,-4.968713,-0.000340,0.000000,0.000000,-35.595692,-40.023622,-70.060332,29.999855,7.652625,-5.383199,0.000121,0.000000,0.000000,-35.124273,-40.023622,-70.060332,29.399855,6.543248,-4.602814,-0.000078,0.000000,0.000000,0.000000,0.402970,-8.888218,0.599776,8.917540,0.711298,-0.414487,0.000461,0.823252,nan,nan,nan,0,nan,nan,nan,0,nan,nan,nan,nan,nan,nan,nan,nan,nan,nan,nan,nan,nan,nan,nan,nan,nan,nan,nan,nan,nan,nan,nan,nan,nan,nan,nan,nan,nan,nan,nan,nan,nan,nan,nan,nan,nan,nan,nan,nan,nan,nan,nan,nan,nan,nan,nan,nan,nan,nan,3.000000,8.897348,5.443443,-7.037878,0.820251,0.070235,8.906325,5.443443,-7.037878,0.399776,9.356361,-0.000000,0.823252,1.113165,1.000000,1.000000,0.000000,0.000000,0.000000,0.000000,0.000000,0.000000,0.000000,1.000000,4.000000,0.000000,2.000000,49.905339,-1.738167,nan
31.720,TRACKING,8.931977,0.439260,-8.900983,0.599797,0.725813,-0.255315,0.000417,-40.075251,-61.426800,29.400064,7.026812,-5.093713,-0.000301,0.000000,0.000000,-35.938231,-39.635991,-70.327784,29.999861,7.752625,-5.349027,0.000116,0.000000,0.000000,-34.604255,-39.635991,-70.327784,29.399861,6.584754,-4.543239,-0.000064,0.000000,0.000000,0.000000,0.439260,-8.900983,0.599797,8.931977,0.725813,-0.255315,0.000417,0.769409,nan,nan,nan,0,nan,nan,nan,0,nan,nan,nan,nan,nan,nan,nan,nan,nan,nan,nan,nan,nan,nan,nan,nan,nan,nan,nan,nan,nan,nan,nan,nan,nan,nan,nan,nan,nan,nan,nan,nan,nan,nan,nan,nan,nan,nan,nan,nan,nan,nan,nan,nan,nan,nan,nan,nan,nan,nan,3.000000,8.911815,5.416464,-7.076890,0.742407,0.202045,8.920779,5.416464,-7.076890,0.399797,9.418879,0.000000,0.769409,1.113165,1.000000,1.000000,0.000000,0.000000,0.000000,0.000000,0.000000,0.000000,0.000000,1.000000,4.000000,0.000000,2.000000,49.899649,-1.737456,nan
31.780,TRACKING,8.938688,0.476298,-8.905813,0.599816,0.740759,-0.096591,0.000378,-39.719658,-61.687736,29.400051,7.111866,-5.218713,-0.000266,0.000000,0.000000,-36.271354,-39.243360,-70.593549,29.999867,7.852625,-5.315303,0.000111,0.000000,0.000000,-34.093378,-39.243360,-70.593549,29.399867,6.625001,-4.484346,-0.000051,0.000000,0.000000,0.000000,0.476298,-8.905813,0.599816,8.938688,0.740759,-0.096591,0.000378,0.747030,nan,nan,nan,0,nan,nan,nan,0,nan,nan,nan,nan,nan,nan,nan,nan,nan,nan,nan,nan,nan,nan,nan,nan,nan,nan,nan,nan,nan,nan,nan,nan,nan,nan,nan,nan,nan,nan,nan,nan,nan,nan,nan,nan,nan,nan,nan,nan,nan,nan,nan,nan,nan,nan,nan,nan,nan,nan,3.000000,8.918540,5.386528,-7.108142,0.667584,0.335238,8.927498,5.386528,-7.108142,0.399816,9.482413,0.000000,0.747030,1.113165,1.000000,1.000000,0.000000,0.000000,0.000000,0.000000,0.000000,0.000000,0.000000,1.000000,4.000000,0.000000,2.000000,49.889761,-1.736220,nan
31.820,TRACKING,8.937709,0.514101,-8.902727,0.599833,0.756066,0.061721,0.000342,-39.359830,-61.954922,29.400039,7.196559,-5.343713,-0.000235,0.000000,0.000000,-36.595260,-38.845729,-70.857648,29.999872,7.952625,-5.281991,0.000107,0.000000,0.000000,-33.591403,-38.845729,-70.857648,29.399872,6.664034,-4.426133,-0.000040,0.000000,0.000000,0.000000,0.514101,-8.902727,0.599833,8.937709,0.756066,0.061721,0.000342,0.758581,nan,nan,nan,0,nan,nan,nan,0,nan,nan,nan,nan,nan,nan,nan,nan,nan,nan,nan,nan,nan,nan,nan,nan,nan,nan,nan,nan,nan,nan,nan,nan,nan,nan,nan,nan,nan,nan,nan,nan,nan,nan,nan,nan,nan,nan,nan,nan,nan,nan,nan,nan,nan,nan,nan,nan,nan,nan,3.000000,8.917558,5.353830,-7.131574,0.595658,0.469720,8.926517,5.353830,-7.131574,0.399833,9.546919,0.000000,0.758581,1.113165,1.000000,1.000000,0.000000,0.000000,0.000000,0.000000,0.000000,0.000000,0.000000,1.000000,4.000000,0.000000,2.000000,49.875806,-1.734476,nan
31.880,TRACKING,8.929075,0.552685,-8.891744,0.599849,0.771669,0.219657,0.000310,-38.995782,-62.228357,29.400028,7.280956,-5.468713,-0.000207,0.000000,0.000000,-36.910145,-38.443097,-71.120101,29.999877,8.052625,-5.249055,0.000102,0.000000,0.000000,-33.098080,-38.443097,-71.120101,29.399877,6.701896,-4.368591,-0.000031,0.000000,0.000000,0.000000,0.552685,-8.891744,0.599849,8.929075,0.771669,0.219657,0.000310,0.802323,nan,nan,nan,0,nan,nan,nan,0,nan,nan,nan,nan,nan,nan,nan,nan,nan,nan,nan,nan,nan,nan,nan,nan,nan,nan,nan,nan,nan,nan,nan,nan,nan,nan,nan,nan,nan,nan,nan,nan,nan,nan,nan,nan,nan,nan,nan,nan,nan,nan,nan,nan,nan,nan,nan,nan,nan,nan,3.000000,8.908904,5.318554,-7.147136,0.526506,0.605403,8.917872,5.318554,-7.147136,0.399849,9.612354,0.000000,0.802323,1.113165,1.000000,1.000000,0.000000,0.000000,0.000000,0.000000,0.000000,0.000000,0.000000,1.000000,4.000000,0.000000,2.000000,49.857916,-1.732240,nan
31.920,TRACKING,8.912822,0.592060,-8.872881,0.599863,0.787507,0.377254,0.000280,-38.627526,-62.508043,29.400019,7.365118,-5.593713,-0.000182,0.000000,0.000000,-37.216204,-38.035466,-71.380924,29.999882,8.152625,-5.216458,0.000098,0.000000,0.000000,-32.613154,-38.035466,-71.380924,29.399882,6.738629,-4.311713,-0.000022,0.000000,0.000000,0.000000,0.592060,-8.872881,0.599863,8.912822,0.787507,0.377254,0.000280,0.873205,nan,nan,nan,0,nan,nan,nan,0,nan,nan,nan,nan,nan,nan,nan,nan,nan,nan,nan,nan,nan,nan,nan,nan,nan,nan,nan,nan,nan,nan,nan,nan,nan,nan,nan,nan,nan,nan,nan,nan,nan,nan,nan,nan,nan,nan,nan,nan,nan,nan,nan,nan,nan,nan,nan,nan,nan,nan,3.000000,8.892612,5.280874,-7.154783,0.460013,0.742210,8.901598,5.280874,-7.154783,0.399863,9.678674,0.000000,0.873205,1.113165,1.000000,1.000000,0.000000,0.000000,0.000000,0.000000,0.000000,0.000000,0.000000,1.000000,4.000000,0.000000,2.000000,49.836223,-1.729528,nan
31.980,TRACKING,8.888790,0.629527,-8.846154,0.599875,0.749340,0.534549,0.000254,-38.255071,-62.793978,29.400011,7.449102,-5.718713,-0.000160,0.000000,0.000000,-37.513629,-37.625544,-71.640132,29.999887,8.198442,-5.184164,0.000094,0.000000,0.000000,-32.306611,-37.625544,-71.640132,29.399887,6.761601,-4.275599,-0.000015,0.000000,0.000000,0.000000,0.629527,-8.846154,0.599875,8.888790,0.749340,0.534549,0.000254,0.920463,nan,nan,nan,0,nan,nan,nan,0,nan,nan,nan,nan,nan,nan,nan,nan,nan,nan,nan,nan,nan,nan,nan,nan,nan,nan,nan,nan,nan,nan,nan,nan,nan,nan,nan,nan,nan,nan,nan,nan,nan,nan,nan,nan,nan,nan,nan,nan,nan,nan,nan,nan,nan,nan,nan,nan,nan,nan,3.000000,8.868525,5.259902,-7.140320,0.347653,0.852285,8.877536,5.259902,-7.140320,0.399875,9.700000,0.000000,0.920463,1.113165,1.000000,1.000000,0.000000,0.000000,0.000000,0.000000,0.000000,0.000000,0.000000,1.000000,4.000000,0.000000,2.000000,49.808861,-1.726108,nan
32.020,TRACKING,8.856914,0.664624,-8.811546,0.599887,0.701939,0.692161,0.000230,-37.879220,-63.086164,29.400004,7.517034,-5.843713,-0.000139,0.000000,0.000000,-37.861354,-37.214595,-71.897710,29.999891,8.218973,-5.151551,0.000091,0.000000,0.000000,-32.078979,-37.214595,-71.897710,29.399891,6.778535,-4.248702,-0.000008,0.000000,0.000000,0.000000,0.664624,-8.811546,0.599887,8.856914,0.701939,0.692161,0.000230,0.985802,nan,nan,nan,0,nan,nan,nan,0,nan,nan,nan,nan,nan,nan,nan,nan,nan,nan,nan,nan,nan,nan,nan,nan,nan,nan,nan,nan,nan,nan,nan,nan,nan,nan,nan,nan,nan,nan,nan,nan,nan,nan,nan,nan,nan,nan,nan,nan,nan,nan,nan,nan,nan,nan,nan,nan,nan,nan,3.000000,8.836575,5.242851,-7.113197,0.227167,0.959271,8.845619,5.242851,-7.113197,0.399887,9.700000,0.000000,0.985802,1.113165,1.000000,1.000000,0.000000,0.000000,0.000000,0.000000,0.000000,0.000000,0.000000,1.000000,4.000000,0.000000,2.000000,49.775658,-1.721957,nan
32.080,TRACKING,8.817179,0.697805,-8.769027,0.599897,0.663609,0.850366,0.000208,-37.500415,-63.384600,29.399998,7.576084,-5.968713,-0.000121,0.000000,0.000000,-38.232318,-36.802611,-72.153627,29.999896,8.239693,-5.118346,0.000087,0.000000,0.000000,-31.847793,-36.802611,-72.153627,29.399896,6.795623,-4.221316,-0.000003,0.000000,0.000000,0.000000,0.697805,-8.769027,0.599897,8.817179,0.663609,0.850366,0.000208,1.078657,nan,nan,nan,0,nan,nan,nan,0,nan,nan,nan,nan,nan,nan,nan,nan,nan,nan,nan,nan,nan,nan,nan,nan,nan,nan,nan,nan,nan,nan,nan,nan,nan,nan,nan,nan,nan,nan,nan,nan,nan,nan,nan,nan,nan,nan,nan,nan,nan,nan,nan,nan,nan,nan,nan,nan,nan,nan,3.000000,8.796748,5.219857,-7.080668,0.114996,1.072509,8.805833,5.219857,-7.080668,0.399897,9.700000,-0.000000,1.078657,1.113165,1.000000,1.000000,0.000000,0.000000,0.000000,0.000000,0.000000,0.000000,0.000000,1.000000,4.000000,0.000000,2.000000,49.737075,-1.717134,nan
32.120,TRACKING,8.769553,0.729184,-8.718570,0.599907,0.627596,1.009152,0.000189,-37.118766,-63.689285,29.399993,7.632988,-6.093713,-0.000105,0.000000,0.000000,-38.601733,-36.389582,-72.407855,29.999900,8.260584,-5.084560,0.000084,0.000000,0.000000,-31.613155,-36.389582,-72.407855,29.399900,6.812853,-4.193452,0.000002,0.000000,0.000000,0.000000,0.729184,-8.718570,0.599907,8.769553,0.627596,1.009152,0.000189,1.188388,nan,nan,nan,0,nan,nan,nan,0,nan,nan,nan,nan,nan,nan,nan,nan,nan,nan,nan,nan,nan,nan,nan,nan,nan,nan,nan,nan,nan,nan,nan,nan,nan,nan,nan,nan,nan,nan,nan,nan,nan,nan,nan,nan,nan,nan,nan,nan,nan,nan,nan,nan,nan,nan,nan,nan,nan,nan,3.000000,8.749010,5.191091,-7.042567,0.005486,1.188375,8.758144,5.191091,-7.042567,0.399907,9.700000,0.000000,1.188388,1.113165,1.000000,1.000000,0.000000,0.000000,0.000000,0.000000,0.000000,0.000000,0.000000,1.000000,4.000000,0.000000,2.000000,49.693292,-1.711662,nan
32.180,TRACKING,8.714005,0.758872,-8.660144,0.599915,0.593758,1.168508,0.000171,-36.734372,-64.000221,29.399988,7.687874,-6.218713,-0.000091,0.000000,0.000000,-38.969356,-35.975500,-72.660365,29.999904,8.281632,-5.050204,0.000080,0.000000,0.000000,-31.375167,-35.975500,-72.660365,29.399904,6.830212,-4.165117,0.000007,0.000000,0.000000,0.000000,0.758872,-8.660144,0.599915,8.714005,0.593758,1.168508,0.000171,1.310710,nan,nan,nan,0,nan,nan,nan,0,nan,nan,nan,nan,nan,nan,nan,nan,nan,nan,nan,nan,nan,nan,nan,nan,nan,nan,nan,nan,nan,nan,nan,nan,nan,nan,nan,nan,nan,nan,nan,nan,nan,nan,nan,nan,nan,nan,nan,nan,nan,nan,nan,nan,nan,nan,nan,nan,nan,nan,3.000000,8.693330,5.156722,-6.998729,-0.101435,1.306779,8.702524,5.156722,-6.998729,0.399915,9.700000,0.000000,1.310710,1.113165,1.000000,1.000000,0.000000,0.000000,0.000000,0.000000,0.000000,0.000000,0.000000,1.000000,4.000000,0.000000,2.000000,49.644494,-1.705562,nan
32.220,TRACKING,8.650509,0.786970,-8.593723,0.599923,0.561964,1.328422,0.000155,-36.347329,-64.317407,29.399985,7.740859,-6.343713,-0.000078,0.000000,0.000000,-39.334966,-35.560359,-72.911130,29.999908,8.302823,-5.015290,0.000077,0.000000,0.000000,-31.133925,-35.560359,-72.911130,29.399908,6.847689,-4.136322,0.000010,0.000000,0.000000,0.000000,0.786970,-8.593723,0.599923,8.650509,0.561964,1.328422,0.000155,1.442397,nan,nan,nan,0,nan,nan,nan,0,nan,nan,nan,nan,nan,nan,nan,nan,nan,nan,nan,nan,nan,nan,nan,nan,nan,nan,nan,nan,nan,nan,nan,nan,nan,nan,nan,nan,nan,nan,nan,nan,nan,nan,nan,nan,nan,nan,nan,nan,nan,nan,nan,nan,nan,nan,nan,nan,nan,nan,3.000000,8.629681,5.116917,-6.948997,-0.205829,1.427635,8.638943,5.116917,-6.948997,0.399923,9.700000,-0.000000,1.442397,1.113165,1.000000,1.000000,0.000000,0.000000,0.000000,0.000000,0.000000,0.000000,0.000000,1.000000,4.000000,0.000000,2.000000,49.590864,-1.698858,nan
32.280,TRACKING,8.579040,0.813575,-8.519279,0.599930,0.532087,1.488884,0.000141,-35.957727,-64.640842,29.399981,7.792053,-6.468713,-0.000067,0.000000,0.000000,-39.698369,-35.144152,-73.160121,29.999911,8.324140,-4.979829,0.000074,0.000000,0.000000,-30.889526,-35.144152,-73.160121,29.399911,6.865270,-4.107075,0.000013,0.000000,0.000000,0.000000,0.813575,-8.519279,0.599930,8.579040,0.532087,1.488884,0.000141,1.581105,nan,nan,nan,0,nan,nan,nan,0,nan,nan,nan,nan,nan,nan,nan,nan,nan,nan,nan,nan,nan,nan,nan,nan,nan,nan,nan,nan,nan,nan,nan,nan,nan,nan,nan,nan,nan,nan,nan,nan,nan,nan,nan,nan,nan,nan,nan,nan,nan,nan,nan,nan,nan,nan,nan,nan,nan,nan,3.000000,8.558038,5.071841,-6.893217,-0.307755,1.550864,8.567378,5.071841,-6.893217,0.399930,9.700000,-0.000000,1.581105,1.113165,1.000000,1.000000,0.000000,0.000000,0.000000,0.000000,0.000000,0.000000,0.000000,1.000000,4.000000,0.000000,2.000000,49.532586,-1.691573,nan
32.320,TRACKING,8.499577,0.838775,-8.436785,0.599936,0.504011,1.649883,0.000127,-35.565649,-64.970528,29.399978,7.841560,-6.593713,-0.000056,0.000000,0.000000,-40.059387,-34.726873,-73.407313,29.999915,8.345571,-4.943830,0.000071,0.000000,0.000000,-30.642062,-34.726873,-73.407313,29.399915,6.882945,-4.077385,0.000016,0.000000,0.000000,0.000000,0.838775,-8.436785,0.599936,8.499577,0.504011,1.649883,0.000127,1.725149,nan,nan,nan,0,nan,nan,nan,0,nan,nan,nan,nan,nan,nan,nan,nan,nan,nan,nan,nan,nan,nan,nan,nan,nan,nan,nan,nan,nan,nan,nan,nan,nan,nan,nan,nan,nan,nan,nan,nan,nan,nan,nan,nan,nan,nan,nan,nan,nan,nan,nan,nan,nan,nan,nan,nan,nan,nan,3.000000,8.478377,5.021658,-6.831239,-0.407266,1.676387,8.487805,5.021658,-6.831239,0.399936,9.700000,0.000000,1.725149,1.113165,1.000000,1.000000,0.000000,0.000000,0.000000,0.000000,0.000000,0.000000,0.000000,1.000000,4.000000,0.000000,2.000000,49.469847,-1.683731,nan
32.380,TRACKING,8.412099,0.862657,-8.346214,0.599942,0.477625,1.811408,0.000116,-35.171175,-65.306463,29.399976,7.889475,-6.718713,-0.000047,0.000000,0.000000,-40.417865,-34.308518,-73.652678,29.999918,8.367100,-4.907304,0.000068,0.000000,0.000000,-30.391622,-34.308518,-73.652678,29.399918,6.900701,-4.047261,0.000018,0.000000,0.000000,0.000000,0.862657,-8.346214,0.599942,8.412099,0.477625,1.811408,0.000116,1.873320,nan,nan,nan,0,nan,nan,nan,0,nan,nan,nan,nan,nan,nan,nan,nan,nan,nan,nan,nan,nan,nan,nan,nan,nan,nan,nan,nan,nan,nan,nan,nan,nan,nan,nan,nan,nan,nan,nan,nan,nan,nan,nan,nan,nan,nan,nan,nan,nan,nan,nan,nan,nan,nan,nan,nan,nan,nan,3.000000,8.390678,4.966531,-6.762917,-0.504412,1.804133,8.400204,4.966531,-6.762917,0.399942,9.700000,0.000000,1.873320,1.113165,1.000000,1.000000,0.000000,0.000000,0.000000,0.000000,0.000000,0.000000,0.000000,1.000000,4.000000,0.000000,2.000000,49.402836,-1.675355,nan
32.420,TRACKING,8.316588,0.885298,-8.247542,0.599947,0.452826,1.973451,0.000105,-34.774380,-65.648649,29.399974,7.935889,-6.843713,-0.000039,0.000000,0.000000,-40.773663,-33.889083,-73.896191,29.999922,8.388716,-4.870262,0.000065,0.000000,0.000000,-30.138294,-33.889083,-73.896191,29.399922,6.918528,-4.016711,0.000020,0.000000,0.000000,0.000000,0.885298,-8.247542,0.599947,8.316588,0.452826,1.973451,0.000105,2.024737,nan,nan,nan,0,nan,nan,nan,0,nan,nan,nan,nan,nan,nan,nan,nan,nan,nan,nan,nan,nan,nan,nan,nan,nan,nan,nan,nan,nan,nan,nan,nan,nan,nan,nan,nan,nan,nan,nan,nan,nan,nan,nan,nan,nan,nan,nan,nan,nan,nan,nan,nan,nan,nan,nan,nan,nan,nan,3.000000,8.294920,4.906619,-6.688108,-0.599236,1.934031,8.304556,4.906619,-6.688108,0.399947,9.700000,-0.000000,2.024737,1.113165,1.000000,1.000000,0.000000,0.000000,0.000000,0.000000,0.000000,0.000000,0.000000,1.000000,4.000000,0.000000,2.000000,49.331744,-1.666468,nan
32.480,TRACKING,8.213030,0.906774,-8.140742,0.599952,0.429518,2.135999,0.000095,-34.375336,-65.997085,29.399972,7.980886,-6.968713,-0.000032,0.000000,0.000000,-41.126660,-33.468562,-74.137827,29.999925,8.410403,-4.832713,0.000063,0.000000,0.000000,-29.882164,-33.468562,-74.137827,29.399925,6.936415,-3.985743,0.000022,0.000000,0.000000,0.000000,0.906774,-8.140742,0.599952,8.213030,0.429518,2.135999,0.000095,2.178756,nan,nan,nan,0,nan,nan,nan,0,nan,nan,nan,nan,nan,nan,nan,nan,nan,nan,nan,nan,nan,nan,nan,nan,nan,nan,nan,nan,nan,nan,nan,nan,nan,nan,nan,nan,nan,nan,nan,nan,nan,nan,nan,nan,nan,nan,nan,nan,nan,nan,nan,nan,nan,nan,nan,nan,nan,nan,3.000000,8.191088,4.842083,-6.606675,-0.691779,2.066016,8.200846,4.842083,-6.606675,0.399952,9.700000,0.000000,2.178756,1.113165,1.000000,1.000000,0.000000,0.000000,0.000000,0.000000,0.000000,0.000000,0.000000,1.000000,4.000000,0.000000,2.000000,49.256764,-1.657095,nan
32.520,TRACKING,8.101411,0.927154,-8.025790,0.599957,0.407607,2.299045,0.000086,-33.974109,-66.351770,29.399971,8.024544,-7.093713,-0.000026,0.000000,0.000000,-41.476746,-33.046955,-74.377560,29.999928,8.432151,-4.794668,0.000060,0.000000,0.000000,-29.623314,-33.046955,-74.377560,29.399928,6.954351,-3.954365,0.000023,0.000000,0.000000,0.000000,0.927154,-8.025790,0.599957,8.101411,0.407607,2.299045,0.000086,2.334899,nan,nan,nan,0,nan,nan,nan,0,nan,nan,nan,nan,nan,nan,nan,nan,nan,nan,nan,nan,nan,nan,nan,nan,nan,nan,nan,nan,nan,nan,nan,nan,nan,nan,nan,nan,nan,nan,nan,nan,nan,nan,nan,nan,nan,nan,nan,nan,nan,nan,nan,nan,nan,nan,nan,nan,nan,nan,3.000000,8.079166,4.773082,-6.518482,-0.782078,2.200024,8.089059,4.773082,-6.518482,0.399957,9.700000,0.000000,2.334899,1.113165,1.000000,1.000000,0.000000,0.000000,0.000000,0.000000,0.000000,0.000000,0.000000,1.000000,4.000000,0.000000,2.000000,49.178092,-1.647262,nan
32.580,TRACKING,7.981721,0.946505,-7.902661,0.599960,0.387009,2.462578,0.000078,-33.570762,-66.712706,29.399970,8.066936,-7.218713,-0.000020,0.000000,0.000000,-41.823829,-32.624258,-74.615367,29.999931,8.453945,-4.756135,0.000058,0.000000,0.000000,-29.361823,-32.624258,-74.615367,29.399931,6.972326,-3.922585,0.000024,0.000000,0.000000,0.000000,0.946505,-7.902661,0.599960,7.981721,0.387009,2.462578,0.000078,2.492803,nan,nan,nan,0,nan,nan,nan,0,nan,nan,nan,nan,nan,nan,nan,nan,nan,nan,nan,nan,nan,nan,nan,nan,nan,nan,nan,nan,nan,nan,nan,nan,nan,nan,nan,nan,nan,nan,nan,nan,nan,nan,nan,nan,nan,nan,nan,nan,nan,nan,nan,nan,nan,nan,nan,nan,nan,nan,3.000000,7.959141,4.699775,-6.423398,-0.870165,2.335996,7.969184,4.699775,-6.423398,0.399960,9.700000,0.000000,2.492803,1.113165,1.000000,1.000000,0.000000,0.000000,0.000000,0.000000,0.000000,0.000000,0.000000,1.000000,4.000000,0.000000,2.000000,49.095929,-1.636991,nan
32.620,TRACKING,7.853952,0.964887,-7.771331,0.599964,0.367643,2.626589,0.000071,-33.165356,-67.079892,29.399969,8.108131,-7.343713,-0.000015,0.000000,0.000000,-42.167828,-32.200469,-74.851223,29.999933,8.475774,-4.717124,0.000056,0.000000,0.000000,-29.097771,-32.200469,-74.851223,29.399933,6.990329,-3.890411,0.000025,0.000000,0.000000,0.000000,0.964887,-7.771331,0.599964,7.853952,0.367643,2.626589,0.000071,2.652194,nan,nan,nan,0,nan,nan,nan,0,nan,nan,nan,nan,nan,nan,nan,nan,nan,nan,nan,nan,nan,nan,nan,nan,nan,nan,nan,nan,nan,nan,nan,nan,nan,nan,nan,nan,nan,nan,nan,nan,nan,nan,nan,nan,nan,nan,nan,nan,nan,nan,nan,nan,nan,nan,nan,nan,nan,nan,3.000000,7.831002,4.622319,-6.321295,-0.956071,2.473875,7.841210,4.622319,-6.321295,0.399964,9.700000,0.000000,2.652194,1.113165,1.000000,1.000000,0.000000,0.000000,0.000000,0.000000,0.000000,0.000000,0.000000,1.000000,4.000000,0.000000,2.000000,49.010479,-1.626310,nan
32.680,TRACKING,7.718097,0.982358,-7.631778,0.599967,0.349433,2.791069,0.000064,-32.757946,-67.453327,29.399969,8.148193,-7.468713,-0.000011,0.000000,0.000000,-42.508672,-31.775588,-75.085105,29.999936,8.497626,-4.677644,0.000053,0.000000,0.000000,-28.831234,-31.775588,-75.085105,29.399936,7.008351,-3.857850,0.000026,0.000000,0.000000,0.000000,0.982358,-7.631778,0.599967,7.718097,0.349433,2.791069,0.000064,2.812858,nan,nan,nan,0,nan,nan,nan,0,nan,nan,nan,nan,nan,nan,nan,nan,nan,nan,nan,nan,nan,nan,nan,nan,nan,nan,nan,nan,nan,nan,nan,nan,nan,nan,nan,nan,nan,nan,nan,nan,nan,nan,nan,nan,nan,nan,nan,nan,nan,nan,nan,nan,nan,nan,nan,nan,nan,nan,3.000000,7.694742,4.540871,-6.212049,-1.039822,2.613606,7.705130,4.540871,-6.212049,0.399967,9.700000,0.000000,2.812858,1.113165,1.000000,1.000000,0.000000,0.000000,0.000000,0.000000,0.000000,0.000000,0.000000,1.000000,4.000000,0.000000,2.000000,48.921949,-1.615244,nan
32.720,TRACKING,7.574156,0.998974,-7.483977,0.599970,0.332308,2.956009,0.000058,-32.348587,-67.833013,29.399968,8.187181,-7.593713,-0.000007,0.000000,0.000000,-42.846304,-31.349613,-75.316990,29.999939,8.519490,-4.637704,0.000051,0.000000,0.000000,-28.562283,-31.349613,-75.316990,29.399939,7.026383,-3.824910,0.000026,0.000000,0.000000,0.000000,0.998974,-7.483977,0.599970,7.574156,0.332308,2.956009,0.000058,2.974629,nan,nan,nan,0,nan,nan,nan,0,nan,nan,nan,nan,nan,nan,nan,nan,nan,nan,nan,nan,nan,nan,nan,nan,nan,nan,nan,nan,nan,nan,nan,nan,nan,nan,nan,nan,nan,nan,nan,nan,nan,nan,nan,nan,nan,nan,nan,nan,nan,nan,nan,nan,nan,nan,nan,nan,nan,nan,3.000000,7.550355,4.455589,-6.095539,-1.121443,2.755137,7.560942,4.455589,-6.095539,0.399970,9.700000,0.000000,2.974629,1.113165,1.000000,1.000000,0.000000,0.000000,0.000000,0.000000,0.000000,0.000000,0.000000,1.000000,4.000000,0.000000,2.000000,48.830552,-1.603819,nan
32.780,TRACKING,7.422128,1.014784,-7.327908,0.599973,0.316201,3.121400,0.000053,-31.937329,-68.218948,29.399968,8.225152,-7.718713,-0.000004,0.000000,0.000000,-43.180675,-30.922545,-75.546856,29.999941,8.541353,-4.597313,0.000049,0.000000,0.000000,-28.290992,-30.922545,-75.546856,29.399941,7.044415,-3.791598,0.000026,0.000000,0.000000,0.000000,1.014784,-7.327908,0.599973,7.422128,0.316201,3.121400,0.000053,3.137375,nan,nan,nan,0,nan,nan,nan,0,nan,nan,nan,nan,nan,nan,nan,nan,nan,nan,nan,nan,nan,nan,nan,nan,nan,nan,nan,nan,nan,nan,nan,nan,nan,nan,nan,nan,nan,nan,nan,nan,nan,nan,nan,nan,nan,nan,nan,nan,nan,nan,nan,nan,nan,nan,nan,nan,nan,nan,3.000000,7.397839,4.366630,-5.971646,-1.200955,2.898418,7.408643,4.366630,-5.971646,0.399973,9.700000,0.000000,3.137375,1.113165,1.000000,1.000000,0.000000,0.000000,0.000000,0.000000,0.000000,0.000000,0.000000,1.000000,4.000000,0.000000,2.000000,48.736504,-1.592063,nan
32.820,TRACKING,7.262019,1.029836,-7.163546,0.599975,0.301050,3.287233,0.000048,-31.524222,-68.611134,29.399968,8.262156,-7.843713,-0.000001,0.000000,0.000000,-43.511745,-30.494385,-75.774680,29.999943,8.563206,-4.556479,0.000047,0.000000,0.000000,-28.017430,-30.494385,-75.774680,29.399943,7.062438,-3.757921,0.000026,0.000000,0.000000,0.000000,1.029836,-7.163546,0.599975,7.262019,0.301050,3.287233,0.000048,3.300990,nan,nan,nan,0,nan,nan,nan,0,nan,nan,nan,nan,nan,nan,nan,nan,nan,nan,nan,nan,nan,nan,nan,nan,nan,nan,nan,nan,nan,nan,nan,nan,nan,nan,nan,nan,nan,nan,nan,nan,nan,nan,nan,nan,nan,nan,nan,nan,nan,nan,nan,nan,nan,nan,nan,nan,nan,nan,3.000000,7.237192,4.274149,-5.840257,-1.278377,3.043400,7.248236,4.274149,-5.840257,0.399975,9.700000,0.000000,3.300990,1.113165,1.000000,1.000000,0.000000,0.000000,0.000000,0.000000,0.000000,0.000000,0.000000,1.000000,4.000000,0.000000,2.000000,48.640027,-1.580003,nan
32.880,TRACKING,7.093839,1.044176,-6.990871,0.599977,0.286796,3.453501,0.000044,-31.109309,-69.009570,29.399968,8.298241,-7.968713,0.000002,0.000000,0.000000,-43.839485,-30.065133,-76.000441,29.999946,8.585037,-4.515212,0.000045,0.000000,0.000000,-27.741664,-30.065133,-76.000441,29.399946,7.080443,-3.723886,0.000026,0.000000,0.000000,0.000000,1.044176,-6.990871,0.599977,7.093839,0.286796,3.453501,0.000044,3.465389,nan,nan,nan,0,nan,nan,nan,0,nan,nan,nan,nan,nan,nan,nan,nan,nan,nan,nan,nan,nan,nan,nan,nan,nan,nan,nan,nan,nan,nan,nan,nan,nan,nan,nan,nan,nan,nan,nan,nan,nan,nan,nan,nan,nan,nan,nan,nan,nan,nan,nan,nan,nan,nan,nan,nan,nan,nan,3.000000,7.068421,4.178305,-5.701259,-1.353725,3.190039,7.079729,4.178305,-5.701259,0.399977,9.700000,0.000000,3.465389,1.113165,1.000000,1.000000,0.000000,0.000000,0.000000,0.000000,0.000000,0.000000,0.000000,1.000000,4.000000,0.000000,2.000000,48.541349,-1.567669,nan
32.920,TRACKING,6.917602,1.057845,-6.809861,0.599979,0.273382,3.620194,0.000040,-30.692637,-69.414255,29.399968,8.333454,-8.093713,0.000004,0.000000,0.000000,-44.163872,-29.634791,-76.224116,29.999948,8.606836,-4.473519,0.000043,0.000000,0.000000,-27.463760,-29.634791,-76.224116,29.399948,7.098422,-3.689500,0.000026,0.000000,0.000000,0.000000,1.057845,-6.809861,0.599979,6.917602,0.273382,3.620194,0.000040,3.630502,nan,nan,nan,0,nan,nan,nan,0,nan,nan,nan,nan,nan,nan,nan,nan,nan,nan,nan,nan,nan,nan,nan,nan,nan,nan,nan,nan,nan,nan,nan,nan,nan,nan,nan,nan,nan,nan,nan,nan,nan,nan,nan,nan,nan,nan,nan,nan,nan,nan,nan,nan,nan,nan,nan,nan,nan,nan,3.000000,6.891534,4.079252,-5.554543,-1.427016,3.338288,6.903132,4.079252,-5.554543,0.399979,9.700000,0.000000,3.630502,1.113165,1.000000,1.000000,0.000000,0.000000,0.000000,0.000000,0.000000,0.000000,0.000000,1.000000,4.000000,0.000000,2.000000,48.440701,-1.555088,nan
32.980,TRACKING,6.733330,1.070883,-6.620496,0.599981,0.260758,3.787305,0.000036,-30.274245,-69.825191,29.399969,8.367836,-8.218713,0.000006,0.000000,0.000000,-44.484889,-29.203362,-76.445687,29.999950,8.628594,-4.431408,0.000042,0.000000,0.000000,-27.183781,-29.203362,-76.445687,29.399950,7.116366,-3.654769,0.000026,0.000000,0.000000,0.000000,1.070883,-6.620496,0.599981,6.733330,0.260758,3.787305,0.000036,3.796271,nan,nan,nan,0,nan,nan,nan,0,nan,nan,nan,nan,nan,nan,nan,nan,nan,nan,nan,nan,nan,nan,nan,nan,nan,nan,nan,nan,nan,nan,nan,nan,nan,nan,nan,nan,nan,nan,nan,nan,nan,nan,nan,nan,nan,nan,nan,nan,nan,nan,nan,nan,nan,nan,nan,nan,nan,nan,3.000000,6.706546,3.977147,-5.400005,-1.498260,3.488107,6.718463,3.977147,-5.400005,0.399981,9.700000,0.000000,3.796271,1.113165,1.000000,1.000000,0.000000,0.000000,0.000000,0.000000,0.000000,0.000000,0.000000,1.000000,4.000000,0.000000,2.000000,48.338321,-1.542290,nan
33.020,TRACKING,6.541051,1.083327,-6.422755,0.599983,0.248873,3.954826,0.000033,-29.854174,-70.242377,29.399969,8.401426,-8.343713,0.000007,0.000000,0.000000,-44.802528,-28.770847,-76.665131,29.999952,8.650299,-4.388887,0.000040,0.000000,0.000000,-26.901789,-28.770847,-76.665131,29.399952,7.134267,-3.619700,0.000026,0.000000,0.000000,0.000000,1.083327,-6.422755,0.599983,6.541051,0.248873,3.954826,0.000033,3.962649,nan,nan,nan,0,nan,nan,nan,0,nan,nan,nan,nan,nan,nan,nan,nan,nan,nan,nan,nan,nan,nan,nan,nan,nan,nan,nan,nan,nan,nan,nan,nan,nan,nan,nan,nan,nan,nan,nan,nan,nan,nan,nan,nan,nan,nan,nan,nan,nan,nan,nan,nan,nan,nan,nan,nan,nan,nan,3.000000,6.513476,3.872149,-5.237541,-1.567469,3.639454,6.525746,3.872149,-5.237541,0.399983,9.700000,0.000000,3.962649,1.113165,1.000000,1.000000,0.000000,0.000000,0.000000,0.000000,0.000000,0.000000,0.000000,1.000000,4.000000,0.000000,2.000000,48.234455,-1.529307,nan
33.080,TRACKING,6.340804,1.095211,-6.216617,0.599984,0.237684,4.122748,0.000030,-29.432461,-70.665812,29.399970,8.434259,-8.468713,0.000009,0.000000,0.000000,-45.116785,-28.337250,-76.882429,29.999954,8.671943,-4.345964,0.000038,0.000000,0.000000,-26.617844,-28.337250,-76.882429,29.399954,7.152118,-3.584300,0.000026,0.000000,0.000000,0.000000,1.095211,-6.216617,0.599984,6.340804,0.237684,4.122748,0.000030,4.129594,nan,nan,nan,0,nan,nan,nan,0,nan,nan,nan,nan,nan,nan,nan,nan,nan,nan,nan,nan,nan,nan,nan,nan,nan,nan,nan,nan,nan,nan,nan,nan,nan,nan,nan,nan,nan,nan,nan,nan,nan,nan,nan,nan,nan,nan,nan,nan,nan,nan,nan,nan,nan,nan,nan,nan,nan,nan,3.000000,6.312354,3.764413,-5.067052,-1.634653,3.792289,6.325014,3.764413,-5.067052,0.399984,9.700000,-0.000000,4.129594,1.113165,1.000000,1.000000,0.000000,0.000000,0.000000,0.000000,0.000000,0.000000,0.000000,1.000000,4.000000,0.000000,2.000000,48.129352,-1.516169,nan
33.120,TRACKING,6.132638,1.106568,-6.002064,0.599986,0.227145,4.291065,0.000027,-29.009142,-71.095498,29.399970,8.466371,-8.593713,0.000010,0.000000,0.000000,-45.427664,-27.902574,-77.097562,29.999956,8.693516,-4.302647,0.000037,0.000000,0.000000,-26.332005,-27.902574,-77.097562,29.399956,7.169910,-3.548575,0.000025,0.000000,0.000000,0.000000,1.106568,-6.002064,0.599986,6.132638,0.227145,4.291065,0.000027,4.297073,nan,nan,nan,0,nan,nan,nan,0,nan,nan,nan,nan,nan,nan,nan,nan,nan,nan,nan,nan,nan,nan,nan,nan,nan,nan,nan,nan,nan,nan,nan,nan,nan,nan,nan,nan,nan,nan,nan,nan,nan,nan,nan,nan,nan,nan,nan,nan,nan,nan,nan,nan,nan,nan,nan,nan,nan,nan,3.000000,6.103218,3.654096,-4.888440,-1.699820,3.946574,6.116310,3.654096,-4.888440,0.399986,9.700000,0.000000,4.297073,1.113165,1.000000,1.000000,0.000000,0.000000,0.000000,0.000000,0.000000,0.000000,0.000000,1.000000,4.000000,0.000000,2.000000,48.023270,-1.502909,nan
33.180,TRACKING,5.916616,1.117429,-5.779075,0.599987,0.217218,4.459769,0.000025,-28.584253,-71.531433,29.399971,8.497792,-8.718713,0.000011,0.000000,0.000000,-45.735173,-27.466823,-77.310509,29.999957,8.715010,-4.258944,0.000035,0.000000,0.000000,-26.044327,-27.466823,-77.310509,29.399957,7.187637,-3.512531,0.000025,0.000000,0.000000,0.000000,1.117429,-5.779075,0.599987,5.916616,0.217218,4.459769,0.000025,4.465055,nan,nan,nan,0,nan,nan,nan,0,nan,nan,nan,nan,nan,nan,nan,nan,nan,nan,nan,nan,nan,nan,nan,nan,nan,nan,nan,nan,nan,nan,nan,nan,nan,nan,nan,nan,nan,nan,nan,nan,nan,nan,nan,nan,nan,nan,nan,nan,nan,nan,nan,nan,nan,nan,nan,nan,nan,nan,3.000000,5.886116,3.541357,-4.701612,-1.762974,4.102273,5.899691,3.541357,-4.701612,0.399987,9.700000,0.000000,4.465055,1.113165,1.000000,1.000000,0.000000,0.000000,0.000000,0.000000,0.000000,0.000000,0.000000,1.000000,4.000000,0.000000,2.000000,47.916471,-1.489559,nan
33.220,TRACKING,5.692820,1.127822,-5.547633,0.599988,0.207863,4.628852,0.000022,-28.157825,-71.973619,29.399971,8.528552,-8.843713,0.000012,0.000000,0.000000,-46.039323,-27.030003,-77.521252,29.999959,8.736415,-4.214861,0.000034,0.000000,0.000000,-25.754866,-27.030003,-77.521252,29.399959,7.205291,-3.476174,0.000024,0.000000,0.000000,0.000000,1.127822,-5.547633,0.599988,5.692820,0.207863,4.628852,0.000022,4.633516,nan,nan,nan,0,nan,nan,nan,0,nan,nan,nan,nan,nan,nan,nan,nan,nan,nan,nan,nan,nan,nan,nan,nan,nan,nan,nan,nan,nan,nan,nan,nan,nan,nan,nan,nan,nan,nan,nan,nan,nan,nan,nan,nan,nan,nan,nan,nan,nan,nan,nan,nan,nan,nan,nan,nan,nan,nan,3.000000,5.661114,3.426353,-4.506475,-1.824122,4.259349,5.675227,3.426353,-4.506475,0.399988,9.700000,0.000000,4.633516,1.113165,1.000000,1.000000,0.000000,0.000000,0.000000,0.000000,0.000000,0.000000,0.000000,1.000000,4.000000,0.000000,2.000000,47.809226,-1.476153,nan
33.280,TRACKING,5.461354,1.137775,-5.307718,0.599989,0.199046,4.798306,0.000020,-27.729891,-72.422055,29.399972,8.558677,-8.968713,0.000012,0.000000,0.000000,-46.340131,-26.592117,-77.729772,29.999961,8.757723,-4.170406,0.000033,0.000000,0.000000,-25.463675,-26.592117,-77.729772,29.399961,7.222864,-3.439510,0.000024,0.000000,0.000000,0.000000,1.137775,-5.307718,0.599989,5.461354,0.199046,4.798306,0.000020,4.802433,nan,nan,nan,0,nan,nan,nan,0,nan,nan,nan,nan,nan,nan,nan,nan,nan,nan,nan,nan,nan,nan,nan,nan,nan,nan,nan,nan,nan,nan,nan,nan,nan,nan,nan,nan,nan,nan,nan,nan,nan,nan,nan,nan,nan,nan,nan,nan,nan,nan,nan,nan,nan,nan,nan,nan,nan,nan,3.000000,5.428296,3.309243,-4.302942,-1.883268,4.417767,5.443013,3.309243,-4.302942,0.399989,9.700000,0.000000,4.802433,1.113165,1.000000,1.000000,0.000000,0.000000,0.000000,0.000000,0.000000,0.000000,0.000000,1.000000,4.000000,0.000000,2.000000,47.701813,-1.462727,nan
33.320,TRACKING,5.222350,1.147311,-5.059311,0.599990,0.190732,4.968126,0.000018,-27.300481,-72.876740,29.399972,8.588194,-9.093713,0.000013,0.000000,0.000000,-46.637618,-26.153170,-77.936052,29.999962,8.778926,-4.125586,0.000031,0.000000,0.000000,-25.170806,-26.153170,-77.936052,29.399962,7.240351,-3.402546,0.000023,0.000000,0.000000,0.000000,1.147311,-5.059311,0.599990,5.222350,0.190732,4.968126,0.000018,4.971786,nan,nan,nan,0,nan,nan,nan,0,nan,nan,nan,nan,nan,nan,nan,nan,nan,nan,nan,nan,nan,nan,nan,nan,nan,nan,nan,nan,nan,nan,nan,nan,nan,nan,nan,nan,nan,nan,nan,nan,nan,nan,nan,nan,nan,nan,nan,nan,nan,nan,nan,nan,nan,nan,nan,nan,nan,nan,3.000000,5.187770,3.190184,-4.090926,-1.940414,4.577494,5.203167,3.190184,-4.090926,0.399990,9.700000,-0.000000,4.971786,1.113165,1.000000,1.000000,0.000000,0.000000,0.000000,0.000000,0.000000,0.000000,0.000000,1.000000,4.000000,0.000000,2.000000,47.594516,-1.449315,nan
33.380,TRACKING,4.975981,1.156456,-4.802396,0.599991,0.182891,5.138304,0.000017,-26.869625,-73.337676,29.399973,8.617124,-9.218713,0.000013,0.000000,0.000000,-46.931807,-25.713169,-78.140072,29.999964,8.800015,-4.080409,0.000030,0.000000,0.000000,-24.876308,-25.713169,-78.140072,29.399964,7.257744,-3.365286,0.000023,0.000000,0.000000,0.000000,1.156456,-4.802396,0.599991,4.975981,0.182891,5.138304,0.000017,5.141557,nan,nan,nan,0,nan,nan,nan,0,nan,nan,nan,nan,nan,nan,nan,nan,nan,nan,nan,nan,nan,nan,nan,nan,nan,nan,nan,nan,nan,nan,nan,nan,nan,nan,nan,nan,nan,nan,nan,nan,nan,nan,nan,nan,nan,nan,nan,nan,nan,nan,nan,nan,nan,nan,nan,nan,nan,nan,3.000000,4.939676,3.069337,-3.870345,-1.995561,4.738497,4.955844,3.069337,-3.870345,0.399991,9.700000,0.000000,5.141557,1.113165,1.000000,1.000000,0.000000,0.000000,0.000000,0.000000,0.000000,0.000000,0.000000,1.000000,4.000000,0.000000,2.000000,47.487627,-1.435953,nan
33.420,TRACKING,4.732020,1.164118,-4.547181,0.599992,0.153238,5.104297,0.000015,-26.437351,-73.794084,29.399974,8.645491,-9.128161,0.000014,0.000000,0.000000,-46.555570,-25.273233,-78.341265,29.999965,8.798729,-4.023864,0.000029,0.000000,0.000000,-24.575725,-25.273233,-78.341265,29.399965,7.275299,-3.327164,0.000022,0.000000,0.000000,0.000000,1.164118,-4.547181,0.599992,4.732020,0.153238,5.104297,0.000015,5.106596,nan,nan,nan,0,nan,nan,nan,0,nan,nan,nan,nan,nan,nan,nan,nan,nan,nan,nan,nan,nan,nan,nan,nan,nan,nan,nan,nan,nan,nan,nan,nan,nan,nan,nan,nan,nan,nan,nan,nan,nan,nan,nan,nan,nan,nan,nan,nan,nan,nan,nan,nan,nan,nan,nan,nan,nan,nan,3.000000,4.693829,2.949815,-3.651112,-1.983498,4.705642,4.710841,2.949815,-3.651112,0.399992,9.675180,0.000000,5.106596,1.113165,1.000000,1.000000,0.000000,0.000000,0.000000,0.000000,0.000000,0.000000,0.000000,1.000000,4.000000,0.000000,2.000000,47.383822,-1.422978,nan
33.480,TRACKING,4.488870,1.165442,-4.293216,0.599992,0.026489,5.079297,0.000014,-26.003739,-74.244242,29.399974,8.672240,-9.003161,0.000014,0.000000,0.000000,-46.072572,-24.838297,-78.537458,29.999967,8.698729,-3.923864,0.000028,0.000000,0.000000,-24.279411,-24.838297,-78.537458,29.399967,7.292409,-3.289495,0.000022,0.000000,0.000000,0.000000,1.165442,-4.293216,0.599992,4.488870,0.026489,5.079297,0.000014,5.079366,nan,nan,nan,0,nan,nan,nan,0,nan,nan,nan,nan,nan,nan,nan,nan,nan,nan,nan,nan,nan,nan,nan,nan,nan,nan,nan,nan,nan,nan,nan,nan,nan,nan,nan,nan,nan,nan,nan,nan,nan,nan,nan,nan,nan,nan,nan,nan,nan,nan,nan,nan,nan,nan,nan,nan,nan,nan,3.000000,4.448591,2.827674,-3.434272,-2.064394,4.640930,4.466537,2.827674,-3.434272,0.399992,9.542777,0.000000,5.079366,1.113165,1.000000,1.000000,0.000000,0.000000,0.000000,0.000000,0.000000,0.000000,0.000000,1.000000,4.000000,0.000000,2.000000,47.278583,-1.409823,nan
33.520,TRACKING,4.246548,1.160831,-4.040502,0.599993,-0.092210,5.054297,0.000013,-25.569192,-74.688150,29.399975,8.690939,-8.878161,0.000014,0.000000,0.000000,-45.610539,-24.408360,-78.728652,29.999968,8.598729,-3.823864,0.000027,0.000000,0.000000,-23.974768,-24.408360,-78.728652,29.399968,7.309796,-3.250674,0.000021,0.000000,0.000000,0.000000,1.160831,-4.040502,0.599993,4.246548,-0.092210,5.054297,0.000013,5.055138,nan,nan,nan,0,nan,nan,nan,0,nan,nan,nan,nan,nan,nan,nan,nan,nan,nan,nan,nan,nan,nan,nan,nan,nan,nan,nan,nan,nan,nan,nan,nan,nan,nan,nan,nan,nan,nan,nan,nan,nan,nan,nan,nan,nan,nan,nan,nan,nan,nan,nan,nan,nan,nan,nan,nan,nan,nan,3.000000,4.203948,2.702474,-3.220220,-2.137989,4.580767,4.222935,2.702474,-3.220220,0.399993,9.410636,0.000000,5.055138,1.113165,1.000000,1.000000,0.000000,0.000000,0.000000,0.000000,0.000000,0.000000,0.000000,1.000000,4.000000,0.000000,2.000000,47.172163,-1.396520,nan
33.580,TRACKING,4.005089,1.150628,-3.789037,0.599993,-0.204065,5.029297,0.000012,-25.134052,-75.125808,29.399976,8.702794,-8.753161,0.000014,0.000000,0.000000,-45.165320,-23.983424,-78.914845,29.999969,8.498729,-3.723864,0.000026,0.000000,0.000000,-23.661456,-23.983424,-78.914845,29.399969,7.327462,-3.210654,0.000021,0.000000,0.000000,0.000000,1.150628,-3.789037,0.599993,4.005089,-0.204065,5.029297,0.000012,5.033435,nan,nan,nan,0,nan,nan,nan,0,nan,nan,nan,nan,nan,nan,nan,nan,nan,nan,nan,nan,nan,nan,nan,nan,nan,nan,nan,nan,nan,nan,nan,nan,nan,nan,nan,nan,nan,nan,nan,nan,nan,nan,nan,nan,nan,nan,nan,nan,nan,nan,nan,nan,nan,nan,nan,nan,nan,nan,3.000000,3.959892,2.574559,-3.008719,-2.205326,4.524600,3.980043,2.574559,-3.008719,0.399993,9.278769,0.000000,5.033435,1.113165,1.000000,1.000000,0.000000,0.000000,0.000000,0.000000,0.000000,0.000000,0.000000,1.000000,4.000000,0.000000,2.000000,47.064761,-1.383095,nan
33.620,TRACKING,3.764549,1.135154,-3.538822,0.599994,-0.309487,5.004297,0.000011,-24.698641,-75.557216,29.399977,8.708216,-8.628161,0.000014,0.000000,0.000000,-44.735424,-23.563487,-79.096038,29.999971,8.398729,-3.623864,0.000025,0.000000,0.000000,-23.339121,-23.563487,-79.096038,29.399971,7.345409,-3.169380,0.000020,0.000000,0.000000,0.000000,1.135154,-3.538822,0.599994,3.764549,-0.309487,5.004297,0.000011,5.013858,nan,nan,nan,0,nan,nan,nan,0,nan,nan,nan,nan,nan,nan,nan,nan,nan,nan,nan,nan,nan,nan,nan,nan,nan,nan,nan,nan,nan,nan,nan,nan,nan,nan,nan,nan,nan,nan,nan,nan,nan,nan,nan,nan,nan,nan,nan,nan,nan,nan,nan,nan,nan,nan,nan,nan,nan,nan,3.000000,3.716428,2.444255,-2.799545,-2.266729,4.472215,3.737891,2.444255,-2.799545,0.399994,9.147188,0.000000,5.013858,1.113165,1.000000,1.000000,0.000000,0.000000,0.000000,0.000000,0.000000,0.000000,0.000000,1.000000,4.000000,0.000000,2.000000,46.956566,-1.369571,nan
33.680,TRACKING,3.525015,1.114711,-3.289857,0.599994,-0.408864,4.979297,0.000010,-24.263261,-75.982374,29.399977,8.707593,-8.503161,0.000014,0.000000,0.000000,-44.319462,-23.148551,-79.272231,29.999972,8.298729,-3.523864,0.000024,0.000000,0.000000,-23.007387,-23.148551,-79.272231,29.399972,7.363636,-3.126798,0.000019,0.000000,0.000000,0.000000,1.114711,-3.289857,0.599994,3.525015,-0.408864,4.979297,0.000010,4.996055,nan,nan,nan,0,nan,nan,nan,0,nan,nan,nan,nan,nan,nan,nan,nan,nan,nan,nan,nan,nan,nan,nan,nan,nan,nan,nan,nan,nan,nan,nan,nan,nan,nan,nan,nan,nan,nan,nan,nan,nan,nan,nan,nan,nan,nan,nan,nan,nan,nan,nan,nan,nan,nan,nan,nan,nan,nan,3.000000,3.473577,2.311880,-2.592479,-2.322498,4.423411,3.496532,2.311880,-2.592479,0.399994,9.015904,0.000000,4.996055,1.113165,1.000000,1.000000,0.000000,0.000000,0.000000,0.000000,0.000000,0.000000,0.000000,1.000000,4.000000,0.000000,2.000000,46.847749,-1.355969,nan
33.720,TRACKING,3.286611,1.089583,-3.042142,0.599995,-0.502560,4.954297,0.000009,-23.828197,-76.401282,29.399978,8.701289,-8.378161,0.000014,0.000000,0.000000,-43.916146,-22.738614,-79.443425,29.999973,8.198729,-3.423864,0.000023,0.000000,0.000000,-22.665862,-22.738614,-79.443425,29.399973,7.382143,-3.082850,0.000019,0.000000,0.000000,0.000000,1.089583,-3.042142,0.599995,3.286611,-0.502560,4.954297,0.000009,4.979721,nan,nan,nan,0,nan,nan,nan,0,nan,nan,nan,nan,nan,nan,nan,nan,nan,nan,nan,nan,nan,nan,nan,nan,nan,nan,nan,nan,nan,nan,nan,nan,nan,nan,nan,nan,nan,nan,nan,nan,nan,nan,nan,nan,nan,nan,nan,nan,nan,nan,nan,nan,nan,nan,nan,nan,nan,nan,3.000000,3.231380,2.177741,-2.387314,-2.372915,4.378001,3.256043,2.177741,-2.387314,0.399995,8.884931,0.000000,4.979721,1.113165,1.000000,1.000000,0.000000,0.000000,0.000000,0.000000,0.000000,0.000000,0.000000,1.000000,4.000000,0.000000,2.000000,46.738468,-1.342308,nan
33.780,TRACKING,3.049506,1.060037,-2.795677,0.599995,-0.590913,4.929297,0.000008,-23.393715,-76.813940,29.399979,8.689642,-8.253161,0.000014,0.000000,0.000000,-43.524271,-22.333678,-79.609618,29.999974,8.098729,-3.323864,0.000022,0.000000,0.000000,-22.314130,-22.333678,-79.609618,29.399974,7.400929,-3.037475,0.000018,0.000000,0.000000,0.000000,1.060037,-2.795677,0.599995,3.049506,-0.590913,4.929297,0.000008,4.964589,nan,nan,nan,0,nan,nan,nan,0,nan,nan,nan,nan,nan,nan,nan,nan,nan,nan,nan,nan,nan,nan,nan,nan,nan,nan,nan,nan,nan,nan,nan,nan,nan,nan,nan,nan,nan,nan,nan,nan,nan,nan,nan,nan,nan,nan,nan,nan,nan,nan,nan,nan,nan,nan,nan,nan,nan,nan,3.000000,2.989898,2.042132,-2.183847,-2.418240,4.335811,3.016536,2.042132,-2.183847,0.399995,8.754284,0.000000,4.964589,1.113165,1.000000,1.000000,0.000000,0.000000,0.000000,0.000000,0.000000,0.000000,0.000000,1.000000,4.000000,0.000000,2.000000,46.628869,-1.328609,nan
33.820,TRACKING,2.813929,1.026325,-2.550463,0.599996,-0.674244,4.904297,0.000007,-22.960066,-77.220348,29.399979,8.672973,-8.128161,0.000014,0.000000,0.000000,-43.142714,-21.933741,-79.770811,29.999975,7.998729,-3.223864,0.000021,0.000000,0.000000,-21.951755,-21.933741,-79.770811,29.399975,7.419992,-2.990606,0.000018,0.000000,0.000000,0.000000,1.026325,-2.550463,0.599996,2.813929,-0.674244,4.904297,0.000007,4.950427,nan,nan,nan,0,nan,nan,nan,0,nan,nan,nan,nan,nan,nan,nan,nan,nan,nan,nan,nan,nan,nan,nan,nan,nan,nan,nan,nan,nan,nan,nan,nan,nan,nan,nan,nan,nan,nan,nan,nan,nan,nan,nan,nan,nan,nan,nan,nan,nan,nan,nan,nan,nan,nan,nan,nan,nan,nan,3.000000,2.749218,1.905344,-1.981885,-2.458713,4.296680,2.778165,1.905344,-1.981885,0.399996,8.623976,0.000000,4.950427,1.113165,1.000000,1.000000,0.000000,0.000000,0.000000,0.000000,0.000000,0.000000,0.000000,1.000000,4.000000,0.000000,2.000000,46.519085,-1.314886,nan
33.880,TRACKING,2.580198,0.988682,-2.306498,0.599996,-0.752852,4.879297,0.000007,-22.527487,-77.620506,29.399980,8.651581,-8.003161,0.000013,0.000000,0.000000,-42.770425,-21.538805,-79.927004,29.999976,7.898729,-3.123864,0.000020,0.000000,0.000000,-21.578276,-21.538805,-79.927004,29.399976,7.439328,-2.942176,0.000017,0.000000,0.000000,0.000000,0.988682,-2.306498,0.599996,2.580198,-0.752852,4.879297,0.000007,4.937036,nan,nan,nan,0,nan,nan,nan,0,nan,nan,nan,nan,nan,nan,nan,nan,nan,nan,nan,nan,nan,nan,nan,nan,nan,nan,nan,nan,nan,nan,nan,nan,nan,nan,nan,nan,nan,nan,nan,nan,nan,nan,nan,nan,nan,nan,nan,nan,nan,nan,nan,nan,nan,nan,nan,nan,nan,nan,3.000000,2.509467,1.767657,-1.781239,-2.494558,4.260458,2.541146,1.767657,-1.781239,0.399996,8.494024,0.000000,4.937036,1.113165,1.000000,1.000000,0.000000,0.000000,0.000000,0.000000,0.000000,0.000000,0.000000,1.000000,4.000000,0.000000,2.000000,46.409237,-1.301155,nan
33.920,TRACKING,2.348751,0.947331,-2.063783,0.599996,-0.827018,4.854297,0.000006,-22.096200,-78.014415,29.399981,8.625747,-7.878161,0.000013,0.000000,0.000000,-42.406418,-21.148869,-80.078197,29.999977,7.798729,-3.023864,0.000019,0.000000,0.000000,-21.193209,-21.148869,-80.078197,29.399977,7.458933,-2.892113,0.000017,0.000000,0.000000,0.000000,0.947331,-2.063783,0.599996,2.348751,-0.827018,4.854297,0.000006,4.924242,nan,nan,nan,0,nan,nan,nan,0,nan,nan,nan,nan,nan,nan,nan,nan,nan,nan,nan,nan,nan,nan,nan,nan,nan,nan,nan,nan,nan,nan,nan,nan,nan,nan,nan,nan,nan,nan,nan,nan,nan,nan,nan,nan,nan,nan,nan,nan,nan,nan,nan,nan,nan,nan,nan,nan,nan,nan,3.000000,2.270823,1.629347,-1.581729,-2.525980,4.227006,2.305783,1.629347,-1.581729,0.399996,8.364444,-0.000000,4.924242,1.113165,1.000000,1.000000,0.000000,0.000000,0.000000,0.000000,0.000000,0.000000,0.000000,1.000000,4.000000,0.000000,2.000000,46.299434,-1.287429,nan
33.980,TRACKING,2.120215,0.902481,-1.822318,0.599997,-0.897002,4.829297,0.000006,-21.666413,-78.402073,29.399981,8.595731,-7.753161,0.000013,0.000000,0.000000,-42.049768,-20.763932,-80.224391,29.999978,7.698729,-2.923864,0.000018,0.000000,0.000000,-20.796042,-20.763932,-80.224391,29.399978,7.478802,-2.840339,0.000016,0.000000,0.000000,0.000000,0.902481,-1.822318,0.599997,2.120215,-0.897002,4.829297,0.000006,4.911896,nan,nan,nan,0,nan,nan,nan,0,nan,nan,nan,nan,nan,nan,nan,nan,nan,nan,nan,nan,nan,nan,nan,nan,nan,nan,nan,nan,nan,nan,nan,nan,nan,nan,nan,nan,nan,nan,nan,nan,nan,nan,nan,nan,nan,nan,nan,nan,nan,nan,nan,nan,nan,nan,nan,nan,nan,nan,3.000000,2.033547,1.490685,-1.383175,-2.553167,4.196195,2.072514,1.490685,-1.383175,0.399997,8.235254,0.000000,4.911896,1.113165,1.000000,1.000000,0.000000,0.000000,0.000000,0.000000,0.000000,0.000000,0.000000,1.000000,4.000000,0.000000,2.000000,46.189776,-1.273722,nan
34.020,DOCKING,1.895501,0.854329,-1.582103,0.599997,-0.963050,4.804297,0.000005,-21.238324,-78.783481,29.399982,8.561779,-7.628161,0.000013,0.000000,0.000000,-41.699605,-20.383996,-80.365584,29.999979,7.598729,-2.823864,0.000018,0.000000,0.000000,-20.386236,-19.453581,-80.711347,29.749979,7.578802,-2.940339,0.100016,0.000000,0.000000,0.000000,0.854329,-1.582103,0.599997,1.895501,-0.963050,4.804297,0.000005,4.899871,nan,nan,nan,0,nan,nan,nan,0,nan,nan,nan,nan,nan,nan,nan,nan,nan,nan,nan,nan,nan,nan,nan,nan,nan,nan,nan,nan,nan,nan,nan,nan,nan,nan,nan,nan,nan,nan,nan,nan,nan,nan,nan,nan,nan,nan,nan,nan,nan,nan,nan,nan,nan,nan,nan,nan,nan,nan,4.000000,1.798035,1.351939,-1.185407,-2.576292,4.167907,1.841990,1.351939,-1.185407,0.399997,8.106472,0.000000,4.899871,1.895501,1.000000,1.000000,0.014876,0.000000,0.000000,0.000000,0.000000,0.000000,0.000000,2.000000,4.000000,0.000000,2.000000,46.080349,-1.260044,nan
34.080,DOCKING,1.669869,0.794926,-1.343138,0.593747,-1.188050,4.779297,-0.124996,-20.803985,-79.158639,29.406233,8.686779,-7.503161,0.125013,0.000000,0.000000,-40.818645,-20.009059,-80.501777,29.999980,7.498729,-2.723864,0.000017,0.000000,0.000000,-19.963221,-19.180035,-80.802914,29.749980,7.728802,-3.090339,0.128766,0.000000,0.000000,0.000000,0.794926,-1.343138,0.593747,1.669869,-1.188050,4.779297,-0.124996,4.926334,nan,nan,nan,0,nan,nan,nan,0,nan,nan,nan,nan,nan,nan,nan,nan,nan,nan,nan,nan,nan,nan,nan,nan,nan,nan,nan,nan,nan,nan,nan,nan,nan,nan,nan,nan,nan,nan,nan,nan,nan,nan,nan,nan,nan,nan,nan,nan,nan,nan,nan,nan,nan,nan,nan,nan,nan,nan,4.000000,1.560746,1.205731,-0.991031,-2.748395,4.086498,1.609647,1.205731,-0.991031,0.393747,7.978118,0.000000,4.926334,1.669869,1.000000,1.000000,0.033236,0.000000,0.000000,0.000000,0.000000,0.000000,0.000000,2.000000,4.000000,0.000000,2.000000,45.963272,-1.245409,nan
34.120,DOCKING,1.443739,0.724274,-1.105424,0.581247,-1.413050,4.754297,-0.249996,-20.363396,-79.527547,29.418733,8.811779,-7.378161,0.250013,0.000000,0.000000,-39.939661,-19.639123,-80.632970,29.999980,7.398729,-2.623864,0.000016,0.000000,0.000000,-19.526398,-18.914039,-80.890112,29.749980,7.828802,-3.074834,0.100766,0.000000,0.000000,0.000000,0.724274,-1.105424,0.581247,1.443739,-1.413050,4.754297,-0.249996,4.966140,nan,nan,nan,0,nan,nan,nan,0,nan,nan,nan,nan,nan,nan,nan,nan,nan,nan,nan,nan,nan,nan,nan,nan,nan,nan,nan,nan,nan,nan,nan,nan,nan,nan,nan,nan,nan,nan,nan,nan,nan,nan,nan,nan,nan,nan,nan,nan,nan,nan,nan,nan,nan,nan,nan,nan,nan,nan,4.000000,1.321565,1.052097,-0.799766,-2.920864,4.008566,1.375457,1.052097,-0.799766,0.381247,7.850214,0.000000,4.966140,1.443739,1.000000,1.000000,0.040212,0.000000,0.000000,0.000000,0.000000,0.000000,0.000000,2.000000,4.000000,0.000000,2.000000,45.838399,-1.229800,nan
34.180,DOCKING,1.218250,0.642371,-0.868959,0.562497,-1.638050,4.729297,-0.374997,-19.916557,-79.890205,29.437484,8.936779,-7.253161,0.375013,0.000000,0.000000,-39.063059,-19.274186,-80.759163,29.999981,7.298729,-2.523864,0.000016,0.000000,0.000000,-19.075132,-18.655487,-80.973106,29.749981,7.978802,-3.006544,0.070015,0.000000,0.000000,0.000000,0.642371,-0.868959,0.562497,1.218250,-1.638050,4.729297,-0.374997,5.018972,nan,nan,nan,0,nan,nan,nan,0,nan,nan,nan,nan,nan,nan,nan,nan,nan,nan,nan,nan,nan,nan,nan,nan,nan,nan,nan,nan,nan,nan,nan,nan,nan,nan,nan,nan,nan,nan,nan,nan,nan,nan,nan,nan,nan,nan,nan,nan,nan,nan,nan,nan,nan,nan,nan,nan,nan,nan,4.000000,1.080616,0.891082,-0.611313,-3.093677,3.934288,1.139796,0.891082,-0.611313,0.362497,7.722780,0.000000,5.018972,1.218250,1.000000,1.000000,0.052768,0.000000,0.000000,0.000000,0.000000,0.000000,0.000000,2.000000,4.000000,0.000000,2.000000,45.705584,-1.213198,nan
34.220,DOCKING,0.999263,0.549219,-0.633744,0.543372,-1.863050,4.704297,-0.382497,-19.463469,-80.246613,29.456609,9.061779,-7.128161,0.382512,0.000000,0.000000,-38.189237,-18.914250,-80.880357,29.999982,7.198729,-2.423864,0.000015,0.000000,0.000000,-18.608753,-18.403227,-81.052422,29.749982,8.078802,-2.935695,0.060249,0.000000,0.000000,0.000000,0.549219,-0.633744,0.543372,0.999263,-1.863050,4.704297,-0.382497,5.074216,nan,nan,nan,0,nan,nan,nan,0,nan,nan,nan,nan,nan,nan,nan,nan,nan,nan,nan,nan,nan,nan,nan,nan,nan,nan,nan,nan,nan,nan,nan,nan,nan,nan,nan,nan,nan,nan,nan,nan,nan,nan,nan,nan,nan,nan,nan,nan,nan,nan,nan,nan,nan,nan,nan,nan,nan,nan,4.000000,0.838613,0.722736,-0.425354,-3.266810,3.863848,0.906188,0.722736,-0.425354,0.343372,7.595842,0.000000,5.074216,0.999263,1.000000,1.000000,0.113493,0.000000,0.000000,0.000000,0.000000,0.000000,0.000000,2.000000,4.000000,0.000000,2.000000,45.564690,-1.195586,nan
34.280,DOCKING,0.796264,0.444816,-0.399779,0.525692,-2.088050,4.679297,-0.353607,-19.004130,-80.596771,29.474291,9.186779,-7.003161,0.353622,0.000000,0.000000,-37.318586,-18.559313,-80.996550,29.999983,7.098729,-2.323864,0.000014,0.000000,0.000000,-18.126554,-18.155146,-81.128860,29.749983,8.228802,-2.862219,0.057670,0.000000,0.000000,0.000000,0.444816,-0.399779,0.525692,0.796264,-2.088050,4.679297,-0.353607,5.136225,nan,nan,nan,0,nan,nan,nan,0,nan,nan,nan,nan,nan,nan,nan,nan,nan,nan,nan,nan,nan,nan,nan,nan,nan,nan,nan,nan,nan,nan,nan,nan,nan,nan,nan,nan,nan,nan,nan,nan,nan,nan,nan,nan,nan,nan,nan,nan,nan,nan,nan,nan,nan,nan,nan,nan,nan,nan,4.000000,0.598067,0.547119,-0.241549,-3.440232,3.797443,0.680999,0.547119,-0.241549,0.325692,7.469424,0.000000,5.136225,0.796264,1.000000,1.000000,0.245745,0.000000,0.000000,0.000000,0.000000,0.000000,0.000000,2.000000,4.000000,0.000000,2.000000,45.415581,-1.176948,nan
34.320,DOCKING,0.630467,0.332373,-0.167064,0.509025,-2.248854,4.654297,-0.333348,-18.541750,-80.940679,29.490959,9.247582,-6.878161,0.333362,0.000000,0.000000,-36.641109,-18.209377,-81.107743,29.999983,6.998729,-2.223864,0.000014,0.000000,0.000000,-17.627789,-17.904179,-81.204721,29.749983,8.328802,-2.762219,0.053982,0.000000,0.000000,0.000000,0.332373,-0.167064,0.509025,0.630467,-2.248854,4.654297,-0.333348,5.179859,nan,nan,nan,0,nan,nan,nan,0,nan,nan,nan,nan,nan,nan,nan,nan,nan,nan,nan,nan,nan,nan,nan,nan,nan,nan,nan,nan,nan,nan,nan,nan,nan,nan,nan,nan,nan,nan,nan,nan,nan,nan,nan,nan,nan,nan,nan,nan,nan,nan,nan,nan,nan,nan,nan,nan,nan,nan,4.000000,0.371998,0.367359,-0.058566,-3.552727,3.754724,0.483610,0.367359,-0.058566,0.309025,7.343554,0.000000,5.179859,0.630467,1.000000,1.000000,0.394125,1.000000,1.000000,0.000000,0.000000,0.000000,0.000000,2.000000,4.000000,0.000000,2.000000,45.261296,-1.157662,nan
34.380,DOCKING,0.544075,0.220116,0.064401,0.493375,-2.245159,4.629297,-0.312994,-18.084556,-81.278337,29.506609,9.143888,-6.753161,0.313007,0.000000,0.000000,-36.447489,-17.864441,-81.213936,29.999984,6.898729,-2.123864,0.000013,0.000000,0.000000,-17.111669,-17.629218,-81.286353,29.749984,8.278802,-2.612219,0.050759,0.000000,0.000000,0.000000,0.220116,0.064401,0.493375,0.544075,-2.245159,4.629297,-0.312994,5.154521,nan,nan,nan,0,nan,nan,nan,0,nan,nan,nan,nan,nan,nan,nan,nan,nan,nan,nan,nan,nan,nan,nan,nan,nan,nan,nan,nan,nan,nan,nan,nan,nan,nan,nan,nan,nan,nan,nan,nan,nan,nan,nan,nan,nan,nan,nan,nan,nan,nan,nan,nan,nan,nan,nan,nan,nan,nan,4.000000,0.229343,0.191423,0.126316,-3.507874,3.763768,0.372380,0.191423,0.126316,0.293375,7.218259,0.000000,5.154521,0.544075,1.000000,1.000000,0.492661,1.000000,4.000000,0.000000,0.000000,0.000000,0.000000,2.000000,4.000000,0.000000,2.000000,45.109849,-1.138731,nan
34.420,DOCKING,0.572562,0.109108,0.294615,0.478669,-2.220159,4.604297,-0.294122,-17.633612,-81.609745,29.521316,9.018888,-6.628161,0.294135,0.000000,0.000000,-36.312910,-17.524504,-81.315130,29.999985,6.798729,-2.023864,0.000013,0.000000,0.000000,-16.577360,-17.305419,-81.380347,29.749985,8.178802,-2.512219,0.047685,0.000000,0.000000,0.000000,0.109108,0.294615,0.478669,0.572562,-2.220159,4.604297,-0.294122,5.120074,nan,nan,nan,0,nan,nan,nan,0,nan,nan,nan,nan,nan,nan,nan,nan,nan,nan,nan,nan,nan,nan,nan,nan,nan,nan,nan,nan,nan,nan,nan,nan,nan,nan,nan,nan,nan,nan,nan,nan,nan,nan,nan,nan,nan,nan,nan,nan,nan,nan,nan,nan,nan,nan,nan,nan,nan,nan,4.000000,0.314170,0.020516,0.313499,-3.441529,3.779488,0.419951,0.020516,0.313499,0.278669,7.093570,0.000000,5.120074,0.544075,1.000000,1.000000,0.492707,1.000000,6.000000,0.000000,0.000000,0.000000,0.000000,2.000000,4.000000,0.000000,2.000000,44.962213,-1.120277,nan
34.480,DOCKING,0.700160,-0.000650,0.523580,0.464852,-2.195159,4.579297,-0.276342,-17.188917,-81.934903,29.535133,8.893888,-6.503161,0.276354,0.000000,0.000000,-36.174062,-17.189568,-81.411323,29.999985,6.698729,-1.923864,0.000012,0.000000,0.000000,-16.023981,-16.917693,-81.489405,29.749985,8.028802,-2.362219,0.044806,0.000000,0.000000,0.000000,-0.000650,0.523580,0.464852,0.700160,-2.195159,4.579297,-0.276342,5.085769,nan,nan,nan,0,nan,nan,nan,0,nan,nan,nan,nan,nan,nan,nan,nan,nan,nan,nan,nan,nan,nan,nan,nan,nan,nan,nan,nan,nan,nan,nan,nan,nan,nan,nan,nan,nan,nan,nan,nan,nan,nan,nan,nan,nan,nan,nan,nan,nan,nan,nan,nan,nan,nan,nan,nan,nan,nan,4.000000,0.523581,-0.145154,0.503058,-3.373936,3.795423,0.586757,-0.145154,0.503058,0.264852,6.969521,-0.000000,5.085769,0.544075,1.000000,1.000000,0.420193,1.000000,9.000000,0.000000,0.000000,0.000000,0.000000,2.000000,4.000000,0.000000,2.000000,44.818313,-1.102289,nan
34.520,DOCKING,0.875107,-0.109158,0.741425,0.451870,-2.170159,4.356897,-0.259646,-16.750473,-82.253811,29.548116,8.768888,-6.378161,0.259657,0.000000,0.000000,-36.030741,-16.859631,-81.512386,29.999986,6.598729,-2.021264,0.000012,0.000000,0.000000,-17.030407,-16.520950,-81.616128,29.749986,7.928802,-2.262219,0.042098,0.000000,0.000000,0.000000,-0.109158,0.741425,0.451870,0.875107,-2.170159,4.356897,-0.259646,4.874378,nan,nan,nan,0,nan,nan,nan,0,nan,nan,nan,nan,nan,nan,nan,nan,nan,nan,nan,nan,nan,nan,nan,nan,nan,nan,nan,nan,nan,nan,nan,nan,nan,nan,nan,nan,nan,nan,nan,nan,nan,nan,nan,nan,nan,nan,nan,nan,nan,nan,nan,nan,nan,nan,nan,nan,nan,nan,4.000000,0.749418,-0.321520,0.676943,-3.351041,3.530250,0.790611,-0.321520,0.676943,0.251870,6.901357,0.000000,4.874378,0.544075,1.000000,1.000000,0.300181,1.000000,9.000000,0.000000,0.000000,0.000000,0.000000,2.000000,4.000000,0.000000,2.000000,44.681328,-1.085166,nan
34.580,DOCKING,1.067188,-0.216416,0.948020,0.439672,-2.145159,4.131897,-0.243956,-16.318278,-82.566469,29.560315,8.643888,-6.253161,0.243968,0.000000,0.000000,-35.882728,-16.534695,-81.618449,29.999986,6.498729,-2.121264,0.000011,0.000000,0.000000,-18.077310,-16.127795,-81.751266,29.749986,7.778802,-2.131321,0.039555,0.000000,0.000000,0.000000,-0.216416,0.948020,0.439672,1.067188,-2.145159,4.131897,-0.243956,4.661952,nan,nan,nan,0,nan,nan,nan,0,nan,nan,nan,nan,nan,nan,nan,nan,nan,nan,nan,nan,nan,nan,nan,nan,nan,nan,nan,nan,nan,nan,nan,nan,nan,nan,nan,nan,nan,nan,nan,nan,nan,nan,nan,nan,nan,nan,nan,nan,nan,nan,nan,nan,nan,nan,nan,nan,nan,nan,4.000000,0.972408,-0.499904,0.834071,-3.321399,3.262299,1.001509,-0.499904,0.834071,0.239672,6.836171,0.000000,4.661952,0.544075,1.000000,1.000000,0.172664,0.000000,0.000000,0.000000,0.000000,0.000000,0.000000,2.000000,4.000000,0.000000,2.000000,44.551120,-1.068890,nan
34.620,DOCKING,1.265690,-0.322424,1.146582,0.428211,-2.120159,3.971230,-0.229216,-15.892334,-82.872877,29.571776,8.518888,-6.128161,0.229226,0.000000,0.000000,-35.729791,-16.214758,-81.726296,29.999987,6.398729,-2.156931,0.000011,0.000000,0.000000,-18.628314,-15.739104,-81.886633,29.749987,7.678802,-2.146296,0.037165,0.000000,0.000000,0.000000,-0.322424,1.146582,0.428211,1.265690,-2.120159,3.971230,-0.229216,4.507580,nan,nan,nan,0,nan,nan,nan,0,nan,nan,nan,nan,nan,nan,nan,nan,nan,nan,nan,nan,nan,nan,nan,nan,nan,nan,nan,nan,nan,nan,nan,nan,nan,nan,nan,nan,nan,nan,nan,nan,nan,nan,nan,nan,nan,nan,nan,nan,nan,nan,nan,nan,nan,nan,nan,nan,nan,nan,4.000000,1.191053,-0.671782,0.983522,-3.277606,3.085943,1.212719,-0.671782,0.983522,0.228211,6.752487,0.000000,4.507580,0.544075,1.000000,1.000000,0.113603,0.000000,0.000000,0.000000,0.000000,0.000000,0.000000,2.000000,4.000000,0.000000,2.000000,44.426461,-1.053308,nan
34.680,DOCKING,1.466076,-0.427182,1.338893,0.417443,-2.095159,3.846230,-0.215365,-15.472640,-83.173035,29.582545,8.393888,-6.003161,0.215376,0.000000,0.000000,-35.571683,-15.899822,-81.834142,29.999988,6.298729,-2.156931,0.000010,0.000000,0.000000,-18.903208,-15.355607,-82.020503,29.749988,7.528802,-2.123729,0.034919,0.000000,0.000000,0.000000,-0.427182,1.338893,0.417443,1.466076,-2.095159,3.846230,-0.215365,4.385152,nan,nan,nan,0,nan,nan,nan,0,nan,nan,nan,nan,nan,nan,nan,nan,nan,nan,nan,nan,nan,nan,nan,nan,nan,nan,nan,nan,nan,nan,nan,nan,nan,nan,nan,nan,nan,nan,nan,nan,nan,nan,nan,nan,nan,nan,nan,nan,nan,nan,nan,nan,nan,nan,nan,nan,nan,nan,4.000000,1.405389,-0.837905,1.128288,-3.228226,2.960023,1.422111,-0.837905,1.128288,0.217443,6.657803,-0.000000,4.385152,0.544075,1.000000,1.000000,0.078766,0.000000,0.000000,0.000000,0.000000,0.000000,0.000000,2.000000,4.000000,0.000000,2.000000,44.306627,-1.038328,nan
34.720,DOCKING,1.664624,-0.528747,1.524955,0.407325,-2.031288,3.721230,-0.202352,-15.059195,-83.466943,29.592663,8.268888,-5.878161,0.202362,0.000000,0.000000,-35.408140,-15.587942,-81.941989,29.999988,6.237600,-2.156931,0.000010,0.000000,0.000000,-19.075132,-14.291019,-82.074464,29.170185,7.428802,-2.023729,-0.065081,0.000000,0.000000,0.000000,-0.528747,1.524955,0.407325,1.664624,-2.031288,3.721230,-0.202352,4.244365,nan,nan,nan,0,nan,nan,nan,0,nan,nan,nan,nan,nan,nan,nan,nan,nan,nan,nan,nan,nan,nan,nan,nan,nan,nan,nan,nan,nan,nan,nan,nan,nan,nan,nan,nan,nan,nan,nan,nan,nan,nan,nan,nan,nan,nan,nan,nan,nan,nan,nan,nan,nan,nan,nan,nan,nan,nan,4.000000,1.614020,-0.998080,1.268422,-3.135879,2.853060,1.627281,-0.998080,1.268422,0.207325,6.600000,0.000000,4.244365,0.544075,1.000000,1.000000,0.000000,0.000000,0.000000,0.000000,0.000000,0.000000,0.000000,2.000000,4.000000,0.000000,2.000000,44.193309,-1.024164,nan
34.780,DOCKING,1.862337,-0.631897,1.704766,0.403457,-2.063014,3.596230,-0.077353,-14.644165,-83.754601,29.596531,8.300613,-5.753161,0.077362,0.000000,0.000000,-34.725858,-15.276062,-82.049835,29.999988,6.237600,-2.156931,0.000010,0.000000,0.000000,-19.075132,-13.708296,-82.239785,29.164266,7.278802,-1.873729,-0.215081,0.000000,0.000000,0.000000,-0.631897,1.704766,0.403457,1.862337,-2.063014,3.596230,-0.077353,4.146671,nan,nan,nan,0,nan,nan,nan,0,nan,nan,nan,nan,nan,nan,nan,nan,nan,nan,nan,nan,nan,nan,nan,nan,nan,nan,nan,nan,nan,nan,nan,nan,nan,nan,nan,nan,nan,nan,nan,nan,nan,nan,nan,nan,nan,nan,nan,nan,nan,nan,nan,nan,nan,nan,nan,nan,nan,nan,4.000000,1.818109,-1.154331,1.404650,-3.125011,2.724555,1.829458,-1.154331,1.404650,0.203457,6.600000,0.000000,4.146671,0.544075,1.000000,1.000000,0.000000,0.000000,0.000000,0.000000,0.000000,0.000000,0.000000,2.000000,4.000000,0.000000,2.000000,44.081460,-1.010182,nan
34.820,DOCKING,2.059267,-0.740109,1.878328,0.405840,-2.164245,3.471230,0.047647,-14.224072,-84.036009,29.594149,8.401844,-5.628161,-0.047638,0.000000,0.000000,-33.817026,-14.964182,-82.157682,29.999989,6.237600,-2.156931,0.000009,0.000000,0.000000,-19.075132,-13.109853,-82.409152,29.160662,7.178802,-1.773729,-0.260245,0.000000,0.000000,0.000000,-0.740109,1.878328,0.405840,2.059267,-2.164245,3.471230,0.047647,4.090925,nan,nan,nan,0,nan,nan,nan,0,nan,nan,nan,nan,nan,nan,nan,nan,nan,nan,nan,nan,nan,nan,nan,nan,nan,nan,nan,nan,nan,nan,nan,nan,nan,nan,nan,nan,nan,nan,nan,nan,nan,nan,nan,nan,nan,nan,nan,nan,nan,nan,nan,nan,nan,nan,nan,nan,nan,nan,4.000000,2.018880,-1.313323,1.533317,-3.179833,2.573336,2.029346,-1.313323,1.533317,0.205840,6.600000,0.000000,4.090925,0.544075,1.000000,1.000000,0.000000,0.000000,0.000000,0.000000,0.000000,0.000000,0.000000,2.000000,4.000000,0.000000,2.000000,43.967497,-0.995937,nan
34.880,DOCKING,2.252222,-0.848629,2.044638,0.414472,-2.170385,3.326215,0.172647,-13.800779,-84.311167,29.585517,8.465865,-5.503161,-0.172638,0.000000,0.000000,-33.025528,-14.649408,-82.266529,29.999989,6.295480,-2.176946,0.000009,0.000000,0.000000,-19.075132,-12.487851,-82.590745,29.160226,7.028802,-1.623729,-0.159099,0.000000,0.000000,0.000000,-0.848629,2.044638,0.414472,2.252222,-2.170385,3.326215,0.172647,3.975435,nan,nan,nan,0,nan,nan,nan,0,nan,nan,nan,nan,nan,nan,nan,nan,nan,nan,nan,nan,nan,nan,nan,nan,nan,nan,nan,nan,nan,nan,nan,nan,nan,nan,nan,nan,nan,nan,nan,nan,nan,nan,nan,nan,nan,nan,nan,nan,nan,nan,nan,nan,nan,nan,nan,nan,nan,nan,4.000000,2.213756,-1.470235,1.655031,-3.138244,2.434277,2.224121,-1.470235,1.655031,0.214472,6.661243,-0.000000,3.975435,0.544075,1.000000,1.000000,0.000000,0.000000,0.000000,0.000000,0.000000,0.000000,0.000000,2.000000,4.000000,0.000000,2.000000,43.856203,-0.982025,nan
34.920,DOCKING,2.439101,-0.958398,2.201441,0.429354,-2.195385,3.136054,0.297646,-13.371236,-84.580076,29.570635,8.590865,-5.378161,-0.297638,0.000000,0.000000,-32.047907,-14.329634,-82.378634,29.999990,6.395480,-2.242107,0.000008,0.000000,0.000000,-19.319481,-11.988273,-82.775593,29.166060,6.928802,-1.523729,-0.059099,0.000000,0.000000,0.000000,-0.958398,2.201441,0.429354,2.439101,-2.195385,3.136054,0.297646,3.839680,nan,nan,nan,0,nan,nan,nan,0,nan,nan,nan,nan,nan,nan,nan,nan,nan,nan,nan,nan,nan,nan,nan,nan,nan,nan,nan,nan,nan,nan,nan,nan,nan,nan,nan,nan,nan,nan,nan,nan,nan,nan,nan,nan,nan,nan,nan,nan,nan,nan,nan,nan,nan,nan,nan,nan,nan,nan,4.000000,2.401014,-1.632743,1.760403,-3.109277,2.233148,2.411944,-1.632743,1.760403,0.229354,6.777109,0.000000,3.839680,0.544075,1.000000,1.000000,0.000000,0.000000,0.000000,0.000000,0.000000,0.000000,0.000000,2.000000,4.000000,0.000000,2.000000,43.747109,-0.968389,nan
34.980,DOCKING,2.616166,-1.060542,2.348838,0.450039,-2.042878,2.947945,0.413682,-12.944318,-84.842734,29.549952,8.538358,-5.253161,-0.413674,0.000000,0.000000,-31.601598,-14.004860,-82.493895,29.999990,6.495480,-2.305216,0.000008,0.000000,0.000000,-19.539541,-11.621577,-82.915268,29.174169,6.778802,-1.373729,0.090901,0.000000,0.000000,0.000000,-1.060542,2.348838,0.450039,2.616166,-2.042878,2.947945,0.413682,3.610383,nan,nan,nan,0,nan,nan,nan,0,nan,nan,nan,nan,nan,nan,nan,nan,nan,nan,nan,nan,nan,nan,nan,nan,nan,nan,nan,nan,nan,nan,nan,nan,nan,nan,nan,nan,nan,nan,nan,nan,nan,nan,nan,nan,nan,nan,nan,nan,nan,nan,nan,nan,nan,nan,nan,nan,nan,nan,4.000000,2.577167,-1.785052,1.858865,-2.911192,2.094920,2.589268,-1.785052,1.858865,0.250039,6.892407,0.000000,3.610383,0.544075,1.000000,1.000000,0.000000,0.000000,0.000000,0.000000,0.000000,0.000000,0.000000,2.000000,4.000000,0.000000,2.000000,43.648924,-0.956115,nan
35.020,DOCKING,2.779692,-1.151436,2.486996,0.464473,-1.817878,2.763150,0.288682,-12.523650,-85.099142,29.535518,8.413358,-5.128161,-0.288674,0.000000,0.000000,-31.363398,-13.675086,-82.612146,29.999991,6.595480,-2.365011,0.000008,0.000000,0.000000,-19.726849,-11.250165,-83.056737,29.179827,6.678802,-1.273729,0.056803,0.000000,0.000000,0.000000,-1.151436,2.486996,0.464473,2.779692,-1.817878,2.763150,0.288682,3.320093,nan,nan,nan,0,nan,nan,nan,0,nan,nan,nan,nan,nan,nan,nan,nan,nan,nan,nan,nan,nan,nan,nan,nan,nan,nan,nan,nan,nan,nan,nan,nan,nan,nan,nan,nan,nan,nan,nan,nan,nan,nan,nan,nan,nan,nan,nan,nan,nan,nan,nan,nan,nan,nan,nan,nan,nan,nan,4.000000,2.740612,-1.923312,1.952389,-2.643855,1.987388,2.753343,-1.923312,1.952389,0.264473,7.006685,0.000000,3.320093,0.544075,1.000000,1.000000,0.000000,0.000000,0.000000,0.000000,0.000000,0.000000,0.000000,2.000000,4.000000,0.000000,2.000000,43.565105,-0.945638,nan
35.080,DOCKING,2.930801,-1.231080,2.616142,0.479414,-1.592878,2.582927,0.298834,-12.109232,-85.349300,29.520577,8.288358,-5.003161,-0.298826,0.000000,0.000000,-31.116743,-13.340312,-82.733158,29.999991,6.695480,-2.420234,0.000008,0.000000,0.000000,-19.873546,-10.874107,-83.199293,29.185684,6.528802,-1.123729,0.067490,0.000000,0.000000,0.000000,-1.231080,2.616142,0.479414,2.930801,-1.592878,2.582927,0.298834,3.049274,nan,nan,nan,0,nan,nan,nan,0,nan,nan,nan,nan,nan,nan,nan,nan,nan,nan,nan,nan,nan,nan,nan,nan,nan,nan,nan,nan,nan,nan,nan,nan,nan,nan,nan,nan,nan,nan,nan,nan,nan,nan,nan,nan,nan,nan,nan,nan,nan,nan,nan,nan,nan,nan,nan,nan,nan,nan,4.000000,2.891324,-2.047108,2.041838,-2.376068,1.887610,2.904794,-2.047108,2.041838,0.279414,7.119479,0.000000,3.049274,0.544075,1.000000,1.000000,0.000000,0.000000,0.000000,0.000000,0.000000,0.000000,0.000000,2.000000,4.000000,0.000000,2.000000,43.495476,-0.936935,nan
35.120,DOCKING,3.069174,-1.299474,2.736487,0.492785,-1.367878,2.406897,0.267410,-11.701064,-85.593208,29.507206,8.163358,-4.878161,-0.267402,0.000000,0.000000,-30.861187,-13.000538,-82.856721,29.999991,6.795480,-2.471264,0.000007,0.000000,0.000000,-19.984448,-10.493361,-83.342859,29.190926,6.428802,-1.147951,0.050462,0.000000,0.000000,0.000000,-1.299474,2.736487,0.492785,3.069174,-1.367878,2.406897,0.267410,2.781322,nan,nan,nan,0,nan,nan,nan,0,nan,nan,nan,nan,nan,nan,nan,nan,nan,nan,nan,nan,nan,nan,nan,nan,nan,nan,nan,nan,nan,nan,nan,nan,nan,nan,nan,nan,nan,nan,nan,nan,nan,nan,nan,nan,nan,nan,nan,nan,nan,nan,nan,nan,nan,nan,nan,nan,nan,nan,4.000000,3.029355,-2.156462,2.127596,-2.108105,1.794474,3.043471,-2.156462,2.127596,0.292785,7.230884,0.000000,2.781322,0.544075,1.000000,1.000000,0.000000,0.000000,0.000000,0.000000,0.000000,0.000000,0.000000,2.000000,4.000000,0.000000,2.000000,43.439863,-0.929983,nan
35.180,DOCKING,3.195156,-1.356617,2.848245,0.506070,-1.142878,2.235169,0.265708,-11.299147,-85.830866,29.493921,8.038358,-4.753161,-0.265701,0.000000,0.000000,-30.596248,-12.655764,-82.982620,29.999992,6.895480,-2.517992,0.000007,0.000000,0.000000,-20.060458,-10.107920,-83.487171,29.196134,6.278802,-1.259756,0.053758,0.000000,0.000000,0.000000,-1.356617,2.848245,0.506070,3.195156,-1.142878,2.235169,0.265708,2.524430,nan,nan,nan,0,nan,nan,nan,0,nan,nan,nan,nan,nan,nan,nan,nan,nan,nan,nan,nan,nan,nan,nan,nan,nan,nan,nan,nan,nan,nan,nan,nan,nan,nan,nan,nan,nan,nan,nan,nan,nan,nan,nan,nan,nan,nan,nan,nan,nan,nan,nan,nan,nan,nan,nan,nan,nan,nan,4.000000,3.154824,-2.251294,2.210110,-1.840229,1.707543,3.169636,-2.251294,2.210110,0.306070,7.340840,0.000000,2.524430,0.544075,1.000000,1.000000,0.000000,0.000000,0.000000,0.000000,0.000000,0.000000,0.000000,2.000000,4.000000,0.000000,2.000000,43.398089,-0.924761,nan
35.220,DOCKING,3.308737,-1.402511,2.951627,0.518272,-0.917878,2.067624,0.244036,-10.903479,-86.062274,29.481720,7.913358,-4.628161,-0.244029,0.000000,0.000000,-30.321413,-12.305990,-83.110647,29.999992,6.995480,-2.560537,0.000007,0.000000,0.000000,-20.104006,-9.717764,-83.632055,29.200917,6.178802,-1.344630,0.045124,0.000000,0.000000,0.000000,-1.402511,2.951627,0.518272,3.308737,-0.917878,2.067624,0.244036,2.275329,nan,nan,nan,0,nan,nan,nan,0,nan,nan,nan,nan,nan,nan,nan,nan,nan,nan,nan,nan,nan,nan,nan,nan,nan,nan,nan,nan,nan,nan,nan,nan,nan,nan,nan,nan,nan,nan,nan,nan,nan,nan,nan,nan,nan,nan,nan,nan,nan,nan,nan,nan,nan,nan,nan,nan,nan,nan,4.000000,3.267895,-2.331605,2.289706,-1.572647,1.626147,3.283357,-2.331605,2.289706,0.318272,7.449368,-0.000000,2.275329,0.544075,1.000000,1.000000,0.000000,0.000000,0.000000,0.000000,0.000000,0.000000,0.000000,2.000000,4.000000,0.000000,2.000000,43.369977,-0.921253,nan
35.280,DOCKING,3.410221,-1.437155,3.046840,0.530054,-0.692878,1.904268,0.235644,-10.514061,-86.287432,29.469938,7.788358,-4.503161,-0.235638,0.000000,0.000000,-30.036130,-11.951216,-83.240592,29.999992,7.095480,-2.598893,0.000006,0.000000,0.000000,-20.116495,-9.322880,-83.777297,29.205536,6.028802,-1.426952,0.044701,0.000000,0.000000,0.000000,-1.437155,3.046840,0.530054,3.410221,-0.692878,1.904268,0.235644,2.040060,nan,nan,nan,0,nan,nan,nan,0,nan,nan,nan,nan,nan,nan,nan,nan,nan,nan,nan,nan,nan,nan,nan,nan,nan,nan,nan,nan,nan,nan,nan,nan,nan,nan,nan,nan,nan,nan,nan,nan,nan,nan,nan,nan,nan,nan,nan,nan,nan,nan,nan,nan,nan,nan,nan,nan,nan,nan,4.000000,3.368776,-2.397382,2.366688,-1.305544,1.549797,3.384905,-2.397382,2.366688,0.330054,7.556460,0.000000,2.040060,0.544075,1.000000,1.000000,0.000000,0.000000,0.000000,0.000000,0.000000,0.000000,0.000000,2.000000,4.000000,0.000000,2.000000,43.355350,-0.920340,nan
35.320,TRACKING,3.499778,-1.460549,3.134090,0.541040,-0.467878,1.744997,0.219707,-10.130893,-86.506340,29.458953,7.663358,-4.378161,-0.219701,0.000000,0.000000,-29.739806,-11.591442,-83.372250,29.999993,7.195480,-2.633164,0.000006,0.000000,0.000000,-20.099949,-11.591442,-83.372250,29.399993,6.028802,-1.526952,-0.009897,0.000000,0.000000,0.000000,-1.460549,3.134090,0.541040,3.499778,-0.467878,1.744997,0.219707,1.819943,nan,nan,nan,0,nan,nan,nan,0,nan,nan,nan,nan,nan,nan,nan,nan,nan,nan,nan,nan,nan,nan,nan,nan,nan,nan,nan,nan,nan,nan,nan,nan,nan,nan,nan,nan,nan,nan,nan,nan,nan,nan,nan,nan,nan,nan,nan,nan,nan,nan,nan,nan,nan,nan,nan,nan,nan,nan,3.000000,3.457705,-2.448651,2.441276,-1.039065,1.477926,3.474483,-2.448651,2.441276,0.341040,7.662146,0.000000,1.819943,0.544075,0.000000,1.000000,0.000000,0.000000,0.000000,0.000000,0.000000,0.000000,0.000000,2.000000,9.000000,0.000000,2.000000,43.354031,-0.922612,nan
35.380,TRACKING,3.582875,-1.472693,3.220090,0.546983,-0.242878,1.719997,0.118863,-9.753975,-86.718998,29.453010,7.538358,-4.253161,-0.118857,0.000000,0.000000,-29.431804,-11.226668,-83.498908,29.999993,7.295480,-2.533164,0.000006,0.000000,0.000000,-19.148220,-11.226668,-83.498908,29.399993,6.178802,-1.676952,-0.101359,0.000000,0.000000,0.000000,-1.472693,3.220090,0.546983,3.582875,-0.242878,1.719997,0.118863,1.741122,nan,nan,nan,0,nan,nan,nan,0,nan,nan,nan,nan,nan,nan,nan,nan,nan,nan,nan,nan,nan,nan,nan,nan,nan,nan,nan,nan,nan,nan,nan,nan,nan,nan,nan,nan,nan,nan,nan,nan,nan,nan,nan,nan,nan,nan,nan,nan,nan,nan,nan,nan,nan,nan,nan,nan,nan,nan,3.000000,3.540876,-2.447445,2.558870,-0.793621,1.545168,3.557836,-2.447445,2.558870,0.346983,7.722755,0.000000,1.741122,0.544075,1.000000,1.000000,0.000000,0.000000,0.000000,0.000000,0.000000,0.000000,0.000000,2.000000,9.000000,0.000000,2.000000,43.364118,-0.927784,nan
35.420,TRACKING,3.660754,-1.473587,3.304840,0.554702,-0.017878,1.694997,0.154382,-9.383307,-86.925406,29.445291,7.413358,-4.128161,-0.154376,0.000000,0.000000,-29.111441,-10.856894,-83.620567,29.999993,7.395480,-2.433164,0.000006,0.000000,0.000000,-18.211566,-10.856894,-83.620567,29.399993,6.278802,-1.776952,-0.115539,0.000000,0.000000,0.000000,-1.473587,3.304840,0.554702,3.660754,-0.017878,1.694997,0.154382,1.702107,nan,nan,nan,0,nan,nan,nan,0,nan,nan,nan,nan,nan,nan,nan,nan,nan,nan,nan,nan,nan,nan,nan,nan,nan,nan,nan,nan,nan,nan,nan,nan,nan,nan,nan,nan,nan,nan,nan,nan,nan,nan,nan,nan,nan,nan,nan,nan,nan,nan,nan,nan,nan,nan,nan,nan,nan,nan,3.000000,3.618483,-2.432624,2.678762,-0.546714,1.604505,3.635827,-2.432624,2.678762,0.354702,7.785462,0.000000,1.702107,0.544075,1.000000,1.000000,0.000000,0.000000,0.000000,0.000000,0.000000,0.000000,0.000000,2.000000,9.000000,0.000000,2.000000,43.385577,-0.935812,nan
35.480,TRACKING,3.733439,-1.463231,3.388339,0.562744,0.207122,1.669997,0.160842,-9.018889,-87.125564,29.437249,7.288358,-4.003161,-0.160837,0.000000,0.000000,-28.777976,-10.482120,-83.737225,29.999993,7.495480,-2.333164,0.000005,0.000000,0.000000,-17.290122,-10.482120,-83.737225,29.399993,6.428802,-1.926952,-0.113568,0.000000,0.000000,0.000000,-1.463231,3.388339,0.562744,3.733439,0.207122,1.669997,0.160842,1.690461,nan,nan,nan,0,nan,nan,nan,0,nan,nan,nan,nan,nan,nan,nan,nan,nan,nan,nan,nan,nan,nan,nan,nan,nan,nan,nan,nan,nan,nan,nan,nan,nan,nan,nan,nan,nan,nan,nan,nan,nan,nan,nan,nan,nan,nan,nan,nan,nan,nan,nan,nan,nan,nan,nan,nan,nan,nan,3.000000,3.690784,-2.404160,2.800340,-0.298577,1.656092,3.708567,-2.404160,2.800340,0.362744,7.850215,0.000000,1.690461,0.544075,1.000000,1.000000,0.000000,0.000000,0.000000,0.000000,0.000000,0.000000,0.000000,2.000000,9.000000,0.000000,2.000000,43.418373,-0.946651,nan
35.520,TRACKING,3.801118,-1.441625,3.470589,0.570285,0.432122,1.644997,0.150829,-8.660721,-87.319472,29.429708,7.163358,-3.878161,-0.150824,0.000000,0.000000,-28.430614,-10.102346,-83.848883,29.999994,7.595480,-2.233164,0.000005,0.000000,0.000000,-16.383985,-10.102346,-83.848883,29.399994,6.528802,-2.026952,-0.102916,0.000000,0.000000,0.000000,-1.441625,3.470589,0.570285,3.801118,0.432122,1.644997,0.150829,1.707481,nan,nan,nan,0,nan,nan,nan,0,nan,nan,nan,nan,nan,nan,nan,nan,nan,nan,nan,nan,nan,nan,nan,nan,nan,nan,nan,nan,nan,nan,nan,nan,nan,nan,nan,nan,nan,nan,nan,nan,nan,nan,nan,nan,nan,nan,nan,nan,nan,nan,nan,nan,nan,nan,nan,nan,nan,nan,3.000000,3.758094,-2.362045,2.923015,-0.049435,1.700088,3.776292,-2.362045,2.923015,0.370285,7.916965,0.000000,1.707481,0.544075,1.000000,1.000000,0.000000,0.000000,0.000000,0.000000,0.000000,0.000000,0.000000,2.000000,9.000000,0.000000,2.000000,43.462469,-0.960264,nan
35.580,TRACKING,3.864097,-1.408769,3.551589,0.576917,0.657122,1.619997,0.132635,-8.308803,-87.507130,29.423077,7.038358,-3.753161,-0.132630,0.000000,0.000000,-28.068496,-9.717572,-83.955541,29.999994,7.695480,-2.133164,0.000005,0.000000,0.000000,-15.493218,-9.717572,-83.955541,29.399994,6.678802,-2.136969,-0.038988,0.000000,0.000000,0.000000,-1.408769,3.551589,0.576917,3.864097,0.657122,1.619997,0.132635,1.753223,nan,nan,nan,0,nan,nan,nan,0,nan,nan,nan,nan,nan,nan,nan,nan,nan,nan,nan,nan,nan,nan,nan,nan,nan,nan,nan,nan,nan,nan,nan,nan,nan,nan,nan,nan,nan,nan,nan,nan,nan,nan,nan,nan,nan,nan,nan,nan,nan,nan,nan,nan,nan,nan,nan,nan,nan,nan,3.000000,3.820787,-2.306293,3.046215,0.200503,1.736663,3.839333,-2.306293,3.046215,0.376917,7.985662,0.000000,1.753223,0.544075,1.000000,1.000000,0.000000,0.000000,0.000000,0.000000,0.000000,0.000000,0.000000,2.000000,9.000000,0.000000,2.000000,43.517830,-0.976615,nan
35.620,TRACKING,3.922416,-1.364662,3.631339,0.580021,0.882122,1.594997,0.062075,-7.963136,-87.688538,29.419973,6.913358,-3.628161,-0.062070,0.000000,0.000000,-27.690690,-9.327798,-84.057199,29.999994,7.795480,-2.033164,0.000005,0.000000,0.000000,-14.617853,-9.327798,-84.057199,29.399994,6.778802,-2.036969,-0.023167,0.000000,0.000000,0.000000,-1.364662,3.631339,0.580021,3.922416,0.882122,1.594997,0.062075,1.823734,nan,nan,nan,0,nan,nan,nan,0,nan,nan,nan,nan,nan,nan,nan,nan,nan,nan,nan,nan,nan,nan,nan,nan,nan,nan,nan,nan,nan,nan,nan,nan,nan,nan,nan,nan,nan,nan,nan,nan,nan,nan,nan,nan,nan,nan,nan,nan,nan,nan,nan,nan,nan,nan,nan,nan,nan,nan,3.000000,3.879294,-2.236933,3.169393,0.451038,1.765989,3.897864,-2.236933,3.169393,0.380021,8.056256,0.000000,1.823734,0.544075,1.000000,1.000000,0.000000,0.000000,0.000000,0.000000,0.000000,0.000000,0.000000,2.000000,9.000000,0.000000,2.000000,43.584417,-0.995673,nan
35.680,TRACKING,3.976948,-1.309306,3.709839,0.582179,1.107122,1.569997,0.043151,-7.623718,-87.863696,29.417816,6.788358,-3.503161,-0.043146,0.000000,0.000000,-27.296190,-8.933024,-84.153858,29.999994,7.895480,-1.933164,0.000005,0.000000,0.000000,-13.757893,-8.933024,-84.153858,29.399994,6.928802,-1.918959,-0.018195,0.000000,0.000000,0.000000,-1.309306,3.709839,0.582179,3.976948,1.107122,1.569997,0.043151,1.921580,nan,nan,nan,0,nan,nan,nan,0,nan,nan,nan,nan,nan,nan,nan,nan,nan,nan,nan,nan,nan,nan,nan,nan,nan,nan,nan,nan,nan,nan,nan,nan,nan,nan,nan,nan,nan,nan,nan,nan,nan,nan,nan,nan,nan,nan,nan,nan,nan,nan,nan,nan,nan,nan,nan,nan,nan,nan,3.000000,3.934105,-2.154014,3.292022,0.701982,1.788248,3.952625,-2.154014,3.292022,0.382179,8.128698,0.000000,1.921580,0.544075,1.000000,1.000000,0.000000,0.000000,0.000000,0.000000,0.000000,0.000000,0.000000,2.000000,9.000000,0.000000,2.000000,43.662194,-1.017410,nan
35.720,TRACKING,4.028322,-1.242700,3.787088,0.583980,1.332122,1.544997,0.036021,-7.290550,-88.032604,29.416015,6.663358,-3.378161,-0.036017,0.000000,0.000000,-26.883905,-8.533250,-84.245516,29.999995,7.995480,-1.833164,0.000004,0.000000,0.000000,-12.913311,-8.533250,-84.245516,29.399995,7.028802,-1.818959,-0.015783,0.000000,0.000000,0.000000,-1.242700,3.787088,0.583980,4.028322,1.332122,1.544997,0.036021,2.040309,nan,nan,nan,0,nan,nan,nan,0,nan,nan,nan,nan,nan,nan,nan,nan,nan,nan,nan,nan,nan,nan,nan,nan,nan,nan,nan,nan,nan,nan,nan,nan,nan,nan,nan,nan,nan,nan,nan,nan,nan,nan,nan,nan,nan,nan,nan,nan,nan,nan,nan,nan,nan,nan,nan,nan,nan,nan,3.000000,3.985768,-2.057597,3.413596,0.953161,1.803621,4.004221,-2.057597,3.413596,0.383980,8.202938,0.000000,2.040309,0.544075,1.000000,1.000000,0.000000,0.000000,0.000000,0.000000,0.000000,0.000000,0.000000,2.000000,9.000000,0.000000,2.000000,43.751122,-1.041800,nan
35.780,TRACKING,4.075700,-1.164844,3.861551,0.585570,1.557122,1.489248,0.031808,-6.963632,-88.195262,29.414425,6.538358,-3.253161,-0.031804,0.000000,0.000000,-26.452650,-8.128476,-84.333711,29.999995,8.095480,-1.763913,0.000004,0.000000,0.000000,-12.291976,-8.128476,-84.333711,29.399995,7.178802,-1.703146,-0.014069,0.000000,0.000000,0.000000,-1.164844,3.861551,0.585570,4.075700,1.557122,1.489248,0.031808,2.154879,nan,nan,nan,0,nan,nan,nan,0,nan,nan,nan,nan,nan,nan,nan,nan,nan,nan,nan,nan,nan,nan,nan,nan,nan,nan,nan,nan,nan,nan,nan,nan,nan,nan,nan,nan,nan,nan,nan,nan,nan,nan,nan,nan,nan,nan,nan,nan,nan,nan,nan,nan,nan,nan,nan,nan,nan,nan,3.000000,4.033415,-1.960240,3.525039,1.204374,1.786609,4.051802,-1.960240,3.525039,0.385570,8.285420,0.000000,2.154879,0.544075,1.000000,1.000000,0.000000,0.000000,0.000000,0.000000,0.000000,0.000000,0.000000,2.000000,9.000000,0.000000,2.000000,43.851515,-1.068867,nan
35.820,TRACKING,4.117796,-1.075738,3.931218,0.586995,1.782122,1.393332,0.028503,-6.642964,-88.351670,29.413000,6.413358,-3.128161,-0.028499,0.000000,0.000000,-26.001136,-7.718702,-84.420453,29.999995,8.195480,-1.734829,0.000004,0.000000,0.000000,-11.952004,-7.718702,-84.420453,29.399995,7.278802,-1.656736,-0.012624,0.000000,0.000000,0.000000,-1.075738,3.931218,0.586995,4.117796,1.782122,1.393332,0.028503,2.262332,nan,nan,nan,0,nan,nan,nan,0,nan,nan,nan,nan,nan,nan,nan,nan,nan,nan,nan,nan,nan,nan,nan,nan,nan,nan,nan,nan,nan,nan,nan,nan,nan,nan,nan,nan,nan,nan,nan,nan,nan,nan,nan,nan,nan,nan,nan,nan,nan,nan,nan,nan,nan,nan,nan,nan,nan,nan,3.000000,4.075743,-1.866542,3.623217,1.454940,1.732190,4.094075,-1.866542,3.623217,0.386995,8.377083,-0.000000,2.262332,0.544075,1.000000,1.000000,0.000000,0.000000,0.000000,0.000000,0.000000,0.000000,0.000000,2.000000,9.000000,0.000000,2.000000,43.963756,-1.098646,nan
35.880,TRACKING,4.155353,-0.975382,3.996188,0.588277,2.007122,1.299417,0.025632,-6.328546,-88.501828,29.411719,6.288358,-3.003161,-0.025628,0.000000,0.000000,-25.527964,-7.303928,-84.505640,29.999995,8.295480,-1.703744,0.000004,0.000000,0.000000,-11.606143,-7.303928,-84.505640,29.399995,7.428802,-1.609462,-0.011350,0.000000,0.000000,0.000000,-0.975382,3.996188,0.588277,4.155353,2.007122,1.299417,0.025632,2.391167,nan,nan,nan,0,nan,nan,nan,0,nan,nan,nan,nan,nan,nan,nan,nan,nan,nan,nan,nan,nan,nan,nan,nan,nan,nan,nan,nan,nan,nan,nan,nan,nan,nan,nan,nan,nan,nan,nan,nan,nan,nan,nan,nan,nan,nan,nan,nan,nan,nan,nan,nan,nan,nan,nan,nan,nan,nan,3.000000,4.113501,-1.759404,3.718251,1.704663,1.676647,4.131785,-1.759404,3.718251,0.388277,8.468632,0.000000,2.391167,0.544075,1.000000,1.000000,0.000000,0.000000,0.000000,0.000000,0.000000,0.000000,0.000000,2.000000,9.000000,0.000000,2.000000,44.087734,-1.131114,nan
35.920,TRACKING,4.190151,-0.868525,4.056551,0.589431,2.137136,1.207246,0.023077,-6.015629,-88.645737,29.410565,6.258343,-2.878161,-0.023073,0.000000,0.000000,-24.697315,-6.884154,-84.589186,29.999995,8.395480,-1.670915,0.000004,0.000000,0.000000,-11.256237,-6.884154,-84.589186,29.399995,7.528802,-1.561575,-0.010216,0.000000,0.000000,0.000000,-0.868525,4.056551,0.589431,4.190151,2.137136,1.207246,0.023077,2.454654,nan,nan,nan,0,nan,nan,nan,0,nan,nan,nan,nan,nan,nan,nan,nan,nan,nan,nan,nan,nan,nan,nan,nan,nan,nan,nan,nan,nan,nan,nan,nan,nan,nan,nan,nan,nan,nan,nan,nan,nan,nan,nan,nan,nan,nan,nan,nan,nan,nan,nan,nan,nan,nan,nan,nan,nan,nan,3.000000,4.148486,-1.643645,3.808985,1.860376,1.601186,4.166725,-1.643645,3.808985,0.389431,8.560142,0.000000,2.454654,0.544075,1.000000,1.000000,0.000000,0.000000,0.000000,0.000000,0.000000,0.000000,0.000000,2.000000,9.000000,0.000000,2.000000,44.218606,-1.153159,nan
35.980,TRACKING,4.224012,-0.762918,4.112369,0.590470,2.112136,1.116361,0.020789,-5.696462,-88.783395,29.409526,6.383343,-2.753161,-0.020786,0.000000,0.000000,-23.330726,-6.459380,-84.671026,29.999996,8.495480,-1.636800,0.000004,0.000000,0.000000,-10.905388,-6.459380,-84.671026,29.399996,7.678802,-1.513501,-0.009204,0.000000,0.000000,0.000000,-0.762918,4.112369,0.590470,4.224012,2.112136,1.116361,0.020789,2.389103,nan,nan,nan,0,nan,nan,nan,0,nan,nan,nan,nan,nan,nan,nan,nan,nan,nan,nan,nan,nan,nan,nan,nan,nan,nan,nan,nan,nan,nan,nan,nan,nan,nan,nan,nan,nan,nan,nan,nan,nan,nan,nan,nan,nan,nan,nan,nan,nan,nan,nan,nan,nan,nan,nan,nan,nan,nan,3.000000,4.182538,-1.527151,3.893768,1.862791,1.495791,4.200725,-1.527151,3.893768,0.390470,8.651722,0.000000,2.389103,0.544075,1.000000,1.000000,0.000000,0.000000,0.000000,0.000000,0.000000,0.000000,0.000000,2.000000,9.000000,0.000000,2.000000,44.348556,-1.155507,nan
36.020,TRACKING,4.256729,-0.658561,4.163686,0.591407,2.087136,1.026344,0.018737,-5.371045,-88.914803,29.408589,6.508343,-2.628161,-0.018734,0.000000,0.000000,-21.989552,-6.029606,-84.751117,29.999996,8.595480,-1.601817,0.000003,0.000000,0.000000,-10.556309,-6.029606,-84.751117,29.399996,7.778802,-1.465613,-0.008293,0.000000,0.000000,0.000000,-0.658561,4.163686,0.591407,4.256729,2.087136,1.026344,0.018737,2.325913,nan,nan,nan,0,nan,nan,nan,0,nan,nan,nan,nan,nan,nan,nan,nan,nan,nan,nan,nan,nan,nan,nan,nan,nan,nan,nan,nan,nan,nan,nan,nan,nan,nan,nan,nan,nan,nan,nan,nan,nan,nan,nan,nan,nan,nan,nan,nan,nan,nan,nan,nan,nan,nan,nan,nan,nan,nan,3.000000,4.215446,-1.410210,3.972567,1.863784,1.391340,4.233578,-1.410210,3.972567,0.391407,8.743460,0.000000,2.325913,0.544075,1.000000,1.000000,0.000000,0.000000,0.000000,0.000000,0.000000,0.000000,0.000000,2.000000,9.000000,0.000000,2.000000,44.477509,-1.158385,nan
36.080,TRACKING,4.288124,-0.555455,4.210548,0.592251,2.062136,0.937248,0.016889,-5.039378,-89.039961,29.407745,6.633343,-2.503161,-0.016886,0.000000,0.000000,-20.674520,-5.594832,-84.829412,29.999996,8.695480,-1.565913,0.000003,0.000000,0.000000,-10.208610,-5.594832,-84.829412,29.399996,7.873348,-1.417861,-0.007472,0.000000,0.000000,0.000000,-0.555455,4.210548,0.592251,4.288124,2.062136,0.937248,0.016889,2.265199,nan,nan,nan,0,nan,nan,nan,0,nan,nan,nan,nan,nan,nan,nan,nan,nan,nan,nan,nan,nan,nan,nan,nan,nan,nan,nan,nan,nan,nan,nan,nan,nan,nan,nan,nan,nan,nan,nan,nan,nan,nan,nan,nan,nan,nan,nan,nan,nan,nan,nan,nan,nan,nan,nan,nan,nan,nan,3.000000,4.247028,-1.292908,4.045446,1.863380,1.287888,4.265103,-1.292908,4.045446,0.392251,8.835352,0.000000,2.265199,0.544075,1.000000,1.000000,0.000000,0.000000,0.000000,0.000000,0.000000,0.000000,0.000000,2.000000,9.000000,0.000000,2.000000,44.605389,-1.161818,nan
36.120,TRACKING,4.318039,-0.453598,4.253004,0.593013,2.037136,0.849116,0.015224,-4.701460,-89.158869,29.406984,6.758343,-2.378161,-0.015221,0.000000,0.000000,-19.386216,-5.155058,-84.905865,29.999996,8.795480,-1.529045,0.000003,0.000000,0.000000,-9.861991,-5.155058,-84.905865,29.399996,7.881783,-1.370204,-0.006733,0.000000,0.000000,0.000000,-0.453598,4.253004,0.593013,4.318039,2.037136,0.849116,0.015224,2.207069,nan,nan,nan,0,nan,nan,nan,0,nan,nan,nan,nan,nan,nan,nan,nan,nan,nan,nan,nan,nan,nan,nan,nan,nan,nan,nan,nan,nan,nan,nan,nan,nan,nan,nan,nan,nan,nan,nan,nan,nan,nan,nan,nan,nan,nan,nan,nan,nan,nan,nan,nan,nan,nan,nan,nan,nan,nan,3.000000,4.277125,-1.175331,4.112468,1.861601,1.185480,4.295143,-1.175331,4.112468,0.393013,8.927399,0.000000,2.207069,0.544075,1.000000,1.000000,0.000000,0.000000,0.000000,0.000000,0.000000,0.000000,0.000000,2.000000,9.000000,0.000000,2.000000,44.732124,-1.165828,nan
36.180,TRACKING,4.346437,-0.354223,4.291103,0.593699,1.987503,0.761979,0.013723,-4.357293,-89.271527,29.406298,6.883343,-2.253161,-0.013720,0.000000,0.000000,-18.125097,-4.711516,-84.980424,29.999996,8.870847,-1.491182,0.000003,0.000000,0.000000,-9.542161,-4.711516,-84.980424,29.399996,7.889309,-1.326186,-0.006067,0.000000,0.000000,0.000000,-0.354223,4.291103,0.593699,4.346437,1.987503,0.761979,0.013723,2.128607,nan,nan,nan,0,nan,nan,nan,0,nan,nan,nan,nan,nan,nan,nan,nan,nan,nan,nan,nan,nan,nan,nan,nan,nan,nan,nan,nan,nan,nan,nan,nan,nan,nan,nan,nan,nan,nan,nan,nan,nan,nan,nan,nan,nan,nan,nan,nan,nan,nan,nan,nan,nan,nan,nan,nan,nan,nan,3.000000,4.305698,-1.060672,4.173010,1.833688,1.080911,4.323660,-1.060672,4.173010,0.393699,8.995307,0.000000,2.128607,0.544075,1.000000,1.000000,0.000000,0.000000,0.000000,0.000000,0.000000,0.000000,0.000000,2.000000,9.000000,0.000000,2.000000,44.856421,-1.170284,nan
36.220,TRACKING,4.373232,-0.259288,4.324895,0.594317,1.898683,0.675842,0.012371,-4.006876,-89.377935,29.405679,7.008343,-2.128161,-0.012368,0.000000,0.000000,-16.891493,-4.266165,-85.053040,29.999996,8.907026,-1.452319,0.000003,0.000000,0.000000,-9.260761,-4.266165,-85.053040,29.399996,7.895727,-1.287423,-0.005467,0.000000,0.000000,0.000000,-0.259288,4.324895,0.594317,4.373232,1.898683,0.675842,0.012371,2.015418,nan,nan,nan,0,nan,nan,nan,0,nan,nan,nan,nan,nan,nan,nan,nan,nan,nan,nan,nan,nan,nan,nan,nan,nan,nan,nan,nan,nan,nan,nan,nan,nan,nan,nan,nan,nan,nan,nan,nan,nan,nan,nan,nan,nan,nan,nan,nan,nan,nan,nan,nan,nan,nan,nan,nan,nan,nan,3.000000,4.332661,-0.951905,4.226798,1.765174,0.972585,4.350567,-0.951905,4.226798,0.394317,9.024652,0.000000,2.015418,0.544075,1.000000,1.000000,0.000000,0.000000,0.000000,0.000000,0.000000,0.000000,0.000000,2.000000,9.000000,0.000000,2.000000,44.976259,-1.174961,nan
36.280,TRACKING,4.398120,-0.168882,4.354430,0.594875,1.808122,0.590697,0.011152,-3.650209,-89.478093,29.405122,7.133343,-2.003161,-0.011150,0.000000,0.000000,-15.685622,-3.819091,-85.123663,29.999997,8.941466,-1.412464,0.000003,0.000000,0.000000,-8.976715,-3.819091,-85.123663,29.399997,7.902013,-1.248264,-0.004926,0.000000,0.000000,0.000000,-0.168882,4.354430,0.594875,4.398120,1.808122,0.590697,0.011152,1.902197,nan,nan,nan,0,nan,nan,nan,0,nan,nan,nan,nan,nan,nan,nan,nan,nan,nan,nan,nan,nan,nan,nan,nan,nan,nan,nan,nan,nan,nan,nan,nan,nan,nan,nan,nan,nan,nan,nan,nan,nan,nan,nan,nan,nan,nan,nan,nan,nan,nan,nan,nan,nan,nan,nan,nan,nan,nan,3.000000,4.357704,-0.846249,4.274745,1.693808,0.865589,4.375558,-0.846249,4.274745,0.394875,9.052340,0.000000,1.902197,0.544075,1.000000,1.000000,0.000000,0.000000,0.000000,0.000000,0.000000,0.000000,0.000000,2.000000,9.000000,0.000000,2.000000,45.091476,-1.179874,nan
36.320,TRACKING,4.420821,-0.083107,4.379758,0.595378,1.715498,0.506556,0.010054,-3.287292,-89.572001,29.404619,7.258343,-1.878161,-0.010051,0.000000,0.000000,-14.507589,-3.370399,-85.192243,29.999997,8.973841,-1.371605,0.000003,0.000000,0.000000,-8.690110,-3.370399,-85.192243,29.399997,7.908159,-1.208721,-0.004438,0.000000,0.000000,0.000000,-0.083107,4.379758,0.595378,4.420821,1.715498,0.506556,0.010054,1.788751,nan,nan,nan,0,nan,nan,nan,0,nan,nan,nan,nan,nan,nan,nan,nan,nan,nan,nan,nan,nan,nan,nan,nan,nan,nan,nan,nan,nan,nan,nan,nan,nan,nan,nan,nan,nan,nan,nan,nan,nan,nan,nan,nan,nan,nan,nan,nan,nan,nan,nan,nan,nan,nan,nan,nan,nan,nan,3.000000,4.380546,-0.743892,4.316921,1.619268,0.759935,4.398353,-0.743892,4.316921,0.395378,9.078057,-0.000000,1.788751,0.544075,1.000000,1.000000,0.000000,0.000000,0.000000,0.000000,0.000000,0.000000,0.000000,2.000000,9.000000,0.000000,2.000000,45.201894,-1.185034,nan
36.380,TRACKING,4.441080,-0.002082,4.400929,0.595831,1.620509,0.423419,0.009063,-2.918125,-89.659659,29.404166,7.383343,-1.753161,-0.009061,0.000000,0.000000,-13.357405,-2.920207,-85.258730,29.999997,9.003853,-1.329742,0.000003,0.000000,0.000000,-8.401050,-2.920207,-85.258730,29.399997,7.914156,-1.168809,-0.003999,0.000000,0.000000,0.000000,-0.002082,4.400929,0.595831,4.441080,1.620509,0.423419,0.009063,1.674938,nan,nan,nan,0,nan,nan,nan,0,nan,nan,nan,nan,nan,nan,nan,nan,nan,nan,nan,nan,nan,nan,nan,nan,nan,nan,nan,nan,nan,nan,nan,nan,nan,nan,nan,nan,nan,nan,nan,nan,nan,nan,nan,nan,nan,nan,nan,nan,nan,nan,nan,nan,nan,nan,nan,nan,nan,nan,3.000000,4.400929,-0.645040,4.353401,1.541259,0.655634,4.418694,-0.645040,4.353401,0.395831,9.101515,0.000000,1.674938,0.544075,1.000000,1.000000,0.000000,0.000000,0.000000,0.000000,0.000000,0.000000,0.000000,2.000000,9.000000,0.000000,2.000000,45.307323,-1.190451,nan
36.420,TRACKING,4.458659,0.074062,4.417992,0.596239,1.522881,0.341275,0.008171,-2.542707,-89.741067,29.403758,7.508343,-1.628161,-0.008168,0.000000,0.000000,-12.234986,-2.468645,-85.323075,29.999997,9.031224,-1.286886,0.000002,0.000000,0.000000,-8.109652,-2.468645,-85.323075,29.399997,7.919998,-1.128544,-0.003603,0.000000,0.000000,0.000000,0.074062,4.417992,0.596239,4.458659,1.522881,0.341275,0.008171,1.560673,nan,nan,nan,0,nan,nan,nan,0,nan,nan,nan,nan,nan,nan,nan,nan,nan,nan,nan,nan,nan,nan,nan,nan,nan,nan,nan,nan,nan,nan,nan,nan,nan,nan,nan,nan,nan,nan,nan,nan,nan,nan,nan,nan,nan,nan,nan,nan,nan,nan,nan,nan,nan,nan,nan,nan,nan,nan,3.000000,4.418613,-0.549916,4.384260,1.459509,0.552692,4.436344,-0.549916,4.384260,0.396239,9.122449,0.000000,1.560673,0.544075,1.000000,1.000000,0.000000,0.000000,0.000000,0.000000,0.000000,0.000000,0.000000,2.000000,9.000000,0.000000,2.000000,45.407563,-1.196132,nan
36.480,TRACKING,4.473338,0.145180,4.430998,0.596608,1.422353,0.260101,0.007366,-2.161040,-89.816225,29.403389,7.633343,-1.503161,-0.007364,0.000000,0.000000,-11.140171,-2.015861,-85.385228,29.999997,9.055697,-1.243060,0.000002,0.000000,0.000000,-7.816046,-2.015861,-85.385228,29.399997,7.925678,-1.087944,-0.003246,0.000000,0.000000,0.000000,0.145180,4.430998,0.596608,4.473338,1.422353,0.260101,0.007366,1.445958,nan,nan,nan,0,nan,nan,nan,0,nan,nan,nan,nan,nan,nan,nan,nan,nan,nan,nan,nan,nan,nan,nan,nan,nan,nan,nan,nan,nan,nan,nan,nan,nan,nan,nan,nan,nan,nan,nan,nan,nan,nan,nan,nan,nan,nan,nan,nan,nan,nan,nan,nan,nan,nan,nan,nan,nan,nan,3.000000,4.433375,-0.458754,4.409576,1.373767,0.451115,4.451080,-0.458754,4.409576,0.396608,9.140615,0.000000,1.445958,0.544075,1.000000,1.000000,0.000000,0.000000,0.000000,0.000000,0.000000,0.000000,0.000000,2.000000,9.000000,0.000000,2.000000,45.502404,-1.202083,nan
36.520,TRACKING,4.484911,0.211114,4.439991,0.596940,1.318685,0.179864,0.006641,-1.773123,-89.885133,29.403058,7.758343,-1.378161,-0.006639,0.000000,0.000000,-10.072723,-1.562009,-85.445142,29.999997,9.077029,-1.198297,0.000002,0.000000,0.000000,-7.520374,-1.562009,-85.445142,29.399997,7.931187,-1.047030,-0.002925,0.000000,0.000000,0.000000,0.211114,4.439991,0.596940,4.484911,1.318685,0.179864,0.006641,1.330912,nan,nan,nan,0,nan,nan,nan,0,nan,nan,nan,nan,nan,nan,nan,nan,nan,nan,nan,nan,nan,nan,nan,nan,nan,nan,nan,nan,nan,nan,nan,nan,nan,nan,nan,nan,nan,nan,nan,nan,nan,nan,nan,nan,nan,nan,nan,nan,nan,nan,nan,nan,nan,nan,nan,nan,nan,nan,3.000000,4.445007,-0.371802,4.429430,1.283802,0.350904,4.462695,-0.371802,4.429430,0.396940,9.155783,0.000000,1.330912,0.544075,1.000000,1.000000,0.000000,0.000000,0.000000,0.000000,0.000000,0.000000,0.000000,2.000000,9.000000,0.000000,2.000000,45.591625,-1.208307,nan
36.580,TRACKING,4.493182,0.271696,4.445017,0.597239,1.211650,0.100521,0.005987,-1.378956,-89.947791,29.402758,7.883343,-1.253161,-0.005985,0.000000,0.000000,-9.032343,-1.107259,-85.502774,29.999997,9.094993,-1.152640,0.000002,0.000000,0.000000,-7.222786,-1.107259,-85.502774,29.399997,7.936518,-1.005822,-0.002515,0.000000,0.000000,0.000000,0.271696,4.445017,0.597239,4.493182,1.211650,0.100521,0.005987,1.215827,nan,nan,nan,0,nan,nan,nan,0,nan,nan,nan,nan,nan,nan,nan,nan,nan,nan,nan,nan,nan,nan,nan,nan,nan,nan,nan,nan,nan,nan,nan,nan,nan,nan,nan,nan,nan,nan,nan,nan,nan,nan,nan,nan,nan,nan,nan,nan,nan,nan,nan,nan,nan,nan,nan,nan,nan,nan,3.000000,4.453313,-0.289322,4.443904,1.189397,0.252062,4.470995,-0.289322,4.443904,0.397239,9.167741,-0.000000,1.215827,0.544075,1.000000,1.000000,0.000000,0.000000,0.000000,0.000000,0.000000,0.000000,0.000000,2.000000,9.000000,0.000000,2.000000,45.674996,-1.214806,nan
36.620,TRACKING,4.497971,0.326748,4.446118,0.597503,1.101033,0.022024,0.005278,-0.978539,-90.004199,29.402494,8.008343,-1.128161,-0.005276,0.000000,0.000000,-8.018674,-0.651791,-85.558081,29.999997,9.109376,-1.106137,0.000002,0.000000,0.000000,-6.923440,-0.651791,-85.558081,29.399997,7.941665,-0.964344,-0.002248,0.000000,0.000000,0.000000,0.326748,4.446118,0.597503,4.497971,1.101033,0.022024,0.005278,1.101265,nan,nan,nan,0,nan,nan,nan,0,nan,nan,nan,nan,nan,nan,nan,nan,nan,nan,nan,nan,nan,nan,nan,nan,nan,nan,nan,nan,nan,nan,nan,nan,nan,nan,nan,nan,nan,nan,nan,nan,nan,nan,nan,nan,nan,nan,nan,nan,nan,nan,nan,nan,nan,nan,nan,nan,nan,nan,3.000000,4.458108,-0.211583,4.453085,1.090349,0.154585,4.475795,-0.211583,4.453085,0.397503,9.176288,0.000000,1.101265,0.544075,1.000000,1.000000,0.000000,0.000000,0.000000,0.000000,0.000000,0.000000,0.000000,2.000000,9.000000,0.000000,2.000000,45.752281,-1.221583,nan
36.680,TRACKING,4.499105,0.376080,4.443334,0.597740,0.986632,-0.055686,0.004747,-0.571872,-90.054357,29.402257,8.133343,-1.003161,-0.004745,0.000000,0.000000,-7.031311,-0.195792,-85.611024,29.999998,9.119975,-1.058847,0.000002,0.000000,0.000000,-6.622501,-0.195792,-85.611024,29.399998,7.946620,-0.922618,-0.002026,0.000000,0.000000,0.000000,0.376080,4.443334,0.597740,4.499105,0.986632,-0.055686,0.004747,0.988213,nan,nan,nan,0,nan,nan,nan,0,nan,nan,nan,nan,nan,nan,nan,nan,nan,nan,nan,nan,nan,nan,nan,nan,nan,nan,nan,nan,nan,nan,nan,nan,nan,nan,nan,nan,nan,nan,nan,nan,nan,nan,nan,nan,nan,nan,nan,nan,nan,nan,nan,nan,nan,nan,nan,nan,nan,nan,3.000000,4.459221,-0.138867,4.457058,0.986470,0.058471,4.476924,-0.138867,4.457058,0.397740,9.181236,0.000000,0.988213,0.544075,1.000000,1.000000,0.000000,0.000000,0.000000,0.000000,0.000000,0.000000,0.000000,2.000000,9.000000,0.000000,2.000000,45.823236,-1.228635,nan
36.720,TRACKING,4.496424,0.419492,4.436700,0.597955,0.868257,-0.132673,0.004288,-0.158954,-90.098265,29.402043,8.258343,-0.878161,-0.004286,0.000000,0.000000,-6.069807,0.260538,-85.661565,29.999998,9.126601,-1.010834,0.000002,0.000000,0.000000,-6.320142,0.260538,-85.661565,29.399998,7.951378,-0.880670,-0.001830,0.000000,0.000000,0.000000,0.419492,4.436700,0.597955,4.496424,0.868257,-0.132673,0.004288,0.878346,nan,nan,nan,0,nan,nan,nan,0,nan,nan,nan,nan,nan,nan,nan,nan,nan,nan,nan,nan,nan,nan,nan,nan,nan,nan,nan,nan,nan,nan,nan,nan,nan,nan,nan,nan,nan,nan,nan,nan,nan,nan,nan,nan,nan,nan,nan,nan,nan,nan,nan,nan,nan,nan,nan,nan,nan,nan,3.000000,4.456488,-0.071466,4.455915,0.877585,-0.036285,4.474221,-0.071466,4.455915,0.397955,9.182408,0.000000,0.878346,0.544075,1.000000,1.000000,0.000000,0.000000,0.000000,0.000000,0.000000,0.000000,0.000000,2.000000,9.000000,0.000000,2.000000,45.887607,-1.235962,nan
36.780,TRACKING,4.489779,0.456779,4.426250,0.598149,0.745731,-0.209008,0.003878,0.260213,-90.135923,29.401849,8.383343,-0.753161,-0.003876,0.000000,0.000000,-5.133680,0.716992,-85.709674,29.999998,9.129074,-0.962169,0.000002,0.000000,0.000000,-6.016539,0.716992,-85.709674,29.399998,7.955933,-0.838524,-0.001654,0.000000,0.000000,0.000000,0.456779,4.426250,0.598149,4.489779,0.745731,-0.209008,0.003878,0.774476,nan,nan,nan,0,nan,nan,nan,0,nan,nan,nan,nan,nan,nan,nan,nan,nan,nan,nan,nan,nan,nan,nan,nan,nan,nan,nan,nan,nan,nan,nan,nan,nan,nan,nan,nan,nan,nan,nan,nan,nan,nan,nan,nan,nan,nan,nan,nan,nan,nan,nan,nan,nan,nan,nan,nan,nan,nan,3.000000,4.449757,-0.009677,4.449746,0.763530,-0.129692,4.467534,-0.009677,4.449746,0.398149,9.179638,-0.000000,0.774476,0.544075,1.000000,1.000000,0.000000,0.000000,0.000000,0.000000,0.000000,0.000000,0.000000,2.000000,9.000000,0.000000,2.000000,45.945137,-1.243142,nan
36.820,TRACKING,4.479053,0.487937,4.412011,0.598324,0.623160,-0.284768,0.003507,0.685416,-90.167331,29.401674,8.504068,-0.628161,-0.003505,0.000000,0.000000,-4.224535,1.173353,-85.755320,29.999998,9.127228,-0.912929,0.000002,0.000000,0.000000,-5.711877,1.173353,-85.755320,29.399998,7.960280,-0.796208,-0.001495,0.000000,0.000000,0.000000,0.487937,4.412011,0.598324,4.479053,0.623160,-0.284768,0.003507,0.685153,nan,nan,nan,0,nan,nan,nan,0,nan,nan,nan,nan,nan,nan,nan,nan,nan,nan,nan,nan,nan,nan,nan,nan,nan,nan,nan,nan,nan,nan,nan,nan,nan,nan,nan,nan,nan,nan,nan,nan,nan,nan,nan,nan,nan,nan,nan,nan,nan,nan,nan,nan,nan,nan,nan,nan,nan,nan,3.000000,4.438910,0.046404,4.438668,0.648408,-0.221334,4.456746,0.046404,4.438668,0.398324,9.172772,-0.000000,0.685153,0.544075,1.000000,1.000000,0.000000,0.000000,0.000000,0.000000,0.000000,0.000000,0.000000,2.000000,9.000000,0.000000,2.000000,45.995773,-1.249472,nan
36.880,TRACKING,4.464580,0.516693,4.394009,0.598483,0.575129,-0.360040,0.003173,1.112706,-90.192489,29.401515,8.545804,-0.503161,-0.003171,0.000000,0.000000,-3.369579,1.629400,-85.798480,29.999998,9.120933,-0.863201,0.000002,0.000000,0.000000,-5.406345,1.629400,-85.798480,29.399998,7.964412,-0.753748,-0.001351,0.000000,0.000000,0.000000,0.516693,4.394009,0.598483,4.464580,0.575129,-0.360040,0.003173,0.678537,nan,nan,nan,0,nan,nan,nan,0,nan,nan,nan,nan,nan,nan,nan,nan,nan,nan,nan,nan,nan,nan,nan,nan,nan,nan,nan,nan,nan,nan,nan,nan,nan,nan,nan,nan,nan,nan,nan,nan,nan,nan,nan,nan,nan,nan,nan,nan,nan,nan,nan,nan,nan,nan,nan,nan,nan,nan,3.000000,4.424284,0.100398,4.423145,0.606493,-0.304251,4.442193,0.100398,4.423145,0.398483,9.161688,0.000000,0.678537,0.544075,1.000000,1.000000,0.000000,0.000000,0.000000,0.000000,0.000000,0.000000,0.000000,2.000000,9.000000,0.000000,2.000000,46.043123,-1.255390,nan
36.920,TRACKING,4.446332,0.542997,4.372261,0.598626,0.526074,-0.434960,0.002870,1.541929,-90.211398,29.401372,8.584444,-0.378161,-0.002869,0.000000,0.000000,-2.522357,2.084926,-85.839136,29.999998,9.110518,-0.813121,0.000002,0.000000,0.000000,-5.100179,2.084926,-85.839136,29.399998,7.968326,-0.711179,-0.001222,0.000000,0.000000,0.000000,0.542997,4.372261,0.598626,4.446332,0.526074,-0.434960,0.002870,0.682607,nan,nan,nan,0,nan,nan,nan,0,nan,nan,nan,nan,nan,nan,nan,nan,nan,nan,nan,nan,nan,nan,nan,nan,nan,nan,nan,nan,nan,nan,nan,nan,nan,nan,nan,nan,nan,nan,nan,nan,nan,nan,nan,nan,nan,nan,nan,nan,nan,nan,nan,nan,nan,nan,nan,nan,nan,nan,3.000000,4.405850,0.152165,4.403222,0.562658,-0.386471,4.423846,0.152165,4.403222,0.398626,9.146732,-0.000000,0.682607,0.544075,1.000000,1.000000,0.000000,0.000000,0.000000,0.000000,0.000000,0.000000,0.000000,2.000000,9.000000,0.000000,2.000000,46.087078,-1.260885,nan
36.980,TRACKING,4.424282,0.566798,4.346780,0.598756,0.476027,-0.509618,0.002597,1.972925,-90.224056,29.401242,8.619923,-0.253161,-0.002595,0.000000,0.000000,-1.682253,2.539723,-85.877275,29.999998,9.095949,-0.762779,0.000002,0.000000,0.000000,-4.793563,2.539723,-85.877275,29.399998,7.972018,-0.668527,-0.001104,0.000000,0.000000,0.000000,0.566798,4.346780,0.598756,4.424282,0.476027,-0.509618,0.002597,0.697365,nan,nan,nan,0,nan,nan,nan,0,nan,nan,nan,nan,nan,nan,nan,nan,nan,nan,nan,nan,nan,nan,nan,nan,nan,nan,nan,nan,nan,nan,nan,nan,nan,nan,nan,nan,nan,nan,nan,nan,nan,nan,nan,nan,nan,nan,nan,nan,nan,nan,nan,nan,nan,nan,nan,nan,nan,nan,3.000000,4.383578,0.201573,4.378941,0.516948,-0.468056,4.401678,0.201573,4.378941,0.398756,9.127876,0.000000,0.697365,0.544075,1.000000,1.000000,0.000000,0.000000,0.000000,0.000000,0.000000,0.000000,0.000000,2.000000,9.000000,0.000000,2.000000,46.127533,-1.265942,nan
37.020,TRACKING,4.398398,0.588049,4.317575,0.598873,0.425013,-0.584106,0.002350,2.405534,-90.230464,29.401125,8.652176,-0.128161,-0.002348,0.000000,0.000000,-0.848636,2.993583,-85.912889,29.999998,9.077189,-0.712267,0.000002,0.000000,0.000000,-4.486677,2.993583,-85.912889,29.399998,7.975484,-0.625818,-0.000998,0.000000,0.000000,0.000000,0.588049,4.317575,0.598873,4.398398,0.425013,-0.584106,0.002350,0.722372,nan,nan,nan,0,nan,nan,nan,0,nan,nan,nan,nan,nan,nan,nan,nan,nan,nan,nan,nan,nan,nan,nan,nan,nan,nan,nan,nan,nan,nan,nan,nan,nan,nan,nan,nan,nan,nan,nan,nan,nan,nan,nan,nan,nan,nan,nan,nan,nan,nan,nan,nan,nan,nan,nan,nan,nan,nan,3.000000,4.357437,0.248495,4.350346,0.469403,-0.549068,4.375655,0.248495,4.350346,0.398873,9.105091,0.000000,0.722372,0.544075,1.000000,1.000000,0.000000,0.000000,0.000000,0.000000,0.000000,0.000000,0.000000,2.000000,9.000000,0.000000,2.000000,46.164384,-1.270548,nan
37.080,TRACKING,4.368648,0.606702,4.284649,0.598980,0.373056,-0.658513,0.002126,2.839591,-90.230622,29.401018,8.681143,-0.003161,-0.002125,0.000000,0.000000,-0.020863,3.446293,-85.945972,29.999998,9.054200,-0.661674,0.000001,0.000000,0.000000,-4.179701,3.446293,-85.945972,29.399998,7.978723,-0.583079,-0.000903,0.000000,0.000000,0.000000,0.606702,4.284649,0.598980,4.368648,0.373056,-0.658513,0.002126,0.756845,nan,nan,nan,0,nan,nan,nan,0,nan,nan,nan,nan,nan,nan,nan,nan,nan,nan,nan,nan,nan,nan,nan,nan,nan,nan,nan,nan,nan,nan,nan,nan,nan,nan,nan,nan,nan,nan,nan,nan,nan,nan,nan,nan,nan,nan,nan,nan,nan,nan,nan,nan,nan,nan,nan,nan,nan,nan,3.000000,4.327390,0.292802,4.317473,0.420060,-0.629571,4.345744,0.292802,4.317473,0.398980,9.078345,0.000000,0.756845,0.544075,1.000000,1.000000,0.000000,0.000000,0.000000,0.000000,0.000000,0.000000,0.000000,2.000000,9.000000,0.000000,2.000000,46.197529,-1.274691,nan
37.120,TRACKING,4.334996,0.622711,4.248003,0.599076,0.320177,-0.732931,0.001924,3.274929,-90.224530,29.400922,8.706765,0.121839,-0.001923,0.000000,0.000000,0.801722,3.897640,-85.976527,29.999998,9.026942,-0.611092,0.000001,0.000000,0.000000,-3.872813,3.897640,-85.976527,29.399998,7.981731,-0.540335,-0.000816,0.000000,0.000000,0.000000,0.622711,4.248003,0.599076,4.334996,0.320177,-0.732931,0.001924,0.799816,nan,nan,nan,0,nan,nan,nan,0,nan,nan,nan,nan,nan,nan,nan,nan,nan,nan,nan,nan,nan,nan,nan,nan,nan,nan,nan,nan,nan,nan,nan,nan,nan,nan,nan,nan,nan,nan,nan,nan,nan,nan,nan,nan,nan,nan,nan,nan,nan,nan,nan,nan,nan,nan,nan,nan,nan,nan,3.000000,4.293402,0.334371,4.280361,0.368949,-0.709632,4.311909,0.334371,4.280361,0.399076,9.047603,-0.000000,0.799816,0.544075,1.000000,1.000000,0.000000,0.000000,0.000000,0.000000,0.000000,0.000000,0.000000,2.000000,9.000000,0.000000,2.000000,46.226869,-1.278359,nan
37.180,TRACKING,4.297404,0.636030,4.207630,0.599163,0.266392,-0.807451,0.001742,3.711378,-90.212188,29.400835,8.728984,0.246839,-0.001740,0.000000,0.000000,1.619783,4.347409,-86.004557,29.999998,8.995377,-0.560612,0.000001,0.000000,0.000000,-3.566189,4.347409,-86.004557,29.399998,7.984509,-0.497612,-0.000738,0.000000,0.000000,0.000000,0.636030,4.207630,0.599163,4.297404,0.266392,-0.807451,0.001742,0.850262,nan,nan,nan,0,nan,nan,nan,0,nan,nan,nan,nan,nan,nan,nan,nan,nan,nan,nan,nan,nan,nan,nan,nan,nan,nan,nan,nan,nan,nan,nan,nan,nan,nan,nan,nan,nan,nan,nan,nan,nan,nan,nan,nan,nan,nan,nan,nan,nan,nan,nan,nan,nan,nan,nan,nan,nan,nan,3.000000,4.255430,0.373078,4.239045,0.316101,-0.789317,4.274110,0.373078,4.239045,0.399163,9.012829,0.000000,0.850262,0.544075,1.000000,1.000000,0.000000,0.000000,0.000000,0.000000,0.000000,0.000000,0.000000,2.000000,9.000000,0.000000,2.000000,46.252307,-1.281538,nan
37.220,TRACKING,4.255834,0.646616,4.163522,0.599242,0.211717,-0.882164,0.001576,4.148766,-90.193596,29.400757,8.747745,0.371839,-0.001575,0.000000,0.000000,2.433997,4.795382,-86.030074,29.999998,8.959462,-0.510325,0.000001,0.000000,0.000000,-3.260005,4.795382,-86.030074,29.399998,7.987054,-0.454937,-0.000667,0.000000,0.000000,0.000000,0.646616,4.163522,0.599242,4.255834,0.211717,-0.882164,0.001576,0.907215,nan,nan,nan,0,nan,nan,nan,0,nan,nan,nan,nan,nan,nan,nan,nan,nan,nan,nan,nan,nan,nan,nan,nan,nan,nan,nan,nan,nan,nan,nan,nan,nan,nan,nan,nan,nan,nan,nan,nan,nan,nan,nan,nan,nan,nan,nan,nan,nan,nan,nan,nan,nan,nan,nan,nan,nan,nan,3.000000,4.213434,0.408802,4.193556,0.261541,-0.868696,4.232307,0.408802,4.193556,0.399242,8.973984,-0.000000,0.907215,0.544075,1.000000,1.000000,0.000000,0.000000,0.000000,0.000000,0.000000,0.000000,0.000000,2.000000,9.000000,0.000000,2.000000,46.273746,-1.284218,nan
37.280,TRACKING,4.210242,0.654424,4.115664,0.599313,0.156164,-0.957160,0.001427,4.586915,-90.168754,29.400685,8.762994,0.496839,-0.001425,0.000000,0.000000,3.245048,5.241340,-86.053090,29.999999,8.919157,-0.460321,0.000001,0.000000,0.000000,-2.954437,5.241340,-86.053090,29.399999,7.989367,-0.412334,-0.000603,0.000000,0.000000,0.000000,0.654424,4.115664,0.599313,4.210242,0.156164,-0.957160,0.001427,0.969817,nan,nan,nan,0,nan,nan,nan,0,nan,nan,nan,nan,nan,nan,nan,nan,nan,nan,nan,nan,nan,nan,nan,nan,nan,nan,nan,nan,nan,nan,nan,nan,nan,nan,nan,nan,nan,nan,nan,nan,nan,nan,nan,nan,nan,nan,nan,nan,nan,nan,nan,nan,nan,nan,nan,nan,nan,nan,3.000000,4.167369,0.441426,4.143924,0.205290,-0.947839,4.186456,0.441426,4.143924,0.399313,8.931028,-0.000000,0.969817,0.544075,1.000000,1.000000,0.000000,0.000000,0.000000,0.000000,0.000000,0.000000,0.000000,2.000000,9.000000,0.000000,2.000000,46.291094,-1.286387,nan
37.320,TRACKING,4.160586,0.659412,4.064038,0.599378,0.099743,-1.032532,0.001291,5.025649,-90.137662,29.400621,8.774676,0.621839,-0.001290,0.000000,0.000000,4.053629,5.685061,-86.073624,29.999999,8.874419,-0.410693,0.000001,0.000000,0.000000,-2.649658,5.685061,-86.073624,29.399999,7.991447,-0.369830,-0.000546,0.000000,0.000000,0.000000,0.659412,4.064038,0.599378,4.160586,0.099743,-1.032532,0.001291,1.037339,nan,nan,nan,0,nan,nan,nan,0,nan,nan,nan,nan,nan,nan,nan,nan,nan,nan,nan,nan,nan,nan,nan,nan,nan,nan,nan,nan,nan,nan,nan,nan,nan,nan,nan,nan,nan,nan,nan,nan,nan,nan,nan,nan,nan,nan,nan,nan,nan,nan,nan,nan,nan,nan,nan,nan,nan,nan,3.000000,4.117187,0.470831,4.090176,0.147369,-1.026817,4.136512,0.470831,4.090176,0.399378,8.883917,0.000000,1.037339,0.544075,1.000000,1.000000,0.000000,0.000000,0.000000,0.000000,0.000000,0.000000,0.000000,2.000000,9.000000,0.000000,2.000000,46.304257,-1.288032,nan
37.380,TRACKING,4.106821,0.661535,4.008619,0.599436,0.042463,-1.108368,0.001169,5.464786,-90.100320,29.400562,8.782741,0.746839,-0.001168,0.000000,0.000000,4.860445,6.126321,-86.091701,29.999999,8.825204,-0.361529,0.000001,0.000000,0.000000,-2.345842,6.126321,-86.091701,29.399999,7.993296,-0.327450,-0.000493,0.000000,0.000000,0.000000,0.661535,4.008619,0.599436,4.106821,0.042463,-1.108368,0.001169,1.109182,nan,nan,nan,0,nan,nan,nan,0,nan,nan,nan,nan,nan,nan,nan,nan,nan,nan,nan,nan,nan,nan,nan,nan,nan,nan,nan,nan,nan,nan,nan,nan,nan,nan,nan,nan,nan,nan,nan,nan,nan,nan,nan,nan,nan,nan,nan,nan,nan,nan,nan,nan,nan,nan,nan,nan,nan,nan,3.000000,4.062838,0.496903,4.032337,0.087794,-1.105701,4.082426,0.496903,4.032337,0.399436,8.832606,0.000000,1.109182,0.544075,1.000000,1.000000,0.000000,0.000000,0.000000,0.000000,0.000000,0.000000,0.000000,2.000000,9.000000,0.000000,2.000000,46.313143,-1.289143,nan
37.420,TRACKING,4.048900,0.660751,3.949381,0.599489,-0.015669,-1.184761,0.001058,5.904143,-90.056728,29.400510,8.787137,0.871839,-0.001057,0.000000,0.000000,5.666207,6.564894,-86.107347,29.999999,8.771468,-0.312922,0.000001,0.000000,0.000000,-2.043162,6.564894,-86.107347,29.399999,7.994914,-0.285219,-0.000446,0.000000,0.000000,0.000000,0.660751,3.949381,0.599489,4.048900,-0.015669,-1.184761,0.001058,1.184865,nan,nan,nan,0,nan,nan,nan,0,nan,nan,nan,nan,nan,nan,nan,nan,nan,nan,nan,nan,nan,nan,nan,nan,nan,nan,nan,nan,nan,nan,nan,nan,nan,nan,nan,nan,nan,nan,nan,nan,nan,nan,nan,nan,nan,nan,nan,nan,nan,nan,nan,nan,nan,nan,nan,nan,nan,nan,3.000000,4.004273,0.519527,3.970428,0.026581,-1.184567,4.024151,0.519527,3.970428,0.399489,8.777048,0.000000,1.184865,0.544075,1.000000,1.000000,0.000000,0.000000,0.000000,0.000000,0.000000,0.000000,0.000000,2.000000,9.000000,0.000000,2.000000,46.317662,-1.289708,nan
37.480,TRACKING,3.986775,0.657019,3.886291,0.599537,-0.074647,-1.261801,0.000958,6.343534,-90.006886,29.400462,8.787816,0.996839,-0.000957,0.000000,0.000000,6.471639,7.000553,-86.120595,29.999999,8.713169,-0.264962,0.000001,0.000000,0.000000,-1.741793,7.000553,-86.120595,29.399999,7.996304,-0.243163,-0.000403,0.000000,0.000000,0.000000,0.657019,3.886291,0.599537,3.986775,-0.074647,-1.261801,0.000958,1.264008,nan,nan,nan,0,nan,nan,nan,0,nan,nan,nan,nan,nan,nan,nan,nan,nan,nan,nan,nan,nan,nan,nan,nan,nan,nan,nan,nan,nan,nan,nan,nan,nan,nan,nan,nan,nan,nan,nan,nan,nan,nan,nan,nan,nan,nan,nan,nan,nan,nan,nan,nan,nan,nan,nan,nan,nan,nan,3.000000,3.941438,0.538590,3.904466,-0.036259,-1.263487,3.961636,0.538590,3.904466,0.399537,8.717197,-0.000000,1.264008,0.544075,1.000000,1.000000,0.000000,0.000000,0.000000,0.000000,0.000000,0.000000,0.000000,2.000000,9.000000,0.000000,2.000000,46.317725,-1.289716,nan
37.520,TRACKING,3.920399,0.650296,3.819312,0.599580,-0.134465,-1.339578,0.000867,6.782770,-89.950794,29.400418,8.784726,1.121839,-0.000866,0.000000,0.000000,7.277473,7.433066,-86.131482,29.999999,8.650261,-0.217739,0.000001,0.000000,0.000000,-1.441906,7.433066,-86.131482,29.399999,7.997467,-0.201307,-0.000365,0.000000,0.000000,0.000000,0.650296,3.819312,0.599580,3.920399,-0.134465,-1.339578,0.000867,1.346310,nan,nan,nan,0,nan,nan,nan,0,nan,nan,nan,nan,nan,nan,nan,nan,nan,nan,nan,nan,nan,nan,nan,nan,nan,nan,nan,nan,nan,nan,nan,nan,nan,nan,nan,nan,nan,nan,nan,nan,nan,nan,nan,nan,nan,nan,nan,nan,nan,nan,nan,nan,nan,nan,nan,nan,nan,nan,3.000000,3.874278,0.553983,3.834466,-0.100714,-1.342537,3.894829,0.553983,3.834466,0.399580,8.653001,0.000000,1.346310,0.544075,1.000000,1.000000,0.000000,0.000000,0.000000,0.000000,0.000000,0.000000,0.000000,2.000000,9.000000,0.000000,2.000000,46.313243,-1.289155,nan
37.580,TRACKING,3.849722,0.640540,3.748403,0.599620,-0.195120,-1.418180,0.000785,7.221661,-89.888452,29.400379,8.777822,1.246839,-0.000784,0.000000,0.000000,8.084453,7.862201,-86.140049,29.999999,8.582702,-0.171341,0.000001,0.000000,0.000000,-1.143676,7.862201,-86.140049,29.399999,7.998406,-0.159677,-0.000330,0.000000,0.000000,0.000000,0.640540,3.748403,0.599620,3.849722,-0.195120,-1.418180,0.000785,1.431540,nan,nan,nan,0,nan,nan,nan,0,nan,nan,nan,nan,nan,nan,nan,nan,nan,nan,nan,nan,nan,nan,nan,nan,nan,nan,nan,nan,nan,nan,nan,nan,nan,nan,nan,nan,nan,nan,nan,nan,nan,nan,nan,nan,nan,nan,nan,nan,nan,nan,nan,nan,nan,nan,nan,nan,nan,nan,3.000000,3.802738,0.565596,3.760441,-0.166775,-1.421792,3.823678,0.565596,3.760441,0.399620,8.584412,-0.000000,1.431540,0.544075,1.000000,1.000000,0.000000,0.000000,0.000000,0.000000,0.000000,0.000000,0.000000,2.000000,9.000000,0.000000,2.000000,46.304130,-1.288016,nan
37.620,TRACKING,3.774698,0.627709,3.673518,0.599655,-0.256605,-1.497698,0.000711,7.660014,-89.819860,29.400344,8.767054,1.371839,-0.000710,0.000000,0.000000,8.893334,8.287723,-86.146342,29.999999,8.510449,-0.125859,0.000001,0.000000,0.000000,-0.847275,8.287723,-86.146342,29.399999,7.999125,-0.118298,-0.000298,0.000000,0.000000,0.000000,0.627709,3.673518,0.599655,3.774698,-0.256605,-1.497698,0.000711,1.519522,nan,nan,nan,0,nan,nan,nan,0,nan,nan,nan,nan,nan,nan,nan,nan,nan,nan,nan,nan,nan,nan,nan,nan,nan,nan,nan,nan,nan,nan,nan,nan,nan,nan,nan,nan,nan,nan,nan,nan,nan,nan,nan,nan,nan,nan,nan,nan,nan,nan,nan,nan,nan,nan,nan,nan,nan,nan,3.000000,3.726762,0.573320,3.682399,-0.234430,-1.501329,3.748130,0.573320,3.682399,0.399655,8.511380,0.000000,1.519522,0.544075,1.000000,1.000000,0.000000,0.000000,0.000000,0.000000,0.000000,0.000000,0.000000,2.000000,9.000000,0.000000,2.000000,46.290297,-1.286287,nan
37.680,TRACKING,3.695278,0.611764,3.594607,0.599687,-0.318915,-1.578220,0.000644,8.097633,-89.745018,29.400312,8.752377,1.496839,-0.000643,0.000000,0.000000,9.704884,8.709396,-86.150411,29.999999,8.433461,-0.081381,0.000001,0.000000,0.000000,-0.552877,8.709396,-86.150411,29.399999,7.999628,-0.077195,-0.000269,0.000000,0.000000,0.000000,0.611764,3.594607,0.599687,3.695278,-0.318915,-1.578220,0.000644,1.610120,nan,nan,nan,0,nan,nan,nan,0,nan,nan,nan,nan,nan,nan,nan,nan,nan,nan,nan,nan,nan,nan,nan,nan,nan,nan,nan,nan,nan,nan,nan,nan,nan,nan,nan,nan,nan,nan,nan,nan,nan,nan,nan,nan,nan,nan,nan,nan,nan,nan,nan,nan,nan,nan,nan,nan,nan,nan,3.000000,3.646293,0.577050,3.600343,-0.303672,-1.581224,3.668134,0.577050,3.600343,0.399687,8.433854,0.000000,1.610120,0.544075,1.000000,1.000000,0.000000,0.000000,0.000000,0.000000,0.000000,0.000000,0.000000,2.000000,9.000000,0.000000,2.000000,46.271661,-1.283958,nan
37.720,TRACKING,3.611420,0.592662,3.511615,0.599717,-0.382043,-1.659834,0.000583,8.534320,-89.663926,29.400282,8.733744,1.621839,-0.000582,0.000000,0.000000,10.519884,9.126981,-86.152311,29.999999,8.351701,-0.037995,0.000001,0.000000,0.000000,-0.260655,9.126981,-86.152311,29.399999,7.999917,-0.036394,-0.000244,0.000000,0.000000,0.000000,0.592662,3.511615,0.599717,3.611420,-0.382043,-1.659834,0.000583,1.703234,nan,nan,nan,0,nan,nan,nan,0,nan,nan,nan,nan,nan,nan,nan,nan,nan,nan,nan,nan,nan,nan,nan,nan,nan,nan,nan,nan,nan,nan,nan,nan,nan,nan,nan,nan,nan,nan,nan,nan,nan,nan,nan,nan,nan,nan,nan,nan,nan,nan,nan,nan,nan,nan,nan,nan,nan,nan,3.000000,3.561277,0.576680,3.514275,-0.374488,-1.661554,3.583638,0.576680,3.514275,0.399717,8.351787,0.000000,1.703234,0.544075,1.000000,1.000000,0.000000,0.000000,0.000000,0.000000,0.000000,0.000000,0.000000,2.000000,9.000000,0.000000,2.000000,46.248137,-1.281017,nan
37.780,TRACKING,3.523081,0.570363,3.424484,0.599743,-0.445979,-1.742624,0.000528,8.969875,-89.576584,29.400256,8.711111,1.746839,-0.000527,0.000000,0.000000,11.339128,9.540238,-86.152100,29.999999,8.265132,0.004215,0.000001,0.000000,0.000000,0.029218,9.540238,-86.152100,29.399999,7.999999,0.004080,-0.000220,0.000000,0.000000,0.000000,0.570363,3.424484,0.599743,3.523081,-0.445979,-1.742624,0.000528,1.798787,nan,nan,nan,0,nan,nan,nan,0,nan,nan,nan,nan,nan,nan,nan,nan,nan,nan,nan,nan,nan,nan,nan,nan,nan,nan,nan,nan,nan,nan,nan,nan,nan,nan,nan,nan,nan,nan,nan,nan,nan,nan,nan,nan,nan,nan,nan,nan,nan,nan,nan,nan,nan,nan,nan,nan,nan,nan,3.000000,3.471658,0.572109,3.424193,-0.446867,-1.742397,3.494596,0.572109,3.424193,0.399743,8.265134,0.000000,1.798787,0.544075,1.000000,1.000000,0.000000,0.000000,0.000000,0.000000,0.000000,0.000000,0.000000,2.000000,9.000000,0.000000,2.000000,46.219643,-1.277455,nan
37.820,TRACKING,3.430226,0.544827,3.333150,0.599767,-0.510709,-1.826678,0.000478,9.404097,-89.482992,29.400232,8.684434,1.871839,-0.000477,0.000000,0.000000,12.163425,9.948924,-86.149842,29.999999,8.173725,0.045161,0.000001,0.000000,0.000000,0.316567,9.948924,-86.149842,29.399999,7.999878,0.044201,-0.000199,0.000000,0.000000,0.000000,0.544827,3.333150,0.599767,3.430226,-0.510709,-1.826678,0.000478,1.896727,nan,nan,nan,0,nan,nan,nan,0,nan,nan,nan,nan,nan,nan,nan,nan,nan,nan,nan,nan,nan,nan,nan,nan,nan,nan,nan,nan,nan,nan,nan,nan,nan,nan,nan,nan,nan,nan,nan,nan,nan,nan,nan,nan,nan,nan,nan,nan,nan,nan,nan,nan,nan,nan,nan,nan,nan,nan,3.000000,3.377385,0.563235,3.330089,-0.520794,-1.823828,3.400962,0.563235,3.330089,0.399767,8.173850,-0.000000,1.896727,0.544075,1.000000,1.000000,0.000000,0.000000,0.000000,0.000000,0.000000,0.000000,0.000000,2.000000,9.000000,0.000000,2.000000,46.186096,-1.273262,nan
37.880,TRACKING,3.332826,0.516016,3.237547,0.599788,-0.576215,-1.912077,0.000433,9.836781,-89.383150,29.400211,8.653671,1.996839,-0.000432,0.000000,0.000000,12.993599,10.352797,-86.145604,29.999999,8.077455,0.084762,0.000001,0.000000,0.000000,0.601220,10.352797,-86.145604,29.399999,7.999560,0.083945,-0.000180,0.000000,0.000000,0.000000,0.516016,3.237547,0.599788,3.332826,-0.576215,-1.912077,0.000433,1.997013,nan,nan,nan,0,nan,nan,nan,0,nan,nan,nan,nan,nan,nan,nan,nan,nan,nan,nan,nan,nan,nan,nan,nan,nan,nan,nan,nan,nan,nan,nan,nan,nan,nan,nan,nan,nan,nan,nan,nan,nan,nan,nan,nan,nan,nan,nan,nan,nan,nan,nan,nan,nan,nan,nan,nan,nan,nan,3.000000,3.278411,0.549960,3.231954,-0.596247,-1.905925,3.302698,0.549960,3.231954,0.399788,8.077900,0.000000,1.997013,0.544075,1.000000,1.000000,0.000000,0.000000,0.000000,0.000000,0.000000,0.000000,0.000000,2.000000,9.000000,0.000000,2.000000,46.147418,-1.268427,nan
37.920,TRACKING,3.230870,0.483950,3.137601,0.599808,-0.641324,-1.998904,0.000392,10.267720,-89.277059,29.400191,8.618779,2.121839,-0.000391,0.000000,0.000000,13.830490,10.751670,-86.139457,29.999999,7.977455,0.122935,0.000001,0.000000,0.000000,0.882876,10.751670,-86.139457,29.399999,7.978468,0.183945,-0.000162,0.000000,0.000000,0.000000,0.483950,3.137601,0.599808,3.230870,-0.641324,-1.998904,0.000392,2.099265,nan,nan,nan,0,nan,nan,nan,0,nan,nan,nan,nan,nan,nan,nan,nan,nan,nan,nan,nan,nan,nan,nan,nan,nan,nan,nan,nan,nan,nan,nan,nan,nan,nan,nan,nan,nan,nan,nan,nan,nan,nan,nan,nan,nan,nan,nan,nan,nan,nan,nan,nan,nan,nan,nan,nan,nan,nan,3.000000,3.174705,0.532238,3.129772,-0.672048,-1.988785,3.199781,0.532238,3.129772,0.399808,7.978402,-0.000000,2.099265,0.544075,1.000000,1.000000,0.000000,0.000000,0.000000,0.000000,0.000000,0.000000,0.000000,2.000000,9.000000,0.000000,2.000000,46.103589,-1.262949,nan
37.980,TRACKING,3.124534,0.449863,3.033240,0.599826,-0.681753,-2.087232,0.000355,10.695680,-89.164717,29.400173,8.559209,2.246839,-0.000354,0.000000,0.000000,14.708597,11.145543,-86.131477,29.999999,7.877455,0.159607,0.000001,0.000000,0.000000,1.160728,11.145543,-86.131477,29.399999,7.974138,0.333945,-0.000147,0.000000,0.000000,0.000000,0.449863,3.033240,0.599826,3.124534,-0.681753,-2.087232,0.000355,2.195751,nan,nan,nan,0,nan,nan,nan,0,nan,nan,nan,nan,nan,nan,nan,nan,nan,nan,nan,nan,nan,nan,nan,nan,nan,nan,nan,nan,nan,nan,nan,nan,nan,nan,nan,nan,nan,nan,nan,nan,nan,nan,nan,nan,nan,nan,nan,nan,nan,nan,nan,nan,nan,nan,nan,nan,nan,nan,3.000000,3.066418,0.511215,3.023504,-0.723895,-2.072993,3.092375,0.511215,3.023504,0.399826,7.879072,0.000000,2.195751,0.544075,1.000000,1.000000,0.000000,0.000000,0.000000,0.000000,0.000000,0.000000,0.000000,2.000000,9.000000,0.000000,2.000000,46.055766,-1.256971,nan
38.020,TRACKING,3.013708,0.413037,2.924384,0.599842,-0.736518,-2.177107,0.000322,11.121379,-89.046125,29.400157,8.513973,2.371839,-0.000321,0.000000,0.000000,15.566876,11.534415,-86.121740,29.999999,7.777455,0.194732,0.000001,0.000000,0.000000,1.434270,11.534415,-86.121740,29.399999,7.969098,0.433945,-0.000132,0.000000,0.000000,0.000000,0.413037,2.924384,0.599842,3.013708,-0.736518,-2.177107,0.000322,2.298316,nan,nan,nan,0,nan,nan,nan,0,nan,nan,nan,nan,nan,nan,nan,nan,nan,nan,nan,nan,nan,nan,nan,nan,nan,nan,nan,nan,nan,nan,nan,nan,nan,nan,nan,nan,nan,nan,nan,nan,nan,nan,nan,nan,nan,nan,nan,nan,nan,nan,nan,nan,nan,nan,nan,nan,nan,nan,3.000000,2.953409,0.486105,2.913130,-0.790781,-2.157990,2.980352,0.486105,2.913130,0.399842,7.779893,0.000000,2.298316,0.544075,1.000000,1.000000,0.000000,0.000000,0.000000,0.000000,0.000000,0.000000,0.000000,2.000000,9.000000,0.000000,2.000000,46.003228,-1.250404,nan
38.080,TRACKING,2.898436,0.373672,2.810956,0.599856,-0.787287,-2.268577,0.000291,11.544616,-88.921283,29.400143,8.464742,2.496839,-0.000291,0.000000,0.000000,16.434441,11.918288,-86.110327,29.999999,7.677455,0.228262,0.000001,0.000000,0.000000,1.702983,11.918288,-86.110327,29.399999,7.963856,0.583945,-0.000120,0.000000,0.000000,0.000000,0.373672,2.810956,0.599856,2.898436,-0.787287,-2.268577,0.000291,2.401305,nan,nan,nan,0,nan,nan,nan,0,nan,nan,nan,nan,nan,nan,nan,nan,nan,nan,nan,nan,nan,nan,nan,nan,nan,nan,nan,nan,nan,nan,nan,nan,nan,nan,nan,nan,nan,nan,nan,nan,nan,nan,nan,nan,nan,nan,nan,nan,nan,nan,nan,nan,nan,nan,nan,nan,nan,nan,3.000000,2.835684,0.457044,2.798609,-0.854357,-2.244179,2.863737,0.457044,2.798609,0.399856,7.680848,0.000000,2.401305,0.544075,1.000000,1.000000,0.000000,0.000000,0.000000,0.000000,0.000000,0.000000,0.000000,2.000000,9.000000,0.000000,2.000000,45.946138,-1.243267,nan
38.120,TRACKING,2.778773,0.331932,2.692871,0.599870,-0.834808,-2.361682,0.000264,11.965229,-88.790191,29.400130,8.412263,2.621839,-0.000263,0.000000,0.000000,17.310621,12.297161,-86.097319,29.999999,7.577455,0.260157,0.000001,0.000000,0.000000,1.966364,12.297161,-86.097319,29.399999,7.958433,0.683945,-0.000108,0.000000,0.000000,0.000000,0.331932,2.692871,0.599870,2.778773,-0.834808,-2.361682,0.000264,2.504885,nan,nan,nan,0,nan,nan,nan,0,nan,nan,nan,nan,nan,nan,nan,nan,nan,nan,nan,nan,nan,nan,nan,nan,nan,nan,nan,nan,nan,nan,nan,nan,nan,nan,nan,nan,nan,nan,nan,nan,nan,nan,nan,nan,nan,nan,nan,nan,nan,nan,nan,nan,nan,nan,nan,nan,nan,nan,3.000000,2.713252,0.424136,2.679896,-0.915352,-2.331647,2.742559,0.424136,2.679896,0.399870,7.581920,0.000000,2.504885,0.544075,1.000000,1.000000,0.000000,0.000000,0.000000,0.000000,0.000000,0.000000,0.000000,2.000000,9.000000,0.000000,2.000000,45.884625,-1.235578,nan
38.180,TRACKING,2.654794,0.287967,2.570049,0.599882,-0.879296,-2.456458,0.000239,12.383066,-88.652849,29.400118,8.356751,2.746839,-0.000238,0.000000,0.000000,18.195539,12.671034,-86.082800,29.999999,7.477455,0.290381,0.000001,0.000000,0.000000,2.223921,12.671034,-86.082800,29.399999,7.952859,0.833945,-0.000097,0.000000,0.000000,0.000000,0.287967,2.570049,0.599882,2.654794,-0.879296,-2.456458,0.000239,2.609089,nan,nan,nan,0,nan,nan,nan,0,nan,nan,nan,nan,nan,nan,nan,nan,nan,nan,nan,nan,nan,nan,nan,nan,nan,nan,nan,nan,nan,nan,nan,nan,nan,nan,nan,nan,nan,nan,nan,nan,nan,nan,nan,nan,nan,nan,nan,nan,nan,nan,nan,nan,nan,nan,nan,nan,nan,nan,3.000000,2.586131,0.387481,2.556938,-0.973957,-2.420486,2.616865,0.387481,2.556938,0.399882,7.483091,0.000000,2.609089,0.544075,1.000000,1.000000,0.000000,0.000000,0.000000,0.000000,0.000000,0.000000,0.000000,2.000000,9.000000,0.000000,2.000000,45.818806,-1.227351,nan
38.220,TRACKING,2.526603,0.241919,2.442402,0.599892,-0.920965,-2.552935,0.000216,12.797987,-88.509257,29.400107,8.298420,2.871839,-0.000216,0.000000,0.000000,19.089231,13.039906,-86.066855,29.999999,7.377455,0.318904,0.000001,0.000000,0.000000,2.475176,13.039906,-86.066855,29.399999,7.947166,0.917905,-0.000088,0.000000,0.000000,0.000000,0.241919,2.442402,0.599892,2.526603,-0.920965,-2.552935,0.000216,2.713973,nan,nan,nan,0,nan,nan,nan,0,nan,nan,nan,nan,nan,nan,nan,nan,nan,nan,nan,nan,nan,nan,nan,nan,nan,nan,nan,nan,nan,nan,nan,nan,nan,nan,nan,nan,nan,nan,nan,nan,nan,nan,nan,nan,nan,nan,nan,nan,nan,nan,nan,nan,nan,nan,nan,nan,nan,nan,3.000000,2.454354,0.347172,2.429675,-1.030358,-2.510780,2.486718,0.347172,2.429675,0.399892,7.384345,0.000000,2.713973,0.544075,1.000000,1.000000,0.000000,0.000000,0.000000,0.000000,0.000000,0.000000,0.000000,2.000000,9.000000,0.000000,2.000000,45.748791,-1.218599,nan
38.280,TRACKING,2.394341,0.193918,2.309845,0.599902,-0.960014,-2.651139,0.000196,13.209861,-88.359415,29.400097,8.237469,2.996839,-0.000195,0.000000,0.000000,19.991681,13.403779,-86.049570,29.999999,7.277455,0.345700,0.000001,0.000000,0.000000,2.719672,13.403779,-86.049570,29.399999,7.941383,0.966666,-0.000079,0.000000,0.000000,0.000000,0.193918,2.309845,0.599902,2.394341,-0.960014,-2.651139,0.000196,2.819603,nan,nan,nan,0,nan,nan,nan,0,nan,nan,nan,nan,nan,nan,nan,nan,nan,nan,nan,nan,nan,nan,nan,nan,nan,nan,nan,nan,nan,nan,nan,nan,nan,nan,nan,nan,nan,nan,nan,nan,nan,nan,nan,nan,nan,nan,nan,nan,nan,nan,nan,nan,nan,nan,nan,nan,nan,nan,3.000000,2.317971,0.303301,2.298042,-1.084727,-2.602600,2.352214,0.303301,2.298042,0.399902,7.285661,-0.000000,2.819603,0.544075,1.000000,1.000000,0.000000,0.000000,0.000000,0.000000,0.000000,0.000000,0.000000,2.000000,9.000000,0.000000,2.000000,45.674681,-1.209335,nan
38.320,TRACKING,2.258207,0.144087,2.172291,0.599911,-0.996629,-2.751088,0.000177,13.618565,-88.203323,29.400088,8.174084,3.121839,-0.000177,0.000000,0.000000,20.902812,13.762652,-86.031032,29.999999,7.177455,0.370751,0.000001,0.000000,0.000000,2.956984,13.762652,-86.031032,29.399999,7.935537,1.013535,-0.000071,0.000000,0.000000,0.000000,0.144087,2.172291,0.599911,2.258207,-0.996629,-2.751088,0.000177,2.926047,nan,nan,nan,0,nan,nan,nan,0,nan,nan,nan,nan,nan,nan,nan,nan,nan,nan,nan,nan,nan,nan,nan,nan,nan,nan,nan,nan,nan,nan,nan,nan,nan,nan,nan,nan,nan,nan,nan,nan,nan,nan,nan,nan,nan,nan,nan,nan,nan,nan,nan,nan,nan,nan,nan,nan,nan,nan,3.000000,2.177064,0.255955,2.161965,-1.137220,-2.696013,2.213490,0.255955,2.161965,0.399911,7.187024,0.000000,2.926047,0.544075,1.000000,1.000000,0.000000,0.000000,0.000000,0.000000,0.000000,0.000000,0.000000,2.000000,9.000000,0.000000,2.000000,45.596570,-1.199571,nan
38.380,TRACKING,2.118478,0.092537,2.029651,0.599919,-1.030986,-2.852793,0.000160,14.023987,-88.040981,29.400080,8.108441,3.246839,-0.000160,0.000000,0.000000,21.822499,14.116525,-86.011330,29.999999,7.077455,0.394046,0.000001,0.000000,0.000000,3.186725,14.116525,-86.011330,29.399999,7.929657,1.058556,-0.000064,0.000000,0.000000,0.000000,0.092537,2.029651,0.599919,2.118478,-1.030986,-2.852793,0.000160,3.033374,nan,nan,nan,0,nan,nan,nan,0,nan,nan,nan,nan,nan,nan,nan,nan,nan,nan,nan,nan,nan,nan,nan,nan,nan,nan,nan,nan,nan,nan,nan,nan,nan,nan,nan,nan,nan,nan,nan,nan,nan,nan,nan,nan,nan,nan,nan,nan,nan,nan,nan,nan,nan,nan,nan,nan,nan,nan,3.000000,2.031759,0.205223,2.021368,-1.187979,-2.791069,2.070744,0.205223,2.021368,0.399919,7.088416,0.000000,3.033374,0.544075,1.000000,1.000000,0.000000,0.000000,0.000000,0.000000,0.000000,0.000000,0.000000,2.000000,9.000000,0.000000,2.000000,45.514545,-1.189318,nan
38.420,TRACKING,1.975545,0.039375,1.881838,0.599926,-1.063247,-2.956254,0.000145,14.426022,-87.872389,29.400073,8.040702,3.371839,-0.000145,0.000000,0.000000,22.750563,14.465397,-85.990551,29.999999,6.977455,0.415585,0.000000,0.000000,0.000000,3.408576,14.465397,-85.990551,29.399999,7.923768,1.101768,-0.000057,0.000000,0.000000,0.000000,0.039375,1.881838,0.599926,1.975545,-1.063247,-2.956254,0.000145,3.141644,nan,nan,nan,0,nan,nan,nan,0,nan,nan,nan,nan,nan,nan,nan,nan,nan,nan,nan,nan,nan,nan,nan,nan,nan,nan,nan,nan,nan,nan,nan,nan,nan,nan,nan,nan,nan,nan,nan,nan,nan,nan,nan,nan,nan,nan,nan,nan,nan,nan,nan,nan,nan,nan,nan,nan,nan,nan,3.000000,1.882250,0.151192,1.876168,-1.237132,-2.887808,1.924268,0.151192,1.876168,0.399926,6.989821,0.000000,3.141644,0.544075,1.000000,1.000000,0.000000,0.000000,0.000000,0.000000,0.000000,0.000000,0.000000,2.000000,9.000000,0.000000,2.000000,45.428686,-1.178586,nan
38.480,TRACKING,1.836501,-0.015303,1.735679,0.599933,-1.093563,-2.923184,0.000131,14.824573,-87.704390,29.400067,7.971019,3.359974,-0.000131,0.000000,0.000000,22.856580,14.809270,-85.968711,29.999999,6.877455,0.436790,0.000000,0.000000,0.000000,3.633999,14.809270,-85.968711,29.399999,7.917953,1.142810,-0.000052,0.000000,0.000000,0.000000,-0.015303,1.735679,0.599933,1.836501,-1.093563,-2.923184,0.000131,3.121039,nan,nan,nan,0,nan,nan,nan,0,nan,nan,nan,nan,nan,nan,nan,nan,nan,nan,nan,nan,nan,nan,nan,nan,nan,nan,nan,nan,nan,nan,nan,nan,nan,nan,nan,nan,nan,nan,nan,nan,nan,nan,nan,nan,nan,nan,nan,nan,nan,nan,nan,nan,nan,nan,nan,nan,nan,nan,3.000000,1.735746,0.094740,1.733159,-1.276644,-2.847993,1.781225,0.094740,1.733159,0.399933,6.891312,0.000000,3.121039,0.544075,1.000000,1.000000,0.000000,0.000000,0.000000,0.000000,0.000000,0.000000,0.000000,2.000000,9.000000,0.000000,2.000000,45.341056,-1.167632,nan
38.520,TRACKING,1.707585,-0.071410,1.597129,0.599939,-1.122135,-2.771000,0.000119,15.219553,-87.542642,29.400061,7.899590,3.234974,-0.000119,0.000000,0.000000,22.269671,15.148143,-85.945513,29.999999,6.777455,0.463974,0.000000,0.000000,0.000000,3.916266,15.148143,-85.945513,29.399999,7.911042,1.189713,-0.000047,0.000000,0.000000,0.000000,-0.071410,1.597129,0.599939,1.707585,-1.122135,-2.771000,0.000119,2.989587,nan,nan,nan,0,nan,nan,nan,0,nan,nan,nan,nan,nan,nan,nan,nan,nan,nan,nan,nan,nan,nan,nan,nan,nan,nan,nan,nan,nan,nan,nan,nan,nan,nan,nan,nan,nan,nan,nan,nan,nan,nan,nan,nan,nan,nan,nan,nan,nan,nan,nan,nan,nan,nan,nan,nan,nan,nan,3.000000,1.598725,0.037838,1.598277,-1.308769,-2.687890,1.647990,0.037838,1.598277,0.399939,6.793318,-0.000000,2.989587,0.544075,1.000000,1.000000,0.000000,0.000000,0.000000,0.000000,0.000000,0.000000,0.000000,2.000000,9.000000,0.000000,2.000000,45.253423,-1.156678,nan
38.580,TRACKING,1.589388,-0.128805,1.466162,0.599944,-1.147895,-2.619344,0.000108,15.610820,-87.387143,29.400055,7.825350,3.109974,-0.000108,0.000000,0.000000,21.674010,15.482016,-85.920981,29.999999,6.677455,0.490630,0.000000,0.000000,0.000000,4.202291,15.482016,-85.920981,29.399999,7.903943,1.235995,-0.000043,0.000000,0.000000,0.000000,-0.128805,1.466162,0.599944,1.589388,-1.147895,-2.619344,0.000108,2.859829,nan,nan,nan,0,nan,nan,nan,0,nan,nan,nan,nan,nan,nan,nan,nan,nan,nan,nan,nan,nan,nan,nan,nan,nan,nan,nan,nan,nan,nan,nan,nan,nan,nan,nan,nan,nan,nan,nan,nan,nan,nan,nan,nan,nan,nan,nan,nan,nan,nan,nan,nan,nan,nan,nan,nan,nan,nan,3.000000,1.471809,-0.021021,1.471659,-1.336749,-2.528186,1.525181,-0.021021,1.471659,0.399944,6.695456,0.000000,2.859829,0.544075,1.000000,1.000000,0.000000,0.000000,0.000000,0.000000,0.000000,0.000000,0.000000,2.000000,9.000000,0.000000,2.000000,45.165966,-1.145746,nan
38.620,TRACKING,1.482091,-0.187286,1.342229,0.599949,-1.169637,-2.478651,0.000099,15.998289,-87.237373,29.400050,7.749378,2.995390,-0.000098,0.000000,0.000000,21.133158,15.811003,-85.895144,30.000000,6.579740,0.516739,0.000000,0.000000,0.000000,4.490495,15.811003,-85.895144,29.400000,7.896716,1.281359,-0.000039,0.000000,0.000000,0.000000,-0.187286,1.342229,0.599949,1.482091,-1.169637,-2.478651,0.000099,2.740759,nan,nan,nan,0,nan,nan,nan,0,nan,nan,nan,nan,nan,nan,nan,nan,nan,nan,nan,nan,nan,nan,nan,nan,nan,nan,nan,nan,nan,nan,nan,nan,nan,nan,nan,nan,nan,nan,nan,nan,nan,nan,nan,nan,nan,nan,nan,nan,nan,nan,nan,nan,nan,nan,nan,nan,nan,nan,3.000000,1.355233,-0.081623,1.352772,-1.360110,-2.379467,1.413016,-0.081623,1.352772,0.399949,6.600000,0.000000,2.740759,0.544075,1.000000,1.000000,0.000000,0.000000,0.000000,0.000000,0.000000,0.000000,0.000000,2.000000,9.000000,0.000000,2.000000,45.078773,-1.134847,nan
38.680,DOCKING,1.385100,-0.242001,1.224742,0.599954,-1.094289,-2.349740,0.000090,16.381888,-87.092772,29.400046,7.671972,2.892034,-0.000090,0.000000,0.000000,20.654486,16.139887,-85.868030,30.000000,6.577683,0.542294,0.000000,0.000000,0.000000,4.713061,16.840796,-85.560793,29.240548,7.796716,1.181359,-0.100039,0.000000,0.000000,0.000000,-0.242001,1.224742,0.599954,1.385100,-1.094289,-2.349740,0.000090,2.592055,nan,nan,nan,0,nan,nan,nan,0,nan,nan,nan,nan,nan,nan,nan,nan,nan,nan,nan,nan,nan,nan,nan,nan,nan,nan,nan,nan,nan,nan,nan,nan,nan,nan,nan,nan,nan,nan,nan,nan,nan,nan,nan,nan,nan,nan,nan,nan,nan,nan,nan,nan,nan,nan,nan,nan,nan,nan,4.000000,1.248422,-0.140551,1.240485,-1.283657,-2.251882,1.310924,-0.140551,1.240485,0.399954,6.600000,0.000000,2.592055,1.385100,1.000000,1.000000,0.000000,0.000000,0.000000,0.000000,0.000000,0.000000,0.000000,3.000000,9.000000,0.000000,2.000000,44.996513,-1.124564,nan
38.720,DOCKING,1.293976,-0.303073,1.102285,0.606208,-1.221449,-2.449146,0.125090,16.771736,-86.941920,29.393791,7.796972,3.017034,-0.125090,0.000000,0.000000,21.153919,16.468663,-85.839635,30.000000,6.575523,0.567888,0.000000,0.000000,0.000000,4.936039,16.968926,-85.796430,29.750000,7.696716,1.081359,-0.000039,0.000000,0.000000,0.000000,-0.303073,1.102285,0.606208,1.293976,-1.221449,-2.449146,0.125090,2.739690,nan,nan,nan,0,nan,nan,nan,0,nan,nan,nan,nan,nan,nan,nan,nan,nan,nan,nan,nan,nan,nan,nan,nan,nan,nan,nan,nan,nan,nan,nan,nan,nan,nan,nan,nan,nan,nan,nan,nan,nan,nan,nan,nan,nan,nan,nan,nan,nan,nan,nan,nan,nan,nan,nan,nan,nan,nan,4.000000,1.143191,-0.207105,1.124274,-1.427652,-2.334966,1.213215,-0.207105,1.124274,0.406208,6.600000,0.000000,2.739690,1.293976,1.000000,1.000000,0.070281,0.000000,0.000000,0.000000,0.000000,0.000000,0.000000,3.000000,9.000000,0.000000,2.000000,44.906142,-1.113268,nan
38.780,DOCKING,1.214746,-0.368464,0.986078,0.606213,-1.307820,-2.324146,0.000090,17.165903,-86.797318,29.393787,7.883343,2.892034,-0.000090,0.000000,0.000000,20.145752,16.797439,-85.811241,30.000000,6.575523,0.567888,0.000000,0.000000,0.000000,4.936039,17.268102,-85.770592,29.750000,7.546716,0.931359,0.149961,0.000000,0.000000,0.000000,-0.368464,0.986078,0.606213,1.214746,-1.307820,-2.324146,0.000090,2.666843,nan,nan,nan,0,nan,nan,nan,0,nan,nan,nan,nan,nan,nan,nan,nan,nan,nan,nan,nan,nan,nan,nan,nan,nan,nan,nan,nan,nan,nan,nan,nan,nan,nan,nan,nan,nan,nan,nan,nan,nan,nan,nan,nan,nan,nan,nan,nan,nan,nan,nan,nan,nan,nan,nan,nan,nan,nan,4.000000,1.052670,-0.282252,1.014125,-1.502948,-2.202997,1.128328,-0.282252,1.014125,0.406213,6.600000,0.000000,2.666843,1.214746,1.000000,1.000000,0.145300,0.000000,0.000000,0.000000,0.000000,0.000000,0.000000,3.000000,9.000000,0.000000,2.000000,44.813240,-1.101655,nan
38.820,DOCKING,1.144724,-0.427605,0.876120,0.599967,-1.182820,-2.199146,-0.124910,17.553821,-86.658967,29.400032,7.758343,2.767034,0.124910,0.000000,0.000000,19.628913,17.126215,-85.782846,30.000000,6.575523,0.567888,0.000000,0.000000,0.000000,4.936039,17.570876,-85.744444,29.750000,7.446716,0.831359,0.131502,0.000000,0.000000,0.000000,-0.427605,0.876120,0.599967,1.144724,-1.182820,-2.199146,-0.124910,2.500182,nan,nan,nan,0,nan,nan,nan,0,nan,nan,nan,nan,nan,nan,nan,nan,nan,nan,nan,nan,nan,nan,nan,nan,nan,nan,nan,nan,nan,nan,nan,nan,nan,nan,nan,nan,nan,nan,nan,nan,nan,nan,nan,nan,nan,nan,nan,nan,nan,nan,nan,nan,nan,nan,nan,nan,nan,nan,4.000000,0.974902,-0.350635,0.909664,-1.367656,-2.089216,1.053758,-0.350635,0.909664,0.399967,6.600000,0.000000,2.500182,1.144724,1.000000,1.000000,0.148546,0.000000,0.000000,0.000000,0.000000,0.000000,0.000000,3.000000,9.000000,0.000000,2.000000,44.727919,-1.090990,nan
38.880,DOCKING,1.082876,-0.480496,0.772413,0.587472,-1.057820,-2.074146,-0.249910,17.935488,-86.526865,29.412528,7.633343,2.642034,0.249910,0.000000,0.000000,19.091635,17.454991,-85.754452,30.000000,6.575523,0.567888,0.000000,0.000000,0.000000,4.936039,17.876984,-85.718007,29.750000,7.296716,0.681359,0.103504,0.000000,0.000000,0.000000,-0.480496,0.772413,0.587472,1.082876,-1.057820,-2.074146,-0.249910,2.341692,nan,nan,nan,0,nan,nan,nan,0,nan,nan,nan,nan,nan,nan,nan,nan,nan,nan,nan,nan,nan,nan,nan,nan,nan,nan,nan,nan,nan,nan,nan,nan,nan,nan,nan,nan,nan,nan,nan,nan,nan,nan,nan,nan,nan,nan,nan,nan,nan,nan,nan,nan,nan,nan,nan,nan,nan,nan,4.000000,0.909669,-0.412253,0.810892,-1.232364,-1.975435,0.988753,-0.412253,0.810892,0.387472,6.600000,0.000000,2.341692,1.082876,1.000000,1.000000,0.132194,0.000000,0.000000,0.000000,0.000000,0.000000,0.000000,3.000000,9.000000,0.000000,2.000000,44.650198,-1.081275,nan
38.920,DOCKING,1.029185,-0.529619,0.674741,0.568726,-0.982452,-1.953433,-0.374910,18.310905,-86.401013,29.431273,7.508343,2.517034,0.374910,0.000000,0.000000,18.532780,17.781286,-85.726272,30.000000,6.525891,0.563601,0.000000,0.000000,0.000000,4.936039,18.184070,-85.691486,29.750000,7.196716,0.581359,0.072756,0.000000,0.000000,0.000000,-0.529619,0.674741,0.568726,1.029185,-0.982452,-1.953433,-0.374910,2.218484,nan,nan,nan,0,nan,nan,nan,0,nan,nan,nan,nan,nan,nan,nan,nan,nan,nan,nan,nan,nan,nan,nan,nan,nan,nan,nan,nan,nan,nan,nan,nan,nan,nan,nan,nan,nan,nan,nan,nan,nan,nan,nan,nan,nan,nan,nan,nan,nan,nan,nan,nan,nan,nan,nan,nan,nan,nan,4.000000,0.857772,-0.469598,0.717809,-1.146889,-1.861654,0.933665,-0.469598,0.717809,0.368726,6.550183,0.000000,2.218484,1.029185,1.000000,1.000000,0.109553,0.000000,0.000000,0.000000,0.000000,0.000000,0.000000,3.000000,9.000000,0.000000,2.000000,44.577641,-1.072411,nan
38.980,DOCKING,0.986678,-0.576267,0.582994,0.549152,-0.932960,-1.834954,-0.391482,18.680072,-86.281412,29.450848,7.383343,2.392034,0.391482,0.000000,0.000000,17.951136,18.103805,-85.698418,30.000000,6.450383,0.557080,0.000000,0.000000,0.000000,4.936039,18.491710,-85.664917,29.750000,7.046716,0.471015,0.061160,0.000000,0.000000,0.000000,-0.576267,0.582994,0.549152,0.986678,-0.932960,-1.834954,-0.391482,2.095406,nan,nan,nan,0,nan,nan,nan,0,nan,nan,nan,nan,nan,nan,nan,nan,nan,nan,nan,nan,nan,nan,nan,nan,nan,nan,nan,nan,nan,nan,nan,nan,nan,nan,nan,nan,nan,nan,nan,nan,nan,nan,nan,nan,nan,nan,nan,nan,nan,nan,nan,nan,nan,nan,nan,nan,nan,nan,4.000000,0.819735,-0.523967,0.630416,-1.087386,-1.747873,0.890995,-0.523967,0.630416,0.349152,6.474394,0.000000,2.095406,0.986678,1.000000,1.000000,0.087204,0.000000,0.000000,0.000000,0.000000,0.000000,0.000000,3.000000,9.000000,0.000000,2.000000,44.508997,-1.065388,nan
39.020,DOCKING,0.956344,-0.620756,0.497143,0.531136,-0.889781,-1.717020,-0.360312,19.042989,-86.168060,29.468863,7.258343,2.267034,0.360313,0.000000,0.000000,17.345407,18.422233,-85.670917,30.000000,6.368562,0.550014,0.000000,0.000000,0.000000,4.936039,18.799844,-85.638305,29.750000,6.946716,0.461946,0.058844,0.000000,0.000000,0.000000,-0.620756,0.497143,0.531136,0.956344,-0.889781,-1.717020,-0.360312,1.967154,nan,nan,nan,0,nan,nan,nan,0,nan,nan,nan,nan,nan,nan,nan,nan,nan,nan,nan,nan,nan,nan,nan,nan,nan,nan,nan,nan,nan,nan,nan,nan,nan,nan,nan,nan,nan,nan,nan,nan,nan,nan,nan,nan,nan,nan,nan,nan,nan,nan,nan,nan,nan,nan,nan,nan,nan,nan,4.000000,0.795292,-0.575678,0.548711,-1.034220,-1.634093,0.861476,-0.575678,0.548711,0.331136,6.392269,0.000000,1.967154,0.956344,1.000000,1.000000,0.097921,0.000000,0.000000,0.000000,0.000000,0.000000,0.000000,3.000000,9.000000,0.000000,2.000000,44.443986,-1.060358,nan
39.080,DOCKING,0.937066,-0.663107,0.417187,0.514137,-0.847011,-1.599122,-0.339980,19.399656,-86.060958,29.485862,7.133343,2.142034,0.339981,0.000000,0.000000,16.714210,18.736550,-85.643772,30.000000,6.286332,0.542912,0.000000,0.000000,0.000000,4.936039,19.108088,-85.611684,29.750000,6.796716,0.452944,0.055024,0.000000,0.000000,0.000000,-0.663107,0.417187,0.514137,0.937066,-0.847011,-1.599122,-0.339980,1.841251,nan,nan,nan,0,nan,nan,nan,0,nan,nan,nan,nan,nan,nan,nan,nan,nan,nan,nan,nan,nan,nan,nan,nan,nan,nan,nan,nan,nan,nan,nan,nan,nan,nan,nan,nan,nan,nan,nan,nan,nan,nan,nan,nan,nan,nan,nan,nan,nan,nan,nan,nan,nan,nan,nan,nan,nan,nan,4.000000,0.783425,-0.624751,0.472695,-0.981464,-1.520312,0.844060,-0.624751,0.472695,0.314137,6.309733,0.000000,1.841251,0.937066,1.000000,1.000000,0.139181,0.000000,0.000000,0.000000,0.000000,0.000000,0.000000,3.000000,9.000000,0.000000,2.000000,44.382623,-1.057336,nan
39.120,DOCKING,0.927504,-0.703088,0.343145,0.498179,-0.799619,-1.480825,-0.319161,19.750074,-85.960106,29.501820,7.008343,2.017034,0.319162,0.000000,0.000000,16.056067,19.046986,-85.616961,30.000000,6.208724,0.536210,0.000000,0.000000,0.000000,4.936039,19.416150,-85.585079,29.750000,6.696716,0.444453,0.051750,0.000000,0.000000,0.000000,-0.703088,0.343145,0.498179,0.927504,-0.799619,-1.480825,-0.319161,1.712920,nan,nan,nan,0,nan,nan,nan,0,nan,nan,nan,nan,nan,nan,nan,nan,nan,nan,nan,nan,nan,nan,nan,nan,nan,nan,nan,nan,nan,nan,nan,nan,nan,nan,nan,nan,nan,nan,nan,nan,nan,nan,nan,nan,nan,nan,nan,nan,nan,nan,nan,nan,nan,nan,nan,nan,nan,nan,4.000000,0.782356,-0.670955,0.402369,-0.924069,-1.406531,0.837252,-0.670955,0.402369,0.298179,6.231836,0.000000,1.712920,0.927504,1.000000,1.000000,0.188417,0.000000,0.000000,0.000000,0.000000,0.000000,0.000000,3.000000,9.000000,0.000000,2.000000,44.325174,-1.056373,nan
39.180,DOCKING,0.925814,-0.740277,0.275055,0.483183,-0.743784,-1.361798,-0.299929,20.094241,-85.865505,29.516817,6.883343,1.892034,0.299930,0.000000,0.000000,15.369400,19.353964,-85.590449,30.000000,6.139560,0.530236,0.000000,0.000000,0.000000,4.936039,19.723724,-85.558515,29.750000,6.546716,0.436818,0.048613,0.000000,0.000000,0.000000,-0.740277,0.275055,0.483183,0.925814,-0.743784,-1.361798,-0.299929,1.580400,nan,nan,nan,0,nan,nan,nan,0,nan,nan,nan,nan,nan,nan,nan,nan,nan,nan,nan,nan,nan,nan,nan,nan,nan,nan,nan,nan,nan,nan,nan,nan,nan,nan,nan,nan,nan,nan,nan,nan,nan,nan,nan,nan,nan,nan,nan,nan,nan,nan,nan,nan,nan,nan,nan,nan,nan,nan,4.000000,0.789725,-0.713865,0.337731,-0.858199,-1.292750,0.838962,-0.713865,0.337731,0.283183,6.162414,0.000000,1.580400,0.925814,1.000000,1.000000,0.247513,0.000000,0.000000,0.000000,0.000000,0.000000,0.000000,3.000000,9.000000,0.000000,2.000000,44.272092,-1.057548,nan
39.220,DOCKING,0.929895,-0.774147,0.212962,0.469093,-0.677401,-1.241860,-0.281796,20.432158,-85.777153,29.530907,6.758343,1.767034,0.281796,0.000000,0.000000,14.652525,19.658011,-85.564191,30.000000,6.080942,0.525174,0.000000,0.000000,0.000000,4.936039,20.030504,-85.532021,29.750000,6.446716,0.430242,0.045678,0.000000,0.000000,0.000000,-0.774147,0.212962,0.469093,0.929895,-0.677401,-1.241860,-0.281796,1.442393,nan,nan,nan,0,nan,nan,nan,0,nan,nan,nan,nan,nan,nan,nan,nan,nan,nan,nan,nan,nan,nan,nan,nan,nan,nan,nan,nan,nan,nan,nan,nan,nan,nan,nan,nan,nan,nan,nan,nan,nan,nan,nan,nan,nan,nan,nan,nan,nan,nan,nan,nan,nan,nan,nan,nan,nan,nan,4.000000,0.802905,-0.752952,0.278783,-0.781743,-1.178969,0.846798,-0.752952,0.278783,0.269093,6.103578,0.000000,1.442393,0.925814,1.000000,1.000000,0.296962,0.000000,0.000000,0.000000,0.000000,0.000000,0.000000,3.000000,9.000000,0.000000,2.000000,44.223937,-1.060960,nan
39.280,DOCKING,0.937593,-0.804149,0.156914,0.455855,-0.600049,-1.120975,-0.264771,20.763825,-85.695051,29.544145,6.633343,1.642034,0.264771,0.000000,0.000000,13.903643,19.959676,-85.538138,30.000000,6.033295,0.521059,0.000000,0.000000,0.000000,4.936039,20.336192,-85.505620,29.750000,6.313167,0.424783,0.042918,0.000000,0.000000,0.000000,-0.804149,0.156914,0.455855,0.937593,-0.600049,-1.120975,-0.264771,1.298749,nan,nan,nan,0,nan,nan,nan,0,nan,nan,nan,nan,nan,nan,nan,nan,nan,nan,nan,nan,nan,nan,nan,nan,nan,nan,nan,nan,nan,nan,nan,nan,nan,nan,nan,nan,nan,nan,nan,nan,nan,nan,nan,nan,nan,nan,nan,nan,nan,nan,nan,nan,nan,nan,nan,nan,nan,nan,4.000000,0.819315,-0.787666,0.225524,-0.694276,-1.065188,0.858335,-0.787666,0.225524,0.255855,6.055753,0.000000,1.298749,0.925814,1.000000,1.000000,0.352730,1.000000,0.000000,0.000000,0.000000,0.000000,0.000000,3.000000,9.000000,0.000000,2.000000,44.181289,-1.066715,nan
39.320,DOCKING,0.945325,-0.827980,0.107108,0.443416,-0.476607,-0.996110,-0.248772,21.089242,-85.619200,29.556584,6.508343,1.517034,0.248772,0.000000,0.000000,13.120836,20.261263,-85.512091,30.000000,6.031737,0.520924,0.000000,0.000000,0.000000,4.936039,20.641721,-85.479234,29.750000,6.299044,0.423563,0.040324,0.000000,0.000000,0.000000,-0.827980,0.107108,0.443416,0.945325,-0.476607,-0.996110,-0.248772,1.131935,nan,nan,nan,0,nan,nan,nan,0,nan,nan,nan,nan,nan,nan,nan,nan,nan,nan,nan,nan,nan,nan,nan,nan,nan,nan,nan,nan,nan,nan,nan,nan,nan,nan,nan,nan,nan,nan,nan,nan,nan,nan,nan,nan,nan,nan,nan,nan,nan,nan,nan,nan,nan,nan,nan,nan,nan,nan,4.000000,0.834879,-0.815693,0.177953,-0.560548,-0.951407,0.869640,-0.815693,0.177953,0.243416,6.054190,0.000000,1.131935,0.925814,1.000000,1.000000,0.394751,1.000000,1.000000,0.000000,0.000000,0.000000,0.000000,3.000000,9.000000,0.000000,2.000000,44.146458,-1.075146,nan
39.380,DOCKING,0.951115,-0.845095,0.063593,0.431729,-0.342304,-0.870306,-0.233740,21.408409,-85.549598,29.568271,6.383343,1.392034,0.233740,0.000000,0.000000,12.302058,20.563315,-85.486005,30.000000,6.041040,0.521728,0.000000,0.000000,0.000000,4.936039,20.946895,-85.452878,29.750000,6.299023,0.423561,0.037888,0.000000,0.000000,0.000000,-0.845095,0.063593,0.431729,0.951115,-0.342304,-0.870306,-0.233740,0.963971,nan,nan,nan,0,nan,nan,nan,0,nan,nan,nan,nan,nan,nan,nan,nan,nan,nan,nan,nan,nan,nan,nan,nan,nan,nan,nan,nan,nan,nan,nan,nan,nan,nan,nan,nan,nan,nan,nan,nan,nan,nan,nan,nan,nan,nan,nan,nan,nan,nan,nan,nan,nan,nan,nan,nan,nan,nan,4.000000,0.847484,-0.836489,0.136072,-0.415919,-0.837626,0.878594,-0.836489,0.136072,0.231729,6.063527,0.000000,0.963971,0.925814,1.000000,1.000000,0.435858,1.000000,4.000000,0.000000,0.000000,0.000000,0.000000,3.000000,9.000000,0.000000,2.000000,44.120016,-1.086372,nan
39.420,DOCKING,0.953824,-0.855603,0.026358,0.420748,-0.210159,-0.744689,-0.219617,21.721327,-85.486246,29.579252,6.258343,1.267034,0.219617,0.000000,0.000000,11.445130,20.865724,-85.459888,30.000000,6.048184,0.522345,0.000000,0.000000,0.000000,4.936039,21.251194,-85.426597,29.750000,6.300038,0.423649,0.035598,0.000000,0.000000,0.000000,-0.855603,0.026358,0.420748,0.953824,-0.210159,-0.744689,-0.219617,0.804339,nan,nan,nan,0,nan,nan,nan,0,nan,nan,nan,nan,nan,nan,nan,nan,nan,nan,nan,nan,nan,nan,nan,nan,nan,nan,nan,nan,nan,nan,nan,nan,nan,nan,nan,nan,nan,nan,nan,nan,nan,nan,nan,nan,nan,nan,nan,nan,nan,nan,nan,nan,nan,nan,nan,nan,nan,nan,4.000000,0.856009,-0.850162,0.099880,-0.273456,-0.723845,0.884014,-0.850162,0.099880,0.220748,6.070698,0.000000,0.804339,0.925814,1.000000,1.000000,0.463882,1.000000,6.000000,0.000000,0.000000,0.000000,0.000000,3.000000,9.000000,0.000000,2.000000,44.101895,-1.100440,nan
39.480,DOCKING,0.952628,-0.859665,-0.004609,0.410431,-0.081255,-0.619352,-0.206346,22.027994,-85.429144,29.589569,6.133343,1.142034,0.206347,0.000000,0.000000,10.547734,21.168328,-85.433754,30.000000,6.052088,0.522682,0.000000,0.000000,0.000000,4.936039,21.554162,-85.400432,29.750000,6.300932,0.423726,0.033447,0.000000,0.000000,0.000000,-0.859665,-0.004609,0.410431,0.952628,-0.081255,-0.619352,-0.206346,0.657859,nan,nan,nan,0,nan,nan,nan,0,nan,nan,nan,nan,nan,nan,nan,nan,nan,nan,nan,nan,nan,nan,nan,nan,nan,nan,nan,nan,nan,nan,nan,nan,nan,nan,nan,nan,nan,nan,nan,nan,nan,nan,nan,nan,nan,nan,nan,nan,nan,nan,nan,nan,nan,nan,nan,nan,nan,nan,4.000000,0.859678,-0.856874,0.069377,-0.134245,-0.610064,0.885058,-0.856874,0.069377,0.210431,6.074617,0.000000,0.657859,0.925814,1.000000,1.000000,0.495769,1.000000,9.000000,0.000000,0.000000,0.000000,0.000000,3.000000,9.000000,0.000000,2.000000,44.091974,-1.117398,nan
39.520,DOCKING,0.946957,-0.857484,-0.029327,0.400737,0.043637,-0.494362,-0.193878,22.328411,-85.378293,29.599263,6.008343,1.017034,0.193878,0.000000,0.000000,9.607406,21.470927,-85.407620,30.000000,6.051980,0.522673,0.000000,0.000000,0.000000,4.936039,21.855400,-85.374416,29.750000,6.300845,0.423719,0.031426,0.000000,0.000000,0.000000,-0.857484,-0.029327,0.400737,0.946957,0.043637,-0.494362,-0.193878,0.532810,nan,nan,nan,0,nan,nan,nan,0,nan,nan,nan,nan,nan,nan,nan,nan,nan,nan,nan,nan,nan,nan,nan,nan,nan,nan,nan,nan,nan,nan,nan,nan,nan,nan,nan,nan,nan,nan,nan,nan,nan,nan,nan,nan,nan,nan,nan,nan,nan,nan,nan,nan,nan,nan,nan,nan,nan,nan,4.000000,0.857985,-0.856827,0.044562,0.000938,-0.496283,0.881155,-0.856827,0.044562,0.200737,6.074508,0.000000,0.532810,0.925814,1.000000,1.000000,0.527265,1.000000,11.000000,0.000000,0.000000,0.000000,0.000000,3.000000,9.000000,0.000000,2.000000,44.090094,-1.137296,nan
39.580,DOCKING,0.936454,-0.849286,-0.047816,0.391629,0.163960,-0.369765,-0.182163,22.622578,-85.333691,29.608371,5.883343,0.892034,0.182163,0.000000,0.000000,8.621536,21.773293,-85.381507,30.000000,6.047303,0.522269,0.000000,0.000000,0.000000,4.936039,22.154555,-85.348579,29.750000,6.299117,0.423570,0.029527,0.000000,0.000000,0.000000,-0.849286,-0.047816,0.391629,0.936454,0.163960,-0.369765,-0.182163,0.443613,nan,nan,nan,0,nan,nan,nan,0,nan,nan,nan,nan,nan,nan,nan,nan,nan,nan,nan,nan,nan,nan,nan,nan,nan,nan,nan,nan,nan,nan,nan,nan,nan,nan,nan,nan,nan,nan,nan,nan,nan,nan,nan,nan,nan,nan,nan,nan,nan,nan,nan,nan,nan,nan,nan,nan,nan,nan,4.000000,0.850631,-0.850250,0.025437,0.131536,-0.382502,0.871948,-0.850250,0.025437,0.191629,6.069814,0.000000,0.443613,0.925814,1.000000,1.000000,0.564058,1.000000,14.000000,0.000000,0.000000,0.000000,0.000000,3.000000,9.000000,0.000000,2.000000,44.096073,-1.160186,nan
39.620,DOCKING,0.920932,-0.835321,-0.060096,0.383071,0.279301,-0.245600,-0.171156,22.910495,-85.295339,29.616929,5.758343,0.767034,0.171156,0.000000,0.000000,7.587360,22.075175,-85.355435,30.000000,6.037644,0.521434,0.000000,0.000000,0.000000,4.936039,22.451314,-85.322950,29.750000,6.295222,0.423233,0.027743,0.000000,0.000000,0.000000,-0.835321,-0.060096,0.383071,0.920932,0.279301,-0.245600,-0.171156,0.409417,nan,nan,nan,0,nan,nan,nan,0,nan,nan,nan,nan,nan,nan,nan,nan,nan,nan,nan,nan,nan,nan,nan,nan,nan,nan,nan,nan,nan,nan,nan,nan,nan,nan,nan,nan,nan,nan,nan,nan,nan,nan,nan,nan,nan,nan,nan,nan,nan,nan,nan,nan,nan,nan,nan,nan,nan,nan,4.000000,0.837480,-0.837394,0.012001,0.257133,-0.268721,0.857255,-0.837394,0.012001,0.183071,6.060119,0.000000,0.409417,0.920932,1.000000,1.000000,0.588688,1.000000,16.000000,0.000000,0.000000,0.000000,0.000000,3.000000,9.000000,0.000000,2.000000,44.109708,-1.186128,nan
39.680,COMPLETED,0.905384,-0.821397,-0.066190,0.375030,0.278482,-0.121891,-0.160814,23.197706,-85.263238,29.624970,5.744205,0.642034,0.160814,0.000000,0.000000,6.377523,22.376309,-85.329428,30.000000,6.022686,0.520143,0.000000,0.000000,0.000000,4.936039,22.436087,-85.324265,29.800000,0.000000,0.000000,0.000000,0.000000,0.000000,0.000000,-0.821397,-0.066190,0.375030,0.905384,0.278482,-0.121891,-0.160814,0.343905,nan,nan,nan,0,nan,nan,nan,0,nan,nan,nan,nan,nan,nan,nan,nan,nan,nan,nan,nan,nan,nan,nan,nan,nan,nan,nan,nan,nan,nan,nan,nan,nan,nan,nan,nan,nan,nan,nan,nan,nan,nan,nan,nan,nan,nan,nan,nan,nan,nan,nan,nan,nan,nan,nan,nan,nan,nan,5.000000,0.824059,-0.824046,0.004731,0.266961,-0.145401,0.842442,-0.824046,0.004731,0.175030,6.045105,0.000000,0.343905,0.905384,1.000000,1.000000,0.601376,1.000000,18.000000,0.000000,0.000000,0.000000,0.000000,3.000000,1.000000,0.000000,2.000000,44.125596,-1.197852,nan
39.720,COMPLETED,0.200000,0.000000,0.000000,0.200000,0.000000,0.000000,0.000000,23.478666,-85.237386,29.633721,5.619205,0.517034,0.175030,0.000000,0.000000,5.257095,23.478666,-85.237386,29.833721,5.619205,0.517034,0.175030,0.000000,0.000000,5.257095,23.538413,-85.231888,29.633721,0.000000,0.000000,0.000000,0.000000,0.000000,0.000000,0.000000,0.000000,0.200000,0.200000,0.000000,0.000000,0.000000,0.000000,nan,nan,nan,0,nan,nan,nan,0,nan,nan,nan,nan,nan,nan,nan,nan,nan,nan,nan,nan,nan,nan,nan,nan,nan,nan,nan,nan,nan,nan,nan,nan,nan,nan,nan,nan,nan,nan,nan,nan,nan,nan,nan,nan,nan,nan,nan,nan,nan,nan,nan,nan,nan,nan,nan,nan,nan,nan,5.000000,0.000000,0.000000,0.000000,0.000000,0.000000,0.000000,0.000000,0.000000,-0.000000,5.642941,0.000000,0.000000,0.905384,1.000000,1.000000,0.601376,1.000000,18.000000,0.000000,0.000000,0.000000,0.000000,3.000000,1.000000,0.000000,2.000000,44.935426,-1.331925,nan
39.780,COMPLETED,0.200000,0.000000,0.000000,0.200000,0.000000,0.000000,0.000000,23.753376,-85.217784,29.636223,5.494205,0.392034,0.050030,0.000000,0.000000,4.081372,23.753376,-85.217784,29.836223,5.494205,0.392034,0.050030,0.000000,0.000000,4.081372,23.813224,-85.213514,29.636223,0.000000,0.000000,0.000000,0.000000,0.000000,0.000000,0.000000,0.000000,0.200000,0.200000,0.000000,0.000000,0.000000,0.000000,nan,nan,nan,0,nan,nan,nan,0,nan,nan,nan,nan,nan,nan,nan,nan,nan,nan,nan,nan,nan,nan,nan,nan,nan,nan,nan,nan,nan,nan,nan,nan,nan,nan,nan,nan,nan,nan,nan,nan,nan,nan,nan,nan,nan,nan,nan,nan,nan,nan,nan,nan,nan,nan,nan,nan,nan,nan,5.000000,0.000000,0.000000,0.000000,0.000000,0.000000,0.000000,0.000000,0.000000,-0.000000,5.508174,0.000000,0.000000,0.905384,1.000000,1.000000,0.601376,1.000000,18.000000,0.000000,0.000000,0.000000,0.000000,3.000000,1.000000,0.000000,2.000000,44.940912,-1.362934,nan
39.820,COMPLETED,0.200000,0.000000,0.000000,0.200000,0.000000,0.000000,0.000000,24.021836,-85.204433,29.636223,5.369205,0.267034,0.000000,0.000000,0.000000,2.847225,24.021836,-85.204433,29.836223,5.369205,0.267034,0.000000,0.000000,0.000000,2.847225,24.081762,-85.201452,29.636223,0.000000,0.000000,0.000000,0.000000,0.000000,0.000000,0.000000,0.000000,0.200000,0.200000,0.000000,0.000000,0.000000,0.000000,nan,nan,nan,0,nan,nan,nan,0,nan,nan,nan,nan,nan,nan,nan,nan,nan,nan,nan,nan,nan,nan,nan,nan,nan,nan,nan,nan,nan,nan,nan,nan,nan,nan,nan,nan,nan,nan,nan,nan,nan,nan,nan,nan,nan,nan,nan,nan,nan,nan,nan,nan,nan,nan,nan,nan,nan,nan,5.000000,0.000000,0.000000,0.000000,0.000000,0.000000,0.000000,0.000000,0.000000,-0.000000,5.375841,-0.000000,0.000000,0.905384,1.000000,1.000000,0.601376,1.000000,18.000000,0.000000,0.000000,0.000000,0.000000,3.000000,1.000000,0.000000,2.000000,44.947630,-1.396521,nan
39.880,COMPLETED,0.200000,0.000000,0.000000,0.200000,0.000000,0.000000,0.000000,24.284047,-85.197331,29.636223,5.244205,0.142034,0.000000,0.000000,0.000000,1.551420,24.284047,-85.197331,29.836223,5.244205,0.142034,0.000000,0.000000,0.000000,1.551420,24.344025,-85.195706,29.636223,0.000000,0.000000,0.000000,0.000000,0.000000,0.000000,0.000000,0.000000,0.200000,0.200000,0.000000,0.000000,0.000000,0.000000,nan,nan,nan,0,nan,nan,nan,0,nan,nan,nan,nan,nan,nan,nan,nan,nan,nan,nan,nan,nan,nan,nan,nan,nan,nan,nan,nan,nan,nan,nan,nan,nan,nan,nan,nan,nan,nan,nan,nan,nan,nan,nan,nan,nan,nan,nan,nan,nan,nan,nan,nan,nan,nan,nan,nan,nan,nan,5.000000,0.000000,0.000000,0.000000,0.000000,0.000000,0.000000,0.000000,0.000000,-0.000000,5.246128,0.000000,0.000000,0.905384,1.000000,1.000000,0.601376,1.000000,18.000000,0.000000,0.000000,0.000000,0.000000,3.000000,1.000000,0.000000,2.000000,44.955577,-1.432789,nan
39.920,COMPLETED,0.200000,0.000000,0.000000,0.200000,0.000000,0.000000,0.000000,24.540007,-85.196479,29.636223,5.119205,0.017034,0.000000,0.000000,0.000000,0.190651,24.540007,-85.196479,29.836223,5.119205,0.017034,0.000000,0.000000,0.000000,0.190651,24.600006,-85.196279,29.636223,0.000000,0.000000,0.000000,0.000000,0.000000,0.000000,0.000000,0.000000,0.200000,0.200000,0.000000,0.000000,0.000000,0.000000,nan,nan,nan,0,nan,nan,nan,0,nan,nan,nan,nan,nan,nan,nan,nan,nan,nan,nan,nan,nan,nan,nan,nan,nan,nan,nan,nan,nan,nan,nan,nan,nan,nan,nan,nan,nan,nan,nan,nan,nan,nan,nan,nan,nan,nan,nan,nan,nan,nan,nan,nan,nan,nan,nan,nan,nan,nan,5.000000,0.000000,0.000000,0.000000,0.000000,0.000000,0.000000,0.000000,0.000000,-0.000000,5.119233,0.000000,0.000000,0.905384,1.000000,1.000000,0.601376,1.000000,18.000000,0.000000,0.000000,0.000000,0.000000,3.000000,1.000000,0.000000,2.000000,44.964752,-1.471852,nan
39.980,COMPLETED,0.200000,0.000000,0.000000,0.200000,0.000000,0.000000,0.000000,24.789717,-85.196467,29.636223,4.994205,0.000240,0.000000,0.000000,0.000000,0.002749,24.789717,-85.196467,29.836223,4.994205,0.000240,0.000000,0.000000,0.000000,0.002749,24.849717,-85.196464,29.636223,0.000000,0.000000,0.000000,0.000000,0.000000,0.000000,0.000000,0.000000,0.200000,0.200000,0.000000,0.000000,0.000000,0.000000,nan,nan,nan,0,nan,nan,nan,0,nan,nan,nan,nan,nan,nan,nan,nan,nan,nan,nan,nan,nan,nan,nan,nan,nan,nan,nan,nan,nan,nan,nan,nan,nan,nan,nan,nan,nan,nan,nan,nan,nan,nan,nan,nan,nan,nan,nan,nan,nan,nan,nan,nan,nan,nan,nan,nan,nan,nan,5.000000,0.000000,0.000000,0.000000,0.000000,0.000000,0.000000,0.000000,0.000000,-0.000000,4.994205,0.000000,0.000000,0.905384,1.000000,1.000000,0.601376,1.000000,18.000000,0.000000,0.000000,0.000000,0.000000,3.000000,1.000000,0.000000,2.000000,44.974066,-1.503605,nan
40.020,COMPLETED,0.200000,0.000000,0.000000,0.200000,0.000000,0.000000,0.000000,25.033177,-85.196467,29.636223,4.869205,0.000003,0.000000,0.000000,0.000000,0.000041,25.033177,-85.196467,29.836223,4.869205,0.000003,0.000000,0.000000,0.000000,0.000041,25.093177,-85.196467,29.636223,0.000000,0.000000,0.000000,0.000000,0.000000,0.000000,0.000000,0.000000,0.200000,0.200000,0.000000,0.000000,0.000000,0.000000,nan,nan,nan,0,nan,nan,nan,0,nan,nan,nan,nan,nan,nan,nan,nan,nan,nan,nan,nan,nan,nan,nan,nan,nan,nan,nan,nan,nan,nan,nan,nan,nan,nan,nan,nan,nan,nan,nan,nan,nan,nan,nan,nan,nan,nan,nan,nan,nan,nan,nan,nan,nan,nan,nan,nan,nan,nan,5.000000,0.000000,0.000000,0.000000,0.000000,0.000000,0.000000,0.000000,0.000000,-0.000000,4.869205,0.000000,0.000000,0.905384,1.000000,1.000000,0.601376,1.000000,18.000000,0.000000,0.000000,0.000000,0.000000,3.000000,1.000000,0.000000,2.000000,44.983341,-1.535189,nan
40.080,COMPLETED,0.200000,0.000000,0.000000,0.200000,0.000000,0.000000,0.000000,25.270387,-85.196467,29.636223,4.744205,0.000000,0.000000,0.000000,0.000000,0.000001,25.270387,-85.196467,29.836223,4.744205,0.000000,0.000000,0.000000,0.000000,0.000001,25.330387,-85.196467,29.636223,0.000000,0.000000,0.000000,0.000000,0.000000,0.000000,0.000000,0.000000,0.200000,0.200000,0.000000,0.000000,0.000000,0.000000,nan,nan,nan,0,nan,nan,nan,0,nan,nan,nan,nan,nan,nan,nan,nan,nan,nan,nan,nan,nan,nan,nan,nan,nan,nan,nan,nan,nan,nan,nan,nan,nan,nan,nan,nan,nan,nan,nan,nan,nan,nan,nan,nan,nan,nan,nan,nan,nan,nan,nan,nan,nan,nan,nan,nan,nan,nan,5.000000,0.000000,0.000000,0.000000,0.000000,0.000000,0.000000,0.000000,0.000000,-0.000000,4.744205,0.000000,0.000000,0.905384,1.000000,1.000000,0.601376,1.000000,18.000000,0.000000,0.000000,0.000000,0.000000,3.000000,1.000000,0.000000,2.000000,44.992560,-1.568038,nan
40.120,COMPLETED,0.200000,0.000000,0.000000,0.200000,0.000000,0.000000,0.000000,25.501348,-85.196467,29.636223,4.619205,0.000000,0.000000,0.000000,0.000000,0.000000,25.501348,-85.196467,29.836223,4.619205,0.000000,0.000000,0.000000,0.000000,0.000000,25.561348,-85.196467,29.636223,0.000000,0.000000,0.000000,0.000000,0.000000,0.000000,0.000000,0.000000,0.200000,0.200000,0.000000,0.000000,0.000000,0.000000,nan,nan,nan,0,nan,nan,nan,0,nan,nan,nan,nan,nan,nan,nan,nan,nan,nan,nan,nan,nan,nan,nan,nan,nan,nan,nan,nan,nan,nan,nan,nan,nan,nan,nan,nan,nan,nan,nan,nan,nan,nan,nan,nan,nan,nan,nan,nan,nan,nan,nan,nan,nan,nan,nan,nan,nan,nan,5.000000,0.000000,0.000000,0.000000,0.000000,0.000000,0.000000,0.000000,0.000000,-0.000000,4.619205,0.000000,0.000000,0.905384,1.000000,1.000000,0.601376,1.000000,18.000000,0.000000,0.000000,0.000000,0.000000,3.000000,1.000000,0.000000,2.000000,45.001712,-1.602195,nan
40.180,COMPLETED,0.200000,0.000000,0.000000,0.200000,0.000000,0.000000,0.000000,25.726058,-85.196467,29.636223,4.494205,0.000000,0.000000,0.000000,0.000000,0.000000,25.726058,-85.196467,29.836223,4.494205,0.000000,0.000000,0.000000,0.000000,0.000000,25.786058,-85.196467,29.636223,0.000000,0.000000,0.000000,0.000000,0.000000,0.000000,0.000000,0.000000,0.200000,0.200000,0.000000,0.000000,0.000000,0.000000,nan,nan,nan,0,nan,nan,nan,0,nan,nan,nan,nan,nan,nan,nan,nan,nan,nan,nan,nan,nan,nan,nan,nan,nan,nan,nan,nan,nan,nan,nan,nan,nan,nan,nan,nan,nan,nan,nan,nan,nan,nan,nan,nan,nan,nan,nan,nan,nan,nan,nan,nan,nan,nan,nan,nan,nan,nan,5.000000,0.000000,0.000000,0.000000,0.000000,0.000000,0.000000,0.000000,0.000000,-0.000000,4.494205,0.000000,0.000000,0.905384,1.000000,1.000000,0.601376,1.000000,18.000000,0.000000,0.000000,0.000000,0.000000,3.000000,1.000000,0.000000,2.000000,45.010784,-1.637684,nan
40.220,COMPLETED,0.200000,0.000000,0.000000,0.200000,0.000000,0.000000,0.000000,25.944518,-85.196467,29.636223,4.369205,0.000000,0.000000,0.000000,0.000000,0.000000,25.944518,-85.196467,29.836223,4.369205,0.000000,0.000000,0.000000,0.000000,0.000000,26.004518,-85.196467,29.636223,0.000000,0.000000,0.000000,0.000000,0.000000,0.000000,0.000000,0.000000,0.200000,0.200000,0.000000,0.000000,0.000000,0.000000,nan,nan,nan,0,nan,nan,nan,0,nan,nan,nan,nan,nan,nan,nan,nan,nan,nan,nan,nan,nan,nan,nan,nan,nan,nan,nan,nan,nan,nan,nan,nan,nan,nan,nan,nan,nan,nan,nan,nan,nan,nan,nan,nan,nan,nan,nan,nan,nan,nan,nan,nan,nan,nan,nan,nan,nan,nan,5.000000,0.000000,0.000000,0.000000,0.000000,0.000000,0.000000,0.000000,0.000000,-0.000000,4.369205,0.000000,0.000000,0.905384,1.000000,1.000000,0.601376,1.000000,18.000000,0.000000,0.000000,0.000000,0.000000,3.000000,1.000000,0.000000,2.000000,45.019763,-1.674530,nan
40.280,COMPLETED,0.200000,0.000000,0.000000,0.200000,0.000000,0.000000,0.000000,26.156728,-85.196467,29.636223,4.244205,0.000000,0.000000,0.000000,0.000000,0.000000,26.156728,-85.196467,29.836223,4.244205,0.000000,0.000000,0.000000,0.000000,0.000000,26.216728,-85.196467,29.636223,0.000000,0.000000,0.000000,0.000000,0.000000,0.000000,0.000000,0.000000,0.200000,0.200000,0.000000,0.000000,0.000000,0.000000,nan,nan,nan,0,nan,nan,nan,0,nan,nan,nan,nan,nan,nan,nan,nan,nan,nan,nan,nan,nan,nan,nan,nan,nan,nan,nan,nan,nan,nan,nan,nan,nan,nan,nan,nan,nan,nan,nan,nan,nan,nan,nan,nan,nan,nan,nan,nan,nan,nan,nan,nan,nan,nan,nan,nan,nan,nan,5.000000,0.000000,0.000000,0.000000,0.000000,0.000000,0.000000,0.000000,0.000000,-0.000000,4.244205,0.000000,0.000000,0.905384,1.000000,1.000000,0.601376,1.000000,18.000000,0.000000,0.000000,0.000000,0.000000,3.000000,1.000000,0.000000,2.000000,45.028636,-1.712762,nan
