t,phase,relative_distance,rel_x,rel_y,rel_z,rel_vx,rel_vy,rel_vz,carrier_x,carrier_y,carrier_z,carrier_vx,carrier_vy,carrier_vz,carrier_roll_deg,carrier_pitch_deg,carrier_yaw_deg,mini_x,mini_y,mini_z,mini_vx,mini_vy,mini_vz,mini_roll_deg,mini_pitch_deg,mini_yaw_deg,carrier_sp_x,carrier_sp_y,carrier_sp_z,carrier_cmd_vx,carrier_cmd_vy,carrier_cmd_vz,mini_target_x,mini_target_y,mini_target_z,measured_rel_x,measured_rel_y,measured_rel_z,measured_rel_distance,measured_rel_vx,measured_rel_vy,measured_rel_vz,measured_rel_speed,mini_px4_true_airspeed_mps,mini_px4_throttle_filtered,mini_px4_global_alt_m,mini_px4_global_alt_valid,mini_px4_local_z_m,mini_px4_local_vz_mps,mini_px4_local_ref_alt_m,mini_px4_local_z_global_valid,mini_px4_local_alt_from_ref_m,mini_px4_alt_source_delta_m,mini_tecs_altitude_sp_m,mini_tecs_altitude_reference_m,mini_tecs_height_rate_reference_mps,mini_tecs_height_rate_sp_mps,mini_tecs_height_rate_mps,mini_tecs_true_airspeed_sp_mps,mini_tecs_true_airspeed_filtered_mps,mini_tecs_throttle_sp,mini_tecs_throttle_trim,mini_tecs_pitch_sp_deg,mini_tecs_underspeed_ratio,mini_tecs_fast_descend_ratio,mini_tecs_total_energy_rate_sp,mini_tecs_total_energy_rate,mini_fw_altitude_sp_m,mini_fw_height_rate_sp_mps,mini_fw_equivalent_airspeed_sp_mps,mini_fw_pitch_direct_deg,mini_fw_throttle_direct,mini_attitude_sp_thrust_x,mini_terminal_straight_active,mini_terminal_sync_active,mini_terminal_sync_score,mini_terminal_sync_best_score,mini_terminal_sync_release_ready,mini_terminal_sync_good_count,mini_terminal_sync_plateau_count,mini_terminal_sync_cluster_code,mini_terminal_sync_distance_xy,mini_terminal_sync_line_progress,mini_terminal_sync_line_lateral_error,mini_terminal_sync_height_error,mini_terminal_sync_distance_score,mini_terminal_sync_progress_score,mini_terminal_sync_lateral_score,mini_terminal_sync_height_score,mini_handoff_tangent_active,mini_handoff_distance_xy,mini_handoff_line_progress,mini_handoff_line_lateral_error,mini_handoff_height_error,mini_handoff_geom_ready,mini_energy_guard_active,mini_energy_guard_bad_airspeed,mini_energy_guard_bad_underspeed,mini_energy_guard_true_airspeed_mps,mini_energy_guard_underspeed_ratio,mini_energy_guard_recover_time_remaining_sec,controller_phase_code,controller_tracking_horizontal_distance,controller_tracking_along_error,controller_tracking_lateral_error,controller_tracking_along_speed,controller_tracking_lateral_speed,controller_terminal_distance,controller_terminal_along_error,controller_terminal_lateral_error,controller_terminal_vertical_error,controller_target_along_speed,controller_target_lateral_speed,controller_relative_speed,controller_min_docking_distance,controller_rendezvous_corridor_active,controller_passive_target_mode,controller_corridor_release_score,controller_corridor_release_armed,controller_corridor_release_accept_counter,controller_completion_hold_counter,controller_tracking_rearm_guard_enabled,controller_tracking_rearm_guard_used,controller_tracking_rearm_last_trigger_code,controller_passive_docking_entry_count,controller_passive_docking_last_exit_trigger_code,controller_debug_25,controller_debug_26,controller_debug_27,controller_debug_28,controller_debug_29
0.040,IDLE,290.492144,233.014988,173.413492,4.178750,-1.888036,8.400000,0.450000,-145.563492,-161.563492,0.575000,0.000000,0.000000,0.875000,0.000000,0.000000,0.000000,87.354402,12.275000,4.770000,-1.941882,8.500000,1.200000,0.000000,0.000000,102.868753,-145.563492,-161.563492,30.000000,0.000000,0.000000,0.000000,0.000000,0.000000,0.000000,232.917894,173.838492,4.195000,290.668479,-1.941882,8.500000,0.325000,8.725052,nan,nan,nan,0,nan,nan,nan,0,nan,nan,nan,nan,nan,nan,nan,nan,nan,nan,nan,nan,nan,nan,nan,nan,nan,nan,nan,nan,nan,nan,nan,nan,nan,nan,nan,nan,nan,nan,nan,nan,nan,nan,nan,nan,nan,nan,nan,nan,nan,nan,nan,nan,nan,nan,nan,nan,nan,nan,nan,nan,nan,nan,nan,nan,nan,nan,nan,nan,nan,nan,nan,nan,nan,nan,nan,nan,nan,nan,nan,nan,nan,nan,nan,nan,nan,nan,nan,nan
0.100,IDLE,290.846066,232.818051,174.268492,4.205000,-1.996847,8.600000,0.200000,-145.563492,-161.563492,0.625000,0.000000,0.000000,1.000000,0.000000,0.000000,0.000000,87.254560,12.705000,4.830000,-1.996847,8.600000,1.200000,0.000000,0.000000,103.071964,-145.563492,-161.563492,30.000000,0.000000,0.000000,0.000000,0.000000,0.000000,0.000000,232.818051,174.268492,4.205000,290.846066,-1.996847,8.600000,0.200000,8.831047,nan,nan,nan,0,nan,nan,nan,0,nan,nan,nan,nan,nan,nan,nan,nan,nan,nan,nan,nan,nan,nan,nan,nan,nan,nan,nan,nan,nan,nan,nan,nan,nan,nan,nan,nan,nan,nan,nan,nan,nan,nan,nan,nan,nan,nan,nan,nan,nan,nan,nan,nan,nan,nan,nan,nan,nan,nan,nan,nan,nan,nan,nan,nan,nan,nan,nan,nan,nan,nan,nan,nan,nan,nan,nan,nan,nan,nan,nan,nan,nan,nan,nan,nan,nan,nan,nan,nan
0.140,IDLE,290.846066,232.818051,174.268492,4.205000,-1.996847,8.600000,0.200000,-145.563492,-161.563492,0.681250,0.000000,0.000000,1.125000,0.000000,0.000000,0.000000,87.151912,13.140000,4.890000,-2.052949,8.700000,1.200000,0.000000,0.000000,103.277272,-145.563492,-161.563492,30.000000,0.000000,0.000000,0.000000,0.000000,0.000000,0.000000,232.715404,174.703492,4.208750,291.024884,-2.052949,8.700000,0.075000,8.939252,nan,nan,nan,0,nan,nan,nan,0,nan,nan,nan,nan,nan,nan,nan,nan,nan,nan,nan,nan,nan,nan,nan,nan,nan,nan,nan,nan,nan,nan,nan,nan,nan,nan,nan,nan,nan,nan,nan,nan,nan,nan,nan,nan,nan,nan,nan,nan,nan,nan,nan,nan,nan,nan,nan,nan,nan,nan,nan,nan,nan,nan,nan,nan,nan,nan,nan,nan,nan,nan,nan,nan,nan,nan,nan,nan,nan,nan,nan,nan,nan,nan,nan,nan,nan,nan,nan,nan
0.200,IDLE,291.204907,232.609894,175.143492,4.206250,-2.110204,8.800000,-0.050000,-145.563492,-161.563492,0.743750,0.000000,0.000000,1.250000,0.000000,0.000000,0.000000,87.046402,13.580000,4.950000,-2.110204,8.800000,1.200000,0.000000,0.000000,103.484679,-145.563492,-161.563492,30.000000,0.000000,0.000000,0.000000,0.000000,0.000000,0.000000,232.609894,175.143492,4.206250,291.204907,-2.110204,8.800000,-0.050000,9.049611,nan,nan,nan,0,nan,nan,nan,0,nan,nan,nan,nan,nan,nan,nan,nan,nan,nan,nan,nan,nan,nan,nan,nan,nan,nan,nan,nan,nan,nan,nan,nan,nan,nan,nan,nan,nan,nan,nan,nan,nan,nan,nan,nan,nan,nan,nan,nan,nan,nan,nan,nan,nan,nan,nan,nan,nan,nan,nan,nan,nan,nan,nan,nan,nan,nan,nan,nan,nan,nan,nan,nan,nan,nan,nan,nan,nan,nan,nan,nan,nan,nan,nan,nan,nan,nan,nan,nan
0.240,IDLE,291.204907,232.609894,175.143492,4.206250,-2.110204,8.800000,-0.050000,-145.563492,-161.563492,0.812500,0.000000,0.000000,1.375000,0.000000,0.000000,0.000000,86.937970,14.025000,5.010000,-2.168629,8.900000,1.200000,0.000000,0.000000,103.694186,-145.563492,-161.563492,30.000000,0.000000,0.000000,0.000000,0.000000,0.000000,0.000000,232.501462,175.588492,4.197500,291.386114,-2.168629,8.900000,-0.175000,9.162073,nan,nan,nan,0,nan,nan,nan,0,nan,nan,nan,nan,nan,nan,nan,nan,nan,nan,nan,nan,nan,nan,nan,nan,nan,nan,nan,nan,nan,nan,nan,nan,nan,nan,nan,nan,nan,nan,nan,nan,nan,nan,nan,nan,nan,nan,nan,nan,nan,nan,nan,nan,nan,nan,nan,nan,nan,nan,nan,nan,nan,nan,nan,nan,nan,nan,nan,nan,nan,nan,nan,nan,nan,nan,nan,nan,nan,nan,nan,nan,nan,nan,nan,nan,nan,nan,nan,nan
0.300,IDLE,291.568481,232.390050,176.038492,4.182500,-2.228240,9.000000,-0.300000,-145.563492,-161.563492,0.887500,0.000000,0.000000,1.500000,0.000000,0.000000,0.000000,86.826558,14.475000,5.070000,-2.228240,9.000000,1.200000,0.000000,0.000000,103.905792,-145.563492,-161.563492,30.000000,0.000000,0.000000,0.000000,0.000000,0.000000,0.000000,232.390050,176.038492,4.182500,291.568481,-2.228240,9.000000,-0.300000,9.276586,nan,nan,nan,0,nan,nan,nan,0,nan,nan,nan,nan,nan,nan,nan,nan,nan,nan,nan,nan,nan,nan,nan,nan,nan,nan,nan,nan,nan,nan,nan,nan,nan,nan,nan,nan,nan,nan,nan,nan,nan,nan,nan,nan,nan,nan,nan,nan,nan,nan,nan,nan,nan,nan,nan,nan,nan,nan,nan,nan,nan,nan,nan,nan,nan,nan,nan,nan,nan,nan,nan,nan,nan,nan,nan,nan,nan,nan,nan,nan,nan,nan,nan,nan,nan,nan,nan,nan
0.340,IDLE,291.568481,232.390050,176.038492,4.182500,-2.228240,9.000000,-0.300000,-145.563492,-161.563492,0.968750,0.000000,0.000000,1.625000,0.000000,0.000000,0.000000,86.712106,14.930000,5.130000,-2.289054,9.100000,1.200000,0.000000,0.000000,104.119493,-145.563492,-161.563492,30.000000,0.000000,0.000000,0.000000,0.000000,0.000000,0.000000,232.275598,176.493492,4.161250,291.751987,-2.289054,9.100000,-0.425000,9.393103,nan,nan,nan,0,nan,nan,nan,0,nan,nan,nan,nan,nan,nan,nan,nan,nan,nan,nan,nan,nan,nan,nan,nan,nan,nan,nan,nan,nan,nan,nan,nan,nan,nan,nan,nan,nan,nan,nan,nan,nan,nan,nan,nan,nan,nan,nan,nan,nan,nan,nan,nan,nan,nan,nan,nan,nan,nan,nan,nan,nan,nan,nan,nan,nan,nan,nan,nan,nan,nan,nan,nan,nan,nan,nan,nan,nan,nan,nan,nan,nan,nan,nan,nan,nan,nan,nan,nan
0.400,IDLE,291.936608,232.158043,176.953492,4.133750,-2.351086,9.200000,-0.550000,-145.563492,-161.563492,1.056250,0.000000,0.000000,1.750000,0.000000,0.000000,0.000000,86.594551,15.390000,5.190000,-2.351086,9.200000,1.200000,0.000000,0.000000,104.335286,-145.563492,-161.563492,30.000000,0.000000,0.000000,0.000000,0.000000,0.000000,0.000000,232.158043,176.953492,4.133750,291.936608,-2.351086,9.200000,-0.550000,9.511577,nan,nan,nan,0,nan,nan,nan,0,nan,nan,nan,nan,nan,nan,nan,nan,nan,nan,nan,nan,nan,nan,nan,nan,nan,nan,nan,nan,nan,nan,nan,nan,nan,nan,nan,nan,nan,nan,nan,nan,nan,nan,nan,nan,nan,nan,nan,nan,nan,nan,nan,nan,nan,nan,nan,nan,nan,nan,nan,nan,nan,nan,nan,nan,nan,nan,nan,nan,nan,nan,nan,nan,nan,nan,nan,nan,nan,nan,nan,nan,nan,nan,nan,nan,nan,nan,nan,nan
0.440,IDLE,291.936608,232.158043,176.953492,4.133750,-2.351086,9.200000,-0.550000,-145.563492,-161.563492,1.150000,0.000000,0.000000,1.875000,0.000000,0.000000,0.000000,86.473834,15.855000,5.250000,-2.414352,9.300000,1.200000,0.000000,0.000000,104.553164,-145.563492,-161.563492,30.000000,0.000000,0.000000,0.000000,0.000000,0.000000,0.000000,232.037326,177.418492,4.100000,292.122323,-2.414352,9.300000,-0.675000,9.631964,nan,nan,nan,0,nan,nan,nan,0,nan,nan,nan,nan,nan,nan,nan,nan,nan,nan,nan,nan,nan,nan,nan,nan,nan,nan,nan,nan,nan,nan,nan,nan,nan,nan,nan,nan,nan,nan,nan,nan,nan,nan,nan,nan,nan,nan,nan,nan,nan,nan,nan,nan,nan,nan,nan,nan,nan,nan,nan,nan,nan,nan,nan,nan,nan,nan,nan,nan,nan,nan,nan,nan,nan,nan,nan,nan,nan,nan,nan,nan,nan,nan,nan,nan,nan,nan,nan,nan
0.500,IDLE,292.309110,231.913382,177.888492,4.060000,-2.478870,9.400000,-0.800000,-145.563492,-161.563492,1.250000,0.000000,0.000000,2.000000,0.000000,0.000000,0.000000,86.349890,16.325000,5.310000,-2.478870,9.400000,1.200000,0.000000,0.000000,104.773118,-145.563492,-161.563492,30.000000,0.000000,0.000000,0.000000,0.000000,0.000000,0.000000,231.913382,177.888492,4.060000,292.309110,-2.478870,9.400000,-0.800000,9.754219,nan,nan,nan,0,nan,nan,nan,0,nan,nan,nan,nan,nan,nan,nan,nan,nan,nan,nan,nan,nan,nan,nan,nan,nan,nan,nan,nan,nan,nan,nan,nan,nan,nan,nan,nan,nan,nan,nan,nan,nan,nan,nan,nan,nan,nan,nan,nan,nan,nan,nan,nan,nan,nan,nan,nan,nan,nan,nan,nan,nan,nan,nan,nan,nan,nan,nan,nan,nan,nan,nan,nan,nan,nan,nan,nan,nan,nan,nan,nan,nan,nan,nan,nan,nan,nan,nan,nan
0.540,IDLE,292.309110,231.913382,177.888492,4.060000,-2.478870,9.400000,-0.800000,-145.563492,-161.563492,1.356250,0.000000,0.000000,2.125000,0.000000,0.000000,0.000000,86.222658,16.800000,5.370000,-2.544654,9.500000,1.200000,0.000000,0.000000,104.995139,-145.563492,-161.563492,30.000000,0.000000,0.000000,0.000000,0.000000,0.000000,0.000000,231.786149,178.363492,4.013750,292.496948,-2.544654,9.500000,-0.925000,9.878304,nan,nan,nan,0,nan,nan,nan,0,nan,nan,nan,nan,nan,nan,nan,nan,nan,nan,nan,nan,nan,nan,nan,nan,nan,nan,nan,nan,nan,nan,nan,nan,nan,nan,nan,nan,nan,nan,nan,nan,nan,nan,nan,nan,nan,nan,nan,nan,nan,nan,nan,nan,nan,nan,nan,nan,nan,nan,nan,nan,nan,nan,nan,nan,nan,nan,nan,nan,nan,nan,nan,nan,nan,nan,nan,nan,nan,nan,nan,nan,nan,nan,nan,nan,nan,nan,nan,nan
0.600,IDLE,292.685849,231.655564,178.843492,3.963750,-2.611720,9.600000,-1.000000,-145.563492,-161.563492,1.466250,0.000000,0.000000,2.200000,0.000000,0.000000,0.000000,86.092072,17.280000,5.430000,-2.611720,9.600000,1.200000,0.000000,0.000000,105.219215,-145.563492,-161.563492,30.000000,0.000000,0.000000,0.000000,0.000000,0.000000,0.000000,231.655564,178.843492,3.963750,292.685849,-2.611720,9.600000,-1.000000,9.999054,nan,nan,nan,0,nan,nan,nan,0,nan,nan,nan,nan,nan,nan,nan,nan,nan,nan,nan,nan,nan,nan,nan,nan,nan,nan,nan,nan,nan,nan,nan,nan,nan,nan,nan,nan,nan,nan,nan,nan,nan,nan,nan,nan,nan,nan,nan,nan,nan,nan,nan,nan,nan,nan,nan,nan,nan,nan,nan,nan,nan,nan,nan,nan,nan,nan,nan,nan,nan,nan,nan,nan,nan,nan,nan,nan,nan,nan,nan,nan,nan,nan,nan,nan,nan,nan,nan,nan
0.640,IDLE,292.685849,231.655564,178.843492,3.963750,-2.611720,9.600000,-1.000000,-145.563492,-161.563492,1.576250,0.000000,0.000000,2.200000,0.000000,0.000000,0.000000,85.958067,17.761708,5.490000,-2.680084,9.634166,1.200000,0.000000,0.000000,105.545787,-145.563492,-161.563492,30.000000,0.000000,0.000000,0.000000,0.000000,0.000000,0.000000,231.521559,179.325200,3.913750,292.873825,-2.680084,9.634166,-1.000000,10.049876,nan,nan,nan,0,nan,nan,nan,0,nan,nan,nan,nan,nan,nan,nan,nan,nan,nan,nan,nan,nan,nan,nan,nan,nan,nan,nan,nan,nan,nan,nan,nan,nan,nan,nan,nan,nan,nan,nan,nan,nan,nan,nan,nan,nan,nan,nan,nan,nan,nan,nan,nan,nan,nan,nan,nan,nan,nan,nan,nan,nan,nan,nan,nan,nan,nan,nan,nan,nan,nan,nan,nan,nan,nan,nan,nan,nan,nan,nan,nan,nan,nan,nan,nan,nan,nan,nan,nan
0.700,IDLE,293.059234,231.384119,179.805939,3.863750,-2.748814,9.614781,-1.000000,-145.563492,-161.563492,1.686250,0.000000,0.000000,2.200000,0.000000,0.000000,0.000000,85.820627,18.242447,5.550000,-2.748814,9.614781,1.200000,0.000000,0.000000,105.954947,-145.563492,-161.563492,30.000000,0.000000,0.000000,0.000000,0.000000,0.000000,0.000000,231.384119,179.805939,3.863750,293.059234,-2.748814,9.614781,-1.000000,10.049876,nan,nan,nan,0,nan,nan,nan,0,nan,nan,nan,nan,nan,nan,nan,nan,nan,nan,nan,nan,nan,nan,nan,nan,nan,nan,nan,nan,nan,nan,nan,nan,nan,nan,nan,nan,nan,nan,nan,nan,nan,nan,nan,nan,nan,nan,nan,nan,nan,nan,nan,nan,nan,nan,nan,nan,nan,nan,nan,nan,nan,nan,nan,nan,nan,nan,nan,nan,nan,nan,nan,nan,nan,nan,nan,nan,nan,nan,nan,nan,nan,nan,nan,nan,nan,nan,nan,nan
0.740,IDLE,293.059234,231.384119,179.805939,3.863750,-2.748814,9.614781,-1.000000,-145.563492,-161.563492,1.796250,0.000000,0.000000,2.200000,0.000000,0.000000,0.000000,85.679769,18.722196,5.610000,-2.817148,9.594982,1.200000,0.000000,0.000000,106.362575,-145.563492,-161.563492,30.000000,0.000000,0.000000,0.000000,0.000000,0.000000,0.000000,231.243261,180.285688,3.813750,293.242084,-2.817148,9.594982,-1.000000,10.049876,nan,nan,nan,0,nan,nan,nan,0,nan,nan,nan,nan,nan,nan,nan,nan,nan,nan,nan,nan,nan,nan,nan,nan,nan,nan,nan,nan,nan,nan,nan,nan,nan,nan,nan,nan,nan,nan,nan,nan,nan,nan,nan,nan,nan,nan,nan,nan,nan,nan,nan,nan,nan,nan,nan,nan,nan,nan,nan,nan,nan,nan,nan,nan,nan,nan,nan,nan,nan,nan,nan,nan,nan,nan,nan,nan,nan,nan,nan,nan,nan,nan,nan,nan,nan,nan,nan,nan
0.800,IDLE,293.422383,231.099007,180.764427,3.763750,-2.885091,9.574772,-1.000000,-145.563492,-161.563492,1.906250,0.000000,0.000000,2.200000,0.000000,0.000000,0.000000,85.535515,19.200935,5.670000,-2.885091,9.574772,1.200000,0.000000,0.000000,106.768717,-145.563492,-161.563492,30.000000,0.000000,0.000000,0.000000,0.000000,0.000000,0.000000,231.099007,180.764427,3.763750,293.422383,-2.885091,9.574772,-1.000000,10.049876,nan,nan,nan,0,nan,nan,nan,0,nan,nan,nan,nan,nan,nan,nan,nan,nan,nan,nan,nan,nan,nan,nan,nan,nan,nan,nan,nan,nan,nan,nan,nan,nan,nan,nan,nan,nan,nan,nan,nan,nan,nan,nan,nan,nan,nan,nan,nan,nan,nan,nan,nan,nan,nan,nan,nan,nan,nan,nan,nan,nan,nan,nan,nan,nan,nan,nan,nan,nan,nan,nan,nan,nan,nan,nan,nan,nan,nan,nan,nan,nan,nan,nan,nan,nan,nan,nan,nan
0.840,IDLE,293.422383,231.099007,180.764427,3.763750,-2.885091,9.574772,-1.000000,-145.563492,-161.563492,2.016250,0.000000,0.000000,2.200000,0.000000,0.000000,0.000000,85.387882,19.678643,5.730000,-2.952648,9.554155,1.200000,0.000000,0.000000,107.173416,-145.563492,-161.563492,30.000000,0.000000,0.000000,0.000000,0.000000,0.000000,0.000000,230.951374,181.242135,3.713750,293.600137,-2.952648,9.554155,-1.000000,10.049876,nan,nan,nan,0,nan,nan,nan,0,nan,nan,nan,nan,nan,nan,nan,nan,nan,nan,nan,nan,nan,nan,nan,nan,nan,nan,nan,nan,nan,nan,nan,nan,nan,nan,nan,nan,nan,nan,nan,nan,nan,nan,nan,nan,nan,nan,nan,nan,nan,nan,nan,nan,nan,nan,nan,nan,nan,nan,nan,nan,nan,nan,nan,nan,nan,nan,nan,nan,nan,nan,nan,nan,nan,nan,nan,nan,nan,nan,nan,nan,nan,nan,nan,nan,nan,nan,nan,nan
0.900,IDLE,293.775355,230.800383,181.718791,3.663750,-3.019825,9.533135,-1.000000,-145.563492,-161.563492,2.126250,0.000000,0.000000,2.200000,0.000000,0.000000,0.000000,85.236891,20.155300,5.790000,-3.019825,9.533135,1.200000,0.000000,0.000000,107.576715,-145.563492,-161.563492,30.000000,0.000000,0.000000,0.000000,0.000000,0.000000,0.000000,230.800383,181.718791,3.663750,293.775355,-3.019825,9.533135,-1.000000,10.049876,nan,nan,nan,0,nan,nan,nan,0,nan,nan,nan,nan,nan,nan,nan,nan,nan,nan,nan,nan,nan,nan,nan,nan,nan,nan,nan,nan,nan,nan,nan,nan,nan,nan,nan,nan,nan,nan,nan,nan,nan,nan,nan,nan,nan,nan,nan,nan,nan,nan,nan,nan,nan,nan,nan,nan,nan,nan,nan,nan,nan,nan,nan,nan,nan,nan,nan,nan,nan,nan,nan,nan,nan,nan,nan,nan,nan,nan,nan,nan,nan,nan,nan,nan,nan,nan,nan,nan
0.940,IDLE,293.775355,230.800383,181.718791,3.663750,-3.019825,9.533135,-1.000000,-145.563492,-161.563492,2.236250,0.000000,0.000000,2.200000,0.000000,0.000000,0.000000,85.082560,20.630885,5.850000,-3.086627,9.511716,1.200000,0.000000,0.000000,107.978656,-145.563492,-161.563492,30.000000,0.000000,0.000000,0.000000,0.000000,0.000000,0.000000,230.646052,182.194377,3.613750,293.948042,-3.086627,9.511716,-1.000000,10.049876,nan,nan,nan,0,nan,nan,nan,0,nan,nan,nan,nan,nan,nan,nan,nan,nan,nan,nan,nan,nan,nan,nan,nan,nan,nan,nan,nan,nan,nan,nan,nan,nan,nan,nan,nan,nan,nan,nan,nan,nan,nan,nan,nan,nan,nan,nan,nan,nan,nan,nan,nan,nan,nan,nan,nan,nan,nan,nan,nan,nan,nan,nan,nan,nan,nan,nan,nan,nan,nan,nan,nan,nan,nan,nan,nan,nan,nan,nan,nan,nan,nan,nan,nan,nan,nan,nan,nan
1.000,IDLE,294.118206,230.488399,182.668872,3.563750,-3.153058,9.489901,-1.000000,-145.563492,-161.563492,2.346250,0.000000,0.000000,2.200000,0.000000,0.000000,0.000000,84.924907,21.105380,5.910000,-3.153058,9.489901,1.200000,0.000000,0.000000,108.379279,-145.563492,-161.563492,30.000000,0.000000,0.000000,0.000000,0.000000,0.000000,0.000000,230.488399,182.668872,3.563750,294.118206,-3.153058,9.489901,-1.000000,10.049876,nan,nan,nan,0,nan,nan,nan,0,nan,nan,nan,nan,nan,nan,nan,nan,nan,nan,nan,nan,nan,nan,nan,nan,nan,nan,nan,nan,nan,nan,nan,nan,nan,nan,nan,nan,nan,nan,nan,nan,nan,nan,nan,nan,nan,nan,nan,nan,nan,nan,nan,nan,nan,nan,nan,nan,nan,nan,nan,nan,nan,nan,nan,nan,nan,nan,nan,nan,nan,nan,nan,nan,nan,nan,nan,nan,nan,nan,nan,nan,nan,nan,nan,nan,nan,nan,nan,nan
1.040,IDLE,294.118206,230.488399,182.668872,3.563750,-3.153058,9.489901,-1.000000,-145.563492,-161.563492,2.456250,0.000000,0.000000,2.200000,0.000000,0.000000,0.000000,84.763951,21.578765,5.970000,-3.219125,9.467694,1.200000,0.000000,0.000000,108.778623,-145.563492,-161.563492,30.000000,0.000000,0.000000,0.000000,0.000000,0.000000,0.000000,230.327443,183.142257,3.513750,294.285853,-3.219125,9.467694,-1.000000,10.049876,nan,nan,nan,0,nan,nan,nan,0,nan,nan,nan,nan,nan,nan,nan,nan,nan,nan,nan,nan,nan,nan,nan,nan,nan,nan,nan,nan,nan,nan,nan,nan,nan,nan,nan,nan,nan,nan,nan,nan,nan,nan,nan,nan,nan,nan,nan,nan,nan,nan,nan,nan,nan,nan,nan,nan,nan,nan,nan,nan,nan,nan,nan,nan,nan,nan,nan,nan,nan,nan,nan,nan,nan,nan,nan,nan,nan,nan,nan,nan,nan,nan,nan,nan,nan,nan,nan,nan
1.100,IDLE,294.450990,230.163201,183.614512,3.463750,-3.284830,9.445099,-1.000000,-145.563492,-161.563492,2.566250,0.000000,0.000000,2.200000,0.000000,0.000000,0.000000,84.599709,22.051020,6.030000,-3.284830,9.445099,1.200000,0.000000,0.000000,109.176727,-145.563492,-161.563492,30.000000,0.000000,0.000000,0.000000,0.000000,0.000000,0.000000,230.163201,183.614512,3.463750,294.450990,-3.284830,9.445099,-1.000000,10.049876,nan,nan,nan,0,nan,nan,nan,0,nan,nan,nan,nan,nan,nan,nan,nan,nan,nan,nan,nan,nan,nan,nan,nan,nan,nan,nan,nan,nan,nan,nan,nan,nan,nan,nan,nan,nan,nan,nan,nan,nan,nan,nan,nan,nan,nan,nan,nan,nan,nan,nan,nan,nan,nan,nan,nan,nan,nan,nan,nan,nan,nan,nan,nan,nan,nan,nan,nan,nan,nan,nan,nan,nan,nan,nan,nan,nan,nan,nan,nan,nan,nan,nan,nan,nan,nan,nan,nan
1.140,IDLE,294.450990,230.163201,183.614512,3.463750,-3.284830,9.445099,-1.000000,-145.563492,-161.563492,2.676250,0.000000,0.000000,2.200000,0.000000,0.000000,0.000000,84.432200,22.522126,6.090000,-3.350179,9.422118,1.200000,0.000000,0.000000,109.573626,-145.563492,-161.563492,30.000000,0.000000,0.000000,0.000000,0.000000,0.000000,0.000000,229.995692,184.085618,3.413750,294.613623,-3.350179,9.422118,-1.000000,10.049876,nan,nan,nan,0,nan,nan,nan,0,nan,nan,nan,nan,nan,nan,nan,nan,nan,nan,nan,nan,nan,nan,nan,nan,nan,nan,nan,nan,nan,nan,nan,nan,nan,nan,nan,nan,nan,nan,nan,nan,nan,nan,nan,nan,nan,nan,nan,nan,nan,nan,nan,nan,nan,nan,nan,nan,nan,nan,nan,nan,nan,nan,nan,nan,nan,nan,nan,nan,nan,nan,nan,nan,nan,nan,nan,nan,nan,nan,nan,nan,nan,nan,nan,nan,nan,nan,nan,nan
1.200,IDLE,294.773757,229.824933,184.555555,3.363750,-3.415176,9.398754,-1.000000,-145.563492,-161.563492,2.786250,0.000000,0.000000,2.200000,0.000000,0.000000,0.000000,84.261441,22.992064,6.150000,-3.415176,9.398754,1.200000,0.000000,0.000000,109.969358,-145.563492,-161.563492,30.000000,0.000000,0.000000,0.000000,0.000000,0.000000,0.000000,229.824933,184.555555,3.363750,294.773757,-3.415176,9.398754,-1.000000,10.049876,nan,nan,nan,0,nan,nan,nan,0,nan,nan,nan,nan,nan,nan,nan,nan,nan,nan,nan,nan,nan,nan,nan,nan,nan,nan,nan,nan,nan,nan,nan,nan,nan,nan,nan,nan,nan,nan,nan,nan,nan,nan,nan,nan,nan,nan,nan,nan,nan,nan,nan,nan,nan,nan,nan,nan,nan,nan,nan,nan,nan,nan,nan,nan,nan,nan,nan,nan,nan,nan,nan,nan,nan,nan,nan,nan,nan,nan,nan,nan,nan,nan,nan,nan,nan,nan,nan,nan
1.240,IDLE,294.773757,229.824933,184.555555,3.363750,-3.415176,9.398754,-1.000000,-145.563492,-161.563492,2.896250,0.000000,0.000000,2.200000,0.000000,0.000000,0.000000,84.087450,23.460814,6.210000,-3.479824,9.375011,1.200000,0.000000,0.000000,110.363957,-145.563492,-161.563492,30.000000,0.000000,0.000000,0.000000,0.000000,0.000000,0.000000,229.650942,185.024306,3.313750,294.931399,-3.479824,9.375011,-1.000000,10.049876,nan,nan,nan,0,nan,nan,nan,0,nan,nan,nan,nan,nan,nan,nan,nan,nan,nan,nan,nan,nan,nan,nan,nan,nan,nan,nan,nan,nan,nan,nan,nan,nan,nan,nan,nan,nan,nan,nan,nan,nan,nan,nan,nan,nan,nan,nan,nan,nan,nan,nan,nan,nan,nan,nan,nan,nan,nan,nan,nan,nan,nan,nan,nan,nan,nan,nan,nan,nan,nan,nan,nan,nan,nan,nan,nan,nan,nan,nan,nan,nan,nan,nan,nan,nan,nan,nan,nan
1.300,IDLE,295.086554,229.473736,185.491851,3.263750,-3.544127,9.350891,-1.000000,-145.563492,-161.563492,3.006250,0.000000,0.000000,2.200000,0.000000,0.000000,0.000000,83.910244,23.928359,6.270000,-3.544127,9.350891,1.200000,0.000000,0.000000,110.757457,-145.563492,-161.563492,30.000000,0.000000,0.000000,0.000000,0.000000,0.000000,0.000000,229.473736,185.491851,3.263750,295.086554,-3.544127,9.350891,-1.000000,10.049876,nan,nan,nan,0,nan,nan,nan,0,nan,nan,nan,nan,nan,nan,nan,nan,nan,nan,nan,nan,nan,nan,nan,nan,nan,nan,nan,nan,nan,nan,nan,nan,nan,nan,nan,nan,nan,nan,nan,nan,nan,nan,nan,nan,nan,nan,nan,nan,nan,nan,nan,nan,nan,nan,nan,nan,nan,nan,nan,nan,nan,nan,nan,nan,nan,nan,nan,nan,nan,nan,nan,nan,nan,nan,nan,nan,nan,nan,nan,nan,nan,nan,nan,nan,nan,nan,nan,nan
1.340,IDLE,295.086554,229.473736,185.491851,3.263750,-3.544127,9.350891,-1.000000,-145.563492,-161.563492,3.116250,0.000000,0.000000,2.200000,0.000000,0.000000,0.000000,83.729839,24.394679,6.330000,-3.608090,9.326397,1.200000,0.000000,0.000000,111.149890,-145.563492,-161.563492,30.000000,0.000000,0.000000,0.000000,0.000000,0.000000,0.000000,229.293331,185.958170,3.213750,295.239227,-3.608090,9.326397,-1.000000,10.049876,nan,nan,nan,0,nan,nan,nan,0,nan,nan,nan,nan,nan,nan,nan,nan,nan,nan,nan,nan,nan,nan,nan,nan,nan,nan,nan,nan,nan,nan,nan,nan,nan,nan,nan,nan,nan,nan,nan,nan,nan,nan,nan,nan,nan,nan,nan,nan,nan,nan,nan,nan,nan,nan,nan,nan,nan,nan,nan,nan,nan,nan,nan,nan,nan,nan,nan,nan,nan,nan,nan,nan,nan,nan,nan,nan,nan,nan,nan,nan,nan,nan,nan,nan,nan,nan,nan,nan
1.400,IDLE,295.389424,229.109745,186.423247,3.163750,-3.671716,9.301532,-1.000000,-145.563492,-161.563492,3.226250,0.000000,0.000000,2.200000,0.000000,0.000000,0.000000,83.546254,24.859755,6.390000,-3.671716,9.301532,1.200000,0.000000,0.000000,111.541288,-145.563492,-161.563492,30.000000,0.000000,0.000000,0.000000,0.000000,0.000000,0.000000,229.109745,186.423247,3.163750,295.389424,-3.671716,9.301532,-1.000000,10.049876,nan,nan,nan,0,nan,nan,nan,0,nan,nan,nan,nan,nan,nan,nan,nan,nan,nan,nan,nan,nan,nan,nan,nan,nan,nan,nan,nan,nan,nan,nan,nan,nan,nan,nan,nan,nan,nan,nan,nan,nan,nan,nan,nan,nan,nan,nan,nan,nan,nan,nan,nan,nan,nan,nan,nan,nan,nan,nan,nan,nan,nan,nan,nan,nan,nan,nan,nan,nan,nan,nan,nan,nan,nan,nan,nan,nan,nan,nan,nan,nan,nan,nan,nan,nan,nan,nan,nan
1.440,IDLE,295.389424,229.109745,186.423247,3.163750,-3.671716,9.301532,-1.000000,-145.563492,-161.563492,3.336250,0.000000,0.000000,2.200000,0.000000,0.000000,0.000000,83.359503,25.323570,6.450000,-3.735008,9.276299,1.200000,0.000000,0.000000,111.931682,-145.563492,-161.563492,30.000000,0.000000,0.000000,0.000000,0.000000,0.000000,0.000000,228.922995,186.887062,3.113750,295.537150,-3.735008,9.276299,-1.000000,10.049876,nan,nan,nan,0,nan,nan,nan,0,nan,nan,nan,nan,nan,nan,nan,nan,nan,nan,nan,nan,nan,nan,nan,nan,nan,nan,nan,nan,nan,nan,nan,nan,nan,nan,nan,nan,nan,nan,nan,nan,nan,nan,nan,nan,nan,nan,nan,nan,nan,nan,nan,nan,nan,nan,nan,nan,nan,nan,nan,nan,nan,nan,nan,nan,nan,nan,nan,nan,nan,nan,nan,nan,nan,nan,nan,nan,nan,nan,nan,nan,nan,nan,nan,nan,nan,nan,nan,nan
1.500,IDLE,295.682410,228.733097,187.349597,3.063750,-3.797969,9.250699,-1.000000,-145.563492,-161.563492,3.446250,0.000000,0.000000,2.200000,0.000000,0.000000,0.000000,83.169605,25.786105,6.510000,-3.797969,9.250699,1.200000,0.000000,0.000000,112.321102,-145.563492,-161.563492,30.000000,0.000000,0.000000,0.000000,0.000000,0.000000,0.000000,228.733097,187.349597,3.063750,295.682410,-3.797969,9.250699,-1.000000,10.049876,nan,nan,nan,0,nan,nan,nan,0,nan,nan,nan,nan,nan,nan,nan,nan,nan,nan,nan,nan,nan,nan,nan,nan,nan,nan,nan,nan,nan,nan,nan,nan,nan,nan,nan,nan,nan,nan,nan,nan,nan,nan,nan,nan,nan,nan,nan,nan,nan,nan,nan,nan,nan,nan,nan,nan,nan,nan,nan,nan,nan,nan,nan,nan,nan,nan,nan,nan,nan,nan,nan,nan,nan,nan,nan,nan,nan,nan,nan,nan,nan,nan,nan,nan,nan,nan,nan,nan
1.540,IDLE,295.682410,228.733097,187.349597,3.063750,-3.797969,9.250699,-1.000000,-145.563492,-161.563492,3.556250,0.000000,0.000000,2.200000,0.000000,0.000000,0.000000,82.976575,26.247342,6.570000,-3.860602,9.224736,1.200000,0.000000,0.000000,112.709577,-145.563492,-161.563492,30.000000,0.000000,0.000000,0.000000,0.000000,0.000000,0.000000,228.540067,187.810834,3.013750,295.825208,-3.860602,9.224736,-1.000000,10.049876,nan,nan,nan,0,nan,nan,nan,0,nan,nan,nan,nan,nan,nan,nan,nan,nan,nan,nan,nan,nan,nan,nan,nan,nan,nan,nan,nan,nan,nan,nan,nan,nan,nan,nan,nan,nan,nan,nan,nan,nan,nan,nan,nan,nan,nan,nan,nan,nan,nan,nan,nan,nan,nan,nan,nan,nan,nan,nan,nan,nan,nan,nan,nan,nan,nan,nan,nan,nan,nan,nan,nan,nan,nan,nan,nan,nan,nan,nan,nan,nan,nan,nan,nan,nan,nan,nan,nan
1.600,IDLE,295.965550,228.343921,188.270754,2.963750,-3.922911,9.198411,-1.000000,-145.563492,-161.563492,3.666250,0.000000,0.000000,2.200000,0.000000,0.000000,0.000000,82.780429,26.707262,6.630000,-3.922911,9.198411,1.200000,0.000000,0.000000,113.097136,-145.563492,-161.563492,30.000000,0.000000,0.000000,0.000000,0.000000,0.000000,0.000000,228.343921,188.270754,2.963750,295.965550,-3.922911,9.198411,-1.000000,10.049876,nan,nan,nan,0,nan,nan,nan,0,nan,nan,nan,nan,nan,nan,nan,nan,nan,nan,nan,nan,nan,nan,nan,nan,nan,nan,nan,nan,nan,nan,nan,nan,nan,nan,nan,nan,nan,nan,nan,nan,nan,nan,nan,nan,nan,nan,nan,nan,nan,nan,nan,nan,nan,nan,nan,nan,nan,nan,nan,nan,nan,nan,nan,nan,nan,nan,nan,nan,nan,nan,nan,nan,nan,nan,nan,nan,nan,nan,nan,nan,nan,nan,nan,nan,nan,nan,nan,nan
1.640,IDLE,295.965550,228.343921,188.270754,2.963750,-3.922911,9.198411,-1.000000,-145.563492,-161.563492,3.776250,0.000000,0.000000,2.200000,0.000000,0.000000,0.000000,82.581184,27.165849,6.690000,-3.984898,9.171727,1.200000,0.000000,0.000000,113.483805,-145.563492,-161.563492,30.000000,0.000000,0.000000,0.000000,0.000000,0.000000,0.000000,228.144676,188.729341,2.913750,296.103440,-3.984898,9.171727,-1.000000,10.049876,nan,nan,nan,0,nan,nan,nan,0,nan,nan,nan,nan,nan,nan,nan,nan,nan,nan,nan,nan,nan,nan,nan,nan,nan,nan,nan,nan,nan,nan,nan,nan,nan,nan,nan,nan,nan,nan,nan,nan,nan,nan,nan,nan,nan,nan,nan,nan,nan,nan,nan,nan,nan,nan,nan,nan,nan,nan,nan,nan,nan,nan,nan,nan,nan,nan,nan,nan,nan,nan,nan,nan,nan,nan,nan,nan,nan,nan,nan,nan,nan,nan,nan,nan,nan,nan,nan,nan
1.700,IDLE,296.238882,227.942348,189.186575,2.863750,-4.046566,9.144687,-1.000000,-145.563492,-161.563492,3.886250,0.000000,0.000000,2.200000,0.000000,0.000000,0.000000,82.378856,27.623083,6.750000,-4.046566,9.144687,1.200000,0.000000,0.000000,113.869612,-145.563492,-161.563492,30.000000,0.000000,0.000000,0.000000,0.000000,0.000000,0.000000,227.942348,189.186575,2.863750,296.238882,-4.046566,9.144687,-1.000000,10.049876,nan,nan,nan,0,nan,nan,nan,0,nan,nan,nan,nan,nan,nan,nan,nan,nan,nan,nan,nan,nan,nan,nan,nan,nan,nan,nan,nan,nan,nan,nan,nan,nan,nan,nan,nan,nan,nan,nan,nan,nan,nan,nan,nan,nan,nan,nan,nan,nan,nan,nan,nan,nan,nan,nan,nan,nan,nan,nan,nan,nan,nan,nan,nan,nan,nan,nan,nan,nan,nan,nan,nan,nan,nan,nan,nan,nan,nan,nan,nan,nan,nan,nan,nan,nan,nan,nan,nan
1.740,IDLE,296.238882,227.942348,189.186575,2.863750,-4.046566,9.144687,-1.000000,-145.563492,-161.563492,3.996250,0.000000,0.000000,2.200000,0.000000,0.000000,0.000000,82.173460,28.078948,6.810000,-4.107917,9.117292,1.200000,0.000000,0.000000,114.254581,-145.563492,-161.563492,30.000000,0.000000,0.000000,0.000000,0.000000,0.000000,0.000000,227.736952,189.642440,2.813750,296.371880,-4.107917,9.117292,-1.000000,10.049876,nan,nan,nan,0,nan,nan,nan,0,nan,nan,nan,nan,nan,nan,nan,nan,nan,nan,nan,nan,nan,nan,nan,nan,nan,nan,nan,nan,nan,nan,nan,nan,nan,nan,nan,nan,nan,nan,nan,nan,nan,nan,nan,nan,nan,nan,nan,nan,nan,nan,nan,nan,nan,nan,nan,nan,nan,nan,nan,nan,nan,nan,nan,nan,nan,nan,nan,nan,nan,nan,nan,nan,nan,nan,nan,nan,nan,nan,nan,nan,nan,nan,nan,nan,nan,nan,nan,nan
1.800,IDLE,296.502439,227.528504,190.096917,2.763750,-4.168954,9.089545,-1.000000,-145.563492,-161.563492,4.106250,0.000000,0.000000,2.200000,0.000000,0.000000,0.000000,81.965012,28.533425,6.870000,-4.168954,9.089545,1.200000,0.000000,0.000000,114.638738,-145.563492,-161.563492,30.000000,0.000000,0.000000,0.000000,0.000000,0.000000,0.000000,227.528504,190.096917,2.763750,296.502439,-4.168954,9.089545,-1.000000,10.049876,nan,nan,nan,0,nan,nan,nan,0,nan,nan,nan,nan,nan,nan,nan,nan,nan,nan,nan,nan,nan,nan,nan,nan,nan,nan,nan,nan,nan,nan,nan,nan,nan,nan,nan,nan,nan,nan,nan,nan,nan,nan,nan,nan,nan,nan,nan,nan,nan,nan,nan,nan,nan,nan,nan,nan,nan,nan,nan,nan,nan,nan,nan,nan,nan,nan,nan,nan,nan,nan,nan,nan,nan,nan,nan,nan,nan,nan,nan,nan,nan,nan,nan,nan,nan,nan,nan,nan
1.840,IDLE,296.502439,227.528504,190.096917,2.763750,-4.168954,9.089545,-1.000000,-145.563492,-161.563492,4.216250,0.000000,0.000000,2.200000,0.000000,0.000000,0.000000,81.753528,28.986497,6.930000,-4.229679,9.061447,1.200000,0.000000,0.000000,115.022108,-145.563492,-161.563492,30.000000,0.000000,0.000000,0.000000,0.000000,0.000000,0.000000,227.317020,190.549989,2.713750,296.630562,-4.229679,9.061447,-1.000000,10.049876,nan,nan,nan,0,nan,nan,nan,0,nan,nan,nan,nan,nan,nan,nan,nan,nan,nan,nan,nan,nan,nan,nan,nan,nan,nan,nan,nan,nan,nan,nan,nan,nan,nan,nan,nan,nan,nan,nan,nan,nan,nan,nan,nan,nan,nan,nan,nan,nan,nan,nan,nan,nan,nan,nan,nan,nan,nan,nan,nan,nan,nan,nan,nan,nan,nan,nan,nan,nan,nan,nan,nan,nan,nan,nan,nan,nan,nan,nan,nan,nan,nan,nan,nan,nan,nan,nan,nan
1.900,IDLE,296.756254,227.102515,191.001639,2.663750,-4.290094,9.033000,-1.000000,-145.563492,-161.563492,4.326250,0.000000,0.000000,2.200000,0.000000,0.000000,0.000000,81.539024,29.438147,6.990000,-4.290094,9.033000,1.200000,0.000000,0.000000,115.404713,-145.563492,-161.563492,30.000000,0.000000,0.000000,0.000000,0.000000,0.000000,0.000000,227.102515,191.001639,2.663750,296.756254,-4.290094,9.033000,-1.000000,10.049876,nan,nan,nan,0,nan,nan,nan,0,nan,nan,nan,nan,nan,nan,nan,nan,nan,nan,nan,nan,nan,nan,nan,nan,nan,nan,nan,nan,nan,nan,nan,nan,nan,nan,nan,nan,nan,nan,nan,nan,nan,nan,nan,nan,nan,nan,nan,nan,nan,nan,nan,nan,nan,nan,nan,nan,nan,nan,nan,nan,nan,nan,nan,nan,nan,nan,nan,nan,nan,nan,nan,nan,nan,nan,nan,nan,nan,nan,nan,nan,nan,nan,nan,nan,nan,nan,nan,nan
1.940,IDLE,296.756254,227.102515,191.001639,2.663750,-4.290094,9.033000,-1.000000,-145.563492,-161.563492,4.436250,0.000000,0.000000,2.200000,0.000000,0.000000,0.000000,81.321513,29.888358,7.050000,-4.350202,9.004207,1.200000,0.000000,0.000000,115.786577,-145.563492,-161.563492,30.000000,0.000000,0.000000,0.000000,0.000000,0.000000,0.000000,226.885005,191.451849,2.613750,296.879518,-4.350202,9.004207,-1.000000,10.049876,nan,nan,nan,0,nan,nan,nan,0,nan,nan,nan,nan,nan,nan,nan,nan,nan,nan,nan,nan,nan,nan,nan,nan,nan,nan,nan,nan,nan,nan,nan,nan,nan,nan,nan,nan,nan,nan,nan,nan,nan,nan,nan,nan,nan,nan,nan,nan,nan,nan,nan,nan,nan,nan,nan,nan,nan,nan,nan,nan,nan,nan,nan,nan,nan,nan,nan,nan,nan,nan,nan,nan,nan,nan,nan,nan,nan,nan,nan,nan,nan,nan,nan,nan,nan,nan,nan,nan
2.000,IDLE,297.000357,226.664505,191.900603,2.563750,-4.410003,8.975070,-1.000000,-145.563492,-161.563492,4.546250,0.000000,0.000000,2.200000,0.000000,0.000000,0.000000,81.101013,30.337111,7.110000,-4.410003,8.975070,1.200000,0.000000,0.000000,116.167722,-145.563492,-161.563492,30.000000,0.000000,0.000000,0.000000,0.000000,0.000000,0.000000,226.664505,191.900603,2.563750,297.000357,-4.410003,8.975070,-1.000000,10.049876,nan,nan,nan,0,nan,nan,nan,0,nan,nan,nan,nan,nan,nan,nan,nan,nan,nan,nan,nan,nan,nan,nan,nan,nan,nan,nan,nan,nan,nan,nan,nan,nan,nan,nan,nan,nan,nan,nan,nan,nan,nan,nan,nan,nan,nan,nan,nan,nan,nan,nan,nan,nan,nan,nan,nan,nan,nan,nan,nan,nan,nan,nan,nan,nan,nan,nan,nan,nan,nan,nan,nan,nan,nan,nan,nan,nan,nan,nan,nan,nan,nan,nan,nan,nan,nan,nan,nan
2.040,IDLE,297.000357,226.664505,191.900603,2.563750,-4.410003,8.975070,-1.000000,-145.563492,-161.563492,4.656250,0.000000,0.000000,2.200000,0.000000,0.000000,0.000000,80.877538,30.784391,7.170000,-4.469500,8.945589,1.200000,0.000000,0.000000,116.548169,-145.563492,-161.563492,30.000000,0.000000,0.000000,0.000000,0.000000,0.000000,0.000000,226.441030,192.347882,2.513750,297.118776,-4.469500,8.945589,-1.000000,10.049876,nan,nan,nan,0,nan,nan,nan,0,nan,nan,nan,nan,nan,nan,nan,nan,nan,nan,nan,nan,nan,nan,nan,nan,nan,nan,nan,nan,nan,nan,nan,nan,nan,nan,nan,nan,nan,nan,nan,nan,nan,nan,nan,nan,nan,nan,nan,nan,nan,nan,nan,nan,nan,nan,nan,nan,nan,nan,nan,nan,nan,nan,nan,nan,nan,nan,nan,nan,nan,nan,nan,nan,nan,nan,nan,nan,nan,nan,nan,nan,nan,nan,nan,nan,nan,nan,nan,nan
2.100,IDLE,297.234777,226.214595,192.793671,2.463750,-4.528695,8.915768,-1.000000,-145.563492,-161.563492,4.766250,0.000000,0.000000,2.200000,0.000000,0.000000,0.000000,80.651104,31.230179,7.230000,-4.528695,8.915768,1.200000,0.000000,0.000000,116.927939,-145.563492,-161.563492,30.000000,0.000000,0.000000,0.000000,0.000000,0.000000,0.000000,226.214595,192.793671,2.463750,297.234777,-4.528695,8.915768,-1.000000,10.049876,nan,nan,nan,0,nan,nan,nan,0,nan,nan,nan,nan,nan,nan,nan,nan,nan,nan,nan,nan,nan,nan,nan,nan,nan,nan,nan,nan,nan,nan,nan,nan,nan,nan,nan,nan,nan,nan,nan,nan,nan,nan,nan,nan,nan,nan,nan,nan,nan,nan,nan,nan,nan,nan,nan,nan,nan,nan,nan,nan,nan,nan,nan,nan,nan,nan,nan,nan,nan,nan,nan,nan,nan,nan,nan,nan,nan,nan,nan,nan,nan,nan,nan,nan,nan,nan,nan,nan
2.140,APPROACH,297.234777,226.214595,192.793671,2.463750,-4.528695,8.915768,-1.000000,-145.563492,-161.563492,4.870000,0.000000,0.000000,2.075000,0.000000,0.000000,0.000000,80.421724,31.674459,7.290000,-4.587589,8.885608,1.200000,0.000000,0.000000,117.307053,-145.563492,-161.563492,4.766250,0.000000,0.000000,0.000000,0.000000,0.000000,0.000000,225.985216,193.237951,2.420000,297.348415,-4.587589,8.885608,-0.875000,10.038208,nan,nan,nan,0,nan,nan,nan,0,nan,nan,nan,nan,nan,nan,nan,nan,nan,nan,nan,nan,nan,nan,nan,nan,nan,nan,nan,nan,nan,nan,nan,nan,nan,nan,nan,nan,nan,nan,nan,nan,nan,nan,nan,nan,nan,nan,nan,nan,nan,nan,nan,nan,nan,nan,nan,nan,nan,nan,nan,nan,nan,nan,nan,nan,nan,nan,nan,nan,nan,nan,nan,nan,nan,nan,nan,nan,nan,nan,nan,nan,nan,nan,nan,nan,nan,nan,nan,nan
2.200,APPROACH,297.459690,225.752907,193.680707,2.382500,-4.646184,8.855110,-0.750000,-145.563492,-161.563492,4.967500,0.000000,0.000000,1.950000,0.000000,0.000000,0.000000,80.189415,32.117215,7.350000,-4.646184,8.855110,1.200000,0.000000,0.000000,117.685530,-145.563492,-161.563492,4.766250,0.000000,0.000000,0.000000,0.000000,0.000000,0.000000,225.752907,193.680707,2.382500,297.459690,-4.646184,8.855110,-0.750000,10.028086,nan,nan,nan,0,nan,nan,nan,0,nan,nan,nan,nan,nan,nan,nan,nan,nan,nan,nan,nan,nan,nan,nan,nan,nan,nan,nan,nan,nan,nan,nan,nan,nan,nan,nan,nan,nan,nan,nan,nan,nan,nan,nan,nan,nan,nan,nan,nan,nan,nan,nan,nan,nan,nan,nan,nan,nan,nan,nan,nan,nan,nan,nan,nan,nan,nan,nan,nan,nan,nan,nan,nan,nan,nan,nan,nan,nan,nan,nan,nan,nan,nan,nan,nan,nan,nan,nan,nan
2.240,APPROACH,297.459690,225.752907,193.680707,2.382500,-4.646184,8.855110,-0.750000,-145.563492,-161.563492,5.058750,0.000000,0.000000,1.825000,0.000000,0.000000,0.000000,79.954191,32.558429,7.410000,-4.704481,8.824277,1.200000,0.000000,0.000000,118.063389,-145.563492,-161.563492,4.766250,0.000000,0.000000,0.000000,0.000000,0.000000,0.000000,225.517683,194.121921,2.351250,297.568603,-4.704481,8.824277,-0.625000,10.019512,nan,nan,nan,0,nan,nan,nan,0,nan,nan,nan,nan,nan,nan,nan,nan,nan,nan,nan,nan,nan,nan,nan,nan,nan,nan,nan,nan,nan,nan,nan,nan,nan,nan,nan,nan,nan,nan,nan,nan,nan,nan,nan,nan,nan,nan,nan,nan,nan,nan,nan,nan,nan,nan,nan,nan,nan,nan,nan,nan,nan,nan,nan,nan,nan,nan,nan,nan,nan,nan,nan,nan,nan,nan,nan,nan,nan,nan,nan,nan,nan,nan,nan,nan,nan,nan,nan,nan
2.300,APPROACH,297.675155,225.279559,194.561576,2.326250,-4.762482,8.793109,-0.500000,-145.563492,-161.563492,5.143750,0.000000,0.000000,1.700000,0.000000,0.000000,0.000000,79.716067,32.998084,7.470000,-4.762482,8.793109,1.200000,0.000000,0.000000,118.440648,-145.563492,-161.563492,4.766250,0.000000,0.000000,0.000000,0.000000,0.000000,0.000000,225.279559,194.561576,2.326250,297.675155,-4.762482,8.793109,-0.500000,10.012492,nan,nan,nan,0,nan,nan,nan,0,nan,nan,nan,nan,nan,nan,nan,nan,nan,nan,nan,nan,nan,nan,nan,nan,nan,nan,nan,nan,nan,nan,nan,nan,nan,nan,nan,nan,nan,nan,nan,nan,nan,nan,nan,nan,nan,nan,nan,nan,nan,nan,nan,nan,nan,nan,nan,nan,nan,nan,nan,nan,nan,nan,nan,nan,nan,nan,nan,nan,nan,nan,nan,nan,nan,nan,nan,nan,nan,nan,nan,nan,nan,nan,nan,nan,nan,nan,nan,nan
2.340,APPROACH,297.675155,225.279559,194.561576,2.326250,-4.762482,8.793109,-0.500000,-145.563492,-161.563492,5.222500,0.000000,0.000000,1.575000,0.000000,0.000000,0.000000,79.475057,33.436165,7.530000,-4.820186,8.761610,1.200000,0.000000,0.000000,118.817326,-145.563492,-161.563492,4.766250,0.000000,0.000000,0.000000,0.000000,0.000000,0.000000,225.038549,194.999656,2.307500,297.779347,-4.820186,8.761610,-0.375000,10.007029,nan,nan,nan,0,nan,nan,nan,0,nan,nan,nan,nan,nan,nan,nan,nan,nan,nan,nan,nan,nan,nan,nan,nan,nan,nan,nan,nan,nan,nan,nan,nan,nan,nan,nan,nan,nan,nan,nan,nan,nan,nan,nan,nan,nan,nan,nan,nan,nan,nan,nan,nan,nan,nan,nan,nan,nan,nan,nan,nan,nan,nan,nan,nan,nan,nan,nan,nan,nan,nan,nan,nan,nan,nan,nan,nan,nan,nan,nan,nan,nan,nan,nan,nan,nan,nan,nan,nan
2.400,APPROACH,297.881180,224.794669,195.436145,2.295000,-4.877597,8.729779,-0.250000,-145.563492,-161.563492,5.295000,0.000000,0.000000,1.450000,0.000000,0.000000,0.000000,79.231178,33.872654,7.590000,-4.877597,8.729779,1.200000,0.000000,0.000000,119.193440,-145.563492,-161.563492,4.766250,0.000000,0.000000,0.000000,0.000000,0.000000,0.000000,224.794669,195.436145,2.295000,297.881180,-4.877597,8.729779,-0.250000,10.003125,nan,nan,nan,0,nan,nan,nan,0,nan,nan,nan,nan,nan,nan,nan,nan,nan,nan,nan,nan,nan,nan,nan,nan,nan,nan,nan,nan,nan,nan,nan,nan,nan,nan,nan,nan,nan,nan,nan,nan,nan,nan,nan,nan,nan,nan,nan,nan,nan,nan,nan,nan,nan,nan,nan,nan,nan,nan,nan,nan,nan,nan,nan,nan,nan,nan,nan,nan,nan,nan,nan,nan,nan,nan,nan,nan,nan,nan,nan,nan,nan,nan,nan,nan,nan,nan,nan,nan
2.440,APPROACH,297.881180,224.794669,195.436145,2.295000,-4.877597,8.729779,-0.250000,-145.563492,-161.563492,5.361250,0.000000,0.000000,1.325000,0.000000,0.000000,0.000000,78.984442,34.307535,7.650000,-4.934715,8.697620,1.200000,0.000000,0.000000,119.569007,-145.563492,-161.563492,4.766250,0.000000,0.000000,0.000000,0.000000,0.000000,0.000000,224.547934,195.871026,2.288750,297.980657,-4.934715,8.697620,-0.125000,10.000781,nan,nan,nan,0,nan,nan,nan,0,nan,nan,nan,nan,nan,nan,nan,nan,nan,nan,nan,nan,nan,nan,nan,nan,nan,nan,nan,nan,nan,nan,nan,nan,nan,nan,nan,nan,nan,nan,nan,nan,nan,nan,nan,nan,nan,nan,nan,nan,nan,nan,nan,nan,nan,nan,nan,nan,nan,nan,nan,nan,nan,nan,nan,nan,nan,nan,nan,nan,nan,nan,nan,nan,nan,nan,nan,nan,nan,nan,nan,nan,nan,nan,nan,nan,nan,nan,nan,nan
2.500,APPROACH,298.077780,224.298357,196.304283,2.288750,-4.991540,8.665133,-0.000000,-145.563492,-161.563492,5.421250,0.000000,0.000000,1.200000,0.000000,0.000000,0.000000,78.734865,34.740791,7.710000,-4.991540,8.665133,1.200000,0.000000,0.000000,119.944043,-145.563492,-161.563492,4.766250,0.000000,0.000000,0.000000,0.000000,0.000000,0.000000,224.298357,196.304283,2.288750,298.077780,-4.991540,8.665133,-0.000000,10.000000,nan,nan,nan,0,nan,nan,nan,0,nan,nan,nan,nan,nan,nan,nan,nan,nan,nan,nan,nan,nan,nan,nan,nan,nan,nan,nan,nan,nan,nan,nan,nan,nan,nan,nan,nan,nan,nan,nan,nan,nan,nan,nan,nan,nan,nan,nan,nan,nan,nan,nan,nan,nan,nan,nan,nan,nan,nan,nan,nan,nan,nan,nan,nan,nan,nan,nan,nan,nan,nan,nan,nan,nan,nan,nan,nan,nan,nan,nan,nan,nan,nan,nan,nan,nan,nan,nan,nan
2.540,APPROACH,298.077780,224.298357,196.304283,2.288750,-4.991540,8.665133,-0.000000,-145.563492,-161.563492,5.475000,0.000000,0.000000,1.075000,0.000000,0.000000,0.000000,78.482461,35.172407,7.770000,-5.048073,8.632320,1.200000,0.000000,0.000000,120.318565,-145.563492,-161.563492,4.766250,0.000000,0.000000,0.000000,0.000000,0.000000,0.000000,224.045953,196.735899,2.295000,298.172551,-5.048073,8.632320,0.125000,10.000781,nan,nan,nan,0,nan,nan,nan,0,nan,nan,nan,nan,nan,nan,nan,nan,nan,nan,nan,nan,nan,nan,nan,nan,nan,nan,nan,nan,nan,nan,nan,nan,nan,nan,nan,nan,nan,nan,nan,nan,nan,nan,nan,nan,nan,nan,nan,nan,nan,nan,nan,nan,nan,nan,nan,nan,nan,nan,nan,nan,nan,nan,nan,nan,nan,nan,nan,nan,nan,nan,nan,nan,nan,nan,nan,nan,nan,nan,nan,nan,nan,nan,nan,nan,nan,nan,nan,nan
2.600,APPROACH,298.264973,223.790737,197.165858,2.307500,-5.104317,8.599183,0.250000,-145.563492,-161.563492,5.522500,0.000000,0.000000,0.950000,0.000000,0.000000,0.000000,78.227245,35.602366,7.830000,-5.104317,8.599183,1.200000,0.000000,0.000000,120.692586,-145.563492,-161.563492,4.766250,0.000000,0.000000,0.000000,0.000000,0.000000,0.000000,223.790737,197.165858,2.307500,298.264973,-5.104317,8.599183,0.250000,10.003125,nan,nan,nan,0,nan,nan,nan,0,nan,nan,nan,nan,nan,nan,nan,nan,nan,nan,nan,nan,nan,nan,nan,nan,nan,nan,nan,nan,nan,nan,nan,nan,nan,nan,nan,nan,nan,nan,nan,nan,nan,nan,nan,nan,nan,nan,nan,nan,nan,nan,nan,nan,nan,nan,nan,nan,nan,nan,nan,nan,nan,nan,nan,nan,nan,nan,nan,nan,nan,nan,nan,nan,nan,nan,nan,nan,nan,nan,nan,nan,nan,nan,nan,nan,nan,nan,nan,nan
2.640,APPROACH,298.264973,223.790737,197.165858,2.307500,-5.104317,8.599183,0.250000,-145.563492,-161.563492,5.563750,0.000000,0.000000,0.825000,0.000000,0.000000,0.000000,77.969232,36.030653,7.890000,-5.160270,8.565723,1.200000,0.000000,0.000000,121.066124,-145.563492,-161.563492,4.766250,0.000000,0.000000,0.000000,0.000000,0.000000,0.000000,223.532724,197.594144,2.326250,298.355050,-5.160270,8.565723,0.375000,10.007029,nan,nan,nan,0,nan,nan,nan,0,nan,nan,nan,nan,nan,nan,nan,nan,nan,nan,nan,nan,nan,nan,nan,nan,nan,nan,nan,nan,nan,nan,nan,nan,nan,nan,nan,nan,nan,nan,nan,nan,nan,nan,nan,nan,nan,nan,nan,nan,nan,nan,nan,nan,nan,nan,nan,nan,nan,nan,nan,nan,nan,nan,nan,nan,nan,nan,nan,nan,nan,nan,nan,nan,nan,nan,nan,nan,nan,nan,nan,nan,nan,nan,nan,nan,nan,nan,nan,nan
2.700,APPROACH,298.442785,223.271927,198.020742,2.351250,-5.215933,8.531942,0.500000,-145.563492,-161.563492,5.598750,0.000000,0.000000,0.700000,0.000000,0.000000,0.000000,77.708435,36.457250,7.950000,-5.215933,8.531942,1.200000,0.000000,0.000000,121.439191,-145.563492,-161.563492,4.766250,0.000000,0.000000,0.000000,0.000000,0.000000,0.000000,223.271927,198.020742,2.351250,298.442785,-5.215933,8.531942,0.500000,10.012492,nan,nan,nan,0,nan,nan,nan,0,nan,nan,nan,nan,nan,nan,nan,nan,nan,nan,nan,nan,nan,nan,nan,nan,nan,nan,nan,nan,nan,nan,nan,nan,nan,nan,nan,nan,nan,nan,nan,nan,nan,nan,nan,nan,nan,nan,nan,nan,nan,nan,nan,nan,nan,nan,nan,nan,nan,nan,nan,nan,nan,nan,nan,nan,nan,nan,nan,nan,nan,nan,nan,nan,nan,nan,nan,nan,nan,nan,nan,nan,nan,nan,nan,nan,nan,nan,nan,nan
2.740,APPROACH,298.442785,223.271927,198.020742,2.351250,-5.215933,8.531942,0.500000,-145.563492,-161.563492,5.627500,0.000000,0.000000,0.575000,0.000000,0.000000,0.000000,77.444870,36.882142,8.010000,-5.271309,8.497841,1.200000,0.000000,0.000000,121.811802,-145.563492,-161.563492,4.766250,0.000000,0.000000,0.000000,0.000000,0.000000,0.000000,223.008362,198.445634,2.382500,298.528181,-5.271309,8.497841,0.625000,10.019512,nan,nan,nan,0,nan,nan,nan,0,nan,nan,nan,nan,nan,nan,nan,nan,nan,nan,nan,nan,nan,nan,nan,nan,nan,nan,nan,nan,nan,nan,nan,nan,nan,nan,nan,nan,nan,nan,nan,nan,nan,nan,nan,nan,nan,nan,nan,nan,nan,nan,nan,nan,nan,nan,nan,nan,nan,nan,nan,nan,nan,nan,nan,nan,nan,nan,nan,nan,nan,nan,nan,nan,nan,nan,nan,nan,nan,nan,nan,nan,nan,nan,nan,nan,nan,nan,nan,nan
2.800,APPROACH,298.611244,222.742042,198.868805,2.420000,-5.326395,8.463422,0.750000,-145.563492,-161.563492,5.650000,0.000000,0.000000,0.450000,0.000000,0.000000,0.000000,77.178550,37.305313,8.070000,-5.326395,8.463422,1.200000,0.000000,0.000000,122.183972,-145.563492,-161.563492,4.766250,0.000000,0.000000,0.000000,0.000000,0.000000,0.000000,222.742042,198.868805,2.420000,298.611244,-5.326395,8.463422,0.750000,10.028086,nan,nan,nan,0,nan,nan,nan,0,nan,nan,nan,nan,nan,nan,nan,nan,nan,nan,nan,nan,nan,nan,nan,nan,nan,nan,nan,nan,nan,nan,nan,nan,nan,nan,nan,nan,nan,nan,nan,nan,nan,nan,nan,nan,nan,nan,nan,nan,nan,nan,nan,nan,nan,nan,nan,nan,nan,nan,nan,nan,nan,nan,nan,nan,nan,nan,nan,nan,nan,nan,nan,nan,nan,nan,nan,nan,nan,nan,nan,nan,nan,nan,nan,nan,nan,nan,nan,nan
2.840,APPROACH,298.611244,222.742042,198.868805,2.420000,-5.326395,8.463422,0.750000,-145.563492,-161.563492,5.666250,0.000000,0.000000,0.325000,0.000000,0.000000,0.000000,76.909490,37.726747,8.130000,-5.381194,8.428686,1.200000,0.000000,0.000000,122.555712,-145.563492,-161.563492,4.766250,0.000000,0.000000,0.000000,0.000000,0.000000,0.000000,222.472982,199.290239,2.463750,298.691977,-5.381194,8.428686,0.875000,10.038208,nan,nan,nan,0,nan,nan,nan,0,nan,nan,nan,nan,nan,nan,nan,nan,nan,nan,nan,nan,nan,nan,nan,nan,nan,nan,nan,nan,nan,nan,nan,nan,nan,nan,nan,nan,nan,nan,nan,nan,nan,nan,nan,nan,nan,nan,nan,nan,nan,nan,nan,nan,nan,nan,nan,nan,nan,nan,nan,nan,nan,nan,nan,nan,nan,nan,nan,nan,nan,nan,nan,nan,nan,nan,nan,nan,nan,nan,nan,nan,nan,nan,nan,nan,nan,nan,nan,nan
2.900,APPROACH,298.770385,222.201197,199.709921,2.513750,-5.435706,8.393635,1.000000,-145.563492,-161.563492,5.676250,0.000000,0.000000,0.200000,0.000000,0.000000,0.000000,76.637705,38.146429,8.190000,-5.435706,8.393635,1.200000,0.000000,0.000000,122.927036,-145.563492,-161.563492,4.766250,0.000000,0.000000,0.000000,0.000000,0.000000,0.000000,222.201197,199.709921,2.513750,298.770385,-5.435706,8.393635,1.000000,10.049876,nan,nan,nan,0,nan,nan,nan,0,nan,nan,nan,nan,nan,nan,nan,nan,nan,nan,nan,nan,nan,nan,nan,nan,nan,nan,nan,nan,nan,nan,nan,nan,nan,nan,nan,nan,nan,nan,nan,nan,nan,nan,nan,nan,nan,nan,nan,nan,nan,nan,nan,nan,nan,nan,nan,nan,nan,nan,nan,nan,nan,nan,nan,nan,nan,nan,nan,nan,nan,nan,nan,nan,nan,nan,nan,nan,nan,nan,nan,nan,nan,nan,nan,nan,nan,nan,nan,nan
2.940,APPROACH,298.770385,222.201197,199.709921,2.513750,-5.435706,8.393635,1.000000,-145.563492,-161.563492,5.680000,0.000000,0.000000,0.075000,0.000000,0.000000,0.000000,76.363208,38.564342,8.250000,-5.489930,8.358269,1.200000,0.000000,0.000000,123.297956,-145.563492,-161.563492,4.766250,0.000000,0.000000,0.000000,0.000000,0.000000,0.000000,221.926700,200.127834,2.570000,298.846474,-5.489930,8.358269,1.125000,10.063082,nan,nan,nan,0,nan,nan,nan,0,nan,nan,nan,nan,nan,nan,nan,nan,nan,nan,nan,nan,nan,nan,nan,nan,nan,nan,nan,nan,nan,nan,nan,nan,nan,nan,nan,nan,nan,nan,nan,nan,nan,nan,nan,nan,nan,nan,nan,nan,nan,nan,nan,nan,nan,nan,nan,nan,nan,nan,nan,nan,nan,nan,nan,nan,nan,nan,nan,nan,nan,nan,nan,nan,nan,nan,nan,nan,nan,nan,nan,nan,nan,nan,nan,nan,nan,nan,nan,nan
3.000,APPROACH,298.920249,221.649507,200.543964,2.632500,-5.543867,8.322592,1.250000,-145.563492,-161.563492,5.677500,0.000000,0.000000,-0.050000,0.000000,0.000000,0.000000,76.086015,38.980472,8.310000,-5.543867,8.322592,1.200000,0.000000,0.000000,123.668485,-145.563492,-161.563492,4.766250,0.000000,0.000000,0.000000,0.000000,0.000000,0.000000,221.649507,200.543964,2.632500,298.920249,-5.543867,8.322592,1.250000,10.077822,nan,nan,nan,0,nan,nan,nan,0,nan,nan,nan,nan,nan,nan,nan,nan,nan,nan,nan,nan,nan,nan,nan,nan,nan,nan,nan,nan,nan,nan,nan,nan,nan,nan,nan,nan,nan,nan,nan,nan,nan,nan,nan,nan,nan,nan,nan,nan,nan,nan,nan,nan,nan,nan,nan,nan,nan,nan,nan,nan,nan,nan,nan,nan,nan,nan,nan,nan,nan,nan,nan,nan,nan,nan,nan,nan,nan,nan,nan,nan,nan,nan,nan,nan,nan,nan,nan,nan
3.040,APPROACH,298.920249,221.649507,200.543964,2.632500,-5.543867,8.322592,1.250000,-145.563492,-161.563492,5.668750,0.000000,0.000000,-0.175000,0.000000,0.000000,0.000000,75.806139,39.394802,8.370000,-5.597518,8.286603,1.200000,0.000000,0.000000,124.038634,-145.563492,-161.563492,4.766250,0.000000,0.000000,0.000000,0.000000,0.000000,0.000000,221.369631,200.958294,2.701250,298.991716,-5.597518,8.286603,1.375000,10.094089,nan,nan,nan,0,nan,nan,nan,0,nan,nan,nan,nan,nan,nan,nan,nan,nan,nan,nan,nan,nan,nan,nan,nan,nan,nan,nan,nan,nan,nan,nan,nan,nan,nan,nan,nan,nan,nan,nan,nan,nan,nan,nan,nan,nan,nan,nan,nan,nan,nan,nan,nan,nan,nan,nan,nan,nan,nan,nan,nan,nan,nan,nan,nan,nan,nan,nan,nan,nan,nan,nan,nan,nan,nan,nan,nan,nan,nan,nan,nan,nan,nan,nan,nan,nan,nan,nan,nan
3.100,APPROACH,299.060881,221.087087,201.370809,2.776250,-5.650882,8.250305,1.500000,-145.563492,-161.563492,5.653750,0.000000,0.000000,-0.300000,0.000000,0.000000,0.000000,75.523595,39.807317,8.430000,-5.650882,8.250305,1.200000,0.000000,0.000000,124.408415,-145.563492,-161.563492,4.766250,0.000000,0.000000,0.000000,0.000000,0.000000,0.000000,221.087087,201.370809,2.776250,299.060881,-5.650882,8.250305,1.500000,10.111874,nan,nan,nan,0,nan,nan,nan,0,nan,nan,nan,nan,nan,nan,nan,nan,nan,nan,nan,nan,nan,nan,nan,nan,nan,nan,nan,nan,nan,nan,nan,nan,nan,nan,nan,nan,nan,nan,nan,nan,nan,nan,nan,nan,nan,nan,nan,nan,nan,nan,nan,nan,nan,nan,nan,nan,nan,nan,nan,nan,nan,nan,nan,nan,nan,nan,nan,nan,nan,nan,nan,nan,nan,nan,nan,nan,nan,nan,nan,nan,nan,nan,nan,nan,nan,nan,nan,nan
3.140,APPROACH,299.060881,221.087087,201.370809,2.776250,-5.650882,8.250305,1.500000,-145.563492,-161.563492,5.632500,0.000000,0.000000,-0.425000,0.000000,0.000000,0.000000,75.238397,40.218002,8.490000,-5.703959,8.213699,1.200000,0.000000,0.000000,124.777838,-145.563492,-161.563492,4.766250,0.000000,0.000000,0.000000,0.000000,0.000000,0.000000,220.801889,201.781494,2.857500,299.127750,-5.703959,8.213699,1.625000,10.131171,nan,nan,nan,0,nan,nan,nan,0,nan,nan,nan,nan,nan,nan,nan,nan,nan,nan,nan,nan,nan,nan,nan,nan,nan,nan,nan,nan,nan,nan,nan,nan,nan,nan,nan,nan,nan,nan,nan,nan,nan,nan,nan,nan,nan,nan,nan,nan,nan,nan,nan,nan,nan,nan,nan,nan,nan,nan,nan,nan,nan,nan,nan,nan,nan,nan,nan,nan,nan,nan,nan,nan,nan,nan,nan,nan,nan,nan,nan,nan,nan,nan,nan,nan,nan,nan,nan,nan
3.200,APPROACH,299.192331,220.514052,202.190333,2.945000,-5.756750,8.176786,1.750000,-145.563492,-161.563492,5.605000,0.000000,0.000000,-0.550000,0.000000,0.000000,0.000000,74.950560,40.626842,8.550000,-5.756750,8.176786,1.200000,0.000000,0.000000,125.146914,-145.563492,-161.563492,4.766250,0.000000,0.000000,0.000000,0.000000,0.000000,0.000000,220.514052,202.190333,2.945000,299.192331,-5.756750,8.176786,1.750000,10.151970,nan,nan,nan,0,nan,nan,nan,0,nan,nan,nan,nan,nan,nan,nan,nan,nan,nan,nan,nan,nan,nan,nan,nan,nan,nan,nan,nan,nan,nan,nan,nan,nan,nan,nan,nan,nan,nan,nan,nan,nan,nan,nan,nan,nan,nan,nan,nan,nan,nan,nan,nan,nan,nan,nan,nan,nan,nan,nan,nan,nan,nan,nan,nan,nan,nan,nan,nan,nan,nan,nan,nan,nan,nan,nan,nan,nan,nan,nan,nan,nan,nan,nan,nan,nan,nan,nan,nan
3.240,APPROACH,299.192331,220.514052,202.190333,2.945000,-5.756750,8.176786,1.750000,-145.563492,-161.563492,5.571250,0.000000,0.000000,-0.675000,0.000000,0.000000,0.000000,74.660097,41.033820,8.610000,-5.809254,8.139568,1.200000,0.000000,0.000000,125.515654,-145.563492,-161.563492,4.766250,0.000000,0.000000,0.000000,0.000000,0.000000,0.000000,220.223589,202.597312,3.038750,299.254631,-5.809254,8.139568,1.875000,10.174263,nan,nan,nan,0,nan,nan,nan,0,nan,nan,nan,nan,nan,nan,nan,nan,nan,nan,nan,nan,nan,nan,nan,nan,nan,nan,nan,nan,nan,nan,nan,nan,nan,nan,nan,nan,nan,nan,nan,nan,nan,nan,nan,nan,nan,nan,nan,nan,nan,nan,nan,nan,nan,nan,nan,nan,nan,nan,nan,nan,nan,nan,nan,nan,nan,nan,nan,nan,nan,nan,nan,nan,nan,nan,nan,nan,nan,nan,nan,nan,nan,nan,nan,nan,nan,nan,nan,nan
3.300,APPROACH,299.314656,219.930515,203.002414,3.138750,-5.861471,8.102047,2.000000,-145.563492,-161.563492,5.531250,0.000000,0.000000,-0.800000,0.000000,0.000000,0.000000,74.367023,41.438922,8.670000,-5.861471,8.102047,1.200000,0.000000,0.000000,125.884068,-145.563492,-161.563492,4.766250,0.000000,0.000000,0.000000,0.000000,0.000000,0.000000,219.930515,203.002414,3.138750,299.314656,-5.861471,8.102047,2.000000,10.198039,nan,nan,nan,0,nan,nan,nan,0,nan,nan,nan,nan,nan,nan,nan,nan,nan,nan,nan,nan,nan,nan,nan,nan,nan,nan,nan,nan,nan,nan,nan,nan,nan,nan,nan,nan,nan,nan,nan,nan,nan,nan,nan,nan,nan,nan,nan,nan,nan,nan,nan,nan,nan,nan,nan,nan,nan,nan,nan,nan,nan,nan,nan,nan,nan,nan,nan,nan,nan,nan,nan,nan,nan,nan,nan,nan,nan,nan,nan,nan,nan,nan,nan,nan,nan,nan,nan,nan
3.340,APPROACH,299.314656,219.930515,203.002414,3.138750,-5.861471,8.102047,2.000000,-145.563492,-161.563492,5.493000,0.000000,0.000000,-0.765000,0.000000,0.000000,0.000000,74.071353,41.842133,8.730000,-5.913401,8.064223,1.200000,0.000000,0.000000,126.252165,-145.563492,-161.563492,4.766250,0.000000,0.000000,0.000000,0.000000,0.000000,0.000000,219.634845,203.405625,3.237000,299.372330,-5.913401,8.064223,1.965000,10.191233,nan,nan,nan,0,nan,nan,nan,0,nan,nan,nan,nan,nan,nan,nan,nan,nan,nan,nan,nan,nan,nan,nan,nan,nan,nan,nan,nan,nan,nan,nan,nan,nan,nan,nan,nan,nan,nan,nan,nan,nan,nan,nan,nan,nan,nan,nan,nan,nan,nan,nan,nan,nan,nan,nan,nan,nan,nan,nan,nan,nan,nan,nan,nan,nan,nan,nan,nan,nan,nan,nan,nan,nan,nan,nan,nan,nan,nan,nan,nan,nan,nan,nan,nan,nan,nan,nan,nan
3.400,APPROACH,299.427649,219.336593,203.806930,3.333337,-5.965045,8.026098,1.926750,-145.563492,-161.563492,5.456662,0.000000,0.000000,-0.726750,0.000000,0.000000,0.000000,73.773101,42.243438,8.790000,-5.965045,8.026098,1.200000,0.000000,0.000000,126.619956,-145.563492,-161.563492,4.766250,0.000000,0.000000,0.000000,0.000000,0.000000,0.000000,219.336593,203.806930,3.333337,299.427649,-5.965045,8.026098,1.926750,10.183927,nan,nan,nan,0,nan,nan,nan,0,nan,nan,nan,nan,nan,nan,nan,nan,nan,nan,nan,nan,nan,nan,nan,nan,nan,nan,nan,nan,nan,nan,nan,nan,nan,nan,nan,nan,nan,nan,nan,nan,nan,nan,nan,nan,nan,nan,nan,nan,nan,nan,nan,nan,nan,nan,nan,nan,nan,nan,nan,nan,nan,nan,nan,nan,nan,nan,nan,nan,nan,nan,nan,nan,nan,nan,nan,nan,nan,nan,nan,nan,nan,nan,nan,nan,nan,nan,nan,nan
3.440,APPROACH,299.427649,219.336593,203.806930,3.333337,-5.965045,8.026098,1.926750,-145.563492,-161.563492,5.422142,0.000000,0.000000,-0.690412,0.000000,0.000000,0.000000,73.472281,42.642822,8.850000,-6.016401,7.987673,1.200000,0.000000,0.000000,126.987449,-145.563492,-161.563492,4.766250,0.000000,0.000000,0.000000,0.000000,0.000000,0.000000,219.035773,204.206314,3.427858,299.480615,-6.016401,7.987673,1.890412,10.177114,nan,nan,nan,0,nan,nan,nan,0,nan,nan,nan,nan,nan,nan,nan,nan,nan,nan,nan,nan,nan,nan,nan,nan,nan,nan,nan,nan,nan,nan,nan,nan,nan,nan,nan,nan,nan,nan,nan,nan,nan,nan,nan,nan,nan,nan,nan,nan,nan,nan,nan,nan,nan,nan,nan,nan,nan,nan,nan,nan,nan,nan,nan,nan,nan,nan,nan,nan,nan,nan,nan,nan,nan,nan,nan,nan,nan,nan,nan,nan,nan,nan,nan,nan,nan,nan,nan,nan
3.500,APPROACH,299.531228,218.732400,204.603761,3.520653,-6.067469,7.948951,1.855892,-145.563492,-161.563492,5.389347,0.000000,0.000000,-0.655892,0.000000,0.000000,0.000000,73.168908,43.040270,8.910000,-6.067469,7.948951,1.200000,0.000000,0.000000,127.354653,-145.563492,-161.563492,4.766250,0.000000,0.000000,0.000000,0.000000,0.000000,0.000000,218.732400,204.603761,3.520653,299.531228,-6.067469,7.948951,1.855892,10.170759,nan,nan,nan,0,nan,nan,nan,0,nan,nan,nan,nan,nan,nan,nan,nan,nan,nan,nan,nan,nan,nan,nan,nan,nan,nan,nan,nan,nan,nan,nan,nan,nan,nan,nan,nan,nan,nan,nan,nan,nan,nan,nan,nan,nan,nan,nan,nan,nan,nan,nan,nan,nan,nan,nan,nan,nan,nan,nan,nan,nan,nan,nan,nan,nan,nan,nan,nan,nan,nan,nan,nan,nan,nan,nan,nan,nan,nan,nan,nan,nan,nan,nan,nan,nan,nan,nan,nan
3.540,APPROACH,299.531228,218.732400,204.603761,3.520653,-6.067469,7.948951,1.855892,-145.563492,-161.563492,5.358192,0.000000,0.000000,-0.623097,0.000000,0.000000,0.000000,72.862995,43.435766,8.970000,-6.118250,7.909932,1.200000,0.000000,0.000000,127.721576,-145.563492,-161.563492,4.766250,0.000000,0.000000,0.000000,0.000000,0.000000,0.000000,218.426487,204.999258,3.611808,299.579491,-6.118250,7.909932,1.823097,10.164826,nan,nan,nan,0,nan,nan,nan,0,nan,nan,nan,nan,nan,nan,nan,nan,nan,nan,nan,nan,nan,nan,nan,nan,nan,nan,nan,nan,nan,nan,nan,nan,nan,nan,nan,nan,nan,nan,nan,nan,nan,nan,nan,nan,nan,nan,nan,nan,nan,nan,nan,nan,nan,nan,nan,nan,nan,nan,nan,nan,nan,nan,nan,nan,nan,nan,nan,nan,nan,nan,nan,nan,nan,nan,nan,nan,nan,nan,nan,nan,nan,nan,nan,nan,nan,nan,nan,nan
3.600,APPROACH,299.625403,218.118050,205.392789,3.701405,-6.168742,7.870618,1.791942,-145.563492,-161.563492,5.328595,0.000000,0.000000,-0.591942,0.000000,0.000000,0.000000,72.554558,43.829297,9.030000,-6.168742,7.870618,1.200000,0.000000,0.000000,128.088228,-145.563492,-161.563492,4.766250,0.000000,0.000000,0.000000,0.000000,0.000000,0.000000,218.118050,205.392789,3.701405,299.625403,-6.168742,7.870618,1.791942,10.159284,nan,nan,nan,0,nan,nan,nan,0,nan,nan,nan,nan,nan,nan,nan,nan,nan,nan,nan,nan,nan,nan,nan,nan,nan,nan,nan,nan,nan,nan,nan,nan,nan,nan,nan,nan,nan,nan,nan,nan,nan,nan,nan,nan,nan,nan,nan,nan,nan,nan,nan,nan,nan,nan,nan,nan,nan,nan,nan,nan,nan,nan,nan,nan,nan,nan,nan,nan,nan,nan,nan,nan,nan,nan,nan,nan,nan,nan,nan,nan,nan,nan,nan,nan,nan,nan,nan,nan
3.640,APPROACH,299.625403,218.118050,205.392789,3.701405,-6.168742,7.870618,1.791942,-145.563492,-161.563492,5.300478,0.000000,0.000000,-0.562345,0.000000,0.000000,0.000000,72.243611,44.220848,9.090000,-6.218945,7.831010,1.200000,0.000000,0.000000,128.454617,-145.563492,-161.563492,4.766250,0.000000,0.000000,0.000000,0.000000,0.000000,0.000000,217.807103,205.784339,3.789522,299.668965,-6.218945,7.831010,1.762345,10.154106,nan,nan,nan,0,nan,nan,nan,0,nan,nan,nan,nan,nan,nan,nan,nan,nan,nan,nan,nan,nan,nan,nan,nan,nan,nan,nan,nan,nan,nan,nan,nan,nan,nan,nan,nan,nan,nan,nan,nan,nan,nan,nan,nan,nan,nan,nan,nan,nan,nan,nan,nan,nan,nan,nan,nan,nan,nan,nan,nan,nan,nan,nan,nan,nan,nan,nan,nan,nan,nan,nan,nan,nan,nan,nan,nan,nan,nan,nan,nan,nan,nan,nan,nan,nan,nan,nan,nan
3.700,APPROACH,299.710180,217.493660,206.173895,3.876233,-6.268860,7.791110,1.734228,-145.563492,-161.563492,5.273767,0.000000,0.000000,-0.534228,0.000000,0.000000,0.000000,71.930168,44.610403,9.150000,-6.268860,7.791110,1.200000,0.000000,0.000000,128.820749,-145.563492,-161.563492,4.766250,0.000000,0.000000,0.000000,0.000000,0.000000,0.000000,217.493660,206.173895,3.876233,299.710180,-6.268860,7.791110,1.734228,10.149263,nan,nan,nan,0,nan,nan,nan,0,nan,nan,nan,nan,nan,nan,nan,nan,nan,nan,nan,nan,nan,nan,nan,nan,nan,nan,nan,nan,nan,nan,nan,nan,nan,nan,nan,nan,nan,nan,nan,nan,nan,nan,nan,nan,nan,nan,nan,nan,nan,nan,nan,nan,nan,nan,nan,nan,nan,nan,nan,nan,nan,nan,nan,nan,nan,nan,nan,nan,nan,nan,nan,nan,nan,nan,nan,nan,nan,nan,nan,nan,nan,nan,nan,nan,nan,nan,nan,nan
3.740,APPROACH,299.710180,217.493660,206.173895,3.876233,-6.268860,7.791110,1.734228,-145.563492,-161.563492,5.248391,0.000000,0.000000,-0.507517,0.000000,0.000000,0.000000,71.614244,44.997949,9.210000,-6.318485,7.750919,1.200000,0.000000,0.000000,129.186634,-145.563492,-161.563492,4.766250,0.000000,0.000000,0.000000,0.000000,0.000000,0.000000,217.177735,206.561441,3.961609,299.749048,-6.318485,7.750919,1.707517,10.144733,nan,nan,nan,0,nan,nan,nan,0,nan,nan,nan,nan,nan,nan,nan,nan,nan,nan,nan,nan,nan,nan,nan,nan,nan,nan,nan,nan,nan,nan,nan,nan,nan,nan,nan,nan,nan,nan,nan,nan,nan,nan,nan,nan,nan,nan,nan,nan,nan,nan,nan,nan,nan,nan,nan,nan,nan,nan,nan,nan,nan,nan,nan,nan,nan,nan,nan,nan,nan,nan,nan,nan,nan,nan,nan,nan,nan,nan,nan,nan,nan,nan,nan,nan,nan,nan,nan,nan
3.800,APPROACH,299.785571,216.859344,206.946963,4.045716,-6.367820,7.710439,1.682141,-145.563492,-161.563492,5.224284,0.000000,0.000000,-0.482141,0.000000,0.000000,0.000000,71.295853,45.383471,9.270000,-6.367820,7.710439,1.200000,0.000000,0.000000,129.552278,-145.563492,-161.563492,4.766250,0.000000,0.000000,0.000000,0.000000,0.000000,0.000000,216.859344,206.946963,4.045716,299.785571,-6.367820,7.710439,1.682141,10.140493,nan,nan,nan,0,nan,nan,nan,0,nan,nan,nan,nan,nan,nan,nan,nan,nan,nan,nan,nan,nan,nan,nan,nan,nan,nan,nan,nan,nan,nan,nan,nan,nan,nan,nan,nan,nan,nan,nan,nan,nan,nan,nan,nan,nan,nan,nan,nan,nan,nan,nan,nan,nan,nan,nan,nan,nan,nan,nan,nan,nan,nan,nan,nan,nan,nan,nan,nan,nan,nan,nan,nan,nan,nan,nan,nan,nan,nan,nan,nan,nan,nan,nan,nan,nan,nan,nan,nan
3.840,APPROACH,299.785571,216.859344,206.946963,4.045716,-6.367820,7.710439,1.682141,-145.563492,-161.563492,5.201382,0.000000,0.000000,-0.458034,0.000000,0.000000,0.000000,70.975009,45.766954,9.330000,-6.416864,7.669671,1.200000,0.000000,0.000000,129.917689,-145.563492,-161.563492,4.766250,0.000000,0.000000,0.000000,0.000000,0.000000,0.000000,216.538501,207.330446,4.128618,299.819749,-6.416864,7.669671,1.658034,10.136522,nan,nan,nan,0,nan,nan,nan,0,nan,nan,nan,nan,nan,nan,nan,nan,nan,nan,nan,nan,nan,nan,nan,nan,nan,nan,nan,nan,nan,nan,nan,nan,nan,nan,nan,nan,nan,nan,nan,nan,nan,nan,nan,nan,nan,nan,nan,nan,nan,nan,nan,nan,nan,nan,nan,nan,nan,nan,nan,nan,nan,nan,nan,nan,nan,nan,nan,nan,nan,nan,nan,nan,nan,nan,nan,nan,nan,nan,nan,nan,nan,nan,nan,nan,nan,nan,nan,nan
3.900,APPROACH,299.851584,216.215220,207.711877,4.210375,-6.465618,7.628616,1.635132,-145.563492,-161.563492,5.179625,0.000000,0.000000,-0.435132,0.000000,0.000000,0.000000,70.651728,46.148385,9.390000,-6.465618,7.628616,1.200000,0.000000,0.000000,130.282873,-145.563492,-161.563492,4.766250,0.000000,0.000000,0.000000,0.000000,0.000000,0.000000,216.215220,207.711877,4.210375,299.851584,-6.465618,7.628616,1.635132,10.132801,nan,nan,nan,0,nan,nan,nan,0,nan,nan,nan,nan,nan,nan,nan,nan,nan,nan,nan,nan,nan,nan,nan,nan,nan,nan,nan,nan,nan,nan,nan,nan,nan,nan,nan,nan,nan,nan,nan,nan,nan,nan,nan,nan,nan,nan,nan,nan,nan,nan,nan,nan,nan,nan,nan,nan,nan,nan,nan,nan,nan,nan,nan,nan,nan,nan,nan,nan,nan,nan,nan,nan,nan,nan,nan,nan,nan,nan,nan,nan,nan,nan,nan,nan,nan,nan,nan,nan
3.940,APPROACH,299.851584,216.215220,207.711877,4.210375,-6.465618,7.628616,1.635132,-145.563492,-161.563492,5.158957,0.000000,0.000000,-0.413375,0.000000,0.000000,0.000000,70.326025,46.527749,9.450000,-6.514079,7.587277,1.200000,0.000000,0.000000,130.647837,-145.563492,-161.563492,4.766250,0.000000,0.000000,0.000000,0.000000,0.000000,0.000000,215.889516,208.091241,4.291043,299.881078,-6.514079,7.587277,1.613375,10.129313,nan,nan,nan,0,nan,nan,nan,0,nan,nan,nan,nan,nan,nan,nan,nan,nan,nan,nan,nan,nan,nan,nan,nan,nan,nan,nan,nan,nan,nan,nan,nan,nan,nan,nan,nan,nan,nan,nan,nan,nan,nan,nan,nan,nan,nan,nan,nan,nan,nan,nan,nan,nan,nan,nan,nan,nan,nan,nan,nan,nan,nan,nan,nan,nan,nan,nan,nan,nan,nan,nan,nan,nan,nan,nan,nan,nan,nan,nan,nan,nan,nan,nan,nan,nan,nan,nan,nan
4.000,APPROACH,299.908231,215.561404,208.468524,4.370679,-6.562248,7.545654,1.592707,-145.563492,-161.563492,5.139321,0.000000,0.000000,-0.392707,0.000000,0.000000,0.000000,69.997912,46.905032,9.510000,-6.562248,7.545654,1.200000,0.000000,0.000000,131.012589,-145.563492,-161.563492,4.766250,0.000000,0.000000,0.000000,0.000000,0.000000,0.000000,215.561404,208.468524,4.370679,299.908231,-6.562248,7.545654,1.592707,10.126041,nan,nan,nan,0,nan,nan,nan,0,nan,nan,nan,nan,nan,nan,nan,nan,nan,nan,nan,nan,nan,nan,nan,nan,nan,nan,nan,nan,nan,nan,nan,nan,nan,nan,nan,nan,nan,nan,nan,nan,nan,nan,nan,nan,nan,nan,nan,nan,nan,nan,nan,nan,nan,nan,nan,nan,nan,nan,nan,nan,nan,nan,nan,nan,nan,nan,nan,nan,nan,nan,nan,nan,nan,nan,nan,nan,nan,nan,nan,nan,nan,nan,nan,nan,nan,nan,nan,nan
4.040,APPROACH,299.908231,215.561404,208.468524,4.370679,-6.562248,7.545654,1.592707,-145.563492,-161.563492,5.120668,0.000000,0.000000,-0.373071,0.000000,0.000000,0.000000,69.667406,47.280219,9.570000,-6.610125,7.503749,1.200000,0.000000,0.000000,131.377134,-145.563492,-161.563492,4.766250,0.000000,0.000000,0.000000,0.000000,0.000000,0.000000,215.230898,208.843711,4.449332,299.933045,-6.610125,7.503749,1.573071,10.122972,nan,nan,nan,0,nan,nan,nan,0,nan,nan,nan,nan,nan,nan,nan,nan,nan,nan,nan,nan,nan,nan,nan,nan,nan,nan,nan,nan,nan,nan,nan,nan,nan,nan,nan,nan,nan,nan,nan,nan,nan,nan,nan,nan,nan,nan,nan,nan,nan,nan,nan,nan,nan,nan,nan,nan,nan,nan,nan,nan,nan,nan,nan,nan,nan,nan,nan,nan,nan,nan,nan,nan,nan,nan,nan,nan,nan,nan,nan,nan,nan,nan,nan,nan,nan,nan,nan,nan
4.100,APPROACH,299.955522,214.898012,209.216789,4.527053,-6.657707,7.461564,1.554418,-145.563492,-161.563492,5.102947,0.000000,0.000000,-0.354418,0.000000,0.000000,0.000000,69.334521,47.653298,9.630000,-6.657707,7.461564,1.200000,0.000000,0.000000,131.741479,-145.563492,-161.563492,4.766250,0.000000,0.000000,0.000000,0.000000,0.000000,0.000000,214.898012,209.216789,4.527053,299.955522,-6.657707,7.461564,1.554418,10.120090,nan,nan,nan,0,nan,nan,nan,0,nan,nan,nan,nan,nan,nan,nan,nan,nan,nan,nan,nan,nan,nan,nan,nan,nan,nan,nan,nan,nan,nan,nan,nan,nan,nan,nan,nan,nan,nan,nan,nan,nan,nan,nan,nan,nan,nan,nan,nan,nan,nan,nan,nan,nan,nan,nan,nan,nan,nan,nan,nan,nan,nan,nan,nan,nan,nan,nan,nan,nan,nan,nan,nan,nan,nan,nan,nan,nan,nan,nan,nan,nan,nan,nan,nan,nan,nan,nan,nan
4.140,APPROACH,299.955522,214.898012,209.216789,4.527053,-6.657707,7.461564,1.554418,-145.563492,-161.563492,5.086112,0.000000,0.000000,-0.336697,0.000000,0.000000,0.000000,68.999271,48.024253,9.690000,-6.704995,7.419100,1.200000,0.000000,0.000000,132.105629,-145.563492,-161.563492,4.766250,0.000000,0.000000,0.000000,0.000000,0.000000,0.000000,214.562763,209.587744,4.603888,299.975661,-6.704995,7.419100,1.536697,10.117383,nan,nan,nan,0,nan,nan,nan,0,nan,nan,nan,nan,nan,nan,nan,nan,nan,nan,nan,nan,nan,nan,nan,nan,nan,nan,nan,nan,nan,nan,nan,nan,nan,nan,nan,nan,nan,nan,nan,nan,nan,nan,nan,nan,nan,nan,nan,nan,nan,nan,nan,nan,nan,nan,nan,nan,nan,nan,nan,nan,nan,nan,nan,nan,nan,nan,nan,nan,nan,nan,nan,nan,nan,nan,nan,nan,nan,nan,nan,nan,nan,nan,nan,nan,nan,nan,nan,nan
4.200,APPROACH,299.993466,214.225163,209.956562,4.679881,-6.751988,7.376358,1.519862,-145.563492,-161.563492,5.070119,0.000000,0.000000,-0.319862,0.000000,0.000000,0.000000,68.661671,48.393070,9.750000,-6.751988,7.376358,1.200000,0.000000,0.000000,132.469591,-145.563492,-161.563492,4.766250,0.000000,0.000000,0.000000,0.000000,0.000000,0.000000,214.225163,209.956562,4.679881,299.993466,-6.751988,7.376358,1.519862,10.114840,nan,nan,nan,0,nan,nan,nan,0,nan,nan,nan,nan,nan,nan,nan,nan,nan,nan,nan,nan,nan,nan,nan,nan,nan,nan,nan,nan,nan,nan,nan,nan,nan,nan,nan,nan,nan,nan,nan,nan,nan,nan,nan,nan,nan,nan,nan,nan,nan,nan,nan,nan,nan,nan,nan,nan,nan,nan,nan,nan,nan,nan,nan,nan,nan,nan,nan,nan,nan,nan,nan,nan,nan,nan,nan,nan,nan,nan,nan,nan,nan,nan,nan,nan,nan,nan,nan,nan
4.240,APPROACH,299.993466,214.225163,209.956562,4.679881,-6.751988,7.376358,1.519862,-145.563492,-161.563492,5.054926,0.000000,0.000000,-0.303869,0.000000,0.000000,0.000000,68.321737,48.759737,9.810000,-6.798685,7.333340,1.200000,0.000000,0.000000,132.833369,-145.563492,-161.563492,4.766250,0.000000,0.000000,0.000000,0.000000,0.000000,0.000000,213.885229,210.323229,4.755074,300.008938,-6.798685,7.333340,1.503869,10.112449,nan,nan,nan,0,nan,nan,nan,0,nan,nan,nan,nan,nan,nan,nan,nan,nan,nan,nan,nan,nan,nan,nan,nan,nan,nan,nan,nan,nan,nan,nan,nan,nan,nan,nan,nan,nan,nan,nan,nan,nan,nan,nan,nan,nan,nan,nan,nan,nan,nan,nan,nan,nan,nan,nan,nan,nan,nan,nan,nan,nan,nan,nan,nan,nan,nan,nan,nan,nan,nan,nan,nan,nan,nan,nan,nan,nan,nan,nan,nan,nan,nan,nan,nan,nan,nan,nan,nan
4.300,APPROACH,300.022077,213.542975,210.687732,4.829508,-6.845086,7.290048,1.488676,-145.563492,-161.563492,5.040492,0.000000,0.000000,-0.288676,0.000000,0.000000,0.000000,67.979483,49.124240,9.870000,-6.845086,7.290048,1.200000,0.000000,0.000000,133.196971,-145.563492,-161.563492,4.766250,0.000000,0.000000,0.000000,0.000000,0.000000,0.000000,213.542975,210.687732,4.829508,300.022077,-6.845086,7.290048,1.488676,10.110201,nan,nan,nan,0,nan,nan,nan,0,nan,nan,nan,nan,nan,nan,nan,nan,nan,nan,nan,nan,nan,nan,nan,nan,nan,nan,nan,nan,nan,nan,nan,nan,nan,nan,nan,nan,nan,nan,nan,nan,nan,nan,nan,nan,nan,nan,nan,nan,nan,nan,nan,nan,nan,nan,nan,nan,nan,nan,nan,nan,nan,nan,nan,nan,nan,nan,nan,nan,nan,nan,nan,nan,nan,nan,nan,nan,nan,nan,nan,nan,nan,nan,nan,nan,nan,nan,nan,nan
4.340,APPROACH,300.022077,213.542975,210.687732,4.829508,-6.845086,7.290048,1.488676,-145.563492,-161.563492,5.026780,0.000000,0.000000,-0.274242,0.000000,0.000000,0.000000,67.634923,49.486564,9.930000,-6.891189,7.246483,1.200000,0.000000,0.000000,133.560400,-145.563492,-161.563492,4.766250,0.000000,0.000000,0.000000,0.000000,0.000000,0.000000,213.198415,211.050056,4.903220,300.032885,-6.891189,7.246483,1.474242,10.108085,nan,nan,nan,0,nan,nan,nan,0,nan,nan,nan,nan,nan,nan,nan,nan,nan,nan,nan,nan,nan,nan,nan,nan,nan,nan,nan,nan,nan,nan,nan,nan,nan,nan,nan,nan,nan,nan,nan,nan,nan,nan,nan,nan,nan,nan,nan,nan,nan,nan,nan,nan,nan,nan,nan,nan,nan,nan,nan,nan,nan,nan,nan,nan,nan,nan,nan,nan,nan,nan,nan,nan,nan,nan,nan,nan,nan,nan,nan,nan,nan,nan,nan,nan,nan,nan,nan,nan
4.400,APPROACH,300.041363,212.851566,211.410188,4.976247,-6.936993,7.202647,1.460530,-145.563492,-161.563492,5.013753,0.000000,0.000000,-0.260530,0.000000,0.000000,0.000000,67.288074,49.846696,9.990000,-6.936993,7.202647,1.200000,0.000000,0.000000,133.923662,-145.563492,-161.563492,4.766250,0.000000,0.000000,0.000000,0.000000,0.000000,0.000000,212.851566,211.410188,4.976247,300.041363,-6.936993,7.202647,1.460530,10.106095,nan,nan,nan,0,nan,nan,nan,0,nan,nan,nan,nan,nan,nan,nan,nan,nan,nan,nan,nan,nan,nan,nan,nan,nan,nan,nan,nan,nan,nan,nan,nan,nan,nan,nan,nan,nan,nan,nan,nan,nan,nan,nan,nan,nan,nan,nan,nan,nan,nan,nan,nan,nan,nan,nan,nan,nan,nan,nan,nan,nan,nan,nan,nan,nan,nan,nan,nan,nan,nan,nan,nan,nan,nan,nan,nan,nan,nan,nan,nan,nan,nan,nan,nan,nan,nan,nan,nan
4.440,APPROACH,300.041363,212.851566,211.410188,4.976247,-6.936993,7.202647,1.460530,-145.563492,-161.563492,5.001378,0.000000,0.000000,-0.247503,0.000000,0.000000,0.000000,66.938949,50.204623,10.050000,-6.982499,7.158541,1.200000,0.000000,0.000000,134.286762,-145.563492,-161.563492,4.766250,0.000000,0.000000,0.000000,0.000000,0.000000,0.000000,212.502441,211.768115,5.048622,300.047514,-6.982499,7.158541,1.447503,10.104220,nan,nan,nan,0,nan,nan,nan,0,nan,nan,nan,nan,nan,nan,nan,nan,nan,nan,nan,nan,nan,nan,nan,nan,nan,nan,nan,nan,nan,nan,nan,nan,nan,nan,nan,nan,nan,nan,nan,nan,nan,nan,nan,nan,nan,nan,nan,nan,nan,nan,nan,nan,nan,nan,nan,nan,nan,nan,nan,nan,nan,nan,nan,nan,nan,nan,nan,nan,nan,nan,nan,nan,nan,nan,nan,nan,nan,nan,nan,nan,nan,nan,nan,nan,nan,nan,nan,nan
4.500,APPROACH,300.051337,212.151055,212.123824,5.120378,-7.027705,7.114166,1.435128,-145.563492,-161.563492,4.989622,0.000000,0.000000,-0.235128,0.000000,0.000000,0.000000,66.587564,50.560332,10.110000,-7.027705,7.114166,1.200000,0.000000,0.000000,134.649706,-145.563492,-161.563492,4.766250,0.000000,0.000000,0.000000,0.000000,0.000000,0.000000,212.151055,212.123824,5.120378,300.051337,-7.027705,7.114166,1.435128,10.102455,nan,nan,nan,0,nan,nan,nan,0,nan,nan,nan,nan,nan,nan,nan,nan,nan,nan,nan,nan,nan,nan,nan,nan,nan,nan,nan,nan,nan,nan,nan,nan,nan,nan,nan,nan,nan,nan,nan,nan,nan,nan,nan,nan,nan,nan,nan,nan,nan,nan,nan,nan,nan,nan,nan,nan,nan,nan,nan,nan,nan,nan,nan,nan,nan,nan,nan,nan,nan,nan,nan,nan,nan,nan,nan,nan,nan,nan,nan,nan,nan,nan,nan,nan,nan,nan,nan,nan
4.540,APPROACH,300.051337,212.151055,212.123824,5.120378,-7.027705,7.114166,1.435128,-145.563492,-161.563492,4.978453,0.000000,0.000000,-0.223372,0.000000,0.000000,0.000000,66.233933,50.913808,10.170000,-7.072610,7.069525,1.200000,0.000000,0.000000,135.012496,-145.563492,-161.563492,4.766250,0.000000,0.000000,0.000000,0.000000,0.000000,0.000000,211.797425,212.477300,5.191547,300.052836,-7.072610,7.069525,1.423372,10.100791,nan,nan,nan,0,nan,nan,nan,0,nan,nan,nan,nan,nan,nan,nan,nan,nan,nan,nan,nan,nan,nan,nan,nan,nan,nan,nan,nan,nan,nan,nan,nan,nan,nan,nan,nan,nan,nan,nan,nan,nan,nan,nan,nan,nan,nan,nan,nan,nan,nan,nan,nan,nan,nan,nan,nan,nan,nan,nan,nan,nan,nan,nan,nan,nan,nan,nan,nan,nan,nan,nan,nan,nan,nan,nan,nan,nan,nan,nan,nan,nan,nan,nan,nan,nan,nan,nan,nan
4.600,APPROACH,300.052010,211.441564,212.828531,5.262157,-7.117213,7.024619,1.412203,-145.563492,-161.563492,4.967843,0.000000,0.000000,-0.212203,0.000000,0.000000,0.000000,65.878072,51.265039,10.230000,-7.117213,7.024619,1.200000,0.000000,0.000000,135.375140,-145.563492,-161.563492,4.766250,0.000000,0.000000,0.000000,0.000000,0.000000,0.000000,211.441564,212.828531,5.262157,300.052010,-7.117213,7.024619,1.412203,10.099224,nan,nan,nan,0,nan,nan,nan,0,nan,nan,nan,nan,nan,nan,nan,nan,nan,nan,nan,nan,nan,nan,nan,nan,nan,nan,nan,nan,nan,nan,nan,nan,nan,nan,nan,nan,nan,nan,nan,nan,nan,nan,nan,nan,nan,nan,nan,nan,nan,nan,nan,nan,nan,nan,nan,nan,nan,nan,nan,nan,nan,nan,nan,nan,nan,nan,nan,nan,nan,nan,nan,nan,nan,nan,nan,nan,nan,nan,nan,nan,nan,nan,nan,nan,nan,nan,nan,nan
4.640,APPROACH,300.052010,211.441564,212.828531,5.262157,-7.117213,7.024619,1.412203,-145.563492,-161.563492,4.957763,0.000000,0.000000,-0.201593,0.000000,0.000000,0.000000,65.519997,51.614011,10.290000,-7.161514,6.979450,1.200000,0.000000,0.000000,135.737639,-145.563492,-161.563492,4.766250,0.000000,0.000000,0.000000,0.000000,0.000000,0.000000,211.083489,213.177503,5.332237,300.048862,-7.161514,6.979450,1.401593,10.097745,nan,nan,nan,0,nan,nan,nan,0,nan,nan,nan,nan,nan,nan,nan,nan,nan,nan,nan,nan,nan,nan,nan,nan,nan,nan,nan,nan,nan,nan,nan,nan,nan,nan,nan,nan,nan,nan,nan,nan,nan,nan,nan,nan,nan,nan,nan,nan,nan,nan,nan,nan,nan,nan,nan,nan,nan,nan,nan,nan,nan,nan,nan,nan,nan,nan,nan,nan,nan,nan,nan,nan,nan,nan,nan,nan,nan,nan,nan,nan,nan,nan,nan,nan,nan,nan,nan,nan
4.700,APPROACH,300.043393,210.723213,213.524204,5.401812,-7.205511,6.934018,1.391513,-145.563492,-161.563492,4.948188,0.000000,0.000000,-0.191513,0.000000,0.000000,0.000000,65.159721,51.960712,10.350000,-7.205511,6.934018,1.200000,0.000000,0.000000,136.100000,-145.563492,-161.563492,4.766250,0.000000,0.000000,0.000000,0.000000,0.000000,0.000000,210.723213,213.524204,5.401812,300.043393,-7.205511,6.934018,1.391513,10.096351,nan,nan,nan,0,nan,nan,nan,0,nan,nan,nan,nan,nan,nan,nan,nan,nan,nan,nan,nan,nan,nan,nan,nan,nan,nan,nan,nan,nan,nan,nan,nan,nan,nan,nan,nan,nan,nan,nan,nan,nan,nan,nan,nan,nan,nan,nan,nan,nan,nan,nan,nan,nan,nan,nan,nan,nan,nan,nan,nan,nan,nan,nan,nan,nan,nan,nan,nan,nan,nan,nan,nan,nan,nan,nan,nan,nan,nan,nan,nan,nan,nan,nan,nan,nan,nan,nan,nan
4.740,APPROACH,300.043393,210.723213,213.524204,5.401812,-7.205511,6.934018,1.391513,-145.563492,-161.563492,4.939091,0.000000,0.000000,-0.181938,0.000000,0.000000,0.000000,64.797261,52.305129,10.410000,-7.249204,6.888327,1.200000,0.000000,0.000000,136.462226,-145.563492,-161.563492,4.766250,0.000000,0.000000,0.000000,0.000000,0.000000,0.000000,210.360753,213.868621,5.470909,300.035605,-7.249204,6.888327,1.381938,10.095036,nan,nan,nan,0,nan,nan,nan,0,nan,nan,nan,nan,nan,nan,nan,nan,nan,nan,nan,nan,nan,nan,nan,nan,nan,nan,nan,nan,nan,nan,nan,nan,nan,nan,nan,nan,nan,nan,nan,nan,nan,nan,nan,nan,nan,nan,nan,nan,nan,nan,nan,nan,nan,nan,nan,nan,nan,nan,nan,nan,nan,nan,nan,nan,nan,nan,nan,nan,nan,nan,nan,nan,nan,nan,nan,nan,nan,nan,nan,nan,nan,nan,nan,nan,nan,nan,nan,nan
4.800,APPROACH,300.025498,209.996123,214.210739,5.539551,-7.292591,6.842376,1.372841,-145.563492,-161.563492,4.930449,0.000000,0.000000,-0.172841,0.000000,0.000000,0.000000,64.432631,52.647247,10.470000,-7.292591,6.842376,1.200000,0.000000,0.000000,136.824321,-145.563492,-161.563492,4.766250,0.000000,0.000000,0.000000,0.000000,0.000000,0.000000,209.996123,214.210739,5.539551,300.025498,-7.292591,6.842376,1.372841,10.093795,nan,nan,nan,0,nan,nan,nan,0,nan,nan,nan,nan,nan,nan,nan,nan,nan,nan,nan,nan,nan,nan,nan,nan,nan,nan,nan,nan,nan,nan,nan,nan,nan,nan,nan,nan,nan,nan,nan,nan,nan,nan,nan,nan,nan,nan,nan,nan,nan,nan,nan,nan,nan,nan,nan,nan,nan,nan,nan,nan,nan,nan,nan,nan,nan,nan,nan,nan,nan,nan,nan,nan,nan,nan,nan,nan,nan,nan,nan,nan,nan,nan,nan,nan,nan,nan,nan,nan
4.840,APPROACH,300.025498,209.996123,214.210739,5.539551,-7.292591,6.842376,1.372841,-145.563492,-161.563492,4.922239,0.000000,0.000000,-0.164199,0.000000,0.000000,0.000000,64.065848,52.987056,10.530000,-7.335672,6.796169,1.200000,0.000000,0.000000,137.186289,-145.563492,-161.563492,4.766250,0.000000,0.000000,0.000000,0.000000,0.000000,0.000000,209.629340,214.550548,5.607761,300.013074,-7.335672,6.796169,1.364199,10.092623,nan,nan,nan,0,nan,nan,nan,0,nan,nan,nan,nan,nan,nan,nan,nan,nan,nan,nan,nan,nan,nan,nan,nan,nan,nan,nan,nan,nan,nan,nan,nan,nan,nan,nan,nan,nan,nan,nan,nan,nan,nan,nan,nan,nan,nan,nan,nan,nan,nan,nan,nan,nan,nan,nan,nan,nan,nan,nan,nan,nan,nan,nan,nan,nan,nan,nan,nan,nan,nan,nan,nan,nan,nan,nan,nan,nan,nan,nan,nan,nan,nan,nan,nan,nan,nan,nan,nan
4.900,APPROACH,299.998335,209.260417,214.888033,5.675561,-7.378446,6.749706,1.355989,-145.563492,-161.563492,4.914439,0.000000,0.000000,-0.155989,0.000000,0.000000,0.000000,63.696925,53.324541,10.590000,-7.378446,6.749706,1.200000,0.000000,0.000000,137.548134,-145.563492,-161.563492,4.766250,0.000000,0.000000,0.000000,0.000000,0.000000,0.000000,209.260417,214.888033,5.675561,299.998335,-7.378446,6.749706,1.355989,10.091517,nan,nan,nan,0,nan,nan,nan,0,nan,nan,nan,nan,nan,nan,nan,nan,nan,nan,nan,nan,nan,nan,nan,nan,nan,nan,nan,nan,nan,nan,nan,nan,nan,nan,nan,nan,nan,nan,nan,nan,nan,nan,nan,nan,nan,nan,nan,nan,nan,nan,nan,nan,nan,nan,nan,nan,nan,nan,nan,nan,nan,nan,nan,nan,nan,nan,nan,nan,nan,nan,nan,nan,nan,nan,nan,nan,nan,nan,nan,nan,nan,nan,nan,nan,nan,nan,nan,nan
4.940,APPROACH,299.998335,209.260417,214.888033,5.675561,-7.378446,6.749706,1.355989,-145.563492,-161.563492,4.907030,0.000000,0.000000,-0.148189,0.000000,0.000000,0.000000,63.325880,53.659691,10.650000,-7.420912,6.702989,1.200000,0.000000,0.000000,137.909859,-145.563492,-161.563492,4.766250,0.000000,0.000000,0.000000,0.000000,0.000000,0.000000,208.889372,215.223183,5.742970,299.981282,-7.420912,6.702989,1.348189,10.090471,nan,nan,nan,0,nan,nan,nan,0,nan,nan,nan,nan,nan,nan,nan,nan,nan,nan,nan,nan,nan,nan,nan,nan,nan,nan,nan,nan,nan,nan,nan,nan,nan,nan,nan,nan,nan,nan,nan,nan,nan,nan,nan,nan,nan,nan,nan,nan,nan,nan,nan,nan,nan,nan,nan,nan,nan,nan,nan,nan,nan,nan,nan,nan,nan,nan,nan,nan,nan,nan,nan,nan,nan,nan,nan,nan,nan,nan,nan,nan,nan,nan,nan,nan,nan,nan,nan,nan
5.000,APPROACH,299.961917,208.516218,215.555984,5.810009,-7.463068,6.656021,1.340780,-145.563492,-161.563492,4.899991,0.000000,0.000000,-0.140780,0.000000,0.000000,0.000000,62.952726,53.992492,10.710000,-7.463068,6.656021,1.200000,0.000000,0.000000,138.271469,-145.563492,-161.563492,4.766250,0.000000,0.000000,0.000000,0.000000,0.000000,0.000000,208.516218,215.555984,5.810009,299.961917,-7.463068,6.656021,1.340780,10.089484,nan,nan,nan,0,nan,nan,nan,0,nan,nan,nan,nan,nan,nan,nan,nan,nan,nan,nan,nan,nan,nan,nan,nan,nan,nan,nan,nan,nan,nan,nan,nan,nan,nan,nan,nan,nan,nan,nan,nan,nan,nan,nan,nan,nan,nan,nan,nan,nan,nan,nan,nan,nan,nan,nan,nan,nan,nan,nan,nan,nan,nan,nan,nan,nan,nan,nan,nan,nan,nan,nan,nan,nan,nan,nan,nan,nan,nan,nan,nan,nan,nan,nan,nan,nan,nan,nan,nan
5.040,APPROACH,299.961917,208.516218,215.555984,5.810009,-7.463068,6.656021,1.340780,-145.563492,-161.563492,4.893304,0.000000,0.000000,-0.133741,0.000000,0.000000,0.000000,62.577481,54.322932,10.770000,-7.504914,6.608802,1.200000,0.000000,0.000000,138.632966,-145.563492,-161.563492,4.766250,0.000000,0.000000,0.000000,0.000000,0.000000,0.000000,208.140973,215.886424,5.876696,299.940241,-7.504914,6.608802,1.333741,10.088551,nan,nan,nan,0,nan,nan,nan,0,nan,nan,nan,nan,nan,nan,nan,nan,nan,nan,nan,nan,nan,nan,nan,nan,nan,nan,nan,nan,nan,nan,nan,nan,nan,nan,nan,nan,nan,nan,nan,nan,nan,nan,nan,nan,nan,nan,nan,nan,nan,nan,nan,nan,nan,nan,nan,nan,nan,nan,nan,nan,nan,nan,nan,nan,nan,nan,nan,nan,nan,nan,nan,nan,nan,nan,nan,nan,nan,nan,nan,nan,nan,nan,nan,nan,nan,nan,nan,nan
5.100,APPROACH,299.916255,207.763650,216.214490,5.943049,-7.546449,6.561334,1.327054,-145.563492,-161.563492,4.886951,0.000000,0.000000,-0.127054,0.000000,0.000000,0.000000,62.200158,54.650998,10.830000,-7.546449,6.561334,1.200000,0.000000,0.000000,138.994354,-145.563492,-161.563492,4.766250,0.000000,0.000000,0.000000,0.000000,0.000000,0.000000,207.763650,216.214490,5.943049,299.916255,-7.546449,6.561334,1.327054,10.087669,nan,nan,nan,0,nan,nan,nan,0,nan,nan,nan,nan,nan,nan,nan,nan,nan,nan,nan,nan,nan,nan,nan,nan,nan,nan,nan,nan,nan,nan,nan,nan,nan,nan,nan,nan,nan,nan,nan,nan,nan,nan,nan,nan,nan,nan,nan,nan,nan,nan,nan,nan,nan,nan,nan,nan,nan,nan,nan,nan,nan,nan,nan,nan,nan,nan,nan,nan,nan,nan,nan,nan,nan,nan,nan,nan,nan,nan,nan,nan,nan,nan,nan,nan,nan,nan,nan,nan
5.140,APPROACH,299.916255,207.763650,216.214490,5.943049,-7.546449,6.561334,1.327054,-145.563492,-161.563492,4.880916,0.000000,0.000000,-0.120701,0.000000,0.000000,0.000000,61.820775,54.976679,10.890000,-7.587672,6.513619,1.200000,0.000000,0.000000,139.355637,-145.563492,-161.563492,4.766250,0.000000,0.000000,0.000000,0.000000,0.000000,0.000000,207.384266,216.540171,6.009084,299.889961,-7.587672,6.513619,1.320701,10.086836,nan,nan,nan,0,nan,nan,nan,0,nan,nan,nan,nan,nan,nan,nan,nan,nan,nan,nan,nan,nan,nan,nan,nan,nan,nan,nan,nan,nan,nan,nan,nan,nan,nan,nan,nan,nan,nan,nan,nan,nan,nan,nan,nan,nan,nan,nan,nan,nan,nan,nan,nan,nan,nan,nan,nan,nan,nan,nan,nan,nan,nan,nan,nan,nan,nan,nan,nan,nan,nan,nan,nan,nan,nan,nan,nan,nan,nan,nan,nan,nan,nan,nan,nan,nan,nan,nan,nan
5.200,APPROACH,299.861361,207.002837,216.863454,6.074817,-7.628581,6.465659,1.314666,-145.563492,-161.563492,4.875183,0.000000,0.000000,-0.114666,0.000000,0.000000,0.000000,61.439346,55.299962,10.950000,-7.628581,6.465659,1.200000,0.000000,0.000000,139.716817,-145.563492,-161.563492,4.766250,0.000000,0.000000,0.000000,0.000000,0.000000,0.000000,207.002837,216.863454,6.074817,299.861361,-7.628581,6.465659,1.314666,10.086047,nan,nan,nan,0,nan,nan,nan,0,nan,nan,nan,nan,nan,nan,nan,nan,nan,nan,nan,nan,nan,nan,nan,nan,nan,nan,nan,nan,nan,nan,nan,nan,nan,nan,nan,nan,nan,nan,nan,nan,nan,nan,nan,nan,nan,nan,nan,nan,nan,nan,nan,nan,nan,nan,nan,nan,nan,nan,nan,nan,nan,nan,nan,nan,nan,nan,nan,nan,nan,nan,nan,nan,nan,nan,nan,nan,nan,nan,nan,nan,nan,nan,nan,nan,nan,nan,nan,nan
5.240,APPROACH,299.861361,207.002837,216.863454,6.074817,-7.628581,6.465659,1.314666,-145.563492,-161.563492,4.869736,0.000000,0.000000,-0.108933,0.000000,0.000000,0.000000,61.055887,55.620835,11.010000,-7.669177,6.417455,1.200000,0.000000,0.000000,140.077898,-145.563492,-161.563492,4.766250,0.000000,0.000000,0.000000,0.000000,0.000000,0.000000,206.619379,217.184327,6.140264,299.830456,-7.669177,6.417455,1.308933,10.085301,nan,nan,nan,0,nan,nan,nan,0,nan,nan,nan,nan,nan,nan,nan,nan,nan,nan,nan,nan,nan,nan,nan,nan,nan,nan,nan,nan,nan,nan,nan,nan,nan,nan,nan,nan,nan,nan,nan,nan,nan,nan,nan,nan,nan,nan,nan,nan,nan,nan,nan,nan,nan,nan,nan,nan,nan,nan,nan,nan,nan,nan,nan,nan,nan,nan,nan,nan,nan,nan,nan,nan,nan,nan,nan,nan,nan,nan,nan,nan,nan,nan,nan,nan,nan,nan,nan,nan
5.300,APPROACH,299.797247,206.233906,217.502777,6.205438,-7.709456,6.369010,1.303486,-145.563492,-161.563492,4.864562,0.000000,0.000000,-0.103486,0.000000,0.000000,0.000000,60.670414,55.939286,11.070000,-7.709456,6.369010,1.200000,0.000000,0.000000,140.438882,-145.563492,-161.563492,4.766250,0.000000,0.000000,0.000000,0.000000,0.000000,0.000000,206.233906,217.502777,6.205438,299.797247,-7.709456,6.369010,1.303486,10.084596,nan,nan,nan,0,nan,nan,nan,0,nan,nan,nan,nan,nan,nan,nan,nan,nan,nan,nan,nan,nan,nan,nan,nan,nan,nan,nan,nan,nan,nan,nan,nan,nan,nan,nan,nan,nan,nan,nan,nan,nan,nan,nan,nan,nan,nan,nan,nan,nan,nan,nan,nan,nan,nan,nan,nan,nan,nan,nan,nan,nan,nan,nan,nan,nan,nan,nan,nan,nan,nan,nan,nan,nan,nan,nan,nan,nan,nan,nan,nan,nan,nan,nan,nan,nan,nan,nan,nan
5.340,APPROACH,299.797247,206.233906,217.502777,6.205438,-7.709456,6.369010,1.303486,-145.563492,-161.563492,4.859646,0.000000,0.000000,-0.098312,0.000000,0.000000,0.000000,60.282943,56.255302,11.130000,-7.749420,6.320324,1.200000,0.000000,0.000000,140.799773,-145.563492,-161.563492,4.766250,0.000000,0.000000,0.000000,0.000000,0.000000,0.000000,205.846435,217.818794,6.270354,299.761737,-7.749420,6.320324,1.298312,10.083928,nan,nan,nan,0,nan,nan,nan,0,nan,nan,nan,nan,nan,nan,nan,nan,nan,nan,nan,nan,nan,nan,nan,nan,nan,nan,nan,nan,nan,nan,nan,nan,nan,nan,nan,nan,nan,nan,nan,nan,nan,nan,nan,nan,nan,nan,nan,nan,nan,nan,nan,nan,nan,nan,nan,nan,nan,nan,nan,nan,nan,nan,nan,nan,nan,nan,nan,nan,nan,nan,nan,nan,nan,nan,nan,nan,nan,nan,nan,nan,nan,nan,nan,nan,nan,nan,nan,nan
5.400,APPROACH,299.723926,205.456981,218.132364,6.335024,-7.789066,6.271400,1.293396,-145.563492,-161.563492,4.854976,0.000000,0.000000,-0.093396,0.000000,0.000000,0.000000,59.893490,56.568872,11.190000,-7.789066,6.271400,1.200000,0.000000,0.000000,141.160572,-145.563492,-161.563492,4.766250,0.000000,0.000000,0.000000,0.000000,0.000000,0.000000,205.456981,218.132364,6.335024,299.723926,-7.789066,6.271400,1.293396,10.083297,nan,nan,nan,0,nan,nan,nan,0,nan,nan,nan,nan,nan,nan,nan,nan,nan,nan,nan,nan,nan,nan,nan,nan,nan,nan,nan,nan,nan,nan,nan,nan,nan,nan,nan,nan,nan,nan,nan,nan,nan,nan,nan,nan,nan,nan,nan,nan,nan,nan,nan,nan,nan,nan,nan,nan,nan,nan,nan,nan,nan,nan,nan,nan,nan,nan,nan,nan,nan,nan,nan,nan,nan,nan,nan,nan,nan,nan,nan,nan,nan,nan,nan,nan,nan,nan,nan,nan
5.440,APPROACH,299.723926,205.456981,218.132364,6.335024,-7.789066,6.271400,1.293396,-145.563492,-161.563492,4.850540,0.000000,0.000000,-0.088726,0.000000,0.000000,0.000000,59.502070,56.879984,11.250000,-7.828394,6.222239,1.200000,0.000000,0.000000,141.521284,-145.563492,-161.563492,4.766250,0.000000,0.000000,0.000000,0.000000,0.000000,0.000000,205.065562,218.443476,6.399460,299.683816,-7.828394,6.222239,1.288726,10.082699,nan,nan,nan,0,nan,nan,nan,0,nan,nan,nan,nan,nan,nan,nan,nan,nan,nan,nan,nan,nan,nan,nan,nan,nan,nan,nan,nan,nan,nan,nan,nan,nan,nan,nan,nan,nan,nan,nan,nan,nan,nan,nan,nan,nan,nan,nan,nan,nan,nan,nan,nan,nan,nan,nan,nan,nan,nan,nan,nan,nan,nan,nan,nan,nan,nan,nan,nan,nan,nan,nan,nan,nan,nan,nan,nan,nan,nan,nan,nan,nan,nan,nan,nan,nan,nan,nan,nan
5.500,APPROACH,299.641409,204.672192,218.752118,6.463674,-7.867402,6.172843,1.284290,-145.563492,-161.563492,4.846326,0.000000,0.000000,-0.084290,0.000000,0.000000,0.000000,59.108700,57.188626,11.310000,-7.867402,6.172843,1.200000,0.000000,0.000000,141.881911,-145.563492,-161.563492,4.766250,0.000000,0.000000,0.000000,0.000000,0.000000,0.000000,204.672192,218.752118,6.463674,299.641409,-7.867402,6.172843,1.284290,10.082133,nan,nan,nan,0,nan,nan,nan,0,nan,nan,nan,nan,nan,nan,nan,nan,nan,nan,nan,nan,nan,nan,nan,nan,nan,nan,nan,nan,nan,nan,nan,nan,nan,nan,nan,nan,nan,nan,nan,nan,nan,nan,nan,nan,nan,nan,nan,nan,nan,nan,nan,nan,nan,nan,nan,nan,nan,nan,nan,nan,nan,nan,nan,nan,nan,nan,nan,nan,nan,nan,nan,nan,nan,nan,nan,nan,nan,nan,nan,nan,nan,nan,nan,nan,nan,nan,nan,nan
5.540,APPROACH,299.641409,204.672192,218.752118,6.463674,-7.867402,6.172843,1.284290,-145.563492,-161.563492,4.842322,0.000000,0.000000,-0.080076,0.000000,0.000000,0.000000,58.713395,57.494787,11.370000,-7.906089,6.123214,1.200000,0.000000,0.000000,142.242454,-145.563492,-161.563492,4.766250,0.000000,0.000000,0.000000,0.000000,0.000000,0.000000,204.276887,219.058278,6.527678,299.596707,-7.906089,6.123214,1.280076,10.081597,nan,nan,nan,0,nan,nan,nan,0,nan,nan,nan,nan,nan,nan,nan,nan,nan,nan,nan,nan,nan,nan,nan,nan,nan,nan,nan,nan,nan,nan,nan,nan,nan,nan,nan,nan,nan,nan,nan,nan,nan,nan,nan,nan,nan,nan,nan,nan,nan,nan,nan,nan,nan,nan,nan,nan,nan,nan,nan,nan,nan,nan,nan,nan,nan,nan,nan,nan,nan,nan,nan,nan,nan,nan,nan,nan,nan,nan,nan,nan,nan,nan,nan,nan,nan,nan,nan,nan
5.600,APPROACH,299.549710,203.879664,219.361946,6.591482,-7.944455,6.073354,1.276072,-145.563492,-161.563492,4.838518,0.000000,0.000000,-0.076072,0.000000,0.000000,0.000000,58.316173,57.798454,11.430000,-7.944455,6.073354,1.200000,0.000000,0.000000,142.602917,-145.563492,-161.563492,4.766250,0.000000,0.000000,0.000000,0.000000,0.000000,0.000000,203.879664,219.361946,6.591482,299.549710,-7.944455,6.073354,1.276072,10.081089,nan,nan,nan,0,nan,nan,nan,0,nan,nan,nan,nan,nan,nan,nan,nan,nan,nan,nan,nan,nan,nan,nan,nan,nan,nan,nan,nan,nan,nan,nan,nan,nan,nan,nan,nan,nan,nan,nan,nan,nan,nan,nan,nan,nan,nan,nan,nan,nan,nan,nan,nan,nan,nan,nan,nan,nan,nan,nan,nan,nan,nan,nan,nan,nan,nan,nan,nan,nan,nan,nan,nan,nan,nan,nan,nan,nan,nan,nan,nan,nan,nan,nan,nan,nan,nan,nan,nan
5.640,APPROACH,299.549710,203.879664,219.361946,6.591482,-7.944455,6.073354,1.276072,-145.563492,-161.563492,4.834905,0.000000,0.000000,-0.072268,0.000000,0.000000,0.000000,57.917048,58.099617,11.490000,-7.982499,6.023264,1.200000,0.000000,0.000000,142.963302,-145.563492,-161.563492,4.766250,0.000000,0.000000,0.000000,0.000000,0.000000,0.000000,203.480540,219.663109,6.655095,299.500421,-7.982499,6.023264,1.272268,10.080608,nan,nan,nan,0,nan,nan,nan,0,nan,nan,nan,nan,nan,nan,nan,nan,nan,nan,nan,nan,nan,nan,nan,nan,nan,nan,nan,nan,nan,nan,nan,nan,nan,nan,nan,nan,nan,nan,nan,nan,nan,nan,nan,nan,nan,nan,nan,nan,nan,nan,nan,nan,nan,nan,nan,nan,nan,nan,nan,nan,nan,nan,nan,nan,nan,nan,nan,nan,nan,nan,nan,nan,nan,nan,nan,nan,nan,nan,nan,nan,nan,nan,nan,nan,nan,nan,nan,nan
5.700,APPROACH,299.448840,203.079529,219.961757,6.718528,-8.020219,5.972947,1.268655,-145.563492,-161.563492,4.831472,0.000000,0.000000,-0.068655,0.000000,0.000000,0.000000,57.516037,58.398265,11.550000,-8.020219,5.972947,1.200000,0.000000,0.000000,143.323612,-145.563492,-161.563492,4.766250,0.000000,0.000000,0.000000,0.000000,0.000000,0.000000,203.079529,219.961757,6.718528,299.448840,-8.020219,5.972947,1.268655,10.080153,nan,nan,nan,0,nan,nan,nan,0,nan,nan,nan,nan,nan,nan,nan,nan,nan,nan,nan,nan,nan,nan,nan,nan,nan,nan,nan,nan,nan,nan,nan,nan,nan,nan,nan,nan,nan,nan,nan,nan,nan,nan,nan,nan,nan,nan,nan,nan,nan,nan,nan,nan,nan,nan,nan,nan,nan,nan,nan,nan,nan,nan,nan,nan,nan,nan,nan,nan,nan,nan,nan,nan,nan,nan,nan,nan,nan,nan,nan,nan,nan,nan,nan,nan,nan,nan,nan,nan
5.740,APPROACH,299.448840,203.079529,219.961757,6.718528,-8.020219,5.972947,1.268655,-145.563492,-161.563492,4.828211,0.000000,0.000000,-0.065222,0.000000,0.000000,0.000000,57.113156,58.694385,11.610000,-8.057614,5.922403,1.200000,0.000000,0.000000,143.683848,-145.563492,-161.563492,4.766250,0.000000,0.000000,0.000000,0.000000,0.000000,0.000000,202.676648,220.257877,6.781789,299.394971,-8.057614,5.922403,1.265222,10.079722,nan,nan,nan,0,nan,nan,nan,0,nan,nan,nan,nan,nan,nan,nan,nan,nan,nan,nan,nan,nan,nan,nan,nan,nan,nan,nan,nan,nan,nan,nan,nan,nan,nan,nan,nan,nan,nan,nan,nan,nan,nan,nan,nan,nan,nan,nan,nan,nan,nan,nan,nan,nan,nan,nan,nan,nan,nan,nan,nan,nan,nan,nan,nan,nan,nan,nan,nan,nan,nan,nan,nan,nan,nan,nan,nan,nan,nan,nan,nan,nan,nan,nan,nan,nan,nan,nan,nan
5.800,APPROACH,299.338814,202.271914,220.551459,6.844887,-8.094683,5.871636,1.261961,-145.563492,-161.563492,4.825113,0.000000,0.000000,-0.061961,0.000000,0.000000,0.000000,56.708422,58.987967,11.670000,-8.094683,5.871636,1.200000,0.000000,0.000000,144.044014,-145.563492,-161.563492,4.766250,0.000000,0.000000,0.000000,0.000000,0.000000,0.000000,202.271914,220.551459,6.844887,299.338814,-8.094683,5.871636,1.261961,10.079313,nan,nan,nan,0,nan,nan,nan,0,nan,nan,nan,nan,nan,nan,nan,nan,nan,nan,nan,nan,nan,nan,nan,nan,nan,nan,nan,nan,nan,nan,nan,nan,nan,nan,nan,nan,nan,nan,nan,nan,nan,nan,nan,nan,nan,nan,nan,nan,nan,nan,nan,nan,nan,nan,nan,nan,nan,nan,nan,nan,nan,nan,nan,nan,nan,nan,nan,nan,nan,nan,nan,nan,nan,nan,nan,nan,nan,nan,nan,nan,nan,nan,nan,nan,nan,nan,nan,nan
5.840,APPROACH,299.338814,202.271914,220.551459,6.844887,-8.094683,5.871636,1.261961,-145.563492,-161.563492,4.822170,0.000000,0.000000,-0.058863,0.000000,0.000000,0.000000,56.301851,59.278999,11.730000,-8.131425,5.820646,1.200000,0.000000,0.000000,144.404110,-145.563492,-161.563492,4.766250,0.000000,0.000000,0.000000,0.000000,0.000000,0.000000,201.865343,220.842491,6.907830,299.280371,-8.131425,5.820646,1.258863,10.078925,nan,nan,nan,0,nan,nan,nan,0,nan,nan,nan,nan,nan,nan,nan,nan,nan,nan,nan,nan,nan,nan,nan,nan,nan,nan,nan,nan,nan,nan,nan,nan,nan,nan,nan,nan,nan,nan,nan,nan,nan,nan,nan,nan,nan,nan,nan,nan,nan,nan,nan,nan,nan,nan,nan,nan,nan,nan,nan,nan,nan,nan,nan,nan,nan,nan,nan,nan,nan,nan,nan,nan,nan,nan,nan,nan,nan,nan,nan,nan,nan,nan,nan,nan,nan,nan,nan,nan
5.900,APPROACH,299.219644,201.456951,221.130963,6.970626,-8.167840,5.769436,1.255920,-145.563492,-161.563492,4.819374,0.000000,0.000000,-0.055920,0.000000,0.000000,0.000000,55.893459,59.567471,11.790000,-8.167840,5.769436,1.200000,0.000000,0.000000,144.764139,-145.563492,-161.563492,4.766250,0.000000,0.000000,0.000000,0.000000,0.000000,0.000000,201.456951,221.130963,6.970626,299.219644,-8.167840,5.769436,1.255920,10.078558,nan,nan,nan,0,nan,nan,nan,0,nan,nan,nan,nan,nan,nan,nan,nan,nan,nan,nan,nan,nan,nan,nan,nan,nan,nan,nan,nan,nan,nan,nan,nan,nan,nan,nan,nan,nan,nan,nan,nan,nan,nan,nan,nan,nan,nan,nan,nan,nan,nan,nan,nan,nan,nan,nan,nan,nan,nan,nan,nan,nan,nan,nan,nan,nan,nan,nan,nan,nan,nan,nan,nan,nan,nan,nan,nan,nan,nan,nan,nan,nan,nan,nan,nan,nan,nan,nan,nan
5.940,APPROACH,299.219644,201.456951,221.130963,6.970626,-8.167840,5.769436,1.255920,-145.563492,-161.563492,4.816718,0.000000,0.000000,-0.053124,0.000000,0.000000,0.000000,55.483262,59.853371,11.850000,-8.203925,5.718008,1.200000,0.000000,0.000000,145.124103,-145.563492,-161.563492,4.766250,0.000000,0.000000,0.000000,0.000000,0.000000,0.000000,201.046754,221.416863,7.033282,299.156634,-8.203925,5.718008,1.253124,10.078210,nan,nan,nan,0,nan,nan,nan,0,nan,nan,nan,nan,nan,nan,nan,nan,nan,nan,nan,nan,nan,nan,nan,nan,nan,nan,nan,nan,nan,nan,nan,nan,nan,nan,nan,nan,nan,nan,nan,nan,nan,nan,nan,nan,nan,nan,nan,nan,nan,nan,nan,nan,nan,nan,nan,nan,nan,nan,nan,nan,nan,nan,nan,nan,nan,nan,nan,nan,nan,nan,nan,nan,nan,nan,nan,nan,nan,nan,nan,nan,nan,nan,nan,nan,nan,nan,nan,nan
6.000,APPROACH,299.091344,200.634770,221.700181,7.095806,-8.239680,5.666363,1.250468,-145.563492,-161.563492,4.814194,0.000000,0.000000,-0.050468,0.000000,0.000000,0.000000,55.071278,60.136690,11.910000,-8.239680,5.666363,1.200000,0.000000,0.000000,145.484005,-145.563492,-161.563492,4.766250,0.000000,0.000000,0.000000,0.000000,0.000000,0.000000,200.634770,221.700181,7.095806,299.091344,-8.239680,5.666363,1.250468,10.077880,nan,nan,nan,0,nan,nan,nan,0,nan,nan,nan,nan,nan,nan,nan,nan,nan,nan,nan,nan,nan,nan,nan,nan,nan,nan,nan,nan,nan,nan,nan,nan,nan,nan,nan,nan,nan,nan,nan,nan,nan,nan,nan,nan,nan,nan,nan,nan,nan,nan,nan,nan,nan,nan,nan,nan,nan,nan,nan,nan,nan,nan,nan,nan,nan,nan,nan,nan,nan,nan,nan,nan,nan,nan,nan,nan,nan,nan,nan,nan,nan,nan,nan,nan,nan,nan,nan,nan
6.040,APPROACH,299.091344,200.634770,221.700181,7.095806,-8.239680,5.666363,1.250468,-145.563492,-161.563492,4.811797,0.000000,0.000000,-0.047944,0.000000,0.000000,0.000000,54.657523,60.417415,11.970000,-8.275105,5.614503,1.200000,0.000000,0.000000,145.843845,-145.563492,-161.563492,4.766250,0.000000,0.000000,0.000000,0.000000,0.000000,0.000000,200.221015,221.980907,7.158203,299.023774,-8.275105,5.614503,1.247944,10.077567,nan,nan,nan,0,nan,nan,nan,0,nan,nan,nan,nan,nan,nan,nan,nan,nan,nan,nan,nan,nan,nan,nan,nan,nan,nan,nan,nan,nan,nan,nan,nan,nan,nan,nan,nan,nan,nan,nan,nan,nan,nan,nan,nan,nan,nan,nan,nan,nan,nan,nan,nan,nan,nan,nan,nan,nan,nan,nan,nan,nan,nan,nan,nan,nan,nan,nan,nan,nan,nan,nan,nan,nan,nan,nan,nan,nan,nan,nan,nan,nan,nan,nan,nan,nan,nan,nan,nan
6.100,APPROACH,298.953928,199.805505,222.259028,7.220480,-8.310197,5.562430,1.245547,-145.563492,-161.563492,4.809520,0.000000,0.000000,-0.045547,0.000000,0.000000,0.000000,54.242013,60.695536,12.030000,-8.310197,5.562430,1.200000,0.000000,0.000000,146.203626,-145.563492,-161.563492,4.766250,0.000000,0.000000,0.000000,0.000000,0.000000,0.000000,199.805505,222.259028,7.220480,298.953928,-8.310197,5.562430,1.245547,10.077271,nan,nan,nan,0,nan,nan,nan,0,nan,nan,nan,nan,nan,nan,nan,nan,nan,nan,nan,nan,nan,nan,nan,nan,nan,nan,nan,nan,nan,nan,nan,nan,nan,nan,nan,nan,nan,nan,nan,nan,nan,nan,nan,nan,nan,nan,nan,nan,nan,nan,nan,nan,nan,nan,nan,nan,nan,nan,nan,nan,nan,nan,nan,nan,nan,nan,nan,nan,nan,nan,nan,nan,nan,nan,nan,nan,nan,nan,nan,nan,nan,nan,nan,nan,nan,nan,nan,nan
6.140,APPROACH,298.953928,199.805505,222.259028,7.220480,-8.310197,5.562430,1.245547,-145.563492,-161.563492,4.807356,0.000000,0.000000,-0.043270,0.000000,0.000000,0.000000,53.824766,60.971043,12.090000,-8.344956,5.510147,1.200000,0.000000,0.000000,146.563349,-145.563492,-161.563492,4.766250,0.000000,0.000000,0.000000,0.000000,0.000000,0.000000,199.388257,222.534535,7.282644,298.881805,-8.344956,5.510147,1.243270,10.076990,nan,nan,nan,0,nan,nan,nan,0,nan,nan,nan,nan,nan,nan,nan,nan,nan,nan,nan,nan,nan,nan,nan,nan,nan,nan,nan,nan,nan,nan,nan,nan,nan,nan,nan,nan,nan,nan,nan,nan,nan,nan,nan,nan,nan,nan,nan,nan,nan,nan,nan,nan,nan,nan,nan,nan,nan,nan,nan,nan,nan,nan,nan,nan,nan,nan,nan,nan,nan,nan,nan,nan,nan,nan,nan,nan,nan,nan,nan,nan,nan,nan,nan,nan,nan,nan,nan,nan
6.200,APPROACH,298.807409,198.969288,222.807418,7.344699,-8.379380,5.457654,1.241106,-145.563492,-161.563492,4.805301,0.000000,0.000000,-0.041106,0.000000,0.000000,0.000000,53.405797,61.243926,12.150000,-8.379380,5.457654,1.200000,0.000000,0.000000,146.923017,-145.563492,-161.563492,4.766250,0.000000,0.000000,0.000000,0.000000,0.000000,0.000000,198.969288,222.807418,7.344699,298.807409,-8.379380,5.457654,1.241106,10.076723,nan,nan,nan,0,nan,nan,nan,0,nan,nan,nan,nan,nan,nan,nan,nan,nan,nan,nan,nan,nan,nan,nan,nan,nan,nan,nan,nan,nan,nan,nan,nan,nan,nan,nan,nan,nan,nan,nan,nan,nan,nan,nan,nan,nan,nan,nan,nan,nan,nan,nan,nan,nan,nan,nan,nan,nan,nan,nan,nan,nan,nan,nan,nan,nan,nan,nan,nan,nan,nan,nan,nan,nan,nan,nan,nan,nan,nan,nan,nan,nan,nan,nan,nan,nan,nan,nan,nan
6.240,APPROACH,298.807409,198.969288,222.807418,7.344699,-8.379380,5.457654,1.241106,-145.563492,-161.563492,4.803348,0.000000,0.000000,-0.039051,0.000000,0.000000,0.000000,52.985123,61.514174,12.210000,-8.413470,5.404954,1.200000,0.000000,0.000000,147.282631,-145.563492,-161.563492,4.766250,0.000000,0.000000,0.000000,0.000000,0.000000,0.000000,198.548615,223.077666,7.406652,298.730742,-8.413470,5.404954,1.239051,10.076470,nan,nan,nan,0,nan,nan,nan,0,nan,nan,nan,nan,nan,nan,nan,nan,nan,nan,nan,nan,nan,nan,nan,nan,nan,nan,nan,nan,nan,nan,nan,nan,nan,nan,nan,nan,nan,nan,nan,nan,nan,nan,nan,nan,nan,nan,nan,nan,nan,nan,nan,nan,nan,nan,nan,nan,nan,nan,nan,nan,nan,nan,nan,nan,nan,nan,nan,nan,nan,nan,nan,nan,nan,nan,nan,nan,nan,nan,nan,nan,nan,nan,nan,nan,nan,nan,nan,nan
6.300,APPROACH,298.651804,198.126254,223.345268,7.468507,-8.447223,5.352049,1.237098,-145.563492,-161.563492,4.801493,0.000000,0.000000,-0.037098,0.000000,0.000000,0.000000,52.562762,61.781776,12.270000,-8.447223,5.352049,1.200000,0.000000,0.000000,147.642192,-145.563492,-161.563492,4.766250,0.000000,0.000000,0.000000,0.000000,0.000000,0.000000,198.126254,223.345268,7.468507,298.651804,-8.447223,5.352049,1.237098,10.076230,nan,nan,nan,0,nan,nan,nan,0,nan,nan,nan,nan,nan,nan,nan,nan,nan,nan,nan,nan,nan,nan,nan,nan,nan,nan,nan,nan,nan,nan,nan,nan,nan,nan,nan,nan,nan,nan,nan,nan,nan,nan,nan,nan,nan,nan,nan,nan,nan,nan,nan,nan,nan,nan,nan,nan,nan,nan,nan,nan,nan,nan,nan,nan,nan,nan,nan,nan,nan,nan,nan,nan,nan,nan,nan,nan,nan,nan,nan,nan,nan,nan,nan,nan,nan,nan,nan,nan
6.340,APPROACH,298.651804,198.126254,223.345268,7.468507,-8.447223,5.352049,1.237098,-145.563492,-161.563492,4.799731,0.000000,0.000000,-0.035243,0.000000,0.000000,0.000000,52.138730,62.046723,12.330000,-8.480638,5.298941,1.200000,0.000000,0.000000,148.001702,-145.563492,-161.563492,4.766250,0.000000,0.000000,0.000000,0.000000,0.000000,0.000000,197.702222,223.610215,7.530269,298.570598,-8.480638,5.298941,1.235243,10.076002,nan,nan,nan,0,nan,nan,nan,0,nan,nan,nan,nan,nan,nan,nan,nan,nan,nan,nan,nan,nan,nan,nan,nan,nan,nan,nan,nan,nan,nan,nan,nan,nan,nan,nan,nan,nan,nan,nan,nan,nan,nan,nan,nan,nan,nan,nan,nan,nan,nan,nan,nan,nan,nan,nan,nan,nan,nan,nan,nan,nan,nan,nan,nan,nan,nan,nan,nan,nan,nan,nan,nan,nan,nan,nan,nan,nan,nan,nan,nan,nan,nan,nan,nan,nan,nan,nan,nan
6.400,APPROACH,298.487126,197.276536,223.872497,7.591943,-8.513716,5.245631,1.233481,-145.563492,-161.563492,4.798057,0.000000,0.000000,-0.033481,0.000000,0.000000,0.000000,51.713044,62.309005,12.390000,-8.513716,5.245631,1.200000,0.000000,0.000000,148.361164,-145.563492,-161.563492,4.766250,0.000000,0.000000,0.000000,0.000000,0.000000,0.000000,197.276536,223.872497,7.591943,298.487126,-8.513716,5.245631,1.233481,10.075787,nan,nan,nan,0,nan,nan,nan,0,nan,nan,nan,nan,nan,nan,nan,nan,nan,nan,nan,nan,nan,nan,nan,nan,nan,nan,nan,nan,nan,nan,nan,nan,nan,nan,nan,nan,nan,nan,nan,nan,nan,nan,nan,nan,nan,nan,nan,nan,nan,nan,nan,nan,nan,nan,nan,nan,nan,nan,nan,nan,nan,nan,nan,nan,nan,nan,nan,nan,nan,nan,nan,nan,nan,nan,nan,nan,nan,nan,nan,nan,nan,nan,nan,nan,nan,nan,nan,nan
6.440,APPROACH,298.487126,197.276536,223.872497,7.591943,-8.513716,5.245631,1.233481,-145.563492,-161.563492,4.796467,0.000000,0.000000,-0.031807,0.000000,0.000000,0.000000,51.285722,62.568611,12.450000,-8.546454,5.192122,1.200000,0.000000,0.000000,148.720577,-145.563492,-161.563492,4.766250,0.000000,0.000000,0.000000,0.000000,0.000000,0.000000,196.849213,224.132103,7.653533,298.401389,-8.546454,5.192122,1.231807,10.075582,nan,nan,nan,0,nan,nan,nan,0,nan,nan,nan,nan,nan,nan,nan,nan,nan,nan,nan,nan,nan,nan,nan,nan,nan,nan,nan,nan,nan,nan,nan,nan,nan,nan,nan,nan,nan,nan,nan,nan,nan,nan,nan,nan,nan,nan,nan,nan,nan,nan,nan,nan,nan,nan,nan,nan,nan,nan,nan,nan,nan,nan,nan,nan,nan,nan,nan,nan,nan,nan,nan,nan,nan,nan,nan,nan,nan,nan,nan,nan,nan,nan,nan,nan,nan,nan,nan,nan
6.500,APPROACH,298.313390,196.420271,224.389024,7.715044,-8.578851,5.138416,1.230217,-145.563492,-161.563492,4.794956,0.000000,0.000000,-0.030217,0.000000,0.000000,0.000000,50.856779,62.825532,12.510000,-8.578851,5.138416,1.200000,0.000000,0.000000,149.079943,-145.563492,-161.563492,4.766250,0.000000,0.000000,0.000000,0.000000,0.000000,0.000000,196.420271,224.389024,7.715044,298.313390,-8.578851,5.138416,1.230217,10.075388,nan,nan,nan,0,nan,nan,nan,0,nan,nan,nan,nan,nan,nan,nan,nan,nan,nan,nan,nan,nan,nan,nan,nan,nan,nan,nan,nan,nan,nan,nan,nan,nan,nan,nan,nan,nan,nan,nan,nan,nan,nan,nan,nan,nan,nan,nan,nan,nan,nan,nan,nan,nan,nan,nan,nan,nan,nan,nan,nan,nan,nan,nan,nan,nan,nan,nan,nan,nan,nan,nan,nan,nan,nan,nan,nan,nan,nan,nan,nan,nan,nan,nan,nan,nan,nan,nan,nan
6.541,APPROACH,298.313390,196.420271,224.389024,7.715044,-8.578851,5.138416,1.230217,-145.563492,-161.563492,4.793521,0.000000,0.000000,-0.028706,0.000000,0.000000,0.000000,50.426234,63.079758,12.570000,-8.610907,5.084514,1.200000,0.000000,0.000000,149.439265,-145.563492,-161.563492,4.766250,0.000000,0.000000,0.000000,0.000000,0.000000,0.000000,195.989726,224.643249,7.776479,298.223131,-8.610907,5.084514,1.228706,10.075203,nan,nan,nan,0,nan,nan,nan,0,nan,nan,nan,nan,nan,nan,nan,nan,nan,nan,nan,nan,nan,nan,nan,nan,nan,nan,nan,nan,nan,nan,nan,nan,nan,nan,nan,nan,nan,nan,nan,nan,nan,nan,nan,nan,nan,nan,nan,nan,nan,nan,nan,nan,nan,nan,nan,nan,nan,nan,nan,nan,nan,nan,nan,nan,nan,nan,nan,nan,nan,nan,nan,nan,nan,nan,nan,nan,nan,nan,nan,nan,nan,nan,nan,nan,nan,nan,nan,nan
6.600,APPROACH,298.130613,195.557595,224.894770,7.837843,-8.642620,5.030419,1.227271,-145.563492,-161.563492,4.792157,0.000000,0.000000,-0.027271,0.000000,0.000000,0.000000,49.994103,63.331278,12.630000,-8.642620,5.030419,1.200000,0.000000,0.000000,149.798543,-145.563492,-161.563492,4.766250,0.000000,0.000000,0.000000,0.000000,0.000000,0.000000,195.557595,224.894770,7.837843,298.130613,-8.642620,5.030419,1.227271,10.075028,nan,nan,nan,0,nan,nan,nan,0,nan,nan,nan,nan,nan,nan,nan,nan,nan,nan,nan,nan,nan,nan,nan,nan,nan,nan,nan,nan,nan,nan,nan,nan,nan,nan,nan,nan,nan,nan,nan,nan,nan,nan,nan,nan,nan,nan,nan,nan,nan,nan,nan,nan,nan,nan,nan,nan,nan,nan,nan,nan,nan,nan,nan,nan,nan,nan,nan,nan,nan,nan,nan,nan,nan,nan,nan,nan,nan,nan,nan,nan,nan,nan,nan,nan,nan,nan,nan,nan
6.640,APPROACH,298.130613,195.557595,224.894770,7.837843,-8.642620,5.030419,1.227271,-145.563492,-161.563492,4.790862,0.000000,0.000000,-0.025907,0.000000,0.000000,0.000000,49.560403,63.580085,12.690000,-8.673990,4.976133,1.200000,0.000000,0.000000,150.157779,-145.563492,-161.563492,4.766250,0.000000,0.000000,0.000000,0.000000,0.000000,0.000000,195.123895,225.143577,7.899138,298.035839,-8.673990,4.976133,1.225907,10.074862,nan,nan,nan,0,nan,nan,nan,0,nan,nan,nan,nan,nan,nan,nan,nan,nan,nan,nan,nan,nan,nan,nan,nan,nan,nan,nan,nan,nan,nan,nan,nan,nan,nan,nan,nan,nan,nan,nan,nan,nan,nan,nan,nan,nan,nan,nan,nan,nan,nan,nan,nan,nan,nan,nan,nan,nan,nan,nan,nan,nan,nan,nan,nan,nan,nan,nan,nan,nan,nan,nan,nan,nan,nan,nan,nan,nan,nan,nan,nan,nan,nan,nan,nan,nan,nan,nan,nan
6.700,APPROACH,297.938810,194.688644,225.389660,7.960369,-8.705015,4.921657,1.224612,-145.563492,-161.563492,4.789631,0.000000,0.000000,-0.024612,0.000000,0.000000,0.000000,49.125152,63.826168,12.750000,-8.705015,4.921657,1.200000,0.000000,0.000000,150.516973,-145.563492,-161.563492,4.766250,0.000000,0.000000,0.000000,0.000000,0.000000,0.000000,194.688644,225.389660,7.960369,297.938810,-8.705015,4.921657,1.224612,10.074705,nan,nan,nan,0,nan,nan,nan,0,nan,nan,nan,nan,nan,nan,nan,nan,nan,nan,nan,nan,nan,nan,nan,nan,nan,nan,nan,nan,nan,nan,nan,nan,nan,nan,nan,nan,nan,nan,nan,nan,nan,nan,nan,nan,nan,nan,nan,nan,nan,nan,nan,nan,nan,nan,nan,nan,nan,nan,nan,nan,nan,nan,nan,nan,nan,nan,nan,nan,nan,nan,nan,nan,nan,nan,nan,nan,nan,nan,nan,nan,nan,nan,nan,nan,nan,nan,nan,nan
6.740,APPROACH,297.938810,194.688644,225.389660,7.960369,-8.705015,4.921657,1.224612,-145.563492,-161.563492,4.788462,0.000000,0.000000,-0.023381,0.000000,0.000000,0.000000,48.688368,64.069518,12.810000,-8.735695,4.866994,1.200000,0.000000,0.000000,150.876128,-145.563492,-161.563492,4.766250,0.000000,0.000000,0.000000,0.000000,0.000000,0.000000,194.251860,225.633010,8.021538,297.839529,-8.735695,4.866994,1.223381,10.074555,nan,nan,nan,0,nan,nan,nan,0,nan,nan,nan,nan,nan,nan,nan,nan,nan,nan,nan,nan,nan,nan,nan,nan,nan,nan,nan,nan,nan,nan,nan,nan,nan,nan,nan,nan,nan,nan,nan,nan,nan,nan,nan,nan,nan,nan,nan,nan,nan,nan,nan,nan,nan,nan,nan,nan,nan,nan,nan,nan,nan,nan,nan,nan,nan,nan,nan,nan,nan,nan,nan,nan,nan,nan,nan,nan,nan,nan,nan,nan,nan,nan,nan,nan,nan,nan,nan,nan
6.800,APPROACH,297.737998,193.813558,225.873617,8.082648,-8.766029,4.812145,1.222212,-145.563492,-161.563492,4.787352,0.000000,0.000000,-0.022212,0.000000,0.000000,0.000000,48.250066,64.310125,12.870000,-8.766029,4.812145,1.200000,0.000000,0.000000,151.235244,-145.563492,-161.563492,4.766250,0.000000,0.000000,0.000000,0.000000,0.000000,0.000000,193.813558,225.873617,8.082648,297.737998,-8.766029,4.812145,1.222212,10.074413,nan,nan,nan,0,nan,nan,nan,0,nan,nan,nan,nan,nan,nan,nan,nan,nan,nan,nan,nan,nan,nan,nan,nan,nan,nan,nan,nan,nan,nan,nan,nan,nan,nan,nan,nan,nan,nan,nan,nan,nan,nan,nan,nan,nan,nan,nan,nan,nan,nan,nan,nan,nan,nan,nan,nan,nan,nan,nan,nan,nan,nan,nan,nan,nan,nan,nan,nan,nan,nan,nan,nan,nan,nan,nan,nan,nan,nan,nan,nan,nan,nan,nan,nan,nan,nan,nan,nan
6.840,APPROACH,297.737998,193.813558,225.873617,8.082648,-8.766029,4.812145,1.222212,-145.563492,-161.563492,4.786296,0.000000,0.000000,-0.021102,0.000000,0.000000,0.000000,47.810266,64.547981,12.930000,-8.796014,4.757114,1.200000,0.000000,0.000000,151.594323,-145.563492,-161.563492,4.766250,0.000000,0.000000,0.000000,0.000000,0.000000,0.000000,193.373757,226.111473,8.143704,297.634218,-8.796014,4.757114,1.221102,10.074279,nan,nan,nan,0,nan,nan,nan,0,nan,nan,nan,nan,nan,nan,nan,nan,nan,nan,nan,nan,nan,nan,nan,nan,nan,nan,nan,nan,nan,nan,nan,nan,nan,nan,nan,nan,nan,nan,nan,nan,nan,nan,nan,nan,nan,nan,nan,nan,nan,nan,nan,nan,nan,nan,nan,nan,nan,nan,nan,nan,nan,nan,nan,nan,nan,nan,nan,nan,nan,nan,nan,nan,nan,nan,nan,nan,nan,nan,nan,nan,nan,nan,nan,nan,nan,nan,nan,nan
6.900,APPROACH,297.528193,192.932475,226.346568,8.204706,-8.825652,4.701901,1.220046,-145.563492,-161.563492,4.785294,0.000000,0.000000,-0.020046,0.000000,0.000000,0.000000,47.368983,64.783076,12.990000,-8.825652,4.701901,1.200000,0.000000,0.000000,151.953365,-145.563492,-161.563492,4.766250,0.000000,0.000000,0.000000,0.000000,0.000000,0.000000,192.932475,226.346568,8.204706,297.528193,-8.825652,4.701901,1.220046,10.074151,nan,nan,nan,0,nan,nan,nan,0,nan,nan,nan,nan,nan,nan,nan,nan,nan,nan,nan,nan,nan,nan,nan,nan,nan,nan,nan,nan,nan,nan,nan,nan,nan,nan,nan,nan,nan,nan,nan,nan,nan,nan,nan,nan,nan,nan,nan,nan,nan,nan,nan,nan,nan,nan,nan,nan,nan,nan,nan,nan,nan,nan,nan,nan,nan,nan,nan,nan,nan,nan,nan,nan,nan,nan,nan,nan,nan,nan,nan,nan,nan,nan,nan,nan,nan,nan,nan,nan
6.940,APPROACH,297.528193,192.932475,226.346568,8.204706,-8.825652,4.701901,1.220046,-145.563492,-161.563492,4.784342,0.000000,0.000000,-0.019044,0.000000,0.000000,0.000000,46.926236,65.015401,13.050000,-8.854940,4.646509,1.200000,0.000000,0.000000,152.312371,-145.563492,-161.563492,4.766250,0.000000,0.000000,0.000000,0.000000,0.000000,0.000000,192.489728,226.578893,8.265658,297.419924,-8.854940,4.646509,1.219044,10.074029,nan,nan,nan,0,nan,nan,nan,0,nan,nan,nan,nan,nan,nan,nan,nan,nan,nan,nan,nan,nan,nan,nan,nan,nan,nan,nan,nan,nan,nan,nan,nan,nan,nan,nan,nan,nan,nan,nan,nan,nan,nan,nan,nan,nan,nan,nan,nan,nan,nan,nan,nan,nan,nan,nan,nan,nan,nan,nan,nan,nan,nan,nan,nan,nan,nan,nan,nan,nan,nan,nan,nan,nan,nan,nan,nan,nan,nan,nan,nan,nan,nan,nan,nan,nan,nan,nan,nan
7.000,APPROACH,297.309413,192.045534,226.808440,8.326563,-8.883877,4.590939,1.218092,-145.563492,-161.563492,4.783437,0.000000,0.000000,-0.018092,0.000000,0.000000,0.000000,46.482042,65.244948,13.110000,-8.883877,4.590939,1.200000,0.000000,0.000000,152.671344,-145.563492,-161.563492,4.766250,0.000000,0.000000,0.000000,0.000000,0.000000,0.000000,192.045534,226.808440,8.326563,297.309413,-8.883877,4.590939,1.218092,10.073914,nan,nan,nan,0,nan,nan,nan,0,nan,nan,nan,nan,nan,nan,nan,nan,nan,nan,nan,nan,nan,nan,nan,nan,nan,nan,nan,nan,nan,nan,nan,nan,nan,nan,nan,nan,nan,nan,nan,nan,nan,nan,nan,nan,nan,nan,nan,nan,nan,nan,nan,nan,nan,nan,nan,nan,nan,nan,nan,nan,nan,nan,nan,nan,nan,nan,nan,nan,nan,nan,nan,nan,nan,nan,nan,nan,nan,nan,nan,nan,nan,nan,nan,nan,nan,nan,nan,nan
7.040,APPROACH,297.309413,192.045534,226.808440,8.326563,-8.883877,4.590939,1.218092,-145.563492,-161.563492,4.782578,0.000000,0.000000,-0.017187,0.000000,0.000000,0.000000,46.036419,65.471708,13.170000,-8.912464,4.535195,1.200000,0.000000,0.000000,153.030283,-145.563492,-161.563492,4.766250,0.000000,0.000000,0.000000,0.000000,0.000000,0.000000,191.599911,227.035200,8.387422,297.196663,-8.912464,4.535195,1.217187,10.073805,nan,nan,nan,0,nan,nan,nan,0,nan,nan,nan,nan,nan,nan,nan,nan,nan,nan,nan,nan,nan,nan,nan,nan,nan,nan,nan,nan,nan,nan,nan,nan,nan,nan,nan,nan,nan,nan,nan,nan,nan,nan,nan,nan,nan,nan,nan,nan,nan,nan,nan,nan,nan,nan,nan,nan,nan,nan,nan,nan,nan,nan,nan,nan,nan,nan,nan,nan,nan,nan,nan,nan,nan,nan,nan,nan,nan,nan,nan,nan,nan,nan,nan,nan,nan,nan,nan,nan
7.100,APPROACH,297.081676,191.152876,227.259164,8.448238,-8.940697,4.479278,1.216328,-145.563492,-161.563492,4.781762,0.000000,0.000000,-0.016328,0.000000,0.000000,0.000000,45.589384,65.695672,13.230000,-8.940697,4.479278,1.200000,0.000000,0.000000,153.389191,-145.563492,-161.563492,4.766250,0.000000,0.000000,0.000000,0.000000,0.000000,0.000000,191.152876,227.259164,8.448238,297.081676,-8.940697,4.479278,1.216328,10.073701,nan,nan,nan,0,nan,nan,nan,0,nan,nan,nan,nan,nan,nan,nan,nan,nan,nan,nan,nan,nan,nan,nan,nan,nan,nan,nan,nan,nan,nan,nan,nan,nan,nan,nan,nan,nan,nan,nan,nan,nan,nan,nan,nan,nan,nan,nan,nan,nan,nan,nan,nan,nan,nan,nan,nan,nan,nan,nan,nan,nan,nan,nan,nan,nan,nan,nan,nan,nan,nan,nan,nan,nan,nan,nan,nan,nan,nan,nan,nan,nan,nan,nan,nan,nan,nan,nan,nan
7.140,APPROACH,297.081676,191.152876,227.259164,8.448238,-8.940697,4.479278,1.216328,-145.563492,-161.563492,4.780986,0.000000,0.000000,-0.015512,0.000000,0.000000,0.000000,45.140955,65.916831,13.290000,-8.968578,4.423190,1.200000,0.000000,0.000000,153.748067,-145.563492,-161.563492,4.766250,0.000000,0.000000,0.000000,0.000000,0.000000,0.000000,190.704447,227.480323,8.509014,296.964454,-8.968578,4.423190,1.215512,10.073603,nan,nan,nan,0,nan,nan,nan,0,nan,nan,nan,nan,nan,nan,nan,nan,nan,nan,nan,nan,nan,nan,nan,nan,nan,nan,nan,nan,nan,nan,nan,nan,nan,nan,nan,nan,nan,nan,nan,nan,nan,nan,nan,nan,nan,nan,nan,nan,nan,nan,nan,nan,nan,nan,nan,nan,nan,nan,nan,nan,nan,nan,nan,nan,nan,nan,nan,nan,nan,nan,nan,nan,nan,nan,nan,nan,nan,nan,nan,nan,nan,nan,nan,nan,nan,nan,nan,nan
7.200,APPROACH,296.844999,190.254642,227.698670,8.569751,-8.996105,4.366933,1.214736,-145.563492,-161.563492,4.780249,0.000000,0.000000,-0.014736,0.000000,0.000000,0.000000,44.691150,66.135178,13.350000,-8.996105,4.366933,1.200000,0.000000,0.000000,154.106912,-145.563492,-161.563492,4.766250,0.000000,0.000000,0.000000,0.000000,0.000000,0.000000,190.254642,227.698670,8.569751,296.844999,-8.996105,4.366933,1.214736,10.073509,nan,nan,nan,0,nan,nan,nan,0,nan,nan,nan,nan,nan,nan,nan,nan,nan,nan,nan,nan,nan,nan,nan,nan,nan,nan,nan,nan,nan,nan,nan,nan,nan,nan,nan,nan,nan,nan,nan,nan,nan,nan,nan,nan,nan,nan,nan,nan,nan,nan,nan,nan,nan,nan,nan,nan,nan,nan,nan,nan,nan,nan,nan,nan,nan,nan,nan,nan,nan,nan,nan,nan,nan,nan,nan,nan,nan,nan,nan,nan,nan,nan,nan,nan,nan,nan,nan,nan
7.240,APPROACH,296.844999,190.254642,227.698670,8.569751,-8.996105,4.366933,1.214736,-145.563492,-161.563492,4.779549,0.000000,0.000000,-0.013999,0.000000,0.000000,0.000000,44.239986,66.350703,13.410000,-9.023276,4.310509,1.200000,0.000000,0.000000,154.465728,-145.563492,-161.563492,4.766250,0.000000,0.000000,0.000000,0.000000,0.000000,0.000000,189.803478,227.914195,8.630451,296.723314,-9.023276,4.310509,1.213999,10.073420,nan,nan,nan,0,nan,nan,nan,0,nan,nan,nan,nan,nan,nan,nan,nan,nan,nan,nan,nan,nan,nan,nan,nan,nan,nan,nan,nan,nan,nan,nan,nan,nan,nan,nan,nan,nan,nan,nan,nan,nan,nan,nan,nan,nan,nan,nan,nan,nan,nan,nan,nan,nan,nan,nan,nan,nan,nan,nan,nan,nan,nan,nan,nan,nan,nan,nan,nan,nan,nan,nan,nan,nan,nan,nan,nan,nan,nan,nan,nan,nan,nan,nan,nan,nan,nan,nan,nan
7.300,APPROACH,296.599402,189.350973,228.126891,8.691116,-9.050092,4.253921,1.213299,-145.563492,-161.563492,4.778884,0.000000,0.000000,-0.013299,0.000000,0.000000,0.000000,43.787482,66.563399,13.470000,-9.050092,4.253921,1.200000,0.000000,0.000000,154.824516,-145.563492,-161.563492,4.766250,0.000000,0.000000,0.000000,0.000000,0.000000,0.000000,189.350973,228.126891,8.691116,296.599402,-9.050092,4.253921,1.213299,10.073336,nan,nan,nan,0,nan,nan,nan,0,nan,nan,nan,nan,nan,nan,nan,nan,nan,nan,nan,nan,nan,nan,nan,nan,nan,nan,nan,nan,nan,nan,nan,nan,nan,nan,nan,nan,nan,nan,nan,nan,nan,nan,nan,nan,nan,nan,nan,nan,nan,nan,nan,nan,nan,nan,nan,nan,nan,nan,nan,nan,nan,nan,nan,nan,nan,nan,nan,nan,nan,nan,nan,nan,nan,nan,nan,nan,nan,nan,nan,nan,nan,nan,nan,nan,nan,nan,nan,nan
7.340,APPROACH,296.599402,189.350973,228.126891,8.691116,-9.050092,4.253921,1.213299,-145.563492,-161.563492,4.778253,0.000000,0.000000,-0.012634,0.000000,0.000000,0.000000,43.333654,66.773258,13.530000,-9.076550,4.197170,1.200000,0.000000,0.000000,155.183276,-145.563492,-161.563492,4.766250,0.000000,0.000000,0.000000,0.000000,0.000000,0.000000,188.897146,228.336750,8.751747,296.473264,-9.076550,4.197170,1.212634,10.073256,nan,nan,nan,0,nan,nan,nan,0,nan,nan,nan,nan,nan,nan,nan,nan,nan,nan,nan,nan,nan,nan,nan,nan,nan,nan,nan,nan,nan,nan,nan,nan,nan,nan,nan,nan,nan,nan,nan,nan,nan,nan,nan,nan,nan,nan,nan,nan,nan,nan,nan,nan,nan,nan,nan,nan,nan,nan,nan,nan,nan,nan,nan,nan,nan,nan,nan,nan,nan,nan,nan,nan,nan,nan,nan,nan,nan,nan,nan,nan,nan,nan,nan,nan,nan,nan,nan,nan
7.400,APPROACH,296.344903,188.442013,228.543763,8.812348,-9.102651,4.140259,1.212003,-145.563492,-161.563492,4.777652,0.000000,0.000000,-0.012003,0.000000,0.000000,0.000000,42.878521,66.980271,13.590000,-9.102651,4.140259,1.200000,0.000000,0.000000,155.542009,-145.563492,-161.563492,4.766250,0.000000,0.000000,0.000000,0.000000,0.000000,0.000000,188.442013,228.543763,8.812348,296.344903,-9.102651,4.140259,1.212003,10.073180,nan,nan,nan,0,nan,nan,nan,0,nan,nan,nan,nan,nan,nan,nan,nan,nan,nan,nan,nan,nan,nan,nan,nan,nan,nan,nan,nan,nan,nan,nan,nan,nan,nan,nan,nan,nan,nan,nan,nan,nan,nan,nan,nan,nan,nan,nan,nan,nan,nan,nan,nan,nan,nan,nan,nan,nan,nan,nan,nan,nan,nan,nan,nan,nan,nan,nan,nan,nan,nan,nan,nan,nan,nan,nan,nan,nan,nan,nan,nan,nan,nan,nan,nan,nan,nan,nan,nan
7.440,APPROACH,296.344903,188.442013,228.543763,8.812348,-9.102651,4.140259,1.212003,-145.563492,-161.563492,4.777082,0.000000,0.000000,-0.011402,0.000000,0.000000,0.000000,42.422102,67.184430,13.650000,-9.128393,4.083190,1.200000,0.000000,0.000000,155.900717,-145.563492,-161.563492,4.766250,0.000000,0.000000,0.000000,0.000000,0.000000,0.000000,187.985594,228.747922,8.872918,296.214321,-9.128393,4.083190,1.211402,10.073108,nan,nan,nan,0,nan,nan,nan,0,nan,nan,nan,nan,nan,nan,nan,nan,nan,nan,nan,nan,nan,nan,nan,nan,nan,nan,nan,nan,nan,nan,nan,nan,nan,nan,nan,nan,nan,nan,nan,nan,nan,nan,nan,nan,nan,nan,nan,nan,nan,nan,nan,nan,nan,nan,nan,nan,nan,nan,nan,nan,nan,nan,nan,nan,nan,nan,nan,nan,nan,nan,nan,nan,nan,nan,nan,nan,nan,nan,nan,nan,nan,nan,nan,nan,nan,nan,nan,nan
7.500,APPROACH,296.081521,187.527905,228.949220,8.933459,-9.153775,4.025965,1.210832,-145.563492,-161.563492,4.776541,0.000000,0.000000,-0.010832,0.000000,0.000000,0.000000,41.964413,67.385729,13.710000,-9.153775,4.025965,1.200000,0.000000,0.000000,156.259399,-145.563492,-161.563492,4.766250,0.000000,0.000000,0.000000,0.000000,0.000000,0.000000,187.527905,228.949220,8.933459,296.081521,-9.153775,4.025965,1.210832,10.073039,nan,nan,nan,0,nan,nan,nan,0,nan,nan,nan,nan,nan,nan,nan,nan,nan,nan,nan,nan,nan,nan,nan,nan,nan,nan,nan,nan,nan,nan,nan,nan,nan,nan,nan,nan,nan,nan,nan,nan,nan,nan,nan,nan,nan,nan,nan,nan,nan,nan,nan,nan,nan,nan,nan,nan,nan,nan,nan,nan,nan,nan,nan,nan,nan,nan,nan,nan,nan,nan,nan,nan,nan,nan,nan,nan,nan,nan,nan,nan,nan,nan,nan,nan,nan,nan,nan,nan
7.540,APPROACH,296.081521,187.527905,228.949220,8.933459,-9.153775,4.025965,1.210832,-145.563492,-161.563492,4.776026,0.000000,0.000000,-0.010291,0.000000,0.000000,0.000000,41.505473,67.584158,13.770000,-9.178797,3.968587,1.200000,0.000000,0.000000,156.618056,-145.563492,-161.563492,4.766250,0.000000,0.000000,0.000000,0.000000,0.000000,0.000000,187.068965,229.147650,8.993974,295.946506,-9.178797,3.968587,1.210291,10.072974,nan,nan,nan,0,nan,nan,nan,0,nan,nan,nan,nan,nan,nan,nan,nan,nan,nan,nan,nan,nan,nan,nan,nan,nan,nan,nan,nan,nan,nan,nan,nan,nan,nan,nan,nan,nan,nan,nan,nan,nan,nan,nan,nan,nan,nan,nan,nan,nan,nan,nan,nan,nan,nan,nan,nan,nan,nan,nan,nan,nan,nan,nan,nan,nan,nan,nan,nan,nan,nan,nan,nan,nan,nan,nan,nan,nan,nan,nan,nan,nan,nan,nan,nan,nan,nan,nan,nan
7.600,APPROACH,295.809278,186.608792,229.343203,9.054463,-9.203458,3.911056,1.209776,-145.563492,-161.563492,4.775537,0.000000,0.000000,-0.009776,0.000000,0.000000,0.000000,41.045300,67.779711,13.830000,-9.203458,3.911056,1.200000,0.000000,0.000000,156.976690,-145.563492,-161.563492,4.766250,0.000000,0.000000,0.000000,0.000000,0.000000,0.000000,186.608792,229.343203,9.054463,295.809278,-9.203458,3.911056,1.209776,10.072912,nan,nan,nan,0,nan,nan,nan,0,nan,nan,nan,nan,nan,nan,nan,nan,nan,nan,nan,nan,nan,nan,nan,nan,nan,nan,nan,nan,nan,nan,nan,nan,nan,nan,nan,nan,nan,nan,nan,nan,nan,nan,nan,nan,nan,nan,nan,nan,nan,nan,nan,nan,nan,nan,nan,nan,nan,nan,nan,nan,nan,nan,nan,nan,nan,nan,nan,nan,nan,nan,nan,nan,nan,nan,nan,nan,nan,nan,nan,nan,nan,nan,nan,nan,nan,nan,nan,nan
7.640,APPROACH,295.809278,186.608792,229.343203,9.054463,-9.203458,3.911056,1.209776,-145.563492,-161.563492,4.775073,0.000000,0.000000,-0.009287,0.000000,0.000000,0.000000,40.583912,67.972380,13.890000,-9.227757,3.853376,1.200000,0.000000,0.000000,157.335300,-145.563492,-161.563492,4.766250,0.000000,0.000000,0.000000,0.000000,0.000000,0.000000,186.147404,229.535871,9.114927,295.669840,-9.227757,3.853376,1.209287,10.072853,nan,nan,nan,0,nan,nan,nan,0,nan,nan,nan,nan,nan,nan,nan,nan,nan,nan,nan,nan,nan,nan,nan,nan,nan,nan,nan,nan,nan,nan,nan,nan,nan,nan,nan,nan,nan,nan,nan,nan,nan,nan,nan,nan,nan,nan,nan,nan,nan,nan,nan,nan,nan,nan,nan,nan,nan,nan,nan,nan,nan,nan,nan,nan,nan,nan,nan,nan,nan,nan,nan,nan,nan,nan,nan,nan,nan,nan,nan,nan,nan,nan,nan,nan,nan,nan,nan,nan
7.700,APPROACH,295.528194,185.684820,229.725649,9.175368,-9.251692,3.795548,1.208823,-145.563492,-161.563492,4.774632,0.000000,0.000000,-0.008823,0.000000,0.000000,0.000000,40.121328,68.162157,13.950000,-9.251692,3.795548,1.200000,0.000000,0.000000,157.693889,-145.563492,-161.563492,4.766250,0.000000,0.000000,0.000000,0.000000,0.000000,0.000000,185.684820,229.725649,9.175368,295.528194,-9.251692,3.795548,1.208823,10.072798,nan,nan,nan,0,nan,nan,nan,0,nan,nan,nan,nan,nan,nan,nan,nan,nan,nan,nan,nan,nan,nan,nan,nan,nan,nan,nan,nan,nan,nan,nan,nan,nan,nan,nan,nan,nan,nan,nan,nan,nan,nan,nan,nan,nan,nan,nan,nan,nan,nan,nan,nan,nan,nan,nan,nan,nan,nan,nan,nan,nan,nan,nan,nan,nan,nan,nan,nan,nan,nan,nan,nan,nan,nan,nan,nan,nan,nan,nan,nan,nan,nan,nan,nan,nan,nan,nan,nan
7.740,APPROACH,295.528194,185.684820,229.725649,9.175368,-9.251692,3.795548,1.208823,-145.563492,-161.563492,4.774213,0.000000,0.000000,-0.008382,0.000000,0.000000,0.000000,39.657565,68.349036,14.010000,-9.275264,3.737576,1.200000,0.000000,0.000000,158.052456,-145.563492,-161.563492,4.766250,0.000000,0.000000,0.000000,0.000000,0.000000,0.000000,185.221056,229.912528,9.235787,295.384343,-9.275264,3.737576,1.208382,10.072745,nan,nan,nan,0,nan,nan,nan,0,nan,nan,nan,nan,nan,nan,nan,nan,nan,nan,nan,nan,nan,nan,nan,nan,nan,nan,nan,nan,nan,nan,nan,nan,nan,nan,nan,nan,nan,nan,nan,nan,nan,nan,nan,nan,nan,nan,nan,nan,nan,nan,nan,nan,nan,nan,nan,nan,nan,nan,nan,nan,nan,nan,nan,nan,nan,nan,nan,nan,nan,nan,nan,nan,nan,nan,nan,nan,nan,nan,nan,nan,nan,nan,nan,nan,nan,nan,nan,nan
7.800,APPROACH,295.238289,184.756133,230.096501,9.296185,-9.298472,3.679460,1.207963,-145.563492,-161.563492,4.773815,0.000000,0.000000,-0.007963,0.000000,0.000000,0.000000,39.192641,68.533009,14.070000,-9.298472,3.679460,1.200000,0.000000,0.000000,158.411001,-145.563492,-161.563492,4.766250,0.000000,0.000000,0.000000,0.000000,0.000000,0.000000,184.756133,230.096501,9.296185,295.238289,-9.298472,3.679460,1.207963,10.072694,nan,nan,nan,0,nan,nan,nan,0,nan,nan,nan,nan,nan,nan,nan,nan,nan,nan,nan,nan,nan,nan,nan,nan,nan,nan,nan,nan,nan,nan,nan,nan,nan,nan,nan,nan,nan,nan,nan,nan,nan,nan,nan,nan,nan,nan,nan,nan,nan,nan,nan,nan,nan,nan,nan,nan,nan,nan,nan,nan,nan,nan,nan,nan,nan,nan,nan,nan,nan,nan,nan,nan,nan,nan,nan,nan,nan,nan,nan,nan,nan,nan,nan,nan,nan,nan,nan,nan
7.840,APPROACH,295.238289,184.756133,230.096501,9.296185,-9.298472,3.679460,1.207963,-145.563492,-161.563492,4.773436,0.000000,0.000000,-0.007565,0.000000,0.000000,0.000000,38.726575,68.714069,14.130000,-9.321313,3.621204,1.200000,0.000000,0.000000,158.769526,-145.563492,-161.563492,4.766250,0.000000,0.000000,0.000000,0.000000,0.000000,0.000000,184.290067,230.277561,9.356564,295.090036,-9.321313,3.621204,1.207565,10.072647,nan,nan,nan,0,nan,nan,nan,0,nan,nan,nan,nan,nan,nan,nan,nan,nan,nan,nan,nan,nan,nan,nan,nan,nan,nan,nan,nan,nan,nan,nan,nan,nan,nan,nan,nan,nan,nan,nan,nan,nan,nan,nan,nan,nan,nan,nan,nan,nan,nan,nan,nan,nan,nan,nan,nan,nan,nan,nan,nan,nan,nan,nan,nan,nan,nan,nan,nan,nan,nan,nan,nan,nan,nan,nan,nan,nan,nan,nan,nan,nan,nan,nan,nan,nan,nan,nan,nan
7.900,APPROACH,294.939585,183.822878,230.455701,9.416923,-9.343789,3.562809,1.207186,-145.563492,-161.563492,4.773077,0.000000,0.000000,-0.007186,0.000000,0.000000,0.000000,38.259386,68.892209,14.190000,-9.343789,3.562809,1.200000,0.000000,0.000000,159.128032,-145.563492,-161.563492,4.766250,0.000000,0.000000,0.000000,0.000000,0.000000,0.000000,183.822878,230.455701,9.416923,294.939585,-9.343789,3.562809,1.207186,10.072601,nan,nan,nan,0,nan,nan,nan,0,nan,nan,nan,nan,nan,nan,nan,nan,nan,nan,nan,nan,nan,nan,nan,nan,nan,nan,nan,nan,nan,nan,nan,nan,nan,nan,nan,nan,nan,nan,nan,nan,nan,nan,nan,nan,nan,nan,nan,nan,nan,nan,nan,nan,nan,nan,nan,nan,nan,nan,nan,nan,nan,nan,nan,nan,nan,nan,nan,nan,nan,nan,nan,nan,nan,nan,nan,nan,nan,nan,nan,nan,nan,nan,nan,nan,nan,nan,nan,nan
7.940,APPROACH,294.939585,183.822878,230.455701,9.416923,-9.343789,3.562809,1.207186,-145.563492,-161.563492,4.772736,0.000000,0.000000,-0.006827,0.000000,0.000000,0.000000,37.791091,69.067423,14.250000,-9.365898,3.504278,1.200000,0.000000,0.000000,159.486518,-145.563492,-161.563492,4.766250,0.000000,0.000000,0.000000,0.000000,0.000000,0.000000,183.354583,230.630915,9.477264,294.786941,-9.365898,3.504278,1.206827,10.072558,nan,nan,nan,0,nan,nan,nan,0,nan,nan,nan,nan,nan,nan,nan,nan,nan,nan,nan,nan,nan,nan,nan,nan,nan,nan,nan,nan,nan,nan,nan,nan,nan,nan,nan,nan,nan,nan,nan,nan,nan,nan,nan,nan,nan,nan,nan,nan,nan,nan,nan,nan,nan,nan,nan,nan,nan,nan,nan,nan,nan,nan,nan,nan,nan,nan,nan,nan,nan,nan,nan,nan,nan,nan,nan,nan,nan,nan,nan,nan,nan,nan,nan,nan,nan,nan,nan,nan
8.000,APPROACH,294.632105,182.885201,230.803196,9.537589,-9.387638,3.445612,1.206486,-145.563492,-161.563492,4.772411,0.000000,0.000000,-0.006486,0.000000,0.000000,0.000000,37.321709,69.239704,14.310000,-9.387638,3.445612,1.200000,0.000000,0.000000,159.844986,-145.563492,-161.563492,4.766250,0.000000,0.000000,0.000000,0.000000,0.000000,0.000000,182.885201,230.803196,9.537589,294.632105,-9.387638,3.445612,1.206486,10.072517,nan,nan,nan,0,nan,nan,nan,0,nan,nan,nan,nan,nan,nan,nan,nan,nan,nan,nan,nan,nan,nan,nan,nan,nan,nan,nan,nan,nan,nan,nan,nan,nan,nan,nan,nan,nan,nan,nan,nan,nan,nan,nan,nan,nan,nan,nan,nan,nan,nan,nan,nan,nan,nan,nan,nan,nan,nan,nan,nan,nan,nan,nan,nan,nan,nan,nan,nan,nan,nan,nan,nan,nan,nan,nan,nan,nan,nan,nan,nan,nan,nan,nan,nan,nan,nan,nan,nan
8.040,APPROACH,294.632105,182.885201,230.803196,9.537589,-9.387638,3.445612,1.206486,-145.563492,-161.563492,4.772103,0.000000,0.000000,-0.006161,0.000000,0.000000,0.000000,36.851259,69.409045,14.370000,-9.409011,3.386815,1.200000,0.000000,0.000000,160.203436,-145.563492,-161.563492,4.766250,0.000000,0.000000,0.000000,0.000000,0.000000,0.000000,182.414750,230.972536,9.597897,294.475081,-9.409011,3.386815,1.206161,10.072479,nan,nan,nan,0,nan,nan,nan,0,nan,nan,nan,nan,nan,nan,nan,nan,nan,nan,nan,nan,nan,nan,nan,nan,nan,nan,nan,nan,nan,nan,nan,nan,nan,nan,nan,nan,nan,nan,nan,nan,nan,nan,nan,nan,nan,nan,nan,nan,nan,nan,nan,nan,nan,nan,nan,nan,nan,nan,nan,nan,nan,nan,nan,nan,nan,nan,nan,nan,nan,nan,nan,nan,nan,nan,nan,nan,nan,nan,nan,nan,nan,nan,nan,nan,nan,nan,nan,nan
8.100,APPROACH,294.315871,181.943250,231.138931,9.658189,-9.430014,3.327888,1.205853,-145.563492,-161.563492,4.771811,0.000000,0.000000,-0.005853,0.000000,0.000000,0.000000,36.379758,69.575439,14.430000,-9.430014,3.327888,1.200000,0.000000,0.000000,160.561868,-145.563492,-161.563492,4.766250,0.000000,0.000000,0.000000,0.000000,0.000000,0.000000,181.943250,231.138931,9.658189,294.315871,-9.430014,3.327888,1.205853,10.072442,nan,nan,nan,0,nan,nan,nan,0,nan,nan,nan,nan,nan,nan,nan,nan,nan,nan,nan,nan,nan,nan,nan,nan,nan,nan,nan,nan,nan,nan,nan,nan,nan,nan,nan,nan,nan,nan,nan,nan,nan,nan,nan,nan,nan,nan,nan,nan,nan,nan,nan,nan,nan,nan,nan,nan,nan,nan,nan,nan,nan,nan,nan,nan,nan,nan,nan,nan,nan,nan,nan,nan,nan,nan,nan,nan,nan,nan,nan,nan,nan,nan,nan,nan,nan,nan,nan,nan
8.140,APPROACH,294.315871,181.943250,231.138931,9.658189,-9.430014,3.327888,1.205853,-145.563492,-161.563492,4.771533,0.000000,0.000000,-0.005561,0.000000,0.000000,0.000000,35.907226,69.738881,14.490000,-9.450647,3.268834,1.200000,0.000000,0.000000,160.920283,-145.563492,-161.563492,4.766250,0.000000,0.000000,0.000000,0.000000,0.000000,0.000000,181.470717,231.302373,9.718467,294.154479,-9.450647,3.268834,1.205561,10.072407,nan,nan,nan,0,nan,nan,nan,0,nan,nan,nan,nan,nan,nan,nan,nan,nan,nan,nan,nan,nan,nan,nan,nan,nan,nan,nan,nan,nan,nan,nan,nan,nan,nan,nan,nan,nan,nan,nan,nan,nan,nan,nan,nan,nan,nan,nan,nan,nan,nan,nan,nan,nan,nan,nan,nan,nan,nan,nan,nan,nan,nan,nan,nan,nan,nan,nan,nan,nan,nan,nan,nan,nan,nan,nan,nan,nan,nan,nan,nan,nan,nan,nan,nan,nan,nan,nan,nan
8.200,APPROACH,293.990907,180.997172,231.462855,9.778731,-9.470909,3.209654,1.205283,-145.563492,-161.563492,4.771269,0.000000,0.000000,-0.005283,0.000000,0.000000,0.000000,35.433680,69.899363,14.550000,-9.470909,3.209654,1.200000,0.000000,0.000000,161.278682,-145.563492,-161.563492,4.766250,0.000000,0.000000,0.000000,0.000000,0.000000,0.000000,180.997172,231.462855,9.778731,293.990907,-9.470909,3.209654,1.205283,10.072373,nan,nan,nan,0,nan,nan,nan,0,nan,nan,nan,nan,nan,nan,nan,nan,nan,nan,nan,nan,nan,nan,nan,nan,nan,nan,nan,nan,nan,nan,nan,nan,nan,nan,nan,nan,nan,nan,nan,nan,nan,nan,nan,nan,nan,nan,nan,nan,nan,nan,nan,nan,nan,nan,nan,nan,nan,nan,nan,nan,nan,nan,nan,nan,nan,nan,nan,nan,nan,nan,nan,nan,nan,nan,nan,nan,nan,nan,nan,nan,nan,nan,nan,nan,nan,nan,nan,nan
8.240,APPROACH,293.990907,180.997172,231.462855,9.778731,-9.470909,3.209654,1.205283,-145.563492,-161.563492,4.771018,0.000000,0.000000,-0.005019,0.000000,0.000000,0.000000,34.959140,70.056881,14.610000,-9.490800,3.150351,1.200000,0.000000,0.000000,161.637064,-145.563492,-161.563492,4.766250,0.000000,0.000000,0.000000,0.000000,0.000000,0.000000,180.522632,231.620373,9.838982,293.825158,-9.490800,3.150351,1.205019,10.072342,nan,nan,nan,0,nan,nan,nan,0,nan,nan,nan,nan,nan,nan,nan,nan,nan,nan,nan,nan,nan,nan,nan,nan,nan,nan,nan,nan,nan,nan,nan,nan,nan,nan,nan,nan,nan,nan,nan,nan,nan,nan,nan,nan,nan,nan,nan,nan,nan,nan,nan,nan,nan,nan,nan,nan,nan,nan,nan,nan,nan,nan,nan,nan,nan,nan,nan,nan,nan,nan,nan,nan,nan,nan,nan,nan,nan,nan,nan,nan,nan,nan,nan,nan,nan,nan,nan,nan
8.300,APPROACH,293.657235,180.047116,231.774919,9.899221,-9.510319,3.090928,1.204768,-145.563492,-161.563492,4.770779,0.000000,0.000000,-0.004768,0.000000,0.000000,0.000000,34.483624,70.211427,14.670000,-9.510319,3.090928,1.200000,0.000000,0.000000,161.995431,-145.563492,-161.563492,4.766250,0.000000,0.000000,0.000000,0.000000,0.000000,0.000000,180.047116,231.774919,9.899221,293.657235,-9.510319,3.090928,1.204768,10.072312,nan,nan,nan,0,nan,nan,nan,0,nan,nan,nan,nan,nan,nan,nan,nan,nan,nan,nan,nan,nan,nan,nan,nan,nan,nan,nan,nan,nan,nan,nan,nan,nan,nan,nan,nan,nan,nan,nan,nan,nan,nan,nan,nan,nan,nan,nan,nan,nan,nan,nan,nan,nan,nan,nan,nan,nan,nan,nan,nan,nan,nan,nan,nan,nan,nan,nan,nan,nan,nan,nan,nan,nan,nan,nan,nan,nan,nan,nan,nan,nan,nan,nan,nan,nan,nan,nan,nan
8.340,APPROACH,293.657235,180.047116,231.774919,9.899221,-9.510319,3.090928,1.204768,-145.563492,-161.563492,4.770553,0.000000,0.000000,-0.004529,0.000000,0.000000,0.000000,34.007151,70.362997,14.730000,-9.529465,3.031387,1.200000,0.000000,0.000000,162.353784,-145.563492,-161.563492,4.766250,0.000000,0.000000,0.000000,0.000000,0.000000,0.000000,179.570643,231.926489,9.959447,293.487142,-9.529465,3.031387,1.204529,10.072283,nan,nan,nan,0,nan,nan,nan,0,nan,nan,nan,nan,nan,nan,nan,nan,nan,nan,nan,nan,nan,nan,nan,nan,nan,nan,nan,nan,nan,nan,nan,nan,nan,nan,nan,nan,nan,nan,nan,nan,nan,nan,nan,nan,nan,nan,nan,nan,nan,nan,nan,nan,nan,nan,nan,nan,nan,nan,nan,nan,nan,nan,nan,nan,nan,nan,nan,nan,nan,nan,nan,nan,nan,nan,nan,nan,nan,nan,nan,nan,nan,nan,nan,nan,nan,nan,nan,nan
8.400,APPROACH,293.314881,179.093231,232.075075,10.019662,-9.548237,2.971729,1.204303,-145.563492,-161.563492,4.770338,0.000000,0.000000,-0.004303,0.000000,0.000000,0.000000,33.529739,70.511583,14.790000,-9.548237,2.971729,1.200000,0.000000,0.000000,162.712121,-145.563492,-161.563492,4.766250,0.000000,0.000000,0.000000,0.000000,0.000000,0.000000,179.093231,232.075075,10.019662,293.314881,-9.548237,2.971729,1.204303,10.072256,nan,nan,nan,0,nan,nan,nan,0,nan,nan,nan,nan,nan,nan,nan,nan,nan,nan,nan,nan,nan,nan,nan,nan,nan,nan,nan,nan,nan,nan,nan,nan,nan,nan,nan,nan,nan,nan,nan,nan,nan,nan,nan,nan,nan,nan,nan,nan,nan,nan,nan,nan,nan,nan,nan,nan,nan,nan,nan,nan,nan,nan,nan,nan,nan,nan,nan,nan,nan,nan,nan,nan,nan,nan,nan,nan,nan,nan,nan,nan,nan,nan,nan,nan,nan,nan,nan,nan
8.440,APPROACH,293.314881,179.093231,232.075075,10.019662,-9.548237,2.971729,1.204303,-145.563492,-161.563492,4.770133,0.000000,0.000000,-0.004088,0.000000,0.000000,0.000000,33.051407,70.657181,14.850000,-9.566635,2.911957,1.200000,0.000000,0.000000,163.070445,-145.563492,-161.563492,4.766250,0.000000,0.000000,0.000000,0.000000,0.000000,0.000000,178.614899,232.220673,10.079867,293.140456,-9.566635,2.911957,1.204088,10.072230,nan,nan,nan,0,nan,nan,nan,0,nan,nan,nan,nan,nan,nan,nan,nan,nan,nan,nan,nan,nan,nan,nan,nan,nan,nan,nan,nan,nan,nan,nan,nan,nan,nan,nan,nan,nan,nan,nan,nan,nan,nan,nan,nan,nan,nan,nan,nan,nan,nan,nan,nan,nan,nan,nan,nan,nan,nan,nan,nan,nan,nan,nan,nan,nan,nan,nan,nan,nan,nan,nan,nan,nan,nan,nan,nan,nan,nan,nan,nan,nan,nan,nan,nan,nan,nan,nan,nan
8.500,APPROACH,292.963869,178.135666,232.363277,10.140061,-9.584658,2.852074,1.203883,-145.563492,-161.563492,4.769939,0.000000,0.000000,-0.003883,0.000000,0.000000,0.000000,32.572174,70.799785,14.910000,-9.584658,2.852074,1.200000,0.000000,0.000000,163.428754,-145.563492,-161.563492,4.766250,0.000000,0.000000,0.000000,0.000000,0.000000,0.000000,178.135666,232.363277,10.140061,292.963869,-9.584658,2.852074,1.203883,10.072206,nan,nan,nan,0,nan,nan,nan,0,nan,nan,nan,nan,nan,nan,nan,nan,nan,nan,nan,nan,nan,nan,nan,nan,nan,nan,nan,nan,nan,nan,nan,nan,nan,nan,nan,nan,nan,nan,nan,nan,nan,nan,nan,nan,nan,nan,nan,nan,nan,nan,nan,nan,nan,nan,nan,nan,nan,nan,nan,nan,nan,nan,nan,nan,nan,nan,nan,nan,nan,nan,nan,nan,nan,nan,nan,nan,nan,nan,nan,nan,nan,nan,nan,nan,nan,nan,nan,nan
8.540,APPROACH,292.963869,178.135666,232.363277,10.140061,-9.584658,2.852074,1.203883,-145.563492,-161.563492,4.769755,0.000000,0.000000,-0.003689,0.000000,0.000000,0.000000,32.092059,70.939389,14.970000,-9.602306,2.792081,1.200000,0.000000,0.000000,163.787051,-145.563492,-161.563492,4.766250,0.000000,0.000000,0.000000,0.000000,0.000000,0.000000,177.655551,232.502881,10.200245,292.785125,-9.602306,2.792081,1.203689,10.072183,nan,nan,nan,0,nan,nan,nan,0,nan,nan,nan,nan,nan,nan,nan,nan,nan,nan,nan,nan,nan,nan,nan,nan,nan,nan,nan,nan,nan,nan,nan,nan,nan,nan,nan,nan,nan,nan,nan,nan,nan,nan,nan,nan,nan,nan,nan,nan,nan,nan,nan,nan,nan,nan,nan,nan,nan,nan,nan,nan,nan,nan,nan,nan,nan,nan,nan,nan,nan,nan,nan,nan,nan,nan,nan,nan,nan,nan,nan,nan,nan,nan,nan,nan,nan,nan,nan,nan
8.600,APPROACH,292.604225,177.174572,232.639480,10.260421,-9.619578,2.731982,1.203505,-145.563492,-161.563492,4.769579,0.000000,0.000000,-0.003505,0.000000,0.000000,0.000000,31.611080,71.075988,15.030000,-9.619578,2.731982,1.200000,0.000000,0.000000,164.145334,-145.563492,-161.563492,4.766250,0.000000,0.000000,0.000000,0.000000,0.000000,0.000000,177.174572,232.639480,10.260421,292.604225,-9.619578,2.731982,1.203505,10.072161,nan,nan,nan,0,nan,nan,nan,0,nan,nan,nan,nan,nan,nan,nan,nan,nan,nan,nan,nan,nan,nan,nan,nan,nan,nan,nan,nan,nan,nan,nan,nan,nan,nan,nan,nan,nan,nan,nan,nan,nan,nan,nan,nan,nan,nan,nan,nan,nan,nan,nan,nan,nan,nan,nan,nan,nan,nan,nan,nan,nan,nan,nan,nan,nan,nan,nan,nan,nan,nan,nan,nan,nan,nan,nan,nan,nan,nan,nan,nan,nan,nan,nan,nan,nan,nan,nan,nan
8.640,APPROACH,292.604225,177.174572,232.639480,10.260421,-9.619578,2.731982,1.203505,-145.563492,-161.563492,4.769413,0.000000,0.000000,-0.003329,0.000000,0.000000,0.000000,31.129257,71.209577,15.090000,-9.636473,2.671777,1.200000,0.000000,0.000000,164.503605,-145.563492,-161.563492,4.766250,0.000000,0.000000,0.000000,0.000000,0.000000,0.000000,176.692748,232.773069,10.320587,292.421175,-9.636473,2.671777,1.203329,10.072140,nan,nan,nan,0,nan,nan,nan,0,nan,nan,nan,nan,nan,nan,nan,nan,nan,nan,nan,nan,nan,nan,nan,nan,nan,nan,nan,nan,nan,nan,nan,nan,nan,nan,nan,nan,nan,nan,nan,nan,nan,nan,nan,nan,nan,nan,nan,nan,nan,nan,nan,nan,nan,nan,nan,nan,nan,nan,nan,nan,nan,nan,nan,nan,nan,nan,nan,nan,nan,nan,nan,nan,nan,nan,nan,nan,nan,nan,nan,nan,nan,nan,nan,nan,nan,nan,nan,nan
8.700,APPROACH,292.235975,176.210099,232.903642,10.380745,-9.652990,2.611471,1.203163,-145.563492,-161.563492,4.769255,0.000000,0.000000,-0.003163,0.000000,0.000000,0.000000,30.646607,71.340150,15.150000,-9.652990,2.611471,1.200000,0.000000,0.000000,164.861864,-145.563492,-161.563492,4.766250,0.000000,0.000000,0.000000,0.000000,0.000000,0.000000,176.210099,232.903642,10.380745,292.235975,-9.652990,2.611471,1.203163,10.072120,nan,nan,nan,0,nan,nan,nan,0,nan,nan,nan,nan,nan,nan,nan,nan,nan,nan,nan,nan,nan,nan,nan,nan,nan,nan,nan,nan,nan,nan,nan,nan,nan,nan,nan,nan,nan,nan,nan,nan,nan,nan,nan,nan,nan,nan,nan,nan,nan,nan,nan,nan,nan,nan,nan,nan,nan,nan,nan,nan,nan,nan,nan,nan,nan,nan,nan,nan,nan,nan,nan,nan,nan,nan,nan,nan,nan,nan,nan,nan,nan,nan,nan,nan,nan,nan,nan,nan
8.740,APPROACH,292.235975,176.210099,232.903642,10.380745,-9.652990,2.611471,1.203163,-145.563492,-161.563492,4.769105,0.000000,0.000000,-0.003005,0.000000,0.000000,0.000000,30.163151,71.467703,15.210000,-9.669130,2.551064,1.200000,0.000000,0.000000,165.220111,-145.563492,-161.563492,4.766250,0.000000,0.000000,0.000000,0.000000,0.000000,0.000000,175.726642,233.031195,10.440895,292.048631,-9.669130,2.551064,1.203005,10.072101,nan,nan,nan,0,nan,nan,nan,0,nan,nan,nan,nan,nan,nan,nan,nan,nan,nan,nan,nan,nan,nan,nan,nan,nan,nan,nan,nan,nan,nan,nan,nan,nan,nan,nan,nan,nan,nan,nan,nan,nan,nan,nan,nan,nan,nan,nan,nan,nan,nan,nan,nan,nan,nan,nan,nan,nan,nan,nan,nan,nan,nan,nan,nan,nan,nan,nan,nan,nan,nan,nan,nan,nan,nan,nan,nan,nan,nan,nan,nan,nan,nan,nan,nan,nan,nan,nan,nan
8.800,APPROACH,291.859146,175.242398,233.155723,10.501038,-9.684891,2.490559,1.202855,-145.563492,-161.563492,4.768962,0.000000,0.000000,-0.002855,0.000000,0.000000,0.000000,29.678906,71.592231,15.270000,-9.684891,2.490559,1.200000,0.000000,0.000000,165.578347,-145.563492,-161.563492,4.766250,0.000000,0.000000,0.000000,0.000000,0.000000,0.000000,175.242398,233.155723,10.501038,291.859146,-9.684891,2.490559,1.202855,10.072083,nan,nan,nan,0,nan,nan,nan,0,nan,nan,nan,nan,nan,nan,nan,nan,nan,nan,nan,nan,nan,nan,nan,nan,nan,nan,nan,nan,nan,nan,nan,nan,nan,nan,nan,nan,nan,nan,nan,nan,nan,nan,nan,nan,nan,nan,nan,nan,nan,nan,nan,nan,nan,nan,nan,nan,nan,nan,nan,nan,nan,nan,nan,nan,nan,nan,nan,nan,nan,nan,nan,nan,nan,nan,nan,nan,nan,nan,nan,nan,nan,nan,nan,nan,nan,nan,nan,nan
8.840,APPROACH,291.859146,175.242398,233.155723,10.501038,-9.684891,2.490559,1.202855,-145.563492,-161.563492,4.768826,0.000000,0.000000,-0.002712,0.000000,0.000000,0.000000,29.193892,71.713729,15.330000,-9.700273,2.429959,1.200000,0.000000,0.000000,165.936571,-145.563492,-161.563492,4.766250,0.000000,0.000000,0.000000,0.000000,0.000000,0.000000,174.757384,233.277221,10.561174,291.667522,-9.700273,2.429959,1.202712,10.072066,nan,nan,nan,0,nan,nan,nan,0,nan,nan,nan,nan,nan,nan,nan,nan,nan,nan,nan,nan,nan,nan,nan,nan,nan,nan,nan,nan,nan,nan,nan,nan,nan,nan,nan,nan,nan,nan,nan,nan,nan,nan,nan,nan,nan,nan,nan,nan,nan,nan,nan,nan,nan,nan,nan,nan,nan,nan,nan,nan,nan,nan,nan,nan,nan,nan,nan,nan,nan,nan,nan,nan,nan,nan,nan,nan,nan,nan,nan,nan,nan,nan,nan,nan,nan,nan,nan,nan
8.900,APPROACH,291.473764,174.271620,233.395685,10.621303,-9.715276,2.369266,1.202576,-145.563492,-161.563492,4.768697,0.000000,0.000000,-0.002576,0.000000,0.000000,0.000000,28.708129,71.832193,15.390000,-9.715276,2.369266,1.200000,0.000000,0.000000,166.294785,-145.563492,-161.563492,4.766250,0.000000,0.000000,0.000000,0.000000,0.000000,0.000000,174.271620,233.395685,10.621303,291.473764,-9.715276,2.369266,1.202576,10.072050,nan,nan,nan,0,nan,nan,nan,0,nan,nan,nan,nan,nan,nan,nan,nan,nan,nan,nan,nan,nan,nan,nan,nan,nan,nan,nan,nan,nan,nan,nan,nan,nan,nan,nan,nan,nan,nan,nan,nan,nan,nan,nan,nan,nan,nan,nan,nan,nan,nan,nan,nan,nan,nan,nan,nan,nan,nan,nan,nan,nan,nan,nan,nan,nan,nan,nan,nan,nan,nan,nan,nan,nan,nan,nan,nan,nan,nan,nan,nan,nan,nan,nan,nan,nan,nan,nan,nan
8.940,APPROACH,291.473764,174.271620,233.395685,10.621303,-9.715276,2.369266,1.202576,-145.563492,-161.563492,4.768575,0.000000,0.000000,-0.002447,0.000000,0.000000,0.000000,28.221634,71.947617,15.450000,-9.729898,2.308482,1.200000,0.000000,0.000000,166.652989,-145.563492,-161.563492,4.766250,0.000000,0.000000,0.000000,0.000000,0.000000,0.000000,173.785126,233.511109,10.681425,291.277875,-9.729898,2.308482,1.202447,10.072035,nan,nan,nan,0,nan,nan,nan,0,nan,nan,nan,nan,nan,nan,nan,nan,nan,nan,nan,nan,nan,nan,nan,nan,nan,nan,nan,nan,nan,nan,nan,nan,nan,nan,nan,nan,nan,nan,nan,nan,nan,nan,nan,nan,nan,nan,nan,nan,nan,nan,nan,nan,nan,nan,nan,nan,nan,nan,nan,nan,nan,nan,nan,nan,nan,nan,nan,nan,nan,nan,nan,nan,nan,nan,nan,nan,nan,nan,nan,nan,nan,nan,nan,nan,nan,nan,nan,nan
9.000,APPROACH,291.079858,173.297919,233.623489,10.741541,-9.744139,2.247609,1.202325,-145.563492,-161.563492,4.768459,0.000000,0.000000,-0.002325,0.000000,0.000000,0.000000,27.734427,72.059997,15.510000,-9.744139,2.247609,1.200000,0.000000,0.000000,167.011182,-145.563492,-161.563492,4.766250,0.000000,0.000000,0.000000,0.000000,0.000000,0.000000,173.297919,233.623489,10.741541,291.079858,-9.744139,2.247609,1.202325,10.072020,nan,nan,nan,0,nan,nan,nan,0,nan,nan,nan,nan,nan,nan,nan,nan,nan,nan,nan,nan,nan,nan,nan,nan,nan,nan,nan,nan,nan,nan,nan,nan,nan,nan,nan,nan,nan,nan,nan,nan,nan,nan,nan,nan,nan,nan,nan,nan,nan,nan,nan,nan,nan,nan,nan,nan,nan,nan,nan,nan,nan,nan,nan,nan,nan,nan,nan,nan,nan,nan,nan,nan,nan,nan,nan,nan,nan,nan,nan,nan,nan,nan,nan,nan,nan,nan,nan,nan
9.040,APPROACH,291.079858,173.297919,233.623489,10.741541,-9.744139,2.247609,1.202325,-145.563492,-161.563492,4.768348,0.000000,0.000000,-0.002209,0.000000,0.000000,0.000000,27.246527,72.169330,15.570000,-9.758000,2.186650,1.200000,0.000000,0.000000,167.369365,-145.563492,-161.563492,4.766250,0.000000,0.000000,0.000000,0.000000,0.000000,0.000000,172.810019,233.732822,10.801652,290.879718,-9.758000,2.186650,1.202209,10.072006,nan,nan,nan,0,nan,nan,nan,0,nan,nan,nan,nan,nan,nan,nan,nan,nan,nan,nan,nan,nan,nan,nan,nan,nan,nan,nan,nan,nan,nan,nan,nan,nan,nan,nan,nan,nan,nan,nan,nan,nan,nan,nan,nan,nan,nan,nan,nan,nan,nan,nan,nan,nan,nan,nan,nan,nan,nan,nan,nan,nan,nan,nan,nan,nan,nan,nan,nan,nan,nan,nan,nan,nan,nan,nan,nan,nan,nan,nan,nan,nan,nan,nan,nan,nan,nan,nan,nan
9.100,APPROACH,290.677456,172.321445,233.839102,10.861757,-9.771479,2.125607,1.202098,-145.563492,-161.563492,4.768243,0.000000,0.000000,-0.002098,0.000000,0.000000,0.000000,26.757953,72.275610,15.630000,-9.771479,2.125607,1.200000,0.000000,0.000000,167.727539,-145.563492,-161.563492,4.766250,0.000000,0.000000,0.000000,0.000000,0.000000,0.000000,172.321445,233.839102,10.861757,290.677456,-9.771479,2.125607,1.202098,10.071993,nan,nan,nan,0,nan,nan,nan,0,nan,nan,nan,nan,nan,nan,nan,nan,nan,nan,nan,nan,nan,nan,nan,nan,nan,nan,nan,nan,nan,nan,nan,nan,nan,nan,nan,nan,nan,nan,nan,nan,nan,nan,nan,nan,nan,nan,nan,nan,nan,nan,nan,nan,nan,nan,nan,nan,nan,nan,nan,nan,nan,nan,nan,nan,nan,nan,nan,nan,nan,nan,nan,nan,nan,nan,nan,nan,nan,nan,nan,nan,nan,nan,nan,nan,nan,nan,nan,nan
9.140,APPROACH,290.677456,172.321445,233.839102,10.861757,-9.771479,2.125607,1.202098,-145.563492,-161.563492,4.768144,0.000000,0.000000,-0.001993,0.000000,0.000000,0.000000,26.268724,72.378834,15.690000,-9.784575,2.064483,1.200000,0.000000,0.000000,168.085704,-145.563492,-161.563492,4.766250,0.000000,0.000000,0.000000,0.000000,0.000000,0.000000,171.832216,233.942326,10.921856,290.473078,-9.784575,2.064483,1.201993,10.071980,nan,nan,nan,0,nan,nan,nan,0,nan,nan,nan,nan,nan,nan,nan,nan,nan,nan,nan,nan,nan,nan,nan,nan,nan,nan,nan,nan,nan,nan,nan,nan,nan,nan,nan,nan,nan,nan,nan,nan,nan,nan,nan,nan,nan,nan,nan,nan,nan,nan,nan,nan,nan,nan,nan,nan,nan,nan,nan,nan,nan,nan,nan,nan,nan,nan,nan,nan,nan,nan,nan,nan,nan,nan,nan,nan,nan,nan,nan,nan,nan,nan,nan,nan,nan,nan,nan,nan
9.200,APPROACH,290.266588,171.342351,234.042490,10.981951,-9.797289,2.003280,1.201894,-145.563492,-161.563492,4.768049,0.000000,0.000000,-0.001894,0.000000,0.000000,0.000000,25.778860,72.478998,15.750000,-9.797289,2.003280,1.200000,0.000000,0.000000,168.443860,-145.563492,-161.563492,4.766250,0.000000,0.000000,0.000000,0.000000,0.000000,0.000000,171.342351,234.042490,10.981951,290.266588,-9.797289,2.003280,1.201894,10.071968,nan,nan,nan,0,nan,nan,nan,0,nan,nan,nan,nan,nan,nan,nan,nan,nan,nan,nan,nan,nan,nan,nan,nan,nan,nan,nan,nan,nan,nan,nan,nan,nan,nan,nan,nan,nan,nan,nan,nan,nan,nan,nan,nan,nan,nan,nan,nan,nan,nan,nan,nan,nan,nan,nan,nan,nan,nan,nan,nan,nan,nan,nan,nan,nan,nan,nan,nan,nan,nan,nan,nan,nan,nan,nan,nan,nan,nan,nan,nan,nan,nan,nan,nan,nan,nan,nan,nan
9.240,APPROACH,290.266588,171.342351,234.042490,10.981951,-9.797289,2.003280,1.201894,-145.563492,-161.563492,4.767959,0.000000,0.000000,-0.001799,0.000000,0.000000,0.000000,25.288379,72.576098,15.810000,-9.809620,1.942000,1.200000,0.000000,0.000000,168.802007,-145.563492,-161.563492,4.766250,0.000000,0.000000,0.000000,0.000000,0.000000,0.000000,170.851870,234.139590,11.042041,290.057987,-9.809620,1.942000,1.201799,10.071957,nan,nan,nan,0,nan,nan,nan,0,nan,nan,nan,nan,nan,nan,nan,nan,nan,nan,nan,nan,nan,nan,nan,nan,nan,nan,nan,nan,nan,nan,nan,nan,nan,nan,nan,nan,nan,nan,nan,nan,nan,nan,nan,nan,nan,nan,nan,nan,nan,nan,nan,nan,nan,nan,nan,nan,nan,nan,nan,nan,nan,nan,nan,nan,nan,nan,nan,nan,nan,nan,nan,nan,nan,nan,nan,nan,nan,nan,nan,nan,nan,nan,nan,nan,nan,nan,nan,nan
9.300,APPROACH,289.847281,170.360792,234.233622,11.102126,-9.821567,1.880645,1.201709,-145.563492,-161.563492,4.767874,0.000000,0.000000,-0.001709,0.000000,0.000000,0.000000,24.797300,72.670131,15.870000,-9.821567,1.880645,1.200000,0.000000,0.000000,169.160145,-145.563492,-161.563492,4.766250,0.000000,0.000000,0.000000,0.000000,0.000000,0.000000,170.360792,234.233622,11.102126,289.847281,-9.821567,1.880645,1.201709,10.071946,nan,nan,nan,0,nan,nan,nan,0,nan,nan,nan,nan,nan,nan,nan,nan,nan,nan,nan,nan,nan,nan,nan,nan,nan,nan,nan,nan,nan,nan,nan,nan,nan,nan,nan,nan,nan,nan,nan,nan,nan,nan,nan,nan,nan,nan,nan,nan,nan,nan,nan,nan,nan,nan,nan,nan,nan,nan,nan,nan,nan,nan,nan,nan,nan,nan,nan,nan,nan,nan,nan,nan,nan,nan,nan,nan,nan,nan,nan,nan,nan,nan,nan,nan,nan,nan,nan,nan
9.340,APPROACH,289.847281,170.360792,234.233622,11.102126,-9.821567,1.880645,1.201709,-145.563492,-161.563492,4.767792,0.000000,0.000000,-0.001624,0.000000,0.000000,0.000000,24.305644,72.761091,15.930000,-9.833130,1.819219,1.200000,0.000000,0.000000,169.518276,-145.563492,-161.563492,4.766250,0.000000,0.000000,0.000000,0.000000,0.000000,0.000000,169.869136,234.324583,11.162208,289.634474,-9.833130,1.819219,1.201624,10.071936,nan,nan,nan,0,nan,nan,nan,0,nan,nan,nan,nan,nan,nan,nan,nan,nan,nan,nan,nan,nan,nan,nan,nan,nan,nan,nan,nan,nan,nan,nan,nan,nan,nan,nan,nan,nan,nan,nan,nan,nan,nan,nan,nan,nan,nan,nan,nan,nan,nan,nan,nan,nan,nan,nan,nan,nan,nan,nan,nan,nan,nan,nan,nan,nan,nan,nan,nan,nan,nan,nan,nan,nan,nan,nan,nan,nan,nan,nan,nan,nan,nan,nan,nan,nan,nan,nan,nan
9.400,APPROACH,289.419568,169.376920,234.412469,11.222285,-9.844309,1.757723,1.201542,-145.563492,-161.563492,4.767715,0.000000,0.000000,-0.001542,0.000000,0.000000,0.000000,23.813428,72.848978,15.990000,-9.844309,1.757723,1.200000,0.000000,0.000000,169.876398,-145.563492,-161.563492,4.766250,0.000000,0.000000,0.000000,0.000000,0.000000,0.000000,169.376920,234.412469,11.222285,289.419568,-9.844309,1.757723,1.201542,10.071927,nan,nan,nan,0,nan,nan,nan,0,nan,nan,nan,nan,nan,nan,nan,nan,nan,nan,nan,nan,nan,nan,nan,nan,nan,nan,nan,nan,nan,nan,nan,nan,nan,nan,nan,nan,nan,nan,nan,nan,nan,nan,nan,nan,nan,nan,nan,nan,nan,nan,nan,nan,nan,nan,nan,nan,nan,nan,nan,nan,nan,nan,nan,nan,nan,nan,nan,nan,nan,nan,nan,nan,nan,nan,nan,nan,nan,nan,nan,nan,nan,nan,nan,nan,nan,nan,nan,nan
9.440,APPROACH,289.419568,169.376920,234.412469,11.222285,-9.844309,1.757723,1.201542,-145.563492,-161.563492,4.767642,0.000000,0.000000,-0.001465,0.000000,0.000000,0.000000,23.320673,72.933786,16.050000,-9.855102,1.696159,1.200000,0.000000,0.000000,170.234513,-145.563492,-161.563492,4.766250,0.000000,0.000000,0.000000,0.000000,0.000000,0.000000,168.884165,234.497277,11.282358,289.202569,-9.855102,1.696159,1.201465,10.071917,nan,nan,nan,0,nan,nan,nan,0,nan,nan,nan,nan,nan,nan,nan,nan,nan,nan,nan,nan,nan,nan,nan,nan,nan,nan,nan,nan,nan,nan,nan,nan,nan,nan,nan,nan,nan,nan,nan,nan,nan,nan,nan,nan,nan,nan,nan,nan,nan,nan,nan,nan,nan,nan,nan,nan,nan,nan,nan,nan,nan,nan,nan,nan,nan,nan,nan,nan,nan,nan,nan,nan,nan,nan,nan,nan,nan,nan,nan,nan,nan,nan,nan,nan,nan,nan,nan,nan
9.500,APPROACH,288.983479,168.390890,234.579004,11.342428,-9.865511,1.634530,1.201392,-145.563492,-161.563492,4.767572,0.000000,0.000000,-0.001392,0.000000,0.000000,0.000000,22.827398,73.015512,16.110000,-9.865511,1.634530,1.200000,0.000000,0.000000,170.592620,-145.563492,-161.563492,4.766250,0.000000,0.000000,0.000000,0.000000,0.000000,0.000000,168.390890,234.579004,11.342428,288.983479,-9.865511,1.634530,1.201392,10.071909,nan,nan,nan,0,nan,nan,nan,0,nan,nan,nan,nan,nan,nan,nan,nan,nan,nan,nan,nan,nan,nan,nan,nan,nan,nan,nan,nan,nan,nan,nan,nan,nan,nan,nan,nan,nan,nan,nan,nan,nan,nan,nan,nan,nan,nan,nan,nan,nan,nan,nan,nan,nan,nan,nan,nan,nan,nan,nan,nan,nan,nan,nan,nan,nan,nan,nan,nan,nan,nan,nan,nan,nan,nan,nan,nan,nan,nan,nan,nan,nan,nan,nan,nan,nan,nan,nan,nan
9.540,APPROACH,288.983479,168.390890,234.579004,11.342428,-9.865511,1.634530,1.201392,-145.563492,-161.563492,4.767506,0.000000,0.000000,-0.001322,0.000000,0.000000,0.000000,22.333621,73.094154,16.170000,-9.875534,1.572839,1.200000,0.000000,0.000000,170.950720,-145.563492,-161.563492,4.766250,0.000000,0.000000,0.000000,0.000000,0.000000,0.000000,167.897113,234.657646,11.402494,288.762304,-9.875534,1.572839,1.201322,10.071900,nan,nan,nan,0,nan,nan,nan,0,nan,nan,nan,nan,nan,nan,nan,nan,nan,nan,nan,nan,nan,nan,nan,nan,nan,nan,nan,nan,nan,nan,nan,nan,nan,nan,nan,nan,nan,nan,nan,nan,nan,nan,nan,nan,nan,nan,nan,nan,nan,nan,nan,nan,nan,nan,nan,nan,nan,nan,nan,nan,nan,nan,nan,nan,nan,nan,nan,nan,nan,nan,nan,nan,nan,nan,nan,nan,nan,nan,nan,nan,nan,nan,nan,nan,nan,nan,nan,nan
9.600,APPROACH,288.539046,167.402854,234.733200,11.462556,-9.885171,1.511088,1.201256,-145.563492,-161.563492,4.767444,0.000000,0.000000,-0.001256,0.000000,0.000000,0.000000,21.839362,73.169708,16.230000,-9.885171,1.511088,1.200000,0.000000,0.000000,171.308814,-145.563492,-161.563492,4.766250,0.000000,0.000000,0.000000,0.000000,0.000000,0.000000,167.402854,234.733200,11.462556,288.539046,-9.885171,1.511088,1.201256,10.071892,nan,nan,nan,0,nan,nan,nan,0,nan,nan,nan,nan,nan,nan,nan,nan,nan,nan,nan,nan,nan,nan,nan,nan,nan,nan,nan,nan,nan,nan,nan,nan,nan,nan,nan,nan,nan,nan,nan,nan,nan,nan,nan,nan,nan,nan,nan,nan,nan,nan,nan,nan,nan,nan,nan,nan,nan,nan,nan,nan,nan,nan,nan,nan,nan,nan,nan,nan,nan,nan,nan,nan,nan,nan,nan,nan,nan,nan,nan,nan,nan,nan,nan,nan,nan,nan,nan,nan
9.640,APPROACH,288.539046,167.402854,234.733200,11.462556,-9.885171,1.511088,1.201256,-145.563492,-161.563492,4.767384,0.000000,0.000000,-0.001194,0.000000,0.000000,0.000000,21.344641,73.242172,16.290000,-9.894422,1.449278,1.200000,0.000000,0.000000,171.666900,-145.563492,-161.563492,4.766250,0.000000,0.000000,0.000000,0.000000,0.000000,0.000000,166.908133,234.805664,11.522616,288.313710,-9.894422,1.449278,1.201194,10.071885,nan,nan,nan,0,nan,nan,nan,0,nan,nan,nan,nan,nan,nan,nan,nan,nan,nan,nan,nan,nan,nan,nan,nan,nan,nan,nan,nan,nan,nan,nan,nan,nan,nan,nan,nan,nan,nan,nan,nan,nan,nan,nan,nan,nan,nan,nan,nan,nan,nan,nan,nan,nan,nan,nan,nan,nan,nan,nan,nan,nan,nan,nan,nan,nan,nan,nan,nan,nan,nan,nan,nan,nan,nan,nan,nan,nan,nan,nan,nan,nan,nan,nan,nan,nan,nan,nan,nan
9.700,APPROACH,288.086300,166.412969,234.875035,11.582673,-9.903287,1.387414,1.201134,-145.563492,-161.563492,4.767327,0.000000,0.000000,-0.001134,0.000000,0.000000,0.000000,20.849477,73.311543,16.350000,-9.903287,1.387414,1.200000,0.000000,0.000000,172.024980,-145.563492,-161.563492,4.766250,0.000000,0.000000,0.000000,0.000000,0.000000,0.000000,166.412969,234.875035,11.582673,288.086300,-9.903287,1.387414,1.201134,10.071878,nan,nan,nan,0,nan,nan,nan,0,nan,nan,nan,nan,nan,nan,nan,nan,nan,nan,nan,nan,nan,nan,nan,nan,nan,nan,nan,nan,nan,nan,nan,nan,nan,nan,nan,nan,nan,nan,nan,nan,nan,nan,nan,nan,nan,nan,nan,nan,nan,nan,nan,nan,nan,nan,nan,nan,nan,nan,nan,nan,nan,nan,nan,nan,nan,nan,nan,nan,nan,nan,nan,nan,nan,nan,nan,nan,nan,nan,nan,nan,nan,nan,nan,nan,nan,nan,nan,nan
9.740,APPROACH,288.086300,166.412969,234.875035,11.582673,-9.903287,1.387414,1.201134,-145.563492,-161.563492,4.767273,0.000000,0.000000,-0.001077,0.000000,0.000000,0.000000,20.353889,73.377818,16.410000,-9.911764,1.325496,1.200000,0.000000,0.000000,172.383053,-145.563492,-161.563492,4.766250,0.000000,0.000000,0.000000,0.000000,0.000000,0.000000,165.917381,234.941310,11.642727,287.856821,-9.911764,1.325496,1.201077,10.071871,nan,nan,nan,0,nan,nan,nan,0,nan,nan,nan,nan,nan,nan,nan,nan,nan,nan,nan,nan,nan,nan,nan,nan,nan,nan,nan,nan,nan,nan,nan,nan,nan,nan,nan,nan,nan,nan,nan,nan,nan,nan,nan,nan,nan,nan,nan,nan,nan,nan,nan,nan,nan,nan,nan,nan,nan,nan,nan,nan,nan,nan,nan,nan,nan,nan,nan,nan,nan,nan,nan,nan,nan,nan,nan,nan,nan,nan,nan,nan,nan,nan,nan,nan,nan,nan,nan,nan
9.800,APPROACH,287.625275,165.421388,235.004486,11.702778,-9.919854,1.263527,1.201023,-145.563492,-161.563492,4.767222,0.000000,0.000000,-0.001023,0.000000,0.000000,0.000000,19.857896,73.440994,16.470000,-9.919854,1.263527,1.200000,0.000000,0.000000,172.741120,-145.563492,-161.563492,4.766250,0.000000,0.000000,0.000000,0.000000,0.000000,0.000000,165.421388,235.004486,11.702778,287.625275,-9.919854,1.263527,1.201023,10.071865,nan,nan,nan,0,nan,nan,nan,0,nan,nan,nan,nan,nan,nan,nan,nan,nan,nan,nan,nan,nan,nan,nan,nan,nan,nan,nan,nan,nan,nan,nan,nan,nan,nan,nan,nan,nan,nan,nan,nan,nan,nan,nan,nan,nan,nan,nan,nan,nan,nan,nan,nan,nan,nan,nan,nan,nan,nan,nan,nan,nan,nan,nan,nan,nan,nan,nan,nan,nan,nan,nan,nan,nan,nan,nan,nan,nan,nan,nan,nan,nan,nan,nan,nan,nan,nan,nan,nan
9.840,APPROACH,287.625275,165.421388,235.004486,11.702778,-9.919854,1.263527,1.201023,-145.563492,-161.563492,4.767174,0.000000,0.000000,-0.000972,0.000000,0.000000,0.000000,19.361518,73.501070,16.530000,-9.927556,1.201510,1.200000,0.000000,0.000000,173.099181,-145.563492,-161.563492,4.766250,0.000000,0.000000,0.000000,0.000000,0.000000,0.000000,164.925010,235.064561,11.762826,287.391668,-9.927556,1.201510,1.200972,10.071859,nan,nan,nan,0,nan,nan,nan,0,nan,nan,nan,nan,nan,nan,nan,nan,nan,nan,nan,nan,nan,nan,nan,nan,nan,nan,nan,nan,nan,nan,nan,nan,nan,nan,nan,nan,nan,nan,nan,nan,nan,nan,nan,nan,nan,nan,nan,nan,nan,nan,nan,nan,nan,nan,nan,nan,nan,nan,nan,nan,nan,nan,nan,nan,nan,nan,nan,nan,nan,nan,nan,nan,nan,nan,nan,nan,nan,nan,nan,nan,nan,nan,nan,nan,nan,nan,nan,nan
9.900,APPROACH,287.156004,164.428267,235.121534,11.822873,-9.934871,1.139448,1.200924,-145.563492,-161.563492,4.767127,0.000000,0.000000,-0.000924,0.000000,0.000000,0.000000,18.864775,73.558042,16.590000,-9.934871,1.139448,1.200000,0.000000,0.000000,173.457236,-145.563492,-161.563492,4.766250,0.000000,0.000000,0.000000,0.000000,0.000000,0.000000,164.428267,235.121534,11.822873,287.156004,-9.934871,1.139448,1.200924,10.071853,nan,nan,nan,0,nan,nan,nan,0,nan,nan,nan,nan,nan,nan,nan,nan,nan,nan,nan,nan,nan,nan,nan,nan,nan,nan,nan,nan,nan,nan,nan,nan,nan,nan,nan,nan,nan,nan,nan,nan,nan,nan,nan,nan,nan,nan,nan,nan,nan,nan,nan,nan,nan,nan,nan,nan,nan,nan,nan,nan,nan,nan,nan,nan,nan,nan,nan,nan,nan,nan,nan,nan,nan,nan,nan,nan,nan,nan,nan,nan,nan,nan,nan,nan,nan,nan,nan,nan
9.940,APPROACH,287.156004,164.428267,235.121534,11.822873,-9.934871,1.139448,1.200924,-145.563492,-161.563492,4.767083,0.000000,0.000000,-0.000877,0.000000,0.000000,0.000000,18.367685,73.611909,16.650000,-9.941797,1.077341,1.200000,0.000000,0.000000,173.815286,-145.563492,-161.563492,4.766250,0.000000,0.000000,0.000000,0.000000,0.000000,0.000000,163.931177,235.175401,11.882917,286.918287,-9.941797,1.077341,1.200877,10.071847,nan,nan,nan,0,nan,nan,nan,0,nan,nan,nan,nan,nan,nan,nan,nan,nan,nan,nan,nan,nan,nan,nan,nan,nan,nan,nan,nan,nan,nan,nan,nan,nan,nan,nan,nan,nan,nan,nan,nan,nan,nan,nan,nan,nan,nan,nan,nan,nan,nan,nan,nan,nan,nan,nan,nan,nan,nan,nan,nan,nan,nan,nan,nan,nan,nan,nan,nan,nan,nan,nan,nan,nan,nan,nan,nan,nan,nan,nan,nan,nan,nan,nan,nan,nan,nan,nan,nan
10.000,APPROACH,286.678522,163.433760,235.226161,11.942958,-9.948336,1.015194,1.200833,-145.563492,-161.563492,4.767042,0.000000,0.000000,-0.000833,0.000000,0.000000,0.000000,17.870268,73.662669,16.710000,-9.948336,1.015194,1.200000,0.000000,0.000000,174.173330,-145.563492,-161.563492,4.766250,0.000000,0.000000,0.000000,0.000000,0.000000,0.000000,163.433760,235.226161,11.942958,286.678522,-9.948336,1.015194,1.200833,10.071842,nan,nan,nan,0,nan,nan,nan,0,nan,nan,nan,nan,nan,nan,nan,nan,nan,nan,nan,nan,nan,nan,nan,nan,nan,nan,nan,nan,nan,nan,nan,nan,nan,nan,nan,nan,nan,nan,nan,nan,nan,nan,nan,nan,nan,nan,nan,nan,nan,nan,nan,nan,nan,nan,nan,nan,nan,nan,nan,nan,nan,nan,nan,nan,nan,nan,nan,nan,nan,nan,nan,nan,nan,nan,nan,nan,nan,nan,nan,nan,nan,nan,nan,nan,nan,nan,nan,nan
10.040,APPROACH,286.678522,163.433760,235.226161,11.942958,-9.948336,1.015194,1.200833,-145.563492,-161.563492,4.767002,0.000000,0.000000,-0.000792,0.000000,0.000000,0.000000,17.372544,73.710319,16.770000,-9.954485,0.953008,1.200000,0.000000,0.000000,174.531369,-145.563492,-161.563492,4.766250,0.000000,0.000000,0.000000,0.000000,0.000000,0.000000,162.936036,235.273811,12.002998,286.436712,-9.954485,0.953008,1.200792,10.071837,nan,nan,nan,0,nan,nan,nan,0,nan,nan,nan,nan,nan,nan,nan,nan,nan,nan,nan,nan,nan,nan,nan,nan,nan,nan,nan,nan,nan,nan,nan,nan,nan,nan,nan,nan,nan,nan,nan,nan,nan,nan,nan,nan,nan,nan,nan,nan,nan,nan,nan,nan,nan,nan,nan,nan,nan,nan,nan,nan,nan,nan,nan,nan,nan,nan,nan,nan,nan,nan,nan,nan,nan,nan,nan,nan,nan,nan,nan,nan,nan,nan,nan,nan,nan,nan,nan,nan
10.100,APPROACH,286.192862,162.438023,235.318350,12.063035,-9.960246,0.890785,1.200752,-145.563492,-161.563492,4.766965,0.000000,0.000000,-0.000752,0.000000,0.000000,0.000000,16.874531,73.754858,16.830000,-9.960246,0.890785,1.200000,0.000000,0.000000,174.889402,-145.563492,-161.563492,4.766250,0.000000,0.000000,0.000000,0.000000,0.000000,0.000000,162.438023,235.318350,12.063035,286.192862,-9.960246,0.890785,1.200752,10.071832,nan,nan,nan,0,nan,nan,nan,0,nan,nan,nan,nan,nan,nan,nan,nan,nan,nan,nan,nan,nan,nan,nan,nan,nan,nan,nan,nan,nan,nan,nan,nan,nan,nan,nan,nan,nan,nan,nan,nan,nan,nan,nan,nan,nan,nan,nan,nan,nan,nan,nan,nan,nan,nan,nan,nan,nan,nan,nan,nan,nan,nan,nan,nan,nan,nan,nan,nan,nan,nan,nan,nan,nan,nan,nan,nan,nan,nan,nan,nan,nan,nan,nan,nan,nan,nan,nan,nan
10.140,APPROACH,286.192862,162.438023,235.318350,12.063035,-9.960246,0.890785,1.200752,-145.563492,-161.563492,4.766929,0.000000,0.000000,-0.000715,0.000000,0.000000,0.000000,16.376251,73.796285,16.890000,-9.965618,0.828529,1.200000,0.000000,0.000000,175.247431,-145.563492,-161.563492,4.766250,0.000000,0.000000,0.000000,0.000000,0.000000,0.000000,161.939742,235.359777,12.123071,285.946977,-9.965618,0.828529,1.200715,10.071828,nan,nan,nan,0,nan,nan,nan,0,nan,nan,nan,nan,nan,nan,nan,nan,nan,nan,nan,nan,nan,nan,nan,nan,nan,nan,nan,nan,nan,nan,nan,nan,nan,nan,nan,nan,nan,nan,nan,nan,nan,nan,nan,nan,nan,nan,nan,nan,nan,nan,nan,nan,nan,nan,nan,nan,nan,nan,nan,nan,nan,nan,nan,nan,nan,nan,nan,nan,nan,nan,nan,nan,nan,nan,nan,nan,nan,nan,nan,nan,nan,nan,nan,nan,nan,nan,nan,nan
10.200,APPROACH,285.699061,161.441212,235.398089,12.183105,-9.970601,0.766241,1.200679,-145.563492,-161.563492,4.766895,0.000000,0.000000,-0.000679,0.000000,0.000000,0.000000,15.877721,73.834597,16.950000,-9.970601,0.766241,1.200000,0.000000,0.000000,175.605454,-145.563492,-161.563492,4.766250,0.000000,0.000000,0.000000,0.000000,0.000000,0.000000,161.441212,235.398089,12.183105,285.699061,-9.970601,0.766241,1.200679,10.071824,nan,nan,nan,0,nan,nan,nan,0,nan,nan,nan,nan,nan,nan,nan,nan,nan,nan,nan,nan,nan,nan,nan,nan,nan,nan,nan,nan,nan,nan,nan,nan,nan,nan,nan,nan,nan,nan,nan,nan,nan,nan,nan,nan,nan,nan,nan,nan,nan,nan,nan,nan,nan,nan,nan,nan,nan,nan,nan,nan,nan,nan,nan,nan,nan,nan,nan,nan,nan,nan,nan,nan,nan,nan,nan,nan,nan,nan,nan,nan,nan,nan,nan,nan,nan,nan,nan,nan
10.240,APPROACH,285.699061,161.441212,235.398089,12.183105,-9.970601,0.766241,1.200679,-145.563492,-161.563492,4.766863,0.000000,0.000000,-0.000645,0.000000,0.000000,0.000000,15.378961,73.869793,17.010000,-9.975194,0.703924,1.200000,0.000000,0.000000,175.963473,-145.563492,-161.563492,4.766250,0.000000,0.000000,0.000000,0.000000,0.000000,0.000000,160.942453,235.433285,12.243137,285.449118,-9.975194,0.703924,1.200645,10.071820,nan,nan,nan,0,nan,nan,nan,0,nan,nan,nan,nan,nan,nan,nan,nan,nan,nan,nan,nan,nan,nan,nan,nan,nan,nan,nan,nan,nan,nan,nan,nan,nan,nan,nan,nan,nan,nan,nan,nan,nan,nan,nan,nan,nan,nan,nan,nan,nan,nan,nan,nan,nan,nan,nan,nan,nan,nan,nan,nan,nan,nan,nan,nan,nan,nan,nan,nan,nan,nan,nan,nan,nan,nan,nan,nan,nan,nan,nan,nan,nan,nan,nan,nan,nan,nan,nan,nan
10.300,APPROACH,285.197154,160.443483,235.465364,12.303168,-9.979397,0.641581,1.200613,-145.563492,-161.563492,4.766832,0.000000,0.000000,-0.000613,0.000000,0.000000,0.000000,14.879991,73.901872,17.070000,-9.979397,0.641581,1.200000,0.000000,0.000000,176.321488,-145.563492,-161.563492,4.766250,0.000000,0.000000,0.000000,0.000000,0.000000,0.000000,160.443483,235.465364,12.303168,285.197154,-9.979397,0.641581,1.200613,10.071816,nan,nan,nan,0,nan,nan,nan,0,nan,nan,nan,nan,nan,nan,nan,nan,nan,nan,nan,nan,nan,nan,nan,nan,nan,nan,nan,nan,nan,nan,nan,nan,nan,nan,nan,nan,nan,nan,nan,nan,nan,nan,nan,nan,nan,nan,nan,nan,nan,nan,nan,nan,nan,nan,nan,nan,nan,nan,nan,nan,nan,nan,nan,nan,nan,nan,nan,nan,nan,nan,nan,nan,nan,nan,nan,nan,nan,nan,nan,nan,nan,nan,nan,nan,nan,nan,nan,nan
10.340,APPROACH,285.197154,160.443483,235.465364,12.303168,-9.979397,0.641581,1.200613,-145.563492,-161.563492,4.766803,0.000000,0.000000,-0.000582,0.000000,0.000000,0.000000,14.380830,73.930833,17.130000,-9.983212,0.579213,1.200000,0.000000,0.000000,176.679498,-145.563492,-161.563492,4.766250,0.000000,0.000000,0.000000,0.000000,0.000000,0.000000,159.944322,235.494325,12.363197,284.943173,-9.983212,0.579213,1.200582,10.071812,nan,nan,nan,0,nan,nan,nan,0,nan,nan,nan,nan,nan,nan,nan,nan,nan,nan,nan,nan,nan,nan,nan,nan,nan,nan,nan,nan,nan,nan,nan,nan,nan,nan,nan,nan,nan,nan,nan,nan,nan,nan,nan,nan,nan,nan,nan,nan,nan,nan,nan,nan,nan,nan,nan,nan,nan,nan,nan,nan,nan,nan,nan,nan,nan,nan,nan,nan,nan,nan,nan,nan,nan,nan,nan,nan,nan,nan,nan,nan,nan,nan,nan,nan,nan,nan,nan,nan
10.400,APPROACH,284.687179,159.444991,235.520166,12.423225,-9.986636,0.516823,1.200553,-145.563492,-161.563492,4.766775,0.000000,0.000000,-0.000553,0.000000,0.000000,0.000000,13.881499,73.956674,17.190000,-9.986636,0.516823,1.200000,0.000000,0.000000,177.037503,-145.563492,-161.563492,4.766250,0.000000,0.000000,0.000000,0.000000,0.000000,0.000000,159.444991,235.520166,12.423225,284.687179,-9.986636,0.516823,1.200553,10.071809,nan,nan,nan,0,nan,nan,nan,0,nan,nan,nan,nan,nan,nan,nan,nan,nan,nan,nan,nan,nan,nan,nan,nan,nan,nan,nan,nan,nan,nan,nan,nan,nan,nan,nan,nan,nan,nan,nan,nan,nan,nan,nan,nan,nan,nan,nan,nan,nan,nan,nan,nan,nan,nan,nan,nan,nan,nan,nan,nan,nan,nan,nan,nan,nan,nan,nan,nan,nan,nan,nan,nan,nan,nan,nan,nan,nan,nan,nan,nan,nan,nan,nan,nan,nan,nan,nan,nan
10.440,APPROACH,284.687179,159.444991,235.520166,12.423225,-9.986636,0.516823,1.200553,-145.563492,-161.563492,4.766749,0.000000,0.000000,-0.000525,0.000000,0.000000,0.000000,13.382015,73.979395,17.250000,-9.989670,0.454414,1.200000,0.000000,0.000000,177.395505,-145.563492,-161.563492,4.766250,0.000000,0.000000,0.000000,0.000000,0.000000,0.000000,158.945507,235.542886,12.483251,284.429178,-9.989670,0.454414,1.200525,10.071805,nan,nan,nan,0,nan,nan,nan,0,nan,nan,nan,nan,nan,nan,nan,nan,nan,nan,nan,nan,nan,nan,nan,nan,nan,nan,nan,nan,nan,nan,nan,nan,nan,nan,nan,nan,nan,nan,nan,nan,nan,nan,nan,nan,nan,nan,nan,nan,nan,nan,nan,nan,nan,nan,nan,nan,nan,nan,nan,nan,nan,nan,nan,nan,nan,nan,nan,nan,nan,nan,nan,nan,nan,nan,nan,nan,nan,nan,nan,nan,nan,nan,nan,nan,nan,nan,nan,nan
10.500,APPROACH,284.169173,158.445891,235.562486,12.543276,-9.992314,0.391987,1.200499,-145.563492,-161.563492,4.766724,0.000000,0.000000,-0.000499,0.000000,0.000000,0.000000,12.882399,73.998994,17.310000,-9.992314,0.391987,1.200000,0.000000,0.000000,177.753502,-145.563492,-161.563492,4.766250,0.000000,0.000000,0.000000,0.000000,0.000000,0.000000,158.445891,235.562486,12.543276,284.169173,-9.992314,0.391987,1.200499,10.071802,nan,nan,nan,0,nan,nan,nan,0,nan,nan,nan,nan,nan,nan,nan,nan,nan,nan,nan,nan,nan,nan,nan,nan,nan,nan,nan,nan,nan,nan,nan,nan,nan,nan,nan,nan,nan,nan,nan,nan,nan,nan,nan,nan,nan,nan,nan,nan,nan,nan,nan,nan,nan,nan,nan,nan,nan,nan,nan,nan,nan,nan,nan,nan,nan,nan,nan,nan,nan,nan,nan,nan,nan,nan,nan,nan,nan,nan,nan,nan,nan,nan,nan,nan,nan,nan,nan,nan
10.540,APPROACH,284.169173,158.445891,235.562486,12.543276,-9.992314,0.391987,1.200499,-145.563492,-161.563492,4.766700,0.000000,0.000000,-0.000474,0.000000,0.000000,0.000000,12.382671,74.015471,17.370000,-9.994568,0.329547,1.200000,0.000000,0.000000,178.111495,-145.563492,-161.563492,4.766250,0.000000,0.000000,0.000000,0.000000,0.000000,0.000000,157.946163,235.578963,12.603300,283.907170,-9.994568,0.329547,1.200474,10.071799,nan,nan,nan,0,nan,nan,nan,0,nan,nan,nan,nan,nan,nan,nan,nan,nan,nan,nan,nan,nan,nan,nan,nan,nan,nan,nan,nan,nan,nan,nan,nan,nan,nan,nan,nan,nan,nan,nan,nan,nan,nan,nan,nan,nan,nan,nan,nan,nan,nan,nan,nan,nan,nan,nan,nan,nan,nan,nan,nan,nan,nan,nan,nan,nan,nan,nan,nan,nan,nan,nan,nan,nan,nan,nan,nan,nan,nan,nan,nan,nan,nan,nan,nan,nan,nan,nan,nan
10.600,APPROACH,283.643174,157.446341,235.592318,12.663322,-9.996432,0.267093,1.200450,-145.563492,-161.563492,4.766678,0.000000,0.000000,-0.000450,0.000000,0.000000,0.000000,11.882849,74.028826,17.430000,-9.996432,0.267093,1.200000,0.000000,0.000000,178.469485,-145.566306,-161.403517,4.789140,-0.050000,0.050000,0.050000,0.000000,0.000000,0.000000,157.446341,235.592318,12.663322,283.643174,-9.996432,0.267093,1.200450,10.071796,nan,nan,nan,0,nan,nan,nan,0,nan,nan,nan,nan,nan,nan,nan,nan,nan,nan,nan,nan,nan,nan,nan,nan,nan,nan,nan,nan,nan,nan,nan,nan,nan,nan,nan,nan,nan,nan,nan,nan,nan,nan,nan,nan,nan,nan,nan,nan,nan,nan,nan,nan,nan,nan,nan,nan,nan,nan,nan,nan,nan,nan,nan,nan,nan,nan,nan,nan,nan,nan,nan,nan,nan,nan,nan,nan,nan,nan,nan,nan,nan,nan,nan,nan,nan,nan,nan,nan
10.640,APPROACH,283.643174,157.446341,235.592318,12.663322,-9.996432,0.267093,1.200450,-145.569165,-161.557242,4.772905,-0.113463,0.125000,0.124550,0.000000,0.000000,132.230136,11.382954,74.039058,17.490000,-9.997906,0.204631,1.200000,0.000000,0.000000,178.827471,-145.571062,-161.083552,4.834919,-0.104378,0.150000,0.150000,0.000000,0.000000,0.000000,156.952119,235.596299,12.717095,283.374855,-9.884443,0.079631,1.075450,9.943096,nan,nan,nan,0,nan,nan,nan,0,nan,nan,nan,nan,nan,nan,nan,nan,nan,nan,nan,nan,nan,nan,nan,nan,nan,nan,nan,nan,nan,nan,nan,nan,nan,nan,nan,nan,nan,nan,nan,nan,nan,nan,nan,nan,nan,nan,nan,nan,nan,nan,nan,nan,nan,nan,nan,nan,nan,nan,nan,nan,nan,nan,nan,nan,nan,nan,nan,nan,nan,nan,nan,nan,nan,nan,nan,nan,nan,nan,nan,nan,nan,nan,nan,nan,nan,nan,nan,nan
10.700,APPROACH,283.098170,156.456265,235.590907,12.764617,-9.917084,-0.107840,0.950450,-145.573260,-161.544742,4.785383,-0.081906,0.250000,0.249550,0.000000,0.000000,108.140010,10.883005,74.046166,17.550000,-9.998989,0.142160,1.200000,0.000000,0.000000,179.185453,-145.576017,-160.603578,4.903587,-0.060785,0.300000,0.300000,0.000000,0.000000,0.000000,156.456265,235.590907,12.764617,283.098170,-9.917084,-0.107840,0.950450,9.963109,nan,nan,nan,0,nan,nan,nan,0,nan,nan,nan,nan,nan,nan,nan,nan,nan,nan,nan,nan,nan,nan,nan,nan,nan,nan,nan,nan,nan,nan,nan,nan,nan,nan,nan,nan,nan,nan,nan,nan,nan,nan,nan,nan,nan,nan,nan,nan,nan,nan,nan,nan,nan,nan,nan,nan,nan,nan,nan,nan,nan,nan,nan,nan,nan,nan,nan,nan,nan,nan,nan,nan,nan,nan,nan,nan,nan,nan,nan,nan,nan,nan,nan,nan,nan,nan,nan,nan
10.740,APPROACH,283.098170,156.456265,235.590907,12.764617,-9.917084,-0.107840,0.950450,-145.575123,-161.525992,4.804110,-0.037250,0.375000,0.374550,0.000000,0.000000,95.672801,10.383020,74.050150,17.610000,-9.999683,0.079685,1.200000,0.000000,0.000000,179.543432,-145.577867,-160.283584,4.949366,-0.031722,0.400000,0.400000,0.000000,0.000000,0.000000,155.958143,235.576142,12.805890,282.812750,-9.962432,-0.295315,0.825450,10.000932,nan,nan,nan,0,nan,nan,nan,0,nan,nan,nan,nan,nan,nan,nan,nan,nan,nan,nan,nan,nan,nan,nan,nan,nan,nan,nan,nan,nan,nan,nan,nan,nan,nan,nan,nan,nan,nan,nan,nan,nan,nan,nan,nan,nan,nan,nan,nan,nan,nan,nan,nan,nan,nan,nan,nan,nan,nan,nan,nan,nan,nan,nan,nan,nan,nan,nan,nan,nan,nan,nan,nan,nan,nan,nan,nan,nan,nan,nan,nan,nan,nan,nan,nan,nan,nan,nan,nan
10.800,APPROACH,282.518981,155.458483,235.552002,12.840912,-9.993209,-0.482792,0.700450,-145.575462,-161.500992,4.829088,-0.006777,0.500000,0.499550,0.000000,0.000000,90.776488,9.883021,74.051010,17.670000,-9.999985,0.017208,1.200000,0.000000,0.000000,179.901408,-145.578463,-159.803585,5.018035,0.011874,0.550000,0.550000,0.000000,0.000000,0.000000,155.458483,235.552002,12.840912,282.518981,-9.993209,-0.482792,0.700450,10.029354,nan,nan,nan,0,nan,nan,nan,0,nan,nan,nan,nan,nan,nan,nan,nan,nan,nan,nan,nan,nan,nan,nan,nan,nan,nan,nan,nan,nan,nan,nan,nan,nan,nan,nan,nan,nan,nan,nan,nan,nan,nan,nan,nan,nan,nan,nan,nan,nan,nan,nan,nan,nan,nan,nan,nan,nan,nan,nan,nan,nan,nan,nan,nan,nan,nan,nan,nan,nan,nan,nan,nan,nan,nan,nan,nan,nan,nan,nan,nan,nan,nan,nan,nan,nan,nan,nan,nan
10.840,APPROACH,282.518981,155.458483,235.552002,12.840912,-9.993209,-0.482792,0.700450,-145.573531,-161.469742,4.860315,0.038604,0.625000,0.624550,0.000000,0.000000,86.465566,9.383026,74.048747,17.730000,-9.999898,-0.045270,1.200000,0.000000,0.000000,-179.740620,-145.577407,-159.483587,5.063814,0.040938,0.650000,0.650000,0.000000,0.000000,0.000000,154.956558,235.518489,12.869685,282.216445,-10.038501,-0.670270,0.575450,10.077297,nan,nan,nan,0,nan,nan,nan,0,nan,nan,nan,nan,nan,nan,nan,nan,nan,nan,nan,nan,nan,nan,nan,nan,nan,nan,nan,nan,nan,nan,nan,nan,nan,nan,nan,nan,nan,nan,nan,nan,nan,nan,nan,nan,nan,nan,nan,nan,nan,nan,nan,nan,nan,nan,nan,nan,nan,nan,nan,nan,nan,nan,nan,nan,nan,nan,nan,nan,nan,nan,nan,nan,nan,nan,nan,nan,nan,nan,nan,nan,nan,nan,nan,nan,nan,nan,nan,nan
10.900,APPROACH,281.905577,154.453186,235.475601,12.892207,-10.067433,-0.857746,0.450450,-145.570131,-161.432242,4.897793,0.068013,0.750000,0.749550,0.000000,0.000000,84.818356,8.883055,74.043359,17.790000,-9.999420,-0.107746,1.200000,0.000000,0.000000,-179.382651,-145.573642,-159.003602,5.132483,0.084532,0.800000,0.800000,0.000000,0.000000,0.000000,154.453186,235.475601,12.892207,281.905577,-10.067433,-0.857746,0.450450,10.113942,nan,nan,nan,0,nan,nan,nan,0,nan,nan,nan,nan,nan,nan,nan,nan,nan,nan,nan,nan,nan,nan,nan,nan,nan,nan,nan,nan,nan,nan,nan,nan,nan,nan,nan,nan,nan,nan,nan,nan,nan,nan,nan,nan,nan,nan,nan,nan,nan,nan,nan,nan,nan,nan,nan,nan,nan,nan,nan,nan,nan,nan,nan,nan,nan,nan,nan,nan,nan,nan,nan,nan,nan,nan,nan,nan,nan,nan,nan,nan,nan,nan,nan,nan,nan,nan,nan,nan
10.940,APPROACH,281.905577,154.453186,235.475601,12.892207,-10.067433,-0.857746,0.450450,-145.564424,-161.388492,4.941520,0.114135,0.875000,0.874550,0.000000,0.000000,82.568329,8.383128,74.034849,17.850000,-9.998551,-0.170216,1.200000,0.000000,0.000000,-179.024685,-145.569680,-158.683627,5.178262,0.113593,0.900000,0.900000,0.000000,0.000000,0.000000,153.947552,235.423340,12.908480,281.585914,-10.112686,-1.045216,0.325450,10.171765,nan,nan,nan,0,nan,nan,nan,0,nan,nan,nan,nan,nan,nan,nan,nan,nan,nan,nan,nan,nan,nan,nan,nan,nan,nan,nan,nan,nan,nan,nan,nan,nan,nan,nan,nan,nan,nan,nan,nan,nan,nan,nan,nan,nan,nan,nan,nan,nan,nan,nan,nan,nan,nan,nan,nan,nan,nan,nan,nan,nan,nan,nan,nan,nan,nan,nan,nan,nan,nan,nan,nan,nan,nan,nan,nan,nan,nan,nan,nan,nan,nan,nan,nan,nan,nan,nan,nan
11.000,APPROACH,281.257936,153.440562,235.361706,12.918502,-10.139789,-1.232680,0.200450,-145.557299,-161.338492,4.991498,0.142496,1.000000,0.999550,0.000000,0.000000,81.890151,7.883263,74.023215,17.910000,-9.997293,-0.232680,1.200000,0.000000,0.000000,-178.666722,-145.561557,-158.203696,5.246930,0.157183,1.050000,1.050000,0.000000,0.000000,0.000000,153.440562,235.361706,12.918502,281.257936,-10.139789,-1.232680,0.200450,10.216409,nan,nan,nan,0,nan,nan,nan,0,nan,nan,nan,nan,nan,nan,nan,nan,nan,nan,nan,nan,nan,nan,nan,nan,nan,nan,nan,nan,nan,nan,nan,nan,nan,nan,nan,nan,nan,nan,nan,nan,nan,nan,nan,nan,nan,nan,nan,nan,nan,nan,nan,nan,nan,nan,nan,nan,nan,nan,nan,nan,nan,nan,nan,nan,nan,nan,nan,nan,nan,nan,nan,nan,nan,nan,nan,nan,nan,nan,nan,nan,nan,nan,nan,nan,nan,nan,nan,nan
11.040,APPROACH,281.257936,153.440562,235.361706,12.918502,-10.139789,-1.232680,0.200450,-145.547831,-161.282242,5.047725,0.189373,1.125000,1.124550,0.000000,0.000000,80.444873,7.383481,74.008458,17.970000,-9.995644,-0.295134,1.200000,0.000000,0.000000,-178.308762,-145.554688,-157.883770,5.292709,0.186240,1.150000,1.144477,0.000000,0.000000,0.000000,152.931312,235.290700,12.922275,280.921136,-10.185017,-1.420134,0.075450,10.283825,nan,nan,nan,0,nan,nan,nan,0,nan,nan,nan,nan,nan,nan,nan,nan,nan,nan,nan,nan,nan,nan,nan,nan,nan,nan,nan,nan,nan,nan,nan,nan,nan,nan,nan,nan,nan,nan,nan,nan,nan,nan,nan,nan,nan,nan,nan,nan,nan,nan,nan,nan,nan,nan,nan,nan,nan,nan,nan,nan,nan,nan,nan,nan,nan,nan,nan,nan,nan,nan,nan,nan,nan,nan,nan,nan,nan,nan,nan,nan,nan,nan,nan,nan,nan,nan,nan,nan
11.100,APPROACH,280.576042,152.420796,235.210321,12.919797,-10.210307,-1.607576,-0.049550,-145.536995,-161.219742,5.110203,0.216702,1.250000,1.249550,0.000000,0.000000,80.164844,6.883801,73.990579,18.030000,-9.993605,-0.357576,1.200000,0.000000,0.000000,-177.950805,-145.542206,-157.403933,5.361378,0.229821,1.300000,1.144477,0.000000,0.000000,0.000000,152.420796,235.210321,12.919797,280.576042,-10.210307,-1.607576,-0.049550,10.336205,nan,nan,nan,0,nan,nan,nan,0,nan,nan,nan,nan,nan,nan,nan,nan,nan,nan,nan,nan,nan,nan,nan,nan,nan,nan,nan,nan,nan,nan,nan,nan,nan,nan,nan,nan,nan,nan,nan,nan,nan,nan,nan,nan,nan,nan,nan,nan,nan,nan,nan,nan,nan,nan,nan,nan,nan,nan,nan,nan,nan,nan,nan,nan,nan,nan,nan,nan,nan,nan,nan,nan,nan,nan,nan,nan,nan,nan,nan,nan,nan,nan,nan,nan,nan,nan,nan,nan
11.140,APPROACH,280.576042,152.420796,235.210321,12.919797,-10.210307,-1.607576,-0.049550,-145.523778,-161.150992,5.178930,0.264347,1.375000,1.374550,0.000000,0.000000,79.117536,6.384242,73.969579,18.090000,-9.991176,-0.420003,1.200000,0.000000,0.000000,-177.592850,-145.532432,-157.084082,5.407157,0.258871,1.400000,1.144477,0.000000,0.000000,0.000000,151.908020,235.120571,12.911070,280.222100,-10.255523,-1.795003,-0.174550,10.412889,nan,nan,nan,0,nan,nan,nan,0,nan,nan,nan,nan,nan,nan,nan,nan,nan,nan,nan,nan,nan,nan,nan,nan,nan,nan,nan,nan,nan,nan,nan,nan,nan,nan,nan,nan,nan,nan,nan,nan,nan,nan,nan,nan,nan,nan,nan,nan,nan,nan,nan,nan,nan,nan,nan,nan,nan,nan,nan,nan,nan,nan,nan,nan,nan,nan,nan,nan,nan,nan,nan,nan,nan,nan,nan,nan,nan,nan,nan,nan,nan,nan,nan,nan,nan,nan,nan,nan
11.200,APPROACH,279.860072,151.394069,235.021450,12.900146,-10.279013,-1.982414,-0.218483,-145.509245,-161.075992,5.249854,0.290656,1.500000,1.418483,0.000000,0.000000,79.033668,5.884824,73.945458,18.150000,-9.988357,-0.482414,1.200000,0.000000,0.000000,-177.234899,-145.515593,-156.604378,5.475826,0.302440,1.550000,1.144477,0.000000,0.000000,0.000000,151.394069,235.021450,12.900146,279.860072,-10.279013,-1.982414,-0.218483,10.470712,nan,nan,nan,0,nan,nan,nan,0,nan,nan,nan,nan,nan,nan,nan,nan,nan,nan,nan,nan,nan,nan,nan,nan,nan,nan,nan,nan,nan,nan,nan,nan,nan,nan,nan,nan,nan,nan,nan,nan,nan,nan,nan,nan,nan,nan,nan,nan,nan,nan,nan,nan,nan,nan,nan,nan,nan,nan,nan,nan,nan,nan,nan,nan,nan,nan,nan,nan,nan,nan,nan,nan,nan,nan,nan,nan,nan,nan,nan,nan,nan,nan,nan,nan,nan,nan,nan,nan
11.240,APPROACH,279.860072,151.394069,235.021450,12.900146,-10.279013,-1.982414,-0.218483,-145.492291,-160.994742,5.320666,0.339078,1.625000,1.416227,0.000000,0.000000,78.213591,5.385567,73.918218,18.210000,-9.985148,-0.544805,1.200000,0.000000,0.000000,-176.876949,-145.502915,-156.284630,5.521605,0.331481,1.650000,1.144477,0.000000,0.000000,0.000000,150.877858,234.912960,12.889334,279.489466,-10.324226,-2.169805,-0.216227,10.551988,nan,nan,nan,0,nan,nan,nan,0,nan,nan,nan,nan,nan,nan,nan,nan,nan,nan,nan,nan,nan,nan,nan,nan,nan,nan,nan,nan,nan,nan,nan,nan,nan,nan,nan,nan,nan,nan,nan,nan,nan,nan,nan,nan,nan,nan,nan,nan,nan,nan,nan,nan,nan,nan,nan,nan,nan,nan,nan,nan,nan,nan,nan,nan,nan,nan,nan,nan,nan,nan,nan,nan,nan,nan,nan,nan,nan,nan,nan,nan,nan,nan,nan,nan,nan,nan,nan,nan
11.300,APPROACH,279.110958,150.360562,234.795101,12.879775,-10.345928,-2.357175,-0.191195,-145.474073,-160.907242,5.390225,0.364378,1.750000,1.391195,0.000000,0.000000,78.238159,4.886489,73.887859,18.270000,-9.981550,-0.607175,1.200000,0.000000,0.000000,-176.519002,-145.481719,-155.805099,5.590273,0.375034,1.800000,1.144477,0.000000,0.000000,0.000000,150.360562,234.795101,12.879775,279.110958,-10.345928,-2.357175,-0.191195,10.612778,nan,nan,nan,0,nan,nan,nan,0,nan,nan,nan,nan,nan,nan,nan,nan,nan,nan,nan,nan,nan,nan,nan,nan,nan,nan,nan,nan,nan,nan,nan,nan,nan,nan,nan,nan,nan,nan,nan,nan,nan,nan,nan,nan,nan,nan,nan,nan,nan,nan,nan,nan,nan,nan,nan,nan,nan,nan,nan,nan,nan,nan,nan,nan,nan,nan,nan,nan,nan,nan,nan,nan,nan,nan,nan,nan,nan,nan,nan,nan,nan,nan,nan,nan,nan,nan,nan,nan
11.340,APPROACH,279.110958,150.360562,234.795101,12.879775,-10.345928,-2.357175,-0.191195,-145.453393,-160.813492,5.459741,0.413586,1.875000,1.390304,0.000000,0.000000,77.560930,4.387611,73.854383,18.330000,-9.977562,-0.669521,1.200000,0.000000,0.000000,-176.161058,-145.466137,-155.485478,5.636053,0.404064,1.900000,1.144477,0.000000,0.000000,0.000000,149.841004,234.667875,12.870259,278.723845,-10.391148,-2.544521,-0.190304,10.699848,nan,nan,nan,0,nan,nan,nan,0,nan,nan,nan,nan,nan,nan,nan,nan,nan,nan,nan,nan,nan,nan,nan,nan,nan,nan,nan,nan,nan,nan,nan,nan,nan,nan,nan,nan,nan,nan,nan,nan,nan,nan,nan,nan,nan,nan,nan,nan,nan,nan,nan,nan,nan,nan,nan,nan,nan,nan,nan,nan,nan,nan,nan,nan,nan,nan,nan,nan,nan,nan,nan,nan,nan,nan,nan,nan,nan,nan,nan,nan,nan,nan,nan,nan,nan,nan,nan,nan
11.400,APPROACH,278.328851,149.320451,234.531283,12.861931,-10.411071,-2.731840,-0.166568,-145.431499,-160.713492,5.528069,0.437887,2.000000,1.366568,0.000000,0.000000,77.650345,3.888952,73.817791,18.390000,-9.973185,-0.731840,1.200000,0.000000,0.000000,-175.803116,-145.440587,-155.006160,5.704721,0.447597,2.050000,1.144477,0.000000,0.000000,0.000000,149.320451,234.531283,12.861931,278.328851,-10.411071,-2.731840,-0.166568,10.764808,nan,nan,nan,0,nan,nan,nan,0,nan,nan,nan,nan,nan,nan,nan,nan,nan,nan,nan,nan,nan,nan,nan,nan,nan,nan,nan,nan,nan,nan,nan,nan,nan,nan,nan,nan,nan,nan,nan,nan,nan,nan,nan,nan,nan,nan,nan,nan,nan,nan,nan,nan,nan,nan,nan,nan,nan,nan,nan,nan,nan,nan,nan,nan,nan,nan,nan,nan,nan,nan,nan,nan,nan,nan,nan,nan,nan,nan,nan,nan,nan,nan,nan,nan,nan,nan,nan,nan
11.440,APPROACH,278.328851,149.320451,234.531283,12.861931,-10.411071,-2.731840,-0.166568,-145.407105,-160.607242,5.596414,0.487888,2.125000,1.366908,0.000000,0.000000,77.069317,3.390531,73.778085,18.450000,-9.968418,-0.794130,1.200000,0.000000,0.000000,-175.445176,-145.422103,-154.686694,5.750500,0.476613,2.150000,1.144477,0.000000,0.000000,0.000000,148.797635,234.385327,12.853586,277.925228,-10.456306,-2.919130,-0.166908,10.857417,nan,nan,nan,0,nan,nan,nan,0,nan,nan,nan,nan,nan,nan,nan,nan,nan,nan,nan,nan,nan,nan,nan,nan,nan,nan,nan,nan,nan,nan,nan,nan,nan,nan,nan,nan,nan,nan,nan,nan,nan,nan,nan,nan,nan,nan,nan,nan,nan,nan,nan,nan,nan,nan,nan,nan,nan,nan,nan,nan,nan,nan,nan,nan,nan,nan,nan,nan,nan,nan,nan,nan,nan,nan,nan,nan,nan,nan,nan,nan,nan,nan,nan,nan,nan,nan,nan,nan
11.500,APPROACH,277.513745,148.273912,234.230007,12.846368,-10.474460,-3.106388,-0.144342,-145.381545,-160.494742,5.663632,0.511197,2.250000,1.344342,0.000000,0.000000,77.199765,2.892368,73.735265,18.510000,-9.963262,-0.856388,1.200000,0.000000,0.000000,-175.087239,-145.392201,-154.207627,5.819169,0.520124,2.300000,1.144477,0.000000,0.000000,0.000000,148.273912,234.230007,12.846368,277.513745,-10.474460,-3.106388,-0.144342,10.926335,nan,nan,nan,0,nan,nan,nan,0,nan,nan,nan,nan,nan,nan,nan,nan,nan,nan,nan,nan,nan,nan,nan,nan,nan,nan,nan,nan,nan,nan,nan,nan,nan,nan,nan,nan,nan,nan,nan,nan,nan,nan,nan,nan,nan,nan,nan,nan,nan,nan,nan,nan,nan,nan,nan,nan,nan,nan,nan,nan,nan,nan,nan,nan,nan,nan,nan,nan,nan,nan,nan,nan,nan,nan,nan,nan,nan,nan,nan,nan,nan,nan,nan,nan,nan,nan,nan,nan
11.540,APPROACH,277.513745,148.273912,234.230007,12.846368,-10.474460,-3.106388,-0.144342,-145.353445,-160.375992,5.730921,0.561997,2.375000,1.345793,0.000000,0.000000,76.686957,2.394482,73.689335,18.570000,-9.957718,-0.918613,1.200000,0.000000,0.000000,-174.729303,-145.370816,-153.888342,5.864948,0.549123,2.400000,1.144477,0.000000,0.000000,0.000000,147.747927,234.065327,12.839079,277.093610,-10.519715,-3.293613,-0.145793,11.024226,nan,nan,nan,0,nan,nan,nan,0,nan,nan,nan,nan,nan,nan,nan,nan,nan,nan,nan,nan,nan,nan,nan,nan,nan,nan,nan,nan,nan,nan,nan,nan,nan,nan,nan,nan,nan,nan,nan,nan,nan,nan,nan,nan,nan,nan,nan,nan,nan,nan,nan,nan,nan,nan,nan,nan,nan,nan,nan,nan,nan,nan,nan,nan,nan,nan,nan,nan,nan,nan,nan,nan,nan,nan,nan,nan,nan,nan,nan,nan,nan,nan,nan,nan,nan,nan,nan,nan
11.600,APPROACH,276.665637,147.221121,233.891286,12.832865,-10.536108,-3.480802,-0.124283,-145.324229,-160.250992,5.797135,0.584323,2.500000,1.324283,0.000000,0.000000,76.844479,1.896893,73.640295,18.630000,-9.951785,-0.980802,1.200000,0.000000,0.000000,-174.371370,-145.336564,-153.409567,5.933617,0.592607,2.550000,1.144477,0.000000,0.000000,0.000000,147.221121,233.891286,12.832865,276.665637,-10.536108,-3.480802,-0.124283,11.096891,nan,nan,nan,0,nan,nan,nan,0,nan,nan,nan,nan,nan,nan,nan,nan,nan,nan,nan,nan,nan,nan,nan,nan,nan,nan,nan,nan,nan,nan,nan,nan,nan,nan,nan,nan,nan,nan,nan,nan,nan,nan,nan,nan,nan,nan,nan,nan,nan,nan,nan,nan,nan,nan,nan,nan,nan,nan,nan,nan,nan,nan,nan,nan,nan,nan,nan,nan,nan,nan,nan,nan,nan,nan,nan,nan,nan,nan,nan,nan,nan,nan,nan,nan,nan,nan,nan,nan
11.640,APPROACH,276.665637,147.221121,233.891286,12.832865,-10.536108,-3.480802,-0.124283,-145.292432,-160.119742,5.863472,0.635926,2.625000,1.326737,0.000000,0.000000,76.382037,1.399619,73.588147,18.690000,-9.945464,-1.042952,1.200000,0.000000,0.000000,-174.013438,-145.312280,-153.090490,5.979396,0.621587,2.650000,1.144477,0.000000,0.000000,0.000000,146.692052,233.707889,12.826528,276.228991,-10.581389,-3.667952,-0.126737,11.199810,nan,nan,nan,0,nan,nan,nan,0,nan,nan,nan,nan,nan,nan,nan,nan,nan,nan,nan,nan,nan,nan,nan,nan,nan,nan,nan,nan,nan,nan,nan,nan,nan,nan,nan,nan,nan,nan,nan,nan,nan,nan,nan,nan,nan,nan,nan,nan,nan,nan,nan,nan,nan,nan,nan,nan,nan,nan,nan,nan,nan,nan,nan,nan,nan,nan,nan,nan,nan,nan,nan,nan,nan,nan,nan,nan,nan,nan,nan,nan,nan,nan,nan,nan,nan,nan,nan,nan
11.700,APPROACH,275.784528,146.162250,233.515136,12.821219,-10.596028,-3.855061,-0.106179,-145.259569,-159.982242,5.928781,0.657273,2.750000,1.306179,0.000000,0.000000,76.557995,0.902682,73.532894,18.750000,-9.938754,-1.105061,1.200000,0.000000,0.000000,-173.655509,-145.273681,-152.612045,6.048064,0.665042,2.800000,1.144477,0.000000,0.000000,0.000000,146.162250,233.515136,12.821219,275.784528,-10.596028,-3.855061,-0.106179,11.276018,nan,nan,nan,0,nan,nan,nan,0,nan,nan,nan,nan,nan,nan,nan,nan,nan,nan,nan,nan,nan,nan,nan,nan,nan,nan,nan,nan,nan,nan,nan,nan,nan,nan,nan,nan,nan,nan,nan,nan,nan,nan,nan,nan,nan,nan,nan,nan,nan,nan,nan,nan,nan,nan,nan,nan,nan,nan,nan,nan,nan,nan,nan,nan,nan,nan,nan,nan,nan,nan,nan,nan,nan,nan,nan,nan,nan,nan,nan,nan,nan,nan,nan,nan,nan,nan,nan,nan
11.740,APPROACH,275.784528,146.162250,233.515136,12.821219,-10.596028,-3.855061,-0.106179,-145.224085,-159.838492,5.994258,0.709683,2.875000,1.309539,0.000000,0.000000,76.133955,0.406099,73.474538,18.810000,-9.931657,-1.167127,1.200000,0.000000,0.000000,-173.297582,-145.246500,-152.293201,6.093843,0.694000,2.900000,1.144477,0.000000,0.000000,0.000000,145.630183,233.313029,12.815742,275.331370,-10.641340,-4.042127,-0.109539,11.383712,nan,nan,nan,0,nan,nan,nan,0,nan,nan,nan,nan,nan,nan,nan,nan,nan,nan,nan,nan,nan,nan,nan,nan,nan,nan,nan,nan,nan,nan,nan,nan,nan,nan,nan,nan,nan,nan,nan,nan,nan,nan,nan,nan,nan,nan,nan,nan,nan,nan,nan,nan,nan,nan,nan,nan,nan,nan,nan,nan,nan,nan,nan,nan,nan,nan,nan,nan,nan,nan,nan,nan,nan,nan,nan,nan,nan,nan,nan,nan,nan,nan,nan,nan,nan,nan,nan,nan
11.800,APPROACH,274.870419,145.097472,233.101572,12.811250,-10.654231,-4.229146,-0.089841,-145.187582,-159.688492,6.058750,0.730058,3.000000,1.289841,0.000000,0.000000,76.322771,-0.090110,73.413080,18.870000,-9.924172,-1.229146,1.200000,0.000000,0.000000,-172.939656,-145.203557,-151.815127,6.162512,0.737421,3.050000,1.144477,0.000000,0.000000,0.000000,145.097472,233.101572,12.811250,274.870419,-10.654231,-4.229146,-0.089841,11.463262,nan,nan,nan,0,nan,nan,nan,0,nan,nan,nan,nan,nan,nan,nan,nan,nan,nan,nan,nan,nan,nan,nan,nan,nan,nan,nan,nan,nan,nan,nan,nan,nan,nan,nan,nan,nan,nan,nan,nan,nan,nan,nan,nan,nan,nan,nan,nan,nan,nan,nan,nan,nan,nan,nan,nan,nan,nan,nan,nan,nan,nan,nan,nan,nan,nan,nan,nan,nan,nan,nan,nan,nan,nan,nan,nan,nan,nan,nan,nan,nan,nan,nan,nan,nan,nan,nan,nan
11.840,APPROACH,274.870419,145.097472,233.101572,12.811250,-10.654231,-4.229146,-0.089841,-145.148418,-159.532242,6.123451,0.783276,3.125000,1.294018,0.000000,0.000000,75.928797,-0.585925,73.348524,18.930000,-9.916300,-1.291118,1.200000,0.000000,0.000000,-172.581732,-145.173482,-151.496543,6.208291,0.766356,3.150000,1.144477,0.000000,0.000000,0.000000,144.562493,232.880766,12.806549,274.400753,-10.699577,-4.416118,-0.094018,11.575486,nan,nan,nan,0,nan,nan,nan,0,nan,nan,nan,nan,nan,nan,nan,nan,nan,nan,nan,nan,nan,nan,nan,nan,nan,nan,nan,nan,nan,nan,nan,nan,nan,nan,nan,nan,nan,nan,nan,nan,nan,nan,nan,nan,nan,nan,nan,nan,nan,nan,nan,nan,nan,nan,nan,nan,nan,nan,nan,nan,nan,nan,nan,nan,nan,nan,nan,nan,nan,nan,nan,nan,nan,nan,nan,nan,nan,nan,nan,nan,nan,nan,nan,nan,nan,nan,nan,nan
11.900,APPROACH,273.923318,144.026957,232.650614,12.802794,-10.710726,-4.603038,-0.075096,-145.108284,-159.369742,6.187206,0.802684,3.250000,1.275096,0.000000,0.000000,76.126742,-1.081327,73.280872,18.990000,-9.908042,-1.353038,1.200000,0.000000,0.000000,-172.223810,-145.126199,-151.018878,6.276960,0.809740,3.300000,1.144477,0.000000,0.000000,0.000000,144.026957,232.650614,12.802794,273.923318,-10.710726,-4.603038,-0.075096,11.658184,nan,nan,nan,0,nan,nan,nan,0,nan,nan,nan,nan,nan,nan,nan,nan,nan,nan,nan,nan,nan,nan,nan,nan,nan,nan,nan,nan,nan,nan,nan,nan,nan,nan,nan,nan,nan,nan,nan,nan,nan,nan,nan,nan,nan,nan,nan,nan,nan,nan,nan,nan,nan,nan,nan,nan,nan,nan,nan,nan,nan,nan,nan,nan,nan,nan,nan,nan,nan,nan,nan,nan,nan,nan,nan,nan,nan,nan,nan,nan,nan,nan,nan,nan,nan,nan,nan,nan
11.940,APPROACH,273.923318,144.026957,232.650614,12.802794,-10.710726,-4.603038,-0.075096,-145.065448,-159.200992,6.251206,0.856712,3.375000,1.280010,0.000000,0.000000,75.756832,-1.576297,73.210127,19.050000,-9.899396,-1.414906,1.200000,0.000000,0.000000,-171.865889,-145.093231,-150.700581,6.322739,0.838649,3.400000,1.144477,0.000000,0.000000,0.000000,143.489151,232.411119,12.798794,273.437148,-10.756108,-4.789906,-0.080010,11.774696,nan,nan,nan,0,nan,nan,nan,0,nan,nan,nan,nan,nan,nan,nan,nan,nan,nan,nan,nan,nan,nan,nan,nan,nan,nan,nan,nan,nan,nan,nan,nan,nan,nan,nan,nan,nan,nan,nan,nan,nan,nan,nan,nan,nan,nan,nan,nan,nan,nan,nan,nan,nan,nan,nan,nan,nan,nan,nan,nan,nan,nan,nan,nan,nan,nan,nan,nan,nan,nan,nan,nan,nan,nan,nan,nan,nan,nan,nan,nan,nan,nan,nan,nan,nan,nan,nan,nan
12.000,APPROACH,272.943233,142.950875,232.162283,12.795704,-10.765521,-4.976718,-0.061788,-145.021690,-159.025992,6.314296,0.875157,3.500000,1.261788,0.000000,0.000000,75.961345,-2.070815,73.136291,19.110000,-9.890364,-1.476718,1.200000,0.000000,0.000000,-171.507970,-145.041612,-150.223366,6.391407,0.881992,3.550000,1.144477,0.000000,0.000000,0.000000,142.950875,232.162283,12.795704,272.943233,-10.765521,-4.976718,-0.061788,11.860353,nan,nan,nan,0,nan,nan,nan,0,nan,nan,nan,nan,nan,nan,nan,nan,nan,nan,nan,nan,nan,nan,nan,nan,nan,nan,nan,nan,nan,nan,nan,nan,nan,nan,nan,nan,nan,nan,nan,nan,nan,nan,nan,nan,nan,nan,nan,nan,nan,nan,nan,nan,nan,nan,nan,nan,nan,nan,nan,nan,nan,nan,nan,nan,nan,nan,nan,nan,nan,nan,nan,nan,nan,nan,nan,nan,nan,nan,nan,nan,nan,nan,nan,nan,nan,nan,nan,nan
12.040,APPROACH,272.943233,142.950875,232.162283,12.795704,-10.765521,-4.976718,-0.061788,-144.975190,-158.844742,6.377664,0.929996,3.625000,1.267368,0.000000,0.000000,75.611060,-2.564862,73.059368,19.170000,-9.880946,-1.538473,1.200000,0.000000,0.000000,-171.150053,-145.005754,-149.905381,6.437186,0.910873,3.650000,1.144477,0.000000,0.000000,0.000000,142.410328,231.904109,12.792336,272.440565,-10.810942,-5.163473,-0.067368,11.980921,nan,nan,nan,0,nan,nan,nan,0,nan,nan,nan,nan,nan,nan,nan,nan,nan,nan,nan,nan,nan,nan,nan,nan,nan,nan,nan,nan,nan,nan,nan,nan,nan,nan,nan,nan,nan,nan,nan,nan,nan,nan,nan,nan,nan,nan,nan,nan,nan,nan,nan,nan,nan,nan,nan,nan,nan,nan,nan,nan,nan,nan,nan,nan,nan,nan,nan,nan,nan,nan,nan,nan,nan,nan,nan,nan,nan,nan,nan,nan,nan,nan,nan,nan,nan,nan,nan,nan
12.100,APPROACH,271.930177,141.869397,231.636601,12.789847,-10.818623,-5.350166,-0.049778,-144.927816,-158.657242,6.440153,0.947480,3.750000,1.249778,0.000000,0.000000,75.820336,-3.058419,72.979359,19.230000,-9.871143,-1.600166,1.200000,0.000000,0.000000,-170.792137,-144.949803,-149.428654,6.505855,0.954171,3.800000,1.144477,0.000000,0.000000,0.000000,141.869397,231.636601,12.789847,271.930177,-10.818623,-5.350166,-0.049778,12.069356,nan,nan,nan,0,nan,nan,nan,0,nan,nan,nan,nan,nan,nan,nan,nan,nan,nan,nan,nan,nan,nan,nan,nan,nan,nan,nan,nan,nan,nan,nan,nan,nan,nan,nan,nan,nan,nan,nan,nan,nan,nan,nan,nan,nan,nan,nan,nan,nan,nan,nan,nan,nan,nan,nan,nan,nan,nan,nan,nan,nan,nan,nan,nan,nan,nan,nan,nan,nan,nan,nan,nan,nan,nan,nan,nan,nan,nan,nan,nan,nan,nan,nan,nan,nan,nan,nan,nan
12.140,APPROACH,271.930177,141.869397,231.636601,12.789847,-10.818623,-5.350166,-0.049778,-144.877660,-158.463492,6.502951,1.003130,3.875000,1.255958,0.000000,0.000000,75.486319,-3.551467,72.896269,19.290000,-9.860955,-1.661798,1.200000,0.000000,0.000000,-170.434223,-144.911059,-149.111008,6.551634,0.983021,3.900000,1.144477,0.000000,0.000000,0.000000,141.326193,231.359761,12.787049,271.411018,-10.864085,-5.536798,-0.055958,12.193753,nan,nan,nan,0,nan,nan,nan,0,nan,nan,nan,nan,nan,nan,nan,nan,nan,nan,nan,nan,nan,nan,nan,nan,nan,nan,nan,nan,nan,nan,nan,nan,nan,nan,nan,nan,nan,nan,nan,nan,nan,nan,nan,nan,nan,nan,nan,nan,nan,nan,nan,nan,nan,nan,nan,nan,nan,nan,nan,nan,nan,nan,nan,nan,nan,nan,nan,nan,nan,nan,nan,nan,nan,nan,nan,nan,nan,nan,nan,nan,nan,nan,nan,nan,nan,nan,nan,nan
12.200,APPROACH,270.884164,140.782691,231.073593,12.785102,-10.870038,-5.723364,-0.038939,-144.826677,-158.263492,6.564898,1.019657,4.000000,1.238939,0.000000,0.000000,75.699065,-4.043986,72.810101,19.350000,-9.850382,-1.723364,1.200000,0.000000,0.000000,-170.076310,-144.850780,-148.634809,6.620303,1.026272,4.050000,1.144477,0.000000,0.000000,0.000000,140.782691,231.073593,12.785102,270.884164,-10.870038,-5.723364,-0.038939,12.284793,nan,nan,nan,0,nan,nan,nan,0,nan,nan,nan,nan,nan,nan,nan,nan,nan,nan,nan,nan,nan,nan,nan,nan,nan,nan,nan,nan,nan,nan,nan,nan,nan,nan,nan,nan,nan,nan,nan,nan,nan,nan,nan,nan,nan,nan,nan,nan,nan,nan,nan,nan,nan,nan,nan,nan,nan,nan,nan,nan,nan,nan,nan,nan,nan,nan,nan,nan,nan,nan,nan,nan,nan,nan,nan,nan,nan,nan,nan,nan,nan,nan,nan,nan,nan,nan,nan,nan
12.240,APPROACH,270.884164,140.782691,231.073593,12.785102,-10.870038,-5.723364,-0.038939,-144.772871,-158.057242,6.627181,1.076118,4.125000,1.245661,0.000000,0.000000,75.378722,-4.535957,72.720858,19.410000,-9.839424,-1.784863,1.200000,0.000000,0.000000,-169.718399,-144.809153,-148.317528,6.666082,1.055089,4.150000,1.144477,0.000000,0.000000,0.000000,140.236914,230.778100,12.782819,270.348523,-10.915542,-5.909863,-0.045661,12.412801,nan,nan,nan,0,nan,nan,nan,0,nan,nan,nan,nan,nan,nan,nan,nan,nan,nan,nan,nan,nan,nan,nan,nan,nan,nan,nan,nan,nan,nan,nan,nan,nan,nan,nan,nan,nan,nan,nan,nan,nan,nan,nan,nan,nan,nan,nan,nan,nan,nan,nan,nan,nan,nan,nan,nan,nan,nan,nan,nan,nan,nan,nan,nan,nan,nan,nan,nan,nan,nan,nan,nan,nan,nan,nan,nan,nan,nan,nan,nan,nan,nan,nan,nan,nan,nan,nan,nan
12.300,APPROACH,269.805213,139.690925,230.473285,12.781361,-10.919772,-6.096291,-0.029157,-144.718287,-157.844742,6.688639,1.091689,4.250000,1.229157,0.000000,0.000000,75.593994,-5.027361,72.628544,19.470000,-9.828083,-1.846291,1.200000,0.000000,0.000000,-169.360489,-144.744551,-147.841896,6.734750,1.098288,4.300000,1.144477,0.000000,0.000000,0.000000,139.690925,230.473285,12.781361,269.805213,-10.919772,-6.096291,-0.029157,12.506280,nan,nan,nan,0,nan,nan,nan,0,nan,nan,nan,nan,nan,nan,nan,nan,nan,nan,nan,nan,nan,nan,nan,nan,nan,nan,nan,nan,nan,nan,nan,nan,nan,nan,nan,nan,nan,nan,nan,nan,nan,nan,nan,nan,nan,nan,nan,nan,nan,nan,nan,nan,nan,nan,nan,nan,nan,nan,nan,nan,nan,nan,nan,nan,nan,nan,nan,nan,nan,nan,nan,nan,nan,nan,nan,nan,nan,nan,nan,nan,nan,nan,nan,nan,nan,nan,nan,nan
12.340,APPROACH,269.805213,139.690925,230.473285,12.781361,-10.919772,-6.096291,-0.029157,-144.660839,-157.625992,6.750457,1.148960,4.375000,1.236368,0.000000,0.000000,75.285291,-5.518179,72.533161,19.530000,-9.816358,-1.907648,1.200000,0.000000,0.000000,-169.002580,-144.700044,-147.525006,6.780530,1.127069,4.400000,1.144477,0.000000,0.000000,0.000000,139.142659,230.159153,12.779543,269.253100,-10.965318,-6.282648,-0.036368,12.637689,nan,nan,nan,0,nan,nan,nan,0,nan,nan,nan,nan,nan,nan,nan,nan,nan,nan,nan,nan,nan,nan,nan,nan,nan,nan,nan,nan,nan,nan,nan,nan,nan,nan,nan,nan,nan,nan,nan,nan,nan,nan,nan,nan,nan,nan,nan,nan,nan,nan,nan,nan,nan,nan,nan,nan,nan,nan,nan,nan,nan,nan,nan,nan,nan,nan,nan,nan,nan,nan,nan,nan,nan,nan,nan,nan,nan,nan,nan,nan,nan,nan,nan,nan,nan,nan,nan,nan
12.400,APPROACH,268.693345,138.594268,229.835706,12.778526,-10.967829,-6.468930,-0.020328,-144.602660,-157.400992,6.811474,1.163579,4.500000,1.220328,0.000000,0.000000,75.502390,-6.008392,72.434715,19.590000,-9.804250,-1.968930,1.200000,0.000000,0.000000,-168.644672,-144.631125,-147.049980,6.849198,1.170213,4.550000,1.144477,0.000000,0.000000,0.000000,138.594268,229.835706,12.778526,268.693345,-10.967829,-6.468930,-0.020328,12.733449,nan,nan,nan,0,nan,nan,nan,0,nan,nan,nan,nan,nan,nan,nan,nan,nan,nan,nan,nan,nan,nan,nan,nan,nan,nan,nan,nan,nan,nan,nan,nan,nan,nan,nan,nan,nan,nan,nan,nan,nan,nan,nan,nan,nan,nan,nan,nan,nan,nan,nan,nan,nan,nan,nan,nan,nan,nan,nan,nan,nan,nan,nan,nan,nan,nan,nan,nan,nan,nan,nan,nan,nan,nan,nan,nan,nan,nan,nan,nan,nan,nan,nan,nan,nan,nan,nan,nan
12.440,APPROACH,268.693345,138.594268,229.835706,12.778526,-10.967829,-6.468930,-0.020328,-144.541577,-157.169742,6.872873,1.221658,4.625000,1.227981,0.000000,0.000000,75.203704,-6.497980,72.333208,19.650000,-9.791759,-2.030135,1.200000,0.000000,0.000000,-168.286766,-144.583742,-146.733508,6.894977,1.198957,4.650000,1.144477,0.000000,0.000000,0.000000,138.043597,229.502950,12.777127,268.124772,-11.013417,-6.655135,-0.027981,12.868060,nan,nan,nan,0,nan,nan,nan,0,nan,nan,nan,nan,nan,nan,nan,nan,nan,nan,nan,nan,nan,nan,nan,nan,nan,nan,nan,nan,nan,nan,nan,nan,nan,nan,nan,nan,nan,nan,nan,nan,nan,nan,nan,nan,nan,nan,nan,nan,nan,nan,nan,nan,nan,nan,nan,nan,nan,nan,nan,nan,nan,nan,nan,nan,nan,nan,nan,nan,nan,nan,nan,nan,nan,nan,nan,nan,nan,nan,nan,nan,nan,nan,nan,nan,nan,nan,nan,nan
12.500,APPROACH,267.548584,137.492886,229.160887,12.776509,-11.014212,-6.841260,-0.012361,-144.479811,-156.932242,6.933491,1.235325,4.750000,1.212361,0.000000,0.000000,75.422107,-6.986924,72.228645,19.710000,-9.778887,-2.091260,1.200000,0.000000,0.000000,-167.928861,-144.510512,-146.259128,6.963646,1.242042,4.800000,1.144477,0.000000,0.000000,0.000000,137.492886,229.160887,12.776509,267.548584,-11.014212,-6.841260,-0.012361,12.965950,nan,nan,nan,0,nan,nan,nan,0,nan,nan,nan,nan,nan,nan,nan,nan,nan,nan,nan,nan,nan,nan,nan,nan,nan,nan,nan,nan,nan,nan,nan,nan,nan,nan,nan,nan,nan,nan,nan,nan,nan,nan,nan,nan,nan,nan,nan,nan,nan,nan,nan,nan,nan,nan,nan,nan,nan,nan,nan,nan,nan,nan,nan,nan,nan,nan,nan,nan,nan,nan,nan,nan,nan,nan,nan,nan,nan,nan,nan,nan,nan,nan,nan,nan,nan,nan,nan,nan
12.540,APPROACH,267.548584,137.492886,229.160887,12.776509,-11.014212,-6.841260,-0.012361,-144.415100,-156.688492,6.994511,1.294210,4.875000,1.220411,0.000000,0.000000,75.132129,-7.475206,72.121030,19.770000,-9.765633,-2.152304,1.200000,0.000000,0.000000,-167.570957,-144.460256,-145.943099,7.009425,1.270745,4.900000,1.144477,0.000000,0.000000,0.000000,136.939894,228.809522,12.775489,266.963565,-11.059843,-7.027304,-0.020411,13.103570,nan,nan,nan,0,nan,nan,nan,0,nan,nan,nan,nan,nan,nan,nan,nan,nan,nan,nan,nan,nan,nan,nan,nan,nan,nan,nan,nan,nan,nan,nan,nan,nan,nan,nan,nan,nan,nan,nan,nan,nan,nan,nan,nan,nan,nan,nan,nan,nan,nan,nan,nan,nan,nan,nan,nan,nan,nan,nan,nan,nan,nan,nan,nan,nan,nan,nan,nan,nan,nan,nan,nan,nan,nan,nan,nan,nan,nan,nan,nan,nan,nan,nan,nan,nan,nan,nan,nan
12.600,APPROACH,266.370957,136.386948,228.448858,12.775230,-11.058927,-7.213263,-0.005170,-144.349754,-156.438492,7.054770,1.306928,5.000000,1.205170,0.000000,0.000000,75.351442,-7.962806,72.010367,19.830000,-9.751998,-2.213263,1.200000,0.000000,0.000000,-167.213054,-144.382720,-145.469403,7.078094,1.313768,5.050000,1.144477,0.000000,0.000000,0.000000,136.386948,228.448858,12.775230,266.370957,-11.058927,-7.213263,-0.005170,13.203448,nan,nan,nan,0,nan,nan,nan,0,nan,nan,nan,nan,nan,nan,nan,nan,nan,nan,nan,nan,nan,nan,nan,nan,nan,nan,nan,nan,nan,nan,nan,nan,nan,nan,nan,nan,nan,nan,nan,nan,nan,nan,nan,nan,nan,nan,nan,nan,nan,nan,nan,nan,nan,nan,nan,nan,nan,nan,nan,nan,nan,nan,nan,nan,nan,nan,nan,nan,nan,nan,nan,nan,nan,nan,nan,nan,nan,nan,nan,nan,nan,nan,nan,nan,nan,nan,nan,nan
12.640,APPROACH,266.370957,136.386948,228.448858,12.775230,-11.058927,-7.213263,-0.005170,-144.281423,-156.182242,7.115449,1.366617,5.125000,1.213580,0.000000,0.000000,75.069098,-8.449705,71.896660,19.890000,-9.737983,-2.274136,1.200000,0.000000,0.000000,-166.855153,-144.329597,-145.153844,7.123873,1.342429,5.150000,1.144477,0.000000,0.000000,0.000000,135.831718,228.078902,12.774551,265.769506,-11.104600,-7.399136,-0.013580,13.343895,nan,nan,nan,0,nan,nan,nan,0,nan,nan,nan,nan,nan,nan,nan,nan,nan,nan,nan,nan,nan,nan,nan,nan,nan,nan,nan,nan,nan,nan,nan,nan,nan,nan,nan,nan,nan,nan,nan,nan,nan,nan,nan,nan,nan,nan,nan,nan,nan,nan,nan,nan,nan,nan,nan,nan,nan,nan,nan,nan,nan,nan,nan,nan,nan,nan,nan,nan,nan,nan,nan,nan,nan,nan,nan,nan,nan,nan,nan,nan,nan,nan,nan,nan,nan,nan,nan,nan
12.700,APPROACH,265.160494,135.276619,227.699656,12.774617,-11.101974,-7.584920,0.001320,-144.212503,-155.919742,7.175383,1.378387,5.250000,1.198680,0.000000,0.000000,75.289020,-8.935884,71.779914,19.950000,-9.723587,-2.334920,1.200000,0.000000,0.000000,-166.497252,-144.247762,-144.680872,7.192541,1.385386,5.300000,1.144477,0.000000,0.000000,0.000000,135.276619,227.699656,12.774617,265.160494,-11.101974,-7.584920,0.001320,13.445626,nan,nan,nan,0,nan,nan,nan,0,nan,nan,nan,nan,nan,nan,nan,nan,nan,nan,nan,nan,nan,nan,nan,nan,nan,nan,nan,nan,nan,nan,nan,nan,nan,nan,nan,nan,nan,nan,nan,nan,nan,nan,nan,nan,nan,nan,nan,nan,nan,nan,nan,nan,nan,nan,nan,nan,nan,nan,nan,nan,nan,nan,nan,nan,nan,nan,nan,nan,nan,nan,nan,nan,nan,nan,nan,nan,nan,nan,nan,nan,nan,nan,nan,nan,nan,nan,nan,nan
12.740,APPROACH,265.160494,135.276619,227.699656,12.774617,-11.101974,-7.584920,0.001320,-144.140560,-155.650992,7.235753,1.438877,5.375000,1.207415,0.000000,0.000000,75.013428,-9.421325,71.660133,20.010000,-9.708812,-2.395613,1.200000,0.000000,0.000000,-166.139352,-144.191774,-144.365808,7.238320,1.414002,5.400000,1.144477,0.000000,0.000000,0.000000,134.719235,227.311125,12.774247,264.542626,-11.147689,-7.770613,-0.007415,13.588725,nan,nan,nan,0,nan,nan,nan,0,nan,nan,nan,nan,nan,nan,nan,nan,nan,nan,nan,nan,nan,nan,nan,nan,nan,nan,nan,nan,nan,nan,nan,nan,nan,nan,nan,nan,nan,nan,nan,nan,nan,nan,nan,nan,nan,nan,nan,nan,nan,nan,nan,nan,nan,nan,nan,nan,nan,nan,nan,nan,nan,nan,nan,nan,nan,nan,nan,nan,nan,nan,nan,nan,nan,nan,nan,nan,nan,nan,nan,nan,nan,nan,nan,nan,nan,nan,nan,nan
12.800,APPROACH,263.917227,134.162067,226.913314,12.774605,-11.143359,-7.956212,0.007177,-144.068075,-155.375992,7.295395,1.449700,5.500000,1.192823,0.000000,0.000000,75.233728,-9.906008,71.537323,20.070000,-9.693659,-2.456212,1.200000,0.000000,0.000000,-165.781454,-144.105647,-143.893598,7.306989,1.456890,5.550000,1.144477,0.000000,0.000000,0.000000,134.162067,226.913314,12.774605,263.917227,-11.143359,-7.956212,0.007177,13.692180,nan,nan,nan,0,nan,nan,nan,0,nan,nan,nan,nan,nan,nan,nan,nan,nan,nan,nan,nan,nan,nan,nan,nan,nan,nan,nan,nan,nan,nan,nan,nan,nan,nan,nan,nan,nan,nan,nan,nan,nan,nan,nan,nan,nan,nan,nan,nan,nan,nan,nan,nan,nan,nan,nan,nan,nan,nan,nan,nan,nan,nan,nan,nan,nan,nan,nan,nan,nan,nan,nan,nan,nan,nan,nan,nan,nan,nan,nan,nan,nan,nan,nan,nan,nan,nan,nan,nan
12.840,APPROACH,263.917227,134.162067,226.913314,12.774605,-11.143359,-7.956212,0.007177,-143.992525,-155.094742,7.355487,1.510987,5.625000,1.201850,0.000000,0.000000,74.964148,-10.389914,71.411487,20.130000,-9.678127,-2.516715,1.200000,0.000000,0.000000,-165.423556,-144.046800,-143.579056,7.352768,1.485458,5.650000,1.144477,0.000000,0.000000,0.000000,133.602611,226.506229,12.774513,263.282961,-11.189115,-8.141715,-0.001850,13.837767,nan,nan,nan,0,nan,nan,nan,0,nan,nan,nan,nan,nan,nan,nan,nan,nan,nan,nan,nan,nan,nan,nan,nan,nan,nan,nan,nan,nan,nan,nan,nan,nan,nan,nan,nan,nan,nan,nan,nan,nan,nan,nan,nan,nan,nan,nan,nan,nan,nan,nan,nan,nan,nan,nan,nan,nan,nan,nan,nan,nan,nan,nan,nan,nan,nan,nan,nan,nan,nan,nan,nan,nan,nan,nan,nan,nan,nan,nan,nan,nan,nan,nan,nan,nan,nan,nan,nan
12.900,APPROACH,262.641193,133.043457,226.089873,12.775136,-11.183082,-8.327119,0.012463,-143.916482,-154.807242,7.414864,1.520864,5.750000,1.187537,0.000000,0.000000,75.184648,-10.873025,71.282631,20.190000,-9.662218,-2.577119,1.200000,0.000000,0.000000,-165.065659,-143.956388,-143.107649,7.421437,1.528273,5.800000,1.144477,0.000000,0.000000,0.000000,133.043457,226.089873,12.775136,262.641193,-11.183082,-8.327119,0.012463,13.942826,nan,nan,nan,0,nan,nan,nan,0,nan,nan,nan,nan,nan,nan,nan,nan,nan,nan,nan,nan,nan,nan,nan,nan,nan,nan,nan,nan,nan,nan,nan,nan,nan,nan,nan,nan,nan,nan,nan,nan,nan,nan,nan,nan,nan,nan,nan,nan,nan,nan,nan,nan,nan,nan,nan,nan,nan,nan,nan,nan,nan,nan,nan,nan,nan,nan,nan,nan,nan,nan,nan,nan,nan,nan,nan,nan,nan,nan,nan,nan,nan,nan,nan,nan,nan,nan,nan,nan
12.940,APPROACH,262.641193,133.043457,226.089873,12.775136,-11.183082,-8.327119,0.012463,-143.837335,-154.513492,7.474705,1.582946,5.875000,1.196829,0.000000,0.000000,74.920459,-11.355322,71.150760,20.250000,-9.645932,-2.637423,1.200000,0.000000,0.000000,-164.707764,-143.894687,-142.793654,7.467216,1.556792,5.900000,1.144477,0.000000,0.000000,0.000000,132.482013,225.664251,12.775295,261.990546,-11.228878,-8.512423,0.003171,14.090744,nan,nan,nan,0,nan,nan,nan,0,nan,nan,nan,nan,nan,nan,nan,nan,nan,nan,nan,nan,nan,nan,nan,nan,nan,nan,nan,nan,nan,nan,nan,nan,nan,nan,nan,nan,nan,nan,nan,nan,nan,nan,nan,nan,nan,nan,nan,nan,nan,nan,nan,nan,nan,nan,nan,nan,nan,nan,nan,nan,nan,nan,nan,nan,nan,nan,nan,nan,nan,nan,nan,nan,nan,nan,nan,nan,nan,nan,nan,nan,nan,nan,nan,nan,nan,nan,nan,nan
13.000,APPROACH,261.332428,131.920956,225.229370,12.776156,-11.221146,-8.697624,0.017234,-143.757741,-154.213492,7.533844,1.591877,6.000000,1.182766,0.000000,0.000000,75.141023,-11.836785,71.015878,20.310000,-9.629269,-2.697624,1.200000,0.000000,0.000000,-164.349869,-143.799997,-142.323087,7.535884,1.599531,6.050000,1.144477,0.000000,0.000000,0.000000,131.920956,225.229370,12.776156,261.332428,-11.221146,-8.697624,0.017234,14.197292,nan,nan,nan,0,nan,nan,nan,0,nan,nan,nan,nan,nan,nan,nan,nan,nan,nan,nan,nan,nan,nan,nan,nan,nan,nan,nan,nan,nan,nan,nan,nan,nan,nan,nan,nan,nan,nan,nan,nan,nan,nan,nan,nan,nan,nan,nan,nan,nan,nan,nan,nan,nan,nan,nan,nan,nan,nan,nan,nan,nan,nan,nan,nan,nan,nan,nan,nan,nan,nan,nan,nan,nan,nan,nan,nan,nan,nan,nan,nan,nan,nan,nan,nan,nan,nan,nan,nan
13.040,APPROACH,261.332428,131.920956,225.229370,12.776156,-11.221146,-8.697624,0.017234,-143.675003,-153.907242,7.593459,1.654751,6.125000,1.192297,0.000000,0.000000,74.881699,-12.317397,70.877992,20.370000,-9.612231,-2.757720,1.200000,0.000000,0.000000,-163.991975,-143.735446,-142.009665,7.581663,1.627997,6.150000,1.144477,0.000000,0.000000,0.000000,131.357607,224.785234,12.776541,260.665422,-11.266982,-8.882720,0.007703,14.347392,nan,nan,nan,0,nan,nan,nan,0,nan,nan,nan,nan,nan,nan,nan,nan,nan,nan,nan,nan,nan,nan,nan,nan,nan,nan,nan,nan,nan,nan,nan,nan,nan,nan,nan,nan,nan,nan,nan,nan,nan,nan,nan,nan,nan,nan,nan,nan,nan,nan,nan,nan,nan,nan,nan,nan,nan,nan,nan,nan,nan,nan,nan,nan,nan,nan,nan,nan,nan,nan,nan,nan,nan,nan,nan,nan,nan,nan,nan,nan,nan,nan,nan,nan,nan,nan,nan,nan
13.100,APPROACH,259.990975,130.794729,224.331849,12.777618,-11.257555,-9.067708,0.021539,-143.591866,-153.594742,7.652382,1.662737,6.250000,1.178461,0.000000,0.000000,75.102219,-12.797138,70.737107,20.430000,-9.594818,-2.817708,1.200000,0.000000,0.000000,-163.634081,-143.636486,-141.539977,7.650332,1.670656,6.300000,1.144477,0.000000,0.000000,0.000000,130.794729,224.331849,12.777618,259.990975,-11.257555,-9.067708,0.021539,14.455322,nan,nan,nan,0,nan,nan,nan,0,nan,nan,nan,nan,nan,nan,nan,nan,nan,nan,nan,nan,nan,nan,nan,nan,nan,nan,nan,nan,nan,nan,nan,nan,nan,nan,nan,nan,nan,nan,nan,nan,nan,nan,nan,nan,nan,nan,nan,nan,nan,nan,nan,nan,nan,nan,nan,nan,nan,nan,nan,nan,nan,nan,nan,nan,nan,nan,nan,nan,nan,nan,nan,nan,nan,nan,nan,nan,nan,nan,nan,nan,nan,nan,nan,nan,nan,nan,nan,nan
13.140,APPROACH,259.990975,130.794729,224.331849,12.777618,-11.257555,-9.067708,0.021539,-143.505547,-153.275992,7.711792,1.726398,6.375000,1.188206,0.000000,0.000000,74.847311,-13.275989,70.593228,20.490000,-9.577030,-2.877585,1.200000,0.000000,0.000000,-163.276189,-143.569092,-141.227155,7.696111,1.699068,6.400000,1.144477,0.000000,0.000000,0.000000,130.229558,223.869220,12.778208,259.307632,-11.303428,-9.252585,0.011794,14.607462,nan,nan,nan,0,nan,nan,nan,0,nan,nan,nan,nan,nan,nan,nan,nan,nan,nan,nan,nan,nan,nan,nan,nan,nan,nan,nan,nan,nan,nan,nan,nan,nan,nan,nan,nan,nan,nan,nan,nan,nan,nan,nan,nan,nan,nan,nan,nan,nan,nan,nan,nan,nan,nan,nan,nan,nan,nan,nan,nan,nan,nan,nan,nan,nan,nan,nan,nan,nan,nan,nan,nan,nan,nan,nan,nan,nan,nan,nan,nan,nan,nan,nan,nan,nan,nan,nan,nan
13.200,APPROACH,258.616877,129.664942,223.397352,12.779479,-11.292309,-9.437351,0.025425,-143.418875,-152.950992,7.770521,1.733440,6.500000,1.174575,0.000000,0.000000,75.067704,-13.753932,70.446360,20.550000,-9.558869,-2.937351,1.200000,0.000000,0.000000,-162.918297,-143.465870,-140.758386,7.764780,1.741644,6.550000,1.144477,0.000000,0.000000,0.000000,129.664942,223.397352,12.779479,258.616877,-11.292309,-9.437351,0.025425,14.716673,nan,nan,nan,0,nan,nan,nan,0,nan,nan,nan,nan,nan,nan,nan,nan,nan,nan,nan,nan,nan,nan,nan,nan,nan,nan,nan,nan,nan,nan,nan,nan,nan,nan,nan,nan,nan,nan,nan,nan,nan,nan,nan,nan,nan,nan,nan,nan,nan,nan,nan,nan,nan,nan,nan,nan,nan,nan,nan,nan,nan,nan,nan,nan,nan,nan,nan,nan,nan,nan,nan,nan,nan,nan,nan,nan,nan,nan,nan,nan,nan,nan,nan,nan,nan,nan,nan,nan
13.240,APPROACH,258.616877,129.664942,223.397352,12.779479,-11.292309,-9.437351,0.025425,-143.328980,-152.619742,7.829746,1.797884,6.625000,1.184515,0.000000,0.000000,74.816824,-14.230949,70.296510,20.610000,-9.540335,-2.997001,1.200000,0.000000,0.000000,-162.560407,-143.395637,-140.446188,7.810559,1.769999,6.650000,1.144477,0.000000,0.000000,0.000000,129.098031,222.916252,12.780254,257.917219,-11.338218,-9.622001,0.015485,14.870721,nan,nan,nan,0,nan,nan,nan,0,nan,nan,nan,nan,nan,nan,nan,nan,nan,nan,nan,nan,nan,nan,nan,nan,nan,nan,nan,nan,nan,nan,nan,nan,nan,nan,nan,nan,nan,nan,nan,nan,nan,nan,nan,nan,nan,nan,nan,nan,nan,nan,nan,nan,nan,nan,nan,nan,nan,nan,nan,nan,nan,nan,nan,nan,nan,nan,nan,nan,nan,nan,nan,nan,nan,nan,nan,nan,nan,nan,nan,nan,nan,nan,nan,nan,nan,nan,nan,nan
13.300,APPROACH,257.210182,128.531761,222.425925,12.781700,-11.325411,-9.806535,0.028932,-143.238781,-152.282242,7.888300,1.803983,6.750000,1.171068,0.000000,0.000000,75.037026,-14.707021,70.143683,20.670000,-9.521428,-3.056535,1.200000,0.000000,0.000000,-162.202516,-143.288162,-139.978376,7.879227,1.812488,6.800000,1.144477,0.000000,0.000000,0.000000,128.531761,222.425925,12.781700,257.210182,-11.325411,-9.806535,0.028932,14.981118,nan,nan,nan,0,nan,nan,nan,0,nan,nan,nan,nan,nan,nan,nan,nan,nan,nan,nan,nan,nan,nan,nan,nan,nan,nan,nan,nan,nan,nan,nan,nan,nan,nan,nan,nan,nan,nan,nan,nan,nan,nan,nan,nan,nan,nan,nan,nan,nan,nan,nan,nan,nan,nan,nan,nan,nan,nan,nan,nan,nan,nan,nan,nan,nan,nan,nan,nan,nan,nan,nan,nan,nan,nan,nan,nan,nan,nan,nan,nan,nan,nan,nan,nan,nan,nan,nan,nan
13.340,APPROACH,257.210182,128.531761,222.425925,12.781700,-11.325411,-9.806535,0.028932,-143.145321,-151.938492,7.947359,1.869205,6.875000,1.181184,0.000000,0.000000,74.789841,-15.182128,69.987886,20.730000,-9.502150,-3.115949,1.200000,0.000000,0.000000,-161.844627,-143.215097,-139.666829,7.925006,1.840784,6.900000,1.144477,0.000000,0.000000,0.000000,127.963193,221.926378,12.782641,256.494233,-11.371356,-9.990949,0.018816,15.136946,nan,nan,nan,0,nan,nan,nan,0,nan,nan,nan,nan,nan,nan,nan,nan,nan,nan,nan,nan,nan,nan,nan,nan,nan,nan,nan,nan,nan,nan,nan,nan,nan,nan,nan,nan,nan,nan,nan,nan,nan,nan,nan,nan,nan,nan,nan,nan,nan,nan,nan,nan,nan,nan,nan,nan,nan,nan,nan,nan,nan,nan,nan,nan,nan,nan,nan,nan,nan,nan,nan,nan,nan,nan,nan,nan,nan,nan,nan,nan,nan,nan,nan,nan,nan,nan,nan,nan
13.400,APPROACH,255.770938,127.395350,221.417616,12.784246,-11.356863,-10.175241,0.032096,-143.051603,-151.588492,8.005754,1.874361,7.000000,1.167904,0.000000,0.000000,75.009802,-15.656253,69.829124,20.790000,-9.482502,-3.175241,1.200000,0.000000,0.000000,-161.486738,-143.103377,-139.200012,7.993675,1.883182,7.050000,1.144477,0.000000,0.000000,0.000000,127.395350,221.417616,12.784246,255.770938,-11.356863,-10.175241,0.032096,15.248439,nan,nan,nan,0,nan,nan,nan,0,nan,nan,nan,nan,nan,nan,nan,nan,nan,nan,nan,nan,nan,nan,nan,nan,nan,nan,nan,nan,nan,nan,nan,nan,nan,nan,nan,nan,nan,nan,nan,nan,nan,nan,nan,nan,nan,nan,nan,nan,nan,nan,nan,nan,nan,nan,nan,nan,nan,nan,nan,nan,nan,nan,nan,nan,nan,nan,nan,nan,nan,nan,nan,nan,nan,nan,nan,nan,nan,nan,nan,nan,nan,nan,nan,nan,nan,nan,nan,nan
13.440,APPROACH,255.770938,127.395350,221.417616,12.784246,-11.356863,-10.175241,0.032096,-142.954585,-151.232242,8.064663,1.940358,7.125000,1.178177,0.000000,0.000000,74.766020,-16.129377,69.667403,20.850000,-9.462483,-3.234410,1.200000,0.000000,0.000000,-161.128850,-143.027485,-138.889142,8.039454,1.911417,7.150000,1.144477,0.000000,0.000000,0.000000,126.825208,220.899645,12.785337,255.038725,-11.402841,-10.359410,0.021823,15.405929,nan,nan,nan,0,nan,nan,nan,0,nan,nan,nan,nan,nan,nan,nan,nan,nan,nan,nan,nan,nan,nan,nan,nan,nan,nan,nan,nan,nan,nan,nan,nan,nan,nan,nan,nan,nan,nan,nan,nan,nan,nan,nan,nan,nan,nan,nan,nan,nan,nan,nan,nan,nan,nan,nan,nan,nan,nan,nan,nan,nan,nan,nan,nan,nan,nan,nan,nan,nan,nan,nan,nan,nan,nan,nan,nan,nan,nan,nan,nan,nan,nan,nan,nan,nan,nan,nan,nan
13.500,APPROACH,254.299198,126.255874,220.372473,12.787085,-11.386667,-10.543452,0.034953,-142.857356,-150.869742,8.122915,1.944571,7.250000,1.165047,0.000000,0.000000,74.985702,-16.601482,69.502731,20.910000,-9.442096,-3.293452,1.200000,0.000000,0.000000,-160.770963,-142.911531,-138.423359,8.108123,1.953721,7.300000,1.144477,0.000000,0.000000,0.000000,126.255874,220.372473,12.787085,254.299198,-11.386667,-10.543452,0.034953,15.518434,nan,nan,nan,0,nan,nan,nan,0,nan,nan,nan,nan,nan,nan,nan,nan,nan,nan,nan,nan,nan,nan,nan,nan,nan,nan,nan,nan,nan,nan,nan,nan,nan,nan,nan,nan,nan,nan,nan,nan,nan,nan,nan,nan,nan,nan,nan,nan,nan,nan,nan,nan,nan,nan,nan,nan,nan,nan,nan,nan,nan,nan,nan,nan,nan,nan,nan,nan,nan,nan,nan,nan,nan,nan,nan,nan,nan,nan,nan,nan,nan,nan,nan,nan,nan,nan,nan,nan
13.540,APPROACH,254.299198,126.255874,220.372473,12.787085,-11.386667,-10.543452,0.034953,-142.756790,-150.500992,8.181689,2.011338,7.375000,1.175463,0.000000,0.000000,74.745069,-17.072549,69.335112,20.970000,-9.421340,-3.352366,1.200000,0.000000,0.000000,-160.413076,-142.832819,-138.113190,8.153902,1.981892,7.400000,1.144477,0.000000,0.000000,0.000000,125.684240,219.836104,12.788311,253.550748,-11.432677,-10.727366,0.024537,15.677471,nan,nan,nan,0,nan,nan,nan,0,nan,nan,nan,nan,nan,nan,nan,nan,nan,nan,nan,nan,nan,nan,nan,nan,nan,nan,nan,nan,nan,nan,nan,nan,nan,nan,nan,nan,nan,nan,nan,nan,nan,nan,nan,nan,nan,nan,nan,nan,nan,nan,nan,nan,nan,nan,nan,nan,nan,nan,nan,nan,nan,nan,nan,nan,nan,nan,nan,nan,nan,nan,nan,nan,nan,nan,nan,nan,nan,nan,nan,nan,nan,nan,nan,nan,nan,nan,nan,nan
13.600,APPROACH,252.795017,125.113499,219.290547,12.790188,-11.414825,-10.911148,0.037531,-142.656059,-150.125992,8.239812,2.014608,7.500000,1.162469,0.000000,0.000000,74.964442,-17.542560,69.164555,21.030000,-9.400216,-3.411148,1.200000,0.000000,0.000000,-160.055190,-142.712639,-137.648480,8.222571,2.024099,7.550000,1.144477,0.000000,0.000000,0.000000,125.113499,219.290547,12.790188,252.795017,-11.414825,-10.911148,0.037531,15.790909,nan,nan,nan,0,nan,nan,nan,0,nan,nan,nan,nan,nan,nan,nan,nan,nan,nan,nan,nan,nan,nan,nan,nan,nan,nan,nan,nan,nan,nan,nan,nan,nan,nan,nan,nan,nan,nan,nan,nan,nan,nan,nan,nan,nan,nan,nan,nan,nan,nan,nan,nan,nan,nan,nan,nan,nan,nan,nan,nan,nan,nan,nan,nan,nan,nan,nan,nan,nan,nan,nan,nan,nan,nan,nan,nan,nan,nan,nan,nan,nan,nan,nan,nan,nan,nan,nan,nan
13.640,APPROACH,252.795017,125.113499,219.290547,12.790188,-11.414825,-10.911148,0.037531,-142.551952,-149.744742,8.298463,2.082140,7.625000,1.173015,0.000000,0.000000,74.726735,-18.011496,68.991065,21.090000,-9.378726,-3.469798,1.200000,0.000000,0.000000,-159.697304,-142.631112,-137.339039,8.268350,2.052204,7.650000,1.144477,0.000000,0.000000,0.000000,124.540456,218.735807,12.791537,252.030359,-11.460866,-11.094798,0.026985,15.951386,nan,nan,nan,0,nan,nan,nan,0,nan,nan,nan,nan,nan,nan,nan,nan,nan,nan,nan,nan,nan,nan,nan,nan,nan,nan,nan,nan,nan,nan,nan,nan,nan,nan,nan,nan,nan,nan,nan,nan,nan,nan,nan,nan,nan,nan,nan,nan,nan,nan,nan,nan,nan,nan,nan,nan,nan,nan,nan,nan,nan,nan,nan,nan,nan,nan,nan,nan,nan,nan,nan,nan,nan,nan,nan,nan,nan,nan,nan,nan,nan,nan,nan,nan,nan,nan,nan,nan
13.700,APPROACH,251.258453,123.968389,218.171891,12.793530,-11.441339,-11.278312,0.039857,-142.447729,-149.357242,8.356470,2.084469,7.750000,1.160143,0.000000,0.000000,74.945777,-18.479340,68.814650,21.150000,-9.356870,-3.528312,1.200000,0.000000,0.000000,-159.339419,-142.506717,-136.875439,8.337018,2.094310,7.721002,1.144477,0.000000,0.000000,0.000000,123.968389,218.171891,12.793530,251.258453,-11.441339,-11.278312,0.039857,16.065682,nan,nan,nan,0,nan,nan,nan,0,nan,nan,nan,nan,nan,nan,nan,nan,nan,nan,nan,nan,nan,nan,nan,nan,nan,nan,nan,nan,nan,nan,nan,nan,nan,nan,nan,nan,nan,nan,nan,nan,nan,nan,nan,nan,nan,nan,nan,nan,nan,nan,nan,nan,nan,nan,nan,nan,nan,nan,nan,nan,nan,nan,nan,nan,nan,nan,nan,nan,nan,nan,nan,nan,nan,nan,nan,nan,nan,nan,nan,nan,nan,nan,nan,nan,nan,nan,nan,nan
13.740,APPROACH,251.258453,123.968389,218.171891,12.793530,-11.441339,-11.278312,0.039857,-142.340091,-148.963492,8.415010,2.152761,7.875000,1.170804,0.000000,0.000000,74.710799,-18.946072,68.635315,21.210000,-9.334649,-3.586688,1.200000,0.000000,0.000000,-158.981535,-142.422383,-136.566752,8.382797,2.122347,7.713342,1.144477,0.000000,0.000000,0.000000,123.394018,217.598807,12.794990,250.477617,-11.487410,-11.461688,0.029196,16.227499,nan,nan,nan,0,nan,nan,nan,0,nan,nan,nan,nan,nan,nan,nan,nan,nan,nan,nan,nan,nan,nan,nan,nan,nan,nan,nan,nan,nan,nan,nan,nan,nan,nan,nan,nan,nan,nan,nan,nan,nan,nan,nan,nan,nan,nan,nan,nan,nan,nan,nan,nan,nan,nan,nan,nan,nan,nan,nan,nan,nan,nan,nan,nan,nan,nan,nan,nan,nan,nan,nan,nan,nan,nan,nan,nan,nan,nan,nan,nan,nan,nan,nan,nan,nan,nan,nan,nan
13.800,APPROACH,249.689566,122.820708,217.016561,12.797088,-11.466212,-11.644924,0.041957,-142.232383,-148.563492,8.472912,2.154149,8.000000,1.158043,0.000000,0.000000,74.929492,-19.411675,68.453069,21.270000,-9.312064,-3.644924,1.200000,0.000000,0.000000,-158.623651,-142.293782,-136.104300,8.451466,2.164349,7.701662,1.144477,0.000000,0.000000,0.000000,122.820708,217.016561,12.797088,249.689566,-11.466212,-11.644924,0.041957,16.342584,nan,nan,nan,0,nan,nan,nan,0,nan,nan,nan,nan,nan,nan,nan,nan,nan,nan,nan,nan,nan,nan,nan,nan,nan,nan,nan,nan,nan,nan,nan,nan,nan,nan,nan,nan,nan,nan,nan,nan,nan,nan,nan,nan,nan,nan,nan,nan,nan,nan,nan,nan,nan,nan,nan,nan,nan,nan,nan,nan,nan,nan,nan,nan,nan,nan,nan,nan,nan,nan,nan,nan,nan,nan,nan,nan,nan,nan,nan,nan,nan,nan,nan,nan,nan,nan,nan,nan
13.840,APPROACH,249.689566,122.820708,217.016561,12.797088,-11.466212,-11.644924,0.041957,-142.121223,-148.157242,8.531353,2.223195,8.125000,1.168810,0.000000,0.000000,74.697068,-19.876131,68.267918,21.330000,-9.289115,-3.703018,1.200000,0.000000,0.000000,-158.265768,-142.206649,-135.796392,8.497245,2.192314,7.693748,1.144477,0.000000,0.000000,0.000000,122.245092,216.425160,12.798647,248.892583,-11.512310,-11.828018,0.031190,16.505644,nan,nan,nan,0,nan,nan,nan,0,nan,nan,nan,nan,nan,nan,nan,nan,nan,nan,nan,nan,nan,nan,nan,nan,nan,nan,nan,nan,nan,nan,nan,nan,nan,nan,nan,nan,nan,nan,nan,nan,nan,nan,nan,nan,nan,nan,nan,nan,nan,nan,nan,nan,nan,nan,nan,nan,nan,nan,nan,nan,nan,nan,nan,nan,nan,nan,nan,nan,nan,nan,nan,nan,nan,nan,nan,nan,nan,nan,nan,nan,nan,nan,nan,nan,nan,nan,nan,nan
13.900,APPROACH,248.088420,121.670620,215.824612,12.800840,-11.489446,-12.010968,0.043852,-142.010041,-147.744742,8.589160,2.223642,8.250000,1.156148,0.000000,0.000000,74.915401,-20.339421,68.079870,21.390000,-9.265804,-3.760968,1.200000,0.000000,0.000000,-157.907885,-142.073853,-135.335128,8.565914,2.234208,7.681687,1.144477,0.000000,0.000000,0.000000,121.670620,215.824612,12.800840,248.088420,-11.489446,-12.010968,0.043852,16.621451,nan,nan,nan,0,nan,nan,nan,0,nan,nan,nan,nan,nan,nan,nan,nan,nan,nan,nan,nan,nan,nan,nan,nan,nan,nan,nan,nan,nan,nan,nan,nan,nan,nan,nan,nan,nan,nan,nan,nan,nan,nan,nan,nan,nan,nan,nan,nan,nan,nan,nan,nan,nan,nan,nan,nan,nan,nan,nan,nan,nan,nan,nan,nan,nan,nan,nan,nan,nan,nan,nan,nan,nan,nan,nan,nan,nan,nan,nan,nan,nan,nan,nan,nan,nan,nan,nan,nan
13.940,APPROACH,248.088420,121.670620,215.824612,12.800840,-11.489446,-12.010968,0.043852,-141.895369,-147.325992,8.647511,2.293438,8.375000,1.167009,0.000000,0.000000,74.685376,-20.801528,67.888931,21.450000,-9.242132,-3.818770,1.200000,0.000000,0.000000,-157.550002,-141.983927,-135.028023,8.611693,2.262101,7.673519,1.144477,0.000000,0.000000,0.000000,121.093842,215.214923,12.802489,247.275323,-11.535570,-12.193770,0.032991,16.785663,nan,nan,nan,0,nan,nan,nan,0,nan,nan,nan,nan,nan,nan,nan,nan,nan,nan,nan,nan,nan,nan,nan,nan,nan,nan,nan,nan,nan,nan,nan,nan,nan,nan,nan,nan,nan,nan,nan,nan,nan,nan,nan,nan,nan,nan,nan,nan,nan,nan,nan,nan,nan,nan,nan,nan,nan,nan,nan,nan,nan,nan,nan,nan,nan,nan,nan,nan,nan,nan,nan,nan,nan,nan,nan,nan,nan,nan,nan,nan,nan,nan,nan,nan,nan,nan,nan,nan
14.000,APPROACH,246.455081,120.518289,214.596102,12.804767,-11.511043,-12.376424,0.045562,-141.780722,-146.900992,8.705233,2.292945,8.500000,1.154438,0.000000,0.000000,74.903339,-21.262433,67.695110,21.510000,-9.218099,-3.876424,1.200000,0.000000,0.000000,-157.192121,-141.846947,-134.567984,8.680361,2.303884,7.661078,1.144477,0.000000,0.000000,0.000000,120.518289,214.596102,12.804767,246.455081,-11.511043,-12.376424,0.045562,16.902132,nan,nan,nan,0,nan,nan,nan,0,nan,nan,nan,nan,nan,nan,nan,nan,nan,nan,nan,nan,nan,nan,nan,nan,nan,nan,nan,nan,nan,nan,nan,nan,nan,nan,nan,nan,nan,nan,nan,nan,nan,nan,nan,nan,nan,nan,nan,nan,nan,nan,nan,nan,nan,nan,nan,nan,nan,nan,nan,nan,nan,nan,nan,nan,nan,nan,nan,nan,nan,nan,nan,nan,nan,nan,nan,nan,nan,nan,nan,nan,nan,nan,nan,nan,nan,nan,nan,nan
14.040,APPROACH,246.455081,120.518289,214.596102,12.804767,-11.511043,-12.376424,0.045562,-141.662548,-146.469742,8.763502,2.363486,8.625000,1.165385,0.000000,0.000000,74.675574,-21.722118,67.498414,21.570000,-9.193706,-3.933926,1.200000,0.000000,0.000000,-156.834239,-141.754235,-134.261709,8.726140,2.331701,7.652658,1.144477,0.000000,0.000000,0.000000,119.940430,213.968156,12.806498,245.625904,-11.557191,-12.558926,0.034615,17.067410,nan,nan,nan,0,nan,nan,nan,0,nan,nan,nan,nan,nan,nan,nan,nan,nan,nan,nan,nan,nan,nan,nan,nan,nan,nan,nan,nan,nan,nan,nan,nan,nan,nan,nan,nan,nan,nan,nan,nan,nan,nan,nan,nan,nan,nan,nan,nan,nan,nan,nan,nan,nan,nan,nan,nan,nan,nan,nan,nan,nan,nan,nan,nan,nan,nan,nan,nan,nan,nan,nan,nan,nan,nan,nan,nan,nan,nan,nan,nan,nan,nan,nan,nan,nan,nan,nan,nan
14.100,APPROACH,244.789618,119.363880,213.331092,12.808853,-11.531006,-12.741274,0.047105,-141.544445,-146.032242,8.821147,2.362052,8.750000,1.152895,0.000000,0.000000,74.893162,-22.180566,67.298850,21.630000,-9.168955,-3.991274,1.200000,0.000000,0.000000,-156.476358,-141.613083,-133.802933,8.794809,2.373369,7.639838,1.144477,0.000000,0.000000,0.000000,119.363880,213.331092,12.808853,244.789618,-11.531006,-12.741274,0.047105,17.184481,nan,nan,nan,0,nan,nan,nan,0,nan,nan,nan,nan,nan,nan,nan,nan,nan,nan,nan,nan,nan,nan,nan,nan,nan,nan,nan,nan,nan,nan,nan,nan,nan,nan,nan,nan,nan,nan,nan,nan,nan,nan,nan,nan,nan,nan,nan,nan,nan,nan,nan,nan,nan,nan,nan,nan,nan,nan,nan,nan,nan,nan,nan,nan,nan,nan,nan,nan,nan,nan,nan,nan,nan,nan,nan,nan,nan,nan,nan,nan,nan,nan,nan,nan,nan,nan,nan,nan
14.140,APPROACH,244.789618,119.363880,213.331092,12.808853,-11.531006,-12.741274,0.047105,-141.422779,-145.588492,8.879342,2.433332,8.875000,1.163919,0.000000,0.000000,74.667533,-22.637758,67.096427,21.690000,-9.143846,-4.048467,1.200000,0.000000,0.000000,-156.118478,-141.517593,-133.497513,8.840588,2.401109,7.631165,1.144477,0.000000,0.000000,0.000000,118.785021,212.684919,12.810658,243.944397,-11.577177,-12.923467,0.036081,17.350745,nan,nan,nan,0,nan,nan,nan,0,nan,nan,nan,nan,nan,nan,nan,nan,nan,nan,nan,nan,nan,nan,nan,nan,nan,nan,nan,nan,nan,nan,nan,nan,nan,nan,nan,nan,nan,nan,nan,nan,nan,nan,nan,nan,nan,nan,nan,nan,nan,nan,nan,nan,nan,nan,nan,nan,nan,nan,nan,nan,nan,nan,nan,nan,nan,nan,nan,nan,nan,nan,nan,nan,nan,nan,nan,nan,nan,nan,nan,nan,nan,nan,nan,nan,nan,nan,nan,nan
14.200,APPROACH,243.092103,118.207554,212.029643,12.813082,-11.549338,-13.105502,0.048498,-141.301231,-145.138492,8.936918,2.430958,9.000000,1.151502,0.000000,0.000000,74.884741,-23.093677,66.891152,21.750000,-9.118380,-4.105502,1.200000,0.000000,0.000000,-155.760597,-141.372279,-133.040038,8.909257,2.442659,7.617967,1.144477,0.000000,0.000000,0.000000,118.207554,212.029643,12.813082,243.092103,-11.549338,-13.105502,0.048498,17.468364,nan,nan,nan,0,nan,nan,nan,0,nan,nan,nan,nan,nan,nan,nan,nan,nan,nan,nan,nan,nan,nan,nan,nan,nan,nan,nan,nan,nan,nan,nan,nan,nan,nan,nan,nan,nan,nan,nan,nan,nan,nan,nan,nan,nan,nan,nan,nan,nan,nan,nan,nan,nan,nan,nan,nan,nan,nan,nan,nan,nan,nan,nan,nan,nan,nan,nan,nan,nan,nan,nan,nan,nan,nan,nan,nan,nan,nan,nan,nan,nan,nan,nan,nan,nan,nan,nan,nan
14.240,APPROACH,243.092103,118.207554,212.029643,12.813082,-11.549338,-13.105502,0.048498,-141.176082,-144.682242,8.995047,2.502971,9.125000,1.162595,0.000000,0.000000,74.661136,-23.548305,66.683033,21.810000,-9.092559,-4.162377,1.200000,0.000000,0.000000,-155.402718,-141.274020,-132.735497,8.955036,2.470318,7.609043,1.144477,0.000000,0.000000,0.000000,117.627777,211.365275,12.814953,242.230874,-11.595530,-13.287377,0.037405,17.635535,nan,nan,nan,0,nan,nan,nan,0,nan,nan,nan,nan,nan,nan,nan,nan,nan,nan,nan,nan,nan,nan,nan,nan,nan,nan,nan,nan,nan,nan,nan,nan,nan,nan,nan,nan,nan,nan,nan,nan,nan,nan,nan,nan,nan,nan,nan,nan,nan,nan,nan,nan,nan,nan,nan,nan,nan,nan,nan,nan,nan,nan,nan,nan,nan,nan,nan,nan,nan,nan,nan,nan,nan,nan,nan,nan,nan,nan,nan,nan,nan,nan,nan,nan,nan,nan,nan,nan
14.300,APPROACH,241.362610,117.049475,210.691820,12.817440,-11.566041,-13.469089,0.049755,-141.051099,-144.219742,9.052560,2.499659,9.250000,1.150245,0.000000,0.000000,74.877962,-24.001624,66.472078,21.870000,-9.066382,-4.219089,1.200000,0.000000,0.000000,-155.044839,-141.124558,-132.279361,9.023704,2.511747,7.595468,1.144477,0.000000,0.000000,0.000000,117.049475,210.691820,12.817440,241.362610,-11.566041,-13.469089,0.049755,17.753651,nan,nan,nan,0,nan,nan,nan,0,nan,nan,nan,nan,nan,nan,nan,nan,nan,nan,nan,nan,nan,nan,nan,nan,nan,nan,nan,nan,nan,nan,nan,nan,nan,nan,nan,nan,nan,nan,nan,nan,nan,nan,nan,nan,nan,nan,nan,nan,nan,nan,nan,nan,nan,nan,nan,nan,nan,nan,nan,nan,nan,nan,nan,nan,nan,nan,nan,nan,nan,nan,nan,nan,nan,nan,nan,nan,nan,nan,nan,nan,nan,nan,nan,nan,nan,nan,nan,nan
14.340,APPROACH,241.362610,117.049475,210.691820,12.817440,-11.566041,-13.469089,0.049755,-140.922479,-143.750992,9.110630,2.572400,9.375000,1.161401,0.000000,0.000000,74.656282,-24.453617,66.258296,21.930000,-9.039853,-4.275636,1.200000,0.000000,0.000000,-154.686960,-141.023536,-131.975725,9.069483,2.539324,7.586292,1.144477,0.000000,0.000000,0.000000,116.468863,210.009288,12.819370,240.485412,-11.612253,-13.650636,0.038599,17.921657,nan,nan,nan,0,nan,nan,nan,0,nan,nan,nan,nan,nan,nan,nan,nan,nan,nan,nan,nan,nan,nan,nan,nan,nan,nan,nan,nan,nan,nan,nan,nan,nan,nan,nan,nan,nan,nan,nan,nan,nan,nan,nan,nan,nan,nan,nan,nan,nan,nan,nan,nan,nan,nan,nan,nan,nan,nan,nan,nan,nan,nan,nan,nan,nan,nan,nan,nan,nan,nan,nan,nan,nan,nan,nan,nan,nan,nan,nan,nan,nan,nan,nan,nan,nan,nan,nan,nan
14.400,APPROACH,239.601217,115.889807,209.317687,12.821915,-11.581119,-13.832017,0.050890,-140.794072,-143.275992,9.168085,2.568149,9.500000,1.149110,0.000000,0.000000,74.872725,-24.904265,66.041696,21.990000,-9.012970,-4.332017,1.200000,0.000000,0.000000,-154.329081,-140.869937,-131.520965,9.138152,2.580627,7.572342,1.144477,0.000000,0.000000,0.000000,115.889807,209.317687,12.821915,239.601217,-11.581119,-13.832017,0.050890,18.040222,nan,nan,nan,0,nan,nan,nan,0,nan,nan,nan,nan,nan,nan,nan,nan,nan,nan,nan,nan,nan,nan,nan,nan,nan,nan,nan,nan,nan,nan,nan,nan,nan,nan,nan,nan,nan,nan,nan,nan,nan,nan,nan,nan,nan,nan,nan,nan,nan,nan,nan,nan,nan,nan,nan,nan,nan,nan,nan,nan,nan,nan,nan,nan,nan,nan,nan,nan,nan,nan,nan,nan,nan,nan,nan,nan,nan,nan,nan,nan,nan,nan,nan,nan,nan,nan,nan,nan
14.440,APPROACH,239.601217,115.889807,209.317687,12.821915,-11.581119,-13.832017,0.050890,-140.661991,-142.794742,9.226101,2.641612,9.625000,1.160323,0.000000,0.000000,74.652877,-25.353552,65.822284,22.050000,-8.985736,-4.388228,1.200000,0.000000,0.000000,-153.971203,-140.766162,-131.218260,9.183931,2.608121,7.562917,1.144477,0.000000,0.000000,0.000000,115.308439,208.617026,12.823899,238.708090,-11.627348,-14.013228,0.039677,18.208992,nan,nan,nan,0,nan,nan,nan,0,nan,nan,nan,nan,nan,nan,nan,nan,nan,nan,nan,nan,nan,nan,nan,nan,nan,nan,nan,nan,nan,nan,nan,nan,nan,nan,nan,nan,nan,nan,nan,nan,nan,nan,nan,nan,nan,nan,nan,nan,nan,nan,nan,nan,nan,nan,nan,nan,nan,nan,nan,nan,nan,nan,nan,nan,nan,nan,nan,nan,nan,nan,nan,nan,nan,nan,nan,nan,nan,nan,nan,nan,nan,nan,nan,nan,nan,nan,nan,nan
14.500,APPROACH,237.808004,114.728710,207.907313,12.826494,-11.594575,-14.194269,0.051914,-140.530170,-142.307242,9.283506,2.636423,9.750000,1.148086,0.000000,0.000000,74.868939,-25.801460,65.600071,22.110000,-8.958151,-4.444269,1.200000,0.000000,0.000000,-153.613325,-140.608439,-130.764913,9.252600,2.649295,7.548591,1.144477,0.000000,0.000000,0.000000,114.728710,207.907313,12.826494,237.808004,-11.594575,-14.194269,0.051914,18.327960,nan,nan,nan,0,nan,nan,nan,0,nan,nan,nan,nan,nan,nan,nan,nan,nan,nan,nan,nan,nan,nan,nan,nan,nan,nan,nan,nan,nan,nan,nan,nan,nan,nan,nan,nan,nan,nan,nan,nan,nan,nan,nan,nan,nan,nan,nan,nan,nan,nan,nan,nan,nan,nan,nan,nan,nan,nan,nan,nan,nan,nan,nan,nan,nan,nan,nan,nan,nan,nan,nan,nan,nan,nan,nan,nan,nan,nan,nan,nan,nan,nan,nan,nan,nan,nan,nan,nan
14.540,APPROACH,237.808004,114.728710,207.907313,12.826494,-11.594575,-14.194269,0.051914,-140.394640,-141.813492,9.341473,2.710603,9.875000,1.159350,0.000000,0.000000,74.650842,-26.247971,65.375064,22.170000,-8.930217,-4.500135,1.200000,0.000000,0.000000,-153.255448,-140.501919,-130.463163,9.298379,2.676702,7.538917,1.144477,0.000000,0.000000,0.000000,114.146669,207.188556,12.828527,236.898989,-11.640820,-14.375135,0.040650,18.497429,nan,nan,nan,0,nan,nan,nan,0,nan,nan,nan,nan,nan,nan,nan,nan,nan,nan,nan,nan,nan,nan,nan,nan,nan,nan,nan,nan,nan,nan,nan,nan,nan,nan,nan,nan,nan,nan,nan,nan,nan,nan,nan,nan,nan,nan,nan,nan,nan,nan,nan,nan,nan,nan,nan,nan,nan,nan,nan,nan,nan,nan,nan,nan,nan,nan,nan,nan,nan,nan,nan,nan,nan,nan,nan,nan,nan,nan,nan,nan,nan,nan,nan,nan,nan,nan,nan,nan
14.600,APPROACH,235.983054,113.566349,206.460765,12.831169,-11.606411,-14.555827,0.052838,-140.259416,-141.313492,9.398831,2.704477,10.000000,1.147162,0.000000,0.000000,74.866521,-26.693067,65.147273,22.230000,-8.901935,-4.555827,1.200000,0.000000,0.000000,-152.897571,-140.340085,-130.011268,9.367047,2.717745,7.524218,1.144477,0.000000,0.000000,0.000000,113.566349,206.460765,12.831169,235.983054,-11.606411,-14.555827,0.052838,18.616758,nan,nan,nan,0,nan,nan,nan,0,nan,nan,nan,nan,nan,nan,nan,nan,nan,nan,nan,nan,nan,nan,nan,nan,nan,nan,nan,nan,nan,nan,nan,nan,nan,nan,nan,nan,nan,nan,nan,nan,nan,nan,nan,nan,nan,nan,nan,nan,nan,nan,nan,nan,nan,nan,nan,nan,nan,nan,nan,nan,nan,nan,nan,nan,nan,nan,nan,nan,nan,nan,nan,nan,nan,nan,nan,nan,nan,nan,nan,nan,nan,nan,nan,nan,nan,nan,nan,nan
14.640,APPROACH,235.983054,113.566349,206.460765,12.831169,-11.606411,-14.555827,0.052838,-140.120448,-140.807242,9.456755,2.779367,10.125000,1.158472,0.000000,0.000000,74.650100,-27.136733,64.916706,22.290000,-8.873305,-4.611340,1.200000,0.000000,0.000000,-152.539694,-140.230829,-129.710497,9.412827,2.745062,7.514295,1.144477,0.000000,0.000000,0.000000,112.983715,205.723948,12.833245,235.058194,-11.652672,-14.736340,0.041528,18.786862,nan,nan,nan,0,nan,nan,nan,0,nan,nan,nan,nan,nan,nan,nan,nan,nan,nan,nan,nan,nan,nan,nan,nan,nan,nan,nan,nan,nan,nan,nan,nan,nan,nan,nan,nan,nan,nan,nan,nan,nan,nan,nan,nan,nan,nan,nan,nan,nan,nan,nan,nan,nan,nan,nan,nan,nan,nan,nan,nan,nan,nan,nan,nan,nan,nan,nan,nan,nan,nan,nan,nan,nan,nan,nan,nan,nan,nan,nan,nan,nan,nan,nan,nan,nan,nan,nan,nan
14.700,APPROACH,234.126454,112.402884,204.978114,12.835929,-11.616633,-14.916673,0.053672,-139.981833,-140.294742,9.514071,2.772304,10.250000,1.146328,0.000000,0.000000,74.865400,-27.578949,64.683372,22.350000,-8.844329,-4.666673,1.200000,0.000000,0.000000,-152.181817,-140.064898,-129.260090,9.481495,2.785970,7.499225,1.144477,0.000000,0.000000,0.000000,112.402884,204.978114,12.835929,234.126454,-11.616633,-14.916673,0.053672,18.906512,nan,nan,nan,0,nan,nan,nan,0,nan,nan,nan,nan,nan,nan,nan,nan,nan,nan,nan,nan,nan,nan,nan,nan,nan,nan,nan,nan,nan,nan,nan,nan,nan,nan,nan,nan,nan,nan,nan,nan,nan,nan,nan,nan,nan,nan,nan,nan,nan,nan,nan,nan,nan,nan,nan,nan,nan,nan,nan,nan,nan,nan,nan,nan,nan,nan,nan,nan,nan,nan,nan,nan,nan,nan,nan,nan,nan,nan,nan,nan,nan,nan,nan,nan,nan,nan,nan,nan
14.740,APPROACH,234.126454,112.402884,204.978114,12.835929,-11.616633,-14.916673,0.053672,-139.839438,-139.775992,9.571955,2.847898,10.375000,1.157680,0.000000,0.000000,74.650587,-28.019699,64.447281,22.410000,-8.815008,-4.721825,1.200000,0.000000,0.000000,-151.823941,-139.952914,-128.960324,9.527274,2.813196,7.489054,1.144477,0.000000,0.000000,0.000000,111.819738,204.223273,12.838045,233.185794,-11.662907,-15.096825,0.042320,19.077193,nan,nan,nan,0,nan,nan,nan,0,nan,nan,nan,nan,nan,nan,nan,nan,nan,nan,nan,nan,nan,nan,nan,nan,nan,nan,nan,nan,nan,nan,nan,nan,nan,nan,nan,nan,nan,nan,nan,nan,nan,nan,nan,nan,nan,nan,nan,nan,nan,nan,nan,nan,nan,nan,nan,nan,nan,nan,nan,nan,nan,nan,nan,nan,nan,nan,nan,nan,nan,nan,nan,nan,nan,nan,nan,nan,nan,nan,nan,nan,nan,nan,nan,nan,nan,nan,nan,nan
14.800,APPROACH,232.238293,111.238476,203.459433,12.840766,-11.625243,-15.276792,0.054425,-139.697443,-139.250992,9.629234,2.839900,10.500000,1.145575,0.000000,0.000000,74.865509,-28.458967,64.208441,22.470000,-8.785343,-4.776792,1.200000,0.000000,0.000000,-151.466065,-139.782899,-128.511443,9.595943,2.853966,7.473612,1.144477,0.000000,0.000000,0.000000,111.238476,203.459433,12.840766,232.238293,-11.625243,-15.276792,0.054425,19.197125,nan,nan,nan,0,nan,nan,nan,0,nan,nan,nan,nan,nan,nan,nan,nan,nan,nan,nan,nan,nan,nan,nan,nan,nan,nan,nan,nan,nan,nan,nan,nan,nan,nan,nan,nan,nan,nan,nan,nan,nan,nan,nan,nan,nan,nan,nan,nan,nan,nan,nan,nan,nan,nan,nan,nan,nan,nan,nan,nan,nan,nan,nan,nan,nan,nan,nan,nan,nan,nan,nan,nan,nan,nan,nan,nan,nan,nan,nan,nan,nan,nan,nan,nan,nan,nan,nan,nan
14.840,APPROACH,232.238293,111.238476,203.459433,12.840766,-11.625243,-15.276792,0.054425,-139.551633,-138.719742,9.687082,2.916192,10.625000,1.156965,0.000000,0.000000,74.652241,-28.896733,63.966863,22.530000,-8.755336,-4.831572,1.200000,0.000000,0.000000,-151.108190,-139.668198,-128.212707,9.641722,2.881098,7.463195,1.144477,0.000000,0.000000,0.000000,110.654900,202.686604,12.842918,231.281878,-11.671528,-15.456572,0.043035,19.368326,nan,nan,nan,0,nan,nan,nan,0,nan,nan,nan,nan,nan,nan,nan,nan,nan,nan,nan,nan,nan,nan,nan,nan,nan,nan,nan,nan,nan,nan,nan,nan,nan,nan,nan,nan,nan,nan,nan,nan,nan,nan,nan,nan,nan,nan,nan,nan,nan,nan,nan,nan,nan,nan,nan,nan,nan,nan,nan,nan,nan,nan,nan,nan,nan,nan,nan,nan,nan,nan,nan,nan,nan,nan,nan,nan,nan,nan,nan,nan,nan,nan,nan,nan,nan,nan,nan,nan
14.900,APPROACH,230.318663,110.073287,201.904796,12.845673,-11.632245,-15.636165,0.055104,-139.406270,-138.182242,9.744327,2.907259,10.750000,1.144896,0.000000,0.000000,74.866788,-29.332983,63.722554,22.590000,-8.724987,-4.886165,1.200000,0.000000,0.000000,-150.750314,-139.494112,-127.765388,9.710391,2.921726,7.447383,1.144477,0.000000,0.000000,0.000000,110.073287,201.904796,12.845673,230.318663,-11.632245,-15.636165,0.055104,19.488505,nan,nan,nan,0,nan,nan,nan,0,nan,nan,nan,nan,nan,nan,nan,nan,nan,nan,nan,nan,nan,nan,nan,nan,nan,nan,nan,nan,nan,nan,nan,nan,nan,nan,nan,nan,nan,nan,nan,nan,nan,nan,nan,nan,nan,nan,nan,nan,nan,nan,nan,nan,nan,nan,nan,nan,nan,nan,nan,nan,nan,nan,nan,nan,nan,nan,nan,nan,nan,nan,nan,nan,nan,nan,nan,nan,nan,nan,nan,nan,nan,nan,nan,nan,nan,nan,nan,nan
14.940,APPROACH,230.318663,110.073287,201.904796,12.845673,-11.632245,-15.636165,0.055104,-139.257058,-137.638492,9.802143,2.984244,10.875000,1.156320,0.000000,0.000000,74.655010,-29.767698,63.475526,22.650000,-8.694297,-4.940566,1.200000,0.000000,0.000000,-150.392439,-139.376702,-127.467706,9.756170,2.948763,7.436720,1.144477,0.000000,0.000000,0.000000,109.489360,201.114018,12.847857,229.346541,-11.678541,-15.815566,0.043680,19.660172,nan,nan,nan,0,nan,nan,nan,0,nan,nan,nan,nan,nan,nan,nan,nan,nan,nan,nan,nan,nan,nan,nan,nan,nan,nan,nan,nan,nan,nan,nan,nan,nan,nan,nan,nan,nan,nan,nan,nan,nan,nan,nan,nan,nan,nan,nan,nan,nan,nan,nan,nan,nan,nan,nan,nan,nan,nan,nan,nan,nan,nan,nan,nan,nan,nan,nan,nan,nan,nan,nan,nan,nan,nan,nan,nan,nan,nan,nan,nan,nan,nan,nan,nan,nan,nan,nan,nan
15.000,APPROACH,228.367660,108.907478,200.314279,12.850643,-11.637645,-15.994775,0.055717,-139.108339,-137.088492,9.859357,2.974376,11.000000,1.144283,0.000000,0.000000,74.869184,-30.200861,63.225787,22.710000,-8.663269,-4.994775,1.200000,0.000000,0.000000,-150.034564,-139.198562,-127.021987,9.824838,2.989245,7.420540,1.144477,0.000000,0.000000,0.000000,108.907478,200.314279,12.850643,228.367660,-11.637645,-15.994775,0.055717,19.780563,nan,nan,nan,0,nan,nan,nan,0,nan,nan,nan,nan,nan,nan,nan,nan,nan,nan,nan,nan,nan,nan,nan,nan,nan,nan,nan,nan,nan,nan,nan,nan,nan,nan,nan,nan,nan,nan,nan,nan,nan,nan,nan,nan,nan,nan,nan,nan,nan,nan,nan,nan,nan,nan,nan,nan,nan,nan,nan,nan,nan,nan,nan,nan,nan,nan,nan,nan,nan,nan,nan,nan,nan,nan,nan,nan,nan,nan,nan,nan,nan,nan,nan,nan,nan,nan,nan,nan
15.040,APPROACH,228.367660,108.907478,200.314279,12.850643,-11.637645,-15.994775,0.055717,-138.955737,-136.532242,9.917144,3.052047,11.125000,1.155737,0.000000,0.000000,74.658842,-30.632456,62.973348,22.770000,-8.631902,-5.048788,1.200000,0.000000,0.000000,-149.676690,-139.078453,-126.725383,9.870617,3.016184,7.409631,1.144477,0.000000,0.000000,0.000000,108.323281,199.505590,12.852856,227.379879,-11.683949,-16.173788,0.044263,19.952645,nan,nan,nan,0,nan,nan,nan,0,nan,nan,nan,nan,nan,nan,nan,nan,nan,nan,nan,nan,nan,nan,nan,nan,nan,nan,nan,nan,nan,nan,nan,nan,nan,nan,nan,nan,nan,nan,nan,nan,nan,nan,nan,nan,nan,nan,nan,nan,nan,nan,nan,nan,nan,nan,nan,nan,nan,nan,nan,nan,nan,nan,nan,nan,nan,nan,nan,nan,nan,nan,nan,nan,nan,nan,nan,nan,nan,nan,nan,nan,nan,nan,nan,nan,nan,nan,nan,nan
15.100,APPROACH,226.385383,107.741208,198.687959,12.855670,-11.641445,-16.352605,0.056271,-138.803675,-135.969742,9.974330,3.041246,11.250000,1.143729,0.000000,0.000000,74.872646,-31.062466,62.718218,22.830000,-8.600199,-5.102605,1.200000,0.000000,0.000000,-149.318815,-138.896272,-126.281301,9.939286,3.056517,7.393085,1.144477,0.000000,0.000000,0.000000,107.741208,198.687959,12.855670,226.385383,-11.641445,-16.352605,0.056271,20.073218,nan,nan,nan,0,nan,nan,nan,0,nan,nan,nan,nan,nan,nan,nan,nan,nan,nan,nan,nan,nan,nan,nan,nan,nan,nan,nan,nan,nan,nan,nan,nan,nan,nan,nan,nan,nan,nan,nan,nan,nan,nan,nan,nan,nan,nan,nan,nan,nan,nan,nan,nan,nan,nan,nan,nan,nan,nan,nan,nan,nan,nan,nan,nan,nan,nan,nan,nan,nan,nan,nan,nan,nan,nan,nan,nan,nan,nan,nan,nan,nan,nan,nan,nan,nan,nan,nan,nan
15.140,APPROACH,226.385383,107.741208,198.687959,12.855670,-11.641445,-16.352605,0.056271,-138.647695,-135.400992,10.032091,3.119596,11.375000,1.155212,0.000000,0.000000,74.663694,-31.490874,62.460406,22.890000,-8.568160,-5.156223,1.200000,0.000000,0.000000,-148.960941,-138.773474,-125.985800,9.985065,3.083356,7.381932,1.144477,0.000000,0.000000,0.000000,107.156821,197.861398,12.857909,225.381993,-11.687756,-16.531223,0.044788,20.245666,nan,nan,nan,0,nan,nan,nan,0,nan,nan,nan,nan,nan,nan,nan,nan,nan,nan,nan,nan,nan,nan,nan,nan,nan,nan,nan,nan,nan,nan,nan,nan,nan,nan,nan,nan,nan,nan,nan,nan,nan,nan,nan,nan,nan,nan,nan,nan,nan,nan,nan,nan,nan,nan,nan,nan,nan,nan,nan,nan,nan,nan,nan,nan,nan,nan,nan,nan,nan,nan,nan,nan,nan,nan,nan,nan,nan,nan,nan,nan,nan,nan,nan,nan,nan,nan,nan,nan
15.200,APPROACH,224.371932,106.574638,197.025916,12.860747,-11.643650,-16.709639,0.056770,-138.492302,-134.825992,10.089253,3.107863,11.500000,1.143230,0.000000,0.000000,74.877131,-31.917663,62.199925,22.950000,-8.535787,-5.209639,1.200000,0.000000,0.000000,-148.603068,-138.587267,-125.543390,10.053734,3.123537,7.365020,1.144477,0.000000,0.000000,0.000000,106.574638,197.025916,12.860747,224.371932,-11.643650,-16.709639,0.056770,20.366390,nan,nan,nan,0,nan,nan,nan,0,nan,nan,nan,nan,nan,nan,nan,nan,nan,nan,nan,nan,nan,nan,nan,nan,nan,nan,nan,nan,nan,nan,nan,nan,nan,nan,nan,nan,nan,nan,nan,nan,nan,nan,nan,nan,nan,nan,nan,nan,nan,nan,nan,nan,nan,nan,nan,nan,nan,nan,nan,nan,nan,nan,nan,nan,nan,nan,nan,nan,nan,nan,nan,nan,nan,nan,nan,nan,nan,nan,nan,nan,nan,nan,nan,nan,nan,nan,nan,nan
15.240,APPROACH,224.371932,106.574638,197.025916,12.860747,-11.643650,-16.709639,0.056770,-138.332957,-134.244742,10.146989,3.186887,11.625000,1.154737,0.000000,0.000000,74.669525,-32.342817,61.936782,23.010000,-8.503081,-5.262853,1.200000,0.000000,0.000000,-148.245194,-138.461790,-125.249017,10.099513,3.150274,7.353623,1.144477,0.000000,0.000000,0.000000,105.990140,196.181524,12.863011,223.352988,-11.689968,-16.887853,0.045263,20.539157,nan,nan,nan,0,nan,nan,nan,0,nan,nan,nan,nan,nan,nan,nan,nan,nan,nan,nan,nan,nan,nan,nan,nan,nan,nan,nan,nan,nan,nan,nan,nan,nan,nan,nan,nan,nan,nan,nan,nan,nan,nan,nan,nan,nan,nan,nan,nan,nan,nan,nan,nan,nan,nan,nan,nan,nan,nan,nan,nan,nan,nan,nan,nan,nan,nan,nan,nan,nan,nan,nan,nan,nan,nan,nan,nan,nan,nan,nan,nan,nan,nan,nan,nan,nan,nan,nan,nan
15.300,APPROACH,222.327415,105.407926,195.328231,12.865872,-11.644266,-17.065860,0.057221,-138.174246,-133.657242,10.204128,3.174223,11.750000,1.142779,0.000000,0.000000,74.882596,-32.766320,61.670989,23.070000,-8.470043,-5.315860,1.200000,0.000000,0.000000,-147.887321,-138.271573,-124.808317,10.168181,3.190300,7.336347,1.144477,0.000000,0.000000,0.000000,105.407926,195.328231,12.865872,222.327415,-11.644266,-17.065860,0.057221,20.660004,nan,nan,nan,0,nan,nan,nan,0,nan,nan,nan,nan,nan,nan,nan,nan,nan,nan,nan,nan,nan,nan,nan,nan,nan,nan,nan,nan,nan,nan,nan,nan,nan,nan,nan,nan,nan,nan,nan,nan,nan,nan,nan,nan,nan,nan,nan,nan,nan,nan,nan,nan,nan,nan,nan,nan,nan,nan,nan,nan,nan,nan,nan,nan,nan,nan,nan,nan,nan,nan,nan,nan,nan,nan,nan,nan,nan,nan,nan,nan,nan,nan,nan,nan,nan,nan,nan,nan
15.340,APPROACH,222.327415,105.407926,195.328231,12.865872,-11.644266,-17.065860,0.057221,-138.011550,-133.067242,10.261844,3.253914,11.800000,1.154309,0.000000,0.000000,74.583519,-33.188153,61.402556,23.130000,-8.436675,-5.368661,1.200000,0.000000,0.000000,-147.529447,-138.143428,-124.515096,10.213960,3.216932,7.324708,1.144477,0.000000,0.000000,0.000000,104.823397,194.469798,12.868156,221.296263,-11.690588,-17.168661,0.045691,20.771010,nan,nan,nan,0,nan,nan,nan,0,nan,nan,nan,nan,nan,nan,nan,nan,nan,nan,nan,nan,nan,nan,nan,nan,nan,nan,nan,nan,nan,nan,nan,nan,nan,nan,nan,nan,nan,nan,nan,nan,nan,nan,nan,nan,nan,nan,nan,nan,nan,nan,nan,nan,nan,nan,nan,nan,nan,nan,nan,nan,nan,nan,nan,nan,nan,nan,nan,nan,nan,nan,nan,nan,nan,nan,nan,nan,nan,nan,nan,nan,nan,nan,nan,nan,nan,nan,nan,nan
15.400,APPROACH,220.264024,104.241232,193.608735,12.871038,-11.643296,-17.221252,0.057627,-137.849534,-132.477242,10.318962,3.240319,11.800000,1.142373,0.000000,0.000000,74.644882,-33.608302,61.131493,23.190000,-8.402977,-5.421252,1.200000,0.000000,0.000000,-147.171574,-137.949216,-124.076141,10.282629,3.256800,7.307069,1.144477,0.000000,0.000000,0.000000,104.241232,193.608735,12.871038,220.264024,-11.643296,-17.221252,0.057627,20.788006,nan,nan,nan,0,nan,nan,nan,0,nan,nan,nan,nan,nan,nan,nan,nan,nan,nan,nan,nan,nan,nan,nan,nan,nan,nan,nan,nan,nan,nan,nan,nan,nan,nan,nan,nan,nan,nan,nan,nan,nan,nan,nan,nan,nan,nan,nan,nan,nan,nan,nan,nan,nan,nan,nan,nan,nan,nan,nan,nan,nan,nan,nan,nan,nan,nan,nan,nan,nan,nan,nan,nan,nan,nan,nan,nan,nan,nan,nan,nan,nan,nan,nan,nan,nan,nan,nan,nan
15.440,APPROACH,220.264024,104.241232,193.608735,12.871038,-11.643296,-17.221252,0.057627,-137.683501,-131.887242,10.376659,3.320670,11.800000,1.153923,0.000000,0.000000,74.282722,-34.026750,60.857812,23.250000,-8.368952,-5.473631,1.200000,0.000000,0.000000,-146.813702,-137.818413,-123.784096,10.328408,3.283324,7.295189,1.144477,0.000000,0.000000,0.000000,103.656751,192.745054,12.873341,219.228421,-11.689623,-17.273631,0.046077,20.857318,nan,nan,nan,0,nan,nan,nan,0,nan,nan,nan,nan,nan,nan,nan,nan,nan,nan,nan,nan,nan,nan,nan,nan,nan,nan,nan,nan,nan,nan,nan,nan,nan,nan,nan,nan,nan,nan,nan,nan,nan,nan,nan,nan,nan,nan,nan,nan,nan,nan,nan,nan,nan,nan,nan,nan,nan,nan,nan,nan,nan,nan,nan,nan,nan,nan,nan,nan,nan,nan,nan,nan,nan,nan,nan,nan,nan,nan,nan,nan,nan,nan,nan,nan,nan,nan,nan,nan
15.500,APPROACH,218.191783,103.074714,191.878764,12.876241,-11.640748,-17.325797,0.057994,-137.518194,-131.297242,10.433759,3.306147,11.800000,1.142006,0.000000,0.000000,74.348087,-34.443480,60.581522,23.310000,-8.334601,-5.525797,1.200000,0.000000,0.000000,-146.455829,-137.620222,-123.346923,10.397077,3.323030,7.277188,1.144477,0.000000,0.000000,0.000000,103.074714,191.878764,12.876241,218.191783,-11.640748,-17.325797,0.057994,20.873275,nan,nan,nan,0,nan,nan,nan,0,nan,nan,nan,nan,nan,nan,nan,nan,nan,nan,nan,nan,nan,nan,nan,nan,nan,nan,nan,nan,nan,nan,nan,nan,nan,nan,nan,nan,nan,nan,nan,nan,nan,nan,nan,nan,nan,nan,nan,nan,nan,nan,nan,nan,nan,nan,nan,nan,nan,nan,nan,nan,nan,nan,nan,nan,nan,nan,nan,nan,nan,nan,nan,nan,nan,nan,nan,nan,nan,nan,nan,nan,nan,nan,nan,nan,nan,nan,nan,nan
15.540,APPROACH,218.191783,103.074714,191.878764,12.876241,-11.640748,-17.325797,0.057994,-137.348836,-130.707242,10.491438,3.387152,11.800000,1.153574,0.000000,0.000000,73.984044,-34.858476,60.302635,23.370000,-8.299924,-5.577747,1.200000,0.000000,0.000000,-146.097957,-137.486772,-123.056078,10.442856,3.349446,7.265068,1.144477,0.000000,0.000000,0.000000,102.490360,191.009876,12.878562,217.151800,-11.687076,-17.377747,0.046426,20.942206,nan,nan,nan,0,nan,nan,nan,0,nan,nan,nan,nan,nan,nan,nan,nan,nan,nan,nan,nan,nan,nan,nan,nan,nan,nan,nan,nan,nan,nan,nan,nan,nan,nan,nan,nan,nan,nan,nan,nan,nan,nan,nan,nan,nan,nan,nan,nan,nan,nan,nan,nan,nan,nan,nan,nan,nan,nan,nan,nan,nan,nan,nan,nan,nan,nan,nan,nan,nan,nan,nan,nan,nan,nan,nan,nan,nan,nan,nan,nan,nan,nan,nan,nan,nan,nan,nan,nan
15.600,APPROACH,216.110834,101.908529,190.138402,12.881479,-11.636624,-17.429480,0.058326,-137.180251,-130.117242,10.548521,3.371701,11.800000,1.141674,0.000000,0.000000,74.053381,-35.271722,60.021161,23.430000,-8.264923,-5.629480,1.200000,0.000000,0.000000,-145.740084,-137.284619,-122.620724,10.511524,3.388987,7.246707,1.144477,0.000000,0.000000,0.000000,101.908529,190.138402,12.881479,216.110834,-11.636624,-17.429480,0.058326,20.957128,nan,nan,nan,0,nan,nan,nan,0,nan,nan,nan,nan,nan,nan,nan,nan,nan,nan,nan,nan,nan,nan,nan,nan,nan,nan,nan,nan,nan,nan,nan,nan,nan,nan,nan,nan,nan,nan,nan,nan,nan,nan,nan,nan,nan,nan,nan,nan,nan,nan,nan,nan,nan,nan,nan,nan,nan,nan,nan,nan,nan,nan,nan,nan,nan,nan,nan,nan,nan,nan,nan,nan,nan,nan,nan,nan,nan,nan,nan,nan,nan,nan,nan,nan,nan,nan,nan,nan
15.640,APPROACH,216.110834,101.908529,190.138402,12.881479,-11.636624,-17.429480,0.058326,-137.007583,-129.527242,10.606184,3.453353,11.800000,1.153259,0.000000,0.000000,73.687512,-35.683202,59.737111,23.490000,-8.229600,-5.680993,1.200000,0.000000,0.000000,-145.382212,-137.148533,-122.331102,10.557304,3.415292,7.234347,1.144477,0.000000,0.000000,0.000000,101.324381,189.264353,12.883816,215.066543,-11.682954,-17.480993,0.046741,21.025668,nan,nan,nan,0,nan,nan,nan,0,nan,nan,nan,nan,nan,nan,nan,nan,nan,nan,nan,nan,nan,nan,nan,nan,nan,nan,nan,nan,nan,nan,nan,nan,nan,nan,nan,nan,nan,nan,nan,nan,nan,nan,nan,nan,nan,nan,nan,nan,nan,nan,nan,nan,nan,nan,nan,nan,nan,nan,nan,nan,nan,nan,nan,nan,nan,nan,nan,nan,nan,nan,nan,nan,nan,nan,nan,nan,nan,nan,nan,nan,nan,nan,nan,nan,nan,nan,nan,nan
15.700,APPROACH,214.021324,100.742834,188.387739,12.886747,-11.630933,-17.532284,0.058625,-136.835734,-128.937242,10.663253,3.436976,11.800000,1.141375,0.000000,0.000000,73.760786,-36.092900,59.450497,23.550000,-8.193956,-5.732284,1.200000,0.000000,0.000000,-145.024341,-136.942434,-121.897602,10.625972,3.454664,7.215629,1.144477,0.000000,0.000000,0.000000,100.742834,188.387739,12.886747,214.021324,-11.630933,-17.532284,0.058625,21.039558,nan,nan,nan,0,nan,nan,nan,0,nan,nan,nan,nan,nan,nan,nan,nan,nan,nan,nan,nan,nan,nan,nan,nan,nan,nan,nan,nan,nan,nan,nan,nan,nan,nan,nan,nan,nan,nan,nan,nan,nan,nan,nan,nan,nan,nan,nan,nan,nan,nan,nan,nan,nan,nan,nan,nan,nan,nan,nan,nan,nan,nan,nan,nan,nan,nan,nan,nan,nan,nan,nan,nan,nan,nan,nan,nan,nan,nan,nan,nan,nan,nan,nan,nan,nan,nan,nan,nan
15.740,APPROACH,214.021324,100.742834,188.387739,12.886747,-11.630933,-17.532284,0.058625,-136.659771,-128.347242,10.720902,3.519269,11.800000,1.152975,0.000000,0.000000,73.393149,-36.500800,59.161329,23.610000,-8.157993,-5.783352,1.200000,0.000000,0.000000,-144.666469,-136.803723,-121.609228,10.671751,3.480856,7.203030,1.144477,0.000000,0.000000,0.000000,100.158971,187.508571,12.889098,212.972798,-11.677262,-17.583352,0.047025,21.107698,nan,nan,nan,0,nan,nan,nan,0,nan,nan,nan,nan,nan,nan,nan,nan,nan,nan,nan,nan,nan,nan,nan,nan,nan,nan,nan,nan,nan,nan,nan,nan,nan,nan,nan,nan,nan,nan,nan,nan,nan,nan,nan,nan,nan,nan,nan,nan,nan,nan,nan,nan,nan,nan,nan,nan,nan,nan,nan,nan,nan,nan,nan,nan,nan,nan,nan,nan,nan,nan,nan,nan,nan,nan,nan,nan,nan,nan,nan,nan,nan,nan,nan,nan,nan,nan,nan,nan
15.800,APPROACH,211.923396,99.577787,186.626861,12.892043,-11.623678,-17.634194,0.058894,-136.484673,-127.757242,10.777957,3.501967,11.800000,1.141106,0.000000,0.000000,73.470329,-36.906885,58.869619,23.670000,-8.121711,-5.834194,1.200000,0.000000,0.000000,-144.308597,-136.593695,-121.177618,10.740420,3.520056,7.183955,1.144477,0.000000,0.000000,0.000000,99.577787,186.626861,12.892043,211.923396,-11.623678,-17.634194,0.058894,21.120562,nan,nan,nan,0,nan,nan,nan,0,nan,nan,nan,nan,nan,nan,nan,nan,nan,nan,nan,nan,nan,nan,nan,nan,nan,nan,nan,nan,nan,nan,nan,nan,nan,nan,nan,nan,nan,nan,nan,nan,nan,nan,nan,nan,nan,nan,nan,nan,nan,nan,nan,nan,nan,nan,nan,nan,nan,nan,nan,nan,nan,nan,nan,nan,nan,nan,nan,nan,nan,nan,nan,nan,nan,nan,nan,nan,nan,nan,nan,nan,nan,nan,nan,nan,nan,nan,nan,nan
15.840,APPROACH,211.923396,99.577787,186.626861,12.892043,-11.623678,-17.634194,0.058894,-136.305428,-127.167242,10.835593,3.584894,11.800000,1.152719,0.000000,0.000000,73.100979,-37.311141,58.575379,23.730000,-8.085112,-5.884808,1.200000,0.000000,0.000000,-143.950726,-136.452371,-120.890516,10.786199,3.546132,7.171119,1.144477,0.000000,0.000000,0.000000,98.994287,185.742621,12.894407,210.870709,-11.670006,-17.684808,0.047281,21.188292,nan,nan,nan,0,nan,nan,nan,0,nan,nan,nan,nan,nan,nan,nan,nan,nan,nan,nan,nan,nan,nan,nan,nan,nan,nan,nan,nan,nan,nan,nan,nan,nan,nan,nan,nan,nan,nan,nan,nan,nan,nan,nan,nan,nan,nan,nan,nan,nan,nan,nan,nan,nan,nan,nan,nan,nan,nan,nan,nan,nan,nan,nan,nan,nan,nan,nan,nan,nan,nan,nan,nan,nan,nan,nan,nan,nan,nan,nan,nan,nan,nan,nan,nan,nan,nan,nan,nan
15.900,APPROACH,209.817199,98.413544,184.855861,12.897364,-11.614866,-17.735193,0.059138,-136.127095,-126.577242,10.892636,3.566668,11.800000,1.140862,0.000000,0.000000,73.182031,-37.713551,58.278619,23.790000,-8.048198,-5.935193,1.200000,0.000000,0.000000,-143.592855,-136.238432,-120.460831,10.854868,3.585158,7.151688,1.144477,0.000000,0.000000,0.000000,98.413544,184.855861,12.897364,209.817199,-11.614866,-17.735193,0.059138,21.200134,nan,nan,nan,0,nan,nan,nan,0,nan,nan,nan,nan,nan,nan,nan,nan,nan,nan,nan,nan,nan,nan,nan,nan,nan,nan,nan,nan,nan,nan,nan,nan,nan,nan,nan,nan,nan,nan,nan,nan,nan,nan,nan,nan,nan,nan,nan,nan,nan,nan,nan,nan,nan,nan,nan,nan,nan,nan,nan,nan,nan,nan,nan,nan,nan,nan,nan,nan,nan,nan,nan,nan,nan,nan,nan,nan,nan,nan,nan,nan,nan,nan,nan,nan,nan,nan,nan,nan
15.940,APPROACH,209.817199,98.413544,184.855861,12.897364,-11.614866,-17.735193,0.059138,-135.944583,-125.987242,10.950260,3.650222,11.800000,1.152488,0.000000,0.000000,72.811025,-38.114099,57.979352,23.850000,-8.010970,-5.985346,1.200000,0.000000,0.000000,-143.234984,-136.094506,-120.175024,10.900647,3.611116,7.138616,1.144477,0.000000,0.000000,0.000000,97.830484,183.966594,12.899740,208.760424,-11.661192,-17.785346,0.047512,21.267444,nan,nan,nan,0,nan,nan,nan,0,nan,nan,nan,nan,nan,nan,nan,nan,nan,nan,nan,nan,nan,nan,nan,nan,nan,nan,nan,nan,nan,nan,nan,nan,nan,nan,nan,nan,nan,nan,nan,nan,nan,nan,nan,nan,nan,nan,nan,nan,nan,nan,nan,nan,nan,nan,nan,nan,nan,nan,nan,nan,nan,nan,nan,nan,nan,nan,nan,nan,nan,nan,nan,nan,nan,nan,nan,nan,nan,nan,nan,nan,nan,nan,nan,nan,nan,nan,nan,nan
16.000,APPROACH,207.702880,97.250259,183.074831,12.902707,-11.604504,-17.835265,0.059358,-135.763030,-125.397242,11.007293,3.631075,11.800000,1.140642,0.000000,0.000000,72.895915,-38.512771,57.677589,23.910000,-7.973429,-6.035265,1.200000,0.000000,0.000000,-142.877113,-135.876674,-119.747300,10.969315,3.649964,7.118831,1.144477,0.000000,0.000000,0.000000,97.250259,183.074831,12.902707,207.702880,-11.604504,-17.835265,0.059358,21.278269,nan,nan,nan,0,nan,nan,nan,0,nan,nan,nan,nan,nan,nan,nan,nan,nan,nan,nan,nan,nan,nan,nan,nan,nan,nan,nan,nan,nan,nan,nan,nan,nan,nan,nan,nan,nan,nan,nan,nan,nan,nan,nan,nan,nan,nan,nan,nan,nan,nan,nan,nan,nan,nan,nan,nan,nan,nan,nan,nan,nan,nan,nan,nan,nan,nan,nan,nan,nan,nan,nan,nan,nan,nan,nan,nan,nan,nan,nan,nan,nan,nan,nan,nan,nan,nan,nan,nan
16.040,APPROACH,207.702880,97.250259,183.074831,12.902707,-11.604504,-17.835265,0.059358,-135.577267,-124.807242,11.064907,3.715249,11.800000,1.152279,0.000000,0.000000,72.523309,-38.909550,57.373341,23.970000,-7.935577,-6.084950,1.200000,0.000000,0.000000,-142.519242,-135.730158,-119.462812,11.015094,3.675803,7.105524,1.144477,0.000000,0.000000,0.000000,96.667718,182.180583,12.905093,206.642092,-11.650826,-17.884950,0.047721,21.345150,nan,nan,nan,0,nan,nan,nan,0,nan,nan,nan,nan,nan,nan,nan,nan,nan,nan,nan,nan,nan,nan,nan,nan,nan,nan,nan,nan,nan,nan,nan,nan,nan,nan,nan,nan,nan,nan,nan,nan,nan,nan,nan,nan,nan,nan,nan,nan,nan,nan,nan,nan,nan,nan,nan,nan,nan,nan,nan,nan,nan,nan,nan,nan,nan,nan,nan,nan,nan,nan,nan,nan,nan,nan,nan,nan,nan,nan,nan,nan,nan,nan,nan,nan,nan,nan,nan,nan
16.100,APPROACH,205.580588,96.088088,181.283863,12.908071,-11.592597,-17.934396,0.059556,-135.392508,-124.217242,11.121929,3.695181,11.800000,1.140444,0.000000,0.000000,72.612003,-39.304420,57.066622,24.030000,-7.897416,-6.134396,1.200000,0.000000,0.000000,-142.161371,-135.508449,-119.037084,11.083763,3.714469,7.085388,1.144477,0.000000,0.000000,0.000000,96.088088,181.283863,12.908071,205.580588,-11.592597,-17.934396,0.059556,21.354963,nan,nan,nan,0,nan,nan,nan,0,nan,nan,nan,nan,nan,nan,nan,nan,nan,nan,nan,nan,nan,nan,nan,nan,nan,nan,nan,nan,nan,nan,nan,nan,nan,nan,nan,nan,nan,nan,nan,nan,nan,nan,nan,nan,nan,nan,nan,nan,nan,nan,nan,nan,nan,nan,nan,nan,nan,nan,nan,nan,nan,nan,nan,nan,nan,nan,nan,nan,nan,nan,nan,nan,nan,nan,nan,nan,nan,nan,nan,nan,nan,nan,nan,nan,nan,nan,nan,nan
16.140,APPROACH,205.580588,96.088088,181.283863,12.908071,-11.592597,-17.934396,0.059556,-135.203510,-123.627242,11.179533,3.779968,11.800000,1.152090,0.000000,0.000000,72.237852,-39.697368,56.757441,24.090000,-7.858947,-6.183604,1.200000,0.000000,0.000000,-141.803501,-135.359356,-118.753939,11.129542,3.740186,7.071846,1.144477,0.000000,0.000000,0.000000,95.506142,180.384683,12.910467,204.515861,-11.638915,-17.983604,0.047910,21.421406,nan,nan,nan,0,nan,nan,nan,0,nan,nan,nan,nan,nan,nan,nan,nan,nan,nan,nan,nan,nan,nan,nan,nan,nan,nan,nan,nan,nan,nan,nan,nan,nan,nan,nan,nan,nan,nan,nan,nan,nan,nan,nan,nan,nan,nan,nan,nan,nan,nan,nan,nan,nan,nan,nan,nan,nan,nan,nan,nan,nan,nan,nan,nan,nan,nan,nan,nan,nan,nan,nan,nan,nan,nan,nan,nan,nan,nan,nan,nan,nan,nan,nan,nan,nan,nan,nan,nan
16.200,APPROACH,203.450472,94.927184,179.483055,12.913454,-11.579153,-18.032570,0.059735,-135.015561,-123.037242,11.236546,3.758982,11.800000,1.140265,0.000000,0.000000,72.330315,-40.088376,56.445813,24.150000,-7.820171,-6.232570,1.200000,0.000000,0.000000,-141.445630,-135.133790,-118.330242,11.198211,3.778668,7.051359,1.144477,0.000000,0.000000,0.000000,94.927184,179.483055,12.913454,203.450472,-11.579153,-18.032570,0.059735,21.430211,nan,nan,nan,0,nan,nan,nan,0,nan,nan,nan,nan,nan,nan,nan,nan,nan,nan,nan,nan,nan,nan,nan,nan,nan,nan,nan,nan,nan,nan,nan,nan,nan,nan,nan,nan,nan,nan,nan,nan,nan,nan,nan,nan,nan,nan,nan,nan,nan,nan,nan,nan,nan,nan,nan,nan,nan,nan,nan,nan,nan,nan,nan,nan,nan,nan,nan,nan,nan,nan,nan,nan,nan,nan,nan,nan,nan,nan,nan,nan,nan,nan,nan,nan,nan,nan,nan,nan
16.240,APPROACH,203.450472,94.927184,179.483055,12.913454,-11.579153,-18.032570,0.059735,-134.823342,-122.447242,11.294142,3.844376,11.800000,1.151920,0.000000,0.000000,71.954673,-40.477431,56.131748,24.210000,-7.781090,-6.281293,1.200000,0.000000,0.000000,-141.087760,-134.982131,-118.048462,11.243990,3.804260,7.037585,1.144477,0.000000,0.000000,0.000000,94.345911,178.578990,12.915858,202.381882,-11.625465,-18.081293,0.048080,21.496207,nan,nan,nan,0,nan,nan,nan,0,nan,nan,nan,nan,nan,nan,nan,nan,nan,nan,nan,nan,nan,nan,nan,nan,nan,nan,nan,nan,nan,nan,nan,nan,nan,nan,nan,nan,nan,nan,nan,nan,nan,nan,nan,nan,nan,nan,nan,nan,nan,nan,nan,nan,nan,nan,nan,nan,nan,nan,nan,nan,nan,nan,nan,nan,nan,nan,nan,nan,nan,nan,nan,nan,nan,nan,nan,nan,nan,nan,nan,nan,nan,nan,nan,nan,nan,nan,nan,nan
16.300,APPROACH,201.312683,93.767702,177.672502,12.918852,-11.564178,-18.129771,0.059897,-134.632218,-121.857242,11.351148,3.822473,11.800000,1.140103,0.000000,0.000000,72.050870,-40.864516,55.815260,24.270000,-7.741705,-6.329771,1.200000,0.000000,0.000000,-140.729890,-134.752726,-117.626831,11.312658,3.842555,7.016750,1.144477,0.000000,0.000000,0.000000,93.767702,177.672502,12.918852,201.312683,-11.564178,-18.129771,0.059897,21.504009,nan,nan,nan,0,nan,nan,nan,0,nan,nan,nan,nan,nan,nan,nan,nan,nan,nan,nan,nan,nan,nan,nan,nan,nan,nan,nan,nan,nan,nan,nan,nan,nan,nan,nan,nan,nan,nan,nan,nan,nan,nan,nan,nan,nan,nan,nan,nan,nan,nan,nan,nan,nan,nan,nan,nan,nan,nan,nan,nan,nan,nan,nan,nan,nan,nan,nan,nan,nan,nan,nan,nan,nan,nan,nan,nan,nan,nan,nan,nan,nan,nan,nan,nan,nan,nan,nan,nan
16.340,APPROACH,201.312683,93.767702,177.672502,12.918852,-11.564178,-18.129771,0.059897,-134.436795,-121.267242,11.408736,3.908465,11.800000,1.151767,0.000000,0.000000,71.673793,-41.249617,55.496360,24.330000,-7.702019,-6.378002,1.200000,0.000000,0.000000,-140.372020,-134.598514,-117.346441,11.358437,3.868021,7.002743,1.144477,0.000000,0.000000,0.000000,93.187178,176.763601,12.921264,200.240306,-11.610484,-18.178002,0.048233,21.569548,nan,nan,nan,0,nan,nan,nan,0,nan,nan,nan,nan,nan,nan,nan,nan,nan,nan,nan,nan,nan,nan,nan,nan,nan,nan,nan,nan,nan,nan,nan,nan,nan,nan,nan,nan,nan,nan,nan,nan,nan,nan,nan,nan,nan,nan,nan,nan,nan,nan,nan,nan,nan,nan,nan,nan,nan,nan,nan,nan,nan,nan,nan,nan,nan,nan,nan,nan,nan,nan,nan,nan,nan,nan,nan,nan,nan,nan,nan,nan,nan,nan,nan,nan,nan,nan,nan,nan
16.400,APPROACH,199.167374,92.609794,175.852302,12.924266,-11.547679,-18.225984,0.060042,-134.242513,-120.677242,11.465734,3.885648,11.800000,1.139958,0.000000,0.000000,71.773689,-41.632719,55.175060,24.390000,-7.662032,-6.425984,1.200000,0.000000,0.000000,-140.014150,-134.365290,-116.926911,11.427106,3.906124,6.981561,1.144477,0.000000,0.000000,0.000000,92.609794,175.852302,12.924266,199.167374,-11.547679,-18.225984,0.060042,21.576353,nan,nan,nan,0,nan,nan,nan,0,nan,nan,nan,nan,nan,nan,nan,nan,nan,nan,nan,nan,nan,nan,nan,nan,nan,nan,nan,nan,nan,nan,nan,nan,nan,nan,nan,nan,nan,nan,nan,nan,nan,nan,nan,nan,nan,nan,nan,nan,nan,nan,nan,nan,nan,nan,nan,nan,nan,nan,nan,nan,nan,nan,nan,nan,nan,nan,nan,nan,nan,nan,nan,nan,nan,nan,nan,nan,nan,nan,nan,nan,nan,nan,nan,nan,nan,nan,nan,nan
16.440,APPROACH,199.167374,92.609794,175.852302,12.924266,-11.547679,-18.225984,0.060042,-134.043901,-120.087242,11.523315,3.972232,11.800000,1.151628,0.000000,0.000000,71.395230,-42.013806,54.851375,24.450000,-7.621746,-6.473716,1.200000,0.000000,0.000000,-139.656280,-134.208538,-116.647933,11.472885,3.931462,6.967324,1.144477,0.000000,0.000000,0.000000,92.030095,174.938616,12.926685,198.091285,-11.593978,-18.273716,0.048372,21.641427,nan,nan,nan,0,nan,nan,nan,0,nan,nan,nan,nan,nan,nan,nan,nan,nan,nan,nan,nan,nan,nan,nan,nan,nan,nan,nan,nan,nan,nan,nan,nan,nan,nan,nan,nan,nan,nan,nan,nan,nan,nan,nan,nan,nan,nan,nan,nan,nan,nan,nan,nan,nan,nan,nan,nan,nan,nan,nan,nan,nan,nan,nan,nan,nan,nan,nan,nan,nan,nan,nan,nan,nan,nan,nan,nan,nan,nan,nan,nan,nan,nan,nan,nan,nan,nan,nan,nan
16.500,APPROACH,197.020216,91.453612,174.028807,12.929693,-11.529664,-18.196194,0.060174,-133.846476,-119.503492,11.580307,3.948502,11.675000,1.139826,0.000000,0.000000,71.314389,-42.392864,54.525315,24.510000,-7.581162,-6.521194,1.200000,0.000000,0.000000,-139.298410,-133.971512,-116.230538,11.541554,3.969372,6.945796,1.144477,0.000000,0.000000,0.000000,91.453612,174.028807,12.929693,197.020216,-11.529664,-18.196194,0.060174,21.541548,nan,nan,nan,0,nan,nan,nan,0,nan,nan,nan,nan,nan,nan,nan,nan,nan,nan,nan,nan,nan,nan,nan,nan,nan,nan,nan,nan,nan,nan,nan,nan,nan,nan,nan,nan,nan,nan,nan,nan,nan,nan,nan,nan,nan,nan,nan,nan,nan,nan,nan,nan,nan,nan,nan,nan,nan,nan,nan,nan,nan,nan,nan,nan,nan,nan,nan,nan,nan,nan,nan,nan,nan,nan,nan,nan,nan,nan,nan,nan,nan,nan,nan,nan,nan,nan,nan,nan
16.540,APPROACH,197.020216,91.453612,174.028807,12.929693,-11.529664,-18.196194,0.060174,-133.644692,-118.925992,11.637882,4.035672,11.550000,1.151503,0.000000,0.000000,70.740137,-42.769878,54.196894,24.570000,-7.540283,-6.568419,1.200000,0.000000,0.000000,-138.940540,-133.812233,-115.952996,11.587333,3.994580,6.931330,1.144477,0.000000,0.000000,0.000000,90.874814,173.122886,12.932118,195.951538,-11.575955,-18.118419,0.048497,21.500748,nan,nan,nan,0,nan,nan,nan,0,nan,nan,nan,nan,nan,nan,nan,nan,nan,nan,nan,nan,nan,nan,nan,nan,nan,nan,nan,nan,nan,nan,nan,nan,nan,nan,nan,nan,nan,nan,nan,nan,nan,nan,nan,nan,nan,nan,nan,nan,nan,nan,nan,nan,nan,nan,nan,nan,nan,nan,nan,nan,nan,nan,nan,nan,nan,nan,nan,nan,nan,nan,nan,nan,nan,nan,nan,nan,nan,nan,nan,nan,nan,nan,nan,nan,nan,nan,nan,nan
16.600,APPROACH,194.887941,90.299307,172.220866,12.935133,-11.510140,-18.040387,0.060293,-133.444141,-118.354742,11.694867,4.011030,11.425000,1.139707,0.000000,0.000000,70.655110,-43.144834,53.866125,24.630000,-7.499110,-6.615387,1.200000,0.000000,0.000000,-138.582671,-133.571426,-115.537771,11.656001,4.032292,6.909459,1.144477,0.000000,0.000000,0.000000,90.299307,172.220866,12.935133,194.887941,-11.510140,-18.040387,0.060293,21.399592,nan,nan,nan,0,nan,nan,nan,0,nan,nan,nan,nan,nan,nan,nan,nan,nan,nan,nan,nan,nan,nan,nan,nan,nan,nan,nan,nan,nan,nan,nan,nan,nan,nan,nan,nan,nan,nan,nan,nan,nan,nan,nan,nan,nan,nan,nan,nan,nan,nan,nan,nan,nan,nan,nan,nan,nan,nan,nan,nan,nan,nan,nan,nan,nan,nan,nan,nan,nan,nan,nan,nan,nan,nan,nan,nan,nan,nan,nan,nan,nan,nan,nan,nan,nan,nan,nan,nan
16.640,APPROACH,194.887941,90.299307,172.220866,12.935133,-11.510140,-18.040387,0.060293,-133.239202,-117.789742,11.752437,4.098777,11.300000,1.151390,0.000000,0.000000,70.063094,-43.517716,53.533020,24.690000,-7.457644,-6.662097,1.200000,0.000000,0.000000,-138.224801,-133.409633,-115.261686,11.701781,4.057368,6.894764,1.144477,0.000000,0.000000,0.000000,89.721486,171.322762,12.937563,193.826763,-11.556422,-17.962097,0.048610,21.358609,nan,nan,nan,0,nan,nan,nan,0,nan,nan,nan,nan,nan,nan,nan,nan,nan,nan,nan,nan,nan,nan,nan,nan,nan,nan,nan,nan,nan,nan,nan,nan,nan,nan,nan,nan,nan,nan,nan,nan,nan,nan,nan,nan,nan,nan,nan,nan,nan,nan,nan,nan,nan,nan,nan,nan,nan,nan,nan,nan,nan,nan,nan,nan,nan,nan,nan,nan,nan,nan,nan,nan,nan,nan,nan,nan,nan,nan,nan,nan,nan,nan,nan,nan,nan,nan,nan,nan
16.700,APPROACH,192.770729,89.147030,170.428584,12.940583,-11.489115,-17.883547,0.060400,-133.035541,-117.230992,11.809417,4.073227,11.175000,1.139600,0.000000,0.000000,69.973477,-43.888510,53.197592,24.750000,-7.415888,-6.708547,1.200000,0.000000,0.000000,-137.866932,-133.165065,-114.848666,11.770449,4.094880,6.872551,1.144477,0.000000,0.000000,0.000000,89.147030,170.428584,12.940583,192.770729,-11.489115,-17.883547,0.060400,21.256168,nan,nan,nan,0,nan,nan,nan,0,nan,nan,nan,nan,nan,nan,nan,nan,nan,nan,nan,nan,nan,nan,nan,nan,nan,nan,nan,nan,nan,nan,nan,nan,nan,nan,nan,nan,nan,nan,nan,nan,nan,nan,nan,nan,nan,nan,nan,nan,nan,nan,nan,nan,nan,nan,nan,nan,nan,nan,nan,nan,nan,nan,nan,nan,nan,nan,nan,nan,nan,nan,nan,nan,nan,nan,nan,nan,nan,nan,nan,nan,nan,nan,nan,nan,nan,nan,nan,nan
16.740,APPROACH,192.770729,89.147030,170.428584,12.940583,-11.489115,-17.883547,0.060400,-132.827463,-116.678492,11.866981,4.161545,11.050000,1.151289,0.000000,0.000000,69.363104,-44.257202,52.859856,24.810000,-7.373842,-6.754736,1.200000,0.000000,0.000000,-137.509063,-133.000770,-114.574062,11.816228,4.119821,6.857629,1.144477,0.000000,0.000000,0.000000,88.570261,169.538347,12.943019,191.717146,-11.535387,-17.804736,0.048711,21.214998,nan,nan,nan,0,nan,nan,nan,0,nan,nan,nan,nan,nan,nan,nan,nan,nan,nan,nan,nan,nan,nan,nan,nan,nan,nan,nan,nan,nan,nan,nan,nan,nan,nan,nan,nan,nan,nan,nan,nan,nan,nan,nan,nan,nan,nan,nan,nan,nan,nan,nan,nan,nan,nan,nan,nan,nan,nan,nan,nan,nan,nan,nan,nan,nan,nan,nan,nan,nan,nan,nan,nan,nan,nan,nan,nan,nan,nan,nan,nan,nan,nan,nan,nan,nan,nan,nan,nan
16.800,APPROACH,190.668767,87.996931,168.652064,12.946044,-11.466596,-17.725661,0.060497,-132.620709,-116.132242,11.923956,4.135087,10.925000,1.139503,0.000000,0.000000,69.268460,-44.623778,52.519823,24.870000,-7.331508,-6.800661,1.200000,0.000000,0.000000,-137.151194,-132.752461,-114.163280,11.884897,4.157130,6.835077,1.144477,0.000000,0.000000,0.000000,87.996931,168.652064,12.946044,190.668767,-11.466596,-17.725661,0.060497,21.111265,nan,nan,nan,0,nan,nan,nan,0,nan,nan,nan,nan,nan,nan,nan,nan,nan,nan,nan,nan,nan,nan,nan,nan,nan,nan,nan,nan,nan,nan,nan,nan,nan,nan,nan,nan,nan,nan,nan,nan,nan,nan,nan,nan,nan,nan,nan,nan,nan,nan,nan,nan,nan,nan,nan,nan,nan,nan,nan,nan,nan,nan,nan,nan,nan,nan,nan,nan,nan,nan,nan,nan,nan,nan,nan,nan,nan,nan,nan,nan,nan,nan,nan,nan,nan,nan,nan,nan
16.840,APPROACH,190.668767,87.996931,168.652064,12.946044,-11.466596,-17.725661,0.060497,-132.409511,-115.592242,11.981516,4.223969,10.800000,1.151197,0.000000,0.000000,68.639123,-44.988222,52.177507,24.930000,-7.288889,-6.846320,1.200000,0.000000,0.000000,-136.793324,-132.585680,-113.890179,11.930676,4.181934,6.819929,1.144477,0.000000,0.000000,0.000000,87.421288,167.769748,12.948484,189.622871,-11.512858,-17.646320,0.048803,21.069905,nan,nan,nan,0,nan,nan,nan,0,nan,nan,nan,nan,nan,nan,nan,nan,nan,nan,nan,nan,nan,nan,nan,nan,nan,nan,nan,nan,nan,nan,nan,nan,nan,nan,nan,nan,nan,nan,nan,nan,nan,nan,nan,nan,nan,nan,nan,nan,nan,nan,nan,nan,nan,nan,nan,nan,nan,nan,nan,nan,nan,nan,nan,nan,nan,nan,nan,nan,nan,nan,nan,nan,nan,nan,nan,nan,nan,nan,nan,nan,nan,nan,nan,nan,nan,nan,nan,nan
16.900,APPROACH,188.582241,86.849159,166.891413,12.951513,-11.442592,-17.566713,0.060584,-132.199680,-115.058492,12.038487,4.196607,10.675000,1.139416,0.000000,0.000000,68.538982,-45.350521,51.832921,24.990000,-7.245985,-6.891713,1.200000,0.000000,0.000000,-136.435455,-132.333650,-113.481669,11.999345,4.219037,6.797038,1.144477,0.000000,0.000000,0.000000,86.849159,166.891413,12.951513,188.582241,-11.442592,-17.566713,0.060584,20.964875,nan,nan,nan,0,nan,nan,nan,0,nan,nan,nan,nan,nan,nan,nan,nan,nan,nan,nan,nan,nan,nan,nan,nan,nan,nan,nan,nan,nan,nan,nan,nan,nan,nan,nan,nan,nan,nan,nan,nan,nan,nan,nan,nan,nan,nan,nan,nan,nan,nan,nan,nan,nan,nan,nan,nan,nan,nan,nan,nan,nan,nan,nan,nan,nan,nan,nan,nan,nan,nan,nan,nan,nan,nan,nan,nan,nan,nan,nan,nan,nan,nan,nan,nan,nan,nan,nan,nan
16.940,APPROACH,188.582241,86.849159,166.891413,12.951513,-11.442592,-17.566713,0.060584,-131.985378,-114.530992,12.096043,4.286044,10.550000,1.151114,0.000000,0.000000,67.890054,-45.710661,51.486079,25.050000,-7.202798,-6.936836,1.200000,0.000000,0.000000,-136.077586,-132.164395,-113.210095,12.045124,4.243702,6.781666,1.144477,0.000000,0.000000,0.000000,86.274717,166.017071,12.953957,187.544127,-11.488842,-17.486836,0.048886,20.923320,nan,nan,nan,0,nan,nan,nan,0,nan,nan,nan,nan,nan,nan,nan,nan,nan,nan,nan,nan,nan,nan,nan,nan,nan,nan,nan,nan,nan,nan,nan,nan,nan,nan,nan,nan,nan,nan,nan,nan,nan,nan,nan,nan,nan,nan,nan,nan,nan,nan,nan,nan,nan,nan,nan,nan,nan,nan,nan,nan,nan,nan,nan,nan,nan,nan,nan,nan,nan,nan,nan,nan,nan,nan,nan,nan,nan,nan,nan,nan,nan,nan,nan,nan,nan,nan,nan,nan
17.000,APPROACH,186.511340,85.703861,165.146736,12.956991,-11.417110,-17.406689,0.060663,-131.772489,-114.009742,12.153009,4.257780,10.425000,1.139337,0.000000,0.000000,67.783907,-46.068628,51.136995,25.110000,-7.159330,-6.981689,1.200000,0.000000,0.000000,-135.719718,-131.908666,-112.803891,12.113792,4.280596,6.758439,1.144477,0.000000,0.000000,0.000000,85.703861,165.146736,12.956991,186.511340,-11.417110,-17.406689,0.060663,20.816986,nan,nan,nan,0,nan,nan,nan,0,nan,nan,nan,nan,nan,nan,nan,nan,nan,nan,nan,nan,nan,nan,nan,nan,nan,nan,nan,nan,nan,nan,nan,nan,nan,nan,nan,nan,nan,nan,nan,nan,nan,nan,nan,nan,nan,nan,nan,nan,nan,nan,nan,nan,nan,nan,nan,nan,nan,nan,nan,nan,nan,nan,nan,nan,nan,nan,nan,nan,nan,nan,nan,nan,nan,nan,nan,nan,nan,nan,nan,nan,nan,nan,nan,nan,nan,nan,nan,nan
17.040,APPROACH,186.511340,85.703861,165.146736,12.956991,-11.417110,-17.406689,0.060663,-131.555101,-113.494742,12.210561,4.347766,10.300000,1.151039,0.000000,0.000000,67.114750,-46.424407,50.785681,25.170000,-7.115584,-7.026270,1.200000,0.000000,0.000000,-135.361849,-131.736951,-112.533865,12.159571,4.305121,6.742843,1.144477,0.000000,0.000000,0.000000,85.130694,164.280423,12.959439,185.481103,-11.463350,-17.326270,0.048961,20.775236,nan,nan,nan,0,nan,nan,nan,0,nan,nan,nan,nan,nan,nan,nan,nan,nan,nan,nan,nan,nan,nan,nan,nan,nan,nan,nan,nan,nan,nan,nan,nan,nan,nan,nan,nan,nan,nan,nan,nan,nan,nan,nan,nan,nan,nan,nan,nan,nan,nan,nan,nan,nan,nan,nan,nan,nan,nan,nan,nan,nan,nan,nan,nan,nan,nan,nan,nan,nan,nan,nan,nan,nan,nan,nan,nan,nan,nan,nan,nan,nan,nan,nan,nan,nan,nan,nan,nan
17.100,APPROACH,184.456254,84.561186,163.418144,12.962475,-11.390160,-17.245577,0.060734,-131.339171,-112.985992,12.267525,4.318601,10.175000,1.139266,0.000000,0.000000,67.002051,-46.777985,50.432152,25.230000,-7.071559,-7.070577,1.200000,0.000000,0.000000,-135.003980,-131.477543,-112.130000,12.228240,4.341801,6.719283,1.144477,0.000000,0.000000,0.000000,84.561186,163.418144,12.962475,184.456254,-11.390160,-17.245577,0.060734,20.667592,nan,nan,nan,0,nan,nan,nan,0,nan,nan,nan,nan,nan,nan,nan,nan,nan,nan,nan,nan,nan,nan,nan,nan,nan,nan,nan,nan,nan,nan,nan,nan,nan,nan,nan,nan,nan,nan,nan,nan,nan,nan,nan,nan,nan,nan,nan,nan,nan,nan,nan,nan,nan,nan,nan,nan,nan,nan,nan,nan,nan,nan,nan,nan,nan,nan,nan,nan,nan,nan,nan,nan,nan,nan,nan,nan,nan,nan,nan,nan,nan,nan,nan,nan,nan,nan,nan,nan
17.140,APPROACH,184.456254,84.561186,163.418144,12.962475,-11.390160,-17.245577,0.060734,-131.118714,-112.483492,12.325073,4.409129,10.050000,1.150971,0.000000,0.000000,66.312012,-47.129348,50.076422,25.290000,-7.027259,-7.114607,1.200000,0.000000,0.000000,-134.646111,-131.303383,-111.861545,12.274019,4.366184,6.703465,1.144477,0.000000,0.000000,0.000000,83.989366,162.559914,12.964927,183.433990,-11.436388,-17.164607,0.049029,20.625642,nan,nan,nan,0,nan,nan,nan,0,nan,nan,nan,nan,nan,nan,nan,nan,nan,nan,nan,nan,nan,nan,nan,nan,nan,nan,nan,nan,nan,nan,nan,nan,nan,nan,nan,nan,nan,nan,nan,nan,nan,nan,nan,nan,nan,nan,nan,nan,nan,nan,nan,nan,nan,nan,nan,nan,nan,nan,nan,nan,nan,nan,nan,nan,nan,nan,nan,nan,nan,nan,nan,nan,nan,nan,nan,nan,nan,nan,nan,nan,nan,nan,nan,nan,nan,nan,nan,nan
17.200,APPROACH,182.417176,83.421279,161.705746,12.967967,-11.361751,-17.083360,0.060798,-130.899761,-111.987242,12.382033,4.379067,9.925000,1.139202,0.000000,0.000000,66.192171,-47.478482,49.718504,25.350000,-6.982684,-7.158360,1.200000,0.000000,0.000000,-134.288243,-131.040317,-111.460053,12.342688,4.402649,6.679572,1.144477,0.000000,0.000000,0.000000,83.421279,161.705746,12.967967,182.417176,-11.361751,-17.083360,0.060798,20.516683,nan,nan,nan,0,nan,nan,nan,0,nan,nan,nan,nan,nan,nan,nan,nan,nan,nan,nan,nan,nan,nan,nan,nan,nan,nan,nan,nan,nan,nan,nan,nan,nan,nan,nan,nan,nan,nan,nan,nan,nan,nan,nan,nan,nan,nan,nan,nan,nan,nan,nan,nan,nan,nan,nan,nan,nan,nan,nan,nan,nan,nan,nan,nan,nan,nan,nan,nan,nan,nan,nan,nan,nan,nan,nan,nan,nan,nan,nan,nan,nan,nan,nan,nan,nan,nan,nan,nan
17.240,APPROACH,182.417176,83.421279,161.705746,12.967967,-11.361751,-17.083360,0.060798,-130.676254,-111.497242,12.439579,4.470128,9.800000,1.150910,0.000000,0.000000,65.480587,-47.825374,49.358412,25.410000,-6.937837,-7.201834,1.200000,0.000000,0.000000,-133.930374,-130.863726,-111.193190,12.388467,4.426887,6.663533,1.144477,0.000000,0.000000,0.000000,82.850880,160.855654,12.970421,181.402981,-11.407965,-17.001834,0.049090,20.474532,nan,nan,nan,0,nan,nan,nan,0,nan,nan,nan,nan,nan,nan,nan,nan,nan,nan,nan,nan,nan,nan,nan,nan,nan,nan,nan,nan,nan,nan,nan,nan,nan,nan,nan,nan,nan,nan,nan,nan,nan,nan,nan,nan,nan,nan,nan,nan,nan,nan,nan,nan,nan,nan,nan,nan,nan,nan,nan,nan,nan,nan,nan,nan,nan,nan,nan,nan,nan,nan,nan,nan,nan,nan,nan,nan,nan,nan,nan,nan,nan,nan,nan,nan,nan,nan,nan,nan
17.300,APPROACH,180.394300,82.284286,160.009653,12.973464,-11.331890,-16.920027,0.060856,-130.454296,-111.013492,12.496536,4.439171,9.675000,1.139144,0.000000,0.000000,65.352970,-48.170010,48.996161,25.470000,-6.892720,-7.245027,1.200000,0.000000,0.000000,-133.572506,-130.597025,-110.794104,12.457135,4.463133,6.639310,1.144477,0.000000,0.000000,0.000000,82.284286,160.009653,12.973464,180.394300,-11.331890,-16.920027,0.060856,20.364252,nan,nan,nan,0,nan,nan,nan,0,nan,nan,nan,nan,nan,nan,nan,nan,nan,nan,nan,nan,nan,nan,nan,nan,nan,nan,nan,nan,nan,nan,nan,nan,nan,nan,nan,nan,nan,nan,nan,nan,nan,nan,nan,nan,nan,nan,nan,nan,nan,nan,nan,nan,nan,nan,nan,nan,nan,nan,nan,nan,nan,nan,nan,nan,nan,nan,nan,nan,nan,nan,nan,nan,nan,nan,nan,nan,nan,nan,nan,nan,nan,nan,nan,nan,nan,nan,nan,nan
17.340,APPROACH,180.394300,82.284286,160.009653,12.973464,-11.331890,-16.920027,0.060856,-130.227758,-110.535992,12.554079,4.530758,9.550000,1.150855,0.000000,0.000000,64.619171,-48.512377,48.631764,25.530000,-6.847333,-7.287937,1.200000,0.000000,0.000000,-133.214638,-130.418018,-110.528856,12.502914,4.487224,6.623052,1.144477,0.000000,0.000000,0.000000,81.715381,159.167756,12.975921,179.388273,-11.378091,-16.837937,0.049145,20.321897,nan,nan,nan,0,nan,nan,nan,0,nan,nan,nan,nan,nan,nan,nan,nan,nan,nan,nan,nan,nan,nan,nan,nan,nan,nan,nan,nan,nan,nan,nan,nan,nan,nan,nan,nan,nan,nan,nan,nan,nan,nan,nan,nan,nan,nan,nan,nan,nan,nan,nan,nan,nan,nan,nan,nan,nan,nan,nan,nan,nan,nan,nan,nan,nan,nan,nan,nan,nan,nan,nan,nan,nan,nan,nan,nan,nan,nan,nan,nan,nan,nan,nan,nan,nan,nan,nan,nan
17.400,APPROACH,178.387822,81.150352,158.329978,12.978967,-11.300588,-16.755563,0.060908,-130.002813,-110.064742,12.611033,4.498908,9.425000,1.139092,0.000000,0.000000,64.483096,-48.852461,48.265236,25.590000,-6.801680,-7.330563,1.200000,0.000000,0.000000,-132.856769,-130.147703,-110.132209,12.571583,4.523250,6.598501,1.144477,0.000000,0.000000,0.000000,81.150352,158.329978,12.978967,178.387822,-11.300588,-16.755563,0.060908,20.210292,nan,nan,nan,0,nan,nan,nan,0,nan,nan,nan,nan,nan,nan,nan,nan,nan,nan,nan,nan,nan,nan,nan,nan,nan,nan,nan,nan,nan,nan,nan,nan,nan,nan,nan,nan,nan,nan,nan,nan,nan,nan,nan,nan,nan,nan,nan,nan,nan,nan,nan,nan,nan,nan,nan,nan,nan,nan,nan,nan,nan,nan,nan,nan,nan,nan,nan,nan,nan,nan,nan,nan,nan,nan,nan,nan,nan,nan,nan,nan,nan,nan,nan,nan,nan,nan,nan,nan
17.440,APPROACH,178.387822,81.150352,158.329978,12.978967,-11.300588,-16.755563,0.060908,-129.773262,-109.599742,12.668574,4.591014,9.300000,1.150806,0.000000,0.000000,63.726406,-49.190249,47.896591,25.650000,-6.755761,-7.372903,1.200000,0.000000,0.000000,-132.498901,-129.966294,-109.868598,12.617362,4.547192,6.582024,1.144477,0.000000,0.000000,0.000000,80.583013,157.496333,12.981426,177.390062,-11.346775,-16.672903,0.049194,20.167732,nan,nan,nan,0,nan,nan,nan,0,nan,nan,nan,nan,nan,nan,nan,nan,nan,nan,nan,nan,nan,nan,nan,nan,nan,nan,nan,nan,nan,nan,nan,nan,nan,nan,nan,nan,nan,nan,nan,nan,nan,nan,nan,nan,nan,nan,nan,nan,nan,nan,nan,nan,nan,nan,nan,nan,nan,nan,nan,nan,nan,nan,nan,nan,nan,nan,nan,nan,nan,nan,nan,nan,nan,nan,nan,nan,nan,nan,nan,nan,nan,nan,nan,nan,nan,nan,nan,nan
17.500,APPROACH,176.397940,80.019621,156.666835,12.984474,-11.267853,-16.589955,0.060955,-129.545348,-109.140992,12.725526,4.558274,9.175000,1.139045,0.000000,0.000000,63.581140,-49.525728,47.525843,25.710000,-6.709578,-7.414955,1.200000,0.000000,0.000000,-132.141033,-129.692388,-109.474422,12.686031,4.582993,6.557147,1.144477,0.000000,0.000000,0.000000,80.019621,156.666835,12.984474,176.397940,-11.267853,-16.589955,0.060955,20.054796,nan,nan,nan,0,nan,nan,nan,0,nan,nan,nan,nan,nan,nan,nan,nan,nan,nan,nan,nan,nan,nan,nan,nan,nan,nan,nan,nan,nan,nan,nan,nan,nan,nan,nan,nan,nan,nan,nan,nan,nan,nan,nan,nan,nan,nan,nan,nan,nan,nan,nan,nan,nan,nan,nan,nan,nan,nan,nan,nan,nan,nan,nan,nan,nan,nan,nan,nan,nan,nan,nan,nan,nan,nan,nan,nan,nan,nan,nan,nan,nan,nan,nan,nan,nan,nan,nan,nan
17.540,APPROACH,176.397940,80.019621,156.666835,12.984474,-11.267853,-16.589955,0.060955,-129.312804,-108.688492,12.783064,4.650892,9.050000,1.150761,0.000000,0.000000,62.800883,-49.858884,47.153007,25.770000,-6.663134,-7.456718,1.200000,0.000000,0.000000,-131.783165,-129.508592,-109.212470,12.731810,4.606784,6.540454,1.144477,0.000000,0.000000,0.000000,79.453919,155.841499,12.986936,175.408548,-11.314026,-16.506718,0.049239,20.012030,nan,nan,nan,0,nan,nan,nan,0,nan,nan,nan,nan,nan,nan,nan,nan,nan,nan,nan,nan,nan,nan,nan,nan,nan,nan,nan,nan,nan,nan,nan,nan,nan,nan,nan,nan,nan,nan,nan,nan,nan,nan,nan,nan,nan,nan,nan,nan,nan,nan,nan,nan,nan,nan,nan,nan,nan,nan,nan,nan,nan,nan,nan,nan,nan,nan,nan,nan,nan,nan,nan,nan,nan,nan,nan,nan,nan,nan,nan,nan,nan,nan,nan,nan,nan,nan,nan,nan
17.600,APPROACH,174.424855,78.892235,155.020339,12.989986,-11.233695,-16.423190,0.060998,-129.081940,-108.242242,12.840014,4.617265,8.925000,1.139002,0.000000,0.000000,62.645640,-50.189706,46.778097,25.830000,-6.616430,-7.498190,1.200000,0.000000,0.000000,-131.425297,-129.231117,-108.820797,12.800478,4.642358,6.515252,1.144477,0.000000,0.000000,0.000000,78.892235,155.020339,12.989986,174.424855,-11.233695,-16.423190,0.060998,19.897758,nan,nan,nan,0,nan,nan,nan,0,nan,nan,nan,nan,nan,nan,nan,nan,nan,nan,nan,nan,nan,nan,nan,nan,nan,nan,nan,nan,nan,nan,nan,nan,nan,nan,nan,nan,nan,nan,nan,nan,nan,nan,nan,nan,nan,nan,nan,nan,nan,nan,nan,nan,nan,nan,nan,nan,nan,nan,nan,nan,nan,nan,nan,nan,nan,nan,nan,nan,nan,nan,nan,nan,nan,nan,nan,nan,nan,nan,nan,nan,nan,nan,nan,nan,nan,nan,nan,nan
17.640,APPROACH,174.424855,78.892235,155.020339,12.989986,-11.233695,-16.423190,0.060998,-128.846421,-107.802242,12.897550,4.710386,8.800000,1.150720,0.000000,0.000000,61.841143,-50.518179,46.401129,25.890000,-6.569468,-7.539370,1.200000,0.000000,0.000000,-131.067429,-129.044950,-108.560525,12.846258,4.665997,6.498344,1.144477,0.000000,0.000000,0.000000,78.328242,154.203371,12.992450,173.443930,-11.279853,-16.339370,0.049280,19.854786,nan,nan,nan,0,nan,nan,nan,0,nan,nan,nan,nan,nan,nan,nan,nan,nan,nan,nan,nan,nan,nan,nan,nan,nan,nan,nan,nan,nan,nan,nan,nan,nan,nan,nan,nan,nan,nan,nan,nan,nan,nan,nan,nan,nan,nan,nan,nan,nan,nan,nan,nan,nan,nan,nan,nan,nan,nan,nan,nan,nan,nan,nan,nan,nan,nan,nan,nan,nan,nan,nan,nan,nan,nan,nan,nan,nan,nan,nan,nan,nan,nan,nan,nan,nan,nan,nan,nan
17.700,APPROACH,172.468767,77.768336,153.390608,12.995502,-11.198123,-16.255255,0.061036,-128.612627,-107.368492,12.954498,4.675874,8.675000,1.138964,0.000000,0.000000,61.675081,-50.844292,46.022116,25.950000,-6.522249,-7.580255,1.200000,0.000000,0.000000,-130.709561,-128.763929,-108.171389,12.914926,4.701340,6.472820,1.144477,0.000000,0.000000,0.000000,77.768336,153.390608,12.995502,172.468767,-11.198123,-16.255255,0.061036,19.739174,nan,nan,nan,0,nan,nan,nan,0,nan,nan,nan,nan,nan,nan,nan,nan,nan,nan,nan,nan,nan,nan,nan,nan,nan,nan,nan,nan,nan,nan,nan,nan,nan,nan,nan,nan,nan,nan,nan,nan,nan,nan,nan,nan,nan,nan,nan,nan,nan,nan,nan,nan,nan,nan,nan,nan,nan,nan,nan,nan,nan,nan,nan,nan,nan,nan,nan,nan,nan,nan,nan,nan,nan,nan,nan,nan,nan,nan,nan,nan,nan,nan,nan,nan,nan,nan,nan,nan
17.740,APPROACH,172.468767,77.768336,153.390608,12.995502,-11.198123,-16.255255,0.061036,-128.374153,-106.940992,13.012032,4.769491,8.550000,1.150684,0.000000,0.000000,60.845684,-51.168030,45.641074,26.010000,-6.474776,-7.620845,1.200000,0.000000,0.000000,-130.351693,-128.575405,-107.912819,12.960705,4.724825,6.455698,1.144477,0.000000,0.000000,0.000000,77.206122,152.582066,12.997968,171.496412,-11.244267,-16.170845,0.049316,19.695994,nan,nan,nan,0,nan,nan,nan,0,nan,nan,nan,nan,nan,nan,nan,nan,nan,nan,nan,nan,nan,nan,nan,nan,nan,nan,nan,nan,nan,nan,nan,nan,nan,nan,nan,nan,nan,nan,nan,nan,nan,nan,nan,nan,nan,nan,nan,nan,nan,nan,nan,nan,nan,nan,nan,nan,nan,nan,nan,nan,nan,nan,nan,nan,nan,nan,nan,nan,nan,nan,nan,nan,nan,nan,nan,nan,nan,nan,nan,nan,nan,nan,nan,nan,nan,nan,nan,nan
17.800,APPROACH,170.529882,76.648065,151.777759,13.001021,-11.161148,-16.086137,0.061071,-128.137448,-106.519742,13.068979,4.734098,8.425000,1.138929,0.000000,0.000000,60.667902,-51.489383,45.258017,26.070000,-6.427050,-7.661137,1.200000,0.000000,0.000000,-129.993825,-128.290862,-107.526251,13.029374,4.759934,6.429854,1.144477,0.000000,0.000000,0.000000,76.648065,151.777759,13.001021,170.529882,-11.161148,-16.086137,0.061071,19.579039,nan,nan,nan,0,nan,nan,nan,0,nan,nan,nan,nan,nan,nan,nan,nan,nan,nan,nan,nan,nan,nan,nan,nan,nan,nan,nan,nan,nan,nan,nan,nan,nan,nan,nan,nan,nan,nan,nan,nan,nan,nan,nan,nan,nan,nan,nan,nan,nan,nan,nan,nan,nan,nan,nan,nan,nan,nan,nan,nan,nan,nan,nan,nan,nan,nan,nan,nan,nan,nan,nan,nan,nan,nan,nan,nan,nan,nan,nan,nan,nan,nan,nan,nan,nan,nan,nan,nan
17.840,APPROACH,170.529882,76.648065,151.777759,13.001021,-11.161148,-16.086137,0.061071,-127.896038,-106.104742,13.126511,4.828203,8.300000,1.150651,0.000000,0.000000,59.812959,-51.808337,44.872961,26.130000,-6.379074,-7.701131,1.200000,0.000000,0.000000,-129.635957,-128.099998,-107.269403,13.075153,4.783262,6.412519,1.144477,0.000000,0.000000,0.000000,76.087701,150.977702,13.003489,169.566198,-11.207277,-16.001131,0.049349,19.535651,nan,nan,nan,0,nan,nan,nan,0,nan,nan,nan,nan,nan,nan,nan,nan,nan,nan,nan,nan,nan,nan,nan,nan,nan,nan,nan,nan,nan,nan,nan,nan,nan,nan,nan,nan,nan,nan,nan,nan,nan,nan,nan,nan,nan,nan,nan,nan,nan,nan,nan,nan,nan,nan,nan,nan,nan,nan,nan,nan,nan,nan,nan,nan,nan,nan,nan,nan,nan,nan,nan,nan,nan,nan,nan,nan,nan,nan,nan,nan,nan,nan,nan,nan,nan,nan,nan,nan
17.900,APPROACH,168.608403,75.531562,150.181911,13.006544,-11.122780,-15.915824,0.061102,-127.656441,-105.695992,13.183456,4.791931,8.175000,1.138898,0.000000,0.000000,59.622495,-52.124879,44.485919,26.190000,-6.330849,-7.740824,1.200000,0.000000,0.000000,-129.278089,-127.811955,-106.885436,13.143822,4.818136,6.386358,1.144477,0.000000,0.000000,0.000000,75.531562,150.181911,13.006544,168.608403,-11.122780,-15.915824,0.061102,19.417348,nan,nan,nan,0,nan,nan,nan,0,nan,nan,nan,nan,nan,nan,nan,nan,nan,nan,nan,nan,nan,nan,nan,nan,nan,nan,nan,nan,nan,nan,nan,nan,nan,nan,nan,nan,nan,nan,nan,nan,nan,nan,nan,nan,nan,nan,nan,nan,nan,nan,nan,nan,nan,nan,nan,nan,nan,nan,nan,nan,nan,nan,nan,nan,nan,nan,nan,nan,nan,nan,nan,nan,nan,nan,nan,nan,nan,nan,nan,nan,nan,nan,nan,nan,nan,nan,nan,nan
17.940,APPROACH,168.608403,75.531562,150.181911,13.006544,-11.122780,-15.915824,0.061102,-127.412115,-105.293492,13.240987,4.886516,8.050000,1.150621,0.000000,0.000000,58.741386,-52.438998,44.096909,26.250000,-6.282377,-7.780215,1.200000,0.000000,0.000000,-128.920221,-127.618766,-106.630332,13.189601,4.841306,6.368812,1.144477,0.000000,0.000000,0.000000,74.973118,149.390401,13.009013,167.653495,-11.168893,-15.830215,0.049379,19.373753,nan,nan,nan,0,nan,nan,nan,0,nan,nan,nan,nan,nan,nan,nan,nan,nan,nan,nan,nan,nan,nan,nan,nan,nan,nan,nan,nan,nan,nan,nan,nan,nan,nan,nan,nan,nan,nan,nan,nan,nan,nan,nan,nan,nan,nan,nan,nan,nan,nan,nan,nan,nan,nan,nan,nan,nan,nan,nan,nan,nan,nan,nan,nan,nan,nan,nan,nan,nan,nan,nan,nan,nan,nan,nan,nan,nan,nan,nan,nan,nan,nan,nan,nan,nan,nan,nan,nan
18.000,APPROACH,166.704539,74.418966,148.603185,13.012069,-11.083028,-15.744302,0.061131,-127.169647,-104.897242,13.297931,4.849368,7.925000,1.138869,0.000000,0.000000,58.537217,-52.750681,43.705944,26.310000,-6.233660,-7.819302,1.200000,0.000000,0.000000,-128.562354,-127.327248,-106.248997,13.258269,4.875940,6.342335,1.144477,0.000000,0.000000,0.000000,74.418966,148.603185,13.012069,166.704539,-11.083028,-15.744302,0.061131,19.254098,nan,nan,nan,0,nan,nan,nan,0,nan,nan,nan,nan,nan,nan,nan,nan,nan,nan,nan,nan,nan,nan,nan,nan,nan,nan,nan,nan,nan,nan,nan,nan,nan,nan,nan,nan,nan,nan,nan,nan,nan,nan,nan,nan,nan,nan,nan,nan,nan,nan,nan,nan,nan,nan,nan,nan,nan,nan,nan,nan,nan,nan,nan,nan,nan,nan,nan,nan,nan,nan,nan,nan,nan,nan,nan,nan,nan,nan,nan,nan,nan,nan,nan,nan,nan,nan,nan,nan
18.040,APPROACH,166.704539,74.418966,148.603185,13.012069,-11.083028,-15.744302,0.061131,-126.922426,-104.507242,13.355461,4.944426,7.800000,1.150594,0.000000,0.000000,57.629358,-53.059916,43.313039,26.370000,-6.184699,-7.858085,1.200000,0.000000,0.000000,-128.204486,-127.131750,-105.995659,13.304048,4.898950,6.324579,1.144477,0.000000,0.000000,0.000000,73.862510,147.820281,13.014539,165.758511,-11.129125,-15.658085,0.049406,19.210296,nan,nan,nan,0,nan,nan,nan,0,nan,nan,nan,nan,nan,nan,nan,nan,nan,nan,nan,nan,nan,nan,nan,nan,nan,nan,nan,nan,nan,nan,nan,nan,nan,nan,nan,nan,nan,nan,nan,nan,nan,nan,nan,nan,nan,nan,nan,nan,nan,nan,nan,nan,nan,nan,nan,nan,nan,nan,nan,nan,nan,nan,nan,nan,nan,nan,nan,nan,nan,nan,nan,nan,nan,nan,nan,nan,nan,nan,nan,nan,nan,nan,nan,nan,nan,nan,nan,nan
18.100,APPROACH,164.818498,73.310415,147.041703,13.017597,-11.041903,-15.571561,0.061156,-126.677105,-104.123492,13.412403,4.906406,7.675000,1.138844,0.000000,0.000000,57.410394,-53.366691,42.918211,26.430000,-6.135498,-7.896561,1.200000,0.000000,0.000000,-127.846618,-126.836780,-105.616987,13.372717,4.933342,6.297788,1.144477,0.000000,0.000000,0.000000,73.310415,147.041703,13.017597,164.818498,-11.041903,-15.571561,0.061156,19.089287,nan,nan,nan,0,nan,nan,nan,0,nan,nan,nan,nan,nan,nan,nan,nan,nan,nan,nan,nan,nan,nan,nan,nan,nan,nan,nan,nan,nan,nan,nan,nan,nan,nan,nan,nan,nan,nan,nan,nan,nan,nan,nan,nan,nan,nan,nan,nan,nan,nan,nan,nan,nan,nan,nan,nan,nan,nan,nan,nan,nan,nan,nan,nan,nan,nan,nan,nan,nan,nan,nan,nan,nan,nan,nan,nan,nan,nan,nan,nan,nan,nan,nan,nan,nan,nan,nan,nan
18.140,APPROACH,164.818498,73.310415,147.041703,13.017597,-11.041903,-15.571561,0.061156,-126.427009,-103.745992,13.469931,5.001928,7.550000,1.150570,0.000000,0.000000,56.475245,-53.670993,42.521475,26.490000,-6.086057,-7.934728,1.200000,0.000000,0.000000,-127.488751,-126.638990,-105.365434,13.418496,4.956189,6.279824,1.144477,0.000000,0.000000,0.000000,72.756016,146.267467,13.020069,163.881457,-11.087985,-15.484728,0.049430,19.045279,nan,nan,nan,0,nan,nan,nan,0,nan,nan,nan,nan,nan,nan,nan,nan,nan,nan,nan,nan,nan,nan,nan,nan,nan,nan,nan,nan,nan,nan,nan,nan,nan,nan,nan,nan,nan,nan,nan,nan,nan,nan,nan,nan,nan,nan,nan,nan,nan,nan,nan,nan,nan,nan,nan,nan,nan,nan,nan,nan,nan,nan,nan,nan,nan,nan,nan,nan,nan,nan,nan,nan,nan,nan,nan,nan,nan,nan,nan,nan,nan,nan,nan,nan,nan,nan,nan,nan
18.200,APPROACH,162.950491,72.206045,145.497587,13.023128,-10.999417,-15.397587,0.061179,-126.178857,-103.374742,13.526872,4.963038,7.425000,1.138821,0.000000,0.000000,56.240334,-53.972812,42.122846,26.550000,-6.036378,-7.972587,1.200000,0.000000,0.000000,-127.130883,-126.340593,-104.989457,13.487165,4.990337,6.252722,1.144477,0.000000,0.000000,0.000000,72.206045,145.497587,13.023128,162.950491,-10.999417,-15.397587,0.061179,18.922912,nan,nan,nan,0,nan,nan,nan,0,nan,nan,nan,nan,nan,nan,nan,nan,nan,nan,nan,nan,nan,nan,nan,nan,nan,nan,nan,nan,nan,nan,nan,nan,nan,nan,nan,nan,nan,nan,nan,nan,nan,nan,nan,nan,nan,nan,nan,nan,nan,nan,nan,nan,nan,nan,nan,nan,nan,nan,nan,nan,nan,nan,nan,nan,nan,nan,nan,nan,nan,nan,nan,nan,nan,nan,nan,nan,nan,nan,nan,nan,nan,nan,nan,nan,nan,nan,nan,nan
18.240,APPROACH,162.950491,72.206045,145.497587,13.023128,-10.999417,-15.397587,0.061179,-125.925906,-103.009742,13.584400,5.059018,7.300000,1.150548,0.000000,0.000000,55.277415,-54.272136,41.722339,26.610000,-5.986464,-8.010134,1.200000,0.000000,0.000000,-126.773015,-126.140526,-104.739711,13.532944,5.013020,6.234551,1.144477,0.000000,0.000000,0.000000,71.653771,144.732081,13.025600,162.022542,-11.045482,-15.310134,0.049452,18.878700,nan,nan,nan,0,nan,nan,nan,0,nan,nan,nan,nan,nan,nan,nan,nan,nan,nan,nan,nan,nan,nan,nan,nan,nan,nan,nan,nan,nan,nan,nan,nan,nan,nan,nan,nan,nan,nan,nan,nan,nan,nan,nan,nan,nan,nan,nan,nan,nan,nan,nan,nan,nan,nan,nan,nan,nan,nan,nan,nan,nan,nan,nan,nan,nan,nan,nan,nan,nan,nan,nan,nan,nan,nan,nan,nan,nan,nan,nan,nan,nan,nan,nan,nan,nan,nan,nan,nan
18.300,APPROACH,161.100732,71.105992,143.970962,13.028660,-10.955578,-15.222369,0.061200,-125.674943,-102.650992,13.641340,5.019262,7.175000,1.138800,0.000000,0.000000,55.025338,-54.568951,41.319970,26.670000,-5.936317,-8.047369,1.200000,0.000000,0.000000,-126.415148,-125.838727,-104.366459,13.601612,5.046921,6.207140,1.144477,0.000000,0.000000,0.000000,71.105992,143.970962,13.028660,161.100732,-10.955578,-15.222369,0.061200,18.754972,nan,nan,nan,0,nan,nan,nan,0,nan,nan,nan,nan,nan,nan,nan,nan,nan,nan,nan,nan,nan,nan,nan,nan,nan,nan,nan,nan,nan,nan,nan,nan,nan,nan,nan,nan,nan,nan,nan,nan,nan,nan,nan,nan,nan,nan,nan,nan,nan,nan,nan,nan,nan,nan,nan,nan,nan,nan,nan,nan,nan,nan,nan,nan,nan,nan,nan,nan,nan,nan,nan,nan,nan,nan,nan,nan,nan,nan,nan,nan,nan,nan,nan,nan,nan,nan,nan,nan
18.340,APPROACH,161.100732,71.105992,143.970962,13.028660,-10.955578,-15.222369,0.061200,-125.419159,-102.298492,13.698866,5.115690,7.050000,1.150529,0.000000,0.000000,54.034242,-54.863248,40.915756,26.730000,-5.885938,-8.084290,1.200000,0.000000,0.000000,-126.057281,-125.636399,-104.118541,13.647391,5.069438,6.188764,1.144477,0.000000,0.000000,0.000000,70.555910,143.214248,13.031134,160.181983,-11.001628,-15.134290,0.049471,18.710558,nan,nan,nan,0,nan,nan,nan,0,nan,nan,nan,nan,nan,nan,nan,nan,nan,nan,nan,nan,nan,nan,nan,nan,nan,nan,nan,nan,nan,nan,nan,nan,nan,nan,nan,nan,nan,nan,nan,nan,nan,nan,nan,nan,nan,nan,nan,nan,nan,nan,nan,nan,nan,nan,nan,nan,nan,nan,nan,nan,nan,nan,nan,nan,nan,nan,nan,nan,nan,nan,nan,nan,nan,nan,nan,nan,nan,nan,nan,nan,nan,nan,nan,nan,nan,nan,nan,nan
18.400,APPROACH,159.269435,70.010390,142.461953,13.034195,-10.910400,-15.045895,0.061219,-125.165405,-101.952242,13.755805,5.075071,6.925000,1.138781,0.000000,0.000000,53.763718,-55.155015,40.509711,26.790000,-5.835329,-8.120895,1.200000,0.000000,0.000000,-125.699413,-125.331223,-103.748046,13.716060,5.103088,6.161047,1.144477,0.000000,0.000000,0.000000,70.010390,142.461953,13.034195,159.269435,-10.910400,-15.045895,0.061219,18.585466,nan,nan,nan,0,nan,nan,nan,0,nan,nan,nan,nan,nan,nan,nan,nan,nan,nan,nan,nan,nan,nan,nan,nan,nan,nan,nan,nan,nan,nan,nan,nan,nan,nan,nan,nan,nan,nan,nan,nan,nan,nan,nan,nan,nan,nan,nan,nan,nan,nan,nan,nan,nan,nan,nan,nan,nan,nan,nan,nan,nan,nan,nan,nan,nan,nan,nan,nan,nan,nan,nan,nan,nan,nan,nan,nan,nan,nan,nan,nan,nan,nan,nan,nan,nan,nan,nan,nan
18.440,APPROACH,159.269435,70.010390,142.461953,13.034195,-10.910400,-15.045895,0.061219,-124.906808,-101.612242,13.813331,5.171941,6.800000,1.150511,0.000000,0.000000,52.744126,-55.444239,40.101852,26.850000,-5.784493,-8.157184,1.200000,0.000000,0.000000,-125.341546,-125.126652,-103.501975,13.761839,5.125437,6.142467,1.144477,0.000000,0.000000,0.000000,69.462569,141.714094,13.036669,158.359994,-10.956433,-14.957184,0.049489,18.540853,nan,nan,nan,0,nan,nan,nan,0,nan,nan,nan,nan,nan,nan,nan,nan,nan,nan,nan,nan,nan,nan,nan,nan,nan,nan,nan,nan,nan,nan,nan,nan,nan,nan,nan,nan,nan,nan,nan,nan,nan,nan,nan,nan,nan,nan,nan,nan,nan,nan,nan,nan,nan,nan,nan,nan,nan,nan,nan,nan,nan,nan,nan,nan,nan,nan,nan,nan,nan,nan,nan,nan,nan,nan,nan,nan,nan,nan,nan,nan,nan,nan,nan,nan,nan,nan,nan,nan
18.500,APPROACH,157.456816,68.919374,140.970686,13.039731,-10.863892,-14.868154,0.061236,-124.650285,-101.278492,13.870269,5.130462,6.675000,1.138764,0.000000,0.000000,52.453814,-55.730911,39.692194,26.910000,-5.733431,-8.193154,1.200000,0.000000,0.000000,-124.983678,-124.818123,-103.134267,13.830508,5.158834,6.114445,1.144477,0.000000,0.000000,0.000000,68.919374,140.970686,13.039731,157.456816,-10.863892,-14.868154,0.061236,18.414394,nan,nan,nan,0,nan,nan,nan,0,nan,nan,nan,nan,nan,nan,nan,nan,nan,nan,nan,nan,nan,nan,nan,nan,nan,nan,nan,nan,nan,nan,nan,nan,nan,nan,nan,nan,nan,nan,nan,nan,nan,nan,nan,nan,nan,nan,nan,nan,nan,nan,nan,nan,nan,nan,nan,nan,nan,nan,nan,nan,nan,nan,nan,nan,nan,nan,nan,nan,nan,nan,nan,nan,nan,nan,nan,nan,nan,nan,nan,nan,nan,nan,nan,nan,nan,nan,nan,nan
18.540,APPROACH,157.456816,68.919374,140.970686,13.039731,-10.863892,-14.868154,0.061236,-124.388897,-100.950992,13.927794,5.227764,6.550000,1.150495,0.000000,0.000000,51.405515,-56.015018,39.280754,26.970000,-5.682145,-8.228805,1.200000,0.000000,0.000000,-124.625811,-124.611326,-102.890065,13.876287,5.181013,6.095662,1.144477,0.000000,0.000000,0.000000,68.373879,140.231746,13.042206,156.556791,-10.909909,-14.778805,0.049505,18.369585,nan,nan,nan,0,nan,nan,nan,0,nan,nan,nan,nan,nan,nan,nan,nan,nan,nan,nan,nan,nan,nan,nan,nan,nan,nan,nan,nan,nan,nan,nan,nan,nan,nan,nan,nan,nan,nan,nan,nan,nan,nan,nan,nan,nan,nan,nan,nan,nan,nan,nan,nan,nan,nan,nan,nan,nan,nan,nan,nan,nan,nan,nan,nan,nan,nan,nan,nan,nan,nan,nan,nan,nan,nan,nan,nan,nan,nan,nan,nan,nan,nan,nan,nan,nan,nan,nan,nan
18.600,APPROACH,155.663094,67.833075,139.497289,13.045269,-10.816067,-14.689135,0.061251,-124.129625,-100.629742,13.984731,5.185429,6.425000,1.138749,0.000000,0.000000,51.094018,-56.296550,38.867547,27.030000,-5.630638,-8.264135,1.200000,0.000000,0.000000,-124.267944,-124.299470,-102.525174,13.944955,5.214154,6.067338,1.144477,0.000000,0.000000,0.000000,67.833075,139.497289,13.045269,155.663094,-10.816067,-14.689135,0.061251,18.241758,nan,nan,nan,0,nan,nan,nan,0,nan,nan,nan,nan,nan,nan,nan,nan,nan,nan,nan,nan,nan,nan,nan,nan,nan,nan,nan,nan,nan,nan,nan,nan,nan,nan,nan,nan,nan,nan,nan,nan,nan,nan,nan,nan,nan,nan,nan,nan,nan,nan,nan,nan,nan,nan,nan,nan,nan,nan,nan,nan,nan,nan,nan,nan,nan,nan,nan,nan,nan,nan,nan,nan,nan,nan,nan,nan,nan,nan,nan,nan,nan,nan,nan,nan,nan,nan,nan,nan
18.640,APPROACH,155.663094,67.833075,139.497289,13.045269,-10.816067,-14.689135,0.061251,-123.865467,-100.314742,14.042255,5.283156,6.300000,1.150480,0.000000,0.000000,50.016929,-56.575496,38.452590,27.090000,-5.578911,-8.299142,1.200000,0.000000,0.000000,-123.910076,-124.090464,-102.282860,13.990735,5.236162,6.048355,1.144477,0.000000,0.000000,0.000000,67.289972,138.767332,13.047745,154.772596,-10.862067,-14.599142,0.049520,18.196755,nan,nan,nan,0,nan,nan,nan,0,nan,nan,nan,nan,nan,nan,nan,nan,nan,nan,nan,nan,nan,nan,nan,nan,nan,nan,nan,nan,nan,nan,nan,nan,nan,nan,nan,nan,nan,nan,nan,nan,nan,nan,nan,nan,nan,nan,nan,nan,nan,nan,nan,nan,nan,nan,nan,nan,nan,nan,nan,nan,nan,nan,nan,nan,nan,nan,nan,nan,nan,nan,nan,nan,nan,nan,nan,nan,nan,nan,nan,nan,nan,nan,nan,nan,nan,nan,nan,nan
18.700,APPROACH,153.888488,66.751625,138.041891,13.050808,-10.766935,-14.508825,0.061265,-123.603469,-100.005992,14.099192,5.239969,6.175000,1.138735,0.000000,0.000000,49.682800,-56.851844,38.035899,27.150000,-5.526966,-8.333825,1.200000,0.000000,0.000000,-123.552209,-123.775307,-101.920816,14.059403,5.269045,6.019731,1.144477,0.000000,0.000000,0.000000,66.751625,138.041891,13.050808,153.888488,-10.766935,-14.508825,0.061265,18.067558,nan,nan,nan,0,nan,nan,nan,0,nan,nan,nan,nan,nan,nan,nan,nan,nan,nan,nan,nan,nan,nan,nan,nan,nan,nan,nan,nan,nan,nan,nan,nan,nan,nan,nan,nan,nan,nan,nan,nan,nan,nan,nan,nan,nan,nan,nan,nan,nan,nan,nan,nan,nan,nan,nan,nan,nan,nan,nan,nan,nan,nan,nan,nan,nan,nan,nan,nan,nan,nan,nan,nan,nan,nan,nan,nan,nan,nan,nan,nan,nan,nan,nan,nan,nan,nan,nan,nan
18.740,APPROACH,153.888488,66.751625,138.041891,13.050808,-10.766935,-14.508825,0.061265,-123.336563,-99.703492,14.156715,5.338113,6.050000,1.150467,0.000000,0.000000,48.576986,-57.125584,37.617490,27.210000,-5.474806,-8.368184,1.200000,0.000000,0.000000,-123.194342,-123.564108,-101.680410,14.105182,5.290880,6.000549,1.144477,0.000000,0.000000,0.000000,66.210979,137.320982,13.053285,153.007627,-10.812919,-14.418184,0.049533,18.022366,nan,nan,nan,0,nan,nan,nan,0,nan,nan,nan,nan,nan,nan,nan,nan,nan,nan,nan,nan,nan,nan,nan,nan,nan,nan,nan,nan,nan,nan,nan,nan,nan,nan,nan,nan,nan,nan,nan,nan,nan,nan,nan,nan,nan,nan,nan,nan,nan,nan,nan,nan,nan,nan,nan,nan,nan,nan,nan,nan,nan,nan,nan,nan,nan,nan,nan,nan,nan,nan,nan,nan,nan,nan,nan,nan,nan,nan,nan,nan,nan,nan,nan,nan,nan,nan,nan,nan
18.800,APPROACH,152.133220,65.675154,136.604621,13.056348,-10.716508,-14.327216,0.061277,-123.071860,-99.407242,14.213652,5.294076,5.925000,1.138723,0.000000,0.000000,48.218737,-57.396706,37.197379,27.270000,-5.422432,-8.402216,1.200000,0.000000,0.000000,-122.836475,-123.245676,-101.321244,14.173851,5.323501,5.971628,1.144477,0.000000,0.000000,0.000000,65.675154,136.604621,13.056348,152.133220,-10.716508,-14.327216,0.061277,17.891797,nan,nan,nan,0,nan,nan,nan,0,nan,nan,nan,nan,nan,nan,nan,nan,nan,nan,nan,nan,nan,nan,nan,nan,nan,nan,nan,nan,nan,nan,nan,nan,nan,nan,nan,nan,nan,nan,nan,nan,nan,nan,nan,nan,nan,nan,nan,nan,nan,nan,nan,nan,nan,nan,nan,nan,nan,nan,nan,nan,nan,nan,nan,nan,nan,nan,nan,nan,nan,nan,nan,nan,nan,nan,nan,nan,nan,nan,nan,nan,nan,nan,nan,nan,nan,nan,nan,nan
18.840,APPROACH,152.133220,65.675154,136.604621,13.056348,-10.716508,-14.327216,0.061277,-122.802228,-99.117242,14.271174,5.392629,5.800000,1.150455,0.000000,0.000000,47.084437,-57.665198,36.775583,27.330000,-5.369847,-8.435920,1.200000,0.000000,0.000000,-122.478608,-123.032302,-101.082766,14.219630,5.345160,5.952248,1.144477,0.000000,0.000000,0.000000,65.137030,135.892825,13.058826,151.262108,-10.762476,-14.235920,0.049545,17.846421,nan,nan,nan,0,nan,nan,nan,0,nan,nan,nan,nan,nan,nan,nan,nan,nan,nan,nan,nan,nan,nan,nan,nan,nan,nan,nan,nan,nan,nan,nan,nan,nan,nan,nan,nan,nan,nan,nan,nan,nan,nan,nan,nan,nan,nan,nan,nan,nan,nan,nan,nan,nan,nan,nan,nan,nan,nan,nan,nan,nan,nan,nan,nan,nan,nan,nan,nan,nan,nan,nan,nan,nan,nan,nan,nan,nan,nan,nan,nan,nan,nan,nan,nan,nan,nan,nan,nan
18.900,APPROACH,150.397513,64.603790,135.185610,13.061890,-10.664798,-14.144295,0.061288,-122.534841,-98.833492,14.328110,5.347747,5.675000,1.138712,0.000000,0.000000,46.700550,-57.931051,36.352118,27.390000,-5.317052,-8.469295,1.200000,0.000000,0.000000,-122.120740,-122.710621,-100.726507,14.288299,5.377517,5.923032,1.144477,0.000000,0.000000,0.000000,64.603790,135.185610,13.061890,150.397513,-10.664798,-14.144295,0.061288,17.714479,nan,nan,nan,0,nan,nan,nan,0,nan,nan,nan,nan,nan,nan,nan,nan,nan,nan,nan,nan,nan,nan,nan,nan,nan,nan,nan,nan,nan,nan,nan,nan,nan,nan,nan,nan,nan,nan,nan,nan,nan,nan,nan,nan,nan,nan,nan,nan,nan,nan,nan,nan,nan,nan,nan,nan,nan,nan,nan,nan,nan,nan,nan,nan,nan,nan,nan,nan,nan,nan,nan,nan,nan,nan,nan,nan,nan,nan,nan,nan,nan,nan,nan,nan,nan,nan,nan,nan
18.940,APPROACH,150.397513,64.603790,135.185610,13.061890,-10.664798,-14.144295,0.061288,-122.262506,-98.555992,14.385632,5.446700,5.550000,1.150445,0.000000,0.000000,45.538203,-58.194253,35.927001,27.450000,-5.264050,-8.502340,1.200000,0.000000,0.000000,-121.762873,-122.495091,-100.489977,14.334078,5.399000,5.903456,1.144477,0.000000,0.000000,0.000000,64.068253,134.482993,13.064368,149.536264,-10.710750,-14.052340,0.049555,17.668924,nan,nan,nan,0,nan,nan,nan,0,nan,nan,nan,nan,nan,nan,nan,nan,nan,nan,nan,nan,nan,nan,nan,nan,nan,nan,nan,nan,nan,nan,nan,nan,nan,nan,nan,nan,nan,nan,nan,nan,nan,nan,nan,nan,nan,nan,nan,nan,nan,nan,nan,nan,nan,nan,nan,nan,nan,nan,nan,nan,nan,nan,nan,nan,nan,nan,nan,nan,nan,nan,nan,nan,nan,nan,nan,nan,nan,nan,nan,nan,nan,nan,nan,nan,nan,nan,nan,nan
19.000,APPROACH,148.681592,63.537662,133.784990,13.067433,-10.611818,-13.960053,0.061298,-121.992457,-98.284742,14.442567,5.400976,5.425000,1.138702,0.000000,0.000000,45.127145,-58.454795,35.500249,27.510000,-5.210842,-8.535053,1.200000,0.000000,0.000000,-121.405006,-122.170187,-100.136654,14.402746,5.431090,5.873947,1.144477,0.000000,0.000000,0.000000,63.537662,133.784990,13.067433,148.681592,-10.611818,-13.960053,0.061298,17.535607,nan,nan,nan,0,nan,nan,nan,0,nan,nan,nan,nan,nan,nan,nan,nan,nan,nan,nan,nan,nan,nan,nan,nan,nan,nan,nan,nan,nan,nan,nan,nan,nan,nan,nan,nan,nan,nan,nan,nan,nan,nan,nan,nan,nan,nan,nan,nan,nan,nan,nan,nan,nan,nan,nan,nan,nan,nan,nan,nan,nan,nan,nan,nan,nan,nan,nan,nan,nan,nan,nan,nan,nan,nan,nan,nan,nan,nan,nan,nan,nan,nan,nan,nan,nan,nan,nan,nan
19.040,APPROACH,148.681592,63.537662,133.784990,13.067433,-10.611818,-13.960053,0.061298,-121.717441,-98.019742,14.500089,5.500322,5.300000,1.150435,0.000000,0.000000,43.937411,-58.712667,35.071877,27.570000,-5.157431,-8.567433,1.200000,0.000000,0.000000,-121.047139,-121.952517,-99.902091,14.448525,5.452394,5.854178,1.144477,0.000000,0.000000,0.000000,63.004774,133.091619,13.069911,147.830319,-10.657754,-13.867433,0.049565,17.489879,nan,nan,nan,0,nan,nan,nan,0,nan,nan,nan,nan,nan,nan,nan,nan,nan,nan,nan,nan,nan,nan,nan,nan,nan,nan,nan,nan,nan,nan,nan,nan,nan,nan,nan,nan,nan,nan,nan,nan,nan,nan,nan,nan,nan,nan,nan,nan,nan,nan,nan,nan,nan,nan,nan,nan,nan,nan,nan,nan,nan,nan,nan,nan,nan,nan,nan,nan,nan,nan,nan,nan,nan,nan,nan,nan,nan,nan,nan,nan,nan,nan,nan,nan,nan,nan,nan,nan
19.100,APPROACH,146.985685,62.476895,132.402895,13.072976,-10.557579,-13.774478,0.061308,-121.444753,-97.760992,14.557024,5.453760,5.175000,1.138692,0.000000,0.000000,43.497651,-58.967858,34.641903,27.630000,-5.103819,-8.599478,1.200000,0.000000,0.000000,-120.689272,-121.624418,-99.551734,14.517194,5.484215,5.824378,1.144477,0.000000,0.000000,0.000000,62.476895,132.402895,13.072976,146.985685,-10.557579,-13.774478,0.061308,17.355186,nan,nan,nan,0,nan,nan,nan,0,nan,nan,nan,nan,nan,nan,nan,nan,nan,nan,nan,nan,nan,nan,nan,nan,nan,nan,nan,nan,nan,nan,nan,nan,nan,nan,nan,nan,nan,nan,nan,nan,nan,nan,nan,nan,nan,nan,nan,nan,nan,nan,nan,nan,nan,nan,nan,nan,nan,nan,nan,nan,nan,nan,nan,nan,nan,nan,nan,nan,nan,nan,nan,nan,nan,nan,nan,nan,nan,nan,nan,nan,nan,nan,nan,nan,nan,nan,nan,nan
19.140,APPROACH,146.985685,62.476895,132.402895,13.072976,-10.557579,-13.774478,0.061308,-121.167078,-97.508492,14.614545,5.553491,5.050000,1.150426,0.000000,0.000000,42.281439,-59.220358,34.210344,27.690000,-5.050008,-8.631189,1.200000,0.000000,0.000000,-120.331405,-121.404627,-99.319157,14.562973,5.505339,5.804416,1.144477,0.000000,0.000000,0.000000,61.946720,131.718835,13.075455,146.144501,-10.603499,-13.681189,0.049574,17.309291,nan,nan,nan,0,nan,nan,nan,0,nan,nan,nan,nan,nan,nan,nan,nan,nan,nan,nan,nan,nan,nan,nan,nan,nan,nan,nan,nan,nan,nan,nan,nan,nan,nan,nan,nan,nan,nan,nan,nan,nan,nan,nan,nan,nan,nan,nan,nan,nan,nan,nan,nan,nan,nan,nan,nan,nan,nan,nan,nan,nan,nan,nan,nan,nan,nan,nan,nan,nan,nan,nan,nan,nan,nan,nan,nan,nan,nan,nan,nan,nan,nan,nan,nan,nan,nan,nan,nan
19.200,APPROACH,145.310020,61.421615,131.039457,13.078521,-10.502094,-13.587562,0.061316,-120.891774,-97.262242,14.671479,5.506094,4.925000,1.138684,0.000000,0.000000,41.811471,-59.470158,33.777215,27.750000,-4.996000,-8.662562,1.200000,0.000000,0.000000,-119.973538,-121.073359,-98.971794,14.631642,5.536888,5.774328,1.144477,0.000000,0.000000,0.000000,61.421615,131.039457,13.078521,145.310020,-10.502094,-13.587562,0.061316,17.173223,nan,nan,nan,0,nan,nan,nan,0,nan,nan,nan,nan,nan,nan,nan,nan,nan,nan,nan,nan,nan,nan,nan,nan,nan,nan,nan,nan,nan,nan,nan,nan,nan,nan,nan,nan,nan,nan,nan,nan,nan,nan,nan,nan,nan,nan,nan,nan,nan,nan,nan,nan,nan,nan,nan,nan,nan,nan,nan,nan,nan,nan,nan,nan,nan,nan,nan,nan,nan,nan,nan,nan,nan,nan,nan,nan,nan,nan,nan,nan,nan,nan,nan,nan,nan,nan,nan,nan
19.240,APPROACH,145.310020,61.421615,131.039457,13.078521,-10.502094,-13.587562,0.061316,-120.611464,-97.022242,14.729000,5.606201,4.800000,1.150419,0.000000,0.000000,40.569967,-59.717248,33.342536,27.810000,-4.941797,-8.693598,1.200000,0.000000,0.000000,-119.615671,-120.851464,-98.741224,14.677421,5.557830,5.754175,1.144477,0.000000,0.000000,0.000000,60.894216,130.364777,13.081000,144.479041,-10.547997,-13.493598,0.049581,17.127168,nan,nan,nan,0,nan,nan,nan,0,nan,nan,nan,nan,nan,nan,nan,nan,nan,nan,nan,nan,nan,nan,nan,nan,nan,nan,nan,nan,nan,nan,nan,nan,nan,nan,nan,nan,nan,nan,nan,nan,nan,nan,nan,nan,nan,nan,nan,nan,nan,nan,nan,nan,nan,nan,nan,nan,nan,nan,nan,nan,nan,nan,nan,nan,nan,nan,nan,nan,nan,nan,nan,nan,nan,nan,nan,nan,nan,nan,nan,nan,nan,nan,nan,nan,nan,nan,nan,nan
19.300,APPROACH,143.654827,60.371947,129.694813,13.084066,-10.445374,-13.399294,0.061323,-120.333565,-96.788492,14.785934,5.557974,4.675000,1.138677,0.000000,0.000000,40.068328,-59.961618,32.906321,27.870000,-4.887401,-8.724294,1.200000,0.000000,0.000000,-119.257804,-120.517056,-98.396884,14.746089,5.589104,5.723803,1.144477,0.000000,0.000000,0.000000,60.371947,129.694813,13.084066,143.654827,-10.445374,-13.399294,0.061323,16.989723,nan,nan,nan,0,nan,nan,nan,0,nan,nan,nan,nan,nan,nan,nan,nan,nan,nan,nan,nan,nan,nan,nan,nan,nan,nan,nan,nan,nan,nan,nan,nan,nan,nan,nan,nan,nan,nan,nan,nan,nan,nan,nan,nan,nan,nan,nan,nan,nan,nan,nan,nan,nan,nan,nan,nan,nan,nan,nan,nan,nan,nan,nan,nan,nan,nan,nan,nan,nan,nan,nan,nan,nan,nan,nan,nan,nan,nan,nan,nan,nan,nan,nan,nan,nan,nan,nan,nan
19.340,APPROACH,143.654827,60.371947,129.694813,13.084066,-10.445374,-13.399294,0.061323,-120.050642,-96.560992,14.843454,5.658448,4.550000,1.150412,0.000000,0.000000,38.803018,-60.203259,32.468588,27.930000,-4.832814,-8.754651,1.200000,0.000000,0.000000,-118.899937,-120.293076,-98.168338,14.791868,5.609862,5.703460,1.144477,0.000000,0.000000,0.000000,59.847384,129.029580,13.086546,142.834168,-10.491263,-13.304651,0.049588,16.943517,nan,nan,nan,0,nan,nan,nan,0,nan,nan,nan,nan,nan,nan,nan,nan,nan,nan,nan,nan,nan,nan,nan,nan,nan,nan,nan,nan,nan,nan,nan,nan,nan,nan,nan,nan,nan,nan,nan,nan,nan,nan,nan,nan,nan,nan,nan,nan,nan,nan,nan,nan,nan,nan,nan,nan,nan,nan,nan,nan,nan,nan,nan,nan,nan,nan,nan,nan,nan,nan,nan,nan,nan,nan,nan,nan,nan,nan,nan,nan,nan,nan,nan,nan,nan,nan,nan,nan
19.400,APPROACH,142.020337,59.328012,128.369097,13.089612,-10.387434,-13.209665,0.061330,-119.770173,-96.339742,14.900388,5.609395,4.425000,1.138670,0.000000,0.000000,38.268324,-60.442161,32.029355,27.990000,-4.778039,-8.784665,1.200000,0.000000,0.000000,-118.542070,-119.955554,-97.827049,14.860537,5.640859,5.672804,1.144477,0.000000,0.000000,0.000000,59.328012,128.369097,13.089612,142.020337,-10.387434,-13.209665,0.061330,16.804696,nan,nan,nan,0,nan,nan,nan,0,nan,nan,nan,nan,nan,nan,nan,nan,nan,nan,nan,nan,nan,nan,nan,nan,nan,nan,nan,nan,nan,nan,nan,nan,nan,nan,nan,nan,nan,nan,nan,nan,nan,nan,nan,nan,nan,nan,nan,nan,nan,nan,nan,nan,nan,nan,nan,nan,nan,nan,nan,nan,nan,nan,nan,nan,nan,nan,nan,nan,nan,nan,nan,nan,nan,nan,nan,nan,nan,nan,nan,nan,nan,nan,nan,nan,nan,nan,nan,nan
19.440,APPROACH,142.020337,59.328012,128.369097,13.089612,-10.387434,-13.209665,0.061330,-119.484661,-96.124742,14.957908,5.710229,4.300000,1.150405,0.000000,0.000000,36.981011,-60.678315,31.588638,28.050000,-4.723078,-8.814337,1.200000,0.000000,0.000000,-118.184203,-119.729507,-97.600548,14.906316,5.661431,5.652274,1.144477,0.000000,0.000000,0.000000,58.806347,127.713380,13.092092,141.210115,-10.433307,-13.114337,0.049595,16.758347,nan,nan,nan,0,nan,nan,nan,0,nan,nan,nan,nan,nan,nan,nan,nan,nan,nan,nan,nan,nan,nan,nan,nan,nan,nan,nan,nan,nan,nan,nan,nan,nan,nan,nan,nan,nan,nan,nan,nan,nan,nan,nan,nan,nan,nan,nan,nan,nan,nan,nan,nan,nan,nan,nan,nan,nan,nan,nan,nan,nan,nan,nan,nan,nan,nan,nan,nan,nan,nan,nan,nan,nan,nan,nan,nan,nan,nan,nan,nan,nan,nan,nan,nan,nan,nan,nan,nan
19.500,APPROACH,140.406783,58.289932,127.062447,13.095159,-10.328285,-13.018665,0.061336,-119.201644,-95.915992,15.014841,5.660354,4.175000,1.138664,0.000000,0.000000,36.411982,-60.911711,31.146455,28.110000,-4.667932,-8.843665,1.200000,0.000000,0.000000,-117.826336,-119.388899,-97.262338,14.974985,5.692149,5.621338,1.144477,0.000000,0.000000,0.000000,58.289932,127.062447,13.095159,140.406783,-10.328285,-13.018665,0.061336,16.618149,nan,nan,nan,0,nan,nan,nan,0,nan,nan,nan,nan,nan,nan,nan,nan,nan,nan,nan,nan,nan,nan,nan,nan,nan,nan,nan,nan,nan,nan,nan,nan,nan,nan,nan,nan,nan,nan,nan,nan,nan,nan,nan,nan,nan,nan,nan,nan,nan,nan,nan,nan,nan,nan,nan,nan,nan,nan,nan,nan,nan,nan,nan,nan,nan,nan,nan,nan,nan,nan,nan,nan,nan,nan,nan,nan,nan,nan,nan,nan,nan,nan,nan,nan,nan,nan,nan,nan
19.540,APPROACH,140.406783,58.289932,127.062447,13.095159,-10.328285,-13.018665,0.061336,-118.913567,-95.703275,15.072361,5.761539,4.254333,1.150399,0.000000,0.000000,36.442243,-61.142341,30.702823,28.170000,-4.612604,-8.872648,1.200000,0.000000,0.000000,-117.468469,-119.160805,-97.037899,15.020764,5.712533,5.600622,1.144477,0.000000,0.000000,0.000000,57.771225,126.406098,13.097639,139.597866,-10.374143,-13.126981,0.049601,16.731496,nan,nan,nan,0,nan,nan,nan,0,nan,nan,nan,nan,nan,nan,nan,nan,nan,nan,nan,nan,nan,nan,nan,nan,nan,nan,nan,nan,nan,nan,nan,nan,nan,nan,nan,nan,nan,nan,nan,nan,nan,nan,nan,nan,nan,nan,nan,nan,nan,nan,nan,nan,nan,nan,nan,nan,nan,nan,nan,nan,nan,nan,nan,nan,nan,nan,nan,nan,nan,nan,nan,nan,nan,nan,nan,nan,nan,nan,nan,nan,nan,nan,nan,nan,nan,nan,nan,nan
19.600,APPROACH,138.790575,57.257828,125.748703,13.100706,-10.267942,-13.147899,0.061341,-118.628024,-95.490944,15.129294,5.710845,4.246614,1.138659,0.000000,0.000000,36.634683,-61.370196,30.257758,28.230000,-4.557096,-8.901285,1.200000,0.000000,0.000000,-117.110602,-118.817139,-96.702797,15.089432,5.742969,5.569409,1.144477,0.000000,0.000000,0.000000,57.257828,125.748703,13.100706,138.790575,-10.267942,-13.147899,0.061341,16.682375,nan,nan,nan,0,nan,nan,nan,0,nan,nan,nan,nan,nan,nan,nan,nan,nan,nan,nan,nan,nan,nan,nan,nan,nan,nan,nan,nan,nan,nan,nan,nan,nan,nan,nan,nan,nan,nan,nan,nan,nan,nan,nan,nan,nan,nan,nan,nan,nan,nan,nan,nan,nan,nan,nan,nan,nan,nan,nan,nan,nan,nan,nan,nan,nan,nan,nan,nan,nan,nan,nan,nan,nan,nan,nan,nan,nan,nan,nan,nan,nan,nan,nan,nan,nan,nan,nan,nan
19.640,APPROACH,138.790575,57.257828,125.748703,13.100706,-10.267942,-13.147899,0.061341,-118.337406,-95.272889,15.186814,5.812374,4.361115,1.150394,0.000000,0.000000,36.881470,-61.595267,29.811280,28.290000,-4.501411,-8.929575,1.200000,0.000000,0.000000,-116.752736,-118.587017,-96.480439,15.135212,5.763164,5.548508,1.144477,0.000000,0.000000,0.000000,56.742139,125.084168,13.103186,137.976132,-10.313784,-13.290689,0.049606,16.823169,nan,nan,nan,0,nan,nan,nan,0,nan,nan,nan,nan,nan,nan,nan,nan,nan,nan,nan,nan,nan,nan,nan,nan,nan,nan,nan,nan,nan,nan,nan,nan,nan,nan,nan,nan,nan,nan,nan,nan,nan,nan,nan,nan,nan,nan,nan,nan,nan,nan,nan,nan,nan,nan,nan,nan,nan,nan,nan,nan,nan,nan,nan,nan,nan,nan,nan,nan,nan,nan,nan,nan,nan,nan,nan,nan,nan,nan,nan,nan,nan,nan,nan,nan,nan,nan,nan,nan
19.700,APPROACH,137.163764,56.231818,124.419078,13.106253,-10.206415,-13.301815,0.061346,-118.049362,-95.055674,15.243747,5.760866,4.344299,1.138654,0.000000,0.000000,37.020138,-61.817544,29.363404,28.350000,-4.445550,-8.957516,1.200000,0.000000,0.000000,-116.394869,-118.240321,-96.148472,15.203880,5.793315,5.517019,1.144477,0.000000,0.000000,0.000000,56.231818,124.419078,13.106253,137.163764,-10.206415,-13.301815,0.061346,16.766424,nan,nan,nan,0,nan,nan,nan,0,nan,nan,nan,nan,nan,nan,nan,nan,nan,nan,nan,nan,nan,nan,nan,nan,nan,nan,nan,nan,nan,nan,nan,nan,nan,nan,nan,nan,nan,nan,nan,nan,nan,nan,nan,nan,nan,nan,nan,nan,nan,nan,nan,nan,nan,nan,nan,nan,nan,nan,nan,nan,nan,nan,nan,nan,nan,nan,nan,nan,nan,nan,nan,nan,nan,nan,nan,nan,nan,nan,nan,nan,nan,nan,nan,nan,nan,nan,nan,nan
19.740,APPROACH,137.163764,56.231818,124.419078,13.106253,-10.206415,-13.301815,0.061346,-117.756226,-94.833229,15.301266,5.862729,4.448889,1.150390,0.000000,0.000000,37.192782,-62.037020,28.914148,28.410000,-4.389515,-8.985108,1.200000,0.000000,0.000000,-116.037002,-118.008188,-95.928213,15.249659,5.813320,5.495936,1.144477,0.000000,0.000000,0.000000,55.719206,123.747378,13.108734,136.344719,-10.252244,-13.433997,0.049610,16.899208,nan,nan,nan,0,nan,nan,nan,0,nan,nan,nan,nan,nan,nan,nan,nan,nan,nan,nan,nan,nan,nan,nan,nan,nan,nan,nan,nan,nan,nan,nan,nan,nan,nan,nan,nan,nan,nan,nan,nan,nan,nan,nan,nan,nan,nan,nan,nan,nan,nan,nan,nan,nan,nan,nan,nan,nan,nan,nan,nan,nan,nan,nan,nan,nan,nan,nan,nan,nan,nan,nan,nan,nan,nan,nan,nan,nan,nan,nan,nan,nan,nan,nan,nan,nan,nan,nan,nan
19.800,APPROACH,135.528148,55.212020,123.075555,13.111801,-10.143720,-13.436446,0.061351,-117.465705,-94.612024,15.358199,5.810411,4.424098,1.138649,0.000000,0.000000,37.285961,-62.253685,28.463531,28.470000,-4.333309,-9.012349,1.200000,0.000000,0.000000,-115.679135,-117.658492,-95.599409,15.318328,5.843183,5.464175,1.144477,0.000000,0.000000,0.000000,55.212020,123.075555,13.111801,135.528148,-10.143720,-13.436446,0.061351,16.835585,nan,nan,nan,0,nan,nan,nan,0,nan,nan,nan,nan,nan,nan,nan,nan,nan,nan,nan,nan,nan,nan,nan,nan,nan,nan,nan,nan,nan,nan,nan,nan,nan,nan,nan,nan,nan,nan,nan,nan,nan,nan,nan,nan,nan,nan,nan,nan,nan,nan,nan,nan,nan,nan,nan,nan,nan,nan,nan,nan,nan,nan,nan,nan,nan,nan,nan,nan,nan,nan,nan,nan,nan,nan,nan,nan,nan,nan,nan,nan,nan,nan,nan,nan,nan,nan,nan,nan
19.840,APPROACH,135.528148,55.212020,123.075555,13.111801,-10.143720,-13.436446,0.061351,-117.170075,-94.386033,15.415718,5.912600,4.519820,1.150385,0.000000,0.000000,37.395696,-62.467532,28.011569,28.530000,-4.276934,-9.039239,1.200000,0.000000,0.000000,-115.321268,-117.424369,-95.381267,15.364107,5.862996,5.442911,1.144477,0.000000,0.000000,0.000000,54.702543,122.397602,13.114282,134.705329,-10.189534,-13.559059,0.049615,16.961048,nan,nan,nan,0,nan,nan,nan,0,nan,nan,nan,nan,nan,nan,nan,nan,nan,nan,nan,nan,nan,nan,nan,nan,nan,nan,nan,nan,nan,nan,nan,nan,nan,nan,nan,nan,nan,nan,nan,nan,nan,nan,nan,nan,nan,nan,nan,nan,nan,nan,nan,nan,nan,nan,nan,nan,nan,nan,nan,nan,nan,nan,nan,nan,nan,nan,nan,nan,nan,nan,nan,nan,nan,nan,nan,nan,nan,nan,nan,nan,nan,nan,nan,nan,nan,nan,nan,nan
19.900,APPROACH,133.885223,54.198550,121.719912,13.116150,-10.079870,-13.553819,0.037355,-116.877102,-94.161631,15.472650,5.859477,4.488043,1.138645,0.000000,0.000000,37.450165,-62.678552,27.558280,28.588800,-4.220393,-9.065776,1.176000,0.000000,0.000000,-114.963401,-117.071701,-95.055652,15.432776,5.892570,5.410880,1.144477,0.000000,0.000000,0.000000,54.198550,121.719912,13.116150,133.885223,-10.079870,-13.553819,0.037355,16.891156,nan,nan,nan,0,nan,nan,nan,0,nan,nan,nan,nan,nan,nan,nan,nan,nan,nan,nan,nan,nan,nan,nan,nan,nan,nan,nan,nan,nan,nan,nan,nan,nan,nan,nan,nan,nan,nan,nan,nan,nan,nan,nan,nan,nan,nan,nan,nan,nan,nan,nan,nan,nan,nan,nan,nan,nan,nan,nan,nan,nan,nan,nan,nan,nan,nan,nan,nan,nan,nan,nan,nan,nan,nan,nan,nan,nan,nan,nan,nan,nan,nan,nan,nan,nan,nan,nan,nan
19.940,APPROACH,133.885223,54.198550,121.719912,13.116150,-10.079870,-13.553819,0.037355,-116.579002,-93.932840,15.530169,5.961984,4.575820,1.150381,0.000000,0.000000,37.506222,-62.886736,27.103682,28.645248,-4.163686,-9.091959,1.128960,0.000000,0.000000,-114.605535,-116.835605,-94.839645,15.478555,5.912188,5.389437,1.144477,0.000000,0.000000,0.000000,53.692266,121.036523,13.115079,133.059027,-10.125670,-13.667779,-0.021421,17.009933,nan,nan,nan,0,nan,nan,nan,0,nan,nan,nan,nan,nan,nan,nan,nan,nan,nan,nan,nan,nan,nan,nan,nan,nan,nan,nan,nan,nan,nan,nan,nan,nan,nan,nan,nan,nan,nan,nan,nan,nan,nan,nan,nan,nan,nan,nan,nan,nan,nan,nan,nan,nan,nan,nan,nan,nan,nan,nan,nan,nan,nan,nan,nan,nan,nan,nan,nan,nan,nan,nan,nan,nan,nan,nan,nan,nan,nan,nan,nan,nan,nan,nan,nan,nan,nan,nan,nan
20.000,APPROACH,132.235749,53.191522,120.353737,13.112337,-10.014877,-13.655721,-0.054840,-116.283599,-93.705944,15.587101,5.908060,4.537933,1.138641,0.000000,0.000000,37.527576,-63.092077,26.647793,28.699438,-4.106817,-9.117788,1.083802,0.000000,0.000000,-114.247668,-116.479995,-94.517247,15.547223,5.941470,5.357139,1.144477,0.000000,0.000000,0.000000,53.191522,120.353737,13.112337,132.235749,-10.014877,-13.655721,-0.054840,16.934565,nan,nan,nan,0,nan,nan,nan,0,nan,nan,nan,nan,nan,nan,nan,nan,nan,nan,nan,nan,nan,nan,nan,nan,nan,nan,nan,nan,nan,nan,nan,nan,nan,nan,nan,nan,nan,nan,nan,nan,nan,nan,nan,nan,nan,nan,nan,nan,nan,nan,nan,nan,nan,nan,nan,nan,nan,nan,nan,nan,nan,nan,nan,nan,nan,nan,nan,nan,nan,nan,nan,nan,nan,nan,nan,nan,nan,nan,nan,nan,nan,nan,nan,nan,nan,nan,nan,nan
20.040,APPROACH,132.235749,53.191522,120.353737,13.112337,-10.014877,-13.655721,-0.054840,-115.983056,-93.475015,15.644620,6.010876,4.618578,1.150378,0.000000,0.000000,37.537601,-63.294566,26.190630,28.751461,-4.049788,-9.143261,1.040450,0.000000,0.000000,-113.889801,-116.241947,-94.303394,15.593002,5.960893,5.335518,1.144477,0.000000,0.000000,0.000000,52.688489,119.665645,13.106840,131.406745,-10.060664,-13.761838,-0.109928,17.047499,nan,nan,nan,0,nan,nan,nan,0,nan,nan,nan,nan,nan,nan,nan,nan,nan,nan,nan,nan,nan,nan,nan,nan,nan,nan,nan,nan,nan,nan,nan,nan,nan,nan,nan,nan,nan,nan,nan,nan,nan,nan,nan,nan,nan,nan,nan,nan,nan,nan,nan,nan,nan,nan,nan,nan,nan,nan,nan,nan,nan,nan,nan,nan,nan,nan,nan,nan,nan,nan,nan,nan,nan,nan,nan,nan,nan,nan,nan,nan,nan,nan,nan,nan,nan,nan,nan,nan
20.100,APPROACH,130.580953,52.191051,118.978458,13.099850,-9.948756,-13.743733,-0.139807,-115.685248,-93.246247,15.701552,5.956155,4.575357,1.138638,0.000000,0.000000,37.530491,-63.494196,25.732211,28.801402,-3.992601,-9.168377,0.998832,0.000000,0.000000,-113.531934,-115.883423,-93.984239,15.661671,5.989880,5.302955,1.144477,0.000000,0.000000,0.000000,52.191051,118.978458,13.099850,130.580953,-9.948756,-13.743733,-0.139807,16.967248,nan,nan,nan,0,nan,nan,nan,0,nan,nan,nan,nan,nan,nan,nan,nan,nan,nan,nan,nan,nan,nan,nan,nan,nan,nan,nan,nan,nan,nan,nan,nan,nan,nan,nan,nan,nan,nan,nan,nan,nan,nan,nan,nan,nan,nan,nan,nan,nan,nan,nan,nan,nan,nan,nan,nan,nan,nan,nan,nan,nan,nan,nan,nan,nan,nan,nan,nan,nan,nan,nan,nan,nan,nan,nan,nan,nan,nan,nan,nan,nan,nan,nan,nan,nan,nan,nan,nan
20.140,APPROACH,130.580953,52.191051,118.978458,13.099850,-9.948756,-13.743733,-0.139807,-115.382284,-93.013768,15.759071,6.059272,4.649588,1.150375,0.000000,0.000000,37.500863,-63.690959,25.272554,28.849346,-3.935259,-9.193135,0.958878,0.000000,0.000000,-113.174068,-115.643443,-93.772557,15.707450,6.009106,5.281159,1.144477,0.000000,0.000000,0.000000,51.691325,118.286322,13.090275,129.749768,-9.994530,-13.842723,-0.191497,17.074785,nan,nan,nan,0,nan,nan,nan,0,nan,nan,nan,nan,nan,nan,nan,nan,nan,nan,nan,nan,nan,nan,nan,nan,nan,nan,nan,nan,nan,nan,nan,nan,nan,nan,nan,nan,nan,nan,nan,nan,nan,nan,nan,nan,nan,nan,nan,nan,nan,nan,nan,nan,nan,nan,nan,nan,nan,nan,nan,nan,nan,nan,nan,nan,nan,nan,nan,nan,nan,nan,nan,nan,nan,nan,nan,nan,nan,nan,nan,nan,nan,nan,nan,nan,nan,nan,nan,nan
20.200,APPROACH,128.922057,51.197249,117.595359,13.079370,-9.881521,-13.819253,-0.218112,-115.082096,-92.783682,15.816003,6.003759,4.601718,1.138635,0.000000,0.000000,37.469183,-63.884848,24.811678,28.895372,-3.877762,-9.217535,0.920523,0.000000,0.000000,-112.816201,-115.282035,-93.456671,15.776119,6.037796,5.248335,1.144477,0.000000,0.000000,0.000000,51.197249,117.595359,13.079370,128.922057,-9.881521,-13.819253,-0.218112,16.990109,nan,nan,nan,0,nan,nan,nan,0,nan,nan,nan,nan,nan,nan,nan,nan,nan,nan,nan,nan,nan,nan,nan,nan,nan,nan,nan,nan,nan,nan,nan,nan,nan,nan,nan,nan,nan,nan,nan,nan,nan,nan,nan,nan,nan,nan,nan,nan,nan,nan,nan,nan,nan,nan,nan,nan,nan,nan,nan,nan,nan,nan,nan,nan,nan,nan,nan,nan,nan,nan,nan,nan,nan,nan,nan,nan,nan,nan,nan,nan,nan,nan,nan,nan,nan,nan,nan,nan
20.240,APPROACH,128.922057,51.197249,117.595359,13.079370,-9.881521,-13.819253,-0.218112,-114.776738,-92.550173,15.873521,6.107168,4.670171,1.150372,0.000000,0.000000,37.405259,-64.075853,24.349599,28.939557,-3.820115,-9.241576,0.883702,0.000000,0.000000,-112.458334,-115.040142,-93.247177,15.821898,6.056823,5.226365,1.144477,0.000000,0.000000,0.000000,50.700885,116.899772,13.066036,128.089257,-9.927283,-13.911747,-0.266670,17.092652,nan,nan,nan,0,nan,nan,nan,0,nan,nan,nan,nan,nan,nan,nan,nan,nan,nan,nan,nan,nan,nan,nan,nan,nan,nan,nan,nan,nan,nan,nan,nan,nan,nan,nan,nan,nan,nan,nan,nan,nan,nan,nan,nan,nan,nan,nan,nan,nan,nan,nan,nan,nan,nan,nan,nan,nan,nan,nan,nan,nan,nan,nan,nan,nan,nan,nan,nan,nan,nan,nan,nan,nan,nan,nan,nan,nan,nan,nan,nan,nan,nan,nan,nan,nan,nan,nan,nan
20.300,APPROACH,127.260165,50.210225,116.205596,13.051522,-9.813186,-13.883514,-0.290278,-114.474195,-92.319260,15.930453,6.050868,4.618259,1.138633,0.000000,0.000000,37.352288,-64.263969,23.886336,28.981975,-3.762318,-9.265256,0.848354,0.000000,0.000000,-112.100468,-114.675880,-92.934587,15.890566,6.085214,5.193281,1.144477,0.000000,0.000000,0.000000,50.210225,116.205596,13.051522,127.260165,-9.813186,-13.883514,-0.290278,17.003966,nan,nan,nan,0,nan,nan,nan,0,nan,nan,nan,nan,nan,nan,nan,nan,nan,nan,nan,nan,nan,nan,nan,nan,nan,nan,nan,nan,nan,nan,nan,nan,nan,nan,nan,nan,nan,nan,nan,nan,nan,nan,nan,nan,nan,nan,nan,nan,nan,nan,nan,nan,nan,nan,nan,nan,nan,nan,nan,nan,nan,nan,nan,nan,nan,nan,nan,nan,nan,nan,nan,nan,nan,nan,nan,nan,nan,nan,nan,nan,nan,nan,nan,nan,nan,nan,nan,nan
20.340,APPROACH,127.260165,50.210225,116.205596,13.051522,-9.813186,-13.883514,-0.290278,-114.166466,-92.085185,15.987971,6.154560,4.681494,1.150370,0.000000,0.000000,37.258596,-64.449188,23.421907,29.022696,-3.704375,-9.288574,0.814420,0.000000,0.000000,-111.742601,-114.432095,-92.727298,15.936345,6.104041,5.171139,1.144477,0.000000,0.000000,0.000000,49.717279,115.507093,13.034725,126.426264,-9.858935,-13.970068,-0.335950,17.101879,nan,nan,nan,0,nan,nan,nan,0,nan,nan,nan,nan,nan,nan,nan,nan,nan,nan,nan,nan,nan,nan,nan,nan,nan,nan,nan,nan,nan,nan,nan,nan,nan,nan,nan,nan,nan,nan,nan,nan,nan,nan,nan,nan,nan,nan,nan,nan,nan,nan,nan,nan,nan,nan,nan,nan,nan,nan,nan,nan,nan,nan,nan,nan,nan,nan,nan,nan,nan,nan,nan,nan,nan,nan,nan,nan,nan,nan,nan,nan,nan,nan,nan,nan,nan,nan,nan,nan
20.400,APPROACH,125.596282,49.230090,114.810212,13.016885,-9.743764,-13.937606,-0.356787,-113.861593,-91.853882,16.044903,6.097477,4.626076,1.138630,0.000000,0.000000,37.187115,-64.631502,22.956331,29.061788,-3.646287,-9.311530,0.781843,0.000000,0.000000,-111.384734,-114.065009,-92.418029,16.005014,6.132130,5.137799,1.144477,0.000000,0.000000,0.000000,49.230090,114.810212,13.016885,125.596282,-9.743764,-13.937606,-0.356787,17.009559,nan,nan,nan,0,nan,nan,nan,0,nan,nan,nan,nan,nan,nan,nan,nan,nan,nan,nan,nan,nan,nan,nan,nan,nan,nan,nan,nan,nan,nan,nan,nan,nan,nan,nan,nan,nan,nan,nan,nan,nan,nan,nan,nan,nan,nan,nan,nan,nan,nan,nan,nan,nan,nan,nan,nan,nan,nan,nan,nan,nan,nan,nan,nan,nan,nan,nan,nan,nan,nan,nan,nan,nan,nan,nan,nan,nan,nan,nan,nan,nan,nan,nan,nan,nan,nan,nan,nan
20.440,APPROACH,125.596282,49.230090,114.810212,13.016885,-9.743764,-13.937606,-0.356787,-113.551520,-91.619652,16.102421,6.201445,4.684589,1.150367,0.000000,0.000000,37.067503,-64.810905,22.489625,29.099317,-3.588057,-9.334123,0.750569,0.000000,0.000000,-111.026868,-113.819351,-92.212963,16.050793,6.150755,5.115487,1.144477,0.000000,0.000000,0.000000,48.740615,114.109277,12.996895,124.761749,-9.789502,-14.018712,-0.399798,17.103172,nan,nan,nan,0,nan,nan,nan,0,nan,nan,nan,nan,nan,nan,nan,nan,nan,nan,nan,nan,nan,nan,nan,nan,nan,nan,nan,nan,nan,nan,nan,nan,nan,nan,nan,nan,nan,nan,nan,nan,nan,nan,nan,nan,nan,nan,nan,nan,nan,nan,nan,nan,nan,nan,nan,nan,nan,nan,nan,nan,nan,nan,nan,nan,nan,nan,nan,nan,nan,nan,nan,nan,nan,nan,nan,nan,nan,nan,nan,nan,nan,nan,nan,nan,nan,nan,nan,nan
20.500,APPROACH,123.931321,48.256952,113.410152,12.975991,-9.673271,-13.982493,-0.418081,-113.244341,-91.388345,16.159353,6.143584,4.626141,1.138628,0.000000,0.000000,36.979882,-64.987389,22.021807,29.135344,-3.529687,-9.356351,0.720547,0.000000,0.000000,-110.669001,-113.449471,-91.907041,16.119462,6.178541,5.081893,1.144477,0.000000,0.000000,0.000000,48.256952,113.410152,12.975991,123.931321,-9.673271,-13.982493,-0.418081,17.007559,nan,nan,nan,0,nan,nan,nan,0,nan,nan,nan,nan,nan,nan,nan,nan,nan,nan,nan,nan,nan,nan,nan,nan,nan,nan,nan,nan,nan,nan,nan,nan,nan,nan,nan,nan,nan,nan,nan,nan,nan,nan,nan,nan,nan,nan,nan,nan,nan,nan,nan,nan,nan,nan,nan,nan,nan,nan,nan,nan,nan,nan,nan,nan,nan,nan,nan,nan,nan,nan,nan,nan,nan,nan,nan,nan,nan,nan,nan,nan,nan,nan,nan,nan,nan,nan,nan,nan
20.540,APPROACH,123.931321,48.256952,113.410152,12.975991,-9.673271,-13.982493,-0.418081,-112.931950,-91.154327,16.216871,6.247818,4.680370,1.150365,0.000000,0.000000,36.837638,-65.160948,21.552896,29.169930,-3.471179,-9.378215,0.691725,0.000000,0.000000,-110.311134,-113.201961,-91.704215,16.165241,6.196962,5.059413,1.144477,0.000000,0.000000,0.000000,47.771002,112.707223,12.953059,123.096582,-9.718997,-14.058585,-0.458640,17.097165,nan,nan,nan,0,nan,nan,nan,0,nan,nan,nan,nan,nan,nan,nan,nan,nan,nan,nan,nan,nan,nan,nan,nan,nan,nan,nan,nan,nan,nan,nan,nan,nan,nan,nan,nan,nan,nan,nan,nan,nan,nan,nan,nan,nan,nan,nan,nan,nan,nan,nan,nan,nan,nan,nan,nan,nan,nan,nan,nan,nan,nan,nan,nan,nan,nan,nan,nan,nan,nan,nan,nan,nan,nan,nan,nan,nan,nan,nan,nan,nan,nan,nan,nan,nan,nan,nan,nan
20.600,APPROACH,122.266116,47.290916,112.006272,12.929331,-9.601720,-14.019024,-0.474570,-112.622491,-90.923361,16.273802,6.189184,4.619312,1.138626,0.000000,0.000000,36.735906,-65.331575,21.082911,29.203133,-3.412536,-9.399713,0.664056,0.000000,0.000000,-109.953268,-112.829318,-91.401664,16.233909,6.224441,5.025568,1.144477,0.000000,0.000000,0.000000,47.290916,112.006272,12.929331,122.266116,-9.601720,-14.019024,-0.474570,16.998567,nan,nan,nan,0,nan,nan,nan,0,nan,nan,nan,nan,nan,nan,nan,nan,nan,nan,nan,nan,nan,nan,nan,nan,nan,nan,nan,nan,nan,nan,nan,nan,nan,nan,nan,nan,nan,nan,nan,nan,nan,nan,nan,nan,nan,nan,nan,nan,nan,nan,nan,nan,nan,nan,nan,nan,nan,nan,nan,nan,nan,nan,nan,nan,nan,nan,nan,nan,nan,nan,nan,nan,nan,nan,nan,nan,nan,nan,nan,nan,nan,nan,nan,nan,nan,nan,nan,nan
20.640,APPROACH,122.266116,47.290916,112.006272,12.929331,-9.601720,-14.019024,-0.474570,-112.307807,-90.689879,16.331320,6.293676,4.669642,1.150363,0.000000,0.000000,36.573852,-65.499263,20.611868,29.235008,-3.353760,-9.420844,0.637494,0.000000,0.000000,-109.595401,-112.579976,-91.201094,16.279689,6.242658,5.002922,1.144477,0.000000,0.000000,0.000000,46.808544,111.301747,12.903687,121.431561,-9.647436,-14.090485,-0.512870,17.084432,nan,nan,nan,0,nan,nan,nan,0,nan,nan,nan,nan,nan,nan,nan,nan,nan,nan,nan,nan,nan,nan,nan,nan,nan,nan,nan,nan,nan,nan,nan,nan,nan,nan,nan,nan,nan,nan,nan,nan,nan,nan,nan,nan,nan,nan,nan,nan,nan,nan,nan,nan,nan,nan,nan,nan,nan,nan,nan,nan,nan,nan,nan,nan,nan,nan,nan,nan,nan,nan,nan,nan,nan,nan,nan,nan,nan,nan,nan,nan,nan,nan,nan,nan,nan,nan,nan,nan
20.700,APPROACH,120.601430,46.332088,110.599350,12.877356,-9.529125,-14.047953,-0.526630,-111.996094,-90.459562,16.388252,6.234273,4.606346,1.138624,0.000000,0.000000,36.459754,-65.664006,20.139788,29.265607,-3.294852,-9.441607,0.611994,0.000000,0.000000,-109.237534,-112.204600,-90.901941,16.348357,6.269828,4.968828,1.144477,0.000000,0.000000,0.000000,46.332088,110.599350,12.877356,120.601430,-9.529125,-14.047953,-0.526630,16.983126,nan,nan,nan,0,nan,nan,nan,0,nan,nan,nan,nan,nan,nan,nan,nan,nan,nan,nan,nan,nan,nan,nan,nan,nan,nan,nan,nan,nan,nan,nan,nan,nan,nan,nan,nan,nan,nan,nan,nan,nan,nan,nan,nan,nan,nan,nan,nan,nan,nan,nan,nan,nan,nan,nan,nan,nan,nan,nan,nan,nan,nan,nan,nan,nan,nan,nan,nan,nan,nan,nan,nan,nan,nan,nan,nan,nan,nan,nan,nan,nan,nan,nan,nan,nan,nan,nan,nan
20.740,APPROACH,120.601430,46.332088,110.599350,12.877356,-9.529125,-14.047953,-0.526630,-111.679143,-90.226906,16.445770,6.339015,4.653119,1.150362,0.000000,0.000000,36.280323,-65.825797,19.666688,29.294983,-3.235817,-9.462002,0.587514,0.000000,0.000000,-108.879668,-111.953447,-90.703644,16.394136,6.287838,4.946017,1.144477,0.000000,0.000000,0.000000,45.853346,109.893594,12.849213,119.767415,-9.574832,-14.115121,-0.562848,17.065487,nan,nan,nan,0,nan,nan,nan,0,nan,nan,nan,nan,nan,nan,nan,nan,nan,nan,nan,nan,nan,nan,nan,nan,nan,nan,nan,nan,nan,nan,nan,nan,nan,nan,nan,nan,nan,nan,nan,nan,nan,nan,nan,nan,nan,nan,nan,nan,nan,nan,nan,nan,nan,nan,nan,nan,nan,nan,nan,nan,nan,nan,nan,nan,nan,nan,nan,nan,nan,nan,nan,nan,nan,nan,nan,nan,nan,nan,nan,nan,nan,nan,nan,nan,nan,nan,nan,nan
20.800,APPROACH,118.937959,45.380571,109.190097,12.820483,-9.455503,-14.069944,-0.574609,-111.365200,-89.997510,16.502701,6.278848,4.587915,1.138623,0.000000,0.000000,36.155368,-65.984629,19.192587,29.323184,-3.176655,-9.482029,0.564014,0.000000,0.000000,-108.521801,-111.575369,-90.407912,16.462805,6.314698,4.911679,1.144477,0.000000,0.000000,0.000000,45.380571,109.190097,12.820483,118.937959,-9.455503,-14.069944,-0.574609,16.961722,nan,nan,nan,0,nan,nan,nan,0,nan,nan,nan,nan,nan,nan,nan,nan,nan,nan,nan,nan,nan,nan,nan,nan,nan,nan,nan,nan,nan,nan,nan,nan,nan,nan,nan,nan,nan,nan,nan,nan,nan,nan,nan,nan,nan,nan,nan,nan,nan,nan,nan,nan,nan,nan,nan,nan,nan,nan,nan,nan,nan,nan,nan,nan,nan,nan,nan,nan,nan,nan,nan,nan,nan,nan,nan,nan,nan,nan,nan,nan,nan,nan,nan,nan,nan,nan,nan,nan
20.840,APPROACH,118.937959,45.380571,109.190097,12.820483,-9.455503,-14.069944,-0.574609,-111.046009,-89.765938,16.560219,6.383831,4.631432,1.150360,0.000000,0.000000,35.960666,-66.140498,18.717502,29.350256,-3.117369,-9.501685,0.541453,0.000000,0.000000,-108.163934,-111.322425,-90.211904,16.508584,6.332500,4.888705,1.144477,0.000000,0.000000,0.000000,44.905511,108.483441,12.790038,118.104813,-9.501199,-14.133116,-0.608907,17.040790,nan,nan,nan,0,nan,nan,nan,0,nan,nan,nan,nan,nan,nan,nan,nan,nan,nan,nan,nan,nan,nan,nan,nan,nan,nan,nan,nan,nan,nan,nan,nan,nan,nan,nan,nan,nan,nan,nan,nan,nan,nan,nan,nan,nan,nan,nan,nan,nan,nan,nan,nan,nan,nan,nan,nan,nan,nan,nan,nan,nan,nan,nan,nan,nan,nan,nan,nan,nan,nan,nan,nan,nan,nan,nan,nan,nan,nan,nan,nan,nan,nan,nan,nan,nan,nan,nan,nan
20.900,APPROACH,117.276348,44.436468,107.779162,12.759096,-9.380866,-14.085583,-0.618826,-110.729864,-89.537708,16.617150,6.322905,4.564613,1.138621,0.000000,0.000000,35.826160,-66.293396,18.241454,29.376246,-3.057961,-9.520970,0.519795,0.000000,0.000000,-107.806068,-110.941678,-89.919619,16.577253,6.359047,4.854124,1.144477,0.000000,0.000000,0.000000,44.436468,107.779162,12.759096,117.276348,-9.380866,-14.085583,-0.618826,16.934794,nan,nan,nan,0,nan,nan,nan,0,nan,nan,nan,nan,nan,nan,nan,nan,nan,nan,nan,nan,nan,nan,nan,nan,nan,nan,nan,nan,nan,nan,nan,nan,nan,nan,nan,nan,nan,nan,nan,nan,nan,nan,nan,nan,nan,nan,nan,nan,nan,nan,nan,nan,nan,nan,nan,nan,nan,nan,nan,nan,nan,nan,nan,nan,nan,nan,nan,nan,nan,nan,nan,nan,nan,nan,nan,nan,nan,nan,nan,nan,nan,nan,nan,nan,nan,nan,nan,nan
20.940,APPROACH,117.276348,44.436468,107.779162,12.759096,-9.380866,-14.085583,-0.618826,-110.408458,-89.307451,16.674668,6.428120,4.605139,1.150359,0.000000,0.000000,35.618014,-66.443318,17.764460,29.401196,-2.998435,-9.539884,0.499003,0.000000,0.000000,-107.448201,-110.686964,-89.725916,16.623032,6.376640,4.830990,1.144477,0.000000,0.000000,0.000000,43.965140,107.071910,12.726529,116.444373,-9.426554,-14.145024,-0.651356,17.010758,nan,nan,nan,0,nan,nan,nan,0,nan,nan,nan,nan,nan,nan,nan,nan,nan,nan,nan,nan,nan,nan,nan,nan,nan,nan,nan,nan,nan,nan,nan,nan,nan,nan,nan,nan,nan,nan,nan,nan,nan,nan,nan,nan,nan,nan,nan,nan,nan,nan,nan,nan,nan,nan,nan,nan,nan,nan,nan,nan,nan,nan,nan,nan,nan,nan,nan,nan,nan,nan,nan,nan,nan,nan,nan,nan,nan,nan,nan,nan,nan,nan,nan,nan,nan,nan,nan,nan
21.000,APPROACH,115.617189,43.499878,106.367141,12.693550,-9.305231,-14.095390,-0.659577,-110.090136,-89.080603,16.731599,6.366441,4.536964,1.138620,0.000000,0.000000,35.475095,-66.590257,17.286538,29.425148,-2.938791,-9.558426,0.479043,0.000000,0.000000,-107.090335,-110.303578,-89.437101,16.691700,6.402872,4.796169,1.144477,0.000000,0.000000,0.000000,43.499878,106.367141,12.693550,115.617189,-9.305231,-14.095390,-0.659577,16.902733,nan,nan,nan,0,nan,nan,nan,0,nan,nan,nan,nan,nan,nan,nan,nan,nan,nan,nan,nan,nan,nan,nan,nan,nan,nan,nan,nan,nan,nan,nan,nan,nan,nan,nan,nan,nan,nan,nan,nan,nan,nan,nan,nan,nan,nan,nan,nan,nan,nan,nan,nan,nan,nan,nan,nan,nan,nan,nan,nan,nan,nan,nan,nan,nan,nan,nan,nan,nan,nan,nan,nan,nan,nan,nan,nan,nan,nan,nan,nan,nan,nan,nan,nan,nan,nan,nan,nan
21.040,APPROACH,115.617189,43.499878,106.367141,12.693550,-9.305231,-14.095390,-0.659577,-109.766542,-88.851866,16.789117,6.471879,4.574735,1.150358,0.000000,0.000000,35.255098,-66.734209,16.807709,29.448143,-2.879032,-9.576595,0.459881,0.000000,0.000000,-106.732468,-110.047115,-89.245720,16.737479,6.420254,4.772876,1.144477,0.000000,0.000000,0.000000,43.032333,105.659574,12.659026,114.786664,-9.350911,-14.151330,-0.690476,16.975760,nan,nan,nan,0,nan,nan,nan,0,nan,nan,nan,nan,nan,nan,nan,nan,nan,nan,nan,nan,nan,nan,nan,nan,nan,nan,nan,nan,nan,nan,nan,nan,nan,nan,nan,nan,nan,nan,nan,nan,nan,nan,nan,nan,nan,nan,nan,nan,nan,nan,nan,nan,nan,nan,nan,nan,nan,nan,nan,nan,nan,nan,nan,nan,nan,nan,nan,nan,nan,nan,nan,nan,nan,nan,nan,nan,nan,nan,nan,nan,nan,nan,nan,nan,nan,nan,nan,nan
21.100,APPROACH,113.961028,42.570902,104.954583,12.624169,-9.228613,-14.099823,-0.697133,-109.446069,-88.626594,16.846048,6.409451,4.505433,1.138619,0.000000,0.000000,35.104758,-66.875167,16.327989,29.470217,-2.819162,-9.594390,0.441486,0.000000,0.000000,-106.374602,-109.661121,-88.960398,16.806148,6.446168,4.737818,1.144477,0.000000,0.000000,0.000000,42.570902,104.954583,12.624169,113.961028,-9.228613,-14.099823,-0.697133,16.865892,nan,nan,nan,0,nan,nan,nan,0,nan,nan,nan,nan,nan,nan,nan,nan,nan,nan,nan,nan,nan,nan,nan,nan,nan,nan,nan,nan,nan,nan,nan,nan,nan,nan,nan,nan,nan,nan,nan,nan,nan,nan,nan,nan,nan,nan,nan,nan,nan,nan,nan,nan,nan,nan,nan,nan,nan,nan,nan,nan,nan,nan,nan,nan,nan,nan,nan,nan,nan,nan,nan,nan,nan,nan,nan,nan,nan,nan,nan,nan,nan,nan,nan,nan,nan,nan,nan,nan
21.140,APPROACH,113.961028,42.570902,104.954583,12.624169,-9.228613,-14.099823,-0.697133,-109.120314,-88.399561,16.903565,6.515104,4.540656,1.150356,0.000000,0.000000,34.874299,-67.013126,15.847398,29.491408,-2.759181,-9.611811,0.423827,0.000000,0.000000,-106.016735,-109.402931,-88.771354,16.851927,6.463338,4.714368,1.144477,0.000000,0.000000,0.000000,42.107188,104.246960,12.587843,113.132213,-9.274285,-14.152467,-0.726530,16.936131,nan,nan,nan,0,nan,nan,nan,0,nan,nan,nan,nan,nan,nan,nan,nan,nan,nan,nan,nan,nan,nan,nan,nan,nan,nan,nan,nan,nan,nan,nan,nan,nan,nan,nan,nan,nan,nan,nan,nan,nan,nan,nan,nan,nan,nan,nan,nan,nan,nan,nan,nan,nan,nan,nan,nan,nan,nan,nan,nan,nan,nan,nan,nan,nan,nan,nan,nan,nan,nan,nan,nan,nan,nan,nan,nan,nan,nan,nan,nan,nan,nan,nan,nan,nan,nan,nan,nan
21.200,APPROACH,112.308375,41.649637,103.541995,12.551256,-9.151025,-14.099288,-0.731744,-108.797717,-88.176040,16.960496,6.451932,4.470430,1.138618,0.000000,0.000000,34.717404,-67.148081,15.365956,29.511752,-2.699093,-9.628858,0.406873,0.000000,0.000000,-105.658868,-109.014362,-88.489550,16.920596,6.488932,4.679077,1.144477,0.000000,0.000000,0.000000,41.649637,103.541995,12.551256,112.308375,-9.151025,-14.099288,-0.731744,16.824584,nan,nan,nan,0,nan,nan,nan,0,nan,nan,nan,nan,nan,nan,nan,nan,nan,nan,nan,nan,nan,nan,nan,nan,nan,nan,nan,nan,nan,nan,nan,nan,nan,nan,nan,nan,nan,nan,nan,nan,nan,nan,nan,nan,nan,nan,nan,nan,nan,nan,nan,nan,nan,nan,nan,nan,nan,nan,nan,nan,nan,nan,nan,nan,nan,nan,nan,nan,nan,nan,nan,nan,nan,nan,nan,nan,nan,nan,nan,nan,nan,nan,nan,nan,nan,nan,nan,nan
21.240,APPROACH,112.308375,41.649637,103.541995,12.551256,-9.151025,-14.099288,-0.731744,-108.469828,-87.950875,17.018014,6.557791,4.503289,1.150355,0.000000,0.000000,34.477703,-67.280026,14.883679,29.531282,-2.638899,-9.645528,0.390599,0.000000,0.000000,-105.301002,-108.754465,-88.302859,16.966375,6.505888,4.655472,1.144477,0.000000,0.000000,0.000000,41.189802,102.834555,12.513268,111.481511,-9.196690,-14.148817,-0.759757,16.892168,nan,nan,nan,0,nan,nan,nan,0,nan,nan,nan,nan,nan,nan,nan,nan,nan,nan,nan,nan,nan,nan,nan,nan,nan,nan,nan,nan,nan,nan,nan,nan,nan,nan,nan,nan,nan,nan,nan,nan,nan,nan,nan,nan,nan,nan,nan,nan,nan,nan,nan,nan,nan,nan,nan,nan,nan,nan,nan,nan,nan,nan,nan,nan,nan,nan,nan,nan,nan,nan,nan,nan,nan,nan,nan,nan,nan,nan,nan,nan,nan,nan,nan,nan,nan,nan,nan,nan
21.300,APPROACH,110.659702,40.736178,102.129848,12.475086,-9.072484,-14.094142,-0.763642,-108.145134,-87.729259,17.074945,6.493882,4.432320,1.138617,0.000000,0.000000,34.315013,-67.408956,14.400588,29.550030,-2.578603,-9.661822,0.374975,0.000000,0.000000,-104.943135,-108.363353,-88.024596,17.035043,6.531162,4.619949,1.144477,0.000000,0.000000,0.000000,40.736178,102.129848,12.475086,110.659702,-9.072484,-14.094142,-0.763642,16.779093,nan,nan,nan,0,nan,nan,nan,0,nan,nan,nan,nan,nan,nan,nan,nan,nan,nan,nan,nan,nan,nan,nan,nan,nan,nan,nan,nan,nan,nan,nan,nan,nan,nan,nan,nan,nan,nan,nan,nan,nan,nan,nan,nan,nan,nan,nan,nan,nan,nan,nan,nan,nan,nan,nan,nan,nan,nan,nan,nan,nan,nan,nan,nan,nan,nan,nan,nan,nan,nan,nan,nan,nan,nan,nan,nan,nan,nan,nan,nan,nan,nan,nan,nan,nan,nan,nan,nan
21.340,APPROACH,110.659702,40.736178,102.129848,12.475086,-9.072484,-14.094142,-0.763642,-107.815137,-87.506111,17.132463,6.599938,4.462975,1.150355,0.000000,0.000000,34.067136,-67.534866,13.916701,29.568029,-2.518205,-9.677739,0.359976,0.000000,0.000000,-104.585269,-108.101771,-87.840273,17.080822,6.547903,4.596191,1.144477,0.000000,0.000000,0.000000,40.280271,101.422812,12.435567,109.835014,-9.118143,-14.140714,-0.790379,16.844140,nan,nan,nan,0,nan,nan,nan,0,nan,nan,nan,nan,nan,nan,nan,nan,nan,nan,nan,nan,nan,nan,nan,nan,nan,nan,nan,nan,nan,nan,nan,nan,nan,nan,nan,nan,nan,nan,nan,nan,nan,nan,nan,nan,nan,nan,nan,nan,nan,nan,nan,nan,nan,nan,nan,nan,nan,nan,nan,nan,nan,nan,nan,nan,nan,nan,nan,nan,nan,nan,nan,nan,nan,nan,nan,nan,nan,nan,nan,nan,nan,nan,nan,nan,nan,nan,nan,nan
21.400,APPROACH,109.015452,39.830621,100.718577,12.395915,-8.993006,-14.084703,-0.793039,-107.488372,-87.286540,17.189393,6.535296,4.391424,1.138616,0.000000,0.000000,33.899319,-67.657751,13.432037,29.585308,-2.457710,-9.693279,0.345577,0.000000,0.000000,-104.227402,-107.708147,-87.565573,17.149491,6.572852,4.560440,1.144477,0.000000,0.000000,0.000000,39.830621,100.718577,12.395915,109.015452,-8.993006,-14.084703,-0.793039,16.729672,nan,nan,nan,0,nan,nan,nan,0,nan,nan,nan,nan,nan,nan,nan,nan,nan,nan,nan,nan,nan,nan,nan,nan,nan,nan,nan,nan,nan,nan,nan,nan,nan,nan,nan,nan,nan,nan,nan,nan,nan,nan,nan,nan,nan,nan,nan,nan,nan,nan,nan,nan,nan,nan,nan,nan,nan,nan,nan,nan,nan,nan,nan,nan,nan,nan,nan,nan,nan,nan,nan,nan,nan,nan,nan,nan,nan,nan,nan,nan,nan,nan,nan,nan,nan,nan,nan,nan
21.440,APPROACH,109.015452,39.830621,100.718577,12.395915,-8.993006,-14.084703,-0.793039,-107.156295,-87.065539,17.246911,6.641540,4.420018,1.150354,0.000000,0.000000,33.644206,-67.777607,12.946615,29.601896,-2.397119,-9.708441,0.331754,0.000000,0.000000,-103.869536,-107.444903,-87.383634,17.195270,6.589377,4.536531,1.144477,0.000000,0.000000,0.000000,39.378688,100.012154,12.354985,108.193149,-9.038659,-14.128459,-0.818600,16.792284,nan,nan,nan,0,nan,nan,nan,0,nan,nan,nan,nan,nan,nan,nan,nan,nan,nan,nan,nan,nan,nan,nan,nan,nan,nan,nan,nan,nan,nan,nan,nan,nan,nan,nan,nan,nan,nan,nan,nan,nan,nan,nan,nan,nan,nan,nan,nan,nan,nan,nan,nan,nan,nan,nan,nan,nan,nan,nan,nan,nan,nan,nan,nan,nan,nan,nan,nan,nan,nan,nan,nan,nan,nan,nan,nan,nan,nan,nan,nan,nan,nan,nan,nan,nan,nan,nan,nan
21.500,APPROACH,107.376037,38.933057,99.308591,12.313978,-8.912604,-14.071250,-0.820132,-106.827487,-86.848137,17.303842,6.576170,4.348027,1.138615,0.000000,0.000000,33.471849,-67.894429,12.460454,29.617820,-2.336434,-9.723224,0.318483,0.000000,0.000000,-103.511669,-107.048800,-87.112520,17.263939,6.614000,4.500556,1.144477,0.000000,0.000000,0.000000,38.933057,99.308591,12.313978,107.376037,-8.912604,-14.071250,-0.820132,16.676547,nan,nan,nan,0,nan,nan,nan,0,nan,nan,nan,nan,nan,nan,nan,nan,nan,nan,nan,nan,nan,nan,nan,nan,nan,nan,nan,nan,nan,nan,nan,nan,nan,nan,nan,nan,nan,nan,nan,nan,nan,nan,nan,nan,nan,nan,nan,nan,nan,nan,nan,nan,nan,nan,nan,nan,nan,nan,nan,nan,nan,nan,nan,nan,nan,nan,nan,nan,nan,nan,nan,nan,nan,nan,nan,nan,nan,nan,nan,nan,nan,nan,nan,nan,nan,nan,nan,nan
21.540,APPROACH,107.376037,38.933057,99.308591,12.313978,-8.912604,-14.071250,-0.820132,-106.493357,-86.629403,17.361359,6.682594,4.374687,1.150353,0.000000,0.000000,33.210325,-68.008212,11.973573,29.633107,-2.275658,-9.737627,0.305744,0.000000,0.000000,-103.153803,-106.783914,-86.932979,17.309718,6.630307,4.476497,1.144477,0.000000,0.000000,0.000000,38.485145,98.602975,12.271748,106.556318,-8.958252,-14.112314,-0.844609,16.736818,nan,nan,nan,0,nan,nan,nan,0,nan,nan,nan,nan,nan,nan,nan,nan,nan,nan,nan,nan,nan,nan,nan,nan,nan,nan,nan,nan,nan,nan,nan,nan,nan,nan,nan,nan,nan,nan,nan,nan,nan,nan,nan,nan,nan,nan,nan,nan,nan,nan,nan,nan,nan,nan,nan,nan,nan,nan,nan,nan,nan,nan,nan,nan,nan,nan,nan,nan,nan,nan,nan,nan,nan,nan,nan,nan,nan,nan,nan,nan,nan,nan,nan,nan,nan,nan,nan,nan
21.600,APPROACH,105.741846,38.043580,97.900274,12.229493,-8.831296,-14.054033,-0.845100,-106.162532,-86.414284,17.418290,6.616502,4.302382,1.138614,0.000000,0.000000,33.033945,-68.118952,11.485990,29.647783,-2.214793,-9.751651,0.293514,0.000000,0.000000,-102.795936,-106.385366,-86.665474,17.378386,6.654603,4.440299,1.144477,0.000000,0.000000,0.000000,38.043580,97.900274,12.229493,105.741846,-8.831296,-14.054033,-0.845100,16.619922,nan,nan,nan,0,nan,nan,nan,0,nan,nan,nan,nan,nan,nan,nan,nan,nan,nan,nan,nan,nan,nan,nan,nan,nan,nan,nan,nan,nan,nan,nan,nan,nan,nan,nan,nan,nan,nan,nan,nan,nan,nan,nan,nan,nan,nan,nan,nan,nan,nan,nan,nan,nan,nan,nan,nan,nan,nan,nan,nan,nan,nan,nan,nan,nan,nan,nan,nan,nan,nan,nan,nan,nan,nan,nan,nan,nan,nan,nan,nan,nan,nan,nan,nan,nan,nan,nan,nan
21.640,APPROACH,105.741846,38.043580,97.900274,12.229493,-8.831296,-14.054033,-0.845100,-105.826377,-86.197923,17.475808,6.723097,4.327219,1.150352,0.000000,0.000000,32.766740,-68.226644,10.997725,29.661872,-2.153842,-9.765294,0.281774,0.000000,0.000000,-102.438070,-106.118859,-86.488346,17.424165,6.670691,4.416094,1.144477,0.000000,0.000000,0.000000,37.599733,97.195648,12.186064,104.924897,-8.876940,-14.092513,-0.868579,16.677932,nan,nan,nan,0,nan,nan,nan,0,nan,nan,nan,nan,nan,nan,nan,nan,nan,nan,nan,nan,nan,nan,nan,nan,nan,nan,nan,nan,nan,nan,nan,nan,nan,nan,nan,nan,nan,nan,nan,nan,nan,nan,nan,nan,nan,nan,nan,nan,nan,nan,nan,nan,nan,nan,nan,nan,nan,nan,nan,nan,nan,nan,nan,nan,nan,nan,nan,nan,nan,nan,nan,nan,nan,nan,nan,nan,nan,nan,nan,nan,nan,nan,nan,nan,nan,nan,nan,nan
21.700,APPROACH,104.113247,37.162278,96.493985,12.142658,-8.749096,-14.033269,-0.868111,-105.493562,-85.985187,17.532739,6.656289,4.254713,1.138614,0.000000,0.000000,32.586794,-68.331284,10.508798,29.675397,-2.092807,-9.778556,0.270503,0.000000,0.000000,-102.080203,-105.717898,-86.224473,17.492834,6.694657,4.379677,1.144477,0.000000,0.000000,0.000000,37.162278,96.493985,12.142658,104.113247,-8.749096,-14.033269,-0.868111,16.559980,nan,nan,nan,0,nan,nan,nan,0,nan,nan,nan,nan,nan,nan,nan,nan,nan,nan,nan,nan,nan,nan,nan,nan,nan,nan,nan,nan,nan,nan,nan,nan,nan,nan,nan,nan,nan,nan,nan,nan,nan,nan,nan,nan,nan,nan,nan,nan,nan,nan,nan,nan,nan,nan,nan,nan,nan,nan,nan,nan,nan,nan,nan,nan,nan,nan,nan,nan,nan,nan,nan,nan,nan,nan,nan,nan,nan,nan,nan,nan,nan,nan,nan,nan,nan,nan,nan,nan
21.740,APPROACH,104.113247,37.162278,96.493985,12.142658,-8.749096,-14.033269,-0.868111,-105.155410,-85.771296,17.590256,6.763046,4.277825,1.150352,0.000000,0.000000,32.314551,-68.432869,10.019226,29.688381,-2.031690,-9.791437,0.259683,0.000000,0.000000,-101.722337,-105.449794,-86.049772,17.538613,6.710524,4.355327,1.144477,0.000000,0.000000,0.000000,36.722542,95.790522,12.098125,103.299244,-8.794736,-14.069261,-0.890669,16.615799,nan,nan,nan,0,nan,nan,nan,0,nan,nan,nan,nan,nan,nan,nan,nan,nan,nan,nan,nan,nan,nan,nan,nan,nan,nan,nan,nan,nan,nan,nan,nan,nan,nan,nan,nan,nan,nan,nan,nan,nan,nan,nan,nan,nan,nan,nan,nan,nan,nan,nan,nan,nan,nan,nan,nan,nan,nan,nan,nan,nan,nan,nan,nan,nan,nan,nan,nan,nan,nan,nan,nan,nan,nan,nan,nan,nan,nan,nan,nan,nan,nan,nan,nan,nan,nan,nan,nan
21.800,APPROACH,102.490585,36.289241,95.090064,12.053659,-8.666020,-14.009153,-0.889318,-104.820634,-85.561035,17.647187,6.695526,4.205217,1.138613,0.000000,0.000000,32.131442,-68.531393,9.529029,29.700846,-1.970494,-9.803936,0.249295,0.000000,0.000000,-101.364470,-105.046453,-85.789551,17.607282,6.734158,4.318693,1.144477,0.000000,0.000000,0.000000,36.289241,95.090064,12.053659,102.490585,-8.666020,-14.009153,-0.889318,16.496883,nan,nan,nan,0,nan,nan,nan,0,nan,nan,nan,nan,nan,nan,nan,nan,nan,nan,nan,nan,nan,nan,nan,nan,nan,nan,nan,nan,nan,nan,nan,nan,nan,nan,nan,nan,nan,nan,nan,nan,nan,nan,nan,nan,nan,nan,nan,nan,nan,nan,nan,nan,nan,nan,nan,nan,nan,nan,nan,nan,nan,nan,nan,nan,nan,nan,nan,nan,nan,nan,nan,nan,nan,nan,nan,nan,nan,nan,nan,nan,nan,nan,nan,nan,nan,nan,nan,nan
21.840,APPROACH,102.490585,36.289241,95.090064,12.053659,-8.666020,-14.009153,-0.889318,-104.480512,-85.349701,17.704704,6.802436,4.226690,1.150351,0.000000,0.000000,31.854730,-68.626854,9.038226,29.712812,-1.909221,-9.816052,0.239324,0.000000,0.000000,-101.006604,-104.776773,-85.617293,17.653061,6.749803,4.294200,1.144477,0.000000,0.000000,0.000000,35.853658,94.387927,12.008107,101.679694,-8.711658,-14.042742,-0.911028,16.550576,nan,nan,nan,0,nan,nan,nan,0,nan,nan,nan,nan,nan,nan,nan,nan,nan,nan,nan,nan,nan,nan,nan,nan,nan,nan,nan,nan,nan,nan,nan,nan,nan,nan,nan,nan,nan,nan,nan,nan,nan,nan,nan,nan,nan,nan,nan,nan,nan,nan,nan,nan,nan,nan,nan,nan,nan,nan,nan,nan,nan,nan,nan,nan,nan,nan,nan,nan,nan,nan,nan,nan,nan,nan,nan,nan,nan,nan,nan,nan,nan,nan,nan,nan,nan,nan,nan,nan
21.900,APPROACH,100.874189,35.424553,93.688834,11.962664,-8.582085,-13.981857,-0.908862,-104.143801,-85.141997,17.761635,6.734211,4.154071,1.138613,0.000000,0.000000,31.668814,-68.719248,8.546837,29.724299,-1.847874,-9.827785,0.229751,0.000000,0.000000,-100.648737,-104.371085,-85.360746,17.721730,6.773104,4.257354,1.144477,0.000000,0.000000,0.000000,35.424553,93.688834,11.962664,100.874189,-8.582085,-13.981857,-0.908862,16.430780,nan,nan,nan,0,nan,nan,nan,0,nan,nan,nan,nan,nan,nan,nan,nan,nan,nan,nan,nan,nan,nan,nan,nan,nan,nan,nan,nan,nan,nan,nan,nan,nan,nan,nan,nan,nan,nan,nan,nan,nan,nan,nan,nan,nan,nan,nan,nan,nan,nan,nan,nan,nan,nan,nan,nan,nan,nan,nan,nan,nan,nan,nan,nan,nan,nan,nan,nan,nan,nan,nan,nan,nan,nan,nan,nan,nan,nan,nan,nan,nan,nan,nan,nan,nan,nan,nan,nan
21.940,APPROACH,100.874189,35.424553,93.688834,11.962664,-8.582085,-13.981857,-0.908862,-103.801738,-84.933298,17.819152,6.841266,4.173982,1.150351,0.000000,0.000000,31.388136,-68.808571,8.054880,29.735327,-1.786454,-9.839135,0.220561,0.000000,0.000000,-100.290871,-104.099852,-85.190944,17.767509,6.788526,4.232719,1.144477,0.000000,0.000000,0.000000,34.993167,92.988178,11.916175,100.066569,-8.627720,-14.013118,-0.929790,16.482401,nan,nan,nan,0,nan,nan,nan,0,nan,nan,nan,nan,nan,nan,nan,nan,nan,nan,nan,nan,nan,nan,nan,nan,nan,nan,nan,nan,nan,nan,nan,nan,nan,nan,nan,nan,nan,nan,nan,nan,nan,nan,nan,nan,nan,nan,nan,nan,nan,nan,nan,nan,nan,nan,nan,nan,nan,nan,nan,nan,nan,nan,nan,nan,nan,nan,nan,nan,nan,nan,nan,nan,nan,nan,nan,nan,nan,nan,nan,nan,nan,nan,nan,nan,nan,nan,nan,nan
22.000,APPROACH,99.264372,34.568302,92.290602,11.869831,-8.497305,-13.951532,-0.926874,-103.463121,-84.728226,17.876083,6.772340,4.101431,1.138612,0.000000,0.000000,31.199729,-68.894819,7.562375,29.745914,-1.724965,-9.850101,0.211738,0.000000,0.000000,-99.933004,-103.691850,-84.938092,17.836177,6.811492,4.195662,1.144477,0.000000,0.000000,0.000000,34.568302,92.290602,11.869831,99.264372,-8.497305,-13.951532,-0.926874,16.361802,nan,nan,nan,0,nan,nan,nan,0,nan,nan,nan,nan,nan,nan,nan,nan,nan,nan,nan,nan,nan,nan,nan,nan,nan,nan,nan,nan,nan,nan,nan,nan,nan,nan,nan,nan,nan,nan,nan,nan,nan,nan,nan,nan,nan,nan,nan,nan,nan,nan,nan,nan,nan,nan,nan,nan,nan,nan,nan,nan,nan,nan,nan,nan,nan,nan,nan,nan,nan,nan,nan,nan,nan,nan,nan,nan,nan,nan,nan,nan,nan,nan,nan,nan,nan,nan,nan,nan
22.040,APPROACH,99.264372,34.568302,92.290602,11.869831,-8.497305,-13.951532,-0.926874,-103.119145,-84.522234,17.933601,6.879531,4.119847,1.150350,0.000000,0.000000,30.915530,-68.977990,7.069341,29.756078,-1.663409,-9.860683,0.203269,0.000000,0.000000,-99.575138,-103.419086,-84.770761,17.881956,6.826689,4.170889,1.144477,0.000000,0.000000,0.000000,34.141155,91.591575,11.822477,98.460175,-8.542940,-13.980530,-0.947082,16.411399,nan,nan,nan,0,nan,nan,nan,0,nan,nan,nan,nan,nan,nan,nan,nan,nan,nan,nan,nan,nan,nan,nan,nan,nan,nan,nan,nan,nan,nan,nan,nan,nan,nan,nan,nan,nan,nan,nan,nan,nan,nan,nan,nan,nan,nan,nan,nan,nan,nan,nan,nan,nan,nan,nan,nan,nan,nan,nan,nan,nan,nan,nan,nan,nan,nan,nan,nan,nan,nan,nan,nan,nan,nan,nan,nan,nan,nan,nan,nan,nan,nan,nan,nan,nan,nan,nan,nan
22.100,APPROACH,97.661433,33.720570,90.895659,11.775303,-8.411698,-13.918315,-0.943474,-102.778649,-84.319862,17.990531,6.809911,4.047435,1.138612,0.000000,0.000000,30.724911,-69.058079,6.575797,29.765835,-1.601787,-9.870880,0.195138,0.000000,0.000000,-99.217271,-103.008805,-84.521625,17.950625,6.849317,4.133625,1.144477,0.000000,0.000000,0.000000,33.720570,90.895659,11.775303,97.661433,-8.411698,-13.918315,-0.943474,16.290068,nan,nan,nan,0,nan,nan,nan,0,nan,nan,nan,nan,nan,nan,nan,nan,nan,nan,nan,nan,nan,nan,nan,nan,nan,nan,nan,nan,nan,nan,nan,nan,nan,nan,nan,nan,nan,nan,nan,nan,nan,nan,nan,nan,nan,nan,nan,nan,nan,nan,nan,nan,nan,nan,nan,nan,nan,nan,nan,nan,nan,nan,nan,nan,nan,nan,nan,nan,nan,nan,nan,nan,nan,nan,nan,nan,nan,nan,nan,nan,nan,nan,nan,nan,nan,nan,nan,nan
22.140,APPROACH,97.661433,33.720570,90.895659,11.775303,-8.411698,-13.918315,-0.943474,-102.432788,-84.116641,18.048049,6.917229,4.064416,1.150350,0.000000,0.000000,30.437585,-69.135084,6.081762,29.775201,-1.540104,-9.880692,0.187332,0.000000,0.000000,-98.859405,-102.734533,-84.356778,17.996404,6.864289,4.108715,1.144477,0.000000,0.000000,0.000000,33.297704,90.198404,11.727152,96.860803,-8.457332,-13.945108,-0.963017,16.337684,nan,nan,nan,0,nan,nan,nan,0,nan,nan,nan,nan,nan,nan,nan,nan,nan,nan,nan,nan,nan,nan,nan,nan,nan,nan,nan,nan,nan,nan,nan,nan,nan,nan,nan,nan,nan,nan,nan,nan,nan,nan,nan,nan,nan,nan,nan,nan,nan,nan,nan,nan,nan,nan,nan,nan,nan,nan,nan,nan,nan,nan,nan,nan,nan,nan,nan,nan,nan,nan,nan,nan,nan,nan,nan,nan,nan,nan,nan,nan,nan,nan,nan,nan,nan,nan,nan,nan
22.200,APPROACH,96.065658,32.881440,89.504288,11.679214,-8.325279,-13.882324,-0.958772,-102.090442,-83.917031,18.104979,6.846920,3.992205,1.138611,0.000000,0.000000,30.245003,-69.209002,5.587257,29.784193,-1.478360,-9.890119,0.179839,0.000000,0.000000,-98.501538,-102.322006,-84.111378,18.065073,6.886577,4.071247,1.144477,0.000000,0.000000,0.000000,32.881440,89.504288,11.679214,96.065658,-8.325279,-13.882324,-0.958772,16.215685,nan,nan,nan,0,nan,nan,nan,0,nan,nan,nan,nan,nan,nan,nan,nan,nan,nan,nan,nan,nan,nan,nan,nan,nan,nan,nan,nan,nan,nan,nan,nan,nan,nan,nan,nan,nan,nan,nan,nan,nan,nan,nan,nan,nan,nan,nan,nan,nan,nan,nan,nan,nan,nan,nan,nan,nan,nan,nan,nan,nan,nan,nan,nan,nan,nan,nan,nan,nan,nan,nan,nan,nan,nan,nan,nan,nan,nan,nan,nan,nan,nan,nan,nan,nan,nan,nan,nan
22.240,APPROACH,96.065658,32.881440,89.504288,11.679214,-8.325279,-13.882324,-0.958772,-101.742724,-83.716641,18.162497,6.954356,4.007804,1.150349,0.000000,0.000000,29.954901,-69.279830,5.092299,29.792825,-1.416558,-9.899160,0.172646,0.000000,0.000000,-98.143672,-102.046248,-83.949029,18.110852,6.901323,4.046201,1.144477,0.000000,0.000000,0.000000,32.462894,88.808940,11.630329,95.268734,-8.370914,-13.906963,-0.977704,16.261357,nan,nan,nan,0,nan,nan,nan,0,nan,nan,nan,nan,nan,nan,nan,nan,nan,nan,nan,nan,nan,nan,nan,nan,nan,nan,nan,nan,nan,nan,nan,nan,nan,nan,nan,nan,nan,nan,nan,nan,nan,nan,nan,nan,nan,nan,nan,nan,nan,nan,nan,nan,nan,nan,nan,nan,nan,nan,nan,nan,nan,nan,nan,nan,nan,nan,nan,nan,nan,nan,nan,nan,nan,nan,nan,nan,nan,nan,nan,nan,nan,nan,nan,nan,nan,nan,nan,nan
22.300,APPROACH,94.477321,32.050991,88.116756,11.581685,-8.238065,-13.843666,-0.972871,-101.398556,-83.519848,18.219427,6.883364,3.935852,1.138611,0.000000,0.000000,29.760573,-69.347565,4.596908,29.801112,-1.354701,-9.907814,0.165740,0.000000,0.000000,-97.785805,-101.631509,-83.707387,18.179520,6.923270,4.008533,1.144477,0.000000,0.000000,0.000000,32.050991,88.116756,11.581685,94.477321,-8.238065,-13.843666,-0.972871,16.138751,nan,nan,nan,0,nan,nan,nan,0,nan,nan,nan,nan,nan,nan,nan,nan,nan,nan,nan,nan,nan,nan,nan,nan,nan,nan,nan,nan,nan,nan,nan,nan,nan,nan,nan,nan,nan,nan,nan,nan,nan,nan,nan,nan,nan,nan,nan,nan,nan,nan,nan,nan,nan,nan,nan,nan,nan,nan,nan,nan,nan,nan,nan,nan,nan,nan,nan,nan,nan,nan,nan,nan,nan,nan,nan,nan,nan,nan,nan,nan,nan,nan,nan,nan,nan,nan,nan,nan
22.340,APPROACH,94.477321,32.050991,88.116756,11.581685,-8.238065,-13.843666,-0.972871,-101.049010,-83.322343,18.276945,6.990909,3.950114,1.150349,0.000000,0.000000,29.468005,-69.412205,4.101104,29.809068,-1.292791,-9.916082,0.159110,0.000000,0.000000,-97.427939,-101.354287,-83.547549,18.225299,6.937787,3.983355,1.144477,0.000000,0.000000,0.000000,31.636806,87.423446,11.532123,93.684237,-8.283700,-13.866197,-0.991239,16.182511,nan,nan,nan,0,nan,nan,nan,0,nan,nan,nan,nan,nan,nan,nan,nan,nan,nan,nan,nan,nan,nan,nan,nan,nan,nan,nan,nan,nan,nan,nan,nan,nan,nan,nan,nan,nan,nan,nan,nan,nan,nan,nan,nan,nan,nan,nan,nan,nan,nan,nan,nan,nan,nan,nan,nan,nan,nan,nan,nan,nan,nan,nan,nan,nan,nan,nan,nan,nan,nan,nan,nan,nan,nan,nan,nan,nan,nan,nan,nan,nan,nan,nan,nan,nan,nan,nan,nan
22.400,APPROACH,92.896686,31.229302,86.733325,11.482830,-8.150072,-13.802436,-0.985865,-100.703048,-83.128419,18.333875,6.919240,3.878472,1.138611,0.000000,0.000000,29.272128,-69.473746,3.604906,29.816705,-1.230831,-9.923964,0.152746,0.000000,0.000000,-97.070072,-100.937371,-83.309683,18.293968,6.959391,3.945488,1.144477,0.000000,0.000000,0.000000,31.229302,86.733325,11.482830,92.896686,-8.150072,-13.802436,-0.985865,16.059353,nan,nan,nan,0,nan,nan,nan,0,nan,nan,nan,nan,nan,nan,nan,nan,nan,nan,nan,nan,nan,nan,nan,nan,nan,nan,nan,nan,nan,nan,nan,nan,nan,nan,nan,nan,nan,nan,nan,nan,nan,nan,nan,nan,nan,nan,nan,nan,nan,nan,nan,nan,nan,nan,nan,nan,nan,nan,nan,nan,nan,nan,nan,nan,nan,nan,nan,nan,nan,nan,nan,nan,nan,nan,nan,nan,nan,nan,nan,nan,nan,nan,nan,nan,nan,nan,nan,nan
22.440,APPROACH,92.896686,31.229302,86.733325,11.482830,-8.150072,-13.802436,-0.985865,-100.351704,-82.933847,18.391393,7.026886,3.891439,1.150349,0.000000,0.000000,28.977369,-69.532187,3.108333,29.824037,-1.168823,-9.931458,0.146636,0.000000,0.000000,-96.712206,-100.658709,-83.152369,18.339747,6.973679,3.920179,1.144477,0.000000,0.000000,0.000000,30.819517,86.042180,11.432644,92.107571,-8.195709,-13.822896,-1.003713,16.101228,nan,nan,nan,0,nan,nan,nan,0,nan,nan,nan,nan,nan,nan,nan,nan,nan,nan,nan,nan,nan,nan,nan,nan,nan,nan,nan,nan,nan,nan,nan,nan,nan,nan,nan,nan,nan,nan,nan,nan,nan,nan,nan,nan,nan,nan,nan,nan,nan,nan,nan,nan,nan,nan,nan,nan,nan,nan,nan,nan,nan,nan,nan,nan,nan,nan,nan,nan,nan,nan,nan,nan,nan,nan,nan,nan,nan,nan,nan,nan,nan,nan,nan,nan,nan,nan,nan,nan
22.500,APPROACH,91.324008,30.416451,85.354244,11.382752,-8.061315,-13.758716,-0.997840,-100.003977,-82.742840,18.448323,6.954546,3.820152,1.138610,0.000000,0.000000,28.780115,-69.587526,2.611404,29.831075,-1.106769,-9.938564,0.140770,0.000000,0.000000,-96.354339,-100.239650,-82.918300,18.408416,6.994938,3.882118,1.144477,0.000000,0.000000,0.000000,30.416451,85.354244,11.382752,91.324008,-8.061315,-13.758716,-0.997840,15.977570,nan,nan,nan,0,nan,nan,nan,0,nan,nan,nan,nan,nan,nan,nan,nan,nan,nan,nan,nan,nan,nan,nan,nan,nan,nan,nan,nan,nan,nan,nan,nan,nan,nan,nan,nan,nan,nan,nan,nan,nan,nan,nan,nan,nan,nan,nan,nan,nan,nan,nan,nan,nan,nan,nan,nan,nan,nan,nan,nan,nan,nan,nan,nan,nan,nan,nan,nan,nan,nan,nan,nan,nan,nan,nan,nan,nan,nan,nan,nan,nan,nan,nan,nan,nan,nan,nan,nan
22.540,APPROACH,91.324008,30.416451,85.354244,11.382752,-8.061315,-13.758716,-0.997840,-99.650863,-82.551247,18.505841,7.062283,3.831859,1.150349,0.000000,0.000000,28.483409,-69.639759,2.114140,29.837832,-1.044672,-9.945283,0.135140,0.000000,0.000000,-95.996473,-99.959571,-82.763524,18.454195,7.008996,3.856680,1.144477,0.000000,0.000000,0.000000,30.011103,84.665387,11.331992,90.538987,-8.106955,-13.777142,-1.015209,16.017585,nan,nan,nan,0,nan,nan,nan,0,nan,nan,nan,nan,nan,nan,nan,nan,nan,nan,nan,nan,nan,nan,nan,nan,nan,nan,nan,nan,nan,nan,nan,nan,nan,nan,nan,nan,nan,nan,nan,nan,nan,nan,nan,nan,nan,nan,nan,nan,nan,nan,nan,nan,nan,nan,nan,nan,nan,nan,nan,nan,nan,nan,nan,nan,nan,nan,nan,nan,nan,nan,nan,nan,nan,nan,nan,nan,nan,nan,nan,nan,nan,nan,nan,nan,nan,nan,nan,nan
22.600,APPROACH,89.759534,29.612512,83.979758,11.281548,-7.971813,-13.712582,-1.008876,-99.301399,-82.363198,18.562771,6.989278,3.760968,1.138610,0.000000,0.000000,28.284932,-69.688886,1.616560,29.844319,-0.982535,-9.951614,0.129734,0.000000,0.000000,-95.638607,-99.538403,-82.533270,18.522863,7.029908,3.818428,1.144477,0.000000,0.000000,0.000000,29.612512,83.979758,11.281548,89.759534,-7.971813,-13.712582,-1.008876,15.893475,nan,nan,nan,0,nan,nan,nan,0,nan,nan,nan,nan,nan,nan,nan,nan,nan,nan,nan,nan,nan,nan,nan,nan,nan,nan,nan,nan,nan,nan,nan,nan,nan,nan,nan,nan,nan,nan,nan,nan,nan,nan,nan,nan,nan,nan,nan,nan,nan,nan,nan,nan,nan,nan,nan,nan,nan,nan,nan,nan,nan,nan,nan,nan,nan,nan,nan,nan,nan,nan,nan,nan,nan,nan,nan,nan,nan,nan,nan,nan,nan,nan,nan,nan,nan,nan,nan,nan
22.640,APPROACH,89.759534,29.612512,83.979758,11.281548,-7.971813,-13.712582,-1.008876,-98.946544,-82.174626,18.620289,7.097097,3.771448,1.150348,0.000000,0.000000,27.986497,-69.734904,1.118682,29.850546,-0.920359,-9.957557,0.124545,0.000000,0.000000,-95.280740,-99.256929,-82.381044,18.568642,7.043734,3.792863,1.144477,0.000000,0.000000,0.000000,29.211640,83.293307,11.230258,88.978726,-8.017456,-13.729005,-1.025804,15.931650,nan,nan,nan,0,nan,nan,nan,0,nan,nan,nan,nan,nan,nan,nan,nan,nan,nan,nan,nan,nan,nan,nan,nan,nan,nan,nan,nan,nan,nan,nan,nan,nan,nan,nan,nan,nan,nan,nan,nan,nan,nan,nan,nan,nan,nan,nan,nan,nan,nan,nan,nan,nan,nan,nan,nan,nan,nan,nan,nan,nan,nan,nan,nan,nan,nan,nan,nan,nan,nan,nan,nan,nan,nan,nan,nan,nan,nan,nan,nan,nan,nan,nan,nan,nan,nan,nan,nan
22.700,APPROACH,88.203502,28.817561,82.610102,11.179305,-7.881580,-13.664101,-1.019047,-98.595372,-81.989576,18.677219,7.023433,3.700990,1.138610,0.000000,0.000000,27.786933,-69.777811,0.620526,29.856525,-0.858147,-9.963111,0.119563,0.000000,0.000000,-94.922874,-98.833687,-82.154625,18.637311,7.064298,3.754422,1.144477,0.000000,0.000000,0.000000,28.817561,82.610102,11.179305,88.203502,-7.881580,-13.664101,-1.019047,15.807132,nan,nan,nan,0,nan,nan,nan,0,nan,nan,nan,nan,nan,nan,nan,nan,nan,nan,nan,nan,nan,nan,nan,nan,nan,nan,nan,nan,nan,nan,nan,nan,nan,nan,nan,nan,nan,nan,nan,nan,nan,nan,nan,nan,nan,nan,nan,nan,nan,nan,nan,nan,nan,nan,nan,nan,nan,nan,nan,nan,nan,nan,nan,nan,nan,nan,nan,nan,nan,nan,nan,nan,nan,nan,nan,nan,nan,nan,nan,nan,nan,nan,nan,nan,nan,nan,nan,nan
22.740,APPROACH,88.203502,28.817561,82.610102,11.179305,-7.881580,-13.664101,-1.019047,-98.238806,-81.804063,18.734736,7.131326,3.710271,1.150348,0.000000,0.000000,27.486962,-69.817606,0.122112,29.862264,-0.795901,-9.968277,0.114780,0.000000,0.000000,-94.565007,-98.550843,-82.004961,18.683090,7.077892,3.728733,1.144477,0.000000,0.000000,0.000000,28.421199,81.926175,11.127527,87.427024,-7.927227,-13.678548,-1.035568,15.843485,nan,nan,nan,0,nan,nan,nan,0,nan,nan,nan,nan,nan,nan,nan,nan,nan,nan,nan,nan,nan,nan,nan,nan,nan,nan,nan,nan,nan,nan,nan,nan,nan,nan,nan,nan,nan,nan,nan,nan,nan,nan,nan,nan,nan,nan,nan,nan,nan,nan,nan,nan,nan,nan,nan,nan,nan,nan,nan,nan,nan,nan,nan,nan,nan,nan,nan,nan,nan,nan,nan,nan,nan,nan,nan,nan,nan,nan,nan,nan,nan,nan,nan,nan,nan,nan,nan,nan
22.800,APPROACH,86.656143,28.031668,81.245508,11.076106,-7.790634,-13.613332,-1.028421,-97.885955,-81.622049,18.791667,7.057009,3.640278,1.138610,0.000000,0.000000,27.286432,-69.854288,-0.376540,29.867773,-0.733625,-9.973053,0.110189,0.000000,0.000000,-94.207141,-98.125562,-81.782396,18.751759,7.098106,3.690107,1.144477,0.000000,0.000000,0.000000,28.031668,81.245508,11.076106,86.656143,-7.790634,-13.613332,-1.028421,15.718601,nan,nan,nan,0,nan,nan,nan,0,nan,nan,nan,nan,nan,nan,nan,nan,nan,nan,nan,nan,nan,nan,nan,nan,nan,nan,nan,nan,nan,nan,nan,nan,nan,nan,nan,nan,nan,nan,nan,nan,nan,nan,nan,nan,nan,nan,nan,nan,nan,nan,nan,nan,nan,nan,nan,nan,nan,nan,nan,nan,nan,nan,nan,nan,nan,nan,nan,nan,nan,nan,nan,nan,nan,nan,nan,nan,nan,nan,nan,nan,nan,nan,nan,nan,nan,nan,nan,nan
22.840,APPROACH,86.656143,28.031668,81.245508,11.076106,-7.790634,-13.613332,-1.028421,-97.527707,-81.439630,18.849184,7.164967,3.648385,1.150348,0.000000,0.000000,26.985095,-69.887854,-0.875412,29.873062,-0.671320,-9.977441,0.105782,0.000000,0.000000,-93.849274,-97.841371,-81.635307,18.797538,7.111465,3.664296,1.144477,0.000000,0.000000,0.000000,27.639853,80.564217,11.023878,85.884111,-7.836287,-13.625826,-1.044566,15.753147,nan,nan,nan,0,nan,nan,nan,0,nan,nan,nan,nan,nan,nan,nan,nan,nan,nan,nan,nan,nan,nan,nan,nan,nan,nan,nan,nan,nan,nan,nan,nan,nan,nan,nan,nan,nan,nan,nan,nan,nan,nan,nan,nan,nan,nan,nan,nan,nan,nan,nan,nan,nan,nan,nan,nan,nan,nan,nan,nan,nan,nan,nan,nan,nan,nan,nan,nan,nan,nan,nan,nan,nan,nan,nan,nan,nan,nan,nan,nan,nan,nan,nan,nan,nan,nan,nan,nan
22.900,APPROACH,85.117684,27.254904,79.886201,10.972025,-7.698992,-13.560328,-1.037059,-97.173207,-81.260685,18.906115,7.090003,3.578888,1.138610,0.000000,0.000000,26.783707,-69.918303,-1.374484,29.878140,-0.608989,-9.981439,0.101550,0.000000,0.000000,-93.491408,-97.414086,-81.416613,18.866207,7.131328,3.625488,1.144477,0.000000,0.000000,0.000000,27.254904,79.886201,10.972025,85.117684,-7.698992,-13.560328,-1.037059,15.627938,nan,nan,nan,0,nan,nan,nan,0,nan,nan,nan,nan,nan,nan,nan,nan,nan,nan,nan,nan,nan,nan,nan,nan,nan,nan,nan,nan,nan,nan,nan,nan,nan,nan,nan,nan,nan,nan,nan,nan,nan,nan,nan,nan,nan,nan,nan,nan,nan,nan,nan,nan,nan,nan,nan,nan,nan,nan,nan,nan,nan,nan,nan,nan,nan,nan,nan,nan,nan,nan,nan,nan,nan,nan,nan,nan,nan,nan,nan,nan,nan,nan,nan,nan,nan,nan,nan,nan
22.940,APPROACH,85.117684,27.254904,79.886201,10.972025,-7.698992,-13.560328,-1.037059,-96.813306,-81.081393,18.963632,7.198017,3.585843,1.150348,0.000000,0.000000,26.481156,-69.945635,-1.873737,29.883014,-0.546634,-9.985048,0.097488,0.000000,0.000000,-93.133541,-97.128570,-81.272112,18.911986,7.144452,3.599556,1.144477,0.000000,0.000000,0.000000,26.867671,79.207656,10.919382,84.350207,-7.744650,-13.570892,-1.052859,15.660690,nan,nan,nan,0,nan,nan,nan,0,nan,nan,nan,nan,nan,nan,nan,nan,nan,nan,nan,nan,nan,nan,nan,nan,nan,nan,nan,nan,nan,nan,nan,nan,nan,nan,nan,nan,nan,nan,nan,nan,nan,nan,nan,nan,nan,nan,nan,nan,nan,nan,nan,nan,nan,nan,nan,nan,nan,nan,nan,nan,nan,nan,nan,nan,nan,nan,nan,nan,nan,nan,nan,nan,nan,nan,nan,nan,nan,nan,nan,nan,nan,nan,nan,nan,nan,nan,nan,nan
23.000,APPROACH,83.588345,26.487338,78.532399,10.867131,-7.606670,-13.505137,-1.045021,-96.457185,-80.905550,19.020563,7.122412,3.516869,1.138609,0.000000,0.000000,26.279006,-69.969848,-2.373150,29.887693,-0.484257,-9.988268,0.093589,0.000000,0.000000,-92.775675,-96.699316,-81.057308,18.980654,7.163962,3.560569,1.144477,0.000000,0.000000,0.000000,26.487338,78.532399,10.867131,83.588345,-7.606670,-13.505137,-1.045021,15.535192,nan,nan,nan,0,nan,nan,nan,0,nan,nan,nan,nan,nan,nan,nan,nan,nan,nan,nan,nan,nan,nan,nan,nan,nan,nan,nan,nan,nan,nan,nan,nan,nan,nan,nan,nan,nan,nan,nan,nan,nan,nan,nan,nan,nan,nan,nan,nan,nan,nan,nan,nan,nan,nan,nan,nan,nan,nan,nan,nan,nan,nan,nan,nan,nan,nan,nan,nan,nan,nan,nan,nan,nan,nan,nan,nan,nan,nan,nan,nan,nan,nan,nan,nan,nan,nan,nan,nan
23.040,APPROACH,83.588345,26.487338,78.532399,10.867131,-7.606670,-13.505137,-1.045021,-96.095662,-80.729415,19.078080,7.230473,3.522691,1.150348,0.000000,0.000000,25.975377,-69.990941,-2.872705,29.892186,-0.421862,-9.991098,0.089845,0.000000,0.000000,-92.417809,-96.412500,-80.915406,19.026433,7.176850,3.534519,1.144477,0.000000,0.000000,0.000000,26.104721,77.856710,10.814106,82.825531,-7.652334,-13.513789,-1.060502,15.566162,nan,nan,nan,0,nan,nan,nan,0,nan,nan,nan,nan,nan,nan,nan,nan,nan,nan,nan,nan,nan,nan,nan,nan,nan,nan,nan,nan,nan,nan,nan,nan,nan,nan,nan,nan,nan,nan,nan,nan,nan,nan,nan,nan,nan,nan,nan,nan,nan,nan,nan,nan,nan,nan,nan,nan,nan,nan,nan,nan,nan,nan,nan,nan,nan,nan,nan,nan,nan,nan,nan,nan,nan,nan,nan,nan,nan,nan,nan,nan,nan,nan,nan,nan,nan,nan,nan,nan
23.100,APPROACH,82.068338,25.729037,77.184320,10.761488,-7.513684,-13.447802,-1.052358,-95.737950,-80.556702,19.135011,7.154234,3.454264,1.138609,0.000000,0.000000,25.772550,-70.008913,-3.372382,29.896498,-0.359450,-9.993538,0.086251,0.000000,0.000000,-92.059942,-95.981313,-80.704509,19.095102,7.196004,3.495357,1.144477,0.000000,0.000000,0.000000,25.729037,77.184320,10.761488,82.068338,-7.513684,-13.447802,-1.052358,15.440411,nan,nan,nan,0,nan,nan,nan,0,nan,nan,nan,nan,nan,nan,nan,nan,nan,nan,nan,nan,nan,nan,nan,nan,nan,nan,nan,nan,nan,nan,nan,nan,nan,nan,nan,nan,nan,nan,nan,nan,nan,nan,nan,nan,nan,nan,nan,nan,nan,nan,nan,nan,nan,nan,nan,nan,nan,nan,nan,nan,nan,nan,nan,nan,nan,nan,nan,nan,nan,nan,nan,nan,nan,nan,nan,nan,nan,nan,nan,nan,nan,nan,nan,nan,nan,nan,nan,nan
23.140,APPROACH,82.068338,25.729037,77.184320,10.761488,-7.513684,-13.447802,-1.052358,-95.374833,-80.383753,19.192528,7.262332,3.458971,1.150347,0.000000,0.000000,25.467963,-70.023765,-3.872161,29.900638,-0.297025,-9.995588,0.082801,0.000000,0.000000,-91.702076,-95.693220,-80.565218,19.140881,7.208655,3.469191,1.144477,0.000000,0.000000,0.000000,25.351069,76.511592,10.708110,81.310295,-7.559357,-13.454559,-1.067546,15.469605,nan,nan,nan,0,nan,nan,nan,0,nan,nan,nan,nan,nan,nan,nan,nan,nan,nan,nan,nan,nan,nan,nan,nan,nan,nan,nan,nan,nan,nan,nan,nan,nan,nan,nan,nan,nan,nan,nan,nan,nan,nan,nan,nan,nan,nan,nan,nan,nan,nan,nan,nan,nan,nan,nan,nan,nan,nan,nan,nan,nan,nan,nan,nan,nan,nan,nan,nan,nan,nan,nan,nan,nan,nan,nan,nan,nan,nan,nan,nan,nan,nan,nan,nan,nan,nan,nan,nan
23.200,APPROACH,80.557876,24.980066,75.842174,10.655154,-7.420052,-13.388362,-1.059120,-95.015560,-80.214198,19.249458,7.185465,3.391114,1.138609,0.000000,0.000000,25.264533,-70.035494,-4.372024,29.904613,-0.234587,-9.997248,0.079489,0.000000,0.000000,-91.344209,-95.260135,-80.358246,19.209550,7.227454,3.429856,1.144477,0.000000,0.000000,0.000000,24.980066,75.842174,10.655154,80.557876,-7.420052,-13.388362,-1.059120,15.343635,nan,nan,nan,0,nan,nan,nan,0,nan,nan,nan,nan,nan,nan,nan,nan,nan,nan,nan,nan,nan,nan,nan,nan,nan,nan,nan,nan,nan,nan,nan,nan,nan,nan,nan,nan,nan,nan,nan,nan,nan,nan,nan,nan,nan,nan,nan,nan,nan,nan,nan,nan,nan,nan,nan,nan,nan,nan,nan,nan,nan,nan,nan,nan,nan,nan,nan,nan,nan,nan,nan,nan,nan,nan,nan,nan,nan,nan,nan,nan,nan,nan,nan,nan,nan,nan,nan,nan
23.240,APPROACH,80.557876,24.980066,75.842174,10.655154,-7.420052,-13.388362,-1.059120,-94.650881,-80.044461,19.306976,7.293592,3.394721,1.150347,0.000000,0.000000,24.959095,-70.044101,-4.871950,29.908428,-0.172141,-9.998518,0.076310,0.000000,0.000000,-90.986343,-94.970788,-80.221577,19.255329,7.239866,3.403577,1.144477,0.000000,0.000000,0.000000,24.606780,75.172512,10.601453,79.804705,-7.465733,-13.393239,-1.074038,15.371063,nan,nan,nan,0,nan,nan,nan,0,nan,nan,nan,nan,nan,nan,nan,nan,nan,nan,nan,nan,nan,nan,nan,nan,nan,nan,nan,nan,nan,nan,nan,nan,nan,nan,nan,nan,nan,nan,nan,nan,nan,nan,nan,nan,nan,nan,nan,nan,nan,nan,nan,nan,nan,nan,nan,nan,nan,nan,nan,nan,nan,nan,nan,nan,nan,nan,nan,nan,nan,nan,nan,nan,nan,nan,nan,nan,nan,nan,nan,nan,nan,nan,nan,nan,nan,nan,nan,nan
23.300,APPROACH,79.057162,24.240490,74.506169,10.548185,-7.325791,-13.326851,-1.065352,-94.290075,-79.878089,19.363906,7.216104,3.327453,1.138609,0.000000,0.000000,24.755131,-70.049585,-5.371920,29.912091,-0.109688,-9.999398,0.073257,0.000000,0.000000,-90.628476,-94.535842,-80.018547,19.323997,7.258306,3.364073,1.144477,0.000000,0.000000,0.000000,24.240490,74.506169,10.548185,79.057162,-7.325791,-13.326851,-1.065352,15.244906,nan,nan,nan,0,nan,nan,nan,0,nan,nan,nan,nan,nan,nan,nan,nan,nan,nan,nan,nan,nan,nan,nan,nan,nan,nan,nan,nan,nan,nan,nan,nan,nan,nan,nan,nan,nan,nan,nan,nan,nan,nan,nan,nan,nan,nan,nan,nan,nan,nan,nan,nan,nan,nan,nan,nan,nan,nan,nan,nan,nan,nan,nan,nan,nan,nan,nan,nan,nan,nan,nan,nan,nan,nan,nan,nan,nan,nan,nan,nan,nan,nan,nan,nan,nan,nan,nan,nan
23.340,APPROACH,79.057162,24.240490,74.506169,10.548185,-7.325791,-13.326851,-1.065352,-93.923863,-79.711590,19.421424,7.324251,3.329973,1.150347,0.000000,0.000000,24.448936,-70.051947,-5.871914,29.915608,-0.047230,-9.999888,0.070327,0.000000,0.000000,-90.270610,-94.245266,-79.884512,19.369776,7.270480,3.337682,1.144477,0.000000,0.000000,0.000000,23.871916,73.839676,10.494184,78.308965,-7.371481,-13.329862,-1.080020,15.270573,nan,nan,nan,0,nan,nan,nan,0,nan,nan,nan,nan,nan,nan,nan,nan,nan,nan,nan,nan,nan,nan,nan,nan,nan,nan,nan,nan,nan,nan,nan,nan,nan,nan,nan,nan,nan,nan,nan,nan,nan,nan,nan,nan,nan,nan,nan,nan,nan,nan,nan,nan,nan,nan,nan,nan,nan,nan,nan,nan,nan,nan,nan,nan,nan,nan,nan,nan,nan,nan,nan,nan,nan,nan,nan,nan,nan,nan,nan,nan,nan,nan,nan,nan,nan,nan,nan,nan
23.400,APPROACH,77.566397,23.510370,73.176511,10.440629,-7.230918,-13.263302,-1.071095,-93.561555,-79.548424,19.478354,7.246147,3.263314,1.138609,0.000000,0.000000,24.244496,-70.051185,-6.371913,29.918983,0.015229,-9.999988,0.067514,0.000000,0.000000,-89.912744,-93.808494,-79.685441,19.438445,7.288561,3.298012,1.144477,0.000000,0.000000,0.000000,23.510370,73.176511,10.440629,77.566397,-7.230918,-13.263302,-1.071095,15.144260,nan,nan,nan,0,nan,nan,nan,0,nan,nan,nan,nan,nan,nan,nan,nan,nan,nan,nan,nan,nan,nan,nan,nan,nan,nan,nan,nan,nan,nan,nan,nan,nan,nan,nan,nan,nan,nan,nan,nan,nan,nan,nan,nan,nan,nan,nan,nan,nan,nan,nan,nan,nan,nan,nan,nan,nan,nan,nan,nan,nan,nan,nan,nan,nan,nan,nan,nan,nan,nan,nan,nan,nan,nan,nan,nan,nan,nan,nan,nan,nan,nan,nan,nan,nan,nan,nan,nan
23.440,APPROACH,77.566397,23.510370,73.176511,10.440629,-7.230918,-13.263302,-1.071095,-93.193840,-79.385186,19.535871,7.354306,3.264760,1.150347,0.000000,0.000000,23.937630,-70.047301,-6.871898,29.922224,0.077688,-9.999698,0.064813,0.000000,0.000000,-89.554877,-93.516712,-79.554050,19.484224,7.300494,3.271511,1.144477,0.000000,0.000000,0.000000,23.146539,72.513288,10.386353,76.823275,-7.276618,-13.264458,-1.085534,15.168171,nan,nan,nan,0,nan,nan,nan,0,nan,nan,nan,nan,nan,nan,nan,nan,nan,nan,nan,nan,nan,nan,nan,nan,nan,nan,nan,nan,nan,nan,nan,nan,nan,nan,nan,nan,nan,nan,nan,nan,nan,nan,nan,nan,nan,nan,nan,nan,nan,nan,nan,nan,nan,nan,nan,nan,nan,nan,nan,nan,nan,nan,nan,nan,nan,nan,nan,nan,nan,nan,nan,nan,nan,nan,nan,nan,nan,nan,nan,nan,nan,nan,nan,nan,nan,nan,nan,nan
23.500,APPROACH,76.085780,22.789767,71.853401,10.332533,-7.135449,-13.197744,-1.076388,-92.830061,-79.225250,19.592802,7.275593,3.198726,1.138609,0.000000,0.000000,23.732768,-70.040294,-7.371849,29.925335,0.140143,-9.999018,0.062221,0.000000,0.000000,-89.197011,-93.078150,-79.358954,19.552893,7.318214,3.231679,1.144477,0.000000,0.000000,0.000000,22.789767,71.853401,10.332533,76.085780,-7.135449,-13.197744,-1.076388,15.041732,nan,nan,nan,0,nan,nan,nan,0,nan,nan,nan,nan,nan,nan,nan,nan,nan,nan,nan,nan,nan,nan,nan,nan,nan,nan,nan,nan,nan,nan,nan,nan,nan,nan,nan,nan,nan,nan,nan,nan,nan,nan,nan,nan,nan,nan,nan,nan,nan,nan,nan,nan,nan,nan,nan,nan,nan,nan,nan,nan,nan,nan,nan,nan,nan,nan,nan,nan,nan,nan,nan,nan,nan,nan,nan,nan,nan,nan,nan,nan,nan,nan,nan,nan,nan,nan,nan,nan
23.540,APPROACH,76.085780,22.789767,71.853401,10.332533,-7.135449,-13.197744,-1.076388,-92.460873,-79.065295,19.650319,7.383754,3.199108,1.150347,0.000000,0.000000,23.425305,-70.030164,-7.871747,29.928322,0.202594,-9.997948,0.059732,0.000000,0.000000,-88.839144,-92.785187,-79.230219,19.598672,7.329906,3.205071,1.144477,0.000000,0.000000,0.000000,22.430709,71.193548,10.278002,75.347829,-7.181160,-13.197056,-1.090615,15.063890,nan,nan,nan,0,nan,nan,nan,0,nan,nan,nan,nan,nan,nan,nan,nan,nan,nan,nan,nan,nan,nan,nan,nan,nan,nan,nan,nan,nan,nan,nan,nan,nan,nan,nan,nan,nan,nan,nan,nan,nan,nan,nan,nan,nan,nan,nan,nan,nan,nan,nan,nan,nan,nan,nan,nan,nan,nan,nan,nan,nan,nan,nan,nan,nan,nan,nan,nan,nan,nan,nan,nan,nan,nan,nan,nan,nan,nan,nan,nan,nan,nan,nan,nan,nan,nan,nan,nan
23.600,APPROACH,74.615504,22.078739,70.537038,10.223939,-7.039402,-13.130202,-1.081266,-92.095651,-78.908609,19.707250,7.304438,3.133715,1.138609,0.000000,0.000000,23.220068,-70.016912,-8.371571,29.931189,0.265036,-9.996487,0.057343,0.000000,0.000000,-88.481278,-92.344871,-79.039114,19.667340,7.347263,3.165079,1.144477,0.000000,0.000000,0.000000,22.078739,70.537038,10.223939,74.615504,-7.039402,-13.130202,-1.081266,14.937354,nan,nan,nan,0,nan,nan,nan,0,nan,nan,nan,nan,nan,nan,nan,nan,nan,nan,nan,nan,nan,nan,nan,nan,nan,nan,nan,nan,nan,nan,nan,nan,nan,nan,nan,nan,nan,nan,nan,nan,nan,nan,nan,nan,nan,nan,nan,nan,nan,nan,nan,nan,nan,nan,nan,nan,nan,nan,nan,nan,nan,nan,nan,nan,nan,nan,nan,nan,nan,nan,nan,nan,nan,nan,nan,nan,nan,nan,nan,nan,nan,nan,nan,nan,nan,nan,nan,nan
23.640,APPROACH,74.615504,22.078739,70.537038,10.223939,-7.039402,-13.130202,-1.081266,-91.725021,-78.751957,19.764767,7.412593,3.133043,1.150347,0.000000,0.000000,22.912075,-70.000539,-8.871303,29.933941,0.327468,-9.994637,0.055049,0.000000,0.000000,-88.123412,-92.050751,-78.913045,19.713119,7.358713,3.138366,1.144477,0.000000,0.000000,0.000000,21.724482,69.880654,10.169174,73.882820,-7.085125,-13.127680,-1.095298,14.957762,nan,nan,nan,0,nan,nan,nan,0,nan,nan,nan,nan,nan,nan,nan,nan,nan,nan,nan,nan,nan,nan,nan,nan,nan,nan,nan,nan,nan,nan,nan,nan,nan,nan,nan,nan,nan,nan,nan,nan,nan,nan,nan,nan,nan,nan,nan,nan,nan,nan,nan,nan,nan,nan,nan,nan,nan,nan,nan,nan,nan,nan,nan,nan,nan,nan,nan,nan,nan,nan,nan,nan,nan,nan,nan,nan,nan,nan,nan,nan,nan,nan,nan,nan,nan,nan,nan,nan
23.700,APPROACH,73.155758,21.377343,69.227619,10.114886,-6.942794,-13.060702,-1.085762,-91.358387,-78.598542,19.821697,7.332681,3.068305,1.138609,0.000000,0.000000,22.706504,-69.981045,-9.370923,29.936583,0.389887,-9.992397,0.052847,0.000000,0.000000,-87.765545,-91.608718,-78.725947,19.781788,7.375706,3.098218,1.144477,0.000000,0.000000,0.000000,21.377343,69.227619,10.114886,73.155758,-6.942794,-13.060702,-1.085762,14.831156,nan,nan,nan,0,nan,nan,nan,0,nan,nan,nan,nan,nan,nan,nan,nan,nan,nan,nan,nan,nan,nan,nan,nan,nan,nan,nan,nan,nan,nan,nan,nan,nan,nan,nan,nan,nan,nan,nan,nan,nan,nan,nan,nan,nan,nan,nan,nan,nan,nan,nan,nan,nan,nan,nan,nan,nan,nan,nan,nan,nan,nan,nan,nan,nan,nan,nan,nan,nan,nan,nan,nan,nan,nan,nan,nan,nan,nan,nan,nan,nan,nan,nan,nan,nan,nan,nan,nan
23.740,APPROACH,73.155758,21.377343,69.227619,10.114886,-6.942794,-13.060702,-1.085762,-90.986346,-78.445212,19.879215,7.440820,3.066587,1.150347,0.000000,0.000000,22.398040,-69.958430,-9.870411,29.939120,0.452291,-9.989766,0.050733,0.000000,0.000000,-87.407679,-91.313465,-78.602554,19.827567,7.386913,3.071402,1.144477,0.000000,0.000000,0.000000,21.027916,68.574801,10.059905,72.428436,-6.988529,-13.056353,-1.099614,14.849816,nan,nan,nan,0,nan,nan,nan,0,nan,nan,nan,nan,nan,nan,nan,nan,nan,nan,nan,nan,nan,nan,nan,nan,nan,nan,nan,nan,nan,nan,nan,nan,nan,nan,nan,nan,nan,nan,nan,nan,nan,nan,nan,nan,nan,nan,nan,nan,nan,nan,nan,nan,nan,nan,nan,nan,nan,nan,nan,nan,nan,nan,nan,nan,nan,nan,nan,nan,nan,nan,nan,nan,nan,nan,nan,nan,nan,nan,nan,nan,nan,nan,nan,nan,nan,nan,nan,nan
23.800,APPROACH,71.706731,20.685634,67.925338,10.005410,-6.845642,-12.989264,-1.089905,-90.618330,-78.295086,19.936145,7.360319,3.002518,1.138609,0.000000,0.000000,22.192174,-69.932696,-10.369748,29.941555,0.514677,-9.986747,0.048704,0.000000,0.000000,-87.049812,-90.869750,-78.419479,19.896236,7.403541,3.031102,1.144477,0.000000,0.000000,0.000000,20.685634,67.925338,10.005410,71.706731,-6.845642,-12.989264,-1.089905,14.723169,nan,nan,nan,0,nan,nan,nan,0,nan,nan,nan,nan,nan,nan,nan,nan,nan,nan,nan,nan,nan,nan,nan,nan,nan,nan,nan,nan,nan,nan,nan,nan,nan,nan,nan,nan,nan,nan,nan,nan,nan,nan,nan,nan,nan,nan,nan,nan,nan,nan,nan,nan,nan,nan,nan,nan,nan,nan,nan,nan,nan,nan,nan,nan,nan,nan,nan,nan,nan,nan,nan,nan,nan,nan,nan,nan,nan,nan,nan,nan,nan,nan,nan,nan,nan,nan,nan,nan
23.840,APPROACH,71.706731,20.685634,67.925338,10.005410,-6.845642,-12.989264,-1.089905,-90.244909,-78.145098,19.993662,7.468434,2.999761,1.150347,0.000000,0.000000,21.883291,-69.903844,-10.868915,29.943893,0.577044,-9.983337,0.046756,0.000000,0.000000,-86.691946,-90.573389,-78.298773,19.942015,7.414504,3.004185,1.144477,0.000000,0.000000,0.000000,20.341065,67.276183,9.950231,70.984863,-6.891390,-12.983099,-1.103591,14.740082,nan,nan,nan,0,nan,nan,nan,0,nan,nan,nan,nan,nan,nan,nan,nan,nan,nan,nan,nan,nan,nan,nan,nan,nan,nan,nan,nan,nan,nan,nan,nan,nan,nan,nan,nan,nan,nan,nan,nan,nan,nan,nan,nan,nan,nan,nan,nan,nan,nan,nan,nan,nan,nan,nan,nan,nan,nan,nan,nan,nan,nan,nan,nan,nan,nan,nan,nan,nan,nan,nan,nan,nan,nan,nan,nan,nan,nan,nan,nan,nan,nan,nan,nan,nan,nan,nan,nan
23.900,APPROACH,70.268606,20.003667,66.630388,9.895545,-6.747963,-12.915912,-1.093723,-89.875541,-77.998280,20.050593,7.387350,2.936373,1.138608,0.000000,0.000000,21.677162,-69.871875,-11.367892,29.946137,0.639387,-9.979538,0.044885,0.000000,0.000000,-86.334079,-90.128030,-78.119735,20.010683,7.430765,2.963736,1.144477,0.000000,0.000000,0.000000,20.003667,66.630388,9.895545,70.268606,-6.747963,-12.915912,-1.093723,14.613419,nan,nan,nan,0,nan,nan,nan,0,nan,nan,nan,nan,nan,nan,nan,nan,nan,nan,nan,nan,nan,nan,nan,nan,nan,nan,nan,nan,nan,nan,nan,nan,nan,nan,nan,nan,nan,nan,nan,nan,nan,nan,nan,nan,nan,nan,nan,nan,nan,nan,nan,nan,nan,nan,nan,nan,nan,nan,nan,nan,nan,nan,nan,nan,nan,nan,nan,nan,nan,nan,nan,nan,nan,nan,nan,nan,nan,nan,nan,nan,nan,nan,nan,nan,nan,nan,nan,nan
23.940,APPROACH,70.268606,20.003667,66.630388,9.895545,-6.747963,-12.915912,-1.093723,-89.500770,-77.851650,20.108110,7.495431,2.932585,1.150347,0.000000,0.000000,21.367908,-69.836789,-11.866660,29.948292,0.701706,-9.975350,0.043090,0.000000,0.000000,-85.976213,-89.830585,-78.001726,20.056463,7.441483,2.936721,1.144477,0.000000,0.000000,0.000000,19.663980,65.984991,9.840182,69.552285,-6.793725,-12.907935,-1.107257,14.628585,nan,nan,nan,0,nan,nan,nan,0,nan,nan,nan,nan,nan,nan,nan,nan,nan,nan,nan,nan,nan,nan,nan,nan,nan,nan,nan,nan,nan,nan,nan,nan,nan,nan,nan,nan,nan,nan,nan,nan,nan,nan,nan,nan,nan,nan,nan,nan,nan,nan,nan,nan,nan,nan,nan,nan,nan,nan,nan,nan,nan,nan,nan,nan,nan,nan,nan,nan,nan,nan,nan,nan,nan,nan,nan,nan,nan,nan,nan,nan,nan,nan,nan,nan,nan,nan,nan,nan
24.000,APPROACH,68.841566,19.331492,65.342958,9.785320,-6.649774,-12.840662,-1.097242,-89.130081,-77.708156,20.165041,7.413772,2.869890,1.138608,0.000000,0.000000,21.161545,-69.798589,-12.365198,29.950360,0.763998,-9.970773,0.041366,0.000000,0.000000,-85.618347,-89.383618,-77.826740,20.125131,7.457376,2.896125,1.144477,0.000000,0.000000,0.000000,19.331492,65.342958,9.785320,68.841566,-6.649774,-12.840662,-1.097242,14.501932,nan,nan,nan,0,nan,nan,nan,0,nan,nan,nan,nan,nan,nan,nan,nan,nan,nan,nan,nan,nan,nan,nan,nan,nan,nan,nan,nan,nan,nan,nan,nan,nan,nan,nan,nan,nan,nan,nan,nan,nan,nan,nan,nan,nan,nan,nan,nan,nan,nan,nan,nan,nan,nan,nan,nan,nan,nan,nan,nan,nan,nan,nan,nan,nan,nan,nan,nan,nan,nan,nan,nan,nan,nan,nan,nan,nan,nan,nan,nan,nan,nan,nan,nan,nan,nan,nan,nan
24.040,APPROACH,68.841566,19.331492,65.342958,9.785320,-6.649774,-12.840662,-1.097242,-88.753990,-77.564902,20.222558,7.521810,2.865076,1.150347,0.000000,0.000000,20.851961,-69.757276,-12.863489,29.952346,0.826259,-9.965806,0.039712,0.000000,0.000000,-85.260480,-89.085113,-77.711437,20.170910,7.467849,2.869013,1.144477,0.000000,0.000000,0.000000,18.996714,64.701414,9.729788,68.130880,-6.695551,-12.830882,-1.110635,14.515353,nan,nan,nan,0,nan,nan,nan,0,nan,nan,nan,nan,nan,nan,nan,nan,nan,nan,nan,nan,nan,nan,nan,nan,nan,nan,nan,nan,nan,nan,nan,nan,nan,nan,nan,nan,nan,nan,nan,nan,nan,nan,nan,nan,nan,nan,nan,nan,nan,nan,nan,nan,nan,nan,nan,nan,nan,nan,nan,nan,nan,nan,nan,nan,nan,nan,nan,nan,nan,nan,nan,nan,nan,nan,nan,nan,nan,nan,nan,nan,nan,nan,nan,nan,nan,nan,nan,nan
24.100,APPROACH,67.425788,18.669159,64.063237,9.674764,-6.551093,-12.763535,-1.100485,-88.382011,-77.424748,20.279488,7.439581,2.803083,1.138608,0.000000,0.000000,20.645391,-69.712852,-13.361511,29.954252,0.888489,-9.960451,0.038123,0.000000,0.000000,-84.902614,-88.636575,-77.540518,20.239579,7.483372,2.828275,1.144477,0.000000,0.000000,0.000000,18.669159,64.063237,9.674764,67.425788,-6.551093,-12.763535,-1.100485,14.388735,nan,nan,nan,0,nan,nan,nan,0,nan,nan,nan,nan,nan,nan,nan,nan,nan,nan,nan,nan,nan,nan,nan,nan,nan,nan,nan,nan,nan,nan,nan,nan,nan,nan,nan,nan,nan,nan,nan,nan,nan,nan,nan,nan,nan,nan,nan,nan,nan,nan,nan,nan,nan,nan,nan,nan,nan,nan,nan,nan,nan,nan,nan,nan,nan,nan,nan,nan,nan,nan,nan,nan,nan,nan,nan,nan,nan,nan,nan,nan,nan,nan,nan,nan,nan,nan,nan,nan
24.140,APPROACH,67.425788,18.669159,64.063237,9.674764,-6.551093,-12.763535,-1.100485,-88.004633,-77.284885,20.337006,7.547569,2.797250,1.150347,0.000000,0.000000,20.335514,-69.665318,-13.859246,29.956082,0.950683,-9.954707,0.036598,0.000000,0.000000,-84.544747,-88.337035,-77.427931,20.285358,7.493598,2.801070,1.144477,0.000000,0.000000,0.000000,18.339315,63.425639,9.619076,66.720827,-6.596886,-12.751958,-1.113748,14.400408,nan,nan,nan,0,nan,nan,nan,0,nan,nan,nan,nan,nan,nan,nan,nan,nan,nan,nan,nan,nan,nan,nan,nan,nan,nan,nan,nan,nan,nan,nan,nan,nan,nan,nan,nan,nan,nan,nan,nan,nan,nan,nan,nan,nan,nan,nan,nan,nan,nan,nan,nan,nan,nan,nan,nan,nan,nan,nan,nan,nan,nan,nan,nan,nan,nan,nan,nan,nan,nan,nan,nan,nan,nan,nan,nan,nan,nan,nan,nan,nan,nan,nan,nan,nan,nan,nan,nan
24.200,APPROACH,66.021449,18.016718,62.791412,9.563903,-6.451937,-12.684546,-1.103474,-87.631394,-77.148087,20.393936,7.464778,2.735970,1.138608,0.000000,0.000000,20.128760,-69.614676,-14.356675,29.957839,1.012841,-9.948575,0.035134,0.000000,0.000000,-84.186881,-87.886964,-77.261093,20.354027,7.508751,2.760192,1.144477,0.000000,0.000000,0.000000,18.016718,62.791412,9.563903,66.021449,-6.451937,-12.684546,-1.103474,14.273852,nan,nan,nan,0,nan,nan,nan,0,nan,nan,nan,nan,nan,nan,nan,nan,nan,nan,nan,nan,nan,nan,nan,nan,nan,nan,nan,nan,nan,nan,nan,nan,nan,nan,nan,nan,nan,nan,nan,nan,nan,nan,nan,nan,nan,nan,nan,nan,nan,nan,nan,nan,nan,nan,nan,nan,nan,nan,nan,nan,nan,nan,nan,nan,nan,nan,nan,nan,nan,nan,nan,nan,nan,nan,nan,nan,nan,nan,nan,nan,nan,nan,nan,nan,nan,nan,nan,nan
24.240,APPROACH,66.021449,18.016718,62.791412,9.563903,-6.451937,-12.684546,-1.103474,-87.252759,-77.011631,20.451453,7.572705,2.729122,1.150347,0.000000,0.000000,19.818623,-69.560928,-14.853778,29.959525,1.074959,-9.942055,0.033729,0.000000,0.000000,-83.829015,-87.586414,-77.151231,20.399806,7.518729,2.732895,1.144477,0.000000,0.000000,0.000000,17.691831,62.157853,9.508072,65.322301,-6.497746,-12.671178,-1.116617,14.283777,nan,nan,nan,0,nan,nan,nan,0,nan,nan,nan,nan,nan,nan,nan,nan,nan,nan,nan,nan,nan,nan,nan,nan,nan,nan,nan,nan,nan,nan,nan,nan,nan,nan,nan,nan,nan,nan,nan,nan,nan,nan,nan,nan,nan,nan,nan,nan,nan,nan,nan,nan,nan,nan,nan,nan,nan,nan,nan,nan,nan,nan,nan,nan,nan,nan,nan,nan,nan,nan,nan,nan,nan,nan,nan,nan,nan,nan,nan,nan,nan,nan,nan,nan,nan,nan,nan,nan
24.300,APPROACH,64.628723,17.374215,61.527667,9.452760,-6.352323,-12.603712,-1.106228,-86.878291,-76.878203,20.508384,7.489358,2.668565,1.138608,0.000000,0.000000,19.611706,-69.504076,-15.350535,29.961144,1.137035,-9.935147,0.032380,0.000000,0.000000,-83.471148,-87.134846,-76.988487,20.468474,7.533510,2.691881,1.144477,0.000000,0.000000,0.000000,17.374215,61.527667,9.452760,64.628723,-6.352323,-12.603712,-1.106228,14.157306,nan,nan,nan,0,nan,nan,nan,0,nan,nan,nan,nan,nan,nan,nan,nan,nan,nan,nan,nan,nan,nan,nan,nan,nan,nan,nan,nan,nan,nan,nan,nan,nan,nan,nan,nan,nan,nan,nan,nan,nan,nan,nan,nan,nan,nan,nan,nan,nan,nan,nan,nan,nan,nan,nan,nan,nan,nan,nan,nan,nan,nan,nan,nan,nan,nan,nan,nan,nan,nan,nan,nan,nan,nan,nan,nan,nan,nan,nan,nan,nan,nan,nan,nan,nan,nan,nan,nan
24.340,APPROACH,64.628723,17.374215,61.527667,9.452760,-6.352323,-12.603712,-1.106228,-86.498430,-76.745167,20.565901,7.597217,2.660706,1.150346,0.000000,0.000000,19.301337,-69.444123,-15.846928,29.962698,1.199067,-9.927852,0.031085,0.000000,0.000000,-83.113282,-86.833310,-76.881359,20.514253,7.543240,2.664495,1.144477,0.000000,0.000000,0.000000,17.054307,60.898239,9.396797,63.935473,-6.398150,-12.588558,-1.119262,14.165481,nan,nan,nan,0,nan,nan,nan,0,nan,nan,nan,nan,nan,nan,nan,nan,nan,nan,nan,nan,nan,nan,nan,nan,nan,nan,nan,nan,nan,nan,nan,nan,nan,nan,nan,nan,nan,nan,nan,nan,nan,nan,nan,nan,nan,nan,nan,nan,nan,nan,nan,nan,nan,nan,nan,nan,nan,nan,nan,nan,nan,nan,nan,nan,nan,nan,nan,nan,nan,nan,nan,nan,nan,nan,nan,nan,nan,nan,nan,nan,nan,nan,nan,nan,nan,nan,nan,nan
24.400,APPROACH,63.247781,16.741694,60.272187,9.341359,-6.252269,-12.521049,-1.108767,-86.122764,-76.615123,20.622832,7.513321,2.600880,1.138608,0.000000,0.000000,19.094275,-69.381070,-16.342936,29.964190,1.261052,-9.920169,0.029841,0.000000,0.000000,-82.755415,-86.380283,-76.722724,20.582922,7.557648,2.623349,1.144477,0.000000,0.000000,0.000000,16.741694,60.272187,9.341359,63.247781,-6.252269,-12.521049,-1.108767,14.039120,nan,nan,nan,0,nan,nan,nan,0,nan,nan,nan,nan,nan,nan,nan,nan,nan,nan,nan,nan,nan,nan,nan,nan,nan,nan,nan,nan,nan,nan,nan,nan,nan,nan,nan,nan,nan,nan,nan,nan,nan,nan,nan,nan,nan,nan,nan,nan,nan,nan,nan,nan,nan,nan,nan,nan,nan,nan,nan,nan,nan,nan,nan,nan,nan,nan,nan,nan,nan,nan,nan,nan,nan,nan,nan,nan,nan,nan,nan,nan,nan,nan,nan,nan,nan,nan,nan,nan
24.440,APPROACH,63.247781,16.741694,60.272187,9.341359,-6.252269,-12.521049,-1.108767,-85.741709,-76.485522,20.680349,7.621101,2.592016,1.150346,0.000000,0.000000,18.783702,-69.314921,-16.838541,29.965623,1.322988,-9.912099,0.028648,0.000000,0.000000,-82.397549,-86.077787,-76.618339,20.628701,7.567129,2.595875,1.144477,0.000000,0.000000,0.000000,16.426788,59.646981,9.285274,62.560515,-6.298113,-12.504114,-1.121699,14.045544,nan,nan,nan,0,nan,nan,nan,0,nan,nan,nan,nan,nan,nan,nan,nan,nan,nan,nan,nan,nan,nan,nan,nan,nan,nan,nan,nan,nan,nan,nan,nan,nan,nan,nan,nan,nan,nan,nan,nan,nan,nan,nan,nan,nan,nan,nan,nan,nan,nan,nan,nan,nan,nan,nan,nan,nan,nan,nan,nan,nan,nan,nan,nan,nan,nan,nan,nan,nan,nan,nan,nan,nan,nan,nan,nan,nan,nan,nan,nan,nan,nan,nan,nan,nan,nan,nan,nan
24.500,APPROACH,61.878792,16.119199,59.025153,9.229719,-6.151792,-12.436571,-1.111106,-85.364876,-76.358876,20.737279,7.536664,2.532928,1.138608,0.000000,0.000000,18.576510,-69.245677,-17.333723,29.966998,1.384872,-9.903642,0.027502,0.000000,0.000000,-82.039683,-85.623337,-76.463825,20.697370,7.581162,2.554600,1.144477,0.000000,0.000000,0.000000,16.119199,59.025153,9.229719,61.878792,-6.151792,-12.436571,-1.111106,13.919317,nan,nan,nan,0,nan,nan,nan,0,nan,nan,nan,nan,nan,nan,nan,nan,nan,nan,nan,nan,nan,nan,nan,nan,nan,nan,nan,nan,nan,nan,nan,nan,nan,nan,nan,nan,nan,nan,nan,nan,nan,nan,nan,nan,nan,nan,nan,nan,nan,nan,nan,nan,nan,nan,nan,nan,nan,nan,nan,nan,nan,nan,nan,nan,nan,nan,nan,nan,nan,nan,nan,nan,nan,nan,nan,nan,nan,nan,nan,nan,nan,nan,nan,nan,nan,nan,nan,nan
24.540,APPROACH,61.878792,16.119199,59.025153,9.229719,-6.151792,-12.436571,-1.111106,-84.982658,-76.232723,20.794797,7.644357,2.523062,1.150346,0.000000,0.000000,18.265755,-69.173342,-17.828463,29.968318,1.446702,-9.894799,0.026402,0.000000,0.000000,-81.681816,-85.319905,-76.362192,20.743149,7.590393,2.527041,1.144477,0.000000,0.000000,0.000000,15.809316,58.404260,9.173521,61.197594,-6.197655,-12.417861,-1.123945,13.923988,nan,nan,nan,0,nan,nan,nan,0,nan,nan,nan,nan,nan,nan,nan,nan,nan,nan,nan,nan,nan,nan,nan,nan,nan,nan,nan,nan,nan,nan,nan,nan,nan,nan,nan,nan,nan,nan,nan,nan,nan,nan,nan,nan,nan,nan,nan,nan,nan,nan,nan,nan,nan,nan,nan,nan,nan,nan,nan,nan,nan,nan,nan,nan,nan,nan,nan,nan,nan,nan,nan,nan,nan,nan,nan,nan,nan,nan,nan,nan,nan,nan,nan,nan,nan,nan,nan,nan
24.600,APPROACH,60.521923,15.506770,57.786745,9.117858,-6.050909,-12.350292,-1.113263,-84.604689,-76.109487,20.851727,7.559385,2.464722,1.138608,0.000000,0.000000,18.058450,-69.097918,-18.322742,29.969585,1.508476,-9.885570,0.025346,0.000000,0.000000,-81.323950,-84.864071,-76.211811,20.811817,7.604051,2.485640,1.144477,0.000000,0.000000,0.000000,15.506770,57.786745,9.117858,60.521923,-6.050909,-12.350292,-1.113263,13.797919,nan,nan,nan,0,nan,nan,nan,0,nan,nan,nan,nan,nan,nan,nan,nan,nan,nan,nan,nan,nan,nan,nan,nan,nan,nan,nan,nan,nan,nan,nan,nan,nan,nan,nan,nan,nan,nan,nan,nan,nan,nan,nan,nan,nan,nan,nan,nan,nan,nan,nan,nan,nan,nan,nan,nan,nan,nan,nan,nan,nan,nan,nan,nan,nan,nan,nan,nan,nan,nan,nan,nan,nan,nan,nan,nan,nan,nan,nan,nan,nan,nan,nan,nan,nan,nan,nan,nan
24.640,APPROACH,60.521923,15.506770,57.786745,9.117858,-6.050909,-12.350292,-1.113263,-84.221339,-75.986794,20.909244,7.666983,2.453857,1.150346,0.000000,0.000000,17.747533,-69.019409,-18.816540,29.970802,1.570191,-9.875956,0.024332,0.000000,0.000000,-80.966084,-84.559729,-76.112938,20.857596,7.613031,2.457998,1.144477,0.000000,0.000000,0.000000,15.201931,57.170254,9.061557,59.846875,-6.096792,-12.329812,-1.126015,13.800835,nan,nan,nan,0,nan,nan,nan,0,nan,nan,nan,nan,nan,nan,nan,nan,nan,nan,nan,nan,nan,nan,nan,nan,nan,nan,nan,nan,nan,nan,nan,nan,nan,nan,nan,nan,nan,nan,nan,nan,nan,nan,nan,nan,nan,nan,nan,nan,nan,nan,nan,nan,nan,nan,nan,nan,nan,nan,nan,nan,nan,nan,nan,nan,nan,nan,nan,nan,nan,nan,nan,nan,nan,nan,nan,nan,nan,nan,nan,nan,nan,nan,nan,nan,nan,nan,nan,nan
24.700,APPROACH,59.177338,14.904449,56.557143,9.005795,-5.949638,-12.262227,-1.115250,-83.842265,-75.866980,20.966175,7.581483,2.396271,1.138608,0.000000,0.000000,17.540126,-68.937816,-19.309837,29.971970,1.631845,-9.865956,0.023359,0.000000,0.000000,-80.608217,-84.102547,-75.966703,20.926265,7.626313,2.416475,1.144477,0.000000,0.000000,0.000000,14.904449,56.557143,9.005795,59.177338,-5.949638,-12.262227,-1.115250,13.674947,nan,nan,nan,0,nan,nan,nan,0,nan,nan,nan,nan,nan,nan,nan,nan,nan,nan,nan,nan,nan,nan,nan,nan,nan,nan,nan,nan,nan,nan,nan,nan,nan,nan,nan,nan,nan,nan,nan,nan,nan,nan,nan,nan,nan,nan,nan,nan,nan,nan,nan,nan,nan,nan,nan,nan,nan,nan,nan,nan,nan,nan,nan,nan,nan,nan,nan,nan,nan,nan,nan,nan,nan,nan,nan,nan,nan,nan,nan,nan,nan,nan,nan,nan,nan,nan,nan,nan
24.740,APPROACH,59.177338,14.904449,56.557143,9.005795,-5.949638,-12.262227,-1.115250,-83.457817,-75.747760,21.023692,7.688976,2.384411,1.150346,0.000000,0.000000,17.229065,-68.853145,-19.802616,29.973091,1.693435,-9.855571,0.022424,0.000000,0.000000,-80.250351,-83.797320,-75.870599,20.972044,7.635042,2.388753,1.144477,0.000000,0.000000,0.000000,14.604672,55.945144,8.949399,58.508523,-5.995541,-12.239982,-1.127922,13.676106,nan,nan,nan,0,nan,nan,nan,0,nan,nan,nan,nan,nan,nan,nan,nan,nan,nan,nan,nan,nan,nan,nan,nan,nan,nan,nan,nan,nan,nan,nan,nan,nan,nan,nan,nan,nan,nan,nan,nan,nan,nan,nan,nan,nan,nan,nan,nan,nan,nan,nan,nan,nan,nan,nan,nan,nan,nan,nan,nan,nan,nan,nan,nan,nan,nan,nan,nan,nan,nan,nan,nan,nan,nan,nan,nan,nan,nan,nan,nan,nan,nan,nan,nan,nan,nan,nan,nan
24.800,APPROACH,57.845200,14.312272,55.336525,8.893545,-5.847996,-12.172388,-1.117081,-83.077669,-75.631381,21.080623,7.602955,2.327586,1.138608,0.000000,0.000000,17.021568,-68.765397,-20.294856,29.974167,1.754959,-9.844802,0.021527,0.000000,0.000000,-79.892484,-83.338829,-75.728523,21.040713,7.647946,2.347110,1.144477,0.000000,0.000000,0.000000,14.312272,55.336525,8.893545,57.845200,-5.847996,-12.172388,-1.117081,13.550423,nan,nan,nan,0,nan,nan,nan,0,nan,nan,nan,nan,nan,nan,nan,nan,nan,nan,nan,nan,nan,nan,nan,nan,nan,nan,nan,nan,nan,nan,nan,nan,nan,nan,nan,nan,nan,nan,nan,nan,nan,nan,nan,nan,nan,nan,nan,nan,nan,nan,nan,nan,nan,nan,nan,nan,nan,nan,nan,nan,nan,nan,nan,nan,nan,nan,nan,nan,nan,nan,nan,nan,nan,nan,nan,nan,nan,nan,nan,nan,nan,nan,nan,nan,nan,nan,nan,nan
24.840,APPROACH,57.845200,14.312272,55.336525,8.893545,-5.847996,-12.172388,-1.117081,-82.692152,-75.515644,21.138140,7.710335,2.314734,1.150346,0.000000,0.000000,16.710381,-68.674576,-20.786539,29.975201,1.816414,-9.833648,0.020666,0.000000,0.000000,-79.534618,-83.032742,-75.635194,21.086492,7.656422,2.319310,1.144477,0.000000,0.000000,0.000000,14.017576,54.729105,8.837061,57.182699,-5.893921,-12.148382,-1.129680,13.549822,nan,nan,nan,0,nan,nan,nan,0,nan,nan,nan,nan,nan,nan,nan,nan,nan,nan,nan,nan,nan,nan,nan,nan,nan,nan,nan,nan,nan,nan,nan,nan,nan,nan,nan,nan,nan,nan,nan,nan,nan,nan,nan,nan,nan,nan,nan,nan,nan,nan,nan,nan,nan,nan,nan,nan,nan,nan,nan,nan,nan,nan,nan,nan,nan,nan,nan,nan,nan,nan,nan,nan,nan,nan,nan,nan,nan,nan,nan,nan,nan,nan,nan,nan,nan,nan,nan,nan
24.900,APPROACH,56.525670,13.730276,54.125066,8.781122,-5.746001,-12.080790,-1.118769,-82.310962,-75.402710,21.195070,7.623800,2.258678,1.138608,0.000000,0.000000,16.502804,-68.580686,-21.277644,29.976193,1.877799,-9.822111,0.019839,0.000000,0.000000,-79.176752,-82.572979,-75.497288,21.155160,7.668947,2.277552,1.144477,0.000000,0.000000,0.000000,13.730276,54.125066,8.781122,56.525670,-5.746001,-12.080790,-1.118769,13.424368,nan,nan,nan,0,nan,nan,nan,0,nan,nan,nan,nan,nan,nan,nan,nan,nan,nan,nan,nan,nan,nan,nan,nan,nan,nan,nan,nan,nan,nan,nan,nan,nan,nan,nan,nan,nan,nan,nan,nan,nan,nan,nan,nan,nan,nan,nan,nan,nan,nan,nan,nan,nan,nan,nan,nan,nan,nan,nan,nan,nan,nan,nan,nan,nan,nan,nan,nan,nan,nan,nan,nan,nan,nan,nan,nan,nan,nan,nan,nan,nan,nan,nan,nan,nan,nan,nan,nan
24.940,APPROACH,56.525670,13.730276,54.125066,8.781122,-5.746001,-12.080790,-1.118769,-81.924409,-75.290468,21.252588,7.731058,2.244837,1.150346,0.000000,0.000000,16.191503,-68.483731,-21.768154,29.977145,1.939110,-9.810191,0.019046,0.000000,0.000000,-78.818885,-82.266057,-75.406743,21.200940,7.677171,2.249676,1.144477,0.000000,0.000000,0.000000,13.440679,53.522315,8.724557,55.869561,-5.791947,-12.055028,-1.131300,13.422004,nan,nan,nan,0,nan,nan,nan,0,nan,nan,nan,nan,nan,nan,nan,nan,nan,nan,nan,nan,nan,nan,nan,nan,nan,nan,nan,nan,nan,nan,nan,nan,nan,nan,nan,nan,nan,nan,nan,nan,nan,nan,nan,nan,nan,nan,nan,nan,nan,nan,nan,nan,nan,nan,nan,nan,nan,nan,nan,nan,nan,nan,nan,nan,nan,nan,nan,nan,nan,nan,nan,nan,nan,nan,nan,nan,nan,nan,nan,nan,nan,nan,nan,nan,nan,nan,nan,nan
25.000,APPROACH,55.218905,13.158495,52.922942,8.668541,-5.643670,-11.987444,-1.120324,-81.542208,-75.180990,21.309518,7.644016,2.189556,1.138608,0.000000,0.000000,15.983855,-68.383713,-22.258048,29.978059,2.000346,-9.797888,0.018284,0.000000,0.000000,-78.461019,-81.805061,-75.273018,21.269608,7.689317,2.207807,1.144477,0.000000,0.000000,0.000000,13.158495,52.922942,8.668541,55.218905,-5.643670,-11.987444,-1.120324,13.296802,nan,nan,nan,0,nan,nan,nan,0,nan,nan,nan,nan,nan,nan,nan,nan,nan,nan,nan,nan,nan,nan,nan,nan,nan,nan,nan,nan,nan,nan,nan,nan,nan,nan,nan,nan,nan,nan,nan,nan,nan,nan,nan,nan,nan,nan,nan,nan,nan,nan,nan,nan,nan,nan,nan,nan,nan,nan,nan,nan,nan,nan,nan,nan,nan,nan,nan,nan,nan,nan,nan,nan,nan,nan,nan,nan,nan,nan,nan,nan,nan,nan,nan,nan,nan,nan,nan,nan
25.040,APPROACH,55.218905,13.158495,52.922942,8.668541,-5.643670,-11.987444,-1.120324,-81.154651,-75.072254,21.367035,7.751143,2.174728,1.150346,0.000000,0.000000,15.672455,-68.280638,-22.747308,29.978937,2.061503,-9.785203,0.017553,0.000000,0.000000,-78.103152,-81.497328,-75.185265,21.315387,7.697287,2.179857,1.144477,0.000000,0.000000,0.000000,12.874013,52.324946,8.611901,54.569268,-5.689639,-11.959931,-1.132794,13.292673,nan,nan,nan,0,nan,nan,nan,0,nan,nan,nan,nan,nan,nan,nan,nan,nan,nan,nan,nan,nan,nan,nan,nan,nan,nan,nan,nan,nan,nan,nan,nan,nan,nan,nan,nan,nan,nan,nan,nan,nan,nan,nan,nan,nan,nan,nan,nan,nan,nan,nan,nan,nan,nan,nan,nan,nan,nan,nan,nan,nan,nan,nan,nan,nan,nan,nan,nan,nan,nan,nan,nan,nan,nan,nan,nan,nan,nan,nan,nan,nan,nan,nan,nan,nan,nan,nan,nan
25.100,APPROACH,53.925061,12.596962,51.730328,8.555814,-5.541021,-11.892364,-1.121757,-80.771471,-74.966243,21.423966,7.663602,2.120227,1.138608,0.000000,0.000000,15.464744,-68.174509,-23.235915,29.979779,2.122581,-9.772136,0.016851,0.000000,0.000000,-77.745286,-81.035137,-75.055733,21.384056,7.709051,2.137879,1.144477,0.000000,0.000000,0.000000,12.596962,51.730328,8.555814,53.925061,-5.541021,-11.892364,-1.121757,13.167747,nan,nan,nan,0,nan,nan,nan,0,nan,nan,nan,nan,nan,nan,nan,nan,nan,nan,nan,nan,nan,nan,nan,nan,nan,nan,nan,nan,nan,nan,nan,nan,nan,nan,nan,nan,nan,nan,nan,nan,nan,nan,nan,nan,nan,nan,nan,nan,nan,nan,nan,nan,nan,nan,nan,nan,nan,nan,nan,nan,nan,nan,nan,nan,nan,nan,nan,nan,nan,nan,nan,nan,nan,nan,nan,nan,nan,nan,nan,nan,nan,nan,nan,nan,nan,nan,nan,nan
25.140,APPROACH,53.925061,12.596962,51.730328,8.555814,-5.541021,-11.892364,-1.121757,-80.382942,-74.861022,21.481483,7.770588,2.104416,1.150346,0.000000,0.000000,15.153254,-68.065330,-23.723849,29.980588,2.183575,-9.758688,0.016177,0.000000,0.000000,-77.387420,-80.726620,-74.970778,21.429835,7.716767,2.109858,1.144477,0.000000,0.000000,0.000000,12.317611,51.137172,8.499105,53.281974,-5.587013,-11.863104,-1.134170,13.161850,nan,nan,nan,0,nan,nan,nan,0,nan,nan,nan,nan,nan,nan,nan,nan,nan,nan,nan,nan,nan,nan,nan,nan,nan,nan,nan,nan,nan,nan,nan,nan,nan,nan,nan,nan,nan,nan,nan,nan,nan,nan,nan,nan,nan,nan,nan,nan,nan,nan,nan,nan,nan,nan,nan,nan,nan,nan,nan,nan,nan,nan,nan,nan,nan,nan,nan,nan,nan,nan,nan,nan,nan,nan,nan,nan,nan,nan,nan,nan,nan,nan,nan,nan,nan,nan,nan,nan
25.200,APPROACH,52.644293,12.045708,50.547394,8.442951,-5.438071,-11.795562,-1.123079,-79.998814,-74.758487,21.538413,7.682555,2.050702,1.138608,0.000000,0.000000,14.945488,-67.953106,-24.211092,29.981365,2.244484,-9.744860,0.015530,0.000000,0.000000,-77.029553,-80.263272,-74.845448,21.498504,7.728150,2.067775,1.144477,0.000000,0.000000,0.000000,12.045708,50.547394,8.442951,52.644293,-5.438071,-11.795562,-1.123079,13.037224,nan,nan,nan,0,nan,nan,nan,0,nan,nan,nan,nan,nan,nan,nan,nan,nan,nan,nan,nan,nan,nan,nan,nan,nan,nan,nan,nan,nan,nan,nan,nan,nan,nan,nan,nan,nan,nan,nan,nan,nan,nan,nan,nan,nan,nan,nan,nan,nan,nan,nan,nan,nan,nan,nan,nan,nan,nan,nan,nan,nan,nan,nan,nan,nan,nan,nan,nan,nan,nan,nan,nan,nan,nan,nan,nan,nan,nan,nan,nan,nan,nan,nan,nan,nan,nan,nan,nan
25.240,APPROACH,52.644293,12.045708,50.547394,8.442951,-5.438071,-11.795562,-1.123079,-79.609344,-74.656791,21.595931,7.789393,2.033910,1.150346,0.000000,0.000000,14.633919,-67.837841,-24.697625,29.982110,2.305306,-9.730651,0.014908,0.000000,0.000000,-76.671687,-79.953996,-74.763299,21.544283,7.735612,2.039685,1.144477,0.000000,0.000000,0.000000,11.771504,49.959166,8.386179,52.007832,-5.484087,-11.764561,-1.135438,13.029555,nan,nan,nan,0,nan,nan,nan,0,nan,nan,nan,nan,nan,nan,nan,nan,nan,nan,nan,nan,nan,nan,nan,nan,nan,nan,nan,nan,nan,nan,nan,nan,nan,nan,nan,nan,nan,nan,nan,nan,nan,nan,nan,nan,nan,nan,nan,nan,nan,nan,nan,nan,nan,nan,nan,nan,nan,nan,nan,nan,nan,nan,nan,nan,nan,nan,nan,nan,nan,nan,nan,nan,nan,nan,nan,nan,nan,nan,nan,nan,nan,nan,nan,nan,nan,nan,nan,nan
25.300,APPROACH,51.376753,11.504762,49.374314,8.329964,-5.334837,-11.697051,-1.124296,-79.224301,-74.557742,21.652861,7.700875,1.980989,1.138608,0.000000,0.000000,14.426103,-67.719539,-25.183428,29.982826,2.366038,-9.716062,0.014312,0.000000,0.000000,-76.313820,-79.489528,-74.642183,21.612951,7.746612,1.997500,1.144477,0.000000,0.000000,0.000000,11.504762,49.374314,8.329964,51.376753,-5.334837,-11.697051,-1.124296,12.905252,nan,nan,nan,0,nan,nan,nan,0,nan,nan,nan,nan,nan,nan,nan,nan,nan,nan,nan,nan,nan,nan,nan,nan,nan,nan,nan,nan,nan,nan,nan,nan,nan,nan,nan,nan,nan,nan,nan,nan,nan,nan,nan,nan,nan,nan,nan,nan,nan,nan,nan,nan,nan,nan,nan,nan,nan,nan,nan,nan,nan,nan,nan,nan,nan,nan,nan,nan,nan,nan,nan,nan,nan,nan,nan,nan,nan,nan,nan,nan,nan,nan,nan,nan,nan,nan,nan,nan
25.340,APPROACH,51.376753,11.504762,49.374314,8.329964,-5.334837,-11.697051,-1.124296,-78.833923,-74.459581,21.710378,7.807555,1.963218,1.150346,0.000000,0.000000,14.114465,-67.598205,-25.668483,29.983513,2.426677,-9.701095,0.013740,0.000000,0.000000,-75.955954,-79.179519,-74.562846,21.658730,7.753818,1.969343,1.144477,0.000000,0.000000,0.000000,11.235718,48.791098,8.273134,50.746994,-5.380878,-11.664312,-1.136607,12.895810,nan,nan,nan,0,nan,nan,nan,0,nan,nan,nan,nan,nan,nan,nan,nan,nan,nan,nan,nan,nan,nan,nan,nan,nan,nan,nan,nan,nan,nan,nan,nan,nan,nan,nan,nan,nan,nan,nan,nan,nan,nan,nan,nan,nan,nan,nan,nan,nan,nan,nan,nan,nan,nan,nan,nan,nan,nan,nan,nan,nan,nan,nan,nan,nan,nan,nan,nan,nan,nan,nan,nan,nan,nan,nan,nan,nan,nan,nan,nan,nan,nan,nan,nan,nan,nan,nan,nan
25.400,APPROACH,50.122590,10.974151,48.211256,8.216863,-5.231337,-11.596843,-1.125418,-78.447995,-74.364026,21.767309,7.718559,1.911095,1.138608,0.000000,0.000000,13.906605,-67.473844,-26.152770,29.984172,2.487222,-9.685749,0.013190,0.000000,0.000000,-75.598088,-78.713971,-74.445954,21.727399,7.764434,1.927060,1.144477,0.000000,0.000000,0.000000,10.974151,48.211256,8.216863,50.122590,-5.231337,-11.596843,-1.125418,12.771853,nan,nan,nan,0,nan,nan,nan,0,nan,nan,nan,nan,nan,nan,nan,nan,nan,nan,nan,nan,nan,nan,nan,nan,nan,nan,nan,nan,nan,nan,nan,nan,nan,nan,nan,nan,nan,nan,nan,nan,nan,nan,nan,nan,nan,nan,nan,nan,nan,nan,nan,nan,nan,nan,nan,nan,nan,nan,nan,nan,nan,nan,nan,nan,nan,nan,nan,nan,nan,nan,nan,nan,nan,nan,nan,nan,nan,nan,nan,nan,nan,nan,nan,nan,nan,nan,nan,nan
25.440,APPROACH,50.122590,10.974151,48.211256,8.216863,-5.231337,-11.596843,-1.125418,-78.056741,-74.269409,21.824826,7.825073,1.892348,1.150346,0.000000,0.000000,13.594905,-67.346460,-26.636272,29.984805,2.547670,-9.670025,0.012662,0.000000,0.000000,-75.240221,-78.403254,-74.369436,21.773178,7.771384,1.898839,1.144477,0.000000,0.000000,0.000000,10.710281,47.633137,8.159979,49.499607,-5.277403,-11.562373,-1.137684,12.760633,nan,nan,nan,0,nan,nan,nan,0,nan,nan,nan,nan,nan,nan,nan,nan,nan,nan,nan,nan,nan,nan,nan,nan,nan,nan,nan,nan,nan,nan,nan,nan,nan,nan,nan,nan,nan,nan,nan,nan,nan,nan,nan,nan,nan,nan,nan,nan,nan,nan,nan,nan,nan,nan,nan,nan,nan,nan,nan,nan,nan,nan,nan,nan,nan,nan,nan,nan,nan,nan,nan,nan,nan,nan,nan,nan,nan,nan,nan,nan,nan,nan,nan,nan,nan,nan,nan,nan
25.500,APPROACH,48.881953,10.453901,47.058390,8.103656,-5.127589,-11.494951,-1.126452,-77.669961,-74.177357,21.881757,7.735607,1.841028,1.138608,0.000000,0.000000,13.387006,-67.216060,-27.118968,29.985413,2.608018,-9.653924,0.012156,0.000000,0.000000,-74.882355,-77.936663,-74.256777,21.841847,7.781616,1.856462,1.144477,0.000000,0.000000,0.000000,10.453901,47.058390,8.103656,48.881953,-5.127589,-11.494951,-1.126452,12.637047,nan,nan,nan,0,nan,nan,nan,0,nan,nan,nan,nan,nan,nan,nan,nan,nan,nan,nan,nan,nan,nan,nan,nan,nan,nan,nan,nan,nan,nan,nan,nan,nan,nan,nan,nan,nan,nan,nan,nan,nan,nan,nan,nan,nan,nan,nan,nan,nan,nan,nan,nan,nan,nan,nan,nan,nan,nan,nan,nan,nan,nan,nan,nan,nan,nan,nan,nan,nan,nan,nan,nan,nan,nan,nan,nan,nan,nan,nan,nan,nan,nan,nan,nan,nan,nan,nan,nan
25.540,APPROACH,48.881953,10.453901,47.058390,8.103656,-5.127589,-11.494951,-1.126452,-77.277864,-74.086292,21.939274,7.841946,1.821307,1.150346,0.000000,0.000000,13.075250,-67.082646,-27.600840,29.985996,2.668265,-9.637446,0.011670,0.000000,0.000000,-74.524489,-77.625264,-74.183084,21.887626,7.788309,1.828179,1.144477,0.000000,0.000000,0.000000,10.195217,46.485452,8.046723,48.265821,-5.173681,-11.458753,-1.138677,12.624048,nan,nan,nan,0,nan,nan,nan,0,nan,nan,nan,nan,nan,nan,nan,nan,nan,nan,nan,nan,nan,nan,nan,nan,nan,nan,nan,nan,nan,nan,nan,nan,nan,nan,nan,nan,nan,nan,nan,nan,nan,nan,nan,nan,nan,nan,nan,nan,nan,nan,nan,nan,nan,nan,nan,nan,nan,nan,nan,nan,nan,nan,nan,nan,nan,nan,nan,nan,nan,nan,nan,nan,nan,nan,nan,nan,nan,nan,nan,nan,nan,nan,nan,nan,nan,nan,nan,nan
25.600,APPROACH,47.654988,9.944037,45.915883,7.990352,-5.023609,-11.391388,-1.127405,-76.890263,-73.997752,21.996204,7.752017,1.770795,1.138608,0.000000,0.000000,12.867317,-66.946226,-28.081870,29.986557,2.728407,-9.620592,0.011203,0.000000,0.000000,-74.166622,-77.157669,-74.074667,21.956294,7.798156,1.785710,1.144477,0.000000,0.000000,0.000000,9.944037,45.915883,7.990352,47.654988,-5.023609,-11.391388,-1.127405,12.500856,nan,nan,nan,0,nan,nan,nan,0,nan,nan,nan,nan,nan,nan,nan,nan,nan,nan,nan,nan,nan,nan,nan,nan,nan,nan,nan,nan,nan,nan,nan,nan,nan,nan,nan,nan,nan,nan,nan,nan,nan,nan,nan,nan,nan,nan,nan,nan,nan,nan,nan,nan,nan,nan,nan,nan,nan,nan,nan,nan,nan,nan,nan,nan,nan,nan,nan,nan,nan,nan,nan,nan,nan,nan,nan,nan,nan,nan,nan,nan,nan,nan,nan,nan,nan,nan,nan,nan
25.640,APPROACH,47.654988,9.944037,45.915883,7.990352,-5.023609,-11.391388,-1.127405,-76.497354,-73.910247,22.053722,7.858171,1.750104,1.150346,0.000000,0.000000,12.555513,-66.806804,-28.562038,29.987094,2.788444,-9.603363,0.010755,0.000000,0.000000,-73.808756,-76.845614,-74.003805,22.002073,7.804592,1.757368,1.144477,0.000000,0.000000,0.000000,9.690551,45.348209,7.933373,47.045778,-5.069728,-11.353467,-1.139591,12.486073,nan,nan,nan,0,nan,nan,nan,0,nan,nan,nan,nan,nan,nan,nan,nan,nan,nan,nan,nan,nan,nan,nan,nan,nan,nan,nan,nan,nan,nan,nan,nan,nan,nan,nan,nan,nan,nan,nan,nan,nan,nan,nan,nan,nan,nan,nan,nan,nan,nan,nan,nan,nan,nan,nan,nan,nan,nan,nan,nan,nan,nan,nan,nan,nan,nan,nan,nan,nan,nan,nan,nan,nan,nan,nan,nan,nan,nan,nan,nan,nan,nan,nan,nan,nan,nan,nan,nan
25.700,APPROACH,46.441838,9.444580,44.783901,7.876959,-4.919416,-11.286165,-1.128283,-76.108965,-73.825227,22.110652,7.767787,1.700405,1.138608,0.000000,0.000000,12.347549,-66.664385,-29.041326,29.987611,2.848371,-9.585759,0.010325,0.000000,0.000000,-73.450889,-76.377053,-73.899640,22.070742,7.814053,1.714811,1.144477,0.000000,0.000000,0.000000,9.444580,44.783901,7.876959,46.441838,-4.919416,-11.286165,-1.128283,12.363300,nan,nan,nan,0,nan,nan,nan,0,nan,nan,nan,nan,nan,nan,nan,nan,nan,nan,nan,nan,nan,nan,nan,nan,nan,nan,nan,nan,nan,nan,nan,nan,nan,nan,nan,nan,nan,nan,nan,nan,nan,nan,nan,nan,nan,nan,nan,nan,nan,nan,nan,nan,nan,nan,nan,nan,nan,nan,nan,nan,nan,nan,nan,nan,nan,nan,nan,nan,nan,nan,nan,nan,nan,nan,nan,nan,nan,nan,nan,nan,nan,nan,nan,nan,nan,nan,nan,nan
25.740,APPROACH,46.441838,9.444580,44.783901,7.876959,-4.919416,-11.286165,-1.128283,-75.715277,-73.741290,22.168169,7.873749,1.678745,1.150346,0.000000,0.000000,12.035701,-66.518976,-29.519715,29.988106,2.908187,-9.567782,0.009912,0.000000,0.000000,-73.093023,-76.064367,-73.831615,22.116521,7.820231,1.686411,1.144477,0.000000,0.000000,0.000000,9.196302,44.221575,7.819937,45.839623,-4.965562,-11.246527,-1.140435,12.346731,nan,nan,nan,0,nan,nan,nan,0,nan,nan,nan,nan,nan,nan,nan,nan,nan,nan,nan,nan,nan,nan,nan,nan,nan,nan,nan,nan,nan,nan,nan,nan,nan,nan,nan,nan,nan,nan,nan,nan,nan,nan,nan,nan,nan,nan,nan,nan,nan,nan,nan,nan,nan,nan,nan,nan,nan,nan,nan,nan,nan,nan,nan,nan,nan,nan,nan,nan,nan,nan,nan,nan,nan,nan,nan,nan,nan,nan,nan,nan,nan,nan,nan,nan,nan,nan,nan,nan
25.800,APPROACH,45.242646,8.955550,43.662610,7.763482,-4.815026,-11.179296,-1.129093,-75.326132,-73.659796,22.225100,7.782916,1.629865,1.138608,0.000000,0.000000,11.827710,-66.370581,-29.997186,29.988582,2.967890,-9.549431,0.009515,0.000000,0.000000,-72.735157,-75.594880,-73.731709,22.185190,7.829305,1.643770,1.144477,0.000000,0.000000,0.000000,8.955550,43.662610,7.763482,45.242646,-4.815026,-11.179296,-1.129093,12.224401,nan,nan,nan,0,nan,nan,nan,0,nan,nan,nan,nan,nan,nan,nan,nan,nan,nan,nan,nan,nan,nan,nan,nan,nan,nan,nan,nan,nan,nan,nan,nan,nan,nan,nan,nan,nan,nan,nan,nan,nan,nan,nan,nan,nan,nan,nan,nan,nan,nan,nan,nan,nan,nan,nan,nan,nan,nan,nan,nan,nan,nan,nan,nan,nan,nan,nan,nan,nan,nan,nan,nan,nan,nan,nan,nan,nan,nan,nan,nan,nan,nan,nan,nan,nan,nan,nan,nan
25.840,APPROACH,45.242646,8.955550,43.662610,7.763482,-4.815026,-11.179296,-1.129093,-74.931698,-73.579434,22.282617,7.888677,1.607238,1.150346,0.000000,0.000000,11.515824,-66.219208,-30.473722,29.989039,3.027477,-9.530707,0.009134,0.000000,0.000000,-72.377290,-75.281589,-73.666528,22.230969,7.835225,1.615316,1.144477,0.000000,0.000000,0.000000,8.712490,43.105713,7.706422,44.647496,-4.861200,-11.137946,-1.141212,12.206042,nan,nan,nan,0,nan,nan,nan,0,nan,nan,nan,nan,nan,nan,nan,nan,nan,nan,nan,nan,nan,nan,nan,nan,nan,nan,nan,nan,nan,nan,nan,nan,nan,nan,nan,nan,nan,nan,nan,nan,nan,nan,nan,nan,nan,nan,nan,nan,nan,nan,nan,nan,nan,nan,nan,nan,nan,nan,nan,nan,nan,nan,nan,nan,nan,nan,nan,nan,nan,nan,nan,nan,nan,nan,nan,nan,nan,nan,nan,nan,nan,nan,nan,nan,nan,nan,nan,nan
25.900,APPROACH,44.057551,8.476967,42.552173,7.649930,-4.710458,-11.070792,-1.129839,-74.541828,-73.501475,22.339547,7.797404,1.559180,1.138608,0.000000,0.000000,11.307809,-66.064860,-30.949302,29.989477,3.086946,-9.511612,0.008769,0.000000,0.000000,-72.019424,-74.811214,-73.570890,22.299637,7.843911,1.572594,1.144477,0.000000,0.000000,0.000000,8.476967,42.552173,7.649930,44.057551,-4.710458,-11.070792,-1.129839,12.084179,nan,nan,nan,0,nan,nan,nan,0,nan,nan,nan,nan,nan,nan,nan,nan,nan,nan,nan,nan,nan,nan,nan,nan,nan,nan,nan,nan,nan,nan,nan,nan,nan,nan,nan,nan,nan,nan,nan,nan,nan,nan,nan,nan,nan,nan,nan,nan,nan,nan,nan,nan,nan,nan,nan,nan,nan,nan,nan,nan,nan,nan,nan,nan,nan,nan,nan,nan,nan,nan,nan,nan,nan,nan,nan,nan,nan,nan,nan,nan,nan,nan,nan,nan,nan,nan,nan,nan
25.940,APPROACH,44.057551,8.476967,42.552173,7.649930,-4.710458,-11.070792,-1.129839,-74.146680,-73.424696,22.397065,7.902954,1.535590,1.150346,0.000000,0.000000,10.995889,-65.907546,-31.423910,29.989898,3.146294,-9.492146,0.008418,0.000000,0.000000,-71.661558,-74.497344,-73.508556,22.345417,7.849573,1.544087,1.144477,0.000000,0.000000,0.000000,8.239134,42.000786,7.592833,43.469535,-4.756660,-11.027736,-1.141928,12.064028,nan,nan,nan,0,nan,nan,nan,0,nan,nan,nan,nan,nan,nan,nan,nan,nan,nan,nan,nan,nan,nan,nan,nan,nan,nan,nan,nan,nan,nan,nan,nan,nan,nan,nan,nan,nan,nan,nan,nan,nan,nan,nan,nan,nan,nan,nan,nan,nan,nan,nan,nan,nan,nan,nan,nan,nan,nan,nan,nan,nan,nan,nan,nan,nan,nan,nan,nan,nan,nan,nan,nan,nan,nan,nan,nan,nan,nan,nan,nan,nan,nan,nan,nan,nan,nan,nan,nan
26.000,APPROACH,42.886691,8.008848,41.452753,7.536307,-4.605728,-10.960668,-1.130526,-73.756118,-73.350278,22.453995,7.811248,1.488359,1.138608,0.000000,0.000000,10.787852,-65.747270,-31.897525,29.990302,3.205520,-9.472309,0.008082,0.000000,0.000000,-71.303691,-74.026119,-73.417195,22.414085,7.857871,1.501289,1.144477,0.000000,0.000000,0.000000,8.008848,41.452753,7.536307,42.886691,-4.605728,-10.960668,-1.130526,11.942657,nan,nan,nan,0,nan,nan,nan,0,nan,nan,nan,nan,nan,nan,nan,nan,nan,nan,nan,nan,nan,nan,nan,nan,nan,nan,nan,nan,nan,nan,nan,nan,nan,nan,nan,nan,nan,nan,nan,nan,nan,nan,nan,nan,nan,nan,nan,nan,nan,nan,nan,nan,nan,nan,nan,nan,nan,nan,nan,nan,nan,nan,nan,nan,nan,nan,nan,nan,nan,nan,nan,nan,nan,nan,nan,nan,nan,nan,nan,nan,nan,nan,nan,nan,nan,nan,nan,nan
26.040,APPROACH,42.886691,8.008848,41.452753,7.536307,-4.605728,-10.960668,-1.130526,-73.360289,-73.277088,22.511512,7.916579,1.463808,1.150346,0.000000,0.000000,10.475902,-65.584039,-32.370130,29.990690,3.264620,-9.452103,0.007758,0.000000,0.000000,-70.945825,-73.711696,-73.357714,22.459864,7.863273,1.472731,1.144477,0.000000,0.000000,0.000000,7.776250,40.906957,7.479178,42.305878,-4.651959,-10.915911,-1.142588,11.920710,nan,nan,nan,0,nan,nan,nan,0,nan,nan,nan,nan,nan,nan,nan,nan,nan,nan,nan,nan,nan,nan,nan,nan,nan,nan,nan,nan,nan,nan,nan,nan,nan,nan,nan,nan,nan,nan,nan,nan,nan,nan,nan,nan,nan,nan,nan,nan,nan,nan,nan,nan,nan,nan,nan,nan,nan,nan,nan,nan,nan,nan,nan,nan,nan,nan,nan,nan,nan,nan,nan,nan,nan,nan,nan,nan,nan,nan,nan,nan,nan,nan,nan,nan,nan,nan,nan,nan
26.100,APPROACH,41.730202,7.551207,40.364510,7.422620,-4.500854,-10.848936,-1.131160,-72.969066,-73.206217,22.568443,7.824448,1.417408,1.138608,0.000000,0.000000,10.267847,-65.417859,-32.841707,29.991062,3.323594,-9.431528,0.007448,0.000000,0.000000,-70.587958,-73.239661,-73.270636,22.528533,7.871182,1.429859,1.144477,0.000000,0.000000,0.000000,7.551207,40.364510,7.422620,41.730202,-4.500854,-10.848936,-1.131160,11.799857,nan,nan,nan,0,nan,nan,nan,0,nan,nan,nan,nan,nan,nan,nan,nan,nan,nan,nan,nan,nan,nan,nan,nan,nan,nan,nan,nan,nan,nan,nan,nan,nan,nan,nan,nan,nan,nan,nan,nan,nan,nan,nan,nan,nan,nan,nan,nan,nan,nan,nan,nan,nan,nan,nan,nan,nan,nan,nan,nan,nan,nan,nan,nan,nan,nan,nan,nan,nan,nan,nan,nan,nan,nan,nan,nan,nan,nan,nan,nan,nan,nan,nan,nan,nan,nan,nan,nan
26.140,APPROACH,41.730202,7.551207,40.364510,7.422620,-4.500854,-10.848936,-1.131160,-72.572589,-73.136622,22.625960,7.929551,1.391897,1.150346,0.000000,0.000000,9.955870,-65.248737,-33.312236,29.991420,3.382437,-9.410585,0.007150,0.000000,0.000000,-70.230092,-72.924711,-73.214014,22.574312,7.876325,1.401254,1.144477,0.000000,0.000000,0.000000,7.323852,39.824386,7.365460,41.156659,-4.547114,-10.802483,-1.143196,11.776111,nan,nan,nan,0,nan,nan,nan,0,nan,nan,nan,nan,nan,nan,nan,nan,nan,nan,nan,nan,nan,nan,nan,nan,nan,nan,nan,nan,nan,nan,nan,nan,nan,nan,nan,nan,nan,nan,nan,nan,nan,nan,nan,nan,nan,nan,nan,nan,nan,nan,nan,nan,nan,nan,nan,nan,nan,nan,nan,nan,nan,nan,nan,nan,nan,nan,nan,nan,nan,nan,nan,nan,nan,nan,nan,nan,nan,nan,nan,nan,nan,nan,nan,nan,nan,nan,nan,nan
26.200,APPROACH,40.588216,7.104059,39.287606,7.308873,-4.395853,-10.735609,-1.131744,-72.180739,-73.069306,22.682890,7.837002,1.346333,1.138608,0.000000,0.000000,9.747798,-65.076680,-33.781700,29.991763,3.441149,-9.389276,0.006864,0.000000,0.000000,-69.872226,-72.451904,-73.131227,22.642981,7.883844,1.358311,1.144477,0.000000,0.000000,0.000000,7.104059,39.287606,7.308873,40.588216,-4.395853,-10.735609,-1.131744,11.655799,nan,nan,nan,0,nan,nan,nan,0,nan,nan,nan,nan,nan,nan,nan,nan,nan,nan,nan,nan,nan,nan,nan,nan,nan,nan,nan,nan,nan,nan,nan,nan,nan,nan,nan,nan,nan,nan,nan,nan,nan,nan,nan,nan,nan,nan,nan,nan,nan,nan,nan,nan,nan,nan,nan,nan,nan,nan,nan,nan,nan,nan,nan,nan,nan,nan,nan,nan,nan,nan,nan,nan,nan,nan,nan,nan,nan,nan,nan,nan,nan,nan,nan,nan,nan,nan,nan,nan
26.240,APPROACH,40.588216,7.104059,39.287606,7.308873,-4.395853,-10.735609,-1.131744,-71.783645,-73.003312,22.740408,7.941869,1.319866,1.150346,0.000000,0.000000,9.435798,-64.901693,-34.250080,29.992093,3.499726,-9.367599,0.006590,0.000000,0.000000,-69.514359,-72.136453,-73.077467,22.688760,7.888726,1.329661,1.144477,0.000000,0.000000,0.000000,6.881952,38.753233,7.251685,40.022009,-4.442143,-10.687466,-1.143757,11.630251,nan,nan,nan,0,nan,nan,nan,0,nan,nan,nan,nan,nan,nan,nan,nan,nan,nan,nan,nan,nan,nan,nan,nan,nan,nan,nan,nan,nan,nan,nan,nan,nan,nan,nan,nan,nan,nan,nan,nan,nan,nan,nan,nan,nan,nan,nan,nan,nan,nan,nan,nan,nan,nan,nan,nan,nan,nan,nan,nan,nan,nan,nan,nan,nan,nan,nan,nan,nan,nan,nan,nan,nan,nan,nan,nan,nan,nan,nan,nan,nan,nan,nan,nan,nan,nan,nan,nan
26.300,APPROACH,39.460865,6.667415,38.222198,7.195071,-4.290743,-10.620700,-1.132282,-71.391200,-72.939555,22.797338,7.848910,1.275142,1.138608,0.000000,0.000000,9.227710,-64.723785,-34.717358,29.992409,3.558167,-9.345558,0.006326,0.000000,0.000000,-69.156493,-71.662914,-72.998978,22.757428,7.895855,1.286652,1.144477,0.000000,0.000000,0.000000,6.667415,38.222198,7.195071,39.460865,-4.290743,-10.620700,-1.132282,11.510508,nan,nan,nan,0,nan,nan,nan,0,nan,nan,nan,nan,nan,nan,nan,nan,nan,nan,nan,nan,nan,nan,nan,nan,nan,nan,nan,nan,nan,nan,nan,nan,nan,nan,nan,nan,nan,nan,nan,nan,nan,nan,nan,nan,nan,nan,nan,nan,nan,nan,nan,nan,nan,nan,nan,nan,nan,nan,nan,nan,nan,nan,nan,nan,nan,nan,nan,nan,nan,nan,nan,nan,nan,nan,nan,nan,nan,nan,nan,nan,nan,nan,nan,nan,nan,nan,nan,nan
26.340,APPROACH,39.460865,6.667415,38.222198,7.195071,-4.290743,-10.620700,-1.132282,-70.993523,-72.877169,22.854855,7.953532,1.247721,1.150346,0.000000,0.000000,8.915689,-64.542961,-35.183515,29.992713,3.616469,-9.323151,0.006073,0.000000,0.000000,-68.798626,-71.346987,-72.948086,22.803207,7.900477,1.257958,1.144477,0.000000,0.000000,0.000000,6.450562,37.693654,7.137857,38.902060,-4.337063,-10.570873,-1.144273,11.483154,nan,nan,nan,0,nan,nan,nan,0,nan,nan,nan,nan,nan,nan,nan,nan,nan,nan,nan,nan,nan,nan,nan,nan,nan,nan,nan,nan,nan,nan,nan,nan,nan,nan,nan,nan,nan,nan,nan,nan,nan,nan,nan,nan,nan,nan,nan,nan,nan,nan,nan,nan,nan,nan,nan,nan,nan,nan,nan,nan,nan,nan,nan,nan,nan,nan,nan,nan,nan,nan,nan,nan,nan,nan,nan,nan,nan,nan,nan,nan,nan,nan,nan,nan,nan,nan,nan,nan
26.400,APPROACH,38.348278,6.241285,37.168443,7.081218,-4.185540,-10.504222,-1.132778,-70.600514,-72.816977,22.911786,7.860170,1.203841,1.138608,0.000000,0.000000,8.707589,-64.359230,-35.648534,29.993004,3.674630,-9.300381,0.005830,0.000000,0.000000,-68.440760,-70.872755,-72.873900,22.871876,7.907215,1.214886,1.144477,0.000000,0.000000,0.000000,6.241285,37.168443,7.081218,38.348278,-4.185540,-10.504222,-1.132778,11.364005,nan,nan,nan,0,nan,nan,nan,0,nan,nan,nan,nan,nan,nan,nan,nan,nan,nan,nan,nan,nan,nan,nan,nan,nan,nan,nan,nan,nan,nan,nan,nan,nan,nan,nan,nan,nan,nan,nan,nan,nan,nan,nan,nan,nan,nan,nan,nan,nan,nan,nan,nan,nan,nan,nan,nan,nan,nan,nan,nan,nan,nan,nan,nan,nan,nan,nan,nan,nan,nan,nan,nan,nan,nan,nan,nan,nan,nan,nan,nan,nan,nan,nan,nan,nan,nan,nan,nan
26.440,APPROACH,38.348278,6.241285,37.168443,7.081218,-4.185540,-10.504222,-1.132778,-70.202288,-72.758204,22.969303,7.964539,1.175469,1.150346,0.000000,0.000000,8.395549,-64.172598,-36.112397,29.993284,3.732648,-9.277249,0.005597,0.000000,0.000000,-68.082894,-70.556379,-72.825879,22.917655,7.911577,1.186151,1.144477,0.000000,0.000000,0.000000,6.029690,36.645807,7.023981,37.796940,-4.231892,-10.452717,-1.144749,11.334842,nan,nan,nan,0,nan,nan,nan,0,nan,nan,nan,nan,nan,nan,nan,nan,nan,nan,nan,nan,nan,nan,nan,nan,nan,nan,nan,nan,nan,nan,nan,nan,nan,nan,nan,nan,nan,nan,nan,nan,nan,nan,nan,nan,nan,nan,nan,nan,nan,nan,nan,nan,nan,nan,nan,nan,nan,nan,nan,nan,nan,nan,nan,nan,nan,nan,nan,nan,nan,nan,nan,nan,nan,nan,nan,nan,nan,nan,nan,nan,nan,nan,nan,nan,nan,nan,nan,nan
26.500,APPROACH,37.250582,5.825677,36.126498,6.967319,-4.080263,-10.386189,-1.133235,-69.808748,-72.701582,23.026234,7.870782,1.132435,1.138608,0.000000,0.000000,8.187437,-63.983072,-36.575084,29.993553,3.790520,-9.253754,0.005373,0.000000,0.000000,-67.725027,-70.081493,-72.756004,22.986324,7.917923,1.143020,1.144477,0.000000,0.000000,0.000000,5.825677,36.126498,6.967319,37.250582,-4.080263,-10.386189,-1.133235,11.216314,nan,nan,nan,0,nan,nan,nan,0,nan,nan,nan,nan,nan,nan,nan,nan,nan,nan,nan,nan,nan,nan,nan,nan,nan,nan,nan,nan,nan,nan,nan,nan,nan,nan,nan,nan,nan,nan,nan,nan,nan,nan,nan,nan,nan,nan,nan,nan,nan,nan,nan,nan,nan,nan,nan,nan,nan,nan,nan,nan,nan,nan,nan,nan,nan,nan,nan,nan,nan,nan,nan,nan,nan,nan,nan,nan,nan,nan,nan,nan,nan,nan,nan,nan,nan,nan,nan,nan
26.540,APPROACH,37.250582,5.825677,36.126498,6.967319,-4.080263,-10.386189,-1.133235,-69.410004,-72.646426,23.083751,7.974889,1.103115,1.150346,0.000000,0.000000,7.875380,-63.790659,-37.036579,29.993810,3.848244,-9.229898,0.005158,0.000000,0.000000,-67.367161,-69.764693,-72.710859,23.032103,7.922023,1.114247,1.144477,0.000000,0.000000,0.000000,5.619345,35.609847,6.910060,36.706773,-4.126645,-10.333013,-1.145188,11.185339,nan,nan,nan,0,nan,nan,nan,0,nan,nan,nan,nan,nan,nan,nan,nan,nan,nan,nan,nan,nan,nan,nan,nan,nan,nan,nan,nan,nan,nan,nan,nan,nan,nan,nan,nan,nan,nan,nan,nan,nan,nan,nan,nan,nan,nan,nan,nan,nan,nan,nan,nan,nan,nan,nan,nan,nan,nan,nan,nan,nan,nan,nan,nan,nan,nan,nan,nan,nan,nan,nan,nan,nan,nan,nan,nan,nan,nan,nan,nan,nan,nan,nan,nan,nan,nan,nan,nan
26.600,APPROACH,36.167902,5.420598,35.096516,6.853377,-3.974927,-10.266615,-1.133656,-69.015967,-72.593380,23.140681,7.880745,1.060933,1.138608,0.000000,0.000000,7.667258,-63.595368,-37.496863,29.994058,3.905818,-9.205682,0.004952,0.000000,0.000000,-67.009295,-69.289192,-72.645299,23.100771,7.927978,1.071060,1.144477,0.000000,0.000000,0.000000,5.420598,35.096516,6.853377,36.167902,-3.974927,-10.266615,-1.133656,11.067457,nan,nan,nan,0,nan,nan,nan,0,nan,nan,nan,nan,nan,nan,nan,nan,nan,nan,nan,nan,nan,nan,nan,nan,nan,nan,nan,nan,nan,nan,nan,nan,nan,nan,nan,nan,nan,nan,nan,nan,nan,nan,nan,nan,nan,nan,nan,nan,nan,nan,nan,nan,nan,nan,nan,nan,nan,nan,nan,nan,nan,nan,nan,nan,nan,nan,nan,nan,nan,nan,nan,nan,nan,nan,nan,nan,nan,nan,nan,nan,nan,nan,nan,nan,nan,nan,nan,nan
26.640,APPROACH,36.167902,5.420598,35.096516,6.853377,-3.974927,-10.266615,-1.133656,-68.616738,-72.541846,23.198199,7.984581,1.030666,1.150346,0.000000,0.000000,7.355187,-63.397206,-37.955919,29.994296,3.963240,-9.181107,0.004754,0.000000,0.000000,-66.651428,-68.971996,-72.603033,23.146550,7.931817,1.042251,1.144477,0.000000,0.000000,0.000000,5.219531,34.585928,6.796097,35.631683,-4.021342,-10.211774,-1.145593,11.034668,nan,nan,nan,0,nan,nan,nan,0,nan,nan,nan,nan,nan,nan,nan,nan,nan,nan,nan,nan,nan,nan,nan,nan,nan,nan,nan,nan,nan,nan,nan,nan,nan,nan,nan,nan,nan,nan,nan,nan,nan,nan,nan,nan,nan,nan,nan,nan,nan,nan,nan,nan,nan,nan,nan,nan,nan,nan,nan,nan,nan,nan,nan,nan,nan,nan,nan,nan,nan,nan,nan,nan,nan,nan,nan,nan,nan,nan,nan,nan,nan,nan,nan,nan,nan,nan,nan,nan
26.700,APPROACH,35.100359,5.026054,34.078652,6.739395,-3.869551,-10.145514,-1.134044,-68.222235,-72.492379,23.255129,7.890058,0.989340,1.138608,0.000000,0.000000,7.147056,-63.196181,-38.413727,29.994524,4.020507,-9.156174,0.004563,0.000000,0.000000,-66.293562,-68.495919,-72.541795,23.215219,7.937378,0.999011,1.144477,0.000000,0.000000,0.000000,5.026054,34.078652,6.739395,35.100359,-3.869551,-10.145514,-1.134044,10.917460,nan,nan,nan,0,nan,nan,nan,0,nan,nan,nan,nan,nan,nan,nan,nan,nan,nan,nan,nan,nan,nan,nan,nan,nan,nan,nan,nan,nan,nan,nan,nan,nan,nan,nan,nan,nan,nan,nan,nan,nan,nan,nan,nan,nan,nan,nan,nan,nan,nan,nan,nan,nan,nan,nan,nan,nan,nan,nan,nan,nan,nan,nan,nan,nan,nan,nan,nan,nan,nan,nan,nan,nan,nan,nan,nan,nan,nan,nan,nan,nan,nan,nan,nan,nan,nan,nan,nan
26.740,APPROACH,35.100359,5.026054,34.078652,6.739395,-3.869551,-10.145514,-1.134044,-67.822554,-72.444473,23.312646,7.993615,0.958130,1.150346,0.000000,0.000000,6.834972,-62.992300,-38.870272,29.994743,4.077617,-9.130884,0.004381,0.000000,0.000000,-65.935695,-68.178352,-72.502411,23.260998,7.940955,0.970168,1.144477,0.000000,0.000000,0.000000,4.830254,33.574201,6.682097,34.571791,-3.915998,-10.089014,-1.145965,10.882852,nan,nan,nan,0,nan,nan,nan,0,nan,nan,nan,nan,nan,nan,nan,nan,nan,nan,nan,nan,nan,nan,nan,nan,nan,nan,nan,nan,nan,nan,nan,nan,nan,nan,nan,nan,nan,nan,nan,nan,nan,nan,nan,nan,nan,nan,nan,nan,nan,nan,nan,nan,nan,nan,nan,nan,nan,nan,nan,nan,nan,nan,nan,nan,nan,nan,nan,nan,nan,nan,nan,nan,nan,nan,nan,nan,nan,nan,nan,nan,nan,nan,nan,nan,nan,nan,nan,nan
26.800,APPROACH,34.048073,4.642046,33.073056,6.625376,-3.764152,-10.022899,-1.134402,-67.427618,-72.398590,23.369577,7.898720,0.917662,1.138608,0.000000,0.000000,6.626832,-62.785572,-39.325533,29.994953,4.134568,-9.105237,0.004206,0.000000,0.000000,-65.577829,-67.701738,-72.445500,23.329667,7.946124,0.926880,1.144477,0.000000,0.000000,0.000000,4.642046,33.073056,6.625376,34.048073,-3.764152,-10.022899,-1.134402,10.766346,nan,nan,nan,0,nan,nan,nan,0,nan,nan,nan,nan,nan,nan,nan,nan,nan,nan,nan,nan,nan,nan,nan,nan,nan,nan,nan,nan,nan,nan,nan,nan,nan,nan,nan,nan,nan,nan,nan,nan,nan,nan,nan,nan,nan,nan,nan,nan,nan,nan,nan,nan,nan,nan,nan,nan,nan,nan,nan,nan,nan,nan,nan,nan,nan,nan,nan,nan,nan,nan,nan,nan,nan,nan,nan,nan,nan,nan,nan,nan,nan,nan,nan,nan,nan,nan,nan,nan
26.840,APPROACH,34.048073,4.642046,33.073056,6.625376,-3.764152,-10.022899,-1.134402,-67.027519,-72.354314,23.427094,8.001989,0.885511,1.150346,0.000000,0.000000,6.314737,-62.576004,-39.779495,29.995155,4.191358,-9.079236,0.004037,0.000000,0.000000,-65.219963,-67.383827,-72.409002,23.375446,7.949439,0.898006,1.144477,0.000000,0.000000,0.000000,4.451515,32.574819,6.568061,33.527216,-3.810631,-9.964747,-1.146309,10.729917,nan,nan,nan,0,nan,nan,nan,0,nan,nan,nan,nan,nan,nan,nan,nan,nan,nan,nan,nan,nan,nan,nan,nan,nan,nan,nan,nan,nan,nan,nan,nan,nan,nan,nan,nan,nan,nan,nan,nan,nan,nan,nan,nan,nan,nan,nan,nan,nan,nan,nan,nan,nan,nan,nan,nan,nan,nan,nan,nan,nan,nan,nan,nan,nan,nan,nan,nan,nan,nan,nan,nan,nan,nan,nan,nan,nan,nan,nan,nan,nan,nan,nan,nan,nan,nan,nan,nan
26.900,APPROACH,33.011161,4.268577,32.079880,6.511324,-3.658746,-9.898785,-1.134732,-66.632182,-72.312019,23.484024,7.906730,0.845905,1.138608,0.000000,0.000000,6.106590,-62.363605,-40.232139,29.995349,4.247984,-9.052880,0.003876,0.000000,0.000000,-64.862096,-66.906716,-72.356422,23.444114,7.954215,0.854673,1.144477,0.000000,0.000000,0.000000,4.268577,32.079880,6.511324,33.011161,-3.658746,-9.898785,-1.134732,10.614141,nan,nan,nan,0,nan,nan,nan,0,nan,nan,nan,nan,nan,nan,nan,nan,nan,nan,nan,nan,nan,nan,nan,nan,nan,nan,nan,nan,nan,nan,nan,nan,nan,nan,nan,nan,nan,nan,nan,nan,nan,nan,nan,nan,nan,nan,nan,nan,nan,nan,nan,nan,nan,nan,nan,nan,nan,nan,nan,nan,nan,nan,nan,nan,nan,nan,nan,nan,nan,nan,nan,nan,nan,nan,nan,nan,nan,nan,nan,nan,nan,nan,nan,nan,nan,nan,nan,nan
26.940,APPROACH,33.011161,4.268577,32.079880,6.511324,-3.658746,-9.898785,-1.134732,-66.231697,-72.271378,23.541542,8.009703,0.812817,1.150346,0.000000,0.000000,5.794484,-62.148383,-40.683448,29.995535,4.304445,-9.026171,0.003721,0.000000,0.000000,-64.504230,-66.588486,-72.322813,23.489894,7.957267,0.825770,1.144477,0.000000,0.000000,0.000000,4.083314,31.587930,6.453993,32.498074,-3.705258,-9.838988,-1.146625,10.575886,nan,nan,nan,0,nan,nan,nan,0,nan,nan,nan,nan,nan,nan,nan,nan,nan,nan,nan,nan,nan,nan,nan,nan,nan,nan,nan,nan,nan,nan,nan,nan,nan,nan,nan,nan,nan,nan,nan,nan,nan,nan,nan,nan,nan,nan,nan,nan,nan,nan,nan,nan,nan,nan,nan,nan,nan,nan,nan,nan,nan,nan,nan,nan,nan,nan,nan,nan,nan,nan,nan,nan,nan,nan,nan,nan,nan,nan,nan,nan,nan,nan,nan,nan,nan,nan,nan,nan
27.000,APPROACH,31.989739,3.905647,31.099271,6.397241,-3.553351,-9.773186,-1.135036,-65.835992,-72.232674,23.598472,7.914088,0.774077,1.138608,0.000000,0.000000,5.586331,-61.930346,-41.133403,29.995713,4.360737,-8.999109,0.003572,0.000000,0.000000,-64.146364,-66.110917,-72.274568,23.558562,7.961649,0.782395,1.144477,0.000000,0.000000,0.000000,3.905647,31.099271,6.397241,31.989739,-3.553351,-9.773186,-1.135036,10.460869,nan,nan,nan,0,nan,nan,nan,0,nan,nan,nan,nan,nan,nan,nan,nan,nan,nan,nan,nan,nan,nan,nan,nan,nan,nan,nan,nan,nan,nan,nan,nan,nan,nan,nan,nan,nan,nan,nan,nan,nan,nan,nan,nan,nan,nan,nan,nan,nan,nan,nan,nan,nan,nan,nan,nan,nan,nan,nan,nan,nan,nan,nan,nan,nan,nan,nan,nan,nan,nan,nan,nan,nan,nan,nan,nan,nan,nan,nan,nan,nan,nan,nan,nan,nan,nan,nan,nan
27.040,APPROACH,31.989739,3.905647,31.099271,6.397241,-3.553351,-9.773186,-1.135036,-65.435155,-72.195671,23.655989,8.016756,0.740054,1.150346,0.000000,0.000000,5.274217,-61.709503,-41.581988,29.995885,4.416860,-8.971697,0.003429,0.000000,0.000000,-63.788497,-65.792395,-72.243850,23.604341,7.964439,0.753465,1.144477,0.000000,0.000000,0.000000,3.725652,30.613683,6.339896,31.484478,-3.599896,-9.711751,-1.146917,10.420786,nan,nan,nan,0,nan,nan,nan,0,nan,nan,nan,nan,nan,nan,nan,nan,nan,nan,nan,nan,nan,nan,nan,nan,nan,nan,nan,nan,nan,nan,nan,nan,nan,nan,nan,nan,nan,nan,nan,nan,nan,nan,nan,nan,nan,nan,nan,nan,nan,nan,nan,nan,nan,nan,nan,nan,nan,nan,nan,nan,nan,nan,nan,nan,nan,nan,nan,nan,nan,nan,nan,nan,nan,nan,nan,nan,nan,nan,nan,nan,nan,nan,nan,nan,nan,nan,nan,nan
27.100,APPROACH,30.983919,3.553253,30.131377,6.283130,-3.447983,-9.646117,-1.135316,-65.039115,-72.160562,23.712920,7.920793,0.702183,1.138608,0.000000,0.000000,5.066058,-61.485862,-42.029185,29.996050,4.472810,-8.943935,0.003292,0.000000,0.000000,-63.430631,-65.314408,-72.199945,23.673010,7.968427,0.710052,1.144477,0.000000,0.000000,0.000000,3.553253,30.131377,6.283130,30.983919,-3.447983,-9.646117,-1.135316,10.306557,nan,nan,nan,0,nan,nan,nan,0,nan,nan,nan,nan,nan,nan,nan,nan,nan,nan,nan,nan,nan,nan,nan,nan,nan,nan,nan,nan,nan,nan,nan,nan,nan,nan,nan,nan,nan,nan,nan,nan,nan,nan,nan,nan,nan,nan,nan,nan,nan,nan,nan,nan,nan,nan,nan,nan,nan,nan,nan,nan,nan,nan,nan,nan,nan,nan,nan,nan,nan,nan,nan,nan,nan,nan,nan,nan,nan,nan,nan,nan,nan,nan,nan,nan,nan,nan,nan,nan
27.140,APPROACH,30.983919,3.553253,30.131377,6.283130,-3.447983,-9.646117,-1.135316,-64.637958,-72.127201,23.770437,8.023148,0.667227,1.150346,0.000000,0.000000,4.753935,-61.259433,-42.474976,29.996208,4.528586,-8.915824,0.003160,0.000000,0.000000,-63.072764,-64.995620,-72.172122,23.718789,7.970954,0.681098,1.144477,0.000000,0.000000,0.000000,3.378525,29.652225,6.225770,30.486540,-3.494562,-9.583051,-1.147186,10.264641,nan,nan,nan,0,nan,nan,nan,0,nan,nan,nan,nan,nan,nan,nan,nan,nan,nan,nan,nan,nan,nan,nan,nan,nan,nan,nan,nan,nan,nan,nan,nan,nan,nan,nan,nan,nan,nan,nan,nan,nan,nan,nan,nan,nan,nan,nan,nan,nan,nan,nan,nan,nan,nan,nan,nan,nan,nan,nan,nan,nan,nan,nan,nan,nan,nan,nan,nan,nan,nan,nan,nan,nan,nan,nan,nan,nan,nan,nan,nan,nan,nan,nan,nan,nan,nan,nan,nan
27.200,APPROACH,29.993810,3.211392,29.176345,6.168992,-3.342660,-9.517593,-1.135574,-64.241615,-72.095690,23.827368,7.926845,0.630228,1.138608,0.000000,0.000000,4.545772,-61.030224,-42.919344,29.996359,4.584185,-8.887365,0.003034,0.000000,0.000000,-62.714898,-64.517254,-72.132559,23.787458,7.974547,0.637651,1.144477,0.000000,0.000000,0.000000,3.211392,29.176345,6.168992,29.993810,-3.342660,-9.517593,-1.135574,10.151231,nan,nan,nan,0,nan,nan,nan,0,nan,nan,nan,nan,nan,nan,nan,nan,nan,nan,nan,nan,nan,nan,nan,nan,nan,nan,nan,nan,nan,nan,nan,nan,nan,nan,nan,nan,nan,nan,nan,nan,nan,nan,nan,nan,nan,nan,nan,nan,nan,nan,nan,nan,nan,nan,nan,nan,nan,nan,nan,nan,nan,nan,nan,nan,nan,nan,nan,nan,nan,nan,nan,nan,nan,nan,nan,nan,nan,nan,nan,nan,nan,nan,nan,nan,nan,nan,nan,nan
27.240,APPROACH,29.993810,3.211392,29.176345,6.168992,-3.342660,-9.517593,-1.135574,-63.840171,-72.065972,23.884885,8.028878,0.594344,1.150346,0.000000,0.000000,4.233642,-60.798243,-43.362272,29.996505,4.639605,-8.858559,0.002913,0.000000,0.000000,-62.357032,-64.198226,-72.107633,23.833237,7.976811,0.608676,1.144477,0.000000,0.000000,0.000000,3.041928,28.703700,6.111620,29.504366,-3.389273,-9.452903,-1.147434,10.107480,nan,nan,nan,0,nan,nan,nan,0,nan,nan,nan,nan,nan,nan,nan,nan,nan,nan,nan,nan,nan,nan,nan,nan,nan,nan,nan,nan,nan,nan,nan,nan,nan,nan,nan,nan,nan,nan,nan,nan,nan,nan,nan,nan,nan,nan,nan,nan,nan,nan,nan,nan,nan,nan,nan,nan,nan,nan,nan,nan,nan,nan,nan,nan,nan,nan,nan,nan,nan,nan,nan,nan,nan,nan,nan,nan,nan,nan,nan,nan,nan,nan,nan,nan,nan,nan,nan,nan
27.300,APPROACH,29.019518,2.880058,28.234319,6.054829,-3.237399,-9.387628,-1.135812,-63.443559,-72.038061,23.941815,7.932243,0.558221,1.138608,0.000000,0.000000,4.025474,-60.563501,-43.803743,29.996645,4.694844,-8.829408,0.002796,0.000000,0.000000,-61.999165,-63.719520,-72.072416,23.901905,7.980010,0.565197,1.144477,0.000000,0.000000,0.000000,2.880058,28.234319,6.054829,29.019518,-3.237399,-9.387628,-1.135812,9.994918,nan,nan,nan,0,nan,nan,nan,0,nan,nan,nan,nan,nan,nan,nan,nan,nan,nan,nan,nan,nan,nan,nan,nan,nan,nan,nan,nan,nan,nan,nan,nan,nan,nan,nan,nan,nan,nan,nan,nan,nan,nan,nan,nan,nan,nan,nan,nan,nan,nan,nan,nan,nan,nan,nan,nan,nan,nan,nan,nan,nan,nan,nan,nan,nan,nan,nan,nan,nan,nan,nan,nan,nan,nan,nan,nan,nan,nan,nan,nan,nan,nan,nan,nan,nan,nan,nan,nan
27.340,APPROACH,29.019518,2.880058,28.234319,6.054829,-3.237399,-9.387628,-1.135812,-63.041862,-72.011991,23.999333,8.033946,0.521410,1.150346,0.000000,0.000000,3.713338,-60.326006,-44.243738,29.996779,4.749900,-8.799912,0.002684,0.000000,0.000000,-61.641299,-63.400280,-72.050388,23.947684,7.982010,0.536202,1.144477,0.000000,0.000000,0.000000,2.715856,27.768253,5.997446,28.538064,-3.284045,-9.321322,-1.147662,9.949328,nan,nan,nan,0,nan,nan,nan,0,nan,nan,nan,nan,nan,nan,nan,nan,nan,nan,nan,nan,nan,nan,nan,nan,nan,nan,nan,nan,nan,nan,nan,nan,nan,nan,nan,nan,nan,nan,nan,nan,nan,nan,nan,nan,nan,nan,nan,nan,nan,nan,nan,nan,nan,nan,nan,nan,nan,nan,nan,nan,nan,nan,nan,nan,nan,nan,nan,nan,nan,nan,nan,nan,nan,nan,nan,nan,nan,nan,nan,nan,nan,nan,nan,nan,nan,nan,nan,nan
27.400,APPROACH,28.061149,2.559245,27.305441,5.940645,-3.132216,-9.256238,-1.136031,-62.645013,-71.987683,24.056263,7.936987,0.486165,1.138608,0.000000,0.000000,3.505166,-60.085768,-44.682242,29.996908,4.804771,-8.770073,0.002577,0.000000,0.000000,-61.283433,-62.921274,-72.019521,24.016353,7.984814,0.492697,1.144477,0.000000,0.000000,0.000000,2.559245,27.305441,5.940645,28.061149,-3.132216,-9.256238,-1.136031,9.837646,nan,nan,nan,0,nan,nan,nan,0,nan,nan,nan,nan,nan,nan,nan,nan,nan,nan,nan,nan,nan,nan,nan,nan,nan,nan,nan,nan,nan,nan,nan,nan,nan,nan,nan,nan,nan,nan,nan,nan,nan,nan,nan,nan,nan,nan,nan,nan,nan,nan,nan,nan,nan,nan,nan,nan,nan,nan,nan,nan,nan,nan,nan,nan,nan,nan,nan,nan,nan,nan,nan,nan,nan,nan,nan,nan,nan,nan,nan,nan,nan,nan,nan,nan,nan,nan,nan,nan
27.440,APPROACH,28.061149,2.559245,27.305441,5.940645,-3.132216,-9.256238,-1.136031,-62.243095,-71.965261,24.113780,8.038351,0.448432,1.150346,0.000000,0.000000,3.193025,-59.842795,-45.119236,29.997031,4.859454,-8.739891,0.002474,0.000000,0.000000,-60.925566,-62.601846,-72.000394,24.062132,7.986551,0.463685,1.144477,0.000000,0.000000,0.000000,2.400300,26.846025,5.883251,27.587735,-3.178896,-9.188323,-1.147872,9.790213,nan,nan,nan,0,nan,nan,nan,0,nan,nan,nan,nan,nan,nan,nan,nan,nan,nan,nan,nan,nan,nan,nan,nan,nan,nan,nan,nan,nan,nan,nan,nan,nan,nan,nan,nan,nan,nan,nan,nan,nan,nan,nan,nan,nan,nan,nan,nan,nan,nan,nan,nan,nan,nan,nan,nan,nan,nan,nan,nan,nan,nan,nan,nan,nan,nan,nan,nan,nan,nan,nan,nan,nan,nan,nan,nan,nan,nan,nan,nan,nan,nan,nan,nan,nan,nan,nan,nan
27.500,APPROACH,27.118803,2.248944,26.389853,5.826440,-3.027127,-9.123438,-1.136233,-61.846041,-71.944558,24.170711,7.941076,0.414069,1.138608,0.000000,0.000000,2.984849,-59.597098,-45.554705,29.997150,4.913948,-8.709369,0.002375,0.000000,0.000000,-60.567700,-62.122580,-71.973878,24.130801,7.988959,0.420156,1.144477,0.000000,0.000000,0.000000,2.248944,26.389853,5.826440,27.118803,-3.027127,-9.123438,-1.136233,9.679444,nan,nan,nan,0,nan,nan,nan,0,nan,nan,nan,nan,nan,nan,nan,nan,nan,nan,nan,nan,nan,nan,nan,nan,nan,nan,nan,nan,nan,nan,nan,nan,nan,nan,nan,nan,nan,nan,nan,nan,nan,nan,nan,nan,nan,nan,nan,nan,nan,nan,nan,nan,nan,nan,nan,nan,nan,nan,nan,nan,nan,nan,nan,nan,nan,nan,nan,nan,nan,nan,nan,nan,nan,nan,nan,nan,nan,nan,nan,nan,nan,nan,nan,nan,nan,nan,nan,nan
27.540,APPROACH,27.118803,2.248944,26.389853,5.826440,-3.027127,-9.123438,-1.136233,-61.443937,-71.925787,24.228228,8.042093,0.375416,1.150346,0.000000,0.000000,2.672703,-59.348685,-45.988630,29.997264,4.968250,-8.678507,0.002280,0.000000,0.000000,-60.209834,-61.802991,-71.957653,24.176580,7.990433,0.391130,1.144477,0.000000,0.000000,0.000000,2.095252,25.937157,5.769036,26.653479,-3.073843,-9.053923,-1.148066,9.630165,nan,nan,nan,0,nan,nan,nan,0,nan,nan,nan,nan,nan,nan,nan,nan,nan,nan,nan,nan,nan,nan,nan,nan,nan,nan,nan,nan,nan,nan,nan,nan,nan,nan,nan,nan,nan,nan,nan,nan,nan,nan,nan,nan,nan,nan,nan,nan,nan,nan,nan,nan,nan,nan,nan,nan,nan,nan,nan,nan,nan,nan,nan,nan,nan,nan,nan,nan,nan,nan,nan,nan,nan,nan,nan,nan,nan,nan,nan,nan,nan,nan,nan,nan,nan,nan,nan,nan
27.600,APPROACH,26.192578,1.949144,25.487694,5.712215,-2.922151,-8.989243,-1.136419,-61.046711,-71.908690,24.285158,7.944509,0.341937,1.138608,0.000000,0.000000,2.464524,-59.097567,-46.420996,29.997374,5.022358,-8.647307,0.002189,0.000000,0.000000,-59.851967,-61.323504,-71.935491,24.245248,7.992446,0.347580,1.144477,0.000000,0.000000,0.000000,1.949144,25.487694,5.712215,26.192578,-2.922151,-8.989243,-1.136419,9.520342,nan,nan,nan,0,nan,nan,nan,0,nan,nan,nan,nan,nan,nan,nan,nan,nan,nan,nan,nan,nan,nan,nan,nan,nan,nan,nan,nan,nan,nan,nan,nan,nan,nan,nan,nan,nan,nan,nan,nan,nan,nan,nan,nan,nan,nan,nan,nan,nan,nan,nan,nan,nan,nan,nan,nan,nan,nan,nan,nan,nan,nan,nan,nan,nan,nan,nan,nan,nan,nan,nan,nan,nan,nan,nan,nan,nan,nan,nan,nan,nan,nan,nan,nan,nan,nan,nan,nan
27.640,APPROACH,26.192578,1.949144,25.487694,5.712215,-2.922151,-8.989243,-1.136419,-60.644453,-71.893572,24.342676,8.045171,0.302367,1.150346,0.000000,0.000000,2.152374,-58.843754,-46.851784,29.997479,5.076271,-8.615769,0.002101,0.000000,0.000000,-59.494101,-61.003782,-71.922169,24.291027,7.993656,0.318542,1.144477,0.000000,0.000000,0.000000,1.800699,25.041788,5.654803,25.735393,-2.968901,-8.918136,-1.148245,9.469213,nan,nan,nan,0,nan,nan,nan,0,nan,nan,nan,nan,nan,nan,nan,nan,nan,nan,nan,nan,nan,nan,nan,nan,nan,nan,nan,nan,nan,nan,nan,nan,nan,nan,nan,nan,nan,nan,nan,nan,nan,nan,nan,nan,nan,nan,nan,nan,nan,nan,nan,nan,nan,nan,nan,nan,nan,nan,nan,nan,nan,nan,nan,nan,nan,nan,nan,nan,nan,nan,nan,nan,nan,nan,nan,nan,nan,nan,nan,nan,nan,nan,nan,nan,nan,nan,nan,nan
27.700,APPROACH,25.282569,1.659834,24.599104,5.597974,-2.817303,-8.853670,-1.136591,-60.247088,-71.880083,24.399606,7.947288,0.269775,1.138608,0.000000,0.000000,1.944193,-58.587254,-47.280979,29.997580,5.129985,-8.583895,0.002017,0.000000,0.000000,-59.136234,-60.524113,-71.904363,24.359696,7.995273,0.274976,1.144477,0.000000,0.000000,0.000000,1.659834,24.599104,5.597974,25.282569,-2.817303,-8.853670,-1.136591,9.360369,nan,nan,nan,0,nan,nan,nan,0,nan,nan,nan,nan,nan,nan,nan,nan,nan,nan,nan,nan,nan,nan,nan,nan,nan,nan,nan,nan,nan,nan,nan,nan,nan,nan,nan,nan,nan,nan,nan,nan,nan,nan,nan,nan,nan,nan,nan,nan,nan,nan,nan,nan,nan,nan,nan,nan,nan,nan,nan,nan,nan,nan,nan,nan,nan,nan,nan,nan,nan,nan,nan,nan,nan,nan,nan,nan,nan,nan,nan,nan,nan,nan,nan,nan,nan,nan,nan,nan
27.740,APPROACH,25.282569,1.659834,24.599104,5.597974,-2.817303,-8.853670,-1.136591,-59.844709,-71.868618,24.457123,8.047586,0.229293,1.150346,0.000000,0.000000,1.632038,-58.328079,-47.708563,29.997676,5.183499,-8.551686,0.001936,0.000000,0.000000,-58.778368,-60.204282,-71.893945,24.405475,7.996219,0.245928,1.144477,0.000000,0.000000,0.000000,1.516630,24.160055,5.540553,24.833569,-2.864087,-8.780979,-1.148410,9.307386,nan,nan,nan,0,nan,nan,nan,0,nan,nan,nan,nan,nan,nan,nan,nan,nan,nan,nan,nan,nan,nan,nan,nan,nan,nan,nan,nan,nan,nan,nan,nan,nan,nan,nan,nan,nan,nan,nan,nan,nan,nan,nan,nan,nan,nan,nan,nan,nan,nan,nan,nan,nan,nan,nan,nan,nan,nan,nan,nan,nan,nan,nan,nan,nan,nan,nan,nan,nan,nan,nan,nan,nan,nan,nan,nan,nan,nan,nan,nan,nan,nan,nan,nan,nan,nan,nan,nan
27.800,APPROACH,24.388867,1.381000,23.724218,5.483716,-2.712600,-8.716735,-1.136749,-59.447238,-71.858739,24.514054,7.949411,0.197591,1.138608,0.000000,0.000000,1.423855,-58.066239,-48.134520,29.997769,5.236811,-8.519144,0.001859,0.000000,0.000000,-58.420502,-59.724471,-71.880497,24.474144,7.997441,0.202349,1.144477,0.000000,0.000000,0.000000,1.381000,23.724218,5.483716,24.388867,-2.712600,-8.716735,-1.136749,9.199558,nan,nan,nan,0,nan,nan,nan,0,nan,nan,nan,nan,nan,nan,nan,nan,nan,nan,nan,nan,nan,nan,nan,nan,nan,nan,nan,nan,nan,nan,nan,nan,nan,nan,nan,nan,nan,nan,nan,nan,nan,nan,nan,nan,nan,nan,nan,nan,nan,nan,nan,nan,nan,nan,nan,nan,nan,nan,nan,nan,nan,nan,nan,nan,nan,nan,nan,nan,nan,nan,nan,nan,nan,nan,nan,nan,nan,nan,nan,nan,nan,nan,nan,nan,nan,nan,nan,nan
27.840,APPROACH,24.388867,1.381000,23.724218,5.483716,-2.712600,-8.716735,-1.136749,-59.044772,-71.850929,24.571571,8.049337,0.156199,1.150346,0.000000,0.000000,1.111697,-57.801743,-48.558834,29.997859,5.289919,-8.486269,0.001785,0.000000,0.000000,-58.062635,-59.404560,-71.872984,24.519923,7.998123,0.173293,1.144477,0.000000,0.000000,0.000000,1.243029,23.292095,5.426288,23.948098,-2.759419,-8.642468,-1.148562,9.144716,nan,nan,nan,0,nan,nan,nan,0,nan,nan,nan,nan,nan,nan,nan,nan,nan,nan,nan,nan,nan,nan,nan,nan,nan,nan,nan,nan,nan,nan,nan,nan,nan,nan,nan,nan,nan,nan,nan,nan,nan,nan,nan,nan,nan,nan,nan,nan,nan,nan,nan,nan,nan,nan,nan,nan,nan,nan,nan,nan,nan,nan,nan,nan,nan,nan,nan,nan,nan,nan,nan,nan,nan,nan,nan,nan,nan,nan,nan,nan,nan,nan,nan,nan,nan,nan,nan,nan
27.900,APPROACH,23.511561,1.112626,22.863172,5.369443,-2.608058,-8.578453,-1.136895,-58.647228,-71.844659,24.628501,7.950878,0.125390,1.138608,0.000000,0.000000,0.903511,-57.534602,-48.981487,29.997944,5.342820,-8.453063,0.001713,0.000000,0.000000,-57.704769,-58.924646,-71.863894,24.588591,7.998948,0.129705,1.144477,0.000000,0.000000,0.000000,1.112626,22.863172,5.369443,23.511561,-2.608058,-8.578453,-1.136895,9.037939,nan,nan,nan,0,nan,nan,nan,0,nan,nan,nan,nan,nan,nan,nan,nan,nan,nan,nan,nan,nan,nan,nan,nan,nan,nan,nan,nan,nan,nan,nan,nan,nan,nan,nan,nan,nan,nan,nan,nan,nan,nan,nan,nan,nan,nan,nan,nan,nan,nan,nan,nan,nan,nan,nan,nan,nan,nan,nan,nan,nan,nan,nan,nan,nan,nan,nan,nan,nan,nan,nan,nan,nan,nan,nan,nan,nan,nan,nan,nan,nan,nan,nan,nan,nan,nan,nan,nan
27.940,APPROACH,23.511561,1.112626,22.863172,5.369443,-2.608058,-8.578453,-1.136895,-58.244706,-71.840505,24.686019,8.050424,0.083091,1.150346,0.000000,0.000000,0.591350,-57.264826,-49.402463,29.998026,5.395513,-8.419527,0.001645,0.000000,0.000000,-57.346903,-58.604680,-71.859287,24.634371,7.999367,0.100645,1.144477,0.000000,0.000000,0.000000,0.979880,22.438041,5.312008,23.079066,-2.654912,-8.502619,-1.148701,8.981236,nan,nan,nan,0,nan,nan,nan,0,nan,nan,nan,nan,nan,nan,nan,nan,nan,nan,nan,nan,nan,nan,nan,nan,nan,nan,nan,nan,nan,nan,nan,nan,nan,nan,nan,nan,nan,nan,nan,nan,nan,nan,nan,nan,nan,nan,nan,nan,nan,nan,nan,nan,nan,nan,nan,nan,nan,nan,nan,nan,nan,nan,nan,nan,nan,nan,nan,nan,nan,nan,nan,nan,nan,nan,nan,nan,nan,nan,nan,nan,nan,nan,nan,nan,nan,nan,nan,nan
28.000,APPROACH,22.650735,0.854696,22.016099,5.255156,-2.503694,-8.438841,-1.137029,-57.847122,-71.837846,24.742949,7.951689,0.053177,1.138608,0.000000,0.000000,0.383162,-56.992426,-49.821746,29.998105,5.447995,-8.385663,0.001579,0.000000,0.000000,-56.989036,-58.124704,-71.854556,24.703039,7.999797,0.057051,1.144477,0.000000,0.000000,0.000000,0.854696,22.016099,5.255156,22.650735,-2.503694,-8.438841,-1.137029,8.875548,nan,nan,nan,0,nan,nan,nan,0,nan,nan,nan,nan,nan,nan,nan,nan,nan,nan,nan,nan,nan,nan,nan,nan,nan,nan,nan,nan,nan,nan,nan,nan,nan,nan,nan,nan,nan,nan,nan,nan,nan,nan,nan,nan,nan,nan,nan,nan,nan,nan,nan,nan,nan,nan,nan,nan,nan,nan,nan,nan,nan,nan,nan,nan,nan,nan,nan,nan,nan,nan,nan,nan,nan,nan,nan,nan,nan,nan,nan,nan,nan,nan,nan,nan,nan,nan,nan,nan
28.040,APPROACH,22.650735,0.854696,22.016099,5.255156,-2.503694,-8.438841,-1.137029,-57.444580,-71.837347,24.800466,8.050847,0.009976,1.150346,0.000000,0.000000,0.070999,-56.717413,-50.239320,29.998181,5.500265,-8.351472,0.001516,0.000000,0.000000,-56.631170,-57.804708,-71.852855,24.748818,7.999951,0.027988,1.144477,0.000000,0.000000,0.000000,0.727166,21.598027,5.197715,22.226556,-2.550583,-8.361448,-1.148830,8.816978,nan,nan,nan,0,nan,nan,nan,0,nan,nan,nan,nan,nan,nan,nan,nan,nan,nan,nan,nan,nan,nan,nan,nan,nan,nan,nan,nan,nan,nan,nan,nan,nan,nan,nan,nan,nan,nan,nan,nan,nan,nan,nan,nan,nan,nan,nan,nan,nan,nan,nan,nan,nan,nan,nan,nan,nan,nan,nan,nan,nan,nan,nan,nan,nan,nan,nan,nan,nan,nan,nan,nan,nan,nan,nan,nan,nan,nan,nan,nan,nan,nan,nan,nan,nan,nan,nan,nan
28.100,APPROACH,21.806470,0.607190,21.183131,5.140857,-2.399525,-8.297915,-1.137153,-57.046987,-71.838299,24.857397,7.951845,-0.019040,1.138608,0.000000,0.000000,-0.137190,-56.439797,-50.655168,29.998254,5.552320,-8.316955,0.001455,0.000000,0.000000,-56.273303,-57.324709,-71.852484,24.817487,7.999985,-0.015608,1.144477,0.000000,0.000000,0.000000,0.607190,21.183131,5.140857,21.806470,-2.399525,-8.297915,-1.137153,8.712418,nan,nan,nan,0,nan,nan,nan,0,nan,nan,nan,nan,nan,nan,nan,nan,nan,nan,nan,nan,nan,nan,nan,nan,nan,nan,nan,nan,nan,nan,nan,nan,nan,nan,nan,nan,nan,nan,nan,nan,nan,nan,nan,nan,nan,nan,nan,nan,nan,nan,nan,nan,nan,nan,nan,nan,nan,nan,nan,nan,nan,nan,nan,nan,nan,nan,nan,nan,nan,nan,nan,nan,nan,nan,nan,nan,nan,nan,nan,nan,nan,nan,nan,nan,nan,nan,nan,nan
28.140,APPROACH,21.806470,0.607190,21.183131,5.140857,-2.399525,-8.297915,-1.137153,-56.644457,-71.841456,24.914914,8.050606,-0.063140,1.150346,0.000000,0.000000,-0.449356,-56.159589,-51.069273,29.998324,5.604159,-8.282114,0.001397,0.000000,0.000000,-55.915437,-57.004712,-71.853689,24.863266,7.999875,-0.044672,1.144477,0.000000,0.000000,0.000000,0.484868,20.772182,5.083410,21.390646,-2.446448,-8.218973,-1.148949,8.651977,nan,nan,nan,0,nan,nan,nan,0,nan,nan,nan,nan,nan,nan,nan,nan,nan,nan,nan,nan,nan,nan,nan,nan,nan,nan,nan,nan,nan,nan,nan,nan,nan,nan,nan,nan,nan,nan,nan,nan,nan,nan,nan,nan,nan,nan,nan,nan,nan,nan,nan,nan,nan,nan,nan,nan,nan,nan,nan,nan,nan,nan,nan,nan,nan,nan,nan,nan,nan,nan,nan,nan,nan,nan,nan,nan,nan,nan,nan,nan,nan,nan,nan,nan,nan,nan,nan,nan
28.200,APPROACH,20.978843,0.370090,20.364398,5.026546,-2.295565,-8.155692,-1.137267,-56.246890,-71.846019,24.971845,7.951344,-0.091256,1.138608,0.000000,0.000000,-0.657547,-55.876800,-51.481621,29.998391,5.655779,-8.246949,0.001341,0.000000,0.000000,-55.557571,-56.524729,-71.857678,24.931935,7.999513,-0.088266,1.144477,0.000000,0.000000,0.000000,0.370090,20.364398,5.026546,20.978843,-2.295565,-8.155692,-1.137267,8.548586,nan,nan,nan,0,nan,nan,nan,0,nan,nan,nan,nan,nan,nan,nan,nan,nan,nan,nan,nan,nan,nan,nan,nan,nan,nan,nan,nan,nan,nan,nan,nan,nan,nan,nan,nan,nan,nan,nan,nan,nan,nan,nan,nan,nan,nan,nan,nan,nan,nan,nan,nan,nan,nan,nan,nan,nan,nan,nan,nan,nan,nan,nan,nan,nan,nan,nan,nan,nan,nan,nan,nan,nan,nan,nan,nan,nan,nan,nan,nan,nan,nan,nan,nan,nan,nan,nan,nan
28.240,APPROACH,20.978843,0.370090,20.364398,5.026546,-2.295565,-8.155692,-1.137267,-55.844405,-71.852831,25.029362,8.049701,-0.136252,1.150346,0.000000,0.000000,-0.969715,-55.591441,-51.892194,29.998455,5.707178,-8.211463,0.001287,0.000000,0.000000,-55.199704,-56.204755,-71.861789,24.977714,7.999140,-0.117327,1.144477,0.000000,0.000000,0.000000,0.252963,19.960637,4.969093,20.571410,-2.342523,-8.075211,-1.149059,8.486270,nan,nan,nan,0,nan,nan,nan,0,nan,nan,nan,nan,nan,nan,nan,nan,nan,nan,nan,nan,nan,nan,nan,nan,nan,nan,nan,nan,nan,nan,nan,nan,nan,nan,nan,nan,nan,nan,nan,nan,nan,nan,nan,nan,nan,nan,nan,nan,nan,nan,nan,nan,nan,nan,nan,nan,nan,nan,nan,nan,nan,nan,nan,nan,nan,nan,nan,nan,nan,nan,nan,nan,nan,nan,nan,nan,nan,nan,nan,nan,nan,nan,nan,nan,nan,nan,nan,nan
28.300,APPROACH,20.167925,0.143372,19.560028,4.912225,-2.191833,-8.012190,-1.137372,-55.446895,-71.861005,25.086292,7.950188,-0.163466,1.138608,0.000000,0.000000,-1.177907,-55.303524,-52.300977,29.998517,5.758355,-8.175656,0.001236,0.000000,0.000000,-54.841838,-55.724828,-71.870137,25.046382,7.998381,-0.160916,1.144477,0.000000,0.000000,0.000000,0.143372,19.560028,4.912225,20.167925,-2.191833,-8.012190,-1.137372,8.384088,nan,nan,nan,0,nan,nan,nan,0,nan,nan,nan,nan,nan,nan,nan,nan,nan,nan,nan,nan,nan,nan,nan,nan,nan,nan,nan,nan,nan,nan,nan,nan,nan,nan,nan,nan,nan,nan,nan,nan,nan,nan,nan,nan,nan,nan,nan,nan,nan,nan,nan,nan,nan,nan,nan,nan,nan,nan,nan,nan,nan,nan,nan,nan,nan,nan,nan,nan,nan,nan,nan,nan,nan,nan,nan,nan,nan,nan,nan,nan,nan,nan,nan,nan,nan,nan,nan,nan
28.340,APPROACH,20.167925,0.143372,19.560028,4.912225,-2.191833,-8.012190,-1.137372,-55.044489,-71.871472,25.143810,8.048132,-0.209353,1.150346,0.000000,0.000000,-1.490077,-55.013058,-52.707953,29.998576,5.809307,-8.139530,0.001186,0.000000,0.000000,-54.483972,-55.404906,-71.877155,25.092161,7.997744,-0.189973,1.144477,0.000000,0.000000,0.000000,0.031430,19.163519,4.854767,19.768920,-2.238825,-7.930177,-1.149160,8.319893,nan,nan,nan,0,nan,nan,nan,0,nan,nan,nan,nan,nan,nan,nan,nan,nan,nan,nan,nan,nan,nan,nan,nan,nan,nan,nan,nan,nan,nan,nan,nan,nan,nan,nan,nan,nan,nan,nan,nan,nan,nan,nan,nan,nan,nan,nan,nan,nan,nan,nan,nan,nan,nan,nan,nan,nan,nan,nan,nan,nan,nan,nan,nan,nan,nan,nan,nan,nan,nan,nan,nan,nan,nan,nan,nan,nan,nan,nan,nan,nan,nan,nan,nan,nan,nan,nan,nan
28.400,APPROACH,19.373785,-0.072987,18.770148,4.797893,-2.088343,-7.867425,-1.137469,-54.647070,-71.883255,25.200740,7.948375,-0.235662,1.138608,0.000000,0.000000,-1.698270,-54.720057,-53.113108,29.998633,5.860032,-8.103087,0.001139,0.000000,0.000000,-54.126105,-54.925074,-71.889860,25.160830,7.996590,-0.233553,1.144477,0.000000,0.000000,0.000000,-0.072987,18.770148,4.797893,19.373785,-2.088343,-7.867425,-1.137469,8.218965,nan,nan,nan,0,nan,nan,nan,0,nan,nan,nan,nan,nan,nan,nan,nan,nan,nan,nan,nan,nan,nan,nan,nan,nan,nan,nan,nan,nan,nan,nan,nan,nan,nan,nan,nan,nan,nan,nan,nan,nan,nan,nan,nan,nan,nan,nan,nan,nan,nan,nan,nan,nan,nan,nan,nan,nan,nan,nan,nan,nan,nan,nan,nan,nan,nan,nan,nan,nan,nan,nan,nan,nan,nan,nan,nan,nan,nan,nan,nan,nan,nan,nan,nan,nan,nan,nan,nan
28.440,APPROACH,19.373785,-0.072987,18.770148,4.797893,-2.088343,-7.867425,-1.137469,-54.244775,-71.897377,25.258257,8.045899,-0.282437,1.150346,0.000000,0.000000,-2.010441,-54.424530,-53.516424,29.998688,5.910529,-8.066328,0.001093,0.000000,0.000000,-53.768239,-54.605228,-71.899783,25.206609,7.995689,-0.262603,1.144477,0.000000,0.000000,0.000000,-0.179755,18.380953,4.740431,18.983241,-2.135370,-7.783891,-1.149253,8.152886,nan,nan,nan,0,nan,nan,nan,0,nan,nan,nan,nan,nan,nan,nan,nan,nan,nan,nan,nan,nan,nan,nan,nan,nan,nan,nan,nan,nan,nan,nan,nan,nan,nan,nan,nan,nan,nan,nan,nan,nan,nan,nan,nan,nan,nan,nan,nan,nan,nan,nan,nan,nan,nan,nan,nan,nan,nan,nan,nan,nan,nan,nan,nan,nan,nan,nan,nan,nan,nan,nan,nan,nan,nan,nan,nan,nan,nan,nan,nan,nan,nan,nan,nan,nan,nan,nan,nan
28.500,APPROACH,18.596486,-0.279011,17.994882,4.683553,-1.985112,-7.721415,-1.137558,-53.847480,-71.912769,25.315188,7.945907,-0.307839,1.138608,0.000000,0.000000,-2.218636,-54.126491,-53.917887,29.998740,5.960795,-8.029254,0.001050,0.000000,0.000000,-53.410372,-54.125532,-71.916847,25.275278,7.994139,-0.306171,1.144477,0.000000,0.000000,0.000000,-0.279011,17.994882,4.683553,18.596486,-1.985112,-7.721415,-1.137558,8.053257,nan,nan,nan,0,nan,nan,nan,0,nan,nan,nan,nan,nan,nan,nan,nan,nan,nan,nan,nan,nan,nan,nan,nan,nan,nan,nan,nan,nan,nan,nan,nan,nan,nan,nan,nan,nan,nan,nan,nan,nan,nan,nan,nan,nan,nan,nan,nan,nan,nan,nan,nan,nan,nan,nan,nan,nan,nan,nan,nan,nan,nan,nan,nan,nan,nan,nan,nan,nan,nan,nan,nan,nan,nan,nan,nan,nan,nan,nan,nan,nan,nan,nan,nan,nan,nan,nan,nan
28.540,APPROACH,18.596486,-0.279011,17.994882,4.683553,-1.985112,-7.721415,-1.137558,-53.445330,-71.930544,25.372705,8.043002,-0.355498,1.150346,0.000000,0.000000,-2.530808,-53.825949,-54.317480,29.998791,6.010829,-7.991867,0.001008,0.000000,0.000000,-53.052506,-53.805790,-71.929674,25.321057,7.992974,-0.335212,1.144477,0.000000,0.000000,0.000000,-0.380619,17.613064,4.626086,18.214433,-2.032173,-7.636369,-1.149338,7.985288,nan,nan,nan,0,nan,nan,nan,0,nan,nan,nan,nan,nan,nan,nan,nan,nan,nan,nan,nan,nan,nan,nan,nan,nan,nan,nan,nan,nan,nan,nan,nan,nan,nan,nan,nan,nan,nan,nan,nan,nan,nan,nan,nan,nan,nan,nan,nan,nan,nan,nan,nan,nan,nan,nan,nan,nan,nan,nan,nan,nan,nan,nan,nan,nan,nan,nan,nan,nan,nan,nan,nan,nan,nan,nan,nan,nan,nan,nan,nan,nan,nan,nan,nan,nan,nan,nan,nan
28.600,APPROACH,17.836087,-0.474727,17.234355,4.569204,-1.882156,-7.574176,-1.137640,-53.048190,-71.949544,25.429635,7.942784,-0.379991,1.138608,0.000000,0.000000,-2.739004,-53.522918,-54.715189,29.998839,6.060628,-7.954168,0.000967,0.000000,0.000000,-52.694640,-53.326269,-71.951094,25.389725,7.991029,-0.378764,1.144477,0.000000,0.000000,0.000000,-0.474727,17.234355,4.569204,17.836087,-1.882156,-7.574176,-1.137640,7.887007,nan,nan,nan,0,nan,nan,nan,0,nan,nan,nan,nan,nan,nan,nan,nan,nan,nan,nan,nan,nan,nan,nan,nan,nan,nan,nan,nan,nan,nan,nan,nan,nan,nan,nan,nan,nan,nan,nan,nan,nan,nan,nan,nan,nan,nan,nan,nan,nan,nan,nan,nan,nan,nan,nan,nan,nan,nan,nan,nan,nan,nan,nan,nan,nan,nan,nan,nan,nan,nan,nan,nan,nan,nan,nan,nan,nan,nan,nan,nan,nan,nan,nan,nan,nan,nan,nan,nan
28.640,APPROACH,17.836087,-0.474727,17.234355,4.569204,-1.882156,-7.574176,-1.137640,-52.646218,-71.970970,25.487153,8.039442,-0.428530,1.150346,0.000000,0.000000,-3.051178,-53.217408,-55.110996,29.998886,6.110191,-7.916159,0.000929,0.000000,0.000000,-52.336773,-53.006656,-71.966825,25.435504,7.989600,-0.407793,1.144477,0.000000,0.000000,0.000000,-0.571190,16.859974,4.511733,17.462552,-1.929251,-7.487628,-1.149417,7.817144,nan,nan,nan,0,nan,nan,nan,0,nan,nan,nan,nan,nan,nan,nan,nan,nan,nan,nan,nan,nan,nan,nan,nan,nan,nan,nan,nan,nan,nan,nan,nan,nan,nan,nan,nan,nan,nan,nan,nan,nan,nan,nan,nan,nan,nan,nan,nan,nan,nan,nan,nan,nan,nan,nan,nan,nan,nan,nan,nan,nan,nan,nan,nan,nan,nan,nan,nan,nan,nan,nan,nan,nan,nan,nan,nan,nan,nan,nan,nan,nan,nan,nan,nan,nan,nan,nan,nan
28.700,APPROACH,17.092638,-0.660164,16.488687,4.454847,-1.779490,-7.425728,-1.137716,-52.249268,-71.993576,25.544083,7.939005,-0.452112,1.138608,0.000000,0.000000,-3.259374,-52.909432,-55.504888,29.998930,6.159515,-7.877840,0.000892,0.000000,0.000000,-51.978907,-52.527349,-71.992599,25.504173,7.987259,-0.451326,1.144477,0.000000,0.000000,0.000000,-0.660164,16.488687,4.454847,17.092638,-1.779490,-7.425728,-1.137716,7.720260,nan,nan,nan,0,nan,nan,nan,0,nan,nan,nan,nan,nan,nan,nan,nan,nan,nan,nan,nan,nan,nan,nan,nan,nan,nan,nan,nan,nan,nan,nan,nan,nan,nan,nan,nan,nan,nan,nan,nan,nan,nan,nan,nan,nan,nan,nan,nan,nan,nan,nan,nan,nan,nan,nan,nan,nan,nan,nan,nan,nan,nan,nan,nan,nan,nan,nan,nan,nan,nan,nan,nan,nan,nan,nan,nan,nan,nan,nan,nan,nan,nan,nan,nan,nan,nan,nan,nan
28.741,APPROACH,17.092638,-0.660164,16.488687,4.454847,-1.779490,-7.425728,-1.137716,-51.847507,-72.018652,25.601600,8.035218,-0.501527,1.150346,0.000000,0.000000,-3.571549,-52.599002,-55.896849,29.998973,6.208599,-7.839215,0.000856,0.000000,0.000000,-51.621041,-52.207892,-72.011232,25.549952,7.985567,-0.480340,1.144477,0.000000,0.000000,0.000000,-0.751495,16.121803,4.397373,16.727647,-1.826619,-7.337688,-1.149490,7.648498,nan,nan,nan,0,nan,nan,nan,0,nan,nan,nan,nan,nan,nan,nan,nan,nan,nan,nan,nan,nan,nan,nan,nan,nan,nan,nan,nan,nan,nan,nan,nan,nan,nan,nan,nan,nan,nan,nan,nan,nan,nan,nan,nan,nan,nan,nan,nan,nan,nan,nan,nan,nan,nan,nan,nan,nan,nan,nan,nan,nan,nan,nan,nan,nan,nan,nan,nan,nan,nan,nan,nan,nan,nan,nan,nan,nan,nan,nan,nan,nan,nan,nan,nan,nan,nan,nan,nan
28.800,APPROACH,16.366189,-0.835352,15.757999,4.340483,-1.677130,-7.276087,-1.137786,-51.450779,-72.044862,25.658531,7.934572,-0.524196,1.138608,0.000000,0.000000,-3.779745,-52.286130,-56.286863,29.999014,6.257441,-7.800284,0.000822,0.000000,0.000000,-51.263174,-51.728839,-72.041358,25.618621,7.982830,-0.523850,1.144477,0.000000,0.000000,0.000000,-0.835352,15.757999,4.340483,16.366189,-1.677130,-7.276087,-1.137786,7.553064,nan,nan,nan,0,nan,nan,nan,0,nan,nan,nan,nan,nan,nan,nan,nan,nan,nan,nan,nan,nan,nan,nan,nan,nan,nan,nan,nan,nan,nan,nan,nan,nan,nan,nan,nan,nan,nan,nan,nan,nan,nan,nan,nan,nan,nan,nan,nan,nan,nan,nan,nan,nan,nan,nan,nan,nan,nan,nan,nan,nan,nan,nan,nan,nan,nan,nan,nan,nan,nan,nan,nan,nan,nan,nan,nan,nan,nan,nan,nan,nan,nan,nan,nan,nan,nan,nan,nan
28.840,APPROACH,16.366189,-0.835352,15.757999,4.340483,-1.677130,-7.276087,-1.137786,-51.049262,-72.073586,25.716048,8.030332,-0.574483,1.150346,0.000000,0.000000,-4.091922,-51.970828,-56.674916,29.999053,6.306039,-7.761048,0.000789,0.000000,0.000000,-50.905308,-51.409564,-72.062892,25.664400,7.980875,-0.552848,1.144477,0.000000,0.000000,0.000000,-0.921566,15.398670,4.283005,16.009762,-1.724293,-7.186565,-1.149557,7.479397,nan,nan,nan,0,nan,nan,nan,0,nan,nan,nan,nan,nan,nan,nan,nan,nan,nan,nan,nan,nan,nan,nan,nan,nan,nan,nan,nan,nan,nan,nan,nan,nan,nan,nan,nan,nan,nan,nan,nan,nan,nan,nan,nan,nan,nan,nan,nan,nan,nan,nan,nan,nan,nan,nan,nan,nan,nan,nan,nan,nan,nan,nan,nan,nan,nan,nan,nan,nan,nan,nan,nan,nan,nan,nan,nan,nan,nan,nan,nan,nan,nan,nan,nan,nan,nan,nan,nan
28.900,APPROACH,15.656777,-1.000321,15.042407,4.226113,-1.575093,-7.125273,-1.137851,-50.652788,-72.103398,25.772978,7.929484,-0.596237,1.138608,0.000000,0.000000,-4.300119,-51.653109,-57.060991,29.999091,6.354391,-7.721510,0.000757,0.000000,0.000000,-50.547441,-50.930805,-72.097367,25.733068,7.977743,-0.596331,1.144477,0.000000,0.000000,0.000000,-1.000321,15.042407,4.226113,15.656777,-1.575093,-7.125273,-1.137851,7.385468,nan,nan,nan,0,nan,nan,nan,0,nan,nan,nan,nan,nan,nan,nan,nan,nan,nan,nan,nan,nan,nan,nan,nan,nan,nan,nan,nan,nan,nan,nan,nan,nan,nan,nan,nan,nan,nan,nan,nan,nan,nan,nan,nan,nan,nan,nan,nan,nan,nan,nan,nan,nan,nan,nan,nan,nan,nan,nan,nan,nan,nan,nan,nan,nan,nan,nan,nan,nan,nan,nan,nan,nan,nan,nan,nan,nan,nan,nan,nan,nan,nan,nan,nan,nan,nan,nan,nan
28.940,APPROACH,15.656777,-1.000321,15.042407,4.226113,-1.575093,-7.125273,-1.137851,-50.251549,-72.135768,25.830496,8.024783,-0.647392,1.150346,0.000000,0.000000,-4.612296,-51.332984,-57.445075,29.999128,6.402495,-7.681670,0.000727,0.000000,0.000000,-50.189575,-50.611739,-72.121800,25.778848,7.975524,-0.625310,1.144477,0.000000,0.000000,0.000000,-1.081435,14.690693,4.168632,15.308934,-1.622288,-7.034278,-1.149619,7.309892,nan,nan,nan,0,nan,nan,nan,0,nan,nan,nan,nan,nan,nan,nan,nan,nan,nan,nan,nan,nan,nan,nan,nan,nan,nan,nan,nan,nan,nan,nan,nan,nan,nan,nan,nan,nan,nan,nan,nan,nan,nan,nan,nan,nan,nan,nan,nan,nan,nan,nan,nan,nan,nan,nan,nan,nan,nan,nan,nan,nan,nan,nan,nan,nan,nan,nan,nan,nan,nan,nan,nan,nan,nan,nan,nan,nan,nan,nan,nan,nan,nan,nan,nan,nan,nan,nan,nan
29.000,APPROACH,14.964438,-1.155105,14.342028,4.111736,-1.473393,-6.973302,-1.137910,-49.855362,-72.169179,25.887426,7.923742,-0.668229,1.138608,0.000000,0.000000,-4.820494,-51.010467,-57.827151,29.999163,6.450349,-7.641531,0.000698,0.000000,0.000000,-49.831709,-50.133312,-72.160622,25.847516,7.971998,-0.668763,1.144477,0.000000,0.000000,0.000000,-1.155105,14.342028,4.111736,14.964438,-1.473393,-6.973302,-1.137910,7.217525,nan,nan,nan,0,nan,nan,nan,0,nan,nan,nan,nan,nan,nan,nan,nan,nan,nan,nan,nan,nan,nan,nan,nan,nan,nan,nan,nan,nan,nan,nan,nan,nan,nan,nan,nan,nan,nan,nan,nan,nan,nan,nan,nan,nan,nan,nan,nan,nan,nan,nan,nan,nan,nan,nan,nan,nan,nan,nan,nan,nan,nan,nan,nan,nan,nan,nan,nan,nan,nan,nan,nan,nan,nan,nan,nan,nan,nan,nan,nan,nan,nan,nan,nan,nan,nan,nan,nan
29.040,APPROACH,14.964438,-1.155105,14.342028,4.111736,-1.473393,-6.973302,-1.137910,-49.454433,-72.205191,25.944943,8.018572,-0.720248,1.150346,0.000000,0.000000,-5.132672,-50.685569,-58.207206,29.999196,6.497951,-7.601094,0.000670,0.000000,0.000000,-49.473842,-49.814481,-72.187952,25.893295,7.969516,-0.697720,1.144477,0.000000,0.000000,0.000000,-1.231136,13.997985,4.054253,14.625192,-1.520621,-6.880846,-1.149676,7.140034,nan,nan,nan,0,nan,nan,nan,0,nan,nan,nan,nan,nan,nan,nan,nan,nan,nan,nan,nan,nan,nan,nan,nan,nan,nan,nan,nan,nan,nan,nan,nan,nan,nan,nan,nan,nan,nan,nan,nan,nan,nan,nan,nan,nan,nan,nan,nan,nan,nan,nan,nan,nan,nan,nan,nan,nan,nan,nan,nan,nan,nan,nan,nan,nan,nan,nan,nan,nan,nan,nan,nan,nan,nan,nan,nan,nan,nan,nan,nan,nan,nan,nan,nan,nan,nan,nan,nan
29.100,APPROACH,14.289197,-1.299738,13.656976,3.997354,-1.372045,-6.820194,-1.137965,-49.058566,-72.242200,26.001874,7.917346,-0.740167,1.138608,0.000000,0.000000,-5.340870,-50.358304,-58.585224,29.999228,6.545300,-7.560360,0.000643,0.000000,0.000000,-49.115976,-49.336427,-72.231118,25.961964,7.965596,-0.741139,1.144477,0.000000,0.000000,0.000000,-1.299738,13.656976,3.997354,14.289197,-1.372045,-6.820194,-1.137965,7.049292,nan,nan,nan,0,nan,nan,nan,0,nan,nan,nan,nan,nan,nan,nan,nan,nan,nan,nan,nan,nan,nan,nan,nan,nan,nan,nan,nan,nan,nan,nan,nan,nan,nan,nan,nan,nan,nan,nan,nan,nan,nan,nan,nan,nan,nan,nan,nan,nan,nan,nan,nan,nan,nan,nan,nan,nan,nan,nan,nan,nan,nan,nan,nan,nan,nan,nan,nan,nan,nan,nan,nan,nan,nan,nan,nan,nan,nan,nan,nan,nan,nan,nan,nan,nan,nan,nan,nan
29.140,APPROACH,14.289197,-1.299738,13.656976,3.997354,-1.372045,-6.820194,-1.137965,-48.657981,-72.281852,26.059391,8.011700,-0.793044,1.150346,0.000000,0.000000,-5.653049,-50.028684,-58.961191,29.999259,6.592394,-7.519331,0.000617,0.000000,0.000000,-48.758110,-49.017858,-72.261342,26.007743,7.962850,-0.770073,1.144477,0.000000,0.000000,0.000000,-1.370704,13.320661,3.939868,13.958560,-1.419306,-6.726287,-1.149729,6.969881,nan,nan,nan,0,nan,nan,nan,0,nan,nan,nan,nan,nan,nan,nan,nan,nan,nan,nan,nan,nan,nan,nan,nan,nan,nan,nan,nan,nan,nan,nan,nan,nan,nan,nan,nan,nan,nan,nan,nan,nan,nan,nan,nan,nan,nan,nan,nan,nan,nan,nan,nan,nan,nan,nan,nan,nan,nan,nan,nan,nan,nan,nan,nan,nan,nan,nan,nan,nan,nan,nan,nan,nan,nan,nan,nan,nan,nan,nan,nan,nan,nan,nan,nan,nan,nan,nan,nan
29.200,APPROACH,13.631072,-1.434257,12.987363,3.882967,-1.271066,-6.665966,-1.138015,-48.262466,-72.322454,26.116322,7.910297,-0.812043,1.138608,0.000000,0.000000,-5.861247,-49.696723,-59.335091,29.999289,6.639230,-7.478009,0.000593,0.000000,0.000000,-48.400243,-48.540215,-72.308848,26.076412,7.958536,-0.813455,1.144477,0.000000,0.000000,0.000000,-1.434257,12.987363,3.882967,13.631072,-1.271066,-6.665966,-1.138015,6.880828,nan,nan,nan,0,nan,nan,nan,0,nan,nan,nan,nan,nan,nan,nan,nan,nan,nan,nan,nan,nan,nan,nan,nan,nan,nan,nan,nan,nan,nan,nan,nan,nan,nan,nan,nan,nan,nan,nan,nan,nan,nan,nan,nan,nan,nan,nan,nan,nan,nan,nan,nan,nan,nan,nan,nan,nan,nan,nan,nan,nan,nan,nan,nan,nan,nan,nan,nan,nan,nan,nan,nan,nan,nan,nan,nan,nan,nan,nan,nan,nan,nan,nan,nan,nan,nan,nan,nan
29.240,APPROACH,13.631072,-1.434257,12.987363,3.882967,-1.271066,-6.665966,-1.138015,-47.862258,-72.365743,26.173839,8.004167,-0.865775,1.150346,0.000000,0.000000,-6.173427,-49.362432,-59.706911,29.999317,6.685808,-7.436395,0.000569,0.000000,0.000000,-48.042377,-48.221933,-72.341964,26.122191,7.955528,-0.842363,1.144477,0.000000,0.000000,0.000000,-1.500175,12.658832,3.825478,13.309051,-1.318359,-6.570620,-1.149777,6.799493,nan,nan,nan,0,nan,nan,nan,0,nan,nan,nan,nan,nan,nan,nan,nan,nan,nan,nan,nan,nan,nan,nan,nan,nan,nan,nan,nan,nan,nan,nan,nan,nan,nan,nan,nan,nan,nan,nan,nan,nan,nan,nan,nan,nan,nan,nan,nan,nan,nan,nan,nan,nan,nan,nan,nan,nan,nan,nan,nan,nan,nan,nan,nan,nan,nan,nan,nan,nan,nan,nan,nan,nan,nan,nan,nan,nan,nan,nan,nan,nan,nan,nan,nan,nan,nan,nan,nan
29.300,APPROACH,12.990073,-1.558698,12.333300,3.768575,-1.170471,-6.510639,-1.138062,-47.467128,-72.409935,26.230769,7.902595,-0.883852,1.138608,0.000000,0.000000,-6.381626,-49.025826,-60.076635,29.999344,6.732124,-7.394491,0.000546,0.000000,0.000000,-47.684511,-47.744742,-72.393806,26.190859,7.950819,-0.885703,1.144477,0.000000,0.000000,0.000000,-1.558698,12.333300,3.768575,12.990073,-1.170471,-6.510639,-1.138062,6.712199,nan,nan,nan,0,nan,nan,nan,0,nan,nan,nan,nan,nan,nan,nan,nan,nan,nan,nan,nan,nan,nan,nan,nan,nan,nan,nan,nan,nan,nan,nan,nan,nan,nan,nan,nan,nan,nan,nan,nan,nan,nan,nan,nan,nan,nan,nan,nan,nan,nan,nan,nan,nan,nan,nan,nan,nan,nan,nan,nan,nan,nan,nan,nan,nan,nan,nan,nan,nan,nan,nan,nan,nan,nan,nan,nan,nan,nan,nan,nan,nan,nan,nan,nan,nan,nan,nan,nan
29.340,APPROACH,12.990073,-1.558698,12.333300,3.768575,-1.170471,-6.510639,-1.138062,-47.067329,-72.456857,26.288287,7.995974,-0.938435,1.150346,0.000000,0.000000,-6.693805,-48.686917,-60.444250,29.999371,6.778178,-7.352299,0.000524,0.000000,0.000000,-47.326644,-47.426774,-72.429812,26.236638,7.947549,-0.914583,1.144477,0.000000,0.000000,0.000000,-1.619588,12.012607,3.711084,12.676669,-1.217795,-6.413864,-1.149822,6.628934,nan,nan,nan,0,nan,nan,nan,0,nan,nan,nan,nan,nan,nan,nan,nan,nan,nan,nan,nan,nan,nan,nan,nan,nan,nan,nan,nan,nan,nan,nan,nan,nan,nan,nan,nan,nan,nan,nan,nan,nan,nan,nan,nan,nan,nan,nan,nan,nan,nan,nan,nan,nan,nan,nan,nan,nan,nan,nan,nan,nan,nan,nan,nan,nan,nan,nan,nan,nan,nan,nan,nan,nan,nan,nan,nan,nan,nan,nan,nan,nan,nan,nan,nan,nan,nan,nan,nan
29.400,APPROACH,12.366199,-1.673102,11.694895,3.654179,-1.070274,-6.354231,-1.138104,-46.672617,-72.504637,26.345217,7.894242,-0.955589,1.138608,0.000000,0.000000,-6.902005,-48.345719,-60.809741,29.999396,6.823968,-7.309820,0.000503,0.000000,0.000000,-46.968778,-46.950073,-72.485986,26.305307,7.942447,-0.957879,1.144477,0.000000,0.000000,0.000000,-1.673102,11.694895,3.654179,12.366199,-1.070274,-6.354231,-1.138104,6.543472,nan,nan,nan,0,nan,nan,nan,0,nan,nan,nan,nan,nan,nan,nan,nan,nan,nan,nan,nan,nan,nan,nan,nan,nan,nan,nan,nan,nan,nan,nan,nan,nan,nan,nan,nan,nan,nan,nan,nan,nan,nan,nan,nan,nan,nan,nan,nan,nan,nan,nan,nan,nan,nan,nan,nan,nan,nan,nan,nan,nan,nan,nan,nan,nan,nan,nan,nan,nan,nan,nan,nan,nan,nan,nan,nan,nan,nan,nan,nan,nan,nan,nan,nan,nan,nan,nan,nan
29.440,APPROACH,12.366199,-1.673102,11.694895,3.654179,-1.070274,-6.354231,-1.138104,-46.273261,-72.555187,26.402734,7.987121,-1.011017,1.150346,0.000000,0.000000,-7.214185,-48.002244,-61.173094,29.999420,6.869491,-7.267055,0.000483,0.000000,0.000000,-46.610911,-46.632445,-72.524878,26.351086,7.938915,-0.986727,1.144477,0.000000,0.000000,0.000000,-1.728983,11.382093,3.596686,12.061409,-1.117630,-6.256038,-1.149863,6.458273,nan,nan,nan,0,nan,nan,nan,0,nan,nan,nan,nan,nan,nan,nan,nan,nan,nan,nan,nan,nan,nan,nan,nan,nan,nan,nan,nan,nan,nan,nan,nan,nan,nan,nan,nan,nan,nan,nan,nan,nan,nan,nan,nan,nan,nan,nan,nan,nan,nan,nan,nan,nan,nan,nan,nan,nan,nan,nan,nan,nan,nan,nan,nan,nan,nan,nan,nan,nan,nan,nan,nan,nan,nan,nan,nan,nan,nan,nan,nan,nan,nan,nan,nan,nan,nan,nan,nan
29.500,APPROACH,11.759439,-1.777508,11.072255,3.539779,-0.970491,-6.196761,-1.138144,-45.878999,-72.606550,26.459665,7.885238,-1.027246,1.138608,0.000000,0.000000,-7.422385,-47.656507,-61.534294,29.999443,6.914747,-7.224007,0.000464,0.000000,0.000000,-46.253045,-46.156274,-72.585380,26.419755,7.933420,-1.029975,1.144477,0.000000,0.000000,0.000000,-1.777508,11.072255,3.539779,11.759439,-0.970491,-6.196761,-1.138144,6.374721,nan,nan,nan,0,nan,nan,nan,0,nan,nan,nan,nan,nan,nan,nan,nan,nan,nan,nan,nan,nan,nan,nan,nan,nan,nan,nan,nan,nan,nan,nan,nan,nan,nan,nan,nan,nan,nan,nan,nan,nan,nan,nan,nan,nan,nan,nan,nan,nan,nan,nan,nan,nan,nan,nan,nan,nan,nan,nan,nan,nan,nan,nan,nan,nan,nan,nan,nan,nan,nan,nan,nan,nan,nan,nan,nan,nan,nan,nan,nan,nan,nan,nan,nan,nan,nan,nan,nan
29.540,APPROACH,11.759439,-1.777508,11.072255,3.539779,-0.970491,-6.196761,-1.138144,-45.480119,-72.660726,26.517182,7.977609,-1.083516,1.150346,0.000000,0.000000,-7.734565,-47.308520,-61.893328,29.999466,6.959732,-7.180677,0.000445,0.000000,0.000000,-45.895179,-45.839013,-72.627155,26.465534,7.929626,-1.058790,1.144477,0.000000,0.000000,0.000000,-1.828402,10.767397,3.482284,11.463254,-1.017877,-6.097161,-1.149901,6.287585,nan,nan,nan,0,nan,nan,nan,0,nan,nan,nan,nan,nan,nan,nan,nan,nan,nan,nan,nan,nan,nan,nan,nan,nan,nan,nan,nan,nan,nan,nan,nan,nan,nan,nan,nan,nan,nan,nan,nan,nan,nan,nan,nan,nan,nan,nan,nan,nan,nan,nan,nan,nan,nan,nan,nan,nan,nan,nan,nan,nan,nan,nan,nan,nan,nan,nan,nan,nan,nan,nan,nan,nan,nan,nan,nan,nan,nan,nan,nan,nan,nan,nan,nan,nan,nan,nan,nan
29.600,APPROACH,11.169771,-1.871959,10.465485,3.425375,-0.871136,-6.038248,-1.138180,-45.086339,-72.715667,26.574112,7.875583,-1.098820,1.138608,0.000000,0.000000,-7.942765,-46.958298,-62.250182,29.999487,7.004446,-7.137067,0.000428,0.000000,0.000000,-45.537312,-45.363411,-72.691978,26.534202,7.923738,-1.101986,1.144477,0.000000,0.000000,0.000000,-1.871959,10.465485,3.425375,11.169771,-0.871136,-6.038248,-1.138180,6.206027,nan,nan,nan,0,nan,nan,nan,0,nan,nan,nan,nan,nan,nan,nan,nan,nan,nan,nan,nan,nan,nan,nan,nan,nan,nan,nan,nan,nan,nan,nan,nan,nan,nan,nan,nan,nan,nan,nan,nan,nan,nan,nan,nan,nan,nan,nan,nan,nan,nan,nan,nan,nan,nan,nan,nan,nan,nan,nan,nan,nan,nan,nan,nan,nan,nan,nan,nan,nan,nan,nan,nan,nan,nan,nan,nan,nan,nan,nan,nan,nan,nan,nan,nan,nan,nan,nan,nan
29.640,APPROACH,11.169771,-1.871959,10.465485,3.425375,-0.871136,-6.038248,-1.138180,-44.687967,-72.773463,26.631630,7.967439,-1.155926,1.150346,0.000000,0.000000,-8.254946,-46.605854,-62.604841,29.999507,7.048887,-7.093179,0.000410,0.000000,0.000000,-45.179446,-45.046542,-72.736633,26.579981,7.919682,-1.130766,1.144477,0.000000,0.000000,0.000000,-1.917886,10.168622,3.367878,10.882177,-0.918552,-5.937253,-1.149936,6.116949,nan,nan,nan,0,nan,nan,nan,0,nan,nan,nan,nan,nan,nan,nan,nan,nan,nan,nan,nan,nan,nan,nan,nan,nan,nan,nan,nan,nan,nan,nan,nan,nan,nan,nan,nan,nan,nan,nan,nan,nan,nan,nan,nan,nan,nan,nan,nan,nan,nan,nan,nan,nan,nan,nan,nan,nan,nan,nan,nan,nan,nan,nan,nan,nan,nan,nan,nan,nan,nan,nan,nan,nan,nan,nan,nan,nan,nan,nan,nan,nan,nan,nan,nan,nan,nan,nan,nan
29.700,APPROACH,10.597161,-1.956498,9.874687,3.310967,-0.772225,-5.878712,-1.138214,-44.294704,-72.831978,26.688560,7.865278,-1.170302,1.138608,0.000000,0.000000,-8.463147,-46.251201,-62.957291,29.999527,7.093053,-7.049014,0.000394,0.000000,0.000000,-44.821580,-44.571548,-72.805774,26.648650,7.913403,-1.173907,1.144477,0.000000,0.000000,0.000000,-1.956498,9.874687,3.310967,10.597161,-0.772225,-5.878712,-1.138214,6.037476,nan,nan,nan,0,nan,nan,nan,0,nan,nan,nan,nan,nan,nan,nan,nan,nan,nan,nan,nan,nan,nan,nan,nan,nan,nan,nan,nan,nan,nan,nan,nan,nan,nan,nan,nan,nan,nan,nan,nan,nan,nan,nan,nan,nan,nan,nan,nan,nan,nan,nan,nan,nan,nan,nan,nan,nan,nan,nan,nan,nan,nan,nan,nan,nan,nan,nan,nan,nan,nan,nan,nan,nan,nan,nan,nan,nan,nan,nan,nan,nan,nan,nan,nan,nan,nan,nan,nan
29.740,APPROACH,10.597161,-1.956498,9.874687,3.310967,-0.772225,-5.878712,-1.138214,-43.896873,-72.893390,26.746077,7.956612,-1.228241,1.150346,0.000000,0.000000,-8.775328,-45.894354,-63.307520,29.999546,7.136942,-7.004574,0.000378,0.000000,0.000000,-44.463713,-44.255098,-72.853305,26.694429,7.909086,-1.202648,1.144477,0.000000,0.000000,0.000000,-1.997481,9.585870,3.253469,10.318134,-0.819670,-5.776333,-1.149968,5.946454,nan,nan,nan,0,nan,nan,nan,0,nan,nan,nan,nan,nan,nan,nan,nan,nan,nan,nan,nan,nan,nan,nan,nan,nan,nan,nan,nan,nan,nan,nan,nan,nan,nan,nan,nan,nan,nan,nan,nan,nan,nan,nan,nan,nan,nan,nan,nan,nan,nan,nan,nan,nan,nan,nan,nan,nan,nan,nan,nan,nan,nan,nan,nan,nan,nan,nan,nan,nan,nan,nan,nan,nan,nan,nan,nan,nan,nan,nan,nan,nan,nan,nan,nan,nan,nan,nan,nan
29.800,APPROACH,10.041559,-2.031170,9.299961,3.196556,-0.673772,-5.718172,-1.138245,-43.504157,-72.955474,26.803008,7.854325,-1.241688,1.138608,0.000000,0.000000,-8.983529,-45.535326,-63.655513,29.999564,7.180553,-6.959861,0.000363,0.000000,0.000000,-44.105847,-43.780752,-72.926757,26.763098,7.902415,-1.245730,1.144477,0.000000,0.000000,0.000000,-2.031170,9.299961,3.196556,10.041559,-0.673772,-5.718172,-1.138245,5.869162,nan,nan,nan,0,nan,nan,nan,0,nan,nan,nan,nan,nan,nan,nan,nan,nan,nan,nan,nan,nan,nan,nan,nan,nan,nan,nan,nan,nan,nan,nan,nan,nan,nan,nan,nan,nan,nan,nan,nan,nan,nan,nan,nan,nan,nan,nan,nan,nan,nan,nan,nan,nan,nan,nan,nan,nan,nan,nan,nan,nan,nan,nan,nan,nan,nan,nan,nan,nan,nan,nan,nan,nan,nan,nan,nan,nan,nan,nan,nan,nan,nan,nan,nan,nan,nan,nan,nan
29.840,APPROACH,10.041559,-2.031170,9.299961,3.196556,-0.673772,-5.718172,-1.138245,-43.106900,-73.020497,26.860525,7.945129,-1.300454,1.150346,0.000000,0.000000,-9.295710,-45.174132,-64.001257,29.999582,7.223883,-6.914876,0.000349,0.000000,0.000000,-43.747980,-43.464746,-72.977160,26.808877,7.897837,-1.274431,1.144477,0.000000,0.000000,0.000000,-2.067232,9.019240,3.139057,9.771071,-0.721246,-5.614422,-1.149997,5.776195,nan,nan,nan,0,nan,nan,nan,0,nan,nan,nan,nan,nan,nan,nan,nan,nan,nan,nan,nan,nan,nan,nan,nan,nan,nan,nan,nan,nan,nan,nan,nan,nan,nan,nan,nan,nan,nan,nan,nan,nan,nan,nan,nan,nan,nan,nan,nan,nan,nan,nan,nan,nan,nan,nan,nan,nan,nan,nan,nan,nan,nan,nan,nan,nan,nan,nan,nan,nan,nan,nan,nan,nan,nan,nan,nan,nan,nan,nan,nan,nan,nan,nan,nan,nan,nan,nan,nan
29.900,APPROACH,9.502901,-2.096021,8.741408,3.082143,-0.575791,-5.556649,-1.138273,-42.714764,-73.086146,26.917455,7.842723,-1.312972,1.138608,0.000000,0.000000,-9.503911,-44.810786,-64.344738,29.999598,7.266932,-6.869621,0.000335,0.000000,0.000000,-43.390114,-42.991087,-73.054916,26.877545,7.890774,-1.317451,1.144477,0.000000,0.000000,0.000000,-2.096021,8.741408,3.082143,9.502901,-0.575791,-5.556649,-1.138273,5.701189,nan,nan,nan,0,nan,nan,nan,0,nan,nan,nan,nan,nan,nan,nan,nan,nan,nan,nan,nan,nan,nan,nan,nan,nan,nan,nan,nan,nan,nan,nan,nan,nan,nan,nan,nan,nan,nan,nan,nan,nan,nan,nan,nan,nan,nan,nan,nan,nan,nan,nan,nan,nan,nan,nan,nan,nan,nan,nan,nan,nan,nan,nan,nan,nan,nan,nan,nan,nan,nan,nan,nan,nan,nan,nan,nan,nan,nan,nan,nan,nan,nan,nan,nan,nan,nan,nan,nan
29.940,APPROACH,9.502901,-2.096021,8.741408,3.082143,-0.575791,-5.556649,-1.138273,-42.318115,-73.154774,26.974973,7.932990,-1.372560,1.150346,0.000000,0.000000,-9.816093,-44.445301,-64.685943,29.999614,7.309697,-6.824099,0.000321,0.000000,0.000000,-43.032248,-42.675552,-73.108188,26.923325,7.885936,-1.346110,1.144477,0.000000,0.000000,0.000000,-2.127186,8.468831,3.024642,9.240913,-0.623293,-5.451539,-1.150025,5.606276,nan,nan,nan,0,nan,nan,nan,0,nan,nan,nan,nan,nan,nan,nan,nan,nan,nan,nan,nan,nan,nan,nan,nan,nan,nan,nan,nan,nan,nan,nan,nan,nan,nan,nan,nan,nan,nan,nan,nan,nan,nan,nan,nan,nan,nan,nan,nan,nan,nan,nan,nan,nan,nan,nan,nan,nan,nan,nan,nan,nan,nan,nan,nan,nan,nan,nan,nan,nan,nan,nan,nan,nan,nan,nan,nan,nan,nan,nan,nan,nan,nan,nan,nan,nan,nan,nan,nan
30.000,APPROACH,8.981105,-2.151101,8.199123,2.967727,-0.478298,-5.394162,-1.138299,-41.926591,-73.223981,27.031903,7.830475,-1.384148,1.138608,0.000000,0.000000,-10.024293,-44.077692,-65.024858,29.999630,7.352177,-6.778310,0.000308,0.000000,0.000000,-42.674381,-42.202619,-73.190243,26.991993,7.878484,-1.389064,1.144477,0.000000,0.000000,0.000000,-2.151101,8.199123,2.967727,8.981105,-0.478298,-5.394162,-1.138299,5.533668,nan,nan,nan,0,nan,nan,nan,0,nan,nan,nan,nan,nan,nan,nan,nan,nan,nan,nan,nan,nan,nan,nan,nan,nan,nan,nan,nan,nan,nan,nan,nan,nan,nan,nan,nan,nan,nan,nan,nan,nan,nan,nan,nan,nan,nan,nan,nan,nan,nan,nan,nan,nan,nan,nan,nan,nan,nan,nan,nan,nan,nan,nan,nan,nan,nan,nan,nan,nan,nan,nan,nan,nan,nan,nan,nan,nan,nan,nan,nan,nan,nan,nan,nan,nan,nan,nan,nan
30.040,APPROACH,8.981105,-2.151101,8.199123,2.967727,-0.478298,-5.394162,-1.138299,-41.530581,-73.296209,27.089420,7.920197,-1.444553,1.150346,0.000000,0.000000,-10.336475,-43.707973,-65.361471,29.999645,7.394371,-6.732257,0.000296,0.000000,0.000000,-42.316515,-41.887581,-73.246378,27.037772,7.873385,-1.417677,1.144477,0.000000,0.000000,0.000000,-2.177392,7.934738,2.910224,8.727571,-0.525826,-5.287704,-1.150050,5.436812,nan,nan,nan,0,nan,nan,nan,0,nan,nan,nan,nan,nan,nan,nan,nan,nan,nan,nan,nan,nan,nan,nan,nan,nan,nan,nan,nan,nan,nan,nan,nan,nan,nan,nan,nan,nan,nan,nan,nan,nan,nan,nan,nan,nan,nan,nan,nan,nan,nan,nan,nan,nan,nan,nan,nan,nan,nan,nan,nan,nan,nan,nan,nan,nan,nan,nan,nan,nan,nan,nan,nan,nan,nan,nan,nan,nan,nan,nan,nan,nan,nan,nan,nan,nan,nan,nan,nan
30.100,APPROACH,8.476073,-2.196458,7.673201,2.853308,-0.381305,-5.230732,-1.138324,-41.139702,-73.368969,27.146351,7.817581,-1.455209,1.138608,0.000000,0.000000,-10.544676,-43.336160,-65.695768,29.999659,7.436276,-6.685941,0.000284,0.000000,0.000000,-41.958649,-41.415412,-73.332725,27.106441,7.865543,-1.460561,1.144477,0.000000,0.000000,0.000000,-2.196458,7.673201,2.853308,8.476073,-0.381305,-5.230732,-1.138324,5.366724,nan,nan,nan,0,nan,nan,nan,0,nan,nan,nan,nan,nan,nan,nan,nan,nan,nan,nan,nan,nan,nan,nan,nan,nan,nan,nan,nan,nan,nan,nan,nan,nan,nan,nan,nan,nan,nan,nan,nan,nan,nan,nan,nan,nan,nan,nan,nan,nan,nan,nan,nan,nan,nan,nan,nan,nan,nan,nan,nan,nan,nan,nan,nan,nan,nan,nan,nan,nan,nan,nan,nan,nan,nan,nan,nan,nan,nan,nan,nan,nan,nan,nan,nan,nan,nan,nan,nan
30.140,APPROACH,8.476073,-2.196458,7.673201,2.853308,-0.381305,-5.230732,-1.138324,-40.744364,-73.444791,27.203868,7.906750,-1.516427,1.150346,0.000000,0.000000,-10.856859,-42.962265,-66.027737,29.999673,7.477890,-6.639364,0.000273,0.000000,0.000000,-41.600782,-41.100897,-73.391719,27.152220,7.860185,-1.489127,1.144477,0.000000,0.000000,0.000000,-2.217901,7.417054,2.795804,8.230935,-0.428860,-5.122937,-1.150073,5.267929,nan,nan,nan,0,nan,nan,nan,0,nan,nan,nan,nan,nan,nan,nan,nan,nan,nan,nan,nan,nan,nan,nan,nan,nan,nan,nan,nan,nan,nan,nan,nan,nan,nan,nan,nan,nan,nan,nan,nan,nan,nan,nan,nan,nan,nan,nan,nan,nan,nan,nan,nan,nan,nan,nan,nan,nan,nan,nan,nan,nan,nan,nan,nan,nan,nan,nan,nan,nan,nan,nan,nan,nan,nan,nan,nan,nan,nan,nan,nan,nan,nan,nan,nan,nan,nan,nan,nan
30.200,APPROACH,7.987682,-2.232142,7.163735,2.738887,-0.284829,-5.066378,-1.138346,-40.354162,-73.521098,27.260798,7.804042,-1.526150,1.138608,0.000000,0.000000,-11.065060,-42.586304,-66.357363,29.999686,7.519213,-6.592529,0.000262,0.000000,0.000000,-41.242916,-40.629532,-73.482351,27.220889,7.851953,-1.531938,1.144477,0.000000,0.000000,0.000000,-2.232142,7.163735,2.738887,7.987682,-0.284829,-5.066378,-1.138346,5.200495,nan,nan,nan,0,nan,nan,nan,0,nan,nan,nan,nan,nan,nan,nan,nan,nan,nan,nan,nan,nan,nan,nan,nan,nan,nan,nan,nan,nan,nan,nan,nan,nan,nan,nan,nan,nan,nan,nan,nan,nan,nan,nan,nan,nan,nan,nan,nan,nan,nan,nan,nan,nan,nan,nan,nan,nan,nan,nan,nan,nan,nan,nan,nan,nan,nan,nan,nan,nan,nan,nan,nan,nan,nan,nan,nan,nan,nan,nan,nan,nan,nan,nan,nan,nan,nan,nan,nan
30.240,APPROACH,7.987682,-2.232142,7.163735,2.738887,-0.284829,-5.066378,-1.138346,-39.959530,-73.600507,27.318316,7.892652,-1.588176,1.150346,0.000000,0.000000,-11.377242,-42.208292,-66.684635,29.999698,7.560243,-6.545436,0.000252,0.000000,0.000000,-40.885049,-40.315566,-73.544199,27.266668,7.846336,-1.560454,1.144477,0.000000,0.000000,0.000000,-2.248762,6.915872,2.681382,7.750873,-0.332409,-4.957260,-1.150095,5.099769,nan,nan,nan,0,nan,nan,nan,0,nan,nan,nan,nan,nan,nan,nan,nan,nan,nan,nan,nan,nan,nan,nan,nan,nan,nan,nan,nan,nan,nan,nan,nan,nan,nan,nan,nan,nan,nan,nan,nan,nan,nan,nan,nan,nan,nan,nan,nan,nan,nan,nan,nan,nan,nan,nan,nan,nan,nan,nan,nan,nan,nan,nan,nan,nan,nan,nan,nan,nan,nan,nan,nan,nan,nan,nan,nan,nan,nan,nan,nan,nan,nan,nan,nan,nan,nan,nan,nan
30.300,APPROACH,7.515790,-2.258207,6.670816,2.624464,-0.188881,-4.901121,-1.138366,-39.570037,-73.680355,27.375246,7.789859,-1.596966,1.138608,0.000000,0.000000,-11.585443,-41.828243,-67.009539,29.999710,7.600978,-6.498087,0.000241,0.000000,0.000000,-40.527183,-39.845043,-73.639109,27.335336,7.837716,-1.603189,1.144477,0.000000,0.000000,0.000000,-2.258207,6.670816,2.624464,7.515790,-0.188881,-4.901121,-1.138366,5.035131,nan,nan,nan,0,nan,nan,nan,0,nan,nan,nan,nan,nan,nan,nan,nan,nan,nan,nan,nan,nan,nan,nan,nan,nan,nan,nan,nan,nan,nan,nan,nan,nan,nan,nan,nan,nan,nan,nan,nan,nan,nan,nan,nan,nan,nan,nan,nan,nan,nan,nan,nan,nan,nan,nan,nan,nan,nan,nan,nan,nan,nan,nan,nan,nan,nan,nan,nan,nan,nan,nan,nan,nan,nan,nan,nan,nan,nan,nan,nan,nan,nan,nan,nan,nan,nan,nan,nan
30.340,APPROACH,7.515790,-2.258207,6.670816,2.624464,-0.188881,-4.901121,-1.138366,-39.176142,-73.763345,27.432763,7.877902,-1.659793,1.150346,0.000000,0.000000,-11.897626,-41.446173,-67.332063,29.999722,7.641416,-6.450486,0.000232,0.000000,0.000000,-40.169317,-39.531651,-73.703806,27.381115,7.831839,-1.631653,1.144477,0.000000,0.000000,0.000000,-2.270031,6.431281,2.566958,7.287228,-0.236486,-4.790692,-1.150114,4.932486,nan,nan,nan,0,nan,nan,nan,0,nan,nan,nan,nan,nan,nan,nan,nan,nan,nan,nan,nan,nan,nan,nan,nan,nan,nan,nan,nan,nan,nan,nan,nan,nan,nan,nan,nan,nan,nan,nan,nan,nan,nan,nan,nan,nan,nan,nan,nan,nan,nan,nan,nan,nan,nan,nan,nan,nan,nan,nan,nan,nan,nan,nan,nan,nan,nan,nan,nan,nan,nan,nan,nan,nan,nan,nan,nan,nan,nan,nan,nan,nan,nan,nan,nan,nan,nan,nan,nan
30.400,APPROACH,7.060227,-2.274705,6.194532,2.510039,-0.093478,-4.734982,-1.138385,-38.787390,-73.846727,27.489694,7.775034,-1.667650,1.138608,0.000000,0.000000,-12.105827,-41.062095,-67.652195,29.999733,7.681556,-6.402632,0.000223,0.000000,0.000000,-39.811450,-39.062010,-73.802985,27.449784,7.822832,-1.674308,1.144477,0.000000,0.000000,0.000000,-2.274705,6.194532,2.510039,7.060227,-0.093478,-4.734982,-1.138385,4.870803,nan,nan,nan,0,nan,nan,nan,0,nan,nan,nan,nan,nan,nan,nan,nan,nan,nan,nan,nan,nan,nan,nan,nan,nan,nan,nan,nan,nan,nan,nan,nan,nan,nan,nan,nan,nan,nan,nan,nan,nan,nan,nan,nan,nan,nan,nan,nan,nan,nan,nan,nan,nan,nan,nan,nan,nan,nan,nan,nan,nan,nan,nan,nan,nan,nan,nan,nan,nan,nan,nan,nan,nan,nan,nan,nan,nan,nan,nan,nan,nan,nan,nan,nan,nan,nan,nan,nan
30.440,APPROACH,7.060227,-2.274705,6.194532,2.510039,-0.093478,-4.734982,-1.138385,-38.394265,-73.933291,27.547211,7.862502,-1.731274,1.150346,0.000000,0.000000,-12.418010,-40.676025,-67.969921,29.999744,7.721396,-6.354529,0.000214,0.000000,0.000000,-39.453584,-38.749219,-73.870525,27.495563,7.816697,-1.702717,1.144477,0.000000,0.000000,0.000000,-2.281760,5.963370,2.452532,6.839819,-0.141106,-4.623255,-1.150132,4.766256,nan,nan,nan,0,nan,nan,nan,0,nan,nan,nan,nan,nan,nan,nan,nan,nan,nan,nan,nan,nan,nan,nan,nan,nan,nan,nan,nan,nan,nan,nan,nan,nan,nan,nan,nan,nan,nan,nan,nan,nan,nan,nan,nan,nan,nan,nan,nan,nan,nan,nan,nan,nan,nan,nan,nan,nan,nan,nan,nan,nan,nan,nan,nan,nan,nan,nan,nan,nan,nan,nan,nan,nan,nan,nan,nan,nan,nan,nan,nan,nan,nan,nan,nan,nan,nan,nan,nan
30.500,APPROACH,6.620798,-2.281692,5.734971,2.395612,0.001369,-4.567982,-1.138403,-38.006287,-74.020201,27.604142,7.759567,-1.738196,1.138608,0.000000,0.000000,-12.626211,-40.287978,-68.285230,29.999754,7.760935,-6.306178,0.000205,0.000000,0.000000,-39.095718,-38.280498,-73.973966,27.564232,7.807302,-1.745288,1.144477,0.000000,0.000000,0.000000,-2.281692,5.734971,2.395612,6.620798,0.001369,-4.567982,-1.138403,4.707698,nan,nan,nan,0,nan,nan,nan,0,nan,nan,nan,nan,nan,nan,nan,nan,nan,nan,nan,nan,nan,nan,nan,nan,nan,nan,nan,nan,nan,nan,nan,nan,nan,nan,nan,nan,nan,nan,nan,nan,nan,nan,nan,nan,nan,nan,nan,nan,nan,nan,nan,nan,nan,nan,nan,nan,nan,nan,nan,nan,nan,nan,nan,nan,nan,nan,nan,nan,nan,nan,nan,nan,nan,nan,nan,nan,nan,nan,nan,nan,nan,nan,nan,nan,nan,nan,nan,nan
30.540,APPROACH,6.620798,-2.281692,5.734971,2.395612,0.001369,-4.567982,-1.138403,-37.613964,-74.110331,27.661659,7.846454,-1.802612,1.150346,0.000000,0.000000,-12.938394,-39.897970,-68.598109,29.999764,7.800172,-6.257581,0.000197,0.000000,0.000000,-38.737851,-37.968334,-74.044344,27.610011,7.800910,-1.773640,1.144477,0.000000,0.000000,0.000000,-2.284006,5.512222,2.338105,6.408433,-0.046282,-4.454969,-1.150149,4.601275,nan,nan,nan,0,nan,nan,nan,0,nan,nan,nan,nan,nan,nan,nan,nan,nan,nan,nan,nan,nan,nan,nan,nan,nan,nan,nan,nan,nan,nan,nan,nan,nan,nan,nan,nan,nan,nan,nan,nan,nan,nan,nan,nan,nan,nan,nan,nan,nan,nan,nan,nan,nan,nan,nan,nan,nan,nan,nan,nan,nan,nan,nan,nan,nan,nan,nan,nan,nan,nan,nan,nan,nan,nan,nan,nan,nan,nan,nan,nan,nan,nan,nan,nan,nan,nan,nan,nan
30.600,APPROACH,6.197274,-2.279223,5.292215,2.281184,0.095644,-4.400141,-1.138419,-37.226791,-74.200761,27.718589,7.743460,-1.808599,1.138608,0.000000,0.000000,-13.146596,-39.506014,-68.908546,29.999773,7.839104,-6.208740,0.000189,0.000000,0.000000,-38.379985,-37.500571,-74.152038,27.678679,7.791129,-1.816124,1.144477,0.000000,0.000000,0.000000,-2.279223,5.292215,2.281184,6.197274,0.095644,-4.400141,-1.138419,4.546029,nan,nan,nan,0,nan,nan,nan,0,nan,nan,nan,nan,nan,nan,nan,nan,nan,nan,nan,nan,nan,nan,nan,nan,nan,nan,nan,nan,nan,nan,nan,nan,nan,nan,nan,nan,nan,nan,nan,nan,nan,nan,nan,nan,nan,nan,nan,nan,nan,nan,nan,nan,nan,nan,nan,nan,nan,nan,nan,nan,nan,nan,nan,nan,nan,nan,nan,nan,nan,nan,nan,nan,nan,nan,nan,nan,nan,nan,nan,nan,nan,nan,nan,nan,nan,nan,nan,nan
30.640,APPROACH,6.197274,-2.279223,5.292215,2.281184,0.095644,-4.400141,-1.138419,-36.835303,-74.294452,27.776107,7.829758,-1.873802,1.150346,0.000000,0.000000,-13.458779,-39.112128,-69.216529,29.999782,7.877730,-6.159656,0.000181,0.000000,0.000000,-38.022119,-37.189059,-74.225249,27.724458,7.784480,-1.844417,1.144477,0.000000,0.000000,0.000000,-2.276825,5.077922,2.223676,5.992826,0.047972,-4.285854,-1.150165,4.437762,nan,nan,nan,0,nan,nan,nan,0,nan,nan,nan,nan,nan,nan,nan,nan,nan,nan,nan,nan,nan,nan,nan,nan,nan,nan,nan,nan,nan,nan,nan,nan,nan,nan,nan,nan,nan,nan,nan,nan,nan,nan,nan,nan,nan,nan,nan,nan,nan,nan,nan,nan,nan,nan,nan,nan,nan,nan,nan,nan,nan,nan,nan,nan,nan,nan,nan,nan,nan,nan,nan,nan,nan,nan,nan,nan,nan,nan,nan,nan,nan,nan,nan,nan,nan,nan,nan,nan
30.700,APPROACH,5.789394,-2.267358,4.866348,2.166754,0.189335,-4.231480,-1.138434,-36.448967,-74.388394,27.833037,7.726714,-1.878853,1.138608,0.000000,0.000000,-13.666980,-38.716325,-69.522046,29.999791,7.916049,-6.110333,0.000174,0.000000,0.000000,-37.664252,-36.722294,-74.337186,27.793127,7.774313,-1.886811,1.144477,0.000000,0.000000,0.000000,-2.267358,4.866348,2.166754,5.789394,0.189335,-4.231480,-1.138434,4.386035,nan,nan,nan,0,nan,nan,nan,0,nan,nan,nan,nan,nan,nan,nan,nan,nan,nan,nan,nan,nan,nan,nan,nan,nan,nan,nan,nan,nan,nan,nan,nan,nan,nan,nan,nan,nan,nan,nan,nan,nan,nan,nan,nan,nan,nan,nan,nan,nan,nan,nan,nan,nan,nan,nan,nan,nan,nan,nan,nan,nan,nan,nan,nan,nan,nan,nan,nan,nan,nan,nan,nan,nan,nan,nan,nan,nan,nan,nan,nan,nan,nan,nan,nan,nan,nan,nan,nan
30.740,APPROACH,5.789394,-2.267358,4.866348,2.166754,0.189335,-4.231480,-1.138434,-36.058346,-74.485636,27.890554,7.812417,-1.944837,1.150346,0.000000,0.000000,-13.979163,-38.318622,-69.825084,29.999799,7.954059,-6.060771,0.000167,0.000000,0.000000,-37.306386,-36.411459,-74.413223,27.838906,7.767407,-1.915042,1.144477,0.000000,0.000000,0.000000,-2.260276,4.660552,2.109245,5.592719,0.141642,-4.115934,-1.150179,4.275966,nan,nan,nan,0,nan,nan,nan,0,nan,nan,nan,nan,nan,nan,nan,nan,nan,nan,nan,nan,nan,nan,nan,nan,nan,nan,nan,nan,nan,nan,nan,nan,nan,nan,nan,nan,nan,nan,nan,nan,nan,nan,nan,nan,nan,nan,nan,nan,nan,nan,nan,nan,nan,nan,nan,nan,nan,nan,nan,nan,nan,nan,nan,nan,nan,nan,nan,nan,nan,nan,nan,nan,nan,nan,nan,nan,nan,nan,nan,nan,nan,nan,nan,nan,nan,nan,nan,nan
30.800,APPROACH,5.396861,-2.246155,4.457451,2.052323,0.282428,-4.062020,-1.138447,-35.672880,-74.583084,27.947485,7.709331,-1.948952,1.138608,0.000000,0.000000,-14.187365,-37.919034,-70.125633,29.999807,7.991759,-6.010972,0.000161,0.000000,0.000000,-36.948519,-35.945730,-74.529395,27.907575,7.756856,-1.957342,1.144477,0.000000,0.000000,0.000000,-2.246155,4.457451,2.052323,5.396861,0.282428,-4.062020,-1.138447,4.227982,nan,nan,nan,0,nan,nan,nan,0,nan,nan,nan,nan,nan,nan,nan,nan,nan,nan,nan,nan,nan,nan,nan,nan,nan,nan,nan,nan,nan,nan,nan,nan,nan,nan,nan,nan,nan,nan,nan,nan,nan,nan,nan,nan,nan,nan,nan,nan,nan,nan,nan,nan,nan,nan,nan,nan,nan,nan,nan,nan,nan,nan,nan,nan,nan,nan,nan,nan,nan,nan,nan,nan,nan,nan,nan,nan,nan,nan,nan,nan,nan,nan,nan,nan,nan,nan,nan,nan
30.840,APPROACH,5.396861,-2.246155,4.457451,2.052323,0.282428,-4.062020,-1.138447,-35.283158,-74.683869,28.005002,7.794431,-2.015711,1.150346,0.000000,0.000000,-14.499548,-37.517577,-70.423680,29.999815,8.029147,-5.960939,0.000154,0.000000,0.000000,-36.590653,-35.635599,-74.608252,27.953354,7.749694,-1.985510,1.144477,0.000000,0.000000,0.000000,-2.234419,4.260189,1.994813,5.207794,0.234716,-3.945228,-1.150192,4.116170,nan,nan,nan,0,nan,nan,nan,0,nan,nan,nan,nan,nan,nan,nan,nan,nan,nan,nan,nan,nan,nan,nan,nan,nan,nan,nan,nan,nan,nan,nan,nan,nan,nan,nan,nan,nan,nan,nan,nan,nan,nan,nan,nan,nan,nan,nan,nan,nan,nan,nan,nan,nan,nan,nan,nan,nan,nan,nan,nan,nan,nan,nan,nan,nan,nan,nan,nan,nan,nan,nan,nan,nan,nan,nan,nan,nan,nan,nan,nan,nan,nan,nan,nan,nan,nan,nan,nan
30.900,APPROACH,5.019336,-2.215673,4.065600,1.937890,0.374910,-3.891784,-1.138460,-34.898593,-74.784814,28.061932,7.691312,-2.018890,1.138608,0.000000,0.000000,-14.707750,-37.114266,-70.719214,29.999822,8.066222,-5.910673,0.000148,0.000000,0.000000,-36.232787,-35.170944,-74.728649,28.022022,7.738759,-2.027712,1.144477,0.000000,0.000000,0.000000,-2.215673,4.065600,1.937890,5.019336,0.374910,-3.891784,-1.138460,4.072177,nan,nan,nan,0,nan,nan,nan,0,nan,nan,nan,nan,nan,nan,nan,nan,nan,nan,nan,nan,nan,nan,nan,nan,nan,nan,nan,nan,nan,nan,nan,nan,nan,nan,nan,nan,nan,nan,nan,nan,nan,nan,nan,nan,nan,nan,nan,nan,nan,nan,nan,nan,nan,nan,nan,nan,nan,nan,nan,nan,nan,nan,nan,nan,nan,nan,nan,nan,nan,nan,nan,nan,nan,nan,nan,nan,nan,nan,nan,nan,nan,nan,nan,nan,nan,nan,nan,nan
30.940,APPROACH,5.019336,-2.215673,4.065600,1.937890,0.374910,-3.891784,-1.138460,-34.509803,-74.889135,28.119450,7.775802,-2.086420,1.150346,0.000000,0.000000,-15.019933,-36.709117,-71.012222,29.999830,8.102982,-5.860177,0.000142,0.000000,0.000000,-35.874920,-34.861542,-74.810319,28.067801,7.731341,-2.055813,1.144477,0.000000,0.000000,0.000000,-2.199314,3.876912,1.880380,4.837692,0.327180,-3.773758,-1.150204,3.958695,nan,nan,nan,0,nan,nan,nan,0,nan,nan,nan,nan,nan,nan,nan,nan,nan,nan,nan,nan,nan,nan,nan,nan,nan,nan,nan,nan,nan,nan,nan,nan,nan,nan,nan,nan,nan,nan,nan,nan,nan,nan,nan,nan,nan,nan,nan,nan,nan,nan,nan,nan,nan,nan,nan,nan,nan,nan,nan,nan,nan,nan,nan,nan,nan,nan,nan,nan,nan,nan,nan,nan,nan,nan,nan,nan,nan,nan,nan,nan,nan,nan,nan,nan,nan,nan,nan,nan
31.000,APPROACH,4.661581,-2.182798,3.693336,1.823456,0.330324,-3.671516,-1.138472,-34.126170,-74.993568,28.176380,7.672659,-2.088661,1.138608,0.000000,0.000000,-15.228135,-36.308968,-71.300231,29.999836,8.002982,-5.760177,0.000136,0.000000,0.000000,-35.744598,-34.397999,-74.934931,28.136470,7.720023,-2.097914,1.144477,0.000000,0.000000,0.000000,-2.182798,3.693336,1.823456,4.661581,0.330324,-3.671516,-1.138472,3.858142,nan,nan,nan,0,nan,nan,nan,0,nan,nan,nan,nan,nan,nan,nan,nan,nan,nan,nan,nan,nan,nan,nan,nan,nan,nan,nan,nan,nan,nan,nan,nan,nan,nan,nan,nan,nan,nan,nan,nan,nan,nan,nan,nan,nan,nan,nan,nan,nan,nan,nan,nan,nan,nan,nan,nan,nan,nan,nan,nan,nan,nan,nan,nan,nan,nan,nan,nan,nan,nan,nan,nan,nan,nan,nan,nan,nan,nan,nan,nan,nan,nan,nan,nan,nan,nan,nan,nan
31.040,APPROACH,4.661581,-2.182798,3.693336,1.823456,0.330324,-3.671516,-1.138472,-33.738343,-75.101416,28.233897,7.756532,-2.156956,1.150346,0.000000,0.000000,-15.540318,-35.913819,-71.583240,29.999843,7.902982,-5.660177,0.000131,0.000000,0.000000,-35.610532,-34.089352,-75.019409,28.182249,7.712351,-2.125947,1.144477,0.000000,0.000000,0.000000,-2.175476,3.518175,1.765946,4.497646,0.146450,-3.503222,-1.150215,3.690122,nan,nan,nan,0,nan,nan,nan,0,nan,nan,nan,nan,nan,nan,nan,nan,nan,nan,nan,nan,nan,nan,nan,nan,nan,nan,nan,nan,nan,nan,nan,nan,nan,nan,nan,nan,nan,nan,nan,nan,nan,nan,nan,nan,nan,nan,nan,nan,nan,nan,nan,nan,nan,nan,nan,nan,nan,nan,nan,nan,nan,nan,nan,nan,nan,nan,nan,nan,nan,nan,nan,nan,nan,nan,nan,nan,nan,nan,nan,nan,nan,nan,nan,nan,nan,nan,nan,nan
31.100,APPROACH,4.339423,-2.167995,3.348080,1.709021,0.149610,-3.401916,-1.138482,-33.355674,-75.209329,28.290828,7.653372,-2.158261,1.138608,0.000000,0.000000,-15.748520,-35.523670,-71.861249,29.999849,7.802982,-5.560177,0.000126,0.000000,0.000000,-35.472562,-33.626960,-75.148226,28.250918,7.700651,-2.167943,1.144477,0.000000,0.000000,0.000000,-2.167995,3.348080,1.709021,4.339423,0.149610,-3.401916,-1.138482,3.590482,nan,nan,nan,0,nan,nan,nan,0,nan,nan,nan,nan,nan,nan,nan,nan,nan,nan,nan,nan,nan,nan,nan,nan,nan,nan,nan,nan,nan,nan,nan,nan,nan,nan,nan,nan,nan,nan,nan,nan,nan,nan,nan,nan,nan,nan,nan,nan,nan,nan,nan,nan,nan,nan,nan,nan,nan,nan,nan,nan,nan,nan,nan,nan,nan,nan,nan,nan,nan,nan,nan,nan,nan,nan,nan,nan,nan,nan,nan,nan,nan,nan,nan,nan,nan,nan,nan,nan
31.140,APPROACH,4.339423,-2.167995,3.348080,1.709021,0.149610,-3.401916,-1.138482,-32.968843,-75.320694,28.348345,7.736622,-2.227314,1.150346,0.000000,0.000000,-16.060703,-35.138520,-72.134258,29.999855,7.702982,-5.460177,0.000121,0.000000,0.000000,-35.330516,-33.319093,-75.235503,28.296697,7.692724,-2.195905,1.144477,0.000000,0.000000,0.000000,-2.169677,3.186436,1.651510,4.193848,-0.033640,-3.232863,-1.150225,3.431553,nan,nan,nan,0,nan,nan,nan,0,nan,nan,nan,nan,nan,nan,nan,nan,nan,nan,nan,nan,nan,nan,nan,nan,nan,nan,nan,nan,nan,nan,nan,nan,nan,nan,nan,nan,nan,nan,nan,nan,nan,nan,nan,nan,nan,nan,nan,nan,nan,nan,nan,nan,nan,nan,nan,nan,nan,nan,nan,nan,nan,nan,nan,nan,nan,nan,nan,nan,nan,nan,nan,nan,nan,nan,nan,nan,nan,nan,nan,nan,nan,nan,nan,nan,nan,nan,nan,nan
31.200,TRACKING,4.054205,-2.171201,3.029812,1.594586,-0.030472,-3.132495,-1.138492,-32.587171,-75.432078,28.405275,7.633455,-2.227682,1.138608,0.000000,0.000000,-16.268905,-34.758371,-72.402267,29.999861,7.602982,-5.360177,0.000116,0.000000,0.000000,-35.184213,-34.758371,-72.402267,29.399861,7.634695,-2.273838,1.094477,0.000000,0.000000,0.000000,-2.171201,3.029812,1.594586,4.054205,-0.030472,-3.132495,-1.138492,3.333110,nan,nan,nan,0,nan,nan,nan,0,nan,nan,nan,nan,nan,nan,nan,nan,nan,nan,nan,nan,nan,nan,nan,nan,nan,nan,nan,nan,nan,nan,nan,nan,nan,nan,nan,nan,nan,nan,nan,nan,nan,nan,nan,nan,nan,nan,nan,nan,nan,nan,nan,nan,nan,nan,nan,nan,nan,nan,nan,nan,nan,nan,nan,nan,nan,nan,nan,nan,nan,nan,nan,nan,nan,nan,nan,nan,nan,nan,nan,nan,nan,nan,nan,nan,nan,nan,nan,nan
31.240,TRACKING,4.054205,-2.171201,3.029812,1.594586,-0.030472,-3.132495,-1.138492,-32.211748,-75.537212,28.468456,7.508455,-2.102682,1.263608,0.000000,0.000000,-15.644473,-34.383222,-72.665276,29.999867,7.502982,-5.260177,0.000111,0.000000,0.000000,-35.033459,-34.758371,-72.402267,29.399861,7.534695,-2.373838,0.994477,0.000000,0.000000,0.000000,-2.171474,2.871937,1.531411,3.912613,-0.005472,-3.157495,-1.263497,3.400916,nan,nan,nan,0,nan,nan,nan,0,nan,nan,nan,nan,nan,nan,nan,nan,nan,nan,nan,nan,nan,nan,nan,nan,nan,nan,nan,nan,nan,nan,nan,nan,nan,nan,nan,nan,nan,nan,nan,nan,nan,nan,nan,nan,nan,nan,nan,nan,nan,nan,nan,nan,nan,nan,nan,nan,nan,nan,nan,nan,nan,nan,nan,nan,nan,nan,nan,nan,nan,nan,nan,nan,nan,nan,nan,nan,nan,nan,nan,nan,nan,nan,nan,nan,nan,nan,nan,nan
31.300,TRACKING,3.769325,-2.170498,2.712812,1.461986,0.019528,-3.182495,-1.388501,-31.842575,-75.636097,28.537886,7.383455,-1.977682,1.388608,0.000000,0.000000,-14.994869,-34.013073,-72.923284,29.999872,7.402982,-5.160177,0.000107,0.000000,0.000000,-34.878052,-33.177375,-73.469270,29.399872,7.384695,-2.523838,0.844477,0.000000,0.000000,0.000000,-2.170498,2.712812,1.461986,3.769325,0.019528,-3.182495,-1.388501,3.472260,nan,nan,nan,0,nan,nan,nan,0,nan,nan,nan,nan,nan,nan,nan,nan,nan,nan,nan,nan,nan,nan,nan,nan,nan,nan,nan,nan,nan,nan,nan,nan,nan,nan,nan,nan,nan,nan,nan,nan,nan,nan,nan,nan,nan,nan,nan,nan,nan,nan,nan,nan,nan,nan,nan,nan,nan,nan,nan,nan,nan,nan,nan,nan,nan,nan,nan,nan,nan,nan,nan,nan,nan,nan,nan,nan,nan,nan,nan,nan,nan,nan,nan,nan,nan,nan,nan,nan
31.340,TRACKING,3.769325,-2.170498,2.712812,1.461986,0.019528,-3.182495,-1.388501,-31.479652,-75.728731,28.613567,7.258455,-1.852682,1.513608,0.000000,0.000000,-14.318715,-33.647924,-73.176293,29.999877,7.302982,-5.060177,0.000102,0.000000,0.000000,-34.717775,-33.177375,-73.469270,29.399872,7.284695,-2.623838,0.810522,0.000000,0.000000,0.000000,-2.168272,2.552437,1.386310,3.624665,0.044528,-3.207495,-1.513505,3.546929,nan,nan,nan,0,nan,nan,nan,0,nan,nan,nan,nan,nan,nan,nan,nan,nan,nan,nan,nan,nan,nan,nan,nan,nan,nan,nan,nan,nan,nan,nan,nan,nan,nan,nan,nan,nan,nan,nan,nan,nan,nan,nan,nan,nan,nan,nan,nan,nan,nan,nan,nan,nan,nan,nan,nan,nan,nan,nan,nan,nan,nan,nan,nan,nan,nan,nan,nan,nan,nan,nan,nan,nan,nan,nan,nan,nan,nan,nan,nan,nan,nan,nan,nan,nan,nan,nan,nan
31.400,TRACKING,3.479043,-2.164795,2.390813,1.304385,0.069528,-3.232495,-1.638510,-31.122980,-75.815115,28.695497,7.133455,-1.727682,1.638608,0.000000,0.000000,-13.614551,-33.287775,-73.424302,29.999882,7.202982,-4.960177,0.000098,0.000000,0.000000,-34.552397,-31.536572,-74.571944,29.399882,7.134695,-2.773838,0.904629,0.000000,0.000000,0.000000,-2.164795,2.390813,1.304385,3.479043,0.069528,-3.232495,-1.638510,3.624717,nan,nan,nan,0,nan,nan,nan,0,nan,nan,nan,nan,nan,nan,nan,nan,nan,nan,nan,nan,nan,nan,nan,nan,nan,nan,nan,nan,nan,nan,nan,nan,nan,nan,nan,nan,nan,nan,nan,nan,nan,nan,nan,nan,nan,nan,nan,nan,nan,nan,nan,nan,nan,nan,nan,nan,nan,nan,nan,nan,nan,nan,nan,nan,nan,nan,nan,nan,nan,nan,nan,nan,nan,nan,nan,nan,nan,nan,nan,nan,nan,nan,nan,nan,nan,nan,nan,nan
31.440,TRACKING,3.479043,-2.164795,2.390813,1.304385,0.069528,-3.232495,-1.638510,-30.772557,-75.895249,28.778382,7.008455,-1.602682,1.657691,0.000000,0.000000,-12.880825,-32.932626,-73.667311,29.999887,7.102982,-4.860177,0.000094,0.000000,0.000000,-34.381674,-31.536572,-74.571944,29.399882,7.034695,-2.873838,0.953306,0.000000,0.000000,0.000000,-2.160069,2.227938,1.221505,3.334918,0.094528,-3.257495,-1.657596,3.656205,nan,nan,nan,0,nan,nan,nan,0,nan,nan,nan,nan,nan,nan,nan,nan,nan,nan,nan,nan,nan,nan,nan,nan,nan,nan,nan,nan,nan,nan,nan,nan,nan,nan,nan,nan,nan,nan,nan,nan,nan,nan,nan,nan,nan,nan,nan,nan,nan,nan,nan,nan,nan,nan,nan,nan,nan,nan,nan,nan,nan,nan,nan,nan,nan,nan,nan,nan,nan,nan,nan,nan,nan,nan,nan,nan,nan,nan,nan,nan,nan,nan,nan,nan,nan,nan,nan,nan
31.500,TRACKING,3.206562,-2.159150,2.076313,1.144130,0.018376,-3.032495,-1.547508,-30.423327,-75.981633,28.855762,6.984606,-1.727682,1.547599,0.000000,0.000000,-13.893559,-32.582477,-73.905320,29.999891,7.002982,-4.760177,0.000091,0.000000,0.000000,-34.205347,-29.960860,-75.627467,29.399891,6.884695,-3.023838,0.876094,0.000000,0.000000,0.000000,-2.159150,2.076313,1.144130,3.206562,0.018376,-3.032495,-1.547508,3.404577,nan,nan,nan,0,nan,nan,nan,0,nan,nan,nan,nan,nan,nan,nan,nan,nan,nan,nan,nan,nan,nan,nan,nan,nan,nan,nan,nan,nan,nan,nan,nan,nan,nan,nan,nan,nan,nan,nan,nan,nan,nan,nan,nan,nan,nan,nan,nan,nan,nan,nan,nan,nan,nan,nan,nan,nan,nan,nan,nan,nan,nan,nan,nan,nan,nan,nan,nan,nan,nan,nan,nan,nan,nan,nan,nan,nan,nan,nan,nan,nan,nan,nan,nan,nan,nan,nan,nan
31.540,TRACKING,3.206562,-2.159150,2.076313,1.144130,0.018376,-3.032495,-1.547508,-30.067846,-76.074267,28.926892,7.109606,-1.852682,1.422599,0.000000,0.000000,-14.605798,-32.237327,-74.138329,29.999896,6.902982,-4.660177,0.000087,0.000000,0.000000,-34.023137,-29.960860,-75.627467,29.399891,6.784695,-3.123838,0.803535,0.000000,0.000000,0.000000,-2.169481,1.935938,1.073004,3.099330,-0.206624,-2.807495,-1.422512,3.154087,nan,nan,nan,0,nan,nan,nan,0,nan,nan,nan,nan,nan,nan,nan,nan,nan,nan,nan,nan,nan,nan,nan,nan,nan,nan,nan,nan,nan,nan,nan,nan,nan,nan,nan,nan,nan,nan,nan,nan,nan,nan,nan,nan,nan,nan,nan,nan,nan,nan,nan,nan,nan,nan,nan,nan,nan,nan,nan,nan,nan,nan,nan,nan,nan,nan,nan,nan,nan,nan,nan,nan,nan,nan,nan,nan,nan,nan,nan,nan,nan,nan,nan,nan,nan,nan,nan,nan
31.600,TRACKING,3.013578,-2.191062,1.806814,1.008128,-0.431624,-2.582495,-1.297516,-29.706116,-76.173151,28.991771,7.234606,-1.977682,1.297599,0.000000,0.000000,-15.289078,-31.897178,-74.366338,29.999900,6.802982,-4.560177,0.000084,0.000000,0.000000,-33.834750,-28.729191,-76.449332,29.399900,6.634695,-3.273838,0.653535,0.000000,0.000000,0.000000,-2.191062,1.806814,1.008128,3.013578,-0.431624,-2.582495,-1.297516,2.922179,nan,nan,nan,0,nan,nan,nan,0,nan,nan,nan,nan,nan,nan,nan,nan,nan,nan,nan,nan,nan,nan,nan,nan,nan,nan,nan,nan,nan,nan,nan,nan,nan,nan,nan,nan,nan,nan,nan,nan,nan,nan,nan,nan,nan,nan,nan,nan,nan,nan,nan,nan,nan,nan,nan,nan,nan,nan,nan,nan,nan,nan,nan,nan,nan,nan,nan,nan,nan,nan,nan,nan,nan,nan,nan,nan,nan,nan,nan,nan,nan,nan,nan,nan,nan,nan,nan,nan
31.640,TRACKING,3.013578,-2.191062,1.806814,1.008128,-0.431624,-2.582495,-1.297516,-29.338136,-76.278285,29.050401,7.359606,-2.102682,1.172599,0.000000,0.000000,-15.944945,-31.562029,-74.589347,29.999904,6.702982,-4.460177,0.000080,0.000000,0.000000,-33.639870,-28.729191,-76.449332,29.399900,6.534695,-3.373838,0.573198,0.000000,0.000000,0.000000,-2.223894,1.688939,0.949502,2.949538,-0.656624,-2.357495,-1.172519,2.713621,nan,nan,nan,0,nan,nan,nan,0,nan,nan,nan,nan,nan,nan,nan,nan,nan,nan,nan,nan,nan,nan,nan,nan,nan,nan,nan,nan,nan,nan,nan,nan,nan,nan,nan,nan,nan,nan,nan,nan,nan,nan,nan,nan,nan,nan,nan,nan,nan,nan,nan,nan,nan,nan,nan,nan,nan,nan,nan,nan,nan,nan,nan,nan,nan,nan,nan,nan,nan,nan,nan,nan,nan,nan,nan,nan,nan,nan,nan,nan,nan,nan,nan,nan,nan,nan,nan,nan
31.700,TRACKING,2.907278,-2.267975,1.582314,0.897126,-0.881624,-2.132495,-1.047522,-28.963905,-76.389669,29.102781,7.484606,-2.227682,1.047599,0.000000,0.000000,-16.574856,-31.231880,-74.807355,29.999908,6.602982,-4.360177,0.000077,0.000000,0.000000,-33.438161,-28.077827,-76.879923,29.399908,6.566165,-3.523838,0.584608,0.000000,0.000000,0.000000,-2.267975,1.582314,0.897126,2.907278,-0.881624,-2.132495,-1.047522,2.534186,nan,nan,nan,0,nan,nan,nan,0,nan,nan,nan,nan,nan,nan,nan,nan,nan,nan,nan,nan,nan,nan,nan,nan,nan,nan,nan,nan,nan,nan,nan,nan,nan,nan,nan,nan,nan,nan,nan,nan,nan,nan,nan,nan,nan,nan,nan,nan,nan,nan,nan,nan,nan,nan,nan,nan,nan,nan,nan,nan,nan,nan,nan,nan,nan,nan,nan,nan,nan,nan,nan,nan,nan,nan,nan,nan,nan,nan,nan,nan,nan,nan,nan,nan,nan,nan,nan,nan
31.740,TRACKING,2.907278,-2.267975,1.582314,0.897126,-0.881624,-2.132495,-1.047522,-28.583425,-76.507304,29.148911,7.609606,-2.352682,0.922599,0.000000,0.000000,-17.180178,-30.905328,-75.020364,29.999911,6.531036,-4.260177,0.000074,0.000000,0.000000,-33.116301,-28.077827,-76.879923,29.399908,6.566165,-3.623838,0.579430,0.000000,0.000000,0.000000,-2.321903,1.486939,0.851000,2.885554,-1.078570,-1.907495,-0.922525,2.377584,nan,nan,nan,0,nan,nan,nan,0,nan,nan,nan,nan,nan,nan,nan,nan,nan,nan,nan,nan,nan,nan,nan,nan,nan,nan,nan,nan,nan,nan,nan,nan,nan,nan,nan,nan,nan,nan,nan,nan,nan,nan,nan,nan,nan,nan,nan,nan,nan,nan,nan,nan,nan,nan,nan,nan,nan,nan,nan,nan,nan,nan,nan,nan,nan,nan,nan,nan,nan,nan,nan,nan,nan,nan,nan,nan,nan,nan,nan,nan,nan,nan,nan,nan,nan,nan,nan,nan
31.800,TRACKING,2.874514,-2.374909,1.402815,0.809165,-1.060120,-1.682495,-0.836694,-28.203689,-76.631188,29.190750,7.594727,-2.477682,0.836765,0.000000,0.000000,-18.068251,-30.578598,-75.228373,29.999915,6.534607,-4.160177,0.000071,0.000000,0.000000,-32.482369,-27.402731,-77.263347,29.399915,6.564306,-3.773838,0.579828,0.000000,0.000000,0.000000,-2.374909,1.402815,0.809165,2.874514,-1.060120,-1.682495,-0.836694,2.157476,nan,nan,nan,0,nan,nan,nan,0,nan,nan,nan,nan,nan,nan,nan,nan,nan,nan,nan,nan,nan,nan,nan,nan,nan,nan,nan,nan,nan,nan,nan,nan,nan,nan,nan,nan,nan,nan,nan,nan,nan,nan,nan,nan,nan,nan,nan,nan,nan,nan,nan,nan,nan,nan,nan,nan,nan,nan,nan,nan,nan,nan,nan,nan,nan,nan,nan,nan,nan,nan,nan,nan,nan,nan,nan,nan,nan,nan,nan,nan,nan,nan,nan,nan,nan,nan,nan,nan
31.840,TRACKING,2.874514,-2.374909,1.402815,0.809165,-1.060120,-1.682495,-0.836694,-27.827416,-76.761322,29.230199,7.525456,-2.602682,0.788993,0.000000,0.000000,-19.077966,-30.251273,-75.431382,29.999918,6.546493,-4.060177,0.000068,0.000000,0.000000,-31.807455,-27.402731,-77.263347,29.399915,6.564306,-3.873838,0.579828,0.000000,0.000000,0.000000,-2.423857,1.329940,0.769719,2.869894,-0.978962,-1.457495,-0.788925,1.924854,nan,nan,nan,0,nan,nan,nan,0,nan,nan,nan,nan,nan,nan,nan,nan,nan,nan,nan,nan,nan,nan,nan,nan,nan,nan,nan,nan,nan,nan,nan,nan,nan,nan,nan,nan,nan,nan,nan,nan,nan,nan,nan,nan,nan,nan,nan,nan,nan,nan,nan,nan,nan,nan,nan,nan,nan,nan,nan,nan,nan,nan,nan,nan,nan,nan,nan,nan,nan,nan,nan,nan,nan,nan,nan,nan,nan,nan,nan,nan,nan,nan,nan,nan,nan,nan,nan,nan
31.900,TRACKING,2.872192,-2.470014,1.268315,0.734775,-0.923125,-1.232495,-0.698876,-27.453113,-76.897706,29.265146,7.486067,-2.727682,0.698941,0.000000,0.000000,-20.020114,-29.923126,-75.629391,29.999922,6.562942,-3.960177,0.000065,0.000000,0.000000,-31.107409,-26.702225,-77.599586,29.399922,6.551157,-4.023838,0.479222,0.000000,0.000000,0.000000,-2.470014,1.268315,0.734775,2.872192,-0.923125,-1.232495,-0.698876,1.691045,nan,nan,nan,0,nan,nan,nan,0,nan,nan,nan,nan,nan,nan,nan,nan,nan,nan,nan,nan,nan,nan,nan,nan,nan,nan,nan,nan,nan,nan,nan,nan,nan,nan,nan,nan,nan,nan,nan,nan,nan,nan,nan,nan,nan,nan,nan,nan,nan,nan,nan,nan,nan,nan,nan,nan,nan,nan,nan,nan,nan,nan,nan,nan,nan,nan,nan,nan,nan,nan,nan,nan,nan,nan,nan,nan,nan,nan,nan,nan,nan,nan,nan,nan,nan,nan,nan,nan
31.940,TRACKING,2.872192,-2.470014,1.268315,0.734775,-0.923125,-1.232495,-0.698876,-27.080501,-77.040340,29.294833,7.452222,-2.852682,0.593743,0.000000,0.000000,-20.946654,-29.593904,-75.822400,29.999925,6.584444,-3.860177,0.000063,0.000000,0.000000,-30.381268,-26.702225,-77.599586,29.399922,6.551157,-4.123838,0.458968,0.000000,0.000000,0.000000,-2.513403,1.217940,0.705091,2.880577,-0.867778,-1.007495,-0.593680,1.456208,nan,nan,nan,0,nan,nan,nan,0,nan,nan,nan,nan,nan,nan,nan,nan,nan,nan,nan,nan,nan,nan,nan,nan,nan,nan,nan,nan,nan,nan,nan,nan,nan,nan,nan,nan,nan,nan,nan,nan,nan,nan,nan,nan,nan,nan,nan,nan,nan,nan,nan,nan,nan,nan,nan,nan,nan,nan,nan,nan,nan,nan,nan,nan,nan,nan,nan,nan,nan,nan,nan,nan,nan,nan,nan,nan,nan,nan,nan,nan,nan,nan,nan,nan,nan,nan,nan,nan
32.000,TRACKING,2.894448,-2.554398,1.178815,0.680643,-0.819912,-0.782495,-0.488960,-26.708991,-77.189224,29.319284,7.430212,-2.977682,0.489020,0.000000,0.000000,-21.838609,-29.263389,-76.010409,29.999928,6.610300,-3.760177,0.000060,0.000000,0.000000,-29.632781,-25.987662,-77.906667,29.399928,6.551246,-3.973838,0.333929,0.000000,0.000000,0.000000,-2.554398,1.178815,0.680643,2.894448,-0.819912,-0.782495,-0.488960,1.234356,nan,nan,nan,0,nan,nan,nan,0,nan,nan,nan,nan,nan,nan,nan,nan,nan,nan,nan,nan,nan,nan,nan,nan,nan,nan,nan,nan,nan,nan,nan,nan,nan,nan,nan,nan,nan,nan,nan,nan,nan,nan,nan,nan,nan,nan,nan,nan,nan,nan,nan,nan,nan,nan,nan,nan,nan,nan,nan,nan,nan,nan,nan,nan,nan,nan,nan,nan,nan,nan,nan,nan,nan,nan,nan,nan,nan,nan,nan,nan,nan,nan,nan,nan,nan,nan,nan,nan
32.040,TRACKING,2.894448,-2.554398,1.178815,0.680643,-0.819912,-0.782495,-0.488960,-26.338149,-77.344358,29.338940,7.416841,-3.102682,0.393103,0.000000,0.000000,-22.700989,-28.931388,-76.193417,29.999931,6.640012,-3.660177,0.000058,0.000000,0.000000,-28.864895,-25.987662,-77.906667,29.399928,6.551246,-3.889619,0.312460,0.000000,0.000000,0.000000,-2.593240,1.150941,0.660991,2.913154,-0.776829,-0.557495,-0.393046,1.033803,nan,nan,nan,0,nan,nan,nan,0,nan,nan,nan,nan,nan,nan,nan,nan,nan,nan,nan,nan,nan,nan,nan,nan,nan,nan,nan,nan,nan,nan,nan,nan,nan,nan,nan,nan,nan,nan,nan,nan,nan,nan,nan,nan,nan,nan,nan,nan,nan,nan,nan,nan,nan,nan,nan,nan,nan,nan,nan,nan,nan,nan,nan,nan,nan,nan,nan,nan,nan,nan,nan,nan,nan,nan,nan,nan,nan,nan,nan,nan,nan,nan,nan,nan,nan,nan,nan,nan
32.100,TRACKING,2.936652,-2.630698,1.134316,0.645508,-0.749169,-0.332495,-0.309669,-25.967039,-77.505742,29.354426,7.422202,-3.227682,0.309725,0.000000,0.000000,-23.502705,-28.597737,-76.371426,29.999933,6.673033,-3.560177,0.000056,0.000000,0.000000,-28.080683,-25.259006,-78.185001,29.399933,6.601564,-3.739619,0.198734,0.000000,0.000000,0.000000,-2.630698,1.134316,0.645508,2.936652,-0.749169,-0.332495,-0.309669,0.876186,nan,nan,nan,0,nan,nan,nan,0,nan,nan,nan,nan,nan,nan,nan,nan,nan,nan,nan,nan,nan,nan,nan,nan,nan,nan,nan,nan,nan,nan,nan,nan,nan,nan,nan,nan,nan,nan,nan,nan,nan,nan,nan,nan,nan,nan,nan,nan,nan,nan,nan,nan,nan,nan,nan,nan,nan,nan,nan,nan,nan,nan,nan,nan,nan,nan,nan,nan,nan,nan,nan,nan,nan,nan,nan,nan,nan,nan,nan,nan,nan,nan,nan,nan,nan,nan,nan,nan
32.140,DOCKING,2.936652,-2.630698,1.134316,0.645508,-0.749169,-0.332495,-0.309669,-25.602179,-77.673376,29.363662,7.297202,-3.352682,0.184725,0.000000,0.000000,-24.676302,-28.262268,-76.546477,29.999936,6.709366,-3.501018,0.000053,0.000000,0.000000,-27.556030,-26.838900,-77.441168,29.250755,6.578981,-3.839619,0.098734,0.000000,0.000000,0.000000,-2.660090,1.126899,0.636274,2.958179,-0.587837,-0.148336,-0.184671,0.633766,nan,nan,nan,0,nan,nan,nan,0,nan,nan,nan,nan,nan,nan,nan,nan,nan,nan,nan,nan,nan,nan,nan,nan,nan,nan,nan,nan,nan,nan,nan,nan,nan,nan,nan,nan,nan,nan,nan,nan,nan,nan,nan,nan,nan,nan,nan,nan,nan,nan,nan,nan,nan,nan,nan,nan,nan,nan,nan,nan,nan,nan,nan,nan,nan,nan,nan,nan,nan,nan,nan,nan,nan,nan,nan,nan,nan,nan,nan,nan,nan,nan,nan,nan,nan,nan,nan,nan
32.200,DOCKING,2.976722,-2.681528,1.126600,0.633290,-0.428763,-0.005983,-0.059674,-25.243568,-77.847260,29.366648,7.172202,-3.477682,0.059725,0.000000,0.000000,-25.867978,-27.925096,-76.720660,29.999939,6.743439,-3.483666,0.000051,0.000000,0.000000,-27.320908,-26.140993,-77.768565,29.245969,6.727648,-3.889619,-0.051266,0.000000,0.000000,0.000000,-2.681528,1.126600,0.633290,2.976722,-0.428763,-0.005983,-0.059674,0.432937,nan,nan,nan,0,nan,nan,nan,0,nan,nan,nan,nan,nan,nan,nan,nan,nan,nan,nan,nan,nan,nan,nan,nan,nan,nan,nan,nan,nan,nan,nan,nan,nan,nan,nan,nan,nan,nan,nan,nan,nan,nan,nan,nan,nan,nan,nan,nan,nan,nan,nan,nan,nan,nan,nan,nan,nan,nan,nan,nan,nan,nan,nan,nan,nan,nan,nan,nan,nan,nan,nan,nan,nan,nan,nan,nan,nan,nan,nan,nan,nan,nan,nan,nan,nan,nan,nan,nan
32.240,DOCKING,2.976722,-2.681528,1.126600,0.633290,-0.428763,-0.005983,-0.059674,-24.891208,-78.027395,29.363385,7.047202,-3.602682,-0.065275,0.000000,0.000000,-27.077099,-27.586352,-76.893880,29.999941,6.774886,-3.464399,0.000049,0.000000,0.000000,-27.083344,-26.140993,-77.768565,29.245969,6.816858,-3.879976,-0.151266,0.000000,0.000000,0.000000,-2.695144,1.133514,0.636556,2.992300,-0.272316,0.138283,0.065324,0.312323,nan,nan,nan,0,nan,nan,nan,0,nan,nan,nan,nan,nan,nan,nan,nan,nan,nan,nan,nan,nan,nan,nan,nan,nan,nan,nan,nan,nan,nan,nan,nan,nan,nan,nan,nan,nan,nan,nan,nan,nan,nan,nan,nan,nan,nan,nan,nan,nan,nan,nan,nan,nan,nan,nan,nan,nan,nan,nan,nan,nan,nan,nan,nan,nan,nan,nan,nan,nan,nan,nan,nan,nan,nan,nan,nan,nan,nan,nan,nan,nan,nan,nan,nan,nan,nan,nan,nan
32.300,DOCKING,3.003659,-2.701070,1.144665,0.644929,-0.118514,0.223016,0.167447,-24.545098,-78.210709,29.355015,6.922202,-3.666298,-0.167400,0.000000,0.000000,-27.907629,-27.246168,-77.066045,29.999943,6.803689,-3.443282,0.000047,0.000000,0.000000,-26.843536,-25.433879,-78.091719,29.250534,6.966858,-3.729976,-0.001266,0.000000,0.000000,0.000000,-2.701070,1.144665,0.644929,3.003659,-0.118514,0.223016,0.167447,0.303018,nan,nan,nan,0,nan,nan,nan,0,nan,nan,nan,nan,nan,nan,nan,nan,nan,nan,nan,nan,nan,nan,nan,nan,nan,nan,nan,nan,nan,nan,nan,nan,nan,nan,nan,nan,nan,nan,nan,nan,nan,nan,nan,nan,nan,nan,nan,nan,nan,nan,nan,nan,nan,nan,nan,nan,nan,nan,nan,nan,nan,nan,nan,nan,nan,nan,nan,nan,nan,nan,nan,nan,nan,nan,nan,nan,nan,nan,nan,nan,nan,nan,nan,nan,nan,nan,nan,nan
32.340,DOCKING,3.003659,-2.701070,1.144665,0.644929,-0.118514,0.223016,0.167447,-24.205238,-78.387774,29.352895,6.797202,-3.541298,-0.042400,0.000000,0.000000,-27.519217,-26.904734,-77.237033,29.999946,6.828669,-3.419765,0.000045,0.000000,0.000000,-26.601494,-25.433879,-78.091719,29.250534,7.066858,-3.629976,0.098734,0.000000,0.000000,0.000000,-2.699496,1.150742,0.647051,3.005023,0.031467,0.121532,0.042445,0.132521,nan,nan,nan,0,nan,nan,nan,0,nan,nan,nan,nan,nan,nan,nan,nan,nan,nan,nan,nan,nan,nan,nan,nan,nan,nan,nan,nan,nan,nan,nan,nan,nan,nan,nan,nan,nan,nan,nan,nan,nan,nan,nan,nan,nan,nan,nan,nan,nan,nan,nan,nan,nan,nan,nan,nan,nan,nan,nan,nan,nan,nan,nan,nan,nan,nan,nan,nan,nan,nan,nan,nan,nan,nan,nan,nan,nan,nan,nan,nan,nan,nan,nan,nan,nan,nan,nan,nan
32.400,DOCKING,2.998883,-2.690882,1.151997,0.652193,0.172280,0.025118,0.102836,-23.871628,-78.558589,29.347755,6.672202,-3.416298,-0.102793,0.000000,0.000000,-27.113331,-26.562510,-77.406592,29.999948,6.844482,-3.391180,0.000043,0.000000,0.000000,-26.356660,-24.729066,-78.403435,29.253385,7.115395,-3.520132,0.048734,0.000000,0.000000,0.000000,-2.690882,1.151997,0.652193,2.998883,0.172280,0.025118,0.102836,0.202205,nan,nan,nan,0,nan,nan,nan,0,nan,nan,nan,nan,nan,nan,nan,nan,nan,nan,nan,nan,nan,nan,nan,nan,nan,nan,nan,nan,nan,nan,nan,nan,nan,nan,nan,nan,nan,nan,nan,nan,nan,nan,nan,nan,nan,nan,nan,nan,nan,nan,nan,nan,nan,nan,nan,nan,nan,nan,nan,nan,nan,nan,nan,nan,nan,nan,nan,nan,nan,nan,nan,nan,nan,nan,nan,nan,nan,nan,nan,nan,nan,nan,nan,nan,nan,nan,nan,nan
32.440,DOCKING,2.998883,-2.690882,1.151997,0.652193,0.172280,0.025118,0.102836,-23.544268,-78.725287,29.345876,6.547202,-3.333947,-0.037584,0.000000,0.000000,-26.985967,-26.219844,-77.574536,29.999950,6.853328,-3.358878,0.000042,0.000000,0.000000,-26.109895,-24.729066,-78.403435,29.253385,7.115395,-3.520132,0.056787,0.000000,0.000000,0.000000,-2.675576,1.150751,0.654074,2.985087,0.306125,-0.024932,0.037625,0.309435,nan,nan,nan,0,nan,nan,nan,0,nan,nan,nan,nan,nan,nan,nan,nan,nan,nan,nan,nan,nan,nan,nan,nan,nan,nan,nan,nan,nan,nan,nan,nan,nan,nan,nan,nan,nan,nan,nan,nan,nan,nan,nan,nan,nan,nan,nan,nan,nan,nan,nan,nan,nan,nan,nan,nan,nan,nan,nan,nan,nan,nan,nan,nan,nan,nan,nan,nan,nan,nan,nan,nan,nan,nan,nan,nan,nan,nan,nan,nan,nan,nan,nan,nan,nan,nan,nan,nan
32.500,DOCKING,2.965758,-2.653936,1.147664,0.659704,0.432791,-0.061727,0.112591,-23.223158,-78.888346,29.340248,6.422202,-3.261198,-0.112551,0.000000,0.000000,-26.921485,-25.877094,-77.740682,29.999952,6.854993,-3.322925,0.000040,0.000000,0.000000,-25.861563,-24.034542,-78.701593,29.256332,7.150192,-3.416287,0.029201,0.000000,0.000000,0.000000,-2.653936,1.147664,0.659704,2.965758,0.432791,-0.061727,0.112591,0.451437,nan,nan,nan,0,nan,nan,nan,0,nan,nan,nan,nan,nan,nan,nan,nan,nan,nan,nan,nan,nan,nan,nan,nan,nan,nan,nan,nan,nan,nan,nan,nan,nan,nan,nan,nan,nan,nan,nan,nan,nan,nan,nan,nan,nan,nan,nan,nan,nan,nan,nan,nan,nan,nan,nan,nan,nan,nan,nan,nan,nan,nan,nan,nan,nan,nan,nan,nan,nan,nan,nan,nan,nan,nan,nan,nan,nan,nan,nan,nan,nan,nan,nan,nan,nan,nan,nan,nan
32.540,DOCKING,2.965758,-2.653936,1.147664,0.659704,0.432791,-0.061727,0.112591,-22.908298,-79.047227,29.339876,6.297202,-3.177604,-0.007437,0.000000,0.000000,-26.775774,-25.534526,-77.904904,29.999954,6.851372,-3.284439,0.000038,0.000000,0.000000,-25.612322,-24.034542,-78.701593,29.256332,7.150192,-3.401708,0.076479,0.000000,0.000000,0.000000,-2.626228,1.142323,0.660078,2.938992,0.554170,-0.106835,0.007476,0.564424,nan,nan,nan,0,nan,nan,nan,0,nan,nan,nan,nan,nan,nan,nan,nan,nan,nan,nan,nan,nan,nan,nan,nan,nan,nan,nan,nan,nan,nan,nan,nan,nan,nan,nan,nan,nan,nan,nan,nan,nan,nan,nan,nan,nan,nan,nan,nan,nan,nan,nan,nan,nan,nan,nan,nan,nan,nan,nan,nan,nan,nan,nan,nan,nan,nan,nan,nan,nan,nan,nan,nan,nan,nan,nan,nan,nan,nan,nan,nan,nan,nan,nan,nan,nan,nan,nan,nan
32.600,DOCKING,2.909606,-2.595027,1.135276,0.665425,0.624019,-0.140934,0.106955,-22.597466,-79.202313,29.334530,6.216634,-3.101718,-0.106918,0.000000,0.000000,-26.516376,-25.192493,-78.067037,29.999956,6.840653,-3.242652,0.000037,0.000000,0.000000,-25.362204,-23.350654,-78.986397,29.258577,7.148494,-3.293614,0.026479,0.000000,0.000000,0.000000,-2.595027,1.135276,0.665425,2.909606,0.624019,-0.140934,0.106955,0.648615,nan,nan,nan,0,nan,nan,nan,0,nan,nan,nan,nan,nan,nan,nan,nan,nan,nan,nan,nan,nan,nan,nan,nan,nan,nan,nan,nan,nan,nan,nan,nan,nan,nan,nan,nan,nan,nan,nan,nan,nan,nan,nan,nan,nan,nan,nan,nan,nan,nan,nan,nan,nan,nan,nan,nan,nan,nan,nan,nan,nan,nan,nan,nan,nan,nan,nan,nan,nan,nan,nan,nan,nan,nan,nan,nan,nan,nan,nan,nan,nan,nan,nan,nan,nan,nan,nan,nan
32.640,DOCKING,2.909606,-2.595027,1.135276,0.665425,0.624019,-0.140934,0.106955,-22.285233,-79.354038,29.334511,6.244668,-3.034516,-0.000398,0.000000,0.000000,-25.916833,-24.851131,-78.227031,29.999957,6.827243,-3.199882,0.000035,0.000000,0.000000,-25.112167,-23.350654,-78.986397,29.258577,7.148494,-3.293614,0.075556,0.000000,0.000000,0.000000,-2.565898,1.127008,0.665447,2.880417,0.582574,-0.165367,0.000433,0.605590,nan,nan,nan,0,nan,nan,nan,0,nan,nan,nan,nan,nan,nan,nan,nan,nan,nan,nan,nan,nan,nan,nan,nan,nan,nan,nan,nan,nan,nan,nan,nan,nan,nan,nan,nan,nan,nan,nan,nan,nan,nan,nan,nan,nan,nan,nan,nan,nan,nan,nan,nan,nan,nan,nan,nan,nan,nan,nan,nan,nan,nan,nan,nan,nan,nan,nan,nan,nan,nan,nan,nan,nan,nan,nan,nan,nan,nan,nan,nan,nan,nan,nan,nan,nan,nan,nan,nan
32.700,DOCKING,2.851733,-2.534477,1.122177,0.670467,0.628435,-0.096614,0.100402,-21.972771,-79.504202,29.329492,6.249223,-3.003268,-0.100368,0.000000,0.000000,-25.668135,-24.507248,-78.382025,29.999959,6.877657,-3.099882,0.000034,0.000000,0.000000,-24.261936,-22.644196,-79.231572,29.260556,7.172216,-3.227423,0.025556,0.000000,0.000000,0.000000,-2.534477,1.122177,0.670467,2.851733,0.628435,-0.096614,0.100402,0.643696,nan,nan,nan,0,nan,nan,nan,0,nan,nan,nan,nan,nan,nan,nan,nan,nan,nan,nan,nan,nan,nan,nan,nan,nan,nan,nan,nan,nan,nan,nan,nan,nan,nan,nan,nan,nan,nan,nan,nan,nan,nan,nan,nan,nan,nan,nan,nan,nan,nan,nan,nan,nan,nan,nan,nan,nan,nan,nan,nan,nan,nan,nan,nan,nan,nan,nan,nan,nan,nan,nan,nan,nan,nan,nan,nan,nan,nan,nan,nan,nan,nan,nan,nan,nan,nan,nan,nan
32.740,DOCKING,2.851733,-2.534477,1.122177,0.670467,0.628435,-0.096614,0.100402,-21.654060,-79.648115,29.329686,6.374223,-2.878268,0.003874,0.000000,0.000000,-24.301467,-24.164722,-78.532214,29.999961,6.850512,-3.003787,0.000033,0.000000,0.000000,-23.676314,-22.644196,-79.231572,29.260556,7.213427,-3.127423,0.072810,0.000000,0.000000,0.000000,-2.510662,1.115901,0.670275,2.828061,0.476289,-0.125519,-0.003841,0.492566,nan,nan,nan,0,nan,nan,nan,0,nan,nan,nan,nan,nan,nan,nan,nan,nan,nan,nan,nan,nan,nan,nan,nan,nan,nan,nan,nan,nan,nan,nan,nan,nan,nan,nan,nan,nan,nan,nan,nan,nan,nan,nan,nan,nan,nan,nan,nan,nan,nan,nan,nan,nan,nan,nan,nan,nan,nan,nan,nan,nan,nan,nan,nan,nan,nan,nan,nan,nan,nan,nan,nan,nan,nan,nan,nan,nan,nan,nan,nan,nan,nan,nan,nan,nan,nan,nan,nan
32.800,DOCKING,2.804145,-2.487760,1.103866,0.675096,0.458032,-0.240696,0.096425,-21.335556,-79.785779,29.324866,6.370077,-2.753268,-0.096394,0.000000,0.000000,-23.374917,-23.823317,-78.681912,29.999962,6.828110,-2.993965,0.000031,0.000000,0.000000,-23.676314,-21.978086,-79.484638,29.262373,7.107413,-3.100930,0.022810,0.000000,0.000000,0.000000,-2.487760,1.103866,0.675096,2.804145,0.458032,-0.240696,0.096425,0.526333,nan,nan,nan,0,nan,nan,nan,0,nan,nan,nan,nan,nan,nan,nan,nan,nan,nan,nan,nan,nan,nan,nan,nan,nan,nan,nan,nan,nan,nan,nan,nan,nan,nan,nan,nan,nan,nan,nan,nan,nan,nan,nan,nan,nan,nan,nan,nan,nan,nan,nan,nan,nan,nan,nan,nan,nan,nan,nan,nan,nan,nan,nan,nan,nan,nan,nan,nan,nan,nan,nan,nan,nan,nan,nan,nan,nan,nan,nan,nan,nan,nan,nan,nan,nan,nan,nan,nan
32.840,DOCKING,2.804145,-2.487760,1.103866,0.675096,0.458032,-0.240696,0.096425,-21.019530,-79.924719,29.325380,6.320535,-2.778811,0.010283,0.000000,0.000000,-23.732596,-23.483043,-78.831114,29.999964,6.805477,-2.984040,0.000030,0.000000,0.000000,-23.676314,-21.978086,-79.484638,29.262373,7.091570,-3.140179,0.072777,0.000000,0.000000,0.000000,-2.463513,1.093605,0.674584,2.778477,0.484942,-0.205230,-0.010253,0.526681,nan,nan,nan,0,nan,nan,nan,0,nan,nan,nan,nan,nan,nan,nan,nan,nan,nan,nan,nan,nan,nan,nan,nan,nan,nan,nan,nan,nan,nan,nan,nan,nan,nan,nan,nan,nan,nan,nan,nan,nan,nan,nan,nan,nan,nan,nan,nan,nan,nan,nan,nan,nan,nan,nan,nan,nan,nan,nan,nan,nan,nan,nan,nan,nan,nan,nan,nan,nan,nan,nan,nan,nan,nan,nan,nan,nan,nan,nan,nan,nan,nan,nan,nan,nan,nan,nan,nan
32.900,DOCKING,2.755093,-2.441094,1.081856,0.679107,0.448383,-0.234967,0.090460,-20.702890,-80.061640,29.320859,6.332802,-2.738423,-0.090431,0.000000,0.000000,-23.384561,-23.143984,-78.979784,29.999965,6.781186,-2.973389,0.000029,0.000000,0.000000,-23.676314,-21.317800,-79.774913,29.263947,7.044856,-3.119124,0.022777,0.000000,0.000000,0.000000,-2.441094,1.081856,0.679107,2.755093,0.448383,-0.234967,0.090460,0.514237,nan,nan,nan,0,nan,nan,nan,0,nan,nan,nan,nan,nan,nan,nan,nan,nan,nan,nan,nan,nan,nan,nan,nan,nan,nan,nan,nan,nan,nan,nan,nan,nan,nan,nan,nan,nan,nan,nan,nan,nan,nan,nan,nan,nan,nan,nan,nan,nan,nan,nan,nan,nan,nan,nan,nan,nan,nan,nan,nan,nan,nan,nan,nan,nan,nan,nan,nan,nan,nan,nan,nan,nan,nan,nan,nan,nan,nan,nan,nan,nan,nan,nan,nan,nan,nan,nan,nan
32.940,DOCKING,2.755093,-2.441094,1.081856,0.679107,0.448383,-0.234967,0.090460,-20.387541,-80.200393,29.321497,6.306963,-2.775051,0.012765,0.000000,0.000000,-23.749399,-22.806031,-79.127968,29.999967,6.759057,-2.963686,0.000028,0.000000,0.000000,-23.676314,-21.317800,-79.774913,29.263947,7.044856,-3.119124,0.069677,0.000000,0.000000,0.000000,-2.418490,1.072425,0.678470,2.731210,0.452093,-0.188635,-0.012737,0.490035,nan,nan,nan,0,nan,nan,nan,0,nan,nan,nan,nan,nan,nan,nan,nan,nan,nan,nan,nan,nan,nan,nan,nan,nan,nan,nan,nan,nan,nan,nan,nan,nan,nan,nan,nan,nan,nan,nan,nan,nan,nan,nan,nan,nan,nan,nan,nan,nan,nan,nan,nan,nan,nan,nan,nan,nan,nan,nan,nan,nan,nan,nan,nan,nan,nan,nan,nan,nan,nan,nan,nan,nan,nan,nan,nan,nan,nan,nan,nan,nan,nan,nan,nan,nan,nan,nan,nan
33.000,DOCKING,2.709482,-2.397582,1.061403,0.682877,0.418160,-0.220437,0.088149,-20.071627,-80.337060,29.317091,6.318294,-2.733338,-0.088122,0.000000,0.000000,-23.393647,-22.469208,-79.275657,29.999968,6.736454,-2.953776,0.000027,0.000000,0.000000,-23.676314,-20.661164,-80.063503,29.265427,7.000293,-3.099127,0.019677,0.000000,0.000000,0.000000,-2.397582,1.061403,0.682877,2.709482,0.418160,-0.220437,0.088149,0.480854,nan,nan,nan,0,nan,nan,nan,0,nan,nan,nan,nan,nan,nan,nan,nan,nan,nan,nan,nan,nan,nan,nan,nan,nan,nan,nan,nan,nan,nan,nan,nan,nan,nan,nan,nan,nan,nan,nan,nan,nan,nan,nan,nan,nan,nan,nan,nan,nan,nan,nan,nan,nan,nan,nan,nan,nan,nan,nan,nan,nan,nan,nan,nan,nan,nan,nan,nan,nan,nan,nan,nan,nan,nan,nan,nan,nan,nan,nan,nan,nan,nan,nan,nan,nan,nan,nan,nan
33.040,DOCKING,2.709482,-2.397582,1.061403,0.682877,0.418160,-0.220437,0.088149,-19.756984,-80.475603,29.318047,6.292849,-2.770859,0.019119,0.000000,0.000000,-23.764792,-22.133414,-79.422895,29.999969,6.715892,-2.944760,0.000026,0.000000,0.000000,-23.676314,-20.661164,-80.063503,29.265427,7.000293,-3.099127,0.070784,0.000000,0.000000,0.000000,-2.376429,1.052708,0.681922,2.687123,0.423044,-0.173901,-0.019094,0.457790,nan,nan,nan,0,nan,nan,nan,0,nan,nan,nan,nan,nan,nan,nan,nan,nan,nan,nan,nan,nan,nan,nan,nan,nan,nan,nan,nan,nan,nan,nan,nan,nan,nan,nan,nan,nan,nan,nan,nan,nan,nan,nan,nan,nan,nan,nan,nan,nan,nan,nan,nan,nan,nan,nan,nan,nan,nan,nan,nan,nan,nan,nan,nan,nan,nan,nan,nan,nan,nan,nan,nan,nan,nan,nan,nan,nan,nan,nan,nan,nan,nan,nan,nan,nan,nan,nan,nan
33.100,DOCKING,2.666900,-2.356945,1.042364,0.686034,0.389683,-0.206871,0.082235,-19.441732,-80.612033,29.313936,6.305049,-2.728610,-0.082210,0.000000,0.000000,-23.401318,-21.798677,-79.569669,29.999971,6.694732,-2.935482,0.000025,0.000000,0.000000,-23.676314,-20.007541,-80.350697,29.266666,6.958702,-3.080535,0.020784,0.000000,0.000000,0.000000,-2.356945,1.042364,0.686034,2.666900,0.389683,-0.206871,0.082235,0.448789,nan,nan,nan,0,nan,nan,nan,0,nan,nan,nan,nan,nan,nan,nan,nan,nan,nan,nan,nan,nan,nan,nan,nan,nan,nan,nan,nan,nan,nan,nan,nan,nan,nan,nan,nan,nan,nan,nan,nan,nan,nan,nan,nan,nan,nan,nan,nan,nan,nan,nan,nan,nan,nan,nan,nan,nan,nan,nan,nan,nan,nan,nan,nan,nan,nan,nan,nan,nan,nan,nan,nan,nan,nan,nan,nan,nan,nan,nan,nan,nan,nan,nan,nan,nan,nan,nan,nan
33.140,DOCKING,2.666900,-2.356945,1.042364,0.686034,0.389683,-0.206871,0.082235,-19.127745,-80.750380,29.314916,6.279731,-2.766932,0.019591,0.000000,0.000000,-23.778919,-21.464897,-79.716024,29.999972,6.675594,-2.927090,0.000024,0.000000,0.000000,-23.676314,-20.007541,-80.350697,29.266666,6.958702,-3.080535,0.066862,0.000000,0.000000,0.000000,-2.337152,1.034356,0.685056,2.646030,0.395863,-0.160158,-0.019567,0.427483,nan,nan,nan,0,nan,nan,nan,0,nan,nan,nan,nan,nan,nan,nan,nan,nan,nan,nan,nan,nan,nan,nan,nan,nan,nan,nan,nan,nan,nan,nan,nan,nan,nan,nan,nan,nan,nan,nan,nan,nan,nan,nan,nan,nan,nan,nan,nan,nan,nan,nan,nan,nan,nan,nan,nan,nan,nan,nan,nan,nan,nan,nan,nan,nan,nan,nan,nan,nan,nan,nan,nan,nan,nan,nan,nan,nan,nan,nan,nan,nan,nan,nan,nan,nan,nan,nan,nan
33.200,DOCKING,2.627270,-2.318995,1.024640,0.689145,0.363137,-0.194327,0.081794,-18.813110,-80.886585,29.310827,6.292707,-2.724103,-0.081771,0.000000,0.000000,-23.407711,-21.132105,-79.861945,29.999973,6.655844,-2.918430,0.000023,0.000000,0.000000,-23.676314,-19.356719,-80.636596,29.267887,6.919910,-3.063263,0.016862,0.000000,0.000000,0.000000,-2.318995,1.024640,0.689145,2.627270,0.363137,-0.194327,0.081794,0.419907,nan,nan,nan,0,nan,nan,nan,0,nan,nan,nan,nan,nan,nan,nan,nan,nan,nan,nan,nan,nan,nan,nan,nan,nan,nan,nan,nan,nan,nan,nan,nan,nan,nan,nan,nan,nan,nan,nan,nan,nan,nan,nan,nan,nan,nan,nan,nan,nan,nan,nan,nan,nan,nan,nan,nan,nan,nan,nan,nan,nan,nan,nan,nan,nan,nan,nan,nan,nan,nan,nan,nan,nan,nan,nan,nan,nan,nan,nan,nan,nan,nan,nan,nan,nan,nan,nan,nan
33.240,DOCKING,2.627270,-2.318995,1.024640,0.689145,0.363137,-0.194327,0.081794,-18.499731,-81.024749,29.312159,6.267579,-2.763277,0.026624,0.000000,0.000000,-23.791925,-20.800201,-80.007477,29.999974,6.638090,-2.910645,0.000022,0.000000,0.000000,-23.676314,-19.356719,-80.636596,29.267887,6.919910,-3.063263,0.069564,0.000000,0.000000,0.000000,-2.300470,1.017271,0.687815,2.607698,0.370511,-0.147369,-0.026602,0.399629,nan,nan,nan,0,nan,nan,nan,0,nan,nan,nan,nan,nan,nan,nan,nan,nan,nan,nan,nan,nan,nan,nan,nan,nan,nan,nan,nan,nan,nan,nan,nan,nan,nan,nan,nan,nan,nan,nan,nan,nan,nan,nan,nan,nan,nan,nan,nan,nan,nan,nan,nan,nan,nan,nan,nan,nan,nan,nan,nan,nan,nan,nan,nan,nan,nan,nan,nan,nan,nan,nan,nan,nan,nan,nan,nan,nan,nan,nan,nan,nan,nan,nan,nan,nan,nan,nan,nan
33.300,DOCKING,2.590227,-2.283560,1.008140,0.691578,0.338183,-0.182638,0.075249,-18.185662,-81.160743,29.308397,6.281386,-2.719886,-0.075228,0.000000,0.000000,-23.412965,-20.469222,-80.152604,29.999975,6.619569,-2.902524,0.000021,0.000000,0.000000,-23.676314,-18.708519,-80.921286,29.268842,6.883701,-3.047207,0.019564,0.000000,0.000000,0.000000,-2.283560,1.008140,0.691578,2.590227,0.338183,-0.182638,0.075249,0.391646,nan,nan,nan,0,nan,nan,nan,0,nan,nan,nan,nan,nan,nan,nan,nan,nan,nan,nan,nan,nan,nan,nan,nan,nan,nan,nan,nan,nan,nan,nan,nan,nan,nan,nan,nan,nan,nan,nan,nan,nan,nan,nan,nan,nan,nan,nan,nan,nan,nan,nan,nan,nan,nan,nan,nan,nan,nan,nan,nan,nan,nan,nan,nan,nan,nan,nan,nan,nan,nan,nan,nan,nan,nan,nan,nan,nan,nan,nan,nan,nan,nan,nan,nan,nan,nan,nan,nan
33.340,DOCKING,2.590227,-2.283560,1.008140,0.691578,0.338183,-0.182638,0.075249,-17.872848,-81.298736,29.309625,6.256273,-2.759859,0.024566,0.000000,0.000000,-23.803937,-20.139070,-80.297367,29.999976,6.603034,-2.895274,0.000020,0.000000,0.000000,-23.676314,-18.708519,-80.921286,29.268842,6.883701,-3.047207,0.064121,0.000000,0.000000,0.000000,-2.266222,1.001369,0.690351,2.571981,0.346761,-0.135416,-0.024546,0.373073,nan,nan,nan,0,nan,nan,nan,0,nan,nan,nan,nan,nan,nan,nan,nan,nan,nan,nan,nan,nan,nan,nan,nan,nan,nan,nan,nan,nan,nan,nan,nan,nan,nan,nan,nan,nan,nan,nan,nan,nan,nan,nan,nan,nan,nan,nan,nan,nan,nan,nan,nan,nan,nan,nan,nan,nan,nan,nan,nan,nan,nan,nan,nan,nan,nan,nan,nan,nan,nan,nan,nan,nan,nan,nan,nan,nan,nan,nan,nan,nan,nan,nan,nan,nan,nan,nan,nan
33.400,DOCKING,2.555808,-2.250472,0.992775,0.694209,0.315000,-0.171866,0.077162,-17.559310,-81.434528,29.305768,6.270767,-2.715837,-0.077143,0.000000,0.000000,-23.417189,-19.809782,-80.441752,29.999977,6.585767,-2.887703,0.000019,0.000000,0.000000,-23.676314,-18.062753,-81.204857,29.269874,6.849939,-3.032296,0.014121,0.000000,0.000000,0.000000,-2.250472,0.992775,0.694209,2.555808,0.315000,-0.171866,0.077162,0.367038,nan,nan,nan,0,nan,nan,nan,0,nan,nan,nan,nan,nan,nan,nan,nan,nan,nan,nan,nan,nan,nan,nan,nan,nan,nan,nan,nan,nan,nan,nan,nan,nan,nan,nan,nan,nan,nan,nan,nan,nan,nan,nan,nan,nan,nan,nan,nan,nan,nan,nan,nan,nan,nan,nan,nan,nan,nan,nan,nan,nan,nan,nan,nan,nan,nan,nan,nan,nan,nan,nan,nan,nan,nan,nan,nan,nan,nan,nan,nan,nan,nan,nan,nan,nan,nan,nan,nan
33.440,DOCKING,2.555808,-2.250472,0.992775,0.694209,0.315000,-0.171866,0.077162,-17.247019,-81.572362,29.307433,6.245807,-2.756692,0.033301,0.000000,0.000000,-23.815069,-19.481259,-80.585802,29.999978,6.570462,-2.880992,0.000018,0.000000,0.000000,-23.676314,-18.062753,-81.204857,29.269874,6.849939,-3.032296,0.069195,0.000000,0.000000,0.000000,-2.234240,0.986560,0.692544,2.538650,0.324655,-0.124300,-0.033283,0.349226,nan,nan,nan,0,nan,nan,nan,0,nan,nan,nan,nan,nan,nan,nan,nan,nan,nan,nan,nan,nan,nan,nan,nan,nan,nan,nan,nan,nan,nan,nan,nan,nan,nan,nan,nan,nan,nan,nan,nan,nan,nan,nan,nan,nan,nan,nan,nan,nan,nan,nan,nan,nan,nan,nan,nan,nan,nan,nan,nan,nan,nan,nan,nan,nan,nan,nan,nan,nan,nan,nan,nan,nan,nan,nan,nan,nan,nan,nan,nan,nan,nan,nan,nan,nan,nan,nan,nan
33.500,DOCKING,2.523563,-2.219584,0.978471,0.695996,0.293116,-0.161789,0.069033,-16.933964,-81.707967,29.303983,6.261109,-2.712084,-0.069016,0.000000,0.000000,-23.420500,-19.153548,-80.729496,29.999979,6.554225,-2.873872,0.000018,0.000000,0.000000,-23.676314,-17.419272,-81.487379,29.270576,6.818410,-3.018433,0.019195,0.000000,0.000000,0.000000,-2.219584,0.978471,0.695996,2.523563,0.293116,-0.161789,0.069033,0.341845,nan,nan,nan,0,nan,nan,nan,0,nan,nan,nan,nan,nan,nan,nan,nan,nan,nan,nan,nan,nan,nan,nan,nan,nan,nan,nan,nan,nan,nan,nan,nan,nan,nan,nan,nan,nan,nan,nan,nan,nan,nan,nan,nan,nan,nan,nan,nan,nan,nan,nan,nan,nan,nan,nan,nan,nan,nan,nan,nan,nan,nan,nan,nan,nan,nan,nan,nan,nan,nan,nan,nan,nan,nan,nan,nan,nan,nan,nan,nan,nan,nan,nan,nan,nan,nan,nan,nan
33.540,DOCKING,2.523563,-2.219584,0.978471,0.695996,0.293116,-0.161789,0.069033,-16.622162,-81.845653,29.305370,6.236041,-2.753728,0.027747,0.000000,0.000000,-23.825426,-18.826550,-80.872876,29.999980,6.539946,-2.867612,0.000017,0.000000,0.000000,-23.676314,-17.419272,-81.487379,29.270576,6.818410,-3.018433,0.061153,0.000000,0.000000,0.000000,-2.204389,0.972777,0.694610,2.507610,0.303905,-0.113884,-0.027730,0.325725,nan,nan,nan,0,nan,nan,nan,0,nan,nan,nan,nan,nan,nan,nan,nan,nan,nan,nan,nan,nan,nan,nan,nan,nan,nan,nan,nan,nan,nan,nan,nan,nan,nan,nan,nan,nan,nan,nan,nan,nan,nan,nan,nan,nan,nan,nan,nan,nan,nan,nan,nan,nan,nan,nan,nan,nan,nan,nan,nan,nan,nan,nan,nan,nan,nan,nan,nan,nan,nan,nan,nan,nan,nan,nan,nan,nan,nan,nan,nan,nan,nan,nan,nan,nan,nan,nan,nan
33.600,DOCKING,2.493696,-2.190743,0.965149,0.698320,0.272911,-0.152560,0.074200,-16.309565,-81.981075,29.301661,6.251937,-2.708432,-0.074184,0.000000,0.000000,-23.422976,-18.500308,-81.015926,29.999980,6.524849,-2.860992,0.000016,0.000000,0.000000,-23.676314,-16.777904,-81.768934,29.271488,6.789027,-3.005570,0.011153,0.000000,0.000000,0.000000,-2.190743,0.965149,0.698320,2.493696,0.272911,-0.152560,0.074200,0.321342,nan,nan,nan,0,nan,nan,nan,0,nan,nan,nan,nan,nan,nan,nan,nan,nan,nan,nan,nan,nan,nan,nan,nan,nan,nan,nan,nan,nan,nan,nan,nan,nan,nan,nan,nan,nan,nan,nan,nan,nan,nan,nan,nan,nan,nan,nan,nan,nan,nan,nan,nan,nan,nan,nan,nan,nan,nan,nan,nan,nan,nan,nan,nan,nan,nan,nan,nan,nan,nan,nan,nan,nan,nan,nan,nan,nan,nan,nan,nan,nan,nan,nan,nan,nan,nan,nan,nan
33.640,DOCKING,2.493696,-2.190743,0.965149,0.698320,0.272911,-0.152560,0.074200,-15.998214,-82.118625,29.303646,6.227020,-2.751001,0.039701,0.000000,0.000000,-23.835098,-18.174724,-81.158687,29.999981,6.511681,-2.855218,0.000016,0.000000,0.000000,-23.676314,-16.777904,-81.768934,29.271488,6.789027,-3.005570,0.069874,0.000000,0.000000,0.000000,-2.176510,0.959938,0.696335,2.478620,0.284661,-0.104217,-0.039686,0.305725,nan,nan,nan,0,nan,nan,nan,0,nan,nan,nan,nan,nan,nan,nan,nan,nan,nan,nan,nan,nan,nan,nan,nan,nan,nan,nan,nan,nan,nan,nan,nan,nan,nan,nan,nan,nan,nan,nan,nan,nan,nan,nan,nan,nan,nan,nan,nan,nan,nan,nan,nan,nan,nan,nan,nan,nan,nan,nan,nan,nan,nan,nan,nan,nan,nan,nan,nan,nan,nan,nan,nan,nan,nan,nan,nan,nan,nan,nan,nan,nan,nan,nan,nan,nan,nan,nan,nan
33.700,DOCKING,2.465593,-2.163826,0.952745,0.699489,0.253683,-0.143859,0.063076,-15.686027,-82.253880,29.300493,6.243732,-2.705103,-0.063061,0.000000,0.000000,-23.424721,-17.849853,-81.301135,29.999982,6.497415,-2.848963,0.000015,0.000000,0.000000,-23.676314,-16.138531,-82.049577,29.271948,6.761565,-2.993603,0.019874,0.000000,0.000000,0.000000,-2.163826,0.952745,0.699489,2.465593,0.253683,-0.143859,0.063076,0.298378,nan,nan,nan,0,nan,nan,nan,0,nan,nan,nan,nan,nan,nan,nan,nan,nan,nan,nan,nan,nan,nan,nan,nan,nan,nan,nan,nan,nan,nan,nan,nan,nan,nan,nan,nan,nan,nan,nan,nan,nan,nan,nan,nan,nan,nan,nan,nan,nan,nan,nan,nan,nan,nan,nan,nan,nan,nan,nan,nan,nan,nan,nan,nan,nan,nan,nan,nan,nan,nan,nan,nan,nan,nan,nan,nan,nan,nan,nan,nan,nan,nan,nan,nan,nan,nan,nan,nan
33.740,DOCKING,2.465593,-2.163826,0.952745,0.699489,0.253683,-0.143859,0.063076,-15.375099,-82.391302,29.301942,6.218561,-2.748441,0.028994,0.000000,0.000000,-23.844168,-17.525599,-81.443313,29.999983,6.485086,-2.843557,0.000014,0.000000,0.000000,-23.676314,-16.138531,-82.049577,29.271948,6.761565,-2.993603,0.057539,0.000000,0.000000,0.000000,-2.150500,0.947989,0.698040,2.451651,0.266525,-0.095116,-0.028980,0.284469,nan,nan,nan,0,nan,nan,nan,0,nan,nan,nan,nan,nan,nan,nan,nan,nan,nan,nan,nan,nan,nan,nan,nan,nan,nan,nan,nan,nan,nan,nan,nan,nan,nan,nan,nan,nan,nan,nan,nan,nan,nan,nan,nan,nan,nan,nan,nan,nan,nan,nan,nan,nan,nan,nan,nan,nan,nan,nan,nan,nan,nan,nan,nan,nan,nan,nan,nan,nan,nan,nan,nan,nan,nan,nan,nan,nan,nan,nan,nan,nan,nan,nan,nan,nan,nan,nan,nan
33.800,DOCKING,2.439717,-2.138693,0.941190,0.701692,0.236134,-0.135986,0.073037,-15.063311,-82.526391,29.298291,6.235758,-2.701786,-0.073023,0.000000,0.000000,-23.425783,-17.202004,-81.585201,29.999983,6.471892,-2.837771,0.000014,0.000000,0.000000,-23.676314,-15.500987,-82.329386,29.272812,6.735997,-2.982517,0.007539,0.000000,0.000000,0.000000,-2.138693,0.941190,0.701692,2.439717,0.236134,-0.135986,0.073037,0.282109,nan,nan,nan,0,nan,nan,nan,0,nan,nan,nan,nan,nan,nan,nan,nan,nan,nan,nan,nan,nan,nan,nan,nan,nan,nan,nan,nan,nan,nan,nan,nan,nan,nan,nan,nan,nan,nan,nan,nan,nan,nan,nan,nan,nan,nan,nan,nan,nan,nan,nan,nan,nan,nan,nan,nan,nan,nan,nan,nan,nan,nan,nan,nan,nan,nan,nan,nan,nan,nan,nan,nan,nan,nan,nan,nan,nan,nan,nan,nan,nan,nan,nan,nan,nan,nan,nan,nan
33.840,DOCKING,2.439717,-2.138693,0.941190,0.701692,0.236134,-0.135986,0.073037,-14.752772,-82.663697,29.300616,6.210786,-2.746111,0.046500,0.000000,0.000000,-23.852708,-16.878974,-81.726842,29.999984,6.460598,-2.832819,0.000013,0.000000,0.000000,-23.676314,-15.500987,-82.329386,29.272812,6.735997,-2.982517,0.071979,0.000000,0.000000,0.000000,-2.126202,0.936854,0.699368,2.426427,0.249812,-0.086709,-0.046487,0.268487,nan,nan,nan,0,nan,nan,nan,0,nan,nan,nan,nan,nan,nan,nan,nan,nan,nan,nan,nan,nan,nan,nan,nan,nan,nan,nan,nan,nan,nan,nan,nan,nan,nan,nan,nan,nan,nan,nan,nan,nan,nan,nan,nan,nan,nan,nan,nan,nan,nan,nan,nan,nan,nan,nan,nan,nan,nan,nan,nan,nan,nan,nan,nan,nan,nan,nan,nan,nan,nan,nan,nan,nan,nan,nan,nan,nan,nan,nan,nan,nan,nan,nan,nan,nan,nan,nan,nan
33.900,DOCKING,2.415171,-2.115244,0.930432,0.702205,0.219173,-0.128451,0.056748,-14.441330,-82.798639,29.297780,6.228848,-2.698854,-0.056736,0.000000,0.000000,-23.426263,-16.556573,-81.868207,29.999985,6.448021,-2.827305,0.000013,0.000000,0.000000,-23.676314,-14.865190,-82.608401,29.273014,6.712064,-2.972191,0.021979,0.000000,0.000000,0.000000,-2.115244,0.930432,0.702205,2.415171,0.219173,-0.128451,0.056748,0.260301,nan,nan,nan,0,nan,nan,nan,0,nan,nan,nan,nan,nan,nan,nan,nan,nan,nan,nan,nan,nan,nan,nan,nan,nan,nan,nan,nan,nan,nan,nan,nan,nan,nan,nan,nan,nan,nan,nan,nan,nan,nan,nan,nan,nan,nan,nan,nan,nan,nan,nan,nan,nan,nan,nan,nan,nan,nan,nan,nan,nan,nan,nan,nan,nan,nan,nan,nan,nan,nan,nan,nan,nan,nan,nan,nan,nan,nan,nan,nan,nan,nan,nan,nan,nan,nan,nan,nan
33.940,DOCKING,2.415171,-2.115244,0.930432,0.702205,0.219173,-0.128451,0.056748,-14.131158,-82.935835,29.299175,6.203432,-2.743905,0.027903,0.000000,0.000000,-23.860787,-16.234705,-82.009339,29.999985,6.437369,-2.822634,0.000012,0.000000,0.000000,-23.676314,-14.865190,-82.608401,29.273014,6.712064,-2.972191,0.052668,0.000000,0.000000,0.000000,-2.103547,0.926495,0.700811,2.403006,0.233937,-0.078729,-0.027891,0.248400,nan,nan,nan,0,nan,nan,nan,0,nan,nan,nan,nan,nan,nan,nan,nan,nan,nan,nan,nan,nan,nan,nan,nan,nan,nan,nan,nan,nan,nan,nan,nan,nan,nan,nan,nan,nan,nan,nan,nan,nan,nan,nan,nan,nan,nan,nan,nan,nan,nan,nan,nan,nan,nan,nan,nan,nan,nan,nan,nan,nan,nan,nan,nan,nan,nan,nan,nan,nan,nan,nan,nan,nan,nan,nan,nan,nan,nan,nan,nan,nan,nan,nan,nan,nan,nan,nan,nan
34.000,DOCKING,2.392819,-2.093346,0.920406,0.704513,0.204022,-0.121783,0.074050,-13.820066,-83.070625,29.295473,6.221835,-2.695803,-0.074039,0.000000,0.000000,-23.426174,-15.913412,-82.150218,29.999986,6.425857,-2.817586,0.000012,0.000000,0.000000,-23.676314,-14.237987,-82.883621,29.276620,6.689822,-2.962648,0.002668,0.000000,0.000000,0.000000,-2.093346,0.920406,0.704513,2.392819,0.204022,-0.121783,0.074050,0.248876,nan,nan,nan,0,nan,nan,nan,0,nan,nan,nan,nan,nan,nan,nan,nan,nan,nan,nan,nan,nan,nan,nan,nan,nan,nan,nan,nan,nan,nan,nan,nan,nan,nan,nan,nan,nan,nan,nan,nan,nan,nan,nan,nan,nan,nan,nan,nan,nan,nan,nan,nan,nan,nan,nan,nan,nan,nan,nan,nan,nan,nan,nan,nan,nan,nan,nan,nan,nan,nan,nan,nan,nan,nan,nan,nan,nan,nan,nan,nan,nan,nan,nan,nan,nan,nan,nan,nan
34.040,DOCKING,2.392819,-2.093346,0.920406,0.704513,0.204022,-0.121783,0.074050,-13.510650,-83.207537,29.298021,6.188318,-2.738244,0.050961,0.000000,0.000000,-23.868719,-15.592601,-82.290886,29.999986,6.416216,-2.813359,0.000011,0.000000,0.000000,-23.676314,-14.237987,-82.883621,29.276620,6.689822,-2.962648,0.078145,0.000000,0.000000,0.000000,-2.081951,0.916651,0.701966,2.380656,0.227898,-0.075115,-0.050950,0.245307,nan,nan,nan,0,nan,nan,nan,0,nan,nan,nan,nan,nan,nan,nan,nan,nan,nan,nan,nan,nan,nan,nan,nan,nan,nan,nan,nan,nan,nan,nan,nan,nan,nan,nan,nan,nan,nan,nan,nan,nan,nan,nan,nan,nan,nan,nan,nan,nan,nan,nan,nan,nan,nan,nan,nan,nan,nan,nan,nan,nan,nan,nan,nan,nan,nan,nan,nan,nan,nan,nan,nan,nan,nan,nan,nan,nan,nan,nan,nan,nan,nan,nan,nan,nan,nan,nan,nan
34.100,DOCKING,2.369735,-2.071505,0.910452,0.703979,0.208911,-0.123967,0.040271,-13.200861,-83.341754,29.296008,6.195794,-2.684345,-0.040261,0.000000,0.000000,-23.424803,-15.272366,-82.431302,29.999987,6.404706,-2.808312,0.000011,0.000000,0.000000,-23.676314,-13.625353,-83.152431,29.284113,6.668581,-2.953581,0.028145,0.000000,0.000000,0.000000,-2.071505,0.910452,0.703979,2.369735,0.208911,-0.123967,0.040271,0.246239,nan,nan,nan,0,nan,nan,nan,0,nan,nan,nan,nan,nan,nan,nan,nan,nan,nan,nan,nan,nan,nan,nan,nan,nan,nan,nan,nan,nan,nan,nan,nan,nan,nan,nan,nan,nan,nan,nan,nan,nan,nan,nan,nan,nan,nan,nan,nan,nan,nan,nan,nan,nan,nan,nan,nan,nan,nan,nan,nan,nan,nan,nan,nan,nan,nan,nan,nan,nan,nan,nan,nan,nan,nan,nan,nan,nan,nan,nan,nan,nan,nan,nan,nan,nan,nan,nan,nan
34.140,DOCKING,2.369735,-2.071505,0.910452,0.703979,0.208911,-0.123967,0.040271,-12.892901,-83.478074,29.297516,6.159191,-2.726393,0.030165,0.000000,0.000000,-23.876789,-14.952647,-82.571491,29.999988,6.394370,-2.803780,0.000010,0.000000,0.000000,-23.676314,-13.625353,-83.152431,29.284113,6.668581,-2.953581,0.042060,0.000000,0.000000,0.000000,-2.059746,0.906583,0.702471,2.357523,0.235180,-0.077387,-0.030155,0.249415,nan,nan,nan,0,nan,nan,nan,0,nan,nan,nan,nan,nan,nan,nan,nan,nan,nan,nan,nan,nan,nan,nan,nan,nan,nan,nan,nan,nan,nan,nan,nan,nan,nan,nan,nan,nan,nan,nan,nan,nan,nan,nan,nan,nan,nan,nan,nan,nan,nan,nan,nan,nan,nan,nan,nan,nan,nan,nan,nan,nan,nan,nan,nan,nan,nan,nan,nan,nan,nan,nan,nan,nan,nan,nan,nan,nan,nan,nan,nan,nan,nan,nan,nan,nan,nan,nan,nan
34.200,DOCKING,2.346410,-2.048926,0.900215,0.705091,0.216404,-0.127353,0.052392,-12.584581,-83.611642,29.294897,6.166409,-2.671360,-0.052382,0.000000,0.000000,-23.422817,-14.633507,-82.711427,29.999988,6.382813,-2.798713,0.000010,0.000000,0.000000,-23.676314,-13.015323,-83.420079,29.292383,6.646585,-2.944217,0.007570,0.000000,0.000000,0.000000,-2.048926,0.900215,0.705091,2.346410,0.216404,-0.127353,0.052392,0.256504,nan,nan,nan,0,nan,nan,nan,0,nan,nan,nan,nan,nan,nan,nan,nan,nan,nan,nan,nan,nan,nan,nan,nan,nan,nan,nan,nan,nan,nan,nan,nan,nan,nan,nan,nan,nan,nan,nan,nan,nan,nan,nan,nan,nan,nan,nan,nan,nan,nan,nan,nan,nan,nan,nan,nan,nan,nan,nan,nan,nan,nan,nan,nan,nan,nan,nan,nan,nan,nan,nan,nan,nan,nan,nan,nan,nan,nan,nan,nan,nan,nan,nan,nan,nan,nan,nan,nan
34.240,DOCKING,2.346410,-2.048926,0.900215,0.705091,0.216404,-0.127353,0.052392,-12.278096,-83.747359,29.297958,6.129694,-2.714341,0.061222,0.000000,0.000000,-23.884640,-14.314892,-82.851132,29.999988,6.372296,-2.794101,0.000010,0.000000,0.000000,-23.676314,-13.015323,-83.420079,29.292383,6.646585,-2.944217,0.063736,0.000000,0.000000,0.000000,-2.036796,0.896227,0.702030,2.333368,0.242602,-0.079760,-0.061212,0.262611,nan,nan,nan,0,nan,nan,nan,0,nan,nan,nan,nan,nan,nan,nan,nan,nan,nan,nan,nan,nan,nan,nan,nan,nan,nan,nan,nan,nan,nan,nan,nan,nan,nan,nan,nan,nan,nan,nan,nan,nan,nan,nan,nan,nan,nan,nan,nan,nan,nan,nan,nan,nan,nan,nan,nan,nan,nan,nan,nan,nan,nan,nan,nan,nan,nan,nan,nan,nan,nan,nan,nan,nan,nan,nan,nan,nan,nan,nan,nan,nan,nan,nan,nan,nan,nan,nan,nan
34.300,DOCKING,2.321717,-2.025641,0.889705,0.703969,0.223098,-0.130442,0.038772,-11.971253,-83.880271,29.296020,6.136856,-2.658247,-0.038763,0.000000,0.000000,-23.420383,-13.996894,-82.990566,29.999989,6.359954,-2.788690,0.000009,0.000000,0.000000,-23.676314,-12.408713,-83.686210,29.300175,6.623612,-2.934455,0.013736,0.000000,0.000000,0.000000,-2.025641,0.889705,0.703969,2.321717,0.223098,-0.130442,0.038772,0.261326,nan,nan,nan,0,nan,nan,nan,0,nan,nan,nan,nan,nan,nan,nan,nan,nan,nan,nan,nan,nan,nan,nan,nan,nan,nan,nan,nan,nan,nan,nan,nan,nan,nan,nan,nan,nan,nan,nan,nan,nan,nan,nan,nan,nan,nan,nan,nan,nan,nan,nan,nan,nan,nan,nan,nan,nan,nan,nan,nan,nan,nan,nan,nan,nan,nan,nan,nan,nan,nan,nan,nan,nan,nan,nan,nan,nan,nan,nan,nan,nan,nan,nan,nan,nan,nan,nan,nan
34.340,DOCKING,2.321717,-2.025641,0.889705,0.703969,0.223098,-0.130442,0.038772,-11.666320,-84.015350,29.298828,6.098661,-2.701581,0.056164,0.000000,0.000000,-23.892355,-13.679448,-83.129759,29.999989,6.348928,-2.783855,0.000009,0.000000,0.000000,-23.676314,-12.408713,-83.686210,29.300175,6.623612,-2.934455,0.052009,0.000000,0.000000,0.000000,-2.013128,0.885591,0.701161,2.308372,0.250267,-0.082274,-0.056155,0.269362,nan,nan,nan,0,nan,nan,nan,0,nan,nan,nan,nan,nan,nan,nan,nan,nan,nan,nan,nan,nan,nan,nan,nan,nan,nan,nan,nan,nan,nan,nan,nan,nan,nan,nan,nan,nan,nan,nan,nan,nan,nan,nan,nan,nan,nan,nan,nan,nan,nan,nan,nan,nan,nan,nan,nan,nan,nan,nan,nan,nan,nan,nan,nan,nan,nan,nan,nan,nan,nan,nan,nan,nan,nan,nan,nan,nan,nan,nan,nan,nan,nan,nan,nan,nan,nan,nan,nan
34.400,DOCKING,2.296415,-2.001598,0.878895,0.703330,0.230593,-0.133931,0.043367,-11.361035,-84.147570,29.296660,6.105707,-2.644386,-0.043359,0.000000,0.000000,-23.417470,-13.362633,-83.268675,29.999990,6.336299,-2.778317,0.000008,0.000000,0.000000,-23.676314,-11.805082,-83.951018,29.308377,6.599832,-2.924368,0.002009,0.000000,0.000000,0.000000,-2.001598,0.878895,0.703330,2.296415,0.230593,-0.133931,0.043367,0.270169,nan,nan,nan,0,nan,nan,nan,0,nan,nan,nan,nan,nan,nan,nan,nan,nan,nan,nan,nan,nan,nan,nan,nan,nan,nan,nan,nan,nan,nan,nan,nan,nan,nan,nan,nan,nan,nan,nan,nan,nan,nan,nan,nan,nan,nan,nan,nan,nan,nan,nan,nan,nan,nan,nan,nan,nan,nan,nan,nan,nan,nan,nan,nan,nan,nan,nan,nan,nan,nan,nan,nan,nan,nan,nan,nan,nan,nan,nan,nan,nan,nan,nan,nan,nan,nan,nan,nan
34.440,DOCKING,2.296415,-2.001598,0.878895,0.703330,0.230593,-0.133931,0.043367,-11.057686,-84.281995,29.300404,6.066975,-2.688506,0.074866,0.000000,0.000000,-23.899945,-13.046384,-83.407342,29.999990,6.324984,-2.773356,0.000008,0.000000,0.000000,-23.676314,-11.805082,-83.951018,29.308377,6.599832,-2.924368,0.063150,0.000000,0.000000,0.000000,-1.988698,0.874652,0.699587,2.282401,0.258009,-0.084849,-0.074858,0.281730,nan,nan,nan,0,nan,nan,nan,0,nan,nan,nan,nan,nan,nan,nan,nan,nan,nan,nan,nan,nan,nan,nan,nan,nan,nan,nan,nan,nan,nan,nan,nan,nan,nan,nan,nan,nan,nan,nan,nan,nan,nan,nan,nan,nan,nan,nan,nan,nan,nan,nan,nan,nan,nan,nan,nan,nan,nan,nan,nan,nan,nan,nan,nan,nan,nan,nan,nan,nan,nan,nan,nan,nan,nan,nan,nan,nan,nan,nan,nan,nan,nan,nan,nan,nan,nan,nan,nan
34.500,DOCKING,2.269815,-1.976811,0.867787,0.700875,0.237740,-0.137313,0.025768,-10.753987,-84.413506,29.299115,6.073982,-2.630228,-0.025760,0.000000,0.000000,-23.414150,-12.730798,-83.545720,29.999991,6.311722,-2.767541,0.000008,0.000000,0.000000,-23.676314,-11.204948,-84.214280,29.316253,6.575119,-2.913899,0.013150,0.000000,0.000000,0.000000,-1.976811,0.867787,0.700875,2.269815,0.237740,-0.137313,0.025768,0.275752,nan,nan,nan,0,nan,nan,nan,0,nan,nan,nan,nan,nan,nan,nan,nan,nan,nan,nan,nan,nan,nan,nan,nan,nan,nan,nan,nan,nan,nan,nan,nan,nan,nan,nan,nan,nan,nan,nan,nan,nan,nan,nan,nan,nan,nan,nan,nan,nan,nan,nan,nan,nan,nan,nan,nan,nan,nan,nan,nan,nan,nan,nan,nan,nan,nan,nan,nan,nan,nan,nan,nan,nan,nan,nan,nan,nan,nan,nan,nan,nan,nan,nan,nan,nan,nan,nan,nan
34.540,DOCKING,2.269815,-1.976811,0.867787,0.700875,0.237740,-0.137313,0.025768,-10.452289,-84.547248,29.302254,6.033966,-2.674827,0.062771,0.000000,0.000000,-23.907470,-12.415807,-83.683835,29.999991,6.299810,-2.762318,0.000008,0.000000,0.000000,-23.676314,-11.204948,-84.214280,29.316253,6.575119,-2.913899,0.045634,0.000000,0.000000,0.000000,-1.963518,0.863412,0.697737,2.255598,0.265844,-0.087491,-0.062764,0.286822,nan,nan,nan,0,nan,nan,nan,0,nan,nan,nan,nan,nan,nan,nan,nan,nan,nan,nan,nan,nan,nan,nan,nan,nan,nan,nan,nan,nan,nan,nan,nan,nan,nan,nan,nan,nan,nan,nan,nan,nan,nan,nan,nan,nan,nan,nan,nan,nan,nan,nan,nan,nan,nan,nan,nan,nan,nan,nan,nan,nan,nan,nan,nan,nan,nan,nan,nan,nan,nan,nan,nan,nan,nan,nan,nan,nan,nan,nan,nan,nan,nan,nan,nan,nan,nan,nan,nan
34.600,DOCKING,2.242794,-1.951243,0.856362,0.699584,0.245500,-0.141004,0.036934,-10.150246,-84.678018,29.300408,6.040856,-2.615415,-0.036927,0.000000,0.000000,-23.410407,-12.101489,-83.821656,29.999991,6.286356,-2.756418,0.000007,0.000000,0.000000,-23.676314,-10.612534,-84.474144,29.324750,6.549609,-2.903105,-0.004366,0.000000,0.000000,0.000000,-1.951243,0.856362,0.699584,2.242794,0.245500,-0.141004,0.036934,0.285511,nan,nan,nan,0,nan,nan,nan,0,nan,nan,nan,nan,nan,nan,nan,nan,nan,nan,nan,nan,nan,nan,nan,nan,nan,nan,nan,nan,nan,nan,nan,nan,nan,nan,nan,nan,nan,nan,nan,nan,nan,nan,nan,nan,nan,nan,nan,nan,nan,nan,nan,nan,nan,nan,nan,nan,nan,nan,nan,nan,nan,nan,nan,nan,nan,nan,nan,nan,nan,nan,nan,nan,nan,nan,nan,nan,nan,nan,nan,nan,nan,nan,nan,nan,nan,nan,nan,nan
34.640,DOCKING,2.242794,-1.951243,0.856362,0.699584,0.245500,-0.141004,0.036934,-9.850503,-84.810941,29.304811,5.994864,-2.658456,0.088073,0.000000,0.000000,-23.915164,-11.787777,-83.959212,29.999992,6.274239,-2.751105,0.000007,0.000000,0.000000,-23.676314,-10.612534,-84.474144,29.324750,6.549609,-2.903105,0.064534,0.000000,0.000000,0.000000,-1.937275,0.851730,0.695180,2.227499,0.279375,-0.092649,-0.088066,0.307229,nan,nan,nan,0,nan,nan,nan,0,nan,nan,nan,nan,nan,nan,nan,nan,nan,nan,nan,nan,nan,nan,nan,nan,nan,nan,nan,nan,nan,nan,nan,nan,nan,nan,nan,nan,nan,nan,nan,nan,nan,nan,nan,nan,nan,nan,nan,nan,nan,nan,nan,nan,nan,nan,nan,nan,nan,nan,nan,nan,nan,nan,nan,nan,nan,nan,nan,nan,nan,nan,nan,nan,nan,nan,nan,nan,nan,nan,nan,nan,nan,nan,nan,nan,nan,nan,nan,nan
34.700,DOCKING,2.213287,-1.924003,0.844227,0.695794,0.265424,-0.150060,0.012282,-9.550786,-84.940676,29.304198,5.994340,-2.594698,-0.012276,0.000000,0.000000,-23.405763,-11.474789,-84.096450,29.999992,6.259764,-2.744759,0.000007,0.000000,0.000000,-23.676314,-10.032182,-84.728709,29.332998,6.522867,-2.891789,0.014534,0.000000,0.000000,0.000000,-1.924003,0.844227,0.695794,2.213287,0.265424,-0.150060,0.012282,0.305154,nan,nan,nan,0,nan,nan,nan,0,nan,nan,nan,nan,nan,nan,nan,nan,nan,nan,nan,nan,nan,nan,nan,nan,nan,nan,nan,nan,nan,nan,nan,nan,nan,nan,nan,nan,nan,nan,nan,nan,nan,nan,nan,nan,nan,nan,nan,nan,nan,nan,nan,nan,nan,nan,nan,nan,nan,nan,nan,nan,nan,nan,nan,nan,nan,nan,nan,nan,nan,nan,nan,nan,nan,nan,nan,nan,nan,nan,nan,nan,nan,nan,nan,nan,nan,nan,nan,nan
34.740,DOCKING,2.213287,-1.924003,0.844227,0.695794,0.265424,-0.150060,0.012282,-9.253526,-85.072548,29.307525,5.945191,-2.637429,0.066539,0.000000,0.000000,-23.923217,-11.162473,-84.233393,29.999992,6.246314,-2.738861,0.000006,0.000000,0.000000,-23.676314,-10.032182,-84.728709,29.332998,6.522867,-2.891789,0.037739,0.000000,0.000000,0.000000,-1.908947,0.839155,0.692468,2.197219,0.301123,-0.101432,-0.066532,0.324639,nan,nan,nan,0,nan,nan,nan,0,nan,nan,nan,nan,nan,nan,nan,nan,nan,nan,nan,nan,nan,nan,nan,nan,nan,nan,nan,nan,nan,nan,nan,nan,nan,nan,nan,nan,nan,nan,nan,nan,nan,nan,nan,nan,nan,nan,nan,nan,nan,nan,nan,nan,nan,nan,nan,nan,nan,nan,nan,nan,nan,nan,nan,nan,nan,nan,nan,nan,nan,nan,nan,nan,nan,nan,nan,nan,nan,nan,nan,nan,nan,nan,nan,nan,nan,nan,nan,nan
34.800,DOCKING,2.182137,-1.894575,0.831152,0.693900,0.287449,-0.160067,0.028636,-8.956343,-85.201154,29.306093,5.943660,-2.572127,-0.028630,0.000000,0.000000,-23.400615,-10.850918,-84.370002,29.999993,6.231109,-2.732194,0.000006,0.000000,0.000000,-23.676314,-9.456791,-84.981089,29.342572,6.494055,-2.879581,-0.008061,0.000000,0.000000,0.000000,-1.894575,0.831152,0.693900,2.182137,0.287449,-0.160067,0.028636,0.330255,nan,nan,nan,0,nan,nan,nan,0,nan,nan,nan,nan,nan,nan,nan,nan,nan,nan,nan,nan,nan,nan,nan,nan,nan,nan,nan,nan,nan,nan,nan,nan,nan,nan,nan,nan,nan,nan,nan,nan,nan,nan,nan,nan,nan,nan,nan,nan,nan,nan,nan,nan,nan,nan,nan,nan,nan,nan,nan,nan,nan,nan,nan,nan,nan,nan,nan,nan,nan,nan,nan,nan,nan,nan,nan,nan,nan,nan,nan,nan,nan,nan,nan,nan,nan,nan,nan,nan
34.840,DOCKING,2.182137,-1.894575,0.831152,0.693900,0.287449,-0.160067,0.028636,-8.661667,-85.331929,29.310912,5.893517,-2.615503,0.096370,0.000000,0.000000,-23.931327,-10.540076,-84.506299,29.999993,6.216836,-2.725936,0.000006,0.000000,0.000000,-23.676314,-9.456791,-84.981089,29.342572,6.494055,-2.879581,0.063401,0.000000,0.000000,0.000000,-1.878409,0.825630,0.689081,2.164467,0.323319,-0.110432,-0.096364,0.354988,nan,nan,nan,0,nan,nan,nan,0,nan,nan,nan,nan,nan,nan,nan,nan,nan,nan,nan,nan,nan,nan,nan,nan,nan,nan,nan,nan,nan,nan,nan,nan,nan,nan,nan,nan,nan,nan,nan,nan,nan,nan,nan,nan,nan,nan,nan,nan,nan,nan,nan,nan,nan,nan,nan,nan,nan,nan,nan,nan,nan,nan,nan,nan,nan,nan,nan,nan,nan,nan,nan,nan,nan,nan,nan,nan,nan,nan,nan,nan,nan,nan,nan,nan,nan,nan,nan,nan
34.900,DOCKING,2.147836,-1.862951,0.817132,0.689135,0.309152,-0.169958,0.001080,-8.367119,-85.459361,29.310858,5.890962,-2.548645,-0.001074,0.000000,0.000000,-23.395069,-10.230070,-84.642229,29.999993,6.200114,-2.718603,0.000006,0.000000,0.000000,-23.676314,-8.887777,-85.230663,29.351981,6.462898,-2.866360,0.013401,0.000000,0.000000,0.000000,-1.862951,0.817132,0.689135,2.147836,0.309152,-0.169958,0.001080,0.352792,nan,nan,nan,0,nan,nan,nan,0,nan,nan,nan,nan,nan,nan,nan,nan,nan,nan,nan,nan,nan,nan,nan,nan,nan,nan,nan,nan,nan,nan,nan,nan,nan,nan,nan,nan,nan,nan,nan,nan,nan,nan,nan,nan,nan,nan,nan,nan,nan,nan,nan,nan,nan,nan,nan,nan,nan,nan,nan,nan,nan,nan,nan,nan,nan,nan,nan,nan,nan,nan,nan,nan,nan,nan,nan,nan,nan,nan,nan,nan,nan,nan,nan,nan,nan,nan,nan,nan
34.940,DOCKING,2.147836,-1.862951,0.817132,0.689135,0.309152,-0.169958,0.001080,-8.075214,-85.588957,29.314573,5.838109,-2.591923,0.074306,0.000000,0.000000,-23.939600,-9.920852,-84.777814,29.999993,6.184375,-2.711702,0.000005,0.000000,0.000000,-23.676314,-8.887777,-85.230663,29.351981,6.462898,-2.866360,0.033183,0.000000,0.000000,0.000000,-1.845638,0.811143,0.685420,2.129351,0.346266,-0.119779,-0.074300,0.373855,nan,nan,nan,0,nan,nan,nan,0,nan,nan,nan,nan,nan,nan,nan,nan,nan,nan,nan,nan,nan,nan,nan,nan,nan,nan,nan,nan,nan,nan,nan,nan,nan,nan,nan,nan,nan,nan,nan,nan,nan,nan,nan,nan,nan,nan,nan,nan,nan,nan,nan,nan,nan,nan,nan,nan,nan,nan,nan,nan,nan,nan,nan,nan,nan,nan,nan,nan,nan,nan,nan,nan,nan,nan,nan,nan,nan,nan,nan,nan,nan,nan,nan,nan,nan,nan,nan,nan
35.000,DOCKING,2.111788,-1.829024,0.802118,0.686239,0.332275,-0.180495,0.016379,-7.783483,-85.715134,29.313754,5.834606,-2.523536,-0.016374,0.000000,0.000000,-23.389053,-9.612508,-84.913016,29.999994,6.166881,-2.704031,0.000005,0.000000,0.000000,-23.676314,-8.323966,-85.477947,29.362727,6.429498,-2.852169,-0.008371,0.000000,0.000000,0.000000,-1.829024,0.802118,0.686239,2.111788,0.332275,-0.180495,0.016379,0.378488,nan,nan,nan,0,nan,nan,nan,0,nan,nan,nan,nan,nan,nan,nan,nan,nan,nan,nan,nan,nan,nan,nan,nan,nan,nan,nan,nan,nan,nan,nan,nan,nan,nan,nan,nan,nan,nan,nan,nan,nan,nan,nan,nan,nan,nan,nan,nan,nan,nan,nan,nan,nan,nan,nan,nan,nan,nan,nan,nan,nan,nan,nan,nan,nan,nan,nan,nan,nan,nan,nan,nan,nan,nan,nan,nan,nan,nan,nan,nan,nan,nan,nan,nan,nan,nan,nan,nan
35.041,DOCKING,2.111788,-1.829024,0.802118,0.686239,0.332275,-0.180495,0.016379,-7.494438,-85.843511,29.319091,5.780919,-2.567545,0.106738,0.000000,0.000000,-23.947981,-9.304995,-85.047853,29.999994,6.150260,-2.696744,0.000005,0.000000,0.000000,-23.676314,-8.323966,-85.477947,29.362727,6.429498,-2.852169,0.057765,0.000000,0.000000,0.000000,-1.810557,0.795658,0.680903,2.091607,0.369341,-0.129199,-0.106733,0.405583,nan,nan,nan,0,nan,nan,nan,0,nan,nan,nan,nan,nan,nan,nan,nan,nan,nan,nan,nan,nan,nan,nan,nan,nan,nan,nan,nan,nan,nan,nan,nan,nan,nan,nan,nan,nan,nan,nan,nan,nan,nan,nan,nan,nan,nan,nan,nan,nan,nan,nan,nan,nan,nan,nan,nan,nan,nan,nan,nan,nan,nan,nan,nan,nan,nan,nan,nan,nan,nan,nan,nan,nan,nan,nan,nan,nan,nan,nan,nan,nan,nan,nan,nan,nan,nan,nan,nan
35.100,DOCKING,2.072545,-1.792826,0.786123,0.680609,0.354618,-0.190710,-0.005873,-7.205610,-85.968394,29.319385,5.776544,-2.497659,0.005878,0.000000,0.000000,-23.382667,-8.998437,-85.182272,29.999994,6.131162,-2.688369,0.000005,0.000000,0.000000,-23.676314,-7.766614,-85.722392,29.373384,6.393608,-2.836897,0.007765,0.000000,0.000000,0.000000,-1.792826,0.786123,0.680609,2.072545,0.354618,-0.190710,-0.005873,0.402689,nan,nan,nan,0,nan,nan,nan,0,nan,nan,nan,nan,nan,nan,nan,nan,nan,nan,nan,nan,nan,nan,nan,nan,nan,nan,nan,nan,nan,nan,nan,nan,nan,nan,nan,nan,nan,nan,nan,nan,nan,nan,nan,nan,nan,nan,nan,nan,nan,nan,nan,nan,nan,nan,nan,nan,nan,nan,nan,nan,nan,nan,nan,nan,nan,nan,nan,nan,nan,nan,nan,nan,nan,nan,nan,nan,nan,nan,nan,nan,nan,nan,nan,nan,nan,nan,nan,nan
35.140,DOCKING,2.072545,-1.792826,0.786123,0.680609,0.354618,-0.190710,-0.005873,-6.919590,-86.095479,29.323801,5.720404,-2.541694,0.088315,0.000000,0.000000,-23.956567,-8.692780,-85.316295,29.999994,6.113123,-2.680460,0.000005,0.000000,0.000000,-23.676314,-7.766614,-85.722392,29.373384,6.393608,-2.836897,0.034317,0.000000,0.000000,0.000000,-1.773190,0.779185,0.676193,2.051480,0.392719,-0.138766,-0.088311,0.425773,nan,nan,nan,0,nan,nan,nan,0,nan,nan,nan,nan,nan,nan,nan,nan,nan,nan,nan,nan,nan,nan,nan,nan,nan,nan,nan,nan,nan,nan,nan,nan,nan,nan,nan,nan,nan,nan,nan,nan,nan,nan,nan,nan,nan,nan,nan,nan,nan,nan,nan,nan,nan,nan,nan,nan,nan,nan,nan,nan,nan,nan,nan,nan,nan,nan,nan,nan,nan,nan,nan,nan,nan,nan,nan,nan,nan,nan,nan,nan,nan,nan,nan,nan,nan,nan,nan,nan
35.200,DOCKING,2.031525,-1.754300,0.769119,0.676742,0.377799,-0.201310,0.010961,-6.633821,-86.219000,29.323253,5.715388,-2.470409,-0.010956,0.000000,0.000000,-23.375844,-8.388121,-85.449880,29.999995,6.093188,-2.671719,0.000004,0.000000,0.000000,-23.676314,-7.214504,-85.964531,29.385332,6.355459,-2.820644,-0.015683,0.000000,0.000000,0.000000,-1.754300,0.769119,0.676742,2.031525,0.377799,-0.201310,0.010961,0.428227,nan,nan,nan,0,nan,nan,nan,0,nan,nan,nan,nan,nan,nan,nan,nan,nan,nan,nan,nan,nan,nan,nan,nan,nan,nan,nan,nan,nan,nan,nan,nan,nan,nan,nan,nan,nan,nan,nan,nan,nan,nan,nan,nan,nan,nan,nan,nan,nan,nan,nan,nan,nan,nan,nan,nan,nan,nan,nan,nan,nan,nan,nan,nan,nan,nan,nan,nan,nan,nan,nan,nan,nan,nan,nan,nan,nan,nan,nan,nan,nan,nan,nan,nan,nan,nan,nan,nan
35.240,DOCKING,2.031525,-1.754300,0.769119,0.676742,0.377799,-0.201310,0.010961,-6.350889,-86.344764,29.328955,5.658640,-2.515282,0.114044,0.000000,0.000000,-23.965286,-8.084406,-85.583052,29.999995,6.074303,-2.663438,0.000004,0.000000,0.000000,-23.676314,-7.214504,-85.964531,29.385332,6.355459,-2.820644,0.061058,0.000000,0.000000,0.000000,-1.733517,0.761711,0.671040,2.008875,0.415663,-0.148156,-0.114039,0.455776,nan,nan,nan,0,nan,nan,nan,0,nan,nan,nan,nan,nan,nan,nan,nan,nan,nan,nan,nan,nan,nan,nan,nan,nan,nan,nan,nan,nan,nan,nan,nan,nan,nan,nan,nan,nan,nan,nan,nan,nan,nan,nan,nan,nan,nan,nan,nan,nan,nan,nan,nan,nan,nan,nan,nan,nan,nan,nan,nan,nan,nan,nan,nan,nan,nan,nan,nan,nan,nan,nan,nan,nan,nan,nan,nan,nan,nan,nan,nan,nan,nan,nan,nan,nan,nan,nan,nan
35.300,DOCKING,1.987260,-1.713535,0.751145,0.669911,0.399634,-0.211333,-0.022566,-6.068227,-86.466899,29.330084,5.653234,-2.442706,0.022570,0.000000,0.000000,-23.368692,-7.781762,-85.715754,29.999995,6.052868,-2.654040,0.000004,0.000000,0.000000,-23.676314,-6.668740,-86.203881,29.397119,6.314963,-2.803370,0.011058,0.000000,0.000000,0.000000,-1.713535,0.751145,0.669911,1.987260,0.399634,-0.211333,-0.022566,0.452635,nan,nan,nan,0,nan,nan,nan,0,nan,nan,nan,nan,nan,nan,nan,nan,nan,nan,nan,nan,nan,nan,nan,nan,nan,nan,nan,nan,nan,nan,nan,nan,nan,nan,nan,nan,nan,nan,nan,nan,nan,nan,nan,nan,nan,nan,nan,nan,nan,nan,nan,nan,nan,nan,nan,nan,nan,nan,nan,nan,nan,nan,nan,nan,nan,nan,nan,nan,nan,nan,nan,nan,nan,nan,nan,nan,nan,nan,nan,nan,nan,nan,nan,nan,nan,nan,nan,nan
35.340,DOCKING,1.987260,-1.713535,0.751145,0.669911,0.399634,-0.211333,-0.022566,-5.788510,-86.591286,29.334622,5.594348,-2.487749,0.090771,0.000000,0.000000,-23.974222,-7.479542,-85.848271,29.999995,6.044413,-2.650332,0.000004,0.000000,0.000000,-23.676314,-6.668740,-86.203881,29.397119,6.314963,-2.803370,0.023735,0.000000,0.000000,0.000000,-1.691032,0.743015,0.665373,1.963258,0.450065,-0.162583,-0.090767,0.487063,nan,nan,nan,0,nan,nan,nan,0,nan,nan,nan,nan,nan,nan,nan,nan,nan,nan,nan,nan,nan,nan,nan,nan,nan,nan,nan,nan,nan,nan,nan,nan,nan,nan,nan,nan,nan,nan,nan,nan,nan,nan,nan,nan,nan,nan,nan,nan,nan,nan,nan,nan,nan,nan,nan,nan,nan,nan,nan,nan,nan,nan,nan,nan,nan,nan,nan,nan,nan,nan,nan,nan,nan,nan,nan,nan,nan,nan,nan,nan,nan,nan,nan,nan,nan,nan,nan,nan
35.400,DOCKING,1.939841,-1.669054,0.731550,0.664887,0.439564,-0.229304,-0.009711,-5.508276,-86.712334,29.335108,5.604668,-2.420949,0.009714,0.000000,0.000000,-23.362040,-7.177330,-85.980784,29.999995,6.044232,-2.650253,0.000004,0.000000,0.000000,-23.676314,-6.117559,-86.445602,29.410655,6.306147,-2.792397,-0.008830,0.000000,0.000000,0.000000,-1.669054,0.731550,0.664887,1.939841,0.439564,-0.229304,-0.009711,0.495874,nan,nan,nan,0,nan,nan,nan,0,nan,nan,nan,nan,nan,nan,nan,nan,nan,nan,nan,nan,nan,nan,nan,nan,nan,nan,nan,nan,nan,nan,nan,nan,nan,nan,nan,nan,nan,nan,nan,nan,nan,nan,nan,nan,nan,nan,nan,nan,nan,nan,nan,nan,nan,nan,nan,nan,nan,nan,nan,nan,nan,nan,nan,nan,nan,nan,nan,nan,nan,nan,nan,nan,nan,nan,nan,nan,nan,nan,nan,nan,nan,nan,nan,nan,nan,nan,nan,nan
35.440,DOCKING,1.939841,-1.669054,0.731550,0.664887,0.439564,-0.229304,-0.009711,-5.229526,-86.836330,29.341187,5.575008,-2.479914,0.121586,0.000000,0.000000,-23.980793,-6.875134,-86.113290,29.999996,6.043930,-2.650120,0.000004,0.000000,0.000000,-23.676314,-6.117559,-86.445602,29.410655,6.306147,-2.799993,0.046039,0.000000,0.000000,0.000000,-1.645608,0.723040,0.658808,1.914377,0.468923,-0.170206,-0.121582,0.513460,nan,nan,nan,0,nan,nan,nan,0,nan,nan,nan,nan,nan,nan,nan,nan,nan,nan,nan,nan,nan,nan,nan,nan,nan,nan,nan,nan,nan,nan,nan,nan,nan,nan,nan,nan,nan,nan,nan,nan,nan,nan,nan,nan,nan,nan,nan,nan,nan,nan,nan,nan,nan,nan,nan,nan,nan,nan,nan,nan,nan,nan,nan,nan,nan,nan,nan,nan,nan,nan,nan,nan,nan,nan,nan,nan,nan,nan,nan,nan,nan,nan,nan,nan,nan,nan,nan,nan
35.500,DOCKING,1.890434,-1.623279,0.711398,0.657738,0.446571,-0.232848,-0.021402,-4.949681,-86.957183,29.342258,5.596899,-2.417071,0.021405,0.000000,0.000000,-23.357531,-6.572960,-86.245786,29.999996,6.043470,-2.649919,0.000003,0.000000,0.000000,-23.676314,-5.564925,-86.687954,29.423961,6.305204,-2.791697,-0.003961,0.000000,0.000000,0.000000,-1.623279,0.711398,0.657738,1.890434,0.446571,-0.232848,-0.021402,0.504085,nan,nan,nan,0,nan,nan,nan,0,nan,nan,nan,nan,nan,nan,nan,nan,nan,nan,nan,nan,nan,nan,nan,nan,nan,nan,nan,nan,nan,nan,nan,nan,nan,nan,nan,nan,nan,nan,nan,nan,nan,nan,nan,nan,nan,nan,nan,nan,nan,nan,nan,nan,nan,nan,nan,nan,nan,nan,nan,nan,nan,nan,nan,nan,nan,nan,nan,nan,nan,nan,nan,nan,nan,nan,nan,nan,nan,nan,nan,nan,nan,nan,nan,nan,nan,nan,nan,nan
35.540,DOCKING,1.890434,-1.623279,0.711398,0.657738,0.446571,-0.232848,-0.021402,-4.671335,-87.081033,29.348166,5.566911,-2.476998,0.118164,0.000000,0.000000,-23.986682,-6.270818,-86.378268,29.999996,6.042837,-2.649641,0.000003,0.000000,0.000000,-23.676314,-5.564925,-86.687954,29.423961,6.305204,-2.800073,0.036461,0.000000,0.000000,0.000000,-1.599483,0.702765,0.651830,1.864700,0.475926,-0.172643,-0.118161,0.519878,nan,nan,nan,0,nan,nan,nan,0,nan,nan,nan,nan,nan,nan,nan,nan,nan,nan,nan,nan,nan,nan,nan,nan,nan,nan,nan,nan,nan,nan,nan,nan,nan,nan,nan,nan,nan,nan,nan,nan,nan,nan,nan,nan,nan,nan,nan,nan,nan,nan,nan,nan,nan,nan,nan,nan,nan,nan,nan,nan,nan,nan,nan,nan,nan,nan,nan,nan,nan,nan,nan,nan,nan,nan,nan,nan,nan,nan,nan,nan,nan,nan,nan,nan,nan,nan,nan,nan
35.600,DOCKING,1.840545,-1.576857,0.690969,0.650915,0.452511,-0.235932,-0.018304,-4.391861,-87.201700,29.349081,5.589490,-2.413342,0.018308,0.000000,0.000000,-23.352960,-5.968718,-86.510731,29.999996,6.042001,-2.649274,0.000003,0.000000,0.000000,-23.676314,-5.012055,-86.930407,29.437535,6.303551,-2.790736,-0.013539,0.000000,0.000000,0.000000,-1.576857,0.690969,0.650915,1.840545,0.452511,-0.235932,-0.018304,0.510652,nan,nan,nan,0,nan,nan,nan,0,nan,nan,nan,nan,nan,nan,nan,nan,nan,nan,nan,nan,nan,nan,nan,nan,nan,nan,nan,nan,nan,nan,nan,nan,nan,nan,nan,nan,nan,nan,nan,nan,nan,nan,nan,nan,nan,nan,nan,nan,nan,nan,nan,nan,nan,nan,nan,nan,nan,nan,nan,nan,nan,nan,nan,nan,nan,nan,nan,nan,nan,nan,nan,nan,nan,nan,nan,nan,nan,nan,nan,nan,nan,nan,nan,nan,nan,nan,nan,nan
35.640,DOCKING,1.840545,-1.576857,0.690969,0.650915,0.452511,-0.235932,-0.018304,-4.113895,-87.325415,29.355782,5.559319,-2.474292,0.134011,0.000000,0.000000,-23.992467,-5.666672,-86.643171,29.999996,6.040927,-2.648803,0.000003,0.000000,0.000000,-23.676314,-5.012055,-86.930407,29.437535,6.303551,-2.799845,0.045557,0.000000,0.000000,0.000000,-1.552777,0.682243,0.644215,1.814273,0.481608,-0.174511,-0.134008,0.529489,nan,nan,nan,0,nan,nan,nan,0,nan,nan,nan,nan,nan,nan,nan,nan,nan,nan,nan,nan,nan,nan,nan,nan,nan,nan,nan,nan,nan,nan,nan,nan,nan,nan,nan,nan,nan,nan,nan,nan,nan,nan,nan,nan,nan,nan,nan,nan,nan,nan,nan,nan,nan,nan,nan,nan,nan,nan,nan,nan,nan,nan,nan,nan,nan,nan,nan,nan,nan,nan,nan,nan,nan,nan,nan,nan,nan,nan,nan,nan,nan,nan,nan,nan,nan,nan,nan,nan
35.700,DOCKING,1.789641,-1.529907,0.670315,0.642554,0.457396,-0.238561,-0.033217,-3.834785,-87.445898,29.357443,5.582199,-2.409658,0.033220,0.000000,0.000000,-23.348328,-5.364692,-86.775582,29.999996,6.039595,-2.648219,0.000003,0.000000,0.000000,-23.676314,-4.459363,-87.172776,29.450812,6.300962,-2.789421,-0.004443,0.000000,0.000000,0.000000,-1.529907,0.670315,0.642554,1.789641,0.457396,-0.238561,-0.033217,0.516939,nan,nan,nan,0,nan,nan,nan,0,nan,nan,nan,nan,nan,nan,nan,nan,nan,nan,nan,nan,nan,nan,nan,nan,nan,nan,nan,nan,nan,nan,nan,nan,nan,nan,nan,nan,nan,nan,nan,nan,nan,nan,nan,nan,nan,nan,nan,nan,nan,nan,nan,nan,nan,nan,nan,nan,nan,nan,nan,nan,nan,nan,nan,nan,nan,nan,nan,nan,nan,nan,nan,nan,nan,nan,nan,nan,nan,nan,nan,nan,nan,nan,nan,nan,nan,nan,nan,nan
35.740,DOCKING,1.789641,-1.529907,0.670315,0.642554,0.457396,-0.238561,-0.033217,-3.557212,-87.569471,29.363666,5.551468,-2.471463,0.124475,0.000000,0.000000,-23.998193,-5.062795,-86.907957,29.999997,6.037949,-2.647498,0.000003,0.000000,0.000000,-23.676314,-4.459363,-87.172776,29.450812,6.300962,-2.799208,0.031105,0.000000,0.000000,0.000000,-1.505583,0.661513,0.636330,1.763320,0.486481,-0.176035,-0.124472,0.532114,nan,nan,nan,0,nan,nan,nan,0,nan,nan,nan,nan,nan,nan,nan,nan,nan,nan,nan,nan,nan,nan,nan,nan,nan,nan,nan,nan,nan,nan,nan,nan,nan,nan,nan,nan,nan,nan,nan,nan,nan,nan,nan,nan,nan,nan,nan,nan,nan,nan,nan,nan,nan,nan,nan,nan,nan,nan,nan,nan,nan,nan,nan,nan,nan,nan,nan,nan,nan,nan,nan,nan,nan,nan,nan,nan,nan,nan,nan,nan,nan,nan,nan,nan,nan,nan,nan,nan
35.800,DOCKING,1.738700,-1.482527,0.649479,0.635112,0.461118,-0.240685,-0.024361,-3.278466,-87.689769,29.364885,5.574905,-2.405969,0.024364,0.000000,0.000000,-23.343639,-4.760994,-87.040290,29.999997,6.036023,-2.646653,0.000003,0.000000,0.000000,-23.676314,-3.906232,-87.415336,29.464450,6.297206,-2.787644,-0.018895,0.000000,0.000000,0.000000,-1.482527,0.649479,0.635112,1.738700,0.461118,-0.240685,-0.024361,0.520723,nan,nan,nan,0,nan,nan,nan,0,nan,nan,nan,nan,nan,nan,nan,nan,nan,nan,nan,nan,nan,nan,nan,nan,nan,nan,nan,nan,nan,nan,nan,nan,nan,nan,nan,nan,nan,nan,nan,nan,nan,nan,nan,nan,nan,nan,nan,nan,nan,nan,nan,nan,nan,nan,nan,nan,nan,nan,nan,nan,nan,nan,nan,nan,nan,nan,nan,nan,nan,nan,nan,nan,nan,nan,nan,nan,nan,nan,nan,nan,nan,nan,nan,nan,nan,nan,nan,nan
35.840,DOCKING,1.738700,-1.482527,0.649479,0.635112,0.461118,-0.240685,-0.024361,-3.001272,-87.813206,29.372211,5.543888,-2.468743,0.146534,0.000000,0.000000,-24.003835,-4.459308,-87.172572,29.999997,6.033706,-2.645637,0.000003,0.000000,0.000000,-23.676314,-3.906232,-87.415336,29.464450,6.297206,-2.798062,0.046969,0.000000,0.000000,0.000000,-1.458036,0.640634,0.627785,1.711840,0.489818,-0.176895,-0.146531,0.541004,nan,nan,nan,0,nan,nan,nan,0,nan,nan,nan,nan,nan,nan,nan,nan,nan,nan,nan,nan,nan,nan,nan,nan,nan,nan,nan,nan,nan,nan,nan,nan,nan,nan,nan,nan,nan,nan,nan,nan,nan,nan,nan,nan,nan,nan,nan,nan,nan,nan,nan,nan,nan,nan,nan,nan,nan,nan,nan,nan,nan,nan,nan,nan,nan,nan,nan,nan,nan,nan,nan,nan,nan,nan,nan,nan,nan,nan,nan,nan,nan,nan,nan,nan,nan,nan,nan,nan
35.900,DOCKING,1.686749,-1.434851,0.628519,0.625533,0.463713,-0.242318,-0.045060,-2.722905,-87.933314,29.374464,5.567331,-2.402152,0.045062,0.000000,0.000000,-23.338887,-4.157756,-87.304795,29.999997,6.031044,-2.644470,0.000002,0.000000,0.000000,-23.676314,-3.353394,-87.657764,29.477567,6.292043,-2.785317,-0.003031,0.000000,0.000000,0.000000,-1.434851,0.628519,0.625533,1.686749,0.463713,-0.242318,-0.045060,0.525146,nan,nan,nan,0,nan,nan,nan,0,nan,nan,nan,nan,nan,nan,nan,nan,nan,nan,nan,nan,nan,nan,nan,nan,nan,nan,nan,nan,nan,nan,nan,nan,nan,nan,nan,nan,nan,nan,nan,nan,nan,nan,nan,nan,nan,nan,nan,nan,nan,nan,nan,nan,nan,nan,nan,nan,nan,nan,nan,nan,nan,nan,nan,nan,nan,nan,nan,nan,nan,nan,nan,nan,nan,nan,nan,nan,nan,nan,nan,nan,nan,nan,nan,nan,nan,nan,nan,nan
35.940,DOCKING,1.686749,-1.434851,0.628519,0.625533,0.463713,-0.242318,-0.045060,-2.446133,-88.056596,29.380836,5.535456,-2.465639,0.127436,0.000000,0.000000,-24.009461,-3.856361,-87.436950,29.999997,6.027896,-2.643090,0.000002,0.000000,0.000000,-23.676314,-3.353394,-87.657764,29.477567,6.292043,-2.796299,0.024334,0.000000,0.000000,0.000000,-1.410229,0.619646,0.619161,1.660140,0.492440,-0.177451,-0.127434,0.538725,nan,nan,nan,0,nan,nan,nan,0,nan,nan,nan,nan,nan,nan,nan,nan,nan,nan,nan,nan,nan,nan,nan,nan,nan,nan,nan,nan,nan,nan,nan,nan,nan,nan,nan,nan,nan,nan,nan,nan,nan,nan,nan,nan,nan,nan,nan,nan,nan,nan,nan,nan,nan,nan,nan,nan,nan,nan,nan,nan,nan,nan,nan,nan,nan,nan,nan,nan,nan,nan,nan,nan,nan,nan,nan,nan,nan,nan,nan,nan,nan,nan,nan,nan,nan,nan,nan,nan
36.000,DOCKING,1.635360,-1.386974,0.607475,0.617800,0.465088,-0.243418,-0.027210,-2.168165,-88.176504,29.382197,5.559346,-2.398153,0.027212,0.000000,0.000000,-23.334076,-3.555140,-87.569028,29.999997,6.024434,-2.641572,0.000002,0.000000,0.000000,-23.676314,-2.799925,-87.900466,29.491212,6.285249,-2.782308,-0.025666,0.000000,0.000000,0.000000,-1.386974,0.607475,0.617800,1.635360,0.465088,-0.243418,-0.027210,0.525642,nan,nan,nan,0,nan,nan,nan,0,nan,nan,nan,nan,nan,nan,nan,nan,nan,nan,nan,nan,nan,nan,nan,nan,nan,nan,nan,nan,nan,nan,nan,nan,nan,nan,nan,nan,nan,nan,nan,nan,nan,nan,nan,nan,nan,nan,nan,nan,nan,nan,nan,nan,nan,nan,nan,nan,nan,nan,nan,nan,nan,nan,nan,nan,nan,nan,nan,nan,nan,nan,nan,nan,nan,nan,nan,nan,nan,nan,nan,nan,nan,nan,nan,nan,nan,nan,nan,nan
36.040,DOCKING,1.635360,-1.386974,0.607475,0.617800,0.465088,-0.243418,-0.027210,-1.891808,-88.299632,29.389808,5.527137,-2.462576,0.152212,0.000000,0.000000,-24.015018,-3.254119,-87.701019,29.999997,6.020401,-2.639804,0.000002,0.000000,0.000000,-23.676314,-2.799925,-87.900466,29.491212,6.285249,-2.793821,0.051202,0.000000,0.000000,0.000000,-1.362311,0.598614,0.610190,1.608279,0.493265,-0.177228,-0.152210,0.545791,nan,nan,nan,0,nan,nan,nan,0,nan,nan,nan,nan,nan,nan,nan,nan,nan,nan,nan,nan,nan,nan,nan,nan,nan,nan,nan,nan,nan,nan,nan,nan,nan,nan,nan,nan,nan,nan,nan,nan,nan,nan,nan,nan,nan,nan,nan,nan,nan,nan,nan,nan,nan,nan,nan,nan,nan,nan,nan,nan,nan,nan,nan,nan,nan,nan,nan,nan,nan,nan,nan,nan,nan,nan,nan,nan,nan,nan,nan,nan,nan,nan,nan,nan,nan,nan,nan,nan
36.100,DOCKING,1.582947,-1.339053,0.586416,0.607268,0.465163,-0.243951,-0.058428,-1.614268,-88.419328,29.392729,5.550807,-2.393910,0.058430,0.000000,0.000000,-23.329202,-2.953321,-87.832912,29.999997,6.015969,-2.637860,0.000002,0.000000,0.000000,-23.676314,-2.246946,-88.142951,29.504101,6.276600,-2.778566,0.001202,0.000000,0.000000,0.000000,-1.339053,0.586416,0.607268,1.582947,0.465163,-0.243951,-0.058428,0.528490,nan,nan,nan,0,nan,nan,nan,0,nan,nan,nan,nan,nan,nan,nan,nan,nan,nan,nan,nan,nan,nan,nan,nan,nan,nan,nan,nan,nan,nan,nan,nan,nan,nan,nan,nan,nan,nan,nan,nan,nan,nan,nan,nan,nan,nan,nan,nan,nan,nan,nan,nan,nan,nan,nan,nan,nan,nan,nan,nan,nan,nan,nan,nan,nan,nan,nan,nan,nan,nan,nan,nan,nan,nan,nan,nan,nan,nan,nan,nan,nan,nan,nan,nan,nan,nan,nan,nan
36.140,DOCKING,1.582947,-1.339053,0.586416,0.607268,0.465163,-0.243951,-0.058428,-1.338399,-88.542272,29.399029,5.517386,-2.458876,0.125995,0.000000,0.000000,-24.020603,-2.652779,-87.964692,29.999998,6.010840,-2.635611,0.000002,0.000000,0.000000,-23.676314,-2.246946,-88.142951,29.504101,6.276600,-2.790529,0.014623,0.000000,0.000000,0.000000,-1.314380,0.577579,0.600969,1.556392,0.493454,-0.176735,-0.125993,0.539079,nan,nan,nan,0,nan,nan,nan,0,nan,nan,nan,nan,nan,nan,nan,nan,nan,nan,nan,nan,nan,nan,nan,nan,nan,nan,nan,nan,nan,nan,nan,nan,nan,nan,nan,nan,nan,nan,nan,nan,nan,nan,nan,nan,nan,nan,nan,nan,nan,nan,nan,nan,nan,nan,nan,nan,nan,nan,nan,nan,nan,nan,nan,nan,nan,nan,nan,nan,nan,nan,nan,nan,nan,nan,nan,nan,nan,nan,nan,nan,nan,nan,nan,nan,nan,nan,nan,nan
36.200,DOCKING,1.531477,-1.291175,0.565380,0.598862,0.464107,-0.243987,-0.042133,-1.061332,-88.661735,29.401136,5.541334,-2.389256,0.042135,0.000000,0.000000,-23.324251,-2.352507,-88.096354,29.999998,6.005440,-2.633243,0.000002,0.000000,0.000000,-23.676314,-1.693396,-88.385684,29.517501,6.265888,-2.773923,-0.019100,0.000000,0.000000,0.000000,-1.291175,0.565380,0.598862,1.531477,0.464107,-0.243987,-0.042133,0.526023,nan,nan,nan,0,nan,nan,nan,0,nan,nan,nan,nan,nan,nan,nan,nan,nan,nan,nan,nan,nan,nan,nan,nan,nan,nan,nan,nan,nan,nan,nan,nan,nan,nan,nan,nan,nan,nan,nan,nan,nan,nan,nan,nan,nan,nan,nan,nan,nan,nan,nan,nan,nan,nan,nan,nan,nan,nan,nan,nan,nan,nan,nan,nan,nan,nan,nan,nan,nan,nan,nan,nan,nan,nan,nan,nan,nan,nan,nan,nan,nan,nan,nan,nan,nan,nan,nan,nan
36.240,DOCKING,1.531477,-1.291175,0.565380,0.598862,0.464107,-0.243987,-0.042133,-0.785962,-88.784488,29.408902,5.507411,-2.455070,0.155322,0.000000,0.000000,-24.026147,-2.052546,-88.227880,29.999998,5.999226,-2.630518,0.000002,0.000000,0.000000,-23.676314,-1.693396,-88.385684,29.517501,6.265888,-2.786330,0.038957,0.000000,0.000000,0.000000,-1.266584,0.556608,0.591096,1.504474,0.491814,-0.175449,-0.155320,0.544782,nan,nan,nan,0,nan,nan,nan,0,nan,nan,nan,nan,nan,nan,nan,nan,nan,nan,nan,nan,nan,nan,nan,nan,nan,nan,nan,nan,nan,nan,nan,nan,nan,nan,nan,nan,nan,nan,nan,nan,nan,nan,nan,nan,nan,nan,nan,nan,nan,nan,nan,nan,nan,nan,nan,nan,nan,nan,nan,nan,nan,nan,nan,nan,nan,nan,nan,nan,nan,nan,nan,nan,nan,nan,nan,nan,nan,nan,nan,nan,nan,nan,nan,nan,nan,nan,nan,nan
36.300,DOCKING,1.479509,-1.243497,0.544435,0.588431,0.461742,-0.243450,-0.053306,-0.509417,-88.903697,29.411567,5.530896,-2.384180,0.053308,0.000000,0.000000,-23.319223,-1.752914,-88.359262,29.999998,5.992638,-2.627630,0.000002,0.000000,0.000000,-23.676314,-1.140296,-88.628218,29.530290,6.252903,-2.768385,-0.011043,0.000000,0.000000,0.000000,-1.243497,0.544435,0.588431,1.479509,0.461742,-0.243450,-0.053306,0.524705,nan,nan,nan,0,nan,nan,nan,0,nan,nan,nan,nan,nan,nan,nan,nan,nan,nan,nan,nan,nan,nan,nan,nan,nan,nan,nan,nan,nan,nan,nan,nan,nan,nan,nan,nan,nan,nan,nan,nan,nan,nan,nan,nan,nan,nan,nan,nan,nan,nan,nan,nan,nan,nan,nan,nan,nan,nan,nan,nan,nan,nan,nan,nan,nan,nan,nan,nan,nan,nan,nan,nan,nan,nan,nan,nan,nan,nan,nan,nan,nan,nan,nan,nan,nan,nan,nan,nan
36.340,DOCKING,1.479509,-1.243497,0.544435,0.588431,0.461742,-0.243450,-0.053306,-0.234624,-89.026225,29.418863,5.495848,-2.450558,0.145927,0.000000,0.000000,-24.031739,-1.453655,-88.490480,29.999998,5.985170,-2.624355,0.000002,0.000000,0.000000,-23.676314,-1.140296,-88.628218,29.530290,6.252903,-2.781132,0.027204,0.000000,0.000000,0.000000,-1.219031,0.535745,0.581135,1.452851,0.489322,-0.173797,-0.145925,0.539384,nan,nan,nan,0,nan,nan,nan,0,nan,nan,nan,nan,nan,nan,nan,nan,nan,nan,nan,nan,nan,nan,nan,nan,nan,nan,nan,nan,nan,nan,nan,nan,nan,nan,nan,nan,nan,nan,nan,nan,nan,nan,nan,nan,nan,nan,nan,nan,nan,nan,nan,nan,nan,nan,nan,nan,nan,nan,nan,nan,nan,nan,nan,nan,nan,nan,nan,nan,nan,nan,nan,nan,nan,nan,nan,nan,nan,nan,nan,nan,nan,nan,nan,nan,nan,nan,nan,nan
36.400,DOCKING,1.428295,-1.196121,0.523626,0.578912,0.458201,-0.242395,-0.044456,0.041337,-89.145153,29.421086,5.519226,-2.378565,0.044457,0.000000,0.000000,-23.314106,-1.154784,-88.621528,29.999998,5.977427,-2.620960,0.000002,0.000000,0.000000,-23.676314,-0.587101,-88.870792,29.543187,6.237510,-2.761782,-0.022796,0.000000,0.000000,0.000000,-1.196121,0.523626,0.578912,1.428295,0.458201,-0.242395,-0.044456,0.520269,nan,nan,nan,0,nan,nan,nan,0,nan,nan,nan,nan,nan,nan,nan,nan,nan,nan,nan,nan,nan,nan,nan,nan,nan,nan,nan,nan,nan,nan,nan,nan,nan,nan,nan,nan,nan,nan,nan,nan,nan,nan,nan,nan,nan,nan,nan,nan,nan,nan,nan,nan,nan,nan,nan,nan,nan,nan,nan,nan,nan,nan,nan,nan,nan,nan,nan,nan,nan,nan,nan,nan,nan,nan,nan,nan,nan,nan,nan,nan,nan,nan,nan,nan,nan,nan,nan,nan
36.440,DOCKING,1.428295,-1.196121,0.523626,0.578912,0.458201,-0.242395,-0.044456,0.315506,-89.267435,29.429248,5.483385,-2.445643,0.163235,0.000000,0.000000,-24.037339,-0.856349,-88.752384,29.999998,5.968705,-2.617136,0.000002,0.000000,0.000000,-23.676314,-0.587101,-88.870792,29.543187,6.237510,-2.774876,0.041134,0.000000,0.000000,0.000000,-1.171855,0.515051,0.570750,1.401527,0.485320,-0.171493,-0.163233,0.539991,nan,nan,nan,0,nan,nan,nan,0,nan,nan,nan,nan,nan,nan,nan,nan,nan,nan,nan,nan,nan,nan,nan,nan,nan,nan,nan,nan,nan,nan,nan,nan,nan,nan,nan,nan,nan,nan,nan,nan,nan,nan,nan,nan,nan,nan,nan,nan,nan,nan,nan,nan,nan,nan,nan,nan,nan,nan,nan,nan,nan,nan,nan,nan,nan,nan,nan,nan,nan,nan,nan,nan,nan,nan,nan,nan,nan,nan,nan,nan,nan,nan,nan,nan,nan,nan,nan,nan
36.500,DOCKING,1.376939,-1.149188,0.503013,0.567719,0.453344,-0.240761,-0.060617,0.590822,-89.386056,29.432279,5.506308,-2.372405,0.060619,0.000000,0.000000,-23.308901,-0.558366,-88.883043,29.999998,5.959652,-2.613166,0.000002,0.000000,0.000000,-23.676314,-0.034498,-89.113106,29.555510,6.219555,-2.754129,-0.008866,0.000000,0.000000,0.000000,-1.149188,0.503013,0.567719,1.376939,0.453344,-0.240761,-0.060617,0.516876,nan,nan,nan,0,nan,nan,nan,0,nan,nan,nan,nan,nan,nan,nan,nan,nan,nan,nan,nan,nan,nan,nan,nan,nan,nan,nan,nan,nan,nan,nan,nan,nan,nan,nan,nan,nan,nan,nan,nan,nan,nan,nan,nan,nan,nan,nan,nan,nan,nan,nan,nan,nan,nan,nan,nan,nan,nan,nan,nan,nan,nan,nan,nan,nan,nan,nan,nan,nan,nan,nan,nan,nan,nan,nan,nan,nan,nan,nan,nan,nan,nan,nan,nan,nan,nan,nan,nan
36.540,DOCKING,1.376939,-1.149188,0.503013,0.567719,0.453344,-0.240761,-0.060617,0.864280,-89.508053,29.439551,5.469172,-2.439953,0.145440,0.000000,0.000000,-24.043009,-0.260891,-89.013479,29.999998,5.949509,-2.608719,0.000001,0.000000,0.000000,-23.676314,-0.034498,-89.113106,29.555510,6.219555,-2.767493,0.022209,0.000000,0.000000,0.000000,-1.125171,0.494575,0.560447,1.350820,0.480337,-0.168766,-0.145439,0.529489,nan,nan,nan,0,nan,nan,nan,0,nan,nan,nan,nan,nan,nan,nan,nan,nan,nan,nan,nan,nan,nan,nan,nan,nan,nan,nan,nan,nan,nan,nan,nan,nan,nan,nan,nan,nan,nan,nan,nan,nan,nan,nan,nan,nan,nan,nan,nan,nan,nan,nan,nan,nan,nan,nan,nan,nan,nan,nan,nan,nan,nan,nan,nan,nan,nan,nan,nan,nan,nan,nan,nan,nan,nan,nan,nan,nan,nan,nan,nan,nan,nan,nan,nan,nan,nan,nan,nan
36.600,DOCKING,1.326940,-1.102804,0.482643,0.558255,0.447347,-0.238626,-0.043849,1.138876,-89.626333,29.441743,5.491912,-2.365599,0.043850,0.000000,0.000000,-23.303593,0.036072,-89.143690,29.999998,5.939260,-2.604225,0.000001,0.000000,0.000000,-23.676314,0.518097,-89.355414,29.568057,6.198984,-2.745283,-0.027791,0.000000,0.000000,0.000000,-1.102804,0.482643,0.558255,1.326940,0.447347,-0.238626,-0.043849,0.508905,nan,nan,nan,0,nan,nan,nan,0,nan,nan,nan,nan,nan,nan,nan,nan,nan,nan,nan,nan,nan,nan,nan,nan,nan,nan,nan,nan,nan,nan,nan,nan,nan,nan,nan,nan,nan,nan,nan,nan,nan,nan,nan,nan,nan,nan,nan,nan,nan,nan,nan,nan,nan,nan,nan,nan,nan,nan,nan,nan,nan,nan,nan,nan,nan,nan,nan,nan,nan,nan,nan,nan,nan,nan,nan,nan,nan,nan,nan,nan,nan,nan,nan,nan,nan,nan,nan,nan
36.640,DOCKING,1.326940,-1.102804,0.482643,0.558255,0.447347,-0.238626,-0.043849,1.411578,-89.748026,29.450186,5.454050,-2.433856,0.168850,0.000000,0.000000,-24.048698,0.332464,-89.273651,29.999998,5.927830,-2.599213,0.000001,0.000000,0.000000,-23.676314,0.518097,-89.355414,29.568057,6.198984,-2.758959,0.045830,0.000000,0.000000,0.000000,-1.079115,0.474375,0.549812,1.300697,0.473781,-0.165357,-0.168849,0.529454,nan,nan,nan,0,nan,nan,nan,0,nan,nan,nan,nan,nan,nan,nan,nan,nan,nan,nan,nan,nan,nan,nan,nan,nan,nan,nan,nan,nan,nan,nan,nan,nan,nan,nan,nan,nan,nan,nan,nan,nan,nan,nan,nan,nan,nan,nan,nan,nan,nan,nan,nan,nan,nan,nan,nan,nan,nan,nan,nan,nan,nan,nan,nan,nan,nan,nan,nan,nan,nan,nan,nan,nan,nan,nan,nan,nan,nan,nan,nan,nan,nan,nan,nan,nan,nan,nan,nan
36.700,DOCKING,1.276711,-1.057118,0.462582,0.546363,0.439936,-0.235866,-0.068996,1.685390,-89.865937,29.453636,5.476224,-2.358230,0.068998,0.000000,0.000000,-23.298195,0.628272,-89.403355,29.999998,5.916161,-2.594097,0.000001,0.000000,0.000000,-23.676314,1.069663,-89.597270,29.579790,6.175709,-2.735354,-0.004170,0.000000,0.000000,0.000000,-1.057118,0.462582,0.546363,1.276711,0.439936,-0.235866,-0.068996,0.503922,nan,nan,nan,0,nan,nan,nan,0,nan,nan,nan,nan,nan,nan,nan,nan,nan,nan,nan,nan,nan,nan,nan,nan,nan,nan,nan,nan,nan,nan,nan,nan,nan,nan,nan,nan,nan,nan,nan,nan,nan,nan,nan,nan,nan,nan,nan,nan,nan,nan,nan,nan,nan,nan,nan,nan,nan,nan,nan,nan,nan,nan,nan,nan,nan,nan,nan,nan,nan,nan,nan,nan,nan,nan,nan,nan,nan,nan,nan,nan,nan,nan,nan,nan,nan,nan,nan,nan
36.741,DOCKING,1.276711,-1.057118,0.462582,0.546363,0.439936,-0.235866,-0.068996,1.957231,-89.987279,29.460676,5.436837,-2.426834,0.140800,0.000000,0.000000,-24.054492,0.923431,-89.532776,29.999999,5.903182,-2.588406,0.000001,0.000000,0.000000,-23.676314,1.069663,-89.597270,29.579790,6.175709,-2.749235,0.014646,0.000000,0.000000,0.000000,-1.033800,0.454504,0.539323,1.251473,0.466345,-0.161572,-0.140799,0.513233,nan,nan,nan,0,nan,nan,nan,0,nan,nan,nan,nan,nan,nan,nan,nan,nan,nan,nan,nan,nan,nan,nan,nan,nan,nan,nan,nan,nan,nan,nan,nan,nan,nan,nan,nan,nan,nan,nan,nan,nan,nan,nan,nan,nan,nan,nan,nan,nan,nan,nan,nan,nan,nan,nan,nan,nan,nan,nan,nan,nan,nan,nan,nan,nan,nan,nan,nan,nan,nan,nan,nan,nan,nan,nan,nan,nan,nan,nan,nan,nan,nan,nan,nan,nan,nan,nan,nan
36.800,DOCKING,1.228403,-1.012219,0.442868,0.536893,0.431623,-0.232708,-0.048590,2.230170,-90.104784,29.463105,5.458778,-2.350094,0.048591,0.000000,0.000000,-23.292674,1.217951,-89.661916,29.999999,5.890401,-2.582801,0.000001,0.000000,0.000000,-23.676314,1.621009,-89.839029,29.591826,6.149773,-2.724129,-0.026033,0.000000,0.000000,0.000000,-1.012219,0.442868,0.536893,1.228403,0.431623,-0.232708,-0.048590,0.492760,nan,nan,nan,0,nan,nan,nan,0,nan,nan,nan,nan,nan,nan,nan,nan,nan,nan,nan,nan,nan,nan,nan,nan,nan,nan,nan,nan,nan,nan,nan,nan,nan,nan,nan,nan,nan,nan,nan,nan,nan,nan,nan,nan,nan,nan,nan,nan,nan,nan,nan,nan,nan,nan,nan,nan,nan,nan,nan,nan,nan,nan,nan,nan,nan,nan,nan,nan,nan,nan,nan,nan,nan,nan,nan,nan,nan,nan,nan,nan,nan,nan,nan,nan,nan,nan,nan,nan
36.840,DOCKING,1.228403,-1.012219,0.442868,0.536893,0.431623,-0.232708,-0.048590,2.501109,-90.225756,29.471665,5.418779,-2.419434,0.171183,0.000000,0.000000,-24.060311,1.511760,-89.790744,29.999999,5.876181,-2.576566,0.000001,0.000000,0.000000,-23.676314,1.621009,-89.839029,29.591826,6.149773,-2.738340,0.042463,0.000000,0.000000,0.000000,-0.989349,0.435012,0.528334,1.202989,0.457402,-0.157133,-0.171182,0.513041,nan,nan,nan,0,nan,nan,nan,0,nan,nan,nan,nan,nan,nan,nan,nan,nan,nan,nan,nan,nan,nan,nan,nan,nan,nan,nan,nan,nan,nan,nan,nan,nan,nan,nan,nan,nan,nan,nan,nan,nan,nan,nan,nan,nan,nan,nan,nan,nan,nan,nan,nan,nan,nan,nan,nan,nan,nan,nan,nan,nan,nan,nan,nan,nan,nan,nan,nan,nan,nan,nan,nan,nan,nan,nan,nan,nan,nan,nan,nan,nan,nan,nan,nan,nan,nan,nan,nan
36.900,DOCKING,1.180045,-0.968258,0.423567,0.524952,0.421830,-0.228897,-0.067642,2.773114,-90.342827,29.475047,5.440096,-2.341420,0.067643,0.000000,0.000000,-23.287064,1.804856,-89.919260,29.999999,5.861927,-2.570316,0.000001,0.000000,0.000000,-23.676314,2.170979,-90.080184,29.602988,6.121125,-2.711878,-0.007537,0.000000,0.000000,0.000000,-0.968258,0.423567,0.524952,1.180045,0.421830,-0.228897,-0.067642,0.484675,nan,nan,nan,0,nan,nan,nan,0,nan,nan,nan,nan,nan,nan,nan,nan,nan,nan,nan,nan,nan,nan,nan,nan,nan,nan,nan,nan,nan,nan,nan,nan,nan,nan,nan,nan,nan,nan,nan,nan,nan,nan,nan,nan,nan,nan,nan,nan,nan,nan,nan,nan,nan,nan,nan,nan,nan,nan,nan,nan,nan,nan,nan,nan,nan,nan,nan,nan,nan,nan,nan,nan,nan,nan,nan,nan,nan,nan,nan,nan,nan,nan,nan,nan,nan,nan,nan,nan
36.940,DOCKING,1.180045,-0.968258,0.423567,0.524952,0.421830,-0.228897,-0.067642,3.043042,-90.463381,29.482360,5.398563,-2.411079,0.146270,0.000000,0.000000,-24.066255,2.097167,-90.047431,29.999999,5.846203,-2.563422,0.000001,0.000000,0.000000,-23.676314,2.170979,-90.080184,29.602988,6.121125,-2.726251,0.018329,0.000000,0.000000,0.000000,-0.945876,0.415950,0.517638,1.155701,0.447640,-0.152343,-0.146269,0.494959,nan,nan,nan,0,nan,nan,nan,0,nan,nan,nan,nan,nan,nan,nan,nan,nan,nan,nan,nan,nan,nan,nan,nan,nan,nan,nan,nan,nan,nan,nan,nan,nan,nan,nan,nan,nan,nan,nan,nan,nan,nan,nan,nan,nan,nan,nan,nan,nan,nan,nan,nan,nan,nan,nan,nan,nan,nan,nan,nan,nan,nan,nan,nan,nan,nan,nan,nan,nan,nan,nan,nan,nan,nan,nan,nan,nan,nan,nan,nan,nan,nan,nan,nan,nan,nan,nan,nan
37.000,DOCKING,1.133867,-0.925308,0.404711,0.515429,0.411350,-0.224779,-0.044182,3.314022,-90.579978,29.484569,5.419589,-2.331950,0.044183,0.000000,0.000000,-23.281320,2.388713,-90.175267,29.999999,5.830939,-2.556729,0.000001,0.000000,0.000000,-23.676314,2.720322,-90.321062,29.614368,6.089966,-2.698327,-0.031597,0.000000,0.000000,0.000000,-0.925308,0.404711,0.515429,1.133867,0.411350,-0.224779,-0.044182,0.470836,nan,nan,nan,0,nan,nan,nan,0,nan,nan,nan,nan,nan,nan,nan,nan,nan,nan,nan,nan,nan,nan,nan,nan,nan,nan,nan,nan,nan,nan,nan,nan,nan,nan,nan,nan,nan,nan,nan,nan,nan,nan,nan,nan,nan,nan,nan,nan,nan,nan,nan,nan,nan,nan,nan,nan,nan,nan,nan,nan,nan,nan,nan,nan,nan,nan,nan,nan,nan,nan,nan,nan,nan,nan,nan,nan,nan,nan,nan,nan,nan,nan,nan,nan,nan,nan,nan,nan
37.040,DOCKING,1.133867,-0.925308,0.404711,0.515429,0.411350,-0.224779,-0.044182,3.582898,-90.700096,29.493029,5.377526,-2.402357,0.169183,0.000000,0.000000,-24.072234,2.679420,-90.302735,29.999999,5.814131,-2.549359,0.000001,0.000000,0.000000,-23.676314,2.720322,-90.321062,29.614368,6.089966,-2.713056,0.049468,0.000000,0.000000,0.000000,-0.903478,0.397361,0.506970,1.109588,0.436606,-0.147002,-0.169182,0.490771,nan,nan,nan,0,nan,nan,nan,0,nan,nan,nan,nan,nan,nan,nan,nan,nan,nan,nan,nan,nan,nan,nan,nan,nan,nan,nan,nan,nan,nan,nan,nan,nan,nan,nan,nan,nan,nan,nan,nan,nan,nan,nan,nan,nan,nan,nan,nan,nan,nan,nan,nan,nan,nan,nan,nan,nan,nan,nan,nan,nan,nan,nan,nan,nan,nan,nan,nan,nan,nan,nan,nan,nan,nan,nan,nan,nan,nan,nan,nan,nan,nan,nan,nan,nan,nan,nan,nan
37.100,DOCKING,1.087688,-0.883508,0.386360,0.503194,0.399396,-0.220012,-0.075533,3.852804,-90.816199,29.496805,5.398129,-2.322066,0.075534,0.000000,0.000000,-23.275502,2.969296,-90.429839,29.999999,5.797525,-2.542078,0.000001,0.000000,0.000000,-23.676314,3.267889,-90.561162,29.624781,6.056382,-2.683864,-0.000532,0.000000,0.000000,0.000000,-0.883508,0.386360,0.503194,1.087688,0.399396,-0.220012,-0.075533,0.462199,nan,nan,nan,0,nan,nan,nan,0,nan,nan,nan,nan,nan,nan,nan,nan,nan,nan,nan,nan,nan,nan,nan,nan,nan,nan,nan,nan,nan,nan,nan,nan,nan,nan,nan,nan,nan,nan,nan,nan,nan,nan,nan,nan,nan,nan,nan,nan,nan,nan,nan,nan,nan,nan,nan,nan,nan,nan,nan,nan,nan,nan,nan,nan,nan,nan,nan,nan,nan,nan,nan,nan,nan,nan,nan,nan,nan,nan,nan,nan,nan,nan,nan,nan,nan,nan,nan,nan
37.140,DOCKING,1.087688,-0.883508,0.386360,0.503194,0.399396,-0.220012,-0.075533,4.120529,-90.935837,29.503656,5.354484,-2.392748,0.137005,0.000000,0.000000,-24.078341,3.258256,-90.556541,29.999999,5.779188,-2.534037,0.000001,0.000000,0.000000,-23.676314,3.267889,-90.561162,29.624781,6.056382,-2.698792,0.009029,0.000000,0.000000,0.000000,-0.862273,0.379295,0.496343,1.064771,0.424704,-0.141289,-0.137004,0.468088,nan,nan,nan,0,nan,nan,nan,0,nan,nan,nan,nan,nan,nan,nan,nan,nan,nan,nan,nan,nan,nan,nan,nan,nan,nan,nan,nan,nan,nan,nan,nan,nan,nan,nan,nan,nan,nan,nan,nan,nan,nan,nan,nan,nan,nan,nan,nan,nan,nan,nan,nan,nan,nan,nan,nan,nan,nan,nan,nan,nan,nan,nan,nan,nan,nan,nan,nan,nan,nan,nan,nan,nan,nan,nan,nan,nan,nan,nan,nan,nan,nan,nan,nan,nan,nan,nan,nan
37.200,DOCKING,1.043976,-0.842916,0.368540,0.493515,0.387140,-0.215106,-0.056569,4.389265,-91.051403,29.506484,5.374734,-2.311339,0.056570,0.000000,0.000000,-23.269534,3.546349,-90.682863,29.999999,5.761873,-2.526445,0.000001,0.000000,0.000000,-23.676314,3.814414,-90.800804,29.635370,6.020562,-2.668147,-0.019453,0.000000,0.000000,0.000000,-0.842916,0.368540,0.493515,1.043976,0.387140,-0.215106,-0.056569,0.446484,nan,nan,nan,0,nan,nan,nan,0,nan,nan,nan,nan,nan,nan,nan,nan,nan,nan,nan,nan,nan,nan,nan,nan,nan,nan,nan,nan,nan,nan,nan,nan,nan,nan,nan,nan,nan,nan,nan,nan,nan,nan,nan,nan,nan,nan,nan,nan,nan,nan,nan,nan,nan,nan,nan,nan,nan,nan,nan,nan,nan,nan,nan,nan,nan,nan,nan,nan,nan,nan,nan,nan,nan,nan,nan,nan,nan,nan,nan,nan,nan,nan,nan,nan,nan,nan,nan,nan
37.240,DOCKING,1.043976,-0.842916,0.368540,0.493515,0.387140,-0.215106,-0.056569,4.655802,-91.170545,29.514619,5.330741,-2.382824,0.162699,0.000000,0.000000,-24.084488,3.833480,-90.808763,29.999999,5.742606,-2.517997,0.000001,0.000000,0.000000,-23.676314,3.814414,-90.800804,29.635370,6.020562,-2.683543,0.033813,0.000000,0.000000,0.000000,-0.822323,0.361781,0.485380,1.021124,0.411865,-0.135173,-0.162698,0.463007,nan,nan,nan,0,nan,nan,nan,0,nan,nan,nan,nan,nan,nan,nan,nan,nan,nan,nan,nan,nan,nan,nan,nan,nan,nan,nan,nan,nan,nan,nan,nan,nan,nan,nan,nan,nan,nan,nan,nan,nan,nan,nan,nan,nan,nan,nan,nan,nan,nan,nan,nan,nan,nan,nan,nan,nan,nan,nan,nan,nan,nan,nan,nan,nan,nan,nan,nan,nan,nan,nan,nan,nan,nan,nan,nan,nan,nan,nan,nan,nan,nan,nan,nan,nan,nan,nan,nan
37.300,DOCKING,1.000948,-0.803593,0.351278,0.482431,0.374601,-0.210072,-0.058986,4.923276,-91.285535,29.517568,5.349475,-2.299799,0.058986,0.000000,0.000000,-23.263413,4.119683,-90.934257,29.999999,5.724075,-2.509872,0.000001,0.000000,0.000000,-23.676314,4.356605,-91.038545,29.645252,5.983469,-2.651717,-0.016187,0.000000,0.000000,0.000000,-0.803593,0.351278,0.482431,1.000948,0.374601,-0.210072,-0.058986,0.433515,nan,nan,nan,0,nan,nan,nan,0,nan,nan,nan,nan,nan,nan,nan,nan,nan,nan,nan,nan,nan,nan,nan,nan,nan,nan,nan,nan,nan,nan,nan,nan,nan,nan,nan,nan,nan,nan,nan,nan,nan,nan,nan,nan,nan,nan,nan,nan,nan,nan,nan,nan,nan,nan,nan,nan,nan,nan,nan,nan,nan,nan,nan,nan,nan,nan,nan,nan,nan,nan,nan,nan,nan,nan,nan,nan,nan,nan,nan,nan,nan,nan,nan,nan,nan,nan,nan,nan
37.340,DOCKING,1.000948,-0.803593,0.351278,0.482431,0.374601,-0.210072,-0.058986,5.188406,-91.404083,29.525465,5.302593,-2.370961,0.157929,0.000000,0.000000,-24.090967,4.404870,-91.059304,29.999999,5.703722,-2.500947,0.000001,0.000000,0.000000,-23.676314,4.356605,-91.038545,29.645252,5.982598,-2.667348,0.030245,0.000000,0.000000,0.000000,-0.783536,0.344779,0.474534,0.978767,0.401129,-0.129986,-0.157928,0.450269,nan,nan,nan,0,nan,nan,nan,0,nan,nan,nan,nan,nan,nan,nan,nan,nan,nan,nan,nan,nan,nan,nan,nan,nan,nan,nan,nan,nan,nan,nan,nan,nan,nan,nan,nan,nan,nan,nan,nan,nan,nan,nan,nan,nan,nan,nan,nan,nan,nan,nan,nan,nan,nan,nan,nan,nan,nan,nan,nan,nan,nan,nan,nan,nan,nan,nan,nan,nan,nan,nan,nan,nan,nan,nan,nan,nan,nan,nan,nan,nan,nan,nan,nan,nan,nan,nan,nan
37.400,DOCKING,0.959297,-0.765347,0.334489,0.471817,0.363784,-0.205788,-0.054342,5.454431,-91.518415,29.528182,5.320509,-2.286640,0.054343,0.000000,0.000000,-23.256988,4.689084,-91.183926,29.999999,5.684294,-2.492428,0.000001,0.000000,0.000000,-23.676314,4.896467,-91.275265,29.654895,5.944753,-2.634284,-0.019755,0.000000,0.000000,0.000000,-0.765347,0.334489,0.471817,0.959297,0.363784,-0.205788,-0.054342,0.421475,nan,nan,nan,0,nan,nan,nan,0,nan,nan,nan,nan,nan,nan,nan,nan,nan,nan,nan,nan,nan,nan,nan,nan,nan,nan,nan,nan,nan,nan,nan,nan,nan,nan,nan,nan,nan,nan,nan,nan,nan,nan,nan,nan,nan,nan,nan,nan,nan,nan,nan,nan,nan,nan,nan,nan,nan,nan,nan,nan,nan,nan,nan,nan,nan,nan,nan,nan,nan,nan,nan,nan,nan,nan,nan,nan,nan,nan,nan,nan,nan,nan,nan,nan,nan,nan,nan,nan
37.440,DOCKING,0.959297,-0.765347,0.334489,0.471817,0.363784,-0.205788,-0.054342,5.718086,-91.636340,29.536307,5.273095,-2.358500,0.162503,0.000000,0.000000,-24.097555,4.972231,-91.308079,29.999999,5.662938,-2.483064,0.000001,0.000000,0.000000,-23.676314,4.896467,-91.275265,29.654895,5.942652,-2.650279,0.035790,0.000000,0.000000,0.000000,-0.745855,0.328261,0.463692,0.937585,0.389843,-0.124565,-0.162502,0.440342,nan,nan,nan,0,nan,nan,nan,0,nan,nan,nan,nan,nan,nan,nan,nan,nan,nan,nan,nan,nan,nan,nan,nan,nan,nan,nan,nan,nan,nan,nan,nan,nan,nan,nan,nan,nan,nan,nan,nan,nan,nan,nan,nan,nan,nan,nan,nan,nan,nan,nan,nan,nan,nan,nan,nan,nan,nan,nan,nan,nan,nan,nan,nan,nan,nan,nan,nan,nan,nan,nan,nan,nan,nan,nan,nan,nan,nan,nan,nan,nan,nan,nan,nan,nan,nan,nan,nan
37.500,DOCKING,0.918663,-0.728269,0.318213,0.460769,0.351725,-0.200954,-0.058472,5.982629,-91.749999,29.539231,5.290863,-2.273187,0.058473,0.000000,0.000000,-23.250487,5.254361,-91.431786,29.999999,5.642588,-2.474141,0.000001,0.000000,0.000000,-23.676314,5.434260,-91.511077,29.664087,5.904135,-2.616022,-0.014210,0.000000,0.000000,0.000000,-0.728269,0.318213,0.460769,0.918663,0.351725,-0.200954,-0.058472,0.409282,nan,nan,nan,0,nan,nan,nan,0,nan,nan,nan,nan,nan,nan,nan,nan,nan,nan,nan,nan,nan,nan,nan,nan,nan,nan,nan,nan,nan,nan,nan,nan,nan,nan,nan,nan,nan,nan,nan,nan,nan,nan,nan,nan,nan,nan,nan,nan,nan,nan,nan,nan,nan,nan,nan,nan,nan,nan,nan,nan,nan,nan,nan,nan,nan,nan,nan,nan,nan,nan,nan,nan,nan,nan,nan,nan,nan,nan,nan,nan,nan,nan,nan,nan,nan,nan,nan,nan
37.540,DOCKING,0.918663,-0.728269,0.318213,0.460769,0.351725,-0.200954,-0.058472,6.244766,-91.867282,29.546951,5.242741,-2.345655,0.154414,0.000000,0.000000,-24.104219,5.535373,-91.555003,29.999999,5.620241,-2.464343,0.000001,0.000000,0.000000,-23.676314,5.434260,-91.511077,29.664087,5.900784,-2.632362,0.029557,0.000000,0.000000,0.000000,-0.709394,0.312279,0.453048,0.897780,0.377500,-0.118688,-0.154413,0.424778,nan,nan,nan,0,nan,nan,nan,0,nan,nan,nan,nan,nan,nan,nan,nan,nan,nan,nan,nan,nan,nan,nan,nan,nan,nan,nan,nan,nan,nan,nan,nan,nan,nan,nan,nan,nan,nan,nan,nan,nan,nan,nan,nan,nan,nan,nan,nan,nan,nan,nan,nan,nan,nan,nan,nan,nan,nan,nan,nan,nan,nan,nan,nan,nan,nan,nan,nan,nan,nan,nan,nan,nan,nan,nan,nan,nan,nan,nan,nan,nan,nan,nan,nan,nan,nan,nan,nan
37.600,DOCKING,0.879747,-0.692453,0.302492,0.450514,0.338806,-0.195737,-0.050685,6.507791,-91.980253,29.549486,5.260489,-2.259421,0.050686,0.000000,0.000000,-23.243904,5.815337,-91.677761,29.999999,5.599295,-2.455158,0.000001,0.000000,0.000000,-23.676314,5.970109,-91.746036,29.673050,5.861601,-2.596928,-0.020443,0.000000,0.000000,0.000000,-0.692453,0.302492,0.450514,0.879747,0.338806,-0.195737,-0.050685,0.394553,nan,nan,nan,0,nan,nan,nan,0,nan,nan,nan,nan,nan,nan,nan,nan,nan,nan,nan,nan,nan,nan,nan,nan,nan,nan,nan,nan,nan,nan,nan,nan,nan,nan,nan,nan,nan,nan,nan,nan,nan,nan,nan,nan,nan,nan,nan,nan,nan,nan,nan,nan,nan,nan,nan,nan,nan,nan,nan,nan,nan,nan,nan,nan,nan,nan,nan,nan,nan,nan,nan,nan,nan,nan,nan,nan,nan,nan,nan,nan,nan,nan,nan,nan,nan,nan,nan,nan
37.640,DOCKING,0.879747,-0.692453,0.302492,0.450514,0.338806,-0.195737,-0.050685,6.768396,-92.096887,29.557606,5.212114,-2.332683,0.162405,0.000000,0.000000,-24.110916,6.094152,-91.800014,29.999999,5.576286,-2.445069,0.000001,0.000000,0.000000,-23.676314,5.970109,-91.746036,29.673050,5.857332,-2.613744,0.038841,0.000000,0.000000,0.000000,-0.674245,0.296873,0.442393,0.859332,0.364172,-0.112386,-0.162404,0.414279,nan,nan,nan,0,nan,nan,nan,0,nan,nan,nan,nan,nan,nan,nan,nan,nan,nan,nan,nan,nan,nan,nan,nan,nan,nan,nan,nan,nan,nan,nan,nan,nan,nan,nan,nan,nan,nan,nan,nan,nan,nan,nan,nan,nan,nan,nan,nan,nan,nan,nan,nan,nan,nan,nan,nan,nan,nan,nan,nan,nan,nan,nan,nan,nan,nan,nan,nan,nan,nan,nan,nan,nan,nan,nan,nan,nan,nan,nan,nan,nan,nan,nan,nan,nan,nan,nan,nan
37.700,DOCKING,0.841851,-0.658009,0.287373,0.439493,0.324712,-0.189999,-0.057999,7.029893,-92.209166,29.560506,5.229938,-2.245584,0.058000,0.000000,0.000000,-23.237282,6.371884,-91.921793,29.999999,5.554651,-2.435583,0.000001,0.000000,0.000000,-23.676314,6.503563,-91.979944,29.681441,5.817808,-2.577287,-0.011159,0.000000,0.000000,0.000000,-0.658009,0.287373,0.439493,0.841851,0.324712,-0.189999,-0.057999,0.380659,nan,nan,nan,0,nan,nan,nan,0,nan,nan,nan,nan,nan,nan,nan,nan,nan,nan,nan,nan,nan,nan,nan,nan,nan,nan,nan,nan,nan,nan,nan,nan,nan,nan,nan,nan,nan,nan,nan,nan,nan,nan,nan,nan,nan,nan,nan,nan,nan,nan,nan,nan,nan,nan,nan,nan,nan,nan,nan,nan,nan,nan,nan,nan,nan,nan,nan,nan,nan,nan,nan,nan,nan,nan,nan,nan,nan,nan,nan,nan,nan,nan,nan,nan,nan,nan,nan,nan
37.740,DOCKING,0.841851,-0.658009,0.287373,0.439493,0.324712,-0.189999,-0.057999,7.288940,-92.325139,29.567947,5.180933,-2.319461,0.148820,0.000000,0.000000,-24.117672,6.648429,-92.043052,29.999999,5.530898,-2.425168,0.000001,0.000000,0.000000,-23.676314,6.503563,-91.979944,29.681441,5.812529,-2.594528,0.027885,0.000000,0.000000,0.000000,-0.640511,0.282087,0.432052,0.822494,0.349965,-0.105707,-0.148820,0.394711,nan,nan,nan,0,nan,nan,nan,0,nan,nan,nan,nan,nan,nan,nan,nan,nan,nan,nan,nan,nan,nan,nan,nan,nan,nan,nan,nan,nan,nan,nan,nan,nan,nan,nan,nan,nan,nan,nan,nan,nan,nan,nan,nan,nan,nan,nan,nan,nan,nan,nan,nan,nan,nan,nan,nan,nan,nan,nan,nan,nan,nan,nan,nan,nan,nan,nan,nan,nan,nan,nan,nan,nan,nan,nan,nan,nan,nan,nan,nan,nan,nan,nan,nan,nan,nan,nan,nan
37.800,DOCKING,0.806117,-0.625003,0.272885,0.429802,0.310157,-0.184053,-0.045016,7.548888,-92.436717,29.570198,5.198956,-2.231563,0.045017,0.000000,0.000000,-23.230600,6.923885,-92.163833,29.999999,5.509113,-2.415616,0.000001,0.000000,0.000000,-23.676314,7.034929,-92.212937,29.689653,5.772579,-2.557024,-0.022115,0.000000,0.000000,0.000000,-0.625003,0.272885,0.429802,0.806117,0.310157,-0.184053,-0.045016,0.363454,nan,nan,nan,0,nan,nan,nan,0,nan,nan,nan,nan,nan,nan,nan,nan,nan,nan,nan,nan,nan,nan,nan,nan,nan,nan,nan,nan,nan,nan,nan,nan,nan,nan,nan,nan,nan,nan,nan,nan,nan,nan,nan,nan,nan,nan,nan,nan,nan,nan,nan,nan,nan,nan,nan,nan,nan,nan,nan,nan,nan,nan,nan,nan,nan,nan,nan,nan,nan,nan,nan,nan,nan,nan,nan,nan,nan,nan,nan,nan,nan,nan,nan,nan,nan,nan,nan,nan
37.840,DOCKING,0.806117,-0.625003,0.272885,0.429802,0.310157,-0.184053,-0.045016,7.806392,-92.552036,29.578353,5.150086,-2.306379,0.163099,0.000000,0.000000,-24.124413,7.198142,-92.284088,29.999999,5.485144,-2.405106,0.000001,0.000000,0.000000,-23.676314,7.034929,-92.212937,29.689653,5.766836,-2.574915,0.043644,0.000000,0.000000,0.000000,-0.608250,0.267948,0.421647,0.787115,0.335058,-0.098727,-0.163099,0.385502,nan,nan,nan,0,nan,nan,nan,0,nan,nan,nan,nan,nan,nan,nan,nan,nan,nan,nan,nan,nan,nan,nan,nan,nan,nan,nan,nan,nan,nan,nan,nan,nan,nan,nan,nan,nan,nan,nan,nan,nan,nan,nan,nan,nan,nan,nan,nan,nan,nan,nan,nan,nan,nan,nan,nan,nan,nan,nan,nan,nan,nan,nan,nan,nan,nan,nan,nan,nan,nan,nan,nan,nan,nan,nan,nan,nan,nan,nan,nan,nan,nan,nan,nan,nan,nan,nan,nan
37.900,COMPLETED,0.771188,-0.593528,0.259069,0.418736,0.294441,-0.177592,-0.058222,8.064813,-92.662924,29.581264,5.168427,-2.217747,0.058223,0.000000,0.000000,-23.223933,7.471285,-92.403855,29.999999,5.462868,-2.395339,0.000000,0.000000,0.000000,-23.676314,-32.857890,-75.368514,28.365366,5.826980,-2.436606,-0.006356,0.000000,0.000000,0.000000,-0.593528,0.259069,0.418736,0.771188,0.294441,-0.177592,-0.058222,0.348747,nan,nan,nan,0,nan,nan,nan,0,nan,nan,nan,nan,nan,nan,nan,nan,nan,nan,nan,nan,nan,nan,nan,nan,nan,nan,nan,nan,nan,nan,nan,nan,nan,nan,nan,nan,nan,nan,nan,nan,nan,nan,nan,nan,nan,nan,nan,nan,nan,nan,nan,nan,nan,nan,nan,nan,nan,nan,nan,nan,nan,nan,nan,nan,nan,nan,nan,nan,nan,nan,nan,nan,nan,nan,nan,nan,nan,nan,nan,nan,nan,nan,nan,nan,nan,nan,nan,nan
37.940,COMPLETED,0.771188,-0.593528,0.259069,0.418736,0.294441,-0.177592,-0.058222,8.316985,-92.767561,29.577925,5.043427,-2.092747,-0.066777,0.000000,0.000000,-22.535779,7.743204,-92.523085,29.999999,5.438374,-2.384598,0.000000,0.000000,0.000000,-23.676314,-32.550828,-75.458584,28.411145,5.926980,-2.336606,0.093644,0.000000,0.000000,0.000000,-0.573781,0.244476,0.422074,0.753087,0.394947,-0.291852,0.066778,0.495601,nan,nan,nan,0,nan,nan,nan,0,nan,nan,nan,nan,nan,nan,nan,nan,nan,nan,nan,nan,nan,nan,nan,nan,nan,nan,nan,nan,nan,nan,nan,nan,nan,nan,nan,nan,nan,nan,nan,nan,nan,nan,nan,nan,nan,nan,nan,nan,nan,nan,nan,nan,nan,nan,nan,nan,nan,nan,nan,nan,nan,nan,nan,nan,nan,nan,nan,nan,nan,nan,nan,nan,nan,nan,nan,nan,nan,nan,nan,nan,nan,nan,nan,nan,nan,nan,nan,nan
38.000,COMPLETED,0.733919,-0.549504,0.224388,0.431663,0.485540,-0.401765,0.191778,8.562906,-92.865948,29.568336,4.918427,-1.967747,-0.191777,0.000000,0.000000,-21.805184,8.013402,-92.641560,29.999999,5.403967,-2.369512,0.000000,0.000000,0.000000,-23.676314,-32.090853,-75.595778,28.479813,6.076980,-2.307459,0.243644,0.000000,0.000000,0.000000,-0.549504,0.224388,0.431663,0.733919,0.485540,-0.401765,0.191778,0.658743,nan,nan,nan,0,nan,nan,nan,0,nan,nan,nan,nan,nan,nan,nan,nan,nan,nan,nan,nan,nan,nan,nan,nan,nan,nan,nan,nan,nan,nan,nan,nan,nan,nan,nan,nan,nan,nan,nan,nan,nan,nan,nan,nan,nan,nan,nan,nan,nan,nan,nan,nan,nan,nan,nan,nan,nan,nan,nan,nan,nan,nan,nan,nan,nan,nan,nan,nan,nan,nan,nan,nan,nan,nan,nan,nan,nan,nan,nan,nan,nan,nan,nan,nan,nan,nan,nan,nan
38.040,COMPLETED,0.733919,-0.549504,0.224388,0.431663,0.485540,-0.401765,0.191778,8.802577,-92.958086,29.552497,4.793427,-1.842747,-0.316777,0.000000,0.000000,-21.028356,8.281405,-92.759073,29.999999,5.360046,-2.350253,0.000000,0.000000,0.000000,-23.676314,-31.784621,-75.688633,28.525592,6.176980,-2.335273,0.343644,0.000000,0.000000,0.000000,-0.521173,0.199013,0.447502,0.715182,0.566619,-0.507507,0.316778,0.823995,nan,nan,nan,0,nan,nan,nan,0,nan,nan,nan,nan,nan,nan,nan,nan,nan,nan,nan,nan,nan,nan,nan,nan,nan,nan,nan,nan,nan,nan,nan,nan,nan,nan,nan,nan,nan,nan,nan,nan,nan,nan,nan,nan,nan,nan,nan,nan,nan,nan,nan,nan,nan,nan,nan,nan,nan,nan,nan,nan,nan,nan,nan,nan,nan,nan,nan,nan,nan,nan,nan,nan,nan,nan,nan,nan,nan,nan,nan,nan,nan,nan,nan,nan,nan,nan,nan,nan
38.100,COMPLETED,0.698708,-0.489163,0.168515,0.469591,0.640200,-0.609961,0.441778,9.035999,-93.043973,29.530408,4.668427,-1.717747,-0.441777,0.000000,0.000000,-20.201080,8.546836,-92.875458,30.000000,5.308627,-2.327707,0.000000,0.000000,0.000000,-23.676314,-31.325911,-75.830000,28.594261,6.326980,-2.376935,0.493644,0.000000,0.000000,0.000000,-0.489163,0.168515,0.469591,0.698708,0.640200,-0.609961,0.441778,0.988471,nan,nan,nan,0,nan,nan,nan,0,nan,nan,nan,nan,nan,nan,nan,nan,nan,nan,nan,nan,nan,nan,nan,nan,nan,nan,nan,nan,nan,nan,nan,nan,nan,nan,nan,nan,nan,nan,nan,nan,nan,nan,nan,nan,nan,nan,nan,nan,nan,nan,nan,nan,nan,nan,nan,nan,nan,nan,nan,nan,nan,nan,nan,nan,nan,nan,nan,nan,nan,nan,nan,nan,nan,nan,nan,nan,nan,nan,nan,nan,nan,nan,nan,nan,nan,nan,nan,nan
38.140,COMPLETED,0.698708,-0.489163,0.168515,0.469591,0.640200,-0.609961,0.441778,9.263170,-93.123610,29.514569,4.543427,-1.592747,-0.316777,0.000000,0.000000,-19.318657,8.811074,-92.991320,30.000000,5.284758,-2.317241,0.000000,0.000000,0.000000,-23.676314,-31.020535,-75.925632,28.640040,6.426980,-2.404670,0.593644,0.000000,0.000000,0.000000,-0.452096,0.132290,0.485430,0.676412,0.741331,-0.724495,0.316778,1.083888,nan,nan,nan,0,nan,nan,nan,0,nan,nan,nan,nan,nan,nan,nan,nan,nan,nan,nan,nan,nan,nan,nan,nan,nan,nan,nan,nan,nan,nan,nan,nan,nan,nan,nan,nan,nan,nan,nan,nan,nan,nan,nan,nan,nan,nan,nan,nan,nan,nan,nan,nan,nan,nan,nan,nan,nan,nan,nan,nan,nan,nan,nan,nan,nan,nan,nan,nan,nan,nan,nan,nan,nan,nan,nan,nan,nan,nan,nan,nan,nan,nan,nan,nan,nan,nan,nan,nan
38.200,COMPLETED,0.649303,-0.410320,0.090491,0.495019,0.835522,-0.835986,0.191778,9.484091,-93.196998,29.504981,4.418427,-1.467747,-0.191777,0.000000,0.000000,-18.375847,9.073771,-93.106507,30.000000,5.253949,-2.303732,0.000000,0.000000,0.000000,-23.676314,-30.563128,-76.071159,28.708709,6.576980,-2.446214,0.743644,0.000000,0.000000,0.000000,-0.410320,0.090491,0.495019,0.649303,0.835522,-0.835986,0.191778,1.197392,nan,nan,nan,0,nan,nan,nan,0,nan,nan,nan,nan,nan,nan,nan,nan,nan,nan,nan,nan,nan,nan,nan,nan,nan,nan,nan,nan,nan,nan,nan,nan,nan,nan,nan,nan,nan,nan,nan,nan,nan,nan,nan,nan,nan,nan,nan,nan,nan,nan,nan,nan,nan,nan,nan,nan,nan,nan,nan,nan,nan,nan,nan,nan,nan,nan,nan,nan,nan,nan,nan,nan,nan,nan,nan,nan,nan,nan,nan,nan,nan,nan,nan,nan,nan,nan,nan,nan
38.240,COMPLETED,0.649303,-0.410320,0.090491,0.495019,0.835522,-0.835986,0.191778,9.698763,-93.264135,29.501642,4.293427,-1.342747,-0.066777,0.000000,0.000000,-17.366798,9.334619,-93.220883,30.000000,5.216953,-2.287510,0.000000,0.000000,0.000000,-23.676314,-30.258634,-76.169560,28.754488,6.676980,-2.473870,0.843644,0.000000,0.000000,0.000000,-0.364144,0.043252,0.498358,0.618734,0.923526,-0.944764,0.066778,1.322852,nan,nan,nan,0,nan,nan,nan,0,nan,nan,nan,nan,nan,nan,nan,nan,nan,nan,nan,nan,nan,nan,nan,nan,nan,nan,nan,nan,nan,nan,nan,nan,nan,nan,nan,nan,nan,nan,nan,nan,nan,nan,nan,nan,nan,nan,nan,nan,nan,nan,nan,nan,nan,nan,nan,nan,nan,nan,nan,nan,nan,nan,nan,nan,nan,nan,nan,nan,nan,nan,nan,nan,nan,nan,nan,nan,nan,nan,nan,nan,nan,nan,nan,nan,nan,nan,nan,nan
38.301,COMPLETED,0.586542,-0.313811,-0.009318,0.495447,1.006651,-1.051403,-0.058222,9.907184,-93.325022,29.504553,4.168427,-1.217747,0.058223,0.000000,0.000000,-16.284972,9.593373,-93.334340,30.000000,5.175078,-2.269149,0.000000,0.000000,0.000000,-23.676314,-29.802567,-76.319236,28.823156,6.826980,-2.515292,0.993644,0.000000,0.000000,0.000000,-0.313811,-0.009318,0.495447,0.586542,1.006651,-1.051403,-0.058222,1.456772,nan,nan,nan,0,nan,nan,nan,0,nan,nan,nan,nan,nan,nan,nan,nan,nan,nan,nan,nan,nan,nan,nan,nan,nan,nan,nan,nan,nan,nan,nan,nan,nan,nan,nan,nan,nan,nan,nan,nan,nan,nan,nan,nan,nan,nan,nan,nan,nan,nan,nan,nan,nan,nan,nan,nan,nan,nan,nan,nan,nan,nan,nan,nan,nan,nan,nan,nan,nan,nan,nan,nan,nan,nan,nan,nan,nan,nan,nan,nan,nan,nan,nan,nan,nan,nan,nan,nan
38.340,COMPLETED,0.586542,-0.313811,-0.009318,0.495447,1.006651,-1.051403,-0.058222,10.109355,-93.379660,29.513714,4.043427,-1.092747,0.183223,0.000000,0.000000,-15.123063,9.849901,-93.446822,30.000000,5.130560,-2.249629,0.000000,0.000000,0.000000,-23.676314,-29.498979,-76.420399,28.868935,6.926980,-2.542865,1.093644,0.000000,0.000000,0.000000,-0.259454,-0.067162,0.486286,0.555249,1.087133,-1.156883,-0.183222,1.598063,nan,nan,nan,0,nan,nan,nan,0,nan,nan,nan,nan,nan,nan,nan,nan,nan,nan,nan,nan,nan,nan,nan,nan,nan,nan,nan,nan,nan,nan,nan,nan,nan,nan,nan,nan,nan,nan,nan,nan,nan,nan,nan,nan,nan,nan,nan,nan,nan,nan,nan,nan,nan,nan,nan,nan,nan,nan,nan,nan,nan,nan,nan,nan,nan,nan,nan,nan,nan,nan,nan,nan,nan,nan,nan,nan,nan,nan,nan,nan,nan,nan,nan,nan,nan,nan,nan,nan
38.400,COMPLETED,0.528309,-0.201019,-0.130304,0.470875,1.168708,-1.262842,-0.308222,10.305277,-93.428047,29.529125,3.918427,-0.967747,0.308223,0.000000,0.000000,-13.872909,10.104258,-93.558351,30.000000,5.087135,-2.230588,0.000000,0.000000,0.000000,-23.676314,-29.044290,-76.574210,28.937604,7.076980,-2.584162,1.144477,0.000000,0.000000,0.000000,-0.201019,-0.130304,0.470875,0.528309,1.168708,-1.262842,-0.308222,1.748041,nan,nan,nan,0,nan,nan,nan,0,nan,nan,nan,nan,nan,nan,nan,nan,nan,nan,nan,nan,nan,nan,nan,nan,nan,nan,nan,nan,nan,nan,nan,nan,nan,nan,nan,nan,nan,nan,nan,nan,nan,nan,nan,nan,nan,nan,nan,nan,nan,nan,nan,nan,nan,nan,nan,nan,nan,nan,nan,nan,nan,nan,nan,nan,nan,nan,nan,nan,nan,nan,nan,nan,nan,nan,nan,nan,nan,nan,nan,nan,nan,nan,nan,nan,nan,nan,nan,nan
38.440,COMPLETED,0.528309,-0.201019,-0.130304,0.470875,1.168708,-1.262842,-0.308222,10.494948,-93.470184,29.550786,3.793427,-0.842747,0.433223,0.000000,0.000000,-12.525394,10.356796,-93.669083,30.000000,5.050756,-2.214637,0.000000,0.000000,0.000000,-23.676314,-28.741633,-76.678126,28.983383,7.176980,-2.611650,1.144477,0.000000,0.000000,0.000000,-0.138153,-0.198898,0.449213,0.510333,1.257329,-1.371890,-0.433222,1.910665,nan,nan,nan,0,nan,nan,nan,0,nan,nan,nan,nan,nan,nan,nan,nan,nan,nan,nan,nan,nan,nan,nan,nan,nan,nan,nan,nan,nan,nan,nan,nan,nan,nan,nan,nan,nan,nan,nan,nan,nan,nan,nan,nan,nan,nan,nan,nan,nan,nan,nan,nan,nan,nan,nan,nan,nan,nan,nan,nan,nan,nan,nan,nan,nan,nan,nan,nan,nan,nan,nan,nan,nan,nan,nan,nan,nan,nan,nan,nan,nan,nan,nan,nan,nan,nan,nan,nan
38.500,COMPLETED,0.507042,-0.070076,-0.273287,0.421302,1.361528,-1.487769,-0.558222,10.678370,-93.506072,29.578697,3.668427,-0.717747,0.558223,0.000000,0.000000,-11.070367,10.608293,-93.779359,30.000000,5.029955,-2.205516,0.000000,0.000000,0.000000,-23.676314,-28.288360,-76.836061,29.052052,7.326980,-2.652818,1.144477,0.000000,0.000000,0.000000,-0.070076,-0.273287,0.421302,0.507042,1.361528,-1.487769,-0.558222,2.092565,nan,nan,nan,0,nan,nan,nan,0,nan,nan,nan,nan,nan,nan,nan,nan,nan,nan,nan,nan,nan,nan,nan,nan,nan,nan,nan,nan,nan,nan,nan,nan,nan,nan,nan,nan,nan,nan,nan,nan,nan,nan,nan,nan,nan,nan,nan,nan,nan,nan,nan,nan,nan,nan,nan,nan,nan,nan,nan,nan,nan,nan,nan,nan,nan,nan,nan,nan,nan,nan,nan,nan,nan,nan,nan,nan,nan,nan,nan,nan,nan,nan,nan,nan,nan,nan,nan,nan
