t,phase,relative_distance,rel_x,rel_y,rel_z,rel_vx,rel_vy,rel_vz,carrier_x,carrier_y,carrier_z,carrier_vx,carrier_vy,carrier_vz,carrier_roll_deg,carrier_pitch_deg,carrier_yaw_deg,mini_x,mini_y,mini_z,mini_vx,mini_vy,mini_vz,mini_roll_deg,mini_pitch_deg,mini_yaw_deg,carrier_sp_x,carrier_sp_y,carrier_sp_z,carrier_cmd_vx,carrier_cmd_vy,carrier_cmd_vz,mini_target_x,mini_target_y,mini_target_z,measured_rel_x,measured_rel_y,measured_rel_z,measured_rel_distance,measured_rel_vx,measured_rel_vy,measured_rel_vz,measured_rel_speed,mini_px4_true_airspeed_mps,mini_px4_throttle_filtered,mini_px4_global_alt_m,mini_px4_global_alt_valid,mini_px4_local_z_m,mini_px4_local_vz_mps,mini_px4_local_ref_alt_m,mini_px4_local_z_global_valid,mini_px4_local_alt_from_ref_m,mini_px4_alt_source_delta_m,mini_tecs_altitude_sp_m,mini_tecs_altitude_reference_m,mini_tecs_height_rate_reference_mps,mini_tecs_height_rate_sp_mps,mini_tecs_height_rate_mps,mini_tecs_true_airspeed_sp_mps,mini_tecs_true_airspeed_filtered_mps,mini_tecs_throttle_sp,mini_tecs_throttle_trim,mini_tecs_pitch_sp_deg,mini_tecs_underspeed_ratio,mini_tecs_fast_descend_ratio,mini_tecs_total_energy_rate_sp,mini_tecs_total_energy_rate,mini_fw_altitude_sp_m,mini_fw_height_rate_sp_mps,mini_fw_equivalent_airspeed_sp_mps,mini_fw_pitch_direct_deg,mini_fw_throttle_direct,mini_attitude_sp_thrust_x,mini_terminal_straight_active,mini_terminal_sync_active,mini_terminal_sync_score,mini_terminal_sync_best_score,mini_terminal_sync_release_ready,mini_terminal_sync_good_count,mini_terminal_sync_plateau_count,mini_terminal_sync_cluster_code,mini_terminal_sync_distance_xy,mini_terminal_sync_line_progress,mini_terminal_sync_line_lateral_error,mini_terminal_sync_height_error,mini_terminal_sync_distance_score,mini_terminal_sync_progress_score,mini_terminal_sync_lateral_score,mini_terminal_sync_height_score,mini_handoff_tangent_active,mini_handoff_distance_xy,mini_handoff_line_progress,mini_handoff_line_lateral_error,mini_handoff_height_error,mini_handoff_geom_ready,mini_energy_guard_active,mini_energy_guard_bad_airspeed,mini_energy_guard_bad_underspeed,mini_energy_guard_true_airspeed_mps,mini_energy_guard_underspeed_ratio,mini_energy_guard_recover_time_remaining_sec,controller_phase_code,controller_tracking_horizontal_distance,controller_tracking_along_error,controller_tracking_lateral_error,controller_tracking_along_speed,controller_tracking_lateral_speed,controller_terminal_distance,controller_terminal_along_error,controller_terminal_lateral_error,controller_terminal_vertical_error,controller_target_along_speed,controller_target_lateral_speed,controller_relative_speed,controller_min_docking_distance,controller_rendezvous_corridor_active,controller_passive_target_mode,controller_corridor_release_score,controller_corridor_release_armed,controller_corridor_release_accept_counter,controller_completion_hold_counter,controller_tracking_rearm_guard_enabled,controller_tracking_rearm_guard_used,controller_tracking_rearm_last_trigger_code,controller_passive_docking_entry_count,controller_passive_docking_last_exit_trigger_code,controller_debug_25,controller_debug_26,controller_debug_27,controller_debug_28,controller_debug_29
0.040,IDLE,289.622806,233.461166,171.363492,-3.436250,-1.635035,7.900000,-1.000000,-145.563492,-161.563492,7.846250,0.000000,0.000000,2.200000,0.000000,0.000000,0.000000,87.897674,9.800000,4.410000,-1.635035,7.900000,1.200000,0.000000,0.000000,101.693208,-145.563492,-161.563492,30.000000,0.000000,0.000000,0.000000,0.000000,0.000000,0.000000,233.461166,171.363492,-3.436250,289.622806,-1.635035,7.900000,-1.000000,8.129166,nan,nan,nan,0,nan,nan,nan,0,nan,nan,nan,nan,nan,nan,nan,nan,nan,nan,nan,nan,nan,nan,nan,nan,nan,nan,nan,nan,nan,nan,nan,nan,nan,nan,nan,nan,nan,nan,nan,nan,nan,nan,nan,nan,nan,nan,nan,nan,nan,nan,nan,nan,nan,nan,nan,nan,nan,nan,nan,nan,nan,nan,nan,nan,nan,nan,nan,nan,nan,nan,nan,nan,nan,nan,nan,nan,nan,nan,nan,nan,nan,nan,nan,nan,nan,nan,nan,nan
0.080,IDLE,289.622806,233.461166,171.363492,-3.436250,-1.635035,7.900000,-1.000000,-145.563492,-161.563492,7.956250,0.000000,0.000000,2.200000,0.000000,0.000000,0.000000,87.813497,10.200000,4.470000,-1.683527,8.000000,1.200000,0.000000,0.000000,101.883968,-145.563492,-161.563492,30.000000,0.000000,0.000000,0.000000,0.000000,0.000000,0.000000,233.376989,171.763492,-3.486250,289.792461,-1.683527,8.000000,-1.000000,8.236156,nan,nan,nan,0,nan,nan,nan,0,nan,nan,nan,nan,nan,nan,nan,nan,nan,nan,nan,nan,nan,nan,nan,nan,nan,nan,nan,nan,nan,nan,nan,nan,nan,nan,nan,nan,nan,nan,nan,nan,nan,nan,nan,nan,nan,nan,nan,nan,nan,nan,nan,nan,nan,nan,nan,nan,nan,nan,nan,nan,nan,nan,nan,nan,nan,nan,nan,nan,nan,nan,nan,nan,nan,nan,nan,nan,nan,nan,nan,nan,nan,nan,nan,nan,nan,nan,nan,nan
0.140,IDLE,289.963577,233.290336,172.168492,-3.536250,-1.733056,8.100000,-1.000000,-145.563492,-161.563492,8.066250,0.000000,0.000000,2.200000,0.000000,0.000000,0.000000,87.726845,10.605000,4.530000,-1.733056,8.100000,1.200000,0.000000,0.000000,102.076781,-145.563492,-161.563492,30.000000,0.000000,0.000000,0.000000,0.000000,0.000000,0.000000,233.290336,172.168492,-3.536250,289.963577,-1.733056,8.100000,-1.000000,8.343470,nan,nan,nan,0,nan,nan,nan,0,nan,nan,nan,nan,nan,nan,nan,nan,nan,nan,nan,nan,nan,nan,nan,nan,nan,nan,nan,nan,nan,nan,nan,nan,nan,nan,nan,nan,nan,nan,nan,nan,nan,nan,nan,nan,nan,nan,nan,nan,nan,nan,nan,nan,nan,nan,nan,nan,nan,nan,nan,nan,nan,nan,nan,nan,nan,nan,nan,nan,nan,nan,nan,nan,nan,nan,nan,nan,nan,nan,nan,nan,nan,nan,nan,nan,nan,nan,nan,nan
0.180,IDLE,289.963577,233.290336,172.168492,-3.536250,-1.733056,8.100000,-1.000000,-145.563492,-161.563492,8.176250,0.000000,0.000000,2.200000,0.000000,0.000000,0.000000,87.637663,11.015000,4.590000,-1.783640,8.200000,1.200000,0.000000,0.000000,102.271656,-145.563492,-161.563492,30.000000,0.000000,0.000000,0.000000,0.000000,0.000000,0.000000,233.201154,172.578492,-3.586250,290.136133,-1.783640,8.200000,-1.000000,8.451117,nan,nan,nan,0,nan,nan,nan,0,nan,nan,nan,nan,nan,nan,nan,nan,nan,nan,nan,nan,nan,nan,nan,nan,nan,nan,nan,nan,nan,nan,nan,nan,nan,nan,nan,nan,nan,nan,nan,nan,nan,nan,nan,nan,nan,nan,nan,nan,nan,nan,nan,nan,nan,nan,nan,nan,nan,nan,nan,nan,nan,nan,nan,nan,nan,nan,nan,nan,nan,nan,nan,nan,nan,nan,nan,nan,nan,nan,nan,nan,nan,nan,nan,nan,nan,nan,nan,nan
0.240,IDLE,290.310107,233.109390,172.993492,-3.636250,-1.835295,8.300000,-1.000000,-145.563492,-161.563492,8.286250,0.000000,0.000000,2.200000,0.000000,0.000000,0.000000,87.545898,11.430000,4.650000,-1.835295,8.300000,1.200000,0.000000,0.000000,102.468605,-145.563492,-161.563492,30.000000,0.000000,0.000000,0.000000,0.000000,0.000000,0.000000,233.109390,172.993492,-3.636250,290.310107,-1.835295,8.300000,-1.000000,8.559107,nan,nan,nan,0,nan,nan,nan,0,nan,nan,nan,nan,nan,nan,nan,nan,nan,nan,nan,nan,nan,nan,nan,nan,nan,nan,nan,nan,nan,nan,nan,nan,nan,nan,nan,nan,nan,nan,nan,nan,nan,nan,nan,nan,nan,nan,nan,nan,nan,nan,nan,nan,nan,nan,nan,nan,nan,nan,nan,nan,nan,nan,nan,nan,nan,nan,nan,nan,nan,nan,nan,nan,nan,nan,nan,nan,nan,nan,nan,nan,nan,nan,nan,nan,nan,nan,nan,nan
0.280,IDLE,290.310107,233.109390,172.993492,-3.636250,-1.835295,8.300000,-1.000000,-145.563492,-161.563492,8.396250,0.000000,0.000000,2.200000,0.000000,0.000000,0.000000,87.451496,11.850000,4.710000,-1.888036,8.400000,1.200000,0.000000,0.000000,102.667635,-145.563492,-161.563492,30.000000,0.000000,0.000000,0.000000,0.000000,0.000000,0.000000,233.014988,173.413492,-3.686250,290.485477,-1.888036,8.400000,-1.000000,8.667450,nan,nan,nan,0,nan,nan,nan,0,nan,nan,nan,nan,nan,nan,nan,nan,nan,nan,nan,nan,nan,nan,nan,nan,nan,nan,nan,nan,nan,nan,nan,nan,nan,nan,nan,nan,nan,nan,nan,nan,nan,nan,nan,nan,nan,nan,nan,nan,nan,nan,nan,nan,nan,nan,nan,nan,nan,nan,nan,nan,nan,nan,nan,nan,nan,nan,nan,nan,nan,nan,nan,nan,nan,nan,nan,nan,nan,nan,nan,nan,nan,nan,nan,nan,nan,nan,nan,nan
0.340,IDLE,290.662220,232.917894,173.838492,-3.736250,-1.941882,8.500000,-1.000000,-145.563492,-161.563492,8.506250,0.000000,0.000000,2.200000,0.000000,0.000000,0.000000,87.354402,12.275000,4.770000,-1.941882,8.500000,1.200000,0.000000,0.000000,102.868753,-145.563492,-161.563492,30.000000,0.000000,0.000000,0.000000,0.000000,0.000000,0.000000,232.917894,173.838492,-3.736250,290.662220,-1.941882,8.500000,-1.000000,8.776155,nan,nan,nan,0,nan,nan,nan,0,nan,nan,nan,nan,nan,nan,nan,nan,nan,nan,nan,nan,nan,nan,nan,nan,nan,nan,nan,nan,nan,nan,nan,nan,nan,nan,nan,nan,nan,nan,nan,nan,nan,nan,nan,nan,nan,nan,nan,nan,nan,nan,nan,nan,nan,nan,nan,nan,nan,nan,nan,nan,nan,nan,nan,nan,nan,nan,nan,nan,nan,nan,nan,nan,nan,nan,nan,nan,nan,nan,nan,nan,nan,nan,nan,nan,nan,nan,nan,nan
0.380,IDLE,290.662220,232.917894,173.838492,-3.736250,-1.941882,8.500000,-1.000000,-145.563492,-161.563492,8.616250,0.000000,0.000000,2.200000,0.000000,0.000000,0.000000,87.254560,12.705000,4.830000,-1.996847,8.600000,1.200000,0.000000,0.000000,103.071964,-145.563492,-161.563492,30.000000,0.000000,0.000000,0.000000,0.000000,0.000000,0.000000,232.818051,174.268492,-3.786250,290.840314,-1.996847,8.600000,-1.000000,8.885235,nan,nan,nan,0,nan,nan,nan,0,nan,nan,nan,nan,nan,nan,nan,nan,nan,nan,nan,nan,nan,nan,nan,nan,nan,nan,nan,nan,nan,nan,nan,nan,nan,nan,nan,nan,nan,nan,nan,nan,nan,nan,nan,nan,nan,nan,nan,nan,nan,nan,nan,nan,nan,nan,nan,nan,nan,nan,nan,nan,nan,nan,nan,nan,nan,nan,nan,nan,nan,nan,nan,nan,nan,nan,nan,nan,nan,nan,nan,nan,nan,nan,nan,nan,nan,nan,nan,nan
0.440,IDLE,291.019735,232.715404,174.703492,-3.836250,-2.052949,8.700000,-1.000000,-145.563492,-161.563492,8.726250,0.000000,0.000000,2.200000,0.000000,0.000000,0.000000,87.151912,13.140000,4.890000,-2.052949,8.700000,1.200000,0.000000,0.000000,103.277272,-145.563492,-161.563492,30.000000,0.000000,0.000000,0.000000,0.000000,0.000000,0.000000,232.715404,174.703492,-3.836250,291.019735,-2.052949,8.700000,-1.000000,8.994698,nan,nan,nan,0,nan,nan,nan,0,nan,nan,nan,nan,nan,nan,nan,nan,nan,nan,nan,nan,nan,nan,nan,nan,nan,nan,nan,nan,nan,nan,nan,nan,nan,nan,nan,nan,nan,nan,nan,nan,nan,nan,nan,nan,nan,nan,nan,nan,nan,nan,nan,nan,nan,nan,nan,nan,nan,nan,nan,nan,nan,nan,nan,nan,nan,nan,nan,nan,nan,nan,nan,nan,nan,nan,nan,nan,nan,nan,nan,nan,nan,nan,nan,nan,nan,nan,nan,nan
0.480,IDLE,291.019735,232.715404,174.703492,-3.836250,-2.052949,8.700000,-1.000000,-145.563492,-161.563492,8.836250,0.000000,0.000000,2.200000,0.000000,0.000000,0.000000,87.046402,13.580000,4.950000,-2.110204,8.800000,1.200000,0.000000,0.000000,103.484679,-145.563492,-161.563492,30.000000,0.000000,0.000000,0.000000,0.000000,0.000000,0.000000,232.609894,175.143492,-3.886250,291.200461,-2.110204,8.800000,-1.000000,9.104557,nan,nan,nan,0,nan,nan,nan,0,nan,nan,nan,nan,nan,nan,nan,nan,nan,nan,nan,nan,nan,nan,nan,nan,nan,nan,nan,nan,nan,nan,nan,nan,nan,nan,nan,nan,nan,nan,nan,nan,nan,nan,nan,nan,nan,nan,nan,nan,nan,nan,nan,nan,nan,nan,nan,nan,nan,nan,nan,nan,nan,nan,nan,nan,nan,nan,nan,nan,nan,nan,nan,nan,nan,nan,nan,nan,nan,nan,nan,nan,nan,nan,nan,nan,nan,nan,nan,nan
0.540,IDLE,291.382468,232.501462,175.588492,-3.936250,-2.168629,8.900000,-1.000000,-145.563492,-161.563492,8.946250,0.000000,0.000000,2.200000,0.000000,0.000000,0.000000,86.937970,14.025000,5.010000,-2.168629,8.900000,1.200000,0.000000,0.000000,103.694186,-145.563492,-161.563492,30.000000,0.000000,0.000000,0.000000,0.000000,0.000000,0.000000,232.501462,175.588492,-3.936250,291.382468,-2.168629,8.900000,-1.000000,9.214822,nan,nan,nan,0,nan,nan,nan,0,nan,nan,nan,nan,nan,nan,nan,nan,nan,nan,nan,nan,nan,nan,nan,nan,nan,nan,nan,nan,nan,nan,nan,nan,nan,nan,nan,nan,nan,nan,nan,nan,nan,nan,nan,nan,nan,nan,nan,nan,nan,nan,nan,nan,nan,nan,nan,nan,nan,nan,nan,nan,nan,nan,nan,nan,nan,nan,nan,nan,nan,nan,nan,nan,nan,nan,nan,nan,nan,nan,nan,nan,nan,nan,nan,nan,nan,nan,nan,nan
0.580,IDLE,291.382468,232.501462,175.588492,-3.936250,-2.168629,8.900000,-1.000000,-145.563492,-161.563492,9.056250,0.000000,0.000000,2.200000,0.000000,0.000000,0.000000,86.826558,14.475000,5.070000,-2.228240,9.000000,1.200000,0.000000,0.000000,103.905792,-145.563492,-161.563492,30.000000,0.000000,0.000000,0.000000,0.000000,0.000000,0.000000,232.390050,176.038492,-3.986250,291.565732,-2.228240,9.000000,-1.000000,9.325506,nan,nan,nan,0,nan,nan,nan,0,nan,nan,nan,nan,nan,nan,nan,nan,nan,nan,nan,nan,nan,nan,nan,nan,nan,nan,nan,nan,nan,nan,nan,nan,nan,nan,nan,nan,nan,nan,nan,nan,nan,nan,nan,nan,nan,nan,nan,nan,nan,nan,nan,nan,nan,nan,nan,nan,nan,nan,nan,nan,nan,nan,nan,nan,nan,nan,nan,nan,nan,nan,nan,nan,nan,nan,nan,nan,nan,nan,nan,nan,nan,nan,nan,nan,nan,nan,nan,nan
0.640,IDLE,291.750231,232.275598,176.493492,-4.036250,-2.289054,9.100000,-1.000000,-145.563492,-161.563492,9.166250,0.000000,0.000000,2.200000,0.000000,0.000000,0.000000,86.712106,14.930000,5.130000,-2.289054,9.100000,1.200000,0.000000,0.000000,104.119493,-145.563492,-161.563492,30.000000,0.000000,0.000000,0.000000,0.000000,0.000000,0.000000,232.275598,176.493492,-4.036250,291.750231,-2.289054,9.100000,-1.000000,9.436618,nan,nan,nan,0,nan,nan,nan,0,nan,nan,nan,nan,nan,nan,nan,nan,nan,nan,nan,nan,nan,nan,nan,nan,nan,nan,nan,nan,nan,nan,nan,nan,nan,nan,nan,nan,nan,nan,nan,nan,nan,nan,nan,nan,nan,nan,nan,nan,nan,nan,nan,nan,nan,nan,nan,nan,nan,nan,nan,nan,nan,nan,nan,nan,nan,nan,nan,nan,nan,nan,nan,nan,nan,nan,nan,nan,nan,nan,nan,nan,nan,nan,nan,nan,nan,nan,nan,nan
0.680,IDLE,291.750231,232.275598,176.493492,-4.036250,-2.289054,9.100000,-1.000000,-145.563492,-161.563492,9.276250,0.000000,0.000000,2.200000,0.000000,0.000000,0.000000,86.594551,15.390000,5.190000,-2.351086,9.200000,1.200000,0.000000,0.000000,104.335286,-145.563492,-161.563492,30.000000,0.000000,0.000000,0.000000,0.000000,0.000000,0.000000,232.158043,176.953492,-4.086250,291.935939,-2.351086,9.200000,-1.000000,9.548173,nan,nan,nan,0,nan,nan,nan,0,nan,nan,nan,nan,nan,nan,nan,nan,nan,nan,nan,nan,nan,nan,nan,nan,nan,nan,nan,nan,nan,nan,nan,nan,nan,nan,nan,nan,nan,nan,nan,nan,nan,nan,nan,nan,nan,nan,nan,nan,nan,nan,nan,nan,nan,nan,nan,nan,nan,nan,nan,nan,nan,nan,nan,nan,nan,nan,nan,nan,nan,nan,nan,nan,nan,nan,nan,nan,nan,nan,nan,nan,nan,nan,nan,nan,nan,nan,nan,nan
0.740,IDLE,292.122834,232.037326,177.418492,-4.136250,-2.414352,9.300000,-1.000000,-145.563492,-161.563492,9.386250,0.000000,0.000000,2.200000,0.000000,0.000000,0.000000,86.473834,15.855000,5.250000,-2.414352,9.300000,1.200000,0.000000,0.000000,104.553164,-145.563492,-161.563492,30.000000,0.000000,0.000000,0.000000,0.000000,0.000000,0.000000,232.037326,177.418492,-4.136250,292.122834,-2.414352,9.300000,-1.000000,9.660181,nan,nan,nan,0,nan,nan,nan,0,nan,nan,nan,nan,nan,nan,nan,nan,nan,nan,nan,nan,nan,nan,nan,nan,nan,nan,nan,nan,nan,nan,nan,nan,nan,nan,nan,nan,nan,nan,nan,nan,nan,nan,nan,nan,nan,nan,nan,nan,nan,nan,nan,nan,nan,nan,nan,nan,nan,nan,nan,nan,nan,nan,nan,nan,nan,nan,nan,nan,nan,nan,nan,nan,nan,nan,nan,nan,nan,nan,nan,nan,nan,nan,nan,nan,nan,nan,nan,nan
0.781,IDLE,292.122834,232.037326,177.418492,-4.136250,-2.414352,9.300000,-1.000000,-145.563492,-161.563492,9.496250,0.000000,0.000000,2.200000,0.000000,0.000000,0.000000,86.349890,16.325000,5.310000,-2.478870,9.400000,1.200000,0.000000,0.000000,104.773118,-145.563492,-161.563492,30.000000,0.000000,0.000000,0.000000,0.000000,0.000000,0.000000,231.913382,177.888492,-4.186250,292.310891,-2.478870,9.400000,-1.000000,9.772655,nan,nan,nan,0,nan,nan,nan,0,nan,nan,nan,nan,nan,nan,nan,nan,nan,nan,nan,nan,nan,nan,nan,nan,nan,nan,nan,nan,nan,nan,nan,nan,nan,nan,nan,nan,nan,nan,nan,nan,nan,nan,nan,nan,nan,nan,nan,nan,nan,nan,nan,nan,nan,nan,nan,nan,nan,nan,nan,nan,nan,nan,nan,nan,nan,nan,nan,nan,nan,nan,nan,nan,nan,nan,nan,nan,nan,nan,nan,nan,nan,nan,nan,nan,nan,nan,nan,nan
0.840,IDLE,292.500086,231.786149,178.363492,-4.236250,-2.544654,9.500000,-1.000000,-145.563492,-161.563492,9.606250,0.000000,0.000000,2.200000,0.000000,0.000000,0.000000,86.222658,16.800000,5.370000,-2.544654,9.500000,1.200000,0.000000,0.000000,104.995139,-145.563492,-161.563492,30.000000,0.000000,0.000000,0.000000,0.000000,0.000000,0.000000,231.786149,178.363492,-4.236250,292.500086,-2.544654,9.500000,-1.000000,9.885609,nan,nan,nan,0,nan,nan,nan,0,nan,nan,nan,nan,nan,nan,nan,nan,nan,nan,nan,nan,nan,nan,nan,nan,nan,nan,nan,nan,nan,nan,nan,nan,nan,nan,nan,nan,nan,nan,nan,nan,nan,nan,nan,nan,nan,nan,nan,nan,nan,nan,nan,nan,nan,nan,nan,nan,nan,nan,nan,nan,nan,nan,nan,nan,nan,nan,nan,nan,nan,nan,nan,nan,nan,nan,nan,nan,nan,nan,nan,nan,nan,nan,nan,nan,nan,nan,nan,nan
0.880,IDLE,292.500086,231.786149,178.363492,-4.236250,-2.544654,9.500000,-1.000000,-145.563492,-161.563492,9.716250,0.000000,0.000000,2.200000,0.000000,0.000000,0.000000,86.092072,17.280000,5.430000,-2.611720,9.600000,1.200000,0.000000,0.000000,105.219215,-145.563492,-161.563492,30.000000,0.000000,0.000000,0.000000,0.000000,0.000000,0.000000,231.655564,178.843492,-4.286250,292.690394,-2.611720,9.600000,-1.000000,9.999054,nan,nan,nan,0,nan,nan,nan,0,nan,nan,nan,nan,nan,nan,nan,nan,nan,nan,nan,nan,nan,nan,nan,nan,nan,nan,nan,nan,nan,nan,nan,nan,nan,nan,nan,nan,nan,nan,nan,nan,nan,nan,nan,nan,nan,nan,nan,nan,nan,nan,nan,nan,nan,nan,nan,nan,nan,nan,nan,nan,nan,nan,nan,nan,nan,nan,nan,nan,nan,nan,nan,nan,nan,nan,nan,nan,nan,nan,nan,nan,nan,nan,nan,nan,nan,nan,nan,nan
0.940,IDLE,292.879776,231.521559,179.325200,-4.336250,-2.680084,9.634166,-1.000000,-145.563492,-161.563492,9.826250,0.000000,0.000000,2.200000,0.000000,0.000000,0.000000,85.958067,17.761708,5.490000,-2.680084,9.634166,1.200000,0.000000,0.000000,105.545787,-145.563492,-161.563492,30.000000,0.000000,0.000000,0.000000,0.000000,0.000000,0.000000,231.521559,179.325200,-4.336250,292.879776,-2.680084,9.634166,-1.000000,10.049876,nan,nan,nan,0,nan,nan,nan,0,nan,nan,nan,nan,nan,nan,nan,nan,nan,nan,nan,nan,nan,nan,nan,nan,nan,nan,nan,nan,nan,nan,nan,nan,nan,nan,nan,nan,nan,nan,nan,nan,nan,nan,nan,nan,nan,nan,nan,nan,nan,nan,nan,nan,nan,nan,nan,nan,nan,nan,nan,nan,nan,nan,nan,nan,nan,nan,nan,nan,nan,nan,nan,nan,nan,nan,nan,nan,nan,nan,nan,nan,nan,nan,nan,nan,nan,nan,nan,nan
0.980,IDLE,292.879776,231.521559,179.325200,-4.336250,-2.680084,9.634166,-1.000000,-145.563492,-161.563492,9.936250,0.000000,0.000000,2.200000,0.000000,0.000000,0.000000,85.820627,18.242447,5.550000,-2.748814,9.614781,1.200000,0.000000,0.000000,105.954947,-145.563492,-161.563492,30.000000,0.000000,0.000000,0.000000,0.000000,0.000000,0.000000,231.384119,179.805939,-4.386250,293.066589,-2.748814,9.614781,-1.000000,10.049876,nan,nan,nan,0,nan,nan,nan,0,nan,nan,nan,nan,nan,nan,nan,nan,nan,nan,nan,nan,nan,nan,nan,nan,nan,nan,nan,nan,nan,nan,nan,nan,nan,nan,nan,nan,nan,nan,nan,nan,nan,nan,nan,nan,nan,nan,nan,nan,nan,nan,nan,nan,nan,nan,nan,nan,nan,nan,nan,nan,nan,nan,nan,nan,nan,nan,nan,nan,nan,nan,nan,nan,nan,nan,nan,nan,nan,nan,nan,nan,nan,nan,nan,nan,nan,nan,nan,nan
1.040,IDLE,293.250841,231.243261,180.285688,-4.436250,-2.817148,9.594982,-1.000000,-145.563492,-161.563492,10.046250,0.000000,0.000000,2.200000,0.000000,0.000000,0.000000,85.679769,18.722196,5.610000,-2.817148,9.594982,1.200000,0.000000,0.000000,106.362575,-145.563492,-161.563492,30.000000,0.000000,0.000000,0.000000,0.000000,0.000000,0.000000,231.243261,180.285688,-4.436250,293.250841,-2.817148,9.594982,-1.000000,10.049876,nan,nan,nan,0,nan,nan,nan,0,nan,nan,nan,nan,nan,nan,nan,nan,nan,nan,nan,nan,nan,nan,nan,nan,nan,nan,nan,nan,nan,nan,nan,nan,nan,nan,nan,nan,nan,nan,nan,nan,nan,nan,nan,nan,nan,nan,nan,nan,nan,nan,nan,nan,nan,nan,nan,nan,nan,nan,nan,nan,nan,nan,nan,nan,nan,nan,nan,nan,nan,nan,nan,nan,nan,nan,nan,nan,nan,nan,nan,nan,nan,nan,nan,nan,nan,nan,nan,nan
1.080,IDLE,293.250841,231.243261,180.285688,-4.436250,-2.817148,9.594982,-1.000000,-145.563492,-161.563492,10.156250,0.000000,0.000000,2.200000,0.000000,0.000000,0.000000,85.535515,19.200935,5.670000,-2.885091,9.574772,1.200000,0.000000,0.000000,106.768717,-145.563492,-161.563492,30.000000,0.000000,0.000000,0.000000,0.000000,0.000000,0.000000,231.099007,180.764427,-4.486250,293.432540,-2.885091,9.574772,-1.000000,10.049876,nan,nan,nan,0,nan,nan,nan,0,nan,nan,nan,nan,nan,nan,nan,nan,nan,nan,nan,nan,nan,nan,nan,nan,nan,nan,nan,nan,nan,nan,nan,nan,nan,nan,nan,nan,nan,nan,nan,nan,nan,nan,nan,nan,nan,nan,nan,nan,nan,nan,nan,nan,nan,nan,nan,nan,nan,nan,nan,nan,nan,nan,nan,nan,nan,nan,nan,nan,nan,nan,nan,nan,nan,nan,nan,nan,nan,nan,nan,nan,nan,nan,nan,nan,nan,nan,nan,nan
1.140,IDLE,293.611693,230.951374,181.242135,-4.536250,-2.952648,9.554155,-1.000000,-145.563492,-161.563492,10.266250,0.000000,0.000000,2.200000,0.000000,0.000000,0.000000,85.387882,19.678643,5.730000,-2.952648,9.554155,1.200000,0.000000,0.000000,107.173416,-145.563492,-161.563492,30.000000,0.000000,0.000000,0.000000,0.000000,0.000000,0.000000,230.951374,181.242135,-4.536250,293.611693,-2.952648,9.554155,-1.000000,10.049876,nan,nan,nan,0,nan,nan,nan,0,nan,nan,nan,nan,nan,nan,nan,nan,nan,nan,nan,nan,nan,nan,nan,nan,nan,nan,nan,nan,nan,nan,nan,nan,nan,nan,nan,nan,nan,nan,nan,nan,nan,nan,nan,nan,nan,nan,nan,nan,nan,nan,nan,nan,nan,nan,nan,nan,nan,nan,nan,nan,nan,nan,nan,nan,nan,nan,nan,nan,nan,nan,nan,nan,nan,nan,nan,nan,nan,nan,nan,nan,nan,nan,nan,nan,nan,nan,nan,nan
1.180,IDLE,293.611693,230.951374,181.242135,-4.536250,-2.952648,9.554155,-1.000000,-145.563492,-161.563492,10.376250,0.000000,0.000000,2.200000,0.000000,0.000000,0.000000,85.236891,20.155300,5.790000,-3.019825,9.533135,1.200000,0.000000,0.000000,107.576715,-145.563492,-161.563492,30.000000,0.000000,0.000000,0.000000,0.000000,0.000000,0.000000,230.800383,181.718791,-4.586250,293.788308,-3.019825,9.533135,-1.000000,10.049876,nan,nan,nan,0,nan,nan,nan,0,nan,nan,nan,nan,nan,nan,nan,nan,nan,nan,nan,nan,nan,nan,nan,nan,nan,nan,nan,nan,nan,nan,nan,nan,nan,nan,nan,nan,nan,nan,nan,nan,nan,nan,nan,nan,nan,nan,nan,nan,nan,nan,nan,nan,nan,nan,nan,nan,nan,nan,nan,nan,nan,nan,nan,nan,nan,nan,nan,nan,nan,nan,nan,nan,nan,nan,nan,nan,nan,nan,nan,nan,nan,nan,nan,nan,nan,nan,nan,nan
1.240,IDLE,293.962391,230.646052,182.194377,-4.636250,-3.086627,9.511716,-1.000000,-145.563492,-161.563492,10.486250,0.000000,0.000000,2.200000,0.000000,0.000000,0.000000,85.082560,20.630885,5.850000,-3.086627,9.511716,1.200000,0.000000,0.000000,107.978656,-145.563492,-161.563492,30.000000,0.000000,0.000000,0.000000,0.000000,0.000000,0.000000,230.646052,182.194377,-4.636250,293.962391,-3.086627,9.511716,-1.000000,10.049876,nan,nan,nan,0,nan,nan,nan,0,nan,nan,nan,nan,nan,nan,nan,nan,nan,nan,nan,nan,nan,nan,nan,nan,nan,nan,nan,nan,nan,nan,nan,nan,nan,nan,nan,nan,nan,nan,nan,nan,nan,nan,nan,nan,nan,nan,nan,nan,nan,nan,nan,nan,nan,nan,nan,nan,nan,nan,nan,nan,nan,nan,nan,nan,nan,nan,nan,nan,nan,nan,nan,nan,nan,nan,nan,nan,nan,nan,nan,nan,nan,nan,nan,nan,nan,nan,nan,nan
1.280,IDLE,293.962391,230.646052,182.194377,-4.636250,-3.086627,9.511716,-1.000000,-145.563492,-161.563492,10.596250,0.000000,0.000000,2.200000,0.000000,0.000000,0.000000,84.924907,21.105380,5.910000,-3.153058,9.489901,1.200000,0.000000,0.000000,108.379279,-145.563492,-161.563492,30.000000,0.000000,0.000000,0.000000,0.000000,0.000000,0.000000,230.488399,182.668872,-4.686250,294.133949,-3.153058,9.489901,-1.000000,10.049876,nan,nan,nan,0,nan,nan,nan,0,nan,nan,nan,nan,nan,nan,nan,nan,nan,nan,nan,nan,nan,nan,nan,nan,nan,nan,nan,nan,nan,nan,nan,nan,nan,nan,nan,nan,nan,nan,nan,nan,nan,nan,nan,nan,nan,nan,nan,nan,nan,nan,nan,nan,nan,nan,nan,nan,nan,nan,nan,nan,nan,nan,nan,nan,nan,nan,nan,nan,nan,nan,nan,nan,nan,nan,nan,nan,nan,nan,nan,nan,nan,nan,nan,nan,nan,nan,nan,nan
1.340,IDLE,294.302989,230.327443,183.142257,-4.736250,-3.219125,9.467694,-1.000000,-145.563492,-161.563492,10.706250,0.000000,0.000000,2.200000,0.000000,0.000000,0.000000,84.763951,21.578765,5.970000,-3.219125,9.467694,1.200000,0.000000,0.000000,108.778623,-145.563492,-161.563492,30.000000,0.000000,0.000000,0.000000,0.000000,0.000000,0.000000,230.327443,183.142257,-4.736250,294.302989,-3.219125,9.467694,-1.000000,10.049876,nan,nan,nan,0,nan,nan,nan,0,nan,nan,nan,nan,nan,nan,nan,nan,nan,nan,nan,nan,nan,nan,nan,nan,nan,nan,nan,nan,nan,nan,nan,nan,nan,nan,nan,nan,nan,nan,nan,nan,nan,nan,nan,nan,nan,nan,nan,nan,nan,nan,nan,nan,nan,nan,nan,nan,nan,nan,nan,nan,nan,nan,nan,nan,nan,nan,nan,nan,nan,nan,nan,nan,nan,nan,nan,nan,nan,nan,nan,nan,nan,nan,nan,nan,nan,nan,nan,nan
1.380,IDLE,294.302989,230.327443,183.142257,-4.736250,-3.219125,9.467694,-1.000000,-145.563492,-161.563492,10.816250,0.000000,0.000000,2.200000,0.000000,0.000000,0.000000,84.599709,22.051020,6.030000,-3.284830,9.445099,1.200000,0.000000,0.000000,109.176727,-145.563492,-161.563492,30.000000,0.000000,0.000000,0.000000,0.000000,0.000000,0.000000,230.163201,183.614512,-4.786250,294.469517,-3.284830,9.445099,-1.000000,10.049876,nan,nan,nan,0,nan,nan,nan,0,nan,nan,nan,nan,nan,nan,nan,nan,nan,nan,nan,nan,nan,nan,nan,nan,nan,nan,nan,nan,nan,nan,nan,nan,nan,nan,nan,nan,nan,nan,nan,nan,nan,nan,nan,nan,nan,nan,nan,nan,nan,nan,nan,nan,nan,nan,nan,nan,nan,nan,nan,nan,nan,nan,nan,nan,nan,nan,nan,nan,nan,nan,nan,nan,nan,nan,nan,nan,nan,nan,nan,nan,nan,nan,nan,nan,nan,nan,nan,nan
1.440,IDLE,294.633539,229.995692,184.085618,-4.836250,-3.350179,9.422118,-1.000000,-145.563492,-161.563492,10.926250,0.000000,0.000000,2.200000,0.000000,0.000000,0.000000,84.432200,22.522126,6.090000,-3.350179,9.422118,1.200000,0.000000,0.000000,109.573626,-145.563492,-161.563492,30.000000,0.000000,0.000000,0.000000,0.000000,0.000000,0.000000,229.995692,184.085618,-4.836250,294.633539,-3.350179,9.422118,-1.000000,10.049876,nan,nan,nan,0,nan,nan,nan,0,nan,nan,nan,nan,nan,nan,nan,nan,nan,nan,nan,nan,nan,nan,nan,nan,nan,nan,nan,nan,nan,nan,nan,nan,nan,nan,nan,nan,nan,nan,nan,nan,nan,nan,nan,nan,nan,nan,nan,nan,nan,nan,nan,nan,nan,nan,nan,nan,nan,nan,nan,nan,nan,nan,nan,nan,nan,nan,nan,nan,nan,nan,nan,nan,nan,nan,nan,nan,nan,nan,nan,nan,nan,nan,nan,nan,nan,nan,nan,nan
1.482,IDLE,294.633539,229.995692,184.085618,-4.836250,-3.350179,9.422118,-1.000000,-145.563492,-161.563492,11.036250,0.000000,0.000000,2.200000,0.000000,0.000000,0.000000,84.261441,22.992064,6.150000,-3.415176,9.398754,1.200000,0.000000,0.000000,109.969358,-145.563492,-161.563492,30.000000,0.000000,0.000000,0.000000,0.000000,0.000000,0.000000,229.824933,184.555555,-4.886250,294.795062,-3.415176,9.398754,-1.000000,10.049876,nan,nan,nan,0,nan,nan,nan,0,nan,nan,nan,nan,nan,nan,nan,nan,nan,nan,nan,nan,nan,nan,nan,nan,nan,nan,nan,nan,nan,nan,nan,nan,nan,nan,nan,nan,nan,nan,nan,nan,nan,nan,nan,nan,nan,nan,nan,nan,nan,nan,nan,nan,nan,nan,nan,nan,nan,nan,nan,nan,nan,nan,nan,nan,nan,nan,nan,nan,nan,nan,nan,nan,nan,nan,nan,nan,nan,nan,nan,nan,nan,nan,nan,nan,nan,nan,nan,nan
1.540,IDLE,294.954091,229.650942,185.024306,-4.936250,-3.479824,9.375011,-1.000000,-145.563492,-161.563492,11.146250,0.000000,0.000000,2.200000,0.000000,0.000000,0.000000,84.087450,23.460814,6.210000,-3.479824,9.375011,1.200000,0.000000,0.000000,110.363957,-145.563492,-161.563492,30.000000,0.000000,0.000000,0.000000,0.000000,0.000000,0.000000,229.650942,185.024306,-4.936250,294.954091,-3.479824,9.375011,-1.000000,10.049876,nan,nan,nan,0,nan,nan,nan,0,nan,nan,nan,nan,nan,nan,nan,nan,nan,nan,nan,nan,nan,nan,nan,nan,nan,nan,nan,nan,nan,nan,nan,nan,nan,nan,nan,nan,nan,nan,nan,nan,nan,nan,nan,nan,nan,nan,nan,nan,nan,nan,nan,nan,nan,nan,nan,nan,nan,nan,nan,nan,nan,nan,nan,nan,nan,nan,nan,nan,nan,nan,nan,nan,nan,nan,nan,nan,nan,nan,nan,nan,nan,nan,nan,nan,nan,nan,nan,nan
1.580,IDLE,294.954091,229.650942,185.024306,-4.936250,-3.479824,9.375011,-1.000000,-145.563492,-161.563492,11.256250,0.000000,0.000000,2.200000,0.000000,0.000000,0.000000,83.910244,23.928359,6.270000,-3.544127,9.350891,1.200000,0.000000,0.000000,110.757457,-145.563492,-161.563492,30.000000,0.000000,0.000000,0.000000,0.000000,0.000000,0.000000,229.473736,185.491851,-4.986250,295.110631,-3.544127,9.350891,-1.000000,10.049876,nan,nan,nan,0,nan,nan,nan,0,nan,nan,nan,nan,nan,nan,nan,nan,nan,nan,nan,nan,nan,nan,nan,nan,nan,nan,nan,nan,nan,nan,nan,nan,nan,nan,nan,nan,nan,nan,nan,nan,nan,nan,nan,nan,nan,nan,nan,nan,nan,nan,nan,nan,nan,nan,nan,nan,nan,nan,nan,nan,nan,nan,nan,nan,nan,nan,nan,nan,nan,nan,nan,nan,nan,nan,nan,nan,nan,nan,nan,nan,nan,nan,nan,nan,nan,nan,nan,nan
1.640,IDLE,295.264689,229.293331,185.958170,-5.036250,-3.608090,9.326397,-1.000000,-145.563492,-161.563492,11.366250,0.000000,0.000000,2.200000,0.000000,0.000000,0.000000,83.729839,24.394679,6.330000,-3.608090,9.326397,1.200000,0.000000,0.000000,111.149890,-145.563492,-161.563492,30.000000,0.000000,0.000000,0.000000,0.000000,0.000000,0.000000,229.293331,185.958170,-5.036250,295.264689,-3.608090,9.326397,-1.000000,10.049876,nan,nan,nan,0,nan,nan,nan,0,nan,nan,nan,nan,nan,nan,nan,nan,nan,nan,nan,nan,nan,nan,nan,nan,nan,nan,nan,nan,nan,nan,nan,nan,nan,nan,nan,nan,nan,nan,nan,nan,nan,nan,nan,nan,nan,nan,nan,nan,nan,nan,nan,nan,nan,nan,nan,nan,nan,nan,nan,nan,nan,nan,nan,nan,nan,nan,nan,nan,nan,nan,nan,nan,nan,nan,nan,nan,nan,nan,nan,nan,nan,nan,nan,nan,nan,nan,nan,nan
1.680,IDLE,295.264689,229.293331,185.958170,-5.036250,-3.608090,9.326397,-1.000000,-145.563492,-161.563492,11.476250,0.000000,0.000000,2.200000,0.000000,0.000000,0.000000,83.546254,24.859755,6.390000,-3.671716,9.301532,1.200000,0.000000,0.000000,111.541288,-145.563492,-161.563492,30.000000,0.000000,0.000000,0.000000,0.000000,0.000000,0.000000,229.109745,186.423247,-5.086250,295.416270,-3.671716,9.301532,-1.000000,10.049876,nan,nan,nan,0,nan,nan,nan,0,nan,nan,nan,nan,nan,nan,nan,nan,nan,nan,nan,nan,nan,nan,nan,nan,nan,nan,nan,nan,nan,nan,nan,nan,nan,nan,nan,nan,nan,nan,nan,nan,nan,nan,nan,nan,nan,nan,nan,nan,nan,nan,nan,nan,nan,nan,nan,nan,nan,nan,nan,nan,nan,nan,nan,nan,nan,nan,nan,nan,nan,nan,nan,nan,nan,nan,nan,nan,nan,nan,nan,nan,nan,nan,nan,nan,nan,nan,nan,nan
1.740,IDLE,295.565378,228.922995,186.887062,-5.136250,-3.735008,9.276299,-1.000000,-145.563492,-161.563492,11.586250,0.000000,0.000000,2.200000,0.000000,0.000000,0.000000,83.359503,25.323570,6.450000,-3.735008,9.276299,1.200000,0.000000,0.000000,111.931682,-145.563492,-161.563492,30.000000,0.000000,0.000000,0.000000,0.000000,0.000000,0.000000,228.922995,186.887062,-5.136250,295.565378,-3.735008,9.276299,-1.000000,10.049876,nan,nan,nan,0,nan,nan,nan,0,nan,nan,nan,nan,nan,nan,nan,nan,nan,nan,nan,nan,nan,nan,nan,nan,nan,nan,nan,nan,nan,nan,nan,nan,nan,nan,nan,nan,nan,nan,nan,nan,nan,nan,nan,nan,nan,nan,nan,nan,nan,nan,nan,nan,nan,nan,nan,nan,nan,nan,nan,nan,nan,nan,nan,nan,nan,nan,nan,nan,nan,nan,nan,nan,nan,nan,nan,nan,nan,nan,nan,nan,nan,nan,nan,nan,nan,nan,nan,nan
1.780,IDLE,295.565378,228.922995,186.887062,-5.136250,-3.735008,9.276299,-1.000000,-145.563492,-161.563492,11.696250,0.000000,0.000000,2.200000,0.000000,0.000000,0.000000,83.169605,25.786105,6.510000,-3.797969,9.250699,1.200000,0.000000,0.000000,112.321102,-145.563492,-161.563492,30.000000,0.000000,0.000000,0.000000,0.000000,0.000000,0.000000,228.733097,187.349597,-5.186250,295.712019,-3.797969,9.250699,-1.000000,10.049876,nan,nan,nan,0,nan,nan,nan,0,nan,nan,nan,nan,nan,nan,nan,nan,nan,nan,nan,nan,nan,nan,nan,nan,nan,nan,nan,nan,nan,nan,nan,nan,nan,nan,nan,nan,nan,nan,nan,nan,nan,nan,nan,nan,nan,nan,nan,nan,nan,nan,nan,nan,nan,nan,nan,nan,nan,nan,nan,nan,nan,nan,nan,nan,nan,nan,nan,nan,nan,nan,nan,nan,nan,nan,nan,nan,nan,nan,nan,nan,nan,nan,nan,nan,nan,nan,nan,nan
1.840,IDLE,295.856197,228.540067,187.810834,-5.236250,-3.860602,9.224736,-1.000000,-145.563492,-161.563492,11.806250,0.000000,0.000000,2.200000,0.000000,0.000000,0.000000,82.976575,26.247342,6.570000,-3.860602,9.224736,1.200000,0.000000,0.000000,112.709577,-145.563492,-161.563492,30.000000,0.000000,0.000000,0.000000,0.000000,0.000000,0.000000,228.540067,187.810834,-5.236250,295.856197,-3.860602,9.224736,-1.000000,10.049876,nan,nan,nan,0,nan,nan,nan,0,nan,nan,nan,nan,nan,nan,nan,nan,nan,nan,nan,nan,nan,nan,nan,nan,nan,nan,nan,nan,nan,nan,nan,nan,nan,nan,nan,nan,nan,nan,nan,nan,nan,nan,nan,nan,nan,nan,nan,nan,nan,nan,nan,nan,nan,nan,nan,nan,nan,nan,nan,nan,nan,nan,nan,nan,nan,nan,nan,nan,nan,nan,nan,nan,nan,nan,nan,nan,nan,nan,nan,nan,nan,nan,nan,nan,nan,nan,nan,nan
1.880,IDLE,295.856197,228.540067,187.810834,-5.236250,-3.860602,9.224736,-1.000000,-145.563492,-161.563492,11.916250,0.000000,0.000000,2.200000,0.000000,0.000000,0.000000,82.780429,26.707262,6.630000,-3.922911,9.198411,1.200000,0.000000,0.000000,113.097136,-145.563492,-161.563492,30.000000,0.000000,0.000000,0.000000,0.000000,0.000000,0.000000,228.343921,188.270754,-5.286250,295.997918,-3.922911,9.198411,-1.000000,10.049876,nan,nan,nan,0,nan,nan,nan,0,nan,nan,nan,nan,nan,nan,nan,nan,nan,nan,nan,nan,nan,nan,nan,nan,nan,nan,nan,nan,nan,nan,nan,nan,nan,nan,nan,nan,nan,nan,nan,nan,nan,nan,nan,nan,nan,nan,nan,nan,nan,nan,nan,nan,nan,nan,nan,nan,nan,nan,nan,nan,nan,nan,nan,nan,nan,nan,nan,nan,nan,nan,nan,nan,nan,nan,nan,nan,nan,nan,nan,nan,nan,nan,nan,nan,nan,nan,nan,nan
1.940,IDLE,296.137186,228.144676,188.729341,-5.336250,-3.984898,9.171727,-1.000000,-145.563492,-161.563492,12.026250,0.000000,0.000000,2.200000,0.000000,0.000000,0.000000,82.581184,27.165849,6.690000,-3.984898,9.171727,1.200000,0.000000,0.000000,113.483805,-145.563492,-161.563492,30.000000,0.000000,0.000000,0.000000,0.000000,0.000000,0.000000,228.144676,188.729341,-5.336250,296.137186,-3.984898,9.171727,-1.000000,10.049876,nan,nan,nan,0,nan,nan,nan,0,nan,nan,nan,nan,nan,nan,nan,nan,nan,nan,nan,nan,nan,nan,nan,nan,nan,nan,nan,nan,nan,nan,nan,nan,nan,nan,nan,nan,nan,nan,nan,nan,nan,nan,nan,nan,nan,nan,nan,nan,nan,nan,nan,nan,nan,nan,nan,nan,nan,nan,nan,nan,nan,nan,nan,nan,nan,nan,nan,nan,nan,nan,nan,nan,nan,nan,nan,nan,nan,nan,nan,nan,nan,nan,nan,nan,nan,nan,nan,nan
1.980,IDLE,296.137186,228.144676,188.729341,-5.336250,-3.984898,9.171727,-1.000000,-145.563492,-161.563492,12.136250,0.000000,0.000000,2.200000,0.000000,0.000000,0.000000,82.378856,27.623083,6.750000,-4.046566,9.144687,1.200000,0.000000,0.000000,113.869612,-145.563492,-161.563492,30.000000,0.000000,0.000000,0.000000,0.000000,0.000000,0.000000,227.942348,189.186575,-5.386250,296.274004,-4.046566,9.144687,-1.000000,10.049876,nan,nan,nan,0,nan,nan,nan,0,nan,nan,nan,nan,nan,nan,nan,nan,nan,nan,nan,nan,nan,nan,nan,nan,nan,nan,nan,nan,nan,nan,nan,nan,nan,nan,nan,nan,nan,nan,nan,nan,nan,nan,nan,nan,nan,nan,nan,nan,nan,nan,nan,nan,nan,nan,nan,nan,nan,nan,nan,nan,nan,nan,nan,nan,nan,nan,nan,nan,nan,nan,nan,nan,nan,nan,nan,nan,nan,nan,nan,nan,nan,nan,nan,nan,nan,nan,nan,nan
2.040,IDLE,296.408379,227.736952,189.642440,-5.436250,-4.107917,9.117292,-1.000000,-145.563492,-161.563492,12.246250,0.000000,0.000000,2.200000,0.000000,0.000000,0.000000,82.173460,28.078948,6.810000,-4.107917,9.117292,1.200000,0.000000,0.000000,114.254581,-145.563492,-161.563492,30.000000,0.000000,0.000000,0.000000,0.000000,0.000000,0.000000,227.736952,189.642440,-5.436250,296.408379,-4.107917,9.117292,-1.000000,10.049876,nan,nan,nan,0,nan,nan,nan,0,nan,nan,nan,nan,nan,nan,nan,nan,nan,nan,nan,nan,nan,nan,nan,nan,nan,nan,nan,nan,nan,nan,nan,nan,nan,nan,nan,nan,nan,nan,nan,nan,nan,nan,nan,nan,nan,nan,nan,nan,nan,nan,nan,nan,nan,nan,nan,nan,nan,nan,nan,nan,nan,nan,nan,nan,nan,nan,nan,nan,nan,nan,nan,nan,nan,nan,nan,nan,nan,nan,nan,nan,nan,nan,nan,nan,nan,nan,nan,nan
2.080,IDLE,296.408379,227.736952,189.642440,-5.436250,-4.107917,9.117292,-1.000000,-145.563492,-161.563492,12.356250,0.000000,0.000000,2.200000,0.000000,0.000000,0.000000,81.965012,28.533425,6.870000,-4.168954,9.089545,1.200000,0.000000,0.000000,114.638738,-145.563492,-161.563492,30.000000,0.000000,0.000000,0.000000,0.000000,0.000000,0.000000,227.528504,190.096917,-5.486250,296.540312,-4.168954,9.089545,-1.000000,10.049876,nan,nan,nan,0,nan,nan,nan,0,nan,nan,nan,nan,nan,nan,nan,nan,nan,nan,nan,nan,nan,nan,nan,nan,nan,nan,nan,nan,nan,nan,nan,nan,nan,nan,nan,nan,nan,nan,nan,nan,nan,nan,nan,nan,nan,nan,nan,nan,nan,nan,nan,nan,nan,nan,nan,nan,nan,nan,nan,nan,nan,nan,nan,nan,nan,nan,nan,nan,nan,nan,nan,nan,nan,nan,nan,nan,nan,nan,nan,nan,nan,nan,nan,nan,nan,nan,nan,nan
2.140,IDLE,296.669810,227.317020,190.549989,-5.536250,-4.229679,9.061447,-1.000000,-145.563492,-161.563492,12.466250,0.000000,0.000000,2.200000,0.000000,0.000000,0.000000,81.753528,28.986497,6.930000,-4.229679,9.061447,1.200000,0.000000,0.000000,115.022108,-145.563492,-161.563492,30.000000,0.000000,0.000000,0.000000,0.000000,0.000000,0.000000,227.317020,190.549989,-5.536250,296.669810,-4.229679,9.061447,-1.000000,10.049876,nan,nan,nan,0,nan,nan,nan,0,nan,nan,nan,nan,nan,nan,nan,nan,nan,nan,nan,nan,nan,nan,nan,nan,nan,nan,nan,nan,nan,nan,nan,nan,nan,nan,nan,nan,nan,nan,nan,nan,nan,nan,nan,nan,nan,nan,nan,nan,nan,nan,nan,nan,nan,nan,nan,nan,nan,nan,nan,nan,nan,nan,nan,nan,nan,nan,nan,nan,nan,nan,nan,nan,nan,nan,nan,nan,nan,nan,nan,nan,nan,nan,nan,nan,nan,nan,nan,nan
2.180,IDLE,296.669810,227.317020,190.549989,-5.536250,-4.229679,9.061447,-1.000000,-145.563492,-161.563492,12.576250,0.000000,0.000000,2.200000,0.000000,0.000000,0.000000,81.539024,29.438147,6.990000,-4.290094,9.033000,1.200000,0.000000,0.000000,115.404713,-145.563492,-161.563492,30.000000,0.000000,0.000000,0.000000,0.000000,0.000000,0.000000,227.102515,191.001639,-5.586250,296.796875,-4.290094,9.033000,-1.000000,10.049876,nan,nan,nan,0,nan,nan,nan,0,nan,nan,nan,nan,nan,nan,nan,nan,nan,nan,nan,nan,nan,nan,nan,nan,nan,nan,nan,nan,nan,nan,nan,nan,nan,nan,nan,nan,nan,nan,nan,nan,nan,nan,nan,nan,nan,nan,nan,nan,nan,nan,nan,nan,nan,nan,nan,nan,nan,nan,nan,nan,nan,nan,nan,nan,nan,nan,nan,nan,nan,nan,nan,nan,nan,nan,nan,nan,nan,nan,nan,nan,nan,nan,nan,nan,nan,nan,nan,nan
2.240,IDLE,296.921511,226.885005,191.451849,-5.636250,-4.350202,9.004207,-1.000000,-145.563492,-161.563492,12.686250,0.000000,0.000000,2.200000,0.000000,0.000000,0.000000,81.321513,29.888358,7.050000,-4.350202,9.004207,1.200000,0.000000,0.000000,115.786577,-145.563492,-161.563492,30.000000,0.000000,0.000000,0.000000,0.000000,0.000000,0.000000,226.885005,191.451849,-5.636250,296.921511,-4.350202,9.004207,-1.000000,10.049876,nan,nan,nan,0,nan,nan,nan,0,nan,nan,nan,nan,nan,nan,nan,nan,nan,nan,nan,nan,nan,nan,nan,nan,nan,nan,nan,nan,nan,nan,nan,nan,nan,nan,nan,nan,nan,nan,nan,nan,nan,nan,nan,nan,nan,nan,nan,nan,nan,nan,nan,nan,nan,nan,nan,nan,nan,nan,nan,nan,nan,nan,nan,nan,nan,nan,nan,nan,nan,nan,nan,nan,nan,nan,nan,nan,nan,nan,nan,nan,nan,nan,nan,nan,nan,nan,nan,nan
2.280,IDLE,296.921511,226.885005,191.451849,-5.636250,-4.350202,9.004207,-1.000000,-145.563492,-161.563492,12.796250,0.000000,0.000000,2.200000,0.000000,0.000000,0.000000,81.101013,30.337111,7.110000,-4.410003,8.975070,1.200000,0.000000,0.000000,116.167722,-145.563492,-161.563492,30.000000,0.000000,0.000000,0.000000,0.000000,0.000000,0.000000,226.664505,191.900603,-5.686250,297.043722,-4.410003,8.975070,-1.000000,10.049876,nan,nan,nan,0,nan,nan,nan,0,nan,nan,nan,nan,nan,nan,nan,nan,nan,nan,nan,nan,nan,nan,nan,nan,nan,nan,nan,nan,nan,nan,nan,nan,nan,nan,nan,nan,nan,nan,nan,nan,nan,nan,nan,nan,nan,nan,nan,nan,nan,nan,nan,nan,nan,nan,nan,nan,nan,nan,nan,nan,nan,nan,nan,nan,nan,nan,nan,nan,nan,nan,nan,nan,nan,nan,nan,nan,nan,nan,nan,nan,nan,nan,nan,nan,nan,nan,nan,nan
2.340,IDLE,297.163512,226.441030,192.347882,-5.736250,-4.469500,8.945589,-1.000000,-145.563492,-161.563492,12.906250,0.000000,0.000000,2.200000,0.000000,0.000000,0.000000,80.877538,30.784391,7.170000,-4.469500,8.945589,1.200000,0.000000,0.000000,116.548169,-145.563492,-161.563492,30.000000,0.000000,0.000000,0.000000,0.000000,0.000000,0.000000,226.441030,192.347882,-5.736250,297.163512,-4.469500,8.945589,-1.000000,10.049876,nan,nan,nan,0,nan,nan,nan,0,nan,nan,nan,nan,nan,nan,nan,nan,nan,nan,nan,nan,nan,nan,nan,nan,nan,nan,nan,nan,nan,nan,nan,nan,nan,nan,nan,nan,nan,nan,nan,nan,nan,nan,nan,nan,nan,nan,nan,nan,nan,nan,nan,nan,nan,nan,nan,nan,nan,nan,nan,nan,nan,nan,nan,nan,nan,nan,nan,nan,nan,nan,nan,nan,nan,nan,nan,nan,nan,nan,nan,nan,nan,nan,nan,nan,nan,nan,nan,nan
2.380,IDLE,297.163512,226.441030,192.347882,-5.736250,-4.469500,8.945589,-1.000000,-145.563492,-161.563492,13.016250,0.000000,0.000000,2.200000,0.000000,0.000000,0.000000,80.651104,31.230179,7.230000,-4.528695,8.915768,1.200000,0.000000,0.000000,116.927939,-145.563492,-161.563492,30.000000,0.000000,0.000000,0.000000,0.000000,0.000000,0.000000,226.214595,192.793671,-5.786250,297.280883,-4.528695,8.915768,-1.000000,10.049876,nan,nan,nan,0,nan,nan,nan,0,nan,nan,nan,nan,nan,nan,nan,nan,nan,nan,nan,nan,nan,nan,nan,nan,nan,nan,nan,nan,nan,nan,nan,nan,nan,nan,nan,nan,nan,nan,nan,nan,nan,nan,nan,nan,nan,nan,nan,nan,nan,nan,nan,nan,nan,nan,nan,nan,nan,nan,nan,nan,nan,nan,nan,nan,nan,nan,nan,nan,nan,nan,nan,nan,nan,nan,nan,nan,nan,nan,nan,nan,nan,nan,nan,nan,nan,nan,nan,nan
2.440,APPROACH,297.395840,225.985216,193.237951,-5.836250,-4.587589,8.885608,-1.000000,-145.563492,-161.563492,13.126250,0.000000,0.000000,2.200000,0.000000,0.000000,0.000000,80.421724,31.674459,7.290000,-4.587589,8.885608,1.200000,0.000000,0.000000,117.307053,-145.566306,-161.403517,13.120956,-0.133439,7.998887,-0.264703,0.000000,0.000000,0.000000,225.985216,193.237951,-5.836250,297.395840,-4.587589,8.885608,-1.000000,10.049876,nan,nan,nan,0,nan,nan,nan,0,nan,nan,nan,nan,nan,nan,nan,nan,nan,nan,nan,nan,nan,nan,nan,nan,nan,nan,nan,nan,nan,nan,nan,nan,nan,nan,nan,nan,nan,nan,nan,nan,nan,nan,nan,nan,nan,nan,nan,nan,nan,nan,nan,nan,nan,nan,nan,nan,nan,nan,nan,nan,nan,nan,nan,nan,nan,nan,nan,nan,nan,nan,nan,nan,nan,nan,nan,nan,nan,nan,nan,nan,nan,nan,nan,nan,nan,nan,nan,nan
2.480,APPROACH,297.395840,225.985216,193.237951,-5.836250,-4.587589,8.885608,-1.000000,-145.569031,-161.557242,13.230000,-0.110783,0.125000,2.075000,0.000000,0.000000,131.549542,80.189415,32.117215,7.350000,-4.646184,8.855110,1.200000,0.000000,0.000000,117.685530,-145.571062,-161.083552,13.110368,-0.104378,7.999319,-0.264703,0.000000,0.000000,0.000000,225.758446,193.674457,-5.880000,297.508396,-4.535401,8.730110,-0.875000,9.876756,nan,nan,nan,0,nan,nan,nan,0,nan,nan,nan,nan,nan,nan,nan,nan,nan,nan,nan,nan,nan,nan,nan,nan,nan,nan,nan,nan,nan,nan,nan,nan,nan,nan,nan,nan,nan,nan,nan,nan,nan,nan,nan,nan,nan,nan,nan,nan,nan,nan,nan,nan,nan,nan,nan,nan,nan,nan,nan,nan,nan,nan,nan,nan,nan,nan,nan,nan,nan,nan,nan,nan,nan,nan,nan,nan,nan,nan,nan,nan,nan,nan,nan,nan,nan,nan,nan,nan
2.540,APPROACH,297.613226,225.527325,194.103171,-5.917500,-4.622415,8.574277,-0.750000,-145.573134,-161.544742,13.327500,-0.082067,0.250000,1.950000,0.000000,0.000000,108.173278,79.954191,32.558429,7.410000,-4.704481,8.824277,1.200000,0.000000,0.000000,118.063389,-145.576017,-160.603578,13.094486,-0.060785,7.999769,-0.264703,0.000000,0.000000,0.000000,225.527325,194.103171,-5.917500,297.613226,-4.622415,8.574277,-0.750000,9.769720,nan,nan,nan,0,nan,nan,nan,0,nan,nan,nan,nan,nan,nan,nan,nan,nan,nan,nan,nan,nan,nan,nan,nan,nan,nan,nan,nan,nan,nan,nan,nan,nan,nan,nan,nan,nan,nan,nan,nan,nan,nan,nan,nan,nan,nan,nan,nan,nan,nan,nan,nan,nan,nan,nan,nan,nan,nan,nan,nan,nan,nan,nan,nan,nan,nan,nan,nan,nan,nan,nan,nan,nan,nan,nan,nan,nan,nan,nan,nan,nan,nan,nan,nan,nan,nan,nan,nan
2.580,APPROACH,297.613226,225.527325,194.103171,-5.917500,-4.622415,8.574277,-0.750000,-145.575004,-161.525992,13.418750,-0.037401,0.375000,1.825000,0.000000,0.000000,95.695664,79.716067,32.998084,7.470000,-4.762482,8.793109,1.200000,0.000000,0.000000,118.440648,-145.577867,-160.283584,13.083897,-0.031722,7.999937,-0.264703,0.000000,0.000000,0.000000,225.291071,194.524076,-5.948750,297.709708,-4.725080,8.418109,-0.625000,9.673757,nan,nan,nan,0,nan,nan,nan,0,nan,nan,nan,nan,nan,nan,nan,nan,nan,nan,nan,nan,nan,nan,nan,nan,nan,nan,nan,nan,nan,nan,nan,nan,nan,nan,nan,nan,nan,nan,nan,nan,nan,nan,nan,nan,nan,nan,nan,nan,nan,nan,nan,nan,nan,nan,nan,nan,nan,nan,nan,nan,nan,nan,nan,nan,nan,nan,nan,nan,nan,nan,nan,nan,nan,nan,nan,nan,nan,nan,nan,nan,nan,nan,nan,nan,nan,nan,nan,nan
2.640,APPROACH,297.798366,225.050408,194.937156,-5.973750,-4.813268,8.261610,-0.500000,-145.575350,-161.500992,13.503750,-0.006919,0.500000,1.700000,0.000000,0.000000,90.792763,79.475057,33.436165,7.530000,-4.820186,8.761610,1.200000,0.000000,0.000000,118.817326,-145.578463,-159.803585,13.068015,0.011874,7.999991,-0.264703,0.000000,0.000000,0.000000,225.050408,194.937156,-5.973750,297.798366,-4.813268,8.261610,-0.500000,9.574536,nan,nan,nan,0,nan,nan,nan,0,nan,nan,nan,nan,nan,nan,nan,nan,nan,nan,nan,nan,nan,nan,nan,nan,nan,nan,nan,nan,nan,nan,nan,nan,nan,nan,nan,nan,nan,nan,nan,nan,nan,nan,nan,nan,nan,nan,nan,nan,nan,nan,nan,nan,nan,nan,nan,nan,nan,nan,nan,nan,nan,nan,nan,nan,nan,nan,nan,nan,nan,nan,nan,nan,nan,nan,nan,nan,nan,nan,nan,nan,nan,nan,nan,nan,nan,nan,nan,nan
2.680,APPROACH,297.798366,225.050408,194.937156,-5.973750,-4.813268,8.261610,-0.500000,-145.573427,-161.469742,13.582500,0.038470,0.625000,1.575000,0.000000,0.000000,86.477761,79.231178,33.872654,7.590000,-4.877597,8.729779,1.200000,0.000000,0.000000,119.193440,-145.577407,-159.483587,13.057427,0.040938,7.999895,-0.264703,0.000000,0.000000,0.000000,224.804604,195.342395,-5.992500,297.878619,-4.916067,8.104779,-0.375000,9.486611,nan,nan,nan,0,nan,nan,nan,0,nan,nan,nan,nan,nan,nan,nan,nan,nan,nan,nan,nan,nan,nan,nan,nan,nan,nan,nan,nan,nan,nan,nan,nan,nan,nan,nan,nan,nan,nan,nan,nan,nan,nan,nan,nan,nan,nan,nan,nan,nan,nan,nan,nan,nan,nan,nan,nan,nan,nan,nan,nan,nan,nan,nan,nan,nan,nan,nan,nan,nan,nan,nan,nan,nan,nan,nan,nan,nan,nan,nan,nan,nan,nan,nan,nan,nan,nan,nan,nan
2.740,APPROACH,297.951056,224.554474,195.739776,-6.005000,-5.002602,7.947620,-0.250000,-145.570032,-161.432242,13.655000,0.067888,0.750000,1.450000,0.000000,0.000000,84.827867,78.984442,34.307535,7.650000,-4.934715,8.697620,1.200000,0.000000,0.000000,119.569007,-145.573642,-159.003602,13.041545,0.084532,7.999553,-0.264703,0.000000,0.000000,0.000000,224.554474,195.739776,-6.005000,297.951056,-5.002602,7.947620,-0.250000,9.394317,nan,nan,nan,0,nan,nan,nan,0,nan,nan,nan,nan,nan,nan,nan,nan,nan,nan,nan,nan,nan,nan,nan,nan,nan,nan,nan,nan,nan,nan,nan,nan,nan,nan,nan,nan,nan,nan,nan,nan,nan,nan,nan,nan,nan,nan,nan,nan,nan,nan,nan,nan,nan,nan,nan,nan,nan,nan,nan,nan,nan,nan,nan,nan,nan,nan,nan,nan,nan,nan,nan,nan,nan,nan,nan,nan,nan,nan,nan,nan,nan,nan,nan,nan,nan,nan,nan,nan
2.780,APPROACH,297.951056,224.554474,195.739776,-6.005000,-5.002602,7.947620,-0.250000,-145.564332,-161.388492,13.721250,0.114017,0.875000,1.325000,0.000000,0.000000,82.575926,78.734865,34.740791,7.710000,-4.991540,8.665133,1.200000,0.000000,0.000000,119.944043,-145.569680,-158.683627,13.030957,0.113593,7.999193,-0.264703,0.000000,0.000000,0.000000,224.299196,196.129283,-6.011250,298.015034,-5.105556,7.790133,-0.125000,9.314961,nan,nan,nan,0,nan,nan,nan,0,nan,nan,nan,nan,nan,nan,nan,nan,nan,nan,nan,nan,nan,nan,nan,nan,nan,nan,nan,nan,nan,nan,nan,nan,nan,nan,nan,nan,nan,nan,nan,nan,nan,nan,nan,nan,nan,nan,nan,nan,nan,nan,nan,nan,nan,nan,nan,nan,nan,nan,nan,nan,nan,nan,nan,nan,nan,nan,nan,nan,nan,nan,nan,nan,nan,nan,nan,nan,nan,nan,nan,nan,nan,nan,nan,nan,nan,nan,nan,nan
2.840,APPROACH,298.071206,224.039674,196.510899,-6.011250,-5.190459,7.632320,-0.000000,-145.557212,-161.338492,13.781250,0.142386,1.000000,1.200000,0.000000,0.000000,81.896379,78.482461,35.172407,7.770000,-5.048073,8.632320,1.200000,0.000000,0.000000,120.318565,-145.561557,-158.203696,13.015075,0.157183,7.998456,-0.264703,0.000000,0.000000,0.000000,224.039674,196.510899,-6.011250,298.071206,-5.190459,7.632320,-0.000000,9.230015,nan,nan,nan,0,nan,nan,nan,0,nan,nan,nan,nan,nan,nan,nan,nan,nan,nan,nan,nan,nan,nan,nan,nan,nan,nan,nan,nan,nan,nan,nan,nan,nan,nan,nan,nan,nan,nan,nan,nan,nan,nan,nan,nan,nan,nan,nan,nan,nan,nan,nan,nan,nan,nan,nan,nan,nan,nan,nan,nan,nan,nan,nan,nan,nan,nan,nan,nan,nan,nan,nan,nan,nan,nan,nan,nan,nan,nan,nan,nan,nan,nan,nan,nan,nan,nan,nan,nan
2.880,APPROACH,298.071206,224.039674,196.510899,-6.011250,-5.190459,7.632320,-0.000000,-145.547964,-161.282242,13.835000,0.184974,1.125000,1.075000,0.000000,0.000000,80.662911,78.227245,35.602366,7.830000,-5.104317,8.599183,1.200000,0.000000,0.000000,120.692586,-145.554688,-157.883770,13.004487,0.186240,7.997832,-0.264703,0.000000,0.000000,0.000000,223.775209,196.884608,-6.005000,298.119025,-5.289290,7.474183,0.125000,9.157272,nan,nan,nan,0,nan,nan,nan,0,nan,nan,nan,nan,nan,nan,nan,nan,nan,nan,nan,nan,nan,nan,nan,nan,nan,nan,nan,nan,nan,nan,nan,nan,nan,nan,nan,nan,nan,nan,nan,nan,nan,nan,nan,nan,nan,nan,nan,nan,nan,nan,nan,nan,nan,nan,nan,nan,nan,nan,nan,nan,nan,nan,nan,nan,nan,nan,nan,nan,nan,nan,nan,nan,nan,nan,nan,nan,nan,nan,nan,nan,nan,nan,nan,nan,nan,nan,nan,nan
2.940,APPROACH,298.158880,223.506352,197.250394,-5.992500,-5.377132,7.315723,0.250000,-145.537121,-161.219742,13.882500,0.216862,1.250000,0.950000,0.000000,0.000000,80.157736,77.969232,36.030653,7.890000,-5.160270,8.565723,1.200000,0.000000,0.000000,121.066124,-145.542206,-157.403933,12.988604,0.229821,7.996698,-0.264703,0.000000,0.000000,0.000000,223.506352,197.250394,-5.992500,298.158880,-5.377132,7.315723,0.250000,9.082723,nan,nan,nan,0,nan,nan,nan,0,nan,nan,nan,nan,nan,nan,nan,nan,nan,nan,nan,nan,nan,nan,nan,nan,nan,nan,nan,nan,nan,nan,nan,nan,nan,nan,nan,nan,nan,nan,nan,nan,nan,nan,nan,nan,nan,nan,nan,nan,nan,nan,nan,nan,nan,nan,nan,nan,nan,nan,nan,nan,nan,nan,nan,nan,nan,nan,nan,nan,nan,nan,nan,nan,nan,nan,nan,nan,nan,nan,nan,nan,nan,nan,nan,nan,nan,nan,nan,nan
2.980,APPROACH,298.158880,223.506352,197.250394,-5.992500,-5.377132,7.315723,0.250000,-145.524924,-161.150992,13.923750,0.243934,1.375000,0.825000,0.000000,0.000000,79.940035,77.708435,36.457250,7.950000,-5.215933,8.531942,1.200000,0.000000,0.000000,121.439191,-145.532432,-157.084082,12.978016,0.258871,7.995811,-0.264703,0.000000,0.000000,0.000000,223.233359,197.608242,-5.973750,298.190938,-5.459867,7.156942,0.375000,9.009584,nan,nan,nan,0,nan,nan,nan,0,nan,nan,nan,nan,nan,nan,nan,nan,nan,nan,nan,nan,nan,nan,nan,nan,nan,nan,nan,nan,nan,nan,nan,nan,nan,nan,nan,nan,nan,nan,nan,nan,nan,nan,nan,nan,nan,nan,nan,nan,nan,nan,nan,nan,nan,nan,nan,nan,nan,nan,nan,nan,nan,nan,nan,nan,nan,nan,nan,nan,nan,nan,nan,nan,nan,nan,nan,nan,nan,nan,nan,nan,nan,nan,nan,nan,nan,nan,nan,nan
3.040,APPROACH,298.214399,222.955192,197.958134,-5.948750,-5.563339,6.997841,0.500000,-145.510322,-161.075992,13.958750,0.292031,1.500000,0.700000,0.000000,0.000000,78.983059,77.444870,36.882142,8.010000,-5.271309,8.497841,1.200000,0.000000,0.000000,121.811802,-145.515593,-156.604378,12.962134,0.302440,7.994281,-0.264703,0.000000,0.000000,0.000000,222.955192,197.958134,-5.948750,298.214399,-5.563339,6.997841,0.500000,8.953800,nan,nan,nan,0,nan,nan,nan,0,nan,nan,nan,nan,nan,nan,nan,nan,nan,nan,nan,nan,nan,nan,nan,nan,nan,nan,nan,nan,nan,nan,nan,nan,nan,nan,nan,nan,nan,nan,nan,nan,nan,nan,nan,nan,nan,nan,nan,nan,nan,nan,nan,nan,nan,nan,nan,nan,nan,nan,nan,nan,nan,nan,nan,nan,nan,nan,nan,nan,nan,nan,nan,nan,nan,nan,nan,nan,nan,nan,nan,nan,nan,nan,nan,nan,nan,nan,nan,nan
3.080,APPROACH,298.214399,222.955192,197.958134,-5.948750,-5.563339,6.997841,0.500000,-145.494419,-160.994742,13.987500,0.318069,1.625000,0.575000,0.000000,0.000000,78.925237,77.178550,37.305313,8.070000,-5.326395,8.463422,1.200000,0.000000,0.000000,122.183972,-145.502915,-156.284630,12.951546,0.331481,7.993130,-0.264703,0.000000,0.000000,0.000000,222.672969,198.300055,-5.917500,298.230078,-5.644464,6.838422,0.625000,8.889017,nan,nan,nan,0,nan,nan,nan,0,nan,nan,nan,nan,nan,nan,nan,nan,nan,nan,nan,nan,nan,nan,nan,nan,nan,nan,nan,nan,nan,nan,nan,nan,nan,nan,nan,nan,nan,nan,nan,nan,nan,nan,nan,nan,nan,nan,nan,nan,nan,nan,nan,nan,nan,nan,nan,nan,nan,nan,nan,nan,nan,nan,nan,nan,nan,nan,nan,nan,nan,nan,nan,nan,nan,nan,nan,nan,nan,nan,nan,nan,nan,nan,nan,nan,nan,nan,nan,nan
3.140,APPROACH,298.237111,222.385563,198.633989,-5.880000,-5.748125,6.678686,0.750000,-145.476072,-160.907242,14.010000,0.366931,1.750000,0.450000,0.000000,0.000000,78.158070,76.909490,37.726747,8.130000,-5.381194,8.428686,1.200000,0.000000,0.000000,122.555712,-145.481719,-155.805099,12.935664,0.375034,7.991204,-0.264703,0.000000,0.000000,0.000000,222.385563,198.633989,-5.880000,298.237111,-5.748125,6.678686,0.750000,8.843545,nan,nan,nan,0,nan,nan,nan,0,nan,nan,nan,nan,nan,nan,nan,nan,nan,nan,nan,nan,nan,nan,nan,nan,nan,nan,nan,nan,nan,nan,nan,nan,nan,nan,nan,nan,nan,nan,nan,nan,nan,nan,nan,nan,nan,nan,nan,nan,nan,nan,nan,nan,nan,nan,nan,nan,nan,nan,nan,nan,nan,nan,nan,nan,nan,nan,nan,nan,nan,nan,nan,nan,nan,nan,nan,nan,nan,nan,nan,nan,nan,nan,nan,nan,nan,nan,nan,nan
3.180,APPROACH,298.237111,222.385563,198.633989,-5.880000,-5.748125,6.678686,0.750000,-145.456475,-160.813492,14.026250,0.391948,1.875000,0.325000,0.000000,0.000000,78.192957,76.637705,38.146429,8.190000,-5.435706,8.393635,1.200000,0.000000,0.000000,122.927036,-145.466137,-155.485478,12.925076,0.404064,7.989789,-0.264703,0.000000,0.000000,0.000000,222.094180,198.959921,-5.836250,298.236377,-5.827654,6.518635,0.875000,8.787478,nan,nan,nan,0,nan,nan,nan,0,nan,nan,nan,nan,nan,nan,nan,nan,nan,nan,nan,nan,nan,nan,nan,nan,nan,nan,nan,nan,nan,nan,nan,nan,nan,nan,nan,nan,nan,nan,nan,nan,nan,nan,nan,nan,nan,nan,nan,nan,nan,nan,nan,nan,nan,nan,nan,nan,nan,nan,nan,nan,nan,nan,nan,nan,nan,nan,nan,nan,nan,nan,nan,nan,nan,nan,nan,nan,nan,nan,nan,nan,nan,nan,nan,nan,nan,nan,nan,nan
3.240,APPROACH,298.226949,221.797604,199.277834,-5.786250,-5.931515,6.358269,1.000000,-145.434396,-160.713492,14.036250,0.441585,2.000000,0.200000,0.000000,0.000000,77.549290,76.363208,38.564342,8.250000,-5.489930,8.358269,1.200000,0.000000,0.000000,123.297956,-145.440587,-155.006160,12.909193,0.447597,7.987469,-0.264703,0.000000,0.000000,0.000000,221.797604,199.277834,-5.786250,298.226949,-5.931515,6.358269,1.000000,8.752740,nan,nan,nan,0,nan,nan,nan,0,nan,nan,nan,nan,nan,nan,nan,nan,nan,nan,nan,nan,nan,nan,nan,nan,nan,nan,nan,nan,nan,nan,nan,nan,nan,nan,nan,nan,nan,nan,nan,nan,nan,nan,nan,nan,nan,nan,nan,nan,nan,nan,nan,nan,nan,nan,nan,nan,nan,nan,nan,nan,nan,nan,nan,nan,nan,nan,nan,nan,nan,nan,nan,nan,nan,nan,nan,nan,nan,nan,nan,nan,nan,nan,nan,nan,nan,nan,nan,nan
3.280,APPROACH,298.226949,221.797604,199.277834,-5.786250,-5.931515,6.358269,1.000000,-145.410391,-160.607242,14.040000,0.480099,2.125000,0.075000,0.000000,0.000000,77.268958,76.086015,38.980472,8.310000,-5.543867,8.322592,1.200000,0.000000,0.000000,123.668485,-145.422103,-154.686694,12.898605,0.476613,7.985790,-0.264703,0.000000,0.000000,0.000000,221.496406,199.587714,-5.730000,298.209232,-6.023967,6.197592,1.125000,8.715730,nan,nan,nan,0,nan,nan,nan,0,nan,nan,nan,nan,nan,nan,nan,nan,nan,nan,nan,nan,nan,nan,nan,nan,nan,nan,nan,nan,nan,nan,nan,nan,nan,nan,nan,nan,nan,nan,nan,nan,nan,nan,nan,nan,nan,nan,nan,nan,nan,nan,nan,nan,nan,nan,nan,nan,nan,nan,nan,nan,nan,nan,nan,nan,nan,nan,nan,nan,nan,nan,nan,nan,nan,nan,nan,nan,nan,nan,nan,nan,nan,nan,nan,nan,nan,nan,nan,nan
3.340,APPROACH,298.183347,221.190773,199.889544,-5.667500,-6.112659,6.036603,1.250000,-145.384634,-160.494742,14.037500,0.515141,2.250000,-0.050000,0.000000,0.000000,77.104310,75.806139,39.394802,8.370000,-5.597518,8.286603,1.200000,0.000000,0.000000,124.038634,-145.392201,-154.207627,12.882723,0.520124,7.983074,-0.264703,0.000000,0.000000,0.000000,221.190773,199.889544,-5.667500,298.183347,-6.112659,6.036603,1.250000,8.681456,nan,nan,nan,0,nan,nan,nan,0,nan,nan,nan,nan,nan,nan,nan,nan,nan,nan,nan,nan,nan,nan,nan,nan,nan,nan,nan,nan,nan,nan,nan,nan,nan,nan,nan,nan,nan,nan,nan,nan,nan,nan,nan,nan,nan,nan,nan,nan,nan,nan,nan,nan,nan,nan,nan,nan,nan,nan,nan,nan,nan,nan,nan,nan,nan,nan,nan,nan,nan,nan,nan,nan,nan,nan,nan,nan,nan,nan,nan,nan,nan,nan,nan,nan,nan,nan,nan,nan
3.380,APPROACH,298.183347,221.190773,199.889544,-5.667500,-6.112659,6.036603,1.250000,-145.357724,-160.375992,14.028750,0.538200,2.375000,-0.175000,0.000000,0.000000,77.231807,75.523595,39.807317,8.430000,-5.650882,8.250305,1.200000,0.000000,0.000000,124.408415,-145.370816,-153.888342,12.872135,0.549123,7.981132,-0.264703,0.000000,0.000000,0.000000,220.881319,200.183309,-5.598750,298.149728,-6.189082,5.875305,1.375000,8.643759,nan,nan,nan,0,nan,nan,nan,0,nan,nan,nan,nan,nan,nan,nan,nan,nan,nan,nan,nan,nan,nan,nan,nan,nan,nan,nan,nan,nan,nan,nan,nan,nan,nan,nan,nan,nan,nan,nan,nan,nan,nan,nan,nan,nan,nan,nan,nan,nan,nan,nan,nan,nan,nan,nan,nan,nan,nan,nan,nan,nan,nan,nan,nan,nan,nan,nan,nan,nan,nan,nan,nan,nan,nan,nan,nan,nan,nan,nan,nan,nan,nan,nan,nan,nan,nan,nan,nan
3.440,APPROACH,298.107322,220.566648,200.468994,-5.523750,-6.293416,5.713699,1.500000,-145.328251,-160.250992,14.013750,0.589457,2.500000,-0.300000,0.000000,0.000000,76.732947,75.238397,40.218002,8.490000,-5.703959,8.213699,1.200000,0.000000,0.000000,124.777838,-145.336564,-153.409567,12.856253,0.592607,7.978021,-0.264703,0.000000,0.000000,0.000000,220.566648,200.468994,-5.523750,298.107322,-6.293416,5.713699,1.500000,8.631538,nan,nan,nan,0,nan,nan,nan,0,nan,nan,nan,nan,nan,nan,nan,nan,nan,nan,nan,nan,nan,nan,nan,nan,nan,nan,nan,nan,nan,nan,nan,nan,nan,nan,nan,nan,nan,nan,nan,nan,nan,nan,nan,nan,nan,nan,nan,nan,nan,nan,nan,nan,nan,nan,nan,nan,nan,nan,nan,nan,nan,nan,nan,nan,nan,nan,nan,nan,nan,nan,nan,nan,nan,nan,nan,nan,nan,nan,nan,nan,nan,nan,nan,nan,nan,nan,nan,nan
3.480,APPROACH,298.107322,220.566648,200.468994,-5.523750,-6.293416,5.713699,1.500000,-145.296950,-160.119742,13.992500,0.626008,2.625000,-0.425000,0.000000,0.000000,76.586685,74.950560,40.626842,8.550000,-5.756750,8.176786,1.200000,0.000000,0.000000,125.146914,-145.312280,-153.090490,12.845665,0.621587,7.975815,-0.264703,0.000000,0.000000,0.000000,220.247510,200.746583,-5.442500,298.056668,-6.382758,5.551786,1.625000,8.614090,nan,nan,nan,0,nan,nan,nan,0,nan,nan,nan,nan,nan,nan,nan,nan,nan,nan,nan,nan,nan,nan,nan,nan,nan,nan,nan,nan,nan,nan,nan,nan,nan,nan,nan,nan,nan,nan,nan,nan,nan,nan,nan,nan,nan,nan,nan,nan,nan,nan,nan,nan,nan,nan,nan,nan,nan,nan,nan,nan,nan,nan,nan,nan,nan,nan,nan,nan,nan,nan,nan,nan,nan,nan,nan,nan,nan,nan,nan,nan,nan,nan,nan,nan,nan,nan,nan,nan
3.540,APPROACH,297.997753,219.923913,201.016062,-5.355000,-6.471949,5.389568,1.750000,-145.263816,-159.982242,13.965000,0.662695,2.750000,-0.550000,0.000000,0.000000,76.451187,74.660097,41.033820,8.610000,-5.809254,8.139568,1.200000,0.000000,0.000000,125.515654,-145.273681,-152.612045,12.829782,0.665042,7.972310,-0.264703,0.000000,0.000000,0.000000,219.923913,201.016062,-5.355000,297.997753,-6.471949,5.389568,1.750000,8.602097,nan,nan,nan,0,nan,nan,nan,0,nan,nan,nan,nan,nan,nan,nan,nan,nan,nan,nan,nan,nan,nan,nan,nan,nan,nan,nan,nan,nan,nan,nan,nan,nan,nan,nan,nan,nan,nan,nan,nan,nan,nan,nan,nan,nan,nan,nan,nan,nan,nan,nan,nan,nan,nan,nan,nan,nan,nan,nan,nan,nan,nan,nan,nan,nan,nan,nan,nan,nan,nan,nan,nan,nan,nan,nan,nan,nan,nan,nan,nan,nan,nan,nan,nan,nan,nan,nan,nan
3.580,APPROACH,297.997753,219.923913,201.016062,-5.355000,-6.471949,5.389568,1.750000,-145.228901,-159.838492,13.931250,0.698297,2.875000,-0.675000,0.000000,0.000000,76.348029,74.367023,41.438922,8.670000,-5.861471,8.102047,1.200000,0.000000,0.000000,125.884068,-145.246500,-152.293201,12.819194,0.694000,7.969841,-0.264703,0.000000,0.000000,0.000000,219.595924,201.277414,-5.261250,297.930610,-6.559768,5.227047,1.875000,8.594661,nan,nan,nan,0,nan,nan,nan,0,nan,nan,nan,nan,nan,nan,nan,nan,nan,nan,nan,nan,nan,nan,nan,nan,nan,nan,nan,nan,nan,nan,nan,nan,nan,nan,nan,nan,nan,nan,nan,nan,nan,nan,nan,nan,nan,nan,nan,nan,nan,nan,nan,nan,nan,nan,nan,nan,nan,nan,nan,nan,nan,nan,nan,nan,nan,nan,nan,nan,nan,nan,nan,nan,nan,nan,nan,nan,nan,nan,nan,nan,nan,nan,nan,nan,nan,nan,nan,nan
3.640,APPROACH,297.855162,219.263462,201.530625,-5.161250,-6.649239,5.064223,2.000000,-145.192109,-159.688492,13.891250,0.735838,3.000000,-0.800000,0.000000,0.000000,76.218608,74.071353,41.842133,8.730000,-5.913401,8.064223,1.200000,0.000000,0.000000,126.252165,-145.203557,-151.815127,12.803312,0.737421,7.965941,-0.264703,0.000000,0.000000,0.000000,219.263462,201.530625,-5.161250,297.855162,-6.649239,5.064223,2.000000,8.594110,nan,nan,nan,0,nan,nan,nan,0,nan,nan,nan,nan,nan,nan,nan,nan,nan,nan,nan,nan,nan,nan,nan,nan,nan,nan,nan,nan,nan,nan,nan,nan,nan,nan,nan,nan,nan,nan,nan,nan,nan,nan,nan,nan,nan,nan,nan,nan,nan,nan,nan,nan,nan,nan,nan,nan,nan,nan,nan,nan,nan,nan,nan,nan,nan,nan,nan,nan,nan,nan,nan,nan,nan,nan,nan,nan,nan,nan,nan,nan,nan,nan,nan,nan,nan,nan,nan,nan
3.680,APPROACH,297.855162,219.263462,201.530625,-5.161250,-6.649239,5.064223,2.000000,-145.153584,-159.532242,13.845000,0.770490,3.125000,-0.925000,0.000000,0.000000,76.149582,73.773101,42.243438,8.790000,-5.965045,8.026098,1.200000,0.000000,0.000000,126.619956,-145.173482,-151.496543,12.792724,0.766356,7.963209,-0.264703,0.000000,0.000000,0.000000,218.926686,201.775680,-5.055000,297.771509,-6.735535,4.901098,2.125000,8.596732,nan,nan,nan,0,nan,nan,nan,0,nan,nan,nan,nan,nan,nan,nan,nan,nan,nan,nan,nan,nan,nan,nan,nan,nan,nan,nan,nan,nan,nan,nan,nan,nan,nan,nan,nan,nan,nan,nan,nan,nan,nan,nan,nan,nan,nan,nan,nan,nan,nan,nan,nan,nan,nan,nan,nan,nan,nan,nan,nan,nan,nan,nan,nan,nan,nan,nan,nan,nan,nan,nan,nan,nan,nan,nan,nan,nan,nan,nan,nan,nan,nan,nan,nan,nan,nan,nan,nan
3.740,APPROACH,297.679510,218.585421,202.012564,-4.942500,-6.825285,4.737673,2.250000,-145.113140,-159.369742,13.792500,0.808884,3.250000,-1.050000,0.000000,0.000000,76.023771,73.472281,42.642822,8.850000,-6.016401,7.987673,1.200000,0.000000,0.000000,126.987449,-145.126199,-151.018878,12.776842,0.809740,7.958915,-0.264703,0.000000,0.000000,0.000000,218.585421,202.012564,-4.942500,297.679510,-6.825285,4.737673,2.250000,8.607703,nan,nan,nan,0,nan,nan,nan,0,nan,nan,nan,nan,nan,nan,nan,nan,nan,nan,nan,nan,nan,nan,nan,nan,nan,nan,nan,nan,nan,nan,nan,nan,nan,nan,nan,nan,nan,nan,nan,nan,nan,nan,nan,nan,nan,nan,nan,nan,nan,nan,nan,nan,nan,nan,nan,nan,nan,nan,nan,nan,nan,nan,nan,nan,nan,nan,nan,nan,nan,nan,nan,nan,nan,nan,nan,nan,nan,nan,nan,nan,nan,nan,nan,nan,nan,nan,nan,nan
3.780,APPROACH,297.679510,218.585421,202.012564,-4.942500,-6.825285,4.737673,2.250000,-145.071734,-159.200992,13.733750,0.828133,3.375000,-1.175000,0.000000,0.000000,76.213554,73.168908,43.040270,8.910000,-6.067469,7.948951,1.200000,0.000000,0.000000,127.354653,-145.093231,-150.700581,12.766254,0.838649,7.955920,-0.264703,0.000000,0.000000,0.000000,218.240641,202.241261,-4.823750,297.579861,-6.895602,4.573951,2.375000,8.608773,nan,nan,nan,0,nan,nan,nan,0,nan,nan,nan,nan,nan,nan,nan,nan,nan,nan,nan,nan,nan,nan,nan,nan,nan,nan,nan,nan,nan,nan,nan,nan,nan,nan,nan,nan,nan,nan,nan,nan,nan,nan,nan,nan,nan,nan,nan,nan,nan,nan,nan,nan,nan,nan,nan,nan,nan,nan,nan,nan,nan,nan,nan,nan,nan,nan,nan,nan,nan,nan,nan,nan,nan,nan,nan,nan,nan,nan,nan,nan,nan,nan,nan,nan,nan,nan,nan,nan
3.840,APPROACH,297.471309,217.890594,202.461758,-4.701611,-7.000949,4.409932,2.442788,-145.027599,-159.025992,13.671611,0.882699,3.500000,-1.242788,0.000000,0.000000,75.845194,72.862995,43.435766,8.970000,-6.118250,7.909932,1.200000,0.000000,0.000000,127.721576,-145.041612,-150.223366,12.750371,0.881992,7.951232,-0.264703,0.000000,0.000000,0.000000,217.890594,202.461758,-4.701611,297.471309,-7.000949,4.409932,2.442788,8.627166,nan,nan,nan,0,nan,nan,nan,0,nan,nan,nan,nan,nan,nan,nan,nan,nan,nan,nan,nan,nan,nan,nan,nan,nan,nan,nan,nan,nan,nan,nan,nan,nan,nan,nan,nan,nan,nan,nan,nan,nan,nan,nan,nan,nan,nan,nan,nan,nan,nan,nan,nan,nan,nan,nan,nan,nan,nan,nan,nan,nan,nan,nan,nan,nan,nan,nan,nan,nan,nan,nan,nan,nan,nan,nan,nan,nan,nan,nan,nan,nan,nan,nan,nan,nan,nan,nan,nan
3.880,APPROACH,297.471309,217.890594,202.461758,-4.701611,-7.000949,4.409932,2.442788,-144.981829,-158.844742,13.612049,0.915398,3.625000,-1.191236,0.000000,0.000000,75.827746,72.554558,43.829297,9.030000,-6.168742,7.870618,1.200000,0.000000,0.000000,128.088228,-145.005754,-149.905381,12.739783,0.910873,7.947975,-0.264703,0.000000,0.000000,0.000000,217.536387,202.674039,-4.582049,297.354739,-7.084140,4.245618,2.391236,8.598158,nan,nan,nan,0,nan,nan,nan,0,nan,nan,nan,nan,nan,nan,nan,nan,nan,nan,nan,nan,nan,nan,nan,nan,nan,nan,nan,nan,nan,nan,nan,nan,nan,nan,nan,nan,nan,nan,nan,nan,nan,nan,nan,nan,nan,nan,nan,nan,nan,nan,nan,nan,nan,nan,nan,nan,nan,nan,nan,nan,nan,nan,nan,nan,nan,nan,nan,nan,nan,nan,nan,nan,nan,nan,nan,nan,nan,nan,nan,nan,nan,nan,nan,nan,nan,nan,nan,nan
3.940,APPROACH,297.229863,217.177667,202.878089,-4.464671,-7.174391,4.081010,2.347557,-144.934056,-158.657242,13.554671,0.955446,3.750000,-1.147557,0.000000,0.000000,75.705987,72.243611,44.220848,9.090000,-6.218945,7.831010,1.200000,0.000000,0.000000,128.454617,-144.949803,-149.428654,12.723901,0.954171,7.942893,-0.264703,0.000000,0.000000,0.000000,217.177667,202.878089,-4.464671,297.229863,-7.174391,4.081010,2.347557,8.581233,nan,nan,nan,0,nan,nan,nan,0,nan,nan,nan,nan,nan,nan,nan,nan,nan,nan,nan,nan,nan,nan,nan,nan,nan,nan,nan,nan,nan,nan,nan,nan,nan,nan,nan,nan,nan,nan,nan,nan,nan,nan,nan,nan,nan,nan,nan,nan,nan,nan,nan,nan,nan,nan,nan,nan,nan,nan,nan,nan,nan,nan,nan,nan,nan,nan,nan,nan,nan,nan,nan,nan,nan,nan,nan,nan,nan,nan,nan,nan,nan,nan,nan,nan,nan,nan,nan,nan
3.980,APPROACH,297.229863,217.177667,202.878089,-4.464671,-7.174391,4.081010,2.347557,-144.883526,-158.463492,13.499368,1.010618,3.875000,-1.106061,0.000000,0.000000,75.382604,71.930168,44.610403,9.150000,-6.268860,7.791110,1.200000,0.000000,0.000000,128.820749,-144.911059,-149.111008,12.713313,0.983021,7.939375,-0.264703,0.000000,0.000000,0.000000,216.813693,203.073895,-4.349368,297.096115,-7.279478,3.916110,2.306061,8.581646,nan,nan,nan,0,nan,nan,nan,0,nan,nan,nan,nan,nan,nan,nan,nan,nan,nan,nan,nan,nan,nan,nan,nan,nan,nan,nan,nan,nan,nan,nan,nan,nan,nan,nan,nan,nan,nan,nan,nan,nan,nan,nan,nan,nan,nan,nan,nan,nan,nan,nan,nan,nan,nan,nan,nan,nan,nan,nan,nan,nan,nan,nan,nan,nan,nan,nan,nan,nan,nan,nan,nan,nan,nan,nan,nan,nan,nan,nan,nan,nan,nan,nan,nan,nan,nan,nan,nan
4.040,APPROACH,296.954910,216.446434,203.261441,-4.236301,-7.345181,3.750919,2.261346,-144.832191,-158.263492,13.446301,1.026695,4.000000,-1.061346,0.000000,0.000000,75.604434,71.614244,44.997949,9.210000,-6.318485,7.750919,1.200000,0.000000,0.000000,129.186634,-144.850780,-148.634809,12.697431,1.026272,7.933900,-0.264703,0.000000,0.000000,0.000000,216.446434,203.261441,-4.236301,296.954910,-7.345181,3.750919,2.261346,8.551886,nan,nan,nan,0,nan,nan,nan,0,nan,nan,nan,nan,nan,nan,nan,nan,nan,nan,nan,nan,nan,nan,nan,nan,nan,nan,nan,nan,nan,nan,nan,nan,nan,nan,nan,nan,nan,nan,nan,nan,nan,nan,nan,nan,nan,nan,nan,nan,nan,nan,nan,nan,nan,nan,nan,nan,nan,nan,nan,nan,nan,nan,nan,nan,nan,nan,nan,nan,nan,nan,nan,nan,nan,nan,nan,nan,nan,nan,nan,nan,nan,nan,nan,nan,nan,nan,nan,nan
4.080,APPROACH,296.954910,216.446434,203.261441,-4.236301,-7.345181,3.750919,2.261346,-144.780032,-158.057242,13.395357,1.043178,4.125000,-1.018867,0.000000,0.000000,75.807925,71.295853,45.383471,9.270000,-6.367820,7.710439,1.200000,0.000000,0.000000,129.552278,-144.809153,-148.317528,12.686843,1.055089,7.930119,-0.264703,0.000000,0.000000,0.000000,216.075884,203.440713,-4.125357,296.806216,-7.410998,3.585439,2.218867,8.526526,nan,nan,nan,0,nan,nan,nan,0,nan,nan,nan,nan,nan,nan,nan,nan,nan,nan,nan,nan,nan,nan,nan,nan,nan,nan,nan,nan,nan,nan,nan,nan,nan,nan,nan,nan,nan,nan,nan,nan,nan,nan,nan,nan,nan,nan,nan,nan,nan,nan,nan,nan,nan,nan,nan,nan,nan,nan,nan,nan,nan,nan,nan,nan,nan,nan,nan,nan,nan,nan,nan,nan,nan,nan,nan,nan,nan,nan,nan,nan,nan,nan,nan,nan,nan,nan,nan,nan
4.140,APPROACH,296.648536,215.700027,203.611696,-4.016167,-7.517147,3.419671,2.183806,-144.725018,-157.844742,13.346167,1.100282,4.250000,-0.983806,0.000000,0.000000,75.485375,70.975009,45.766954,9.330000,-6.416864,7.669671,1.200000,0.000000,0.000000,129.917689,-144.744551,-147.841896,12.670961,1.098288,7.924252,-0.264703,0.000000,0.000000,0.000000,215.700027,203.611696,-4.016167,296.648536,-7.517147,3.419671,2.183806,8.542286,nan,nan,nan,0,nan,nan,nan,0,nan,nan,nan,nan,nan,nan,nan,nan,nan,nan,nan,nan,nan,nan,nan,nan,nan,nan,nan,nan,nan,nan,nan,nan,nan,nan,nan,nan,nan,nan,nan,nan,nan,nan,nan,nan,nan,nan,nan,nan,nan,nan,nan,nan,nan,nan,nan,nan,nan,nan,nan,nan,nan,nan,nan,nan,nan,nan,nan,nan,nan,nan,nan,nan,nan,nan,nan,nan,nan,nan,nan,nan,nan,nan,nan,nan,nan,nan,nan,nan
4.180,APPROACH,296.648536,215.700027,203.611696,-4.016167,-7.517147,3.419671,2.183806,-144.667166,-157.625992,13.298642,1.157037,4.375000,-0.950498,0.000000,0.000000,75.186380,70.651728,46.148385,9.390000,-6.465618,7.628616,1.200000,0.000000,0.000000,130.282873,-144.700044,-147.525006,12.660372,1.127069,7.920209,-0.264703,0.000000,0.000000,0.000000,215.318894,203.774377,-3.908642,296.481872,-7.622655,3.253616,2.150498,8.562449,nan,nan,nan,0,nan,nan,nan,0,nan,nan,nan,nan,nan,nan,nan,nan,nan,nan,nan,nan,nan,nan,nan,nan,nan,nan,nan,nan,nan,nan,nan,nan,nan,nan,nan,nan,nan,nan,nan,nan,nan,nan,nan,nan,nan,nan,nan,nan,nan,nan,nan,nan,nan,nan,nan,nan,nan,nan,nan,nan,nan,nan,nan,nan,nan,nan,nan,nan,nan,nan,nan,nan,nan,nan,nan,nan,nan,nan,nan,nan,nan,nan,nan,nan,nan,nan,nan,nan
4.240,APPROACH,296.307762,214.934632,203.928741,-3.802964,-7.685251,3.087277,2.113561,-144.608607,-157.400992,13.252964,1.171171,4.500000,-0.913561,0.000000,0.000000,75.411814,70.326025,46.527749,9.450000,-6.514079,7.587277,1.200000,0.000000,0.000000,130.647837,-144.631125,-147.049980,12.644490,1.170213,7.913950,-0.264703,0.000000,0.000000,0.000000,214.934632,203.928741,-3.802964,296.307762,-7.685251,3.087277,2.113561,8.547602,nan,nan,nan,0,nan,nan,nan,0,nan,nan,nan,nan,nan,nan,nan,nan,nan,nan,nan,nan,nan,nan,nan,nan,nan,nan,nan,nan,nan,nan,nan,nan,nan,nan,nan,nan,nan,nan,nan,nan,nan,nan,nan,nan,nan,nan,nan,nan,nan,nan,nan,nan,nan,nan,nan,nan,nan,nan,nan,nan,nan,nan,nan,nan,nan,nan,nan,nan,nan,nan,nan,nan,nan,nan,nan,nan,nan,nan,nan,nan,nan,nan,nan,nan,nan,nan,nan,nan
4.280,APPROACH,296.307762,214.934632,203.928741,-3.802964,-7.685251,3.087277,2.113561,-144.549316,-157.169742,13.209040,1.185823,4.625000,-0.878471,0.000000,0.000000,75.619476,69.997912,46.905032,9.510000,-6.562248,7.545654,1.200000,0.000000,0.000000,131.012589,-144.583742,-146.733508,12.633902,1.198957,7.909646,-0.264703,0.000000,0.000000,0.000000,214.547228,204.074774,-3.699040,296.126171,-7.748071,2.920654,2.078471,8.537146,nan,nan,nan,0,nan,nan,nan,0,nan,nan,nan,nan,nan,nan,nan,nan,nan,nan,nan,nan,nan,nan,nan,nan,nan,nan,nan,nan,nan,nan,nan,nan,nan,nan,nan,nan,nan,nan,nan,nan,nan,nan,nan,nan,nan,nan,nan,nan,nan,nan,nan,nan,nan,nan,nan,nan,nan,nan,nan,nan,nan,nan,nan,nan,nan,nan,nan,nan,nan,nan,nan,nan,nan,nan,nan,nan,nan,nan,nan,nan,nan,nan,nan,nan,nan,nan,nan,nan
4.340,APPROACH,295.935484,214.154491,204.212461,-3.596519,-7.854737,2.753749,2.050430,-144.487086,-156.932242,13.166519,1.244613,4.750000,-0.850430,0.000000,0.000000,75.317230,69.667406,47.280219,9.570000,-6.610125,7.503749,1.200000,0.000000,0.000000,131.377134,-144.510512,-146.259128,12.618020,1.242042,7.902995,-0.264703,0.000000,0.000000,0.000000,214.154491,204.212461,-3.596519,295.935484,-7.854737,2.753749,2.050430,8.572298,nan,nan,nan,0,nan,nan,nan,0,nan,nan,nan,nan,nan,nan,nan,nan,nan,nan,nan,nan,nan,nan,nan,nan,nan,nan,nan,nan,nan,nan,nan,nan,nan,nan,nan,nan,nan,nan,nan,nan,nan,nan,nan,nan,nan,nan,nan,nan,nan,nan,nan,nan,nan,nan,nan,nan,nan,nan,nan,nan,nan,nan,nan,nan,nan,nan,nan,nan,nan,nan,nan,nan,nan,nan,nan,nan,nan,nan,nan,nan,nan,nan,nan,nan,nan,nan,nan,nan
4.380,APPROACH,295.935484,214.154491,204.212461,-3.596519,-7.854737,2.753749,2.050430,-144.424172,-156.688492,13.125594,1.258265,4.875000,-0.818496,0.000000,0.000000,75.527495,69.334521,47.653298,9.630000,-6.657707,7.461564,1.200000,0.000000,0.000000,131.741479,-144.460256,-145.943099,12.607432,1.270745,7.898431,-0.264703,0.000000,0.000000,0.000000,213.758693,204.341789,-3.495594,295.737324,-7.915972,2.586564,2.018496,8.568971,nan,nan,nan,0,nan,nan,nan,0,nan,nan,nan,nan,nan,nan,nan,nan,nan,nan,nan,nan,nan,nan,nan,nan,nan,nan,nan,nan,nan,nan,nan,nan,nan,nan,nan,nan,nan,nan,nan,nan,nan,nan,nan,nan,nan,nan,nan,nan,nan,nan,nan,nan,nan,nan,nan,nan,nan,nan,nan,nan,nan,nan,nan,nan,nan,nan,nan,nan,nan,nan,nan,nan,nan,nan,nan,nan,nan,nan,nan,nan,nan,nan,nan,nan,nan,nan,nan,nan
4.440,APPROACH,295.530017,213.357552,204.462744,-3.395921,-8.022810,2.419100,1.993454,-144.358282,-156.438492,13.085921,1.317815,5.000000,-0.793454,0.000000,0.000000,75.234731,68.999271,48.024253,9.690000,-6.704995,7.419100,1.200000,0.000000,0.000000,132.105629,-144.382720,-145.469403,12.591550,1.313768,7.891389,-0.264703,0.000000,0.000000,0.000000,213.357552,204.462744,-3.395921,295.530017,-8.022810,2.419100,1.993454,8.613442,nan,nan,nan,0,nan,nan,nan,0,nan,nan,nan,nan,nan,nan,nan,nan,nan,nan,nan,nan,nan,nan,nan,nan,nan,nan,nan,nan,nan,nan,nan,nan,nan,nan,nan,nan,nan,nan,nan,nan,nan,nan,nan,nan,nan,nan,nan,nan,nan,nan,nan,nan,nan,nan,nan,nan,nan,nan,nan,nan,nan,nan,nan,nan,nan,nan,nan,nan,nan,nan,nan,nan,nan,nan,nan,nan,nan,nan,nan,nan,nan,nan,nan,nan,nan,nan,nan,nan
4.480,APPROACH,295.530017,213.357552,204.462744,-3.395921,-8.022810,2.419100,1.993454,-144.291758,-156.182242,13.047703,1.330476,5.125000,-0.764369,0.000000,0.000000,75.446978,68.661671,48.393070,9.750000,-6.751988,7.376358,1.200000,0.000000,0.000000,132.469591,-144.329597,-145.153844,12.580961,1.342429,7.886564,-0.264703,0.000000,0.000000,0.000000,212.953429,204.575312,-3.297703,295.315249,-8.082464,2.251358,1.964369,8.617052,nan,nan,nan,0,nan,nan,nan,0,nan,nan,nan,nan,nan,nan,nan,nan,nan,nan,nan,nan,nan,nan,nan,nan,nan,nan,nan,nan,nan,nan,nan,nan,nan,nan,nan,nan,nan,nan,nan,nan,nan,nan,nan,nan,nan,nan,nan,nan,nan,nan,nan,nan,nan,nan,nan,nan,nan,nan,nan,nan,nan,nan,nan,nan,nan,nan,nan,nan,nan,nan,nan,nan,nan,nan,nan,nan,nan,nan,nan,nan,nan,nan,nan,nan,nan,nan,nan,nan
4.540,APPROACH,295.091284,212.543955,204.679479,-3.200601,-8.189474,2.083340,1.942033,-144.222218,-155.919742,13.010601,1.390789,5.250000,-0.742033,0.000000,0.000000,75.162474,68.321737,48.759737,9.810000,-6.798685,7.333340,1.200000,0.000000,0.000000,132.833369,-144.247762,-144.680872,12.565079,1.385386,7.879131,-0.264703,0.000000,0.000000,0.000000,212.543955,204.679479,-3.200601,295.091284,-8.189474,2.083340,1.942033,8.670599,nan,nan,nan,0,nan,nan,nan,0,nan,nan,nan,nan,nan,nan,nan,nan,nan,nan,nan,nan,nan,nan,nan,nan,nan,nan,nan,nan,nan,nan,nan,nan,nan,nan,nan,nan,nan,nan,nan,nan,nan,nan,nan,nan,nan,nan,nan,nan,nan,nan,nan,nan,nan,nan,nan,nan,nan,nan,nan,nan,nan,nan,nan,nan,nan,nan,nan,nan,nan,nan,nan,nan,nan,nan,nan,nan,nan,nan,nan,nan,nan,nan,nan,nan,nan,nan,nan,nan
4.580,APPROACH,295.091284,212.543955,204.679479,-3.200601,-8.189474,2.083340,1.942033,-144.149692,-155.650992,12.974561,1.450535,5.375000,-0.720813,0.000000,0.000000,74.897532,67.979483,49.124240,9.870000,-6.845086,7.290048,1.200000,0.000000,0.000000,133.196971,-144.191774,-144.365808,12.554491,1.414002,7.874046,-0.264703,0.000000,0.000000,0.000000,212.129174,204.775232,-3.104561,294.858136,-8.295620,1.915048,1.920813,8.727786,nan,nan,nan,0,nan,nan,nan,0,nan,nan,nan,nan,nan,nan,nan,nan,nan,nan,nan,nan,nan,nan,nan,nan,nan,nan,nan,nan,nan,nan,nan,nan,nan,nan,nan,nan,nan,nan,nan,nan,nan,nan,nan,nan,nan,nan,nan,nan,nan,nan,nan,nan,nan,nan,nan,nan,nan,nan,nan,nan,nan,nan,nan,nan,nan,nan,nan,nan,nan,nan,nan,nan,nan,nan,nan,nan,nan,nan,nan,nan,nan,nan,nan,nan,nan,nan,nan,nan
4.640,APPROACH,294.617582,211.711582,204.862556,-3.009793,-8.351847,1.746483,1.895361,-144.076659,-155.375992,12.939793,1.460658,5.500000,-0.695361,0.000000,0.000000,75.127039,67.634923,49.486564,9.930000,-6.891189,7.246483,1.200000,0.000000,0.000000,133.560400,-144.105647,-143.893598,12.538609,1.456890,7.866224,-0.264703,0.000000,0.000000,0.000000,211.711582,204.862556,-3.009793,294.617582,-8.351847,1.746483,1.895361,8.740477,nan,nan,nan,0,nan,nan,nan,0,nan,nan,nan,nan,nan,nan,nan,nan,nan,nan,nan,nan,nan,nan,nan,nan,nan,nan,nan,nan,nan,nan,nan,nan,nan,nan,nan,nan,nan,nan,nan,nan,nan,nan,nan,nan,nan,nan,nan,nan,nan,nan,nan,nan,nan,nan,nan,nan,nan,nan,nan,nan,nan,nan,nan,nan,nan,nan,nan,nan,nan,nan,nan,nan,nan,nan,nan,nan,nan,nan,nan,nan,nan,nan,nan,nan,nan,nan,nan,nan
4.680,APPROACH,294.617582,211.711582,204.862556,-3.009793,-8.351847,1.746483,1.895361,-144.000594,-155.094742,12.905969,1.521288,5.625000,-0.676475,0.000000,0.000000,74.866331,67.288074,49.846696,9.990000,-6.936993,7.202647,1.200000,0.000000,0.000000,133.923662,-144.046800,-143.579056,12.528021,1.485458,7.860879,-0.264703,0.000000,0.000000,0.000000,211.288668,204.941438,-2.915969,294.367792,-8.458282,1.577647,1.876475,8.806399,nan,nan,nan,0,nan,nan,nan,0,nan,nan,nan,nan,nan,nan,nan,nan,nan,nan,nan,nan,nan,nan,nan,nan,nan,nan,nan,nan,nan,nan,nan,nan,nan,nan,nan,nan,nan,nan,nan,nan,nan,nan,nan,nan,nan,nan,nan,nan,nan,nan,nan,nan,nan,nan,nan,nan,nan,nan,nan,nan,nan,nan,nan,nan,nan,nan,nan,nan,nan,nan,nan,nan,nan,nan,nan,nan,nan,nan,nan,nan,nan,nan,nan,nan,nan,nan,nan,nan
4.740,APPROACH,294.110604,210.863016,205.011865,-2.823307,-8.513046,1.408541,1.853239,-143.924067,-154.807242,12.873307,1.530547,5.750000,-0.653239,0.000000,0.000000,75.094510,66.938949,50.204623,10.050000,-6.982499,7.158541,1.200000,0.000000,0.000000,134.286762,-143.956388,-143.107649,12.512139,1.528273,7.852667,-0.264703,0.000000,0.000000,0.000000,210.863016,205.011865,-2.823307,294.110604,-8.513046,1.408541,1.853239,8.825556,nan,nan,nan,0,nan,nan,nan,0,nan,nan,nan,nan,nan,nan,nan,nan,nan,nan,nan,nan,nan,nan,nan,nan,nan,nan,nan,nan,nan,nan,nan,nan,nan,nan,nan,nan,nan,nan,nan,nan,nan,nan,nan,nan,nan,nan,nan,nan,nan,nan,nan,nan,nan,nan,nan,nan,nan,nan,nan,nan,nan,nan,nan,nan,nan,nan,nan,nan,nan,nan,nan,nan,nan,nan,nan,nan,nan,nan,nan,nan,nan,nan,nan,nan,nan,nan,nan,nan
4.780,APPROACH,294.110604,210.863016,205.011865,-2.823307,-8.513046,1.408541,1.853239,-143.846324,-154.513492,12.841749,1.554856,5.875000,-0.631166,0.000000,0.000000,75.176171,66.587564,50.560332,10.110000,-7.027705,7.114166,1.200000,0.000000,0.000000,134.649706,-143.894687,-142.793654,12.501550,1.556792,7.847063,-0.264703,0.000000,0.000000,0.000000,210.433888,205.073824,-2.731749,293.845464,-8.582561,1.239166,1.831166,8.862790,nan,nan,nan,0,nan,nan,nan,0,nan,nan,nan,nan,nan,nan,nan,nan,nan,nan,nan,nan,nan,nan,nan,nan,nan,nan,nan,nan,nan,nan,nan,nan,nan,nan,nan,nan,nan,nan,nan,nan,nan,nan,nan,nan,nan,nan,nan,nan,nan,nan,nan,nan,nan,nan,nan,nan,nan,nan,nan,nan,nan,nan,nan,nan,nan,nan,nan,nan,nan,nan,nan,nan,nan,nan,nan,nan,nan,nan,nan,nan,nan,nan,nan,nan,nan,nan,nan,nan
4.840,APPROACH,293.571518,210.000124,205.127300,-2.640974,-8.675274,1.069525,1.815489,-143.766191,-154.213492,12.810974,1.602665,6.000000,-0.615489,0.000000,0.000000,75.044830,66.233933,50.913808,10.170000,-7.072610,7.069525,1.200000,0.000000,0.000000,135.012496,-143.799997,-142.323087,12.485668,1.599531,7.838463,-0.264703,0.000000,0.000000,0.000000,210.000124,205.127300,-2.640974,293.571518,-8.675274,1.069525,1.815489,8.927501,nan,nan,nan,0,nan,nan,nan,0,nan,nan,nan,nan,nan,nan,nan,nan,nan,nan,nan,nan,nan,nan,nan,nan,nan,nan,nan,nan,nan,nan,nan,nan,nan,nan,nan,nan,nan,nan,nan,nan,nan,nan,nan,nan,nan,nan,nan,nan,nan,nan,nan,nan,nan,nan,nan,nan,nan,nan,nan,nan,nan,nan,nan,nan,nan,nan,nan,nan,nan,nan,nan,nan,nan,nan,nan,nan,nan,nan,nan,nan,nan,nan,nan,nan,nan,nan,nan,nan
4.880,APPROACH,293.571518,210.000124,205.127300,-2.640974,-8.675274,1.069525,1.815489,-143.684891,-153.907242,12.781209,1.625990,6.125000,-0.595303,0.000000,0.000000,75.132737,65.878072,51.265039,10.230000,-7.117213,7.024619,1.200000,0.000000,0.000000,135.375140,-143.735446,-142.009665,12.475080,1.627997,7.832600,-0.264703,0.000000,0.000000,0.000000,209.562964,205.172281,-2.551209,293.289634,-8.743203,0.899619,1.795303,8.970843,nan,nan,nan,0,nan,nan,nan,0,nan,nan,nan,nan,nan,nan,nan,nan,nan,nan,nan,nan,nan,nan,nan,nan,nan,nan,nan,nan,nan,nan,nan,nan,nan,nan,nan,nan,nan,nan,nan,nan,nan,nan,nan,nan,nan,nan,nan,nan,nan,nan,nan,nan,nan,nan,nan,nan,nan,nan,nan,nan,nan,nan,nan,nan,nan,nan,nan,nan,nan,nan,nan,nan,nan,nan,nan,nan,nan,nan,nan,nan,nan,nan,nan,nan,nan,nan,nan,nan
4.940,APPROACH,292.998896,209.121158,205.208753,-2.462138,-8.836117,0.729450,1.781420,-143.601161,-153.594742,12.752138,1.674603,6.250000,-0.581420,0.000000,0.000000,75.000681,65.519997,51.614011,10.290000,-7.161514,6.979450,1.200000,0.000000,0.000000,135.737639,-143.636486,-141.539977,12.459198,1.670656,7.823612,-0.264703,0.000000,0.000000,0.000000,209.121158,205.208753,-2.462138,292.998896,-8.836117,0.729450,1.781420,9.043369,nan,nan,nan,0,nan,nan,nan,0,nan,nan,nan,nan,nan,nan,nan,nan,nan,nan,nan,nan,nan,nan,nan,nan,nan,nan,nan,nan,nan,nan,nan,nan,nan,nan,nan,nan,nan,nan,nan,nan,nan,nan,nan,nan,nan,nan,nan,nan,nan,nan,nan,nan,nan,nan,nan,nan,nan,nan,nan,nan,nan,nan,nan,nan,nan,nan,nan,nan,nan,nan,nan,nan,nan,nan,nan,nan,nan,nan,nan,nan,nan,nan,nan,nan,nan,nan,nan,nan
4.980,APPROACH,292.998896,209.121158,205.208753,-2.462138,-8.836117,0.729450,1.781420,-143.514284,-153.275992,12.723726,1.737552,6.375000,-0.568231,0.000000,0.000000,74.753957,65.159721,51.960712,10.350000,-7.205511,6.934018,1.200000,0.000000,0.000000,136.100000,-143.569092,-141.227155,12.448610,1.699068,7.817491,-0.264703,0.000000,0.000000,0.000000,208.674005,205.236704,-2.373726,292.698786,-8.943063,0.559018,1.768231,9.133319,nan,nan,nan,0,nan,nan,nan,0,nan,nan,nan,nan,nan,nan,nan,nan,nan,nan,nan,nan,nan,nan,nan,nan,nan,nan,nan,nan,nan,nan,nan,nan,nan,nan,nan,nan,nan,nan,nan,nan,nan,nan,nan,nan,nan,nan,nan,nan,nan,nan,nan,nan,nan,nan,nan,nan,nan,nan,nan,nan,nan,nan,nan,nan,nan,nan,nan,nan,nan,nan,nan,nan,nan,nan,nan,nan,nan,nan,nan,nan,nan,nan,nan,nan,nan,nan,nan,nan
5.040,APPROACH,292.391315,208.224348,205.256121,-2.286206,-8.993129,0.388327,1.750408,-143.427087,-152.950992,12.696206,1.743925,6.500000,-0.550408,0.000000,0.000000,74.981457,64.797261,52.305129,10.410000,-7.249204,6.888327,1.200000,0.000000,0.000000,136.462226,-143.465870,-140.758386,12.432728,1.741644,7.808116,-0.264703,0.000000,0.000000,0.000000,208.224348,205.256121,-2.286206,292.391315,-8.993129,0.388327,1.750408,9.170119,nan,nan,nan,0,nan,nan,nan,0,nan,nan,nan,nan,nan,nan,nan,nan,nan,nan,nan,nan,nan,nan,nan,nan,nan,nan,nan,nan,nan,nan,nan,nan,nan,nan,nan,nan,nan,nan,nan,nan,nan,nan,nan,nan,nan,nan,nan,nan,nan,nan,nan,nan,nan,nan,nan,nan,nan,nan,nan,nan,nan,nan,nan,nan,nan,nan,nan,nan,nan,nan,nan,nan,nan,nan,nan,nan,nan,nan,nan,nan,nan,nan,nan,nan,nan,nan,nan,nan
5.080,APPROACH,292.391315,208.224348,205.256121,-2.286206,-8.993129,0.388327,1.750408,-143.338816,-152.619742,12.669532,1.765429,6.625000,-0.533476,0.000000,0.000000,75.078573,64.432631,52.647247,10.470000,-7.292591,6.842376,1.200000,0.000000,0.000000,136.824321,-143.395637,-140.446188,12.422140,1.769999,7.801737,-0.264703,0.000000,0.000000,0.000000,207.771447,205.266989,-2.199532,292.075930,-9.058021,0.217376,1.733476,9.224962,nan,nan,nan,0,nan,nan,nan,0,nan,nan,nan,nan,nan,nan,nan,nan,nan,nan,nan,nan,nan,nan,nan,nan,nan,nan,nan,nan,nan,nan,nan,nan,nan,nan,nan,nan,nan,nan,nan,nan,nan,nan,nan,nan,nan,nan,nan,nan,nan,nan,nan,nan,nan,nan,nan,nan,nan,nan,nan,nan,nan,nan,nan,nan,nan,nan,nan,nan,nan,nan,nan,nan,nan,nan,nan,nan,nan,nan,nan,nan,nan,nan,nan,nan,nan,nan,nan,nan
5.140,APPROACH,291.751596,207.313874,205.269298,-2.113398,-9.151458,0.046169,1.722684,-143.248027,-152.282242,12.643398,1.815785,6.750000,-0.522684,0.000000,0.000000,74.943561,64.065848,52.987056,10.530000,-7.335672,6.796169,1.200000,0.000000,0.000000,137.186289,-143.288162,-139.978376,12.406257,1.812488,7.791976,-0.264703,0.000000,0.000000,0.000000,207.313874,205.269298,-2.113398,291.751596,-9.151458,0.046169,1.722684,9.312301,nan,nan,nan,0,nan,nan,nan,0,nan,nan,nan,nan,nan,nan,nan,nan,nan,nan,nan,nan,nan,nan,nan,nan,nan,nan,nan,nan,nan,nan,nan,nan,nan,nan,nan,nan,nan,nan,nan,nan,nan,nan,nan,nan,nan,nan,nan,nan,nan,nan,nan,nan,nan,nan,nan,nan,nan,nan,nan,nan,nan,nan,nan,nan,nan,nan,nan,nan,nan,nan,nan,nan,nan,nan,nan,nan,nan,nan,nan,nan,nan,nan,nan,nan,nan,nan,nan,nan
5.180,APPROACH,291.751596,207.313874,205.269298,-2.113398,-9.151458,0.046169,1.722684,-143.156919,-151.938492,12.618041,1.822146,6.875000,-0.507138,0.000000,0.000000,75.155665,63.696925,53.324541,10.590000,-7.378446,6.749706,1.200000,0.000000,0.000000,137.548134,-143.215097,-139.666829,12.395669,1.840784,7.785340,-0.264703,0.000000,0.000000,0.000000,206.853845,205.263033,-2.028041,291.419867,-9.200592,-0.125294,1.707138,9.358467,nan,nan,nan,0,nan,nan,nan,0,nan,nan,nan,nan,nan,nan,nan,nan,nan,nan,nan,nan,nan,nan,nan,nan,nan,nan,nan,nan,nan,nan,nan,nan,nan,nan,nan,nan,nan,nan,nan,nan,nan,nan,nan,nan,nan,nan,nan,nan,nan,nan,nan,nan,nan,nan,nan,nan,nan,nan,nan,nan,nan,nan,nan,nan,nan,nan,nan,nan,nan,nan,nan,nan,nan,nan,nan,nan,nan,nan,nan,nan,nan,nan,nan,nan,nan,nan,nan,nan
5.240,APPROACH,291.078611,206.388385,205.248183,-1.943158,-9.309191,-0.297011,1.697663,-143.062505,-151.588492,12.593158,1.888279,7.000000,-0.497663,0.000000,0.000000,74.903555,63.325880,53.659691,10.650000,-7.420912,6.702989,1.200000,0.000000,0.000000,137.909859,-143.103377,-139.200012,12.379787,1.883182,7.775193,-0.264703,0.000000,0.000000,0.000000,206.388385,205.248183,-1.943158,291.078611,-9.309191,-0.297011,1.697663,9.467381,nan,nan,nan,0,nan,nan,nan,0,nan,nan,nan,nan,nan,nan,nan,nan,nan,nan,nan,nan,nan,nan,nan,nan,nan,nan,nan,nan,nan,nan,nan,nan,nan,nan,nan,nan,nan,nan,nan,nan,nan,nan,nan,nan,nan,nan,nan,nan,nan,nan,nan,nan,nan,nan,nan,nan,nan,nan,nan,nan,nan,nan,nan,nan,nan,nan,nan,nan,nan,nan,nan,nan,nan,nan,nan,nan,nan,nan,nan,nan,nan,nan,nan,nan,nan,nan,nan,nan
5.280,APPROACH,291.078611,206.388385,205.248183,-1.943158,-9.309191,-0.297011,1.697663,-142.967824,-151.232242,12.568990,1.893622,7.125000,-0.483368,0.000000,0.000000,75.116477,62.952726,53.992492,10.710000,-7.463068,6.656021,1.200000,0.000000,0.000000,138.271469,-143.027485,-138.889142,12.369199,1.911417,7.768300,-0.264703,0.000000,0.000000,0.000000,205.920551,205.224734,-1.858990,290.729978,-9.356690,-0.468979,1.683368,9.518473,nan,nan,nan,0,nan,nan,nan,0,nan,nan,nan,nan,nan,nan,nan,nan,nan,nan,nan,nan,nan,nan,nan,nan,nan,nan,nan,nan,nan,nan,nan,nan,nan,nan,nan,nan,nan,nan,nan,nan,nan,nan,nan,nan,nan,nan,nan,nan,nan,nan,nan,nan,nan,nan,nan,nan,nan,nan,nan,nan,nan,nan,nan,nan,nan,nan,nan,nan,nan,nan,nan,nan,nan,nan,nan,nan,nan,nan,nan,nan,nan,nan,nan,nan,nan,nan,nan,nan
5.340,APPROACH,290.371780,205.447282,205.192674,-1.775236,-9.465373,-0.641198,1.675082,-142.869801,-150.869742,12.545236,1.960458,7.250000,-0.475082,0.000000,0.000000,74.868638,62.577481,54.322932,10.770000,-7.504914,6.608802,1.200000,0.000000,0.000000,138.632966,-142.911531,-138.423359,12.353317,1.953721,7.757769,-0.264703,0.000000,0.000000,0.000000,205.447282,205.192674,-1.775236,290.371780,-9.465373,-0.641198,1.675082,9.633811,nan,nan,nan,0,nan,nan,nan,0,nan,nan,nan,nan,nan,nan,nan,nan,nan,nan,nan,nan,nan,nan,nan,nan,nan,nan,nan,nan,nan,nan,nan,nan,nan,nan,nan,nan,nan,nan,nan,nan,nan,nan,nan,nan,nan,nan,nan,nan,nan,nan,nan,nan,nan,nan,nan,nan,nan,nan,nan,nan,nan,nan,nan,nan,nan,nan,nan,nan,nan,nan,nan,nan,nan,nan,nan,nan,nan,nan,nan,nan,nan,nan,nan,nan,nan,nan,nan,nan
5.380,APPROACH,290.371780,205.447282,205.192674,-1.775236,-9.465373,-0.641198,1.675082,-142.768488,-150.500992,12.521875,2.026272,7.375000,-0.467210,0.000000,0.000000,74.637136,62.200158,54.650998,10.830000,-7.546449,6.561334,1.200000,0.000000,0.000000,138.994354,-142.832819,-138.113190,12.342729,1.981892,7.750620,-0.264703,0.000000,0.000000,0.000000,204.968646,205.151990,-1.691875,290.004047,-9.572721,-0.813666,1.667210,9.750827,nan,nan,nan,0,nan,nan,nan,0,nan,nan,nan,nan,nan,nan,nan,nan,nan,nan,nan,nan,nan,nan,nan,nan,nan,nan,nan,nan,nan,nan,nan,nan,nan,nan,nan,nan,nan,nan,nan,nan,nan,nan,nan,nan,nan,nan,nan,nan,nan,nan,nan,nan,nan,nan,nan,nan,nan,nan,nan,nan,nan,nan,nan,nan,nan,nan,nan,nan,nan,nan,nan,nan,nan,nan,nan,nan,nan,nan,nan,nan,nan,nan,nan,nan,nan,nan,nan,nan
5.440,APPROACH,289.629018,204.487830,205.102671,-1.609153,-9.616318,-0.986381,1.654438,-142.667056,-150.125992,12.499153,2.028646,7.500000,-0.454438,0.000000,0.000000,74.864465,61.820775,54.976679,10.890000,-7.587672,6.513619,1.200000,0.000000,0.000000,139.355637,-142.712639,-137.648480,12.326846,2.024099,7.739704,-0.264703,0.000000,0.000000,0.000000,204.487830,205.102671,-1.609153,289.629018,-9.616318,-0.986381,1.654438,9.807328,nan,nan,nan,0,nan,nan,nan,0,nan,nan,nan,nan,nan,nan,nan,nan,nan,nan,nan,nan,nan,nan,nan,nan,nan,nan,nan,nan,nan,nan,nan,nan,nan,nan,nan,nan,nan,nan,nan,nan,nan,nan,nan,nan,nan,nan,nan,nan,nan,nan,nan,nan,nan,nan,nan,nan,nan,nan,nan,nan,nan,nan,nan,nan,nan,nan,nan,nan,nan,nan,nan,nan,nan,nan,nan,nan,nan,nan,nan,nan,nan,nan,nan,nan,nan,nan,nan,nan
5.480,APPROACH,289.629018,204.487830,205.102671,-1.609153,-9.616318,-0.986381,1.654438,-142.562289,-149.744742,12.476773,2.095336,7.625000,-0.447598,0.000000,0.000000,74.634502,61.439346,55.299962,10.950000,-7.628581,6.465659,1.200000,0.000000,0.000000,139.716817,-142.631112,-137.339039,12.316258,2.052204,7.732300,-0.264703,0.000000,0.000000,0.000000,204.001634,205.044704,-1.526773,289.244410,-9.723917,-1.159341,1.647598,9.930419,nan,nan,nan,0,nan,nan,nan,0,nan,nan,nan,nan,nan,nan,nan,nan,nan,nan,nan,nan,nan,nan,nan,nan,nan,nan,nan,nan,nan,nan,nan,nan,nan,nan,nan,nan,nan,nan,nan,nan,nan,nan,nan,nan,nan,nan,nan,nan,nan,nan,nan,nan,nan,nan,nan,nan,nan,nan,nan,nan,nan,nan,nan,nan,nan,nan,nan,nan,nan,nan,nan,nan,nan,nan,nan,nan,nan,nan,nan,nan,nan,nan,nan,nan,nan,nan,nan,nan
5.540,APPROACH,288.852516,203.513332,204.978077,-1.444983,-9.766050,-1.332545,1.635806,-142.457445,-149.357242,12.454983,2.096873,7.750000,-0.435806,0.000000,0.000000,74.860296,61.055887,55.620835,11.010000,-7.669177,6.417455,1.200000,0.000000,0.000000,140.077898,-142.506717,-136.875439,12.300376,2.094310,7.721002,-0.264703,0.000000,0.000000,0.000000,203.513332,204.978077,-1.444983,288.852516,-9.766050,-1.332545,1.635806,9.991359,nan,nan,nan,0,nan,nan,nan,0,nan,nan,nan,nan,nan,nan,nan,nan,nan,nan,nan,nan,nan,nan,nan,nan,nan,nan,nan,nan,nan,nan,nan,nan,nan,nan,nan,nan,nan,nan,nan,nan,nan,nan,nan,nan,nan,nan,nan,nan,nan,nan,nan,nan,nan,nan,nan,nan,nan,nan,nan,nan,nan,nan,nan,nan,nan,nan,nan,nan,nan,nan,nan,nan,nan,nan,nan,nan,nan,nan,nan,nan,nan,nan,nan,nan,nan,nan,nan,nan
5.580,APPROACH,288.852516,203.513332,204.978077,-1.444983,-9.766050,-1.332545,1.635806,-142.349224,-148.963492,12.433488,2.164421,7.875000,-0.429898,0.000000,0.000000,74.631896,60.670414,55.939286,11.070000,-7.709456,6.369010,1.200000,0.000000,0.000000,140.438882,-142.422383,-136.566752,12.289788,2.122347,7.713342,-0.264703,0.000000,0.000000,0.000000,203.019638,204.902777,-1.363488,288.451002,-9.873877,-1.505990,1.629898,10.120179,nan,nan,nan,0,nan,nan,nan,0,nan,nan,nan,nan,nan,nan,nan,nan,nan,nan,nan,nan,nan,nan,nan,nan,nan,nan,nan,nan,nan,nan,nan,nan,nan,nan,nan,nan,nan,nan,nan,nan,nan,nan,nan,nan,nan,nan,nan,nan,nan,nan,nan,nan,nan,nan,nan,nan,nan,nan,nan,nan,nan,nan,nan,nan,nan,nan,nan,nan,nan,nan,nan,nan,nan,nan,nan,nan,nan,nan,nan,nan,nan,nan,nan,nan,nan,nan,nan,nan
5.640,APPROACH,288.042215,202.523912,204.818794,-1.282538,-9.914528,-1.679676,1.618991,-142.240969,-148.563492,12.412538,2.165109,8.000000,-0.418991,0.000000,0.000000,74.856328,60.282943,56.255302,11.130000,-7.749420,6.320324,1.200000,0.000000,0.000000,140.799773,-142.293782,-136.104300,12.273906,2.164349,7.701662,-0.264703,0.000000,0.000000,0.000000,202.523912,204.818794,-1.282538,288.042215,-9.914528,-1.679676,1.618991,10.185299,nan,nan,nan,0,nan,nan,nan,0,nan,nan,nan,nan,nan,nan,nan,nan,nan,nan,nan,nan,nan,nan,nan,nan,nan,nan,nan,nan,nan,nan,nan,nan,nan,nan,nan,nan,nan,nan,nan,nan,nan,nan,nan,nan,nan,nan,nan,nan,nan,nan,nan,nan,nan,nan,nan,nan,nan,nan,nan,nan,nan,nan,nan,nan,nan,nan,nan,nan,nan,nan,nan,nan,nan,nan,nan,nan,nan,nan,nan,nan,nan,nan,nan,nan,nan,nan,nan,nan
5.680,APPROACH,288.042215,202.523912,204.818794,-1.282538,-9.914528,-1.679676,1.618991,-142.131916,-148.157242,12.392107,2.181050,8.125000,-0.408630,0.000000,0.000000,74.973930,59.893490,56.568872,11.190000,-7.789066,6.271400,1.200000,0.000000,0.000000,141.160572,-142.206649,-135.796392,12.263318,2.192314,7.693748,-0.264703,0.000000,0.000000,0.000000,202.025406,204.726114,-1.202107,287.625610,-9.970116,-1.853600,1.608630,10.267752,nan,nan,nan,0,nan,nan,nan,0,nan,nan,nan,nan,nan,nan,nan,nan,nan,nan,nan,nan,nan,nan,nan,nan,nan,nan,nan,nan,nan,nan,nan,nan,nan,nan,nan,nan,nan,nan,nan,nan,nan,nan,nan,nan,nan,nan,nan,nan,nan,nan,nan,nan,nan,nan,nan,nan,nan,nan,nan,nan,nan,nan,nan,nan,nan,nan,nan,nan,nan,nan,nan,nan,nan,nan,nan,nan,nan,nan,nan,nan,nan,nan,nan,nan,nan,nan,nan,nan
5.740,APPROACH,287.199789,201.522162,204.624726,-1.121903,-10.064867,-2.027761,1.604081,-142.020092,-147.744742,12.371903,2.236473,8.250000,-0.404081,0.000000,0.000000,74.832357,59.502070,56.879984,11.250000,-7.828394,6.222239,1.200000,0.000000,0.000000,141.521284,-142.073853,-135.335128,12.247435,2.234208,7.681687,-0.264703,0.000000,0.000000,0.000000,201.522162,204.624726,-1.121903,287.199789,-10.064867,-2.027761,1.604081,10.391652,nan,nan,nan,0,nan,nan,nan,0,nan,nan,nan,nan,nan,nan,nan,nan,nan,nan,nan,nan,nan,nan,nan,nan,nan,nan,nan,nan,nan,nan,nan,nan,nan,nan,nan,nan,nan,nan,nan,nan,nan,nan,nan,nan,nan,nan,nan,nan,nan,nan,nan,nan,nan,nan,nan,nan,nan,nan,nan,nan,nan,nan,nan,nan,nan,nan,nan,nan,nan,nan,nan,nan,nan,nan,nan,nan,nan,nan,nan,nan,nan,nan,nan,nan,nan,nan,nan,nan
5.780,APPROACH,287.199789,201.522162,204.624726,-1.121903,-10.064867,-2.027761,1.604081,-141.904817,-147.325992,12.351915,2.305500,8.375000,-0.399759,0.000000,0.000000,74.608645,59.108700,57.188626,11.310000,-7.867402,6.172843,1.200000,0.000000,0.000000,141.881911,-141.983927,-135.028023,12.236847,2.262101,7.673519,-0.264703,0.000000,0.000000,0.000000,201.013517,204.514618,-1.041915,286.764274,-10.172902,-2.202157,1.599759,10.530748,nan,nan,nan,0,nan,nan,nan,0,nan,nan,nan,nan,nan,nan,nan,nan,nan,nan,nan,nan,nan,nan,nan,nan,nan,nan,nan,nan,nan,nan,nan,nan,nan,nan,nan,nan,nan,nan,nan,nan,nan,nan,nan,nan,nan,nan,nan,nan,nan,nan,nan,nan,nan,nan,nan,nan,nan,nan,nan,nan,nan,nan,nan,nan,nan,nan,nan,nan,nan,nan,nan,nan,nan,nan,nan,nan,nan,nan,nan,nan,nan,nan,nan,nan,nan,nan,nan,nan
5.840,APPROACH,286.321520,200.502999,204.395778,-0.962397,-10.210372,-2.376786,1.590359,-141.789603,-146.900992,12.332397,2.304282,8.500000,-0.390359,0.000000,0.000000,74.832124,58.713395,57.494787,11.370000,-7.906089,6.123214,1.200000,0.000000,0.000000,142.242454,-141.846947,-134.567984,12.220965,2.303884,7.661078,-0.264703,0.000000,0.000000,0.000000,200.502999,204.395778,-0.962397,286.321520,-10.210372,-2.376786,1.590359,10.603303,nan,nan,nan,0,nan,nan,nan,0,nan,nan,nan,nan,nan,nan,nan,nan,nan,nan,nan,nan,nan,nan,nan,nan,nan,nan,nan,nan,nan,nan,nan,nan,nan,nan,nan,nan,nan,nan,nan,nan,nan,nan,nan,nan,nan,nan,nan,nan,nan,nan,nan,nan,nan,nan,nan,nan,nan,nan,nan,nan,nan,nan,nan,nan,nan,nan,nan,nan,nan,nan,nan,nan,nan,nan,nan,nan,nan,nan,nan,nan,nan,nan,nan,nan,nan,nan,nan,nan
5.880,APPROACH,286.321520,200.502999,204.395778,-0.962397,-10.210372,-2.376786,1.590359,-141.674381,-146.469742,12.313326,2.304444,8.625000,-0.381429,0.000000,0.000000,75.041024,58.316173,57.798454,11.430000,-7.944455,6.073354,1.200000,0.000000,0.000000,142.602917,-141.754235,-134.261709,12.210377,2.331701,7.652658,-0.264703,0.000000,0.000000,0.000000,199.990554,204.268196,-0.883326,285.871471,-10.248900,-2.551646,1.581429,10.679502,nan,nan,nan,0,nan,nan,nan,0,nan,nan,nan,nan,nan,nan,nan,nan,nan,nan,nan,nan,nan,nan,nan,nan,nan,nan,nan,nan,nan,nan,nan,nan,nan,nan,nan,nan,nan,nan,nan,nan,nan,nan,nan,nan,nan,nan,nan,nan,nan,nan,nan,nan,nan,nan,nan,nan,nan,nan,nan,nan,nan,nan,nan,nan,nan,nan,nan,nan,nan,nan,nan,nan,nan,nan,nan,nan,nan,nan,nan,nan,nan,nan,nan,nan,nan,nan,nan,nan
5.940,APPROACH,285.411611,199.472616,204.131859,-0.804414,-10.358750,-2.726736,1.578240,-141.555569,-146.032242,12.294414,2.376251,8.750000,-0.378240,0.000000,0.000000,74.806531,57.917048,58.099617,11.490000,-7.982499,6.023264,1.200000,0.000000,0.000000,142.963302,-141.613083,-133.802933,12.194495,2.373369,7.639838,-0.264703,0.000000,0.000000,0.000000,199.472616,204.131859,-0.804414,285.411611,-10.358750,-2.726736,1.578240,10.827264,nan,nan,nan,0,nan,nan,nan,0,nan,nan,nan,nan,nan,nan,nan,nan,nan,nan,nan,nan,nan,nan,nan,nan,nan,nan,nan,nan,nan,nan,nan,nan,nan,nan,nan,nan,nan,nan,nan,nan,nan,nan,nan,nan,nan,nan,nan,nan,nan,nan,nan,nan,nan,nan,nan,nan,nan,nan,nan,nan,nan,nan,nan,nan,nan,nan,nan,nan,nan,nan,nan,nan,nan,nan,nan,nan,nan,nan,nan,nan,nan,nan,nan,nan,nan,nan,nan,nan
5.980,APPROACH,285.411611,199.472616,204.131859,-0.804414,-10.358750,-2.726736,1.578240,-141.433235,-145.588492,12.275653,2.446679,8.875000,-0.375210,0.000000,0.000000,74.587417,57.516037,58.398265,11.550000,-8.020219,5.972947,1.200000,0.000000,0.000000,143.323612,-141.517593,-133.497513,12.183907,2.401109,7.631165,-0.264703,0.000000,0.000000,0.000000,198.949271,203.986757,-0.725653,284.941987,-10.466898,-2.902053,1.575210,10.975389,nan,nan,nan,0,nan,nan,nan,0,nan,nan,nan,nan,nan,nan,nan,nan,nan,nan,nan,nan,nan,nan,nan,nan,nan,nan,nan,nan,nan,nan,nan,nan,nan,nan,nan,nan,nan,nan,nan,nan,nan,nan,nan,nan,nan,nan,nan,nan,nan,nan,nan,nan,nan,nan,nan,nan,nan,nan,nan,nan,nan,nan,nan,nan,nan,nan,nan,nan,nan,nan,nan,nan,nan,nan,nan,nan,nan,nan,nan,nan,nan,nan,nan,nan,nan,nan,nan,nan
6.040,APPROACH,284.465165,198.424215,203.832877,-0.647301,-10.501119,-3.077597,1.567038,-141.311059,-145.138492,12.257301,2.443505,9.000000,-0.367038,0.000000,0.000000,74.810322,57.113156,58.694385,11.610000,-8.057614,5.922403,1.200000,0.000000,0.000000,143.683848,-141.372279,-133.040038,12.168024,2.442659,7.617967,-0.264703,0.000000,0.000000,0.000000,198.424215,203.832877,-0.647301,284.465165,-10.501119,-3.077597,1.567038,11.054443,nan,nan,nan,0,nan,nan,nan,0,nan,nan,nan,nan,nan,nan,nan,nan,nan,nan,nan,nan,nan,nan,nan,nan,nan,nan,nan,nan,nan,nan,nan,nan,nan,nan,nan,nan,nan,nan,nan,nan,nan,nan,nan,nan,nan,nan,nan,nan,nan,nan,nan,nan,nan,nan,nan,nan,nan,nan,nan,nan,nan,nan,nan,nan,nan,nan,nan,nan,nan,nan,nan,nan,nan,nan,nan,nan,nan,nan,nan,nan,nan,nan,nan,nan,nan,nan,nan,nan
6.080,APPROACH,284.465165,198.424215,203.832877,-0.647301,-10.501119,-3.077597,1.567038,-141.188968,-144.682242,12.239337,2.441818,9.125000,-0.359274,0.000000,0.000000,75.018856,56.708422,58.987967,11.670000,-8.094683,5.871636,1.200000,0.000000,0.000000,144.044014,-141.274020,-132.735497,12.157436,2.470318,7.609043,-0.264703,0.000000,0.000000,0.000000,197.897390,203.670209,-0.569337,283.981082,-10.536501,-3.253364,1.559274,11.137036,nan,nan,nan,0,nan,nan,nan,0,nan,nan,nan,nan,nan,nan,nan,nan,nan,nan,nan,nan,nan,nan,nan,nan,nan,nan,nan,nan,nan,nan,nan,nan,nan,nan,nan,nan,nan,nan,nan,nan,nan,nan,nan,nan,nan,nan,nan,nan,nan,nan,nan,nan,nan,nan,nan,nan,nan,nan,nan,nan,nan,nan,nan,nan,nan,nan,nan,nan,nan,nan,nan,nan,nan,nan,nan,nan,nan,nan,nan,nan,nan,nan,nan,nan,nan,nan,nan,nan
6.140,APPROACH,283.487120,197.365063,203.498741,-0.491478,-10.646547,-3.429354,1.557192,-141.063212,-144.219742,12.221478,2.515122,9.250000,-0.357192,0.000000,0.000000,74.788736,56.301851,59.278999,11.730000,-8.131425,5.820646,1.200000,0.000000,0.000000,144.404110,-141.124558,-132.279361,12.141554,2.511747,7.595468,-0.264703,0.000000,0.000000,0.000000,197.365063,203.498741,-0.491478,283.487120,-10.646547,-3.429354,1.557192,11.293108,nan,nan,nan,0,nan,nan,nan,0,nan,nan,nan,nan,nan,nan,nan,nan,nan,nan,nan,nan,nan,nan,nan,nan,nan,nan,nan,nan,nan,nan,nan,nan,nan,nan,nan,nan,nan,nan,nan,nan,nan,nan,nan,nan,nan,nan,nan,nan,nan,nan,nan,nan,nan,nan,nan,nan,nan,nan,nan,nan,nan,nan,nan,nan,nan,nan,nan,nan,nan,nan,nan,nan,nan,nan,nan,nan,nan,nan,nan,nan,nan,nan,nan,nan,nan,nan,nan,nan
6.180,APPROACH,283.487120,197.365063,203.498741,-0.491478,-10.646547,-3.429354,1.557192,-140.933866,-143.750992,12.203717,2.586936,9.375000,-0.355215,0.000000,0.000000,74.573700,55.893459,59.567471,11.790000,-8.167840,5.769436,1.200000,0.000000,0.000000,144.764139,-141.023536,-131.975725,12.130966,2.539324,7.586292,-0.264703,0.000000,0.000000,0.000000,196.827324,203.318463,-0.413717,282.983328,-10.754775,-3.605564,1.555215,11.449191,nan,nan,nan,0,nan,nan,nan,0,nan,nan,nan,nan,nan,nan,nan,nan,nan,nan,nan,nan,nan,nan,nan,nan,nan,nan,nan,nan,nan,nan,nan,nan,nan,nan,nan,nan,nan,nan,nan,nan,nan,nan,nan,nan,nan,nan,nan,nan,nan,nan,nan,nan,nan,nan,nan,nan,nan,nan,nan,nan,nan,nan,nan,nan,nan,nan,nan,nan,nan,nan,nan,nan,nan,nan,nan,nan,nan,nan,nan,nan,nan,nan,nan,nan,nan,nan,nan,nan
6.240,APPROACH,282.472379,196.288037,203.129363,-0.336315,-10.785737,-3.781992,1.548042,-140.804775,-143.275992,12.186315,2.581812,9.500000,-0.348042,0.000000,0.000000,74.795959,55.483262,59.853371,11.850000,-8.203925,5.718008,1.200000,0.000000,0.000000,145.124103,-140.869937,-131.520965,12.115084,2.580627,7.572342,-0.264703,0.000000,0.000000,0.000000,196.288037,203.129363,-0.336315,282.472379,-10.785737,-3.781992,1.548042,11.533951,nan,nan,nan,0,nan,nan,nan,0,nan,nan,nan,nan,nan,nan,nan,nan,nan,nan,nan,nan,nan,nan,nan,nan,nan,nan,nan,nan,nan,nan,nan,nan,nan,nan,nan,nan,nan,nan,nan,nan,nan,nan,nan,nan,nan,nan,nan,nan,nan,nan,nan,nan,nan,nan,nan,nan,nan,nan,nan,nan,nan,nan,nan,nan,nan,nan,nan,nan,nan,nan,nan,nan,nan,nan,nan,nan,nan,nan,nan,nan,nan,nan,nan,nan,nan,nan,nan,nan
6.280,APPROACH,282.472379,196.288037,203.129363,-0.336315,-10.785737,-3.781992,1.548042,-140.675861,-142.794742,12.169254,2.578284,9.625000,-0.341228,0.000000,0.000000,75.004039,55.071278,60.136690,11.910000,-8.239680,5.666363,1.200000,0.000000,0.000000,145.484005,-140.766162,-131.218260,12.104496,2.608121,7.562917,-0.264703,0.000000,0.000000,0.000000,195.747139,202.931431,-0.259254,281.954208,-10.817964,-3.958637,1.541228,11.622157,nan,nan,nan,0,nan,nan,nan,0,nan,nan,nan,nan,nan,nan,nan,nan,nan,nan,nan,nan,nan,nan,nan,nan,nan,nan,nan,nan,nan,nan,nan,nan,nan,nan,nan,nan,nan,nan,nan,nan,nan,nan,nan,nan,nan,nan,nan,nan,nan,nan,nan,nan,nan,nan,nan,nan,nan,nan,nan,nan,nan,nan,nan,nan,nan,nan,nan,nan,nan,nan,nan,nan,nan,nan,nan,nan,nan,nan,nan,nan,nan,nan,nan,nan,nan,nan,nan,nan
6.340,APPROACH,281.426091,195.200731,202.724657,-0.182251,-10.928171,-4.135497,1.540049,-140.543207,-142.307242,12.152251,2.653067,9.750000,-0.340049,0.000000,0.000000,74.777837,54.657523,60.417415,11.970000,-8.275105,5.614503,1.200000,0.000000,0.000000,145.843845,-140.608439,-130.764913,12.088614,2.649295,7.548591,-0.264703,0.000000,0.000000,0.000000,195.200731,202.724657,-0.182251,281.426091,-10.928171,-4.135497,1.540049,11.785542,nan,nan,nan,0,nan,nan,nan,0,nan,nan,nan,nan,nan,nan,nan,nan,nan,nan,nan,nan,nan,nan,nan,nan,nan,nan,nan,nan,nan,nan,nan,nan,nan,nan,nan,nan,nan,nan,nan,nan,nan,nan,nan,nan,nan,nan,nan,nan,nan,nan,nan,nan,nan,nan,nan,nan,nan,nan,nan,nan,nan,nan,nan,nan,nan,nan,nan,nan,nan,nan,nan,nan,nan,nan,nan,nan,nan,nan,nan,nan,nan,nan,nan,nan,nan,nan,nan,nan
6.380,APPROACH,281.426091,195.200731,202.724657,-0.182251,-10.928171,-4.135497,1.540049,-140.406895,-141.813492,12.135305,2.726248,9.875000,-0.338929,0.000000,0.000000,74.566463,54.242013,60.695536,12.030000,-8.310197,5.562430,1.200000,0.000000,0.000000,146.203626,-140.501919,-130.463163,12.078025,2.676702,7.538917,-0.264703,0.000000,0.000000,0.000000,194.648908,202.509028,-0.105305,280.888083,-11.036445,-4.312570,1.538929,11.948626,nan,nan,nan,0,nan,nan,nan,0,nan,nan,nan,nan,nan,nan,nan,nan,nan,nan,nan,nan,nan,nan,nan,nan,nan,nan,nan,nan,nan,nan,nan,nan,nan,nan,nan,nan,nan,nan,nan,nan,nan,nan,nan,nan,nan,nan,nan,nan,nan,nan,nan,nan,nan,nan,nan,nan,nan,nan,nan,nan,nan,nan,nan,nan,nan,nan,nan,nan,nan,nan,nan,nan,nan,nan,nan,nan,nan,nan,nan,nan,nan,nan,nan,nan,nan,nan,nan,nan
6.440,APPROACH,280.342960,194.095702,202.284535,-0.028676,-11.064138,-4.489853,1.532571,-140.270936,-141.313492,12.118676,2.719183,10.000000,-0.332571,0.000000,0.000000,74.788034,53.824766,60.971043,12.090000,-8.344956,5.510147,1.200000,0.000000,0.000000,146.563349,-140.340085,-130.011268,12.062143,2.717745,7.524218,-0.264703,0.000000,0.000000,0.000000,194.095702,202.284535,-0.028676,280.342960,-11.064138,-4.489853,1.532571,12.038385,nan,nan,nan,0,nan,nan,nan,0,nan,nan,nan,nan,nan,nan,nan,nan,nan,nan,nan,nan,nan,nan,nan,nan,nan,nan,nan,nan,nan,nan,nan,nan,nan,nan,nan,nan,nan,nan,nan,nan,nan,nan,nan,nan,nan,nan,nan,nan,nan,nan,nan,nan,nan,nan,nan,nan,nan,nan,nan,nan,nan,nan,nan,nan,nan,nan,nan,nan,nan,nan,nan,nan,nan,nan,nan,nan,nan,nan,nan,nan,nan,nan,nan,nan,nan,nan,nan,nan
6.480,APPROACH,280.342960,194.095702,202.284535,-0.028676,-11.064138,-4.489853,1.532571,-140.131276,-140.807242,12.102085,2.793191,10.125000,-0.331824,0.000000,0.000000,74.577381,53.405797,61.243926,12.150000,-8.379380,5.457654,1.200000,0.000000,0.000000,146.923017,-140.230829,-129.710497,12.051555,2.745062,7.514295,-0.264703,0.000000,0.000000,0.000000,193.537073,202.051168,0.047915,279.787911,-11.172571,-4.667346,1.531824,12.204792,nan,nan,nan,0,nan,nan,nan,0,nan,nan,nan,nan,nan,nan,nan,nan,nan,nan,nan,nan,nan,nan,nan,nan,nan,nan,nan,nan,nan,nan,nan,nan,nan,nan,nan,nan,nan,nan,nan,nan,nan,nan,nan,nan,nan,nan,nan,nan,nan,nan,nan,nan,nan,nan,nan,nan,nan,nan,nan,nan,nan,nan,nan,nan,nan,nan,nan,nan,nan,nan,nan,nan,nan,nan,nan,nan,nan,nan,nan,nan,nan,nan,nan,nan,nan,nan,nan,nan
6.540,APPROACH,279.225766,192.977135,201.808916,0.124206,-11.198768,-4.845046,1.525821,-139.992011,-140.294742,12.085794,2.785298,10.250000,-0.325821,0.000000,0.000000,74.797737,52.985123,61.514174,12.210000,-8.413470,5.404954,1.200000,0.000000,0.000000,147.282631,-140.064898,-129.260090,12.035673,2.785970,7.499225,-0.264703,0.000000,0.000000,0.000000,192.977135,201.808916,0.124206,279.225766,-11.198768,-4.845046,1.525821,12.296951,nan,nan,nan,0,nan,nan,nan,0,nan,nan,nan,nan,nan,nan,nan,nan,nan,nan,nan,nan,nan,nan,nan,nan,nan,nan,nan,nan,nan,nan,nan,nan,nan,nan,nan,nan,nan,nan,nan,nan,nan,nan,nan,nan,nan,nan,nan,nan,nan,nan,nan,nan,nan,nan,nan,nan,nan,nan,nan,nan,nan,nan,nan,nan,nan,nan,nan,nan,nan,nan,nan,nan,nan,nan,nan,nan,nan,nan,nan,nan,nan,nan,nan,nan,nan,nan,nan,nan
6.580,APPROACH,279.225766,192.977135,201.808916,0.124206,-11.198768,-4.845046,1.525821,-139.853054,-139.775992,12.069788,2.779151,10.375000,-0.320118,0.000000,0.000000,75.004234,52.562762,61.781776,12.270000,-8.447223,5.352049,1.200000,0.000000,0.000000,147.642192,-139.952914,-128.960324,12.025085,2.813196,7.489054,-0.264703,0.000000,0.000000,0.000000,192.415816,201.557768,0.200212,278.656456,-11.226374,-5.022951,1.520118,12.392428,nan,nan,nan,0,nan,nan,nan,0,nan,nan,nan,nan,nan,nan,nan,nan,nan,nan,nan,nan,nan,nan,nan,nan,nan,nan,nan,nan,nan,nan,nan,nan,nan,nan,nan,nan,nan,nan,nan,nan,nan,nan,nan,nan,nan,nan,nan,nan,nan,nan,nan,nan,nan,nan,nan,nan,nan,nan,nan,nan,nan,nan,nan,nan,nan,nan,nan,nan,nan,nan,nan,nan,nan,nan,nan,nan,nan,nan,nan,nan,nan,nan,nan,nan,nan,nan,nan,nan
6.640,APPROACH,278.077102,191.848972,201.297715,0.276212,-11.336877,-5.201059,1.519994,-139.710242,-139.250992,12.053788,2.856239,10.500000,-0.319994,0.000000,0.000000,74.782459,52.138730,62.046723,12.330000,-8.480638,5.298941,1.200000,0.000000,0.000000,148.001702,-139.782899,-128.511443,12.009203,2.853966,7.473612,-0.264703,0.000000,0.000000,0.000000,191.848972,201.297715,0.276212,278.077102,-11.336877,-5.201059,1.519994,12.565277,nan,nan,nan,0,nan,nan,nan,0,nan,nan,nan,nan,nan,nan,nan,nan,nan,nan,nan,nan,nan,nan,nan,nan,nan,nan,nan,nan,nan,nan,nan,nan,nan,nan,nan,nan,nan,nan,nan,nan,nan,nan,nan,nan,nan,nan,nan,nan,nan,nan,nan,nan,nan,nan,nan,nan,nan,nan,nan,nan,nan,nan,nan,nan,nan,nan,nan,nan,nan,nan,nan,nan,nan,nan,nan,nan,nan,nan,nan,nan,nan,nan,nan,nan,nan,nan,nan,nan
6.680,APPROACH,278.077102,191.848972,201.297715,0.276212,-11.336877,-5.201059,1.519994,-139.563664,-138.719742,12.037794,2.931552,10.625000,-0.319877,0.000000,0.000000,74.575247,51.713044,62.309005,12.390000,-8.513716,5.245631,1.200000,0.000000,0.000000,148.361164,-139.668198,-128.212707,11.998614,2.881098,7.463195,-0.264703,0.000000,0.000000,0.000000,191.276709,201.028747,0.352206,277.487766,-11.445267,-5.379369,1.519877,12.737416,nan,nan,nan,0,nan,nan,nan,0,nan,nan,nan,nan,nan,nan,nan,nan,nan,nan,nan,nan,nan,nan,nan,nan,nan,nan,nan,nan,nan,nan,nan,nan,nan,nan,nan,nan,nan,nan,nan,nan,nan,nan,nan,nan,nan,nan,nan,nan,nan,nan,nan,nan,nan,nan,nan,nan,nan,nan,nan,nan,nan,nan,nan,nan,nan,nan,nan,nan,nan,nan,nan,nan,nan,nan,nan,nan,nan,nan,nan,nan,nan,nan,nan,nan,nan,nan,nan,nan
6.740,APPROACH,276.891381,190.703301,200.750853,0.427929,-11.468150,-5.557878,1.514471,-139.417580,-138.182242,12.022071,2.921696,10.750000,-0.314471,0.000000,0.000000,74.795107,51.285722,62.568611,12.450000,-8.546454,5.192122,1.200000,0.000000,0.000000,148.720577,-139.494112,-127.765388,11.982732,2.921726,7.447383,-0.264703,0.000000,0.000000,0.000000,190.703301,200.750853,0.427929,276.891381,-11.468150,-5.557878,1.514471,12.833631,nan,nan,nan,0,nan,nan,nan,0,nan,nan,nan,nan,nan,nan,nan,nan,nan,nan,nan,nan,nan,nan,nan,nan,nan,nan,nan,nan,nan,nan,nan,nan,nan,nan,nan,nan,nan,nan,nan,nan,nan,nan,nan,nan,nan,nan,nan,nan,nan,nan,nan,nan,nan,nan,nan,nan,nan,nan,nan,nan,nan,nan,nan,nan,nan,nan,nan,nan,nan,nan,nan,nan,nan,nan,nan,nan,nan,nan,nan,nan,nan,nan,nan,nan,nan,nan,nan,nan
6.780,APPROACH,276.891381,190.703301,200.750853,0.427929,-11.468150,-5.557878,1.514471,-139.271219,-137.638492,12.006604,2.927207,10.875000,-0.309336,0.000000,0.000000,74.934841,50.856779,62.825532,12.510000,-8.578851,5.138416,1.200000,0.000000,0.000000,149.079943,-139.376702,-127.467706,11.972144,2.948763,7.436720,-0.264703,0.000000,0.000000,0.000000,190.127998,200.464024,0.503396,276.287412,-11.506058,-5.736584,1.509336,12.945109,nan,nan,nan,0,nan,nan,nan,0,nan,nan,nan,nan,nan,nan,nan,nan,nan,nan,nan,nan,nan,nan,nan,nan,nan,nan,nan,nan,nan,nan,nan,nan,nan,nan,nan,nan,nan,nan,nan,nan,nan,nan,nan,nan,nan,nan,nan,nan,nan,nan,nan,nan,nan,nan,nan,nan,nan,nan,nan,nan,nan,nan,nan,nan,nan,nan,nan,nan,nan,nan,nan,nan,nan,nan,nan,nan,nan,nan,nan,nan,nan,nan,nan,nan,nan,nan,nan,nan
6.840,APPROACH,275.673836,189.547884,200.168249,0.578884,-11.602276,-5.915486,1.509751,-139.121651,-137.088492,11.991116,2.991369,11.000000,-0.309751,0.000000,0.000000,74.786732,50.426234,63.079758,12.570000,-8.610907,5.084514,1.200000,0.000000,0.000000,149.439265,-139.198562,-127.021987,11.956262,2.989245,7.420540,-0.264703,0.000000,0.000000,0.000000,189.547884,200.168249,0.578884,275.673836,-11.602276,-5.915486,1.509751,13.110497,nan,nan,nan,0,nan,nan,nan,0,nan,nan,nan,nan,nan,nan,nan,nan,nan,nan,nan,nan,nan,nan,nan,nan,nan,nan,nan,nan,nan,nan,nan,nan,nan,nan,nan,nan,nan,nan,nan,nan,nan,nan,nan,nan,nan,nan,nan,nan,nan,nan,nan,nan,nan,nan,nan,nan,nan,nan,nan,nan,nan,nan,nan,nan,nan,nan,nan,nan,nan,nan,nan,nan,nan,nan,nan,nan,nan,nan,nan,nan,nan,nan,nan,nan,nan,nan,nan,nan
6.880,APPROACH,275.673836,189.547884,200.168249,0.578884,-11.602276,-5.915486,1.509751,-138.968250,-136.532242,11.975609,3.068021,11.125000,-0.310146,0.000000,0.000000,74.582360,49.994103,63.331278,12.630000,-8.642620,5.030419,1.200000,0.000000,0.000000,149.798543,-139.078453,-126.725383,11.945674,3.016184,7.409631,-0.264703,0.000000,0.000000,0.000000,188.962352,199.863520,0.654391,275.050224,-11.710641,-6.094581,1.510146,13.287722,nan,nan,nan,0,nan,nan,nan,0,nan,nan,nan,nan,nan,nan,nan,nan,nan,nan,nan,nan,nan,nan,nan,nan,nan,nan,nan,nan,nan,nan,nan,nan,nan,nan,nan,nan,nan,nan,nan,nan,nan,nan,nan,nan,nan,nan,nan,nan,nan,nan,nan,nan,nan,nan,nan,nan,nan,nan,nan,nan,nan,nan,nan,nan,nan,nan,nan,nan,nan,nan,nan,nan,nan,nan,nan,nan,nan,nan,nan,nan,nan,nan,nan,nan,nan,nan,nan,nan
6.940,APPROACH,274.419611,188.375840,199.549827,0.729652,-11.730251,-6.273867,1.505227,-138.815437,-135.969742,11.960348,3.056261,11.250000,-0.305227,0.000000,0.000000,74.801405,49.560403,63.580085,12.690000,-8.673990,4.976133,1.200000,0.000000,0.000000,150.157779,-138.896272,-126.281301,11.929792,3.056517,7.393085,-0.264703,0.000000,0.000000,0.000000,188.375840,199.549827,0.729652,274.419611,-11.730251,-6.273867,1.505227,13.387528,nan,nan,nan,0,nan,nan,nan,0,nan,nan,nan,nan,nan,nan,nan,nan,nan,nan,nan,nan,nan,nan,nan,nan,nan,nan,nan,nan,nan,nan,nan,nan,nan,nan,nan,nan,nan,nan,nan,nan,nan,nan,nan,nan,nan,nan,nan,nan,nan,nan,nan,nan,nan,nan,nan,nan,nan,nan,nan,nan,nan,nan,nan,nan,nan,nan,nan,nan,nan,nan,nan,nan,nan,nan,nan,nan,nan,nan,nan,nan,nan,nan,nan,nan,nan,nan,nan,nan
6.980,APPROACH,274.419611,188.375840,199.549827,0.729652,-11.730251,-6.273867,1.505227,-138.663114,-135.400992,11.945320,3.046457,11.375000,-0.300553,0.000000,0.000000,75.006885,49.125152,63.826168,12.750000,-8.705015,4.921657,1.200000,0.000000,0.000000,150.516973,-138.773474,-125.985800,11.919204,3.083356,7.381932,-0.264703,0.000000,0.000000,0.000000,187.788266,199.227160,0.804680,273.781924,-11.751472,-6.453343,1.500553,13.490530,nan,nan,nan,0,nan,nan,nan,0,nan,nan,nan,nan,nan,nan,nan,nan,nan,nan,nan,nan,nan,nan,nan,nan,nan,nan,nan,nan,nan,nan,nan,nan,nan,nan,nan,nan,nan,nan,nan,nan,nan,nan,nan,nan,nan,nan,nan,nan,nan,nan,nan,nan,nan,nan,nan,nan,nan,nan,nan,nan,nan,nan,nan,nan,nan,nan,nan,nan,nan,nan,nan,nan,nan,nan,nan,nan,nan,nan,nan,nan,nan,nan,nan,nan,nan,nan,nan,nan
7.040,APPROACH,273.134082,187.195163,198.895510,0.879750,-11.862061,-6.633006,1.501408,-138.506796,-134.825992,11.930250,3.126366,11.500000,-0.301408,0.000000,0.000000,74.791254,48.688368,64.069518,12.810000,-8.735695,4.866994,1.200000,0.000000,0.000000,150.876128,-138.587267,-125.543390,11.903321,3.123537,7.365020,-0.264703,0.000000,0.000000,0.000000,187.195163,198.895510,0.879750,273.134082,-11.862061,-6.633006,1.501408,13.673313,nan,nan,nan,0,nan,nan,nan,0,nan,nan,nan,nan,nan,nan,nan,nan,nan,nan,nan,nan,nan,nan,nan,nan,nan,nan,nan,nan,nan,nan,nan,nan,nan,nan,nan,nan,nan,nan,nan,nan,nan,nan,nan,nan,nan,nan,nan,nan,nan,nan,nan,nan,nan,nan,nan,nan,nan,nan,nan,nan,nan,nan,nan,nan,nan,nan,nan,nan,nan,nan,nan,nan,nan,nan,nan,nan,nan,nan,nan,nan,nan,nan,nan,nan,nan,nan,nan,nan
7.080,APPROACH,273.134082,187.195163,198.895510,0.879750,-11.862061,-6.633006,1.501408,-138.351022,-134.244742,11.915403,3.115471,11.625000,-0.296926,0.000000,0.000000,74.997419,48.250066,64.310125,12.870000,-8.766029,4.812145,1.200000,0.000000,0.000000,151.235244,-138.461790,-125.249017,11.892733,3.150274,7.353623,-0.264703,0.000000,0.000000,0.000000,186.601088,198.554867,0.954597,272.479196,-11.881499,-6.812855,1.496926,13.777728,nan,nan,nan,0,nan,nan,nan,0,nan,nan,nan,nan,nan,nan,nan,nan,nan,nan,nan,nan,nan,nan,nan,nan,nan,nan,nan,nan,nan,nan,nan,nan,nan,nan,nan,nan,nan,nan,nan,nan,nan,nan,nan,nan,nan,nan,nan,nan,nan,nan,nan,nan,nan,nan,nan,nan,nan,nan,nan,nan,nan,nan,nan,nan,nan,nan,nan,nan,nan,nan,nan,nan,nan,nan,nan,nan,nan,nan,nan,nan,nan,nan,nan,nan,nan,nan,nan,nan
7.140,APPROACH,271.814137,186.001493,198.205223,1.029495,-11.991915,-6.992886,1.497962,-138.191227,-133.657242,11.900505,3.195900,11.750000,-0.297962,0.000000,0.000000,74.784126,47.810266,64.547981,12.930000,-8.796014,4.757114,1.200000,0.000000,0.000000,151.594323,-138.271573,-124.808317,11.876851,3.190300,7.336347,-0.264703,0.000000,0.000000,0.000000,186.001493,198.205223,1.029495,271.814137,-11.991915,-6.992886,1.497962,13.962463,nan,nan,nan,0,nan,nan,nan,0,nan,nan,nan,nan,nan,nan,nan,nan,nan,nan,nan,nan,nan,nan,nan,nan,nan,nan,nan,nan,nan,nan,nan,nan,nan,nan,nan,nan,nan,nan,nan,nan,nan,nan,nan,nan,nan,nan,nan,nan,nan,nan,nan,nan,nan,nan,nan,nan,nan,nan,nan,nan,nan,nan,nan,nan,nan,nan,nan,nan,nan,nan,nan,nan,nan,nan,nan,nan,nan,nan,nan,nan,nan,nan,nan,nan,nan,nan,nan,nan
7.180,APPROACH,271.814137,186.001493,198.205223,1.029495,-11.991915,-6.992886,1.497962,-138.031365,-133.067242,11.885823,3.197244,11.800000,-0.293652,0.000000,0.000000,74.839551,47.368983,64.783076,12.990000,-8.825652,4.701901,1.200000,0.000000,0.000000,151.953365,-138.143428,-124.515096,11.866263,3.216932,7.324708,-0.264703,0.000000,0.000000,0.000000,185.400348,197.850318,1.104177,271.144346,-12.022896,-7.098099,1.493652,14.041511,nan,nan,nan,0,nan,nan,nan,0,nan,nan,nan,nan,nan,nan,nan,nan,nan,nan,nan,nan,nan,nan,nan,nan,nan,nan,nan,nan,nan,nan,nan,nan,nan,nan,nan,nan,nan,nan,nan,nan,nan,nan,nan,nan,nan,nan,nan,nan,nan,nan,nan,nan,nan,nan,nan,nan,nan,nan,nan,nan,nan,nan,nan,nan,nan,nan,nan,nan,nan,nan,nan,nan,nan,nan,nan,nan,nan,nan,nan,nan,nan,nan,nan,nan,nan,nan,nan,nan
7.240,APPROACH,270.469412,184.794396,197.492643,1.178920,-12.119036,-7.153491,1.494851,-137.868160,-132.477242,11.871080,3.264096,11.800000,-0.294851,0.000000,0.000000,74.537581,46.926236,65.015401,13.050000,-8.854940,4.646509,1.200000,0.000000,0.000000,152.312371,-137.949216,-124.076141,11.850381,3.256800,7.307069,-0.264703,0.000000,0.000000,0.000000,184.794396,197.492643,1.178920,270.469412,-12.119036,-7.153491,1.494851,14.151963,nan,nan,nan,0,nan,nan,nan,0,nan,nan,nan,nan,nan,nan,nan,nan,nan,nan,nan,nan,nan,nan,nan,nan,nan,nan,nan,nan,nan,nan,nan,nan,nan,nan,nan,nan,nan,nan,nan,nan,nan,nan,nan,nan,nan,nan,nan,nan,nan,nan,nan,nan,nan,nan,nan,nan,nan,nan,nan,nan,nan,nan,nan,nan,nan,nan,nan,nan,nan,nan,nan,nan,nan,nan,nan,nan,nan,nan,nan,nan,nan,nan,nan,nan,nan,nan,nan,nan
7.280,APPROACH,270.469412,184.794396,197.492643,1.178920,-12.119036,-7.153491,1.494851,-137.701009,-131.887242,11.856281,3.343021,11.800000,-0.295991,0.000000,0.000000,74.182210,46.482042,65.244948,13.110000,-8.883877,4.590939,1.200000,0.000000,0.000000,152.671344,-137.818413,-123.784096,11.839793,3.283324,7.295189,-0.264703,0.000000,0.000000,0.000000,184.183051,197.132190,1.253719,269.788933,-12.226898,-7.209061,1.495991,14.272547,nan,nan,nan,0,nan,nan,nan,0,nan,nan,nan,nan,nan,nan,nan,nan,nan,nan,nan,nan,nan,nan,nan,nan,nan,nan,nan,nan,nan,nan,nan,nan,nan,nan,nan,nan,nan,nan,nan,nan,nan,nan,nan,nan,nan,nan,nan,nan,nan,nan,nan,nan,nan,nan,nan,nan,nan,nan,nan,nan,nan,nan,nan,nan,nan,nan,nan,nan,nan,nan,nan,nan,nan,nan,nan,nan,nan,nan,nan,nan,nan,nan,nan,nan,nan,nan,nan,nan
7.340,APPROACH,269.106153,183.571070,196.768950,1.328308,-12.239620,-7.264805,1.491779,-137.534651,-131.297242,11.841692,3.327156,11.800000,-0.291779,0.000000,0.000000,74.253543,46.036419,65.471708,13.170000,-8.912464,4.535195,1.200000,0.000000,0.000000,153.030283,-137.620222,-123.346923,11.823910,3.323030,7.277188,-0.264703,0.000000,0.000000,0.000000,183.571070,196.768950,1.328308,269.106153,-12.239620,-7.264805,1.491779,14.311223,nan,nan,nan,0,nan,nan,nan,0,nan,nan,nan,nan,nan,nan,nan,nan,nan,nan,nan,nan,nan,nan,nan,nan,nan,nan,nan,nan,nan,nan,nan,nan,nan,nan,nan,nan,nan,nan,nan,nan,nan,nan,nan,nan,nan,nan,nan,nan,nan,nan,nan,nan,nan,nan,nan,nan,nan,nan,nan,nan,nan,nan,nan,nan,nan,nan,nan,nan,nan,nan,nan,nan,nan,nan,nan,nan,nan,nan,nan,nan,nan,nan,nan,nan,nan,nan,nan,nan
7.380,APPROACH,269.106153,183.571070,196.768950,1.328308,-12.239620,-7.264805,1.491779,-137.364306,-130.707242,11.827038,3.406901,11.800000,-0.293073,0.000000,0.000000,73.895491,45.589384,65.695672,13.230000,-8.940697,4.479278,1.200000,0.000000,0.000000,153.389191,-137.486772,-123.056078,11.813322,3.349446,7.265068,-0.264703,0.000000,0.000000,0.000000,182.953690,196.402914,1.402962,268.417819,-12.347598,-7.320722,1.493073,14.432097,nan,nan,nan,0,nan,nan,nan,0,nan,nan,nan,nan,nan,nan,nan,nan,nan,nan,nan,nan,nan,nan,nan,nan,nan,nan,nan,nan,nan,nan,nan,nan,nan,nan,nan,nan,nan,nan,nan,nan,nan,nan,nan,nan,nan,nan,nan,nan,nan,nan,nan,nan,nan,nan,nan,nan,nan,nan,nan,nan,nan,nan,nan,nan,nan,nan,nan,nan,nan,nan,nan,nan,nan,nan,nan,nan,nan,nan,nan,nan,nan,nan,nan,nan,nan,nan,nan,nan
7.440,APPROACH,267.727222,182.335748,196.034073,1.477412,-12.358843,-7.376810,1.489007,-137.194793,-130.117242,11.812588,3.390265,11.800000,-0.289007,0.000000,0.000000,73.970080,45.140955,65.916831,13.290000,-8.968578,4.423190,1.200000,0.000000,0.000000,153.748067,-137.284619,-122.620724,11.797440,3.388987,7.246707,-0.264703,0.000000,0.000000,0.000000,182.335748,196.034073,1.477412,267.727222,-12.358843,-7.376810,1.489007,14.469813,nan,nan,nan,0,nan,nan,nan,0,nan,nan,nan,nan,nan,nan,nan,nan,nan,nan,nan,nan,nan,nan,nan,nan,nan,nan,nan,nan,nan,nan,nan,nan,nan,nan,nan,nan,nan,nan,nan,nan,nan,nan,nan,nan,nan,nan,nan,nan,nan,nan,nan,nan,nan,nan,nan,nan,nan,nan,nan,nan,nan,nan,nan,nan,nan,nan,nan,nan,nan,nan,nan,nan,nan,nan,nan,nan,nan,nan,nan,nan,nan,nan,nan,nan,nan,nan,nan,nan
7.480,APPROACH,267.727222,182.335748,196.034073,1.477412,-12.358843,-7.376810,1.489007,-137.025343,-129.527242,11.798331,3.388994,11.800000,-0.285145,0.000000,0.000000,73.975780,44.691150,66.135178,13.350000,-8.996105,4.366933,1.200000,0.000000,0.000000,154.106912,-137.148533,-122.331102,11.786852,3.415292,7.234347,-0.264703,0.000000,0.000000,0.000000,181.716493,195.662420,1.551669,267.033844,-12.385099,-7.433067,1.485145,14.520566,nan,nan,nan,0,nan,nan,nan,0,nan,nan,nan,nan,nan,nan,nan,nan,nan,nan,nan,nan,nan,nan,nan,nan,nan,nan,nan,nan,nan,nan,nan,nan,nan,nan,nan,nan,nan,nan,nan,nan,nan,nan,nan,nan,nan,nan,nan,nan,nan,nan,nan,nan,nan,nan,nan,nan,nan,nan,nan,nan,nan,nan,nan,nan,nan,nan,nan,nan,nan,nan,nan,nan,nan,nan,nan,nan,nan,nan,nan,nan,nan,nan,nan,nan,nan,nan,nan,nan
7.540,APPROACH,266.335293,181.092415,195.287945,1.626008,-12.481564,-7.489491,1.486770,-136.852429,-128.937242,11.783992,3.458288,11.800000,-0.286770,0.000000,0.000000,73.665445,44.239986,66.350703,13.410000,-9.023276,4.310509,1.200000,0.000000,0.000000,154.465728,-136.942434,-121.897602,11.770970,3.454664,7.215629,-0.264703,0.000000,0.000000,0.000000,181.092415,195.287945,1.626008,266.335293,-12.481564,-7.489491,1.486770,14.631897,nan,nan,nan,0,nan,nan,nan,0,nan,nan,nan,nan,nan,nan,nan,nan,nan,nan,nan,nan,nan,nan,nan,nan,nan,nan,nan,nan,nan,nan,nan,nan,nan,nan,nan,nan,nan,nan,nan,nan,nan,nan,nan,nan,nan,nan,nan,nan,nan,nan,nan,nan,nan,nan,nan,nan,nan,nan,nan,nan,nan,nan,nan,nan,nan,nan,nan,nan,nan,nan,nan,nan,nan,nan,nan,nan,nan,nan,nan,nan,nan,nan,nan,nan,nan,nan,nan,nan
7.580,APPROACH,266.335293,181.092415,195.287945,1.626008,-12.481564,-7.489491,1.486770,-136.680287,-128.347242,11.769841,3.442829,11.800000,-0.283020,0.000000,0.000000,73.734595,43.787482,66.563399,13.470000,-9.050092,4.253921,1.200000,0.000000,0.000000,154.824516,-136.803723,-121.609228,11.760382,3.480856,7.203030,-0.264703,0.000000,0.000000,0.000000,180.467769,194.910641,1.700159,265.634456,-12.492920,-7.546079,1.483020,14.670232,nan,nan,nan,0,nan,nan,nan,0,nan,nan,nan,nan,nan,nan,nan,nan,nan,nan,nan,nan,nan,nan,nan,nan,nan,nan,nan,nan,nan,nan,nan,nan,nan,nan,nan,nan,nan,nan,nan,nan,nan,nan,nan,nan,nan,nan,nan,nan,nan,nan,nan,nan,nan,nan,nan,nan,nan,nan,nan,nan,nan,nan,nan,nan,nan,nan,nan,nan,nan,nan,nan,nan,nan,nan,nan,nan,nan,nan,nan,nan,nan,nan,nan,nan,nan,nan,nan,nan
7.640,APPROACH,264.927972,179.837612,194.530500,1.774396,-12.603137,-7.602830,1.484751,-136.503958,-127.757242,11.755604,3.526587,11.800000,-0.284751,0.000000,0.000000,73.360526,43.333654,66.773258,13.530000,-9.076550,4.197170,1.200000,0.000000,0.000000,155.183276,-136.593695,-121.177618,11.744499,3.520056,7.183955,-0.264703,0.000000,0.000000,0.000000,179.837612,194.530500,1.774396,264.927972,-12.603137,-7.602830,1.484751,14.793463,nan,nan,nan,0,nan,nan,nan,0,nan,nan,nan,nan,nan,nan,nan,nan,nan,nan,nan,nan,nan,nan,nan,nan,nan,nan,nan,nan,nan,nan,nan,nan,nan,nan,nan,nan,nan,nan,nan,nan,nan,nan,nan,nan,nan,nan,nan,nan,nan,nan,nan,nan,nan,nan,nan,nan,nan,nan,nan,nan,nan,nan,nan,nan,nan,nan,nan,nan,nan,nan,nan,nan,nan,nan,nan,nan,nan,nan,nan,nan,nan,nan,nan,nan,nan,nan,nan,nan
7.680,APPROACH,264.927972,179.837612,194.530500,1.774396,-12.603137,-7.602830,1.484751,-136.323556,-127.167242,11.741284,3.608036,11.800000,-0.286395,0.000000,0.000000,72.998161,42.878521,66.980271,13.590000,-9.102651,4.140259,1.200000,0.000000,0.000000,155.542009,-136.452371,-120.890516,11.733911,3.546132,7.171119,-0.264703,0.000000,0.000000,0.000000,179.202078,194.147513,1.848716,264.215933,-12.710687,-7.659741,1.486395,14.914508,nan,nan,nan,0,nan,nan,nan,0,nan,nan,nan,nan,nan,nan,nan,nan,nan,nan,nan,nan,nan,nan,nan,nan,nan,nan,nan,nan,nan,nan,nan,nan,nan,nan,nan,nan,nan,nan,nan,nan,nan,nan,nan,nan,nan,nan,nan,nan,nan,nan,nan,nan,nan,nan,nan,nan,nan,nan,nan,nan,nan,nan,nan,nan,nan,nan,nan,nan,nan,nan,nan,nan,nan,nan,nan,nan,nan,nan,nan,nan,nan,nan,nan,nan,nan,nan,nan,nan
7.740,APPROACH,263.501772,178.566237,193.761672,1.922849,-12.716815,-7.716810,1.482664,-136.144135,-126.577242,11.727151,3.588422,11.800000,-0.282664,0.000000,0.000000,73.085296,42.422102,67.184430,13.650000,-9.128393,4.083190,1.200000,0.000000,0.000000,155.900717,-136.238432,-120.460831,11.718029,3.585158,7.151688,-0.264703,0.000000,0.000000,0.000000,178.566237,193.761672,1.922849,263.501772,-12.716815,-7.716810,1.482664,14.948740,nan,nan,nan,0,nan,nan,nan,0,nan,nan,nan,nan,nan,nan,nan,nan,nan,nan,nan,nan,nan,nan,nan,nan,nan,nan,nan,nan,nan,nan,nan,nan,nan,nan,nan,nan,nan,nan,nan,nan,nan,nan,nan,nan,nan,nan,nan,nan,nan,nan,nan,nan,nan,nan,nan,nan,nan,nan,nan,nan,nan,nan,nan,nan,nan,nan,nan,nan,nan,nan,nan,nan,nan,nan,nan,nan,nan,nan,nan,nan,nan,nan,nan,nan,nan,nan,nan,nan
7.780,APPROACH,263.501772,178.566237,193.761672,1.922849,-12.716815,-7.716810,1.482664,-135.960601,-125.987242,11.712930,3.670671,11.800000,-0.284413,0.000000,0.000000,72.720452,41.964413,67.385729,13.710000,-9.153775,4.025965,1.200000,0.000000,0.000000,156.259399,-136.094506,-120.175024,11.707441,3.611116,7.138616,-0.264703,0.000000,0.000000,0.000000,177.925015,193.372970,1.997070,262.782048,-12.824446,-7.774035,1.484413,15.070020,nan,nan,nan,0,nan,nan,nan,0,nan,nan,nan,nan,nan,nan,nan,nan,nan,nan,nan,nan,nan,nan,nan,nan,nan,nan,nan,nan,nan,nan,nan,nan,nan,nan,nan,nan,nan,nan,nan,nan,nan,nan,nan,nan,nan,nan,nan,nan,nan,nan,nan,nan,nan,nan,nan,nan,nan,nan,nan,nan,nan,nan,nan,nan,nan,nan,nan,nan,nan,nan,nan,nan,nan,nan,nan,nan,nan,nan,nan,nan,nan,nan,nan,nan,nan,nan,nan,nan
7.840,APPROACH,262.060243,177.283560,192.981400,2.071109,-12.829094,-7.831413,1.480780,-135.778087,-125.397242,11.698891,3.650297,11.800000,-0.280780,0.000000,0.000000,72.810695,41.505473,67.584158,13.770000,-9.178797,3.968587,1.200000,0.000000,0.000000,156.618056,-135.876674,-119.747300,11.691559,3.649964,7.118831,-0.264703,0.000000,0.000000,0.000000,177.283560,192.981400,2.071109,262.060243,-12.829094,-7.831413,1.480780,15.103291,nan,nan,nan,0,nan,nan,nan,0,nan,nan,nan,nan,nan,nan,nan,nan,nan,nan,nan,nan,nan,nan,nan,nan,nan,nan,nan,nan,nan,nan,nan,nan,nan,nan,nan,nan,nan,nan,nan,nan,nan,nan,nan,nan,nan,nan,nan,nan,nan,nan,nan,nan,nan,nan,nan,nan,nan,nan,nan,nan,nan,nan,nan,nan,nan,nan,nan,nan,nan,nan,nan,nan,nan,nan,nan,nan,nan,nan,nan,nan,nan,nan,nan,nan,nan,nan,nan,nan
7.880,APPROACH,262.060243,177.283560,192.981400,2.071109,-12.829094,-7.831413,1.480780,-135.595824,-124.807242,11.685024,3.645253,11.800000,-0.277329,0.000000,0.000000,72.833050,41.045300,67.779711,13.830000,-9.203458,3.911056,1.200000,0.000000,0.000000,156.976690,-135.730158,-119.462812,11.680971,3.675803,7.105524,-0.264703,0.000000,0.000000,0.000000,176.641124,192.586953,2.144976,261.335841,-12.848711,-7.888944,1.477329,15.149499,nan,nan,nan,0,nan,nan,nan,0,nan,nan,nan,nan,nan,nan,nan,nan,nan,nan,nan,nan,nan,nan,nan,nan,nan,nan,nan,nan,nan,nan,nan,nan,nan,nan,nan,nan,nan,nan,nan,nan,nan,nan,nan,nan,nan,nan,nan,nan,nan,nan,nan,nan,nan,nan,nan,nan,nan,nan,nan,nan,nan,nan,nan,nan,nan,nan,nan,nan,nan,nan,nan,nan,nan,nan,nan,nan,nan,nan,nan,nan,nan,nan,nan,nan,nan,nan,nan,nan
7.940,APPROACH,260.606244,175.993864,192.189621,2.218943,-12.945206,-7.946624,1.479345,-135.409952,-124.217242,11.671057,3.717449,11.800000,-0.279345,0.000000,0.000000,72.513588,40.583912,67.972380,13.890000,-9.227757,3.853376,1.200000,0.000000,0.000000,157.335300,-135.508449,-119.037084,11.665088,3.714469,7.085388,-0.264703,0.000000,0.000000,0.000000,175.993864,192.189621,2.218943,260.606244,-12.945206,-7.946624,1.479345,15.261575,nan,nan,nan,0,nan,nan,nan,0,nan,nan,nan,nan,nan,nan,nan,nan,nan,nan,nan,nan,nan,nan,nan,nan,nan,nan,nan,nan,nan,nan,nan,nan,nan,nan,nan,nan,nan,nan,nan,nan,nan,nan,nan,nan,nan,nan,nan,nan,nan,nan,nan,nan,nan,nan,nan,nan,nan,nan,nan,nan,nan,nan,nan,nan,nan,nan,nan,nan,nan,nan,nan,nan,nan,nan,nan,nan,nan,nan,nan,nan,nan,nan,nan,nan,nan,nan,nan,nan
7.980,APPROACH,260.606244,175.993864,192.189621,2.218943,-12.945206,-7.946624,1.479345,-135.219907,-123.627242,11.656994,3.800900,11.800000,-0.281260,0.000000,0.000000,72.145721,40.121328,68.162157,13.950000,-9.251692,3.795548,1.200000,0.000000,0.000000,157.693889,-135.359356,-118.753939,11.654500,3.740186,7.071846,-0.264703,0.000000,0.000000,0.000000,175.341234,191.789399,2.293006,259.871083,-13.052593,-8.004452,1.481260,15.382963,nan,nan,nan,0,nan,nan,nan,0,nan,nan,nan,nan,nan,nan,nan,nan,nan,nan,nan,nan,nan,nan,nan,nan,nan,nan,nan,nan,nan,nan,nan,nan,nan,nan,nan,nan,nan,nan,nan,nan,nan,nan,nan,nan,nan,nan,nan,nan,nan,nan,nan,nan,nan,nan,nan,nan,nan,nan,nan,nan,nan,nan,nan,nan,nan,nan,nan,nan,nan,nan,nan,nan,nan,nan,nan,nan,nan,nan,nan,nan,nan,nan,nan,nan,nan,nan,nan,nan
8.040,APPROACH,259.133932,174.688538,191.386278,2.366895,-13.053923,-8.062424,1.477785,-135.030974,-123.037242,11.643105,3.778658,11.800000,-0.277785,0.000000,0.000000,72.243620,39.657565,68.349036,14.010000,-9.275264,3.737576,1.200000,0.000000,0.000000,158.052456,-135.133790,-118.330242,11.638618,3.778668,7.051359,-0.264703,0.000000,0.000000,0.000000,174.688538,191.386278,2.366895,259.133932,-13.053923,-8.062424,1.477785,15.414001,nan,nan,nan,0,nan,nan,nan,0,nan,nan,nan,nan,nan,nan,nan,nan,nan,nan,nan,nan,nan,nan,nan,nan,nan,nan,nan,nan,nan,nan,nan,nan,nan,nan,nan,nan,nan,nan,nan,nan,nan,nan,nan,nan,nan,nan,nan,nan,nan,nan,nan,nan,nan,nan,nan,nan,nan,nan,nan,nan,nan,nan,nan,nan,nan,nan,nan,nan,nan,nan,nan,nan,nan,nan,nan,nan,nan,nan,nan,nan,nan,nan,nan,nan,nan,nan,nan,nan
8.080,APPROACH,259.133932,174.688538,191.386278,2.366895,-13.053923,-8.062424,1.477785,-134.843027,-122.447242,11.629381,3.758932,11.800000,-0.274484,0.000000,0.000000,72.330535,39.192641,68.533009,14.070000,-9.298472,3.679460,1.200000,0.000000,0.000000,158.411001,-134.982131,-118.048462,11.628030,3.804260,7.037585,-0.264703,0.000000,0.000000,0.000000,174.035668,190.980251,2.440619,258.394711,-13.057404,-8.120540,1.474484,15.447105,nan,nan,nan,0,nan,nan,nan,0,nan,nan,nan,nan,nan,nan,nan,nan,nan,nan,nan,nan,nan,nan,nan,nan,nan,nan,nan,nan,nan,nan,nan,nan,nan,nan,nan,nan,nan,nan,nan,nan,nan,nan,nan,nan,nan,nan,nan,nan,nan,nan,nan,nan,nan,nan,nan,nan,nan,nan,nan,nan,nan,nan,nan,nan,nan,nan,nan,nan,nan,nan,nan,nan,nan,nan,nan,nan,nan,nan,nan,nan,nan,nan,nan,nan,nan,nan,nan,nan
8.140,APPROACH,257.649829,173.377298,190.571311,2.514451,-13.167408,-8.178796,1.476642,-134.650722,-121.857242,11.615549,3.846095,11.800000,-0.276642,0.000000,0.000000,71.947126,38.726575,68.714069,14.130000,-9.321313,3.621204,1.200000,0.000000,0.000000,158.769526,-134.752726,-117.626831,11.612148,3.842555,7.016750,-0.264703,0.000000,0.000000,0.000000,173.377298,190.571311,2.514451,257.649829,-13.167408,-8.178796,1.476642,15.570929,nan,nan,nan,0,nan,nan,nan,0,nan,nan,nan,nan,nan,nan,nan,nan,nan,nan,nan,nan,nan,nan,nan,nan,nan,nan,nan,nan,nan,nan,nan,nan,nan,nan,nan,nan,nan,nan,nan,nan,nan,nan,nan,nan,nan,nan,nan,nan,nan,nan,nan,nan,nan,nan,nan,nan,nan,nan,nan,nan,nan,nan,nan,nan,nan,nan,nan,nan,nan,nan,nan,nan,nan,nan,nan,nan,nan,nan,nan,nan,nan,nan,nan,nan,nan,nan,nan,nan
8.180,APPROACH,257.649829,173.377298,190.571311,2.514451,-13.167408,-8.178796,1.476642,-134.454189,-121.267242,11.601614,3.930670,11.800000,-0.278692,0.000000,0.000000,71.576690,38.259386,68.892209,14.190000,-9.343789,3.562809,1.200000,0.000000,0.000000,159.128032,-134.598514,-117.346441,11.601560,3.868021,7.002743,-0.264703,0.000000,0.000000,0.000000,172.713575,190.159451,2.588386,256.899388,-13.274459,-8.237191,1.478692,15.692327,nan,nan,nan,0,nan,nan,nan,0,nan,nan,nan,nan,nan,nan,nan,nan,nan,nan,nan,nan,nan,nan,nan,nan,nan,nan,nan,nan,nan,nan,nan,nan,nan,nan,nan,nan,nan,nan,nan,nan,nan,nan,nan,nan,nan,nan,nan,nan,nan,nan,nan,nan,nan,nan,nan,nan,nan,nan,nan,nan,nan,nan,nan,nan,nan,nan,nan,nan,nan,nan,nan,nan,nan,nan,nan,nan,nan,nan,nan,nan,nan,nan,nan,nan,nan,nan,nan,nan
8.240,APPROACH,256.147051,172.049954,189.744665,2.662153,-13.272418,-8.295722,1.475346,-134.258863,-120.677242,11.587847,3.906520,11.800000,-0.275346,0.000000,0.000000,71.682304,37.791091,69.067423,14.250000,-9.365898,3.504278,1.200000,0.000000,0.000000,159.486518,-134.365290,-116.926911,11.585678,3.906124,6.981561,-0.264703,0.000000,0.000000,0.000000,172.049954,189.744665,2.662153,256.147051,-13.272418,-8.295722,1.475346,15.721092,nan,nan,nan,0,nan,nan,nan,0,nan,nan,nan,nan,nan,nan,nan,nan,nan,nan,nan,nan,nan,nan,nan,nan,nan,nan,nan,nan,nan,nan,nan,nan,nan,nan,nan,nan,nan,nan,nan,nan,nan,nan,nan,nan,nan,nan,nan,nan,nan,nan,nan,nan,nan,nan,nan,nan,nan,nan,nan,nan,nan,nan,nan,nan,nan,nan,nan,nan,nan,nan,nan,nan,nan,nan,nan,nan,nan,nan,nan,nan,nan,nan,nan,nan,nan,nan,nan,nan
8.280,APPROACH,256.147051,172.049954,189.744665,2.662153,-13.272418,-8.295722,1.475346,-134.063980,-120.093492,11.574238,3.897649,11.675000,-0.272166,0.000000,0.000000,71.538631,37.321709,69.239704,14.310000,-9.387638,3.445612,1.200000,0.000000,0.000000,159.844986,-134.208538,-116.647933,11.575089,3.931462,6.967324,-0.264703,0.000000,0.000000,0.000000,171.385689,189.333196,2.735762,255.396942,-13.285288,-8.229388,1.472166,15.696782,nan,nan,nan,0,nan,nan,nan,0,nan,nan,nan,nan,nan,nan,nan,nan,nan,nan,nan,nan,nan,nan,nan,nan,nan,nan,nan,nan,nan,nan,nan,nan,nan,nan,nan,nan,nan,nan,nan,nan,nan,nan,nan,nan,nan,nan,nan,nan,nan,nan,nan,nan,nan,nan,nan,nan,nan,nan,nan,nan,nan,nan,nan,nan,nan,nan,nan,nan,nan,nan,nan,nan,nan,nan,nan,nan,nan,nan,nan,nan,nan,nan,nan,nan,nan,nan,nan,nan
8.340,APPROACH,254.646271,170.716609,188.925036,2.809484,-13.381608,-8.163185,1.474440,-133.865350,-119.515992,11.560516,3.972597,11.550000,-0.274440,0.000000,0.000000,71.019458,36.851259,69.409045,14.370000,-9.409011,3.386815,1.200000,0.000000,0.000000,160.203436,-133.971512,-116.230538,11.559207,3.969372,6.945796,-0.264703,0.000000,0.000000,0.000000,170.716609,188.925036,2.809484,254.646271,-13.381608,-8.163185,1.474440,15.744173,nan,nan,nan,0,nan,nan,nan,0,nan,nan,nan,nan,nan,nan,nan,nan,nan,nan,nan,nan,nan,nan,nan,nan,nan,nan,nan,nan,nan,nan,nan,nan,nan,nan,nan,nan,nan,nan,nan,nan,nan,nan,nan,nan,nan,nan,nan,nan,nan,nan,nan,nan,nan,nan,nan,nan,nan,nan,nan,nan,nan,nan,nan,nan,nan,nan,nan,nan,nan,nan,nan,nan,nan,nan,nan,nan,nan,nan,nan,nan,nan,nan,nan,nan,nan,nan,nan,nan
8.380,APPROACH,254.646271,170.716609,188.925036,2.809484,-13.381608,-8.163185,1.474440,-133.667850,-118.944742,11.546951,3.950005,11.425000,-0.271306,0.000000,0.000000,70.928019,36.379758,69.575439,14.430000,-9.430014,3.327888,1.200000,0.000000,0.000000,160.561868,-133.812233,-115.952996,11.548619,3.994580,6.931330,-0.264703,0.000000,0.000000,0.000000,170.047608,188.520181,2.883049,253.898325,-13.380019,-8.097112,1.471306,15.708369,nan,nan,nan,0,nan,nan,nan,0,nan,nan,nan,nan,nan,nan,nan,nan,nan,nan,nan,nan,nan,nan,nan,nan,nan,nan,nan,nan,nan,nan,nan,nan,nan,nan,nan,nan,nan,nan,nan,nan,nan,nan,nan,nan,nan,nan,nan,nan,nan,nan,nan,nan,nan,nan,nan,nan,nan,nan,nan,nan,nan,nan,nan,nan,nan,nan,nan,nan,nan,nan,nan,nan,nan,nan,nan,nan,nan,nan,nan,nan,nan,nan,nan,nan,nan,nan,nan,nan
8.440,APPROACH,253.149397,169.373135,188.118623,2.956730,-13.489466,-8.031166,1.473623,-133.465909,-118.379742,11.533270,4.038819,11.300000,-0.273623,0.000000,0.000000,70.332214,35.907226,69.738881,14.490000,-9.450647,3.268834,1.200000,0.000000,0.000000,160.920283,-133.571426,-115.537771,11.532737,4.032292,6.909459,-0.264703,0.000000,0.000000,0.000000,169.373135,188.118623,2.956730,253.149397,-13.489466,-8.031166,1.473623,15.768224,nan,nan,nan,0,nan,nan,nan,0,nan,nan,nan,nan,nan,nan,nan,nan,nan,nan,nan,nan,nan,nan,nan,nan,nan,nan,nan,nan,nan,nan,nan,nan,nan,nan,nan,nan,nan,nan,nan,nan,nan,nan,nan,nan,nan,nan,nan,nan,nan,nan,nan,nan,nan,nan,nan,nan,nan,nan,nan,nan,nan,nan,nan,nan,nan,nan,nan,nan,nan,nan,nan,nan,nan,nan,nan,nan,nan,nan,nan,nan,nan,nan,nan,nan,nan,nan,nan,nan
8.480,APPROACH,253.149397,169.373135,188.118623,2.956730,-13.489466,-8.031166,1.473623,-133.265152,-117.820992,11.519743,4.015142,11.175000,-0.270530,0.000000,0.000000,70.236798,35.433680,69.899363,14.550000,-9.470909,3.209654,1.200000,0.000000,0.000000,161.278682,-133.409633,-115.261686,11.522149,4.057368,6.894764,-0.264703,0.000000,0.000000,0.000000,168.698832,187.720355,3.030257,252.403269,-13.486051,-7.965346,1.470530,15.731585,nan,nan,nan,0,nan,nan,nan,0,nan,nan,nan,nan,nan,nan,nan,nan,nan,nan,nan,nan,nan,nan,nan,nan,nan,nan,nan,nan,nan,nan,nan,nan,nan,nan,nan,nan,nan,nan,nan,nan,nan,nan,nan,nan,nan,nan,nan,nan,nan,nan,nan,nan,nan,nan,nan,nan,nan,nan,nan,nan,nan,nan,nan,nan,nan,nan,nan,nan,nan,nan,nan,nan,nan,nan,nan,nan,nan,nan,nan,nan,nan,nan,nan,nan,nan,nan,nan,nan
8.540,APPROACH,251.656191,168.019074,187.325373,3.103901,-13.595167,-7.899649,1.472886,-133.059934,-117.268492,11.506099,4.104367,11.050000,-0.272886,0.000000,0.000000,69.623194,34.959140,70.056881,14.610000,-9.490800,3.150351,1.200000,0.000000,0.000000,161.637064,-133.165065,-114.848666,11.506267,4.094880,6.872551,-0.264703,0.000000,0.000000,0.000000,168.019074,187.325373,3.103901,251.656191,-13.595167,-7.899649,1.472886,15.792479,nan,nan,nan,0,nan,nan,nan,0,nan,nan,nan,nan,nan,nan,nan,nan,nan,nan,nan,nan,nan,nan,nan,nan,nan,nan,nan,nan,nan,nan,nan,nan,nan,nan,nan,nan,nan,nan,nan,nan,nan,nan,nan,nan,nan,nan,nan,nan,nan,nan,nan,nan,nan,nan,nan,nan,nan,nan,nan,nan,nan,nan,nan,nan,nan,nan,nan,nan,nan,nan,nan,nan,nan,nan,nan,nan,nan,nan,nan,nan,nan,nan,nan,nan,nan,nan,nan,nan
8.580,APPROACH,251.656191,168.019074,187.325373,3.103901,-13.595167,-7.899649,1.472886,-132.855952,-116.722242,11.492608,4.079627,10.925000,-0.269830,0.000000,0.000000,69.523301,34.483624,70.211427,14.670000,-9.510319,3.090928,1.200000,0.000000,0.000000,161.995431,-133.000770,-114.574062,11.495678,4.119821,6.857629,-0.264703,0.000000,0.000000,0.000000,167.339577,186.933669,3.177392,250.911989,-13.589946,-7.834072,1.469830,15.754990,nan,nan,nan,0,nan,nan,nan,0,nan,nan,nan,nan,nan,nan,nan,nan,nan,nan,nan,nan,nan,nan,nan,nan,nan,nan,nan,nan,nan,nan,nan,nan,nan,nan,nan,nan,nan,nan,nan,nan,nan,nan,nan,nan,nan,nan,nan,nan,nan,nan,nan,nan,nan,nan,nan,nan,nan,nan,nan,nan,nan,nan,nan,nan,nan,nan,nan,nan,nan,nan,nan,nan,nan,nan,nan,nan,nan,nan,nan,nan,nan,nan,nan,nan,nan,nan,nan,nan
8.640,APPROACH,250.166872,166.654640,186.545239,3.251003,-13.698739,-7.768613,1.472220,-132.647489,-116.182242,11.478997,4.169274,10.800000,-0.272220,0.000000,0.000000,68.891222,34.007151,70.362997,14.730000,-9.529465,3.031387,1.200000,0.000000,0.000000,162.353784,-132.752461,-114.163280,11.479796,4.157130,6.835077,-0.264703,0.000000,0.000000,0.000000,166.654640,186.545239,3.251003,250.166872,-13.698739,-7.768613,1.472220,15.816897,nan,nan,nan,0,nan,nan,nan,0,nan,nan,nan,nan,nan,nan,nan,nan,nan,nan,nan,nan,nan,nan,nan,nan,nan,nan,nan,nan,nan,nan,nan,nan,nan,nan,nan,nan,nan,nan,nan,nan,nan,nan,nan,nan,nan,nan,nan,nan,nan,nan,nan,nan,nan,nan,nan,nan,nan,nan,nan,nan,nan,nan,nan,nan,nan,nan,nan,nan,nan,nan,nan,nan,nan,nan,nan,nan,nan,nan,nan,nan,nan,nan,nan,nan,nan,nan,nan,nan
8.680,APPROACH,250.166872,166.654640,186.545239,3.251003,-13.698739,-7.768613,1.472220,-132.434683,-115.648492,11.465272,4.256105,10.675000,-0.274492,0.000000,0.000000,68.262913,33.529739,70.511583,14.790000,-9.548237,2.971729,1.200000,0.000000,0.000000,162.712121,-132.585680,-113.890179,11.469208,4.181934,6.819929,-0.264703,0.000000,0.000000,0.000000,165.964422,186.160075,3.324728,249.420963,-13.804341,-7.703271,1.474492,15.876850,nan,nan,nan,0,nan,nan,nan,0,nan,nan,nan,nan,nan,nan,nan,nan,nan,nan,nan,nan,nan,nan,nan,nan,nan,nan,nan,nan,nan,nan,nan,nan,nan,nan,nan,nan,nan,nan,nan,nan,nan,nan,nan,nan,nan,nan,nan,nan,nan,nan,nan,nan,nan,nan,nan,nan,nan,nan,nan,nan,nan,nan,nan,nan,nan,nan,nan,nan,nan,nan,nan,nan,nan,nan,nan,nan,nan,nan,nan,nan,nan,nan,nan,nan,nan,nan,nan,nan
8.740,APPROACH,248.678147,165.274750,185.778173,3.398296,-13.793449,-7.638043,1.471355,-132.223343,-115.120992,11.451704,4.226814,10.550000,-0.271355,0.000000,0.000000,68.166694,33.051407,70.657181,14.850000,-9.566635,2.911957,1.200000,0.000000,0.000000,163.070445,-132.333650,-113.481669,11.453326,4.219037,6.797038,-0.264703,0.000000,0.000000,0.000000,165.274750,185.778173,3.398296,248.678147,-13.793449,-7.638043,1.471355,15.835524,nan,nan,nan,0,nan,nan,nan,0,nan,nan,nan,nan,nan,nan,nan,nan,nan,nan,nan,nan,nan,nan,nan,nan,nan,nan,nan,nan,nan,nan,nan,nan,nan,nan,nan,nan,nan,nan,nan,nan,nan,nan,nan,nan,nan,nan,nan,nan,nan,nan,nan,nan,nan,nan,nan,nan,nan,nan,nan,nan,nan,nan,nan,nan,nan,nan,nan,nan,nan,nan,nan,nan,nan,nan,nan,nan,nan,nan,nan,nan,nan,nan,nan,nan,nan,nan,nan,nan
8.780,APPROACH,248.678147,165.274750,185.778173,3.398296,-13.793449,-7.638043,1.471355,-132.013322,-114.599742,11.438285,4.200413,10.425000,-0.268376,0.000000,0.000000,68.054643,32.572174,70.799785,14.910000,-9.584658,2.852074,1.200000,0.000000,0.000000,163.428754,-132.164395,-113.210095,11.442738,4.243702,6.781666,-0.264703,0.000000,0.000000,0.000000,164.585496,185.399527,3.471715,247.938345,-13.785071,-7.572926,1.468376,15.796630,nan,nan,nan,0,nan,nan,nan,0,nan,nan,nan,nan,nan,nan,nan,nan,nan,nan,nan,nan,nan,nan,nan,nan,nan,nan,nan,nan,nan,nan,nan,nan,nan,nan,nan,nan,nan,nan,nan,nan,nan,nan,nan,nan,nan,nan,nan,nan,nan,nan,nan,nan,nan,nan,nan,nan,nan,nan,nan,nan,nan,nan,nan,nan,nan,nan,nan,nan,nan,nan,nan,nan,nan,nan,nan,nan,nan,nan,nan,nan,nan,nan,nan,nan,nan,nan,nan,nan
8.840,APPROACH,247.197688,163.890816,185.024131,3.545256,-13.893619,-7.507919,1.470839,-131.798756,-114.084742,11.424744,4.291313,10.300000,-0.270839,0.000000,0.000000,67.381812,32.092059,70.939389,14.970000,-9.602306,2.792081,1.200000,0.000000,0.000000,163.787051,-131.908666,-112.803891,11.426856,4.280596,6.758439,-0.264703,0.000000,0.000000,0.000000,163.890816,185.024131,3.545256,247.197688,-13.893619,-7.507919,1.470839,15.860796,nan,nan,nan,0,nan,nan,nan,0,nan,nan,nan,nan,nan,nan,nan,nan,nan,nan,nan,nan,nan,nan,nan,nan,nan,nan,nan,nan,nan,nan,nan,nan,nan,nan,nan,nan,nan,nan,nan,nan,nan,nan,nan,nan,nan,nan,nan,nan,nan,nan,nan,nan,nan,nan,nan,nan,nan,nan,nan,nan,nan,nan,nan,nan,nan,nan,nan,nan,nan,nan,nan,nan,nan,nan,nan,nan,nan,nan,nan,nan,nan,nan,nan,nan,nan,nan,nan,nan
8.880,APPROACH,247.197688,163.890816,185.024131,3.545256,-13.893619,-7.507919,1.470839,-131.579792,-113.575992,11.411085,4.379287,10.175000,-0.273179,0.000000,0.000000,66.713113,31.611080,71.075988,15.030000,-9.619578,2.731982,1.200000,0.000000,0.000000,164.145334,-131.736951,-112.533865,11.416267,4.305121,6.742843,-0.264703,0.000000,0.000000,0.000000,163.190872,184.651980,3.618915,246.456306,-13.998865,-7.443018,1.473179,15.922845,nan,nan,nan,0,nan,nan,nan,0,nan,nan,nan,nan,nan,nan,nan,nan,nan,nan,nan,nan,nan,nan,nan,nan,nan,nan,nan,nan,nan,nan,nan,nan,nan,nan,nan,nan,nan,nan,nan,nan,nan,nan,nan,nan,nan,nan,nan,nan,nan,nan,nan,nan,nan,nan,nan,nan,nan,nan,nan,nan,nan,nan,nan,nan,nan,nan,nan,nan,nan,nan,nan,nan,nan,nan,nan,nan,nan,nan,nan,nan,nan,nan,nan,nan,nan,nan,nan,nan
8.940,APPROACH,245.718163,162.491637,184.283069,3.692421,-13.984704,-7.378223,1.470108,-131.362381,-113.073492,11.397579,4.348231,10.050000,-0.270108,0.000000,0.000000,66.603804,31.129257,71.209577,15.090000,-9.636473,2.671777,1.200000,0.000000,0.000000,164.503605,-131.477543,-112.130000,11.400385,4.341801,6.719283,-0.264703,0.000000,0.000000,0.000000,162.491637,184.283069,3.692421,245.718163,-13.984704,-7.378223,1.470108,15.879903,nan,nan,nan,0,nan,nan,nan,0,nan,nan,nan,nan,nan,nan,nan,nan,nan,nan,nan,nan,nan,nan,nan,nan,nan,nan,nan,nan,nan,nan,nan,nan,nan,nan,nan,nan,nan,nan,nan,nan,nan,nan,nan,nan,nan,nan,nan,nan,nan,nan,nan,nan,nan,nan,nan,nan,nan,nan,nan,nan,nan,nan,nan,nan,nan,nan,nan,nan,nan,nan,nan,nan,nan,nan,nan,nan,nan,nan,nan,nan,nan,nan,nan,nan,nan,nan,nan,nan
8.980,APPROACH,245.718163,162.491637,184.283069,3.692421,-13.984704,-7.378223,1.470108,-131.145764,-112.577242,11.384220,4.332339,9.925000,-0.267191,0.000000,0.000000,66.418362,30.646607,71.340150,15.150000,-9.652990,2.611471,1.200000,0.000000,0.000000,164.861864,-131.303383,-111.861545,11.389797,4.366184,6.703465,-0.264703,0.000000,0.000000,0.000000,161.792371,183.917392,3.765780,244.982774,-13.985329,-7.313529,1.467191,15.850230,nan,nan,nan,0,nan,nan,nan,0,nan,nan,nan,nan,nan,nan,nan,nan,nan,nan,nan,nan,nan,nan,nan,nan,nan,nan,nan,nan,nan,nan,nan,nan,nan,nan,nan,nan,nan,nan,nan,nan,nan,nan,nan,nan,nan,nan,nan,nan,nan,nan,nan,nan,nan,nan,nan,nan,nan,nan,nan,nan,nan,nan,nan,nan,nan,nan,nan,nan,nan,nan,nan,nan,nan,nan,nan,nan,nan,nan,nan,nan,nan,nan,nan,nan,nan,nan,nan,nan
9.040,APPROACH,244.247028,161.088338,183.554945,3.839266,-14.080656,-7.248936,1.469714,-130.925187,-112.087242,11.370734,4.411526,9.800000,-0.269714,0.000000,0.000000,65.764836,30.163151,71.467703,15.210000,-9.669130,2.551064,1.200000,0.000000,0.000000,165.220111,-131.040317,-111.460053,11.373915,4.402649,6.679572,-0.264703,0.000000,0.000000,0.000000,161.088338,183.554945,3.839266,244.247028,-14.080656,-7.248936,1.469714,15.905094,nan,nan,nan,0,nan,nan,nan,0,nan,nan,nan,nan,nan,nan,nan,nan,nan,nan,nan,nan,nan,nan,nan,nan,nan,nan,nan,nan,nan,nan,nan,nan,nan,nan,nan,nan,nan,nan,nan,nan,nan,nan,nan,nan,nan,nan,nan,nan,nan,nan,nan,nan,nan,nan,nan,nan,nan,nan,nan,nan,nan,nan,nan,nan,nan,nan,nan,nan,nan,nan,nan,nan,nan,nan,nan,nan,nan,nan,nan,nan,nan,nan,nan,nan,nan,nan,nan,nan
9.080,APPROACH,244.247028,161.088338,183.554945,3.839266,-14.080656,-7.248936,1.469714,-130.705460,-111.603492,11.357393,4.394540,9.675000,-0.266816,0.000000,0.000000,65.571692,29.678906,71.592231,15.270000,-9.684891,2.490559,1.200000,0.000000,0.000000,165.578347,-130.863726,-111.193190,11.363327,4.426887,6.663533,-0.264703,0.000000,0.000000,0.000000,160.384366,183.195723,3.912607,243.514120,-14.079431,-7.184441,1.466816,15.874448,nan,nan,nan,0,nan,nan,nan,0,nan,nan,nan,nan,nan,nan,nan,nan,nan,nan,nan,nan,nan,nan,nan,nan,nan,nan,nan,nan,nan,nan,nan,nan,nan,nan,nan,nan,nan,nan,nan,nan,nan,nan,nan,nan,nan,nan,nan,nan,nan,nan,nan,nan,nan,nan,nan,nan,nan,nan,nan,nan,nan,nan,nan,nan,nan,nan,nan,nan,nan,nan,nan,nan,nan,nan,nan,nan,nan,nan,nan,nan,nan,nan,nan,nan,nan,nan,nan,nan
9.140,APPROACH,242.780895,159.675642,182.839721,3.986075,-14.174491,-7.120041,1.469358,-130.481749,-111.125992,11.343925,4.474218,9.550000,-0.269358,0.000000,0.000000,64.896700,29.193892,71.713729,15.330000,-9.700273,2.429959,1.200000,0.000000,0.000000,165.936571,-130.597025,-110.794104,11.347445,4.463133,6.639310,-0.264703,0.000000,0.000000,0.000000,159.675642,182.839721,3.986075,242.780895,-14.174491,-7.120041,1.469358,15.930166,nan,nan,nan,0,nan,nan,nan,0,nan,nan,nan,nan,nan,nan,nan,nan,nan,nan,nan,nan,nan,nan,nan,nan,nan,nan,nan,nan,nan,nan,nan,nan,nan,nan,nan,nan,nan,nan,nan,nan,nan,nan,nan,nan,nan,nan,nan,nan,nan,nan,nan,nan,nan,nan,nan,nan,nan,nan,nan,nan,nan,nan,nan,nan,nan,nan,nan,nan,nan,nan,nan,nan,nan,nan,nan,nan,nan,nan,nan,nan,nan,nan,nan,nan,nan,nan,nan,nan
9.180,APPROACH,242.780895,159.675642,182.839721,3.986075,-14.174491,-7.120041,1.469358,-130.259544,-110.654742,11.330601,4.444115,9.425000,-0.266478,0.000000,0.000000,64.754989,28.708129,71.832193,15.390000,-9.715276,2.369266,1.200000,0.000000,0.000000,166.294785,-130.418018,-110.528856,11.336857,4.487224,6.623052,-0.264703,0.000000,0.000000,0.000000,158.967672,182.486935,4.059399,242.050988,-14.159391,-7.055734,1.466478,15.887803,nan,nan,nan,0,nan,nan,nan,0,nan,nan,nan,nan,nan,nan,nan,nan,nan,nan,nan,nan,nan,nan,nan,nan,nan,nan,nan,nan,nan,nan,nan,nan,nan,nan,nan,nan,nan,nan,nan,nan,nan,nan,nan,nan,nan,nan,nan,nan,nan,nan,nan,nan,nan,nan,nan,nan,nan,nan,nan,nan,nan,nan,nan,nan,nan,nan,nan,nan,nan,nan,nan,nan,nan,nan,nan,nan,nan,nan,nan,nan,nan,nan,nan,nan,nan,nan,nan,nan
9.240,APPROACH,241.320387,158.254325,182.137359,4.132850,-14.266949,-6.991518,1.469036,-130.032691,-110.189742,11.317150,4.537051,9.300000,-0.269036,0.000000,0.000000,63.994337,28.221634,71.947617,15.450000,-9.729898,2.308482,1.200000,0.000000,0.000000,166.652989,-130.147703,-110.132209,11.320974,4.523250,6.598501,-0.264703,0.000000,0.000000,0.000000,158.254325,182.137359,4.132850,241.320387,-14.266949,-6.991518,1.469036,15.955727,nan,nan,nan,0,nan,nan,nan,0,nan,nan,nan,nan,nan,nan,nan,nan,nan,nan,nan,nan,nan,nan,nan,nan,nan,nan,nan,nan,nan,nan,nan,nan,nan,nan,nan,nan,nan,nan,nan,nan,nan,nan,nan,nan,nan,nan,nan,nan,nan,nan,nan,nan,nan,nan,nan,nan,nan,nan,nan,nan,nan,nan,nan,nan,nan,nan,nan,nan,nan,nan,nan,nan,nan,nan,nan,nan,nan,nan,nan,nan,nan,nan,nan,nan,nan,nan,nan,nan
9.280,APPROACH,241.320387,158.254325,182.137359,4.132850,-14.266949,-6.991518,1.469036,-129.801348,-109.730992,11.303576,4.626869,9.175000,-0.271466,0.000000,0.000000,63.238608,27.734427,72.059997,15.510000,-9.744139,2.247609,1.200000,0.000000,0.000000,167.011182,-129.966294,-109.868598,11.310386,4.547192,6.582024,-0.264703,0.000000,0.000000,0.000000,157.535774,181.790989,4.206424,240.589231,-14.371008,-6.927391,1.471466,16.021231,nan,nan,nan,0,nan,nan,nan,0,nan,nan,nan,nan,nan,nan,nan,nan,nan,nan,nan,nan,nan,nan,nan,nan,nan,nan,nan,nan,nan,nan,nan,nan,nan,nan,nan,nan,nan,nan,nan,nan,nan,nan,nan,nan,nan,nan,nan,nan,nan,nan,nan,nan,nan,nan,nan,nan,nan,nan,nan,nan,nan,nan,nan,nan,nan,nan,nan,nan,nan,nan,nan,nan,nan,nan,nan,nan,nan,nan,nan,nan,nan,nan,nan,nan,nan,nan,nan,nan
9.340,APPROACH,239.861628,156.818276,181.447822,4.279848,-14.349977,-6.863350,1.468481,-129.571749,-109.278492,11.290152,4.591977,9.050000,-0.268481,0.000000,0.000000,63.096725,27.246527,72.169330,15.570000,-9.758000,2.186650,1.200000,0.000000,0.000000,167.369365,-129.692388,-109.474422,11.294504,4.582993,6.557147,-0.264703,0.000000,0.000000,0.000000,156.818276,181.447822,4.279848,239.861628,-14.349977,-6.863350,1.468481,15.974475,nan,nan,nan,0,nan,nan,nan,0,nan,nan,nan,nan,nan,nan,nan,nan,nan,nan,nan,nan,nan,nan,nan,nan,nan,nan,nan,nan,nan,nan,nan,nan,nan,nan,nan,nan,nan,nan,nan,nan,nan,nan,nan,nan,nan,nan,nan,nan,nan,nan,nan,nan,nan,nan,nan,nan,nan,nan,nan,nan,nan,nan,nan,nan,nan,nan,nan,nan,nan,nan,nan,nan,nan,nan,nan,nan,nan,nan,nan,nan,nan,nan,nan,nan,nan,nan,nan,nan
9.380,APPROACH,239.861628,156.818276,181.447822,4.279848,-14.349977,-6.863350,1.468481,-129.343736,-108.832242,11.276870,4.560264,8.925000,-0.265645,0.000000,0.000000,62.935058,26.757953,72.275610,15.630000,-9.771479,2.125607,1.200000,0.000000,0.000000,167.727539,-129.508592,-109.212470,11.283916,4.606784,6.540454,-0.264703,0.000000,0.000000,0.000000,156.101688,181.107852,4.353130,239.137494,-14.331743,-6.799393,1.465645,15.930433,nan,nan,nan,0,nan,nan,nan,0,nan,nan,nan,nan,nan,nan,nan,nan,nan,nan,nan,nan,nan,nan,nan,nan,nan,nan,nan,nan,nan,nan,nan,nan,nan,nan,nan,nan,nan,nan,nan,nan,nan,nan,nan,nan,nan,nan,nan,nan,nan,nan,nan,nan,nan,nan,nan,nan,nan,nan,nan,nan,nan,nan,nan,nan,nan,nan,nan,nan,nan,nan,nan,nan,nan,nan,nan,nan,nan,nan,nan,nan,nan,nan,nan,nan,nan,nan,nan,nan
9.440,APPROACH,238.412751,155.379740,180.771076,4.426542,-14.438958,-6.735517,1.468245,-129.111016,-108.392242,11.263458,4.654383,8.800000,-0.268245,0.000000,0.000000,62.125315,26.268724,72.378834,15.690000,-9.784575,2.064483,1.200000,0.000000,0.000000,168.085704,-129.231117,-108.820797,11.268034,4.642358,6.515252,-0.264703,0.000000,0.000000,0.000000,155.379740,180.771076,4.426542,238.412751,-14.438958,-6.735517,1.468245,16.000201,nan,nan,nan,0,nan,nan,nan,0,nan,nan,nan,nan,nan,nan,nan,nan,nan,nan,nan,nan,nan,nan,nan,nan,nan,nan,nan,nan,nan,nan,nan,nan,nan,nan,nan,nan,nan,nan,nan,nan,nan,nan,nan,nan,nan,nan,nan,nan,nan,nan,nan,nan,nan,nan,nan,nan,nan,nan,nan,nan,nan,nan,nan,nan,nan,nan,nan,nan,nan,nan,nan,nan,nan,nan,nan,nan,nan,nan,nan,nan,nan,nan,nan,nan,nan,nan,nan,nan
9.480,APPROACH,238.412751,155.379740,180.771076,4.426542,-14.438958,-6.735517,1.468245,-128.873753,-107.958492,11.249922,4.745277,8.675000,-0.270715,0.000000,0.000000,61.321076,25.778860,72.478998,15.750000,-9.797289,2.003280,1.200000,0.000000,0.000000,168.443860,-129.044950,-108.560525,11.257446,4.665997,6.498344,-0.264703,0.000000,0.000000,0.000000,154.652612,180.437490,4.500078,237.687545,-14.542566,-6.671720,1.470715,16.067392,nan,nan,nan,0,nan,nan,nan,0,nan,nan,nan,nan,nan,nan,nan,nan,nan,nan,nan,nan,nan,nan,nan,nan,nan,nan,nan,nan,nan,nan,nan,nan,nan,nan,nan,nan,nan,nan,nan,nan,nan,nan,nan,nan,nan,nan,nan,nan,nan,nan,nan,nan,nan,nan,nan,nan,nan,nan,nan,nan,nan,nan,nan,nan,nan,nan,nan,nan,nan,nan,nan,nan,nan,nan,nan,nan,nan,nan,nan,nan,nan,nan,nan,nan,nan,nan,nan,nan
9.540,APPROACH,236.966050,153.926698,180.107090,4.573467,-14.518292,-6.608000,1.467768,-128.638319,-107.530992,11.236533,4.708672,8.550000,-0.267768,0.000000,0.000000,61.157462,25.288379,72.576098,15.810000,-9.809620,1.942000,1.200000,0.000000,0.000000,168.802007,-128.763929,-108.171389,11.241563,4.701340,6.472820,-0.264703,0.000000,0.000000,0.000000,153.926698,180.107090,4.573467,236.966050,-14.518292,-6.608000,1.467768,16.018764,nan,nan,nan,0,nan,nan,nan,0,nan,nan,nan,nan,nan,nan,nan,nan,nan,nan,nan,nan,nan,nan,nan,nan,nan,nan,nan,nan,nan,nan,nan,nan,nan,nan,nan,nan,nan,nan,nan,nan,nan,nan,nan,nan,nan,nan,nan,nan,nan,nan,nan,nan,nan,nan,nan,nan,nan,nan,nan,nan,nan,nan,nan,nan,nan,nan,nan,nan,nan,nan,nan,nan,nan,nan,nan,nan,nan,nan,nan,nan,nan,nan,nan,nan,nan,nan,nan,nan
9.580,APPROACH,236.966050,153.926698,180.107090,4.573467,-14.518292,-6.608000,1.467768,-128.403966,-107.109742,11.223285,4.687066,8.425000,-0.264967,0.000000,0.000000,60.911574,24.797300,72.670131,15.870000,-9.821567,1.880645,1.200000,0.000000,0.000000,169.160145,-128.575405,-107.912819,11.230975,4.724825,6.455698,-0.264703,0.000000,0.000000,0.000000,153.201266,179.779872,4.646715,236.247799,-14.508633,-6.544355,1.464967,15.983589,nan,nan,nan,0,nan,nan,nan,0,nan,nan,nan,nan,nan,nan,nan,nan,nan,nan,nan,nan,nan,nan,nan,nan,nan,nan,nan,nan,nan,nan,nan,nan,nan,nan,nan,nan,nan,nan,nan,nan,nan,nan,nan,nan,nan,nan,nan,nan,nan,nan,nan,nan,nan,nan,nan,nan,nan,nan,nan,nan,nan,nan,nan,nan,nan,nan,nan,nan,nan,nan,nan,nan,nan,nan,nan,nan,nan,nan,nan,nan,nan,nan,nan,nan,nan,nan,nan,nan
9.640,APPROACH,235.529439,152.471116,179.455833,4.720095,-14.603003,-6.480781,1.467601,-128.165472,-106.694742,11.209905,4.769873,8.300000,-0.267601,0.000000,0.000000,60.114728,24.305644,72.761091,15.930000,-9.833130,1.819219,1.200000,0.000000,0.000000,169.518276,-128.290862,-107.526251,11.215093,4.759934,6.429854,-0.264703,0.000000,0.000000,0.000000,152.471116,179.455833,4.720095,235.529439,-14.603003,-6.480781,1.467601,16.043755,nan,nan,nan,0,nan,nan,nan,0,nan,nan,nan,nan,nan,nan,nan,nan,nan,nan,nan,nan,nan,nan,nan,nan,nan,nan,nan,nan,nan,nan,nan,nan,nan,nan,nan,nan,nan,nan,nan,nan,nan,nan,nan,nan,nan,nan,nan,nan,nan,nan,nan,nan,nan,nan,nan,nan,nan,nan,nan,nan,nan,nan,nan,nan,nan,nan,nan,nan,nan,nan,nan,nan,nan,nan,nan,nan,nan,nan,nan,nan,nan,nan,nan,nan,nan,nan,nan,nan
9.680,APPROACH,235.529439,152.471116,179.455833,4.720095,-14.603003,-6.480781,1.467601,-127.922380,-106.285992,11.196400,4.861832,8.175000,-0.270103,0.000000,0.000000,59.259227,23.813428,72.848978,15.990000,-9.844309,1.757723,1.200000,0.000000,0.000000,169.876398,-128.099998,-107.269403,11.204505,4.783262,6.412519,-0.264703,0.000000,0.000000,0.000000,151.735809,179.134969,4.793600,234.810714,-14.706140,-6.417277,1.470103,16.112517,nan,nan,nan,0,nan,nan,nan,0,nan,nan,nan,nan,nan,nan,nan,nan,nan,nan,nan,nan,nan,nan,nan,nan,nan,nan,nan,nan,nan,nan,nan,nan,nan,nan,nan,nan,nan,nan,nan,nan,nan,nan,nan,nan,nan,nan,nan,nan,nan,nan,nan,nan,nan,nan,nan,nan,nan,nan,nan,nan,nan,nan,nan,nan,nan,nan,nan,nan,nan,nan,nan,nan,nan,nan,nan,nan,nan,nan,nan,nan,nan,nan,nan,nan,nan,nan,nan,nan
9.740,APPROACH,234.095862,151.001877,178.817277,4.866959,-14.678644,-6.353841,1.467186,-127.681203,-105.883492,11.183041,4.823542,8.050000,-0.267186,0.000000,0.000000,59.070054,23.320673,72.933786,16.050000,-9.855102,1.696159,1.200000,0.000000,0.000000,170.234513,-127.811955,-106.885436,11.188623,4.818136,6.386358,-0.264703,0.000000,0.000000,0.000000,151.001877,178.817277,4.866959,234.095862,-14.678644,-6.353841,1.467186,16.061959,nan,nan,nan,0,nan,nan,nan,0,nan,nan,nan,nan,nan,nan,nan,nan,nan,nan,nan,nan,nan,nan,nan,nan,nan,nan,nan,nan,nan,nan,nan,nan,nan,nan,nan,nan,nan,nan,nan,nan,nan,nan,nan,nan,nan,nan,nan,nan,nan,nan,nan,nan,nan,nan,nan,nan,nan,nan,nan,nan,nan,nan,nan,nan,nan,nan,nan,nan,nan,nan,nan,nan,nan,nan,nan,nan,nan,nan,nan,nan,nan,nan,nan,nan,nan,nan,nan,nan
9.780,APPROACH,234.095862,151.001877,178.817277,4.866959,-14.678644,-6.353841,1.467186,-127.441773,-105.487242,11.169820,4.788601,7.925000,-0.264415,0.000000,0.000000,58.857954,22.827398,73.015512,16.110000,-9.865511,1.634530,1.200000,0.000000,0.000000,170.592620,-127.618766,-106.630332,11.178035,4.841306,6.368812,-0.264703,0.000000,0.000000,0.000000,150.269171,178.502754,4.940180,233.384794,-14.654112,-6.290470,1.464415,16.014291,nan,nan,nan,0,nan,nan,nan,0,nan,nan,nan,nan,nan,nan,nan,nan,nan,nan,nan,nan,nan,nan,nan,nan,nan,nan,nan,nan,nan,nan,nan,nan,nan,nan,nan,nan,nan,nan,nan,nan,nan,nan,nan,nan,nan,nan,nan,nan,nan,nan,nan,nan,nan,nan,nan,nan,nan,nan,nan,nan,nan,nan,nan,nan,nan,nan,nan,nan,nan,nan,nan,nan,nan,nan,nan,nan,nan,nan,nan,nan,nan,nan,nan,nan,nan,nan,nan,nan
9.840,APPROACH,232.673318,149.531146,178.191396,5.013534,-14.760492,-6.227161,1.467076,-127.197525,-105.097242,11.156466,4.884958,7.800000,-0.267076,0.000000,0.000000,57.942048,22.333621,73.094154,16.170000,-9.875534,1.572839,1.200000,0.000000,0.000000,170.950720,-127.327248,-106.248997,11.162152,4.875940,6.342335,-0.264703,0.000000,0.000000,0.000000,149.531146,178.191396,5.013534,232.673318,-14.760492,-6.227161,1.467076,16.087323,nan,nan,nan,0,nan,nan,nan,0,nan,nan,nan,nan,nan,nan,nan,nan,nan,nan,nan,nan,nan,nan,nan,nan,nan,nan,nan,nan,nan,nan,nan,nan,nan,nan,nan,nan,nan,nan,nan,nan,nan,nan,nan,nan,nan,nan,nan,nan,nan,nan,nan,nan,nan,nan,nan,nan,nan,nan,nan,nan,nan,nan,nan,nan,nan,nan,nan,nan,nan,nan,nan,nan,nan,nan,nan,nan,nan,nan,nan,nan,nan,nan,nan,nan,nan,nan,nan,nan
9.880,APPROACH,232.673318,149.531146,178.191396,5.013534,-14.760492,-6.227161,1.467076,-126.955078,-104.713492,11.143250,4.848947,7.675000,-0.264311,0.000000,0.000000,57.715934,21.839362,73.169708,16.230000,-9.885171,1.511088,1.200000,0.000000,0.000000,171.308814,-127.131750,-105.995659,11.151564,4.898950,6.324579,-0.264703,0.000000,0.000000,0.000000,148.794440,177.883200,5.086750,231.965716,-14.734118,-6.163912,1.464311,16.038462,nan,nan,nan,0,nan,nan,nan,0,nan,nan,nan,nan,nan,nan,nan,nan,nan,nan,nan,nan,nan,nan,nan,nan,nan,nan,nan,nan,nan,nan,nan,nan,nan,nan,nan,nan,nan,nan,nan,nan,nan,nan,nan,nan,nan,nan,nan,nan,nan,nan,nan,nan,nan,nan,nan,nan,nan,nan,nan,nan,nan,nan,nan,nan,nan,nan,nan,nan,nan,nan,nan,nan,nan,nan,nan,nan,nan,nan,nan,nan,nan,nan,nan,nan,nan,nan,nan,nan
9.940,APPROACH,231.257770,148.052440,177.578164,5.160098,-14.840011,-6.100722,1.466977,-126.707799,-104.335992,11.129902,4.945589,7.550000,-0.266977,0.000000,0.000000,56.773403,21.344641,73.242172,16.290000,-9.894422,1.449278,1.200000,0.000000,0.000000,171.666900,-126.836780,-105.616987,11.135682,4.933342,6.297788,-0.264703,0.000000,0.000000,0.000000,148.052440,177.578164,5.160098,231.257770,-14.840011,-6.100722,1.466977,16.112006,nan,nan,nan,0,nan,nan,nan,0,nan,nan,nan,nan,nan,nan,nan,nan,nan,nan,nan,nan,nan,nan,nan,nan,nan,nan,nan,nan,nan,nan,nan,nan,nan,nan,nan,nan,nan,nan,nan,nan,nan,nan,nan,nan,nan,nan,nan,nan,nan,nan,nan,nan,nan,nan,nan,nan,nan,nan,nan,nan,nan,nan,nan,nan,nan,nan,nan,nan,nan,nan,nan,nan,nan,nan,nan,nan,nan,nan,nan,nan,nan,nan,nan,nan,nan,nan,nan,nan
9.980,APPROACH,231.257770,148.052440,177.578164,5.160098,-14.840011,-6.100722,1.466977,-126.455861,-103.964742,11.116426,5.038760,7.425000,-0.269511,0.000000,0.000000,55.838364,20.849477,73.311543,16.350000,-9.903287,1.387414,1.200000,0.000000,0.000000,172.024980,-126.638990,-105.365434,11.125094,4.956189,6.279824,-0.264703,0.000000,0.000000,0.000000,147.305338,177.276285,5.233574,230.549634,-14.942047,-6.037586,1.469511,16.182604,nan,nan,nan,0,nan,nan,nan,0,nan,nan,nan,nan,nan,nan,nan,nan,nan,nan,nan,nan,nan,nan,nan,nan,nan,nan,nan,nan,nan,nan,nan,nan,nan,nan,nan,nan,nan,nan,nan,nan,nan,nan,nan,nan,nan,nan,nan,nan,nan,nan,nan,nan,nan,nan,nan,nan,nan,nan,nan,nan,nan,nan,nan,nan,nan,nan,nan,nan,nan,nan,nan,nan,nan,nan,nan,nan,nan,nan,nan,nan,nan,nan,nan,nan,nan,nan,nan,nan
10.040,APPROACH,229.845631,146.559866,176.977560,5.306905,-14.909424,-5.974504,1.466623,-126.205978,-103.599742,11.103095,4.997660,7.300000,-0.266623,0.000000,0.000000,55.604028,20.353889,73.377818,16.410000,-9.911764,1.325496,1.200000,0.000000,0.000000,172.383053,-126.340593,-104.989457,11.109212,4.990337,6.252722,-0.264703,0.000000,0.000000,0.000000,146.559866,176.977560,5.306905,229.845631,-14.909424,-5.974504,1.466623,16.128751,nan,nan,nan,0,nan,nan,nan,0,nan,nan,nan,nan,nan,nan,nan,nan,nan,nan,nan,nan,nan,nan,nan,nan,nan,nan,nan,nan,nan,nan,nan,nan,nan,nan,nan,nan,nan,nan,nan,nan,nan,nan,nan,nan,nan,nan,nan,nan,nan,nan,nan,nan,nan,nan,nan,nan,nan,nan,nan,nan,nan,nan,nan,nan,nan,nan,nan,nan,nan,nan,nan,nan,nan,nan,nan,nan,nan,nan,nan,nan,nan,nan,nan,nan,nan,nan,nan,nan
10.080,APPROACH,229.845631,146.559866,176.977560,5.306905,-14.909424,-5.974504,1.466623,-125.957975,-103.240992,11.089901,4.960053,7.175000,-0.263880,0.000000,0.000000,55.344028,19.857896,73.440994,16.470000,-9.919854,1.263527,1.200000,0.000000,0.000000,172.741120,-126.140526,-104.739711,11.098624,5.013020,6.234551,-0.264703,0.000000,0.000000,0.000000,145.815871,176.681986,5.380099,229.145670,-14.879907,-5.911473,1.463880,16.077938,nan,nan,nan,0,nan,nan,nan,0,nan,nan,nan,nan,nan,nan,nan,nan,nan,nan,nan,nan,nan,nan,nan,nan,nan,nan,nan,nan,nan,nan,nan,nan,nan,nan,nan,nan,nan,nan,nan,nan,nan,nan,nan,nan,nan,nan,nan,nan,nan,nan,nan,nan,nan,nan,nan,nan,nan,nan,nan,nan,nan,nan,nan,nan,nan,nan,nan,nan,nan,nan,nan,nan,nan,nan,nan,nan,nan,nan,nan,nan,nan,nan,nan,nan,nan,nan,nan,nan
10.140,APPROACH,228.445480,145.066606,176.389561,5.453428,-14.985301,-5.848490,1.466568,-125.705088,-102.888492,11.076572,5.057744,7.050000,-0.266568,0.000000,0.000000,54.343944,19.361518,73.501070,16.530000,-9.927556,1.201510,1.200000,0.000000,0.000000,173.099181,-125.838727,-104.366459,11.082741,5.046921,6.207140,-0.264703,0.000000,0.000000,0.000000,145.066606,176.389561,5.453428,228.445480,-14.985301,-5.848490,1.466568,16.152860,nan,nan,nan,0,nan,nan,nan,0,nan,nan,nan,nan,nan,nan,nan,nan,nan,nan,nan,nan,nan,nan,nan,nan,nan,nan,nan,nan,nan,nan,nan,nan,nan,nan,nan,nan,nan,nan,nan,nan,nan,nan,nan,nan,nan,nan,nan,nan,nan,nan,nan,nan,nan,nan,nan,nan,nan,nan,nan,nan,nan,nan,nan,nan,nan,nan,nan,nan,nan,nan,nan,nan,nan,nan,nan,nan,nan,nan,nan,nan,nan,nan,nan,nan,nan,nan,nan,nan
10.180,APPROACH,228.445480,145.066606,176.389561,5.453428,-14.985301,-5.848490,1.466568,-125.453571,-102.542242,11.063381,5.030332,6.925000,-0.263828,0.000000,0.000000,54.005278,18.864775,73.558042,16.590000,-9.934871,1.139448,1.200000,0.000000,0.000000,173.457236,-125.636399,-104.118541,11.072153,5.069438,6.188764,-0.264703,0.000000,0.000000,0.000000,144.318346,176.100284,5.526619,227.749069,-14.965203,-5.785552,1.463828,16.111261,nan,nan,nan,0,nan,nan,nan,0,nan,nan,nan,nan,nan,nan,nan,nan,nan,nan,nan,nan,nan,nan,nan,nan,nan,nan,nan,nan,nan,nan,nan,nan,nan,nan,nan,nan,nan,nan,nan,nan,nan,nan,nan,nan,nan,nan,nan,nan,nan,nan,nan,nan,nan,nan,nan,nan,nan,nan,nan,nan,nan,nan,nan,nan,nan,nan,nan,nan,nan,nan,nan,nan,nan,nan,nan,nan,nan,nan,nan,nan,nan,nan,nan,nan,nan,nan,nan,nan
10.240,APPROACH,227.052879,143.565438,175.814151,5.599945,-15.058164,-5.722659,1.466519,-125.197753,-102.202242,11.050055,5.116366,6.800000,-0.266519,0.000000,0.000000,53.041949,18.367685,73.611909,16.650000,-9.941797,1.077341,1.200000,0.000000,0.000000,173.815286,-125.331223,-103.748046,11.056271,5.103088,6.161047,-0.264703,0.000000,0.000000,0.000000,143.565438,175.814151,5.599945,227.052879,-15.058164,-5.722659,1.466519,16.175531,nan,nan,nan,0,nan,nan,nan,0,nan,nan,nan,nan,nan,nan,nan,nan,nan,nan,nan,nan,nan,nan,nan,nan,nan,nan,nan,nan,nan,nan,nan,nan,nan,nan,nan,nan,nan,nan,nan,nan,nan,nan,nan,nan,nan,nan,nan,nan,nan,nan,nan,nan,nan,nan,nan,nan,nan,nan,nan,nan,nan,nan,nan,nan,nan,nan,nan,nan,nan,nan,nan,nan,nan,nan,nan,nan,nan,nan,nan,nan,nan,nan,nan,nan,nan,nan,nan,nan
10.280,APPROACH,227.052879,143.565438,175.814151,5.599945,-15.058164,-5.722659,1.466519,-124.943917,-101.868492,11.036866,5.076715,6.675000,-0.263781,0.000000,0.000000,52.744957,17.870268,73.662669,16.710000,-9.948336,1.015194,1.200000,0.000000,0.000000,174.173330,-125.126652,-103.501975,11.045683,5.125437,6.142467,-0.264703,0.000000,0.000000,0.000000,142.814185,175.531161,5.673134,226.360916,-15.025051,-5.659806,1.463781,16.122289,nan,nan,nan,0,nan,nan,nan,0,nan,nan,nan,nan,nan,nan,nan,nan,nan,nan,nan,nan,nan,nan,nan,nan,nan,nan,nan,nan,nan,nan,nan,nan,nan,nan,nan,nan,nan,nan,nan,nan,nan,nan,nan,nan,nan,nan,nan,nan,nan,nan,nan,nan,nan,nan,nan,nan,nan,nan,nan,nan,nan,nan,nan,nan,nan,nan,nan,nan,nan,nan,nan,nan,nan,nan,nan,nan,nan,nan,nan,nan,nan,nan,nan,nan,nan,nan,nan,nan
10.340,APPROACH,225.668866,142.057711,175.251311,5.746458,-15.129478,-5.596992,1.466474,-124.685167,-101.540992,11.023542,5.174993,6.550000,-0.266474,0.000000,0.000000,51.688612,17.372544,73.710319,16.770000,-9.954485,0.953008,1.200000,0.000000,0.000000,174.531369,-124.818123,-103.134267,11.029801,5.158834,6.114445,-0.264703,0.000000,0.000000,0.000000,142.057711,175.251311,5.746458,225.668866,-15.129478,-5.596992,1.466474,16.198085,nan,nan,nan,0,nan,nan,nan,0,nan,nan,nan,nan,nan,nan,nan,nan,nan,nan,nan,nan,nan,nan,nan,nan,nan,nan,nan,nan,nan,nan,nan,nan,nan,nan,nan,nan,nan,nan,nan,nan,nan,nan,nan,nan,nan,nan,nan,nan,nan,nan,nan,nan,nan,nan,nan,nan,nan,nan,nan,nan,nan,nan,nan,nan,nan,nan,nan,nan,nan,nan,nan,nan,nan,nan,nan,nan,nan,nan,nan,nan,nan,nan,nan,nan,nan,nan,nan,nan
10.380,APPROACH,225.668866,142.057711,175.251311,5.746458,-15.129478,-5.596992,1.466474,-124.427897,-101.219742,11.010355,5.145412,6.425000,-0.263739,0.000000,0.000000,51.310777,16.874531,73.754858,16.830000,-9.960246,0.890785,1.200000,0.000000,0.000000,174.889402,-124.611326,-102.890065,11.019213,5.181013,6.095662,-0.264703,0.000000,0.000000,0.000000,141.302428,174.974600,5.819645,224.980789,-15.105658,-5.534215,1.463739,16.153977,nan,nan,nan,0,nan,nan,nan,0,nan,nan,nan,nan,nan,nan,nan,nan,nan,nan,nan,nan,nan,nan,nan,nan,nan,nan,nan,nan,nan,nan,nan,nan,nan,nan,nan,nan,nan,nan,nan,nan,nan,nan,nan,nan,nan,nan,nan,nan,nan,nan,nan,nan,nan,nan,nan,nan,nan,nan,nan,nan,nan,nan,nan,nan,nan,nan,nan,nan,nan,nan,nan,nan,nan,nan,nan,nan,nan,nan,nan,nan,nan,nan,nan,nan,nan,nan,nan,nan
10.440,APPROACH,224.293068,140.542536,174.701027,5.892966,-15.197847,-5.471471,1.466434,-124.166285,-100.904742,10.997034,5.232229,6.300000,-0.266434,0.000000,0.000000,50.289942,16.376251,73.796285,16.890000,-9.965618,0.828529,1.200000,0.000000,0.000000,175.247431,-124.299470,-102.525174,11.003331,5.214154,6.067338,-0.264703,0.000000,0.000000,0.000000,140.542536,174.701027,5.892966,224.293068,-15.197847,-5.471471,1.466434,16.219186,nan,nan,nan,0,nan,nan,nan,0,nan,nan,nan,nan,nan,nan,nan,nan,nan,nan,nan,nan,nan,nan,nan,nan,nan,nan,nan,nan,nan,nan,nan,nan,nan,nan,nan,nan,nan,nan,nan,nan,nan,nan,nan,nan,nan,nan,nan,nan,nan,nan,nan,nan,nan,nan,nan,nan,nan,nan,nan,nan,nan,nan,nan,nan,nan,nan,nan,nan,nan,nan,nan,nan,nan,nan,nan,nan,nan,nan,nan,nan,nan,nan,nan,nan,nan,nan,nan,nan
10.480,APPROACH,224.293068,140.542536,174.701027,5.892966,-15.197847,-5.471471,1.466434,-123.906205,-100.595992,10.983849,5.201613,6.175000,-0.263700,0.000000,0.000000,49.890339,15.877721,73.834597,16.950000,-9.970601,0.766241,1.200000,0.000000,0.000000,175.605454,-124.090464,-102.282860,10.992742,5.236162,6.048355,-0.264703,0.000000,0.000000,0.000000,139.783925,174.430589,5.966151,223.609416,-15.172213,-5.408759,1.463700,16.173841,nan,nan,nan,0,nan,nan,nan,0,nan,nan,nan,nan,nan,nan,nan,nan,nan,nan,nan,nan,nan,nan,nan,nan,nan,nan,nan,nan,nan,nan,nan,nan,nan,nan,nan,nan,nan,nan,nan,nan,nan,nan,nan,nan,nan,nan,nan,nan,nan,nan,nan,nan,nan,nan,nan,nan,nan,nan,nan,nan,nan,nan,nan,nan,nan,nan,nan,nan,nan,nan,nan,nan,nan,nan,nan,nan,nan,nan,nan,nan,nan,nan,nan,nan,nan,nan,nan,nan
10.540,APPROACH,222.926191,139.020723,174.163285,6.039471,-15.264047,-5.346076,1.466398,-123.641762,-100.293492,10.970529,5.288853,6.050000,-0.266398,0.000000,0.000000,48.840349,15.378961,73.869793,17.010000,-9.975194,0.703924,1.200000,0.000000,0.000000,175.963473,-123.775307,-101.920816,10.976860,5.269045,6.019731,-0.264703,0.000000,0.000000,0.000000,139.020723,174.163285,6.039471,222.926191,-15.264047,-5.346076,1.466398,16.239519,nan,nan,nan,0,nan,nan,nan,0,nan,nan,nan,nan,nan,nan,nan,nan,nan,nan,nan,nan,nan,nan,nan,nan,nan,nan,nan,nan,nan,nan,nan,nan,nan,nan,nan,nan,nan,nan,nan,nan,nan,nan,nan,nan,nan,nan,nan,nan,nan,nan,nan,nan,nan,nan,nan,nan,nan,nan,nan,nan,nan,nan,nan,nan,nan,nan,nan,nan,nan,nan,nan,nan,nan,nan,nan,nan,nan,nan,nan,nan,nan,nan,nan,nan,nan,nan,nan,nan
10.580,APPROACH,222.926191,139.020723,174.163285,6.039471,-15.264047,-5.346076,1.466398,-123.378901,-99.997242,10.957345,5.257214,5.925000,-0.263666,0.000000,0.000000,48.417562,14.879991,73.901872,17.070000,-9.979397,0.641581,1.200000,0.000000,0.000000,176.321488,-123.564108,-101.680410,10.966272,5.290880,6.000549,-0.264703,0.000000,0.000000,0.000000,138.258892,173.899114,6.112655,222.247132,-15.236612,-5.283419,1.463666,16.192936,nan,nan,nan,0,nan,nan,nan,0,nan,nan,nan,nan,nan,nan,nan,nan,nan,nan,nan,nan,nan,nan,nan,nan,nan,nan,nan,nan,nan,nan,nan,nan,nan,nan,nan,nan,nan,nan,nan,nan,nan,nan,nan,nan,nan,nan,nan,nan,nan,nan,nan,nan,nan,nan,nan,nan,nan,nan,nan,nan,nan,nan,nan,nan,nan,nan,nan,nan,nan,nan,nan,nan,nan,nan,nan,nan,nan,nan,nan,nan,nan,nan,nan,nan,nan,nan,nan,nan
10.640,APPROACH,221.568570,137.492488,173.638075,6.185973,-15.328093,-5.220787,1.466365,-123.111657,-99.707242,10.944027,5.344882,5.800000,-0.266365,0.000000,0.000000,47.338462,14.380830,73.930833,17.130000,-9.983212,0.579213,1.200000,0.000000,0.000000,176.679498,-123.245676,-101.321244,10.950390,5.323501,5.971628,-0.264703,0.000000,0.000000,0.000000,137.492488,173.638075,6.185973,221.568570,-15.328093,-5.220787,1.466365,16.259068,nan,nan,nan,0,nan,nan,nan,0,nan,nan,nan,nan,nan,nan,nan,nan,nan,nan,nan,nan,nan,nan,nan,nan,nan,nan,nan,nan,nan,nan,nan,nan,nan,nan,nan,nan,nan,nan,nan,nan,nan,nan,nan,nan,nan,nan,nan,nan,nan,nan,nan,nan,nan,nan,nan,nan,nan,nan,nan,nan,nan,nan,nan,nan,nan,nan,nan,nan,nan,nan,nan,nan,nan,nan,nan,nan,nan,nan,nan,nan,nan,nan,nan,nan,nan,nan,nan,nan
10.680,APPROACH,221.568570,137.492488,173.638075,6.185973,-15.328093,-5.220787,1.466365,-122.846587,-99.423492,10.930845,5.301411,5.675000,-0.263635,0.000000,0.000000,46.949343,13.881499,73.956674,17.190000,-9.986636,0.516823,1.200000,0.000000,0.000000,177.037503,-123.032302,-101.082766,10.939802,5.345160,5.952248,-0.264703,0.000000,0.000000,0.000000,136.728085,173.380166,6.259155,220.894609,-15.288047,-5.158177,1.463635,16.201031,nan,nan,nan,0,nan,nan,nan,0,nan,nan,nan,nan,nan,nan,nan,nan,nan,nan,nan,nan,nan,nan,nan,nan,nan,nan,nan,nan,nan,nan,nan,nan,nan,nan,nan,nan,nan,nan,nan,nan,nan,nan,nan,nan,nan,nan,nan,nan,nan,nan,nan,nan,nan,nan,nan,nan,nan,nan,nan,nan,nan,nan,nan,nan,nan,nan,nan,nan,nan,nan,nan,nan,nan,nan,nan,nan,nan,nan,nan,nan,nan,nan,nan,nan,nan,nan,nan,nan
10.740,APPROACH,220.220861,135.958553,173.125386,6.332471,-15.390647,-5.095586,1.466335,-122.576538,-99.145992,10.917529,5.400977,5.550000,-0.266335,0.000000,0.000000,45.779645,13.382015,73.979395,17.250000,-9.989670,0.454414,1.200000,0.000000,0.000000,177.395505,-122.710621,-100.726507,10.923920,5.377517,5.923032,-0.264703,0.000000,0.000000,0.000000,135.958553,173.125386,6.332471,220.220861,-15.390647,-5.095586,1.466335,16.278426,nan,nan,nan,0,nan,nan,nan,0,nan,nan,nan,nan,nan,nan,nan,nan,nan,nan,nan,nan,nan,nan,nan,nan,nan,nan,nan,nan,nan,nan,nan,nan,nan,nan,nan,nan,nan,nan,nan,nan,nan,nan,nan,nan,nan,nan,nan,nan,nan,nan,nan,nan,nan,nan,nan,nan,nan,nan,nan,nan,nan,nan,nan,nan,nan,nan,nan,nan,nan,nan,nan,nan,nan,nan,nan,nan,nan,nan,nan,nan,nan,nan,nan,nan,nan,nan,nan,nan
10.780,APPROACH,220.220861,135.958553,173.125386,6.332471,-15.390647,-5.095586,1.466335,-122.308710,-98.874742,10.904348,5.356557,5.425000,-0.263606,0.000000,0.000000,45.363717,12.882399,73.998994,17.310000,-9.992314,0.391987,1.200000,0.000000,0.000000,177.753502,-122.495091,-100.489977,10.913331,5.399000,5.903456,-0.264703,0.000000,0.000000,0.000000,135.191109,172.873736,6.405652,219.551809,-15.348872,-5.033013,1.463606,16.219162,nan,nan,nan,0,nan,nan,nan,0,nan,nan,nan,nan,nan,nan,nan,nan,nan,nan,nan,nan,nan,nan,nan,nan,nan,nan,nan,nan,nan,nan,nan,nan,nan,nan,nan,nan,nan,nan,nan,nan,nan,nan,nan,nan,nan,nan,nan,nan,nan,nan,nan,nan,nan,nan,nan,nan,nan,nan,nan,nan,nan,nan,nan,nan,nan,nan,nan,nan,nan,nan,nan,nan,nan,nan,nan,nan,nan,nan,nan,nan,nan,nan,nan,nan,nan,nan,nan,nan
10.840,APPROACH,218.883052,134.418560,172.625213,6.478967,-15.450990,-4.970453,1.466308,-122.035889,-98.609742,10.891033,5.456421,5.300000,-0.266308,0.000000,0.000000,44.166857,12.382671,74.015471,17.370000,-9.994568,0.329547,1.200000,0.000000,0.000000,178.111495,-122.170187,-100.136654,10.897449,5.431090,5.873947,-0.264703,0.000000,0.000000,0.000000,134.418560,172.625213,6.478967,218.883052,-15.450990,-4.970453,1.466308,16.296888,nan,nan,nan,0,nan,nan,nan,0,nan,nan,nan,nan,nan,nan,nan,nan,nan,nan,nan,nan,nan,nan,nan,nan,nan,nan,nan,nan,nan,nan,nan,nan,nan,nan,nan,nan,nan,nan,nan,nan,nan,nan,nan,nan,nan,nan,nan,nan,nan,nan,nan,nan,nan,nan,nan,nan,nan,nan,nan,nan,nan,nan,nan,nan,nan,nan,nan,nan,nan,nan,nan,nan,nan,nan,nan,nan,nan,nan,nan,nan,nan,nan,nan,nan,nan,nan,nan,nan
10.880,APPROACH,218.883052,134.418560,172.625213,6.478967,-15.450990,-4.970453,1.466308,-121.758267,-98.350992,10.877589,5.552441,5.175000,-0.268875,0.000000,0.000000,42.984902,11.882849,74.028826,17.430000,-9.996432,0.267093,1.200000,0.000000,0.000000,178.469485,-121.952517,-99.902091,10.886861,5.452394,5.854178,-0.264703,0.000000,0.000000,0.000000,133.641116,172.379818,6.552411,218.214765,-15.548873,-4.907907,1.468875,16.371090,nan,nan,nan,0,nan,nan,nan,0,nan,nan,nan,nan,nan,nan,nan,nan,nan,nan,nan,nan,nan,nan,nan,nan,nan,nan,nan,nan,nan,nan,nan,nan,nan,nan,nan,nan,nan,nan,nan,nan,nan,nan,nan,nan,nan,nan,nan,nan,nan,nan,nan,nan,nan,nan,nan,nan,nan,nan,nan,nan,nan,nan,nan,nan,nan,nan,nan,nan,nan,nan,nan,nan,nan,nan,nan,nan,nan,nan,nan,nan,nan,nan,nan,nan,nan,nan,nan,nan
10.940,APPROACH,217.551447,132.866083,172.137549,6.625712,-15.500657,-4.845369,1.466019,-121.483129,-98.098492,10.864288,5.502751,5.050000,-0.266019,0.000000,0.000000,42.543311,11.382954,74.039058,17.490000,-9.997906,0.204631,1.200000,0.000000,0.000000,178.827471,-121.624418,-99.551734,10.870979,5.484215,5.824378,-0.264703,0.000000,0.000000,0.000000,132.866083,172.137549,6.625712,217.551447,-15.500657,-4.845369,1.466019,16.306354,nan,nan,nan,0,nan,nan,nan,0,nan,nan,nan,nan,nan,nan,nan,nan,nan,nan,nan,nan,nan,nan,nan,nan,nan,nan,nan,nan,nan,nan,nan,nan,nan,nan,nan,nan,nan,nan,nan,nan,nan,nan,nan,nan,nan,nan,nan,nan,nan,nan,nan,nan,nan,nan,nan,nan,nan,nan,nan,nan,nan,nan,nan,nan,nan,nan,nan,nan,nan,nan,nan,nan,nan,nan,nan,nan,nan,nan,nan,nan,nan,nan,nan,nan,nan,nan,nan,nan
10.980,APPROACH,217.551447,132.866083,172.137549,6.625712,-15.500657,-4.845369,1.466019,-121.203152,-97.852242,10.850858,5.599542,4.925000,-0.268601,0.000000,0.000000,41.332796,10.883005,74.046166,17.550000,-9.998989,0.142160,1.200000,0.000000,0.000000,179.185453,-121.404627,-99.319157,10.860391,5.505339,5.804416,-0.264703,0.000000,0.000000,0.000000,132.086157,171.898407,6.699142,216.888667,-15.598532,-4.782840,1.468601,16.381286,nan,nan,nan,0,nan,nan,nan,0,nan,nan,nan,nan,nan,nan,nan,nan,nan,nan,nan,nan,nan,nan,nan,nan,nan,nan,nan,nan,nan,nan,nan,nan,nan,nan,nan,nan,nan,nan,nan,nan,nan,nan,nan,nan,nan,nan,nan,nan,nan,nan,nan,nan,nan,nan,nan,nan,nan,nan,nan,nan,nan,nan,nan,nan,nan,nan,nan,nan,nan,nan,nan,nan,nan,nan,nan,nan,nan,nan,nan,nan,nan,nan,nan,nan,nan,nan,nan,nan
11.040,APPROACH,216.230937,131.308704,171.662392,6.772430,-15.549065,-4.720315,1.465759,-120.925683,-97.612242,10.837570,5.549383,4.800000,-0.265759,0.000000,0.000000,40.858530,10.383020,74.050150,17.610000,-9.999683,0.079685,1.200000,0.000000,0.000000,179.543432,-121.073359,-98.971794,10.844509,5.536888,5.774328,-0.264703,0.000000,0.000000,0.000000,131.308704,171.662392,6.772430,216.230937,-15.549065,-4.720315,1.465759,16.315736,nan,nan,nan,0,nan,nan,nan,0,nan,nan,nan,nan,nan,nan,nan,nan,nan,nan,nan,nan,nan,nan,nan,nan,nan,nan,nan,nan,nan,nan,nan,nan,nan,nan,nan,nan,nan,nan,nan,nan,nan,nan,nan,nan,nan,nan,nan,nan,nan,nan,nan,nan,nan,nan,nan,nan,nan,nan,nan,nan,nan,nan,nan,nan,nan,nan,nan,nan,nan,nan,nan,nan,nan,nan,nan,nan,nan,nan,nan,nan,nan,nan,nan,nan,nan,nan,nan,nan
11.080,APPROACH,216.230937,131.308704,171.662392,6.772430,-15.549065,-4.720315,1.465759,-120.650525,-97.378492,10.824417,5.503168,4.675000,-0.263059,0.000000,0.000000,40.348256,9.883021,74.051010,17.670000,-9.999985,0.017208,1.200000,0.000000,0.000000,179.901408,-120.851464,-98.741224,10.833920,5.557830,5.754175,-0.264703,0.000000,0.000000,0.000000,130.533546,171.429502,6.845583,215.578159,-15.503153,-4.657792,1.463059,16.253718,nan,nan,nan,0,nan,nan,nan,0,nan,nan,nan,nan,nan,nan,nan,nan,nan,nan,nan,nan,nan,nan,nan,nan,nan,nan,nan,nan,nan,nan,nan,nan,nan,nan,nan,nan,nan,nan,nan,nan,nan,nan,nan,nan,nan,nan,nan,nan,nan,nan,nan,nan,nan,nan,nan,nan,nan,nan,nan,nan,nan,nan,nan,nan,nan,nan,nan,nan,nan,nan,nan,nan,nan,nan,nan,nan,nan,nan,nan,nan,nan,nan,nan,nan,nan,nan,nan,nan
11.140,APPROACH,214.925900,129.753309,171.199739,6.918872,-15.604745,-4.595270,1.465788,-120.370282,-97.150992,10.811128,5.604847,4.550000,-0.265788,0.000000,0.000000,39.069601,9.383026,74.048747,17.730000,-9.999898,-0.045270,1.200000,0.000000,0.000000,-179.740620,-120.517056,-98.396884,10.818038,5.589104,5.723803,-0.264703,0.000000,0.000000,0.000000,129.753309,171.199739,6.918872,214.925900,-15.604745,-4.595270,1.465788,16.333190,nan,nan,nan,0,nan,nan,nan,0,nan,nan,nan,nan,nan,nan,nan,nan,nan,nan,nan,nan,nan,nan,nan,nan,nan,nan,nan,nan,nan,nan,nan,nan,nan,nan,nan,nan,nan,nan,nan,nan,nan,nan,nan,nan,nan,nan,nan,nan,nan,nan,nan,nan,nan,nan,nan,nan,nan,nan,nan,nan,nan,nan,nan,nan,nan,nan,nan,nan,nan,nan,nan,nan,nan,nan,nan,nan,nan,nan,nan,nan,nan,nan,nan,nan,nan,nan,nan,nan
11.180,APPROACH,214.925900,129.753309,171.199739,6.918872,-15.604745,-4.595270,1.465788,-120.092401,-96.929742,10.797974,5.557627,4.425000,-0.263087,0.000000,0.000000,38.526911,8.883055,74.043359,17.790000,-9.999420,-0.107746,1.200000,0.000000,0.000000,-179.382651,-120.293076,-98.168338,10.807450,5.609862,5.703460,-0.264703,0.000000,0.000000,0.000000,128.975456,170.973101,6.992026,214.278693,-15.557047,-4.532746,1.463087,16.269853,nan,nan,nan,0,nan,nan,nan,0,nan,nan,nan,nan,nan,nan,nan,nan,nan,nan,nan,nan,nan,nan,nan,nan,nan,nan,nan,nan,nan,nan,nan,nan,nan,nan,nan,nan,nan,nan,nan,nan,nan,nan,nan,nan,nan,nan,nan,nan,nan,nan,nan,nan,nan,nan,nan,nan,nan,nan,nan,nan,nan,nan,nan,nan,nan,nan,nan,nan,nan,nan,nan,nan,nan,nan,nan,nan,nan,nan,nan,nan,nan,nan,nan,nan,nan,nan,nan,nan
11.240,APPROACH,213.625301,128.192554,170.741090,7.065317,-15.658056,-4.640219,1.465815,-119.809426,-96.706242,10.784683,5.659505,4.470002,-0.265815,0.000000,0.000000,38.302459,8.383128,74.034849,17.850000,-9.998551,-0.170216,1.200000,0.000000,0.000000,-179.024685,-119.955554,-97.827049,10.791568,5.640859,5.672804,-0.264703,0.000000,0.000000,0.000000,128.192554,170.741090,7.065317,213.625301,-15.658056,-4.640219,1.465815,16.396798,nan,nan,nan,0,nan,nan,nan,0,nan,nan,nan,nan,nan,nan,nan,nan,nan,nan,nan,nan,nan,nan,nan,nan,nan,nan,nan,nan,nan,nan,nan,nan,nan,nan,nan,nan,nan,nan,nan,nan,nan,nan,nan,nan,nan,nan,nan,nan,nan,nan,nan,nan,nan,nan,nan,nan,nan,nan,nan,nan,nan,nan,nan,nan,nan,nan,nan,nan,nan,nan,nan,nan,nan,nan,nan,nan,nan,nan,nan,nan,nan,nan,nan,nan,nan,nan,nan,nan
11.280,APPROACH,213.625301,128.192554,170.741090,7.065317,-15.658056,-4.640219,1.465815,-119.528860,-96.483562,10.771527,5.611305,4.453604,-0.263112,0.000000,0.000000,38.438471,7.883263,74.023215,17.910000,-9.997293,-0.232680,1.200000,0.000000,0.000000,-178.666722,-119.729507,-97.600548,10.780980,5.661431,5.652274,-0.264703,0.000000,0.000000,0.000000,127.412124,170.506776,7.138473,212.972693,-15.608598,-4.686283,1.463112,16.362465,nan,nan,nan,0,nan,nan,nan,0,nan,nan,nan,nan,nan,nan,nan,nan,nan,nan,nan,nan,nan,nan,nan,nan,nan,nan,nan,nan,nan,nan,nan,nan,nan,nan,nan,nan,nan,nan,nan,nan,nan,nan,nan,nan,nan,nan,nan,nan,nan,nan,nan,nan,nan,nan,nan,nan,nan,nan,nan,nan,nan,nan,nan,nan,nan,nan,nan,nan,nan,nan,nan,nan,nan,nan,nan,nan,nan,nan,nan,nan,nan,nan,nan,nan,nan,nan,nan,nan
11.340,APPROACH,212.311385,126.626672,170.263914,7.211765,-15.709036,-4.857234,1.465839,-119.243191,-96.255457,10.758235,5.713393,4.562100,-0.265839,0.000000,0.000000,38.607098,7.383481,74.008458,17.970000,-9.995644,-0.295134,1.200000,0.000000,0.000000,-178.308762,-119.388899,-97.262338,10.765098,5.692149,5.621338,-0.264703,0.000000,0.000000,0.000000,126.626672,170.263914,7.211765,212.311385,-15.709036,-4.857234,1.465839,16.508035,nan,nan,nan,0,nan,nan,nan,0,nan,nan,nan,nan,nan,nan,nan,nan,nan,nan,nan,nan,nan,nan,nan,nan,nan,nan,nan,nan,nan,nan,nan,nan,nan,nan,nan,nan,nan,nan,nan,nan,nan,nan,nan,nan,nan,nan,nan,nan,nan,nan,nan,nan,nan,nan,nan,nan,nan,nan,nan,nan,nan,nan,nan,nan,nan,nan,nan,nan,nan,nan,nan,nan,nan,nan,nan,nan,nan,nan,nan,nan,nan,nan,nan,nan,nan,nan,nan,nan
11.380,APPROACH,212.311385,126.626672,170.263914,7.211765,-15.709036,-4.857234,1.465839,-118.952621,-96.022372,10.744814,5.811396,4.661691,-0.268429,0.000000,0.000000,38.735322,6.883801,73.990579,18.030000,-9.993605,-0.357576,1.200000,0.000000,0.000000,-177.950805,-119.160805,-97.037899,10.754510,5.712533,5.600622,-0.264703,0.000000,0.000000,0.000000,125.836422,170.012951,7.285186,211.641873,-15.805001,-5.019267,1.468429,16.647744,nan,nan,nan,0,nan,nan,nan,0,nan,nan,nan,nan,nan,nan,nan,nan,nan,nan,nan,nan,nan,nan,nan,nan,nan,nan,nan,nan,nan,nan,nan,nan,nan,nan,nan,nan,nan,nan,nan,nan,nan,nan,nan,nan,nan,nan,nan,nan,nan,nan,nan,nan,nan,nan,nan,nan,nan,nan,nan,nan,nan,nan,nan,nan,nan,nan,nan,nan,nan,nan,nan,nan,nan,nan,nan,nan,nan,nan,nan,nan,nan,nan,nan,nan,nan,nan,nan,nan
11.440,APPROACH,210.973962,125.048977,169.760474,7.358466,-15.748886,-5.049533,1.465596,-118.664736,-95.790895,10.731534,5.757710,4.629530,-0.265596,0.000000,0.000000,38.801282,6.384242,73.969579,18.090000,-9.991176,-0.420003,1.200000,0.000000,0.000000,-177.592850,-118.817139,-96.702797,10.738627,5.742969,5.569409,-0.264703,0.000000,0.000000,0.000000,125.048977,169.760474,7.358466,210.973962,-15.748886,-5.049533,1.465596,16.603409,nan,nan,nan,0,nan,nan,nan,0,nan,nan,nan,nan,nan,nan,nan,nan,nan,nan,nan,nan,nan,nan,nan,nan,nan,nan,nan,nan,nan,nan,nan,nan,nan,nan,nan,nan,nan,nan,nan,nan,nan,nan,nan,nan,nan,nan,nan,nan,nan,nan,nan,nan,nan,nan,nan,nan,nan,nan,nan,nan,nan,nan,nan,nan,nan,nan,nan,nan,nan,nan,nan,nan,nan,nan,nan,nan,nan,nan,nan,nan,nan,nan,nan,nan,nan,nan,nan,nan
11.480,APPROACH,210.973962,125.048977,169.760474,7.358466,-15.748886,-5.049533,1.465596,-118.378824,-95.561507,10.718389,5.718232,4.587766,-0.262904,0.000000,0.000000,38.740247,5.884824,73.945458,18.150000,-9.988357,-0.482414,1.200000,0.000000,0.000000,-177.234899,-118.587017,-96.480439,10.728039,5.763164,5.548508,-0.264703,0.000000,0.000000,0.000000,124.263648,169.506965,7.431611,210.307618,-15.706589,-5.070180,1.462904,16.569362,nan,nan,nan,0,nan,nan,nan,0,nan,nan,nan,nan,nan,nan,nan,nan,nan,nan,nan,nan,nan,nan,nan,nan,nan,nan,nan,nan,nan,nan,nan,nan,nan,nan,nan,nan,nan,nan,nan,nan,nan,nan,nan,nan,nan,nan,nan,nan,nan,nan,nan,nan,nan,nan,nan,nan,nan,nan,nan,nan,nan,nan,nan,nan,nan,nan,nan,nan,nan,nan,nan,nan,nan,nan,nan,nan,nan,nan,nan,nan,nan,nan,nan,nan,nan,nan,nan,nan
11.540,APPROACH,209.633140,123.473862,169.245193,7.504893,-15.795716,-5.235447,1.465641,-118.088296,-95.326975,10.705107,5.810568,4.690641,-0.265641,0.000000,0.000000,38.912565,5.385567,73.918218,18.210000,-9.985148,-0.544805,1.200000,0.000000,0.000000,-176.876949,-118.240321,-96.148472,10.712157,5.793315,5.517019,-0.264703,0.000000,0.000000,0.000000,123.473862,169.245193,7.504893,209.633140,-15.795716,-5.235447,1.465641,16.705168,nan,nan,nan,0,nan,nan,nan,0,nan,nan,nan,nan,nan,nan,nan,nan,nan,nan,nan,nan,nan,nan,nan,nan,nan,nan,nan,nan,nan,nan,nan,nan,nan,nan,nan,nan,nan,nan,nan,nan,nan,nan,nan,nan,nan,nan,nan,nan,nan,nan,nan,nan,nan,nan,nan,nan,nan,nan,nan,nan,nan,nan,nan,nan,nan,nan,nan,nan,nan,nan,nan,nan,nan,nan,nan,nan,nan,nan,nan,nan,nan,nan,nan,nan,nan,nan,nan,nan
11.580,APPROACH,209.633140,123.473862,169.245193,7.504893,-15.795716,-5.235447,1.465641,-117.800293,-95.094326,10.691959,5.760056,4.652973,-0.262947,0.000000,0.000000,38.931275,4.886489,73.887859,18.270000,-9.981550,-0.607175,1.200000,0.000000,0.000000,-176.519002,-118.008188,-95.928213,10.701569,5.813320,5.495936,-0.264703,0.000000,0.000000,0.000000,122.686782,168.982186,7.578041,208.960408,-15.741606,-5.260148,1.462947,16.661558,nan,nan,nan,0,nan,nan,nan,0,nan,nan,nan,nan,nan,nan,nan,nan,nan,nan,nan,nan,nan,nan,nan,nan,nan,nan,nan,nan,nan,nan,nan,nan,nan,nan,nan,nan,nan,nan,nan,nan,nan,nan,nan,nan,nan,nan,nan,nan,nan,nan,nan,nan,nan,nan,nan,nan,nan,nan,nan,nan,nan,nan,nan,nan,nan,nan,nan,nan,nan,nan,nan,nan,nan,nan,nan,nan,nan,nan,nan,nan,nan,nan,nan,nan,nan,nan,nan,nan
11.640,APPROACH,208.279991,121.894739,168.711839,7.651325,-15.840853,-5.406935,1.465682,-117.507128,-94.857456,10.678675,5.863291,4.737414,-0.265682,0.000000,0.000000,38.937471,4.387611,73.854383,18.330000,-9.977562,-0.669521,1.200000,0.000000,0.000000,-176.161058,-117.658492,-95.599409,10.685687,5.843183,5.464175,-0.264703,0.000000,0.000000,0.000000,121.894739,168.711839,7.651325,208.279991,-15.840853,-5.406935,1.465682,16.802256,nan,nan,nan,0,nan,nan,nan,0,nan,nan,nan,nan,nan,nan,nan,nan,nan,nan,nan,nan,nan,nan,nan,nan,nan,nan,nan,nan,nan,nan,nan,nan,nan,nan,nan,nan,nan,nan,nan,nan,nan,nan,nan,nan,nan,nan,nan,nan,nan,nan,nan,nan,nan,nan,nan,nan,nan,nan,nan,nan,nan,nan,nan,nan,nan,nan,nan,nan,nan,nan,nan,nan,nan,nan,nan,nan,nan,nan,nan,nan,nan,nan,nan,nan,nan,nan,nan,nan
11.680,APPROACH,208.279991,121.894739,168.711839,7.651325,-15.840853,-5.406935,1.465682,-117.209013,-94.616739,10.665261,5.962307,4.814338,-0.268280,0.000000,0.000000,38.919564,3.888952,73.817791,18.390000,-9.973185,-0.731840,1.200000,0.000000,0.000000,-175.803116,-117.424369,-95.381267,10.675099,5.862996,5.442911,-0.264703,0.000000,0.000000,0.000000,121.097965,168.434530,7.724739,207.592340,-15.935492,-5.546178,1.468280,16.936819,nan,nan,nan,0,nan,nan,nan,0,nan,nan,nan,nan,nan,nan,nan,nan,nan,nan,nan,nan,nan,nan,nan,nan,nan,nan,nan,nan,nan,nan,nan,nan,nan,nan,nan,nan,nan,nan,nan,nan,nan,nan,nan,nan,nan,nan,nan,nan,nan,nan,nan,nan,nan,nan,nan,nan,nan,nan,nan,nan,nan,nan,nan,nan,nan,nan,nan,nan,nan,nan,nan,nan,nan,nan,nan,nan,nan,nan,nan,nan,nan,nan,nan,nan,nan,nan,nan,nan
11.740,APPROACH,206.907111,120.304234,168.156579,7.798011,-15.874620,-5.559019,1.465454,-116.913703,-94.378494,10.651989,5.906202,4.764890,-0.265454,0.000000,0.000000,38.895213,3.390531,73.778085,18.450000,-9.968418,-0.794130,1.200000,0.000000,0.000000,-175.445176,-117.071701,-95.055652,10.659216,5.892570,5.410880,-0.264703,0.000000,0.000000,0.000000,120.304234,168.156579,7.798011,206.907111,-15.874620,-5.559019,1.465454,16.883537,nan,nan,nan,0,nan,nan,nan,0,nan,nan,nan,nan,nan,nan,nan,nan,nan,nan,nan,nan,nan,nan,nan,nan,nan,nan,nan,nan,nan,nan,nan,nan,nan,nan,nan,nan,nan,nan,nan,nan,nan,nan,nan,nan,nan,nan,nan,nan,nan,nan,nan,nan,nan,nan,nan,nan,nan,nan,nan,nan,nan,nan,nan,nan,nan,nan,nan,nan,nan,nan,nan,nan,nan,nan,nan,nan,nan,nan,nan,nan,nan,nan,nan,nan,nan,nan,nan,nan
11.780,APPROACH,206.907111,120.304234,168.156579,7.798011,-15.874620,-5.559019,1.465454,-116.613407,-94.136692,10.638586,6.005905,4.836056,-0.268064,0.000000,0.000000,38.841600,2.892368,73.735265,18.510000,-9.963262,-0.856388,1.200000,0.000000,0.000000,-175.087239,-116.835605,-94.839645,10.648628,5.912188,5.389437,-0.264703,0.000000,0.000000,0.000000,119.505775,167.871957,7.871414,206.214896,-15.969168,-5.692444,1.468064,17.016858,nan,nan,nan,0,nan,nan,nan,0,nan,nan,nan,nan,nan,nan,nan,nan,nan,nan,nan,nan,nan,nan,nan,nan,nan,nan,nan,nan,nan,nan,nan,nan,nan,nan,nan,nan,nan,nan,nan,nan,nan,nan,nan,nan,nan,nan,nan,nan,nan,nan,nan,nan,nan,nan,nan,nan,nan,nan,nan,nan,nan,nan,nan,nan,nan,nan,nan,nan,nan,nan,nan,nan,nan,nan,nan,nan,nan,nan,nan,nan,nan,nan,nan,nan,nan,nan,nan,nan
11.840,APPROACH,205.525304,118.710422,167.586899,7.944677,-15.907064,-5.701168,1.465249,-116.315940,-93.897564,10.625323,5.949346,4.782555,-0.265249,0.000000,0.000000,38.795073,2.394482,73.689335,18.570000,-9.957718,-0.918613,1.200000,0.000000,0.000000,-174.729303,-116.479995,-94.517247,10.632746,5.941470,5.357139,-0.264703,0.000000,0.000000,0.000000,118.710422,167.586899,7.944677,205.525304,-15.907064,-5.701168,1.465249,16.961278,nan,nan,nan,0,nan,nan,nan,0,nan,nan,nan,nan,nan,nan,nan,nan,nan,nan,nan,nan,nan,nan,nan,nan,nan,nan,nan,nan,nan,nan,nan,nan,nan,nan,nan,nan,nan,nan,nan,nan,nan,nan,nan,nan,nan,nan,nan,nan,nan,nan,nan,nan,nan,nan,nan,nan,nan,nan,nan,nan,nan,nan,nan,nan,nan,nan,nan,nan,nan,nan,nan,nan,nan,nan,nan,nan,nan,nan,nan,nan,nan,nan,nan,nan,nan,nan,nan,nan
11.880,APPROACH,205.525304,118.710422,167.586899,7.944677,-15.907064,-5.701168,1.465249,-116.013456,-93.655138,10.611930,6.049685,4.848522,-0.267868,0.000000,0.000000,38.710443,1.896893,73.640295,18.630000,-9.951785,-0.980802,1.200000,0.000000,0.000000,-174.371370,-116.241947,-94.303394,10.622158,5.960893,5.335518,-0.264703,0.000000,0.000000,0.000000,117.910349,167.295432,8.018070,204.828957,-16.001470,-5.829324,1.467868,17.093352,nan,nan,nan,0,nan,nan,nan,0,nan,nan,nan,nan,nan,nan,nan,nan,nan,nan,nan,nan,nan,nan,nan,nan,nan,nan,nan,nan,nan,nan,nan,nan,nan,nan,nan,nan,nan,nan,nan,nan,nan,nan,nan,nan,nan,nan,nan,nan,nan,nan,nan,nan,nan,nan,nan,nan,nan,nan,nan,nan,nan,nan,nan,nan,nan,nan,nan,nan,nan,nan,nan,nan,nan,nan,nan,nan,nan,nan,nan,nan,nan,nan,nan,nan,nan,nan,nan,nan
11.940,APPROACH,204.135414,117.113444,167.003710,8.091323,-15.938099,-5.834456,1.465063,-115.713824,-93.415563,10.598677,5.992635,4.791504,-0.265063,0.000000,0.000000,38.644623,1.399619,73.588147,18.690000,-9.945464,-1.042952,1.200000,0.000000,0.000000,-174.013438,-115.883423,-93.984239,10.606276,5.989880,5.302955,-0.264703,0.000000,0.000000,0.000000,117.113444,167.003710,8.091323,204.135414,-15.938099,-5.834456,1.465063,17.035560,nan,nan,nan,0,nan,nan,nan,0,nan,nan,nan,nan,nan,nan,nan,nan,nan,nan,nan,nan,nan,nan,nan,nan,nan,nan,nan,nan,nan,nan,nan,nan,nan,nan,nan,nan,nan,nan,nan,nan,nan,nan,nan,nan,nan,nan,nan,nan,nan,nan,nan,nan,nan,nan,nan,nan,nan,nan,nan,nan,nan,nan,nan,nan,nan,nan,nan,nan,nan,nan,nan,nan,nan,nan,nan,nan,nan,nan,nan,nan,nan,nan,nan,nan,nan,nan,nan,nan
11.980,APPROACH,204.135414,117.113444,167.003710,8.091323,-15.938099,-5.834456,1.465063,-115.416831,-93.178723,10.585557,5.939857,4.736795,-0.262398,0.000000,0.000000,38.570938,0.902682,73.532894,18.750000,-9.938754,-1.105061,1.200000,0.000000,0.000000,-173.655509,-115.643443,-93.772557,10.595688,6.009106,5.281159,-0.264703,0.000000,0.000000,0.000000,116.319513,166.711617,8.164443,203.444465,-15.878611,-5.841856,1.462398,16.982231,nan,nan,nan,0,nan,nan,nan,0,nan,nan,nan,nan,nan,nan,nan,nan,nan,nan,nan,nan,nan,nan,nan,nan,nan,nan,nan,nan,nan,nan,nan,nan,nan,nan,nan,nan,nan,nan,nan,nan,nan,nan,nan,nan,nan,nan,nan,nan,nan,nan,nan,nan,nan,nan,nan,nan,nan,nan,nan,nan,nan,nan,nan,nan,nan,nan,nan,nan,nan,nan,nan,nan,nan,nan,nan,nan,nan,nan,nan,nan,nan,nan,nan,nan,nan,nan,nan,nan
12.040,APPROACH,202.746797,115.520669,166.413277,8.237701,-15.976873,-5.966791,1.465160,-115.114571,-92.938740,10.572299,6.045216,4.799664,-0.265160,0.000000,0.000000,38.448198,0.406099,73.474538,18.810000,-9.931657,-1.167127,1.200000,0.000000,0.000000,-173.297582,-115.282035,-93.456671,10.579805,6.037796,5.248335,-0.264703,0.000000,0.000000,0.000000,115.520669,166.413277,8.237701,202.746797,-15.976873,-5.966791,1.465160,17.117528,nan,nan,nan,0,nan,nan,nan,0,nan,nan,nan,nan,nan,nan,nan,nan,nan,nan,nan,nan,nan,nan,nan,nan,nan,nan,nan,nan,nan,nan,nan,nan,nan,nan,nan,nan,nan,nan,nan,nan,nan,nan,nan,nan,nan,nan,nan,nan,nan,nan,nan,nan,nan,nan,nan,nan,nan,nan,nan,nan,nan,nan,nan,nan,nan,nan,nan,nan,nan,nan,nan,nan,nan,nan,nan,nan,nan,nan,nan,nan,nan,nan,nan,nan,nan,nan,nan,nan
12.080,APPROACH,202.746797,115.520669,166.413277,8.237701,-15.976873,-5.966791,1.465160,-114.807264,-92.695928,10.558909,6.146137,4.856240,-0.267784,0.000000,0.000000,38.313282,-0.090110,73.413080,18.870000,-9.924172,-1.229146,1.200000,0.000000,0.000000,-172.939656,-115.040142,-93.247177,10.569217,6.056823,5.226365,-0.264703,0.000000,0.000000,0.000000,114.717154,166.109008,8.311091,202.042823,-16.070310,-6.085387,1.467784,17.246483,nan,nan,nan,0,nan,nan,nan,0,nan,nan,nan,nan,nan,nan,nan,nan,nan,nan,nan,nan,nan,nan,nan,nan,nan,nan,nan,nan,nan,nan,nan,nan,nan,nan,nan,nan,nan,nan,nan,nan,nan,nan,nan,nan,nan,nan,nan,nan,nan,nan,nan,nan,nan,nan,nan,nan,nan,nan,nan,nan,nan,nan,nan,nan,nan,nan,nan,nan,nan,nan,nan,nan,nan,nan,nan,nan,nan,nan,nan,nan,nan,nan,nan,nan,nan,nan,nan,nan
12.140,APPROACH,201.342001,113.916964,165.804794,8.384340,-16.003799,-6.084282,1.464983,-114.502889,-92.456269,10.545660,6.087499,4.793164,-0.264983,0.000000,0.000000,38.216126,-0.585925,73.348524,18.930000,-9.916300,-1.291118,1.200000,0.000000,0.000000,-172.581732,-114.675880,-92.934587,10.553335,6.085214,5.193281,-0.264703,0.000000,0.000000,0.000000,113.916964,165.804794,8.384340,201.342001,-16.003799,-6.084282,1.464983,17.183895,nan,nan,nan,0,nan,nan,nan,0,nan,nan,nan,nan,nan,nan,nan,nan,nan,nan,nan,nan,nan,nan,nan,nan,nan,nan,nan,nan,nan,nan,nan,nan,nan,nan,nan,nan,nan,nan,nan,nan,nan,nan,nan,nan,nan,nan,nan,nan,nan,nan,nan,nan,nan,nan,nan,nan,nan,nan,nan,nan,nan,nan,nan,nan,nan,nan,nan,nan,nan,nan,nan,nan,nan,nan,nan,nan,nan,nan,nan,nan,nan,nan,nan,nan,nan,nan,nan,nan
12.180,APPROACH,201.342001,113.916964,165.804794,8.384340,-16.003799,-6.084282,1.464983,-114.200758,-92.220186,10.532544,6.042609,4.721665,-0.262322,0.000000,0.000000,38.003891,-1.081327,73.280872,18.990000,-9.908042,-1.353038,1.200000,0.000000,0.000000,-172.223810,-114.432095,-92.727298,10.542747,6.104041,5.171139,-0.264703,0.000000,0.000000,0.000000,113.119431,165.501059,8.457456,200.644299,-15.950651,-6.074703,1.462322,17.130781,nan,nan,nan,0,nan,nan,nan,0,nan,nan,nan,nan,nan,nan,nan,nan,nan,nan,nan,nan,nan,nan,nan,nan,nan,nan,nan,nan,nan,nan,nan,nan,nan,nan,nan,nan,nan,nan,nan,nan,nan,nan,nan,nan,nan,nan,nan,nan,nan,nan,nan,nan,nan,nan,nan,nan,nan,nan,nan,nan,nan,nan,nan,nan,nan,nan,nan,nan,nan,nan,nan,nan,nan,nan,nan,nan,nan,nan,nan,nan,nan,nan,nan,nan,nan,nan,nan,nan
12.240,APPROACH,199.940084,112.317530,165.190909,8.530710,-16.038024,-6.202983,1.465088,-113.893827,-91.980782,10.519290,6.138628,4.788077,-0.265088,0.000000,0.000000,37.953928,-1.576297,73.210127,19.050000,-9.899396,-1.414906,1.200000,0.000000,0.000000,-171.865889,-114.065009,-92.418029,10.526865,6.132130,5.137799,-0.264703,0.000000,0.000000,0.000000,112.317530,165.190909,8.530710,199.940084,-16.038024,-6.202983,1.465088,17.258090,nan,nan,nan,0,nan,nan,nan,0,nan,nan,nan,nan,nan,nan,nan,nan,nan,nan,nan,nan,nan,nan,nan,nan,nan,nan,nan,nan,nan,nan,nan,nan,nan,nan,nan,nan,nan,nan,nan,nan,nan,nan,nan,nan,nan,nan,nan,nan,nan,nan,nan,nan,nan,nan,nan,nan,nan,nan,nan,nan,nan,nan,nan,nan,nan,nan,nan,nan,nan,nan,nan,nan,nan,nan,nan,nan,nan,nan,nan,nan,nan,nan,nan,nan,nan,nan,nan,nan
12.280,APPROACH,199.940084,112.317530,165.190909,8.530710,-16.038024,-6.202983,1.465088,-113.589661,-91.744526,10.506169,6.083317,4.725129,-0.262422,0.000000,0.000000,37.837757,-2.070815,73.136291,19.110000,-9.890364,-1.476718,1.200000,0.000000,0.000000,-171.507970,-113.819351,-92.212963,10.516277,6.150755,5.115487,-0.264703,0.000000,0.000000,0.000000,111.518846,164.880817,8.603831,199.238959,-15.973682,-6.201847,1.462422,17.197677,nan,nan,nan,0,nan,nan,nan,0,nan,nan,nan,nan,nan,nan,nan,nan,nan,nan,nan,nan,nan,nan,nan,nan,nan,nan,nan,nan,nan,nan,nan,nan,nan,nan,nan,nan,nan,nan,nan,nan,nan,nan,nan,nan,nan,nan,nan,nan,nan,nan,nan,nan,nan,nan,nan,nan,nan,nan,nan,nan,nan,nan,nan,nan,nan,nan,nan,nan,nan,nan,nan,nan,nan,nan,nan,nan,nan,nan,nan,nan,nan,nan,nan,nan,nan,nan,nan,nan
12.340,APPROACH,198.531727,110.715331,164.565094,8.677091,-16.070299,-6.314462,1.465183,-113.280193,-91.505726,10.492909,6.189353,4.775990,-0.265183,0.000000,0.000000,37.655433,-2.564862,73.059368,19.170000,-9.880946,-1.538473,1.200000,0.000000,0.000000,-171.150053,-113.449471,-91.907041,10.500394,6.178541,5.081893,-0.264703,0.000000,0.000000,0.000000,110.715331,164.565094,8.677091,198.531727,-16.070299,-6.314462,1.465183,17.328408,nan,nan,nan,0,nan,nan,nan,0,nan,nan,nan,nan,nan,nan,nan,nan,nan,nan,nan,nan,nan,nan,nan,nan,nan,nan,nan,nan,nan,nan,nan,nan,nan,nan,nan,nan,nan,nan,nan,nan,nan,nan,nan,nan,nan,nan,nan,nan,nan,nan,nan,nan,nan,nan,nan,nan,nan,nan,nan,nan,nan,nan,nan,nan,nan,nan,nan,nan,nan,nan,nan,nan,nan,nan,nan,nan,nan,nan,nan,nan,nan,nan,nan,nan,nan,nan,nan,nan
12.380,APPROACH,198.531727,110.715331,164.565094,8.677091,-16.070299,-6.314462,1.465183,-112.973542,-91.270181,10.479784,6.133024,4.710915,-0.262512,0.000000,0.000000,37.528683,-3.058419,72.979359,19.230000,-9.871143,-1.600166,1.200000,0.000000,0.000000,-170.792137,-113.201961,-91.704215,10.489806,6.196962,5.059413,-0.264703,0.000000,0.000000,0.000000,109.915123,164.249540,8.750216,197.827733,-16.004167,-6.311081,1.462512,17.265632,nan,nan,nan,0,nan,nan,nan,0,nan,nan,nan,nan,nan,nan,nan,nan,nan,nan,nan,nan,nan,nan,nan,nan,nan,nan,nan,nan,nan,nan,nan,nan,nan,nan,nan,nan,nan,nan,nan,nan,nan,nan,nan,nan,nan,nan,nan,nan,nan,nan,nan,nan,nan,nan,nan,nan,nan,nan,nan,nan,nan,nan,nan,nan,nan,nan,nan,nan,nan,nan,nan,nan,nan,nan,nan,nan,nan,nan,nan,nan,nan,nan,nan,nan,nan,nan,nan,nan
12.441,APPROACH,197.117823,109.110120,163.928533,8.823480,-16.100049,-6.420134,1.465269,-112.661587,-91.032264,10.466520,6.239094,4.758337,-0.265269,0.000000,0.000000,37.331485,-3.551467,72.896269,19.290000,-9.860955,-1.661798,1.200000,0.000000,0.000000,-170.434223,-112.829318,-91.401664,10.473924,6.224441,5.025568,-0.264703,0.000000,0.000000,0.000000,109.110120,163.928533,8.823480,197.117823,-16.100049,-6.420134,1.465269,17.394732,nan,nan,nan,0,nan,nan,nan,0,nan,nan,nan,nan,nan,nan,nan,nan,nan,nan,nan,nan,nan,nan,nan,nan,nan,nan,nan,nan,nan,nan,nan,nan,nan,nan,nan,nan,nan,nan,nan,nan,nan,nan,nan,nan,nan,nan,nan,nan,nan,nan,nan,nan,nan,nan,nan,nan,nan,nan,nan,nan,nan,nan,nan,nan,nan,nan,nan,nan,nan,nan,nan,nan,nan,nan,nan,nan,nan,nan,nan,nan,nan,nan,nan,nan,nan,nan,nan,nan
12.480,APPROACH,197.117823,109.110120,163.928533,8.823480,-16.100049,-6.420134,1.465269,-112.352044,-90.798258,10.453391,6.190877,4.680119,-0.262593,0.000000,0.000000,37.088194,-4.043986,72.810101,19.350000,-9.850382,-1.723364,1.200000,0.000000,0.000000,-170.076310,-112.579976,-91.201094,10.463336,6.242658,5.002922,-0.264703,0.000000,0.000000,0.000000,108.308057,163.608359,8.896609,196.411507,-16.041259,-6.403483,1.462593,17.333948,nan,nan,nan,0,nan,nan,nan,0,nan,nan,nan,nan,nan,nan,nan,nan,nan,nan,nan,nan,nan,nan,nan,nan,nan,nan,nan,nan,nan,nan,nan,nan,nan,nan,nan,nan,nan,nan,nan,nan,nan,nan,nan,nan,nan,nan,nan,nan,nan,nan,nan,nan,nan,nan,nan,nan,nan,nan,nan,nan,nan,nan,nan,nan,nan,nan,nan,nan,nan,nan,nan,nan,nan,nan,nan,nan,nan,nan,nan,nan,nan,nan,nan,nan,nan,nan,nan,nan
12.540,APPROACH,195.699224,107.501718,163.282296,8.969877,-16.126781,-6.521263,1.465346,-112.037676,-90.561438,10.440123,6.287357,4.736401,-0.265346,0.000000,0.000000,36.991499,-4.535957,72.720858,19.410000,-9.839424,-1.784863,1.200000,0.000000,0.000000,-169.718399,-112.204600,-90.901941,10.447454,6.269828,4.968828,-0.264703,0.000000,0.000000,0.000000,107.501718,163.282296,8.969877,195.699224,-16.126781,-6.521263,1.465346,17.457009,nan,nan,nan,0,nan,nan,nan,0,nan,nan,nan,nan,nan,nan,nan,nan,nan,nan,nan,nan,nan,nan,nan,nan,nan,nan,nan,nan,nan,nan,nan,nan,nan,nan,nan,nan,nan,nan,nan,nan,nan,nan,nan,nan,nan,nan,nan,nan,nan,nan,nan,nan,nan,nan,nan,nan,nan,nan,nan,nan,nan,nan,nan,nan,nan,nan,nan,nan,nan,nan,nan,nan,nan,nan,nan,nan,nan,nan,nan,nan,nan,nan,nan,nan,nan,nan,nan,nan
12.580,APPROACH,195.699224,107.501718,163.282296,8.969877,-16.126781,-6.521263,1.465346,-111.726220,-90.328041,10.426990,6.229119,4.667942,-0.262667,0.000000,0.000000,36.846952,-5.027361,72.628544,19.470000,-9.828083,-1.846291,1.200000,0.000000,0.000000,-169.360489,-111.953447,-90.703644,10.436866,6.287838,4.946017,-0.264703,0.000000,0.000000,0.000000,106.698858,162.956584,9.043010,194.990438,-16.057201,-6.514234,1.462667,17.389892,nan,nan,nan,0,nan,nan,nan,0,nan,nan,nan,nan,nan,nan,nan,nan,nan,nan,nan,nan,nan,nan,nan,nan,nan,nan,nan,nan,nan,nan,nan,nan,nan,nan,nan,nan,nan,nan,nan,nan,nan,nan,nan,nan,nan,nan,nan,nan,nan,nan,nan,nan,nan,nan,nan,nan,nan,nan,nan,nan,nan,nan,nan,nan,nan,nan,nan,nan,nan,nan,nan,nan,nan,nan,nan,nan,nan,nan,nan,nan,nan,nan,nan,nan,nan,nan,nan,nan
12.640,APPROACH,194.276090,105.891273,162.625738,9.116281,-16.151698,-6.616925,1.465416,-111.409453,-90.092577,10.413719,6.335340,4.709277,-0.265416,0.000000,0.000000,36.624697,-5.518179,72.533161,19.530000,-9.816358,-1.907648,1.200000,0.000000,0.000000,-169.002580,-111.575369,-90.407912,10.420984,6.314698,4.911679,-0.264703,0.000000,0.000000,0.000000,105.891273,162.625738,9.116281,194.276090,-16.151698,-6.616925,1.465416,17.515950,nan,nan,nan,0,nan,nan,nan,0,nan,nan,nan,nan,nan,nan,nan,nan,nan,nan,nan,nan,nan,nan,nan,nan,nan,nan,nan,nan,nan,nan,nan,nan,nan,nan,nan,nan,nan,nan,nan,nan,nan,nan,nan,nan,nan,nan,nan,nan,nan,nan,nan,nan,nan,nan,nan,nan,nan,nan,nan,nan,nan,nan,nan,nan,nan,nan,nan,nan,nan,nan,nan,nan,nan,nan,nan,nan,nan,nan,nan,nan,nan,nan,nan,nan,nan,nan,nan,nan
12.680,APPROACH,194.276090,105.891273,162.625738,9.116281,-16.151698,-6.616925,1.465416,-111.095644,-89.860600,10.400583,6.276169,4.639540,-0.262733,0.000000,0.000000,36.472967,-6.008392,72.434715,19.590000,-9.804250,-1.968930,1.200000,0.000000,0.000000,-168.644672,-111.322425,-90.211904,10.410395,6.332500,4.888705,-0.264703,0.000000,0.000000,0.000000,105.087253,162.295314,9.189417,193.565351,-16.080419,-6.608470,1.462733,17.446815,nan,nan,nan,0,nan,nan,nan,0,nan,nan,nan,nan,nan,nan,nan,nan,nan,nan,nan,nan,nan,nan,nan,nan,nan,nan,nan,nan,nan,nan,nan,nan,nan,nan,nan,nan,nan,nan,nan,nan,nan,nan,nan,nan,nan,nan,nan,nan,nan,nan,nan,nan,nan,nan,nan,nan,nan,nan,nan,nan,nan,nan,nan,nan,nan,nan,nan,nan,nan,nan,nan,nan,nan,nan,nan,nan,nan,nan,nan,nan,nan,nan,nan,nan,nan,nan,nan,nan
12.740,APPROACH,192.849216,104.278541,161.959897,9.262691,-16.174227,-6.708341,1.465479,-110.776521,-89.626690,10.387309,6.382468,4.678207,-0.265479,0.000000,0.000000,36.240587,-6.497980,72.333208,19.650000,-9.791759,-2.030135,1.200000,0.000000,0.000000,-168.286766,-110.941678,-89.919619,10.394513,6.359047,4.854124,-0.264703,0.000000,0.000000,0.000000,104.278541,161.959897,9.262691,192.849216,-16.174227,-6.708341,1.465479,17.571428,nan,nan,nan,0,nan,nan,nan,0,nan,nan,nan,nan,nan,nan,nan,nan,nan,nan,nan,nan,nan,nan,nan,nan,nan,nan,nan,nan,nan,nan,nan,nan,nan,nan,nan,nan,nan,nan,nan,nan,nan,nan,nan,nan,nan,nan,nan,nan,nan,nan,nan,nan,nan,nan,nan,nan,nan,nan,nan,nan,nan,nan,nan,nan,nan,nan,nan,nan,nan,nan,nan,nan,nan,nan,nan,nan,nan,nan,nan,nan,nan,nan,nan,nan,nan,nan,nan,nan
12.780,APPROACH,192.849216,104.278541,161.959897,9.262691,-16.174227,-6.708341,1.465479,-110.452316,-89.391094,10.373904,6.484109,4.711918,-0.268087,0.000000,0.000000,36.005418,-6.986924,72.228645,19.710000,-9.778887,-2.091260,1.200000,0.000000,0.000000,-167.928861,-110.686964,-89.725916,10.383925,6.376640,4.830990,-0.264703,0.000000,0.000000,0.000000,103.465391,161.619739,9.336096,192.128056,-16.262996,-6.803178,1.468087,17.689645,nan,nan,nan,0,nan,nan,nan,0,nan,nan,nan,nan,nan,nan,nan,nan,nan,nan,nan,nan,nan,nan,nan,nan,nan,nan,nan,nan,nan,nan,nan,nan,nan,nan,nan,nan,nan,nan,nan,nan,nan,nan,nan,nan,nan,nan,nan,nan,nan,nan,nan,nan,nan,nan,nan,nan,nan,nan,nan,nan,nan,nan,nan,nan,nan,nan,nan,nan,nan,nan,nan,nan,nan,nan,nan,nan,nan,nan,nan,nan,nan,nan,nan,nan,nan,nan,nan,nan
12.840,APPROACH,191.410929,102.656156,161.280257,9.409359,-16.184703,-6.789639,1.465271,-110.131362,-89.159227,10.360641,6.419070,4.637335,-0.265271,0.000000,0.000000,35.845515,-7.475206,72.121030,19.770000,-9.765633,-2.152304,1.200000,0.000000,0.000000,-167.570957,-110.303578,-89.437101,10.368043,6.402872,4.796169,-0.264703,0.000000,0.000000,0.000000,102.656156,161.280257,9.409359,191.410929,-16.184703,-6.789639,1.465271,17.612235,nan,nan,nan,0,nan,nan,nan,0,nan,nan,nan,nan,nan,nan,nan,nan,nan,nan,nan,nan,nan,nan,nan,nan,nan,nan,nan,nan,nan,nan,nan,nan,nan,nan,nan,nan,nan,nan,nan,nan,nan,nan,nan,nan,nan,nan,nan,nan,nan,nan,nan,nan,nan,nan,nan,nan,nan,nan,nan,nan,nan,nan,nan,nan,nan,nan,nan,nan,nan,nan,nan,nan,nan,nan,nan,nan,nan,nan,nan,nan,nan,nan,nan,nan,nan,nan,nan,nan
12.880,APPROACH,191.410929,102.656156,161.280257,9.409359,-16.184703,-6.789639,1.465271,-109.813428,-88.930924,10.347511,6.358688,4.566050,-0.262595,0.000000,0.000000,35.681391,-7.962806,72.010367,19.830000,-9.751998,-2.213263,1.200000,0.000000,0.000000,-167.213054,-110.047115,-89.245720,10.357455,6.420254,4.772876,-0.264703,0.000000,0.000000,0.000000,101.850622,160.941291,9.482489,190.697577,-16.110686,-6.779313,1.462595,17.540025,nan,nan,nan,0,nan,nan,nan,0,nan,nan,nan,nan,nan,nan,nan,nan,nan,nan,nan,nan,nan,nan,nan,nan,nan,nan,nan,nan,nan,nan,nan,nan,nan,nan,nan,nan,nan,nan,nan,nan,nan,nan,nan,nan,nan,nan,nan,nan,nan,nan,nan,nan,nan,nan,nan,nan,nan,nan,nan,nan,nan,nan,nan,nan,nan,nan,nan,nan,nan,nan,nan,nan,nan,nan,nan,nan,nan,nan,nan,nan,nan,nan,nan,nan,nan,nan,nan,nan
12.940,APPROACH,189.979108,101.040437,160.597569,9.555756,-16.203697,-6.874439,1.465348,-109.490142,-88.700909,10.334244,6.465714,4.600303,-0.265348,0.000000,0.000000,35.431542,-8.449705,71.896660,19.890000,-9.737983,-2.274136,1.200000,0.000000,0.000000,-166.855153,-109.661121,-88.960398,10.341573,6.446168,4.737818,-0.264703,0.000000,0.000000,0.000000,101.040437,160.597569,9.555756,189.979108,-16.203697,-6.874439,1.465348,17.662529,nan,nan,nan,0,nan,nan,nan,0,nan,nan,nan,nan,nan,nan,nan,nan,nan,nan,nan,nan,nan,nan,nan,nan,nan,nan,nan,nan,nan,nan,nan,nan,nan,nan,nan,nan,nan,nan,nan,nan,nan,nan,nan,nan,nan,nan,nan,nan,nan,nan,nan,nan,nan,nan,nan,nan,nan,nan,nan,nan,nan,nan,nan,nan,nan,nan,nan,nan,nan,nan,nan,nan,nan,nan,nan,nan,nan,nan,nan,nan,nan,nan,nan,nan,nan,nan,nan,nan
12.980,APPROACH,189.979108,101.040437,160.597569,9.555756,-16.203697,-6.874439,1.465348,-109.161742,-88.469418,10.320846,6.567991,4.629834,-0.267962,0.000000,0.000000,35.180343,-8.935884,71.779914,19.950000,-9.723587,-2.334920,1.200000,0.000000,0.000000,-166.497252,-109.402931,-88.771354,10.330984,6.463338,4.714368,-0.264703,0.000000,0.000000,0.000000,100.225858,160.249331,9.629154,189.255889,-16.291578,-6.964754,1.467962,17.778589,nan,nan,nan,0,nan,nan,nan,0,nan,nan,nan,nan,nan,nan,nan,nan,nan,nan,nan,nan,nan,nan,nan,nan,nan,nan,nan,nan,nan,nan,nan,nan,nan,nan,nan,nan,nan,nan,nan,nan,nan,nan,nan,nan,nan,nan,nan,nan,nan,nan,nan,nan,nan,nan,nan,nan,nan,nan,nan,nan,nan,nan,nan,nan,nan,nan,nan,nan,nan,nan,nan,nan,nan,nan,nan,nan,nan,nan,nan,nan,nan,nan,nan,nan,nan,nan,nan,nan
13.040,APPROACH,188.536849,99.415335,159.901838,9.702412,-16.210459,-6.949870,1.465152,-108.836660,-88.241705,10.307588,6.501647,4.554257,-0.265152,0.000000,0.000000,35.010379,-9.421325,71.660133,20.010000,-9.708812,-2.395613,1.200000,0.000000,0.000000,-166.139352,-109.014362,-88.489550,10.315102,6.488932,4.679077,-0.264703,0.000000,0.000000,0.000000,99.415335,159.901838,9.702412,188.536849,-16.210459,-6.949870,1.465152,17.698202,nan,nan,nan,0,nan,nan,nan,0,nan,nan,nan,nan,nan,nan,nan,nan,nan,nan,nan,nan,nan,nan,nan,nan,nan,nan,nan,nan,nan,nan,nan,nan,nan,nan,nan,nan,nan,nan,nan,nan,nan,nan,nan,nan,nan,nan,nan,nan,nan,nan,nan,nan,nan,nan,nan,nan,nan,nan,nan,nan,nan,nan,nan,nan,nan,nan,nan,nan,nan,nan,nan,nan,nan,nan,nan,nan,nan,nan,nan,nan,nan,nan,nan,nan,nan,nan,nan,nan
13.080,APPROACH,188.536849,99.415335,159.901838,9.702412,-16.210459,-6.949870,1.465152,-108.514236,-88.018194,10.294464,6.448483,4.470213,-0.262483,0.000000,0.000000,34.730450,-9.906008,71.537323,20.070000,-9.693659,-2.456212,1.200000,0.000000,0.000000,-165.781454,-108.754465,-88.302859,10.304514,6.505888,4.655472,-0.264703,0.000000,0.000000,0.000000,98.608228,159.555517,9.775536,187.822008,-16.142142,-6.926425,1.462483,17.626201,nan,nan,nan,0,nan,nan,nan,0,nan,nan,nan,nan,nan,nan,nan,nan,nan,nan,nan,nan,nan,nan,nan,nan,nan,nan,nan,nan,nan,nan,nan,nan,nan,nan,nan,nan,nan,nan,nan,nan,nan,nan,nan,nan,nan,nan,nan,nan,nan,nan,nan,nan,nan,nan,nan,nan,nan,nan,nan,nan,nan,nan,nan,nan,nan,nan,nan,nan,nan,nan,nan,nan,nan,nan,nan,nan,nan,nan,nan,nan,nan,nan,nan,nan,nan,nan,nan,nan
13.140,APPROACH,187.102022,97.796963,159.204026,9.848798,-16.225299,-7.029817,1.465241,-108.186877,-87.792539,10.281202,6.547172,4.513102,-0.265241,0.000000,0.000000,34.579306,-10.389914,71.411487,20.130000,-9.678127,-2.516715,1.200000,0.000000,0.000000,-165.423556,-108.363353,-88.024596,10.288632,6.531162,4.619949,-0.264703,0.000000,0.000000,0.000000,97.796963,159.204026,9.848798,187.102022,-16.225299,-7.029817,1.465241,17.743325,nan,nan,nan,0,nan,nan,nan,0,nan,nan,nan,nan,nan,nan,nan,nan,nan,nan,nan,nan,nan,nan,nan,nan,nan,nan,nan,nan,nan,nan,nan,nan,nan,nan,nan,nan,nan,nan,nan,nan,nan,nan,nan,nan,nan,nan,nan,nan,nan,nan,nan,nan,nan,nan,nan,nan,nan,nan,nan,nan,nan,nan,nan,nan,nan,nan,nan,nan,nan,nan,nan,nan,nan,nan,nan,nan,nan,nan,nan,nan,nan,nan,nan,nan,nan,nan,nan,nan
13.180,APPROACH,187.102022,97.796963,159.204026,9.848798,-16.225299,-7.029817,1.465241,-107.854376,-87.565593,10.267809,6.650030,4.538910,-0.267861,0.000000,0.000000,34.315093,-10.873025,71.282631,20.190000,-9.662218,-2.577119,1.200000,0.000000,0.000000,-165.065659,-108.101771,-87.840273,10.278044,6.547903,4.596191,-0.264703,0.000000,0.000000,0.000000,96.981351,158.848224,9.922191,186.377549,-16.312248,-7.116030,1.467861,17.857266,nan,nan,nan,0,nan,nan,nan,0,nan,nan,nan,nan,nan,nan,nan,nan,nan,nan,nan,nan,nan,nan,nan,nan,nan,nan,nan,nan,nan,nan,nan,nan,nan,nan,nan,nan,nan,nan,nan,nan,nan,nan,nan,nan,nan,nan,nan,nan,nan,nan,nan,nan,nan,nan,nan,nan,nan,nan,nan,nan,nan,nan,nan,nan,nan,nan,nan,nan,nan,nan,nan,nan,nan,nan,nan,nan,nan,nan,nan,nan,nan,nan,nan,nan,nan,nan,nan,nan
13.240,APPROACH,185.657383,96.169935,158.493213,9.995444,-16.228314,-7.100226,1.465056,-107.525257,-87.342453,10.254556,6.582382,4.462803,-0.265056,0.000000,0.000000,34.136958,-11.355322,71.150760,20.250000,-9.645932,-2.637423,1.200000,0.000000,0.000000,-164.707764,-107.708147,-87.565573,10.262162,6.572852,4.560440,-0.264703,0.000000,0.000000,0.000000,96.169935,158.493213,9.995444,185.657383,-16.228314,-7.100226,1.465056,17.774076,nan,nan,nan,0,nan,nan,nan,0,nan,nan,nan,nan,nan,nan,nan,nan,nan,nan,nan,nan,nan,nan,nan,nan,nan,nan,nan,nan,nan,nan,nan,nan,nan,nan,nan,nan,nan,nan,nan,nan,nan,nan,nan,nan,nan,nan,nan,nan,nan,nan,nan,nan,nan,nan,nan,nan,nan,nan,nan,nan,nan,nan,nan,nan,nan,nan,nan,nan,nan,nan,nan,nan,nan,nan,nan,nan,nan,nan,nan,nan,nan,nan,nan,nan,nan,nan,nan,nan
13.280,APPROACH,185.657383,96.169935,158.493213,9.995444,-16.228314,-7.100226,1.465056,-107.199282,-87.122950,10.241436,6.519504,4.390057,-0.262392,0.000000,0.000000,33.955252,-11.836785,71.015878,20.310000,-9.629269,-2.697624,1.200000,0.000000,0.000000,-164.349869,-107.444903,-87.383634,10.251573,6.589377,4.536531,-0.264703,0.000000,0.000000,0.000000,95.362496,158.138829,10.068564,184.941263,-16.148773,-7.087681,1.462392,17.696234,nan,nan,nan,0,nan,nan,nan,0,nan,nan,nan,nan,nan,nan,nan,nan,nan,nan,nan,nan,nan,nan,nan,nan,nan,nan,nan,nan,nan,nan,nan,nan,nan,nan,nan,nan,nan,nan,nan,nan,nan,nan,nan,nan,nan,nan,nan,nan,nan,nan,nan,nan,nan,nan,nan,nan,nan,nan,nan,nan,nan,nan,nan,nan,nan,nan,nan,nan,nan,nan,nan,nan,nan,nan,nan,nan,nan,nan,nan,nan,nan,nan,nan,nan,nan,nan,nan,nan
13.340,APPROACH,184.220553,94.550497,157.780097,10.141821,-16.239985,-7.174641,1.465154,-106.867894,-86.902104,10.228179,6.627754,4.416921,-0.265154,0.000000,0.000000,33.680601,-12.317397,70.877992,20.370000,-9.612231,-2.757720,1.200000,0.000000,0.000000,-163.991975,-107.048800,-87.112520,10.235691,6.614000,4.500556,-0.264703,0.000000,0.000000,0.000000,94.550497,157.780097,10.141821,184.220553,-16.239985,-7.174641,1.465154,17.814580,nan,nan,nan,0,nan,nan,nan,0,nan,nan,nan,nan,nan,nan,nan,nan,nan,nan,nan,nan,nan,nan,nan,nan,nan,nan,nan,nan,nan,nan,nan,nan,nan,nan,nan,nan,nan,nan,nan,nan,nan,nan,nan,nan,nan,nan,nan,nan,nan,nan,nan,nan,nan,nan,nan,nan,nan,nan,nan,nan,nan,nan,nan,nan,nan,nan,nan,nan,nan,nan,nan,nan,nan,nan,nan,nan,nan,nan,nan,nan,nan,nan,nan,nan,nan,nan,nan,nan
13.380,APPROACH,184.220553,94.550497,157.780097,10.141821,-16.239985,-7.174641,1.465154,-106.531340,-86.680132,10.214790,6.731083,4.439448,-0.267779,0.000000,0.000000,33.406622,-12.797138,70.737107,20.430000,-9.594818,-2.817708,1.200000,0.000000,0.000000,-163.634081,-106.783914,-86.932979,10.225103,6.630307,4.476497,-0.264703,0.000000,0.000000,0.000000,93.734202,157.417239,10.215210,183.495608,-16.325901,-7.257156,1.467779,17.926397,nan,nan,nan,0,nan,nan,nan,0,nan,nan,nan,nan,nan,nan,nan,nan,nan,nan,nan,nan,nan,nan,nan,nan,nan,nan,nan,nan,nan,nan,nan,nan,nan,nan,nan,nan,nan,nan,nan,nan,nan,nan,nan,nan,nan,nan,nan,nan,nan,nan,nan,nan,nan,nan,nan,nan,nan,nan,nan,nan,nan,nan,nan,nan,nan,nan,nan,nan,nan,nan,nan,nan,nan,nan,nan,nan,nan,nan,nan,nan,nan,nan,nan,nan,nan,nan,nan,nan
13.440,APPROACH,182.775084,92.922247,157.055197,10.288459,-16.239112,-7.240842,1.464978,-106.198236,-86.461969,10.201541,6.662082,4.363257,-0.264978,0.000000,0.000000,33.222352,-13.275989,70.593228,20.490000,-9.577030,-2.877585,1.200000,0.000000,0.000000,-163.276189,-106.385366,-86.665474,10.209221,6.654603,4.440299,-0.264703,0.000000,0.000000,0.000000,92.922247,157.055197,10.288459,182.775084,-16.239112,-7.240842,1.464978,17.840535,nan,nan,nan,0,nan,nan,nan,0,nan,nan,nan,nan,nan,nan,nan,nan,nan,nan,nan,nan,nan,nan,nan,nan,nan,nan,nan,nan,nan,nan,nan,nan,nan,nan,nan,nan,nan,nan,nan,nan,nan,nan,nan,nan,nan,nan,nan,nan,nan,nan,nan,nan,nan,nan,nan,nan,nan,nan,nan,nan,nan,nan,nan,nan,nan,nan,nan,nan,nan,nan,nan,nan,nan,nan,nan,nan,nan,nan,nan,nan,nan,nan,nan,nan,nan,nan,nan,nan
13.480,APPROACH,182.775084,92.922247,157.055197,10.288459,-16.239112,-7.240842,1.464978,-105.859939,-86.242747,10.188160,6.765942,4.384441,-0.267611,0.000000,0.000000,32.943900,-13.753932,70.446360,20.550000,-9.558869,-2.937351,1.200000,0.000000,0.000000,-162.918297,-106.118859,-86.488346,10.198633,6.670691,4.416094,-0.264703,0.000000,0.000000,0.000000,92.106006,156.689107,10.361840,182.050434,-16.324811,-7.321792,1.467611,17.951656,nan,nan,nan,0,nan,nan,nan,0,nan,nan,nan,nan,nan,nan,nan,nan,nan,nan,nan,nan,nan,nan,nan,nan,nan,nan,nan,nan,nan,nan,nan,nan,nan,nan,nan,nan,nan,nan,nan,nan,nan,nan,nan,nan,nan,nan,nan,nan,nan,nan,nan,nan,nan,nan,nan,nan,nan,nan,nan,nan,nan,nan,nan,nan,nan,nan,nan,nan,nan,nan,nan,nan,nan,nan,nan,nan,nan,nan,nan,nan,nan,nan,nan,nan,nan,nan,nan,nan
13.540,APPROACH,181.330238,91.294161,156.323832,10.435081,-16.236897,-7.305503,1.464819,-105.525110,-86.027322,10.174919,6.696562,4.308502,-0.264819,0.000000,0.000000,32.756827,-14.230949,70.296510,20.610000,-9.540335,-2.997001,1.200000,0.000000,0.000000,-162.560407,-105.717898,-86.224473,10.182751,6.694657,4.379677,-0.264703,0.000000,0.000000,0.000000,91.294161,156.323832,10.435081,181.330238,-16.236897,-7.305503,1.464819,17.864851,nan,nan,nan,0,nan,nan,nan,0,nan,nan,nan,nan,nan,nan,nan,nan,nan,nan,nan,nan,nan,nan,nan,nan,nan,nan,nan,nan,nan,nan,nan,nan,nan,nan,nan,nan,nan,nan,nan,nan,nan,nan,nan,nan,nan,nan,nan,nan,nan,nan,nan,nan,nan,nan,nan,nan,nan,nan,nan,nan,nan,nan,nan,nan,nan,nan,nan,nan,nan,nan,nan,nan,nan,nan,nan,nan,nan,nan,nan,nan,nan,nan,nan,nan,nan,nan,nan,nan
13.580,APPROACH,181.330238,91.294161,156.323832,10.435081,-16.236897,-7.305503,1.464819,-105.193509,-85.815527,10.161811,6.632023,4.235895,-0.262166,0.000000,0.000000,32.566501,-14.707021,70.143683,20.670000,-9.521428,-3.056535,1.200000,0.000000,0.000000,-162.202516,-105.449794,-86.049772,10.172163,6.710524,4.355327,-0.264703,0.000000,0.000000,0.000000,90.486489,155.959211,10.508189,180.614235,-16.153452,-7.292429,1.462166,17.783460,nan,nan,nan,0,nan,nan,nan,0,nan,nan,nan,nan,nan,nan,nan,nan,nan,nan,nan,nan,nan,nan,nan,nan,nan,nan,nan,nan,nan,nan,nan,nan,nan,nan,nan,nan,nan,nan,nan,nan,nan,nan,nan,nan,nan,nan,nan,nan,nan,nan,nan,nan,nan,nan,nan,nan,nan,nan,nan,nan,nan,nan,nan,nan,nan,nan,nan,nan,nan,nan,nan,nan,nan,nan,nan,nan,nan,nan,nan,nan,nan,nan,nan,nan,nan,nan,nan,nan
13.640,APPROACH,179.894006,89.674319,155.590498,10.581436,-16.243395,-7.374244,1.464940,-104.856447,-85.602612,10.148564,6.741245,4.258295,-0.264940,0.000000,0.000000,32.279694,-15.182128,69.987886,20.730000,-9.502150,-3.115949,1.200000,0.000000,0.000000,-161.844627,-105.046453,-85.789551,10.156280,6.734158,4.318693,-0.264703,0.000000,0.000000,0.000000,89.674319,155.590498,10.581436,179.894006,-16.243395,-7.374244,1.464940,17.898978,nan,nan,nan,0,nan,nan,nan,0,nan,nan,nan,nan,nan,nan,nan,nan,nan,nan,nan,nan,nan,nan,nan,nan,nan,nan,nan,nan,nan,nan,nan,nan,nan,nan,nan,nan,nan,nan,nan,nan,nan,nan,nan,nan,nan,nan,nan,nan,nan,nan,nan,nan,nan,nan,nan,nan,nan,nan,nan,nan,nan,nan,nan,nan,nan,nan,nan,nan,nan,nan,nan,nan,nan,nan,nan,nan,nan,nan,nan,nan,nan,nan,nan,nan,nan,nan,nan,nan
13.680,APPROACH,179.894006,89.674319,155.590498,10.581436,-16.243395,-7.374244,1.464940,-104.514176,-85.388783,10.135185,6.845412,4.276583,-0.267575,0.000000,0.000000,31.994552,-15.656253,69.829124,20.790000,-9.482502,-3.175241,1.200000,0.000000,0.000000,-161.486738,-104.776773,-85.617293,10.145692,6.749803,4.294200,-0.264703,0.000000,0.000000,0.000000,88.857923,155.217907,10.654815,179.169903,-16.327914,-7.451825,1.467575,18.007894,nan,nan,nan,0,nan,nan,nan,0,nan,nan,nan,nan,nan,nan,nan,nan,nan,nan,nan,nan,nan,nan,nan,nan,nan,nan,nan,nan,nan,nan,nan,nan,nan,nan,nan,nan,nan,nan,nan,nan,nan,nan,nan,nan,nan,nan,nan,nan,nan,nan,nan,nan,nan,nan,nan,nan,nan,nan,nan,nan,nan,nan,nan,nan,nan,nan,nan,nan,nan,nan,nan,nan,nan,nan,nan,nan,nan,nan,nan,nan,nan,nan,nan,nan,nan,nan,nan,nan
13.740,APPROACH,178.450351,88.046069,154.846138,10.728054,-16.237091,-7.435381,1.464784,-104.175446,-85.178735,10.121946,6.774608,4.200971,-0.264784,0.000000,0.000000,31.803274,-16.129377,69.667403,20.850000,-9.462483,-3.234410,1.200000,0.000000,0.000000,-161.128850,-104.371085,-85.360746,10.129810,6.773104,4.257354,-0.264703,0.000000,0.000000,0.000000,88.046069,154.846138,10.728054,178.450351,-16.237091,-7.435381,1.464784,17.918527,nan,nan,nan,0,nan,nan,nan,0,nan,nan,nan,nan,nan,nan,nan,nan,nan,nan,nan,nan,nan,nan,nan,nan,nan,nan,nan,nan,nan,nan,nan,nan,nan,nan,nan,nan,nan,nan,nan,nan,nan,nan,nan,nan,nan,nan,nan,nan,nan,nan,nan,nan,nan,nan,nan,nan,nan,nan,nan,nan,nan,nan,nan,nan,nan,nan,nan,nan,nan,nan,nan,nan,nan,nan,nan,nan,nan,nan,nan,nan,nan,nan,nan,nan,nan,nan,nan,nan
13.780,APPROACH,178.450351,88.046069,154.846138,10.728054,-16.237091,-7.435381,1.464784,-103.840011,-84.972302,10.108839,6.708707,4.128659,-0.262133,0.000000,0.000000,31.608888,-16.601482,69.502731,20.910000,-9.442096,-3.293452,1.200000,0.000000,0.000000,-160.770963,-104.099852,-85.190944,10.119222,6.788526,4.232719,-0.264703,0.000000,0.000000,0.000000,87.238528,154.475033,10.801161,177.735088,-16.150803,-7.422111,1.462133,17.834629,nan,nan,nan,0,nan,nan,nan,0,nan,nan,nan,nan,nan,nan,nan,nan,nan,nan,nan,nan,nan,nan,nan,nan,nan,nan,nan,nan,nan,nan,nan,nan,nan,nan,nan,nan,nan,nan,nan,nan,nan,nan,nan,nan,nan,nan,nan,nan,nan,nan,nan,nan,nan,nan,nan,nan,nan,nan,nan,nan,nan,nan,nan,nan,nan,nan,nan,nan,nan,nan,nan,nan,nan,nan,nan,nan,nan,nan,nan,nan,nan,nan,nan,nan,nan,nan,nan,nan
13.840,APPROACH,177.015852,86.426548,154.100003,10.874406,-16.239607,-7.500602,1.464909,-103.499097,-84.764890,10.095594,6.818267,4.148236,-0.264909,0.000000,0.000000,31.316345,-17.072549,69.335112,20.970000,-9.421340,-3.352366,1.200000,0.000000,0.000000,-160.413076,-103.691850,-84.938092,10.103340,6.811492,4.195662,-0.264703,0.000000,0.000000,0.000000,86.426548,154.100003,10.874406,177.015852,-16.239607,-7.500602,1.464909,17.947975,nan,nan,nan,0,nan,nan,nan,0,nan,nan,nan,nan,nan,nan,nan,nan,nan,nan,nan,nan,nan,nan,nan,nan,nan,nan,nan,nan,nan,nan,nan,nan,nan,nan,nan,nan,nan,nan,nan,nan,nan,nan,nan,nan,nan,nan,nan,nan,nan,nan,nan,nan,nan,nan,nan,nan,nan,nan,nan,nan,nan,nan,nan,nan,nan,nan,nan,nan,nan,nan,nan,nan,nan,nan,nan,nan,nan,nan,nan,nan,nan,nan,nan,nan,nan,nan,nan,nan
13.880,APPROACH,177.015852,86.426548,154.100003,10.874406,-16.239607,-7.500602,1.464909,-103.161529,-84.561091,10.082481,6.751365,4.075987,-0.262251,0.000000,0.000000,31.120552,-17.542560,69.164555,21.030000,-9.400216,-3.411148,1.200000,0.000000,0.000000,-160.055190,-103.419086,-84.770761,10.092752,6.826689,4.170889,-0.264703,0.000000,0.000000,0.000000,85.618969,153.725646,10.947519,176.300965,-16.151581,-7.487136,1.462251,17.862502,nan,nan,nan,0,nan,nan,nan,0,nan,nan,nan,nan,nan,nan,nan,nan,nan,nan,nan,nan,nan,nan,nan,nan,nan,nan,nan,nan,nan,nan,nan,nan,nan,nan,nan,nan,nan,nan,nan,nan,nan,nan,nan,nan,nan,nan,nan,nan,nan,nan,nan,nan,nan,nan,nan,nan,nan,nan,nan,nan,nan,nan,nan,nan,nan,nan,nan,nan,nan,nan,nan,nan,nan,nan,nan,nan,nan,nan,nan,nan,nan,nan,nan,nan,nan,nan,nan,nan
13.940,APPROACH,175.582245,84.806994,153.347453,11.020770,-16.239498,-7.563861,1.465021,-102.818490,-84.356388,10.069230,6.860772,4.094063,-0.265021,0.000000,0.000000,30.826007,-18.011496,68.991065,21.090000,-9.378726,-3.469798,1.200000,0.000000,0.000000,-159.697304,-103.008805,-84.521625,10.076869,6.849317,4.133625,-0.264703,0.000000,0.000000,0.000000,84.806994,153.347453,11.020770,175.582245,-16.239498,-7.563861,1.465021,17.974414,nan,nan,nan,0,nan,nan,nan,0,nan,nan,nan,nan,nan,nan,nan,nan,nan,nan,nan,nan,nan,nan,nan,nan,nan,nan,nan,nan,nan,nan,nan,nan,nan,nan,nan,nan,nan,nan,nan,nan,nan,nan,nan,nan,nan,nan,nan,nan,nan,nan,nan,nan,nan,nan,nan,nan,nan,nan,nan,nan,nan,nan,nan,nan,nan,nan,nan,nan,nan,nan,nan,nan,nan,nan,nan,nan,nan,nan,nan,nan,nan,nan,nan,nan,nan,nan,nan,nan
13.980,APPROACH,175.582245,84.806994,153.347453,11.020770,-16.239498,-7.563861,1.465021,-102.478471,-84.155913,10.056112,6.800385,4.009487,-0.262358,0.000000,0.000000,30.523480,-18.479340,68.814650,21.150000,-9.356870,-3.528312,1.200000,0.000000,0.000000,-159.339419,-102.734533,-84.356778,10.066281,6.864289,4.108715,-0.264703,0.000000,0.000000,0.000000,83.999131,152.970563,11.093888,174.868298,-16.157255,-7.537799,1.462358,17.888929,nan,nan,nan,0,nan,nan,nan,0,nan,nan,nan,nan,nan,nan,nan,nan,nan,nan,nan,nan,nan,nan,nan,nan,nan,nan,nan,nan,nan,nan,nan,nan,nan,nan,nan,nan,nan,nan,nan,nan,nan,nan,nan,nan,nan,nan,nan,nan,nan,nan,nan,nan,nan,nan,nan,nan,nan,nan,nan,nan,nan,nan,nan,nan,nan,nan,nan,nan,nan,nan,nan,nan,nan,nan,nan,nan,nan,nan,nan,nan,nan,nan,nan,nan,nan,nan,nan,nan
14.040,APPROACH,174.150271,83.187312,152.589262,11.167144,-16.236389,-7.626019,1.465122,-102.133384,-83.953947,10.042856,6.901740,4.039331,-0.265122,0.000000,0.000000,30.338849,-18.946072,68.635315,21.210000,-9.334649,-3.586688,1.200000,0.000000,0.000000,-158.981535,-102.322006,-84.111378,10.050399,6.886577,4.071247,-0.264703,0.000000,0.000000,0.000000,83.187312,152.589262,11.167144,174.150271,-16.236389,-7.626019,1.465122,17.997863,nan,nan,nan,0,nan,nan,nan,0,nan,nan,nan,nan,nan,nan,nan,nan,nan,nan,nan,nan,nan,nan,nan,nan,nan,nan,nan,nan,nan,nan,nan,nan,nan,nan,nan,nan,nan,nan,nan,nan,nan,nan,nan,nan,nan,nan,nan,nan,nan,nan,nan,nan,nan,nan,nan,nan,nan,nan,nan,nan,nan,nan,nan,nan,nan,nan,nan,nan,nan,nan,nan,nan,nan,nan,nan,nan,nan,nan,nan,nan,nan,nan,nan,nan,nan,nan,nan,nan
14.080,APPROACH,174.150271,83.187312,152.589262,11.167144,-16.236389,-7.626019,1.465122,-101.783090,-83.751341,10.029469,7.005887,4.052102,-0.267749,0.000000,0.000000,30.044460,-19.411675,68.453069,21.270000,-9.312064,-3.644924,1.200000,0.000000,0.000000,-158.623651,-102.046248,-83.949029,10.039811,6.901323,4.046201,-0.264703,0.000000,0.000000,0.000000,82.371414,152.204410,11.240531,173.428896,-16.317950,-7.697026,1.467749,18.101768,nan,nan,nan,0,nan,nan,nan,0,nan,nan,nan,nan,nan,nan,nan,nan,nan,nan,nan,nan,nan,nan,nan,nan,nan,nan,nan,nan,nan,nan,nan,nan,nan,nan,nan,nan,nan,nan,nan,nan,nan,nan,nan,nan,nan,nan,nan,nan,nan,nan,nan,nan,nan,nan,nan,nan,nan,nan,nan,nan,nan,nan,nan,nan,nan,nan,nan,nan,nan,nan,nan,nan,nan,nan,nan,nan,nan,nan,nan,nan,nan,nan,nan,nan,nan,nan,nan,nan
14.140,APPROACH,172.712260,81.560369,151.820385,11.313779,-16.220918,-7.680511,1.464949,-101.436500,-83.552467,10.016221,6.931803,3.977493,-0.264949,0.000000,0.000000,29.847353,-19.876131,68.267918,21.330000,-9.289115,-3.703018,1.200000,0.000000,0.000000,-158.265768,-101.631509,-83.707387,10.023929,6.923270,4.008533,-0.264703,0.000000,0.000000,0.000000,81.560369,151.820385,11.313779,172.712260,-16.220918,-7.680511,1.464949,18.007068,nan,nan,nan,0,nan,nan,nan,0,nan,nan,nan,nan,nan,nan,nan,nan,nan,nan,nan,nan,nan,nan,nan,nan,nan,nan,nan,nan,nan,nan,nan,nan,nan,nan,nan,nan,nan,nan,nan,nan,nan,nan,nan,nan,nan,nan,nan,nan,nan,nan,nan,nan,nan,nan,nan,nan,nan,nan,nan,nan,nan,nan,nan,nan,nan,nan,nan,nan,nan,nan,nan,nan,nan,nan,nan,nan,nan,nan,nan,nan,nan,nan,nan,nan,nan,nan,nan,nan
14.180,APPROACH,172.712260,81.560369,151.820385,11.313779,-16.220918,-7.680511,1.464949,-101.084678,-83.353004,10.002842,7.036442,3.989256,-0.267584,0.000000,0.000000,29.550734,-20.339421,68.079870,21.390000,-9.265804,-3.760968,1.200000,0.000000,0.000000,-157.907885,-101.354287,-83.547549,10.013341,6.937787,3.983355,-0.264703,0.000000,0.000000,0.000000,80.745256,151.432874,11.387158,171.992381,-16.302246,-7.750224,1.467584,18.110301,nan,nan,nan,0,nan,nan,nan,0,nan,nan,nan,nan,nan,nan,nan,nan,nan,nan,nan,nan,nan,nan,nan,nan,nan,nan,nan,nan,nan,nan,nan,nan,nan,nan,nan,nan,nan,nan,nan,nan,nan,nan,nan,nan,nan,nan,nan,nan,nan,nan,nan,nan,nan,nan,nan,nan,nan,nan,nan,nan,nan,nan,nan,nan,nan,nan,nan,nan,nan,nan,nan,nan,nan,nan,nan,nan,nan,nan,nan,nan,nan,nan,nan,nan,nan,nan,nan,nan
14.240,APPROACH,171.277257,79.935048,151.046172,11.460397,-16.204173,-7.734036,1.464793,-100.736576,-83.157241,9.989603,6.962041,3.915266,-0.264793,0.000000,0.000000,29.352235,-20.801528,67.888931,21.450000,-9.242132,-3.818770,1.200000,0.000000,0.000000,-157.550002,-100.937371,-83.309683,9.997458,6.959391,3.945488,-0.264703,0.000000,0.000000,0.000000,79.935048,151.046172,11.460397,171.277257,-16.204173,-7.734036,1.464793,18.014887,nan,nan,nan,0,nan,nan,nan,0,nan,nan,nan,nan,nan,nan,nan,nan,nan,nan,nan,nan,nan,nan,nan,nan,nan,nan,nan,nan,nan,nan,nan,nan,nan,nan,nan,nan,nan,nan,nan,nan,nan,nan,nan,nan,nan,nan,nan,nan,nan,nan,nan,nan,nan,nan,nan,nan,nan,nan,nan,nan,nan,nan,nan,nan,nan,nan,nan,nan,nan,nan,nan,nan,nan,nan,nan,nan,nan,nan,nan,nan,nan,nan,nan,nan,nan,nan,nan,nan
14.280,APPROACH,171.277257,79.935048,151.046172,11.460397,-16.204173,-7.734036,1.464793,-100.391940,-82.965018,9.976495,6.892703,3.844450,-0.262141,0.000000,0.000000,29.150875,-21.262433,67.695110,21.510000,-9.218099,-3.876424,1.200000,0.000000,0.000000,-157.192121,-100.658709,-83.152369,9.986870,6.973679,3.920179,-0.264703,0.000000,0.000000,0.000000,79.129508,150.660128,11.533505,170.566629,-16.110802,-7.720873,1.462141,17.925057,nan,nan,nan,0,nan,nan,nan,0,nan,nan,nan,nan,nan,nan,nan,nan,nan,nan,nan,nan,nan,nan,nan,nan,nan,nan,nan,nan,nan,nan,nan,nan,nan,nan,nan,nan,nan,nan,nan,nan,nan,nan,nan,nan,nan,nan,nan,nan,nan,nan,nan,nan,nan,nan,nan,nan,nan,nan,nan,nan,nan,nan,nan,nan,nan,nan,nan,nan,nan,nan,nan,nan,nan,nan,nan,nan,nan,nan,nan,nan,nan,nan,nan,nan,nan,nan,nan,nan
14.340,APPROACH,169.852667,78.319681,150.270554,11.606750,-16.196536,-7.791483,1.464916,-100.041799,-82.772140,9.963250,7.002830,3.857557,-0.264916,0.000000,0.000000,28.848473,-21.722118,67.498414,21.570000,-9.193706,-3.933926,1.200000,0.000000,0.000000,-156.834239,-100.239650,-82.918300,9.970988,6.994938,3.882118,-0.264703,0.000000,0.000000,0.000000,78.319681,150.270554,11.606750,169.852667,-16.196536,-7.791483,1.464916,18.032774,nan,nan,nan,0,nan,nan,nan,0,nan,nan,nan,nan,nan,nan,nan,nan,nan,nan,nan,nan,nan,nan,nan,nan,nan,nan,nan,nan,nan,nan,nan,nan,nan,nan,nan,nan,nan,nan,nan,nan,nan,nan,nan,nan,nan,nan,nan,nan,nan,nan,nan,nan,nan,nan,nan,nan,nan,nan,nan,nan,nan,nan,nan,nan,nan,nan,nan,nan,nan,nan,nan,nan,nan,nan,nan,nan,nan,nan,nan,nan,nan,nan,nan,nan,nan,nan,nan,nan
14.380,APPROACH,169.852667,78.319681,150.270554,11.606750,-16.196536,-7.791483,1.464916,-99.686415,-82.578789,9.949872,7.107669,3.867020,-0.267553,0.000000,0.000000,28.548978,-22.180566,67.298850,21.630000,-9.168955,-3.991274,1.200000,0.000000,0.000000,-156.476358,-99.959571,-82.763524,9.960400,7.008996,3.856680,-0.264703,0.000000,0.000000,0.000000,77.505850,149.877639,11.680128,169.135712,-16.276624,-7.858295,1.467553,18.133808,nan,nan,nan,0,nan,nan,nan,0,nan,nan,nan,nan,nan,nan,nan,nan,nan,nan,nan,nan,nan,nan,nan,nan,nan,nan,nan,nan,nan,nan,nan,nan,nan,nan,nan,nan,nan,nan,nan,nan,nan,nan,nan,nan,nan,nan,nan,nan,nan,nan,nan,nan,nan,nan,nan,nan,nan,nan,nan,nan,nan,nan,nan,nan,nan,nan,nan,nan,nan,nan,nan,nan,nan,nan,nan,nan,nan,nan,nan,nan,nan,nan,nan,nan,nan,nan,nan,nan
14.440,APPROACH,168.423573,76.697060,149.485515,11.753366,-16.175787,-7.842486,1.464763,-99.334818,-82.389088,9.936634,7.031941,3.794019,-0.264763,0.000000,0.000000,28.348672,-22.637758,67.096427,21.690000,-9.143846,-4.048467,1.200000,0.000000,0.000000,-156.118478,-99.538403,-82.533270,9.944518,7.029908,3.818428,-0.264703,0.000000,0.000000,0.000000,76.697060,149.485515,11.753366,168.423573,-16.175787,-7.842486,1.464763,18.036247,nan,nan,nan,0,nan,nan,nan,0,nan,nan,nan,nan,nan,nan,nan,nan,nan,nan,nan,nan,nan,nan,nan,nan,nan,nan,nan,nan,nan,nan,nan,nan,nan,nan,nan,nan,nan,nan,nan,nan,nan,nan,nan,nan,nan,nan,nan,nan,nan,nan,nan,nan,nan,nan,nan,nan,nan,nan,nan,nan,nan,nan,nan,nan,nan,nan,nan,nan,nan,nan,nan,nan,nan,nan,nan,nan,nan,nan,nan,nan,nan,nan,nan,nan,nan,nan,nan,nan
14.480,APPROACH,168.423573,76.697060,149.485515,11.753366,-16.175787,-7.842486,1.464763,-98.977958,-82.198963,9.923263,7.137201,3.802517,-0.267407,0.000000,0.000000,28.047541,-23.093677,66.891152,21.750000,-9.118380,-4.105502,1.200000,0.000000,0.000000,-155.760597,-99.256929,-82.381044,9.933930,7.043734,3.792863,-0.264703,0.000000,0.000000,0.000000,75.884281,149.090114,11.826737,167.708551,-16.255581,-7.908019,1.467407,18.136536,nan,nan,nan,0,nan,nan,nan,0,nan,nan,nan,nan,nan,nan,nan,nan,nan,nan,nan,nan,nan,nan,nan,nan,nan,nan,nan,nan,nan,nan,nan,nan,nan,nan,nan,nan,nan,nan,nan,nan,nan,nan,nan,nan,nan,nan,nan,nan,nan,nan,nan,nan,nan,nan,nan,nan,nan,nan,nan,nan,nan,nan,nan,nan,nan,nan,nan,nan,nan,nan,nan,nan,nan,nan,nan,nan,nan,nan,nan,nan,nan,nan,nan,nan,nan,nan,nan,nan
14.540,APPROACH,166.998359,75.076597,148.695486,11.899968,-16.153689,-7.892570,1.464625,-98.624902,-82.012453,9.910032,7.061131,3.730194,-0.264625,0.000000,0.000000,27.846215,-23.548305,66.683033,21.810000,-9.092559,-4.162377,1.200000,0.000000,0.000000,-155.402718,-98.833687,-82.154625,9.918047,7.064298,3.754422,-0.264703,0.000000,0.000000,0.000000,75.076597,148.695486,11.899968,166.998359,-16.153689,-7.892570,1.464625,18.038278,nan,nan,nan,0,nan,nan,nan,0,nan,nan,nan,nan,nan,nan,nan,nan,nan,nan,nan,nan,nan,nan,nan,nan,nan,nan,nan,nan,nan,nan,nan,nan,nan,nan,nan,nan,nan,nan,nan,nan,nan,nan,nan,nan,nan,nan,nan,nan,nan,nan,nan,nan,nan,nan,nan,nan,nan,nan,nan,nan,nan,nan,nan,nan,nan,nan,nan,nan,nan,nan,nan,nan,nan,nan,nan,nan,nan,nan,nan,nan,nan,nan,nan,nan,nan,nan,nan,nan
14.580,APPROACH,166.998359,75.076597,148.695486,11.899968,-16.153689,-7.892570,1.464625,-98.275392,-81.829406,9.896933,6.990189,3.660930,-0.261982,0.000000,0.000000,27.642132,-24.001624,66.472078,21.870000,-9.066382,-4.219089,1.200000,0.000000,0.000000,-155.044839,-98.550843,-82.004961,9.907459,7.077892,3.728733,-0.264703,0.000000,0.000000,0.000000,74.273768,148.301485,11.973067,166.292746,-16.056571,-7.880019,1.461982,17.945628,nan,nan,nan,0,nan,nan,nan,0,nan,nan,nan,nan,nan,nan,nan,nan,nan,nan,nan,nan,nan,nan,nan,nan,nan,nan,nan,nan,nan,nan,nan,nan,nan,nan,nan,nan,nan,nan,nan,nan,nan,nan,nan,nan,nan,nan,nan,nan,nan,nan,nan,nan,nan,nan,nan,nan,nan,nan,nan,nan,nan,nan,nan,nan,nan,nan,nan,nan,nan,nan,nan,nan,nan,nan,nan,nan,nan,nan,nan,nan,nan,nan,nan,nan,nan,nan,nan,nan
14.640,APPROACH,165.584169,73.466730,147.904168,12.046305,-16.140766,-7.946327,1.464765,-97.920347,-81.645872,9.883695,7.100913,3.670690,-0.264765,0.000000,0.000000,27.335897,-24.453617,66.258296,21.930000,-9.039853,-4.275636,1.200000,0.000000,0.000000,-154.686960,-98.125562,-81.782396,9.891577,7.098106,3.690107,-0.264703,0.000000,0.000000,0.000000,73.466730,147.904168,12.046305,165.584169,-16.140766,-7.946327,1.464765,18.050318,nan,nan,nan,0,nan,nan,nan,0,nan,nan,nan,nan,nan,nan,nan,nan,nan,nan,nan,nan,nan,nan,nan,nan,nan,nan,nan,nan,nan,nan,nan,nan,nan,nan,nan,nan,nan,nan,nan,nan,nan,nan,nan,nan,nan,nan,nan,nan,nan,nan,nan,nan,nan,nan,nan,nan,nan,nan,nan,nan,nan,nan,nan,nan,nan,nan,nan,nan,nan,nan,nan,nan,nan,nan,nan,nan,nan,nan,nan,nan,nan,nan,nan,nan,nan,nan,nan,nan
14.680,APPROACH,165.584169,73.466730,147.904168,12.046305,-16.140766,-7.946327,1.464765,-97.568898,-81.465783,9.870589,7.028973,3.601787,-0.262115,0.000000,0.000000,27.131511,-24.904265,66.041696,21.990000,-9.012970,-4.332017,1.200000,0.000000,0.000000,-154.329081,-97.841371,-81.635307,9.880989,7.111465,3.664296,-0.264703,0.000000,0.000000,0.000000,72.664633,147.507478,12.119411,164.880214,-16.041944,-7.933804,1.462115,17.956252,nan,nan,nan,0,nan,nan,nan,0,nan,nan,nan,nan,nan,nan,nan,nan,nan,nan,nan,nan,nan,nan,nan,nan,nan,nan,nan,nan,nan,nan,nan,nan,nan,nan,nan,nan,nan,nan,nan,nan,nan,nan,nan,nan,nan,nan,nan,nan,nan,nan,nan,nan,nan,nan,nan,nan,nan,nan,nan,nan,nan,nan,nan,nan,nan,nan,nan,nan,nan,nan,nan,nan,nan,nan,nan,nan,nan,nan,nan,nan,nan,nan,nan,nan,nan,nan,nan,nan
14.740,APPROACH,164.173442,71.858374,147.107553,12.192655,-16.125169,-7.998500,1.464891,-97.211926,-81.285269,9.857345,7.139432,3.610272,-0.264891,0.000000,0.000000,26.824833,-25.353552,65.822284,22.050000,-8.985736,-4.388228,1.200000,0.000000,0.000000,-153.971203,-97.414086,-81.416613,9.865107,7.131328,3.625488,-0.264703,0.000000,0.000000,0.000000,71.858374,147.107553,12.192655,164.173442,-16.125169,-7.998500,1.464891,18.059429,nan,nan,nan,0,nan,nan,nan,0,nan,nan,nan,nan,nan,nan,nan,nan,nan,nan,nan,nan,nan,nan,nan,nan,nan,nan,nan,nan,nan,nan,nan,nan,nan,nan,nan,nan,nan,nan,nan,nan,nan,nan,nan,nan,nan,nan,nan,nan,nan,nan,nan,nan,nan,nan,nan,nan,nan,nan,nan,nan,nan,nan,nan,nan,nan,nan,nan,nan,nan,nan,nan,nan,nan,nan,nan,nan,nan,nan,nan,nan,nan,nan,nan,nan,nan,nan,nan,nan
14.780,APPROACH,164.173442,71.858374,147.107553,12.192655,-16.125169,-7.998500,1.464891,-96.858272,-81.108829,9.844233,7.073092,3.528799,-0.262235,0.000000,0.000000,26.514826,-25.801460,65.600071,22.110000,-8.958151,-4.444269,1.200000,0.000000,0.000000,-153.613325,-97.128570,-81.272112,9.854519,7.144452,3.599556,-0.264703,0.000000,0.000000,0.000000,71.056812,146.708900,12.265767,163.471774,-16.031243,-7.973067,1.462235,17.964095,nan,nan,nan,0,nan,nan,nan,0,nan,nan,nan,nan,nan,nan,nan,nan,nan,nan,nan,nan,nan,nan,nan,nan,nan,nan,nan,nan,nan,nan,nan,nan,nan,nan,nan,nan,nan,nan,nan,nan,nan,nan,nan,nan,nan,nan,nan,nan,nan,nan,nan,nan,nan,nan,nan,nan,nan,nan,nan,nan,nan,nan,nan,nan,nan,nan,nan,nan,nan,nan,nan,nan,nan,nan,nan,nan,nan,nan,nan,nan,nan,nan,nan,nan,nan,nan,nan,nan
14.840,APPROACH,162.766968,70.251483,146.306403,12.339017,-16.106589,-8.049927,1.465005,-96.499453,-80.931339,9.830983,7.176371,3.549792,-0.265005,0.000000,0.000000,26.319301,-26.247971,65.375064,22.170000,-8.930217,-4.500135,1.200000,0.000000,0.000000,-153.255448,-96.699316,-81.057308,9.838637,7.163962,3.560569,-0.264703,0.000000,0.000000,0.000000,70.251483,146.306403,12.339017,162.766968,-16.106589,-8.049927,1.465005,18.065707,nan,nan,nan,0,nan,nan,nan,0,nan,nan,nan,nan,nan,nan,nan,nan,nan,nan,nan,nan,nan,nan,nan,nan,nan,nan,nan,nan,nan,nan,nan,nan,nan,nan,nan,nan,nan,nan,nan,nan,nan,nan,nan,nan,nan,nan,nan,nan,nan,nan,nan,nan,nan,nan,nan,nan,nan,nan,nan,nan,nan,nan,nan,nan,nan,nan,nan,nan,nan,nan,nan,nan,nan,nan,nan,nan,nan,nan,nan,nan,nan,nan,nan,nan,nan,nan,nan,nan
14.880,APPROACH,162.766968,70.251483,146.306403,12.339017,-16.106589,-8.049927,1.465005,-96.144002,-80.757907,9.817865,7.109027,3.468654,-0.262343,0.000000,0.000000,26.008792,-26.693067,65.147273,22.230000,-8.901935,-4.555827,1.200000,0.000000,0.000000,-152.897571,-96.412500,-80.915406,9.828048,7.176850,3.534519,-0.264703,0.000000,0.000000,0.000000,69.450935,145.905179,12.412135,162.067316,-16.010962,-8.024481,1.462343,17.968907,nan,nan,nan,0,nan,nan,nan,0,nan,nan,nan,nan,nan,nan,nan,nan,nan,nan,nan,nan,nan,nan,nan,nan,nan,nan,nan,nan,nan,nan,nan,nan,nan,nan,nan,nan,nan,nan,nan,nan,nan,nan,nan,nan,nan,nan,nan,nan,nan,nan,nan,nan,nan,nan,nan,nan,nan,nan,nan,nan,nan,nan,nan,nan,nan,nan,nan,nan,nan,nan,nan,nan,nan,nan,nan,nan,nan,nan,nan,nan,nan,nan,nan,nan,nan,nan,nan,nan
14.940,APPROACH,161.364661,68.646657,145.500190,12.485390,-16.085547,-8.099794,1.465108,-95.783390,-80.583484,9.804610,7.212242,3.488454,-0.265108,0.000000,0.000000,25.812364,-27.136733,64.916706,22.290000,-8.873305,-4.611340,1.200000,0.000000,0.000000,-152.539694,-95.981313,-80.704509,9.812166,7.196004,3.495357,-0.264703,0.000000,0.000000,0.000000,68.646657,145.500190,12.485390,161.364661,-16.085547,-8.099794,1.465108,18.069257,nan,nan,nan,0,nan,nan,nan,0,nan,nan,nan,nan,nan,nan,nan,nan,nan,nan,nan,nan,nan,nan,nan,nan,nan,nan,nan,nan,nan,nan,nan,nan,nan,nan,nan,nan,nan,nan,nan,nan,nan,nan,nan,nan,nan,nan,nan,nan,nan,nan,nan,nan,nan,nan,nan,nan,nan,nan,nan,nan,nan,nan,nan,nan,nan,nan,nan,nan,nan,nan,nan,nan,nan,nan,nan,nan,nan,nan,nan,nan,nan,nan,nan,nan,nan,nan,nan,nan
14.980,APPROACH,161.364661,68.646657,145.500190,12.485390,-16.085547,-8.099794,1.465108,-95.417547,-80.408929,9.791223,7.316860,3.491110,-0.267735,0.000000,0.000000,25.507317,-27.578949,64.683372,22.350000,-8.844329,-4.666673,1.200000,0.000000,0.000000,-152.181817,-95.693220,-80.565218,9.801578,7.208655,3.469191,-0.264703,0.000000,0.000000,0.000000,67.838598,145.092301,12.558777,160.659808,-16.161189,-8.157783,1.467735,18.162811,nan,nan,nan,0,nan,nan,nan,0,nan,nan,nan,nan,nan,nan,nan,nan,nan,nan,nan,nan,nan,nan,nan,nan,nan,nan,nan,nan,nan,nan,nan,nan,nan,nan,nan,nan,nan,nan,nan,nan,nan,nan,nan,nan,nan,nan,nan,nan,nan,nan,nan,nan,nan,nan,nan,nan,nan,nan,nan,nan,nan,nan,nan,nan,nan,nan,nan,nan,nan,nan,nan,nan,nan,nan,nan,nan,nan,nan,nan,nan,nan,nan,nan,nan,nan,nan,nan,nan
15.040,APPROACH,159.959950,67.036011,144.685143,12.632024,-16.051729,-8.143149,1.464936,-95.055711,-80.237862,9.777976,7.236721,3.421324,-0.264936,0.000000,0.000000,25.303505,-28.019699,64.447281,22.410000,-8.815008,-4.721825,1.200000,0.000000,0.000000,-151.823941,-95.260135,-80.358246,9.785696,7.227454,3.429856,-0.264703,0.000000,0.000000,0.000000,67.036011,144.685143,12.632024,159.959950,-16.051729,-8.143149,1.464936,18.058652,nan,nan,nan,0,nan,nan,nan,0,nan,nan,nan,nan,nan,nan,nan,nan,nan,nan,nan,nan,nan,nan,nan,nan,nan,nan,nan,nan,nan,nan,nan,nan,nan,nan,nan,nan,nan,nan,nan,nan,nan,nan,nan,nan,nan,nan,nan,nan,nan,nan,nan,nan,nan,nan,nan,nan,nan,nan,nan,nan,nan,nan,nan,nan,nan,nan,nan,nan,nan,nan,nan,nan,nan,nan,nan,nan,nan,nan,nan,nan,nan,nan,nan,nan,nan,nan,nan,nan
15.080,APPROACH,159.959950,67.036011,144.685143,12.632024,-16.051729,-8.143149,1.464936,-94.688622,-80.066706,9.764598,7.341773,3.423119,-0.267572,0.000000,0.000000,24.997394,-28.458967,64.208441,22.470000,-8.785343,-4.776792,1.200000,0.000000,0.000000,-151.466065,-94.970788,-80.221577,9.775108,7.239866,3.403577,-0.264703,0.000000,0.000000,0.000000,66.229655,144.275148,12.705402,159.258007,-16.127117,-8.199910,1.467572,18.151479,nan,nan,nan,0,nan,nan,nan,0,nan,nan,nan,nan,nan,nan,nan,nan,nan,nan,nan,nan,nan,nan,nan,nan,nan,nan,nan,nan,nan,nan,nan,nan,nan,nan,nan,nan,nan,nan,nan,nan,nan,nan,nan,nan,nan,nan,nan,nan,nan,nan,nan,nan,nan,nan,nan,nan,nan,nan,nan,nan,nan,nan,nan,nan,nan,nan,nan,nan,nan,nan,nan,nan,nan,nan,nan,nan,nan,nan,nan,nan,nan,nan,nan,nan,nan,nan,nan,nan
15.140,APPROACH,158.561061,65.428819,143.865862,12.778641,-16.016730,-8.185719,1.464781,-94.325552,-79.898999,9.751359,7.261394,3.354147,-0.264781,0.000000,0.000000,24.792924,-28.896733,63.966863,22.530000,-8.755336,-4.831572,1.200000,0.000000,0.000000,-151.108190,-94.535842,-80.018547,9.759226,7.258306,3.364073,-0.264703,0.000000,0.000000,0.000000,65.428819,143.865862,12.778641,158.561061,-16.016730,-8.185719,1.464781,18.046806,nan,nan,nan,0,nan,nan,nan,0,nan,nan,nan,nan,nan,nan,nan,nan,nan,nan,nan,nan,nan,nan,nan,nan,nan,nan,nan,nan,nan,nan,nan,nan,nan,nan,nan,nan,nan,nan,nan,nan,nan,nan,nan,nan,nan,nan,nan,nan,nan,nan,nan,nan,nan,nan,nan,nan,nan,nan,nan,nan,nan,nan,nan,nan,nan,nan,nan,nan,nan,nan,nan,nan,nan,nan,nan,nan,nan,nan,nan,nan,nan,nan,nan,nan,nan,nan,nan,nan
15.180,APPROACH,158.561061,65.428819,143.865862,12.778641,-16.016730,-8.185719,1.464781,-93.965932,-79.735259,9.738252,7.192405,3.274803,-0.262130,0.000000,0.000000,24.480440,-29.332983,63.722554,22.590000,-8.724987,-4.886165,1.200000,0.000000,0.000000,-150.750314,-94.245266,-79.884512,9.748637,7.270480,3.337682,-0.264703,0.000000,0.000000,0.000000,64.632949,143.457813,12.851748,157.869344,-15.917392,-8.160967,1.462130,17.947216,nan,nan,nan,0,nan,nan,nan,0,nan,nan,nan,nan,nan,nan,nan,nan,nan,nan,nan,nan,nan,nan,nan,nan,nan,nan,nan,nan,nan,nan,nan,nan,nan,nan,nan,nan,nan,nan,nan,nan,nan,nan,nan,nan,nan,nan,nan,nan,nan,nan,nan,nan,nan,nan,nan,nan,nan,nan,nan,nan,nan,nan,nan,nan,nan,nan,nan,nan,nan,nan,nan,nan,nan,nan,nan,nan,nan,nan,nan,nan,nan,nan,nan,nan,nan,nan,nan,nan
15.240,APPROACH,157.174979,63.833403,143.046199,12.924993,-15.990928,-8.232283,1.464906,-93.601101,-79.570673,9.725007,7.296630,3.291716,-0.264906,0.000000,0.000000,24.281483,-29.767698,63.475526,22.650000,-8.694297,-4.940566,1.200000,0.000000,0.000000,-150.392439,-93.808494,-79.685441,9.732755,7.288561,3.298012,-0.264703,0.000000,0.000000,0.000000,63.833403,143.046199,12.924993,157.174979,-15.990928,-8.232283,1.464906,18.045116,nan,nan,nan,0,nan,nan,nan,0,nan,nan,nan,nan,nan,nan,nan,nan,nan,nan,nan,nan,nan,nan,nan,nan,nan,nan,nan,nan,nan,nan,nan,nan,nan,nan,nan,nan,nan,nan,nan,nan,nan,nan,nan,nan,nan,nan,nan,nan,nan,nan,nan,nan,nan,nan,nan,nan,nan,nan,nan,nan,nan,nan,nan,nan,nan,nan,nan,nan,nan,nan,nan,nan,nan,nan,nan,nan,nan,nan,nan,nan,nan,nan,nan,nan,nan,nan,nan,nan
15.280,APPROACH,157.174979,63.833403,143.046199,12.924993,-15.990928,-8.232283,1.464906,-93.239770,-79.410034,9.711894,7.226620,3.212783,-0.262249,0.000000,0.000000,23.968792,-30.200861,63.225787,22.710000,-8.663269,-4.994775,1.200000,0.000000,0.000000,-150.034564,-93.516712,-79.554050,9.722167,7.300494,3.271511,-0.264703,0.000000,0.000000,0.000000,63.038909,142.635821,12.998106,156.485885,-15.889888,-8.207558,1.462249,17.944100,nan,nan,nan,0,nan,nan,nan,0,nan,nan,nan,nan,nan,nan,nan,nan,nan,nan,nan,nan,nan,nan,nan,nan,nan,nan,nan,nan,nan,nan,nan,nan,nan,nan,nan,nan,nan,nan,nan,nan,nan,nan,nan,nan,nan,nan,nan,nan,nan,nan,nan,nan,nan,nan,nan,nan,nan,nan,nan,nan,nan,nan,nan,nan,nan,nan,nan,nan,nan,nan,nan,nan,nan,nan,nan,nan,nan,nan,nan,nan,nan,nan,nan,nan,nan,nan,nan,nan
15.340,APPROACH,155.794285,62.240778,142.221955,13.071356,-15.962610,-8.277331,1.465019,-92.873234,-79.248607,9.698644,7.330708,3.228543,-0.265019,0.000000,0.000000,23.769341,-30.632456,62.973348,22.770000,-8.631902,-5.048788,1.200000,0.000000,0.000000,-149.676690,-93.078150,-79.358954,9.706285,7.318214,3.231679,-0.264703,0.000000,0.000000,0.000000,62.240778,142.221955,13.071356,155.794285,-15.962610,-8.277331,1.465019,18.040660,nan,nan,nan,0,nan,nan,nan,0,nan,nan,nan,nan,nan,nan,nan,nan,nan,nan,nan,nan,nan,nan,nan,nan,nan,nan,nan,nan,nan,nan,nan,nan,nan,nan,nan,nan,nan,nan,nan,nan,nan,nan,nan,nan,nan,nan,nan,nan,nan,nan,nan,nan,nan,nan,nan,nan,nan,nan,nan,nan,nan,nan,nan,nan,nan,nan,nan,nan,nan,nan,nan,nan,nan,nan,nan,nan,nan,nan,nan,nan,nan,nan,nan,nan,nan,nan,nan,nan
15.380,APPROACH,155.794285,62.240778,142.221955,13.071356,-15.962610,-8.277331,1.465019,-92.510540,-79.090439,9.685526,7.253880,3.163364,-0.262356,0.000000,0.000000,23.561662,-31.062466,62.718218,22.830000,-8.600199,-5.102605,1.200000,0.000000,0.000000,-149.318815,-92.785187,-79.230219,9.695697,7.329906,3.205071,-0.264703,0.000000,0.000000,0.000000,61.448074,141.808656,13.144474,155.107505,-15.854079,-8.265969,1.462356,17.939246,nan,nan,nan,0,nan,nan,nan,0,nan,nan,nan,nan,nan,nan,nan,nan,nan,nan,nan,nan,nan,nan,nan,nan,nan,nan,nan,nan,nan,nan,nan,nan,nan,nan,nan,nan,nan,nan,nan,nan,nan,nan,nan,nan,nan,nan,nan,nan,nan,nan,nan,nan,nan,nan,nan,nan,nan,nan,nan,nan,nan,nan,nan,nan,nan,nan,nan,nan,nan,nan,nan,nan,nan,nan,nan,nan,nan,nan,nan,nan,nan,nan,nan,nan,nan,nan,nan,nan
15.440,APPROACH,154.418879,60.651464,141.392651,13.217730,-15.932199,-8.320110,1.465120,-92.142338,-78.932244,9.672270,7.364039,3.163888,-0.265120,0.000000,0.000000,23.250307,-31.490874,62.460406,22.890000,-8.568160,-5.156223,1.200000,0.000000,0.000000,-148.960941,-92.344871,-79.039114,9.679815,7.347263,3.165079,-0.264703,0.000000,0.000000,0.000000,60.651464,141.392651,13.217730,154.418879,-15.932199,-8.320110,1.465120,18.033463,nan,nan,nan,0,nan,nan,nan,0,nan,nan,nan,nan,nan,nan,nan,nan,nan,nan,nan,nan,nan,nan,nan,nan,nan,nan,nan,nan,nan,nan,nan,nan,nan,nan,nan,nan,nan,nan,nan,nan,nan,nan,nan,nan,nan,nan,nan,nan,nan,nan,nan,nan,nan,nan,nan,nan,nan,nan,nan,nan,nan,nan,nan,nan,nan,nan,nan,nan,nan,nan,nan,nan,nan,nan,nan,nan,nan,nan,nan,nan,nan,nan,nan,nan,nan,nan,nan,nan
15.480,APPROACH,154.418879,60.651464,141.392651,13.217730,-15.932199,-8.320110,1.465120,-91.768907,-78.774174,9.658882,7.468617,3.161405,-0.267746,0.000000,0.000000,22.942545,-31.917663,62.199925,22.950000,-8.535787,-5.209639,1.200000,0.000000,0.000000,-148.603068,-92.050751,-78.913045,9.669226,7.358713,3.138366,-0.264703,0.000000,0.000000,0.000000,59.851244,140.974098,13.291118,153.728727,-16.004404,-8.371044,1.467746,18.120972,nan,nan,nan,0,nan,nan,nan,0,nan,nan,nan,nan,nan,nan,nan,nan,nan,nan,nan,nan,nan,nan,nan,nan,nan,nan,nan,nan,nan,nan,nan,nan,nan,nan,nan,nan,nan,nan,nan,nan,nan,nan,nan,nan,nan,nan,nan,nan,nan,nan,nan,nan,nan,nan,nan,nan,nan,nan,nan,nan,nan,nan,nan,nan,nan,nan,nan,nan,nan,nan,nan,nan,nan,nan,nan,nan,nan,nan,nan,nan,nan,nan,nan,nan,nan,nan,nan,nan
15.540,APPROACH,153.043661,59.056823,140.556208,13.364365,-15.888425,-8.357818,1.464947,-91.399640,-78.619426,9.645635,7.385344,3.094966,-0.264947,0.000000,0.000000,22.737025,-32.342817,61.936782,23.010000,-8.503081,-5.262853,1.200000,0.000000,0.000000,-148.245194,-91.608718,-78.725947,9.653344,7.375706,3.098218,-0.264703,0.000000,0.000000,0.000000,59.056823,140.556208,13.364365,153.043661,-15.888425,-8.357818,1.464947,18.012253,nan,nan,nan,0,nan,nan,nan,0,nan,nan,nan,nan,nan,nan,nan,nan,nan,nan,nan,nan,nan,nan,nan,nan,nan,nan,nan,nan,nan,nan,nan,nan,nan,nan,nan,nan,nan,nan,nan,nan,nan,nan,nan,nan,nan,nan,nan,nan,nan,nan,nan,nan,nan,nan,nan,nan,nan,nan,nan,nan,nan,nan,nan,nan,nan,nan,nan,nan,nan,nan,nan,nan,nan,nan,nan,nan,nan,nan,nan,nan,nan,nan,nan,nan,nan,nan,nan,nan
15.580,APPROACH,153.043661,59.056823,140.556208,13.364365,-15.888425,-8.357818,1.464947,-91.034265,-78.467866,9.632521,7.307513,3.031186,-0.262288,0.000000,0.000000,22.528873,-32.766320,61.670989,23.070000,-8.470043,-5.315860,1.200000,0.000000,0.000000,-147.887321,-91.313465,-78.602554,9.642756,7.386913,3.071402,-0.264703,0.000000,0.000000,0.000000,58.267945,140.138855,13.437479,152.363440,-15.777556,-8.347047,1.462288,17.909292,nan,nan,nan,0,nan,nan,nan,0,nan,nan,nan,nan,nan,nan,nan,nan,nan,nan,nan,nan,nan,nan,nan,nan,nan,nan,nan,nan,nan,nan,nan,nan,nan,nan,nan,nan,nan,nan,nan,nan,nan,nan,nan,nan,nan,nan,nan,nan,nan,nan,nan,nan,nan,nan,nan,nan,nan,nan,nan,nan,nan,nan,nan,nan,nan,nan,nan,nan,nan,nan,nan,nan,nan,nan,nan,nan,nan,nan,nan,nan,nan,nan,nan,nan,nan,nan,nan,nan
15.640,APPROACH,151.681647,57.475220,139.718937,13.510732,-15.854496,-8.398363,1.465056,-90.663373,-78.316381,9.619268,7.417821,3.029703,-0.265056,0.000000,0.000000,22.216856,-33.188153,61.402556,23.130000,-8.436675,-5.368661,1.200000,0.000000,0.000000,-147.529447,-90.869750,-78.419479,9.626874,7.403541,3.031102,-0.264703,0.000000,0.000000,0.000000,57.475220,139.718937,13.510732,151.681647,-15.854496,-8.398363,1.465056,18.001220,nan,nan,nan,0,nan,nan,nan,0,nan,nan,nan,nan,nan,nan,nan,nan,nan,nan,nan,nan,nan,nan,nan,nan,nan,nan,nan,nan,nan,nan,nan,nan,nan,nan,nan,nan,nan,nan,nan,nan,nan,nan,nan,nan,nan,nan,nan,nan,nan,nan,nan,nan,nan,nan,nan,nan,nan,nan,nan,nan,nan,nan,nan,nan,nan,nan,nan,nan,nan,nan,nan,nan,nan,nan,nan,nan,nan,nan,nan,nan,nan,nan,nan,nan,nan,nan,nan,nan
15.680,APPROACH,151.681647,57.475220,139.718937,13.510732,-15.854496,-8.398363,1.465056,-90.296143,-78.168729,9.606148,7.344603,2.953053,-0.262391,0.000000,0.000000,21.903638,-33.608302,61.131493,23.190000,-8.402977,-5.421252,1.200000,0.000000,0.000000,-147.171574,-90.573389,-78.298773,9.616286,7.414504,3.004185,-0.264703,0.000000,0.000000,0.000000,56.687841,139.300222,13.583852,151.005245,-15.747580,-8.374305,1.462391,17.895638,nan,nan,nan,0,nan,nan,nan,0,nan,nan,nan,nan,nan,nan,nan,nan,nan,nan,nan,nan,nan,nan,nan,nan,nan,nan,nan,nan,nan,nan,nan,nan,nan,nan,nan,nan,nan,nan,nan,nan,nan,nan,nan,nan,nan,nan,nan,nan,nan,nan,nan,nan,nan,nan,nan,nan,nan,nan,nan,nan,nan,nan,nan,nan,nan,nan,nan,nan,nan,nan,nan,nan,nan,nan,nan,nan,nan,nan,nan,nan,nan,nan,nan,nan,nan,nan,nan,nan
15.740,APPROACH,150.326874,55.896952,138.878304,13.657109,-15.817784,-8.438361,1.465154,-89.923702,-78.020492,9.592891,7.448832,2.964730,-0.265154,0.000000,0.000000,21.703183,-34.026750,60.857812,23.250000,-8.368952,-5.473631,1.200000,0.000000,0.000000,-146.813702,-90.128030,-78.119735,9.600404,7.430765,2.963736,-0.264703,0.000000,0.000000,0.000000,55.896952,138.878304,13.657109,150.326874,-15.817784,-8.438361,1.465154,17.987632,nan,nan,nan,0,nan,nan,nan,0,nan,nan,nan,nan,nan,nan,nan,nan,nan,nan,nan,nan,nan,nan,nan,nan,nan,nan,nan,nan,nan,nan,nan,nan,nan,nan,nan,nan,nan,nan,nan,nan,nan,nan,nan,nan,nan,nan,nan,nan,nan,nan,nan,nan,nan,nan,nan,nan,nan,nan,nan,nan,nan,nan,nan,nan,nan,nan,nan,nan,nan,nan,nan,nan,nan,nan,nan,nan,nan,nan,nan,nan,nan,nan,nan,nan,nan,nan,nan,nan
15.780,APPROACH,150.326874,55.896952,138.878304,13.657109,-15.817784,-8.438361,1.465154,-89.546041,-77.872530,9.579502,7.553224,2.959240,-0.267778,0.000000,0.000000,21.394504,-34.443480,60.581522,23.310000,-8.334601,-5.525797,1.200000,0.000000,0.000000,-146.455829,-89.830585,-78.001726,9.589816,7.441483,2.936721,-0.264703,0.000000,0.000000,0.000000,55.102561,138.454052,13.730498,149.647396,-15.887825,-8.485037,1.467778,18.071336,nan,nan,nan,0,nan,nan,nan,0,nan,nan,nan,nan,nan,nan,nan,nan,nan,nan,nan,nan,nan,nan,nan,nan,nan,nan,nan,nan,nan,nan,nan,nan,nan,nan,nan,nan,nan,nan,nan,nan,nan,nan,nan,nan,nan,nan,nan,nan,nan,nan,nan,nan,nan,nan,nan,nan,nan,nan,nan,nan,nan,nan,nan,nan,nan,nan,nan,nan,nan,nan,nan,nan,nan,nan,nan,nan,nan,nan,nan,nan,nan,nan,nan,nan,nan,nan,nan,nan
15.840,APPROACH,148.973043,54.314160,138.030417,13.803747,-15.768021,-8.472692,1.464977,-89.172636,-77.727783,9.566253,7.468097,2.894945,-0.264977,0.000000,0.000000,21.188404,-34.858476,60.302635,23.370000,-8.299924,-5.577747,1.200000,0.000000,0.000000,-146.097957,-89.383618,-77.826740,9.573933,7.457376,2.896125,-0.264703,0.000000,0.000000,0.000000,54.314160,138.030417,13.803747,148.973043,-15.768021,-8.472692,1.464977,17.960043,nan,nan,nan,0,nan,nan,nan,0,nan,nan,nan,nan,nan,nan,nan,nan,nan,nan,nan,nan,nan,nan,nan,nan,nan,nan,nan,nan,nan,nan,nan,nan,nan,nan,nan,nan,nan,nan,nan,nan,nan,nan,nan,nan,nan,nan,nan,nan,nan,nan,nan,nan,nan,nan,nan,nan,nan,nan,nan,nan,nan,nan,nan,nan,nan,nan,nan,nan,nan,nan,nan,nan,nan,nan,nan,nan,nan,nan,nan,nan,nan,nan,nan,nan,nan,nan,nan,nan
15.880,APPROACH,148.973043,54.314160,138.030417,13.803747,-15.768021,-8.472692,1.464977,-88.793992,-77.583351,9.552872,7.572876,2.888628,-0.267611,0.000000,0.000000,20.879054,-35.271722,60.021161,23.430000,-8.264923,-5.629480,1.200000,0.000000,0.000000,-145.740084,-89.085113,-77.711437,9.563345,7.467849,2.869013,-0.264703,0.000000,0.000000,0.000000,53.522270,137.604512,13.877128,148.297706,-15.837799,-8.518108,1.467611,18.042947,nan,nan,nan,0,nan,nan,nan,0,nan,nan,nan,nan,nan,nan,nan,nan,nan,nan,nan,nan,nan,nan,nan,nan,nan,nan,nan,nan,nan,nan,nan,nan,nan,nan,nan,nan,nan,nan,nan,nan,nan,nan,nan,nan,nan,nan,nan,nan,nan,nan,nan,nan,nan,nan,nan,nan,nan,nan,nan,nan,nan,nan,nan,nan,nan,nan,nan,nan,nan,nan,nan,nan,nan,nan,nan,nan,nan,nan,nan,nan,nan,nan,nan,nan,nan,nan,nan,nan
15.940,APPROACH,147.627487,52.736410,137.179201,13.950369,-15.717184,-8.506215,1.464818,-88.419613,-77.442090,9.539631,7.487583,2.825223,-0.264818,0.000000,0.000000,20.672545,-35.683202,59.737111,23.490000,-8.229600,-5.680993,1.200000,0.000000,0.000000,-145.382212,-88.636575,-77.540518,9.547463,7.483372,2.828275,-0.264703,0.000000,0.000000,0.000000,52.736410,137.179201,13.950369,147.627487,-15.717184,-8.506215,1.464818,17.931293,nan,nan,nan,0,nan,nan,nan,0,nan,nan,nan,nan,nan,nan,nan,nan,nan,nan,nan,nan,nan,nan,nan,nan,nan,nan,nan,nan,nan,nan,nan,nan,nan,nan,nan,nan,nan,nan,nan,nan,nan,nan,nan,nan,nan,nan,nan,nan,nan,nan,nan,nan,nan,nan,nan,nan,nan,nan,nan,nan,nan,nan,nan,nan,nan,nan,nan,nan,nan,nan,nan,nan,nan,nan,nan,nan,nan,nan,nan,nan,nan,nan,nan,nan,nan,nan,nan,nan
15.980,APPROACH,147.627487,52.736410,137.179201,13.950369,-15.717184,-8.506215,1.464818,-88.039978,-77.301187,9.526258,7.592691,2.818061,-0.267460,0.000000,0.000000,20.362633,-36.092900,59.450497,23.550000,-8.193956,-5.732284,1.200000,0.000000,0.000000,-145.024341,-88.337035,-77.427931,9.536875,7.493598,2.801070,-0.264703,0.000000,0.000000,0.000000,51.947078,136.751684,14.023742,146.956413,-15.786647,-8.550345,1.467460,18.013330,nan,nan,nan,0,nan,nan,nan,0,nan,nan,nan,nan,nan,nan,nan,nan,nan,nan,nan,nan,nan,nan,nan,nan,nan,nan,nan,nan,nan,nan,nan,nan,nan,nan,nan,nan,nan,nan,nan,nan,nan,nan,nan,nan,nan,nan,nan,nan,nan,nan,nan,nan,nan,nan,nan,nan,nan,nan,nan,nan,nan,nan,nan,nan,nan,nan,nan,nan,nan,nan,nan,nan,nan,nan,nan,nan,nan,nan,nan,nan,nan,nan,nan,nan,nan,nan,nan,nan
16.040,APPROACH,146.290450,51.163819,136.324740,14.096975,-15.665185,-8.538884,1.464675,-87.664619,-77.163411,9.513025,7.507192,2.755532,-0.264675,0.000000,0.000000,20.155780,-36.500800,59.161329,23.610000,-8.157993,-5.783352,1.200000,0.000000,0.000000,-144.666469,-87.886964,-77.261093,9.520993,7.508751,2.760192,-0.264703,0.000000,0.000000,0.000000,51.163819,136.324740,14.096975,146.290450,-15.665185,-8.538884,1.464675,17.901280,nan,nan,nan,0,nan,nan,nan,0,nan,nan,nan,nan,nan,nan,nan,nan,nan,nan,nan,nan,nan,nan,nan,nan,nan,nan,nan,nan,nan,nan,nan,nan,nan,nan,nan,nan,nan,nan,nan,nan,nan,nan,nan,nan,nan,nan,nan,nan,nan,nan,nan,nan,nan,nan,nan,nan,nan,nan,nan,nan,nan,nan,nan,nan,nan,nan,nan,nan,nan,nan,nan,nan,nan,nan,nan,nan,nan,nan,nan,nan,nan,nan,nan,nan,nan,nan,nan,nan
16.080,APPROACH,146.290450,51.163819,136.324740,14.096975,-15.665185,-8.538884,1.464675,-87.283990,-77.026035,9.499658,7.612575,2.747511,-0.267323,0.000000,0.000000,19.845396,-36.906885,58.869619,23.670000,-8.121711,-5.834194,1.200000,0.000000,0.000000,-144.308597,-87.586414,-77.151231,9.510405,7.518729,2.732895,-0.264703,0.000000,0.000000,0.000000,50.377105,135.895655,14.170342,145.623762,-15.734285,-8.581704,1.467323,17.982392,nan,nan,nan,0,nan,nan,nan,0,nan,nan,nan,nan,nan,nan,nan,nan,nan,nan,nan,nan,nan,nan,nan,nan,nan,nan,nan,nan,nan,nan,nan,nan,nan,nan,nan,nan,nan,nan,nan,nan,nan,nan,nan,nan,nan,nan,nan,nan,nan,nan,nan,nan,nan,nan,nan,nan,nan,nan,nan,nan,nan,nan,nan,nan,nan,nan,nan,nan,nan,nan,nan,nan,nan,nan,nan,nan,nan,nan,nan,nan,nan,nan,nan,nan,nan,nan,nan,nan
16.140,APPROACH,144.962181,49.596507,135.467122,14.243569,-15.611948,-8.570658,1.464545,-86.907648,-76.891743,9.486431,7.526836,2.685850,-0.264545,0.000000,0.000000,19.638257,-37.311141,58.575379,23.730000,-8.085112,-5.884808,1.200000,0.000000,0.000000,-143.950726,-87.134846,-76.988487,9.494522,7.533510,2.691881,-0.264703,0.000000,0.000000,0.000000,49.596507,135.467122,14.243569,144.962181,-15.611948,-8.570658,1.464545,17.869918,nan,nan,nan,0,nan,nan,nan,0,nan,nan,nan,nan,nan,nan,nan,nan,nan,nan,nan,nan,nan,nan,nan,nan,nan,nan,nan,nan,nan,nan,nan,nan,nan,nan,nan,nan,nan,nan,nan,nan,nan,nan,nan,nan,nan,nan,nan,nan,nan,nan,nan,nan,nan,nan,nan,nan,nan,nan,nan,nan,nan,nan,nan,nan,nan,nan,nan,nan,nan,nan,nan,nan,nan,nan,nan,nan,nan,nan,nan,nan,nan,nan,nan,nan,nan,nan,nan,nan
16.180,APPROACH,144.962181,49.596507,135.467122,14.243569,-15.611948,-8.570658,1.464545,-86.526026,-76.757895,9.473071,7.632445,2.676954,-0.267200,0.000000,0.000000,19.327479,-37.713551,58.278619,23.790000,-8.048198,-5.935193,1.200000,0.000000,0.000000,-143.592855,-86.833310,-76.881359,9.483934,7.543240,2.664495,-0.264703,0.000000,0.000000,0.000000,48.812475,135.036514,14.316929,144.300008,-15.680643,-8.612147,1.467200,17.950051,nan,nan,nan,0,nan,nan,nan,0,nan,nan,nan,nan,nan,nan,nan,nan,nan,nan,nan,nan,nan,nan,nan,nan,nan,nan,nan,nan,nan,nan,nan,nan,nan,nan,nan,nan,nan,nan,nan,nan,nan,nan,nan,nan,nan,nan,nan,nan,nan,nan,nan,nan,nan,nan,nan,nan,nan,nan,nan,nan,nan,nan,nan,nan,nan,nan,nan,nan,nan,nan,nan,nan,nan,nan,nan,nan,nan,nan,nan,nan,nan,nan,nan,nan,nan,nan,nan,nan
16.240,APPROACH,143.642936,48.034605,134.606439,14.390150,-15.557406,-8.601499,1.464428,-86.148704,-76.627087,9.459850,7.546436,2.616153,-0.264428,0.000000,0.000000,19.120101,-38.114099,57.979352,23.850000,-8.010970,-5.985346,1.200000,0.000000,0.000000,-143.234984,-86.380283,-76.722724,9.468052,7.557648,2.623349,-0.264703,0.000000,0.000000,0.000000,48.034605,134.606439,14.390150,143.642936,-15.557406,-8.601499,1.464428,17.837130,nan,nan,nan,0,nan,nan,nan,0,nan,nan,nan,nan,nan,nan,nan,nan,nan,nan,nan,nan,nan,nan,nan,nan,nan,nan,nan,nan,nan,nan,nan,nan,nan,nan,nan,nan,nan,nan,nan,nan,nan,nan,nan,nan,nan,nan,nan,nan,nan,nan,nan,nan,nan,nan,nan,nan,nan,nan,nan,nan,nan,nan,nan,nan,nan,nan,nan,nan,nan,nan,nan,nan,nan,nan,nan,nan,nan,nan,nan,nan,nan,nan,nan,nan,nan,nan,nan,nan
16.280,APPROACH,143.642936,48.034605,134.606439,14.390150,-15.557406,-8.601499,1.464428,-85.775407,-76.499205,9.446760,7.465947,2.557648,-0.261795,0.000000,0.000000,18.910184,-38.512771,57.677589,23.910000,-7.973429,-6.035265,1.200000,0.000000,0.000000,-142.877113,-86.077787,-76.618339,9.457464,7.567129,2.595875,-0.264703,0.000000,0.000000,0.000000,47.262636,134.176794,14.463240,142.990748,-15.439376,-8.592913,1.461795,17.729900,nan,nan,nan,0,nan,nan,nan,0,nan,nan,nan,nan,nan,nan,nan,nan,nan,nan,nan,nan,nan,nan,nan,nan,nan,nan,nan,nan,nan,nan,nan,nan,nan,nan,nan,nan,nan,nan,nan,nan,nan,nan,nan,nan,nan,nan,nan,nan,nan,nan,nan,nan,nan,nan,nan,nan,nan,nan,nan,nan,nan,nan,nan,nan,nan,nan,nan,nan,nan,nan,nan,nan,nan,nan,nan,nan,nan,nan,nan,nan,nan,nan,nan,nan,nan,nan,nan,nan
16.340,APPROACH,142.337965,46.487002,133.745079,14.536469,-15.512678,-8.634297,1.464587,-85.396552,-76.371737,9.433531,7.577101,2.549347,-0.264587,0.000000,0.000000,18.595727,-38.909550,57.373341,23.970000,-7.935577,-6.084950,1.200000,0.000000,0.000000,-142.519242,-85.623337,-76.463825,9.441582,7.581162,2.554600,-0.264703,0.000000,0.000000,0.000000,46.487002,133.745079,14.536469,142.337965,-15.512678,-8.634297,1.464587,17.814019,nan,nan,nan,0,nan,nan,nan,0,nan,nan,nan,nan,nan,nan,nan,nan,nan,nan,nan,nan,nan,nan,nan,nan,nan,nan,nan,nan,nan,nan,nan,nan,nan,nan,nan,nan,nan,nan,nan,nan,nan,nan,nan,nan,nan,nan,nan,nan,nan,nan,nan,nan,nan,nan,nan,nan,nan,nan,nan,nan,nan,nan,nan,nan,nan,nan,nan,nan,nan,nan,nan,nan,nan,nan,nan,nan,nan,nan,nan,nan,nan,nan,nan,nan,nan,nan,nan,nan
16.380,APPROACH,142.337965,46.487002,133.745079,14.536469,-15.512678,-8.634297,1.464587,-85.021539,-76.247853,9.420433,7.500254,2.477681,-0.261946,0.000000,0.000000,18.280780,-39.304420,57.066622,24.030000,-7.897416,-6.134396,1.200000,0.000000,0.000000,-142.161371,-85.319905,-76.362192,9.430994,7.590393,2.527041,-0.264703,0.000000,0.000000,0.000000,45.717119,133.314475,14.609567,141.690662,-15.397670,-8.612078,1.461946,17.702921,nan,nan,nan,0,nan,nan,nan,0,nan,nan,nan,nan,nan,nan,nan,nan,nan,nan,nan,nan,nan,nan,nan,nan,nan,nan,nan,nan,nan,nan,nan,nan,nan,nan,nan,nan,nan,nan,nan,nan,nan,nan,nan,nan,nan,nan,nan,nan,nan,nan,nan,nan,nan,nan,nan,nan,nan,nan,nan,nan,nan,nan,nan,nan,nan,nan,nan,nan,nan,nan,nan,nan,nan,nan,nan,nan,nan,nan,nan,nan,nan,nan,nan,nan,nan,nan,nan,nan
16.440,APPROACH,141.042321,44.943869,132.881151,14.682803,-15.464989,-8.666482,1.464731,-84.641237,-76.123709,9.407197,7.606042,2.482878,-0.264731,0.000000,0.000000,18.078493,-39.697368,56.757441,24.090000,-7.858947,-6.183604,1.200000,0.000000,0.000000,-141.803501,-84.864071,-76.211811,9.415111,7.604051,2.485640,-0.264703,0.000000,0.000000,0.000000,44.943869,132.881151,14.682803,141.042321,-15.464989,-8.666482,1.464731,17.788177,nan,nan,nan,0,nan,nan,nan,0,nan,nan,nan,nan,nan,nan,nan,nan,nan,nan,nan,nan,nan,nan,nan,nan,nan,nan,nan,nan,nan,nan,nan,nan,nan,nan,nan,nan,nan,nan,nan,nan,nan,nan,nan,nan,nan,nan,nan,nan,nan,nan,nan,nan,nan,nan,nan,nan,nan,nan,nan,nan,nan,nan,nan,nan,nan,nan,nan,nan,nan,nan,nan,nan,nan,nan,nan,nan,nan,nan,nan,nan,nan,nan,nan,nan,nan,nan,nan,nan
16.480,APPROACH,141.042321,44.943869,132.881151,14.682803,-15.464989,-8.666482,1.464731,-84.255695,-76.000163,9.393828,7.710841,2.470924,-0.267377,0.000000,0.000000,17.767954,-40.088376,56.445813,24.150000,-7.820171,-6.232570,1.200000,0.000000,0.000000,-141.445630,-84.559729,-76.112938,9.404523,7.613031,2.457998,-0.264703,0.000000,0.000000,0.000000,44.167319,132.445976,14.756172,140.393850,-15.531012,-8.703494,1.467377,17.863827,nan,nan,nan,0,nan,nan,nan,0,nan,nan,nan,nan,nan,nan,nan,nan,nan,nan,nan,nan,nan,nan,nan,nan,nan,nan,nan,nan,nan,nan,nan,nan,nan,nan,nan,nan,nan,nan,nan,nan,nan,nan,nan,nan,nan,nan,nan,nan,nan,nan,nan,nan,nan,nan,nan,nan,nan,nan,nan,nan,nan,nan,nan,nan,nan,nan,nan,nan,nan,nan,nan,nan,nan,nan,nan,nan,nan,nan,nan,nan,nan,nan,nan,nan,nan,nan,nan,nan
16.540,APPROACH,139.750507,43.397129,132.011296,14.829402,-15.403799,-8.693607,1.464596,-83.874559,-75.879548,9.380598,7.622709,2.412314,-0.264596,0.000000,0.000000,17.560712,-40.477431,56.131748,24.210000,-7.781090,-6.281293,1.200000,0.000000,0.000000,-141.087760,-84.102547,-75.966703,9.388641,7.626313,2.416475,-0.264703,0.000000,0.000000,0.000000,43.397129,132.011296,14.829402,139.750507,-15.403799,-8.693607,1.464596,17.748264,nan,nan,nan,0,nan,nan,nan,0,nan,nan,nan,nan,nan,nan,nan,nan,nan,nan,nan,nan,nan,nan,nan,nan,nan,nan,nan,nan,nan,nan,nan,nan,nan,nan,nan,nan,nan,nan,nan,nan,nan,nan,nan,nan,nan,nan,nan,nan,nan,nan,nan,nan,nan,nan,nan,nan,nan,nan,nan,nan,nan,nan,nan,nan,nan,nan,nan,nan,nan,nan,nan,nan,nan,nan,nan,nan,nan,nan,nan,nan,nan,nan,nan,nan,nan,nan,nan,nan
16.580,APPROACH,139.750507,43.397129,132.011296,14.829402,-15.403799,-8.693607,1.464596,-83.497332,-75.762448,9.367500,7.544540,2.341995,-0.261954,0.000000,0.000000,17.245517,-40.864516,55.815260,24.270000,-7.741705,-6.329771,1.200000,0.000000,0.000000,-140.729890,-83.797320,-75.870599,9.378053,7.635042,2.388753,-0.264703,0.000000,0.000000,0.000000,42.632816,131.577708,14.902500,139.112669,-15.286245,-8.671766,1.461954,17.635366,nan,nan,nan,0,nan,nan,nan,0,nan,nan,nan,nan,nan,nan,nan,nan,nan,nan,nan,nan,nan,nan,nan,nan,nan,nan,nan,nan,nan,nan,nan,nan,nan,nan,nan,nan,nan,nan,nan,nan,nan,nan,nan,nan,nan,nan,nan,nan,nan,nan,nan,nan,nan,nan,nan,nan,nan,nan,nan,nan,nan,nan,nan,nan,nan,nan,nan,nan,nan,nan,nan,nan,nan,nan,nan,nan,nan,nan,nan,nan,nan,nan,nan,nan,nan,nan,nan,nan
16.640,APPROACH,138.474087,41.865197,131.141547,14.975736,-15.352392,-8.723214,1.464739,-83.114814,-75.645187,9.354264,7.650374,2.345212,-0.264739,0.000000,0.000000,17.042852,-41.249617,55.496360,24.330000,-7.702019,-6.378002,1.200000,0.000000,0.000000,-140.372020,-83.338829,-75.728523,9.362171,7.647946,2.347110,-0.264703,0.000000,0.000000,0.000000,41.865197,131.141547,14.975736,138.474087,-15.352392,-8.723214,1.464739,17.718236,nan,nan,nan,0,nan,nan,nan,0,nan,nan,nan,nan,nan,nan,nan,nan,nan,nan,nan,nan,nan,nan,nan,nan,nan,nan,nan,nan,nan,nan,nan,nan,nan,nan,nan,nan,nan,nan,nan,nan,nan,nan,nan,nan,nan,nan,nan,nan,nan,nan,nan,nan,nan,nan,nan,nan,nan,nan,nan,nan,nan,nan,nan,nan,nan,nan,nan,nan,nan,nan,nan,nan,nan,nan,nan,nan,nan,nan,nan,nan,nan,nan,nan,nan,nan,nan,nan,nan
16.680,APPROACH,138.474087,41.865197,131.141547,14.975736,-15.352392,-8.723214,1.464739,-82.727068,-75.528622,9.340894,7.754909,2.331302,-0.267384,0.000000,0.000000,16.731974,-41.632719,55.175060,24.390000,-7.662032,-6.425984,1.200000,0.000000,0.000000,-140.014150,-83.032742,-75.635194,9.351583,7.656422,2.319310,-0.264703,0.000000,0.000000,0.000000,41.094350,130.703683,15.049106,137.835677,-15.416940,-8.757286,1.467384,17.791159,nan,nan,nan,0,nan,nan,nan,0,nan,nan,nan,nan,nan,nan,nan,nan,nan,nan,nan,nan,nan,nan,nan,nan,nan,nan,nan,nan,nan,nan,nan,nan,nan,nan,nan,nan,nan,nan,nan,nan,nan,nan,nan,nan,nan,nan,nan,nan,nan,nan,nan,nan,nan,nan,nan,nan,nan,nan,nan,nan,nan,nan,nan,nan,nan,nan,nan,nan,nan,nan,nan,nan,nan,nan,nan,nan,nan,nan,nan,nan,nan,nan,nan,nan,nan,nan,nan,nan
16.740,APPROACH,137.202394,40.329977,130.266284,15.122336,-15.287445,-8.747968,1.464603,-82.343783,-75.414910,9.327664,7.665699,2.274252,-0.264603,0.000000,0.000000,16.524518,-42.013806,54.851375,24.450000,-7.621746,-6.473716,1.200000,0.000000,0.000000,-139.656280,-82.572979,-75.497288,9.335700,7.668947,2.277552,-0.264703,0.000000,0.000000,0.000000,40.329977,130.266284,15.122336,137.202394,-15.287445,-8.747968,1.464603,17.674218,nan,nan,nan,0,nan,nan,nan,0,nan,nan,nan,nan,nan,nan,nan,nan,nan,nan,nan,nan,nan,nan,nan,nan,nan,nan,nan,nan,nan,nan,nan,nan,nan,nan,nan,nan,nan,nan,nan,nan,nan,nan,nan,nan,nan,nan,nan,nan,nan,nan,nan,nan,nan,nan,nan,nan,nan,nan,nan,nan,nan,nan,nan,nan,nan,nan,nan,nan,nan,nan,nan,nan,nan,nan,nan,nan,nan,nan,nan,nan,nan,nan,nan,nan,nan,nan,nan,nan
16.780,APPROACH,137.202394,40.329977,130.266284,15.122336,-15.287445,-8.747968,1.464603,-81.964471,-75.304644,9.314566,7.586240,2.205317,-0.261961,0.000000,0.000000,16.209124,-42.392864,54.525315,24.510000,-7.581162,-6.521194,1.200000,0.000000,0.000000,-139.298410,-82.266057,-75.406743,9.325112,7.677171,2.249676,-0.264703,0.000000,0.000000,0.000000,39.571607,129.829959,15.195434,136.574637,-15.167402,-8.726511,1.461961,17.559596,nan,nan,nan,0,nan,nan,nan,0,nan,nan,nan,nan,nan,nan,nan,nan,nan,nan,nan,nan,nan,nan,nan,nan,nan,nan,nan,nan,nan,nan,nan,nan,nan,nan,nan,nan,nan,nan,nan,nan,nan,nan,nan,nan,nan,nan,nan,nan,nan,nan,nan,nan,nan,nan,nan,nan,nan,nan,nan,nan,nan,nan,nan,nan,nan,nan,nan,nan,nan,nan,nan,nan,nan,nan,nan,nan,nan,nan,nan,nan,nan,nan,nan,nan,nan,nan,nan,nan
16.840,APPROACH,135.946433,38.809989,129.391209,15.268671,-15.232374,-8.774985,1.464745,-81.579867,-75.194315,9.301329,7.692090,2.206566,-0.264745,0.000000,0.000000,16.006158,-42.769878,54.196894,24.570000,-7.540283,-6.568419,1.200000,0.000000,0.000000,-138.940540,-81.805061,-75.273018,9.309230,7.689317,2.207807,-0.264703,0.000000,0.000000,0.000000,38.809989,129.391209,15.268671,135.946433,-15.232374,-8.774985,1.464745,17.640041,nan,nan,nan,0,nan,nan,nan,0,nan,nan,nan,nan,nan,nan,nan,nan,nan,nan,nan,nan,nan,nan,nan,nan,nan,nan,nan,nan,nan,nan,nan,nan,nan,nan,nan,nan,nan,nan,nan,nan,nan,nan,nan,nan,nan,nan,nan,nan,nan,nan,nan,nan,nan,nan,nan,nan,nan,nan,nan,nan,nan,nan,nan,nan,nan,nan,nan,nan,nan,nan,nan,nan,nan,nan,nan,nan,nan,nan,nan,nan,nan,nan,nan,nan,nan,nan,nan,nan
16.880,APPROACH,135.946433,38.809989,129.391209,15.268671,-15.232374,-8.774985,1.464745,-81.199284,-75.087404,9.288224,7.611645,2.138233,-0.262096,0.000000,0.000000,15.690905,-43.144834,53.866125,24.630000,-7.499110,-6.615387,1.200000,0.000000,0.000000,-138.582671,-81.497328,-75.185265,9.298642,7.697287,2.179857,-0.264703,0.000000,0.000000,0.000000,38.054451,128.953528,15.341776,135.323774,-15.110756,-8.753620,1.462096,17.524227,nan,nan,nan,0,nan,nan,nan,0,nan,nan,nan,nan,nan,nan,nan,nan,nan,nan,nan,nan,nan,nan,nan,nan,nan,nan,nan,nan,nan,nan,nan,nan,nan,nan,nan,nan,nan,nan,nan,nan,nan,nan,nan,nan,nan,nan,nan,nan,nan,nan,nan,nan,nan,nan,nan,nan,nan,nan,nan,nan,nan,nan,nan,nan,nan,nan,nan,nan,nan,nan,nan,nan,nan,nan,nan,nan,nan,nan,nan,nan,nan,nan,nan,nan,nan,nan,nan,nan
16.940,APPROACH,134.700829,37.295711,128.513503,15.415020,-15.174806,-8.800504,1.464873,-80.813426,-74.980483,9.274980,7.717161,2.138407,-0.264873,0.000000,0.000000,15.487926,-43.517716,53.533020,24.690000,-7.457644,-6.662097,1.200000,0.000000,0.000000,-138.224801,-81.035137,-75.055733,9.282760,7.709051,2.137879,-0.264703,0.000000,0.000000,0.000000,37.295711,128.513503,15.415020,134.700829,-15.174806,-8.800504,1.464873,17.603109,nan,nan,nan,0,nan,nan,nan,0,nan,nan,nan,nan,nan,nan,nan,nan,nan,nan,nan,nan,nan,nan,nan,nan,nan,nan,nan,nan,nan,nan,nan,nan,nan,nan,nan,nan,nan,nan,nan,nan,nan,nan,nan,nan,nan,nan,nan,nan,nan,nan,nan,nan,nan,nan,nan,nan,nan,nan,nan,nan,nan,nan,nan,nan,nan,nan,nan,nan,nan,nan,nan,nan,nan,nan,nan,nan,nan,nan,nan,nan,nan,nan,nan,nan,nan,nan,nan,nan
16.980,APPROACH,134.700829,37.295711,128.513503,15.415020,-15.174806,-8.800504,1.464873,-80.422380,-74.874408,9.261605,7.820934,2.121505,-0.267512,0.000000,0.000000,15.176828,-43.888510,53.197592,24.750000,-7.415888,-6.708547,1.200000,0.000000,0.000000,-137.866932,-80.726620,-74.970778,9.272172,7.716767,2.109858,-0.264703,0.000000,0.000000,0.000000,36.533869,128.072001,15.488395,134.078527,-15.236822,-8.830052,1.467512,17.671564,nan,nan,nan,0,nan,nan,nan,0,nan,nan,nan,nan,nan,nan,nan,nan,nan,nan,nan,nan,nan,nan,nan,nan,nan,nan,nan,nan,nan,nan,nan,nan,nan,nan,nan,nan,nan,nan,nan,nan,nan,nan,nan,nan,nan,nan,nan,nan,nan,nan,nan,nan,nan,nan,nan,nan,nan,nan,nan,nan,nan,nan,nan,nan,nan,nan,nan,nan,nan,nan,nan,nan,nan,nan,nan,nan,nan,nan,nan,nan,nan,nan,nan,nan,nan,nan,nan,nan
17.040,APPROACH,133.461349,35.778683,127.630925,15.561631,-15.103722,-8.821502,1.464724,-80.035886,-74.771070,9.248369,7.729881,2.066766,-0.264724,0.000000,0.000000,14.969225,-44.257202,52.859856,24.810000,-7.373842,-6.754736,1.200000,0.000000,0.000000,-137.509063,-80.263272,-74.845448,9.256290,7.728150,2.067775,-0.264703,0.000000,0.000000,0.000000,35.778683,127.630925,15.561631,133.461349,-15.103722,-8.821502,1.464724,17.552400,nan,nan,nan,0,nan,nan,nan,0,nan,nan,nan,nan,nan,nan,nan,nan,nan,nan,nan,nan,nan,nan,nan,nan,nan,nan,nan,nan,nan,nan,nan,nan,nan,nan,nan,nan,nan,nan,nan,nan,nan,nan,nan,nan,nan,nan,nan,nan,nan,nan,nan,nan,nan,nan,nan,nan,nan,nan,nan,nan,nan,nan,nan,nan,nan,nan,nan,nan,nan,nan,nan,nan,nan,nan,nan,nan,nan,nan,nan,nan,nan,nan,nan,nan,nan,nan,nan,nan
17.080,APPROACH,133.461349,35.778683,127.630925,15.561631,-15.103722,-8.821502,1.464724,-79.653472,-74.671075,9.235265,7.648269,1.999889,-0.262076,0.000000,0.000000,14.653751,-44.623778,52.519823,24.870000,-7.331508,-6.800661,1.200000,0.000000,0.000000,-137.151194,-79.953996,-74.763299,9.245701,7.735612,2.039685,-0.264703,0.000000,0.000000,0.000000,35.029694,127.190898,15.634735,132.849723,-14.979777,-8.800549,1.462076,17.435052,nan,nan,nan,0,nan,nan,nan,0,nan,nan,nan,nan,nan,nan,nan,nan,nan,nan,nan,nan,nan,nan,nan,nan,nan,nan,nan,nan,nan,nan,nan,nan,nan,nan,nan,nan,nan,nan,nan,nan,nan,nan,nan,nan,nan,nan,nan,nan,nan,nan,nan,nan,nan,nan,nan,nan,nan,nan,nan,nan,nan,nan,nan,nan,nan,nan,nan,nan,nan,nan,nan,nan,nan,nan,nan,nan,nan,nan,nan,nan,nan,nan,nan,nan,nan,nan,nan,nan
17.140,APPROACH,132.238112,34.277559,126.748675,15.707978,-15.042717,-8.844450,1.464855,-79.265781,-74.571169,9.222022,7.753828,1.998130,-0.264855,0.000000,0.000000,14.450491,-44.988222,52.177507,24.930000,-7.288889,-6.846320,1.200000,0.000000,0.000000,-136.793324,-79.489528,-74.642183,9.229819,7.746612,1.997500,-0.264703,0.000000,0.000000,0.000000,34.277559,126.748675,15.707978,132.238112,-15.042717,-8.844450,1.464855,17.511523,nan,nan,nan,0,nan,nan,nan,0,nan,nan,nan,nan,nan,nan,nan,nan,nan,nan,nan,nan,nan,nan,nan,nan,nan,nan,nan,nan,nan,nan,nan,nan,nan,nan,nan,nan,nan,nan,nan,nan,nan,nan,nan,nan,nan,nan,nan,nan,nan,nan,nan,nan,nan,nan,nan,nan,nan,nan,nan,nan,nan,nan,nan,nan,nan,nan,nan,nan,nan,nan,nan,nan,nan,nan,nan,nan,nan,nan,nan,nan,nan,nan,nan,nan,nan,nan,nan,nan
17.180,APPROACH,132.238112,34.277559,126.748675,15.707978,-15.042717,-8.844450,1.464855,-78.882217,-74.474574,9.208912,7.671283,1.931897,-0.262200,0.000000,0.000000,14.135152,-45.350521,51.832921,24.990000,-7.245985,-6.891713,1.200000,0.000000,0.000000,-136.435455,-79.179519,-74.562846,9.219231,7.753818,1.969343,-0.264703,0.000000,0.000000,0.000000,33.531695,126.307495,15.781088,131.632065,-14.917267,-8.823610,1.462200,17.393073,nan,nan,nan,0,nan,nan,nan,0,nan,nan,nan,nan,nan,nan,nan,nan,nan,nan,nan,nan,nan,nan,nan,nan,nan,nan,nan,nan,nan,nan,nan,nan,nan,nan,nan,nan,nan,nan,nan,nan,nan,nan,nan,nan,nan,nan,nan,nan,nan,nan,nan,nan,nan,nan,nan,nan,nan,nan,nan,nan,nan,nan,nan,nan,nan,nan,nan,nan,nan,nan,nan,nan,nan,nan,nan,nan,nan,nan,nan,nan,nan,nan,nan,nan,nan,nan,nan,nan
17.240,APPROACH,131.026195,32.782730,125.864199,15.854337,-14.979310,-8.865923,1.464972,-78.493391,-74.378120,9.195663,7.776512,1.929086,-0.264972,0.000000,0.000000,13.931892,-45.710661,51.486079,25.050000,-7.202798,-6.936836,1.200000,0.000000,0.000000,-136.077586,-78.713971,-74.445954,9.203349,7.764434,1.927060,-0.264703,0.000000,0.000000,0.000000,32.782730,125.864199,15.854337,131.026195,-14.979310,-8.865923,1.464972,17.467984,nan,nan,nan,0,nan,nan,nan,0,nan,nan,nan,nan,nan,nan,nan,nan,nan,nan,nan,nan,nan,nan,nan,nan,nan,nan,nan,nan,nan,nan,nan,nan,nan,nan,nan,nan,nan,nan,nan,nan,nan,nan,nan,nan,nan,nan,nan,nan,nan,nan,nan,nan,nan,nan,nan,nan,nan,nan,nan,nan,nan,nan,nan,nan,nan,nan,nan,nan,nan,nan,nan,nan,nan,nan,nan,nan,nan,nan,nan,nan,nan,nan,nan,nan,nan,nan,nan,nan
17.280,APPROACH,131.026195,32.782730,125.864199,15.854337,-14.979310,-8.865923,1.464972,-78.099414,-74.282657,9.182283,7.879548,1.909260,-0.267606,0.000000,0.000000,13.620584,-46.068628,51.136995,25.110000,-7.159330,-6.981689,1.200000,0.000000,0.000000,-135.719718,-78.403254,-74.369436,9.192761,7.771384,1.898839,-0.264703,0.000000,0.000000,0.000000,32.030786,125.419651,15.927717,130.421441,-15.038879,-8.890950,1.467606,17.531992,nan,nan,nan,0,nan,nan,nan,0,nan,nan,nan,nan,nan,nan,nan,nan,nan,nan,nan,nan,nan,nan,nan,nan,nan,nan,nan,nan,nan,nan,nan,nan,nan,nan,nan,nan,nan,nan,nan,nan,nan,nan,nan,nan,nan,nan,nan,nan,nan,nan,nan,nan,nan,nan,nan,nan,nan,nan,nan,nan,nan,nan,nan,nan,nan,nan,nan,nan,nan,nan,nan,nan,nan,nan,nan,nan,nan,nan,nan,nan,nan,nan,nan,nan,nan,nan,nan,nan
17.340,APPROACH,129.821790,31.285666,124.975492,16.000958,-14.902397,-8.883195,1.464814,-77.710073,-74.189811,9.169042,7.786814,1.856925,-0.264814,0.000000,0.000000,13.412842,-46.424407,50.785681,25.170000,-7.115584,-7.026270,1.200000,0.000000,0.000000,-135.361849,-77.936663,-74.256777,9.176879,7.781616,1.856462,-0.264703,0.000000,0.000000,0.000000,31.285666,124.975492,16.000958,129.821790,-14.902397,-8.883195,1.464814,17.410867,nan,nan,nan,0,nan,nan,nan,0,nan,nan,nan,nan,nan,nan,nan,nan,nan,nan,nan,nan,nan,nan,nan,nan,nan,nan,nan,nan,nan,nan,nan,nan,nan,nan,nan,nan,nan,nan,nan,nan,nan,nan,nan,nan,nan,nan,nan,nan,nan,nan,nan,nan,nan,nan,nan,nan,nan,nan,nan,nan,nan,nan,nan,nan,nan,nan,nan,nan,nan,nan,nan,nan,nan,nan,nan,nan,nan,nan,nan,nan,nan,nan,nan,nan,nan,nan,nan,nan
17.380,APPROACH,129.821790,31.285666,124.975492,16.000958,-14.902397,-8.883195,1.464814,-77.315569,-74.097998,9.155670,7.890080,1.836251,-0.267455,0.000000,0.000000,13.101184,-46.777985,50.432152,25.230000,-7.071559,-7.070577,1.200000,0.000000,0.000000,-135.003980,-77.625264,-74.183084,9.166290,7.788309,1.828179,-0.264703,0.000000,0.000000,0.000000,30.537584,124.530150,16.074330,129.223397,-14.961639,-8.906828,1.467455,17.473856,nan,nan,nan,0,nan,nan,nan,0,nan,nan,nan,nan,nan,nan,nan,nan,nan,nan,nan,nan,nan,nan,nan,nan,nan,nan,nan,nan,nan,nan,nan,nan,nan,nan,nan,nan,nan,nan,nan,nan,nan,nan,nan,nan,nan,nan,nan,nan,nan,nan,nan,nan,nan,nan,nan,nan,nan,nan,nan,nan,nan,nan,nan,nan,nan,nan,nan,nan,nan,nan,nan,nan,nan,nan,nan,nan,nan,nan,nan,nan,nan,nan,nan,nan,nan,nan,nan,nan
17.440,APPROACH,128.630082,29.796358,124.085178,16.147564,-14.824522,-8.899450,1.464671,-76.925706,-74.008756,9.142436,7.797263,1.784843,-0.264671,0.000000,0.000000,12.893234,-47.129348,50.076422,25.290000,-7.027259,-7.114607,1.200000,0.000000,0.000000,-134.646111,-77.157669,-74.074667,9.150408,7.798156,1.785710,-0.264703,0.000000,0.000000,0.000000,29.796358,124.085178,16.147564,128.630082,-14.824522,-8.899450,1.464671,17.352576,nan,nan,nan,0,nan,nan,nan,0,nan,nan,nan,nan,nan,nan,nan,nan,nan,nan,nan,nan,nan,nan,nan,nan,nan,nan,nan,nan,nan,nan,nan,nan,nan,nan,nan,nan,nan,nan,nan,nan,nan,nan,nan,nan,nan,nan,nan,nan,nan,nan,nan,nan,nan,nan,nan,nan,nan,nan,nan,nan,nan,nan,nan,nan,nan,nan,nan,nan,nan,nan,nan,nan,nan,nan,nan,nan,nan,nan,nan,nan,nan,nan,nan,nan,nan,nan,nan,nan
17.480,APPROACH,128.630082,29.796358,124.085178,16.147564,-14.824522,-8.899450,1.464671,-76.530671,-73.920590,9.129070,7.900703,1.763308,-0.267319,0.000000,0.000000,12.581295,-47.478482,49.718504,25.350000,-6.982684,-7.158360,1.200000,0.000000,0.000000,-134.288243,-76.845614,-74.003805,9.139820,7.804592,1.757368,-0.264703,0.000000,0.000000,0.000000,29.052189,123.639094,16.220930,128.038173,-14.883387,-8.921669,1.467319,17.414488,nan,nan,nan,0,nan,nan,nan,0,nan,nan,nan,nan,nan,nan,nan,nan,nan,nan,nan,nan,nan,nan,nan,nan,nan,nan,nan,nan,nan,nan,nan,nan,nan,nan,nan,nan,nan,nan,nan,nan,nan,nan,nan,nan,nan,nan,nan,nan,nan,nan,nan,nan,nan,nan,nan,nan,nan,nan,nan,nan,nan,nan,nan,nan,nan,nan,nan,nan,nan,nan,nan,nan,nan,nan,nan,nan,nan,nan,nan,nan,nan,nan,nan,nan,nan,nan,nan,nan
17.540,APPROACH,127.451316,28.314908,123.193362,16.294157,-14.745604,-8.914652,1.464541,-76.140282,-73.834950,9.115843,7.807766,1.712817,-0.264541,0.000000,0.000000,12.373178,-47.825374,49.358412,25.410000,-6.937837,-7.201834,1.200000,0.000000,0.000000,-133.930374,-76.377053,-73.899640,9.123938,7.814053,1.714811,-0.264703,0.000000,0.000000,0.000000,28.314908,123.193362,16.294157,127.451316,-14.745604,-8.914652,1.464541,17.293025,nan,nan,nan,0,nan,nan,nan,0,nan,nan,nan,nan,nan,nan,nan,nan,nan,nan,nan,nan,nan,nan,nan,nan,nan,nan,nan,nan,nan,nan,nan,nan,nan,nan,nan,nan,nan,nan,nan,nan,nan,nan,nan,nan,nan,nan,nan,nan,nan,nan,nan,nan,nan,nan,nan,nan,nan,nan,nan,nan,nan,nan,nan,nan,nan,nan,nan,nan,nan,nan,nan,nan,nan,nan,nan,nan,nan,nan,nan,nan,nan,nan,nan,nan,nan,nan,nan,nan
17.580,APPROACH,127.451316,28.314908,123.193362,16.294157,-14.745604,-8.914652,1.464541,-75.754252,-73.751751,9.102748,7.720605,1.663971,-0.261902,0.000000,0.000000,12.162541,-48.170010,48.996161,25.470000,-6.892720,-7.245027,1.200000,0.000000,0.000000,-133.572506,-76.064367,-73.831615,9.113350,7.820231,1.686411,-0.264703,0.000000,0.000000,0.000000,27.584242,122.747912,16.367252,126.869331,-14.613324,-8.908998,1.461902,17.177213,nan,nan,nan,0,nan,nan,nan,0,nan,nan,nan,nan,nan,nan,nan,nan,nan,nan,nan,nan,nan,nan,nan,nan,nan,nan,nan,nan,nan,nan,nan,nan,nan,nan,nan,nan,nan,nan,nan,nan,nan,nan,nan,nan,nan,nan,nan,nan,nan,nan,nan,nan,nan,nan,nan,nan,nan,nan,nan,nan,nan,nan,nan,nan,nan,nan,nan,nan,nan,nan,nan,nan,nan,nan,nan,nan,nan,nan,nan,nan,nan,nan,nan,nan,nan,nan,nan,nan
17.640,APPROACH,126.288812,26.850391,122.301394,16.440486,-14.677019,-8.930356,1.464690,-75.362768,-73.669630,9.089514,7.829686,1.642418,-0.264690,0.000000,0.000000,11.847053,-48.512377,48.631764,25.530000,-6.847333,-7.287937,1.200000,0.000000,0.000000,-133.214638,-75.594880,-73.731709,9.097468,7.829305,1.643770,-0.264703,0.000000,0.000000,0.000000,26.850391,122.301394,16.440486,126.288812,-14.677019,-8.930356,1.464690,17.242722,nan,nan,nan,0,nan,nan,nan,0,nan,nan,nan,nan,nan,nan,nan,nan,nan,nan,nan,nan,nan,nan,nan,nan,nan,nan,nan,nan,nan,nan,nan,nan,nan,nan,nan,nan,nan,nan,nan,nan,nan,nan,nan,nan,nan,nan,nan,nan,nan,nan,nan,nan,nan,nan,nan,nan,nan,nan,nan,nan,nan,nan,nan,nan,nan,nan,nan,nan,nan,nan,nan,nan,nan,nan,nan,nan,nan,nan,nan,nan,nan,nan,nan,nan,nan,nan,nan,nan
17.680,APPROACH,126.288812,26.850391,122.301394,16.440486,-14.677019,-8.930356,1.464690,-74.966136,-73.588678,9.076147,7.932640,1.619039,-0.267337,0.000000,0.000000,11.535542,-48.852461,48.265236,25.590000,-6.801680,-7.330563,1.200000,0.000000,0.000000,-132.856769,-75.281589,-73.666528,9.086879,7.835225,1.615316,-0.264703,0.000000,0.000000,0.000000,26.113675,121.853914,16.513853,125.710014,-14.734320,-8.949602,1.467337,17.301694,nan,nan,nan,0,nan,nan,nan,0,nan,nan,nan,nan,nan,nan,nan,nan,nan,nan,nan,nan,nan,nan,nan,nan,nan,nan,nan,nan,nan,nan,nan,nan,nan,nan,nan,nan,nan,nan,nan,nan,nan,nan,nan,nan,nan,nan,nan,nan,nan,nan,nan,nan,nan,nan,nan,nan,nan,nan,nan,nan,nan,nan,nan,nan,nan,nan,nan,nan,nan,nan,nan,nan,nan,nan,nan,nan,nan,nan,nan,nan,nan,nan,nan,nan,nan,nan,nan,nan
17.740,APPROACH,125.136231,25.383951,121.406755,16.587081,-14.594490,-8.943176,1.464558,-74.574199,-73.510164,9.062919,7.838729,1.570273,-0.264558,0.000000,0.000000,11.327690,-49.190249,47.896591,25.650000,-6.755761,-7.372903,1.200000,0.000000,0.000000,-132.498901,-74.811214,-73.570890,9.070997,7.843911,1.572594,-0.264703,0.000000,0.000000,0.000000,25.383951,121.406755,16.587081,125.136231,-14.594490,-8.943176,1.464558,17.179187,nan,nan,nan,0,nan,nan,nan,0,nan,nan,nan,nan,nan,nan,nan,nan,nan,nan,nan,nan,nan,nan,nan,nan,nan,nan,nan,nan,nan,nan,nan,nan,nan,nan,nan,nan,nan,nan,nan,nan,nan,nan,nan,nan,nan,nan,nan,nan,nan,nan,nan,nan,nan,nan,nan,nan,nan,nan,nan,nan,nan,nan,nan,nan,nan,nan,nan,nan,nan,nan,nan,nan,nan,nan,nan,nan,nan,nan,nan,nan,nan,nan,nan,nan,nan,nan,nan,nan
17.780,APPROACH,125.136231,25.383951,121.406755,16.587081,-14.594490,-8.943176,1.464558,-74.186668,-73.434012,9.049823,7.750626,1.523044,-0.261919,0.000000,0.000000,11.117308,-49.525728,47.525843,25.710000,-6.709578,-7.414955,1.200000,0.000000,0.000000,-132.141033,-74.497344,-73.508556,9.060409,7.849573,1.544087,-0.264703,0.000000,0.000000,0.000000,24.660941,120.959855,16.660177,124.567291,-14.460204,-8.937999,1.461919,17.062314,nan,nan,nan,0,nan,nan,nan,0,nan,nan,nan,nan,nan,nan,nan,nan,nan,nan,nan,nan,nan,nan,nan,nan,nan,nan,nan,nan,nan,nan,nan,nan,nan,nan,nan,nan,nan,nan,nan,nan,nan,nan,nan,nan,nan,nan,nan,nan,nan,nan,nan,nan,nan,nan,nan,nan,nan,nan,nan,nan,nan,nan,nan,nan,nan,nan,nan,nan,nan,nan,nan,nan,nan,nan,nan,nan,nan,nan,nan,nan,nan,nan,nan,nan,nan,nan,nan,nan
17.840,APPROACH,124.000142,23.934822,120.512042,16.733412,-14.522367,-8.956257,1.464705,-73.793706,-73.359035,9.036588,7.859233,1.499539,-0.264705,0.000000,0.000000,10.802178,-49.858884,47.153007,25.770000,-6.663134,-7.456718,1.200000,0.000000,0.000000,-131.783165,-74.026119,-73.417195,9.044527,7.857871,1.501289,-0.264703,0.000000,0.000000,0.000000,23.934822,120.512042,16.733412,124.000142,-14.522367,-8.956257,1.464705,17.124808,nan,nan,nan,0,nan,nan,nan,0,nan,nan,nan,nan,nan,nan,nan,nan,nan,nan,nan,nan,nan,nan,nan,nan,nan,nan,nan,nan,nan,nan,nan,nan,nan,nan,nan,nan,nan,nan,nan,nan,nan,nan,nan,nan,nan,nan,nan,nan,nan,nan,nan,nan,nan,nan,nan,nan,nan,nan,nan,nan,nan,nan,nan,nan,nan,nan,nan,nan,nan,nan,nan,nan,nan,nan,nan,nan,nan,nan,nan,nan,nan,nan,nan,nan,nan,nan,nan,nan
17.880,APPROACH,124.000142,23.934822,120.512042,16.733412,-14.522367,-8.956257,1.464705,-73.395622,-73.285320,9.023220,7.961686,1.474316,-0.267352,0.000000,0.000000,10.490991,-50.189706,46.778097,25.830000,-6.616430,-7.498190,1.200000,0.000000,0.000000,-131.425297,-73.711696,-73.357714,9.033939,7.863273,1.472731,-0.264703,0.000000,0.000000,0.000000,23.205916,120.063417,16.806780,123.435030,-14.578115,-8.972507,1.467352,17.180816,nan,nan,nan,0,nan,nan,nan,0,nan,nan,nan,nan,nan,nan,nan,nan,nan,nan,nan,nan,nan,nan,nan,nan,nan,nan,nan,nan,nan,nan,nan,nan,nan,nan,nan,nan,nan,nan,nan,nan,nan,nan,nan,nan,nan,nan,nan,nan,nan,nan,nan,nan,nan,nan,nan,nan,nan,nan,nan,nan,nan,nan,nan,nan,nan,nan,nan,nan,nan,nan,nan,nan,nan,nan,nan,nan,nan,nan,nan,nan,nan,nan,nan,nan,nan,nan,nan,nan
17.940,APPROACH,122.874887,22.484101,119.615084,16.880009,-14.436315,-8.966656,1.464572,-73.002280,-73.213955,9.009991,7.866848,1.427286,-0.264572,0.000000,0.000000,10.283343,-50.518179,46.401129,25.890000,-6.569468,-7.539370,1.200000,0.000000,0.000000,-131.067429,-73.239661,-73.270636,9.018057,7.871182,1.429859,-0.264703,0.000000,0.000000,0.000000,22.484101,119.615084,16.880009,122.874887,-14.436315,-8.966656,1.464572,17.057347,nan,nan,nan,0,nan,nan,nan,0,nan,nan,nan,nan,nan,nan,nan,nan,nan,nan,nan,nan,nan,nan,nan,nan,nan,nan,nan,nan,nan,nan,nan,nan,nan,nan,nan,nan,nan,nan,nan,nan,nan,nan,nan,nan,nan,nan,nan,nan,nan,nan,nan,nan,nan,nan,nan,nan,nan,nan,nan,nan,nan,nan,nan,nan,nan,nan,nan,nan,nan,nan,nan,nan,nan,nan,nan,nan,nan,nan,nan,nan,nan,nan,nan,nan,nan,nan,nan,nan
17.980,APPROACH,122.874887,22.484101,119.615084,16.880009,-14.436315,-8.966656,1.464572,-72.613259,-73.145586,8.996895,7.780406,1.367381,-0.261932,0.000000,0.000000,9.967756,-50.844292,46.022116,25.950000,-6.522249,-7.580255,1.200000,0.000000,0.000000,-130.709561,-72.924711,-73.214014,9.007469,7.876325,1.401254,-0.264703,0.000000,0.000000,0.000000,21.768968,119.167702,16.953105,122.320223,-14.302655,-8.947636,1.461932,16.934090,nan,nan,nan,0,nan,nan,nan,0,nan,nan,nan,nan,nan,nan,nan,nan,nan,nan,nan,nan,nan,nan,nan,nan,nan,nan,nan,nan,nan,nan,nan,nan,nan,nan,nan,nan,nan,nan,nan,nan,nan,nan,nan,nan,nan,nan,nan,nan,nan,nan,nan,nan,nan,nan,nan,nan,nan,nan,nan,nan,nan,nan,nan,nan,nan,nan,nan,nan,nan,nan,nan,nan,nan,nan,nan,nan,nan,nan,nan,nan,nan,nan,nan,nan,nan,nan,nan,nan
18.040,APPROACH,121.766962,21.050939,118.718806,17.026341,-14.360583,-8.977935,1.464718,-72.218969,-73.077732,8.983659,7.885807,1.357090,-0.264718,0.000000,0.000000,9.764540,-51.168030,45.641074,26.010000,-6.474776,-7.620845,1.200000,0.000000,0.000000,-130.351693,-72.451904,-73.131227,8.991586,7.883844,1.358311,-0.264703,0.000000,0.000000,0.000000,21.050939,118.718806,17.026341,121.766962,-14.360583,-8.977935,1.464718,16.999266,nan,nan,nan,0,nan,nan,nan,0,nan,nan,nan,nan,nan,nan,nan,nan,nan,nan,nan,nan,nan,nan,nan,nan,nan,nan,nan,nan,nan,nan,nan,nan,nan,nan,nan,nan,nan,nan,nan,nan,nan,nan,nan,nan,nan,nan,nan,nan,nan,nan,nan,nan,nan,nan,nan,nan,nan,nan,nan,nan,nan,nan,nan,nan,nan,nan,nan,nan,nan,nan,nan,nan,nan,nan,nan,nan,nan,nan,nan,nan,nan,nan,nan,nan,nan,nan,nan,nan
18.080,APPROACH,121.766962,21.050939,118.718806,17.026341,-14.360583,-8.977935,1.464718,-71.819582,-73.011233,8.970291,7.987746,1.329978,-0.267364,0.000000,0.000000,9.453156,-51.489383,45.258017,26.070000,-6.427050,-7.661137,1.200000,0.000000,0.000000,-129.993825,-72.136453,-73.077467,8.980998,7.888726,1.329661,-0.264703,0.000000,0.000000,0.000000,20.330199,118.269250,17.099709,121.216057,-14.414796,-8.991115,1.467364,17.052263,nan,nan,nan,0,nan,nan,nan,0,nan,nan,nan,nan,nan,nan,nan,nan,nan,nan,nan,nan,nan,nan,nan,nan,nan,nan,nan,nan,nan,nan,nan,nan,nan,nan,nan,nan,nan,nan,nan,nan,nan,nan,nan,nan,nan,nan,nan,nan,nan,nan,nan,nan,nan,nan,nan,nan,nan,nan,nan,nan,nan,nan,nan,nan,nan,nan,nan,nan,nan,nan,nan,nan,nan,nan,nan,nan,nan,nan,nan,nan,nan,nan,nan,nan,nan,nan,nan,nan
18.140,APPROACH,120.670070,19.616644,117.819961,17.172938,-14.271108,-8.985777,1.464584,-71.424980,-72.947000,8.957062,7.892034,1.284646,-0.264584,0.000000,0.000000,9.245383,-51.808337,44.872961,26.130000,-6.379074,-7.701131,1.200000,0.000000,0.000000,-129.635957,-71.662914,-72.998978,8.965116,7.895855,1.286652,-0.264703,0.000000,0.000000,0.000000,19.616644,117.819961,17.172938,120.670070,-14.271108,-8.985777,1.464584,16.927898,nan,nan,nan,0,nan,nan,nan,0,nan,nan,nan,nan,nan,nan,nan,nan,nan,nan,nan,nan,nan,nan,nan,nan,nan,nan,nan,nan,nan,nan,nan,nan,nan,nan,nan,nan,nan,nan,nan,nan,nan,nan,nan,nan,nan,nan,nan,nan,nan,nan,nan,nan,nan,nan,nan,nan,nan,nan,nan,nan,nan,nan,nan,nan,nan,nan,nan,nan,nan,nan,nan,nan,nan,nan,nan,nan,nan,nan,nan,nan,nan,nan,nan,nan,nan,nan,nan,nan
18.180,APPROACH,120.670070,19.616644,117.819961,17.172938,-14.271108,-8.985777,1.464584,-71.034871,-72.884968,8.943964,7.802187,1.240641,-0.261943,0.000000,0.000000,9.035074,-52.124879,44.485919,26.190000,-6.330849,-7.740824,1.200000,0.000000,0.000000,-129.278089,-71.346987,-72.948086,8.954528,7.900477,1.257958,-0.264703,0.000000,0.000000,0.000000,18.909992,117.370888,17.246036,120.128843,-14.133036,-8.981465,1.461943,16.809125,nan,nan,nan,0,nan,nan,nan,0,nan,nan,nan,nan,nan,nan,nan,nan,nan,nan,nan,nan,nan,nan,nan,nan,nan,nan,nan,nan,nan,nan,nan,nan,nan,nan,nan,nan,nan,nan,nan,nan,nan,nan,nan,nan,nan,nan,nan,nan,nan,nan,nan,nan,nan,nan,nan,nan,nan,nan,nan,nan,nan,nan,nan,nan,nan,nan,nan,nan,nan,nan,nan,nan,nan,nan,nan,nan,nan,nan,nan,nan,nan,nan,nan,nan,nan,nan,nan,nan
18.240,APPROACH,119.590059,18.200383,116.921217,17.319272,-14.192164,-8.993414,1.464728,-70.639381,-72.824308,8.930728,7.909788,1.213200,-0.264728,0.000000,0.000000,8.720044,-52.438998,44.096909,26.250000,-6.282377,-7.780215,1.200000,0.000000,0.000000,-128.920221,-70.872755,-72.873900,8.938646,7.907215,1.214886,-0.264703,0.000000,0.000000,0.000000,18.200383,116.921217,17.319272,119.590059,-14.192164,-8.993414,1.464728,16.865481,nan,nan,nan,0,nan,nan,nan,0,nan,nan,nan,nan,nan,nan,nan,nan,nan,nan,nan,nan,nan,nan,nan,nan,nan,nan,nan,nan,nan,nan,nan,nan,nan,nan,nan,nan,nan,nan,nan,nan,nan,nan,nan,nan,nan,nan,nan,nan,nan,nan,nan,nan,nan,nan,nan,nan,nan,nan,nan,nan,nan,nan,nan,nan,nan,nan,nan,nan,nan,nan,nan,nan,nan,nan,nan,nan,nan,nan,nan,nan,nan,nan,nan,nan,nan,nan,nan,nan
18.280,APPROACH,119.590059,18.200383,116.921217,17.319272,-14.192164,-8.993414,1.464728,-70.248423,-72.765809,8.917624,7.819160,1.169995,-0.262080,0.000000,0.000000,8.510135,-52.750681,43.705944,26.310000,-6.233660,-7.819302,1.200000,0.000000,0.000000,-128.562354,-70.556379,-72.825879,8.928058,7.911577,1.186151,-0.264703,0.000000,0.000000,0.000000,17.497743,116.471752,17.392376,119.056015,-14.052820,-8.989298,1.462080,16.745951,nan,nan,nan,0,nan,nan,nan,0,nan,nan,nan,nan,nan,nan,nan,nan,nan,nan,nan,nan,nan,nan,nan,nan,nan,nan,nan,nan,nan,nan,nan,nan,nan,nan,nan,nan,nan,nan,nan,nan,nan,nan,nan,nan,nan,nan,nan,nan,nan,nan,nan,nan,nan,nan,nan,nan,nan,nan,nan,nan,nan,nan,nan,nan,nan,nan,nan,nan,nan,nan,nan,nan,nan,nan,nan,nan,nan,nan,nan,nan,nan,nan,nan,nan,nan,nan,nan,nan
18.340,APPROACH,118.524584,16.792200,116.021770,17.465619,-14.110845,-8.999646,1.464858,-69.852116,-72.708731,8.904381,7.926145,1.141561,-0.264858,0.000000,0.000000,8.195655,-53.059916,43.313039,26.370000,-6.184699,-7.858085,1.200000,0.000000,0.000000,-128.204486,-70.081493,-72.756004,8.912175,7.917923,1.143020,-0.264703,0.000000,0.000000,0.000000,16.792200,116.021770,17.465619,118.524584,-14.110845,-8.999646,1.464858,16.800458,nan,nan,nan,0,nan,nan,nan,0,nan,nan,nan,nan,nan,nan,nan,nan,nan,nan,nan,nan,nan,nan,nan,nan,nan,nan,nan,nan,nan,nan,nan,nan,nan,nan,nan,nan,nan,nan,nan,nan,nan,nan,nan,nan,nan,nan,nan,nan,nan,nan,nan,nan,nan,nan,nan,nan,nan,nan,nan,nan,nan,nan,nan,nan,nan,nan,nan,nan,nan,nan,nan,nan,nan,nan,nan,nan,nan,nan,nan,nan,nan,nan,nan,nan,nan,nan,nan,nan
18.380,APPROACH,118.524584,16.792200,116.021770,17.465619,-14.110845,-8.999646,1.464858,-69.450770,-72.653146,8.891006,8.026931,1.111693,-0.267497,0.000000,0.000000,7.885045,-53.366691,42.918211,26.430000,-6.135498,-7.896561,1.200000,0.000000,0.000000,-127.846618,-69.764693,-72.710859,8.901587,7.922023,1.114247,-0.264703,0.000000,0.000000,0.000000,16.084079,115.571357,17.538994,117.995985,-14.162428,-9.008254,1.467497,16.848637,nan,nan,nan,0,nan,nan,nan,0,nan,nan,nan,nan,nan,nan,nan,nan,nan,nan,nan,nan,nan,nan,nan,nan,nan,nan,nan,nan,nan,nan,nan,nan,nan,nan,nan,nan,nan,nan,nan,nan,nan,nan,nan,nan,nan,nan,nan,nan,nan,nan,nan,nan,nan,nan,nan,nan,nan,nan,nan,nan,nan,nan,nan,nan,nan,nan,nan,nan,nan,nan,nan,nan,nan,nan,nan,nan,nan,nan,nan,nan,nan,nan,nan,nan,nan,nan,nan,nan
18.440,APPROACH,117.472211,15.383293,115.121171,17.612229,-14.015720,-9.003725,1.464710,-69.054286,-72.599696,8.877771,7.929664,1.068997,-0.264710,0.000000,0.000000,7.677748,-53.670993,42.521475,26.490000,-6.086057,-7.934728,1.200000,0.000000,0.000000,-127.488751,-69.289192,-72.645299,8.885705,7.927978,1.071060,-0.264703,0.000000,0.000000,0.000000,15.383293,115.121171,17.612229,117.472211,-14.015720,-9.003725,1.464710,16.722825,nan,nan,nan,0,nan,nan,nan,0,nan,nan,nan,nan,nan,nan,nan,nan,nan,nan,nan,nan,nan,nan,nan,nan,nan,nan,nan,nan,nan,nan,nan,nan,nan,nan,nan,nan,nan,nan,nan,nan,nan,nan,nan,nan,nan,nan,nan,nan,nan,nan,nan,nan,nan,nan,nan,nan,nan,nan,nan,nan,nan,nan,nan,nan,nan,nan,nan,nan,nan,nan,nan,nan,nan,nan,nan,nan,nan,nan,nan,nan,nan,nan,nan,nan,nan,nan,nan,nan
18.480,APPROACH,117.472211,15.383293,115.121171,17.612229,-14.015720,-9.003725,1.464710,-68.662275,-72.549043,8.864668,7.840224,1.013059,-0.262063,0.000000,0.000000,7.362568,-53.972812,42.122846,26.550000,-6.036378,-7.972587,1.200000,0.000000,0.000000,-127.130883,-68.971996,-72.603033,8.875117,7.931817,1.042251,-0.264703,0.000000,0.000000,0.000000,14.689463,114.671889,17.685332,116.953809,-13.876602,-8.985646,1.462063,16.596372,nan,nan,nan,0,nan,nan,nan,0,nan,nan,nan,nan,nan,nan,nan,nan,nan,nan,nan,nan,nan,nan,nan,nan,nan,nan,nan,nan,nan,nan,nan,nan,nan,nan,nan,nan,nan,nan,nan,nan,nan,nan,nan,nan,nan,nan,nan,nan,nan,nan,nan,nan,nan,nan,nan,nan,nan,nan,nan,nan,nan,nan,nan,nan,nan,nan,nan,nan,nan,nan,nan,nan,nan,nan,nan,nan,nan,nan,nan,nan,nan,nan,nan,nan,nan,nan,nan,nan
18.540,APPROACH,116.437604,13.992904,114.221483,17.758574,-13.931167,-9.008110,1.464842,-68.265040,-72.499144,8.851426,7.944703,0.997976,-0.264842,0.000000,0.000000,7.159724,-54.272136,41.722339,26.610000,-5.986464,-8.010134,1.200000,0.000000,0.000000,-126.773015,-68.495919,-72.541795,8.859235,7.937378,0.999011,-0.264703,0.000000,0.000000,0.000000,13.992904,114.221483,17.758574,116.437604,-13.931167,-9.008110,1.464842,16.654406,nan,nan,nan,0,nan,nan,nan,0,nan,nan,nan,nan,nan,nan,nan,nan,nan,nan,nan,nan,nan,nan,nan,nan,nan,nan,nan,nan,nan,nan,nan,nan,nan,nan,nan,nan,nan,nan,nan,nan,nan,nan,nan,nan,nan,nan,nan,nan,nan,nan,nan,nan,nan,nan,nan,nan,nan,nan,nan,nan,nan,nan,nan,nan,nan,nan,nan,nan,nan,nan,nan,nan,nan,nan,nan,nan,nan,nan,nan,nan,nan,nan,nan,nan,nan,nan,nan,nan
18.580,APPROACH,116.437604,13.992904,114.221483,17.758574,-13.931167,-9.008110,1.464842,-67.872319,-72.452005,8.838316,7.854419,0.942791,-0.262188,0.000000,0.000000,6.844645,-54.568951,41.319970,26.670000,-5.936317,-8.047369,1.200000,0.000000,0.000000,-126.415148,-68.178352,-72.502411,8.848647,7.940955,0.970168,-0.264703,0.000000,0.000000,0.000000,13.303368,113.771975,17.831684,115.926748,-13.790736,-8.990159,1.462188,16.527110,nan,nan,nan,0,nan,nan,nan,0,nan,nan,nan,nan,nan,nan,nan,nan,nan,nan,nan,nan,nan,nan,nan,nan,nan,nan,nan,nan,nan,nan,nan,nan,nan,nan,nan,nan,nan,nan,nan,nan,nan,nan,nan,nan,nan,nan,nan,nan,nan,nan,nan,nan,nan,nan,nan,nan,nan,nan,nan,nan,nan,nan,nan,nan,nan,nan,nan,nan,nan,nan,nan,nan,nan,nan,nan,nan,nan,nan,nan,nan,nan,nan,nan,nan,nan,nan,nan,nan
18.640,APPROACH,115.418253,12.611149,113.321426,17.904932,-13.844375,-9.010990,1.464961,-67.474397,-72.405670,8.825068,7.958438,0.926700,-0.264961,0.000000,0.000000,6.641752,-54.863248,40.915756,26.730000,-5.885938,-8.084290,1.200000,0.000000,0.000000,-126.057281,-67.701738,-72.445500,8.832764,7.946124,0.926880,-0.264703,0.000000,0.000000,0.000000,12.611149,113.321426,17.904932,115.418253,-13.844375,-9.010990,1.464961,16.583449,nan,nan,nan,0,nan,nan,nan,0,nan,nan,nan,nan,nan,nan,nan,nan,nan,nan,nan,nan,nan,nan,nan,nan,nan,nan,nan,nan,nan,nan,nan,nan,nan,nan,nan,nan,nan,nan,nan,nan,nan,nan,nan,nan,nan,nan,nan,nan,nan,nan,nan,nan,nan,nan,nan,nan,nan,nan,nan,nan,nan,nan,nan,nan,nan,nan,nan,nan,nan,nan,nan,nan,nan,nan,nan,nan,nan,nan,nan,nan,nan,nan,nan,nan,nan,nan,nan,nan
18.680,APPROACH,115.418253,12.611149,113.321426,17.904932,-13.844375,-9.010990,1.464961,-67.071491,-72.360969,8.811688,8.058124,0.894007,-0.267595,0.000000,0.000000,6.330781,-55.155015,40.509711,26.790000,-5.835329,-8.120895,1.200000,0.000000,0.000000,-125.699413,-67.383827,-72.409002,8.822176,7.949439,0.898006,-0.264703,0.000000,0.000000,0.000000,11.916476,112.870681,17.978312,114.913066,-13.893453,-9.014902,1.467595,16.626795,nan,nan,nan,0,nan,nan,nan,0,nan,nan,nan,nan,nan,nan,nan,nan,nan,nan,nan,nan,nan,nan,nan,nan,nan,nan,nan,nan,nan,nan,nan,nan,nan,nan,nan,nan,nan,nan,nan,nan,nan,nan,nan,nan,nan,nan,nan,nan,nan,nan,nan,nan,nan,nan,nan,nan,nan,nan,nan,nan,nan,nan,nan,nan,nan,nan,nan,nan,nan,nan,nan,nan,nan,nan,nan,nan,nan,nan,nan,nan,nan,nan,nan,nan,nan,nan,nan,nan
18.740,APPROACH,114.412587,11.229277,112.420127,18.051552,-13.743990,-9.011076,1.464803,-66.673516,-72.318275,8.798448,7.959497,0.853892,-0.264803,0.000000,0.000000,6.123251,-55.444239,40.101852,26.850000,-5.784493,-8.157184,1.200000,0.000000,0.000000,-125.341546,-66.906716,-72.356422,8.806294,7.954215,0.854673,-0.264703,0.000000,0.000000,0.000000,11.229277,112.420127,18.051552,114.412587,-13.743990,-9.011076,1.464803,16.499769,nan,nan,nan,0,nan,nan,nan,0,nan,nan,nan,nan,nan,nan,nan,nan,nan,nan,nan,nan,nan,nan,nan,nan,nan,nan,nan,nan,nan,nan,nan,nan,nan,nan,nan,nan,nan,nan,nan,nan,nan,nan,nan,nan,nan,nan,nan,nan,nan,nan,nan,nan,nan,nan,nan,nan,nan,nan,nan,nan,nan,nan,nan,nan,nan,nan,nan,nan,nan,nan,nan,nan,nan,nan,nan,nan,nan,nan,nan,nan,nan,nan,nan,nan,nan,nan,nan,nan
18.780,APPROACH,114.412587,11.229277,112.420127,18.051552,-13.743990,-9.011076,1.464803,-66.270551,-72.277259,8.785076,8.059304,0.820324,-0.267445,0.000000,0.000000,5.811891,-55.730911,39.692194,26.910000,-5.733431,-8.193154,1.200000,0.000000,0.000000,-124.983678,-66.588486,-72.322813,8.795706,7.957267,0.825770,-0.264703,0.000000,0.000000,0.000000,10.539640,111.969453,18.124924,113.915562,-13.792734,-9.013478,1.467445,16.541938,nan,nan,nan,0,nan,nan,nan,0,nan,nan,nan,nan,nan,nan,nan,nan,nan,nan,nan,nan,nan,nan,nan,nan,nan,nan,nan,nan,nan,nan,nan,nan,nan,nan,nan,nan,nan,nan,nan,nan,nan,nan,nan,nan,nan,nan,nan,nan,nan,nan,nan,nan,nan,nan,nan,nan,nan,nan,nan,nan,nan,nan,nan,nan,nan,nan,nan,nan,nan,nan,nan,nan,nan,nan,nan,nan,nan,nan,nan,nan,nan,nan,nan,nan,nan,nan,nan,nan
18.840,APPROACH,113.423193,9.857497,111.518956,18.198157,-13.642858,-9.009939,1.464661,-65.872515,-72.238202,8.771843,7.960713,0.781134,-0.264661,0.000000,0.000000,5.604128,-56.015018,39.280754,26.970000,-5.682145,-8.228805,1.200000,0.000000,0.000000,-124.625811,-66.110917,-72.274568,8.779824,7.961649,0.782395,-0.264703,0.000000,0.000000,0.000000,9.857497,111.518956,18.198157,113.423193,-13.642858,-9.009939,1.464661,16.414987,nan,nan,nan,0,nan,nan,nan,0,nan,nan,nan,nan,nan,nan,nan,nan,nan,nan,nan,nan,nan,nan,nan,nan,nan,nan,nan,nan,nan,nan,nan,nan,nan,nan,nan,nan,nan,nan,nan,nan,nan,nan,nan,nan,nan,nan,nan,nan,nan,nan,nan,nan,nan,nan,nan,nan,nan,nan,nan,nan,nan,nan,nan,nan,nan,nan,nan,nan,nan,nan,nan,nan,nan,nan,nan,nan,nan,nan,nan,nan,nan,nan,nan,nan,nan,nan,nan,nan
18.880,APPROACH,113.423193,9.857497,111.518956,18.198157,-13.642858,-9.009939,1.464661,-65.479043,-72.201780,8.758742,7.869453,0.728430,-0.262016,0.000000,0.000000,5.288471,-56.296550,38.867547,27.030000,-5.630638,-8.264135,1.200000,0.000000,0.000000,-124.267944,-65.792395,-72.243850,8.769236,7.964439,0.753465,-0.264703,0.000000,0.000000,0.000000,9.182493,111.069328,18.271258,112.936055,-13.500091,-8.992565,1.462016,16.286687,nan,nan,nan,0,nan,nan,nan,0,nan,nan,nan,nan,nan,nan,nan,nan,nan,nan,nan,nan,nan,nan,nan,nan,nan,nan,nan,nan,nan,nan,nan,nan,nan,nan,nan,nan,nan,nan,nan,nan,nan,nan,nan,nan,nan,nan,nan,nan,nan,nan,nan,nan,nan,nan,nan,nan,nan,nan,nan,nan,nan,nan,nan,nan,nan,nan,nan,nan,nan,nan,nan,nan,nan,nan,nan,nan,nan,nan,nan,nan,nan,nan,nan,nan,nan,nan,nan,nan
18.940,APPROACH,112.451738,8.504874,110.618895,18.344498,-13.552370,-9.008655,1.464798,-65.080370,-72.166305,8.745502,7.973459,0.709513,-0.264798,0.000000,0.000000,5.085036,-56.575496,38.452590,27.090000,-5.578911,-8.299142,1.200000,0.000000,0.000000,-123.910076,-65.314408,-72.199945,8.753353,7.968427,0.710052,-0.264703,0.000000,0.000000,0.000000,8.504874,110.618895,18.344498,112.451738,-13.552370,-9.008655,1.464798,16.339162,nan,nan,nan,0,nan,nan,nan,0,nan,nan,nan,nan,nan,nan,nan,nan,nan,nan,nan,nan,nan,nan,nan,nan,nan,nan,nan,nan,nan,nan,nan,nan,nan,nan,nan,nan,nan,nan,nan,nan,nan,nan,nan,nan,nan,nan,nan,nan,nan,nan,nan,nan,nan,nan,nan,nan,nan,nan,nan,nan,nan,nan,nan,nan,nan,nan,nan,nan,nan,nan,nan,nan,nan,nan,nan,nan,nan,nan,nan,nan,nan,nan,nan,nan,nan,nan,nan,nan
18.980,APPROACH,112.451738,8.504874,110.618895,18.344498,-13.552370,-9.008655,1.464798,-64.676737,-72.132599,8.732130,8.072653,0.674118,-0.267440,0.000000,0.000000,4.773487,-56.851844,38.035899,27.150000,-5.526966,-8.333825,1.200000,0.000000,0.000000,-123.552209,-64.995620,-72.172122,8.742765,7.970954,0.681098,-0.264703,0.000000,0.000000,0.000000,7.824893,110.168498,18.417870,111.971178,-13.599620,-9.007943,1.467440,16.378220,nan,nan,nan,0,nan,nan,nan,0,nan,nan,nan,nan,nan,nan,nan,nan,nan,nan,nan,nan,nan,nan,nan,nan,nan,nan,nan,nan,nan,nan,nan,nan,nan,nan,nan,nan,nan,nan,nan,nan,nan,nan,nan,nan,nan,nan,nan,nan,nan,nan,nan,nan,nan,nan,nan,nan,nan,nan,nan,nan,nan,nan,nan,nan,nan,nan,nan,nan,nan,nan,nan,nan,nan,nan,nan,nan,nan,nan,nan,nan,nan,nan,nan,nan,nan,nan,nan,nan
19.040,APPROACH,111.495175,7.152484,109.718253,18.491103,-13.448186,-9.004890,1.464656,-64.278068,-72.100764,8.718897,7.973380,0.636706,-0.264656,0.000000,0.000000,4.565606,-57.125584,37.617490,27.210000,-5.474806,-8.368184,1.200000,0.000000,0.000000,-123.194342,-64.517254,-72.132559,8.726883,7.974547,0.637651,-0.264703,0.000000,0.000000,0.000000,7.152484,109.718253,18.491103,111.495175,-13.448186,-9.004890,1.464656,16.250753,nan,nan,nan,0,nan,nan,nan,0,nan,nan,nan,nan,nan,nan,nan,nan,nan,nan,nan,nan,nan,nan,nan,nan,nan,nan,nan,nan,nan,nan,nan,nan,nan,nan,nan,nan,nan,nan,nan,nan,nan,nan,nan,nan,nan,nan,nan,nan,nan,nan,nan,nan,nan,nan,nan,nan,nan,nan,nan,nan,nan,nan,nan,nan,nan,nan,nan,nan,nan,nan,nan,nan,nan,nan,nan,nan,nan,nan,nan,nan,nan,nan,nan,nan,nan,nan,nan,nan
19.080,APPROACH,111.495175,7.152484,109.718253,18.491103,-13.448186,-9.004890,1.464656,-63.874437,-72.070742,8.705532,8.072621,0.600433,-0.267305,0.000000,0.000000,4.253764,-57.396706,37.197379,27.270000,-5.422432,-8.402216,1.200000,0.000000,0.000000,-122.836475,-64.198226,-72.107633,8.716295,7.976811,0.608676,-0.264703,0.000000,0.000000,0.000000,6.477731,109.268121,18.564468,111.023073,-13.495053,-9.002648,1.467305,16.288558,nan,nan,nan,0,nan,nan,nan,0,nan,nan,nan,nan,nan,nan,nan,nan,nan,nan,nan,nan,nan,nan,nan,nan,nan,nan,nan,nan,nan,nan,nan,nan,nan,nan,nan,nan,nan,nan,nan,nan,nan,nan,nan,nan,nan,nan,nan,nan,nan,nan,nan,nan,nan,nan,nan,nan,nan,nan,nan,nan,nan,nan,nan,nan,nan,nan,nan,nan,nan,nan,nan,nan,nan,nan,nan,nan,nan,nan,nan,nan,nan,nan,nan,nan,nan,nan,nan,nan
19.140,APPROACH,110.555467,5.810571,108.818128,18.637694,-13.343208,-8.999864,1.464528,-63.475769,-72.042545,8.692306,7.973362,0.563944,-0.264528,0.000000,0.000000,4.045708,-57.665198,36.775583,27.330000,-5.369847,-8.435920,1.200000,0.000000,0.000000,-122.478608,-63.719520,-72.072416,8.700413,7.980010,0.565197,-0.264703,0.000000,0.000000,0.000000,5.810571,108.818128,18.637694,110.555467,-13.343208,-8.999864,1.464528,16.161176,nan,nan,nan,0,nan,nan,nan,0,nan,nan,nan,nan,nan,nan,nan,nan,nan,nan,nan,nan,nan,nan,nan,nan,nan,nan,nan,nan,nan,nan,nan,nan,nan,nan,nan,nan,nan,nan,nan,nan,nan,nan,nan,nan,nan,nan,nan,nan,nan,nan,nan,nan,nan,nan,nan,nan,nan,nan,nan,nan,nan,nan,nan,nan,nan,nan,nan,nan,nan,nan,nan,nan,nan,nan,nan,nan,nan,nan,nan,nan,nan,nan,nan,nan,nan,nan,nan,nan
19.180,APPROACH,110.555467,5.810571,108.818128,18.637694,-13.343208,-8.999864,1.464528,-63.081766,-72.016132,8.679211,7.880054,0.528246,-0.261890,0.000000,0.000000,3.835130,-57.931051,36.352118,27.390000,-5.317052,-8.469295,1.200000,0.000000,0.000000,-122.120740,-63.400280,-72.050388,8.689825,7.982010,0.536202,-0.264703,0.000000,0.000000,0.000000,5.150715,108.368251,18.710789,110.092240,-13.197105,-8.997541,1.461890,16.039216,nan,nan,nan,0,nan,nan,nan,0,nan,nan,nan,nan,nan,nan,nan,nan,nan,nan,nan,nan,nan,nan,nan,nan,nan,nan,nan,nan,nan,nan,nan,nan,nan,nan,nan,nan,nan,nan,nan,nan,nan,nan,nan,nan,nan,nan,nan,nan,nan,nan,nan,nan,nan,nan,nan,nan,nan,nan,nan,nan,nan,nan,nan,nan,nan,nan,nan,nan,nan,nan,nan,nan,nan,nan,nan,nan,nan,nan,nan,nan,nan,nan,nan,nan,nan,nan,nan,nan
19.240,APPROACH,109.633039,4.488269,107.918577,18.784023,-13.248921,-8.993475,1.464678,-62.682523,-71.991576,8.665977,7.984872,0.491135,-0.264678,0.000000,0.000000,3.519727,-58.194253,35.927001,27.450000,-5.264050,-8.502340,1.200000,0.000000,0.000000,-121.762873,-62.921274,-72.019521,8.673943,7.984814,0.492697,-0.264703,0.000000,0.000000,0.000000,4.488269,107.918577,18.784023,109.633039,-13.248921,-8.993475,1.464678,16.079857,nan,nan,nan,0,nan,nan,nan,0,nan,nan,nan,nan,nan,nan,nan,nan,nan,nan,nan,nan,nan,nan,nan,nan,nan,nan,nan,nan,nan,nan,nan,nan,nan,nan,nan,nan,nan,nan,nan,nan,nan,nan,nan,nan,nan,nan,nan,nan,nan,nan,nan,nan,nan,nan,nan,nan,nan,nan,nan,nan,nan,nan,nan,nan,nan,nan,nan,nan,nan,nan,nan,nan,nan,nan,nan,nan,nan,nan,nan,nan,nan,nan,nan,nan,nan,nan,nan,nan
19.280,APPROACH,109.633039,4.488269,107.918577,18.784023,-13.248921,-8.993475,1.464678,-62.287981,-71.968760,8.652876,7.890840,0.456308,-0.262032,0.000000,0.000000,3.309588,-58.454795,35.500249,27.510000,-5.210842,-8.535053,1.200000,0.000000,0.000000,-121.405006,-62.601846,-72.000394,8.663354,7.986551,0.463685,-0.264703,0.000000,0.000000,0.000000,3.833185,107.469009,18.857124,109.178168,-13.101682,-8.991361,1.462032,15.957324,nan,nan,nan,0,nan,nan,nan,0,nan,nan,nan,nan,nan,nan,nan,nan,nan,nan,nan,nan,nan,nan,nan,nan,nan,nan,nan,nan,nan,nan,nan,nan,nan,nan,nan,nan,nan,nan,nan,nan,nan,nan,nan,nan,nan,nan,nan,nan,nan,nan,nan,nan,nan,nan,nan,nan,nan,nan,nan,nan,nan,nan,nan,nan,nan,nan,nan,nan,nan,nan,nan,nan,nan,nan,nan,nan,nan,nan,nan,nan,nan,nan,nan,nan,nan,nan,nan,nan
19.340,APPROACH,108.727477,3.175567,107.019724,18.930365,-13.152369,-8.985700,1.464813,-61.888234,-71.947847,8.639635,7.994938,0.418268,-0.264813,0.000000,0.000000,2.994788,-58.712667,35.071877,27.570000,-5.157431,-8.567433,1.200000,0.000000,0.000000,-121.047139,-62.122580,-71.973878,8.647472,7.988959,0.420156,-0.264703,0.000000,0.000000,0.000000,3.175567,107.019724,18.930365,108.727477,-13.152369,-8.985700,1.464813,15.996040,nan,nan,nan,0,nan,nan,nan,0,nan,nan,nan,nan,nan,nan,nan,nan,nan,nan,nan,nan,nan,nan,nan,nan,nan,nan,nan,nan,nan,nan,nan,nan,nan,nan,nan,nan,nan,nan,nan,nan,nan,nan,nan,nan,nan,nan,nan,nan,nan,nan,nan,nan,nan,nan,nan,nan,nan,nan,nan,nan,nan,nan,nan,nan,nan,nan,nan,nan,nan,nan,nan,nan,nan,nan,nan,nan,nan,nan,nan,nan,nan,nan,nan,nan,nan,nan,nan,nan
19.380,APPROACH,108.727477,3.175567,107.019724,18.930365,-13.152369,-8.985700,1.464813,-61.483597,-71.928879,8.626262,8.092723,0.379363,-0.267454,0.000000,0.000000,2.683891,-58.967858,34.641903,27.630000,-5.103819,-8.599478,1.200000,0.000000,0.000000,-120.689272,-61.802991,-71.957653,8.636884,7.990433,0.391130,-0.264703,0.000000,0.000000,0.000000,2.515740,106.570782,19.003738,108.281127,-13.196543,-8.978841,1.467454,16.028779,nan,nan,nan,0,nan,nan,nan,0,nan,nan,nan,nan,nan,nan,nan,nan,nan,nan,nan,nan,nan,nan,nan,nan,nan,nan,nan,nan,nan,nan,nan,nan,nan,nan,nan,nan,nan,nan,nan,nan,nan,nan,nan,nan,nan,nan,nan,nan,nan,nan,nan,nan,nan,nan,nan,nan,nan,nan,nan,nan,nan,nan,nan,nan,nan,nan,nan,nan,nan,nan,nan,nan,nan,nan,nan,nan,nan,nan,nan,nan,nan,nan,nan,nan,nan,nan,nan,nan
19.440,APPROACH,107.839094,1.863634,106.121940,19.076971,-13.042110,-8.976836,1.464670,-61.083992,-71.911596,8.613029,7.992102,0.345647,-0.264670,0.000000,0.000000,2.476417,-59.220358,34.210344,27.690000,-5.050008,-8.631189,1.200000,0.000000,0.000000,-120.331405,-61.323504,-71.935491,8.621002,7.992446,0.347580,-0.264703,0.000000,0.000000,0.000000,1.863634,106.121940,19.076971,107.839094,-13.042110,-8.976836,1.464670,15.900487,nan,nan,nan,0,nan,nan,nan,0,nan,nan,nan,nan,nan,nan,nan,nan,nan,nan,nan,nan,nan,nan,nan,nan,nan,nan,nan,nan,nan,nan,nan,nan,nan,nan,nan,nan,nan,nan,nan,nan,nan,nan,nan,nan,nan,nan,nan,nan,nan,nan,nan,nan,nan,nan,nan,nan,nan,nan,nan,nan,nan,nan,nan,nan,nan,nan,nan,nan,nan,nan,nan,nan,nan,nan,nan,nan,nan,nan,nan,nan,nan,nan,nan,nan,nan,nan,nan,nan
19.480,APPROACH,107.839094,1.863634,106.121940,19.076971,-13.042110,-8.976836,1.464670,-60.679497,-71.896304,8.599663,8.089909,0.305855,-0.267318,0.000000,0.000000,2.165149,-59.470158,33.777215,27.750000,-4.996000,-8.662562,1.200000,0.000000,0.000000,-119.973538,-61.003782,-71.922169,8.610414,7.993656,0.318542,-0.264703,0.000000,0.000000,0.000000,1.209339,105.673519,19.150337,107.401539,-13.085908,-8.968417,1.467318,15.931934,nan,nan,nan,0,nan,nan,nan,0,nan,nan,nan,nan,nan,nan,nan,nan,nan,nan,nan,nan,nan,nan,nan,nan,nan,nan,nan,nan,nan,nan,nan,nan,nan,nan,nan,nan,nan,nan,nan,nan,nan,nan,nan,nan,nan,nan,nan,nan,nan,nan,nan,nan,nan,nan,nan,nan,nan,nan,nan,nan,nan,nan,nan,nan,nan,nan,nan,nan,nan,nan,nan,nan,nan,nan,nan,nan,nan,nan,nan,nan,nan,nan,nan,nan,nan,nan,nan,nan
19.540,APPROACH,106.968229,0.562782,105.225187,19.223564,-12.931138,-8.966652,1.464540,-60.280030,-71.882651,8.586436,7.989341,0.273054,-0.264540,0.000000,0.000000,1.957452,-59.717248,33.342536,27.810000,-4.941797,-8.693598,1.200000,0.000000,0.000000,-119.615671,-60.524113,-71.904363,8.594532,7.995273,0.274976,-0.264703,0.000000,0.000000,0.000000,0.562782,105.225187,19.223564,106.968229,-12.931138,-8.966652,1.464540,15.803798,nan,nan,nan,0,nan,nan,nan,0,nan,nan,nan,nan,nan,nan,nan,nan,nan,nan,nan,nan,nan,nan,nan,nan,nan,nan,nan,nan,nan,nan,nan,nan,nan,nan,nan,nan,nan,nan,nan,nan,nan,nan,nan,nan,nan,nan,nan,nan,nan,nan,nan,nan,nan,nan,nan,nan,nan,nan,nan,nan,nan,nan,nan,nan,nan,nan,nan,nan,nan,nan,nan,nan,nan,nan,nan,nan,nan,nan,nan,nan,nan,nan,nan,nan,nan,nan,nan,nan
19.580,APPROACH,106.968229,0.562782,105.225187,19.223564,-12.931138,-8.966652,1.464540,-59.885269,-71.871336,8.573341,7.895212,0.226298,-0.261902,0.000000,0.000000,1.641803,-59.961618,32.906321,27.870000,-4.887401,-8.724294,1.200000,0.000000,0.000000,-119.257804,-60.204282,-71.893945,8.583943,7.996219,0.245928,-0.264703,0.000000,0.000000,0.000000,-0.076349,104.777657,19.296659,106.539778,-12.782613,-8.950593,1.461902,15.673081,nan,nan,nan,0,nan,nan,nan,0,nan,nan,nan,nan,nan,nan,nan,nan,nan,nan,nan,nan,nan,nan,nan,nan,nan,nan,nan,nan,nan,nan,nan,nan,nan,nan,nan,nan,nan,nan,nan,nan,nan,nan,nan,nan,nan,nan,nan,nan,nan,nan,nan,nan,nan,nan,nan,nan,nan,nan,nan,nan,nan,nan,nan,nan,nan,nan,nan,nan,nan,nan,nan,nan,nan,nan,nan,nan,nan,nan,nan,nan,nan,nan,nan,nan,nan,nan,nan,nan
19.640,APPROACH,106.115184,-0.717894,104.329882,19.369894,-12.830897,-8.955503,1.464689,-59.485365,-71.861293,8.560106,7.998083,0.200853,-0.264689,0.000000,0.000000,1.438543,-60.203259,32.468588,27.930000,-4.832814,-8.754651,1.200000,0.000000,0.000000,-118.899937,-59.724471,-71.880497,8.568061,7.997441,0.202349,-0.264703,0.000000,0.000000,0.000000,-0.717894,104.329882,19.369894,106.115184,-12.830897,-8.955503,1.464689,15.715543,nan,nan,nan,0,nan,nan,nan,0,nan,nan,nan,nan,nan,nan,nan,nan,nan,nan,nan,nan,nan,nan,nan,nan,nan,nan,nan,nan,nan,nan,nan,nan,nan,nan,nan,nan,nan,nan,nan,nan,nan,nan,nan,nan,nan,nan,nan,nan,nan,nan,nan,nan,nan,nan,nan,nan,nan,nan,nan,nan,nan,nan,nan,nan,nan,nan,nan,nan,nan,nan,nan,nan,nan,nan,nan,nan,nan,nan,nan,nan,nan,nan,nan,nan,nan,nan,nan,nan
19.680,APPROACH,106.115184,-0.717894,104.329882,19.369894,-12.830897,-8.955503,1.464689,-59.080611,-71.853330,8.546740,8.095089,0.159265,-0.267336,0.000000,0.000000,1.127106,-60.442161,32.029355,27.990000,-4.778039,-8.784665,1.200000,0.000000,0.000000,-118.542070,-59.404560,-71.872984,8.557473,7.998123,0.173293,-0.264703,0.000000,0.000000,0.000000,-1.361550,103.882685,19.443260,105.695348,-12.873128,-8.943930,1.467336,15.743710,nan,nan,nan,0,nan,nan,nan,0,nan,nan,nan,nan,nan,nan,nan,nan,nan,nan,nan,nan,nan,nan,nan,nan,nan,nan,nan,nan,nan,nan,nan,nan,nan,nan,nan,nan,nan,nan,nan,nan,nan,nan,nan,nan,nan,nan,nan,nan,nan,nan,nan,nan,nan,nan,nan,nan,nan,nan,nan,nan,nan,nan,nan,nan,nan,nan,nan,nan,nan,nan,nan,nan,nan,nan,nan,nan,nan,nan,nan,nan,nan,nan,nan,nan,nan,nan,nan,nan
19.740,APPROACH,105.279613,-1.997398,103.435555,19.516488,-12.716963,-8.942609,1.464558,-58.680916,-71.846917,8.533512,7.993885,0.128272,-0.264558,0.000000,0.000000,0.919301,-60.678315,31.588638,28.050000,-4.723078,-8.814337,1.200000,0.000000,0.000000,-118.184203,-58.924646,-71.863894,8.541591,7.998948,0.129705,-0.264703,0.000000,0.000000,0.000000,-1.997398,103.435555,19.516488,105.279613,-12.716963,-8.942609,1.464558,15.615259,nan,nan,nan,0,nan,nan,nan,0,nan,nan,nan,nan,nan,nan,nan,nan,nan,nan,nan,nan,nan,nan,nan,nan,nan,nan,nan,nan,nan,nan,nan,nan,nan,nan,nan,nan,nan,nan,nan,nan,nan,nan,nan,nan,nan,nan,nan,nan,nan,nan,nan,nan,nan,nan,nan,nan,nan,nan,nan,nan,nan,nan,nan,nan,nan,nan,nan,nan,nan,nan,nan,nan,nan,nan,nan,nan,nan,nan,nan,nan,nan,nan,nan,nan,nan,nan,nan,nan
19.780,APPROACH,105.279613,-1.997398,103.435555,19.516488,-12.716963,-8.942609,1.464558,-58.276374,-71.842627,8.520151,8.090851,0.085800,-0.267212,0.000000,0.000000,0.607577,-60.911711,31.146455,28.110000,-4.667932,-8.843665,1.200000,0.000000,0.000000,-117.826336,-58.604680,-71.859287,8.531003,7.999367,0.100645,-0.264703,0.000000,0.000000,0.000000,-2.635337,102.989082,19.589849,104.868766,-12.758783,-8.929465,1.467212,15.642078,nan,nan,nan,0,nan,nan,nan,0,nan,nan,nan,nan,nan,nan,nan,nan,nan,nan,nan,nan,nan,nan,nan,nan,nan,nan,nan,nan,nan,nan,nan,nan,nan,nan,nan,nan,nan,nan,nan,nan,nan,nan,nan,nan,nan,nan,nan,nan,nan,nan,nan,nan,nan,nan,nan,nan,nan,nan,nan,nan,nan,nan,nan,nan,nan,nan,nan,nan,nan,nan,nan,nan,nan,nan,nan,nan,nan,nan,nan,nan,nan,nan,nan,nan,nan,nan,nan,nan
19.840,APPROACH,104.461942,-3.265452,102.542663,19.663071,-12.602294,-8.928372,1.464440,-57.876889,-71.839840,8.506929,7.989690,0.055724,-0.264440,0.000000,0.000000,0.399600,-61.142341,30.702823,28.170000,-4.612604,-8.872648,1.200000,0.000000,0.000000,-117.468469,-58.124704,-71.854556,8.515121,7.999797,0.057051,-0.264703,0.000000,0.000000,0.000000,-3.265452,102.542663,19.663071,104.461942,-12.602294,-8.928372,1.464440,15.513808,nan,nan,nan,0,nan,nan,nan,0,nan,nan,nan,nan,nan,nan,nan,nan,nan,nan,nan,nan,nan,nan,nan,nan,nan,nan,nan,nan,nan,nan,nan,nan,nan,nan,nan,nan,nan,nan,nan,nan,nan,nan,nan,nan,nan,nan,nan,nan,nan,nan,nan,nan,nan,nan,nan,nan,nan,nan,nan,nan,nan,nan,nan,nan,nan,nan,nan,nan,nan,nan,nan,nan,nan,nan,nan,nan,nan,nan,nan,nan,nan,nan,nan,nan,nan,nan,nan,nan
19.880,APPROACH,104.461942,-3.265452,102.542663,19.663071,-12.602294,-8.928372,1.464440,-57.472561,-71.839222,8.493574,8.086568,0.012370,-0.267100,0.000000,0.000000,0.087645,-61.370196,30.257758,28.230000,-4.557096,-8.901285,1.200000,0.000000,0.000000,-117.110602,-57.804708,-71.852855,8.504533,7.999951,0.027988,-0.264703,0.000000,0.000000,0.000000,-3.897635,102.096980,19.736426,104.060134,-12.643665,-8.913655,1.467100,15.539237,nan,nan,nan,0,nan,nan,nan,0,nan,nan,nan,nan,nan,nan,nan,nan,nan,nan,nan,nan,nan,nan,nan,nan,nan,nan,nan,nan,nan,nan,nan,nan,nan,nan,nan,nan,nan,nan,nan,nan,nan,nan,nan,nan,nan,nan,nan,nan,nan,nan,nan,nan,nan,nan,nan,nan,nan,nan,nan,nan,nan,nan,nan,nan,nan,nan,nan,nan,nan,nan,nan,nan,nan,nan,nan,nan,nan,nan,nan,nan,nan,nan,nan,nan,nan,nan,nan,nan
19.940,APPROACH,103.662266,-4.521977,101.651341,19.809643,-12.486833,-8.912784,1.464333,-57.073290,-71.840061,8.480357,7.985422,-0.016790,-0.264333,0.000000,0.000000,-0.120470,-61.595267,29.811280,28.290000,-4.501411,-8.929575,1.200000,0.000000,0.000000,-116.752736,-57.324709,-71.852484,8.488650,7.999985,-0.015608,-0.264703,0.000000,0.000000,0.000000,-4.521977,101.651341,19.809643,103.662266,-12.486833,-8.912784,1.464333,15.411132,nan,nan,nan,0,nan,nan,nan,0,nan,nan,nan,nan,nan,nan,nan,nan,nan,nan,nan,nan,nan,nan,nan,nan,nan,nan,nan,nan,nan,nan,nan,nan,nan,nan,nan,nan,nan,nan,nan,nan,nan,nan,nan,nan,nan,nan,nan,nan,nan,nan,nan,nan,nan,nan,nan,nan,nan,nan,nan,nan,nan,nan,nan,nan,nan,nan,nan,nan,nan,nan,nan,nan,nan,nan,nan,nan,nan,nan,nan,nan,nan,nan,nan,nan,nan,nan,nan,nan
19.980,APPROACH,103.662266,-4.521977,101.651341,19.809643,-12.486833,-8.912784,1.464333,-56.669181,-71.843113,8.467008,8.082169,-0.061025,-0.266998,0.000000,0.000000,-0.432609,-61.817544,29.363404,28.350000,-4.445550,-8.957516,1.200000,0.000000,0.000000,-116.394869,-57.004712,-71.853689,8.478062,7.999875,-0.044672,-0.264703,0.000000,0.000000,0.000000,-5.148363,101.206516,19.882992,103.269541,-12.527719,-8.896491,1.466998,15.435134,nan,nan,nan,0,nan,nan,nan,0,nan,nan,nan,nan,nan,nan,nan,nan,nan,nan,nan,nan,nan,nan,nan,nan,nan,nan,nan,nan,nan,nan,nan,nan,nan,nan,nan,nan,nan,nan,nan,nan,nan,nan,nan,nan,nan,nan,nan,nan,nan,nan,nan,nan,nan,nan,nan,nan,nan,nan,nan,nan,nan,nan,nan,nan,nan,nan,nan,nan,nan,nan,nan,nan,nan,nan,nan,nan,nan,nan,nan,nan,nan,nan,nan,nan,nan,nan,nan,nan
20.040,APPROACH,102.880670,-5.766889,100.761724,19.956204,-12.370528,-8.895839,1.464237,-56.270131,-71.847576,8.453796,7.981013,-0.089268,-0.264237,0.000000,0.000000,-0.640832,-62.037020,28.914148,28.410000,-4.389515,-8.985108,1.200000,0.000000,0.000000,-116.037002,-56.524729,-71.857678,8.462180,7.999513,-0.088266,-0.264703,0.000000,0.000000,0.000000,-5.766889,100.761724,19.956204,102.880670,-12.370528,-8.895839,1.464237,15.307185,nan,nan,nan,0,nan,nan,nan,0,nan,nan,nan,nan,nan,nan,nan,nan,nan,nan,nan,nan,nan,nan,nan,nan,nan,nan,nan,nan,nan,nan,nan,nan,nan,nan,nan,nan,nan,nan,nan,nan,nan,nan,nan,nan,nan,nan,nan,nan,nan,nan,nan,nan,nan,nan,nan,nan,nan,nan,nan,nan,nan,nan,nan,nan,nan,nan,nan,nan,nan,nan,nan,nan,nan,nan,nan,nan,nan,nan,nan,nan,nan,nan,nan,nan,nan,nan,nan,nan
20.080,APPROACH,102.880670,-5.766889,100.761724,19.956204,-12.370528,-8.895839,1.464237,-55.866251,-71.854295,8.440450,8.077590,-0.134383,-0.266907,0.000000,0.000000,-0.953115,-62.253685,28.463531,28.470000,-4.333309,-9.012349,1.200000,0.000000,0.000000,-115.679135,-56.204755,-71.861789,8.451592,7.999140,-0.117327,-0.264703,0.000000,0.000000,0.000000,-6.387434,100.317826,20.029550,102.497065,-12.410899,-8.877966,1.466907,15.329726,nan,nan,nan,0,nan,nan,nan,0,nan,nan,nan,nan,nan,nan,nan,nan,nan,nan,nan,nan,nan,nan,nan,nan,nan,nan,nan,nan,nan,nan,nan,nan,nan,nan,nan,nan,nan,nan,nan,nan,nan,nan,nan,nan,nan,nan,nan,nan,nan,nan,nan,nan,nan,nan,nan,nan,nan,nan,nan,nan,nan,nan,nan,nan,nan,nan,nan,nan,nan,nan,nan,nan,nan,nan,nan,nan,nan,nan,nan,nan,nan,nan,nan,nan,nan,nan,nan,nan
20.140,APPROACH,102.117227,-7.000101,99.873950,20.102757,-12.253338,-8.877529,1.464150,-55.467431,-71.862381,8.427243,7.976403,-0.161709,-0.264150,0.000000,0.000000,-1.161423,-62.467532,28.011569,28.530000,-4.276934,-9.039239,1.200000,0.000000,0.000000,-115.321268,-55.724828,-71.870137,8.435710,7.998381,-0.160916,-0.264703,0.000000,0.000000,0.000000,-7.000101,99.873950,20.102757,102.117227,-12.253338,-8.877529,1.464150,15.201926,nan,nan,nan,0,nan,nan,nan,0,nan,nan,nan,nan,nan,nan,nan,nan,nan,nan,nan,nan,nan,nan,nan,nan,nan,nan,nan,nan,nan,nan,nan,nan,nan,nan,nan,nan,nan,nan,nan,nan,nan,nan,nan,nan,nan,nan,nan,nan,nan,nan,nan,nan,nan,nan,nan,nan,nan,nan,nan,nan,nan,nan,nan,nan,nan,nan,nan,nan,nan,nan,nan,nan,nan,nan,nan,nan,nan,nan,nan,nan,nan,nan,nan,nan,nan,nan,nan,nan
20.180,APPROACH,102.117227,-7.000101,99.873950,20.102757,-12.253338,-8.877529,1.464150,-55.073390,-71.872547,8.414166,7.880825,-0.203317,-0.261530,0.000000,0.000000,-1.477840,-62.678552,27.558280,28.588800,-4.220393,-9.065776,1.176000,0.000000,0.000000,-114.963401,-55.404906,-71.877155,8.425122,7.997744,-0.189973,-0.264703,0.000000,0.000000,0.000000,-7.605162,99.430827,20.174634,101.741553,-12.101217,-8.862459,1.437530,15.068150,nan,nan,nan,0,nan,nan,nan,0,nan,nan,nan,nan,nan,nan,nan,nan,nan,nan,nan,nan,nan,nan,nan,nan,nan,nan,nan,nan,nan,nan,nan,nan,nan,nan,nan,nan,nan,nan,nan,nan,nan,nan,nan,nan,nan,nan,nan,nan,nan,nan,nan,nan,nan,nan,nan,nan,nan,nan,nan,nan,nan,nan,nan,nan,nan,nan,nan,nan,nan,nan,nan,nan,nan,nan,nan,nan,nan,nan,nan,nan,nan,nan,nan,nan,nan,nan,nan,nan
20.240,APPROACH,101.370067,-8.212499,98.987947,20.244298,-12.146743,-8.857586,1.393296,-54.674237,-71.884265,8.400950,7.983056,-0.234373,-0.264336,0.000000,0.000000,-1.681652,-62.886736,27.103682,28.645248,-4.163686,-9.091959,1.128960,0.000000,0.000000,-114.605535,-54.925074,-71.889860,8.409239,7.996590,-0.233553,-0.264703,0.000000,0.000000,0.000000,-8.212499,98.987947,20.244298,101.370067,-12.146743,-8.857586,1.393296,15.097730,nan,nan,nan,0,nan,nan,nan,0,nan,nan,nan,nan,nan,nan,nan,nan,nan,nan,nan,nan,nan,nan,nan,nan,nan,nan,nan,nan,nan,nan,nan,nan,nan,nan,nan,nan,nan,nan,nan,nan,nan,nan,nan,nan,nan,nan,nan,nan,nan,nan,nan,nan,nan,nan,nan,nan,nan,nan,nan,nan,nan,nan,nan,nan,nan,nan,nan,nan,nan,nan,nan,nan,nan,nan,nan,nan,nan,nan,nan,nan,nan,nan,nan,nan,nan,nan,nan,nan
20.280,APPROACH,101.370067,-8.212499,98.987947,20.244298,-12.146743,-8.857586,1.393296,-54.279884,-71.897294,8.387864,7.887061,-0.260573,-0.261707,0.000000,0.000000,-1.892249,-63.092077,26.647793,28.699438,-4.106817,-9.117788,1.083802,0.000000,0.000000,-114.247668,-54.605228,-71.899783,8.398651,7.995689,-0.262603,-0.264703,0.000000,0.000000,0.000000,-8.812193,98.545087,20.311574,101.001727,-11.993878,-8.857215,1.345509,14.970430,nan,nan,nan,0,nan,nan,nan,0,nan,nan,nan,nan,nan,nan,nan,nan,nan,nan,nan,nan,nan,nan,nan,nan,nan,nan,nan,nan,nan,nan,nan,nan,nan,nan,nan,nan,nan,nan,nan,nan,nan,nan,nan,nan,nan,nan,nan,nan,nan,nan,nan,nan,nan,nan,nan,nan,nan,nan,nan,nan,nan,nan,nan,nan,nan,nan,nan,nan,nan,nan,nan,nan,nan,nan,nan,nan,nan,nan,nan,nan,nan,nan,nan,nan,nan,nan,nan,nan
20.340,APPROACH,100.638469,-9.414084,98.103321,20.376822,-12.037826,-8.835321,1.304954,-53.880482,-71.912691,8.374639,7.988038,-0.307939,-0.264504,0.000000,0.000000,-2.207663,-63.294566,26.190630,28.751461,-4.049788,-9.143261,1.040450,0.000000,0.000000,-113.889801,-54.125532,-71.916847,8.382769,7.994139,-0.306171,-0.264703,0.000000,0.000000,0.000000,-9.414084,98.103321,20.376822,100.638469,-12.037826,-8.835321,1.304954,14.989165,nan,nan,nan,0,nan,nan,nan,0,nan,nan,nan,nan,nan,nan,nan,nan,nan,nan,nan,nan,nan,nan,nan,nan,nan,nan,nan,nan,nan,nan,nan,nan,nan,nan,nan,nan,nan,nan,nan,nan,nan,nan,nan,nan,nan,nan,nan,nan,nan,nan,nan,nan,nan,nan,nan,nan,nan,nan,nan,nan,nan,nan,nan,nan,nan,nan,nan,nan,nan,nan,nan,nan,nan,nan,nan,nan,nan,nan,nan,nan,nan,nan,nan,nan,nan,nan,nan,nan
20.380,APPROACH,100.638469,-9.414084,98.103321,20.376822,-12.037826,-8.835321,1.304954,-53.485944,-71.930077,8.361546,7.890766,-0.347721,-0.261867,0.000000,0.000000,-2.523214,-63.494196,25.732211,28.801402,-3.992601,-9.168377,0.998832,0.000000,0.000000,-113.531934,-53.805790,-71.929674,8.372181,7.992974,-0.335212,-0.264703,0.000000,0.000000,0.000000,-10.008253,97.662288,20.439857,100.278988,-11.883367,-8.820655,1.260699,14.852870,nan,nan,nan,0,nan,nan,nan,0,nan,nan,nan,nan,nan,nan,nan,nan,nan,nan,nan,nan,nan,nan,nan,nan,nan,nan,nan,nan,nan,nan,nan,nan,nan,nan,nan,nan,nan,nan,nan,nan,nan,nan,nan,nan,nan,nan,nan,nan,nan,nan,nan,nan,nan,nan,nan,nan,nan,nan,nan,nan,nan,nan,nan,nan,nan,nan,nan,nan,nan,nan,nan,nan,nan,nan,nan,nan,nan,nan,nan,nan,nan,nan,nan,nan,nan,nan,nan,nan
20.440,APPROACH,99.923974,-10.604592,97.221659,20.501033,-11.926779,-8.812583,1.223534,-53.086368,-71.949104,8.348313,7.991521,-0.380552,-0.264656,0.000000,0.000000,-2.726336,-63.690959,25.272554,28.849346,-3.935259,-9.193135,0.958878,0.000000,0.000000,-113.174068,-53.326269,-71.951094,8.356299,7.991029,-0.378764,-0.264703,0.000000,0.000000,0.000000,-10.604592,97.221659,20.501033,99.923974,-11.926779,-8.812583,1.223534,14.879742,nan,nan,nan,0,nan,nan,nan,0,nan,nan,nan,nan,nan,nan,nan,nan,nan,nan,nan,nan,nan,nan,nan,nan,nan,nan,nan,nan,nan,nan,nan,nan,nan,nan,nan,nan,nan,nan,nan,nan,nan,nan,nan,nan,nan,nan,nan,nan,nan,nan,nan,nan,nan,nan,nan,nan,nan,nan,nan,nan,nan,nan,nan,nan,nan,nan,nan,nan,nan,nan,nan,nan,nan,nan,nan,nan,nan,nan,nan,nan,nan,nan,nan,nan,nan,nan,nan,nan
20.480,APPROACH,99.923974,-10.604592,97.221659,20.501033,-11.926779,-8.812583,1.223534,-52.682105,-71.970557,8.334948,8.085254,-0.429057,-0.267305,0.000000,0.000000,-3.037646,-63.884848,24.811678,28.895372,-3.877762,-9.217535,0.920523,0.000000,0.000000,-112.816201,-53.006656,-71.966825,8.345711,7.989600,-0.407793,-0.264703,0.000000,0.000000,0.000000,-11.202743,96.782235,20.560425,99.574261,-11.963017,-8.788478,1.187829,14.891677,nan,nan,nan,0,nan,nan,nan,0,nan,nan,nan,nan,nan,nan,nan,nan,nan,nan,nan,nan,nan,nan,nan,nan,nan,nan,nan,nan,nan,nan,nan,nan,nan,nan,nan,nan,nan,nan,nan,nan,nan,nan,nan,nan,nan,nan,nan,nan,nan,nan,nan,nan,nan,nan,nan,nan,nan,nan,nan,nan,nan,nan,nan,nan,nan,nan,nan,nan,nan,nan,nan,nan,nan,nan,nan,nan,nan,nan,nan,nan,nan,nan,nan,nan,nan,nan,nan,nan
20.540,APPROACH,99.227511,-11.792852,96.342786,20.617836,-11.802184,-8.788968,1.148230,-52.283002,-71.993188,8.321721,7.982069,-0.452608,-0.264528,0.000000,0.000000,-3.245372,-64.075853,24.349599,28.939557,-3.820115,-9.241576,0.883702,0.000000,0.000000,-112.458334,-52.527349,-71.992599,8.329828,7.987259,-0.451326,-0.264703,0.000000,0.000000,0.000000,-11.792852,96.342786,20.617836,99.227511,-11.802184,-8.788968,1.148230,14.759944,nan,nan,nan,0,nan,nan,nan,0,nan,nan,nan,nan,nan,nan,nan,nan,nan,nan,nan,nan,nan,nan,nan,nan,nan,nan,nan,nan,nan,nan,nan,nan,nan,nan,nan,nan,nan,nan,nan,nan,nan,nan,nan,nan,nan,nan,nan,nan,nan,nan,nan,nan,nan,nan,nan,nan,nan,nan,nan,nan,nan,nan,nan,nan,nan,nan,nan,nan,nan,nan,nan,nan,nan,nan,nan,nan,nan,nan,nan,nan,nan,nan,nan,nan,nan,nan,nan,nan
20.580,APPROACH,99.227511,-11.792852,96.342786,20.617836,-11.802184,-8.788968,1.148230,-51.888800,-72.017720,8.308627,7.884034,-0.490639,-0.261890,0.000000,0.000000,-3.561037,-64.263969,23.886336,28.981975,-3.762318,-9.265256,0.848354,0.000000,0.000000,-112.100468,-52.207892,-72.011232,8.319240,7.985567,-0.480340,-0.264703,0.000000,0.000000,0.000000,-12.375169,95.904056,20.673348,98.884377,-11.646352,-8.774617,1.110244,14.624092,nan,nan,nan,0,nan,nan,nan,0,nan,nan,nan,nan,nan,nan,nan,nan,nan,nan,nan,nan,nan,nan,nan,nan,nan,nan,nan,nan,nan,nan,nan,nan,nan,nan,nan,nan,nan,nan,nan,nan,nan,nan,nan,nan,nan,nan,nan,nan,nan,nan,nan,nan,nan,nan,nan,nan,nan,nan,nan,nan,nan,nan,nan,nan,nan,nan,nan,nan,nan,nan,nan,nan,nan,nan,nan,nan,nan,nan,nan,nan,nan,nan,nan,nan,nan,nan,nan,nan
20.640,APPROACH,98.545973,-12.959594,95.465893,20.727303,-11.688498,-8.763259,1.079098,-51.489594,-72.043985,8.295393,7.984123,-0.525315,-0.264678,0.000000,0.000000,-3.764351,-64.449188,23.421907,29.022696,-3.704375,-9.288574,0.814420,0.000000,0.000000,-111.742601,-51.728839,-72.041358,8.303358,7.982830,-0.523850,-0.264703,0.000000,0.000000,0.000000,-12.959594,95.465893,20.727303,98.545973,-11.688498,-8.763259,1.079098,14.648554,nan,nan,nan,0,nan,nan,nan,0,nan,nan,nan,nan,nan,nan,nan,nan,nan,nan,nan,nan,nan,nan,nan,nan,nan,nan,nan,nan,nan,nan,nan,nan,nan,nan,nan,nan,nan,nan,nan,nan,nan,nan,nan,nan,nan,nan,nan,nan,nan,nan,nan,nan,nan,nan,nan,nan,nan,nan,nan,nan,nan,nan,nan,nan,nan,nan,nan,nan,nan,nan,nan,nan,nan,nan,nan,nan,nan,nan,nan,nan,nan,nan,nan,nan,nan,nan,nan,nan
20.680,APPROACH,98.545973,-12.959594,95.465893,20.727303,-11.688498,-8.763259,1.079098,-51.095276,-72.071383,8.282291,7.886348,-0.547943,-0.262032,0.000000,0.000000,-3.974518,-64.631502,22.956331,29.061788,-3.646287,-9.311530,0.781843,0.000000,0.000000,-111.384734,-51.409564,-72.062892,8.292770,7.980875,-0.552848,-0.264703,0.000000,0.000000,0.000000,-13.536226,95.027713,20.779497,98.210403,-11.532635,-8.763587,1.043875,14.522114,nan,nan,nan,0,nan,nan,nan,0,nan,nan,nan,nan,nan,nan,nan,nan,nan,nan,nan,nan,nan,nan,nan,nan,nan,nan,nan,nan,nan,nan,nan,nan,nan,nan,nan,nan,nan,nan,nan,nan,nan,nan,nan,nan,nan,nan,nan,nan,nan,nan,nan,nan,nan,nan,nan,nan,nan,nan,nan,nan,nan,nan,nan,nan,nan,nan,nan,nan,nan,nan,nan,nan,nan,nan,nan,nan,nan,nan,nan,nan,nan,nan,nan,nan,nan,nan,nan,nan
20.740,APPROACH,97.880424,-14.114864,94.590951,20.830266,-11.572758,-8.735241,1.015382,-50.696041,-72.101327,8.269051,7.984701,-0.598882,-0.264812,0.000000,0.000000,-4.289362,-64.810905,22.489625,29.099317,-3.588057,-9.334123,0.750569,0.000000,0.000000,-111.026868,-50.930805,-72.097367,8.276888,7.977743,-0.596331,-0.264703,0.000000,0.000000,0.000000,-14.114864,94.590951,20.830266,97.880424,-11.572758,-8.735241,1.015382,14.534929,nan,nan,nan,0,nan,nan,nan,0,nan,nan,nan,nan,nan,nan,nan,nan,nan,nan,nan,nan,nan,nan,nan,nan,nan,nan,nan,nan,nan,nan,nan,nan,nan,nan,nan,nan,nan,nan,nan,nan,nan,nan,nan,nan,nan,nan,nan,nan,nan,nan,nan,nan,nan,nan,nan,nan,nan,nan,nan,nan,nan,nan,nan,nan,nan,nan,nan,nan,nan,nan,nan,nan,nan,nan,nan,nan,nan,nan,nan,nan,nan,nan,nan,nan,nan,nan,nan,nan
20.780,APPROACH,97.880424,-14.114864,94.590951,20.830266,-11.572758,-8.735241,1.015382,-50.301722,-72.132354,8.255943,7.886384,-0.620556,-0.262160,0.000000,0.000000,-4.499161,-64.987389,22.021807,29.135344,-3.529687,-9.356351,0.720547,0.000000,0.000000,-110.669001,-50.611739,-72.121800,8.266300,7.975524,-0.625310,-0.264703,0.000000,0.000000,0.000000,-14.685667,94.154161,20.879401,97.553187,-11.416071,-8.735796,0.982707,14.408557,nan,nan,nan,0,nan,nan,nan,0,nan,nan,nan,nan,nan,nan,nan,nan,nan,nan,nan,nan,nan,nan,nan,nan,nan,nan,nan,nan,nan,nan,nan,nan,nan,nan,nan,nan,nan,nan,nan,nan,nan,nan,nan,nan,nan,nan,nan,nan,nan,nan,nan,nan,nan,nan,nan,nan,nan,nan,nan,nan,nan,nan,nan,nan,nan,nan,nan,nan,nan,nan,nan,nan,nan,nan,nan,nan,nan,nan,nan,nan,nan,nan,nan,nan,nan,nan,nan,nan
20.840,APPROACH,97.231655,-15.258424,93.718867,20.927234,-11.455129,-8.705890,0.956659,-49.902525,-72.165971,8.242696,7.983950,-0.672325,-0.264934,0.000000,0.000000,-4.813499,-65.160948,21.552896,29.169930,-3.471179,-9.378215,0.691725,0.000000,0.000000,-110.311134,-50.133312,-72.160622,8.250417,7.971998,-0.668763,-0.264703,0.000000,0.000000,0.000000,-15.258424,93.718867,20.927234,97.231655,-11.455129,-8.705890,0.956659,14.419698,nan,nan,nan,0,nan,nan,nan,0,nan,nan,nan,nan,nan,nan,nan,nan,nan,nan,nan,nan,nan,nan,nan,nan,nan,nan,nan,nan,nan,nan,nan,nan,nan,nan,nan,nan,nan,nan,nan,nan,nan,nan,nan,nan,nan,nan,nan,nan,nan,nan,nan,nan,nan,nan,nan,nan,nan,nan,nan,nan,nan,nan,nan,nan,nan,nan,nan,nan,nan,nan,nan,nan,nan,nan,nan,nan,nan,nan,nan,nan,nan,nan,nan,nan,nan,nan,nan,nan
20.880,APPROACH,97.231655,-15.258424,93.718867,20.927234,-11.455129,-8.705890,0.956659,-49.498766,-72.202176,8.229317,8.075168,-0.724098,-0.267570,0.000000,0.000000,-5.123990,-65.331575,21.082911,29.203133,-3.412536,-9.399713,0.664056,0.000000,0.000000,-109.953268,-49.814481,-72.187952,8.239829,7.969516,-0.697720,-0.264703,0.000000,0.000000,0.000000,-15.832809,93.285086,20.973816,96.915871,-11.487704,-8.675615,0.931625,14.425726,nan,nan,nan,0,nan,nan,nan,0,nan,nan,nan,nan,nan,nan,nan,nan,nan,nan,nan,nan,nan,nan,nan,nan,nan,nan,nan,nan,nan,nan,nan,nan,nan,nan,nan,nan,nan,nan,nan,nan,nan,nan,nan,nan,nan,nan,nan,nan,nan,nan,nan,nan,nan,nan,nan,nan,nan,nan,nan,nan,nan,nan,nan,nan,nan,nan,nan,nan,nan,nan,nan,nan,nan,nan,nan,nan,nan,nan,nan,nan,nan,nan,nan,nan,nan,nan,nan,nan
20.940,APPROACH,96.602665,-16.399024,92.851233,21.018929,-11.324305,-8.677058,0.902273,-49.100239,-72.239365,8.216078,7.970546,-0.743786,-0.264779,0.000000,0.000000,-5.331218,-65.499263,20.611868,29.235008,-3.353760,-9.420844,0.637494,0.000000,0.000000,-109.595401,-49.336427,-72.231118,8.223947,7.965596,-0.741139,-0.264703,0.000000,0.000000,0.000000,-16.399024,92.851233,21.018929,96.602665,-11.324305,-8.677058,0.902273,14.294940,nan,nan,nan,0,nan,nan,nan,0,nan,nan,nan,nan,nan,nan,nan,nan,nan,nan,nan,nan,nan,nan,nan,nan,nan,nan,nan,nan,nan,nan,nan,nan,nan,nan,nan,nan,nan,nan,nan,nan,nan,nan,nan,nan,nan,nan,nan,nan,nan,nan,nan,nan,nan,nan,nan,nan,nan,nan,nan,nan,nan,nan,nan,nan,nan,nan,nan,nan,nan,nan,nan,nan,nan,nan,nan,nan,nan,nan,nan,nan,nan,nan,nan,nan,nan,nan,nan,nan
20.980,APPROACH,96.602665,-16.399024,92.851233,21.018929,-11.324305,-8.677058,0.902273,-48.697154,-72.279187,8.202707,8.061708,-0.796446,-0.267423,0.000000,0.000000,-5.642152,-65.664006,20.139788,29.265607,-3.294852,-9.441607,0.611994,0.000000,0.000000,-109.237534,-49.017858,-72.261342,8.213359,7.962850,-0.770073,-0.264703,0.000000,0.000000,0.000000,-16.966852,92.418975,21.062900,96.295311,-11.356560,-8.645161,0.879416,14.299778,nan,nan,nan,0,nan,nan,nan,0,nan,nan,nan,nan,nan,nan,nan,nan,nan,nan,nan,nan,nan,nan,nan,nan,nan,nan,nan,nan,nan,nan,nan,nan,nan,nan,nan,nan,nan,nan,nan,nan,nan,nan,nan,nan,nan,nan,nan,nan,nan,nan,nan,nan,nan,nan,nan,nan,nan,nan,nan,nan,nan,nan,nan,nan,nan,nan,nan,nan,nan,nan,nan,nan,nan,nan,nan,nan,nan,nan,nan,nan,nan,nan,nan,nan,nan,nan,nan,nan
21.040,APPROACH,95.990429,-17.526508,91.986637,21.105508,-11.193121,-8.646762,0.852154,-48.299288,-72.319949,8.189475,7.957304,-0.815241,-0.264640,0.000000,0.000000,-5.849649,-65.825797,19.666688,29.294983,-3.235817,-9.462002,0.587514,0.000000,0.000000,-108.879668,-48.540215,-72.308848,8.197477,7.958536,-0.813455,-0.264703,0.000000,0.000000,0.000000,-17.526508,91.986637,21.105508,95.990429,-11.193121,-8.646762,0.852154,14.169637,nan,nan,nan,0,nan,nan,nan,0,nan,nan,nan,nan,nan,nan,nan,nan,nan,nan,nan,nan,nan,nan,nan,nan,nan,nan,nan,nan,nan,nan,nan,nan,nan,nan,nan,nan,nan,nan,nan,nan,nan,nan,nan,nan,nan,nan,nan,nan,nan,nan,nan,nan,nan,nan,nan,nan,nan,nan,nan,nan,nan,nan,nan,nan,nan,nan,nan,nan,nan,nan,nan,nan,nan,nan,nan,nan,nan,nan,nan,nan,nan,nan,nan,nan,nan,nan,nan,nan
21.080,APPROACH,95.990429,-17.526508,91.986637,21.105508,-11.193121,-8.646762,0.852154,-47.906342,-72.361663,8.176375,7.858920,-0.834285,-0.261996,0.000000,0.000000,-6.059694,-65.984629,19.192587,29.323184,-3.176655,-9.482029,0.564014,0.000000,0.000000,-108.521801,-48.221933,-72.341964,8.186889,7.955528,-0.842363,-0.264703,0.000000,0.000000,0.000000,-18.078287,91.554250,21.146808,95.687996,-11.035575,-8.647743,0.826009,14.044560,nan,nan,nan,0,nan,nan,nan,0,nan,nan,nan,nan,nan,nan,nan,nan,nan,nan,nan,nan,nan,nan,nan,nan,nan,nan,nan,nan,nan,nan,nan,nan,nan,nan,nan,nan,nan,nan,nan,nan,nan,nan,nan,nan,nan,nan,nan,nan,nan,nan,nan,nan,nan,nan,nan,nan,nan,nan,nan,nan,nan,nan,nan,nan,nan,nan,nan,nan,nan,nan,nan,nan,nan,nan,nan,nan,nan,nan,nan,nan,nan,nan,nan,nan,nan,nan,nan,nan
21.140,APPROACH,95.391582,-18.631930,91.123603,21.187120,-11.072866,-8.612937,0.806231,-47.508567,-72.406101,8.163137,7.955497,-0.888747,-0.264778,0.000000,0.000000,-6.374361,-66.140498,18.717502,29.350256,-3.117369,-9.501685,0.541453,0.000000,0.000000,-108.163934,-47.744742,-72.393806,8.171007,7.950819,-0.885703,-0.264703,0.000000,0.000000,0.000000,-18.631930,91.123603,21.187120,95.391582,-11.072866,-8.612937,0.806231,14.051372,nan,nan,nan,0,nan,nan,nan,0,nan,nan,nan,nan,nan,nan,nan,nan,nan,nan,nan,nan,nan,nan,nan,nan,nan,nan,nan,nan,nan,nan,nan,nan,nan,nan,nan,nan,nan,nan,nan,nan,nan,nan,nan,nan,nan,nan,nan,nan,nan,nan,nan,nan,nan,nan,nan,nan,nan,nan,nan,nan,nan,nan,nan,nan,nan,nan,nan,nan,nan,nan,nan,nan,nan,nan,nan,nan,nan,nan,nan,nan,nan,nan,nan,nan,nan,nan,nan,nan
21.180,APPROACH,95.391582,-18.631930,91.123603,21.187120,-11.072866,-8.612937,0.806231,-47.106282,-72.453253,8.149766,8.045702,-0.943036,-0.267421,0.000000,0.000000,-6.685133,-66.293396,18.241454,29.376246,-3.057961,-9.520970,0.519795,0.000000,0.000000,-107.806068,-47.426774,-72.429812,8.160418,7.947549,-0.914583,-0.264703,0.000000,0.000000,0.000000,-19.187114,90.694706,21.226481,95.101202,-11.103663,-8.577934,0.787216,14.053184,nan,nan,nan,0,nan,nan,nan,0,nan,nan,nan,nan,nan,nan,nan,nan,nan,nan,nan,nan,nan,nan,nan,nan,nan,nan,nan,nan,nan,nan,nan,nan,nan,nan,nan,nan,nan,nan,nan,nan,nan,nan,nan,nan,nan,nan,nan,nan,nan,nan,nan,nan,nan,nan,nan,nan,nan,nan,nan,nan,nan,nan,nan,nan,nan,nan,nan,nan,nan,nan,nan,nan,nan,nan,nan,nan,nan,nan,nan,nan,nan,nan,nan,nan,nan,nan,nan,nan
21.240,APPROACH,94.813069,-19.734085,90.265708,21.264663,-10.939421,-8.579970,0.763642,-46.709233,-72.501248,8.136534,7.940986,-0.959914,-0.264638,0.000000,0.000000,-6.892527,-66.443318,17.764460,29.401196,-2.998435,-9.539884,0.499003,0.000000,0.000000,-107.448201,-46.950073,-72.485986,8.144536,7.942447,-0.957879,-0.264703,0.000000,0.000000,0.000000,-19.734085,90.265708,21.264663,94.813069,-10.939421,-8.579970,0.763642,13.923719,nan,nan,nan,0,nan,nan,nan,0,nan,nan,nan,nan,nan,nan,nan,nan,nan,nan,nan,nan,nan,nan,nan,nan,nan,nan,nan,nan,nan,nan,nan,nan,nan,nan,nan,nan,nan,nan,nan,nan,nan,nan,nan,nan,nan,nan,nan,nan,nan,nan,nan,nan,nan,nan,nan,nan,nan,nan,nan,nan,nan,nan,nan,nan,nan,nan,nan,nan,nan,nan,nan,nan,nan,nan,nan,nan,nan,nan,nan,nan,nan,nan,nan,nan,nan,nan,nan,nan
21.280,APPROACH,94.813069,-19.734085,90.265708,21.264663,-10.939421,-8.579970,0.763642,-46.307680,-72.552002,8.123169,8.031060,-1.015083,-0.267289,0.000000,0.000000,-7.203681,-66.590257,17.286538,29.425148,-2.938791,-9.558426,0.479043,0.000000,0.000000,-107.090335,-46.632445,-72.524878,8.133948,7.938915,-0.986727,-0.264703,0.000000,0.000000,0.000000,-20.282577,89.838541,21.301979,94.531057,-10.969851,-8.543343,0.746332,13.924200,nan,nan,nan,0,nan,nan,nan,0,nan,nan,nan,nan,nan,nan,nan,nan,nan,nan,nan,nan,nan,nan,nan,nan,nan,nan,nan,nan,nan,nan,nan,nan,nan,nan,nan,nan,nan,nan,nan,nan,nan,nan,nan,nan,nan,nan,nan,nan,nan,nan,nan,nan,nan,nan,nan,nan,nan,nan,nan,nan,nan,nan,nan,nan,nan,nan,nan,nan,nan,nan,nan,nan,nan,nan,nan,nan,nan,nan,nan,nan,nan,nan,nan,nan,nan,nan,nan,nan
21.340,APPROACH,94.251176,-20.822856,89.411264,21.338199,-10.805573,-8.545527,0.724394,-45.911353,-72.603556,8.109944,7.926541,-1.031068,-0.264512,0.000000,0.000000,-7.411306,-66.734209,16.807709,29.448143,-2.879032,-9.576595,0.459881,0.000000,0.000000,-106.732468,-46.156274,-72.585380,8.118066,7.933420,-1.029975,-0.264703,0.000000,0.000000,0.000000,-20.822856,89.411264,21.338199,94.251176,-10.805573,-8.545527,0.724394,13.795332,nan,nan,nan,0,nan,nan,nan,0,nan,nan,nan,nan,nan,nan,nan,nan,nan,nan,nan,nan,nan,nan,nan,nan,nan,nan,nan,nan,nan,nan,nan,nan,nan,nan,nan,nan,nan,nan,nan,nan,nan,nan,nan,nan,nan,nan,nan,nan,nan,nan,nan,nan,nan,nan,nan,nan,nan,nan,nan,nan,nan,nan,nan,nan,nan,nan,nan,nan,nan,nan,nan,nan,nan,nan,nan,nan,nan,nan,nan,nan,nan,nan,nan,nan,nan,nan,nan,nan
21.380,APPROACH,94.251176,-20.822856,89.411264,21.338199,-10.805573,-8.545527,0.724394,-45.510531,-72.657911,8.096585,8.016434,-1.087109,-0.267169,0.000000,0.000000,-7.722772,-66.875167,16.327989,29.470217,-2.819162,-9.594390,0.441486,0.000000,0.000000,-106.374602,-45.839013,-72.627155,8.107478,7.929626,-1.058790,-0.264703,0.000000,0.000000,0.000000,-21.364636,88.985900,21.373632,93.977499,-10.835596,-8.507281,0.708655,13.794425,nan,nan,nan,0,nan,nan,nan,0,nan,nan,nan,nan,nan,nan,nan,nan,nan,nan,nan,nan,nan,nan,nan,nan,nan,nan,nan,nan,nan,nan,nan,nan,nan,nan,nan,nan,nan,nan,nan,nan,nan,nan,nan,nan,nan,nan,nan,nan,nan,nan,nan,nan,nan,nan,nan,nan,nan,nan,nan,nan,nan,nan,nan,nan,nan,nan,nan,nan,nan,nan,nan,nan,nan,nan,nan,nan,nan,nan,nan,nan,nan,nan,nan,nan,nan,nan,nan,nan
21.440,APPROACH,93.705834,-21.898199,88.560420,21.408043,-10.671259,-8.509615,0.688225,-45.114927,-72.713021,8.083365,7.912078,-1.102197,-0.264399,0.000000,0.000000,-7.930585,-67.013126,15.847398,29.491408,-2.759181,-9.611811,0.423827,0.000000,0.000000,-106.016735,-45.363411,-72.691978,8.091596,7.923738,-1.101986,-0.264703,0.000000,0.000000,0.000000,-21.898199,88.560420,21.408043,93.705834,-10.671259,-8.509615,0.688225,13.666125,nan,nan,nan,0,nan,nan,nan,0,nan,nan,nan,nan,nan,nan,nan,nan,nan,nan,nan,nan,nan,nan,nan,nan,nan,nan,nan,nan,nan,nan,nan,nan,nan,nan,nan,nan,nan,nan,nan,nan,nan,nan,nan,nan,nan,nan,nan,nan,nan,nan,nan,nan,nan,nan,nan,nan,nan,nan,nan,nan,nan,nan,nan,nan,nan,nan,nan,nan,nan,nan,nan,nan,nan,nan,nan,nan,nan,nan,nan,nan,nan,nan,nan,nan,nan,nan,nan,nan
21.480,APPROACH,93.705834,-21.898199,88.560420,21.408043,-10.671259,-8.509615,0.688225,-44.714840,-72.770976,8.070012,8.001745,-1.159101,-0.267061,0.000000,0.000000,-8.242305,-67.148081,15.365956,29.511752,-2.699093,-9.628858,0.406873,0.000000,0.000000,-105.658868,-45.046542,-72.736633,8.081007,7.919682,-1.130766,-0.264703,0.000000,0.000000,0.000000,-22.433240,88.136932,21.441740,93.440447,-10.700838,-8.469757,0.673934,13.663781,nan,nan,nan,0,nan,nan,nan,0,nan,nan,nan,nan,nan,nan,nan,nan,nan,nan,nan,nan,nan,nan,nan,nan,nan,nan,nan,nan,nan,nan,nan,nan,nan,nan,nan,nan,nan,nan,nan,nan,nan,nan,nan,nan,nan,nan,nan,nan,nan,nan,nan,nan,nan,nan,nan,nan,nan,nan,nan,nan,nan,nan,nan,nan,nan,nan,nan,nan,nan,nan,nan,nan,nan,nan,nan,nan,nan,nan,nan,nan,nan,nan,nan,nan,nan,nan,nan,nan
21.540,APPROACH,93.176952,-22.960062,87.713320,21.474484,-10.536424,-8.472242,0.654895,-44.319964,-72.829641,8.056797,7.897525,-1.173286,-0.264296,0.000000,0.000000,-8.450270,-67.280026,14.883679,29.531282,-2.638899,-9.645528,0.390599,0.000000,0.000000,-105.301002,-44.571548,-72.805774,8.065125,7.913403,-1.173907,-0.264703,0.000000,0.000000,0.000000,-22.960062,87.713320,21.474484,93.176952,-10.536424,-8.472242,0.654895,13.536026,nan,nan,nan,0,nan,nan,nan,0,nan,nan,nan,nan,nan,nan,nan,nan,nan,nan,nan,nan,nan,nan,nan,nan,nan,nan,nan,nan,nan,nan,nan,nan,nan,nan,nan,nan,nan,nan,nan,nan,nan,nan,nan,nan,nan,nan,nan,nan,nan,nan,nan,nan,nan,nan,nan,nan,nan,nan,nan,nan,nan,nan,nan,nan,nan,nan,nan,nan,nan,nan,nan,nan,nan,nan,nan,nan,nan,nan,nan,nan,nan,nan,nan,nan,nan,nan,nan,nan
21.580,APPROACH,93.176952,-22.960062,87.713320,21.474484,-10.536424,-8.472242,0.654895,-43.920618,-72.891193,8.043449,7.986925,-1.231046,-0.266963,0.000000,0.000000,-8.762195,-67.408956,14.400588,29.550030,-2.578603,-9.661822,0.374975,0.000000,0.000000,-104.943135,-44.255098,-72.853305,8.054537,7.909086,-1.202648,-0.264703,0.000000,0.000000,0.000000,-23.488338,87.291781,21.506581,92.919805,-10.565527,-8.430777,0.641938,13.532200,nan,nan,nan,0,nan,nan,nan,0,nan,nan,nan,nan,nan,nan,nan,nan,nan,nan,nan,nan,nan,nan,nan,nan,nan,nan,nan,nan,nan,nan,nan,nan,nan,nan,nan,nan,nan,nan,nan,nan,nan,nan,nan,nan,nan,nan,nan,nan,nan,nan,nan,nan,nan,nan,nan,nan,nan,nan,nan,nan,nan,nan,nan,nan,nan,nan,nan,nan,nan,nan,nan,nan,nan,nan,nan,nan,nan,nan,nan,nan,nan,nan,nan,nan,nan,nan,nan,nan
21.640,APPROACH,92.664423,-24.008389,86.870110,21.537790,-10.401024,-8.433414,0.624179,-43.526477,-72.953409,8.030239,7.882818,-1.244325,-0.264203,0.000000,0.000000,-8.970283,-67.534866,13.916701,29.568029,-2.518205,-9.677739,0.359976,0.000000,0.000000,-104.585269,-43.780752,-72.926757,8.038655,7.902415,-1.245730,-0.264703,0.000000,0.000000,0.000000,-24.008389,86.870110,21.537790,92.664423,-10.401024,-8.433414,0.624179,13.404976,nan,nan,nan,0,nan,nan,nan,0,nan,nan,nan,nan,nan,nan,nan,nan,nan,nan,nan,nan,nan,nan,nan,nan,nan,nan,nan,nan,nan,nan,nan,nan,nan,nan,nan,nan,nan,nan,nan,nan,nan,nan,nan,nan,nan,nan,nan,nan,nan,nan,nan,nan,nan,nan,nan,nan,nan,nan,nan,nan,nan,nan,nan,nan,nan,nan,nan,nan,nan,nan,nan,nan,nan,nan,nan,nan,nan,nan,nan,nan,nan,nan,nan,nan,nan,nan,nan,nan
21.680,APPROACH,92.664423,-24.008389,86.870110,21.537790,-10.401024,-8.433414,0.624179,-43.137245,-73.016318,8.017160,7.784639,-1.258170,-0.261581,0.000000,0.000000,-9.180874,-67.657751,13.432037,29.585308,-2.457710,-9.693279,0.345577,0.000000,0.000000,-104.227402,-43.464746,-72.977160,8.028067,7.897837,-1.274431,-0.264703,0.000000,0.000000,0.000000,-24.520507,86.448355,21.568148,92.410813,-10.242349,-8.435109,0.607158,13.282523,nan,nan,nan,0,nan,nan,nan,0,nan,nan,nan,nan,nan,nan,nan,nan,nan,nan,nan,nan,nan,nan,nan,nan,nan,nan,nan,nan,nan,nan,nan,nan,nan,nan,nan,nan,nan,nan,nan,nan,nan,nan,nan,nan,nan,nan,nan,nan,nan,nan,nan,nan,nan,nan,nan,nan,nan,nan,nan,nan,nan,nan,nan,nan,nan,nan,nan,nan,nan,nan,nan,nan,nan,nan,nan,nan,nan,nan,nan,nan,nan,nan,nan,nan,nan,nan,nan,nan
21.740,APPROACH,92.163706,-25.034319,86.028832,21.597955,-10.276256,-8.390453,0.596138,-42.743288,-73.082217,8.003941,7.879137,-1.317988,-0.264384,0.000000,0.000000,-9.496267,-67.777607,12.946615,29.601896,-2.397119,-9.708441,0.331754,0.000000,0.000000,-103.869536,-42.991087,-73.054916,8.012185,7.890774,-1.317451,-0.264703,0.000000,0.000000,0.000000,-25.034319,86.028832,21.597955,92.163706,-10.276256,-8.390453,0.596138,13.279929,nan,nan,nan,0,nan,nan,nan,0,nan,nan,nan,nan,nan,nan,nan,nan,nan,nan,nan,nan,nan,nan,nan,nan,nan,nan,nan,nan,nan,nan,nan,nan,nan,nan,nan,nan,nan,nan,nan,nan,nan,nan,nan,nan,nan,nan,nan,nan,nan,nan,nan,nan,nan,nan,nan,nan,nan,nan,nan,nan,nan,nan,nan,nan,nan,nan,nan,nan,nan,nan,nan,nan,nan,nan,nan,nan,nan,nan,nan,nan,nan,nan,nan,nan,nan,nan,nan,nan
21.780,APPROACH,92.163706,-25.034319,86.028832,21.597955,-10.276256,-8.390453,0.596138,-42.344927,-73.151081,7.990588,7.967219,-1.377275,-0.267047,0.000000,0.000000,-9.807660,-67.894429,12.460454,29.617820,-2.336434,-9.723224,0.318483,0.000000,0.000000,-103.511669,-42.675552,-73.108188,8.001596,7.885936,-1.346110,-0.264703,0.000000,0.000000,0.000000,-25.549502,85.611535,21.627232,91.923061,-10.303653,-8.345949,0.585531,13.272640,nan,nan,nan,0,nan,nan,nan,0,nan,nan,nan,nan,nan,nan,nan,nan,nan,nan,nan,nan,nan,nan,nan,nan,nan,nan,nan,nan,nan,nan,nan,nan,nan,nan,nan,nan,nan,nan,nan,nan,nan,nan,nan,nan,nan,nan,nan,nan,nan,nan,nan,nan,nan,nan,nan,nan,nan,nan,nan,nan,nan,nan,nan,nan,nan,nan,nan,nan,nan,nan,nan,nan,nan,nan,nan,nan,nan,nan,nan,nan,nan,nan,nan,nan,nan,nan,nan,nan
21.840,APPROACH,91.683910,-26.056417,85.194082,21.655733,-10.138308,-8.349048,0.570027,-41.951794,-73.220510,7.977374,7.862650,-1.388579,-0.264283,0.000000,0.000000,-10.015420,-68.008212,11.973573,29.633107,-2.275658,-9.737627,0.305744,0.000000,0.000000,-103.153803,-42.202619,-73.190243,7.985714,7.878484,-1.389064,-0.264703,0.000000,0.000000,0.000000,-26.056417,85.194082,21.655733,91.683910,-10.138308,-8.349048,0.570027,13.145981,nan,nan,nan,0,nan,nan,nan,0,nan,nan,nan,nan,nan,nan,nan,nan,nan,nan,nan,nan,nan,nan,nan,nan,nan,nan,nan,nan,nan,nan,nan,nan,nan,nan,nan,nan,nan,nan,nan,nan,nan,nan,nan,nan,nan,nan,nan,nan,nan,nan,nan,nan,nan,nan,nan,nan,nan,nan,nan,nan,nan,nan,nan,nan,nan,nan,nan,nan,nan,nan,nan,nan,nan,nan,nan,nan,nan,nan,nan,nan,nan,nan,nan,nan,nan,nan,nan,nan
21.880,APPROACH,91.683910,-26.056417,85.194082,21.655733,-10.138308,-8.349048,0.570027,-41.563594,-73.290538,7.964291,7.764012,-1.400562,-0.261657,0.000000,0.000000,-10.225702,-68.118952,11.485990,29.647783,-2.214793,-9.751651,0.293514,0.000000,0.000000,-102.795936,-41.887581,-73.246378,7.975126,7.873385,-1.417677,-0.264703,0.000000,0.000000,0.000000,-26.555358,84.776528,21.683492,91.446271,-9.978805,-8.351089,0.555171,13.024033,nan,nan,nan,0,nan,nan,nan,0,nan,nan,nan,nan,nan,nan,nan,nan,nan,nan,nan,nan,nan,nan,nan,nan,nan,nan,nan,nan,nan,nan,nan,nan,nan,nan,nan,nan,nan,nan,nan,nan,nan,nan,nan,nan,nan,nan,nan,nan,nan,nan,nan,nan,nan,nan,nan,nan,nan,nan,nan,nan,nan,nan,nan,nan,nan,nan,nan,nan,nan,nan,nan,nan,nan,nan,nan,nan,nan,nan,nan,nan,nan,nan,nan,nan,nan,nan,nan,nan
21.940,APPROACH,91.215245,-27.055910,84.361364,21.710803,-10.011039,-8.303280,0.546230,-41.170734,-73.363638,7.951068,7.857196,-1.462014,-0.264456,0.000000,0.000000,-10.540666,-68.226644,10.997725,29.661872,-2.153842,-9.765294,0.281774,0.000000,0.000000,-102.438070,-41.415412,-73.332725,7.959244,7.865543,-1.460561,-0.264703,0.000000,0.000000,0.000000,-27.055910,84.361364,21.710803,91.215245,-10.011039,-8.303280,0.546230,13.017823,nan,nan,nan,0,nan,nan,nan,0,nan,nan,nan,nan,nan,nan,nan,nan,nan,nan,nan,nan,nan,nan,nan,nan,nan,nan,nan,nan,nan,nan,nan,nan,nan,nan,nan,nan,nan,nan,nan,nan,nan,nan,nan,nan,nan,nan,nan,nan,nan,nan,nan,nan,nan,nan,nan,nan,nan,nan,nan,nan,nan,nan,nan,nan,nan,nan,nan,nan,nan,nan,nan,nan,nan,nan,nan,nan,nan,nan,nan,nan,nan,nan,nan,nan,nan,nan,nan,nan
21.980,APPROACH,91.215245,-27.055910,84.361364,21.710803,-10.011039,-8.303280,0.546230,-40.773535,-73.439780,7.937713,7.943989,-1.522824,-0.267116,0.000000,0.000000,-10.851676,-68.331284,10.508798,29.675397,-2.092807,-9.778556,0.270503,0.000000,0.000000,-102.080203,-41.100897,-73.391719,7.948656,7.860185,-1.489127,-0.264703,0.000000,0.000000,0.000000,-27.557749,83.948577,21.737684,90.990769,-10.036796,-8.255732,0.537619,13.007053,nan,nan,nan,0,nan,nan,nan,0,nan,nan,nan,nan,nan,nan,nan,nan,nan,nan,nan,nan,nan,nan,nan,nan,nan,nan,nan,nan,nan,nan,nan,nan,nan,nan,nan,nan,nan,nan,nan,nan,nan,nan,nan,nan,nan,nan,nan,nan,nan,nan,nan,nan,nan,nan,nan,nan,nan,nan,nan,nan,nan,nan,nan,nan,nan,nan,nan,nan,nan,nan,nan,nan,nan,nan,nan,nan,nan,nan,nan,nan,nan,nan,nan,nan,nan,nan,nan,nan
22.040,APPROACH,90.767506,-28.051286,83.535613,21.763886,-9.870736,-8.259273,0.524031,-40.381582,-73.516388,7.924495,7.839046,-1.532164,-0.264348,0.000000,0.000000,-11.059201,-68.432869,10.019226,29.688381,-2.031690,-9.791437,0.259683,0.000000,0.000000,-101.722337,-40.629532,-73.482351,7.932774,7.851953,-1.531938,-0.264703,0.000000,0.000000,0.000000,-28.051286,83.535613,21.763886,90.767506,-9.870736,-8.259273,0.524031,12.881057,nan,nan,nan,0,nan,nan,nan,0,nan,nan,nan,nan,nan,nan,nan,nan,nan,nan,nan,nan,nan,nan,nan,nan,nan,nan,nan,nan,nan,nan,nan,nan,nan,nan,nan,nan,nan,nan,nan,nan,nan,nan,nan,nan,nan,nan,nan,nan,nan,nan,nan,nan,nan,nan,nan,nan,nan,nan,nan,nan,nan,nan,nan,nan,nan,nan,nan,nan,nan,nan,nan,nan,nan,nan,nan,nan,nan,nan,nan,nan,nan,nan,nan,nan,nan,nan,nan,nan
22.080,APPROACH,90.767506,-28.051286,83.535613,21.763886,-9.870736,-8.259273,0.524031,-39.994581,-73.593502,7.911409,7.740031,-1.542293,-0.261719,0.000000,0.000000,-11.269259,-68.531393,9.529029,29.700846,-1.970494,-9.803936,0.249295,0.000000,0.000000,-101.364470,-40.315566,-73.544199,7.922186,7.846336,-1.560454,-0.264703,0.000000,0.000000,0.000000,-28.536813,83.122531,21.789436,90.545483,-9.710526,-8.261643,0.511014,12.759709,nan,nan,nan,0,nan,nan,nan,0,nan,nan,nan,nan,nan,nan,nan,nan,nan,nan,nan,nan,nan,nan,nan,nan,nan,nan,nan,nan,nan,nan,nan,nan,nan,nan,nan,nan,nan,nan,nan,nan,nan,nan,nan,nan,nan,nan,nan,nan,nan,nan,nan,nan,nan,nan,nan,nan,nan,nan,nan,nan,nan,nan,nan,nan,nan,nan,nan,nan,nan,nan,nan,nan,nan,nan,nan,nan,nan,nan,nan,nan,nan,nan,nan,nan,nan,nan,nan,nan
22.140,APPROACH,90.330158,-29.023870,82.711997,21.814628,-9.741141,-8.210680,0.503839,-39.602985,-73.673771,7.898184,7.831920,-1.605371,-0.264515,0.000000,0.000000,-11.583917,-68.626854,9.038226,29.712812,-1.909221,-9.816052,0.239324,0.000000,0.000000,-101.006604,-39.845043,-73.639109,7.906303,7.837716,-1.603189,-0.264703,0.000000,0.000000,0.000000,-29.023870,82.711997,21.814628,90.330158,-9.741141,-8.210680,0.503839,12.749861,nan,nan,nan,0,nan,nan,nan,0,nan,nan,nan,nan,nan,nan,nan,nan,nan,nan,nan,nan,nan,nan,nan,nan,nan,nan,nan,nan,nan,nan,nan,nan,nan,nan,nan,nan,nan,nan,nan,nan,nan,nan,nan,nan,nan,nan,nan,nan,nan,nan,nan,nan,nan,nan,nan,nan,nan,nan,nan,nan,nan,nan,nan,nan,nan,nan,nan,nan,nan,nan,nan,nan,nan,nan,nan,nan,nan,nan,nan,nan,nan,nan,nan,nan,nan,nan,nan,nan
22.180,APPROACH,90.330158,-29.023870,82.711997,21.814628,-9.741141,-8.210680,0.503839,-39.216365,-73.754495,7.885090,7.732391,-1.614476,-0.261877,0.000000,0.000000,-11.793580,-68.719248,8.546837,29.724299,-1.847874,-9.827785,0.229751,0.000000,0.000000,-100.648737,-39.531651,-73.703806,7.895715,7.831839,-1.631653,-0.264703,0.000000,0.000000,0.000000,-29.502883,82.301332,21.839210,90.115928,-9.580265,-8.213309,0.491628,12.628603,nan,nan,nan,0,nan,nan,nan,0,nan,nan,nan,nan,nan,nan,nan,nan,nan,nan,nan,nan,nan,nan,nan,nan,nan,nan,nan,nan,nan,nan,nan,nan,nan,nan,nan,nan,nan,nan,nan,nan,nan,nan,nan,nan,nan,nan,nan,nan,nan,nan,nan,nan,nan,nan,nan,nan,nan,nan,nan,nan,nan,nan,nan,nan,nan,nan,nan,nan,nan,nan,nan,nan,nan,nan,nan,nan,nan,nan,nan,nan,nan,nan,nan,nan,nan,nan,nan,nan
22.240,APPROACH,89.908423,-29.983371,81.893289,21.863471,-9.609756,-8.160865,0.485226,-38.825200,-73.838408,7.871856,7.823302,-1.678270,-0.264666,0.000000,0.000000,-12.107697,-68.808571,8.054880,29.735327,-1.786454,-9.839135,0.220561,0.000000,0.000000,-100.290871,-39.062010,-73.802985,7.879833,7.822832,-1.674308,-0.264703,0.000000,0.000000,0.000000,-29.983371,81.893289,21.863471,89.908423,-9.609756,-8.160865,0.485226,12.616758,nan,nan,nan,0,nan,nan,nan,0,nan,nan,nan,nan,nan,nan,nan,nan,nan,nan,nan,nan,nan,nan,nan,nan,nan,nan,nan,nan,nan,nan,nan,nan,nan,nan,nan,nan,nan,nan,nan,nan,nan,nan,nan,nan,nan,nan,nan,nan,nan,nan,nan,nan,nan,nan,nan,nan,nan,nan,nan,nan,nan,nan,nan,nan,nan,nan,nan,nan,nan,nan,nan,nan,nan,nan,nan,nan,nan,nan,nan,nan,nan,nan,nan,nan,nan,nan,nan,nan
22.280,APPROACH,89.908423,-29.983371,81.893289,21.863471,-9.609756,-8.160865,0.485226,-38.439034,-73.922726,7.858755,7.723317,-1.686361,-0.262021,0.000000,0.000000,-12.317033,-68.894819,7.562375,29.745914,-1.724965,-9.850101,0.211738,0.000000,0.000000,-99.933004,-38.749219,-73.870525,7.869245,7.816697,-1.702717,-0.264703,0.000000,0.000000,0.000000,-30.455785,81.485102,21.887159,89.701864,-9.448282,-8.163741,0.473759,12.495645,nan,nan,nan,0,nan,nan,nan,0,nan,nan,nan,nan,nan,nan,nan,nan,nan,nan,nan,nan,nan,nan,nan,nan,nan,nan,nan,nan,nan,nan,nan,nan,nan,nan,nan,nan,nan,nan,nan,nan,nan,nan,nan,nan,nan,nan,nan,nan,nan,nan,nan,nan,nan,nan,nan,nan,nan,nan,nan,nan,nan,nan,nan,nan,nan,nan,nan,nan,nan,nan,nan,nan,nan,nan,nan,nan,nan,nan,nan,nan,nan,nan,nan,nan,nan,nan,nan,nan
22.340,APPROACH,89.502053,-30.929620,81.079611,21.910562,-9.476699,-8.109809,0.468070,-38.048370,-74.010270,7.845515,7.813290,-1.750874,-0.264802,0.000000,0.000000,-12.630703,-68.977990,7.069341,29.756078,-1.663409,-9.860683,0.203269,0.000000,0.000000,-99.575138,-38.280498,-73.973966,7.853363,7.807302,-1.745288,-0.264703,0.000000,0.000000,0.000000,-30.929620,81.079611,21.910562,89.502053,-9.476699,-8.109809,0.468070,12.481823,nan,nan,nan,0,nan,nan,nan,0,nan,nan,nan,nan,nan,nan,nan,nan,nan,nan,nan,nan,nan,nan,nan,nan,nan,nan,nan,nan,nan,nan,nan,nan,nan,nan,nan,nan,nan,nan,nan,nan,nan,nan,nan,nan,nan,nan,nan,nan,nan,nan,nan,nan,nan,nan,nan,nan,nan,nan,nan,nan,nan,nan,nan,nan,nan,nan,nan,nan,nan,nan,nan,nan,nan,nan,nan,nan,nan,nan,nan,nan,nan,nan,nan,nan,nan,nan,nan,nan
22.380,APPROACH,89.502053,-30.929620,81.079611,21.910562,-9.476699,-8.109809,0.468070,-37.653522,-74.100997,7.832143,7.896954,-1.814529,-0.267444,0.000000,0.000000,-12.940568,-69.058079,6.575797,29.765835,-1.601787,-9.870880,0.195138,0.000000,0.000000,-99.217271,-37.968334,-74.044344,7.842775,7.800910,-1.773640,-0.264703,0.000000,0.000000,0.000000,-31.404557,80.676794,21.933691,89.308891,-9.498741,-8.056351,0.462582,12.463742,nan,nan,nan,0,nan,nan,nan,0,nan,nan,nan,nan,nan,nan,nan,nan,nan,nan,nan,nan,nan,nan,nan,nan,nan,nan,nan,nan,nan,nan,nan,nan,nan,nan,nan,nan,nan,nan,nan,nan,nan,nan,nan,nan,nan,nan,nan,nan,nan,nan,nan,nan,nan,nan,nan,nan,nan,nan,nan,nan,nan,nan,nan,nan,nan,nan,nan,nan,nan,nan,nan,nan,nan,nan,nan,nan,nan,nan,nan,nan,nan,nan,nan,nan,nan,nan,nan,nan
22.440,APPROACH,89.116334,-31.871108,80.273749,21.956291,-9.331033,-8.060891,0.451992,-37.263976,-74.191987,7.818910,7.790930,-1.819801,-0.264660,0.000000,0.000000,-13.147396,-69.135084,6.081762,29.775201,-1.540104,-9.880692,0.187332,0.000000,0.000000,-98.859405,-37.500571,-74.152038,7.826892,7.791129,-1.816124,-0.264703,0.000000,0.000000,0.000000,-31.871108,80.273749,21.956291,89.116334,-9.331033,-8.060891,0.451992,12.338981,nan,nan,nan,0,nan,nan,nan,0,nan,nan,nan,nan,nan,nan,nan,nan,nan,nan,nan,nan,nan,nan,nan,nan,nan,nan,nan,nan,nan,nan,nan,nan,nan,nan,nan,nan,nan,nan,nan,nan,nan,nan,nan,nan,nan,nan,nan,nan,nan,nan,nan,nan,nan,nan,nan,nan,nan,nan,nan,nan,nan,nan,nan,nan,nan,nan,nan,nan,nan,nan,nan,nan,nan,nan,nan,nan,nan,nan,nan,nan,nan,nan,nan,nan,nan,nan,nan,nan
22.480,APPROACH,89.116334,-31.871108,80.273749,21.956291,-9.331033,-8.060891,0.451992,-36.879600,-74.283998,7.805809,7.687512,-1.840235,-0.262015,0.000000,0.000000,-13.462131,-69.209002,5.587257,29.784193,-1.478360,-9.890119,0.179839,0.000000,0.000000,-98.501538,-37.189059,-74.225249,7.816304,7.784480,-1.844417,-0.264703,0.000000,0.000000,0.000000,-32.329402,79.871255,21.978384,88.925007,-9.165872,-8.049883,0.441854,12.206927,nan,nan,nan,0,nan,nan,nan,0,nan,nan,nan,nan,nan,nan,nan,nan,nan,nan,nan,nan,nan,nan,nan,nan,nan,nan,nan,nan,nan,nan,nan,nan,nan,nan,nan,nan,nan,nan,nan,nan,nan,nan,nan,nan,nan,nan,nan,nan,nan,nan,nan,nan,nan,nan,nan,nan,nan,nan,nan,nan,nan,nan,nan,nan,nan,nan,nan,nan,nan,nan,nan,nan,nan,nan,nan,nan,nan,nan,nan,nan,nan,nan,nan,nan,nan,nan,nan,nan
22.540,APPROACH,88.739862,-32.789223,79.470867,22.000256,-9.196429,-8.007763,0.437442,-36.490606,-74.378568,7.792570,7.779871,-1.891397,-0.264796,0.000000,0.000000,-13.664325,-69.279830,5.092299,29.792825,-1.416558,-9.899160,0.172646,0.000000,0.000000,-98.143672,-36.722294,-74.337186,7.800422,7.774313,-1.886811,-0.264703,0.000000,0.000000,0.000000,-32.789223,79.470867,22.000256,88.739862,-9.196429,-8.007763,0.437442,12.202046,nan,nan,nan,0,nan,nan,nan,0,nan,nan,nan,nan,nan,nan,nan,nan,nan,nan,nan,nan,nan,nan,nan,nan,nan,nan,nan,nan,nan,nan,nan,nan,nan,nan,nan,nan,nan,nan,nan,nan,nan,nan,nan,nan,nan,nan,nan,nan,nan,nan,nan,nan,nan,nan,nan,nan,nan,nan,nan,nan,nan,nan,nan,nan,nan,nan,nan,nan,nan,nan,nan,nan,nan,nan,nan,nan,nan,nan,nan,nan,nan,nan,nan,nan,nan,nan,nan,nan
22.580,APPROACH,88.739862,-32.789223,79.470867,22.000256,-9.196429,-8.007763,0.437442,-36.097487,-74.476400,7.779198,7.862384,-1.956628,-0.267439,0.000000,0.000000,-13.974719,-69.347565,4.596908,29.801112,-1.354701,-9.907814,0.165740,0.000000,0.000000,-97.785805,-36.411459,-74.413223,7.789834,7.767407,-1.915042,-0.264703,0.000000,0.000000,0.000000,-33.250078,79.073307,22.021915,88.561393,-9.217085,-7.951186,0.433178,12.180462,nan,nan,nan,0,nan,nan,nan,0,nan,nan,nan,nan,nan,nan,nan,nan,nan,nan,nan,nan,nan,nan,nan,nan,nan,nan,nan,nan,nan,nan,nan,nan,nan,nan,nan,nan,nan,nan,nan,nan,nan,nan,nan,nan,nan,nan,nan,nan,nan,nan,nan,nan,nan,nan,nan,nan,nan,nan,nan,nan,nan,nan,nan,nan,nan,nan,nan,nan,nan,nan,nan,nan,nan,nan,nan,nan,nan,nan,nan,nan,nan,nan,nan,nan,nan,nan,nan,nan
22.640,APPROACH,88.383223,-33.702532,78.675505,22.043103,-9.049092,-7.956047,0.423765,-35.709672,-74.574401,7.765965,7.756300,-1.960036,-0.264655,0.000000,0.000000,-14.181878,-69.412205,4.101104,29.809068,-1.292791,-9.916082,0.159110,0.000000,0.000000,-97.427939,-35.945730,-74.529395,7.773952,7.756856,-1.957342,-0.264703,0.000000,0.000000,0.000000,-33.702532,78.675505,22.043103,88.383223,-9.049092,-7.956047,0.423765,12.056713,nan,nan,nan,0,nan,nan,nan,0,nan,nan,nan,nan,nan,nan,nan,nan,nan,nan,nan,nan,nan,nan,nan,nan,nan,nan,nan,nan,nan,nan,nan,nan,nan,nan,nan,nan,nan,nan,nan,nan,nan,nan,nan,nan,nan,nan,nan,nan,nan,nan,nan,nan,nan,nan,nan,nan,nan,nan,nan,nan,nan,nan,nan,nan,nan,nan,nan,nan,nan,nan,nan,nan,nan,nan,nan,nan,nan,nan,nan,nan,nan,nan,nan,nan,nan,nan,nan,nan
22.680,APPROACH,88.383223,-33.702532,78.675505,22.043103,-9.049092,-7.956047,0.423765,-35.327045,-74.673334,7.752864,7.652546,-1.978647,-0.262010,0.000000,0.000000,-14.496939,-69.473746,3.604906,29.816705,-1.230831,-9.923964,0.152746,0.000000,0.000000,-97.070072,-35.635599,-74.608252,7.763364,7.749694,-1.985510,-0.264703,0.000000,0.000000,0.000000,-34.146701,78.278239,22.063841,88.205969,-8.883377,-7.945317,0.414756,11.925371,nan,nan,nan,0,nan,nan,nan,0,nan,nan,nan,nan,nan,nan,nan,nan,nan,nan,nan,nan,nan,nan,nan,nan,nan,nan,nan,nan,nan,nan,nan,nan,nan,nan,nan,nan,nan,nan,nan,nan,nan,nan,nan,nan,nan,nan,nan,nan,nan,nan,nan,nan,nan,nan,nan,nan,nan,nan,nan,nan,nan,nan,nan,nan,nan,nan,nan,nan,nan,nan,nan,nan,nan,nan,nan,nan,nan,nan,nan,nan,nan,nan,nan,nan,nan,nan,nan,nan
22.740,APPROACH,88.034941,-34.592341,77.883243,22.084412,-8.912799,-7.899925,0.411428,-34.939846,-74.774910,7.739625,7.743976,-2.031533,-0.264792,0.000000,0.000000,-14.699574,-69.532187,3.108333,29.824037,-1.168823,-9.931458,0.146636,0.000000,0.000000,-96.712206,-35.170944,-74.728649,7.747481,7.738759,-2.027712,-0.264703,0.000000,0.000000,0.000000,-34.592341,77.883243,22.084412,88.034941,-8.912799,-7.899925,0.411428,11.917050,nan,nan,nan,0,nan,nan,nan,0,nan,nan,nan,nan,nan,nan,nan,nan,nan,nan,nan,nan,nan,nan,nan,nan,nan,nan,nan,nan,nan,nan,nan,nan,nan,nan,nan,nan,nan,nan,nan,nan,nan,nan,nan,nan,nan,nan,nan,nan,nan,nan,nan,nan,nan,nan,nan,nan,nan,nan,nan,nan,nan,nan,nan,nan,nan,nan,nan,nan,nan,nan,nan,nan,nan,nan,nan,nan,nan,nan,nan,nan,nan,nan,nan,nan,nan,nan,nan,nan
22.780,APPROACH,88.034941,-34.592341,77.883243,22.084412,-8.912799,-7.899925,0.411428,-34.548581,-74.879826,7.726253,7.825306,-2.098304,-0.267435,0.000000,0.000000,-15.010377,-69.587526,2.611404,29.831075,-1.106769,-9.938564,0.140770,0.000000,0.000000,-96.354339,-34.861542,-74.810319,7.736893,7.731341,-2.055813,-0.264703,0.000000,0.000000,0.000000,-35.038945,77.491230,22.104822,87.870596,-8.932076,-7.840261,0.408205,11.891943,nan,nan,nan,0,nan,nan,nan,0,nan,nan,nan,nan,nan,nan,nan,nan,nan,nan,nan,nan,nan,nan,nan,nan,nan,nan,nan,nan,nan,nan,nan,nan,nan,nan,nan,nan,nan,nan,nan,nan,nan,nan,nan,nan,nan,nan,nan,nan,nan,nan,nan,nan,nan,nan,nan,nan,nan,nan,nan,nan,nan,nan,nan,nan,nan,nan,nan,nan,nan,nan,nan,nan,nan,nan,nan,nan,nan,nan,nan,nan,nan,nan,nan,nan,nan,nan,nan,nan
22.840,APPROACH,87.706236,-35.477138,77.098957,22.124812,-8.763865,-7.845451,0.399791,-34.162621,-74.984817,7.713020,7.719193,-2.099832,-0.264651,0.000000,0.000000,-15.217792,-69.639759,2.114140,29.837832,-1.044672,-9.945283,0.135140,0.000000,0.000000,-95.996473,-34.397999,-74.934931,7.721011,7.720023,-2.097914,-0.264703,0.000000,0.000000,0.000000,-35.477138,77.098957,22.124812,87.706236,-8.763865,-7.845451,0.399791,11.769293,nan,nan,nan,0,nan,nan,nan,0,nan,nan,nan,nan,nan,nan,nan,nan,nan,nan,nan,nan,nan,nan,nan,nan,nan,nan,nan,nan,nan,nan,nan,nan,nan,nan,nan,nan,nan,nan,nan,nan,nan,nan,nan,nan,nan,nan,nan,nan,nan,nan,nan,nan,nan,nan,nan,nan,nan,nan,nan,nan,nan,nan,nan,nan,nan,nan,nan,nan,nan,nan,nan,nan,nan,nan,nan,nan,nan,nan,nan,nan,nan,nan,nan,nan,nan,nan,nan,nan
22.880,APPROACH,87.706236,-35.477138,77.098957,22.124812,-8.763865,-7.845451,0.399791,-33.772607,-75.093190,7.699655,7.800274,-2.167456,-0.267301,0.000000,0.000000,-15.528978,-69.688886,1.616560,29.844319,-0.982535,-9.951614,0.129734,0.000000,0.000000,-95.638607,-34.089352,-75.019409,7.710423,7.712351,-2.125947,-0.264703,0.000000,0.000000,0.000000,-35.916279,76.709749,22.144664,87.548563,-8.782809,-7.784158,0.397035,11.742592,nan,nan,nan,0,nan,nan,nan,0,nan,nan,nan,nan,nan,nan,nan,nan,nan,nan,nan,nan,nan,nan,nan,nan,nan,nan,nan,nan,nan,nan,nan,nan,nan,nan,nan,nan,nan,nan,nan,nan,nan,nan,nan,nan,nan,nan,nan,nan,nan,nan,nan,nan,nan,nan,nan,nan,nan,nan,nan,nan,nan,nan,nan,nan,nan,nan,nan,nan,nan,nan,nan,nan,nan,nan,nan,nan,nan,nan,nan,nan,nan,nan,nan,nan,nan,nan,nan,nan
22.940,APPROACH,87.390725,-36.347021,76.320278,22.164117,-8.614848,-7.789425,0.389068,-33.387883,-75.201597,7.686429,7.694490,-2.168131,-0.264524,0.000000,0.000000,-15.736624,-69.734904,1.118682,29.850546,-0.920359,-9.957557,0.124545,0.000000,0.000000,-95.280740,-33.626960,-75.148226,7.694541,7.700651,-2.167943,-0.264703,0.000000,0.000000,0.000000,-36.347021,76.320278,22.164117,87.390725,-8.614848,-7.789425,0.389068,11.620763,nan,nan,nan,0,nan,nan,nan,0,nan,nan,nan,nan,nan,nan,nan,nan,nan,nan,nan,nan,nan,nan,nan,nan,nan,nan,nan,nan,nan,nan,nan,nan,nan,nan,nan,nan,nan,nan,nan,nan,nan,nan,nan,nan,nan,nan,nan,nan,nan,nan,nan,nan,nan,nan,nan,nan,nan,nan,nan,nan,nan,nan,nan,nan,nan,nan,nan,nan,nan,nan,nan,nan,nan,nan,nan,nan,nan,nan,nan,nan,nan,nan,nan,nan,nan,nan,nan,nan
22.980,APPROACH,87.390725,-36.347021,76.320278,22.164117,-8.614848,-7.789425,0.389068,-32.999119,-75.313426,7.673070,7.775272,-2.236592,-0.267180,0.000000,0.000000,-16.048122,-69.777811,0.620526,29.856525,-0.858147,-9.963111,0.119563,0.000000,0.000000,-94.922874,-33.319093,-75.235503,7.683953,7.692724,-2.195905,-0.264703,0.000000,0.000000,0.000000,-36.778692,75.933952,22.183454,87.239572,-8.633419,-7.726519,0.386743,11.592437,nan,nan,nan,0,nan,nan,nan,0,nan,nan,nan,nan,nan,nan,nan,nan,nan,nan,nan,nan,nan,nan,nan,nan,nan,nan,nan,nan,nan,nan,nan,nan,nan,nan,nan,nan,nan,nan,nan,nan,nan,nan,nan,nan,nan,nan,nan,nan,nan,nan,nan,nan,nan,nan,nan,nan,nan,nan,nan,nan,nan,nan,nan,nan,nan,nan,nan,nan,nan,nan,nan,nan,nan,nan,nan,nan,nan,nan,nan,nan,nan,nan,nan,nan,nan,nan,nan,nan
23.040,APPROACH,87.088103,-37.201976,75.547359,22.202414,-8.465687,-7.731873,0.379189,-32.615630,-75.425246,7.659850,7.669786,-2.236404,-0.264409,0.000000,0.000000,-16.255956,-69.817606,0.122112,29.862264,-0.795901,-9.968277,0.114780,0.000000,0.000000,-94.565007,-32.857890,-75.368514,7.668070,7.680643,-2.237793,-0.264703,0.000000,0.000000,0.000000,-37.201976,75.547359,22.202414,87.088103,-8.465687,-7.731873,0.379189,11.471421,nan,nan,nan,0,nan,nan,nan,0,nan,nan,nan,nan,nan,nan,nan,nan,nan,nan,nan,nan,nan,nan,nan,nan,nan,nan,nan,nan,nan,nan,nan,nan,nan,nan,nan,nan,nan,nan,nan,nan,nan,nan,nan,nan,nan,nan,nan,nan,nan,nan,nan,nan,nan,nan,nan,nan,nan,nan,nan,nan,nan,nan,nan,nan,nan,nan,nan,nan,nan,nan,nan,nan,nan,nan,nan,nan,nan,nan,nan,nan,nan,nan,nan,nan,nan,nan,nan,nan
23.080,APPROACH,87.088103,-37.201976,75.547359,22.202414,-8.465687,-7.731873,0.379189,-32.237123,-75.537123,7.646761,7.570140,-2.237537,-0.261777,0.000000,0.000000,-16.466314,-69.854288,-0.376540,29.867773,-0.733625,-9.973053,0.110189,0.000000,0.000000,-94.207141,-32.550828,-75.458584,7.657482,7.672463,-2.265682,-0.264703,0.000000,0.000000,0.000000,-37.617165,75.160583,22.221012,86.936400,-8.303765,-7.735516,0.371966,11.354694,nan,nan,nan,0,nan,nan,nan,0,nan,nan,nan,nan,nan,nan,nan,nan,nan,nan,nan,nan,nan,nan,nan,nan,nan,nan,nan,nan,nan,nan,nan,nan,nan,nan,nan,nan,nan,nan,nan,nan,nan,nan,nan,nan,nan,nan,nan,nan,nan,nan,nan,nan,nan,nan,nan,nan,nan,nan,nan,nan,nan,nan,nan,nan,nan,nan,nan,nan,nan,nan,nan,nan,nan,nan,nan,nan,nan,nan,nan,nan,nan,nan,nan,nan,nan,nan,nan,nan
23.140,APPROACH,86.791515,-38.033521,74.777147,22.239530,-8.327135,-7.668726,0.370352,-31.854332,-75.652559,7.633532,7.655815,-2.308715,-0.264570,0.000000,0.000000,-16.781399,-69.887854,-0.875412,29.873062,-0.671320,-9.977441,0.105782,0.000000,0.000000,-93.849274,-32.090853,-75.595778,7.641600,7.660002,-2.307459,-0.264703,0.000000,0.000000,0.000000,-38.033521,74.777147,22.239530,86.791515,-8.327135,-7.668726,0.370352,11.326416,nan,nan,nan,0,nan,nan,nan,0,nan,nan,nan,nan,nan,nan,nan,nan,nan,nan,nan,nan,nan,nan,nan,nan,nan,nan,nan,nan,nan,nan,nan,nan,nan,nan,nan,nan,nan,nan,nan,nan,nan,nan,nan,nan,nan,nan,nan,nan,nan,nan,nan,nan,nan,nan,nan,nan,nan,nan,nan,nan,nan,nan,nan,nan,nan,nan,nan,nan,nan,nan,nan,nan,nan,nan,nan,nan,nan,nan,nan,nan,nan,nan,nan,nan,nan,nan,nan,nan
23.180,APPROACH,86.791515,-38.033521,74.777147,22.239530,-8.327135,-7.668726,0.370352,-31.467571,-75.771487,7.620171,7.735222,-2.378561,-0.267224,0.000000,0.000000,-17.092531,-69.918303,-1.374484,29.878140,-0.608989,-9.981439,0.101550,0.000000,0.000000,-93.491408,-31.784621,-75.688633,7.631012,7.651569,-2.335273,-0.264703,0.000000,0.000000,0.000000,-38.450732,74.397003,22.257968,86.653274,-8.344211,-7.602878,0.368774,11.294494,nan,nan,nan,0,nan,nan,nan,0,nan,nan,nan,nan,nan,nan,nan,nan,nan,nan,nan,nan,nan,nan,nan,nan,nan,nan,nan,nan,nan,nan,nan,nan,nan,nan,nan,nan,nan,nan,nan,nan,nan,nan,nan,nan,nan,nan,nan,nan,nan,nan,nan,nan,nan,nan,nan,nan,nan,nan,nan,nan,nan,nan,nan,nan,nan,nan,nan,nan,nan,nan,nan,nan,nan,nan,nan,nan,nan,nan,nan,nan,nan,nan,nan,nan,nan,nan,nan,nan
23.240,APPROACH,86.514392,-38.859546,74.016570,22.276065,-8.176279,-7.608658,0.361939,-31.086089,-75.890307,7.606949,7.629645,-2.376390,-0.264451,0.000000,0.000000,-17.300139,-69.945635,-1.873737,29.883014,-0.546634,-9.985048,0.097488,0.000000,0.000000,-93.133541,-31.325911,-75.830000,7.615130,7.638729,-2.376935,-0.264703,0.000000,0.000000,0.000000,-38.859546,74.016570,22.276065,86.514392,-8.176279,-7.608658,0.361939,11.174713,nan,nan,nan,0,nan,nan,nan,0,nan,nan,nan,nan,nan,nan,nan,nan,nan,nan,nan,nan,nan,nan,nan,nan,nan,nan,nan,nan,nan,nan,nan,nan,nan,nan,nan,nan,nan,nan,nan,nan,nan,nan,nan,nan,nan,nan,nan,nan,nan,nan,nan,nan,nan,nan,nan,nan,nan,nan,nan,nan,nan,nan,nan,nan,nan,nan,nan,nan,nan,nan,nan,nan,nan,nan,nan,nan,nan,nan,nan,nan,nan,nan,nan,nan,nan,nan,nan,nan
23.280,APPROACH,86.514392,-38.859546,74.016570,22.276065,-8.176279,-7.608658,0.361939,-30.700654,-76.012660,7.593593,7.708708,-2.447060,-0.267110,0.000000,0.000000,-17.611576,-69.969848,-2.373150,29.887693,-0.484257,-9.988268,0.093589,0.000000,0.000000,-92.775675,-31.020535,-75.925632,7.604542,7.630043,-2.404670,-0.264703,0.000000,0.000000,0.000000,-39.269194,73.639509,22.294100,86.382138,-8.192965,-7.541207,0.360699,11.141121,nan,nan,nan,0,nan,nan,nan,0,nan,nan,nan,nan,nan,nan,nan,nan,nan,nan,nan,nan,nan,nan,nan,nan,nan,nan,nan,nan,nan,nan,nan,nan,nan,nan,nan,nan,nan,nan,nan,nan,nan,nan,nan,nan,nan,nan,nan,nan,nan,nan,nan,nan,nan,nan,nan,nan,nan,nan,nan,nan,nan,nan,nan,nan,nan,nan,nan,nan,nan,nan,nan,nan,nan,nan,nan,nan,nan,nan,nan,nan,nan,nan,nan,nan,nan,nan,nan,nan
23.340,APPROACH,86.249091,-39.670459,73.262156,22.311810,-8.025292,-7.547068,0.354188,-30.320482,-76.134861,7.580376,7.603430,-2.444030,-0.264343,0.000000,0.000000,-17.819368,-69.990941,-2.872705,29.892186,-0.421862,-9.991098,0.089845,0.000000,0.000000,-92.417809,-30.563128,-76.071159,7.588660,7.616826,-2.446214,-0.264703,0.000000,0.000000,0.000000,-39.670459,73.262156,22.311810,86.249091,-8.025292,-7.547068,0.354188,11.022205,nan,nan,nan,0,nan,nan,nan,0,nan,nan,nan,nan,nan,nan,nan,nan,nan,nan,nan,nan,nan,nan,nan,nan,nan,nan,nan,nan,nan,nan,nan,nan,nan,nan,nan,nan,nan,nan,nan,nan,nan,nan,nan,nan,nan,nan,nan,nan,nan,nan,nan,nan,nan,nan,nan,nan,nan,nan,nan,nan,nan,nan,nan,nan,nan,nan,nan,nan,nan,nan,nan,nan,nan,nan,nan,nan,nan,nan,nan,nan,nan,nan,nan,nan,nan,nan,nan,nan
23.380,APPROACH,86.249091,-39.670459,73.262156,22.311810,-8.025292,-7.547068,0.354188,-29.936377,-76.260636,7.567026,7.682107,-2.515509,-0.267008,0.000000,0.000000,-18.131053,-70.008913,-3.372382,29.896498,-0.359450,-9.993538,0.086251,0.000000,0.000000,-92.059942,-30.258634,-76.169560,7.578071,7.607889,-2.473870,-0.264703,0.000000,0.000000,0.000000,-40.072537,72.888255,22.329473,86.122652,-8.041557,-7.478029,0.353259,10.986917,nan,nan,nan,0,nan,nan,nan,0,nan,nan,nan,nan,nan,nan,nan,nan,nan,nan,nan,nan,nan,nan,nan,nan,nan,nan,nan,nan,nan,nan,nan,nan,nan,nan,nan,nan,nan,nan,nan,nan,nan,nan,nan,nan,nan,nan,nan,nan,nan,nan,nan,nan,nan,nan,nan,nan,nan,nan,nan,nan,nan,nan,nan,nan,nan,nan,nan,nan,nan,nan,nan,nan,nan,nan,nan,nan,nan,nan,nan,nan,nan,nan,nan,nan,nan,nan,nan,nan
23.440,APPROACH,85.995265,-40.466243,72.514056,22.346825,-7.874130,-7.483978,0.347047,-29.557521,-76.386217,7.553813,7.577105,-2.511610,-0.264246,0.000000,0.000000,-18.338994,-70.023765,-3.872161,29.900638,-0.297025,-9.995588,0.082801,0.000000,0.000000,-91.702076,-29.802567,-76.319236,7.562189,7.594294,-2.515292,-0.264703,0.000000,0.000000,0.000000,-40.466243,72.514056,22.346825,85.995265,-7.874130,-7.483978,0.347047,10.868868,nan,nan,nan,0,nan,nan,nan,0,nan,nan,nan,nan,nan,nan,nan,nan,nan,nan,nan,nan,nan,nan,nan,nan,nan,nan,nan,nan,nan,nan,nan,nan,nan,nan,nan,nan,nan,nan,nan,nan,nan,nan,nan,nan,nan,nan,nan,nan,nan,nan,nan,nan,nan,nan,nan,nan,nan,nan,nan,nan,nan,nan,nan,nan,nan,nan,nan,nan,nan,nan,nan,nan,nan,nan,nan,nan,nan,nan,nan,nan,nan,nan,nan,nan,nan,nan,nan,nan
23.480,APPROACH,85.995265,-40.466243,72.514056,22.346825,-7.874130,-7.483978,0.347047,-29.183858,-76.512368,7.540732,7.473260,-2.523020,-0.261621,0.000000,0.000000,-18.655006,-70.035494,-4.372024,29.904613,-0.234587,-9.997248,0.079489,0.000000,0.000000,-91.344209,-29.498979,-76.420399,7.551601,7.585106,-2.542865,-0.264703,0.000000,0.000000,0.000000,-40.851635,72.140344,22.363880,85.867506,-7.707847,-7.474228,0.341111,10.742037,nan,nan,nan,0,nan,nan,nan,0,nan,nan,nan,nan,nan,nan,nan,nan,nan,nan,nan,nan,nan,nan,nan,nan,nan,nan,nan,nan,nan,nan,nan,nan,nan,nan,nan,nan,nan,nan,nan,nan,nan,nan,nan,nan,nan,nan,nan,nan,nan,nan,nan,nan,nan,nan,nan,nan,nan,nan,nan,nan,nan,nan,nan,nan,nan,nan,nan,nan,nan,nan,nan,nan,nan,nan,nan,nan,nan,nan,nan,nan,nan,nan,nan,nan,nan,nan,nan,nan
23.540,APPROACH,85.745983,-41.238319,71.769556,22.380917,-7.733678,-7.415758,0.340732,-28.805782,-76.641506,7.527511,7.561537,-2.582760,-0.264423,0.000000,0.000000,-18.858397,-70.044101,-4.871950,29.908428,-0.172141,-9.998518,0.076310,0.000000,0.000000,-90.986343,-29.044290,-76.574210,7.535719,7.571137,-2.584162,-0.264703,0.000000,0.000000,0.000000,-41.238319,71.769556,22.380917,85.745983,-7.733678,-7.415758,0.340732,10.720044,nan,nan,nan,0,nan,nan,nan,0,nan,nan,nan,nan,nan,nan,nan,nan,nan,nan,nan,nan,nan,nan,nan,nan,nan,nan,nan,nan,nan,nan,nan,nan,nan,nan,nan,nan,nan,nan,nan,nan,nan,nan,nan,nan,nan,nan,nan,nan,nan,nan,nan,nan,nan,nan,nan,nan,nan,nan,nan,nan,nan,nan,nan,nan,nan,nan,nan,nan,nan,nan,nan,nan,nan,nan,nan,nan,nan,nan,nan,nan,nan,nan,nan,nan,nan,nan,nan,nan
23.580,APPROACH,85.745983,-41.238319,71.769556,22.380917,-7.733678,-7.415758,0.340732,-28.432925,-76.771160,7.514422,7.457139,-2.593080,-0.261790,0.000000,0.000000,-19.174158,-70.049585,-5.371920,29.912091,-0.109688,-9.999398,0.073257,0.000000,0.000000,-90.628476,-28.741633,-76.678126,7.525131,7.561698,-2.611650,-0.264703,0.000000,0.000000,0.000000,-41.616661,71.399240,22.397669,85.623908,-7.566827,-7.406318,0.335047,10.593520,nan,nan,nan,0,nan,nan,nan,0,nan,nan,nan,nan,nan,nan,nan,nan,nan,nan,nan,nan,nan,nan,nan,nan,nan,nan,nan,nan,nan,nan,nan,nan,nan,nan,nan,nan,nan,nan,nan,nan,nan,nan,nan,nan,nan,nan,nan,nan,nan,nan,nan,nan,nan,nan,nan,nan,nan,nan,nan,nan,nan,nan,nan,nan,nan,nan,nan,nan,nan,nan,nan,nan,nan,nan,nan,nan,nan,nan,nan,nan,nan,nan,nan,nan,nan,nan,nan,nan
23.640,APPROACH,85.508036,-41.996244,71.031920,22.414415,-7.591674,-7.346406,0.334909,-28.055703,-76.903834,7.501193,7.544443,-2.653482,-0.264582,0.000000,0.000000,-19.377460,-70.051947,-5.871914,29.915608,-0.047230,-9.999888,0.070327,0.000000,0.000000,-90.270610,-28.288360,-76.836061,7.509249,7.547354,-2.652818,-0.264703,0.000000,0.000000,0.000000,-41.996244,71.031920,22.414415,85.508036,-7.591674,-7.346406,0.334909,10.569548,nan,nan,nan,0,nan,nan,nan,0,nan,nan,nan,nan,nan,nan,nan,nan,nan,nan,nan,nan,nan,nan,nan,nan,nan,nan,nan,nan,nan,nan,nan,nan,nan,nan,nan,nan,nan,nan,nan,nan,nan,nan,nan,nan,nan,nan,nan,nan,nan,nan,nan,nan,nan,nan,nan,nan,nan,nan,nan,nan,nan,nan,nan,nan,nan,nan,nan,nan,nan,nan,nan,nan,nan,nan,nan,nan,nan,nan,nan,nan,nan,nan,nan,nan,nan,nan,nan,nan
23.680,APPROACH,85.508036,-41.996244,71.031920,22.414415,-7.591674,-7.346406,0.334909,-27.674677,-77.040178,7.487831,7.620518,-2.726885,-0.267235,0.000000,0.000000,-19.688969,-70.051185,-6.371913,29.918983,0.015229,-9.999988,0.067514,0.000000,0.000000,-89.912744,-27.986660,-76.942722,7.498660,7.537667,-2.680220,-0.264703,0.000000,0.000000,0.000000,-42.376509,70.668265,22.431152,85.398646,-7.605289,-7.273103,0.334749,10.528557,nan,nan,nan,0,nan,nan,nan,0,nan,nan,nan,nan,nan,nan,nan,nan,nan,nan,nan,nan,nan,nan,nan,nan,nan,nan,nan,nan,nan,nan,nan,nan,nan,nan,nan,nan,nan,nan,nan,nan,nan,nan,nan,nan,nan,nan,nan,nan,nan,nan,nan,nan,nan,nan,nan,nan,nan,nan,nan,nan,nan,nan,nan,nan,nan,nan,nan,nan,nan,nan,nan,nan,nan,nan,nan,nan,nan,nan,nan,nan,nan,nan,nan,nan,nan,nan,nan,nan
23.740,APPROACH,85.287811,-42.748378,70.304277,22.447616,-7.437386,-7.279752,0.329275,-27.298923,-77.176176,7.474608,7.515074,-2.719946,-0.264462,0.000000,0.000000,-19.896815,-70.047301,-6.871898,29.922224,0.077688,-9.999698,0.064813,0.000000,0.000000,-89.554877,-27.534840,-77.104766,7.482778,7.522949,-2.721257,-0.264703,0.000000,0.000000,0.000000,-42.748378,70.304277,22.447616,85.287811,-7.437386,-7.279752,0.329275,10.412393,nan,nan,nan,0,nan,nan,nan,0,nan,nan,nan,nan,nan,nan,nan,nan,nan,nan,nan,nan,nan,nan,nan,nan,nan,nan,nan,nan,nan,nan,nan,nan,nan,nan,nan,nan,nan,nan,nan,nan,nan,nan,nan,nan,nan,nan,nan,nan,nan,nan,nan,nan,nan,nan,nan,nan,nan,nan,nan,nan,nan,nan,nan,nan,nan,nan,nan,nan,nan,nan,nan,nan,nan,nan,nan,nan,nan,nan,nan,nan,nan,nan,nan,nan,nan,nan,nan,nan
23.780,APPROACH,85.287811,-42.748378,70.304277,22.447616,-7.437386,-7.279752,0.329275,-26.919384,-77.315883,7.461252,7.590776,-2.794154,-0.267121,0.000000,0.000000,-20.208591,-70.040294,-7.371849,29.925335,0.140143,-9.999018,0.062221,0.000000,0.000000,-89.197011,-27.234120,-77.214163,7.472190,7.513013,-2.748569,-0.264703,0.000000,0.000000,0.000000,-43.120910,69.944034,22.464083,85.183424,-7.450633,-7.204864,0.329342,10.369689,nan,nan,nan,0,nan,nan,nan,0,nan,nan,nan,nan,nan,nan,nan,nan,nan,nan,nan,nan,nan,nan,nan,nan,nan,nan,nan,nan,nan,nan,nan,nan,nan,nan,nan,nan,nan,nan,nan,nan,nan,nan,nan,nan,nan,nan,nan,nan,nan,nan,nan,nan,nan,nan,nan,nan,nan,nan,nan,nan,nan,nan,nan,nan,nan,nan,nan,nan,nan,nan,nan,nan,nan,nan,nan,nan,nan,nan,nan,nan,nan,nan,nan,nan,nan,nan,nan,nan
23.840,APPROACH,85.077443,-43.485064,69.583455,22.480287,-7.283085,-7.211580,0.324085,-26.545100,-77.455202,7.448034,7.485679,-2.786367,-0.264353,0.000000,0.000000,-20.416596,-70.030164,-7.871747,29.928322,0.202594,-9.997948,0.059732,0.000000,0.000000,-88.839144,-26.783791,-77.380305,7.456308,7.497923,-2.789470,-0.264703,0.000000,0.000000,0.000000,-43.485064,69.583455,22.480287,85.077443,-7.283085,-7.211580,0.324085,10.254523,nan,nan,nan,0,nan,nan,nan,0,nan,nan,nan,nan,nan,nan,nan,nan,nan,nan,nan,nan,nan,nan,nan,nan,nan,nan,nan,nan,nan,nan,nan,nan,nan,nan,nan,nan,nan,nan,nan,nan,nan,nan,nan,nan,nan,nan,nan,nan,nan,nan,nan,nan,nan,nan,nan,nan,nan,nan,nan,nan,nan,nan,nan,nan,nan,nan,nan,nan,nan,nan,nan,nan,nan,nan,nan,nan,nan,nan,nan,nan,nan,nan,nan,nan,nan,nan,nan,nan
23.880,APPROACH,85.077443,-43.485064,69.583455,22.480287,-7.283085,-7.211580,0.324085,-26.175785,-77.594218,7.434948,7.386304,-2.780320,-0.261723,0.000000,0.000000,-20.627117,-70.016912,-8.371571,29.931189,0.265036,-9.996487,0.057343,0.000000,0.000000,-88.481278,-26.484078,-77.492428,7.445720,7.487740,-2.816691,-0.264703,0.000000,0.000000,0.000000,-43.841127,69.222647,22.496241,84.969995,-7.121268,-7.216168,0.319066,10.143340,nan,nan,nan,0,nan,nan,nan,0,nan,nan,nan,nan,nan,nan,nan,nan,nan,nan,nan,nan,nan,nan,nan,nan,nan,nan,nan,nan,nan,nan,nan,nan,nan,nan,nan,nan,nan,nan,nan,nan,nan,nan,nan,nan,nan,nan,nan,nan,nan,nan,nan,nan,nan,nan,nan,nan,nan,nan,nan,nan,nan,nan,nan,nan,nan,nan,nan,nan,nan,nan,nan,nan,nan,nan,nan,nan,nan,nan,nan,nan,nan,nan,nan,nan,nan,nan,nan,nan
23.940,APPROACH,84.869126,-44.198087,68.865794,22.512219,-7.139204,-7.137055,0.319568,-25.802451,-77.737097,7.421722,7.466671,-2.857582,-0.264519,0.000000,0.000000,-20.942428,-70.000539,-8.871303,29.933941,0.327468,-9.994637,0.055049,0.000000,0.000000,-88.123412,-26.035276,-77.662653,7.429838,7.472279,-2.857454,-0.264703,0.000000,0.000000,0.000000,-44.198087,68.865794,22.512219,84.869126,-7.139204,-7.137055,0.319568,10.099896,nan,nan,nan,0,nan,nan,nan,0,nan,nan,nan,nan,nan,nan,nan,nan,nan,nan,nan,nan,nan,nan,nan,nan,nan,nan,nan,nan,nan,nan,nan,nan,nan,nan,nan,nan,nan,nan,nan,nan,nan,nan,nan,nan,nan,nan,nan,nan,nan,nan,nan,nan,nan,nan,nan,nan,nan,nan,nan,nan,nan,nan,nan,nan,nan,nan,nan,nan,nan,nan,nan,nan,nan,nan,nan,nan,nan,nan,nan,nan,nan,nan,nan,nan,nan,nan,nan,nan
23.980,APPROACH,84.869126,-44.198087,68.865794,22.512219,-7.139204,-7.137055,0.319568,-25.425407,-77.883750,7.408363,7.540879,-2.933058,-0.267176,0.000000,0.000000,-21.253762,-69.981045,-9.370923,29.936583,0.389887,-9.992397,0.052847,0.000000,0.000000,-87.765545,-25.736593,-77.777494,7.419249,7.461849,-2.884581,-0.264703,0.000000,0.000000,0.000000,-44.555637,68.512827,22.528220,84.774601,-7.150992,-7.059339,0.320023,10.053525,nan,nan,nan,0,nan,nan,nan,0,nan,nan,nan,nan,nan,nan,nan,nan,nan,nan,nan,nan,nan,nan,nan,nan,nan,nan,nan,nan,nan,nan,nan,nan,nan,nan,nan,nan,nan,nan,nan,nan,nan,nan,nan,nan,nan,nan,nan,nan,nan,nan,nan,nan,nan,nan,nan,nan,nan,nan,nan,nan,nan,nan,nan,nan,nan,nan,nan,nan,nan,nan,nan,nan,nan,nan,nan,nan,nan,nan,nan,nan,nan,nan,nan,nan,nan,nan,nan,nan
24.040,APPROACH,84.678161,-44.904813,68.159502,22.543977,-6.983523,-7.066492,0.315138,-25.053617,-78.029913,7.395143,7.435814,-2.923274,-0.264405,0.000000,0.000000,-21.461495,-69.958430,-9.870411,29.939120,0.452291,-9.989766,0.050733,0.000000,0.000000,-87.407679,-25.289356,-77.951788,7.403367,7.446019,-2.925201,-0.264703,0.000000,0.000000,0.000000,-44.904813,68.159502,22.543977,84.678161,-6.983523,-7.066492,0.315138,9.940031,nan,nan,nan,0,nan,nan,nan,0,nan,nan,nan,nan,nan,nan,nan,nan,nan,nan,nan,nan,nan,nan,nan,nan,nan,nan,nan,nan,nan,nan,nan,nan,nan,nan,nan,nan,nan,nan,nan,nan,nan,nan,nan,nan,nan,nan,nan,nan,nan,nan,nan,nan,nan,nan,nan,nan,nan,nan,nan,nan,nan,nan,nan,nan,nan,nan,nan,nan,nan,nan,nan,nan,nan,nan,nan,nan,nan,nan,nan,nan,nan,nan,nan,nan,nan,nan,nan,nan
24.080,APPROACH,84.678161,-44.904813,68.159502,22.543977,-6.983523,-7.066492,0.315138,-24.678136,-78.179890,7.381790,7.509609,-2.999541,-0.267067,0.000000,0.000000,-21.773105,-69.932696,-10.369748,29.941555,0.514677,-9.986747,0.048704,0.000000,0.000000,-87.049812,-24.991728,-78.069336,7.392779,7.435343,-2.952233,-0.264703,0.000000,0.000000,0.000000,-45.254560,67.810142,22.559766,84.588023,-6.994931,-6.987206,0.315771,9.891907,nan,nan,nan,0,nan,nan,nan,0,nan,nan,nan,nan,nan,nan,nan,nan,nan,nan,nan,nan,nan,nan,nan,nan,nan,nan,nan,nan,nan,nan,nan,nan,nan,nan,nan,nan,nan,nan,nan,nan,nan,nan,nan,nan,nan,nan,nan,nan,nan,nan,nan,nan,nan,nan,nan,nan,nan,nan,nan,nan,nan,nan,nan,nan,nan,nan,nan,nan,nan,nan,nan,nan,nan,nan,nan,nan,nan,nan,nan,nan,nan,nan,nan,nan,nan,nan,nan,nan
24.140,APPROACH,84.495824,-45.595952,67.460421,22.575319,-6.827852,-6.994421,0.311057,-24.307892,-78.329336,7.368574,7.404896,-2.988916,-0.264302,0.000000,0.000000,-21.981002,-69.903844,-10.868915,29.943893,0.577044,-9.983337,0.046756,0.000000,0.000000,-86.691946,-24.546093,-78.247685,7.376897,7.419144,-2.992708,-0.264703,0.000000,0.000000,0.000000,-45.595952,67.460421,22.575319,84.495824,-6.827852,-6.994421,0.311057,9.779481,nan,nan,nan,0,nan,nan,nan,0,nan,nan,nan,nan,nan,nan,nan,nan,nan,nan,nan,nan,nan,nan,nan,nan,nan,nan,nan,nan,nan,nan,nan,nan,nan,nan,nan,nan,nan,nan,nan,nan,nan,nan,nan,nan,nan,nan,nan,nan,nan,nan,nan,nan,nan,nan,nan,nan,nan,nan,nan,nan,nan,nan,nan,nan,nan,nan,nan,nan,nan,nan,nan,nan,nan,nan,nan,nan,nan,nan,nan,nan,nan,nan,nan,nan,nan,nan,nan,nan
24.180,APPROACH,84.495824,-45.595952,67.460421,22.575319,-6.827852,-6.994421,0.311057,-23.933980,-78.482634,7.355226,7.478239,-3.065957,-0.266969,0.000000,0.000000,-22.292835,-69.871875,-11.367892,29.946137,0.639387,-9.979538,0.044885,0.000000,0.000000,-86.334079,-24.249545,-78.367932,7.366309,7.408223,-3.019642,-0.264703,0.000000,0.000000,0.000000,-45.937895,67.114742,22.590911,84.409881,-6.838851,-6.913581,0.311854,9.729581,nan,nan,nan,0,nan,nan,nan,0,nan,nan,nan,nan,nan,nan,nan,nan,nan,nan,nan,nan,nan,nan,nan,nan,nan,nan,nan,nan,nan,nan,nan,nan,nan,nan,nan,nan,nan,nan,nan,nan,nan,nan,nan,nan,nan,nan,nan,nan,nan,nan,nan,nan,nan,nan,nan,nan,nan,nan,nan,nan,nan,nan,nan,nan,nan,nan,nan,nan,nan,nan,nan,nan,nan,nan,nan,nan,nan,nan,nan,nan,nan,nan,nan,nan,nan,nan,nan,nan
24.240,APPROACH,84.321734,-46.271502,66.768699,22.606276,-6.672150,-6.920868,0.307299,-23.565287,-78.635358,7.342016,7.373856,-3.054482,-0.264209,0.000000,0.000000,-22.500867,-69.836789,-11.866660,29.948292,0.701706,-9.975350,0.043090,0.000000,0.000000,-85.976213,-23.805548,-78.550321,7.350427,7.391657,-3.059968,-0.264703,0.000000,0.000000,0.000000,-46.271502,66.768699,22.606276,84.321734,-6.672150,-6.920868,0.307299,9.618234,nan,nan,nan,0,nan,nan,nan,0,nan,nan,nan,nan,nan,nan,nan,nan,nan,nan,nan,nan,nan,nan,nan,nan,nan,nan,nan,nan,nan,nan,nan,nan,nan,nan,nan,nan,nan,nan,nan,nan,nan,nan,nan,nan,nan,nan,nan,nan,nan,nan,nan,nan,nan,nan,nan,nan,nan,nan,nan,nan,nan,nan,nan,nan,nan,nan,nan,nan,nan,nan,nan,nan,nan,nan,nan,nan,nan,nan,nan,nan,nan,nan,nan,nan,nan,nan,nan,nan
24.280,APPROACH,84.321734,-46.271502,66.768699,22.606276,-6.672150,-6.920868,0.307299,-23.190344,-78.794332,7.328680,7.498856,-3.179482,-0.266719,0.000000,0.000000,-22.976730,-69.798589,-12.365198,29.950360,0.763998,-9.970773,0.041366,0.000000,0.000000,-85.618347,-21.673342,-79.464571,7.290000,7.326629,-3.159968,-0.164703,0.000000,0.000000,0.000000,-46.608245,66.429134,22.621681,84.243094,-6.734858,-6.791291,0.308085,9.569476,nan,nan,nan,0,nan,nan,nan,0,nan,nan,nan,nan,nan,nan,nan,nan,nan,nan,nan,nan,nan,nan,nan,nan,nan,nan,nan,nan,nan,nan,nan,nan,nan,nan,nan,nan,nan,nan,nan,nan,nan,nan,nan,nan,nan,nan,nan,nan,nan,nan,nan,nan,nan,nan,nan,nan,nan,nan,nan,nan,nan,nan,nan,nan,nan,nan,nan,nan,nan,nan,nan,nan,nan,nan,nan,nan,nan,nan,nan,nan,nan,nan,nan,nan,nan,nan,nan,nan
24.340,APPROACH,84.172249,-46.948125,66.096068,22.630752,-6.797597,-6.661325,0.181431,-22.809151,-78.959556,7.321594,7.623856,-3.304482,-0.141719,0.000000,0.000000,-23.433823,-69.757276,-12.863489,29.952346,0.826259,-9.965806,0.039712,0.000000,0.000000,-85.260480,-21.233745,-79.657324,7.290000,7.326629,-3.212554,-0.014703,0.000000,0.000000,0.000000,-46.948125,66.096068,22.630752,84.172249,-6.797597,-6.661325,0.181431,9.519111,nan,nan,nan,0,nan,nan,nan,0,nan,nan,nan,nan,nan,nan,nan,nan,nan,nan,nan,nan,nan,nan,nan,nan,nan,nan,nan,nan,nan,nan,nan,nan,nan,nan,nan,nan,nan,nan,nan,nan,nan,nan,nan,nan,nan,nan,nan,nan,nan,nan,nan,nan,nan,nan,nan,nan,nan,nan,nan,nan,nan,nan,nan,nan,nan,nan,nan,nan,nan,nan,nan,nan,nan,nan,nan,nan,nan,nan,nan,nan,nan,nan,nan,nan,nan,nan,nan,nan
24.380,APPROACH,84.172249,-46.948125,66.096068,22.630752,-6.797597,-6.661325,0.181431,-22.421708,-79.131030,7.320014,7.748856,-3.429482,-0.031594,0.000000,0.000000,-23.873181,-69.712852,-13.361511,29.954252,0.888489,-9.960451,0.038123,0.000000,0.000000,-84.902614,-20.940680,-79.785826,7.290000,7.326629,-3.212554,0.000000,0.000000,0.000000,0.000000,-47.291144,65.769519,22.634238,84.109397,-6.860367,-6.530969,0.069717,9.472226,nan,nan,nan,0,nan,nan,nan,0,nan,nan,nan,nan,nan,nan,nan,nan,nan,nan,nan,nan,nan,nan,nan,nan,nan,nan,nan,nan,nan,nan,nan,nan,nan,nan,nan,nan,nan,nan,nan,nan,nan,nan,nan,nan,nan,nan,nan,nan,nan,nan,nan,nan,nan,nan,nan,nan,nan,nan,nan,nan,nan,nan,nan,nan,nan,nan,nan,nan,nan,nan,nan,nan,nan,nan,nan,nan,nan,nan,nan,nan,nan,nan,nan,nan,nan,nan,nan,nan
24.440,APPROACH,84.055994,-47.637302,65.449508,22.637569,-6.923172,-6.400226,0.066612,-22.028016,-79.308755,7.318513,7.873856,-3.554482,-0.030014,0.000000,0.000000,-24.295766,-69.665318,-13.859246,29.956082,0.950683,-9.954707,0.036598,0.000000,0.000000,-84.544747,-20.501082,-79.978579,7.290000,7.326629,-3.212554,0.000000,0.000000,0.000000,0.000000,-47.637302,65.449508,22.637569,84.055994,-6.923172,-6.400226,0.066612,9.428555,nan,nan,nan,0,nan,nan,nan,0,nan,nan,nan,nan,nan,nan,nan,nan,nan,nan,nan,nan,nan,nan,nan,nan,nan,nan,nan,nan,nan,nan,nan,nan,nan,nan,nan,nan,nan,nan,nan,nan,nan,nan,nan,nan,nan,nan,nan,nan,nan,nan,nan,nan,nan,nan,nan,nan,nan,nan,nan,nan,nan,nan,nan,nan,nan,nan,nan,nan,nan,nan,nan,nan,nan,nan,nan,nan,nan,nan,nan,nan,nan,nan,nan,nan,nan,nan,nan,nan
24.480,APPROACH,84.055994,-47.637302,65.449508,22.637569,-6.923172,-6.400226,0.066612,-21.628073,-79.492729,7.317088,7.998856,-3.679482,-0.028513,0.000000,0.000000,-24.702478,-69.614676,-14.356675,29.957839,1.012841,-9.948575,0.035134,0.000000,0.000000,-84.186881,-20.208017,-80.107082,7.290000,7.326629,-3.212554,0.000000,0.000000,0.000000,0.000000,-47.986603,65.136053,22.640751,84.012041,-6.986015,-6.269094,0.063648,9.386692,nan,nan,nan,0,nan,nan,nan,0,nan,nan,nan,nan,nan,nan,nan,nan,nan,nan,nan,nan,nan,nan,nan,nan,nan,nan,nan,nan,nan,nan,nan,nan,nan,nan,nan,nan,nan,nan,nan,nan,nan,nan,nan,nan,nan,nan,nan,nan,nan,nan,nan,nan,nan,nan,nan,nan,nan,nan,nan,nan,nan,nan,nan,nan,nan,nan,nan,nan,nan,nan,nan,nan,nan,nan,nan,nan,nan,nan,nan,nan,nan,nan,nan,nan,nan,nan,nan,nan
24.540,APPROACH,83.977537,-48.339048,64.829175,22.643792,-7.048897,-6.137574,0.060817,-21.221880,-79.682953,7.315733,8.123856,-3.804482,-0.027088,0.000000,0.000000,-25.094156,-69.560928,-14.853778,29.959525,1.074959,-9.942055,0.033729,0.000000,0.000000,-83.829015,-19.768419,-80.299835,7.290000,7.326629,-3.212554,0.000000,0.000000,0.000000,0.000000,-48.339048,64.829175,22.643792,83.977537,-7.048897,-6.137574,0.060817,9.346681,nan,nan,nan,0,nan,nan,nan,0,nan,nan,nan,nan,nan,nan,nan,nan,nan,nan,nan,nan,nan,nan,nan,nan,nan,nan,nan,nan,nan,nan,nan,nan,nan,nan,nan,nan,nan,nan,nan,nan,nan,nan,nan,nan,nan,nan,nan,nan,nan,nan,nan,nan,nan,nan,nan,nan,nan,nan,nan,nan,nan,nan,nan,nan,nan,nan,nan,nan,nan,nan,nan,nan,nan,nan,nan,nan,nan,nan,nan,nan,nan,nan,nan,nan,nan,nan,nan,nan
24.580,APPROACH,83.977537,-48.339048,64.829175,22.643792,-7.048897,-6.137574,0.060817,-20.809437,-79.879427,7.314447,8.248856,-3.929482,-0.025733,0.000000,0.000000,-25.471584,-69.504076,-15.350535,29.961144,1.137035,-9.935147,0.032380,0.000000,0.000000,-83.471148,-19.475354,-80.428337,7.290000,7.326629,-3.212554,0.000000,0.000000,0.000000,0.000000,-48.694639,64.528891,22.646697,83.952478,-7.111821,-6.005666,0.058113,9.308565,nan,nan,nan,0,nan,nan,nan,0,nan,nan,nan,nan,nan,nan,nan,nan,nan,nan,nan,nan,nan,nan,nan,nan,nan,nan,nan,nan,nan,nan,nan,nan,nan,nan,nan,nan,nan,nan,nan,nan,nan,nan,nan,nan,nan,nan,nan,nan,nan,nan,nan,nan,nan,nan,nan,nan,nan,nan,nan,nan,nan,nan,nan,nan,nan,nan,nan,nan,nan,nan,nan,nan,nan,nan,nan,nan,nan,nan,nan,nan,nan,nan,nan,nan,nan,nan,nan,nan
24.640,APPROACH,83.935749,-49.053378,64.233771,22.649474,-7.174789,-5.902403,0.055531,-20.390745,-80.080699,7.313224,8.373856,-4.025448,-0.024447,0.000000,0.000000,-25.674349,-69.444123,-15.846928,29.962698,1.199067,-9.927852,0.031085,0.000000,0.000000,-83.113282,-19.035756,-80.621090,7.290000,7.326629,-3.212554,0.000000,0.000000,0.000000,0.000000,-49.053378,64.233771,22.649474,83.935749,-7.174789,-5.902403,0.055531,9.290804,nan,nan,nan,0,nan,nan,nan,0,nan,nan,nan,nan,nan,nan,nan,nan,nan,nan,nan,nan,nan,nan,nan,nan,nan,nan,nan,nan,nan,nan,nan,nan,nan,nan,nan,nan,nan,nan,nan,nan,nan,nan,nan,nan,nan,nan,nan,nan,nan,nan,nan,nan,nan,nan,nan,nan,nan,nan,nan,nan,nan,nan,nan,nan,nan,nan,nan,nan,nan,nan,nan,nan,nan,nan,nan,nan,nan,nan,nan,nan,nan,nan,nan,nan,nan,nan,nan,nan
24.680,APPROACH,83.935749,-49.053378,64.233771,22.649474,-7.174789,-5.902403,0.055531,-19.965802,-80.277605,7.312063,8.498856,-3.938124,-0.023224,0.000000,0.000000,-24.861643,-69.381070,-16.342936,29.964190,1.261052,-9.920169,0.029841,0.000000,0.000000,-82.755415,-18.742691,-80.749592,7.290000,7.326629,-3.212554,0.000000,0.000000,0.000000,0.000000,-49.415268,63.934669,22.652127,83.920376,-7.237804,-5.982045,0.053066,9.390073,nan,nan,nan,0,nan,nan,nan,0,nan,nan,nan,nan,nan,nan,nan,nan,nan,nan,nan,nan,nan,nan,nan,nan,nan,nan,nan,nan,nan,nan,nan,nan,nan,nan,nan,nan,nan,nan,nan,nan,nan,nan,nan,nan,nan,nan,nan,nan,nan,nan,nan,nan,nan,nan,nan,nan,nan,nan,nan,nan,nan,nan,nan,nan,nan,nan,nan,nan,nan,nan,nan,nan,nan,nan,nan,nan,nan,nan,nan,nan,nan,nan,nan,nan,nan,nan,nan,nan
24.740,APPROACH,83.909583,-49.780312,63.635721,22.654663,-7.300868,-5.978958,0.050711,-19.534609,-80.474262,7.310960,8.623856,-3.933140,-0.022063,0.000000,0.000000,-24.516628,-69.314921,-16.838541,29.965623,1.322988,-9.912099,0.028648,0.000000,0.000000,-82.397549,-18.303093,-80.942346,7.290000,7.326629,-3.212554,0.000000,0.000000,0.000000,0.000000,-49.780312,63.635721,22.654663,83.909583,-7.300868,-5.978958,0.050711,9.436800,nan,nan,nan,0,nan,nan,nan,0,nan,nan,nan,nan,nan,nan,nan,nan,nan,nan,nan,nan,nan,nan,nan,nan,nan,nan,nan,nan,nan,nan,nan,nan,nan,nan,nan,nan,nan,nan,nan,nan,nan,nan,nan,nan,nan,nan,nan,nan,nan,nan,nan,nan,nan,nan,nan,nan,nan,nan,nan,nan,nan,nan,nan,nan,nan,nan,nan,nan,nan,nan,nan,nan,nan,nan,nan,nan,nan,nan,nan,nan,nan,nan,nan,nan,nan,nan,nan,nan
24.780,APPROACH,83.909583,-49.780312,63.635721,22.654663,-7.300868,-5.978958,0.050711,-19.097166,-80.666830,7.309912,8.748856,-3.851355,-0.020960,0.000000,0.000000,-23.759689,-69.245677,-17.333723,29.966998,1.384872,-9.903642,0.027502,0.000000,0.000000,-82.039683,-18.010028,-81.070848,7.290000,7.326629,-3.212554,0.000000,0.000000,0.000000,0.000000,-50.148511,63.333107,22.657086,83.900531,-7.363984,-6.052288,0.048462,9.532093,nan,nan,nan,0,nan,nan,nan,0,nan,nan,nan,nan,nan,nan,nan,nan,nan,nan,nan,nan,nan,nan,nan,nan,nan,nan,nan,nan,nan,nan,nan,nan,nan,nan,nan,nan,nan,nan,nan,nan,nan,nan,nan,nan,nan,nan,nan,nan,nan,nan,nan,nan,nan,nan,nan,nan,nan,nan,nan,nan,nan,nan,nan,nan,nan,nan,nan,nan,nan,nan,nan,nan,nan,nan,nan,nan,nan,nan,nan,nan,nan,nan,nan,nan,nan,nan,nan,nan
24.840,APPROACH,83.896399,-50.519869,63.030946,22.659402,-7.427153,-6.043222,0.046314,-18.653473,-80.859409,7.308916,8.873856,-3.851577,-0.019912,0.000000,0.000000,-23.462603,-69.173342,-17.828463,29.968318,1.446702,-9.894799,0.026402,0.000000,0.000000,-81.681816,-17.570430,-81.263601,7.290000,7.326629,-3.212554,0.000000,0.000000,0.000000,0.000000,-50.519869,63.030946,22.659402,83.896399,-7.427153,-6.043222,0.046314,9.575243,nan,nan,nan,0,nan,nan,nan,0,nan,nan,nan,nan,nan,nan,nan,nan,nan,nan,nan,nan,nan,nan,nan,nan,nan,nan,nan,nan,nan,nan,nan,nan,nan,nan,nan,nan,nan,nan,nan,nan,nan,nan,nan,nan,nan,nan,nan,nan,nan,nan,nan,nan,nan,nan,nan,nan,nan,nan,nan,nan,nan,nan,nan,nan,nan,nan,nan,nan,nan,nan,nan,nan,nan,nan,nan,nan,nan,nan,nan,nan,nan,nan,nan,nan,nan,nan,nan,nan
24.880,APPROACH,83.896399,-50.519869,63.030946,22.659402,-7.427153,-6.043222,0.046314,-18.204575,-81.051998,7.307971,8.977960,-3.851786,-0.018916,0.000000,0.000000,-23.220635,-69.097918,-18.322742,29.969585,1.508476,-9.885570,0.025346,0.000000,0.000000,-81.323950,-17.277365,-81.392103,7.290000,7.326629,-3.212554,0.000000,0.000000,0.000000,0.000000,-50.893343,62.729256,22.661615,83.896607,-7.469484,-6.033784,0.044262,9.602171,nan,nan,nan,0,nan,nan,nan,0,nan,nan,nan,nan,nan,nan,nan,nan,nan,nan,nan,nan,nan,nan,nan,nan,nan,nan,nan,nan,nan,nan,nan,nan,nan,nan,nan,nan,nan,nan,nan,nan,nan,nan,nan,nan,nan,nan,nan,nan,nan,nan,nan,nan,nan,nan,nan,nan,nan,nan,nan,nan,nan,nan,nan,nan,nan,nan,nan,nan,nan,nan,nan,nan,nan,nan,nan,nan,nan,nan,nan,nan,nan,nan,nan,nan,nan,nan,nan,nan
24.940,APPROACH,83.891329,-51.257481,62.424203,22.663730,-7.282769,-6.101074,0.042302,-17.761927,-81.240742,7.307072,8.852960,-3.774882,-0.017971,0.000000,0.000000,-23.093289,-69.019409,-18.816540,29.970802,1.570191,-9.875956,0.024332,0.000000,0.000000,-80.966084,-16.837767,-81.584856,7.290000,7.326629,-3.212554,0.000000,0.000000,0.000000,0.000000,-51.257481,62.424203,22.663730,83.891329,-7.282769,-6.101074,0.042302,9.500716,nan,nan,nan,0,nan,nan,nan,0,nan,nan,nan,nan,nan,nan,nan,nan,nan,nan,nan,nan,nan,nan,nan,nan,nan,nan,nan,nan,nan,nan,nan,nan,nan,nan,nan,nan,nan,nan,nan,nan,nan,nan,nan,nan,nan,nan,nan,nan,nan,nan,nan,nan,nan,nan,nan,nan,nan,nan,nan,nan,nan,nan,nan,nan,nan,nan,nan,nan,nan,nan,nan,nan,nan,nan,nan,nan,nan,nan,nan,nan,nan,nan,nan,nan,nan,nan,nan,nan
24.980,APPROACH,83.891329,-51.257481,62.424203,22.663730,-7.282769,-6.101074,0.042302,-17.322562,-81.429727,7.306218,8.787300,-3.779693,-0.017072,0.000000,0.000000,-23.274053,-68.937816,-19.309837,29.971970,1.631845,-9.865956,0.023359,0.000000,0.000000,-80.608217,-16.544702,-81.713358,7.290000,7.326629,-3.212554,0.000000,0.000000,0.000000,0.000000,-51.615254,62.119890,22.665751,83.885347,-7.155455,-6.086263,0.040431,9.393869,nan,nan,nan,0,nan,nan,nan,0,nan,nan,nan,nan,nan,nan,nan,nan,nan,nan,nan,nan,nan,nan,nan,nan,nan,nan,nan,nan,nan,nan,nan,nan,nan,nan,nan,nan,nan,nan,nan,nan,nan,nan,nan,nan,nan,nan,nan,nan,nan,nan,nan,nan,nan,nan,nan,nan,nan,nan,nan,nan,nan,nan,nan,nan,nan,nan,nan,nan,nan,nan,nan,nan,nan,nan,nan,nan,nan,nan,nan,nan,nan,nan,nan,nan,nan,nan,nan,nan
25.040,APPROACH,83.873898,-51.963697,61.812467,22.667683,-6.968865,-6.148457,0.038643,-16.889447,-81.615083,7.305407,8.662300,-3.707114,-0.016218,0.000000,0.000000,-23.168964,-68.853145,-19.802616,29.973091,1.693435,-9.855571,0.022424,0.000000,0.000000,-80.250351,-16.105104,-81.906112,7.290000,7.326629,-3.212554,0.000000,0.000000,0.000000,0.000000,-51.963697,61.812467,22.667683,83.873898,-6.968865,-6.148457,0.038643,9.293552,nan,nan,nan,0,nan,nan,nan,0,nan,nan,nan,nan,nan,nan,nan,nan,nan,nan,nan,nan,nan,nan,nan,nan,nan,nan,nan,nan,nan,nan,nan,nan,nan,nan,nan,nan,nan,nan,nan,nan,nan,nan,nan,nan,nan,nan,nan,nan,nan,nan,nan,nan,nan,nan,nan,nan,nan,nan,nan,nan,nan,nan,nan,nan,nan,nan,nan,nan,nan,nan,nan,nan,nan,nan,nan,nan,nan,nan,nan,nan,nan,nan,nan,nan,nan,nan,nan,nan
25.080,APPROACH,83.873898,-51.963697,61.812467,22.667683,-6.968865,-6.148457,0.038643,-16.462582,-81.797027,7.304637,8.537300,-3.638890,-0.015407,0.000000,0.000000,-23.085363,-68.765397,-20.294856,29.974167,1.754959,-9.844802,0.021527,0.000000,0.000000,-79.892484,-15.812039,-82.034614,7.290000,7.326629,-3.212554,0.000000,0.000000,0.000000,0.000000,-52.302814,61.502171,22.669530,83.857075,-6.782341,-6.205912,0.036935,9.193197,nan,nan,nan,0,nan,nan,nan,0,nan,nan,nan,nan,nan,nan,nan,nan,nan,nan,nan,nan,nan,nan,nan,nan,nan,nan,nan,nan,nan,nan,nan,nan,nan,nan,nan,nan,nan,nan,nan,nan,nan,nan,nan,nan,nan,nan,nan,nan,nan,nan,nan,nan,nan,nan,nan,nan,nan,nan,nan,nan,nan,nan,nan,nan,nan,nan,nan,nan,nan,nan,nan,nan,nan,nan,nan,nan,nan,nan,nan,nan,nan,nan,nan,nan,nan,nan,nan,nan
25.140,APPROACH,83.839239,-52.634942,61.193082,22.671295,-6.642546,-6.181788,0.035303,-16.039634,-81.979620,7.303905,8.458960,-3.651860,-0.014637,0.000000,0.000000,-23.350583,-68.674576,-20.786539,29.975201,1.816414,-9.833648,0.020666,0.000000,0.000000,-79.534618,-15.372441,-82.227367,7.290000,7.326629,-3.212554,0.000000,0.000000,0.000000,0.000000,-52.634942,61.193082,22.671295,83.839239,-6.642546,-6.181788,0.035303,9.074093,nan,nan,nan,0,nan,nan,nan,0,nan,nan,nan,nan,nan,nan,nan,nan,nan,nan,nan,nan,nan,nan,nan,nan,nan,nan,nan,nan,nan,nan,nan,nan,nan,nan,nan,nan,nan,nan,nan,nan,nan,nan,nan,nan,nan,nan,nan,nan,nan,nan,nan,nan,nan,nan,nan,nan,nan,nan,nan,nan,nan,nan,nan,nan,nan,nan,nan,nan,nan,nan,nan,nan,nan,nan,nan,nan,nan,nan,nan,nan,nan,nan,nan,nan,nan,nan,nan,nan
25.180,APPROACH,83.839239,-52.634942,61.193082,22.671295,-6.642546,-6.181788,0.035303,-15.622936,-82.158968,7.303210,8.333960,-3.586951,-0.013905,0.000000,0.000000,-23.287129,-68.580686,-21.277644,29.976193,1.877799,-9.822111,0.019839,0.000000,0.000000,-79.176752,-15.079376,-82.355869,7.290000,7.326629,-3.212554,0.000000,0.000000,0.000000,0.000000,-52.957750,60.881324,22.672983,83.816007,-6.456161,-6.235160,0.033745,8.975543,nan,nan,nan,0,nan,nan,nan,0,nan,nan,nan,nan,nan,nan,nan,nan,nan,nan,nan,nan,nan,nan,nan,nan,nan,nan,nan,nan,nan,nan,nan,nan,nan,nan,nan,nan,nan,nan,nan,nan,nan,nan,nan,nan,nan,nan,nan,nan,nan,nan,nan,nan,nan,nan,nan,nan,nan,nan,nan,nan,nan,nan,nan,nan,nan,nan,nan,nan,nan,nan,nan,nan,nan,nan,nan,nan,nan,nan,nan,nan,nan,nan,nan,nan,nan,nan,nan,nan
25.240,APPROACH,83.794107,-53.277323,60.570966,22.674595,-6.391470,-6.207153,0.032256,-15.206407,-82.339120,7.302549,8.330580,-3.603038,-0.013210,0.000000,0.000000,-23.388841,-68.483731,-21.768154,29.977145,1.939110,-9.810191,0.019046,0.000000,0.000000,-78.818885,-14.639778,-82.548622,7.290000,7.326629,-3.212554,0.000000,0.000000,0.000000,0.000000,-53.277323,60.570966,22.674595,83.794107,-6.391470,-6.207153,0.032256,8.909584,nan,nan,nan,0,nan,nan,nan,0,nan,nan,nan,nan,nan,nan,nan,nan,nan,nan,nan,nan,nan,nan,nan,nan,nan,nan,nan,nan,nan,nan,nan,nan,nan,nan,nan,nan,nan,nan,nan,nan,nan,nan,nan,nan,nan,nan,nan,nan,nan,nan,nan,nan,nan,nan,nan,nan,nan,nan,nan,nan,nan,nan,nan,nan,nan,nan,nan,nan,nan,nan,nan,nan,nan,nan,nan,nan,nan,nan,nan,nan,nan,nan,nan,nan,nan,nan,nan,nan
25.280,APPROACH,83.794107,-53.277323,60.570966,22.674595,-6.391470,-6.207153,0.032256,-14.796128,-82.516173,7.301922,8.205580,-3.541058,-0.012549,0.000000,0.000000,-23.342259,-68.383713,-22.258048,29.978059,2.000346,-9.797888,0.018284,0.000000,0.000000,-78.461019,-14.346713,-82.677124,7.290000,7.326629,-3.212554,0.000000,0.000000,0.000000,0.000000,-53.587585,60.258124,22.676137,83.766807,-6.205234,-6.256830,0.030834,8.812140,nan,nan,nan,0,nan,nan,nan,0,nan,nan,nan,nan,nan,nan,nan,nan,nan,nan,nan,nan,nan,nan,nan,nan,nan,nan,nan,nan,nan,nan,nan,nan,nan,nan,nan,nan,nan,nan,nan,nan,nan,nan,nan,nan,nan,nan,nan,nan,nan,nan,nan,nan,nan,nan,nan,nan,nan,nan,nan,nan,nan,nan,nan,nan,nan,nan,nan,nan,nan,nan,nan,nan,nan,nan,nan,nan,nan,nan,nan,nan,nan,nan,nan,nan,nan,nan,nan,nan
25.340,APPROACH,83.741346,-53.895390,59.946859,22.677611,-6.156103,-6.225305,0.029475,-14.385248,-82.694168,7.301326,8.217606,-3.559898,-0.011922,0.000000,0.000000,-23.422446,-68.280638,-22.747308,29.978937,2.061503,-9.785203,0.017553,0.000000,0.000000,-78.103152,-13.907115,-82.869878,7.290000,7.326629,-3.212554,0.000000,0.000000,0.000000,0.000000,-53.895390,59.946859,22.677611,83.741346,-6.156103,-6.225305,0.029475,8.755164,nan,nan,nan,0,nan,nan,nan,0,nan,nan,nan,nan,nan,nan,nan,nan,nan,nan,nan,nan,nan,nan,nan,nan,nan,nan,nan,nan,nan,nan,nan,nan,nan,nan,nan,nan,nan,nan,nan,nan,nan,nan,nan,nan,nan,nan,nan,nan,nan,nan,nan,nan,nan,nan,nan,nan,nan,nan,nan,nan,nan,nan,nan,nan,nan,nan,nan,nan,nan,nan,nan,nan,nan,nan,nan,nan,nan,nan,nan,nan,nan,nan,nan,nan,nan,nan,nan,nan
25.380,APPROACH,83.741346,-53.895390,59.946859,22.677611,-6.156103,-6.225305,0.029475,-13.972645,-82.873048,7.300760,8.252067,-3.577608,-0.011326,0.000000,0.000000,-23.438704,-68.174509,-23.235915,29.979779,2.122581,-9.772136,0.016851,0.000000,0.000000,-77.745286,-13.614050,-82.998380,7.290000,7.326629,-3.212554,0.000000,0.000000,0.000000,0.000000,-54.201864,59.637133,22.679020,83.718383,-6.129486,-6.194528,0.028177,8.714561,nan,nan,nan,0,nan,nan,nan,0,nan,nan,nan,nan,nan,nan,nan,nan,nan,nan,nan,nan,nan,nan,nan,nan,nan,nan,nan,nan,nan,nan,nan,nan,nan,nan,nan,nan,nan,nan,nan,nan,nan,nan,nan,nan,nan,nan,nan,nan,nan,nan,nan,nan,nan,nan,nan,nan,nan,nan,nan,nan,nan,nan,nan,nan,nan,nan,nan,nan,nan,nan,nan,nan,nan,nan,nan,nan,nan,nan,nan,nan,nan,nan,nan,nan,nan,nan,nan,nan
25.440,APPROACH,83.689943,-54.499039,59.325056,22.680366,-5.943492,-6.241534,0.026936,-13.566291,-83.048906,7.300222,8.127067,-3.517155,-0.010760,0.000000,0.000000,-23.401535,-68.065330,-23.723849,29.980588,2.183575,-9.758688,0.016177,0.000000,0.000000,-77.387420,-13.174452,-83.191133,7.290000,7.326629,-3.212554,0.000000,0.000000,0.000000,0.000000,-54.499039,59.325056,22.680366,83.689943,-5.943492,-6.241534,0.026936,8.618733,nan,nan,nan,0,nan,nan,nan,0,nan,nan,nan,nan,nan,nan,nan,nan,nan,nan,nan,nan,nan,nan,nan,nan,nan,nan,nan,nan,nan,nan,nan,nan,nan,nan,nan,nan,nan,nan,nan,nan,nan,nan,nan,nan,nan,nan,nan,nan,nan,nan,nan,nan,nan,nan,nan,nan,nan,nan,nan,nan,nan,nan,nan,nan,nan,nan,nan,nan,nan,nan,nan,nan,nan,nan,nan,nan,nan,nan,nan,nan,nan,nan,nan,nan,nan,nan,nan,nan
25.480,APPROACH,83.689943,-54.499039,59.325056,22.680366,-5.943492,-6.241534,0.026936,-13.158866,-83.225777,7.299711,8.148515,-3.537429,-0.010222,0.000000,0.000000,-23.466605,-67.953106,-24.211092,29.981365,2.244484,-9.744860,0.015530,0.000000,0.000000,-77.029553,-12.881387,-83.319635,7.290000,7.326629,-3.212554,0.000000,0.000000,0.000000,0.000000,-54.794240,59.014685,22.681654,83.663607,-5.904030,-6.207431,0.025751,8.566821,nan,nan,nan,0,nan,nan,nan,0,nan,nan,nan,nan,nan,nan,nan,nan,nan,nan,nan,nan,nan,nan,nan,nan,nan,nan,nan,nan,nan,nan,nan,nan,nan,nan,nan,nan,nan,nan,nan,nan,nan,nan,nan,nan,nan,nan,nan,nan,nan,nan,nan,nan,nan,nan,nan,nan,nan,nan,nan,nan,nan,nan,nan,nan,nan,nan,nan,nan,nan,nan,nan,nan,nan,nan,nan,nan,nan,nan,nan,nan,nan,nan,nan,nan,nan,nan,nan,nan
25.540,APPROACH,83.631784,-55.080151,58.702121,22.682885,-5.718208,-6.251265,0.024619,-12.757690,-83.399746,7.299225,8.023515,-3.479386,-0.009711,0.000000,0.000000,-23.443899,-67.837841,-24.697625,29.982110,2.305306,-9.730651,0.014908,0.000000,0.000000,-76.671687,-12.441789,-83.512388,7.290000,7.326629,-3.212554,0.000000,0.000000,0.000000,0.000000,-55.080151,58.702121,22.682885,83.631784,-5.718208,-6.251265,0.024619,8.472120,nan,nan,nan,0,nan,nan,nan,0,nan,nan,nan,nan,nan,nan,nan,nan,nan,nan,nan,nan,nan,nan,nan,nan,nan,nan,nan,nan,nan,nan,nan,nan,nan,nan,nan,nan,nan,nan,nan,nan,nan,nan,nan,nan,nan,nan,nan,nan,nan,nan,nan,nan,nan,nan,nan,nan,nan,nan,nan,nan,nan,nan,nan,nan,nan,nan,nan,nan,nan,nan,nan,nan,nan,nan,nan,nan,nan,nan,nan,nan,nan,nan,nan,nan,nan,nan,nan,nan
25.580,APPROACH,83.631784,-55.080151,58.702121,22.682885,-5.718208,-6.251265,0.024619,-12.354821,-83.574843,7.298764,8.057388,-3.501927,-0.009225,0.000000,0.000000,-23.490876,-67.719539,-25.183428,29.982826,2.366038,-9.716062,0.014312,0.000000,0.000000,-76.313820,-12.148724,-83.640891,7.290000,7.326629,-3.212554,0.000000,0.000000,0.000000,0.000000,-55.364718,58.391415,22.684062,83.602488,-5.691350,-6.214136,0.023537,8.426595,nan,nan,nan,0,nan,nan,nan,0,nan,nan,nan,nan,nan,nan,nan,nan,nan,nan,nan,nan,nan,nan,nan,nan,nan,nan,nan,nan,nan,nan,nan,nan,nan,nan,nan,nan,nan,nan,nan,nan,nan,nan,nan,nan,nan,nan,nan,nan,nan,nan,nan,nan,nan,nan,nan,nan,nan,nan,nan,nan,nan,nan,nan,nan,nan,nan,nan,nan,nan,nan,nan,nan,nan,nan,nan,nan,nan,nan,nan,nan,nan,nan,nan,nan,nan,nan,nan,nan
25.640,APPROACH,83.567688,-55.640004,58.078661,22.685187,-5.505711,-6.255081,0.022503,-11.958201,-83.747143,7.298326,7.932388,-3.446014,-0.008764,0.000000,0.000000,-23.481245,-67.598205,-25.668483,29.983513,2.426677,-9.701095,0.013740,0.000000,0.000000,-75.955954,-11.709126,-83.833644,7.290000,7.326629,-3.212554,0.000000,0.000000,0.000000,0.000000,-55.640004,58.078661,22.685187,83.567688,-5.505711,-6.255081,0.022503,8.333031,nan,nan,nan,0,nan,nan,nan,0,nan,nan,nan,nan,nan,nan,nan,nan,nan,nan,nan,nan,nan,nan,nan,nan,nan,nan,nan,nan,nan,nan,nan,nan,nan,nan,nan,nan,nan,nan,nan,nan,nan,nan,nan,nan,nan,nan,nan,nan,nan,nan,nan,nan,nan,nan,nan,nan,nan,nan,nan,nan,nan,nan,nan,nan,nan,nan,nan,nan,nan,nan,nan,nan,nan,nan,nan,nan,nan,nan,nan,nan,nan,nan,nan,nan,nan,nan,nan,nan
25.680,APPROACH,83.567688,-55.640004,58.078661,22.685187,-5.505711,-6.255081,0.022503,-11.559341,-83.920671,7.297909,7.977197,-3.470557,-0.008326,0.000000,0.000000,-23.511914,-67.473844,-26.152770,29.984172,2.487222,-9.685749,0.013190,0.000000,0.000000,-75.598088,-11.416061,-83.962146,7.290000,7.326629,-3.212554,0.000000,0.000000,0.000000,0.000000,-55.914503,57.767901,22.686263,83.535792,-5.489975,-6.215192,0.021516,8.292702,nan,nan,nan,0,nan,nan,nan,0,nan,nan,nan,nan,nan,nan,nan,nan,nan,nan,nan,nan,nan,nan,nan,nan,nan,nan,nan,nan,nan,nan,nan,nan,nan,nan,nan,nan,nan,nan,nan,nan,nan,nan,nan,nan,nan,nan,nan,nan,nan,nan,nan,nan,nan,nan,nan,nan,nan,nan,nan,nan,nan,nan,nan,nan,nan,nan,nan,nan,nan,nan,nan,nan,nan,nan,nan,nan,nan,nan,nan,nan,nan,nan,nan,nan,nan,nan,nan,nan
25.740,APPROACH,83.498372,-56.179729,57.455226,22.687291,-5.304527,-6.253499,0.020572,-11.166731,-84.091498,7.297514,7.852197,-3.416526,-0.007909,0.000000,0.000000,-23.514071,-67.346460,-26.636272,29.984805,2.547670,-9.670025,0.012662,0.000000,0.000000,-75.240221,-10.976463,-84.154899,7.290000,7.326629,-3.212554,0.000000,0.000000,0.000000,0.000000,-56.179729,57.455226,22.687291,83.498372,-5.304527,-6.253499,0.020572,8.200285,nan,nan,nan,0,nan,nan,nan,0,nan,nan,nan,nan,nan,nan,nan,nan,nan,nan,nan,nan,nan,nan,nan,nan,nan,nan,nan,nan,nan,nan,nan,nan,nan,nan,nan,nan,nan,nan,nan,nan,nan,nan,nan,nan,nan,nan,nan,nan,nan,nan,nan,nan,nan,nan,nan,nan,nan,nan,nan,nan,nan,nan,nan,nan,nan,nan,nan,nan,nan,nan,nan,nan,nan,nan,nan,nan,nan,nan,nan,nan,nan,nan,nan,nan,nan,nan,nan,nan
25.780,APPROACH,83.498372,-56.179729,57.455226,22.687291,-5.304527,-6.253499,0.020572,-10.771400,-84.263639,7.297138,7.906629,-3.442838,-0.007514,0.000000,0.000000,-23.530087,-67.216060,-27.118968,29.985413,2.608018,-9.653924,0.012156,0.000000,0.000000,-74.882355,-10.683398,-84.283401,7.290000,7.326629,-3.212554,0.000000,0.000000,0.000000,0.000000,-56.444660,57.144672,22.688275,83.464189,-5.298611,-6.211085,0.019670,8.164144,nan,nan,nan,0,nan,nan,nan,0,nan,nan,nan,nan,nan,nan,nan,nan,nan,nan,nan,nan,nan,nan,nan,nan,nan,nan,nan,nan,nan,nan,nan,nan,nan,nan,nan,nan,nan,nan,nan,nan,nan,nan,nan,nan,nan,nan,nan,nan,nan,nan,nan,nan,nan,nan,nan,nan,nan,nan,nan,nan,nan,nan,nan,nan,nan,nan,nan,nan,nan,nan,nan,nan,nan,nan,nan,nan,nan,nan,nan,nan,nan,nan,nan,nan,nan,nan,nan,nan
25.840,APPROACH,83.424538,-56.700442,56.832323,22.689215,-5.115645,-6.246975,0.018808,-10.382204,-84.433163,7.296781,7.783910,-3.390470,-0.007138,0.000000,0.000000,-23.536700,-67.082646,-27.600840,29.985996,2.668265,-9.637446,0.011670,0.000000,0.000000,-74.524489,-10.243801,-84.476155,7.290000,7.326629,-3.212554,0.000000,0.000000,0.000000,0.000000,-56.700442,56.832323,22.689215,83.424538,-5.115645,-6.246975,0.018808,8.074334,nan,nan,nan,0,nan,nan,nan,0,nan,nan,nan,nan,nan,nan,nan,nan,nan,nan,nan,nan,nan,nan,nan,nan,nan,nan,nan,nan,nan,nan,nan,nan,nan,nan,nan,nan,nan,nan,nan,nan,nan,nan,nan,nan,nan,nan,nan,nan,nan,nan,nan,nan,nan,nan,nan,nan,nan,nan,nan,nan,nan,nan,nan,nan,nan,nan,nan,nan,nan,nan,nan,nan,nan,nan,nan,nan,nan,nan,nan,nan,nan,nan,nan,nan,nan,nan,nan,nan
25.880,APPROACH,83.424538,-56.700442,56.832323,22.689215,-5.115645,-6.246975,0.018808,-9.998777,-84.600225,7.296442,7.668553,-3.341245,-0.006781,0.000000,0.000000,-23.543109,-66.946226,-28.081870,29.986557,2.728407,-9.620592,0.011203,0.000000,0.000000,-74.166622,-9.950735,-84.604657,7.290000,7.326629,-3.212554,0.000000,0.000000,0.000000,0.000000,-56.947449,56.518356,22.690114,83.379720,-4.940146,-6.279347,0.017984,7.989716,nan,nan,nan,0,nan,nan,nan,0,nan,nan,nan,nan,nan,nan,nan,nan,nan,nan,nan,nan,nan,nan,nan,nan,nan,nan,nan,nan,nan,nan,nan,nan,nan,nan,nan,nan,nan,nan,nan,nan,nan,nan,nan,nan,nan,nan,nan,nan,nan,nan,nan,nan,nan,nan,nan,nan,nan,nan,nan,nan,nan,nan,nan,nan,nan,nan,nan,nan,nan,nan,nan,nan,nan,nan,nan,nan,nan,nan,nan,nan,nan,nan,nan,nan,nan,nan,nan,nan
25.940,APPROACH,83.338657,-57.194825,56.206791,22.690974,-4.947514,-6.231289,0.017197,-9.611979,-84.768829,7.296120,7.735957,-3.372074,-0.006442,0.000000,0.000000,-23.552201,-66.806804,-28.562038,29.987094,2.788444,-9.603363,0.010755,0.000000,0.000000,-73.808756,-9.511138,-84.797410,7.290000,7.326629,-3.212554,0.000000,0.000000,0.000000,0.000000,-57.194825,56.206791,22.690974,83.338657,-4.947514,-6.231289,0.017197,7.956579,nan,nan,nan,0,nan,nan,nan,0,nan,nan,nan,nan,nan,nan,nan,nan,nan,nan,nan,nan,nan,nan,nan,nan,nan,nan,nan,nan,nan,nan,nan,nan,nan,nan,nan,nan,nan,nan,nan,nan,nan,nan,nan,nan,nan,nan,nan,nan,nan,nan,nan,nan,nan,nan,nan,nan,nan,nan,nan,nan,nan,nan,nan,nan,nan,nan,nan,nan,nan,nan,nan,nan,nan,nan,nan,nan,nan,nan,nan,nan,nan,nan,nan,nan,nan,nan,nan,nan
25.980,APPROACH,83.338657,-57.194825,56.206791,22.690974,-4.947514,-6.231289,0.017197,-9.222013,-84.938882,7.295814,7.799317,-3.401053,-0.006120,0.000000,0.000000,-23.560603,-66.664385,-29.041326,29.987611,2.848371,-9.585759,0.010325,0.000000,0.000000,-73.450889,-9.218072,-84.925912,7.290000,7.326629,-3.212554,0.000000,0.000000,0.000000,0.000000,-57.442372,55.897556,22.691796,83.301143,-4.950946,-6.184706,0.016445,7.922293,nan,nan,nan,0,nan,nan,nan,0,nan,nan,nan,nan,nan,nan,nan,nan,nan,nan,nan,nan,nan,nan,nan,nan,nan,nan,nan,nan,nan,nan,nan,nan,nan,nan,nan,nan,nan,nan,nan,nan,nan,nan,nan,nan,nan,nan,nan,nan,nan,nan,nan,nan,nan,nan,nan,nan,nan,nan,nan,nan,nan,nan,nan,nan,nan,nan,nan,nan,nan,nan,nan,nan,nan,nan,nan,nan,nan,nan,nan,nan,nan,nan,nan,nan,nan,nan,nan,nan
26.040,APPROACH,83.258324,-57.681115,55.586726,22.692583,-4.774849,-6.216589,0.015726,-8.837861,-85.106441,7.295523,7.683036,-3.351193,-0.005814,0.000000,0.000000,-23.565904,-66.518976,-29.519715,29.988106,2.908187,-9.567782,0.009912,0.000000,0.000000,-73.093023,-8.778475,-85.118665,7.290000,7.326629,-3.212554,0.000000,0.000000,0.000000,0.000000,-57.681115,55.586726,22.692583,83.258324,-4.774849,-6.216589,0.015726,7.838712,nan,nan,nan,0,nan,nan,nan,0,nan,nan,nan,nan,nan,nan,nan,nan,nan,nan,nan,nan,nan,nan,nan,nan,nan,nan,nan,nan,nan,nan,nan,nan,nan,nan,nan,nan,nan,nan,nan,nan,nan,nan,nan,nan,nan,nan,nan,nan,nan,nan,nan,nan,nan,nan,nan,nan,nan,nan,nan,nan,nan,nan,nan,nan,nan,nan,nan,nan,nan,nan,nan,nan,nan,nan,nan,nan,nan,nan,nan,nan,nan,nan,nan,nan,nan,nan,nan,nan
26.080,APPROACH,83.258324,-57.681115,55.586726,22.692583,-4.774849,-6.216589,0.015726,-8.459175,-85.271657,7.295247,7.573732,-3.304324,-0.005523,0.000000,0.000000,-23.571035,-66.370581,-29.997186,29.988582,2.967890,-9.549431,0.009515,0.000000,0.000000,-72.735157,-8.485409,-85.247167,7.290000,7.326629,-3.212554,0.000000,0.000000,0.000000,0.000000,-57.911407,55.274471,22.693335,83.210490,-4.605843,-6.245107,0.015038,7.759857,nan,nan,nan,0,nan,nan,nan,0,nan,nan,nan,nan,nan,nan,nan,nan,nan,nan,nan,nan,nan,nan,nan,nan,nan,nan,nan,nan,nan,nan,nan,nan,nan,nan,nan,nan,nan,nan,nan,nan,nan,nan,nan,nan,nan,nan,nan,nan,nan,nan,nan,nan,nan,nan,nan,nan,nan,nan,nan,nan,nan,nan,nan,nan,nan,nan,nan,nan,nan,nan,nan,nan,nan,nan,nan,nan,nan,nan,nan,nan,nan,nan,nan,nan,nan,nan,nan,nan
26.140,APPROACH,83.166613,-58.142374,54.964804,22.694054,-4.619349,-6.193339,0.014382,-8.076833,-85.438526,7.294985,7.646826,-3.337368,-0.005247,0.000000,0.000000,-23.578303,-66.219208,-30.473722,29.989039,3.027477,-9.530707,0.009134,0.000000,0.000000,-72.377290,-8.045812,-85.439921,7.290000,7.326629,-3.212554,0.000000,0.000000,0.000000,0.000000,-58.142374,54.964804,22.694054,83.166613,-4.619349,-6.193339,0.014382,7.726322,nan,nan,nan,0,nan,nan,nan,0,nan,nan,nan,nan,nan,nan,nan,nan,nan,nan,nan,nan,nan,nan,nan,nan,nan,nan,nan,nan,nan,nan,nan,nan,nan,nan,nan,nan,nan,nan,nan,nan,nan,nan,nan,nan,nan,nan,nan,nan,nan,nan,nan,nan,nan,nan,nan,nan,nan,nan,nan,nan,nan,nan,nan,nan,nan,nan,nan,nan,nan,nan,nan,nan,nan,nan,nan,nan,nan,nan,nan,nan,nan,nan,nan,nan,nan,nan,nan,nan
26.180,APPROACH,83.166613,-58.142374,54.964804,22.694054,-4.619349,-6.193339,0.014382,-7.699849,-85.603092,7.294736,7.539694,-3.291329,-0.004985,0.000000,0.000000,-23.582878,-66.064860,-30.949302,29.989477,3.086946,-9.511612,0.008769,0.000000,0.000000,-72.019424,-7.752747,-85.568423,7.290000,7.326629,-3.212554,0.000000,0.000000,0.000000,0.000000,-58.365012,54.653790,22.694741,83.117764,-4.452749,-6.220284,0.013754,7.649777,nan,nan,nan,0,nan,nan,nan,0,nan,nan,nan,nan,nan,nan,nan,nan,nan,nan,nan,nan,nan,nan,nan,nan,nan,nan,nan,nan,nan,nan,nan,nan,nan,nan,nan,nan,nan,nan,nan,nan,nan,nan,nan,nan,nan,nan,nan,nan,nan,nan,nan,nan,nan,nan,nan,nan,nan,nan,nan,nan,nan,nan,nan,nan,nan,nan,nan,nan,nan,nan,nan,nan,nan,nan,nan,nan,nan,nan,nan,nan,nan,nan,nan,nan,nan,nan,nan,nan
26.240,APPROACH,83.072939,-58.588438,54.345440,22.695399,-4.468536,-6.166993,0.013154,-7.319107,-85.769350,7.294499,7.614830,-3.325153,-0.004736,0.000000,0.000000,-23.589355,-65.907546,-31.423910,29.989898,3.146294,-9.492146,0.008418,0.000000,0.000000,-71.661558,-7.313149,-85.761176,7.290000,7.326629,-3.212554,0.000000,0.000000,0.000000,0.000000,-58.588438,54.345440,22.695399,83.072939,-4.468536,-6.166993,0.013154,7.615759,nan,nan,nan,0,nan,nan,nan,0,nan,nan,nan,nan,nan,nan,nan,nan,nan,nan,nan,nan,nan,nan,nan,nan,nan,nan,nan,nan,nan,nan,nan,nan,nan,nan,nan,nan,nan,nan,nan,nan,nan,nan,nan,nan,nan,nan,nan,nan,nan,nan,nan,nan,nan,nan,nan,nan,nan,nan,nan,nan,nan,nan,nan,nan,nan,nan,nan,nan,nan,nan,nan,nan,nan,nan,nan,nan,nan,nan,nan,nan,nan,nan,nan,nan,nan,nan,nan,nan
26.280,APPROACH,83.072939,-58.588438,54.345440,22.695399,-4.468536,-6.166993,0.013154,-6.943626,-85.933342,7.294274,7.509619,-3.279846,-0.004499,0.000000,0.000000,-23.593430,-65.747270,-31.897525,29.990302,3.205520,-9.472309,0.008082,0.000000,0.000000,-71.303691,-7.020084,-85.889678,7.290000,7.326629,-3.212554,0.000000,0.000000,0.000000,0.000000,-58.803643,54.035817,22.696028,83.023176,-4.304099,-6.192463,0.012580,7.541354,nan,nan,nan,0,nan,nan,nan,0,nan,nan,nan,nan,nan,nan,nan,nan,nan,nan,nan,nan,nan,nan,nan,nan,nan,nan,nan,nan,nan,nan,nan,nan,nan,nan,nan,nan,nan,nan,nan,nan,nan,nan,nan,nan,nan,nan,nan,nan,nan,nan,nan,nan,nan,nan,nan,nan,nan,nan,nan,nan,nan,nan,nan,nan,nan,nan,nan,nan,nan,nan,nan,nan,nan,nan,nan,nan,nan,nan,nan,nan,nan,nan,nan,nan,nan,nan,nan,nan
26.340,APPROACH,82.977495,-59.019740,53.728930,22.696630,-4.321938,-6.137744,0.012032,-6.564298,-86.099060,7.294060,7.586559,-3.314359,-0.004274,0.000000,0.000000,-23.599196,-65.584039,-32.370130,29.990690,3.264620,-9.452103,0.007758,0.000000,0.000000,-70.945825,-6.580486,-86.082431,7.290000,7.326629,-3.212554,0.000000,0.000000,0.000000,0.000000,-59.019740,53.728930,22.696630,82.977495,-4.321938,-6.137744,0.012032,7.506743,nan,nan,nan,0,nan,nan,nan,0,nan,nan,nan,nan,nan,nan,nan,nan,nan,nan,nan,nan,nan,nan,nan,nan,nan,nan,nan,nan,nan,nan,nan,nan,nan,nan,nan,nan,nan,nan,nan,nan,nan,nan,nan,nan,nan,nan,nan,nan,nan,nan,nan,nan,nan,nan,nan,nan,nan,nan,nan,nan,nan,nan,nan,nan,nan,nan,nan,nan,nan,nan,nan,nan,nan,nan,nan,nan,nan,nan,nan,nan,nan,nan,nan,nan,nan,nan,nan,nan
26.380,APPROACH,82.977495,-59.019740,53.728930,22.696630,-4.321938,-6.137744,0.012032,-6.190146,-86.262545,7.293857,7.483043,-3.269700,-0.004060,0.000000,0.000000,-23.602823,-65.417859,-32.841707,29.991062,3.323594,-9.431528,0.007448,0.000000,0.000000,-70.587958,-6.287421,-86.210933,7.290000,7.326629,-3.212554,0.000000,0.000000,0.000000,0.000000,-59.227713,53.420838,22.697205,82.926902,-4.159450,-6.161828,0.011508,7.434331,nan,nan,nan,0,nan,nan,nan,0,nan,nan,nan,nan,nan,nan,nan,nan,nan,nan,nan,nan,nan,nan,nan,nan,nan,nan,nan,nan,nan,nan,nan,nan,nan,nan,nan,nan,nan,nan,nan,nan,nan,nan,nan,nan,nan,nan,nan,nan,nan,nan,nan,nan,nan,nan,nan,nan,nan,nan,nan,nan,nan,nan,nan,nan,nan,nan,nan,nan,nan,nan,nan,nan,nan,nan,nan,nan,nan,nan,nan,nan,nan,nan,nan,nan,nan,nan,nan,nan
26.440,APPROACH,82.880441,-59.436670,53.115550,22.697756,-4.179141,-6.105763,0.011007,-5.812067,-86.427786,7.293664,7.561578,-3.304822,-0.003857,0.000000,0.000000,-23.607952,-65.248737,-33.312236,29.991420,3.382437,-9.410585,0.007150,0.000000,0.000000,-70.230092,-5.847823,-86.403687,7.290000,7.326629,-3.212554,0.000000,0.000000,0.000000,0.000000,-59.436670,53.115550,22.697756,82.880441,-4.179141,-6.105763,0.011007,7.399033,nan,nan,nan,0,nan,nan,nan,0,nan,nan,nan,nan,nan,nan,nan,nan,nan,nan,nan,nan,nan,nan,nan,nan,nan,nan,nan,nan,nan,nan,nan,nan,nan,nan,nan,nan,nan,nan,nan,nan,nan,nan,nan,nan,nan,nan,nan,nan,nan,nan,nan,nan,nan,nan,nan,nan,nan,nan,nan,nan,nan,nan,nan,nan,nan,nan,nan,nan,nan,nan,nan,nan,nan,nan,nan,nan,nan,nan,nan,nan,nan,nan,nan,nan,nan,nan,nan,nan
26.480,APPROACH,82.880441,-59.436670,53.115550,22.697756,-4.179141,-6.105763,0.011007,-5.430297,-86.594678,7.293481,7.635401,-3.337837,-0.003664,0.000000,0.000000,-23.612678,-65.076680,-33.781700,29.991763,3.441149,-9.389276,0.006864,0.000000,0.000000,-69.872226,-5.554758,-86.532189,7.290000,7.326629,-3.212554,0.000000,0.000000,0.000000,0.000000,-59.646382,52.812978,22.698282,82.837876,-4.194252,-6.051439,0.010528,7.362864,nan,nan,nan,0,nan,nan,nan,0,nan,nan,nan,nan,nan,nan,nan,nan,nan,nan,nan,nan,nan,nan,nan,nan,nan,nan,nan,nan,nan,nan,nan,nan,nan,nan,nan,nan,nan,nan,nan,nan,nan,nan,nan,nan,nan,nan,nan,nan,nan,nan,nan,nan,nan,nan,nan,nan,nan,nan,nan,nan,nan,nan,nan,nan,nan,nan,nan,nan,nan,nan,nan,nan,nan,nan,nan,nan,nan,nan,nan,nan,nan,nan,nan,nan,nan,nan,nan,nan
26.540,APPROACH,82.790181,-59.847844,52.509187,22.698786,-4.029229,-6.075830,0.010071,-5.053849,-86.759267,7.293307,7.528955,-3.291769,-0.003481,0.000000,0.000000,-23.615651,-64.901693,-34.250080,29.992093,3.499726,-9.367599,0.006590,0.000000,0.000000,-69.514359,-5.115160,-86.724942,7.290000,7.326629,-3.212554,0.000000,0.000000,0.000000,0.000000,-59.847844,52.509187,22.698786,82.790181,-4.029229,-6.075830,0.010071,7.290439,nan,nan,nan,0,nan,nan,nan,0,nan,nan,nan,nan,nan,nan,nan,nan,nan,nan,nan,nan,nan,nan,nan,nan,nan,nan,nan,nan,nan,nan,nan,nan,nan,nan,nan,nan,nan,nan,nan,nan,nan,nan,nan,nan,nan,nan,nan,nan,nan,nan,nan,nan,nan,nan,nan,nan,nan,nan,nan,nan,nan,nan,nan,nan,nan,nan,nan,nan,nan,nan,nan,nan,nan,nan,nan,nan,nan,nan,nan,nan,nan,nan,nan,nan,nan,nan,nan,nan
26.580,APPROACH,82.790181,-59.847844,52.509187,22.698786,-4.029229,-6.075830,0.010071,-4.673613,-86.925545,7.293142,7.604735,-3.325567,-0.003307,0.000000,0.000000,-23.619861,-64.723785,-34.717358,29.992409,3.558167,-9.345558,0.006326,0.000000,0.000000,-69.156493,-4.822095,-86.853444,7.290000,7.326629,-3.212554,0.000000,0.000000,0.000000,0.000000,-60.050172,52.208187,22.699267,82.746449,-4.046568,-6.019991,0.009633,7.253626,nan,nan,nan,0,nan,nan,nan,0,nan,nan,nan,nan,nan,nan,nan,nan,nan,nan,nan,nan,nan,nan,nan,nan,nan,nan,nan,nan,nan,nan,nan,nan,nan,nan,nan,nan,nan,nan,nan,nan,nan,nan,nan,nan,nan,nan,nan,nan,nan,nan,nan,nan,nan,nan,nan,nan,nan,nan,nan,nan,nan,nan,nan,nan,nan,nan,nan,nan,nan,nan,nan,nan,nan,nan,nan,nan,nan,nan,nan,nan,nan,nan,nan,nan,nan,nan,nan,nan
26.640,APPROACH,82.697625,-60.244355,51.906042,22.699728,-3.883660,-6.042916,0.009215,-4.298606,-87.089557,7.292985,7.500129,-3.280235,-0.003142,0.000000,0.000000,-23.622509,-64.542961,-35.183515,29.992713,3.616469,-9.323151,0.006073,0.000000,0.000000,-68.798626,-4.382497,-87.046197,7.290000,7.326629,-3.212554,0.000000,0.000000,0.000000,0.000000,-60.244355,51.906042,22.699728,82.697625,-3.883660,-6.042916,0.009215,7.183295,nan,nan,nan,0,nan,nan,nan,0,nan,nan,nan,nan,nan,nan,nan,nan,nan,nan,nan,nan,nan,nan,nan,nan,nan,nan,nan,nan,nan,nan,nan,nan,nan,nan,nan,nan,nan,nan,nan,nan,nan,nan,nan,nan,nan,nan,nan,nan,nan,nan,nan,nan,nan,nan,nan,nan,nan,nan,nan,nan,nan,nan,nan,nan,nan,nan,nan,nan,nan,nan,nan,nan,nan,nan,nan,nan,nan,nan,nan,nan,nan,nan,nan,nan,nan,nan,nan,nan
26.680,APPROACH,82.697625,-60.244355,51.906042,22.699728,-3.883660,-6.042916,0.009215,-3.919724,-87.255293,7.292835,7.577639,-3.314725,-0.002985,0.000000,0.000000,-23.626256,-64.359230,-35.648534,29.993004,3.674630,-9.300381,0.005830,0.000000,0.000000,-68.440760,-4.089432,-87.174700,7.290000,7.326629,-3.212554,0.000000,0.000000,0.000000,0.000000,-60.439506,51.606759,22.700169,82.652822,-3.903008,-5.985656,0.008815,7.145742,nan,nan,nan,0,nan,nan,nan,0,nan,nan,nan,nan,nan,nan,nan,nan,nan,nan,nan,nan,nan,nan,nan,nan,nan,nan,nan,nan,nan,nan,nan,nan,nan,nan,nan,nan,nan,nan,nan,nan,nan,nan,nan,nan,nan,nan,nan,nan,nan,nan,nan,nan,nan,nan,nan,nan,nan,nan,nan,nan,nan,nan,nan,nan,nan,nan,nan,nan,nan,nan,nan,nan,nan,nan,nan,nan,nan,nan,nan,nan,nan,nan,nan,nan,nan,nan,nan,nan
26.740,APPROACH,82.602958,-60.626606,51.306399,22.700590,-3.742011,-6.007204,0.008432,-3.545991,-87.418795,7.292694,7.474659,-3.270044,-0.002835,0.000000,0.000000,-23.628612,-64.172598,-36.112397,29.993284,3.732648,-9.277249,0.005597,0.000000,0.000000,-68.082894,-3.649834,-87.367453,7.290000,7.326629,-3.212554,0.000000,0.000000,0.000000,0.000000,-60.626606,51.306399,22.700590,82.602958,-3.742011,-6.007204,0.008432,7.077374,nan,nan,nan,0,nan,nan,nan,0,nan,nan,nan,nan,nan,nan,nan,nan,nan,nan,nan,nan,nan,nan,nan,nan,nan,nan,nan,nan,nan,nan,nan,nan,nan,nan,nan,nan,nan,nan,nan,nan,nan,nan,nan,nan,nan,nan,nan,nan,nan,nan,nan,nan,nan,nan,nan,nan,nan,nan,nan,nan,nan,nan,nan,nan,nan,nan,nan,nan,nan,nan,nan,nan,nan,nan,nan,nan,nan,nan,nan,nan,nan,nan,nan,nan,nan,nan,nan,nan
26.780,APPROACH,82.602958,-60.626606,51.306399,22.700590,-3.742011,-6.007204,0.008432,-3.177098,-87.580197,7.292559,7.377857,-3.228044,-0.002694,0.000000,0.000000,-23.630887,-63.983072,-36.575084,29.993553,3.790520,-9.253754,0.005373,0.000000,0.000000,-67.725027,-3.356769,-87.495955,7.290000,7.326629,-3.212554,0.000000,0.000000,0.000000,0.000000,-60.805973,51.005113,22.700994,82.548307,-3.587337,-6.025710,0.008067,7.012719,nan,nan,nan,0,nan,nan,nan,0,nan,nan,nan,nan,nan,nan,nan,nan,nan,nan,nan,nan,nan,nan,nan,nan,nan,nan,nan,nan,nan,nan,nan,nan,nan,nan,nan,nan,nan,nan,nan,nan,nan,nan,nan,nan,nan,nan,nan,nan,nan,nan,nan,nan,nan,nan,nan,nan,nan,nan,nan,nan,nan,nan,nan,nan,nan,nan,nan,nan,nan,nan,nan,nan,nan,nan,nan,nan,nan,nan,nan,nan,nan,nan,nan,nan,nan,nan,nan,nan
26.840,APPROACH,82.497997,-60.986696,50.706901,22.701379,-3.614459,-5.964233,0.007717,-2.803963,-87.743481,7.292431,7.462703,-3.265665,-0.002559,0.000000,0.000000,-23.634099,-63.790659,-37.036579,29.993810,3.848244,-9.229898,0.005158,0.000000,0.000000,-67.367161,-2.917171,-87.688708,7.290000,7.326629,-3.212554,0.000000,0.000000,0.000000,0.000000,-60.986696,50.706901,22.701379,82.497997,-3.614459,-5.964233,0.007717,6.973984,nan,nan,nan,0,nan,nan,nan,0,nan,nan,nan,nan,nan,nan,nan,nan,nan,nan,nan,nan,nan,nan,nan,nan,nan,nan,nan,nan,nan,nan,nan,nan,nan,nan,nan,nan,nan,nan,nan,nan,nan,nan,nan,nan,nan,nan,nan,nan,nan,nan,nan,nan,nan,nan,nan,nan,nan,nan,nan,nan,nan,nan,nan,nan,nan,nan,nan,nan,nan,nan,nan,nan,nan,nan,nan,nan,nan,nan,nan,nan,nan,nan,nan,nan,nan,nan,nan,nan
26.880,APPROACH,82.497997,-60.986696,50.706901,22.701379,-3.614459,-5.964233,0.007717,-2.435632,-87.904677,7.292309,7.366619,-3.223928,-0.002431,0.000000,0.000000,-23.636115,-63.595368,-37.496863,29.994058,3.905818,-9.205682,0.004952,0.000000,0.000000,-67.009295,-2.624106,-87.817210,7.290000,7.326629,-3.212554,0.000000,0.000000,0.000000,0.000000,-61.159736,50.407814,22.701749,82.442892,-3.460801,-5.981754,0.007383,6.910759,nan,nan,nan,0,nan,nan,nan,0,nan,nan,nan,nan,nan,nan,nan,nan,nan,nan,nan,nan,nan,nan,nan,nan,nan,nan,nan,nan,nan,nan,nan,nan,nan,nan,nan,nan,nan,nan,nan,nan,nan,nan,nan,nan,nan,nan,nan,nan,nan,nan,nan,nan,nan,nan,nan,nan,nan,nan,nan,nan,nan,nan,nan,nan,nan,nan,nan,nan,nan,nan,nan,nan,nan,nan,nan,nan,nan,nan,nan,nan,nan,nan,nan,nan,nan,nan,nan,nan
26.940,APPROACH,82.392139,-61.334181,50.111848,22.702102,-3.488900,-5.919311,0.007063,-2.063025,-88.067767,7.292194,7.452139,-3.261796,-0.002309,0.000000,0.000000,-23.638961,-63.397206,-37.955919,29.994296,3.963240,-9.181107,0.004754,0.000000,0.000000,-66.651428,-2.184508,-88.009964,7.290000,7.326629,-3.212554,0.000000,0.000000,0.000000,0.000000,-61.334181,50.111848,22.702102,82.392139,-3.488900,-5.919311,0.007063,6.871005,nan,nan,nan,0,nan,nan,nan,0,nan,nan,nan,nan,nan,nan,nan,nan,nan,nan,nan,nan,nan,nan,nan,nan,nan,nan,nan,nan,nan,nan,nan,nan,nan,nan,nan,nan,nan,nan,nan,nan,nan,nan,nan,nan,nan,nan,nan,nan,nan,nan,nan,nan,nan,nan,nan,nan,nan,nan,nan,nan,nan,nan,nan,nan,nan,nan,nan,nan,nan,nan,nan,nan,nan,nan,nan,nan,nan,nan,nan,nan,nan,nan,nan,nan,nan,nan,nan,nan
26.980,APPROACH,82.392139,-61.334181,50.111848,22.702102,-3.488900,-5.919311,0.007063,-1.686399,-88.232636,7.292084,7.532528,-3.297392,-0.002194,0.000000,0.000000,-23.641578,-63.196181,-38.413727,29.994524,4.020507,-9.156174,0.004563,0.000000,0.000000,-66.293562,-1.891443,-88.138466,7.290000,7.326629,-3.212554,0.000000,0.000000,0.000000,0.000000,-61.509782,49.818909,22.702440,82.345478,-3.512022,-5.858782,0.006757,6.830788,nan,nan,nan,0,nan,nan,nan,0,nan,nan,nan,nan,nan,nan,nan,nan,nan,nan,nan,nan,nan,nan,nan,nan,nan,nan,nan,nan,nan,nan,nan,nan,nan,nan,nan,nan,nan,nan,nan,nan,nan,nan,nan,nan,nan,nan,nan,nan,nan,nan,nan,nan,nan,nan,nan,nan,nan,nan,nan,nan,nan,nan,nan,nan,nan,nan,nan,nan,nan,nan,nan,nan,nan,nan,nan,nan,nan,nan,nan,nan,nan,nan,nan,nan,nan,nan,nan,nan
27.040,APPROACH,82.293754,-61.677514,49.525052,22.702763,-3.354638,-5.877133,0.006465,-1.314786,-88.395324,7.291980,7.432255,-3.253751,-0.002084,0.000000,0.000000,-23.643222,-62.992300,-38.870272,29.994743,4.077617,-9.130884,0.004381,0.000000,0.000000,-65.935695,-1.451845,-88.331219,7.290000,7.326629,-3.212554,0.000000,0.000000,0.000000,0.000000,-61.677514,49.525052,22.702763,82.293754,-3.354638,-5.877133,0.006465,6.767150,nan,nan,nan,0,nan,nan,nan,0,nan,nan,nan,nan,nan,nan,nan,nan,nan,nan,nan,nan,nan,nan,nan,nan,nan,nan,nan,nan,nan,nan,nan,nan,nan,nan,nan,nan,nan,nan,nan,nan,nan,nan,nan,nan,nan,nan,nan,nan,nan,nan,nan,nan,nan,nan,nan,nan,nan,nan,nan,nan,nan,nan,nan,nan,nan,nan,nan,nan,nan,nan,nan,nan,nan,nan,nan,nan,nan,nan,nan,nan,nan,nan,nan,nan,nan,nan,nan,nan
27.080,APPROACH,82.293754,-61.677514,49.525052,22.702763,-3.354638,-5.877133,0.006465,-0.939094,-88.559815,7.291881,7.513837,-3.289830,-0.001980,0.000000,0.000000,-23.645546,-62.785572,-39.325533,29.994953,4.134568,-9.105237,0.004206,0.000000,0.000000,-65.577829,-1.158780,-88.459721,7.290000,7.326629,-3.212554,0.000000,0.000000,0.000000,0.000000,-61.846478,49.234282,22.703072,82.246160,-3.379269,-5.815407,0.006186,6.725954,nan,nan,nan,0,nan,nan,nan,0,nan,nan,nan,nan,nan,nan,nan,nan,nan,nan,nan,nan,nan,nan,nan,nan,nan,nan,nan,nan,nan,nan,nan,nan,nan,nan,nan,nan,nan,nan,nan,nan,nan,nan,nan,nan,nan,nan,nan,nan,nan,nan,nan,nan,nan,nan,nan,nan,nan,nan,nan,nan,nan,nan,nan,nan,nan,nan,nan,nan,nan,nan,nan,nan,nan,nan,nan,nan,nan,nan,nan,nan,nan,nan,nan,nan,nan,nan,nan,nan
27.140,APPROACH,82.193516,-62.007644,48.942652,22.703368,-3.223327,-5.832593,0.005919,-0.568360,-88.722148,7.291787,7.414685,-3.246643,-0.001881,0.000000,0.000000,-23.647005,-62.576004,-39.779495,29.995155,4.191358,-9.079236,0.004037,0.000000,0.000000,-65.219963,-0.719182,-88.652474,7.290000,7.326629,-3.212554,0.000000,0.000000,0.000000,0.000000,-62.007644,48.942652,22.703368,82.193516,-3.223327,-5.832593,0.005919,6.664009,nan,nan,nan,0,nan,nan,nan,0,nan,nan,nan,nan,nan,nan,nan,nan,nan,nan,nan,nan,nan,nan,nan,nan,nan,nan,nan,nan,nan,nan,nan,nan,nan,nan,nan,nan,nan,nan,nan,nan,nan,nan,nan,nan,nan,nan,nan,nan,nan,nan,nan,nan,nan,nan,nan,nan,nan,nan,nan,nan,nan,nan,nan,nan,nan,nan,nan,nan,nan,nan,nan,nan,nan,nan,nan,nan,nan,nan,nan,nan,nan,nan,nan,nan,nan,nan,nan,nan
27.180,APPROACH,82.193516,-62.007644,48.942652,22.703368,-3.223327,-5.832593,0.005919,-0.193494,-88.886305,7.291698,7.497321,-3.283148,-0.001787,0.000000,0.000000,-23.649068,-62.363605,-40.232139,29.995349,4.247984,-9.052880,0.003876,0.000000,0.000000,-64.862096,-0.426117,-88.780976,7.290000,7.326629,-3.212554,0.000000,0.000000,0.000000,0.000000,-62.170111,48.654166,22.703651,82.145032,-3.249337,-5.769732,0.005663,6.621784,nan,nan,nan,0,nan,nan,nan,0,nan,nan,nan,nan,nan,nan,nan,nan,nan,nan,nan,nan,nan,nan,nan,nan,nan,nan,nan,nan,nan,nan,nan,nan,nan,nan,nan,nan,nan,nan,nan,nan,nan,nan,nan,nan,nan,nan,nan,nan,nan,nan,nan,nan,nan,nan,nan,nan,nan,nan,nan,nan,nan,nan,nan,nan,nan,nan,nan,nan,nan,nan,nan,nan,nan,nan,nan,nan,nan,nan,nan,nan,nan,nan,nan,nan,nan,nan,nan,nan
27.240,APPROACH,82.091508,-62.324847,48.364875,22.703922,-3.094715,-5.785809,0.005419,0.176464,-89.048323,7.291613,7.399160,-3.240362,-0.001698,0.000000,0.000000,-23.650363,-62.148383,-40.683448,29.995535,4.304445,-9.026171,0.003721,0.000000,0.000000,-64.504230,0.013481,-88.973730,7.290000,7.326629,-3.212554,0.000000,0.000000,0.000000,0.000000,-62.324847,48.364875,22.703922,82.091508,-3.094715,-5.785809,0.005419,6.561469,nan,nan,nan,0,nan,nan,nan,0,nan,nan,nan,nan,nan,nan,nan,nan,nan,nan,nan,nan,nan,nan,nan,nan,nan,nan,nan,nan,nan,nan,nan,nan,nan,nan,nan,nan,nan,nan,nan,nan,nan,nan,nan,nan,nan,nan,nan,nan,nan,nan,nan,nan,nan,nan,nan,nan,nan,nan,nan,nan,nan,nan,nan,nan,nan,nan,nan,nan,nan,nan,nan,nan,nan,nan,nan,nan,nan,nan,nan,nan,nan,nan,nan,nan,nan,nan,nan,nan
27.280,APPROACH,82.091508,-62.324847,48.364875,22.703922,-3.094715,-5.785809,0.005419,0.541808,-89.208330,7.291532,7.306889,-3.200143,-0.001613,0.000000,0.000000,-23.651612,-61.930346,-41.133403,29.995713,4.360737,-8.999109,0.003572,0.000000,0.000000,-64.146364,0.306546,-89.102232,7.290000,7.326629,-3.212554,0.000000,0.000000,0.000000,0.000000,-62.472154,48.074927,22.704181,82.033216,-2.946151,-5.798967,0.005185,6.504449,nan,nan,nan,0,nan,nan,nan,0,nan,nan,nan,nan,nan,nan,nan,nan,nan,nan,nan,nan,nan,nan,nan,nan,nan,nan,nan,nan,nan,nan,nan,nan,nan,nan,nan,nan,nan,nan,nan,nan,nan,nan,nan,nan,nan,nan,nan,nan,nan,nan,nan,nan,nan,nan,nan,nan,nan,nan,nan,nan,nan,nan,nan,nan,nan,nan,nan,nan,nan,nan,nan,nan,nan,nan,nan,nan,nan,nan,nan,nan,nan,nan,nan,nan,nan,nan,nan,nan
27.340,APPROACH,81.979373,-62.621111,47.788314,22.704429,-2.979133,-5.732259,0.004961,0.911608,-89.370302,7.291456,7.395993,-3.239438,-0.001532,0.000000,0.000000,-23.653375,-61.709503,-41.581988,29.995885,4.416860,-8.971697,0.003429,0.000000,0.000000,-63.788497,0.746144,-89.294985,7.290000,7.326629,-3.212554,0.000000,0.000000,0.000000,0.000000,-62.621111,47.788314,22.704429,81.979373,-2.979133,-5.732259,0.004961,6.460190,nan,nan,nan,0,nan,nan,nan,0,nan,nan,nan,nan,nan,nan,nan,nan,nan,nan,nan,nan,nan,nan,nan,nan,nan,nan,nan,nan,nan,nan,nan,nan,nan,nan,nan,nan,nan,nan,nan,nan,nan,nan,nan,nan,nan,nan,nan,nan,nan,nan,nan,nan,nan,nan,nan,nan,nan,nan,nan,nan,nan,nan,nan,nan,nan,nan,nan,nan,nan,nan,nan,nan,nan,nan,nan,nan,nan,nan,nan,nan,nan,nan,nan,nan,nan,nan,nan,nan
27.380,APPROACH,81.979373,-62.621111,47.788314,22.704429,-2.979133,-5.732259,0.004961,1.276804,-89.530266,7.291383,7.303911,-3.199274,-0.001456,0.000000,0.000000,-23.654479,-61.485862,-42.029185,29.996050,4.472810,-8.943935,0.003292,0.000000,0.000000,-63.430631,1.039209,-89.423487,7.290000,7.326629,-3.212554,0.000000,0.000000,0.000000,0.000000,-62.762666,47.501081,22.704667,81.920735,-2.831101,-5.744661,0.004748,6.404396,nan,nan,nan,0,nan,nan,nan,0,nan,nan,nan,nan,nan,nan,nan,nan,nan,nan,nan,nan,nan,nan,nan,nan,nan,nan,nan,nan,nan,nan,nan,nan,nan,nan,nan,nan,nan,nan,nan,nan,nan,nan,nan,nan,nan,nan,nan,nan,nan,nan,nan,nan,nan,nan,nan,nan,nan,nan,nan,nan,nan,nan,nan,nan,nan,nan,nan,nan,nan,nan,nan,nan,nan,nan,nan,nan,nan,nan,nan,nan,nan,nan,nan,nan,nan,nan,nan,nan
27.440,APPROACH,81.866537,-62.905896,47.217221,22.704894,-2.864608,-5.677202,0.004543,1.646463,-89.692197,7.291314,7.393194,-3.238622,-0.001383,0.000000,0.000000,-23.656037,-61.259433,-42.474976,29.996208,4.528586,-8.915824,0.003160,0.000000,0.000000,-63.072764,1.478807,-89.616240,7.290000,7.326629,-3.212554,0.000000,0.000000,0.000000,0.000000,-62.905896,47.217221,22.704894,81.866537,-2.864608,-5.677202,0.004543,6.358980,nan,nan,nan,0,nan,nan,nan,0,nan,nan,nan,nan,nan,nan,nan,nan,nan,nan,nan,nan,nan,nan,nan,nan,nan,nan,nan,nan,nan,nan,nan,nan,nan,nan,nan,nan,nan,nan,nan,nan,nan,nan,nan,nan,nan,nan,nan,nan,nan,nan,nan,nan,nan,nan,nan,nan,nan,nan,nan,nan,nan,nan,nan,nan,nan,nan,nan,nan,nan,nan,nan,nan,nan,nan,nan,nan,nan,nan,nan,nan,nan,nan,nan,nan,nan,nan,nan,nan
27.480,COMPLETED,81.866537,-62.905896,47.217221,22.704894,-2.864608,-5.677202,0.004543,2.020319,-89.855977,7.291248,7.477120,-3.275608,-0.001314,0.000000,0.000000,-23.657468,-61.030224,-42.919344,29.996359,4.584185,-8.887365,0.003034,0.000000,0.000000,-62.714898,1.771872,-89.744742,7.290000,7.326629,-3.212554,0.000000,0.000000,0.000000,0.000000,-63.050543,46.936633,22.705111,81.816506,-2.892935,-5.611756,0.004348,6.313549,nan,nan,nan,0,nan,nan,nan,0,nan,nan,nan,nan,nan,nan,nan,nan,nan,nan,nan,nan,nan,nan,nan,nan,nan,nan,nan,nan,nan,nan,nan,nan,nan,nan,nan,nan,nan,nan,nan,nan,nan,nan,nan,nan,nan,nan,nan,nan,nan,nan,nan,nan,nan,nan,nan,nan,nan,nan,nan,nan,nan,nan,nan,nan,nan,nan,nan,nan,nan,nan,nan,nan,nan,nan,nan,nan,nan,nan,nan,nan,nan,nan,nan,nan,nan,nan,nan,nan
27.540,COMPLETED,81.768763,-63.194489,46.658929,22.705319,-2.878924,-5.554090,0.004161,2.389328,-90.017641,7.291186,7.380171,-3.233274,-0.001248,0.000000,0.000000,-23.658366,-60.805161,-43.358712,29.996505,4.501247,-8.787365,0.002913,0.000000,0.000000,-62.876623,2.211470,-89.937496,7.290000,7.326629,-3.212554,0.000000,0.000000,0.000000,0.000000,-63.194489,46.658929,22.705319,81.768763,-2.878924,-5.554090,0.004161,6.255888,nan,nan,nan,0,nan,nan,nan,0,nan,nan,nan,nan,nan,nan,nan,nan,nan,nan,nan,nan,nan,nan,nan,nan,nan,nan,nan,nan,nan,nan,nan,nan,nan,nan,nan,nan,nan,nan,nan,nan,nan,nan,nan,nan,nan,nan,nan,nan,nan,nan,nan,nan,nan,nan,nan,nan,nan,nan,nan,nan,nan,nan,nan,nan,nan,nan,nan,nan,nan,nan,nan,nan,nan,nan,nan,nan,nan,nan,nan,nan,nan,nan,nan,nan,nan,nan,nan,nan
27.580,COMPLETED,81.768763,-63.194489,46.658929,22.705319,-2.878924,-5.554090,0.004161,2.762572,-90.181170,7.291126,7.464878,-3.270582,-0.001186,0.000000,0.000000,-23.659635,-60.577336,-43.793081,29.996645,4.556505,-8.687365,0.002796,0.000000,0.000000,-62.323082,2.504535,-90.065998,7.290000,7.326629,-3.212554,0.000000,0.000000,0.000000,0.000000,-63.339908,46.388089,22.705518,81.727225,-2.908373,-5.416783,0.003982,6.148186,nan,nan,nan,0,nan,nan,nan,0,nan,nan,nan,nan,nan,nan,nan,nan,nan,nan,nan,nan,nan,nan,nan,nan,nan,nan,nan,nan,nan,nan,nan,nan,nan,nan,nan,nan,nan,nan,nan,nan,nan,nan,nan,nan,nan,nan,nan,nan,nan,nan,nan,nan,nan,nan,nan,nan,nan,nan,nan,nan,nan,nan,nan,nan,nan,nan,nan,nan,nan,nan,nan,nan,nan,nan,nan,nan,nan,nan,nan,nan,nan,nan,nan,nan,nan,nan,nan,nan
27.640,COMPLETED,81.682628,-63.477825,46.120149,22.705709,-2.758353,-5.358815,0.003810,3.131005,-90.342598,7.291070,7.368663,-3.228549,-0.001126,0.000000,0.000000,-23.660431,-60.346821,-44.222449,29.996779,4.610310,-8.587365,0.002684,0.000000,0.000000,-61.769922,2.944132,-90.258751,7.290000,7.326629,-3.212554,0.000000,0.000000,0.000000,0.000000,-63.477825,46.120149,22.705709,81.682628,-2.758353,-5.358815,0.003810,6.027058,nan,nan,nan,0,nan,nan,nan,0,nan,nan,nan,nan,nan,nan,nan,nan,nan,nan,nan,nan,nan,nan,nan,nan,nan,nan,nan,nan,nan,nan,nan,nan,nan,nan,nan,nan,nan,nan,nan,nan,nan,nan,nan,nan,nan,nan,nan,nan,nan,nan,nan,nan,nan,nan,nan,nan,nan,nan,nan,nan,nan,nan,nan,nan,nan,nan,nan,nan,nan,nan,nan,nan,nan,nan,nan,nan,nan,nan,nan,nan,nan,nan,nan,nan,nan,nan,nan,nan
27.680,COMPLETED,81.682628,-63.477825,46.120149,22.705709,-2.758353,-5.358815,0.003810,3.494916,-90.502050,7.291016,7.278222,-3.189039,-0.001070,0.000000,0.000000,-23.661198,-60.113687,-44.647741,29.996908,4.662678,-8.505847,0.002577,0.000000,0.000000,-61.269622,3.237198,-90.387253,7.290000,7.326629,-3.212554,0.000000,0.000000,0.000000,0.000000,-63.608603,45.854308,22.705891,81.634732,-2.615543,-5.316808,0.003647,5.925329,nan,nan,nan,0,nan,nan,nan,0,nan,nan,nan,nan,nan,nan,nan,nan,nan,nan,nan,nan,nan,nan,nan,nan,nan,nan,nan,nan,nan,nan,nan,nan,nan,nan,nan,nan,nan,nan,nan,nan,nan,nan,nan,nan,nan,nan,nan,nan,nan,nan,nan,nan,nan,nan,nan,nan,nan,nan,nan,nan,nan,nan,nan,nan,nan,nan,nan,nan,nan,nan,nan,nan,nan,nan,nan,nan,nan,nan,nan,nan,nan,nan,nan,nan,nan,nan,nan,nan
27.740,COMPLETED,81.591334,-63.741358,45.591881,22.706066,-2.655101,-5.248542,0.003490,3.863368,-90.663500,7.290966,7.369046,-3.229001,-0.001016,0.000000,0.000000,-23.662281,-59.877989,-45.071618,29.997031,4.713944,-8.477543,0.002474,0.000000,0.000000,-60.923717,3.676795,-90.580006,7.290000,7.326629,-3.212554,0.000000,0.000000,0.000000,0.000000,-63.741358,45.591881,22.706066,81.591334,-2.655101,-5.248542,0.003490,5.881902,nan,nan,nan,0,nan,nan,nan,0,nan,nan,nan,nan,nan,nan,nan,nan,nan,nan,nan,nan,nan,nan,nan,nan,nan,nan,nan,nan,nan,nan,nan,nan,nan,nan,nan,nan,nan,nan,nan,nan,nan,nan,nan,nan,nan,nan,nan,nan,nan,nan,nan,nan,nan,nan,nan,nan,nan,nan,nan,nan,nan,nan,nan,nan,nan,nan,nan,nan,nan,nan,nan,nan,nan,nan,nan,nan,nan,nan,nan,nan,nan,nan,nan,nan,nan,nan,nan,nan
27.780,COMPLETED,81.591334,-63.741358,45.591881,22.706066,-2.655101,-5.248542,0.003490,4.236089,-90.826828,7.290917,7.454420,-3.266564,-0.000966,0.000000,0.000000,-23.663274,-59.639737,-45.494065,29.997150,4.765044,-8.448926,0.002375,0.000000,0.000000,-60.577775,3.969861,-90.708509,7.290000,7.326629,-3.212554,0.000000,0.000000,0.000000,0.000000,-63.875826,45.332763,22.706233,81.552153,-2.689376,-5.182362,0.003340,5.838633,nan,nan,nan,0,nan,nan,nan,0,nan,nan,nan,nan,nan,nan,nan,nan,nan,nan,nan,nan,nan,nan,nan,nan,nan,nan,nan,nan,nan,nan,nan,nan,nan,nan,nan,nan,nan,nan,nan,nan,nan,nan,nan,nan,nan,nan,nan,nan,nan,nan,nan,nan,nan,nan,nan,nan,nan,nan,nan,nan,nan,nan,nan,nan,nan,nan,nan,nan,nan,nan,nan,nan,nan,nan,nan,nan,nan,nan,nan,nan,nan,nan,nan,nan,nan,nan,nan,nan
27.840,COMPLETED,81.507888,-64.002969,45.073002,22.706393,-2.542858,-5.195226,0.003197,4.604031,-90.988066,7.290871,7.358833,-3.224773,-0.000917,0.000000,0.000000,-23.663897,-59.398938,-45.915065,29.997264,4.815975,-8.419999,0.002280,0.000000,0.000000,-60.231797,4.409458,-90.901262,7.290000,7.326629,-3.212554,0.000000,0.000000,0.000000,0.000000,-64.002969,45.073002,22.706393,81.507888,-2.542858,-5.195226,0.003197,5.784160,nan,nan,nan,0,nan,nan,nan,0,nan,nan,nan,nan,nan,nan,nan,nan,nan,nan,nan,nan,nan,nan,nan,nan,nan,nan,nan,nan,nan,nan,nan,nan,nan,nan,nan,nan,nan,nan,nan,nan,nan,nan,nan,nan,nan,nan,nan,nan,nan,nan,nan,nan,nan,nan,nan,nan,nan,nan,nan,nan,nan,nan,nan,nan,nan,nan,nan,nan,nan,nan,nan,nan,nan,nan,nan,nan,nan,nan,nan,nan,nan,nan,nan,nan,nan,nan,nan,nan
27.880,COMPLETED,81.507888,-64.002969,45.073002,22.706393,-2.542858,-5.195226,0.003197,4.976272,-91.151196,7.290828,7.444821,-3.262591,-0.000871,0.000000,0.000000,-23.664777,-59.155602,-46.334603,29.997374,4.866736,-8.390762,0.002189,0.000000,0.000000,-59.885784,4.702524,-91.029764,7.290000,7.326629,-3.212554,0.000000,0.000000,0.000000,0.000000,-64.131874,44.816593,22.706546,81.467855,-2.578084,-5.128171,0.003060,5.739744,nan,nan,nan,0,nan,nan,nan,0,nan,nan,nan,nan,nan,nan,nan,nan,nan,nan,nan,nan,nan,nan,nan,nan,nan,nan,nan,nan,nan,nan,nan,nan,nan,nan,nan,nan,nan,nan,nan,nan,nan,nan,nan,nan,nan,nan,nan,nan,nan,nan,nan,nan,nan,nan,nan,nan,nan,nan,nan,nan,nan,nan,nan,nan,nan,nan,nan,nan,nan,nan,nan,nan,nan,nan,nan,nan,nan,nan,nan,nan,nan,nan,nan,nan,nan,nan,nan,nan
27.940,COMPLETED,81.422739,-64.253498,44.559584,22.706692,-2.432485,-5.140178,0.002929,5.343762,-91.312248,7.290787,7.349810,-3.221038,-0.000828,0.000000,0.000000,-23.665329,-58.909735,-46.752664,29.997479,4.917324,-8.361215,0.002101,0.000000,0.000000,-59.539737,5.142121,-91.222517,7.290000,7.326629,-3.212554,0.000000,0.000000,0.000000,0.000000,-64.253498,44.559584,22.706692,81.422739,-2.432485,-5.140178,0.002929,5.686688,nan,nan,nan,0,nan,nan,nan,0,nan,nan,nan,nan,nan,nan,nan,nan,nan,nan,nan,nan,nan,nan,nan,nan,nan,nan,nan,nan,nan,nan,nan,nan,nan,nan,nan,nan,nan,nan,nan,nan,nan,nan,nan,nan,nan,nan,nan,nan,nan,nan,nan,nan,nan,nan,nan,nan,nan,nan,nan,nan,nan,nan,nan,nan,nan,nan,nan,nan,nan,nan,nan,nan,nan,nan,nan,nan,nan,nan,nan,nan,nan,nan,nan,nan,nan,nan,nan,nan
27.980,COMPLETED,81.422739,-64.253498,44.559584,22.706692,-2.432485,-5.140178,0.002929,5.706787,-91.471347,7.290747,7.260499,-3.181978,-0.000787,0.000000,0.000000,-23.665861,-58.661349,-47.169232,29.997580,4.967738,-8.331361,0.002017,0.000000,0.000000,-59.193657,5.435186,-91.351019,7.290000,7.326629,-3.212554,0.000000,0.000000,0.000000,0.000000,-64.368136,44.302115,22.706832,81.372812,-2.292761,-5.149383,0.002804,5.636746,nan,nan,nan,0,nan,nan,nan,0,nan,nan,nan,nan,nan,nan,nan,nan,nan,nan,nan,nan,nan,nan,nan,nan,nan,nan,nan,nan,nan,nan,nan,nan,nan,nan,nan,nan,nan,nan,nan,nan,nan,nan,nan,nan,nan,nan,nan,nan,nan,nan,nan,nan,nan,nan,nan,nan,nan,nan,nan,nan,nan,nan,nan,nan,nan,nan,nan,nan,nan,nan,nan,nan,nan,nan,nan,nan,nan,nan,nan,nan,nan,nan,nan,nan,nan,nan,nan,nan
28.040,COMPLETED,81.327392,-64.484856,44.048173,22.706967,-2.334411,-5.078837,0.002684,6.074407,-91.632465,7.290710,7.352387,-3.222363,-0.000747,0.000000,0.000000,-23.666611,-58.410450,-47.584292,29.997676,5.017975,-8.301200,0.001936,0.000000,0.000000,-58.847545,5.874784,-91.543773,7.290000,7.326629,-3.212554,0.000000,0.000000,0.000000,0.000000,-64.484856,44.048173,22.706967,81.327392,-2.334411,-5.078837,0.002684,5.589639,nan,nan,nan,0,nan,nan,nan,0,nan,nan,nan,nan,nan,nan,nan,nan,nan,nan,nan,nan,nan,nan,nan,nan,nan,nan,nan,nan,nan,nan,nan,nan,nan,nan,nan,nan,nan,nan,nan,nan,nan,nan,nan,nan,nan,nan,nan,nan,nan,nan,nan,nan,nan,nan,nan,nan,nan,nan,nan,nan,nan,nan,nan,nan,nan,nan,nan,nan,nan,nan,nan,nan,nan,nan,nan,nan,nan,nan,nan,nan,nan,nan,nan,nan,nan,nan,nan,nan
28.080,COMPLETED,81.327392,-64.484856,44.048173,22.706967,-2.334411,-5.078837,0.002684,6.446345,-91.795481,7.290674,7.438761,-3.260325,-0.000710,0.000000,0.000000,-23.667299,-58.157048,-47.997828,29.997769,5.068034,-8.270734,0.001859,0.000000,0.000000,-58.501402,6.167849,-91.672275,7.290000,7.326629,-3.212554,0.000000,0.000000,0.000000,0.000000,-64.603393,43.797653,22.707095,81.286192,-2.370727,-5.010408,0.002569,5.542973,nan,nan,nan,0,nan,nan,nan,0,nan,nan,nan,nan,nan,nan,nan,nan,nan,nan,nan,nan,nan,nan,nan,nan,nan,nan,nan,nan,nan,nan,nan,nan,nan,nan,nan,nan,nan,nan,nan,nan,nan,nan,nan,nan,nan,nan,nan,nan,nan,nan,nan,nan,nan,nan,nan,nan,nan,nan,nan,nan,nan,nan,nan,nan,nan,nan,nan,nan,nan,nan,nan,nan,nan,nan,nan,nan,nan,nan,nan,nan,nan,nan,nan,nan,nan,nan,nan,nan
