t,phase,relative_distance,rel_x,rel_y,rel_z,rel_vx,rel_vy,rel_vz,carrier_x,carrier_y,carrier_z,carrier_vx,carrier_vy,carrier_vz,carrier_roll_deg,carrier_pitch_deg,carrier_yaw_deg,mini_x,mini_y,mini_z,mini_vx,mini_vy,mini_vz,mini_roll_deg,mini_pitch_deg,mini_yaw_deg,carrier_sp_x,carrier_sp_y,carrier_sp_z,carrier_cmd_vx,carrier_cmd_vy,carrier_cmd_vz,mini_target_x,mini_target_y,mini_target_z,measured_rel_x,measured_rel_y,measured_rel_z,measured_rel_distance,measured_rel_vx,measured_rel_vy,measured_rel_vz,measured_rel_speed,mini_px4_true_airspeed_mps,mini_px4_throttle_filtered,mini_px4_global_alt_m,mini_px4_global_alt_valid,mini_px4_local_z_m,mini_px4_local_vz_mps,mini_px4_local_ref_alt_m,mini_px4_local_z_global_valid,mini_px4_local_alt_from_ref_m,mini_px4_alt_source_delta_m,mini_tecs_altitude_sp_m,mini_tecs_altitude_reference_m,mini_tecs_height_rate_reference_mps,mini_tecs_height_rate_sp_mps,mini_tecs_height_rate_mps,mini_tecs_true_airspeed_sp_mps,mini_tecs_true_airspeed_filtered_mps,mini_tecs_throttle_sp,mini_tecs_throttle_trim,mini_tecs_pitch_sp_deg,mini_tecs_underspeed_ratio,mini_tecs_fast_descend_ratio,mini_tecs_total_energy_rate_sp,mini_tecs_total_energy_rate,mini_fw_altitude_sp_m,mini_fw_height_rate_sp_mps,mini_fw_equivalent_airspeed_sp_mps,mini_fw_pitch_direct_deg,mini_fw_throttle_direct,mini_attitude_sp_thrust_x,mini_terminal_straight_active,mini_terminal_sync_active,mini_terminal_sync_score,mini_terminal_sync_best_score,mini_terminal_sync_release_ready,mini_terminal_sync_good_count,mini_terminal_sync_plateau_count,mini_terminal_sync_cluster_code,mini_terminal_sync_distance_xy,mini_terminal_sync_line_progress,mini_terminal_sync_line_lateral_error,mini_terminal_sync_height_error,mini_terminal_sync_distance_score,mini_terminal_sync_progress_score,mini_terminal_sync_lateral_score,mini_terminal_sync_height_score,mini_handoff_tangent_active,mini_handoff_distance_xy,mini_handoff_line_progress,mini_handoff_line_lateral_error,mini_handoff_height_error,mini_handoff_geom_ready,mini_energy_guard_active,mini_energy_guard_bad_airspeed,mini_energy_guard_bad_underspeed,mini_energy_guard_true_airspeed_mps,mini_energy_guard_underspeed_ratio,mini_energy_guard_recover_time_remaining_sec,controller_phase_code,controller_tracking_horizontal_distance,controller_tracking_along_error,controller_tracking_lateral_error,controller_tracking_along_speed,controller_tracking_lateral_speed,controller_terminal_distance,controller_terminal_along_error,controller_terminal_lateral_error,controller_terminal_vertical_error,controller_target_along_speed,controller_target_lateral_speed,controller_relative_speed,controller_min_docking_distance,controller_rendezvous_corridor_active,controller_passive_target_mode,controller_corridor_release_score,controller_corridor_release_armed,controller_corridor_release_accept_counter,controller_completion_hold_counter,controller_tracking_rearm_guard_enabled,controller_tracking_rearm_guard_used,controller_tracking_rearm_last_trigger_code,controller_passive_docking_entry_count,controller_passive_docking_last_exit_trigger_code,controller_debug_25,controller_debug_26,controller_debug_27,controller_debug_28,controller_debug_29
0.040,IDLE,158.029093,139.021823,75.061183,-3.456250,-1.451119,7.500000,-1.000000,-50.811183,-66.811183,7.626250,0.000000,0.000000,2.200000,0.000000,0.000000,0.000000,88.210640,8.250000,4.170000,-1.451119,7.500000,1.200000,0.000000,0.000000,100.950423,-50.811183,-66.811183,30.000000,0.000000,0.000000,0.000000,0.000000,0.000000,0.000000,139.021823,75.061183,-3.456250,158.029093,-1.451119,7.500000,-1.000000,7.704268,nan,nan,nan,0,nan,nan,nan,0,nan,nan,nan,nan,nan,nan,nan,nan,nan,nan,nan,nan,nan,nan,nan,nan,nan,nan,nan,nan,nan,nan,nan,nan,nan,nan,nan,nan,nan,nan,nan,nan,nan,nan,nan,nan,nan,nan,nan,nan,nan,nan,nan,nan,nan,nan,nan,nan,nan,nan,nan,nan,nan,nan,nan,nan,nan,nan,nan,nan,nan,nan,nan,nan,nan,nan,nan,nan,nan,nan,nan,nan,nan,nan,nan,nan,nan,nan,nan,nan
0.080,IDLE,158.145333,138.947042,75.441183,-3.506250,-1.495622,7.600000,-1.000000,-50.811183,-66.811183,7.736250,0.000000,0.000000,2.200000,0.000000,0.000000,0.000000,88.135859,8.630000,4.230000,-1.495622,7.600000,1.200000,0.000000,0.000000,101.133111,-50.811183,-66.811183,30.000000,0.000000,0.000000,0.000000,0.000000,0.000000,0.000000,138.947042,75.441183,-3.506250,158.145333,-1.495622,7.600000,-1.000000,7.810050,nan,nan,nan,0,nan,nan,nan,0,nan,nan,nan,nan,nan,nan,nan,nan,nan,nan,nan,nan,nan,nan,nan,nan,nan,nan,nan,nan,nan,nan,nan,nan,nan,nan,nan,nan,nan,nan,nan,nan,nan,nan,nan,nan,nan,nan,nan,nan,nan,nan,nan,nan,nan,nan,nan,nan,nan,nan,nan,nan,nan,nan,nan,nan,nan,nan,nan,nan,nan,nan,nan,nan,nan,nan,nan,nan,nan,nan,nan,nan,nan,nan,nan,nan,nan,nan,nan,nan
0.140,IDLE,158.262852,138.869987,75.826183,-3.556250,-1.541099,7.700000,-1.000000,-50.811183,-66.811183,7.846250,0.000000,0.000000,2.200000,0.000000,0.000000,0.000000,88.058804,9.015000,4.290000,-1.541099,7.700000,1.200000,0.000000,0.000000,101.317794,-50.811183,-66.811183,30.000000,0.000000,0.000000,0.000000,0.000000,0.000000,0.000000,138.869987,75.826183,-3.556250,158.262852,-1.541099,7.700000,-1.000000,7.916122,nan,nan,nan,0,nan,nan,nan,0,nan,nan,nan,nan,nan,nan,nan,nan,nan,nan,nan,nan,nan,nan,nan,nan,nan,nan,nan,nan,nan,nan,nan,nan,nan,nan,nan,nan,nan,nan,nan,nan,nan,nan,nan,nan,nan,nan,nan,nan,nan,nan,nan,nan,nan,nan,nan,nan,nan,nan,nan,nan,nan,nan,nan,nan,nan,nan,nan,nan,nan,nan,nan,nan,nan,nan,nan,nan,nan,nan,nan,nan,nan,nan,nan,nan,nan,nan,nan,nan
0.180,IDLE,158.381642,138.790609,76.216183,-3.606250,-1.587564,7.800000,-1.000000,-50.811183,-66.811183,7.956250,0.000000,0.000000,2.200000,0.000000,0.000000,0.000000,87.979425,9.405000,4.350000,-1.587564,7.800000,1.200000,0.000000,0.000000,101.504488,-50.811183,-66.811183,30.000000,0.000000,0.000000,0.000000,0.000000,0.000000,0.000000,138.790609,76.216183,-3.606250,158.381642,-1.587564,7.800000,-1.000000,8.022491,nan,nan,nan,0,nan,nan,nan,0,nan,nan,nan,nan,nan,nan,nan,nan,nan,nan,nan,nan,nan,nan,nan,nan,nan,nan,nan,nan,nan,nan,nan,nan,nan,nan,nan,nan,nan,nan,nan,nan,nan,nan,nan,nan,nan,nan,nan,nan,nan,nan,nan,nan,nan,nan,nan,nan,nan,nan,nan,nan,nan,nan,nan,nan,nan,nan,nan,nan,nan,nan,nan,nan,nan,nan,nan,nan,nan,nan,nan,nan,nan,nan,nan,nan,nan,nan,nan,nan
0.240,IDLE,158.501699,138.708857,76.611183,-3.656250,-1.635035,7.900000,-1.000000,-50.811183,-66.811183,8.066250,0.000000,0.000000,2.200000,0.000000,0.000000,0.000000,87.897674,9.800000,4.410000,-1.635035,7.900000,1.200000,0.000000,0.000000,101.693208,-50.811183,-66.811183,30.000000,0.000000,0.000000,0.000000,0.000000,0.000000,0.000000,138.708857,76.611183,-3.656250,158.501699,-1.635035,7.900000,-1.000000,8.129166,nan,nan,nan,0,nan,nan,nan,0,nan,nan,nan,nan,nan,nan,nan,nan,nan,nan,nan,nan,nan,nan,nan,nan,nan,nan,nan,nan,nan,nan,nan,nan,nan,nan,nan,nan,nan,nan,nan,nan,nan,nan,nan,nan,nan,nan,nan,nan,nan,nan,nan,nan,nan,nan,nan,nan,nan,nan,nan,nan,nan,nan,nan,nan,nan,nan,nan,nan,nan,nan,nan,nan,nan,nan,nan,nan,nan,nan,nan,nan,nan,nan,nan,nan,nan,nan,nan,nan
0.280,IDLE,158.623014,138.624681,77.011183,-3.706250,-1.683527,8.000000,-1.000000,-50.811183,-66.811183,8.176250,0.000000,0.000000,2.200000,0.000000,0.000000,0.000000,87.813497,10.200000,4.470000,-1.683527,8.000000,1.200000,0.000000,0.000000,101.883968,-50.811183,-66.811183,30.000000,0.000000,0.000000,0.000000,0.000000,0.000000,0.000000,138.624681,77.011183,-3.706250,158.623014,-1.683527,8.000000,-1.000000,8.236156,nan,nan,nan,0,nan,nan,nan,0,nan,nan,nan,nan,nan,nan,nan,nan,nan,nan,nan,nan,nan,nan,nan,nan,nan,nan,nan,nan,nan,nan,nan,nan,nan,nan,nan,nan,nan,nan,nan,nan,nan,nan,nan,nan,nan,nan,nan,nan,nan,nan,nan,nan,nan,nan,nan,nan,nan,nan,nan,nan,nan,nan,nan,nan,nan,nan,nan,nan,nan,nan,nan,nan,nan,nan,nan,nan,nan,nan,nan,nan,nan,nan,nan,nan,nan,nan,nan,nan
0.340,IDLE,158.745582,138.538028,77.416183,-3.756250,-1.733056,8.100000,-1.000000,-50.811183,-66.811183,8.286250,0.000000,0.000000,2.200000,0.000000,0.000000,0.000000,87.726845,10.605000,4.530000,-1.733056,8.100000,1.200000,0.000000,0.000000,102.076781,-50.811183,-66.811183,30.000000,0.000000,0.000000,0.000000,0.000000,0.000000,0.000000,138.538028,77.416183,-3.756250,158.745582,-1.733056,8.100000,-1.000000,8.343470,nan,nan,nan,0,nan,nan,nan,0,nan,nan,nan,nan,nan,nan,nan,nan,nan,nan,nan,nan,nan,nan,nan,nan,nan,nan,nan,nan,nan,nan,nan,nan,nan,nan,nan,nan,nan,nan,nan,nan,nan,nan,nan,nan,nan,nan,nan,nan,nan,nan,nan,nan,nan,nan,nan,nan,nan,nan,nan,nan,nan,nan,nan,nan,nan,nan,nan,nan,nan,nan,nan,nan,nan,nan,nan,nan,nan,nan,nan,nan,nan,nan,nan,nan,nan,nan,nan,nan
0.380,IDLE,158.869397,138.448846,77.826183,-3.806250,-1.783640,8.200000,-1.000000,-50.811183,-66.811183,8.396250,0.000000,0.000000,2.200000,0.000000,0.000000,0.000000,87.637663,11.015000,4.590000,-1.783640,8.200000,1.200000,0.000000,0.000000,102.271656,-50.811183,-66.811183,30.000000,0.000000,0.000000,0.000000,0.000000,0.000000,0.000000,138.448846,77.826183,-3.806250,158.869397,-1.783640,8.200000,-1.000000,8.451117,nan,nan,nan,0,nan,nan,nan,0,nan,nan,nan,nan,nan,nan,nan,nan,nan,nan,nan,nan,nan,nan,nan,nan,nan,nan,nan,nan,nan,nan,nan,nan,nan,nan,nan,nan,nan,nan,nan,nan,nan,nan,nan,nan,nan,nan,nan,nan,nan,nan,nan,nan,nan,nan,nan,nan,nan,nan,nan,nan,nan,nan,nan,nan,nan,nan,nan,nan,nan,nan,nan,nan,nan,nan,nan,nan,nan,nan,nan,nan,nan,nan,nan,nan,nan,nan,nan,nan
0.440,IDLE,158.994450,138.357081,78.241183,-3.856250,-1.835295,8.300000,-1.000000,-50.811183,-66.811183,8.506250,0.000000,0.000000,2.200000,0.000000,0.000000,0.000000,87.545898,11.430000,4.650000,-1.835295,8.300000,1.200000,0.000000,0.000000,102.468605,-50.811183,-66.811183,30.000000,0.000000,0.000000,0.000000,0.000000,0.000000,0.000000,138.357081,78.241183,-3.856250,158.994450,-1.835295,8.300000,-1.000000,8.559107,nan,nan,nan,0,nan,nan,nan,0,nan,nan,nan,nan,nan,nan,nan,nan,nan,nan,nan,nan,nan,nan,nan,nan,nan,nan,nan,nan,nan,nan,nan,nan,nan,nan,nan,nan,nan,nan,nan,nan,nan,nan,nan,nan,nan,nan,nan,nan,nan,nan,nan,nan,nan,nan,nan,nan,nan,nan,nan,nan,nan,nan,nan,nan,nan,nan,nan,nan,nan,nan,nan,nan,nan,nan,nan,nan,nan,nan,nan,nan,nan,nan,nan,nan,nan,nan,nan,nan
0.480,IDLE,159.120737,138.262679,78.661183,-3.906250,-1.888036,8.400000,-1.000000,-50.811183,-66.811183,8.616250,0.000000,0.000000,2.200000,0.000000,0.000000,0.000000,87.451496,11.850000,4.710000,-1.888036,8.400000,1.200000,0.000000,0.000000,102.667635,-50.811183,-66.811183,30.000000,0.000000,0.000000,0.000000,0.000000,0.000000,0.000000,138.262679,78.661183,-3.906250,159.120737,-1.888036,8.400000,-1.000000,8.667450,nan,nan,nan,0,nan,nan,nan,0,nan,nan,nan,nan,nan,nan,nan,nan,nan,nan,nan,nan,nan,nan,nan,nan,nan,nan,nan,nan,nan,nan,nan,nan,nan,nan,nan,nan,nan,nan,nan,nan,nan,nan,nan,nan,nan,nan,nan,nan,nan,nan,nan,nan,nan,nan,nan,nan,nan,nan,nan,nan,nan,nan,nan,nan,nan,nan,nan,nan,nan,nan,nan,nan,nan,nan,nan,nan,nan,nan,nan,nan,nan,nan,nan,nan,nan,nan,nan,nan
0.540,IDLE,159.248250,138.165585,79.086183,-3.956250,-1.941882,8.500000,-1.000000,-50.811183,-66.811183,8.726250,0.000000,0.000000,2.200000,0.000000,0.000000,0.000000,87.354402,12.275000,4.770000,-1.941882,8.500000,1.200000,0.000000,0.000000,102.868753,-50.811183,-66.811183,30.000000,0.000000,0.000000,0.000000,0.000000,0.000000,0.000000,138.165585,79.086183,-3.956250,159.248250,-1.941882,8.500000,-1.000000,8.776155,nan,nan,nan,0,nan,nan,nan,0,nan,nan,nan,nan,nan,nan,nan,nan,nan,nan,nan,nan,nan,nan,nan,nan,nan,nan,nan,nan,nan,nan,nan,nan,nan,nan,nan,nan,nan,nan,nan,nan,nan,nan,nan,nan,nan,nan,nan,nan,nan,nan,nan,nan,nan,nan,nan,nan,nan,nan,nan,nan,nan,nan,nan,nan,nan,nan,nan,nan,nan,nan,nan,nan,nan,nan,nan,nan,nan,nan,nan,nan,nan,nan,nan,nan,nan,nan,nan,nan
0.580,IDLE,159.376983,138.065743,79.516183,-4.006250,-1.996847,8.600000,-1.000000,-50.811183,-66.811183,8.836250,0.000000,0.000000,2.200000,0.000000,0.000000,0.000000,87.254560,12.705000,4.830000,-1.996847,8.600000,1.200000,0.000000,0.000000,103.071964,-50.811183,-66.811183,30.000000,0.000000,0.000000,0.000000,0.000000,0.000000,0.000000,138.065743,79.516183,-4.006250,159.376983,-1.996847,8.600000,-1.000000,8.885235,nan,nan,nan,0,nan,nan,nan,0,nan,nan,nan,nan,nan,nan,nan,nan,nan,nan,nan,nan,nan,nan,nan,nan,nan,nan,nan,nan,nan,nan,nan,nan,nan,nan,nan,nan,nan,nan,nan,nan,nan,nan,nan,nan,nan,nan,nan,nan,nan,nan,nan,nan,nan,nan,nan,nan,nan,nan,nan,nan,nan,nan,nan,nan,nan,nan,nan,nan,nan,nan,nan,nan,nan,nan,nan,nan,nan,nan,nan,nan,nan,nan,nan,nan,nan,nan,nan,nan
0.640,IDLE,159.506929,137.963095,79.951183,-4.056250,-2.052949,8.700000,-1.000000,-50.811183,-66.811183,8.946250,0.000000,0.000000,2.200000,0.000000,0.000000,0.000000,87.151912,13.140000,4.890000,-2.052949,8.700000,1.200000,0.000000,0.000000,103.277272,-50.811183,-66.811183,30.000000,0.000000,0.000000,0.000000,0.000000,0.000000,0.000000,137.963095,79.951183,-4.056250,159.506929,-2.052949,8.700000,-1.000000,8.994698,nan,nan,nan,0,nan,nan,nan,0,nan,nan,nan,nan,nan,nan,nan,nan,nan,nan,nan,nan,nan,nan,nan,nan,nan,nan,nan,nan,nan,nan,nan,nan,nan,nan,nan,nan,nan,nan,nan,nan,nan,nan,nan,nan,nan,nan,nan,nan,nan,nan,nan,nan,nan,nan,nan,nan,nan,nan,nan,nan,nan,nan,nan,nan,nan,nan,nan,nan,nan,nan,nan,nan,nan,nan,nan,nan,nan,nan,nan,nan,nan,nan,nan,nan,nan,nan,nan,nan
0.680,IDLE,159.638082,137.857585,80.391183,-4.106250,-2.110204,8.800000,-1.000000,-50.811183,-66.811183,9.056250,0.000000,0.000000,2.200000,0.000000,0.000000,0.000000,87.046402,13.580000,4.950000,-2.110204,8.800000,1.200000,0.000000,0.000000,103.484679,-50.811183,-66.811183,30.000000,0.000000,0.000000,0.000000,0.000000,0.000000,0.000000,137.857585,80.391183,-4.106250,159.638082,-2.110204,8.800000,-1.000000,9.104557,nan,nan,nan,0,nan,nan,nan,0,nan,nan,nan,nan,nan,nan,nan,nan,nan,nan,nan,nan,nan,nan,nan,nan,nan,nan,nan,nan,nan,nan,nan,nan,nan,nan,nan,nan,nan,nan,nan,nan,nan,nan,nan,nan,nan,nan,nan,nan,nan,nan,nan,nan,nan,nan,nan,nan,nan,nan,nan,nan,nan,nan,nan,nan,nan,nan,nan,nan,nan,nan,nan,nan,nan,nan,nan,nan,nan,nan,nan,nan,nan,nan,nan,nan,nan,nan,nan,nan
0.740,IDLE,159.770436,137.749154,80.836183,-4.156250,-2.168629,8.900000,-1.000000,-50.811183,-66.811183,9.166250,0.000000,0.000000,2.200000,0.000000,0.000000,0.000000,86.937970,14.025000,5.010000,-2.168629,8.900000,1.200000,0.000000,0.000000,103.694186,-50.811183,-66.811183,30.000000,0.000000,0.000000,0.000000,0.000000,0.000000,0.000000,137.749154,80.836183,-4.156250,159.770436,-2.168629,8.900000,-1.000000,9.214822,nan,nan,nan,0,nan,nan,nan,0,nan,nan,nan,nan,nan,nan,nan,nan,nan,nan,nan,nan,nan,nan,nan,nan,nan,nan,nan,nan,nan,nan,nan,nan,nan,nan,nan,nan,nan,nan,nan,nan,nan,nan,nan,nan,nan,nan,nan,nan,nan,nan,nan,nan,nan,nan,nan,nan,nan,nan,nan,nan,nan,nan,nan,nan,nan,nan,nan,nan,nan,nan,nan,nan,nan,nan,nan,nan,nan,nan,nan,nan,nan,nan,nan,nan,nan,nan,nan,nan
0.780,IDLE,159.903984,137.637742,81.286183,-4.206250,-2.228240,9.000000,-1.000000,-50.811183,-66.811183,9.276250,0.000000,0.000000,2.200000,0.000000,0.000000,0.000000,86.826558,14.475000,5.070000,-2.228240,9.000000,1.200000,0.000000,0.000000,103.905792,-50.811183,-66.811183,30.000000,0.000000,0.000000,0.000000,0.000000,0.000000,0.000000,137.637742,81.286183,-4.206250,159.903984,-2.228240,9.000000,-1.000000,9.325506,nan,nan,nan,0,nan,nan,nan,0,nan,nan,nan,nan,nan,nan,nan,nan,nan,nan,nan,nan,nan,nan,nan,nan,nan,nan,nan,nan,nan,nan,nan,nan,nan,nan,nan,nan,nan,nan,nan,nan,nan,nan,nan,nan,nan,nan,nan,nan,nan,nan,nan,nan,nan,nan,nan,nan,nan,nan,nan,nan,nan,nan,nan,nan,nan,nan,nan,nan,nan,nan,nan,nan,nan,nan,nan,nan,nan,nan,nan,nan,nan,nan,nan,nan,nan,nan,nan,nan
0.840,IDLE,160.038719,137.523289,81.741183,-4.256250,-2.289054,9.100000,-1.000000,-50.811183,-66.811183,9.386250,0.000000,0.000000,2.200000,0.000000,0.000000,0.000000,86.712106,14.930000,5.130000,-2.289054,9.100000,1.200000,0.000000,0.000000,104.119493,-50.811183,-66.811183,30.000000,0.000000,0.000000,0.000000,0.000000,0.000000,0.000000,137.523289,81.741183,-4.256250,160.038719,-2.289054,9.100000,-1.000000,9.436618,nan,nan,nan,0,nan,nan,nan,0,nan,nan,nan,nan,nan,nan,nan,nan,nan,nan,nan,nan,nan,nan,nan,nan,nan,nan,nan,nan,nan,nan,nan,nan,nan,nan,nan,nan,nan,nan,nan,nan,nan,nan,nan,nan,nan,nan,nan,nan,nan,nan,nan,nan,nan,nan,nan,nan,nan,nan,nan,nan,nan,nan,nan,nan,nan,nan,nan,nan,nan,nan,nan,nan,nan,nan,nan,nan,nan,nan,nan,nan,nan,nan,nan,nan,nan,nan,nan,nan
0.880,IDLE,160.174637,137.405735,82.201183,-4.306250,-2.351086,9.200000,-1.000000,-50.811183,-66.811183,9.496250,0.000000,0.000000,2.200000,0.000000,0.000000,0.000000,86.594551,15.390000,5.190000,-2.351086,9.200000,1.200000,0.000000,0.000000,104.335286,-50.811183,-66.811183,30.000000,0.000000,0.000000,0.000000,0.000000,0.000000,0.000000,137.405735,82.201183,-4.306250,160.174637,-2.351086,9.200000,-1.000000,9.548173,nan,nan,nan,0,nan,nan,nan,0,nan,nan,nan,nan,nan,nan,nan,nan,nan,nan,nan,nan,nan,nan,nan,nan,nan,nan,nan,nan,nan,nan,nan,nan,nan,nan,nan,nan,nan,nan,nan,nan,nan,nan,nan,nan,nan,nan,nan,nan,nan,nan,nan,nan,nan,nan,nan,nan,nan,nan,nan,nan,nan,nan,nan,nan,nan,nan,nan,nan,nan,nan,nan,nan,nan,nan,nan,nan,nan,nan,nan,nan,nan,nan,nan,nan,nan,nan,nan,nan
0.940,IDLE,160.311730,137.285017,82.666183,-4.356250,-2.414352,9.300000,-1.000000,-50.811183,-66.811183,9.606250,0.000000,0.000000,2.200000,0.000000,0.000000,0.000000,86.473834,15.855000,5.250000,-2.414352,9.300000,1.200000,0.000000,0.000000,104.553164,-50.811183,-66.811183,30.000000,0.000000,0.000000,0.000000,0.000000,0.000000,0.000000,137.285017,82.666183,-4.356250,160.311730,-2.414352,9.300000,-1.000000,9.660181,nan,nan,nan,0,nan,nan,nan,0,nan,nan,nan,nan,nan,nan,nan,nan,nan,nan,nan,nan,nan,nan,nan,nan,nan,nan,nan,nan,nan,nan,nan,nan,nan,nan,nan,nan,nan,nan,nan,nan,nan,nan,nan,nan,nan,nan,nan,nan,nan,nan,nan,nan,nan,nan,nan,nan,nan,nan,nan,nan,nan,nan,nan,nan,nan,nan,nan,nan,nan,nan,nan,nan,nan,nan,nan,nan,nan,nan,nan,nan,nan,nan,nan,nan,nan,nan,nan,nan
0.980,IDLE,160.449992,137.161073,83.136183,-4.406250,-2.478870,9.400000,-1.000000,-50.811183,-66.811183,9.716250,0.000000,0.000000,2.200000,0.000000,0.000000,0.000000,86.349890,16.325000,5.310000,-2.478870,9.400000,1.200000,0.000000,0.000000,104.773118,-50.811183,-66.811183,30.000000,0.000000,0.000000,0.000000,0.000000,0.000000,0.000000,137.161073,83.136183,-4.406250,160.449992,-2.478870,9.400000,-1.000000,9.772655,nan,nan,nan,0,nan,nan,nan,0,nan,nan,nan,nan,nan,nan,nan,nan,nan,nan,nan,nan,nan,nan,nan,nan,nan,nan,nan,nan,nan,nan,nan,nan,nan,nan,nan,nan,nan,nan,nan,nan,nan,nan,nan,nan,nan,nan,nan,nan,nan,nan,nan,nan,nan,nan,nan,nan,nan,nan,nan,nan,nan,nan,nan,nan,nan,nan,nan,nan,nan,nan,nan,nan,nan,nan,nan,nan,nan,nan,nan,nan,nan,nan,nan,nan,nan,nan,nan,nan
1.040,IDLE,160.589419,137.033841,83.611183,-4.456250,-2.544654,9.500000,-1.000000,-50.811183,-66.811183,9.826250,0.000000,0.000000,2.200000,0.000000,0.000000,0.000000,86.222658,16.800000,5.370000,-2.544654,9.500000,1.200000,0.000000,0.000000,104.995139,-50.811183,-66.811183,30.000000,0.000000,0.000000,0.000000,0.000000,0.000000,0.000000,137.033841,83.611183,-4.456250,160.589419,-2.544654,9.500000,-1.000000,9.885609,nan,nan,nan,0,nan,nan,nan,0,nan,nan,nan,nan,nan,nan,nan,nan,nan,nan,nan,nan,nan,nan,nan,nan,nan,nan,nan,nan,nan,nan,nan,nan,nan,nan,nan,nan,nan,nan,nan,nan,nan,nan,nan,nan,nan,nan,nan,nan,nan,nan,nan,nan,nan,nan,nan,nan,nan,nan,nan,nan,nan,nan,nan,nan,nan,nan,nan,nan,nan,nan,nan,nan,nan,nan,nan,nan,nan,nan,nan,nan,nan,nan,nan,nan,nan,nan,nan,nan
1.080,IDLE,160.730005,136.903255,84.091183,-4.506250,-2.611720,9.600000,-1.000000,-50.811183,-66.811183,9.936250,0.000000,0.000000,2.200000,0.000000,0.000000,0.000000,86.092072,17.280000,5.430000,-2.611720,9.600000,1.200000,0.000000,0.000000,105.219215,-50.811183,-66.811183,30.000000,0.000000,0.000000,0.000000,0.000000,0.000000,0.000000,136.903255,84.091183,-4.506250,160.730005,-2.611720,9.600000,-1.000000,9.999054,nan,nan,nan,0,nan,nan,nan,0,nan,nan,nan,nan,nan,nan,nan,nan,nan,nan,nan,nan,nan,nan,nan,nan,nan,nan,nan,nan,nan,nan,nan,nan,nan,nan,nan,nan,nan,nan,nan,nan,nan,nan,nan,nan,nan,nan,nan,nan,nan,nan,nan,nan,nan,nan,nan,nan,nan,nan,nan,nan,nan,nan,nan,nan,nan,nan,nan,nan,nan,nan,nan,nan,nan,nan,nan,nan,nan,nan,nan,nan,nan,nan,nan,nan,nan,nan,nan,nan
1.140,IDLE,160.870014,136.769251,84.572891,-4.556250,-2.680084,9.634166,-1.000000,-50.811183,-66.811183,10.046250,0.000000,0.000000,2.200000,0.000000,0.000000,0.000000,85.958067,17.761708,5.490000,-2.680084,9.634166,1.200000,0.000000,0.000000,105.545787,-50.811183,-66.811183,30.000000,0.000000,0.000000,0.000000,0.000000,0.000000,0.000000,136.769251,84.572891,-4.556250,160.870014,-2.680084,9.634166,-1.000000,10.049876,nan,nan,nan,0,nan,nan,nan,0,nan,nan,nan,nan,nan,nan,nan,nan,nan,nan,nan,nan,nan,nan,nan,nan,nan,nan,nan,nan,nan,nan,nan,nan,nan,nan,nan,nan,nan,nan,nan,nan,nan,nan,nan,nan,nan,nan,nan,nan,nan,nan,nan,nan,nan,nan,nan,nan,nan,nan,nan,nan,nan,nan,nan,nan,nan,nan,nan,nan,nan,nan,nan,nan,nan,nan,nan,nan,nan,nan,nan,nan,nan,nan,nan,nan,nan,nan,nan,nan
1.180,IDLE,161.008040,136.631810,85.053631,-4.606250,-2.748814,9.614781,-1.000000,-50.811183,-66.811183,10.156250,0.000000,0.000000,2.200000,0.000000,0.000000,0.000000,85.820627,18.242447,5.550000,-2.748814,9.614781,1.200000,0.000000,0.000000,105.954947,-50.811183,-66.811183,30.000000,0.000000,0.000000,0.000000,0.000000,0.000000,0.000000,136.631810,85.053631,-4.606250,161.008040,-2.748814,9.614781,-1.000000,10.049876,nan,nan,nan,0,nan,nan,nan,0,nan,nan,nan,nan,nan,nan,nan,nan,nan,nan,nan,nan,nan,nan,nan,nan,nan,nan,nan,nan,nan,nan,nan,nan,nan,nan,nan,nan,nan,nan,nan,nan,nan,nan,nan,nan,nan,nan,nan,nan,nan,nan,nan,nan,nan,nan,nan,nan,nan,nan,nan,nan,nan,nan,nan,nan,nan,nan,nan,nan,nan,nan,nan,nan,nan,nan,nan,nan,nan,nan,nan,nan,nan,nan,nan,nan,nan,nan,nan,nan
1.240,IDLE,161.144096,136.490953,85.533380,-4.656250,-2.817148,9.594982,-1.000000,-50.811183,-66.811183,10.266250,0.000000,0.000000,2.200000,0.000000,0.000000,0.000000,85.679769,18.722196,5.610000,-2.817148,9.594982,1.200000,0.000000,0.000000,106.362575,-50.811183,-66.811183,30.000000,0.000000,0.000000,0.000000,0.000000,0.000000,0.000000,136.490953,85.533380,-4.656250,161.144096,-2.817148,9.594982,-1.000000,10.049876,nan,nan,nan,0,nan,nan,nan,0,nan,nan,nan,nan,nan,nan,nan,nan,nan,nan,nan,nan,nan,nan,nan,nan,nan,nan,nan,nan,nan,nan,nan,nan,nan,nan,nan,nan,nan,nan,nan,nan,nan,nan,nan,nan,nan,nan,nan,nan,nan,nan,nan,nan,nan,nan,nan,nan,nan,nan,nan,nan,nan,nan,nan,nan,nan,nan,nan,nan,nan,nan,nan,nan,nan,nan,nan,nan,nan,nan,nan,nan,nan,nan,nan,nan,nan,nan,nan,nan
1.280,IDLE,161.278192,136.346698,86.012118,-4.706250,-2.885091,9.574772,-1.000000,-50.811183,-66.811183,10.376250,0.000000,0.000000,2.200000,0.000000,0.000000,0.000000,85.535515,19.200935,5.670000,-2.885091,9.574772,1.200000,0.000000,0.000000,106.768717,-50.811183,-66.811183,30.000000,0.000000,0.000000,0.000000,0.000000,0.000000,0.000000,136.346698,86.012118,-4.706250,161.278192,-2.885091,9.574772,-1.000000,10.049876,nan,nan,nan,0,nan,nan,nan,0,nan,nan,nan,nan,nan,nan,nan,nan,nan,nan,nan,nan,nan,nan,nan,nan,nan,nan,nan,nan,nan,nan,nan,nan,nan,nan,nan,nan,nan,nan,nan,nan,nan,nan,nan,nan,nan,nan,nan,nan,nan,nan,nan,nan,nan,nan,nan,nan,nan,nan,nan,nan,nan,nan,nan,nan,nan,nan,nan,nan,nan,nan,nan,nan,nan,nan,nan,nan,nan,nan,nan,nan,nan,nan,nan,nan,nan,nan,nan,nan
1.340,IDLE,161.410339,136.199066,86.489826,-4.756250,-2.952648,9.554155,-1.000000,-50.811183,-66.811183,10.486250,0.000000,0.000000,2.200000,0.000000,0.000000,0.000000,85.387882,19.678643,5.730000,-2.952648,9.554155,1.200000,0.000000,0.000000,107.173416,-50.811183,-66.811183,30.000000,0.000000,0.000000,0.000000,0.000000,0.000000,0.000000,136.199066,86.489826,-4.756250,161.410339,-2.952648,9.554155,-1.000000,10.049876,nan,nan,nan,0,nan,nan,nan,0,nan,nan,nan,nan,nan,nan,nan,nan,nan,nan,nan,nan,nan,nan,nan,nan,nan,nan,nan,nan,nan,nan,nan,nan,nan,nan,nan,nan,nan,nan,nan,nan,nan,nan,nan,nan,nan,nan,nan,nan,nan,nan,nan,nan,nan,nan,nan,nan,nan,nan,nan,nan,nan,nan,nan,nan,nan,nan,nan,nan,nan,nan,nan,nan,nan,nan,nan,nan,nan,nan,nan,nan,nan,nan,nan,nan,nan,nan,nan,nan
1.380,IDLE,161.540545,136.048074,86.966483,-4.806250,-3.019825,9.533135,-1.000000,-50.811183,-66.811183,10.596250,0.000000,0.000000,2.200000,0.000000,0.000000,0.000000,85.236891,20.155300,5.790000,-3.019825,9.533135,1.200000,0.000000,0.000000,107.576715,-50.811183,-66.811183,30.000000,0.000000,0.000000,0.000000,0.000000,0.000000,0.000000,136.048074,86.966483,-4.806250,161.540545,-3.019825,9.533135,-1.000000,10.049876,nan,nan,nan,0,nan,nan,nan,0,nan,nan,nan,nan,nan,nan,nan,nan,nan,nan,nan,nan,nan,nan,nan,nan,nan,nan,nan,nan,nan,nan,nan,nan,nan,nan,nan,nan,nan,nan,nan,nan,nan,nan,nan,nan,nan,nan,nan,nan,nan,nan,nan,nan,nan,nan,nan,nan,nan,nan,nan,nan,nan,nan,nan,nan,nan,nan,nan,nan,nan,nan,nan,nan,nan,nan,nan,nan,nan,nan,nan,nan,nan,nan,nan,nan,nan,nan,nan,nan
1.440,IDLE,161.668822,135.893743,87.442068,-4.856250,-3.086627,9.511716,-1.000000,-50.811183,-66.811183,10.706250,0.000000,0.000000,2.200000,0.000000,0.000000,0.000000,85.082560,20.630885,5.850000,-3.086627,9.511716,1.200000,0.000000,0.000000,107.978656,-50.811183,-66.811183,30.000000,0.000000,0.000000,0.000000,0.000000,0.000000,0.000000,135.893743,87.442068,-4.856250,161.668822,-3.086627,9.511716,-1.000000,10.049876,nan,nan,nan,0,nan,nan,nan,0,nan,nan,nan,nan,nan,nan,nan,nan,nan,nan,nan,nan,nan,nan,nan,nan,nan,nan,nan,nan,nan,nan,nan,nan,nan,nan,nan,nan,nan,nan,nan,nan,nan,nan,nan,nan,nan,nan,nan,nan,nan,nan,nan,nan,nan,nan,nan,nan,nan,nan,nan,nan,nan,nan,nan,nan,nan,nan,nan,nan,nan,nan,nan,nan,nan,nan,nan,nan,nan,nan,nan,nan,nan,nan,nan,nan,nan,nan,nan,nan
1.480,IDLE,161.795178,135.736090,87.916564,-4.906250,-3.153058,9.489901,-1.000000,-50.811183,-66.811183,10.816250,0.000000,0.000000,2.200000,0.000000,0.000000,0.000000,84.924907,21.105380,5.910000,-3.153058,9.489901,1.200000,0.000000,0.000000,108.379279,-50.811183,-66.811183,30.000000,0.000000,0.000000,0.000000,0.000000,0.000000,0.000000,135.736090,87.916564,-4.906250,161.795178,-3.153058,9.489901,-1.000000,10.049876,nan,nan,nan,0,nan,nan,nan,0,nan,nan,nan,nan,nan,nan,nan,nan,nan,nan,nan,nan,nan,nan,nan,nan,nan,nan,nan,nan,nan,nan,nan,nan,nan,nan,nan,nan,nan,nan,nan,nan,nan,nan,nan,nan,nan,nan,nan,nan,nan,nan,nan,nan,nan,nan,nan,nan,nan,nan,nan,nan,nan,nan,nan,nan,nan,nan,nan,nan,nan,nan,nan,nan,nan,nan,nan,nan,nan,nan,nan,nan,nan,nan,nan,nan,nan,nan,nan,nan
1.540,IDLE,161.919623,135.575134,88.389948,-4.956250,-3.219125,9.467694,-1.000000,-50.811183,-66.811183,10.926250,0.000000,0.000000,2.200000,0.000000,0.000000,0.000000,84.763951,21.578765,5.970000,-3.219125,9.467694,1.200000,0.000000,0.000000,108.778623,-50.811183,-66.811183,30.000000,0.000000,0.000000,0.000000,0.000000,0.000000,0.000000,135.575134,88.389948,-4.956250,161.919623,-3.219125,9.467694,-1.000000,10.049876,nan,nan,nan,0,nan,nan,nan,0,nan,nan,nan,nan,nan,nan,nan,nan,nan,nan,nan,nan,nan,nan,nan,nan,nan,nan,nan,nan,nan,nan,nan,nan,nan,nan,nan,nan,nan,nan,nan,nan,nan,nan,nan,nan,nan,nan,nan,nan,nan,nan,nan,nan,nan,nan,nan,nan,nan,nan,nan,nan,nan,nan,nan,nan,nan,nan,nan,nan,nan,nan,nan,nan,nan,nan,nan,nan,nan,nan,nan,nan,nan,nan,nan,nan,nan,nan,nan,nan
1.580,IDLE,162.042166,135.410892,88.862203,-5.006250,-3.284830,9.445099,-1.000000,-50.811183,-66.811183,11.036250,0.000000,0.000000,2.200000,0.000000,0.000000,0.000000,84.599709,22.051020,6.030000,-3.284830,9.445099,1.200000,0.000000,0.000000,109.176727,-50.811183,-66.811183,30.000000,0.000000,0.000000,0.000000,0.000000,0.000000,0.000000,135.410892,88.862203,-5.006250,162.042166,-3.284830,9.445099,-1.000000,10.049876,nan,nan,nan,0,nan,nan,nan,0,nan,nan,nan,nan,nan,nan,nan,nan,nan,nan,nan,nan,nan,nan,nan,nan,nan,nan,nan,nan,nan,nan,nan,nan,nan,nan,nan,nan,nan,nan,nan,nan,nan,nan,nan,nan,nan,nan,nan,nan,nan,nan,nan,nan,nan,nan,nan,nan,nan,nan,nan,nan,nan,nan,nan,nan,nan,nan,nan,nan,nan,nan,nan,nan,nan,nan,nan,nan,nan,nan,nan,nan,nan,nan,nan,nan,nan,nan,nan,nan
1.640,IDLE,162.162815,135.243383,89.333309,-5.056250,-3.350179,9.422118,-1.000000,-50.811183,-66.811183,11.146250,0.000000,0.000000,2.200000,0.000000,0.000000,0.000000,84.432200,22.522126,6.090000,-3.350179,9.422118,1.200000,0.000000,0.000000,109.573626,-50.811183,-66.811183,30.000000,0.000000,0.000000,0.000000,0.000000,0.000000,0.000000,135.243383,89.333309,-5.056250,162.162815,-3.350179,9.422118,-1.000000,10.049876,nan,nan,nan,0,nan,nan,nan,0,nan,nan,nan,nan,nan,nan,nan,nan,nan,nan,nan,nan,nan,nan,nan,nan,nan,nan,nan,nan,nan,nan,nan,nan,nan,nan,nan,nan,nan,nan,nan,nan,nan,nan,nan,nan,nan,nan,nan,nan,nan,nan,nan,nan,nan,nan,nan,nan,nan,nan,nan,nan,nan,nan,nan,nan,nan,nan,nan,nan,nan,nan,nan,nan,nan,nan,nan,nan,nan,nan,nan,nan,nan,nan,nan,nan,nan,nan,nan,nan
1.680,IDLE,162.281579,135.072625,89.803247,-5.106250,-3.415176,9.398754,-1.000000,-50.811183,-66.811183,11.256250,0.000000,0.000000,2.200000,0.000000,0.000000,0.000000,84.261441,22.992064,6.150000,-3.415176,9.398754,1.200000,0.000000,0.000000,109.969358,-50.811183,-66.811183,30.000000,0.000000,0.000000,0.000000,0.000000,0.000000,0.000000,135.072625,89.803247,-5.106250,162.281579,-3.415176,9.398754,-1.000000,10.049876,nan,nan,nan,0,nan,nan,nan,0,nan,nan,nan,nan,nan,nan,nan,nan,nan,nan,nan,nan,nan,nan,nan,nan,nan,nan,nan,nan,nan,nan,nan,nan,nan,nan,nan,nan,nan,nan,nan,nan,nan,nan,nan,nan,nan,nan,nan,nan,nan,nan,nan,nan,nan,nan,nan,nan,nan,nan,nan,nan,nan,nan,nan,nan,nan,nan,nan,nan,nan,nan,nan,nan,nan,nan,nan,nan,nan,nan,nan,nan,nan,nan,nan,nan,nan,nan,nan,nan
1.740,IDLE,162.398466,134.898633,90.271997,-5.156250,-3.479824,9.375011,-1.000000,-50.811183,-66.811183,11.366250,0.000000,0.000000,2.200000,0.000000,0.000000,0.000000,84.087450,23.460814,6.210000,-3.479824,9.375011,1.200000,0.000000,0.000000,110.363957,-50.811183,-66.811183,30.000000,0.000000,0.000000,0.000000,0.000000,0.000000,0.000000,134.898633,90.271997,-5.156250,162.398466,-3.479824,9.375011,-1.000000,10.049876,nan,nan,nan,0,nan,nan,nan,0,nan,nan,nan,nan,nan,nan,nan,nan,nan,nan,nan,nan,nan,nan,nan,nan,nan,nan,nan,nan,nan,nan,nan,nan,nan,nan,nan,nan,nan,nan,nan,nan,nan,nan,nan,nan,nan,nan,nan,nan,nan,nan,nan,nan,nan,nan,nan,nan,nan,nan,nan,nan,nan,nan,nan,nan,nan,nan,nan,nan,nan,nan,nan,nan,nan,nan,nan,nan,nan,nan,nan,nan,nan,nan,nan,nan,nan,nan,nan,nan
1.780,IDLE,162.513484,134.721427,90.739542,-5.206250,-3.544127,9.350891,-1.000000,-50.811183,-66.811183,11.476250,0.000000,0.000000,2.200000,0.000000,0.000000,0.000000,83.910244,23.928359,6.270000,-3.544127,9.350891,1.200000,0.000000,0.000000,110.757457,-50.811183,-66.811183,30.000000,0.000000,0.000000,0.000000,0.000000,0.000000,0.000000,134.721427,90.739542,-5.206250,162.513484,-3.544127,9.350891,-1.000000,10.049876,nan,nan,nan,0,nan,nan,nan,0,nan,nan,nan,nan,nan,nan,nan,nan,nan,nan,nan,nan,nan,nan,nan,nan,nan,nan,nan,nan,nan,nan,nan,nan,nan,nan,nan,nan,nan,nan,nan,nan,nan,nan,nan,nan,nan,nan,nan,nan,nan,nan,nan,nan,nan,nan,nan,nan,nan,nan,nan,nan,nan,nan,nan,nan,nan,nan,nan,nan,nan,nan,nan,nan,nan,nan,nan,nan,nan,nan,nan,nan,nan,nan,nan,nan,nan,nan,nan,nan
1.840,IDLE,162.626640,134.541023,91.205862,-5.256250,-3.608090,9.326397,-1.000000,-50.811183,-66.811183,11.586250,0.000000,0.000000,2.200000,0.000000,0.000000,0.000000,83.729839,24.394679,6.330000,-3.608090,9.326397,1.200000,0.000000,0.000000,111.149890,-50.811183,-66.811183,30.000000,0.000000,0.000000,0.000000,0.000000,0.000000,0.000000,134.541023,91.205862,-5.256250,162.626640,-3.608090,9.326397,-1.000000,10.049876,nan,nan,nan,0,nan,nan,nan,0,nan,nan,nan,nan,nan,nan,nan,nan,nan,nan,nan,nan,nan,nan,nan,nan,nan,nan,nan,nan,nan,nan,nan,nan,nan,nan,nan,nan,nan,nan,nan,nan,nan,nan,nan,nan,nan,nan,nan,nan,nan,nan,nan,nan,nan,nan,nan,nan,nan,nan,nan,nan,nan,nan,nan,nan,nan,nan,nan,nan,nan,nan,nan,nan,nan,nan,nan,nan,nan,nan,nan,nan,nan,nan,nan,nan,nan,nan,nan,nan
1.880,IDLE,162.737943,134.357437,91.670938,-5.306250,-3.671716,9.301532,-1.000000,-50.811183,-66.811183,11.696250,0.000000,0.000000,2.200000,0.000000,0.000000,0.000000,83.546254,24.859755,6.390000,-3.671716,9.301532,1.200000,0.000000,0.000000,111.541288,-50.811183,-66.811183,30.000000,0.000000,0.000000,0.000000,0.000000,0.000000,0.000000,134.357437,91.670938,-5.306250,162.737943,-3.671716,9.301532,-1.000000,10.049876,nan,nan,nan,0,nan,nan,nan,0,nan,nan,nan,nan,nan,nan,nan,nan,nan,nan,nan,nan,nan,nan,nan,nan,nan,nan,nan,nan,nan,nan,nan,nan,nan,nan,nan,nan,nan,nan,nan,nan,nan,nan,nan,nan,nan,nan,nan,nan,nan,nan,nan,nan,nan,nan,nan,nan,nan,nan,nan,nan,nan,nan,nan,nan,nan,nan,nan,nan,nan,nan,nan,nan,nan,nan,nan,nan,nan,nan,nan,nan,nan,nan,nan,nan,nan,nan,nan,nan
1.940,IDLE,162.847399,134.170686,92.134753,-5.356250,-3.735008,9.276299,-1.000000,-50.811183,-66.811183,11.806250,0.000000,0.000000,2.200000,0.000000,0.000000,0.000000,83.359503,25.323570,6.450000,-3.735008,9.276299,1.200000,0.000000,0.000000,111.931682,-50.811183,-66.811183,30.000000,0.000000,0.000000,0.000000,0.000000,0.000000,0.000000,134.170686,92.134753,-5.356250,162.847399,-3.735008,9.276299,-1.000000,10.049876,nan,nan,nan,0,nan,nan,nan,0,nan,nan,nan,nan,nan,nan,nan,nan,nan,nan,nan,nan,nan,nan,nan,nan,nan,nan,nan,nan,nan,nan,nan,nan,nan,nan,nan,nan,nan,nan,nan,nan,nan,nan,nan,nan,nan,nan,nan,nan,nan,nan,nan,nan,nan,nan,nan,nan,nan,nan,nan,nan,nan,nan,nan,nan,nan,nan,nan,nan,nan,nan,nan,nan,nan,nan,nan,nan,nan,nan,nan,nan,nan,nan,nan,nan,nan,nan,nan,nan
1.980,IDLE,162.955015,133.980788,92.597288,-5.406250,-3.797969,9.250699,-1.000000,-50.811183,-66.811183,11.916250,0.000000,0.000000,2.200000,0.000000,0.000000,0.000000,83.169605,25.786105,6.510000,-3.797969,9.250699,1.200000,0.000000,0.000000,112.321102,-50.811183,-66.811183,30.000000,0.000000,0.000000,0.000000,0.000000,0.000000,0.000000,133.980788,92.597288,-5.406250,162.955015,-3.797969,9.250699,-1.000000,10.049876,nan,nan,nan,0,nan,nan,nan,0,nan,nan,nan,nan,nan,nan,nan,nan,nan,nan,nan,nan,nan,nan,nan,nan,nan,nan,nan,nan,nan,nan,nan,nan,nan,nan,nan,nan,nan,nan,nan,nan,nan,nan,nan,nan,nan,nan,nan,nan,nan,nan,nan,nan,nan,nan,nan,nan,nan,nan,nan,nan,nan,nan,nan,nan,nan,nan,nan,nan,nan,nan,nan,nan,nan,nan,nan,nan,nan,nan,nan,nan,nan,nan,nan,nan,nan,nan,nan,nan
2.040,IDLE,163.060798,133.787758,93.058525,-5.456250,-3.860602,9.224736,-1.000000,-50.811183,-66.811183,12.026250,0.000000,0.000000,2.200000,0.000000,0.000000,0.000000,82.976575,26.247342,6.570000,-3.860602,9.224736,1.200000,0.000000,0.000000,112.709577,-50.811183,-66.811183,30.000000,0.000000,0.000000,0.000000,0.000000,0.000000,0.000000,133.787758,93.058525,-5.456250,163.060798,-3.860602,9.224736,-1.000000,10.049876,nan,nan,nan,0,nan,nan,nan,0,nan,nan,nan,nan,nan,nan,nan,nan,nan,nan,nan,nan,nan,nan,nan,nan,nan,nan,nan,nan,nan,nan,nan,nan,nan,nan,nan,nan,nan,nan,nan,nan,nan,nan,nan,nan,nan,nan,nan,nan,nan,nan,nan,nan,nan,nan,nan,nan,nan,nan,nan,nan,nan,nan,nan,nan,nan,nan,nan,nan,nan,nan,nan,nan,nan,nan,nan,nan,nan,nan,nan,nan,nan,nan,nan,nan,nan,nan,nan,nan
2.080,IDLE,163.164755,133.591612,93.518446,-5.506250,-3.922911,9.198411,-1.000000,-50.811183,-66.811183,12.136250,0.000000,0.000000,2.200000,0.000000,0.000000,0.000000,82.780429,26.707262,6.630000,-3.922911,9.198411,1.200000,0.000000,0.000000,113.097136,-50.811183,-66.811183,30.000000,0.000000,0.000000,0.000000,0.000000,0.000000,0.000000,133.591612,93.518446,-5.506250,163.164755,-3.922911,9.198411,-1.000000,10.049876,nan,nan,nan,0,nan,nan,nan,0,nan,nan,nan,nan,nan,nan,nan,nan,nan,nan,nan,nan,nan,nan,nan,nan,nan,nan,nan,nan,nan,nan,nan,nan,nan,nan,nan,nan,nan,nan,nan,nan,nan,nan,nan,nan,nan,nan,nan,nan,nan,nan,nan,nan,nan,nan,nan,nan,nan,nan,nan,nan,nan,nan,nan,nan,nan,nan,nan,nan,nan,nan,nan,nan,nan,nan,nan,nan,nan,nan,nan,nan,nan,nan,nan,nan,nan,nan,nan,nan
2.140,IDLE,163.266892,133.392367,93.977032,-5.556250,-3.984898,9.171727,-1.000000,-50.811183,-66.811183,12.246250,0.000000,0.000000,2.200000,0.000000,0.000000,0.000000,82.581184,27.165849,6.690000,-3.984898,9.171727,1.200000,0.000000,0.000000,113.483805,-50.811183,-66.811183,30.000000,0.000000,0.000000,0.000000,0.000000,0.000000,0.000000,133.392367,93.977032,-5.556250,163.266892,-3.984898,9.171727,-1.000000,10.049876,nan,nan,nan,0,nan,nan,nan,0,nan,nan,nan,nan,nan,nan,nan,nan,nan,nan,nan,nan,nan,nan,nan,nan,nan,nan,nan,nan,nan,nan,nan,nan,nan,nan,nan,nan,nan,nan,nan,nan,nan,nan,nan,nan,nan,nan,nan,nan,nan,nan,nan,nan,nan,nan,nan,nan,nan,nan,nan,nan,nan,nan,nan,nan,nan,nan,nan,nan,nan,nan,nan,nan,nan,nan,nan,nan,nan,nan,nan,nan,nan,nan,nan,nan,nan,nan,nan,nan
2.180,IDLE,163.367216,133.190039,94.434266,-5.606250,-4.046566,9.144687,-1.000000,-50.811183,-66.811183,12.356250,0.000000,0.000000,2.200000,0.000000,0.000000,0.000000,82.378856,27.623083,6.750000,-4.046566,9.144687,1.200000,0.000000,0.000000,113.869612,-50.811183,-66.811183,30.000000,0.000000,0.000000,0.000000,0.000000,0.000000,0.000000,133.190039,94.434266,-5.606250,163.367216,-4.046566,9.144687,-1.000000,10.049876,nan,nan,nan,0,nan,nan,nan,0,nan,nan,nan,nan,nan,nan,nan,nan,nan,nan,nan,nan,nan,nan,nan,nan,nan,nan,nan,nan,nan,nan,nan,nan,nan,nan,nan,nan,nan,nan,nan,nan,nan,nan,nan,nan,nan,nan,nan,nan,nan,nan,nan,nan,nan,nan,nan,nan,nan,nan,nan,nan,nan,nan,nan,nan,nan,nan,nan,nan,nan,nan,nan,nan,nan,nan,nan,nan,nan,nan,nan,nan,nan,nan,nan,nan,nan,nan,nan,nan
2.240,IDLE,163.465732,132.984643,94.890131,-5.656250,-4.107917,9.117292,-1.000000,-50.811183,-66.811183,12.466250,0.000000,0.000000,2.200000,0.000000,0.000000,0.000000,82.173460,28.078948,6.810000,-4.107917,9.117292,1.200000,0.000000,0.000000,114.254581,-50.811183,-66.811183,30.000000,0.000000,0.000000,0.000000,0.000000,0.000000,0.000000,132.984643,94.890131,-5.656250,163.465732,-4.107917,9.117292,-1.000000,10.049876,nan,nan,nan,0,nan,nan,nan,0,nan,nan,nan,nan,nan,nan,nan,nan,nan,nan,nan,nan,nan,nan,nan,nan,nan,nan,nan,nan,nan,nan,nan,nan,nan,nan,nan,nan,nan,nan,nan,nan,nan,nan,nan,nan,nan,nan,nan,nan,nan,nan,nan,nan,nan,nan,nan,nan,nan,nan,nan,nan,nan,nan,nan,nan,nan,nan,nan,nan,nan,nan,nan,nan,nan,nan,nan,nan,nan,nan,nan,nan,nan,nan,nan,nan,nan,nan,nan,nan
2.280,IDLE,163.562446,132.776195,95.344608,-5.706250,-4.168954,9.089545,-1.000000,-50.811183,-66.811183,12.576250,0.000000,0.000000,2.200000,0.000000,0.000000,0.000000,81.965012,28.533425,6.870000,-4.168954,9.089545,1.200000,0.000000,0.000000,114.638738,-50.811183,-66.811183,30.000000,0.000000,0.000000,0.000000,0.000000,0.000000,0.000000,132.776195,95.344608,-5.706250,163.562446,-4.168954,9.089545,-1.000000,10.049876,nan,nan,nan,0,nan,nan,nan,0,nan,nan,nan,nan,nan,nan,nan,nan,nan,nan,nan,nan,nan,nan,nan,nan,nan,nan,nan,nan,nan,nan,nan,nan,nan,nan,nan,nan,nan,nan,nan,nan,nan,nan,nan,nan,nan,nan,nan,nan,nan,nan,nan,nan,nan,nan,nan,nan,nan,nan,nan,nan,nan,nan,nan,nan,nan,nan,nan,nan,nan,nan,nan,nan,nan,nan,nan,nan,nan,nan,nan,nan,nan,nan,nan,nan,nan,nan,nan,nan
2.340,IDLE,163.657364,132.564711,95.797680,-5.756250,-4.229679,9.061447,-1.000000,-50.811183,-66.811183,12.686250,0.000000,0.000000,2.200000,0.000000,0.000000,0.000000,81.753528,28.986497,6.930000,-4.229679,9.061447,1.200000,0.000000,0.000000,115.022108,-50.811183,-66.811183,30.000000,0.000000,0.000000,0.000000,0.000000,0.000000,0.000000,132.564711,95.797680,-5.756250,163.657364,-4.229679,9.061447,-1.000000,10.049876,nan,nan,nan,0,nan,nan,nan,0,nan,nan,nan,nan,nan,nan,nan,nan,nan,nan,nan,nan,nan,nan,nan,nan,nan,nan,nan,nan,nan,nan,nan,nan,nan,nan,nan,nan,nan,nan,nan,nan,nan,nan,nan,nan,nan,nan,nan,nan,nan,nan,nan,nan,nan,nan,nan,nan,nan,nan,nan,nan,nan,nan,nan,nan,nan,nan,nan,nan,nan,nan,nan,nan,nan,nan,nan,nan,nan,nan,nan,nan,nan,nan,nan,nan,nan,nan,nan,nan
2.380,IDLE,163.750491,132.350207,96.249330,-5.806250,-4.290094,9.033000,-1.000000,-50.811183,-66.811183,12.796250,0.000000,0.000000,2.200000,0.000000,0.000000,0.000000,81.539024,29.438147,6.990000,-4.290094,9.033000,1.200000,0.000000,0.000000,115.404713,-50.811183,-66.811183,30.000000,0.000000,0.000000,0.000000,0.000000,0.000000,0.000000,132.350207,96.249330,-5.806250,163.750491,-4.290094,9.033000,-1.000000,10.049876,nan,nan,nan,0,nan,nan,nan,0,nan,nan,nan,nan,nan,nan,nan,nan,nan,nan,nan,nan,nan,nan,nan,nan,nan,nan,nan,nan,nan,nan,nan,nan,nan,nan,nan,nan,nan,nan,nan,nan,nan,nan,nan,nan,nan,nan,nan,nan,nan,nan,nan,nan,nan,nan,nan,nan,nan,nan,nan,nan,nan,nan,nan,nan,nan,nan,nan,nan,nan,nan,nan,nan,nan,nan,nan,nan,nan,nan,nan,nan,nan,nan,nan,nan,nan,nan,nan,nan
2.440,IDLE,163.841833,132.132697,96.699541,-5.856250,-4.350202,9.004207,-1.000000,-50.811183,-66.811183,12.906250,0.000000,0.000000,2.200000,0.000000,0.000000,0.000000,81.321513,29.888358,7.050000,-4.350202,9.004207,1.200000,0.000000,0.000000,115.786577,-50.811183,-66.811183,30.000000,0.000000,0.000000,0.000000,0.000000,0.000000,0.000000,132.132697,96.699541,-5.856250,163.841833,-4.350202,9.004207,-1.000000,10.049876,nan,nan,nan,0,nan,nan,nan,0,nan,nan,nan,nan,nan,nan,nan,nan,nan,nan,nan,nan,nan,nan,nan,nan,nan,nan,nan,nan,nan,nan,nan,nan,nan,nan,nan,nan,nan,nan,nan,nan,nan,nan,nan,nan,nan,nan,nan,nan,nan,nan,nan,nan,nan,nan,nan,nan,nan,nan,nan,nan,nan,nan,nan,nan,nan,nan,nan,nan,nan,nan,nan,nan,nan,nan,nan,nan,nan,nan,nan,nan,nan,nan,nan,nan,nan,nan,nan,nan
2.480,APPROACH,163.931396,131.912197,97.148294,-5.906250,-4.410003,8.975070,-1.000000,-50.811183,-66.811183,13.016250,0.000000,0.000000,2.200000,0.000000,0.000000,0.000000,81.101013,30.337111,7.110000,-4.410003,8.975070,1.200000,0.000000,0.000000,116.167722,-50.811183,-66.811183,30.000000,0.000000,0.000000,0.000000,0.000000,0.000000,0.000000,131.912197,97.148294,-5.906250,163.931396,-4.410003,8.975070,-1.000000,10.049876,nan,nan,nan,0,nan,nan,nan,0,nan,nan,nan,nan,nan,nan,nan,nan,nan,nan,nan,nan,nan,nan,nan,nan,nan,nan,nan,nan,nan,nan,nan,nan,nan,nan,nan,nan,nan,nan,nan,nan,nan,nan,nan,nan,nan,nan,nan,nan,nan,nan,nan,nan,nan,nan,nan,nan,nan,nan,2.000000,163.824963,29.017951,-161.234541,10.000000,0.000000,163.938723,29.017951,-161.234541,-6.106250,10.000000,0.000000,10.049876,inf,0.000000,1.000000,0.000000,0.000000,0.000000,0.000000,0.000000,0.000000,0.000000,0.000000,0.000000,0.000000,25.000000,3.546627,27.029285,nan
2.540,APPROACH,164.019183,131.688721,97.595574,-5.956250,-4.469500,8.945589,-1.000000,-50.811183,-66.811183,13.126250,0.000000,0.000000,2.200000,0.000000,0.000000,0.000000,80.877538,30.784391,7.170000,-4.469500,8.945589,1.200000,0.000000,0.000000,116.548169,-50.811183,-66.811183,30.000000,0.000000,0.000000,0.000000,0.000000,0.000000,0.000000,131.688721,97.595574,-5.956250,164.019183,-4.469500,8.945589,-1.000000,10.049876,nan,nan,nan,0,nan,nan,nan,0,nan,nan,nan,nan,nan,nan,nan,nan,nan,nan,nan,nan,nan,nan,nan,nan,nan,nan,nan,nan,nan,nan,nan,nan,nan,nan,nan,nan,nan,nan,nan,nan,nan,nan,nan,nan,nan,nan,nan,nan,nan,nan,nan,nan,nan,nan,nan,nan,nan,nan,2.000000,163.910998,28.446713,-161.423666,10.000000,0.000000,164.026567,28.446713,-161.423666,-6.156250,10.000000,0.000000,10.049876,inf,0.000000,1.000000,0.000000,0.000000,0.000000,0.000000,0.000000,0.000000,0.000000,0.000000,0.000000,0.000000,25.000000,3.144987,27.082591,nan
2.580,APPROACH,164.105200,131.462287,98.041362,-6.006250,-4.528695,8.915768,-1.000000,-50.811183,-66.811183,13.236250,0.000000,0.000000,2.200000,0.000000,0.000000,0.000000,80.651104,31.230179,7.230000,-4.528695,8.915768,1.200000,0.000000,0.000000,116.927939,-50.811183,-66.811183,30.000000,0.000000,0.000000,0.000000,0.000000,0.000000,0.000000,131.462287,98.041362,-6.006250,164.105200,-4.528695,8.915768,-1.000000,10.049876,nan,nan,nan,0,nan,nan,nan,0,nan,nan,nan,nan,nan,nan,nan,nan,nan,nan,nan,nan,nan,nan,nan,nan,nan,nan,nan,nan,nan,nan,nan,nan,nan,nan,nan,nan,nan,nan,nan,nan,nan,nan,nan,nan,nan,nan,nan,nan,nan,nan,nan,nan,nan,nan,nan,nan,nan,nan,2.000000,163.995248,27.876141,-161.608670,10.000000,0.000000,164.112641,27.876141,-161.608670,-6.206250,10.000000,0.000000,10.049876,inf,0.000000,1.000000,0.000000,0.000000,0.000000,0.000000,0.000000,0.000000,0.000000,0.000000,0.000000,0.000000,25.000000,2.787201,27.130077,nan
2.640,APPROACH,164.189451,131.232907,98.485642,-6.056250,-4.587589,8.885608,-1.000000,-50.811183,-66.811183,13.346250,0.000000,0.000000,2.200000,0.000000,0.000000,0.000000,80.421724,31.674459,7.290000,-4.587589,8.885608,1.200000,0.000000,0.000000,117.307053,-50.811183,-66.811183,30.000000,0.000000,0.000000,0.000000,0.000000,0.000000,0.000000,131.232907,98.485642,-6.056250,164.189451,-4.587589,8.885608,-1.000000,10.049876,nan,nan,nan,0,nan,nan,nan,0,nan,nan,nan,nan,nan,nan,nan,nan,nan,nan,nan,nan,nan,nan,nan,nan,nan,nan,nan,nan,nan,nan,nan,nan,nan,nan,nan,nan,nan,nan,nan,nan,nan,nan,nan,nan,nan,nan,nan,nan,nan,nan,nan,nan,nan,nan,nan,nan,nan,nan,2.000000,164.077719,27.306209,-161.789581,10.000000,0.000000,164.196950,27.306209,-161.789581,-6.256250,10.000000,0.000000,10.049876,inf,0.000000,1.000000,0.000000,0.000000,0.000000,0.000000,0.000000,0.000000,0.000000,0.000000,0.000000,0.000000,25.000000,2.492219,27.169228,nan
2.680,APPROACH,164.271942,131.000598,98.928398,-6.106250,-4.646184,8.855110,-1.000000,-50.811183,-66.811183,13.456250,0.000000,0.000000,2.200000,0.000000,0.000000,0.000000,80.189415,32.117215,7.350000,-4.646184,8.855110,1.200000,0.000000,0.000000,117.685530,-50.811183,-66.811183,30.000000,0.000000,0.000000,0.000000,0.000000,0.000000,0.000000,131.000598,98.928398,-6.106250,164.271942,-4.646184,8.855110,-1.000000,10.049876,nan,nan,nan,0,nan,nan,nan,0,nan,nan,nan,nan,nan,nan,nan,nan,nan,nan,nan,nan,nan,nan,nan,nan,nan,nan,nan,nan,nan,nan,nan,nan,nan,nan,nan,nan,nan,nan,nan,nan,nan,nan,nan,nan,nan,nan,nan,nan,nan,nan,nan,nan,nan,nan,nan,nan,nan,nan,2.000000,164.158413,26.736893,-161.966426,10.000000,0.000000,164.279498,26.736893,-161.966426,-6.306250,10.000000,0.000000,10.049876,inf,0.000000,1.000000,0.000000,0.000000,0.000000,0.000000,0.000000,0.000000,0.000000,0.000000,0.000000,0.000000,25.000000,2.284488,27.196798,nan
2.740,APPROACH,164.352676,130.765374,99.369612,-6.156250,-4.704481,8.824277,-1.000000,-50.811183,-66.811183,13.566250,0.000000,0.000000,2.200000,0.000000,0.000000,0.000000,79.954191,32.558429,7.410000,-4.704481,8.824277,1.200000,0.000000,0.000000,118.063389,-50.811183,-66.811183,30.000000,0.000000,0.000000,0.000000,0.000000,0.000000,0.000000,130.765374,99.369612,-6.156250,164.352676,-4.704481,8.824277,-1.000000,10.049876,nan,nan,nan,0,nan,nan,nan,0,nan,nan,nan,nan,nan,nan,nan,nan,nan,nan,nan,nan,nan,nan,nan,nan,nan,nan,nan,nan,nan,nan,nan,nan,nan,nan,nan,nan,nan,nan,nan,nan,nan,nan,nan,nan,nan,nan,nan,nan,nan,nan,nan,nan,nan,nan,nan,nan,nan,nan,2.000000,164.237337,26.168170,-162.139229,10.000000,0.000000,164.360289,26.168170,-162.139229,-6.356250,10.000000,0.000000,10.049876,inf,0.000000,1.000000,0.000000,0.000000,0.000000,0.000000,0.000000,0.000000,0.000000,0.000000,0.000000,0.000000,25.000000,2.188972,27.209475,nan
2.780,APPROACH,164.431659,130.527250,99.809267,-6.206250,-4.762482,8.793109,-1.000000,-50.811183,-66.811183,13.676250,0.000000,0.000000,2.200000,0.000000,0.000000,0.000000,79.716067,32.998084,7.470000,-4.762482,8.793109,1.200000,0.000000,0.000000,118.440648,-50.811183,-66.811183,30.000000,0.000000,0.000000,0.000000,0.000000,0.000000,0.000000,130.527250,99.809267,-6.206250,164.431659,-4.762482,8.793109,-1.000000,10.049876,nan,nan,nan,0,nan,nan,nan,0,nan,nan,nan,nan,nan,nan,nan,nan,nan,nan,nan,nan,nan,nan,nan,nan,nan,nan,nan,nan,nan,nan,nan,nan,nan,nan,nan,nan,nan,nan,nan,nan,nan,nan,nan,nan,nan,nan,nan,nan,nan,nan,nan,nan,nan,nan,nan,nan,nan,nan,2.000000,164.314494,25.600017,-162.308016,10.000000,0.000000,164.439329,25.600017,-162.308016,-6.406250,10.000000,0.000000,10.049876,inf,0.000000,1.000000,0.000000,0.000000,0.000000,0.000000,0.000000,0.000000,0.000000,0.000000,0.000000,0.000000,25.000000,2.220179,27.205333,nan
2.840,APPROACH,164.508893,130.286241,100.247348,-6.256250,-4.820186,8.761610,-1.000000,-50.811183,-66.811183,13.786250,0.000000,0.000000,2.200000,0.000000,0.000000,0.000000,79.475057,33.436165,7.530000,-4.820186,8.761610,1.200000,0.000000,0.000000,118.817326,-50.811183,-66.811183,30.000000,0.000000,0.000000,0.000000,0.000000,0.000000,0.000000,130.286241,100.247348,-6.256250,164.508893,-4.820186,8.761610,-1.000000,10.049876,nan,nan,nan,0,nan,nan,nan,0,nan,nan,nan,nan,nan,nan,nan,nan,nan,nan,nan,nan,nan,nan,nan,nan,nan,nan,nan,nan,nan,nan,nan,nan,nan,nan,nan,nan,nan,nan,nan,nan,nan,nan,nan,nan,nan,nan,nan,nan,nan,nan,nan,nan,nan,nan,nan,nan,nan,nan,2.000000,164.389888,25.032415,-162.472808,10.000000,0.000000,164.516620,25.032415,-162.472808,-6.456250,10.000000,0.000000,10.049876,inf,0.000000,1.000000,0.000000,0.000000,0.000000,0.000000,0.000000,0.000000,0.000000,0.000000,0.000000,0.000000,25.000000,2.373092,27.185038,nan
2.880,APPROACH,164.584384,130.042361,100.683837,-6.306250,-4.877597,8.729779,-1.000000,-50.811183,-66.811183,13.896250,0.000000,0.000000,2.200000,0.000000,0.000000,0.000000,79.231178,33.872654,7.590000,-4.877597,8.729779,1.200000,0.000000,0.000000,119.193440,-50.811183,-66.811183,30.000000,0.000000,0.000000,0.000000,0.000000,0.000000,0.000000,130.042361,100.683837,-6.306250,164.584384,-4.877597,8.729779,-1.000000,10.049876,nan,nan,nan,0,nan,nan,nan,0,nan,nan,nan,nan,nan,nan,nan,nan,nan,nan,nan,nan,nan,nan,nan,nan,nan,nan,nan,nan,nan,nan,nan,nan,nan,nan,nan,nan,nan,nan,nan,nan,nan,nan,nan,nan,nan,nan,nan,nan,nan,nan,nan,nan,nan,nan,nan,nan,nan,nan,2.000000,164.463524,24.465342,-162.633630,10.000000,0.000000,164.592168,24.465342,-162.633630,-6.506250,10.000000,0.000000,10.049876,inf,0.000000,1.000000,0.000000,0.000000,0.000000,0.000000,0.000000,0.000000,0.000000,0.000000,0.000000,0.000000,25.000000,2.626514,27.151404,nan
2.940,APPROACH,164.658135,129.795625,101.118718,-6.356250,-4.934715,8.697620,-1.000000,-50.811183,-66.811183,14.006250,0.000000,0.000000,2.200000,0.000000,0.000000,0.000000,78.984442,34.307535,7.650000,-4.934715,8.697620,1.200000,0.000000,0.000000,119.569007,-50.811183,-66.811183,30.000000,0.000000,0.000000,0.000000,0.000000,0.000000,0.000000,129.795625,101.118718,-6.356250,164.658135,-4.934715,8.697620,-1.000000,10.049876,nan,nan,nan,0,nan,nan,nan,0,nan,nan,nan,nan,nan,nan,nan,nan,nan,nan,nan,nan,nan,nan,nan,nan,nan,nan,nan,nan,nan,nan,nan,nan,nan,nan,nan,nan,nan,nan,nan,nan,nan,nan,nan,nan,nan,nan,nan,nan,nan,nan,nan,nan,nan,nan,nan,nan,nan,nan,2.000000,164.535405,23.898780,-162.790502,10.000000,0.000000,164.665976,23.898780,-162.790502,-6.556250,10.000000,0.000000,10.049876,inf,0.000000,1.000000,0.000000,0.000000,0.000000,0.000000,0.000000,0.000000,0.000000,0.000000,0.000000,0.000000,25.000000,2.954671,27.107850,nan
2.980,APPROACH,164.730149,129.546048,101.551974,-6.406250,-4.991540,8.665133,-1.000000,-50.811183,-66.811183,14.116250,0.000000,0.000000,2.200000,0.000000,0.000000,0.000000,78.734865,34.740791,7.710000,-4.991540,8.665133,1.200000,0.000000,0.000000,119.944043,-50.811183,-66.811183,30.000000,0.000000,0.000000,0.000000,0.000000,0.000000,0.000000,129.546048,101.551974,-6.406250,164.730149,-4.991540,8.665133,-1.000000,10.049876,nan,nan,nan,0,nan,nan,nan,0,nan,nan,nan,nan,nan,nan,nan,nan,nan,nan,nan,nan,nan,nan,nan,nan,nan,nan,nan,nan,nan,nan,nan,nan,nan,nan,nan,nan,nan,nan,nan,nan,nan,nan,nan,nan,nan,nan,nan,nan,nan,nan,nan,nan,nan,nan,nan,nan,nan,nan,2.000000,164.605535,23.332712,-162.943446,10.000000,0.000000,164.738048,23.332712,-162.943446,-6.606250,10.000000,0.000000,10.049876,inf,0.000000,1.000000,0.000000,0.000000,0.000000,0.000000,0.000000,0.000000,0.000000,0.000000,0.000000,0.000000,25.000000,3.335551,27.057299,nan
3.040,APPROACH,164.800432,129.293644,101.983590,-6.456250,-5.048073,8.632320,-1.000000,-50.811183,-66.811183,14.226250,0.000000,0.000000,2.200000,0.000000,0.000000,0.000000,78.482461,35.172407,7.770000,-5.048073,8.632320,1.200000,0.000000,0.000000,120.318565,-50.811183,-66.811183,30.000000,0.000000,0.000000,0.000000,0.000000,0.000000,0.000000,129.293644,101.983590,-6.456250,164.800432,-5.048073,8.632320,-1.000000,10.049876,nan,nan,nan,0,nan,nan,nan,0,nan,nan,nan,nan,nan,nan,nan,nan,nan,nan,nan,nan,nan,nan,nan,nan,nan,nan,nan,nan,nan,nan,nan,nan,nan,nan,nan,nan,nan,nan,nan,nan,nan,nan,nan,nan,nan,nan,nan,nan,nan,nan,nan,nan,nan,nan,nan,nan,nan,nan,2.000000,164.673918,22.767120,-163.092481,10.000000,0.000000,164.808388,22.767120,-163.092481,-6.656250,10.000000,0.000000,10.049876,inf,0.000000,1.000000,0.000000,0.000000,0.000000,0.000000,0.000000,0.000000,0.000000,0.000000,0.000000,0.000000,25.000000,3.753114,27.001879,nan
3.080,APPROACH,164.868986,129.038429,102.413550,-6.506250,-5.104317,8.599183,-1.000000,-50.811183,-66.811183,14.336250,0.000000,0.000000,2.200000,0.000000,0.000000,0.000000,78.227245,35.602366,7.830000,-5.104317,8.599183,1.200000,0.000000,0.000000,120.692586,-50.811183,-66.811183,30.000000,0.000000,0.000000,0.000000,0.000000,0.000000,0.000000,129.038429,102.413550,-6.506250,164.868986,-5.104317,8.599183,-1.000000,10.049876,nan,nan,nan,0,nan,nan,nan,0,nan,nan,nan,nan,nan,nan,nan,nan,nan,nan,nan,nan,nan,nan,nan,nan,nan,nan,nan,nan,nan,nan,nan,nan,nan,nan,nan,nan,nan,nan,nan,nan,nan,nan,nan,nan,nan,nan,nan,nan,nan,nan,nan,nan,nan,nan,nan,nan,nan,nan,2.000000,164.740557,22.201989,-163.237627,10.000000,0.000000,164.876999,22.201989,-163.237627,-6.706250,10.000000,0.000000,10.049876,inf,0.000000,1.000000,0.000000,0.000000,0.000000,0.000000,0.000000,0.000000,0.000000,0.000000,0.000000,0.000000,25.000000,4.196397,26.943046,nan
3.140,APPROACH,164.935814,128.780415,102.841836,-6.556250,-5.160270,8.565723,-1.000000,-50.811183,-66.811183,14.446250,0.000000,0.000000,2.200000,0.000000,0.000000,0.000000,77.969232,36.030653,7.890000,-5.160270,8.565723,1.200000,0.000000,0.000000,121.066124,-50.811183,-66.811183,30.000000,0.000000,0.000000,0.000000,0.000000,0.000000,0.000000,128.780415,102.841836,-6.556250,164.935814,-5.160270,8.565723,-1.000000,10.049876,nan,nan,nan,0,nan,nan,nan,0,nan,nan,nan,nan,nan,nan,nan,nan,nan,nan,nan,nan,nan,nan,nan,nan,nan,nan,nan,nan,nan,nan,nan,nan,nan,nan,nan,nan,nan,nan,nan,nan,nan,nan,nan,nan,nan,nan,nan,nan,nan,nan,nan,nan,nan,nan,nan,nan,nan,nan,2.000000,164.805456,21.637304,-163.378902,10.000000,0.000000,164.943886,21.637304,-163.378902,-6.756250,10.000000,0.000000,10.049876,inf,0.000000,1.000000,0.000000,0.000000,0.000000,0.000000,0.000000,0.000000,0.000000,0.000000,0.000000,0.000000,25.000000,4.658041,26.881775,nan
3.180,APPROACH,165.000921,128.519618,103.268433,-6.606250,-5.215933,8.531942,-1.000000,-50.811183,-66.811183,14.556250,0.000000,0.000000,2.200000,0.000000,0.000000,0.000000,77.708435,36.457250,7.950000,-5.215933,8.531942,1.200000,0.000000,0.000000,121.439191,-50.811183,-66.811183,30.000000,0.000000,0.000000,0.000000,0.000000,0.000000,0.000000,128.519618,103.268433,-6.606250,165.000921,-5.215933,8.531942,-1.000000,10.049876,nan,nan,nan,0,nan,nan,nan,0,nan,nan,nan,nan,nan,nan,nan,nan,nan,nan,nan,nan,nan,nan,nan,nan,nan,nan,nan,nan,nan,nan,nan,nan,nan,nan,nan,nan,nan,nan,nan,nan,nan,nan,nan,nan,nan,nan,nan,nan,nan,nan,nan,nan,nan,nan,nan,nan,nan,nan,2.000000,164.868619,21.073052,-163.516323,10.000000,0.000000,165.009050,21.073052,-163.516323,-6.806250,10.000000,0.000000,10.049876,inf,0.000000,1.000000,0.000000,0.000000,0.000000,0.000000,0.000000,0.000000,0.000000,0.000000,0.000000,0.000000,25.000000,5.133070,26.818729,nan
3.240,APPROACH,165.064310,128.256053,103.693325,-6.656250,-5.271309,8.497841,-1.000000,-50.811183,-66.811183,14.666250,0.000000,0.000000,2.200000,0.000000,0.000000,0.000000,77.444870,36.882142,8.010000,-5.271309,8.497841,1.200000,0.000000,0.000000,121.811802,-50.811183,-66.811183,30.000000,0.000000,0.000000,0.000000,0.000000,0.000000,0.000000,128.256053,103.693325,-6.656250,165.064310,-5.271309,8.497841,-1.000000,10.049876,nan,nan,nan,0,nan,nan,nan,0,nan,nan,nan,nan,nan,nan,nan,nan,nan,nan,nan,nan,nan,nan,nan,nan,nan,nan,nan,nan,nan,nan,nan,nan,nan,nan,nan,nan,nan,nan,nan,nan,nan,nan,nan,nan,nan,nan,nan,nan,nan,nan,nan,nan,nan,nan,nan,nan,nan,nan,2.000000,164.930048,20.509219,-163.649909,10.000000,0.000000,165.072496,20.509219,-163.649909,-6.856250,10.000000,0.000000,10.049876,inf,0.000000,1.000000,0.000000,0.000000,0.000000,0.000000,0.000000,0.000000,0.000000,0.000000,0.000000,0.000000,25.000000,5.618066,26.754359,nan
3.280,APPROACH,165.125983,127.989733,104.116496,-6.706250,-5.326395,8.463422,-1.000000,-50.811183,-66.811183,14.776250,0.000000,0.000000,2.200000,0.000000,0.000000,0.000000,77.178550,37.305313,8.070000,-5.326395,8.463422,1.200000,0.000000,0.000000,122.183972,-50.811183,-66.811183,30.000000,0.000000,0.000000,0.000000,0.000000,0.000000,0.000000,127.989733,104.116496,-6.706250,165.125983,-5.326395,8.463422,-1.000000,10.049876,nan,nan,nan,0,nan,nan,nan,0,nan,nan,nan,nan,nan,nan,nan,nan,nan,nan,nan,nan,nan,nan,nan,nan,nan,nan,nan,nan,nan,nan,nan,nan,nan,nan,nan,nan,nan,nan,nan,nan,nan,nan,nan,nan,nan,nan,nan,nan,nan,nan,nan,nan,nan,nan,nan,nan,nan,nan,2.000000,164.989747,19.945793,-163.779675,10.000000,0.000000,165.134227,19.945793,-163.779675,-6.906250,10.000000,0.000000,10.049876,inf,0.000000,1.000000,0.000000,0.000000,0.000000,0.000000,0.000000,0.000000,0.000000,0.000000,0.000000,0.000000,24.000000,5.368713,25.785789,nan
3.340,APPROACH,165.185944,127.720673,104.537930,-6.756250,-5.381194,8.428686,-1.000000,-50.811183,-66.811183,14.886250,0.000000,0.000000,2.200000,0.000000,0.000000,0.000000,76.909490,37.726747,8.130000,-5.381194,8.428686,1.200000,0.000000,0.000000,122.555712,-50.811183,-66.811183,30.000000,0.000000,0.000000,0.000000,0.000000,0.000000,0.000000,127.720673,104.537930,-6.756250,165.185944,-5.381194,8.428686,-1.000000,10.049876,nan,nan,nan,0,nan,nan,nan,0,nan,nan,nan,nan,nan,nan,nan,nan,nan,nan,nan,nan,nan,nan,nan,nan,nan,nan,nan,nan,nan,nan,nan,nan,nan,nan,nan,nan,nan,nan,nan,nan,nan,nan,nan,nan,nan,nan,nan,nan,nan,nan,nan,nan,nan,nan,nan,nan,nan,nan,2.000000,165.047718,19.382763,-163.905637,10.000000,0.000000,165.194245,19.382763,-163.905637,-6.956250,10.000000,0.000000,10.049876,inf,0.000000,1.000000,0.000000,0.000000,0.000000,0.000000,0.000000,0.000000,0.000000,0.000000,0.000000,0.000000,24.000000,4.888523,25.849669,nan
3.380,APPROACH,165.244196,127.448888,104.957612,-6.806250,-5.435706,8.393635,-1.000000,-50.811183,-66.811183,14.996250,0.000000,0.000000,2.200000,0.000000,0.000000,0.000000,76.637705,38.146429,8.190000,-5.435706,8.393635,1.200000,0.000000,0.000000,122.927036,-50.811183,-66.811183,30.000000,0.000000,0.000000,0.000000,0.000000,0.000000,0.000000,127.448888,104.957612,-6.806250,165.244196,-5.435706,8.393635,-1.000000,10.049876,nan,nan,nan,0,nan,nan,nan,0,nan,nan,nan,nan,nan,nan,nan,nan,nan,nan,nan,nan,nan,nan,nan,nan,nan,nan,nan,nan,nan,nan,nan,nan,nan,nan,nan,nan,nan,nan,nan,nan,nan,nan,nan,nan,nan,nan,nan,nan,nan,nan,nan,nan,nan,nan,nan,nan,nan,nan,2.000000,165.103965,18.820119,-164.027810,10.000000,0.000000,165.252555,18.820119,-164.027810,-7.006250,10.000000,0.000000,10.049876,inf,0.000000,1.000000,0.000000,0.000000,0.000000,0.000000,0.000000,0.000000,0.000000,0.000000,0.000000,0.000000,24.000000,4.419936,25.912007,nan
3.440,APPROACH,165.300742,127.174392,105.375526,-6.856250,-5.489930,8.358269,-1.000000,-50.811183,-66.811183,15.106250,0.000000,0.000000,2.200000,0.000000,0.000000,0.000000,76.363208,38.564342,8.250000,-5.489930,8.358269,1.200000,0.000000,0.000000,123.297956,-50.811183,-66.811183,30.000000,0.000000,0.000000,0.000000,0.000000,0.000000,0.000000,127.174392,105.375526,-6.856250,165.300742,-5.489930,8.358269,-1.000000,10.049876,nan,nan,nan,0,nan,nan,nan,0,nan,nan,nan,nan,nan,nan,nan,nan,nan,nan,nan,nan,nan,nan,nan,nan,nan,nan,nan,nan,nan,nan,nan,nan,nan,nan,nan,nan,nan,nan,nan,nan,nan,nan,nan,nan,nan,nan,nan,nan,nan,nan,nan,nan,nan,nan,nan,nan,nan,nan,2.000000,165.158491,18.257852,-164.146210,10.000000,0.000000,165.309159,18.257852,-164.146210,-7.056250,10.000000,0.000000,10.049876,inf,0.000000,1.000000,0.000000,0.000000,0.000000,0.000000,0.000000,0.000000,0.000000,0.000000,0.000000,0.000000,24.000000,3.967076,25.972251,nan
3.480,APPROACH,165.355585,126.897198,105.791655,-6.906250,-5.543867,8.322592,-1.000000,-50.811183,-66.811183,15.216250,0.000000,0.000000,2.200000,0.000000,0.000000,0.000000,76.086015,38.980472,8.310000,-5.543867,8.322592,1.200000,0.000000,0.000000,123.668485,-50.811183,-66.811183,30.000000,0.000000,0.000000,0.000000,0.000000,0.000000,0.000000,126.897198,105.791655,-6.906250,165.355585,-5.543867,8.322592,-1.000000,10.049876,nan,nan,nan,0,nan,nan,nan,0,nan,nan,nan,nan,nan,nan,nan,nan,nan,nan,nan,nan,nan,nan,nan,nan,nan,nan,nan,nan,nan,nan,nan,nan,nan,nan,nan,nan,nan,nan,nan,nan,nan,nan,nan,nan,nan,nan,nan,nan,nan,nan,nan,nan,nan,nan,nan,nan,nan,nan,2.000000,165.211299,17.695953,-164.260849,10.000000,0.000000,165.364059,17.695953,-164.260849,-7.106250,10.000000,0.000000,10.049876,inf,0.000000,1.000000,0.000000,0.000000,0.000000,0.000000,0.000000,0.000000,0.000000,0.000000,0.000000,0.000000,24.000000,3.536002,26.029598,nan
3.540,APPROACH,165.408727,126.617322,106.205985,-6.956250,-5.597518,8.286603,-1.000000,-50.811183,-66.811183,15.326250,0.000000,0.000000,2.200000,0.000000,0.000000,0.000000,75.806139,39.394802,8.370000,-5.597518,8.286603,1.200000,0.000000,0.000000,124.038634,-50.811183,-66.811183,30.000000,0.000000,0.000000,0.000000,0.000000,0.000000,0.000000,126.617322,106.205985,-6.956250,165.408727,-5.597518,8.286603,-1.000000,10.049876,nan,nan,nan,0,nan,nan,nan,0,nan,nan,nan,nan,nan,nan,nan,nan,nan,nan,nan,nan,nan,nan,nan,nan,nan,nan,nan,nan,nan,nan,nan,nan,nan,nan,nan,nan,nan,nan,nan,nan,nan,nan,nan,nan,nan,nan,nan,nan,nan,nan,nan,nan,nan,nan,nan,nan,nan,nan,2.000000,165.262390,17.134414,-164.371742,10.000000,0.000000,165.417259,17.134414,-164.371742,-7.156250,10.000000,0.000000,10.049876,inf,0.000000,1.000000,0.000000,0.000000,0.000000,0.000000,0.000000,0.000000,0.000000,0.000000,0.000000,0.000000,24.000000,3.135719,26.082849,nan
3.580,APPROACH,165.460172,126.334778,106.618501,-7.006250,-5.650882,8.250305,-1.000000,-50.811183,-66.811183,15.436250,0.000000,0.000000,2.200000,0.000000,0.000000,0.000000,75.523595,39.807317,8.430000,-5.650882,8.250305,1.200000,0.000000,0.000000,124.408415,-50.811183,-66.811183,30.000000,0.000000,0.000000,0.000000,0.000000,0.000000,0.000000,126.334778,106.618501,-7.006250,165.460172,-5.650882,8.250305,-1.000000,10.049876,nan,nan,nan,0,nan,nan,nan,0,nan,nan,nan,nan,nan,nan,nan,nan,nan,nan,nan,nan,nan,nan,nan,nan,nan,nan,nan,nan,nan,nan,nan,nan,nan,nan,nan,nan,nan,nan,nan,nan,nan,nan,nan,nan,nan,nan,nan,nan,nan,nan,nan,nan,nan,nan,nan,nan,nan,nan,2.000000,165.311769,16.573227,-164.478901,10.000000,-0.000000,165.468761,16.573227,-164.478901,-7.206250,10.000000,-0.000000,10.049876,inf,0.000000,1.000000,0.000000,0.000000,0.000000,0.000000,0.000000,0.000000,0.000000,0.000000,0.000000,0.000000,24.000000,2.779567,26.130228,nan
3.640,APPROACH,165.509921,126.049580,107.029185,-7.056250,-5.703959,8.213699,-1.000000,-50.811183,-66.811183,15.546250,0.000000,0.000000,2.200000,0.000000,0.000000,0.000000,75.238397,40.218002,8.490000,-5.703959,8.213699,1.200000,0.000000,0.000000,124.777838,-50.811183,-66.811183,30.000000,0.000000,0.000000,0.000000,0.000000,0.000000,0.000000,126.049580,107.029185,-7.056250,165.509921,-5.703959,8.213699,-1.000000,10.049876,nan,nan,nan,0,nan,nan,nan,0,nan,nan,nan,nan,nan,nan,nan,nan,nan,nan,nan,nan,nan,nan,nan,nan,nan,nan,nan,nan,nan,nan,nan,nan,nan,nan,nan,nan,nan,nan,nan,nan,nan,nan,nan,nan,nan,nan,nan,nan,nan,nan,nan,nan,nan,nan,nan,nan,nan,nan,2.000000,165.359437,16.012388,-164.582340,10.000000,0.000000,165.518568,16.012388,-164.582340,-7.256250,10.000000,0.000000,10.049876,inf,0.000000,1.000000,0.000000,0.000000,0.000000,0.000000,0.000000,0.000000,0.000000,0.000000,0.000000,0.000000,24.000000,2.486583,26.169205,nan
3.680,APPROACH,165.557978,125.761743,107.438025,-7.106250,-5.756750,8.176786,-1.000000,-50.811183,-66.811183,15.656250,0.000000,0.000000,2.200000,0.000000,0.000000,0.000000,74.950560,40.626842,8.550000,-5.756750,8.176786,1.200000,0.000000,0.000000,125.146914,-50.811183,-66.811183,30.000000,0.000000,0.000000,0.000000,0.000000,0.000000,0.000000,125.761743,107.438025,-7.106250,165.557978,-5.756750,8.176786,-1.000000,10.049876,nan,nan,nan,0,nan,nan,nan,0,nan,nan,nan,nan,nan,nan,nan,nan,nan,nan,nan,nan,nan,nan,nan,nan,nan,nan,nan,nan,nan,nan,nan,nan,nan,nan,nan,nan,nan,nan,nan,nan,nan,nan,nan,nan,nan,nan,nan,nan,nan,nan,nan,nan,nan,nan,nan,nan,nan,nan,2.000000,165.405396,15.451890,-164.682070,10.000000,0.000000,165.566683,15.451890,-164.682070,-7.306250,10.000000,0.000000,10.049876,inf,0.000000,1.000000,0.000000,0.000000,0.000000,0.000000,0.000000,0.000000,0.000000,0.000000,0.000000,0.000000,24.000000,2.281237,26.196522,nan
3.740,APPROACH,165.604344,125.471280,107.845003,-7.156250,-5.809254,8.139568,-1.000000,-50.811183,-66.811183,15.766250,0.000000,0.000000,2.200000,0.000000,0.000000,0.000000,74.660097,41.033820,8.610000,-5.809254,8.139568,1.200000,0.000000,0.000000,125.515654,-50.811183,-66.811183,30.000000,0.000000,0.000000,0.000000,0.000000,0.000000,0.000000,125.471280,107.845003,-7.156250,165.604344,-5.809254,8.139568,-1.000000,10.049876,nan,nan,nan,0,nan,nan,nan,0,nan,nan,nan,nan,nan,nan,nan,nan,nan,nan,nan,nan,nan,nan,nan,nan,nan,nan,nan,nan,nan,nan,nan,nan,nan,nan,nan,nan,nan,nan,nan,nan,nan,nan,nan,nan,nan,nan,nan,nan,nan,nan,nan,nan,nan,nan,nan,nan,nan,nan,2.000000,165.449651,14.891728,-164.778103,10.000000,-0.000000,165.613107,14.891728,-164.778103,-7.356250,10.000000,-0.000000,10.049876,inf,0.000000,1.000000,0.000000,0.000000,0.000000,0.000000,0.000000,0.000000,0.000000,0.000000,0.000000,0.000000,24.000000,2.188333,26.208881,nan
3.780,APPROACH,165.649023,125.178207,108.250106,-7.206250,-5.861471,8.102047,-1.000000,-50.811183,-66.811183,15.876250,0.000000,0.000000,2.200000,0.000000,0.000000,0.000000,74.367023,41.438922,8.670000,-5.861471,8.102047,1.200000,0.000000,0.000000,125.884068,-50.811183,-66.811183,30.000000,0.000000,0.000000,0.000000,0.000000,0.000000,0.000000,125.178207,108.250106,-7.206250,165.649023,-5.861471,8.102047,-1.000000,10.049876,nan,nan,nan,0,nan,nan,nan,0,nan,nan,nan,nan,nan,nan,nan,nan,nan,nan,nan,nan,nan,nan,nan,nan,nan,nan,nan,nan,nan,nan,nan,nan,nan,nan,nan,nan,nan,nan,nan,nan,nan,nan,nan,nan,nan,nan,nan,nan,nan,nan,nan,nan,nan,nan,nan,nan,nan,nan,2.000000,165.492202,14.331898,-164.870451,10.000000,0.000000,165.657844,14.331898,-164.870451,-7.406250,10.000000,0.000000,10.049876,inf,0.000000,1.000000,0.000000,0.000000,0.000000,0.000000,0.000000,0.000000,0.000000,0.000000,0.000000,0.000000,24.000000,2.222010,26.204401,nan
3.840,APPROACH,165.692016,124.882537,108.653317,-7.256250,-5.913401,8.064223,-1.000000,-50.811183,-66.811183,15.986250,0.000000,0.000000,2.200000,0.000000,0.000000,0.000000,74.071353,41.842133,8.730000,-5.913401,8.064223,1.200000,0.000000,0.000000,126.252165,-50.811183,-66.811183,30.000000,0.000000,0.000000,0.000000,0.000000,0.000000,0.000000,124.882537,108.653317,-7.256250,165.692016,-5.913401,8.064223,-1.000000,10.049876,nan,nan,nan,0,nan,nan,nan,0,nan,nan,nan,nan,nan,nan,nan,nan,nan,nan,nan,nan,nan,nan,nan,nan,nan,nan,nan,nan,nan,nan,nan,nan,nan,nan,nan,nan,nan,nan,nan,nan,nan,nan,nan,nan,nan,nan,nan,nan,nan,nan,nan,nan,nan,nan,nan,nan,nan,nan,2.000000,165.533052,13.772398,-164.959123,10.000000,0.000000,165.700896,13.772398,-164.959123,-7.456250,10.000000,0.000000,10.049876,inf,0.000000,1.000000,0.000000,0.000000,0.000000,0.000000,0.000000,0.000000,0.000000,0.000000,0.000000,0.000000,24.000000,2.376879,26.183799,nan
3.880,APPROACH,165.733327,124.584284,109.054622,-7.306250,-5.965045,8.026098,-1.000000,-50.811183,-66.811183,16.096250,0.000000,0.000000,2.200000,0.000000,0.000000,0.000000,73.773101,42.243438,8.790000,-5.965045,8.026098,1.200000,0.000000,0.000000,126.619956,-50.811183,-66.811183,30.000000,0.000000,0.000000,0.000000,0.000000,0.000000,0.000000,124.584284,109.054622,-7.306250,165.733327,-5.965045,8.026098,-1.000000,10.049876,nan,nan,nan,0,nan,nan,nan,0,nan,nan,nan,nan,nan,nan,nan,nan,nan,nan,nan,nan,nan,nan,nan,nan,nan,nan,nan,nan,nan,nan,nan,nan,nan,nan,nan,nan,nan,nan,nan,nan,nan,nan,nan,nan,nan,nan,nan,nan,nan,nan,nan,nan,nan,nan,nan,nan,nan,nan,2.000000,165.572203,13.213223,-165.044131,10.000000,-0.000000,165.742264,13.213223,-165.044131,-7.506250,10.000000,-0.000000,10.049876,inf,0.000000,1.000000,0.000000,0.000000,0.000000,0.000000,0.000000,0.000000,0.000000,0.000000,0.000000,0.000000,24.000000,2.631615,26.149911,nan
3.940,APPROACH,165.772957,124.283464,109.454005,-7.356250,-6.016401,7.987673,-1.000000,-50.811183,-66.811183,16.206250,0.000000,0.000000,2.200000,0.000000,0.000000,0.000000,73.472281,42.642822,8.850000,-6.016401,7.987673,1.200000,0.000000,0.000000,126.987449,-50.811183,-66.811183,30.000000,0.000000,0.000000,0.000000,0.000000,0.000000,0.000000,124.283464,109.454005,-7.356250,165.772957,-6.016401,7.987673,-1.000000,10.049876,nan,nan,nan,0,nan,nan,nan,0,nan,nan,nan,nan,nan,nan,nan,nan,nan,nan,nan,nan,nan,nan,nan,nan,nan,nan,nan,nan,nan,nan,nan,nan,nan,nan,nan,nan,nan,nan,nan,nan,nan,nan,nan,nan,nan,nan,nan,nan,nan,nan,nan,nan,nan,nan,nan,nan,nan,nan,2.000000,165.609658,12.654373,-165.125484,10.000000,0.000000,165.781952,12.654373,-165.125484,-7.556250,10.000000,0.000000,10.049876,inf,0.000000,1.000000,0.000000,0.000000,0.000000,0.000000,0.000000,0.000000,0.000000,0.000000,0.000000,0.000000,24.000000,2.960532,26.106154,nan
3.980,APPROACH,165.810908,123.980091,109.851453,-7.406250,-6.067469,7.948951,-1.000000,-50.811183,-66.811183,16.316250,0.000000,0.000000,2.200000,0.000000,0.000000,0.000000,73.168908,43.040270,8.910000,-6.067469,7.948951,1.200000,0.000000,0.000000,127.354653,-50.811183,-66.811183,30.000000,0.000000,0.000000,0.000000,0.000000,0.000000,0.000000,123.980091,109.851453,-7.406250,165.810908,-6.067469,7.948951,-1.000000,10.049876,nan,nan,nan,0,nan,nan,nan,0,nan,nan,nan,nan,nan,nan,nan,nan,nan,nan,nan,nan,nan,nan,nan,nan,nan,nan,nan,nan,nan,nan,nan,nan,nan,nan,nan,nan,nan,nan,nan,nan,nan,nan,nan,nan,nan,nan,nan,nan,nan,nan,nan,nan,nan,nan,nan,nan,nan,nan,2.000000,165.645418,12.095844,-165.203194,10.000000,0.000000,165.819962,12.095844,-165.203194,-7.606250,10.000000,0.000000,10.049876,inf,0.000000,1.000000,0.000000,0.000000,0.000000,0.000000,0.000000,0.000000,0.000000,0.000000,0.000000,0.000000,24.000000,3.341778,26.055436,nan
4.040,APPROACH,165.847182,123.674178,110.246949,-7.456250,-6.118250,7.909932,-1.000000,-50.811183,-66.811183,16.426250,0.000000,0.000000,2.200000,0.000000,0.000000,0.000000,72.862995,43.435766,8.970000,-6.118250,7.909932,1.200000,0.000000,0.000000,127.721576,-50.811183,-66.811183,30.000000,0.000000,0.000000,0.000000,0.000000,0.000000,0.000000,123.674178,110.246949,-7.456250,165.847182,-6.118250,7.909932,-1.000000,10.049876,nan,nan,nan,0,nan,nan,nan,0,nan,nan,nan,nan,nan,nan,nan,nan,nan,nan,nan,nan,nan,nan,nan,nan,nan,nan,nan,nan,nan,nan,nan,nan,nan,nan,nan,nan,nan,nan,nan,nan,nan,nan,nan,nan,nan,nan,nan,nan,nan,nan,nan,nan,nan,nan,nan,nan,nan,nan,2.000000,165.679486,11.537638,-165.277268,10.000000,0.000000,165.856294,11.537638,-165.277268,-7.656250,10.000000,0.000000,10.049876,inf,0.000000,1.000000,0.000000,0.000000,0.000000,0.000000,0.000000,0.000000,0.000000,0.000000,0.000000,0.000000,24.000000,3.759449,25.999873,nan
4.080,APPROACH,165.881783,123.365741,110.640480,-7.506250,-6.168742,7.870618,-1.000000,-50.811183,-66.811183,16.536250,0.000000,0.000000,2.200000,0.000000,0.000000,0.000000,72.554558,43.829297,9.030000,-6.168742,7.870618,1.200000,0.000000,0.000000,128.088228,-50.811183,-66.811183,30.000000,0.000000,0.000000,0.000000,0.000000,0.000000,0.000000,123.365741,110.640480,-7.506250,165.881783,-6.168742,7.870618,-1.000000,10.049876,nan,nan,nan,0,nan,nan,nan,0,nan,nan,nan,nan,nan,nan,nan,nan,nan,nan,nan,nan,nan,nan,nan,nan,nan,nan,nan,nan,nan,nan,nan,nan,nan,nan,nan,nan,nan,nan,nan,nan,nan,nan,nan,nan,nan,nan,nan,nan,nan,nan,nan,nan,nan,nan,nan,nan,nan,nan,2.000000,165.711864,10.979753,-165.347716,10.000000,0.000000,165.890953,10.979753,-165.347716,-7.706250,10.000000,0.000000,10.049876,inf,0.000000,1.000000,0.000000,0.000000,0.000000,0.000000,0.000000,0.000000,0.000000,0.000000,0.000000,0.000000,24.000000,4.202678,25.940909,nan
4.140,APPROACH,165.914710,123.054794,111.032031,-7.556250,-6.218945,7.831010,-1.000000,-50.811183,-66.811183,16.646250,0.000000,0.000000,2.200000,0.000000,0.000000,0.000000,72.243611,44.220848,9.090000,-6.218945,7.831010,1.200000,0.000000,0.000000,128.454617,-50.811183,-66.811183,30.000000,0.000000,0.000000,0.000000,0.000000,0.000000,0.000000,123.054794,111.032031,-7.556250,165.914710,-6.218945,7.831010,-1.000000,10.049876,nan,nan,nan,0,nan,nan,nan,0,nan,nan,nan,nan,nan,nan,nan,nan,nan,nan,nan,nan,nan,nan,nan,nan,nan,nan,nan,nan,nan,nan,nan,nan,nan,nan,nan,nan,nan,nan,nan,nan,nan,nan,nan,nan,nan,nan,nan,nan,nan,nan,nan,nan,nan,nan,nan,nan,nan,nan,2.000000,165.742554,10.422189,-165.414546,10.000000,0.000000,165.923939,10.422189,-165.414546,-7.756250,10.000000,0.000000,10.049876,inf,0.000000,1.000000,0.000000,0.000000,0.000000,0.000000,0.000000,0.000000,0.000000,0.000000,0.000000,0.000000,24.000000,4.664165,25.879516,nan
4.180,APPROACH,165.945968,122.741351,111.421586,-7.606250,-6.268860,7.791110,-1.000000,-50.811183,-66.811183,16.756250,0.000000,0.000000,2.200000,0.000000,0.000000,0.000000,71.930168,44.610403,9.150000,-6.268860,7.791110,1.200000,0.000000,0.000000,128.820749,-50.811183,-66.811183,30.000000,0.000000,0.000000,0.000000,0.000000,0.000000,0.000000,122.741351,111.421586,-7.606250,165.945968,-6.268860,7.791110,-1.000000,10.049876,nan,nan,nan,0,nan,nan,nan,0,nan,nan,nan,nan,nan,nan,nan,nan,nan,nan,nan,nan,nan,nan,nan,nan,nan,nan,nan,nan,nan,nan,nan,nan,nan,nan,nan,nan,nan,nan,nan,nan,nan,nan,nan,nan,nan,nan,nan,nan,nan,nan,nan,nan,nan,nan,nan,nan,nan,nan,2.000000,165.771557,9.864948,-165.477769,10.000000,0.000000,165.955255,9.864948,-165.477769,-7.806250,10.000000,0.000000,10.049876,inf,0.000000,1.000000,0.000000,0.000000,0.000000,0.000000,0.000000,0.000000,0.000000,0.000000,0.000000,0.000000,24.000000,5.138974,25.816351,nan
4.240,APPROACH,165.975556,122.425427,111.809132,-7.656250,-6.318485,7.750919,-1.000000,-50.811183,-66.811183,16.866250,0.000000,0.000000,2.200000,0.000000,0.000000,0.000000,71.614244,44.997949,9.210000,-6.318485,7.750919,1.200000,0.000000,0.000000,129.186634,-50.811183,-66.811183,30.000000,0.000000,0.000000,0.000000,0.000000,0.000000,0.000000,122.425427,111.809132,-7.656250,165.975556,-6.318485,7.750919,-1.000000,10.049876,nan,nan,nan,0,nan,nan,nan,0,nan,nan,nan,nan,nan,nan,nan,nan,nan,nan,nan,nan,nan,nan,nan,nan,nan,nan,nan,nan,nan,nan,nan,nan,nan,nan,nan,nan,nan,nan,nan,nan,nan,nan,nan,nan,nan,nan,nan,nan,nan,nan,nan,nan,nan,nan,nan,nan,nan,nan,2.000000,165.798876,9.308031,-165.537391,10.000000,0.000000,165.984902,9.308031,-165.537391,-7.856250,10.000000,0.000000,10.049876,inf,0.000000,1.000000,0.000000,0.000000,0.000000,0.000000,0.000000,0.000000,0.000000,0.000000,0.000000,0.000000,24.000000,5.623711,25.751866,nan
4.280,APPROACH,166.003479,122.107036,112.194654,-7.706250,-6.367820,7.710439,-1.000000,-50.811183,-66.811183,16.976250,0.000000,0.000000,2.200000,0.000000,0.000000,0.000000,71.295853,45.383471,9.270000,-6.367820,7.710439,1.200000,0.000000,0.000000,129.552278,-50.811183,-66.811183,30.000000,0.000000,0.000000,0.000000,0.000000,0.000000,0.000000,122.107036,112.194654,-7.706250,166.003479,-6.367820,7.710439,-1.000000,10.049876,nan,nan,nan,0,nan,nan,nan,0,nan,nan,nan,nan,nan,nan,nan,nan,nan,nan,nan,nan,nan,nan,nan,nan,nan,nan,nan,nan,nan,nan,nan,nan,nan,nan,nan,nan,nan,nan,nan,nan,nan,nan,nan,nan,nan,nan,nan,nan,nan,nan,nan,nan,nan,nan,nan,nan,nan,nan,2.000000,165.824511,8.751440,-165.593420,10.000000,0.000000,166.012883,8.751440,-165.593420,-7.906250,10.000000,0.000000,10.049876,inf,0.000000,1.000000,0.000000,0.000000,0.000000,0.000000,0.000000,0.000000,0.000000,0.000000,0.000000,0.000000,23.000000,5.363469,24.784684,nan
4.340,APPROACH,166.029736,121.786193,112.578138,-7.756250,-6.416864,7.669671,-1.000000,-50.811183,-66.811183,17.086250,0.000000,0.000000,2.200000,0.000000,0.000000,0.000000,70.975009,45.766954,9.330000,-6.416864,7.669671,1.200000,0.000000,0.000000,129.917689,-50.811183,-66.811183,30.000000,0.000000,0.000000,0.000000,0.000000,0.000000,0.000000,121.786193,112.578138,-7.756250,166.029736,-6.416864,7.669671,-1.000000,10.049876,nan,nan,nan,0,nan,nan,nan,0,nan,nan,nan,nan,nan,nan,nan,nan,nan,nan,nan,nan,nan,nan,nan,nan,nan,nan,nan,nan,nan,nan,nan,nan,nan,nan,nan,nan,nan,nan,nan,nan,nan,nan,nan,nan,nan,nan,nan,nan,nan,nan,nan,nan,nan,nan,nan,nan,nan,nan,2.000000,165.848466,8.195177,-165.645866,10.000000,-0.000000,166.039199,8.195177,-165.645866,-7.956250,10.000000,-0.000000,10.049876,inf,0.000000,1.000000,0.000000,0.000000,0.000000,0.000000,0.000000,0.000000,0.000000,0.000000,0.000000,0.000000,23.000000,4.883721,24.848667,nan
4.380,APPROACH,166.054330,121.462912,112.959568,-7.806250,-6.465618,7.628616,-1.000000,-50.811183,-66.811183,17.196250,0.000000,0.000000,2.200000,0.000000,0.000000,0.000000,70.651728,46.148385,9.390000,-6.465618,7.628616,1.200000,0.000000,0.000000,130.282873,-50.811183,-66.811183,30.000000,0.000000,0.000000,0.000000,0.000000,0.000000,0.000000,121.462912,112.959568,-7.806250,166.054330,-6.465618,7.628616,-1.000000,10.049876,nan,nan,nan,0,nan,nan,nan,0,nan,nan,nan,nan,nan,nan,nan,nan,nan,nan,nan,nan,nan,nan,nan,nan,nan,nan,nan,nan,nan,nan,nan,nan,nan,nan,nan,nan,nan,nan,nan,nan,nan,nan,nan,nan,nan,nan,nan,nan,nan,nan,nan,nan,nan,nan,nan,nan,nan,nan,2.000000,165.870742,7.639246,-165.694734,10.000000,0.000000,166.063852,7.639246,-165.694734,-8.006250,10.000000,0.000000,10.049876,inf,0.000000,1.000000,0.000000,0.000000,0.000000,0.000000,0.000000,0.000000,0.000000,0.000000,0.000000,0.000000,23.000000,4.415585,24.911101,nan
4.440,APPROACH,166.077263,121.137208,113.338932,-7.856250,-6.514079,7.587277,-1.000000,-50.811183,-66.811183,17.306250,0.000000,0.000000,2.200000,0.000000,0.000000,0.000000,70.326025,46.527749,9.450000,-6.514079,7.587277,1.200000,0.000000,0.000000,130.647837,-50.811183,-66.811183,30.000000,0.000000,0.000000,0.000000,0.000000,0.000000,0.000000,121.137208,113.338932,-7.856250,166.077263,-6.514079,7.587277,-1.000000,10.049876,nan,nan,nan,0,nan,nan,nan,0,nan,nan,nan,nan,nan,nan,nan,nan,nan,nan,nan,nan,nan,nan,nan,nan,nan,nan,nan,nan,nan,nan,nan,nan,nan,nan,nan,nan,nan,nan,nan,nan,nan,nan,nan,nan,nan,nan,nan,nan,nan,nan,nan,nan,nan,nan,nan,nan,nan,nan,2.000000,165.891340,7.083650,-165.740033,10.000000,0.000000,166.086844,7.083650,-165.740033,-8.056250,10.000000,0.000000,10.049876,inf,0.000000,1.000000,0.000000,0.000000,0.000000,0.000000,0.000000,0.000000,0.000000,0.000000,0.000000,0.000000,23.000000,3.963193,24.971436,nan
4.480,APPROACH,166.098537,120.809095,113.716215,-7.906250,-6.562248,7.545654,-1.000000,-50.811183,-66.811183,17.416250,0.000000,0.000000,2.200000,0.000000,0.000000,0.000000,69.997912,46.905032,9.510000,-6.562248,7.545654,1.200000,0.000000,0.000000,131.012589,-50.811183,-66.811183,30.000000,0.000000,0.000000,0.000000,0.000000,0.000000,0.000000,120.809095,113.716215,-7.906250,166.098537,-6.562248,7.545654,-1.000000,10.049876,nan,nan,nan,0,nan,nan,nan,0,nan,nan,nan,nan,nan,nan,nan,nan,nan,nan,nan,nan,nan,nan,nan,nan,nan,nan,nan,nan,nan,nan,nan,nan,nan,nan,nan,nan,nan,nan,nan,nan,nan,nan,nan,nan,nan,nan,nan,nan,nan,nan,nan,nan,nan,nan,nan,nan,nan,nan,2.000000,165.910262,6.528394,-165.781770,10.000000,0.000000,166.108177,6.528394,-165.781770,-8.106250,10.000000,0.000000,10.049876,inf,0.000000,1.000000,0.000000,0.000000,0.000000,0.000000,0.000000,0.000000,0.000000,0.000000,0.000000,0.000000,23.000000,3.532613,25.028862,nan
4.540,APPROACH,166.118152,120.478589,114.091403,-7.956250,-6.610125,7.503749,-1.000000,-50.811183,-66.811183,17.526250,0.000000,0.000000,2.200000,0.000000,0.000000,0.000000,69.667406,47.280219,9.570000,-6.610125,7.503749,1.200000,0.000000,0.000000,131.377134,-50.811183,-66.811183,30.000000,0.000000,0.000000,0.000000,0.000000,0.000000,0.000000,120.478589,114.091403,-7.956250,166.118152,-6.610125,7.503749,-1.000000,10.049876,nan,nan,nan,0,nan,nan,nan,0,nan,nan,nan,nan,nan,nan,nan,nan,nan,nan,nan,nan,nan,nan,nan,nan,nan,nan,nan,nan,nan,nan,nan,nan,nan,nan,nan,nan,nan,nan,nan,nan,nan,nan,nan,nan,nan,nan,nan,nan,nan,nan,nan,nan,nan,nan,nan,nan,nan,nan,2.000000,165.927510,5.973480,-165.819951,10.000000,0.000000,166.127851,5.973480,-165.819951,-8.156250,10.000000,0.000000,10.049876,inf,0.000000,1.000000,0.000000,0.000000,0.000000,0.000000,0.000000,0.000000,0.000000,0.000000,0.000000,0.000000,23.000000,3.132865,25.082175,nan
4.580,APPROACH,166.136111,120.145704,114.464481,-8.006250,-6.657707,7.461564,-1.000000,-50.811183,-66.811183,17.636250,0.000000,0.000000,2.200000,0.000000,0.000000,0.000000,69.334521,47.653298,9.630000,-6.657707,7.461564,1.200000,0.000000,0.000000,131.741479,-50.811183,-66.811183,30.000000,0.000000,0.000000,0.000000,0.000000,0.000000,0.000000,120.145704,114.464481,-8.006250,166.136111,-6.657707,7.461564,-1.000000,10.049876,nan,nan,nan,0,nan,nan,nan,0,nan,nan,nan,nan,nan,nan,nan,nan,nan,nan,nan,nan,nan,nan,nan,nan,nan,nan,nan,nan,nan,nan,nan,nan,nan,nan,nan,nan,nan,nan,nan,nan,nan,nan,nan,nan,nan,nan,nan,nan,nan,nan,nan,nan,nan,nan,nan,nan,nan,nan,2.000000,165.943085,5.418915,-165.854583,10.000000,0.000000,166.145870,5.418915,-165.854583,-8.206250,10.000000,0.000000,10.049876,inf,0.000000,1.000000,0.000000,0.000000,0.000000,0.000000,0.000000,0.000000,0.000000,0.000000,0.000000,0.000000,23.000000,2.777307,25.129596,nan
4.640,APPROACH,166.152416,119.810454,114.835436,-8.056250,-6.704995,7.419100,-1.000000,-50.811183,-66.811183,17.746250,0.000000,0.000000,2.200000,0.000000,0.000000,0.000000,68.999271,48.024253,9.690000,-6.704995,7.419100,1.200000,0.000000,0.000000,132.105629,-50.811183,-66.811183,30.000000,0.000000,0.000000,0.000000,0.000000,0.000000,0.000000,119.810454,114.835436,-8.056250,166.152416,-6.704995,7.419100,-1.000000,10.049876,nan,nan,nan,0,nan,nan,nan,0,nan,nan,nan,nan,nan,nan,nan,nan,nan,nan,nan,nan,nan,nan,nan,nan,nan,nan,nan,nan,nan,nan,nan,nan,nan,nan,nan,nan,nan,nan,nan,nan,nan,nan,nan,nan,nan,nan,nan,nan,nan,nan,nan,nan,nan,nan,nan,nan,nan,nan,2.000000,165.956989,4.864704,-165.885674,10.000000,0.000000,166.162233,4.864704,-165.885674,-8.256250,10.000000,0.000000,10.049876,inf,0.000000,1.000000,0.000000,0.000000,0.000000,0.000000,0.000000,0.000000,0.000000,0.000000,0.000000,0.000000,23.000000,2.484988,25.168582,nan
4.680,APPROACH,166.167067,119.472855,115.204254,-8.106250,-6.751988,7.376358,-1.000000,-50.811183,-66.811183,17.856250,0.000000,0.000000,2.200000,0.000000,0.000000,0.000000,68.661671,48.393070,9.750000,-6.751988,7.376358,1.200000,0.000000,0.000000,132.469591,-50.811183,-66.811183,30.000000,0.000000,0.000000,0.000000,0.000000,0.000000,0.000000,119.472855,115.204254,-8.106250,166.167067,-6.751988,7.376358,-1.000000,10.049876,nan,nan,nan,0,nan,nan,nan,0,nan,nan,nan,nan,nan,nan,nan,nan,nan,nan,nan,nan,nan,nan,nan,nan,nan,nan,nan,nan,nan,nan,nan,nan,nan,nan,nan,nan,nan,nan,nan,nan,nan,nan,nan,nan,nan,nan,nan,nan,nan,nan,nan,nan,nan,nan,nan,nan,nan,nan,2.000000,165.969223,4.310853,-165.913229,10.000000,-0.000000,166.176944,4.310853,-165.913229,-8.306250,10.000000,-0.000000,10.049876,inf,0.000000,1.000000,0.000000,0.000000,0.000000,0.000000,0.000000,0.000000,0.000000,0.000000,0.000000,0.000000,23.000000,2.280364,25.195872,nan
4.740,APPROACH,166.180067,119.132920,115.570921,-8.156250,-6.798685,7.333340,-1.000000,-50.811183,-66.811183,17.966250,0.000000,0.000000,2.200000,0.000000,0.000000,0.000000,68.321737,48.759737,9.810000,-6.798685,7.333340,1.200000,0.000000,0.000000,132.833369,-50.811183,-66.811183,30.000000,0.000000,0.000000,0.000000,0.000000,0.000000,0.000000,119.132920,115.570921,-8.156250,166.180067,-6.798685,7.333340,-1.000000,10.049876,nan,nan,nan,0,nan,nan,nan,0,nan,nan,nan,nan,nan,nan,nan,nan,nan,nan,nan,nan,nan,nan,nan,nan,nan,nan,nan,nan,nan,nan,nan,nan,nan,nan,nan,nan,nan,nan,nan,nan,nan,nan,nan,nan,nan,nan,nan,nan,nan,nan,nan,nan,nan,nan,nan,nan,nan,nan,2.000000,165.979789,3.757367,-165.937255,10.000000,-0.000000,166.190004,3.757367,-165.937255,-8.356250,10.000000,-0.000000,10.049876,inf,0.000000,1.000000,0.000000,0.000000,0.000000,0.000000,0.000000,0.000000,0.000000,0.000000,0.000000,0.000000,23.000000,2.188177,25.208167,nan
4.780,APPROACH,166.191417,118.790666,115.935423,-8.206250,-6.845086,7.290048,-1.000000,-50.811183,-66.811183,18.076250,0.000000,0.000000,2.200000,0.000000,0.000000,0.000000,67.979483,49.124240,9.870000,-6.845086,7.290048,1.200000,0.000000,0.000000,133.196971,-50.811183,-66.811183,30.000000,0.000000,0.000000,0.000000,0.000000,0.000000,0.000000,118.790666,115.935423,-8.206250,166.191417,-6.845086,7.290048,-1.000000,10.049876,nan,nan,nan,0,nan,nan,nan,0,nan,nan,nan,nan,nan,nan,nan,nan,nan,nan,nan,nan,nan,nan,nan,nan,nan,nan,nan,nan,nan,nan,nan,nan,nan,nan,nan,nan,nan,nan,nan,nan,nan,nan,nan,nan,nan,nan,nan,nan,nan,nan,nan,nan,nan,nan,nan,nan,nan,nan,2.000000,165.988688,3.204254,-165.957758,10.000000,0.000000,166.201413,3.204254,-165.957758,-8.406250,10.000000,0.000000,10.049876,inf,0.000000,1.000000,0.000000,0.000000,0.000000,0.000000,0.000000,0.000000,0.000000,0.000000,0.000000,0.000000,23.000000,2.222460,25.203594,nan
4.840,APPROACH,166.201119,118.446107,116.297747,-8.256250,-6.891189,7.246483,-1.000000,-50.811183,-66.811183,18.186250,0.000000,0.000000,2.200000,0.000000,0.000000,0.000000,67.634923,49.486564,9.930000,-6.891189,7.246483,1.200000,0.000000,0.000000,133.560400,-50.811183,-66.811183,30.000000,0.000000,0.000000,0.000000,0.000000,0.000000,0.000000,118.446107,116.297747,-8.256250,166.201119,-6.891189,7.246483,-1.000000,10.049876,nan,nan,nan,0,nan,nan,nan,0,nan,nan,nan,nan,nan,nan,nan,nan,nan,nan,nan,nan,nan,nan,nan,nan,nan,nan,nan,nan,nan,nan,nan,nan,nan,nan,nan,nan,nan,nan,nan,nan,nan,nan,nan,nan,nan,nan,nan,nan,nan,nan,nan,nan,nan,nan,nan,nan,nan,nan,2.000000,165.995922,2.651521,-165.974744,10.000000,-0.000000,166.211174,2.651521,-165.974744,-8.456250,10.000000,-0.000000,10.049876,inf,0.000000,1.000000,0.000000,0.000000,0.000000,0.000000,0.000000,0.000000,0.000000,0.000000,0.000000,0.000000,23.000000,2.377740,25.182885,nan
4.880,APPROACH,166.209173,118.099257,116.657880,-8.306250,-6.936993,7.202647,-1.000000,-50.811183,-66.811183,18.296250,0.000000,0.000000,2.200000,0.000000,0.000000,0.000000,67.288074,49.846696,9.990000,-6.936993,7.202647,1.200000,0.000000,0.000000,133.923662,-50.811183,-66.811183,30.000000,0.000000,0.000000,0.000000,0.000000,0.000000,0.000000,118.099257,116.657880,-8.306250,166.209173,-6.936993,7.202647,-1.000000,10.049876,nan,nan,nan,0,nan,nan,nan,0,nan,nan,nan,nan,nan,nan,nan,nan,nan,nan,nan,nan,nan,nan,nan,nan,nan,nan,nan,nan,nan,nan,nan,nan,nan,nan,nan,nan,nan,nan,nan,nan,nan,nan,nan,nan,nan,nan,nan,nan,nan,nan,nan,nan,nan,nan,nan,nan,nan,nan,2.000000,166.001492,2.099174,-165.988219,10.000000,-0.000000,166.219288,2.099174,-165.988219,-8.506250,10.000000,-0.000000,10.049876,inf,0.000000,1.000000,0.000000,0.000000,0.000000,0.000000,0.000000,0.000000,0.000000,0.000000,0.000000,0.000000,23.000000,2.632682,25.148884,nan
4.940,APPROACH,166.215581,117.750132,117.015807,-8.356250,-6.982499,7.158541,-1.000000,-50.811183,-66.811183,18.406250,0.000000,0.000000,2.200000,0.000000,0.000000,0.000000,66.938949,50.204623,10.050000,-6.982499,7.158541,1.200000,0.000000,0.000000,134.286762,-50.811183,-66.811183,30.000000,0.000000,0.000000,0.000000,0.000000,0.000000,0.000000,117.750132,117.015807,-8.356250,166.215581,-6.982499,7.158541,-1.000000,10.049876,nan,nan,nan,0,nan,nan,nan,0,nan,nan,nan,nan,nan,nan,nan,nan,nan,nan,nan,nan,nan,nan,nan,nan,nan,nan,nan,nan,nan,nan,nan,nan,nan,nan,nan,nan,nan,nan,nan,nan,nan,nan,nan,nan,nan,nan,nan,nan,nan,nan,nan,nan,nan,nan,nan,nan,nan,nan,2.000000,166.005399,1.547223,-165.998189,10.000000,0.000000,166.225756,1.547223,-165.998189,-8.556250,10.000000,0.000000,10.049876,inf,0.000000,1.000000,0.000000,0.000000,0.000000,0.000000,0.000000,0.000000,0.000000,0.000000,0.000000,0.000000,23.000000,2.961646,25.105011,nan
4.980,APPROACH,166.220346,117.398747,117.371515,-8.406250,-7.027705,7.114166,-1.000000,-50.811183,-66.811183,18.516250,0.000000,0.000000,2.200000,0.000000,0.000000,0.000000,66.587564,50.560332,10.110000,-7.027705,7.114166,1.200000,0.000000,0.000000,134.649706,-50.811183,-66.811183,30.000000,0.000000,0.000000,0.000000,0.000000,0.000000,0.000000,117.398747,117.371515,-8.406250,166.220346,-7.027705,7.114166,-1.000000,10.049876,nan,nan,nan,0,nan,nan,nan,0,nan,nan,nan,nan,nan,nan,nan,nan,nan,nan,nan,nan,nan,nan,nan,nan,nan,nan,nan,nan,nan,nan,nan,nan,nan,nan,nan,nan,nan,nan,nan,nan,nan,nan,nan,nan,nan,nan,nan,nan,nan,nan,nan,nan,nan,nan,nan,nan,nan,nan,2.000000,166.007645,0.995674,-166.004659,10.000000,0.000000,166.230580,0.995674,-166.004659,-8.606250,10.000000,0.000000,10.049876,inf,0.000000,1.000000,0.000000,0.000000,0.000000,0.000000,0.000000,0.000000,0.000000,0.000000,0.000000,0.000000,23.000000,3.342836,25.054172,nan
5.040,APPROACH,166.223467,117.045116,117.724991,-8.456250,-7.072610,7.069525,-1.000000,-50.811183,-66.811183,18.626250,0.000000,0.000000,2.200000,0.000000,0.000000,0.000000,66.233933,50.913808,10.170000,-7.072610,7.069525,1.200000,0.000000,0.000000,135.012496,-50.811183,-66.811183,30.000000,0.000000,0.000000,0.000000,0.000000,0.000000,0.000000,117.045116,117.724991,-8.456250,166.223467,-7.072610,7.069525,-1.000000,10.049876,nan,nan,nan,0,nan,nan,nan,0,nan,nan,nan,nan,nan,nan,nan,nan,nan,nan,nan,nan,nan,nan,nan,nan,nan,nan,nan,nan,nan,nan,nan,nan,nan,nan,nan,nan,nan,nan,nan,nan,nan,nan,nan,nan,nan,nan,nan,nan,nan,nan,nan,nan,nan,nan,nan,nan,nan,nan,2.000000,166.008231,0.444537,-166.007636,10.000000,0.000000,166.233761,0.444537,-166.007636,-8.656250,10.000000,0.000000,10.049876,inf,0.000000,1.000000,0.000000,0.000000,0.000000,0.000000,0.000000,0.000000,0.000000,0.000000,0.000000,0.000000,23.000000,3.760386,24.998484,nan
5.080,APPROACH,166.224947,116.689256,118.076222,-8.506250,-7.117213,7.024619,-1.000000,-50.811183,-66.811183,18.736250,0.000000,0.000000,2.200000,0.000000,0.000000,0.000000,65.878072,51.265039,10.230000,-7.117213,7.024619,1.200000,0.000000,0.000000,135.375140,-50.811183,-66.811183,30.000000,0.000000,0.000000,0.000000,0.000000,0.000000,0.000000,116.689256,118.076222,-8.506250,166.224947,-7.117213,7.024619,-1.000000,10.049876,nan,nan,nan,0,nan,nan,nan,0,nan,nan,nan,nan,nan,nan,nan,nan,nan,nan,nan,nan,nan,nan,nan,nan,nan,nan,nan,nan,nan,nan,nan,nan,nan,nan,nan,nan,nan,nan,nan,nan,nan,nan,nan,nan,nan,nan,nan,nan,nan,nan,nan,nan,nan,nan,nan,nan,nan,nan,2.000000,166.007158,-0.106179,-166.007124,10.000000,-0.000000,166.235301,-0.106179,-166.007124,-8.706250,10.000000,-0.000000,10.049876,inf,0.000000,1.000000,0.000000,0.000000,0.000000,0.000000,0.000000,0.000000,0.000000,0.000000,0.000000,0.000000,23.000000,4.203457,24.939393,nan
5.140,APPROACH,166.224786,116.331180,118.425195,-8.556250,-7.161514,6.979450,-1.000000,-50.811183,-66.811183,18.846250,0.000000,0.000000,2.200000,0.000000,0.000000,0.000000,65.519997,51.614011,10.290000,-7.161514,6.979450,1.200000,0.000000,0.000000,135.737639,-50.811183,-66.811183,30.000000,0.000000,0.000000,0.000000,0.000000,0.000000,0.000000,116.331180,118.425195,-8.556250,166.224786,-7.161514,6.979450,-1.000000,10.049876,nan,nan,nan,0,nan,nan,nan,0,nan,nan,nan,nan,nan,nan,nan,nan,nan,nan,nan,nan,nan,nan,nan,nan,nan,nan,nan,nan,nan,nan,nan,nan,nan,nan,nan,nan,nan,nan,nan,nan,nan,nan,nan,nan,nan,nan,nan,nan,nan,nan,nan,nan,nan,nan,nan,nan,nan,nan,2.000000,166.004428,-0.656466,-166.003130,10.000000,0.000000,166.235201,-0.656466,-166.003130,-8.756250,10.000000,0.000000,10.049876,inf,0.000000,1.000000,0.000000,0.000000,0.000000,0.000000,0.000000,0.000000,0.000000,0.000000,0.000000,0.000000,23.000000,4.664766,24.877869,nan
5.180,APPROACH,166.222987,115.970904,118.771896,-8.606250,-7.205511,6.934018,-1.000000,-50.811183,-66.811183,18.956250,0.000000,0.000000,2.200000,0.000000,0.000000,0.000000,65.159721,51.960712,10.350000,-7.205511,6.934018,1.200000,0.000000,0.000000,136.100000,-50.811183,-66.811183,30.000000,0.000000,0.000000,0.000000,0.000000,0.000000,0.000000,115.970904,118.771896,-8.606250,166.222987,-7.205511,6.934018,-1.000000,10.049876,nan,nan,nan,0,nan,nan,nan,0,nan,nan,nan,nan,nan,nan,nan,nan,nan,nan,nan,nan,nan,nan,nan,nan,nan,nan,nan,nan,nan,nan,nan,nan,nan,nan,nan,nan,nan,nan,nan,nan,nan,nan,nan,nan,nan,nan,nan,nan,nan,nan,nan,nan,nan,nan,nan,nan,nan,nan,2.000000,166.000042,-1.206314,-165.995658,10.000000,-0.000000,166.233462,-1.206314,-165.995658,-8.806250,10.000000,-0.000000,10.049876,inf,0.000000,1.000000,0.000000,0.000000,0.000000,0.000000,0.000000,0.000000,0.000000,0.000000,0.000000,0.000000,23.000000,5.139385,24.814569,nan
5.240,APPROACH,166.219550,115.608444,119.116312,-8.656250,-7.249204,6.888327,-1.000000,-50.811183,-66.811183,19.066250,0.000000,0.000000,2.200000,0.000000,0.000000,0.000000,64.797261,52.305129,10.410000,-7.249204,6.888327,1.200000,0.000000,0.000000,136.462226,-50.811183,-66.811183,30.000000,0.000000,0.000000,0.000000,0.000000,0.000000,0.000000,115.608444,119.116312,-8.656250,166.219550,-7.249204,6.888327,-1.000000,10.049876,nan,nan,nan,0,nan,nan,nan,0,nan,nan,nan,nan,nan,nan,nan,nan,nan,nan,nan,nan,nan,nan,nan,nan,nan,nan,nan,nan,nan,nan,nan,nan,nan,nan,nan,nan,nan,nan,nan,nan,nan,nan,nan,nan,nan,nan,nan,nan,nan,nan,nan,nan,nan,nan,nan,nan,nan,nan,2.000000,165.994000,-1.755713,-165.984715,10.000000,0.000000,166.230085,-1.755713,-165.984715,-8.856250,10.000000,0.000000,10.049876,inf,0.000000,1.000000,0.000000,0.000000,0.000000,0.000000,0.000000,0.000000,0.000000,0.000000,0.000000,0.000000,23.000000,5.623928,24.749947,nan
5.280,APPROACH,166.214477,115.243815,119.458431,-8.706250,-7.292591,6.842376,-1.000000,-50.811183,-66.811183,19.176250,0.000000,0.000000,2.200000,0.000000,0.000000,0.000000,64.432631,52.647247,10.470000,-7.292591,6.842376,1.200000,0.000000,0.000000,136.824321,-50.811183,-66.811183,30.000000,0.000000,0.000000,0.000000,0.000000,0.000000,0.000000,115.243815,119.458431,-8.706250,166.214477,-7.292591,6.842376,-1.000000,10.049876,nan,nan,nan,0,nan,nan,nan,0,nan,nan,nan,nan,nan,nan,nan,nan,nan,nan,nan,nan,nan,nan,nan,nan,nan,nan,nan,nan,nan,nan,nan,nan,nan,nan,nan,nan,nan,nan,nan,nan,nan,nan,nan,nan,nan,nan,nan,nan,nan,nan,nan,nan,nan,nan,nan,nan,nan,nan,2.000000,165.986305,-2.304653,-165.970305,10.000000,0.000000,166.225073,-2.304653,-165.970305,-8.906250,10.000000,0.000000,10.049876,inf,0.000000,1.000000,0.000000,0.000000,0.000000,0.000000,0.000000,0.000000,0.000000,0.000000,0.000000,0.000000,22.000000,5.363447,23.782727,nan
5.340,APPROACH,166.207768,114.877031,119.798239,-8.756250,-7.335672,6.796169,-1.000000,-50.811183,-66.811183,19.286250,0.000000,0.000000,2.200000,0.000000,0.000000,0.000000,64.065848,52.987056,10.530000,-7.335672,6.796169,1.200000,0.000000,0.000000,137.186289,-50.811183,-66.811183,30.000000,0.000000,0.000000,0.000000,0.000000,0.000000,0.000000,114.877031,119.798239,-8.756250,166.207768,-7.335672,6.796169,-1.000000,10.049876,nan,nan,nan,0,nan,nan,nan,0,nan,nan,nan,nan,nan,nan,nan,nan,nan,nan,nan,nan,nan,nan,nan,nan,nan,nan,nan,nan,nan,nan,nan,nan,nan,nan,nan,nan,nan,nan,nan,nan,nan,nan,nan,nan,nan,nan,nan,nan,nan,nan,nan,nan,nan,nan,nan,nan,nan,nan,2.000000,165.976957,-2.853123,-165.952433,10.000000,0.000000,166.218425,-2.853123,-165.952433,-8.956250,10.000000,0.000000,10.049876,inf,0.000000,1.000000,0.000000,0.000000,0.000000,0.000000,0.000000,0.000000,0.000000,0.000000,0.000000,0.000000,22.000000,4.883884,23.846861,nan
5.380,APPROACH,166.199426,114.508109,120.135724,-8.806250,-7.378446,6.749706,-1.000000,-50.811183,-66.811183,19.396250,0.000000,0.000000,2.200000,0.000000,0.000000,0.000000,63.696925,53.324541,10.590000,-7.378446,6.749706,1.200000,0.000000,0.000000,137.548134,-50.811183,-66.811183,30.000000,0.000000,0.000000,0.000000,0.000000,0.000000,0.000000,114.508109,120.135724,-8.806250,166.199426,-7.378446,6.749706,-1.000000,10.049876,nan,nan,nan,0,nan,nan,nan,0,nan,nan,nan,nan,nan,nan,nan,nan,nan,nan,nan,nan,nan,nan,nan,nan,nan,nan,nan,nan,nan,nan,nan,nan,nan,nan,nan,nan,nan,nan,nan,nan,nan,nan,nan,nan,nan,nan,nan,nan,nan,nan,nan,nan,nan,nan,nan,nan,nan,nan,2.000000,165.965958,-3.401112,-165.931105,10.000000,-0.000000,166.210143,-3.401112,-165.931105,-9.006250,10.000000,-0.000000,10.049876,inf,0.000000,1.000000,0.000000,0.000000,0.000000,0.000000,0.000000,0.000000,0.000000,0.000000,0.000000,0.000000,22.000000,4.415917,23.909443,nan
5.440,APPROACH,166.189451,114.137063,120.470874,-8.856250,-7.420912,6.702989,-1.000000,-50.811183,-66.811183,19.506250,0.000000,0.000000,2.200000,0.000000,0.000000,0.000000,63.325880,53.659691,10.650000,-7.420912,6.702989,1.200000,0.000000,0.000000,137.909859,-50.811183,-66.811183,30.000000,0.000000,0.000000,0.000000,0.000000,0.000000,0.000000,114.137063,120.470874,-8.856250,166.189451,-7.420912,6.702989,-1.000000,10.049876,nan,nan,nan,0,nan,nan,nan,0,nan,nan,nan,nan,nan,nan,nan,nan,nan,nan,nan,nan,nan,nan,nan,nan,nan,nan,nan,nan,nan,nan,nan,nan,nan,nan,nan,nan,nan,nan,nan,nan,nan,nan,nan,nan,nan,nan,nan,nan,nan,nan,nan,nan,nan,nan,nan,nan,nan,nan,2.000000,165.953308,-3.948611,-165.906326,10.000000,0.000000,166.200229,-3.948611,-165.906326,-9.056250,10.000000,0.000000,10.049876,inf,0.000000,1.000000,0.000000,0.000000,0.000000,0.000000,0.000000,0.000000,0.000000,0.000000,0.000000,0.000000,22.000000,3.963673,23.969924,nan
5.480,APPROACH,166.177845,113.763910,120.803675,-8.906250,-7.463068,6.656021,-1.000000,-50.811183,-66.811183,19.616250,0.000000,0.000000,2.200000,0.000000,0.000000,0.000000,62.952726,53.992492,10.710000,-7.463068,6.656021,1.200000,0.000000,0.000000,138.271469,-50.811183,-66.811183,30.000000,0.000000,0.000000,0.000000,0.000000,0.000000,0.000000,113.763910,120.803675,-8.906250,166.177845,-7.463068,6.656021,-1.000000,10.049876,nan,nan,nan,0,nan,nan,nan,0,nan,nan,nan,nan,nan,nan,nan,nan,nan,nan,nan,nan,nan,nan,nan,nan,nan,nan,nan,nan,nan,nan,nan,nan,nan,nan,nan,nan,nan,nan,nan,nan,nan,nan,nan,nan,nan,nan,nan,nan,nan,nan,nan,nan,nan,nan,nan,nan,nan,nan,2.000000,165.939010,-4.495606,-165.878101,10.000000,0.000000,166.188684,-4.495606,-165.878101,-9.106250,10.000000,0.000000,10.049876,inf,0.000000,1.000000,0.000000,0.000000,0.000000,0.000000,0.000000,0.000000,0.000000,0.000000,0.000000,0.000000,22.000000,3.533213,24.027491,nan
5.540,APPROACH,166.164609,113.388664,121.134115,-8.956250,-7.504914,6.608802,-1.000000,-50.811183,-66.811183,19.726250,0.000000,0.000000,2.200000,0.000000,0.000000,0.000000,62.577481,54.322932,10.770000,-7.504914,6.608802,1.200000,0.000000,0.000000,138.632966,-50.811183,-66.811183,30.000000,0.000000,0.000000,0.000000,0.000000,0.000000,0.000000,113.388664,121.134115,-8.956250,166.164609,-7.504914,6.608802,-1.000000,10.049876,nan,nan,nan,0,nan,nan,nan,0,nan,nan,nan,nan,nan,nan,nan,nan,nan,nan,nan,nan,nan,nan,nan,nan,nan,nan,nan,nan,nan,nan,nan,nan,nan,nan,nan,nan,nan,nan,nan,nan,nan,nan,nan,nan,nan,nan,nan,nan,nan,nan,nan,nan,nan,nan,nan,nan,nan,nan,2.000000,165.923063,-5.042088,-165.846436,10.000000,-0.000000,166.175509,-5.042088,-165.846436,-9.156250,10.000000,-0.000000,10.049876,inf,0.000000,1.000000,0.000000,0.000000,0.000000,0.000000,0.000000,0.000000,0.000000,0.000000,0.000000,0.000000,22.000000,3.133543,24.080940,nan
5.580,APPROACH,166.149744,113.011341,121.462182,-9.006250,-7.546449,6.561334,-1.000000,-50.811183,-66.811183,19.836250,0.000000,0.000000,2.200000,0.000000,0.000000,0.000000,62.200158,54.650998,10.830000,-7.546449,6.561334,1.200000,0.000000,0.000000,138.994354,-50.811183,-66.811183,30.000000,0.000000,0.000000,0.000000,0.000000,0.000000,0.000000,113.011341,121.462182,-9.006250,166.149744,-7.546449,6.561334,-1.000000,10.049876,nan,nan,nan,0,nan,nan,nan,0,nan,nan,nan,nan,nan,nan,nan,nan,nan,nan,nan,nan,nan,nan,nan,nan,nan,nan,nan,nan,nan,nan,nan,nan,nan,nan,nan,nan,nan,nan,nan,nan,nan,nan,nan,nan,nan,nan,nan,nan,nan,nan,nan,nan,nan,nan,nan,nan,nan,nan,2.000000,165.905470,-5.588043,-165.811334,10.000000,0.000000,166.160705,-5.588043,-165.811334,-9.206250,10.000000,0.000000,10.049876,inf,0.000000,1.000000,0.000000,0.000000,0.000000,0.000000,0.000000,0.000000,0.000000,0.000000,0.000000,0.000000,22.000000,2.778000,24.128488,nan
5.640,APPROACH,166.133251,112.631958,121.787863,-9.056250,-7.587672,6.513619,-1.000000,-50.811183,-66.811183,19.946250,0.000000,0.000000,2.200000,0.000000,0.000000,0.000000,61.820775,54.976679,10.890000,-7.587672,6.513619,1.200000,0.000000,0.000000,139.355637,-50.811183,-66.811183,30.000000,0.000000,0.000000,0.000000,0.000000,0.000000,0.000000,112.631958,121.787863,-9.056250,166.133251,-7.587672,6.513619,-1.000000,10.049876,nan,nan,nan,0,nan,nan,nan,0,nan,nan,nan,nan,nan,nan,nan,nan,nan,nan,nan,nan,nan,nan,nan,nan,nan,nan,nan,nan,nan,nan,nan,nan,nan,nan,nan,nan,nan,nan,nan,nan,nan,nan,nan,nan,nan,nan,nan,nan,nan,nan,nan,nan,nan,nan,nan,nan,nan,nan,2.000000,165.886230,-6.133460,-165.772803,10.000000,0.000000,166.144273,-6.133460,-165.772803,-9.256250,10.000000,0.000000,10.049876,inf,0.000000,1.000000,0.000000,0.000000,0.000000,0.000000,0.000000,0.000000,0.000000,0.000000,0.000000,0.000000,22.000000,2.485605,24.167591,nan
5.680,APPROACH,166.115131,112.250529,122.111146,-9.106250,-7.628581,6.465659,-1.000000,-50.811183,-66.811183,20.056250,0.000000,0.000000,2.200000,0.000000,0.000000,0.000000,61.439346,55.299962,10.950000,-7.628581,6.465659,1.200000,0.000000,0.000000,139.716817,-50.811183,-66.811183,30.000000,0.000000,0.000000,0.000000,0.000000,0.000000,0.000000,112.250529,122.111146,-9.106250,166.115131,-7.628581,6.465659,-1.000000,10.049876,nan,nan,nan,0,nan,nan,nan,0,nan,nan,nan,nan,nan,nan,nan,nan,nan,nan,nan,nan,nan,nan,nan,nan,nan,nan,nan,nan,nan,nan,nan,nan,nan,nan,nan,nan,nan,nan,nan,nan,nan,nan,nan,nan,nan,nan,nan,nan,nan,nan,nan,nan,nan,nan,nan,nan,nan,nan,2.000000,165.865346,-6.678327,-165.730845,10.000000,0.000000,166.126215,-6.678327,-165.730845,-9.306250,10.000000,0.000000,10.049876,inf,0.000000,1.000000,0.000000,0.000000,0.000000,0.000000,0.000000,0.000000,0.000000,0.000000,0.000000,0.000000,22.000000,2.280783,24.194983,nan
5.740,APPROACH,166.095386,111.867070,122.432018,-9.156250,-7.669177,6.417455,-1.000000,-50.811183,-66.811183,20.166250,0.000000,0.000000,2.200000,0.000000,0.000000,0.000000,61.055887,55.620835,11.010000,-7.669177,6.417455,1.200000,0.000000,0.000000,140.077898,-50.811183,-66.811183,30.000000,0.000000,0.000000,0.000000,0.000000,0.000000,0.000000,111.867070,122.432018,-9.156250,166.095386,-7.669177,6.417455,-1.000000,10.049876,nan,nan,nan,0,nan,nan,nan,0,nan,nan,nan,nan,nan,nan,nan,nan,nan,nan,nan,nan,nan,nan,nan,nan,nan,nan,nan,nan,nan,nan,nan,nan,nan,nan,nan,nan,nan,nan,nan,nan,nan,nan,nan,nan,nan,nan,nan,nan,nan,nan,nan,nan,nan,nan,nan,nan,nan,nan,2.000000,165.842818,-7.222631,-165.685467,10.000000,0.000000,166.106532,-7.222631,-165.685467,-9.356250,10.000000,0.000000,10.049876,inf,0.000000,1.000000,0.000000,0.000000,0.000000,0.000000,0.000000,0.000000,0.000000,0.000000,0.000000,0.000000,22.000000,2.188269,24.207355,nan
5.780,APPROACH,166.074017,111.481597,122.750469,-9.206250,-7.709456,6.369010,-1.000000,-50.811183,-66.811183,20.276250,0.000000,0.000000,2.200000,0.000000,0.000000,0.000000,60.670414,55.939286,11.070000,-7.709456,6.369010,1.200000,0.000000,0.000000,140.438882,-50.811183,-66.811183,30.000000,0.000000,0.000000,0.000000,0.000000,0.000000,0.000000,111.481597,122.750469,-9.206250,166.074017,-7.709456,6.369010,-1.000000,10.049876,nan,nan,nan,0,nan,nan,nan,0,nan,nan,nan,nan,nan,nan,nan,nan,nan,nan,nan,nan,nan,nan,nan,nan,nan,nan,nan,nan,nan,nan,nan,nan,nan,nan,nan,nan,nan,nan,nan,nan,nan,nan,nan,nan,nan,nan,nan,nan,nan,nan,nan,nan,nan,nan,nan,nan,nan,nan,2.000000,165.818648,-7.766359,-165.636674,10.000000,0.000000,166.085224,-7.766359,-165.636674,-9.406250,10.000000,0.000000,10.049876,inf,0.000000,1.000000,0.000000,0.000000,0.000000,0.000000,0.000000,0.000000,0.000000,0.000000,0.000000,0.000000,22.000000,2.222134,24.202826,nan
5.840,APPROACH,166.051025,111.094126,123.066485,-9.256250,-7.749420,6.320324,-1.000000,-50.811183,-66.811183,20.386250,0.000000,0.000000,2.200000,0.000000,0.000000,0.000000,60.282943,56.255302,11.130000,-7.749420,6.320324,1.200000,0.000000,0.000000,140.799773,-50.811183,-66.811183,30.000000,0.000000,0.000000,0.000000,0.000000,0.000000,0.000000,111.094126,123.066485,-9.256250,166.051025,-7.749420,6.320324,-1.000000,10.049876,nan,nan,nan,0,nan,nan,nan,0,nan,nan,nan,nan,nan,nan,nan,nan,nan,nan,nan,nan,nan,nan,nan,nan,nan,nan,nan,nan,nan,nan,nan,nan,nan,nan,nan,nan,nan,nan,nan,nan,nan,nan,nan,nan,nan,nan,nan,nan,nan,nan,nan,nan,nan,nan,nan,nan,nan,nan,2.000000,165.792836,-8.309499,-165.584470,10.000000,0.000000,166.062293,-8.309499,-165.584470,-9.456250,10.000000,0.000000,10.049876,inf,0.000000,1.000000,0.000000,0.000000,0.000000,0.000000,0.000000,0.000000,0.000000,0.000000,0.000000,0.000000,22.000000,2.376978,24.182118,nan
5.880,APPROACH,166.026410,110.704673,123.380055,-9.306250,-7.789066,6.271400,-1.000000,-50.811183,-66.811183,20.496250,0.000000,0.000000,2.200000,0.000000,0.000000,0.000000,59.893490,56.568872,11.190000,-7.789066,6.271400,1.200000,0.000000,0.000000,141.160572,-50.811183,-66.811183,30.000000,0.000000,0.000000,0.000000,0.000000,0.000000,0.000000,110.704673,123.380055,-9.306250,166.026410,-7.789066,6.271400,-1.000000,10.049876,nan,nan,nan,0,nan,nan,nan,0,nan,nan,nan,nan,nan,nan,nan,nan,nan,nan,nan,nan,nan,nan,nan,nan,nan,nan,nan,nan,nan,nan,nan,nan,nan,nan,nan,nan,nan,nan,nan,nan,nan,nan,nan,nan,nan,nan,nan,nan,nan,nan,nan,nan,nan,nan,nan,nan,nan,nan,2.000000,165.765384,-8.852037,-165.528862,10.000000,0.000000,166.037741,-8.852037,-165.528862,-9.506250,10.000000,0.000000,10.049876,inf,0.000000,1.000000,0.000000,0.000000,0.000000,0.000000,0.000000,0.000000,0.000000,0.000000,0.000000,0.000000,22.000000,2.631521,24.148077,nan
5.940,APPROACH,166.000175,110.313253,123.691167,-9.356250,-7.828394,6.222239,-1.000000,-50.811183,-66.811183,20.606250,0.000000,0.000000,2.200000,0.000000,0.000000,0.000000,59.502070,56.879984,11.250000,-7.828394,6.222239,1.200000,0.000000,0.000000,141.521284,-50.811183,-66.811183,30.000000,0.000000,0.000000,0.000000,0.000000,0.000000,0.000000,110.313253,123.691167,-9.356250,166.000175,-7.828394,6.222239,-1.000000,10.049876,nan,nan,nan,0,nan,nan,nan,0,nan,nan,nan,nan,nan,nan,nan,nan,nan,nan,nan,nan,nan,nan,nan,nan,nan,nan,nan,nan,nan,nan,nan,nan,nan,nan,nan,nan,nan,nan,nan,nan,nan,nan,nan,nan,nan,nan,nan,nan,nan,nan,nan,nan,nan,nan,nan,nan,nan,nan,2.000000,165.736292,-9.393959,-165.469853,10.000000,0.000000,166.011567,-9.393959,-165.469853,-9.556250,10.000000,0.000000,10.049876,inf,0.000000,1.000000,0.000000,0.000000,0.000000,0.000000,0.000000,0.000000,0.000000,0.000000,0.000000,0.000000,22.000000,2.960145,24.104129,nan
5.980,APPROACH,165.972320,109.919883,123.999809,-9.406250,-7.867402,6.172843,-1.000000,-50.811183,-66.811183,20.716250,0.000000,0.000000,2.200000,0.000000,0.000000,0.000000,59.108700,57.188626,11.310000,-7.867402,6.172843,1.200000,0.000000,0.000000,141.881911,-50.811183,-66.811183,30.000000,0.000000,0.000000,0.000000,0.000000,0.000000,0.000000,109.919883,123.999809,-9.406250,165.972320,-7.867402,6.172843,-1.000000,10.049876,nan,nan,nan,0,nan,nan,nan,0,nan,nan,nan,nan,nan,nan,nan,nan,nan,nan,nan,nan,nan,nan,nan,nan,nan,nan,nan,nan,nan,nan,nan,nan,nan,nan,nan,nan,nan,nan,nan,nan,nan,nan,nan,nan,nan,nan,nan,nan,nan,nan,nan,nan,nan,nan,nan,nan,nan,nan,2.000000,165.705562,-9.935253,-165.407449,10.000000,0.000000,165.983774,-9.935253,-165.407449,-9.606250,10.000000,0.000000,10.049876,inf,0.000000,1.000000,0.000000,0.000000,0.000000,0.000000,0.000000,0.000000,0.000000,0.000000,0.000000,0.000000,22.000000,3.341048,24.053190,nan
6.040,APPROACH,165.942846,109.524579,124.305970,-9.456250,-7.906089,6.123214,-1.000000,-50.811183,-66.811183,20.826250,0.000000,0.000000,2.200000,0.000000,0.000000,0.000000,58.713395,57.494787,11.370000,-7.906089,6.123214,1.200000,0.000000,0.000000,142.242454,-50.811183,-66.811183,30.000000,0.000000,0.000000,0.000000,0.000000,0.000000,0.000000,109.524579,124.305970,-9.456250,165.942846,-7.906089,6.123214,-1.000000,10.049876,nan,nan,nan,0,nan,nan,nan,0,nan,nan,nan,nan,nan,nan,nan,nan,nan,nan,nan,nan,nan,nan,nan,nan,nan,nan,nan,nan,nan,nan,nan,nan,nan,nan,nan,nan,nan,nan,nan,nan,nan,nan,nan,nan,nan,nan,nan,nan,nan,nan,nan,nan,nan,nan,nan,nan,nan,nan,2.000000,165.673195,-10.475904,-165.341655,10.000000,0.000000,165.954363,-10.475904,-165.341655,-9.656250,10.000000,0.000000,10.049876,inf,0.000000,1.000000,0.000000,0.000000,0.000000,0.000000,0.000000,0.000000,0.000000,0.000000,0.000000,0.000000,22.000000,3.758353,23.997382,nan
6.080,APPROACH,165.911755,109.127356,124.609637,-9.506250,-7.944455,6.073354,-1.000000,-50.811183,-66.811183,20.936250,0.000000,0.000000,2.200000,0.000000,0.000000,0.000000,58.316173,57.798454,11.430000,-7.944455,6.073354,1.200000,0.000000,0.000000,142.602917,-50.811183,-66.811183,30.000000,0.000000,0.000000,0.000000,0.000000,0.000000,0.000000,109.127356,124.609637,-9.506250,165.911755,-7.944455,6.073354,-1.000000,10.049876,nan,nan,nan,0,nan,nan,nan,0,nan,nan,nan,nan,nan,nan,nan,nan,nan,nan,nan,nan,nan,nan,nan,nan,nan,nan,nan,nan,nan,nan,nan,nan,nan,nan,nan,nan,nan,nan,nan,nan,nan,nan,nan,nan,nan,nan,nan,nan,nan,nan,nan,nan,nan,nan,nan,nan,nan,nan,2.000000,165.639191,-11.015899,-165.272477,10.000000,0.000000,165.923334,-11.015899,-165.272477,-9.706250,10.000000,0.000000,10.049876,inf,0.000000,1.000000,0.000000,0.000000,0.000000,0.000000,0.000000,0.000000,0.000000,0.000000,0.000000,0.000000,22.000000,4.201211,23.938157,nan
6.140,APPROACH,165.879047,108.728231,124.910801,-9.556250,-7.982499,6.023264,-1.000000,-50.811183,-66.811183,21.046250,0.000000,0.000000,2.200000,0.000000,0.000000,0.000000,57.917048,58.099617,11.490000,-7.982499,6.023264,1.200000,0.000000,0.000000,142.963302,-50.811183,-66.811183,30.000000,0.000000,0.000000,0.000000,0.000000,0.000000,0.000000,108.728231,124.910801,-9.556250,165.879047,-7.982499,6.023264,-1.000000,10.049876,nan,nan,nan,0,nan,nan,nan,0,nan,nan,nan,nan,nan,nan,nan,nan,nan,nan,nan,nan,nan,nan,nan,nan,nan,nan,nan,nan,nan,nan,nan,nan,nan,nan,nan,nan,nan,nan,nan,nan,nan,nan,nan,nan,nan,nan,nan,nan,nan,nan,nan,nan,nan,nan,nan,nan,nan,nan,2.000000,165.603552,-11.555223,-165.199919,10.000000,0.000000,165.890689,-11.555223,-165.199919,-9.756250,10.000000,0.000000,10.049876,inf,0.000000,1.000000,0.000000,0.000000,0.000000,0.000000,0.000000,0.000000,0.000000,0.000000,0.000000,0.000000,22.000000,4.662331,23.876490,nan
6.180,APPROACH,165.844724,108.327220,125.209448,-9.606250,-8.020219,5.972947,-1.000000,-50.811183,-66.811183,21.156250,0.000000,0.000000,2.200000,0.000000,0.000000,0.000000,57.516037,58.398265,11.550000,-8.020219,5.972947,1.200000,0.000000,0.000000,143.323612,-50.811183,-66.811183,30.000000,0.000000,0.000000,0.000000,0.000000,0.000000,0.000000,108.327220,125.209448,-9.606250,165.844724,-8.020219,5.972947,-1.000000,10.049876,nan,nan,nan,0,nan,nan,nan,0,nan,nan,nan,nan,nan,nan,nan,nan,nan,nan,nan,nan,nan,nan,nan,nan,nan,nan,nan,nan,nan,nan,nan,nan,nan,nan,nan,nan,nan,nan,nan,nan,nan,nan,nan,nan,nan,nan,nan,nan,nan,nan,nan,nan,nan,nan,nan,nan,nan,nan,2.000000,165.566278,-12.093862,-165.123987,10.000000,0.000000,165.856429,-12.093862,-165.123987,-9.806250,10.000000,0.000000,10.049876,inf,0.000000,1.000000,0.000000,0.000000,0.000000,0.000000,0.000000,0.000000,0.000000,0.000000,0.000000,0.000000,22.000000,5.136779,23.813040,nan
6.240,APPROACH,165.808787,107.924339,125.505568,-9.656250,-8.057614,5.922403,-1.000000,-50.811183,-66.811183,21.266250,0.000000,0.000000,2.200000,0.000000,0.000000,0.000000,57.113156,58.694385,11.610000,-8.057614,5.922403,1.200000,0.000000,0.000000,143.683848,-50.811183,-66.811183,30.000000,0.000000,0.000000,0.000000,0.000000,0.000000,0.000000,107.924339,125.505568,-9.656250,165.808787,-8.057614,5.922403,-1.000000,10.049876,nan,nan,nan,0,nan,nan,nan,0,nan,nan,nan,nan,nan,nan,nan,nan,nan,nan,nan,nan,nan,nan,nan,nan,nan,nan,nan,nan,nan,nan,nan,nan,nan,nan,nan,nan,nan,nan,nan,nan,nan,nan,nan,nan,nan,nan,nan,nan,nan,nan,nan,nan,nan,nan,nan,nan,nan,nan,2.000000,165.527371,-12.631802,-165.044686,10.000000,0.000000,165.820555,-12.631802,-165.044686,-9.856250,10.000000,0.000000,10.049876,inf,0.000000,1.000000,0.000000,0.000000,0.000000,0.000000,0.000000,0.000000,0.000000,0.000000,0.000000,0.000000,22.000000,5.621166,23.748261,nan
6.280,APPROACH,165.771237,107.519605,125.799150,-9.706250,-8.094683,5.871636,-1.000000,-50.811183,-66.811183,21.376250,0.000000,0.000000,2.200000,0.000000,0.000000,0.000000,56.708422,58.987967,11.670000,-8.094683,5.871636,1.200000,0.000000,0.000000,144.044014,-50.811183,-66.811183,30.000000,0.000000,0.000000,0.000000,0.000000,0.000000,0.000000,107.519605,125.799150,-9.706250,165.771237,-8.094683,5.871636,-1.000000,10.049876,nan,nan,nan,0,nan,nan,nan,0,nan,nan,nan,nan,nan,nan,nan,nan,nan,nan,nan,nan,nan,nan,nan,nan,nan,nan,nan,nan,nan,nan,nan,nan,nan,nan,nan,nan,nan,nan,nan,nan,nan,nan,nan,nan,nan,nan,nan,nan,nan,nan,nan,nan,nan,nan,nan,nan,nan,nan,2.000000,165.486832,-13.169027,-164.962021,10.000000,-0.000000,165.783067,-13.169027,-164.962021,-9.906250,10.000000,-0.000000,10.049876,inf,0.000000,1.000000,0.000000,0.000000,0.000000,0.000000,0.000000,0.000000,0.000000,0.000000,0.000000,0.000000,21.000000,5.366291,22.780206,nan
6.340,APPROACH,165.732074,107.113034,126.090182,-9.756250,-8.131425,5.820646,-1.000000,-50.811183,-66.811183,21.486250,0.000000,0.000000,2.200000,0.000000,0.000000,0.000000,56.301851,59.278999,11.730000,-8.131425,5.820646,1.200000,0.000000,0.000000,144.404110,-50.811183,-66.811183,30.000000,0.000000,0.000000,0.000000,0.000000,0.000000,0.000000,107.113034,126.090182,-9.756250,165.732074,-8.131425,5.820646,-1.000000,10.049876,nan,nan,nan,0,nan,nan,nan,0,nan,nan,nan,nan,nan,nan,nan,nan,nan,nan,nan,nan,nan,nan,nan,nan,nan,nan,nan,nan,nan,nan,nan,nan,nan,nan,nan,nan,nan,nan,nan,nan,nan,nan,nan,nan,nan,nan,nan,nan,nan,nan,nan,nan,nan,nan,nan,nan,nan,nan,2.000000,165.444662,-13.705524,-164.875998,10.000000,-0.000000,165.743968,-13.705524,-164.875998,-9.956250,10.000000,-0.000000,10.049876,inf,0.000000,1.000000,0.000000,0.000000,0.000000,0.000000,0.000000,0.000000,0.000000,0.000000,0.000000,0.000000,21.000000,4.886770,22.844526,nan
6.380,APPROACH,165.691301,106.704642,126.378654,-9.806250,-8.167840,5.769436,-1.000000,-50.811183,-66.811183,21.596250,0.000000,0.000000,2.200000,0.000000,0.000000,0.000000,55.893459,59.567471,11.790000,-8.167840,5.769436,1.200000,0.000000,0.000000,144.764139,-50.811183,-66.811183,30.000000,0.000000,0.000000,0.000000,0.000000,0.000000,0.000000,106.704642,126.378654,-9.806250,165.691301,-8.167840,5.769436,-1.000000,10.049876,nan,nan,nan,0,nan,nan,nan,0,nan,nan,nan,nan,nan,nan,nan,nan,nan,nan,nan,nan,nan,nan,nan,nan,nan,nan,nan,nan,nan,nan,nan,nan,nan,nan,nan,nan,nan,nan,nan,nan,nan,nan,nan,nan,nan,nan,nan,nan,nan,nan,nan,nan,nan,nan,nan,nan,nan,nan,2.000000,165.400861,-14.241277,-164.786622,10.000000,0.000000,165.703258,-14.241277,-164.786622,-10.006250,10.000000,0.000000,10.049876,inf,0.000000,1.000000,0.000000,0.000000,0.000000,0.000000,0.000000,0.000000,0.000000,0.000000,0.000000,0.000000,21.000000,4.418817,22.907293,nan
6.440,APPROACH,165.648919,106.294446,126.664555,-9.856250,-8.203925,5.718008,-1.000000,-50.811183,-66.811183,21.706250,0.000000,0.000000,2.200000,0.000000,0.000000,0.000000,55.483262,59.853371,11.850000,-8.203925,5.718008,1.200000,0.000000,0.000000,145.124103,-50.811183,-66.811183,30.000000,0.000000,0.000000,0.000000,0.000000,0.000000,0.000000,106.294446,126.664555,-9.856250,165.648919,-8.203925,5.718008,-1.000000,10.049876,nan,nan,nan,0,nan,nan,nan,0,nan,nan,nan,nan,nan,nan,nan,nan,nan,nan,nan,nan,nan,nan,nan,nan,nan,nan,nan,nan,nan,nan,nan,nan,nan,nan,nan,nan,nan,nan,nan,nan,nan,nan,nan,nan,nan,nan,nan,nan,nan,nan,nan,nan,nan,nan,nan,nan,nan,nan,2.000000,165.355431,-14.776272,-164.693899,10.000000,0.000000,165.660939,-14.776272,-164.693899,-10.056250,10.000000,0.000000,10.049876,inf,0.000000,1.000000,0.000000,0.000000,0.000000,0.000000,0.000000,0.000000,0.000000,0.000000,0.000000,0.000000,21.000000,3.966546,22.967958,nan
6.480,APPROACH,165.604927,105.882462,126.947873,-9.906250,-8.239680,5.666363,-1.000000,-50.811183,-66.811183,21.816250,0.000000,0.000000,2.200000,0.000000,0.000000,0.000000,55.071278,60.136690,11.910000,-8.239680,5.666363,1.200000,0.000000,0.000000,145.484005,-50.811183,-66.811183,30.000000,0.000000,0.000000,0.000000,0.000000,0.000000,0.000000,105.882462,126.947873,-9.906250,165.604927,-8.239680,5.666363,-1.000000,10.049876,nan,nan,nan,0,nan,nan,nan,0,nan,nan,nan,nan,nan,nan,nan,nan,nan,nan,nan,nan,nan,nan,nan,nan,nan,nan,nan,nan,nan,nan,nan,nan,nan,nan,nan,nan,nan,nan,nan,nan,nan,nan,nan,nan,nan,nan,nan,nan,nan,nan,nan,nan,nan,nan,nan,nan,nan,nan,2.000000,165.308373,-15.310492,-164.597834,10.000000,0.000000,165.617011,-15.310492,-164.597834,-10.106250,10.000000,0.000000,10.049876,inf,0.000000,1.000000,0.000000,0.000000,0.000000,0.000000,0.000000,0.000000,0.000000,0.000000,0.000000,0.000000,21.000000,3.536000,23.025708,nan
6.540,APPROACH,165.559328,105.468706,127.228598,-9.956250,-8.275105,5.614503,-1.000000,-50.811183,-66.811183,21.926250,0.000000,0.000000,2.200000,0.000000,0.000000,0.000000,54.657523,60.417415,11.970000,-8.275105,5.614503,1.200000,0.000000,0.000000,145.843845,-50.811183,-66.811183,30.000000,0.000000,0.000000,0.000000,0.000000,0.000000,0.000000,105.468706,127.228598,-9.956250,165.559328,-8.275105,5.614503,-1.000000,10.049876,nan,nan,nan,0,nan,nan,nan,0,nan,nan,nan,nan,nan,nan,nan,nan,nan,nan,nan,nan,nan,nan,nan,nan,nan,nan,nan,nan,nan,nan,nan,nan,nan,nan,nan,nan,nan,nan,nan,nan,nan,nan,nan,nan,nan,nan,nan,nan,nan,nan,nan,nan,nan,nan,nan,nan,nan,nan,2.000000,165.259687,-15.843923,-164.498432,10.000000,0.000000,165.571476,-15.843923,-164.498432,-10.156250,10.000000,0.000000,10.049876,inf,0.000000,1.000000,0.000000,0.000000,0.000000,0.000000,0.000000,0.000000,0.000000,0.000000,0.000000,0.000000,21.000000,3.136158,23.079340,nan
6.580,APPROACH,165.512122,105.053197,127.506719,-10.006250,-8.310197,5.562430,-1.000000,-50.811183,-66.811183,22.036250,0.000000,0.000000,2.200000,0.000000,0.000000,0.000000,54.242013,60.695536,12.030000,-8.310197,5.562430,1.200000,0.000000,0.000000,146.203626,-50.811183,-66.811183,30.000000,0.000000,0.000000,0.000000,0.000000,0.000000,0.000000,105.053197,127.506719,-10.006250,165.512122,-8.310197,5.562430,-1.000000,10.049876,nan,nan,nan,0,nan,nan,nan,0,nan,nan,nan,nan,nan,nan,nan,nan,nan,nan,nan,nan,nan,nan,nan,nan,nan,nan,nan,nan,nan,nan,nan,nan,nan,nan,nan,nan,nan,nan,nan,nan,nan,nan,nan,nan,nan,nan,nan,nan,nan,nan,nan,nan,nan,nan,nan,nan,nan,nan,2.000000,165.209375,-16.376549,-164.395700,10.000000,0.000000,165.524334,-16.376549,-164.395700,-10.206250,10.000000,0.000000,10.049876,inf,0.000000,1.000000,0.000000,0.000000,0.000000,0.000000,0.000000,0.000000,0.000000,0.000000,0.000000,0.000000,21.000000,2.780314,23.127070,nan
6.640,APPROACH,165.463311,104.635949,127.782227,-10.056250,-8.344956,5.510147,-1.000000,-50.811183,-66.811183,22.146250,0.000000,0.000000,2.200000,0.000000,0.000000,0.000000,53.824766,60.971043,12.090000,-8.344956,5.510147,1.200000,0.000000,0.000000,146.563349,-50.811183,-66.811183,30.000000,0.000000,0.000000,0.000000,0.000000,0.000000,0.000000,104.635949,127.782227,-10.056250,165.463311,-8.344956,5.510147,-1.000000,10.049876,nan,nan,nan,0,nan,nan,nan,0,nan,nan,nan,nan,nan,nan,nan,nan,nan,nan,nan,nan,nan,nan,nan,nan,nan,nan,nan,nan,nan,nan,nan,nan,nan,nan,nan,nan,nan,nan,nan,nan,nan,nan,nan,nan,nan,nan,nan,nan,nan,nan,nan,nan,nan,nan,nan,nan,nan,nan,2.000000,165.157438,-16.908355,-164.289643,10.000000,0.000000,165.475587,-16.908355,-164.289643,-10.256250,10.000000,0.000000,10.049876,inf,0.000000,1.000000,0.000000,0.000000,0.000000,0.000000,0.000000,0.000000,0.000000,0.000000,0.000000,0.000000,21.000000,2.487437,23.166354,nan
6.680,APPROACH,165.412896,104.216980,128.055109,-10.106250,-8.379380,5.457654,-1.000000,-50.811183,-66.811183,22.256250,0.000000,0.000000,2.200000,0.000000,0.000000,0.000000,53.405797,61.243926,12.150000,-8.379380,5.457654,1.200000,0.000000,0.000000,146.923017,-50.811183,-66.811183,30.000000,0.000000,0.000000,0.000000,0.000000,0.000000,0.000000,104.216980,128.055109,-10.106250,165.412896,-8.379380,5.457654,-1.000000,10.049876,nan,nan,nan,0,nan,nan,nan,0,nan,nan,nan,nan,nan,nan,nan,nan,nan,nan,nan,nan,nan,nan,nan,nan,nan,nan,nan,nan,nan,nan,nan,nan,nan,nan,nan,nan,nan,nan,nan,nan,nan,nan,nan,nan,nan,nan,nan,nan,nan,nan,nan,nan,nan,nan,nan,nan,nan,nan,2.000000,165.103876,-17.439325,-164.180266,10.000000,0.000000,165.425236,-17.439325,-164.180266,-10.306250,10.000000,0.000000,10.049876,inf,0.000000,1.000000,0.000000,0.000000,0.000000,0.000000,0.000000,0.000000,0.000000,0.000000,0.000000,0.000000,21.000000,2.281914,23.193921,nan
6.740,APPROACH,165.360878,103.796306,128.325357,-10.156250,-8.413470,5.404954,-1.000000,-50.811183,-66.811183,22.366250,0.000000,0.000000,2.200000,0.000000,0.000000,0.000000,52.985123,61.514174,12.210000,-8.413470,5.404954,1.200000,0.000000,0.000000,147.282631,-50.811183,-66.811183,30.000000,0.000000,0.000000,0.000000,0.000000,0.000000,0.000000,103.796306,128.325357,-10.156250,165.360878,-8.413470,5.404954,-1.000000,10.049876,nan,nan,nan,0,nan,nan,nan,0,nan,nan,nan,nan,nan,nan,nan,nan,nan,nan,nan,nan,nan,nan,nan,nan,nan,nan,nan,nan,nan,nan,nan,nan,nan,nan,nan,nan,nan,nan,nan,nan,nan,nan,nan,nan,nan,nan,nan,nan,nan,nan,nan,nan,nan,nan,nan,nan,nan,nan,2.000000,165.048691,-17.969443,-164.067576,10.000000,-0.000000,165.373282,-17.969443,-164.067576,-10.356250,10.000000,-0.000000,10.049876,inf,0.000000,1.000000,0.000000,0.000000,0.000000,0.000000,0.000000,0.000000,0.000000,0.000000,0.000000,0.000000,21.000000,2.188501,23.206451,nan
6.780,APPROACH,165.307257,103.373945,128.592960,-10.206250,-8.447223,5.352049,-1.000000,-50.811183,-66.811183,22.476250,0.000000,0.000000,2.200000,0.000000,0.000000,0.000000,52.562762,61.781776,12.270000,-8.447223,5.352049,1.200000,0.000000,0.000000,147.642192,-50.811183,-66.811183,30.000000,0.000000,0.000000,0.000000,0.000000,0.000000,0.000000,103.373945,128.592960,-10.206250,165.307257,-8.447223,5.352049,-1.000000,10.049876,nan,nan,nan,0,nan,nan,nan,0,nan,nan,nan,nan,nan,nan,nan,nan,nan,nan,nan,nan,nan,nan,nan,nan,nan,nan,nan,nan,nan,nan,nan,nan,nan,nan,nan,nan,nan,nan,nan,nan,nan,nan,nan,nan,nan,nan,nan,nan,nan,nan,nan,nan,nan,nan,nan,nan,nan,nan,2.000000,164.991884,-18.498693,-163.951579,10.000000,0.000000,165.319726,-18.498693,-163.951579,-10.406250,10.000000,0.000000,10.049876,inf,0.000000,1.000000,0.000000,0.000000,0.000000,0.000000,0.000000,0.000000,0.000000,0.000000,0.000000,0.000000,21.000000,2.221388,23.202040,nan
6.840,APPROACH,165.252036,102.949913,128.857907,-10.256250,-8.480638,5.298941,-1.000000,-50.811183,-66.811183,22.586250,0.000000,0.000000,2.200000,0.000000,0.000000,0.000000,52.138730,62.046723,12.330000,-8.480638,5.298941,1.200000,0.000000,0.000000,148.001702,-50.811183,-66.811183,30.000000,0.000000,0.000000,0.000000,0.000000,0.000000,0.000000,102.949913,128.857907,-10.256250,165.252036,-8.480638,5.298941,-1.000000,10.049876,nan,nan,nan,0,nan,nan,nan,0,nan,nan,nan,nan,nan,nan,nan,nan,nan,nan,nan,nan,nan,nan,nan,nan,nan,nan,nan,nan,nan,nan,nan,nan,nan,nan,nan,nan,nan,nan,nan,nan,nan,nan,nan,nan,nan,nan,nan,nan,nan,nan,nan,nan,nan,nan,nan,nan,nan,nan,2.000000,164.933455,-19.027059,-163.832279,10.000000,0.000000,165.264569,-19.027059,-163.832279,-10.456250,10.000000,0.000000,10.049876,inf,0.000000,1.000000,0.000000,0.000000,0.000000,0.000000,0.000000,0.000000,0.000000,0.000000,0.000000,0.000000,21.000000,2.375332,23.181391,nan
6.880,APPROACH,165.195215,102.524227,129.120188,-10.306250,-8.513716,5.245631,-1.000000,-50.811183,-66.811183,22.696250,0.000000,0.000000,2.200000,0.000000,0.000000,0.000000,51.713044,62.309005,12.390000,-8.513716,5.245631,1.200000,0.000000,0.000000,148.361164,-50.811183,-66.811183,30.000000,0.000000,0.000000,0.000000,0.000000,0.000000,0.000000,102.524227,129.120188,-10.306250,165.195215,-8.513716,5.245631,-1.000000,10.049876,nan,nan,nan,0,nan,nan,nan,0,nan,nan,nan,nan,nan,nan,nan,nan,nan,nan,nan,nan,nan,nan,nan,nan,nan,nan,nan,nan,nan,nan,nan,nan,nan,nan,nan,nan,nan,nan,nan,nan,nan,nan,nan,nan,nan,nan,nan,nan,nan,nan,nan,nan,nan,nan,nan,nan,nan,nan,2.000000,164.873407,-19.554525,-163.709684,10.000000,-0.000000,165.207813,-19.554525,-163.709684,-10.506250,10.000000,-0.000000,10.049876,inf,0.000000,1.000000,0.000000,0.000000,0.000000,0.000000,0.000000,0.000000,0.000000,0.000000,0.000000,0.000000,21.000000,2.629145,23.147346,nan
6.940,APPROACH,165.136795,102.096905,129.379794,-10.356250,-8.546454,5.192122,-1.000000,-50.811183,-66.811183,22.806250,0.000000,0.000000,2.200000,0.000000,0.000000,0.000000,51.285722,62.568611,12.450000,-8.546454,5.192122,1.200000,0.000000,0.000000,148.720577,-50.811183,-66.811183,30.000000,0.000000,0.000000,0.000000,0.000000,0.000000,0.000000,102.096905,129.379794,-10.356250,165.136795,-8.546454,5.192122,-1.000000,10.049876,nan,nan,nan,0,nan,nan,nan,0,nan,nan,nan,nan,nan,nan,nan,nan,nan,nan,nan,nan,nan,nan,nan,nan,nan,nan,nan,nan,nan,nan,nan,nan,nan,nan,nan,nan,nan,nan,nan,nan,nan,nan,nan,nan,nan,nan,nan,nan,nan,nan,nan,nan,nan,nan,nan,nan,nan,nan,2.000000,164.811738,-20.081075,-163.583800,10.000000,0.000000,165.149458,-20.081075,-163.583800,-10.556250,10.000000,0.000000,10.049876,inf,0.000000,1.000000,0.000000,0.000000,0.000000,0.000000,0.000000,0.000000,0.000000,0.000000,0.000000,0.000000,21.000000,2.957215,23.103342,nan
6.980,APPROACH,165.076777,101.667962,129.636715,-10.406250,-8.578851,5.138416,-1.000000,-50.811183,-66.811183,22.916250,0.000000,0.000000,2.200000,0.000000,0.000000,0.000000,50.856779,62.825532,12.510000,-8.578851,5.138416,1.200000,0.000000,0.000000,149.079943,-50.811183,-66.811183,30.000000,0.000000,0.000000,0.000000,0.000000,0.000000,0.000000,101.667962,129.636715,-10.406250,165.076777,-8.578851,5.138416,-1.000000,10.049876,nan,nan,nan,0,nan,nan,nan,0,nan,nan,nan,nan,nan,nan,nan,nan,nan,nan,nan,nan,nan,nan,nan,nan,nan,nan,nan,nan,nan,nan,nan,nan,nan,nan,nan,nan,nan,nan,nan,nan,nan,nan,nan,nan,nan,nan,nan,nan,nan,nan,nan,nan,nan,nan,nan,nan,nan,nan,2.000000,164.748452,-20.606693,-163.454632,10.000000,-0.000000,165.089506,-20.606693,-163.454632,-10.606250,10.000000,-0.000000,10.049876,inf,0.000000,1.000000,0.000000,0.000000,0.000000,0.000000,0.000000,0.000000,0.000000,0.000000,0.000000,0.000000,21.000000,3.337704,23.052306,nan
7.040,APPROACH,165.015164,101.237417,129.890941,-10.456250,-8.610907,5.084514,-1.000000,-50.811183,-66.811183,23.026250,0.000000,0.000000,2.200000,0.000000,0.000000,0.000000,50.426234,63.079758,12.570000,-8.610907,5.084514,1.200000,0.000000,0.000000,149.439265,-50.811183,-66.811183,30.000000,0.000000,0.000000,0.000000,0.000000,0.000000,0.000000,101.237417,129.890941,-10.456250,165.015164,-8.610907,5.084514,-1.000000,10.049876,nan,nan,nan,0,nan,nan,nan,0,nan,nan,nan,nan,nan,nan,nan,nan,nan,nan,nan,nan,nan,nan,nan,nan,nan,nan,nan,nan,nan,nan,nan,nan,nan,nan,nan,nan,nan,nan,nan,nan,nan,nan,nan,nan,nan,nan,nan,nan,nan,nan,nan,nan,nan,nan,nan,nan,nan,nan,2.000000,164.683548,-21.131362,-163.322187,10.000000,0.000000,165.027957,-21.131362,-163.322187,-10.656250,10.000000,0.000000,10.049876,inf,0.000000,1.000000,0.000000,0.000000,0.000000,0.000000,0.000000,0.000000,0.000000,0.000000,0.000000,0.000000,21.000000,3.754697,22.996373,nan
7.080,APPROACH,164.951954,100.805286,130.142462,-10.506250,-8.642620,5.030419,-1.000000,-50.811183,-66.811183,23.136250,0.000000,0.000000,2.200000,0.000000,0.000000,0.000000,49.994103,63.331278,12.630000,-8.642620,5.030419,1.200000,0.000000,0.000000,149.798543,-50.811183,-66.811183,30.000000,0.000000,0.000000,0.000000,0.000000,0.000000,0.000000,100.805286,130.142462,-10.506250,164.951954,-8.642620,5.030419,-1.000000,10.049876,nan,nan,nan,0,nan,nan,nan,0,nan,nan,nan,nan,nan,nan,nan,nan,nan,nan,nan,nan,nan,nan,nan,nan,nan,nan,nan,nan,nan,nan,nan,nan,nan,nan,nan,nan,nan,nan,nan,nan,nan,nan,nan,nan,nan,nan,nan,nan,nan,nan,nan,nan,nan,nan,nan,nan,nan,nan,2.000000,164.617028,-21.655065,-163.186470,10.000000,-0.000000,164.964814,-21.655065,-163.186470,-10.706250,10.000000,-0.000000,10.049876,inf,0.000000,1.000000,0.000000,0.000000,0.000000,0.000000,0.000000,0.000000,0.000000,0.000000,0.000000,0.000000,21.000000,4.197312,22.937004,nan
7.140,APPROACH,164.887151,100.371586,130.391268,-10.556250,-8.673990,4.976133,-1.000000,-50.811183,-66.811183,23.246250,0.000000,0.000000,2.200000,0.000000,0.000000,0.000000,49.560403,63.580085,12.690000,-8.673990,4.976133,1.200000,0.000000,0.000000,150.157779,-50.811183,-66.811183,30.000000,0.000000,0.000000,0.000000,0.000000,0.000000,0.000000,100.371586,130.391268,-10.556250,164.887151,-8.673990,4.976133,-1.000000,10.049876,nan,nan,nan,0,nan,nan,nan,0,nan,nan,nan,nan,nan,nan,nan,nan,nan,nan,nan,nan,nan,nan,nan,nan,nan,nan,nan,nan,nan,nan,nan,nan,nan,nan,nan,nan,nan,nan,nan,nan,nan,nan,nan,nan,nan,nan,nan,nan,nan,nan,nan,nan,nan,nan,nan,nan,nan,nan,2.000000,164.548893,-22.177787,-163.047490,10.000000,0.000000,164.900076,-22.177787,-163.047490,-10.756250,10.000000,0.000000,10.049876,inf,0.000000,1.000000,0.000000,0.000000,0.000000,0.000000,0.000000,0.000000,0.000000,0.000000,0.000000,0.000000,21.000000,4.658237,22.875179,nan
7.180,APPROACH,164.820755,99.936336,130.637351,-10.606250,-8.705015,4.921657,-1.000000,-50.811183,-66.811183,23.356250,0.000000,0.000000,2.200000,0.000000,0.000000,0.000000,49.125152,63.826168,12.750000,-8.705015,4.921657,1.200000,0.000000,0.000000,150.516973,-50.811183,-66.811183,30.000000,0.000000,0.000000,0.000000,0.000000,0.000000,0.000000,99.936336,130.637351,-10.606250,164.820755,-8.705015,4.921657,-1.000000,10.049876,nan,nan,nan,0,nan,nan,nan,0,nan,nan,nan,nan,nan,nan,nan,nan,nan,nan,nan,nan,nan,nan,nan,nan,nan,nan,nan,nan,nan,nan,nan,nan,nan,nan,nan,nan,nan,nan,nan,nan,nan,nan,nan,nan,nan,nan,nan,nan,nan,nan,nan,nan,nan,nan,nan,nan,nan,nan,2.000000,164.479144,-22.699510,-162.905251,10.000000,0.000000,164.833746,-22.699510,-162.905251,-10.806250,10.000000,0.000000,10.049876,inf,0.000000,1.000000,0.000000,0.000000,0.000000,0.000000,0.000000,0.000000,0.000000,0.000000,0.000000,0.000000,21.000000,5.132525,22.811562,nan
7.240,APPROACH,164.752767,99.499551,130.880701,-10.656250,-8.735695,4.866994,-1.000000,-50.811183,-66.811183,23.466250,0.000000,0.000000,2.200000,0.000000,0.000000,0.000000,48.688368,64.069518,12.810000,-8.735695,4.866994,1.200000,0.000000,0.000000,150.876128,-50.811183,-66.811183,30.000000,0.000000,0.000000,0.000000,0.000000,0.000000,0.000000,99.499551,130.880701,-10.656250,164.752767,-8.735695,4.866994,-1.000000,10.049876,nan,nan,nan,0,nan,nan,nan,0,nan,nan,nan,nan,nan,nan,nan,nan,nan,nan,nan,nan,nan,nan,nan,nan,nan,nan,nan,nan,nan,nan,nan,nan,nan,nan,nan,nan,nan,nan,nan,nan,nan,nan,nan,nan,nan,nan,nan,nan,nan,nan,nan,nan,nan,nan,nan,nan,nan,nan,2.000000,164.407781,-23.220217,-162.759762,10.000000,-0.000000,164.765824,-23.220217,-162.759762,-10.856250,10.000000,-0.000000,10.049876,inf,0.000000,1.000000,0.000000,0.000000,0.000000,0.000000,0.000000,0.000000,0.000000,0.000000,0.000000,0.000000,21.000000,5.616775,22.746608,nan
7.280,APPROACH,164.683188,99.061249,131.121308,-10.706250,-8.766029,4.812145,-1.000000,-50.811183,-66.811183,23.576250,0.000000,0.000000,2.200000,0.000000,0.000000,0.000000,48.250066,64.310125,12.870000,-8.766029,4.812145,1.200000,0.000000,0.000000,151.235244,-50.811183,-66.811183,30.000000,0.000000,0.000000,0.000000,0.000000,0.000000,0.000000,99.061249,131.121308,-10.706250,164.683188,-8.766029,4.812145,-1.000000,10.049876,nan,nan,nan,0,nan,nan,nan,0,nan,nan,nan,nan,nan,nan,nan,nan,nan,nan,nan,nan,nan,nan,nan,nan,nan,nan,nan,nan,nan,nan,nan,nan,nan,nan,nan,nan,nan,nan,nan,nan,nan,nan,nan,nan,nan,nan,nan,nan,nan,nan,nan,nan,nan,nan,nan,nan,nan,nan,2.000000,164.334806,-23.739893,-162.611027,10.000000,0.000000,164.696311,-23.739893,-162.611027,-10.906250,10.000000,0.000000,10.049876,inf,0.000000,1.000000,0.000000,0.000000,0.000000,0.000000,0.000000,0.000000,0.000000,0.000000,0.000000,0.000000,20.000000,5.370703,21.777268,nan
7.340,APPROACH,164.612020,98.621449,131.359164,-10.756250,-8.796014,4.757114,-1.000000,-50.811183,-66.811183,23.686250,0.000000,0.000000,2.200000,0.000000,0.000000,0.000000,47.810266,64.547981,12.930000,-8.796014,4.757114,1.200000,0.000000,0.000000,151.594323,-50.811183,-66.811183,30.000000,0.000000,0.000000,0.000000,0.000000,0.000000,0.000000,98.621449,131.359164,-10.756250,164.612020,-8.796014,4.757114,-1.000000,10.049876,nan,nan,nan,0,nan,nan,nan,0,nan,nan,nan,nan,nan,nan,nan,nan,nan,nan,nan,nan,nan,nan,nan,nan,nan,nan,nan,nan,nan,nan,nan,nan,nan,nan,nan,nan,nan,nan,nan,nan,nan,nan,nan,nan,nan,nan,nan,nan,nan,nan,nan,nan,nan,nan,nan,nan,nan,nan,2.000000,164.260221,-24.258520,-162.459054,10.000000,0.000000,164.625209,-24.258520,-162.459054,-10.956250,10.000000,0.000000,10.049876,inf,0.000000,1.000000,0.000000,0.000000,0.000000,0.000000,0.000000,0.000000,0.000000,0.000000,0.000000,0.000000,20.000000,4.891146,21.841801,nan
7.380,APPROACH,164.539263,98.180166,131.594259,-10.806250,-8.825652,4.701901,-1.000000,-50.811183,-66.811183,23.796250,0.000000,0.000000,2.200000,0.000000,0.000000,0.000000,47.368983,64.783076,12.990000,-8.825652,4.701901,1.200000,0.000000,0.000000,151.953365,-50.811183,-66.811183,30.000000,0.000000,0.000000,0.000000,0.000000,0.000000,0.000000,98.180166,131.594259,-10.806250,164.539263,-8.825652,4.701901,-1.000000,10.049876,nan,nan,nan,0,nan,nan,nan,0,nan,nan,nan,nan,nan,nan,nan,nan,nan,nan,nan,nan,nan,nan,nan,nan,nan,nan,nan,nan,nan,nan,nan,nan,nan,nan,nan,nan,nan,nan,nan,nan,nan,nan,nan,nan,nan,nan,nan,nan,nan,nan,nan,nan,nan,nan,nan,nan,nan,nan,2.000000,164.184025,-24.776081,-162.303850,10.000000,0.000000,164.552519,-24.776081,-162.303850,-11.006250,10.000000,0.000000,10.049876,inf,0.000000,1.000000,0.000000,0.000000,0.000000,0.000000,0.000000,0.000000,0.000000,0.000000,0.000000,0.000000,20.000000,4.423121,21.904783,nan
7.440,APPROACH,164.464919,97.737419,131.826584,-10.856250,-8.854940,4.646509,-1.000000,-50.811183,-66.811183,23.906250,0.000000,0.000000,2.200000,0.000000,0.000000,0.000000,46.926236,65.015401,13.050000,-8.854940,4.646509,1.200000,0.000000,0.000000,152.312371,-50.811183,-66.811183,30.000000,0.000000,0.000000,0.000000,0.000000,0.000000,0.000000,97.737419,131.826584,-10.856250,164.464919,-8.854940,4.646509,-1.000000,10.049876,nan,nan,nan,0,nan,nan,nan,0,nan,nan,nan,nan,nan,nan,nan,nan,nan,nan,nan,nan,nan,nan,nan,nan,nan,nan,nan,nan,nan,nan,nan,nan,nan,nan,nan,nan,nan,nan,nan,nan,nan,nan,nan,nan,nan,nan,nan,nan,nan,nan,nan,nan,nan,nan,nan,nan,nan,nan,2.000000,164.106220,-25.292560,-162.145422,10.000000,0.000000,164.478242,-25.292560,-162.145422,-11.056250,10.000000,0.000000,10.049876,inf,0.000000,1.000000,0.000000,0.000000,0.000000,0.000000,0.000000,0.000000,0.000000,0.000000,0.000000,0.000000,20.000000,3.970728,21.965662,nan
7.480,APPROACH,164.388989,97.293225,132.056131,-10.906250,-8.883877,4.590939,-1.000000,-50.811183,-66.811183,24.016250,0.000000,0.000000,2.200000,0.000000,0.000000,0.000000,46.482042,65.244948,13.110000,-8.883877,4.590939,1.200000,0.000000,0.000000,152.671344,-50.811183,-66.811183,30.000000,0.000000,0.000000,0.000000,0.000000,0.000000,0.000000,97.293225,132.056131,-10.906250,164.388989,-8.883877,4.590939,-1.000000,10.049876,nan,nan,nan,0,nan,nan,nan,0,nan,nan,nan,nan,nan,nan,nan,nan,nan,nan,nan,nan,nan,nan,nan,nan,nan,nan,nan,nan,nan,nan,nan,nan,nan,nan,nan,nan,nan,nan,nan,nan,nan,nan,nan,nan,nan,nan,nan,nan,nan,nan,nan,nan,nan,nan,nan,nan,nan,nan,2.000000,164.026807,-25.807939,-161.983776,10.000000,0.000000,164.402379,-25.807939,-161.983776,-11.106250,10.000000,0.000000,10.049876,inf,0.000000,1.000000,0.000000,0.000000,0.000000,0.000000,0.000000,0.000000,0.000000,0.000000,0.000000,0.000000,20.000000,3.539985,22.023626,nan
7.540,APPROACH,164.311475,96.847602,132.282891,-10.956250,-8.912464,4.535195,-1.000000,-50.811183,-66.811183,24.126250,0.000000,0.000000,2.200000,0.000000,0.000000,0.000000,46.036419,65.471708,13.170000,-8.912464,4.535195,1.200000,0.000000,0.000000,153.030283,-50.811183,-66.811183,30.000000,0.000000,0.000000,0.000000,0.000000,0.000000,0.000000,96.847602,132.282891,-10.956250,164.311475,-8.912464,4.535195,-1.000000,10.049876,nan,nan,nan,0,nan,nan,nan,0,nan,nan,nan,nan,nan,nan,nan,nan,nan,nan,nan,nan,nan,nan,nan,nan,nan,nan,nan,nan,nan,nan,nan,nan,nan,nan,nan,nan,nan,nan,nan,nan,nan,nan,nan,nan,nan,nan,nan,nan,nan,nan,nan,nan,nan,nan,nan,nan,nan,nan,2.000000,163.945788,-26.322202,-161.818920,10.000000,0.000000,164.324932,-26.322202,-161.818920,-11.156250,10.000000,0.000000,10.049876,inf,0.000000,1.000000,0.000000,0.000000,0.000000,0.000000,0.000000,0.000000,0.000000,0.000000,0.000000,0.000000,20.000000,3.139834,22.077475,nan
7.580,APPROACH,164.232377,96.400567,132.506855,-11.006250,-8.940697,4.479278,-1.000000,-50.811183,-66.811183,24.236250,0.000000,0.000000,2.200000,0.000000,0.000000,0.000000,45.589384,65.695672,13.230000,-8.940697,4.479278,1.200000,0.000000,0.000000,153.389191,-50.811183,-66.811183,30.000000,0.000000,0.000000,0.000000,0.000000,0.000000,0.000000,96.400567,132.506855,-11.006250,164.232377,-8.940697,4.479278,-1.000000,10.049876,nan,nan,nan,0,nan,nan,nan,0,nan,nan,nan,nan,nan,nan,nan,nan,nan,nan,nan,nan,nan,nan,nan,nan,nan,nan,nan,nan,nan,nan,nan,nan,nan,nan,nan,nan,nan,nan,nan,nan,nan,nan,nan,nan,nan,nan,nan,nan,nan,nan,nan,nan,nan,nan,nan,nan,nan,nan,2.000000,163.863162,-26.835331,-161.650861,10.000000,0.000000,164.245901,-26.835331,-161.650861,-11.206250,10.000000,0.000000,10.049876,inf,0.000000,1.000000,0.000000,0.000000,0.000000,0.000000,0.000000,0.000000,0.000000,0.000000,0.000000,0.000000,20.000000,2.783517,22.125424,nan
7.640,APPROACH,164.151696,95.952138,132.728014,-11.056250,-8.968578,4.423190,-1.000000,-50.811183,-66.811183,24.346250,0.000000,0.000000,2.200000,0.000000,0.000000,0.000000,45.140955,65.916831,13.290000,-8.968578,4.423190,1.200000,0.000000,0.000000,153.748067,-50.811183,-66.811183,30.000000,0.000000,0.000000,0.000000,0.000000,0.000000,0.000000,95.952138,132.728014,-11.056250,164.151696,-8.968578,4.423190,-1.000000,10.049876,nan,nan,nan,0,nan,nan,nan,0,nan,nan,nan,nan,nan,nan,nan,nan,nan,nan,nan,nan,nan,nan,nan,nan,nan,nan,nan,nan,nan,nan,nan,nan,nan,nan,nan,nan,nan,nan,nan,nan,nan,nan,nan,nan,nan,nan,nan,nan,nan,nan,nan,nan,nan,nan,nan,nan,nan,nan,2.000000,163.778932,-27.347308,-161.479607,10.000000,0.000000,164.165288,-27.347308,-161.479607,-11.256250,10.000000,0.000000,10.049876,inf,0.000000,1.000000,0.000000,0.000000,0.000000,0.000000,0.000000,0.000000,0.000000,0.000000,0.000000,0.000000,20.000000,2.489940,22.164930,nan
7.680,APPROACH,164.069434,95.502333,132.946361,-11.106250,-8.996105,4.366933,-1.000000,-50.811183,-66.811183,24.456250,0.000000,0.000000,2.200000,0.000000,0.000000,0.000000,44.691150,66.135178,13.350000,-8.996105,4.366933,1.200000,0.000000,0.000000,154.106912,-50.811183,-66.811183,30.000000,0.000000,0.000000,0.000000,0.000000,0.000000,0.000000,95.502333,132.946361,-11.106250,164.069434,-8.996105,4.366933,-1.000000,10.049876,nan,nan,nan,0,nan,nan,nan,0,nan,nan,nan,nan,nan,nan,nan,nan,nan,nan,nan,nan,nan,nan,nan,nan,nan,nan,nan,nan,nan,nan,nan,nan,nan,nan,nan,nan,nan,nan,nan,nan,nan,nan,nan,nan,nan,nan,nan,nan,nan,nan,nan,nan,nan,nan,nan,nan,nan,nan,2.000000,163.693099,-27.858118,-161.305163,10.000000,0.000000,164.083094,-27.858118,-161.305163,-11.306250,10.000000,0.000000,10.049876,inf,0.000000,1.000000,0.000000,0.000000,0.000000,0.000000,0.000000,0.000000,0.000000,0.000000,0.000000,0.000000,20.000000,2.283443,22.192719,nan
7.740,APPROACH,163.985593,95.051169,133.161886,-11.156250,-9.023276,4.310509,-1.000000,-50.811183,-66.811183,24.566250,0.000000,0.000000,2.200000,0.000000,0.000000,0.000000,44.239986,66.350703,13.410000,-9.023276,4.310509,1.200000,0.000000,0.000000,154.465728,-50.811183,-66.811183,30.000000,0.000000,0.000000,0.000000,0.000000,0.000000,0.000000,95.051169,133.161886,-11.156250,163.985593,-9.023276,4.310509,-1.000000,10.049876,nan,nan,nan,0,nan,nan,nan,0,nan,nan,nan,nan,nan,nan,nan,nan,nan,nan,nan,nan,nan,nan,nan,nan,nan,nan,nan,nan,nan,nan,nan,nan,nan,nan,nan,nan,nan,nan,nan,nan,nan,nan,nan,nan,nan,nan,nan,nan,nan,nan,nan,nan,nan,nan,nan,nan,nan,nan,2.000000,163.605662,-28.367743,-161.127539,10.000000,0.000000,163.999321,-28.367743,-161.127539,-11.356250,10.000000,0.000000,10.049876,inf,0.000000,1.000000,0.000000,0.000000,0.000000,0.000000,0.000000,0.000000,0.000000,0.000000,0.000000,0.000000,20.000000,2.188820,22.205452,nan
7.780,APPROACH,163.900173,94.598665,133.374583,-11.206250,-9.050092,4.253921,-1.000000,-50.811183,-66.811183,24.676250,0.000000,0.000000,2.200000,0.000000,0.000000,0.000000,43.787482,66.563399,13.470000,-9.050092,4.253921,1.200000,0.000000,0.000000,154.824516,-50.811183,-66.811183,30.000000,0.000000,0.000000,0.000000,0.000000,0.000000,0.000000,94.598665,133.374583,-11.206250,163.900173,-9.050092,4.253921,-1.000000,10.049876,nan,nan,nan,0,nan,nan,nan,0,nan,nan,nan,nan,nan,nan,nan,nan,nan,nan,nan,nan,nan,nan,nan,nan,nan,nan,nan,nan,nan,nan,nan,nan,nan,nan,nan,nan,nan,nan,nan,nan,nan,nan,nan,nan,nan,nan,nan,nan,nan,nan,nan,nan,nan,nan,nan,nan,nan,nan,2.000000,163.516625,-28.876165,-160.946742,10.000000,0.000000,163.913969,-28.876165,-160.946742,-11.406250,10.000000,0.000000,10.049876,inf,0.000000,1.000000,0.000000,0.000000,0.000000,0.000000,0.000000,0.000000,0.000000,0.000000,0.000000,0.000000,20.000000,2.220423,22.201199,nan
7.840,APPROACH,163.813175,94.144837,133.584441,-11.256250,-9.076550,4.197170,-1.000000,-50.811183,-66.811183,24.786250,0.000000,0.000000,2.200000,0.000000,0.000000,0.000000,43.333654,66.773258,13.530000,-9.076550,4.197170,1.200000,0.000000,0.000000,155.183276,-50.811183,-66.811183,30.000000,0.000000,0.000000,0.000000,0.000000,0.000000,0.000000,94.144837,133.584441,-11.256250,163.813175,-9.076550,4.197170,-1.000000,10.049876,nan,nan,nan,0,nan,nan,nan,0,nan,nan,nan,nan,nan,nan,nan,nan,nan,nan,nan,nan,nan,nan,nan,nan,nan,nan,nan,nan,nan,nan,nan,nan,nan,nan,nan,nan,nan,nan,nan,nan,nan,nan,nan,nan,nan,nan,nan,nan,nan,nan,nan,nan,nan,nan,nan,nan,nan,nan,2.000000,163.425987,-29.383368,-160.762779,10.000000,0.000000,163.827040,-29.383368,-160.762779,-11.456250,10.000000,0.000000,10.049876,inf,0.000000,1.000000,0.000000,0.000000,0.000000,0.000000,0.000000,0.000000,0.000000,0.000000,0.000000,0.000000,20.000000,2.373212,22.180638,nan
7.880,APPROACH,163.724602,93.689705,133.791454,-11.306250,-9.102651,4.140259,-1.000000,-50.811183,-66.811183,24.896250,0.000000,0.000000,2.200000,0.000000,0.000000,0.000000,42.878521,66.980271,13.590000,-9.102651,4.140259,1.200000,0.000000,0.000000,155.542009,-50.811183,-66.811183,30.000000,0.000000,0.000000,0.000000,0.000000,0.000000,0.000000,93.689705,133.791454,-11.306250,163.724602,-9.102651,4.140259,-1.000000,10.049876,nan,nan,nan,0,nan,nan,nan,0,nan,nan,nan,nan,nan,nan,nan,nan,nan,nan,nan,nan,nan,nan,nan,nan,nan,nan,nan,nan,nan,nan,nan,nan,nan,nan,nan,nan,nan,nan,nan,nan,nan,nan,nan,nan,nan,nan,nan,nan,nan,nan,nan,nan,nan,nan,nan,nan,nan,nan,2.000000,163.333750,-29.889333,-160.575657,10.000000,0.000000,163.738535,-29.889333,-160.575657,-11.506250,10.000000,0.000000,10.049876,inf,0.000000,1.000000,0.000000,0.000000,0.000000,0.000000,0.000000,0.000000,0.000000,0.000000,0.000000,0.000000,20.000000,2.626113,22.146606,nan
7.940,APPROACH,163.634453,93.233285,133.995614,-11.356250,-9.128393,4.083190,-1.000000,-50.811183,-66.811183,25.006250,0.000000,0.000000,2.200000,0.000000,0.000000,0.000000,42.422102,67.184430,13.650000,-9.128393,4.083190,1.200000,0.000000,0.000000,155.900717,-50.811183,-66.811183,30.000000,0.000000,0.000000,0.000000,0.000000,0.000000,0.000000,93.233285,133.995614,-11.356250,163.634453,-9.128393,4.083190,-1.000000,10.049876,nan,nan,nan,0,nan,nan,nan,0,nan,nan,nan,nan,nan,nan,nan,nan,nan,nan,nan,nan,nan,nan,nan,nan,nan,nan,nan,nan,nan,nan,nan,nan,nan,nan,nan,nan,nan,nan,nan,nan,nan,nan,nan,nan,nan,nan,nan,nan,nan,nan,nan,nan,nan,nan,nan,nan,nan,nan,2.000000,163.239915,-30.394044,-160.385386,10.000000,0.000000,163.648455,-30.394044,-160.385386,-11.556250,10.000000,0.000000,10.049876,inf,0.000000,1.000000,0.000000,0.000000,0.000000,0.000000,0.000000,0.000000,0.000000,0.000000,0.000000,0.000000,20.000000,2.953511,22.102548,nan
7.980,APPROACH,163.542731,92.775596,134.196912,-11.406250,-9.153775,4.025965,-1.000000,-50.811183,-66.811183,25.116250,0.000000,0.000000,2.200000,0.000000,0.000000,0.000000,41.964413,67.385729,13.710000,-9.153775,4.025965,1.200000,0.000000,0.000000,156.259399,-50.811183,-66.811183,30.000000,0.000000,0.000000,0.000000,0.000000,0.000000,0.000000,92.775596,134.196912,-11.406250,163.542731,-9.153775,4.025965,-1.000000,10.049876,nan,nan,nan,0,nan,nan,nan,0,nan,nan,nan,nan,nan,nan,nan,nan,nan,nan,nan,nan,nan,nan,nan,nan,nan,nan,nan,nan,nan,nan,nan,nan,nan,nan,nan,nan,nan,nan,nan,nan,nan,nan,nan,nan,nan,nan,nan,nan,nan,nan,nan,nan,nan,nan,nan,nan,nan,nan,2.000000,163.144483,-30.897484,-160.191972,10.000000,0.000000,163.556802,-30.897484,-160.191972,-11.606250,10.000000,0.000000,10.049876,inf,0.000000,1.000000,0.000000,0.000000,0.000000,0.000000,0.000000,0.000000,0.000000,0.000000,0.000000,0.000000,20.000000,3.333516,22.051411,nan
8.040,APPROACH,163.449437,92.316656,134.395341,-11.456250,-9.178797,3.968587,-1.000000,-50.811183,-66.811183,25.226250,0.000000,0.000000,2.200000,0.000000,0.000000,0.000000,41.505473,67.584158,13.770000,-9.178797,3.968587,1.200000,0.000000,0.000000,156.618056,-50.811183,-66.811183,30.000000,0.000000,0.000000,0.000000,0.000000,0.000000,0.000000,92.316656,134.395341,-11.456250,163.449437,-9.178797,3.968587,-1.000000,10.049876,nan,nan,nan,0,nan,nan,nan,0,nan,nan,nan,nan,nan,nan,nan,nan,nan,nan,nan,nan,nan,nan,nan,nan,nan,nan,nan,nan,nan,nan,nan,nan,nan,nan,nan,nan,nan,nan,nan,nan,nan,nan,nan,nan,nan,nan,nan,nan,nan,nan,nan,nan,nan,nan,nan,nan,nan,nan,2.000000,163.047456,-31.399634,-159.995424,10.000000,0.000000,163.463577,-31.399634,-159.995424,-11.656250,10.000000,0.000000,10.049876,inf,0.000000,1.000000,0.000000,0.000000,0.000000,0.000000,0.000000,0.000000,0.000000,0.000000,0.000000,0.000000,20.000000,3.750158,21.995344,nan
8.080,APPROACH,163.354572,91.856483,134.590894,-11.506250,-9.203458,3.911056,-1.000000,-50.811183,-66.811183,25.336250,0.000000,0.000000,2.200000,0.000000,0.000000,0.000000,41.045300,67.779711,13.830000,-9.203458,3.911056,1.200000,0.000000,0.000000,156.976690,-50.811183,-66.811183,30.000000,0.000000,0.000000,0.000000,0.000000,0.000000,0.000000,91.856483,134.590894,-11.506250,163.354572,-9.203458,3.911056,-1.000000,10.049876,nan,nan,nan,0,nan,nan,nan,0,nan,nan,nan,nan,nan,nan,nan,nan,nan,nan,nan,nan,nan,nan,nan,nan,nan,nan,nan,nan,nan,nan,nan,nan,nan,nan,nan,nan,nan,nan,nan,nan,nan,nan,nan,nan,nan,nan,nan,nan,nan,nan,nan,nan,nan,nan,nan,nan,nan,nan,2.000000,162.948833,-31.900478,-159.795750,10.000000,0.000000,163.368781,-31.900478,-159.795750,-11.706250,10.000000,0.000000,10.049876,inf,0.000000,1.000000,0.000000,0.000000,0.000000,0.000000,0.000000,0.000000,0.000000,0.000000,0.000000,0.000000,20.000000,4.192514,21.935816,nan
8.140,APPROACH,163.258137,91.395096,134.783563,-11.556250,-9.227757,3.853376,-1.000000,-50.811183,-66.811183,25.446250,0.000000,0.000000,2.200000,0.000000,0.000000,0.000000,40.583912,67.972380,13.890000,-9.227757,3.853376,1.200000,0.000000,0.000000,157.335300,-50.811183,-66.811183,30.000000,0.000000,0.000000,0.000000,0.000000,0.000000,0.000000,91.395096,134.783563,-11.556250,163.258137,-9.227757,3.853376,-1.000000,10.049876,nan,nan,nan,0,nan,nan,nan,0,nan,nan,nan,nan,nan,nan,nan,nan,nan,nan,nan,nan,nan,nan,nan,nan,nan,nan,nan,nan,nan,nan,nan,nan,nan,nan,nan,nan,nan,nan,nan,nan,nan,nan,nan,nan,nan,nan,nan,nan,nan,nan,nan,nan,nan,nan,nan,nan,nan,nan,2.000000,162.848618,-32.399999,-159.592958,10.000000,0.000000,163.272416,-32.399999,-159.592958,-11.756250,10.000000,0.000000,10.049876,inf,0.000000,1.000000,0.000000,0.000000,0.000000,0.000000,0.000000,0.000000,0.000000,0.000000,0.000000,0.000000,20.000000,4.653241,21.873816,nan
8.180,APPROACH,163.160133,90.932511,134.973340,-11.606250,-9.251692,3.795548,-1.000000,-50.811183,-66.811183,25.556250,0.000000,0.000000,2.200000,0.000000,0.000000,0.000000,40.121328,68.162157,13.950000,-9.251692,3.795548,1.200000,0.000000,0.000000,157.693889,-50.811183,-66.811183,30.000000,0.000000,0.000000,0.000000,0.000000,0.000000,0.000000,90.932511,134.973340,-11.606250,163.160133,-9.251692,3.795548,-1.000000,10.049876,nan,nan,nan,0,nan,nan,nan,0,nan,nan,nan,nan,nan,nan,nan,nan,nan,nan,nan,nan,nan,nan,nan,nan,nan,nan,nan,nan,nan,nan,nan,nan,nan,nan,nan,nan,nan,nan,nan,nan,nan,nan,nan,nan,nan,nan,nan,nan,nan,nan,nan,nan,nan,nan,nan,nan,nan,nan,2.000000,162.746810,-32.898178,-159.387057,10.000000,-0.000000,163.174482,-32.898178,-159.387057,-11.806250,10.000000,-0.000000,10.049876,inf,0.000000,1.000000,0.000000,0.000000,0.000000,0.000000,0.000000,0.000000,0.000000,0.000000,0.000000,0.000000,20.000000,5.127373,21.810013,nan
8.240,APPROACH,163.060563,90.468748,135.160219,-11.656250,-9.275264,3.737576,-1.000000,-50.811183,-66.811183,25.666250,0.000000,0.000000,2.200000,0.000000,0.000000,0.000000,39.657565,68.349036,14.010000,-9.275264,3.737576,1.200000,0.000000,0.000000,158.052456,-50.811183,-66.811183,30.000000,0.000000,0.000000,0.000000,0.000000,0.000000,0.000000,90.468748,135.160219,-11.656250,163.060563,-9.275264,3.737576,-1.000000,10.049876,nan,nan,nan,0,nan,nan,nan,0,nan,nan,nan,nan,nan,nan,nan,nan,nan,nan,nan,nan,nan,nan,nan,nan,nan,nan,nan,nan,nan,nan,nan,nan,nan,nan,nan,nan,nan,nan,nan,nan,nan,nan,nan,nan,nan,nan,nan,nan,nan,nan,nan,nan,nan,nan,nan,nan,nan,nan,2.000000,162.643411,-33.394998,-159.178055,10.000000,-0.000000,163.074982,-33.394998,-159.178055,-11.856250,10.000000,-0.000000,10.049876,inf,0.000000,1.000000,0.000000,0.000000,0.000000,0.000000,0.000000,0.000000,0.000000,0.000000,0.000000,0.000000,20.000000,5.611497,21.744864,nan
8.280,APPROACH,162.959427,90.003824,135.344192,-11.706250,-9.298472,3.679460,-1.000000,-50.811183,-66.811183,25.776250,0.000000,0.000000,2.200000,0.000000,0.000000,0.000000,39.192641,68.533009,14.070000,-9.298472,3.679460,1.200000,0.000000,0.000000,158.411001,-50.811183,-66.811183,30.000000,0.000000,0.000000,0.000000,0.000000,0.000000,0.000000,90.003824,135.344192,-11.706250,162.959427,-9.298472,3.679460,-1.000000,10.049876,nan,nan,nan,0,nan,nan,nan,0,nan,nan,nan,nan,nan,nan,nan,nan,nan,nan,nan,nan,nan,nan,nan,nan,nan,nan,nan,nan,nan,nan,nan,nan,nan,nan,nan,nan,nan,nan,nan,nan,nan,nan,nan,nan,nan,nan,nan,nan,nan,nan,nan,nan,nan,nan,nan,nan,nan,nan,2.000000,162.538422,-33.890442,-158.965960,10.000000,0.000000,162.973916,-33.890442,-158.965960,-11.906250,10.000000,0.000000,10.049876,inf,0.000000,1.000000,0.000000,0.000000,0.000000,0.000000,0.000000,0.000000,0.000000,0.000000,0.000000,0.000000,19.000000,5.375969,20.773974,nan
8.340,APPROACH,162.856727,89.537759,135.525252,-11.756250,-9.321313,3.621204,-1.000000,-50.811183,-66.811183,25.886250,0.000000,0.000000,2.200000,0.000000,0.000000,0.000000,38.726575,68.714069,14.130000,-9.321313,3.621204,1.200000,0.000000,0.000000,158.769526,-50.811183,-66.811183,30.000000,0.000000,0.000000,0.000000,0.000000,0.000000,0.000000,89.537759,135.525252,-11.756250,162.856727,-9.321313,3.621204,-1.000000,10.049876,nan,nan,nan,0,nan,nan,nan,0,nan,nan,nan,nan,nan,nan,nan,nan,nan,nan,nan,nan,nan,nan,nan,nan,nan,nan,nan,nan,nan,nan,nan,nan,nan,nan,nan,nan,nan,nan,nan,nan,nan,nan,nan,nan,nan,nan,nan,nan,nan,nan,nan,nan,nan,nan,nan,nan,nan,nan,2.000000,162.431845,-34.384493,-158.750782,10.000000,0.000000,162.871287,-34.384493,-158.750782,-11.956250,10.000000,0.000000,10.049876,inf,0.000000,1.000000,0.000000,0.000000,0.000000,0.000000,0.000000,0.000000,0.000000,0.000000,0.000000,0.000000,19.000000,4.896335,20.838749,nan
8.380,APPROACH,162.752464,89.070569,135.703393,-11.806250,-9.343789,3.562809,-1.000000,-50.811183,-66.811183,25.996250,0.000000,0.000000,2.200000,0.000000,0.000000,0.000000,38.259386,68.892209,14.190000,-9.343789,3.562809,1.200000,0.000000,0.000000,159.128032,-50.811183,-66.811183,30.000000,0.000000,0.000000,0.000000,0.000000,0.000000,0.000000,89.070569,135.703393,-11.806250,162.752464,-9.343789,3.562809,-1.000000,10.049876,nan,nan,nan,0,nan,nan,nan,0,nan,nan,nan,nan,nan,nan,nan,nan,nan,nan,nan,nan,nan,nan,nan,nan,nan,nan,nan,nan,nan,nan,nan,nan,nan,nan,nan,nan,nan,nan,nan,nan,nan,nan,nan,nan,nan,nan,nan,nan,nan,nan,nan,nan,nan,nan,nan,nan,nan,nan,2.000000,162.323680,-34.877134,-158.532528,10.000000,0.000000,162.767095,-34.877134,-158.532528,-12.006250,10.000000,0.000000,10.049876,inf,0.000000,1.000000,0.000000,0.000000,0.000000,0.000000,0.000000,0.000000,0.000000,0.000000,0.000000,0.000000,19.000000,4.428192,20.901971,nan
8.440,APPROACH,162.646640,88.602274,135.878606,-11.856250,-9.365898,3.504278,-1.000000,-50.811183,-66.811183,26.106250,0.000000,0.000000,2.200000,0.000000,0.000000,0.000000,37.791091,69.067423,14.250000,-9.365898,3.504278,1.200000,0.000000,0.000000,159.486518,-50.811183,-66.811183,30.000000,0.000000,0.000000,0.000000,0.000000,0.000000,0.000000,88.602274,135.878606,-11.856250,162.646640,-9.365898,3.504278,-1.000000,10.049876,nan,nan,nan,0,nan,nan,nan,0,nan,nan,nan,nan,nan,nan,nan,nan,nan,nan,nan,nan,nan,nan,nan,nan,nan,nan,nan,nan,nan,nan,nan,nan,nan,nan,nan,nan,nan,nan,nan,nan,nan,nan,nan,nan,nan,nan,nan,nan,nan,nan,nan,nan,nan,nan,nan,nan,nan,nan,2.000000,162.213929,-35.368345,-158.311209,10.000000,0.000000,162.661341,-35.368345,-158.311209,-12.056250,10.000000,0.000000,10.049876,inf,0.000000,1.000000,0.000000,0.000000,0.000000,0.000000,0.000000,0.000000,0.000000,0.000000,0.000000,0.000000,19.000000,3.975625,20.963091,nan
8.480,APPROACH,162.539255,88.132892,136.050887,-11.906250,-9.387638,3.445612,-1.000000,-50.811183,-66.811183,26.216250,0.000000,0.000000,2.200000,0.000000,0.000000,0.000000,37.321709,69.239704,14.310000,-9.387638,3.445612,1.200000,0.000000,0.000000,159.844986,-50.811183,-66.811183,30.000000,0.000000,0.000000,0.000000,0.000000,0.000000,0.000000,88.132892,136.050887,-11.906250,162.539255,-9.387638,3.445612,-1.000000,10.049876,nan,nan,nan,0,nan,nan,nan,0,nan,nan,nan,nan,nan,nan,nan,nan,nan,nan,nan,nan,nan,nan,nan,nan,nan,nan,nan,nan,nan,nan,nan,nan,nan,nan,nan,nan,nan,nan,nan,nan,nan,nan,nan,nan,nan,nan,nan,nan,nan,nan,nan,nan,nan,nan,nan,nan,nan,nan,2.000000,162.102593,-35.858112,-158.086832,10.000000,0.000000,162.554028,-35.858112,-158.086832,-12.106250,10.000000,0.000000,10.049876,inf,0.000000,1.000000,0.000000,0.000000,0.000000,0.000000,0.000000,0.000000,0.000000,0.000000,0.000000,0.000000,19.000000,3.544625,21.021298,nan
8.540,APPROACH,162.430311,87.662442,136.220228,-11.956250,-9.409011,3.386815,-1.000000,-50.811183,-66.811183,26.326250,0.000000,0.000000,2.200000,0.000000,0.000000,0.000000,36.851259,69.409045,14.370000,-9.409011,3.386815,1.200000,0.000000,0.000000,160.203436,-50.811183,-66.811183,30.000000,0.000000,0.000000,0.000000,0.000000,0.000000,0.000000,87.662442,136.220228,-11.956250,162.430311,-9.409011,3.386815,-1.000000,10.049876,nan,nan,nan,0,nan,nan,nan,0,nan,nan,nan,nan,nan,nan,nan,nan,nan,nan,nan,nan,nan,nan,nan,nan,nan,nan,nan,nan,nan,nan,nan,nan,nan,nan,nan,nan,nan,nan,nan,nan,nan,nan,nan,nan,nan,nan,nan,nan,nan,nan,nan,nan,nan,nan,nan,nan,nan,nan,2.000000,161.989673,-36.346415,-157.859407,10.000000,0.000000,162.445156,-36.346415,-157.859407,-12.156250,10.000000,0.000000,10.049876,inf,0.000000,1.000000,0.000000,0.000000,0.000000,0.000000,0.000000,0.000000,0.000000,0.000000,0.000000,0.000000,19.000000,3.144091,21.075390,nan
8.580,APPROACH,162.319811,87.190941,136.386622,-12.006250,-9.430014,3.327888,-1.000000,-50.811183,-66.811183,26.436250,0.000000,0.000000,2.200000,0.000000,0.000000,0.000000,36.379758,69.575439,14.430000,-9.430014,3.327888,1.200000,0.000000,0.000000,160.561868,-50.811183,-66.811183,30.000000,0.000000,0.000000,0.000000,0.000000,0.000000,0.000000,87.190941,136.386622,-12.006250,162.319811,-9.430014,3.327888,-1.000000,10.049876,nan,nan,nan,0,nan,nan,nan,0,nan,nan,nan,nan,nan,nan,nan,nan,nan,nan,nan,nan,nan,nan,nan,nan,nan,nan,nan,nan,nan,nan,nan,nan,nan,nan,nan,nan,nan,nan,nan,nan,nan,nan,nan,nan,nan,nan,nan,nan,nan,nan,nan,nan,nan,nan,nan,nan,nan,nan,2.000000,161.875171,-36.833237,-157.628943,10.000000,0.000000,162.334727,-36.833237,-157.628943,-12.206250,10.000000,0.000000,10.049876,inf,0.000000,1.000000,0.000000,0.000000,0.000000,0.000000,0.000000,0.000000,0.000000,0.000000,0.000000,0.000000,19.000000,2.787209,21.123587,nan
8.640,APPROACH,162.207754,86.718409,136.550064,-12.056250,-9.450647,3.268834,-1.000000,-50.811183,-66.811183,26.546250,0.000000,0.000000,2.200000,0.000000,0.000000,0.000000,35.907226,69.738881,14.490000,-9.450647,3.268834,1.200000,0.000000,0.000000,160.920283,-50.811183,-66.811183,30.000000,0.000000,0.000000,0.000000,0.000000,0.000000,0.000000,86.718409,136.550064,-12.056250,162.207754,-9.450647,3.268834,-1.000000,10.049876,nan,nan,nan,0,nan,nan,nan,0,nan,nan,nan,nan,nan,nan,nan,nan,nan,nan,nan,nan,nan,nan,nan,nan,nan,nan,nan,nan,nan,nan,nan,nan,nan,nan,nan,nan,nan,nan,nan,nan,nan,nan,nan,nan,nan,nan,nan,nan,nan,nan,nan,nan,nan,nan,nan,nan,nan,nan,2.000000,161.759087,-37.318562,-157.395449,10.000000,-0.000000,162.222742,-37.318562,-157.395449,-12.256250,10.000000,-0.000000,10.049876,inf,0.000000,1.000000,0.000000,0.000000,0.000000,0.000000,0.000000,0.000000,0.000000,0.000000,0.000000,0.000000,19.000000,2.492814,21.163345,nan
8.680,APPROACH,162.094143,86.244863,136.710547,-12.106250,-9.470909,3.209654,-1.000000,-50.811183,-66.811183,26.656250,0.000000,0.000000,2.200000,0.000000,0.000000,0.000000,35.433680,69.899363,14.550000,-9.470909,3.209654,1.200000,0.000000,0.000000,161.278682,-50.811183,-66.811183,30.000000,0.000000,0.000000,0.000000,0.000000,0.000000,0.000000,86.244863,136.710547,-12.106250,162.094143,-9.470909,3.209654,-1.000000,10.049876,nan,nan,nan,0,nan,nan,nan,0,nan,nan,nan,nan,nan,nan,nan,nan,nan,nan,nan,nan,nan,nan,nan,nan,nan,nan,nan,nan,nan,nan,nan,nan,nan,nan,nan,nan,nan,nan,nan,nan,nan,nan,nan,nan,nan,nan,nan,nan,nan,nan,nan,nan,nan,nan,nan,nan,nan,nan,2.000000,161.641424,-37.802371,-157.158935,10.000000,0.000000,162.109203,-37.802371,-157.158935,-12.306250,10.000000,0.000000,10.049876,inf,0.000000,1.000000,0.000000,0.000000,0.000000,0.000000,0.000000,0.000000,0.000000,0.000000,0.000000,0.000000,19.000000,2.285197,21.191384,nan
8.740,APPROACH,161.978979,85.770323,136.868064,-12.156250,-9.490800,3.150351,-1.000000,-50.811183,-66.811183,26.766250,0.000000,0.000000,2.200000,0.000000,0.000000,0.000000,34.959140,70.056881,14.610000,-9.490800,3.150351,1.200000,0.000000,0.000000,161.637064,-50.811183,-66.811183,30.000000,0.000000,0.000000,0.000000,0.000000,0.000000,0.000000,85.770323,136.868064,-12.156250,161.978979,-9.490800,3.150351,-1.000000,10.049876,nan,nan,nan,0,nan,nan,nan,0,nan,nan,nan,nan,nan,nan,nan,nan,nan,nan,nan,nan,nan,nan,nan,nan,nan,nan,nan,nan,nan,nan,nan,nan,nan,nan,nan,nan,nan,nan,nan,nan,nan,nan,nan,nan,nan,nan,nan,nan,nan,nan,nan,nan,nan,nan,nan,nan,nan,nan,2.000000,161.522182,-38.284648,-156.919410,10.000000,0.000000,161.994112,-38.284648,-156.919410,-12.356250,10.000000,0.000000,10.049876,inf,0.000000,1.000000,0.000000,0.000000,0.000000,0.000000,0.000000,0.000000,0.000000,0.000000,0.000000,0.000000,19.000000,2.189197,21.204348,nan
8.780,APPROACH,161.862264,85.294807,137.022611,-12.206250,-9.510319,3.090928,-1.000000,-50.811183,-66.811183,26.876250,0.000000,0.000000,2.200000,0.000000,0.000000,0.000000,34.483624,70.211427,14.670000,-9.510319,3.090928,1.200000,0.000000,0.000000,161.995431,-50.811183,-66.811183,30.000000,0.000000,0.000000,0.000000,0.000000,0.000000,0.000000,85.294807,137.022611,-12.206250,161.862264,-9.510319,3.090928,-1.000000,10.049876,nan,nan,nan,0,nan,nan,nan,0,nan,nan,nan,nan,nan,nan,nan,nan,nan,nan,nan,nan,nan,nan,nan,nan,nan,nan,nan,nan,nan,nan,nan,nan,nan,nan,nan,nan,nan,nan,nan,nan,nan,nan,nan,nan,nan,nan,nan,nan,nan,nan,nan,nan,nan,nan,nan,nan,nan,nan,2.000000,161.401363,-38.765374,-156.676883,10.000000,0.000000,161.877469,-38.765374,-156.676883,-12.406250,10.000000,0.000000,10.049876,inf,0.000000,1.000000,0.000000,0.000000,0.000000,0.000000,0.000000,0.000000,0.000000,0.000000,0.000000,0.000000,19.000000,2.219349,21.200276,nan
8.840,APPROACH,161.743999,84.818334,137.174180,-12.256250,-9.529465,3.031387,-1.000000,-50.811183,-66.811183,26.986250,0.000000,0.000000,2.200000,0.000000,0.000000,0.000000,34.007151,70.362997,14.730000,-9.529465,3.031387,1.200000,0.000000,0.000000,162.353784,-50.811183,-66.811183,30.000000,0.000000,0.000000,0.000000,0.000000,0.000000,0.000000,84.818334,137.174180,-12.256250,161.743999,-9.529465,3.031387,-1.000000,10.049876,nan,nan,nan,0,nan,nan,nan,0,nan,nan,nan,nan,nan,nan,nan,nan,nan,nan,nan,nan,nan,nan,nan,nan,nan,nan,nan,nan,nan,nan,nan,nan,nan,nan,nan,nan,nan,nan,nan,nan,nan,nan,nan,nan,nan,nan,nan,nan,nan,nan,nan,nan,nan,nan,nan,nan,nan,nan,2.000000,161.278968,-39.244534,-156.431365,10.000000,0.000000,161.759277,-39.244534,-156.431365,-12.456250,10.000000,0.000000,10.049876,inf,0.000000,1.000000,0.000000,0.000000,0.000000,0.000000,0.000000,0.000000,0.000000,0.000000,0.000000,0.000000,19.000000,2.370842,21.179817,nan
8.880,APPROACH,161.624185,84.340922,137.322766,-12.306250,-9.548237,2.971729,-1.000000,-50.811183,-66.811183,27.096250,0.000000,0.000000,2.200000,0.000000,0.000000,0.000000,33.529739,70.511583,14.790000,-9.548237,2.971729,1.200000,0.000000,0.000000,162.712121,-50.811183,-66.811183,30.000000,0.000000,0.000000,0.000000,0.000000,0.000000,0.000000,84.340922,137.322766,-12.306250,161.624185,-9.548237,2.971729,-1.000000,10.049876,nan,nan,nan,0,nan,nan,nan,0,nan,nan,nan,nan,nan,nan,nan,nan,nan,nan,nan,nan,nan,nan,nan,nan,nan,nan,nan,nan,nan,nan,nan,nan,nan,nan,nan,nan,nan,nan,nan,nan,nan,nan,nan,nan,nan,nan,nan,nan,nan,nan,nan,nan,nan,nan,nan,nan,nan,nan,2.000000,161.154998,-39.722108,-156.182865,10.000000,-0.000000,161.639536,-39.722108,-156.182865,-12.506250,10.000000,-0.000000,10.049876,inf,0.000000,1.000000,0.000000,0.000000,0.000000,0.000000,0.000000,0.000000,0.000000,0.000000,0.000000,0.000000,19.000000,2.622728,21.145800,nan
8.940,APPROACH,161.502824,83.862590,137.468364,-12.356250,-9.566635,2.911957,-1.000000,-50.811183,-66.811183,27.206250,0.000000,0.000000,2.200000,0.000000,0.000000,0.000000,33.051407,70.657181,14.850000,-9.566635,2.911957,1.200000,0.000000,0.000000,163.070445,-50.811183,-66.811183,30.000000,0.000000,0.000000,0.000000,0.000000,0.000000,0.000000,83.862590,137.468364,-12.356250,161.502824,-9.566635,2.911957,-1.000000,10.049876,nan,nan,nan,0,nan,nan,nan,0,nan,nan,nan,nan,nan,nan,nan,nan,nan,nan,nan,nan,nan,nan,nan,nan,nan,nan,nan,nan,nan,nan,nan,nan,nan,nan,nan,nan,nan,nan,nan,nan,nan,nan,nan,nan,nan,nan,nan,nan,nan,nan,nan,nan,nan,nan,nan,nan,nan,nan,2.000000,161.029455,-40.198081,-155.931394,10.000000,0.000000,161.518249,-40.198081,-155.931394,-12.556250,10.000000,0.000000,10.049876,inf,0.000000,1.000000,0.000000,0.000000,0.000000,0.000000,0.000000,0.000000,0.000000,0.000000,0.000000,0.000000,19.000000,2.949388,21.101684,nan
8.980,APPROACH,161.379918,83.383358,137.610968,-12.406250,-9.584658,2.852074,-1.000000,-50.811183,-66.811183,27.316250,0.000000,0.000000,2.200000,0.000000,0.000000,0.000000,32.572174,70.799785,14.910000,-9.584658,2.852074,1.200000,0.000000,0.000000,163.428754,-50.811183,-66.811183,30.000000,0.000000,0.000000,0.000000,0.000000,0.000000,0.000000,83.383358,137.610968,-12.406250,161.379918,-9.584658,2.852074,-1.000000,10.049876,nan,nan,nan,0,nan,nan,nan,0,nan,nan,nan,nan,nan,nan,nan,nan,nan,nan,nan,nan,nan,nan,nan,nan,nan,nan,nan,nan,nan,nan,nan,nan,nan,nan,nan,nan,nan,nan,nan,nan,nan,nan,nan,nan,nan,nan,nan,nan,nan,nan,nan,nan,nan,nan,nan,nan,nan,nan,2.000000,160.902339,-40.672434,-155.676960,10.000000,0.000000,161.395416,-40.672434,-155.676960,-12.606250,10.000000,0.000000,10.049876,inf,0.000000,1.000000,0.000000,0.000000,0.000000,0.000000,0.000000,0.000000,0.000000,0.000000,0.000000,0.000000,19.000000,3.328871,21.050435,nan
9.040,APPROACH,161.255468,82.903242,137.750572,-12.456250,-9.602306,2.792081,-1.000000,-50.811183,-66.811183,27.426250,0.000000,0.000000,2.200000,0.000000,0.000000,0.000000,32.092059,70.939389,14.970000,-9.602306,2.792081,1.200000,0.000000,0.000000,163.787051,-50.811183,-66.811183,30.000000,0.000000,0.000000,0.000000,0.000000,0.000000,0.000000,82.903242,137.750572,-12.456250,161.255468,-9.602306,2.792081,-1.000000,10.049876,nan,nan,nan,0,nan,nan,nan,0,nan,nan,nan,nan,nan,nan,nan,nan,nan,nan,nan,nan,nan,nan,nan,nan,nan,nan,nan,nan,nan,nan,nan,nan,nan,nan,nan,nan,nan,nan,nan,nan,nan,nan,nan,nan,nan,nan,nan,nan,nan,nan,nan,nan,nan,nan,nan,nan,nan,nan,2.000000,160.773654,-41.145151,-155.419575,10.000000,0.000000,161.271040,-41.145151,-155.419575,-12.656250,10.000000,0.000000,10.049876,inf,0.000000,1.000000,0.000000,0.000000,0.000000,0.000000,0.000000,0.000000,0.000000,0.000000,0.000000,0.000000,19.000000,3.745141,20.994218,nan
9.080,APPROACH,161.129475,82.422263,137.887171,-12.506250,-9.619578,2.731982,-1.000000,-50.811183,-66.811183,27.536250,0.000000,0.000000,2.200000,0.000000,0.000000,0.000000,31.611080,71.075988,15.030000,-9.619578,2.731982,1.200000,0.000000,0.000000,164.145334,-50.811183,-66.811183,30.000000,0.000000,0.000000,0.000000,0.000000,0.000000,0.000000,82.422263,137.887171,-12.506250,161.129475,-9.619578,2.731982,-1.000000,10.049876,nan,nan,nan,0,nan,nan,nan,0,nan,nan,nan,nan,nan,nan,nan,nan,nan,nan,nan,nan,nan,nan,nan,nan,nan,nan,nan,nan,nan,nan,nan,nan,nan,nan,nan,nan,nan,nan,nan,nan,nan,nan,nan,nan,nan,nan,nan,nan,nan,nan,nan,nan,nan,nan,nan,nan,nan,nan,2.000000,160.643398,-41.616214,-155.159248,10.000000,0.000000,161.145122,-41.616214,-155.159248,-12.706250,10.000000,0.000000,10.049876,inf,0.000000,1.000000,0.000000,0.000000,0.000000,0.000000,0.000000,0.000000,0.000000,0.000000,0.000000,0.000000,19.000000,4.187227,20.934514,nan
9.140,APPROACH,161.001942,81.940440,138.020760,-12.556250,-9.636473,2.671777,-1.000000,-50.811183,-66.811183,27.646250,0.000000,0.000000,2.200000,0.000000,0.000000,0.000000,31.129257,71.209577,15.090000,-9.636473,2.671777,1.200000,0.000000,0.000000,164.503605,-50.811183,-66.811183,30.000000,0.000000,0.000000,0.000000,0.000000,0.000000,0.000000,81.940440,138.020760,-12.556250,161.001942,-9.636473,2.671777,-1.000000,10.049876,nan,nan,nan,0,nan,nan,nan,0,nan,nan,nan,nan,nan,nan,nan,nan,nan,nan,nan,nan,nan,nan,nan,nan,nan,nan,nan,nan,nan,nan,nan,nan,nan,nan,nan,nan,nan,nan,nan,nan,nan,nan,nan,nan,nan,nan,nan,nan,nan,nan,nan,nan,nan,nan,nan,nan,nan,nan,2.000000,160.511575,-42.085606,-154.895990,10.000000,0.000000,161.017663,-42.085606,-154.895990,-12.756250,10.000000,0.000000,10.049876,inf,0.000000,1.000000,0.000000,0.000000,0.000000,0.000000,0.000000,0.000000,0.000000,0.000000,0.000000,0.000000,19.000000,4.647753,20.872320,nan
9.180,APPROACH,160.872869,81.457790,138.151333,-12.606250,-9.652990,2.611471,-1.000000,-50.811183,-66.811183,27.756250,0.000000,0.000000,2.200000,0.000000,0.000000,0.000000,30.646607,71.340150,15.150000,-9.652990,2.611471,1.200000,0.000000,0.000000,164.861864,-50.811183,-66.811183,30.000000,0.000000,0.000000,0.000000,0.000000,0.000000,0.000000,81.457790,138.151333,-12.606250,160.872869,-9.652990,2.611471,-1.000000,10.049876,nan,nan,nan,0,nan,nan,nan,0,nan,nan,nan,nan,nan,nan,nan,nan,nan,nan,nan,nan,nan,nan,nan,nan,nan,nan,nan,nan,nan,nan,nan,nan,nan,nan,nan,nan,nan,nan,nan,nan,nan,nan,nan,nan,nan,nan,nan,nan,nan,nan,nan,nan,nan,nan,nan,nan,nan,nan,2.000000,160.378186,-42.553310,-154.629811,10.000000,0.000000,160.888665,-42.553310,-154.629811,-12.806250,10.000000,0.000000,10.049876,inf,0.000000,1.000000,0.000000,0.000000,0.000000,0.000000,0.000000,0.000000,0.000000,0.000000,0.000000,0.000000,19.000000,5.121732,20.808309,nan
9.240,APPROACH,160.742259,80.974334,138.278887,-12.656250,-9.669130,2.551064,-1.000000,-50.811183,-66.811183,27.866250,0.000000,0.000000,2.200000,0.000000,0.000000,0.000000,30.163151,71.467703,15.210000,-9.669130,2.551064,1.200000,0.000000,0.000000,165.220111,-50.811183,-66.811183,30.000000,0.000000,0.000000,0.000000,0.000000,0.000000,0.000000,80.974334,138.278887,-12.656250,160.742259,-9.669130,2.551064,-1.000000,10.049876,nan,nan,nan,0,nan,nan,nan,0,nan,nan,nan,nan,nan,nan,nan,nan,nan,nan,nan,nan,nan,nan,nan,nan,nan,nan,nan,nan,nan,nan,nan,nan,nan,nan,nan,nan,nan,nan,nan,nan,nan,nan,nan,nan,nan,nan,nan,nan,nan,nan,nan,nan,nan,nan,nan,nan,nan,nan,2.000000,160.243231,-43.019309,-154.360721,10.000000,0.000000,160.758130,-43.019309,-154.360721,-12.856250,10.000000,0.000000,10.049876,inf,0.000000,1.000000,0.000000,0.000000,0.000000,0.000000,0.000000,0.000000,0.000000,0.000000,0.000000,0.000000,19.000000,5.605737,20.742944,nan
9.280,APPROACH,160.609851,80.490089,138.403415,-12.702937,-9.684891,2.490559,-0.933750,-50.811183,-66.811183,27.972937,0.000000,0.000000,2.133750,0.000000,0.000000,0.000000,29.678906,71.592231,15.270000,-9.684891,2.490559,1.200000,0.000000,0.000000,165.578347,-50.811183,-66.811183,30.000000,0.000000,0.000000,0.000000,0.000000,0.000000,0.000000,80.490089,138.403415,-12.702937,160.609851,-9.684891,2.490559,-0.933750,10.043500,nan,nan,nan,0,nan,nan,nan,0,nan,nan,nan,nan,nan,nan,nan,nan,nan,nan,nan,nan,nan,nan,nan,nan,nan,nan,nan,nan,nan,nan,nan,nan,nan,nan,nan,nan,nan,nan,nan,nan,nan,nan,nan,nan,nan,nan,nan,nan,nan,nan,nan,nan,nan,nan,nan,nan,nan,nan,2.000000,160.106713,-43.483585,-154.088732,10.000000,-0.000000,160.625793,-43.483585,-154.088732,-12.902937,10.000000,-0.000000,10.043500,inf,0.000000,1.000000,0.000000,0.000000,0.000000,0.000000,0.000000,0.000000,0.000000,0.000000,0.000000,0.000000,18.000000,5.381702,19.770338,nan
9.340,APPROACH,160.475482,80.005076,138.524913,-12.744291,-9.700273,2.429959,-0.827063,-50.811183,-66.811183,28.074291,0.000000,0.000000,2.027063,0.000000,0.000000,0.000000,29.193892,71.713729,15.330000,-9.700273,2.429959,1.200000,0.000000,0.000000,165.936571,-50.811183,-66.811183,30.000000,0.000000,0.000000,0.000000,0.000000,0.000000,0.000000,80.005076,138.524913,-12.744291,160.475482,-9.700273,2.429959,-0.827063,10.034143,nan,nan,nan,0,nan,nan,nan,0,nan,nan,nan,nan,nan,nan,nan,nan,nan,nan,nan,nan,nan,nan,nan,nan,nan,nan,nan,nan,nan,nan,nan,nan,nan,nan,nan,nan,nan,nan,nan,nan,nan,nan,nan,nan,nan,nan,nan,nan,nan,nan,nan,nan,nan,nan,nan,nan,nan,nan,2.000000,159.968633,-43.946123,-153.813854,10.000000,0.000000,160.491489,-43.946123,-153.813854,-12.944291,10.000000,0.000000,10.034143,inf,0.000000,1.000000,0.000000,0.000000,0.000000,0.000000,0.000000,0.000000,0.000000,0.000000,0.000000,0.000000,18.000000,4.901966,19.835382,nan
9.380,APPROACH,160.339171,79.519312,138.643376,-12.780576,-9.715276,2.369266,-0.725709,-50.811183,-66.811183,28.170576,0.000000,0.000000,1.925709,0.000000,0.000000,0.000000,28.708129,71.832193,15.390000,-9.715276,2.369266,1.200000,0.000000,0.000000,166.294785,-50.811183,-66.811183,30.000000,0.000000,0.000000,0.000000,0.000000,0.000000,0.000000,79.519312,138.643376,-12.780576,160.339171,-9.715276,2.369266,-0.725709,10.026298,nan,nan,nan,0,nan,nan,nan,0,nan,nan,nan,nan,nan,nan,nan,nan,nan,nan,nan,nan,nan,nan,nan,nan,nan,nan,nan,nan,nan,nan,nan,nan,nan,nan,nan,nan,nan,nan,nan,nan,nan,nan,nan,nan,nan,nan,nan,nan,nan,nan,nan,nan,nan,nan,nan,nan,nan,nan,2.000000,159.828992,-44.406903,-153.536099,10.000000,0.000000,160.355237,-44.406903,-153.536099,-12.980576,10.000000,0.000000,10.026298,inf,0.000000,1.000000,0.000000,0.000000,0.000000,0.000000,0.000000,0.000000,0.000000,0.000000,0.000000,0.000000,18.000000,4.433682,19.898872,nan
9.440,APPROACH,160.200934,79.032817,138.758800,-12.812047,-9.729898,2.308482,-0.629424,-50.811183,-66.811183,28.262047,0.000000,0.000000,1.829424,0.000000,0.000000,0.000000,28.221634,71.947617,15.450000,-9.729898,2.308482,1.200000,0.000000,0.000000,166.652989,-50.811183,-66.811183,30.000000,0.000000,0.000000,0.000000,0.000000,0.000000,0.000000,79.032817,138.758800,-12.812047,160.200934,-9.729898,2.308482,-0.629424,10.019789,nan,nan,nan,0,nan,nan,nan,0,nan,nan,nan,nan,nan,nan,nan,nan,nan,nan,nan,nan,nan,nan,nan,nan,nan,nan,nan,nan,nan,nan,nan,nan,nan,nan,nan,nan,nan,nan,nan,nan,nan,nan,nan,nan,nan,nan,nan,nan,nan,nan,nan,nan,nan,nan,nan,nan,nan,nan,2.000000,159.687791,-44.865910,-153.255476,10.000000,0.000000,160.217053,-44.865910,-153.255476,-13.012047,10.000000,0.000000,10.019789,inf,0.000000,1.000000,0.000000,0.000000,0.000000,0.000000,0.000000,0.000000,0.000000,0.000000,0.000000,0.000000,18.000000,3.980914,19.960260,nan
9.480,APPROACH,160.060789,78.545610,138.871180,-12.838945,-9.744139,2.247609,-0.537953,-50.811183,-66.811183,28.348945,0.000000,0.000000,1.737953,0.000000,0.000000,0.000000,27.734427,72.059997,15.510000,-9.744139,2.247609,1.200000,0.000000,0.000000,167.011182,-50.811183,-66.811183,30.000000,0.000000,0.000000,0.000000,0.000000,0.000000,0.000000,78.545610,138.871180,-12.838945,160.060789,-9.744139,2.247609,-0.537953,10.014459,nan,nan,nan,0,nan,nan,nan,0,nan,nan,nan,nan,nan,nan,nan,nan,nan,nan,nan,nan,nan,nan,nan,nan,nan,nan,nan,nan,nan,nan,nan,nan,nan,nan,nan,nan,nan,nan,nan,nan,nan,nan,nan,nan,nan,nan,nan,nan,nan,nan,nan,nan,nan,nan,nan,nan,nan,nan,2.000000,159.545033,-45.323127,-152.971996,10.000000,0.000000,160.076955,-45.323127,-152.971996,-13.038945,10.000000,0.000000,10.014459,inf,0.000000,1.000000,0.000000,0.000000,0.000000,0.000000,0.000000,0.000000,0.000000,0.000000,0.000000,0.000000,18.000000,3.549623,20.018735,nan
9.540,APPROACH,159.918752,78.057710,138.980513,-12.861498,-9.758000,2.186650,-0.451055,-50.811183,-66.811183,28.431498,0.000000,0.000000,1.651055,0.000000,0.000000,0.000000,27.246527,72.169330,15.570000,-9.758000,2.186650,1.200000,0.000000,0.000000,167.369365,-50.811183,-66.811183,30.000000,0.000000,0.000000,0.000000,0.000000,0.000000,0.000000,78.057710,138.980513,-12.861498,159.918752,-9.758000,2.186650,-0.451055,10.010167,nan,nan,nan,0,nan,nan,nan,0,nan,nan,nan,nan,nan,nan,nan,nan,nan,nan,nan,nan,nan,nan,nan,nan,nan,nan,nan,nan,nan,nan,nan,nan,nan,nan,nan,nan,nan,nan,nan,nan,nan,nan,nan,nan,nan,nan,nan,nan,nan,nan,nan,nan,nan,nan,nan,nan,nan,nan,2.000000,159.400718,-45.778537,-152.685673,10.000000,0.000000,159.934961,-45.778537,-152.685673,-13.061498,10.000000,0.000000,10.010167,inf,0.000000,1.000000,0.000000,0.000000,0.000000,0.000000,0.000000,0.000000,0.000000,0.000000,0.000000,0.000000,18.000000,3.148669,20.073097,nan
9.580,APPROACH,159.774839,77.569136,139.086793,-12.879923,-9.771479,2.125607,-0.368502,-50.811183,-66.811183,28.509923,0.000000,0.000000,1.568502,0.000000,0.000000,0.000000,26.757953,72.275610,15.630000,-9.771479,2.125607,1.200000,0.000000,0.000000,167.727539,-50.811183,-66.811183,30.000000,0.000000,0.000000,0.000000,0.000000,0.000000,0.000000,77.569136,139.086793,-12.879923,159.774839,-9.771479,2.125607,-0.368502,10.006787,nan,nan,nan,0,nan,nan,nan,0,nan,nan,nan,nan,nan,nan,nan,nan,nan,nan,nan,nan,nan,nan,nan,nan,nan,nan,nan,nan,nan,nan,nan,nan,nan,nan,nan,nan,nan,nan,nan,nan,nan,nan,nan,nan,nan,nan,nan,nan,nan,nan,nan,nan,nan,nan,nan,nan,nan,nan,2.000000,159.254849,-46.232122,-152.396515,10.000000,0.000000,159.791086,-46.232122,-152.396515,-13.079923,10.000000,0.000000,10.006787,inf,0.000000,1.000000,0.000000,0.000000,0.000000,0.000000,0.000000,0.000000,0.000000,0.000000,0.000000,0.000000,18.000000,2.791174,20.121567,nan
9.640,APPROACH,159.629068,77.079907,139.190017,-12.894427,-9.784575,2.064483,-0.290077,-50.811183,-66.811183,28.584427,0.000000,0.000000,1.490077,0.000000,0.000000,0.000000,26.268724,72.378834,15.690000,-9.784575,2.064483,1.200000,0.000000,0.000000,168.085704,-50.811183,-66.811183,30.000000,0.000000,0.000000,0.000000,0.000000,0.000000,0.000000,77.079907,139.190017,-12.894427,159.629068,-9.784575,2.064483,-0.290077,10.004206,nan,nan,nan,0,nan,nan,nan,0,nan,nan,nan,nan,nan,nan,nan,nan,nan,nan,nan,nan,nan,nan,nan,nan,nan,nan,nan,nan,nan,nan,nan,nan,nan,nan,nan,nan,nan,nan,nan,nan,nan,nan,nan,nan,nan,nan,nan,nan,nan,nan,nan,nan,nan,nan,nan,nan,nan,nan,2.000000,159.107426,-46.683867,-152.104535,10.000000,0.000000,159.645348,-46.683867,-152.104535,-13.094427,10.000000,0.000000,10.004206,inf,0.000000,1.000000,0.000000,0.000000,0.000000,0.000000,0.000000,0.000000,0.000000,0.000000,0.000000,0.000000,18.000000,2.495899,20.161601,nan
9.680,APPROACH,159.481452,76.590043,139.290181,-12.905205,-9.797289,2.003280,-0.215573,-50.811183,-66.811183,28.655205,0.000000,0.000000,1.415573,0.000000,0.000000,0.000000,25.778860,72.478998,15.750000,-9.797289,2.003280,1.200000,0.000000,0.000000,168.443860,-50.811183,-66.811183,30.000000,0.000000,0.000000,0.000000,0.000000,0.000000,0.000000,76.590043,139.290181,-12.905205,159.481452,-9.797289,2.003280,-0.215573,10.002323,nan,nan,nan,0,nan,nan,nan,0,nan,nan,nan,nan,nan,nan,nan,nan,nan,nan,nan,nan,nan,nan,nan,nan,nan,nan,nan,nan,nan,nan,nan,nan,nan,nan,nan,nan,nan,nan,nan,nan,nan,nan,nan,nan,nan,nan,nan,nan,nan,nan,nan,nan,nan,nan,nan,nan,nan,nan,2.000000,158.958451,-47.133753,-151.809745,10.000000,0.000000,159.497761,-47.133753,-151.809745,-13.105205,10.000000,0.000000,10.002323,inf,0.000000,1.000000,0.000000,0.000000,0.000000,0.000000,0.000000,0.000000,0.000000,0.000000,0.000000,0.000000,18.000000,2.287085,20.189912,nan
9.740,APPROACH,159.332008,76.099562,139.387281,-12.912445,-9.809620,1.942000,-0.144795,-50.811183,-66.811183,28.722445,0.000000,0.000000,1.344795,0.000000,0.000000,0.000000,25.288379,72.576098,15.810000,-9.809620,1.942000,1.200000,0.000000,0.000000,168.802007,-50.811183,-66.811183,30.000000,0.000000,0.000000,0.000000,0.000000,0.000000,0.000000,76.099562,139.387281,-12.912445,159.332008,-9.809620,1.942000,-0.144795,10.001048,nan,nan,nan,0,nan,nan,nan,0,nan,nan,nan,nan,nan,nan,nan,nan,nan,nan,nan,nan,nan,nan,nan,nan,nan,nan,nan,nan,nan,nan,nan,nan,nan,nan,nan,nan,nan,nan,nan,nan,nan,nan,nan,nan,nan,nan,nan,nan,nan,nan,nan,nan,nan,nan,nan,nan,nan,nan,2.000000,158.807927,-47.581765,-151.512155,10.000000,0.000000,159.348341,-47.581765,-151.512155,-13.112445,10.000000,0.000000,10.001048,inf,0.000000,1.000000,0.000000,0.000000,0.000000,0.000000,0.000000,0.000000,0.000000,0.000000,0.000000,0.000000,18.000000,2.189617,20.203127,nan
9.780,APPROACH,159.180750,75.608483,139.481314,-12.916323,-9.821567,1.880645,-0.077555,-50.811183,-66.811183,28.786323,0.000000,0.000000,1.277555,0.000000,0.000000,0.000000,24.797300,72.670131,15.870000,-9.821567,1.880645,1.200000,0.000000,0.000000,169.160145,-50.811183,-66.811183,30.000000,0.000000,0.000000,0.000000,0.000000,0.000000,0.000000,75.608483,139.481314,-12.916323,159.180750,-9.821567,1.880645,-0.077555,10.000301,nan,nan,nan,0,nan,nan,nan,0,nan,nan,nan,nan,nan,nan,nan,nan,nan,nan,nan,nan,nan,nan,nan,nan,nan,nan,nan,nan,nan,nan,nan,nan,nan,nan,nan,nan,nan,nan,nan,nan,nan,nan,nan,nan,nan,nan,nan,nan,nan,nan,nan,nan,nan,nan,nan,nan,nan,nan,2.000000,158.655853,-48.027886,-151.211778,10.000000,0.000000,159.197103,-48.027886,-151.211778,-13.116323,10.000000,0.000000,10.000301,inf,0.000000,1.000000,0.000000,0.000000,0.000000,0.000000,0.000000,0.000000,0.000000,0.000000,0.000000,0.000000,18.000000,2.218226,20.199249,nan
9.840,APPROACH,159.027691,75.116827,139.572275,-12.917007,-9.833130,1.819219,-0.013677,-50.811183,-66.811183,28.847007,0.000000,0.000000,1.213677,0.000000,0.000000,0.000000,24.305644,72.761091,15.930000,-9.833130,1.819219,1.200000,0.000000,0.000000,169.518276,-50.811183,-66.811183,30.000000,0.000000,0.000000,0.000000,0.000000,0.000000,0.000000,75.116827,139.572275,-12.917007,159.027691,-9.833130,1.819219,-0.013677,10.000009,nan,nan,nan,0,nan,nan,nan,0,nan,nan,nan,nan,nan,nan,nan,nan,nan,nan,nan,nan,nan,nan,nan,nan,nan,nan,nan,nan,nan,nan,nan,nan,nan,nan,nan,nan,nan,nan,nan,nan,nan,nan,nan,nan,nan,nan,nan,nan,nan,nan,nan,nan,nan,nan,nan,nan,nan,nan,2.000000,158.502232,-48.472100,-150.908625,10.000000,0.000000,159.044061,-48.472100,-150.908625,-13.117007,10.000000,0.000000,10.000009,inf,0.000000,1.000000,0.000000,0.000000,0.000000,0.000000,0.000000,0.000000,0.000000,0.000000,0.000000,0.000000,18.000000,2.368345,20.178895,nan
9.880,APPROACH,158.872847,74.624612,139.660161,-12.914656,-9.844309,1.757723,0.047007,-50.811183,-66.811183,28.904656,0.000000,0.000000,1.152993,0.000000,0.000000,0.000000,23.813428,72.848978,15.990000,-9.844309,1.757723,1.200000,0.000000,0.000000,169.876398,-50.811183,-66.811183,30.000000,0.000000,0.000000,0.000000,0.000000,0.000000,0.000000,74.624612,139.660161,-12.914656,158.872847,-9.844309,1.757723,0.047007,10.000110,nan,nan,nan,0,nan,nan,nan,0,nan,nan,nan,nan,nan,nan,nan,nan,nan,nan,nan,nan,nan,nan,nan,nan,nan,nan,nan,nan,nan,nan,nan,nan,nan,nan,nan,nan,nan,nan,nan,nan,nan,nan,nan,nan,nan,nan,nan,nan,nan,nan,nan,nan,nan,nan,nan,nan,nan,nan,2.000000,158.347066,-48.914389,-150.602708,10.000000,0.000000,158.889230,-48.914389,-150.602708,-13.114656,10.000000,0.000000,10.000110,inf,0.000000,1.000000,0.000000,0.000000,0.000000,0.000000,0.000000,0.000000,0.000000,0.000000,0.000000,0.000000,18.000000,2.619159,20.144889,nan
9.940,APPROACH,158.716230,74.131856,139.744969,-12.909424,-9.855102,1.696159,0.104656,-50.811183,-66.811183,28.959424,0.000000,0.000000,1.095344,0.000000,0.000000,0.000000,23.320673,72.933786,16.050000,-9.855102,1.696159,1.200000,0.000000,0.000000,170.234513,-50.811183,-66.811183,30.000000,0.000000,0.000000,0.000000,0.000000,0.000000,0.000000,74.131856,139.744969,-12.909424,158.716230,-9.855102,1.696159,0.104656,10.000548,nan,nan,nan,0,nan,nan,nan,0,nan,nan,nan,nan,nan,nan,nan,nan,nan,nan,nan,nan,nan,nan,nan,nan,nan,nan,nan,nan,nan,nan,nan,nan,nan,nan,nan,nan,nan,nan,nan,nan,nan,nan,nan,nan,nan,nan,nan,nan,nan,nan,nan,nan,nan,nan,nan,nan,nan,nan,2.000000,158.190355,-49.354736,-150.294040,10.000000,0.000000,158.732622,-49.354736,-150.294040,-13.109424,10.000000,0.000000,10.000548,inf,0.000000,1.000000,0.000000,0.000000,0.000000,0.000000,0.000000,0.000000,0.000000,0.000000,0.000000,0.000000,18.000000,2.945043,20.100705,nan
9.980,APPROACH,158.557853,73.638581,139.826695,-12.901452,-9.865511,1.634530,0.159424,-50.811183,-66.811183,29.011452,0.000000,0.000000,1.040576,0.000000,0.000000,0.000000,22.827398,73.015512,16.110000,-9.865511,1.634530,1.200000,0.000000,0.000000,170.592620,-50.811183,-66.811183,30.000000,0.000000,0.000000,0.000000,0.000000,0.000000,0.000000,73.638581,139.826695,-12.901452,158.557853,-9.865511,1.634530,0.159424,10.001271,nan,nan,nan,0,nan,nan,nan,0,nan,nan,nan,nan,nan,nan,nan,nan,nan,nan,nan,nan,nan,nan,nan,nan,nan,nan,nan,nan,nan,nan,nan,nan,nan,nan,nan,nan,nan,nan,nan,nan,nan,nan,nan,nan,nan,nan,nan,nan,nan,nan,nan,nan,nan,nan,nan,nan,nan,nan,2.000000,158.032102,-49.793127,-149.982632,10.000000,0.000000,158.574252,-49.793127,-149.982632,-13.101452,10.000000,0.000000,10.001271,inf,0.000000,1.000000,0.000000,0.000000,0.000000,0.000000,0.000000,0.000000,0.000000,0.000000,0.000000,0.000000,18.000000,3.323980,20.049328,nan
10.040,APPROACH,158.397729,73.144804,139.905337,-12.890880,-9.875534,1.572839,0.211452,-50.811183,-66.811183,29.060880,0.000000,0.000000,0.988548,0.000000,0.000000,0.000000,22.333621,73.094154,16.170000,-9.875534,1.572839,1.200000,0.000000,0.000000,170.950720,-50.811183,-66.811183,30.000000,0.000000,0.000000,0.000000,0.000000,0.000000,0.000000,73.144804,139.905337,-12.890880,158.397729,-9.875534,1.572839,0.211452,10.002235,nan,nan,nan,0,nan,nan,nan,0,nan,nan,nan,nan,nan,nan,nan,nan,nan,nan,nan,nan,nan,nan,nan,nan,nan,nan,nan,nan,nan,nan,nan,nan,nan,nan,nan,nan,nan,nan,nan,nan,nan,nan,nan,nan,nan,nan,nan,nan,nan,nan,nan,nan,nan,nan,nan,nan,nan,nan,2.000000,157.872308,-50.229544,-149.668496,10.000000,0.000000,158.414131,-50.229544,-149.668496,-13.090880,10.000000,0.000000,10.002235,inf,0.000000,1.000000,0.000000,0.000000,0.000000,0.000000,0.000000,0.000000,0.000000,0.000000,0.000000,0.000000,18.000000,3.739866,19.992942,nan
10.080,APPROACH,158.235870,72.650546,139.980892,-12.877836,-9.885171,1.511088,0.260880,-50.811183,-66.811183,29.107836,0.000000,0.000000,0.939120,0.000000,0.000000,0.000000,21.839362,73.169708,16.230000,-9.885171,1.511088,1.200000,0.000000,0.000000,171.308814,-50.811183,-66.811183,30.000000,0.000000,0.000000,0.000000,0.000000,0.000000,0.000000,72.650546,139.980892,-12.877836,158.235870,-9.885171,1.511088,0.260880,10.003402,nan,nan,nan,0,nan,nan,nan,0,nan,nan,nan,nan,nan,nan,nan,nan,nan,nan,nan,nan,nan,nan,nan,nan,nan,nan,nan,nan,nan,nan,nan,nan,nan,nan,nan,nan,nan,nan,nan,nan,nan,nan,nan,nan,nan,nan,nan,nan,nan,nan,nan,nan,nan,nan,nan,nan,nan,nan,2.000000,157.710975,-50.663970,-149.351645,10.000000,0.000000,158.252272,-50.663970,-149.351645,-13.077836,10.000000,0.000000,10.003402,inf,0.000000,1.000000,0.000000,0.000000,0.000000,0.000000,0.000000,0.000000,0.000000,0.000000,0.000000,0.000000,18.000000,4.181676,19.933040,nan
10.140,APPROACH,158.072287,72.155824,140.053355,-12.862444,-9.894422,1.449278,0.307836,-50.811183,-66.811183,29.152444,0.000000,0.000000,0.892164,0.000000,0.000000,0.000000,21.344641,73.242172,16.290000,-9.894422,1.449278,1.200000,0.000000,0.000000,171.666900,-50.811183,-66.811183,30.000000,0.000000,0.000000,0.000000,0.000000,0.000000,0.000000,72.155824,140.053355,-12.862444,158.072287,-9.894422,1.449278,0.307836,10.004737,nan,nan,nan,0,nan,nan,nan,0,nan,nan,nan,nan,nan,nan,nan,nan,nan,nan,nan,nan,nan,nan,nan,nan,nan,nan,nan,nan,nan,nan,nan,nan,nan,nan,nan,nan,nan,nan,nan,nan,nan,nan,nan,nan,nan,nan,nan,nan,nan,nan,nan,nan,nan,nan,nan,nan,nan,nan,2.000000,157.548105,-51.096391,-149.032091,10.000000,0.000000,158.088687,-51.096391,-149.032091,-13.062444,10.000000,0.000000,10.004737,inf,0.000000,1.000000,0.000000,0.000000,0.000000,0.000000,0.000000,0.000000,0.000000,0.000000,0.000000,0.000000,18.000000,4.642000,19.870628,nan
10.180,APPROACH,157.906992,71.660660,140.122726,-12.844822,-9.903287,1.387414,0.352444,-50.811183,-66.811183,29.194822,0.000000,0.000000,0.847556,0.000000,0.000000,0.000000,20.849477,73.311543,16.350000,-9.903287,1.387414,1.200000,0.000000,0.000000,172.024980,-50.811183,-66.811183,30.000000,0.000000,0.000000,0.000000,0.000000,0.000000,0.000000,71.660660,140.122726,-12.844822,157.906992,-9.903287,1.387414,0.352444,10.006209,nan,nan,nan,0,nan,nan,nan,0,nan,nan,nan,nan,nan,nan,nan,nan,nan,nan,nan,nan,nan,nan,nan,nan,nan,nan,nan,nan,nan,nan,nan,nan,nan,nan,nan,nan,nan,nan,nan,nan,nan,nan,nan,nan,nan,nan,nan,nan,nan,nan,nan,nan,nan,nan,nan,nan,nan,nan,2.000000,157.383699,-51.526788,-148.709847,10.000000,-0.000000,157.923386,-51.526788,-148.709847,-13.044822,10.000000,-0.000000,10.006209,inf,0.000000,1.000000,0.000000,0.000000,0.000000,0.000000,0.000000,0.000000,0.000000,0.000000,0.000000,0.000000,18.000000,5.115827,19.806386,nan
10.240,APPROACH,157.739995,71.165072,140.189001,-12.825081,-9.911764,1.325496,0.394822,-50.811183,-66.811183,29.235081,0.000000,0.000000,0.805178,0.000000,0.000000,0.000000,20.353889,73.377818,16.410000,-9.911764,1.325496,1.200000,0.000000,0.000000,172.383053,-50.811183,-66.811183,30.000000,0.000000,0.000000,0.000000,0.000000,0.000000,0.000000,71.165072,140.189001,-12.825081,157.739995,-9.911764,1.325496,0.394822,10.007791,nan,nan,nan,0,nan,nan,nan,0,nan,nan,nan,nan,nan,nan,nan,nan,nan,nan,nan,nan,nan,nan,nan,nan,nan,nan,nan,nan,nan,nan,nan,nan,nan,nan,nan,nan,nan,nan,nan,nan,nan,nan,nan,nan,nan,nan,nan,nan,nan,nan,nan,nan,nan,nan,nan,nan,nan,nan,2.000000,157.217758,-51.955147,-148.384926,10.000000,0.000000,157.756382,-51.955147,-148.384926,-13.025081,10.000000,0.000000,10.007791,inf,0.000000,1.000000,0.000000,0.000000,0.000000,0.000000,0.000000,0.000000,0.000000,0.000000,0.000000,0.000000,18.000000,5.599715,19.740779,nan
10.280,APPROACH,157.571308,70.669079,140.252177,-12.803327,-9.919854,1.263527,0.435081,-50.811183,-66.811183,29.273327,0.000000,0.000000,0.764919,0.000000,0.000000,0.000000,19.857896,73.440994,16.470000,-9.919854,1.263527,1.200000,0.000000,0.000000,172.741120,-50.811183,-66.811183,30.000000,0.000000,0.000000,0.000000,0.000000,0.000000,0.000000,70.669079,140.252177,-12.803327,157.571308,-9.919854,1.263527,0.435081,10.009460,nan,nan,nan,0,nan,nan,nan,0,nan,nan,nan,nan,nan,nan,nan,nan,nan,nan,nan,nan,nan,nan,nan,nan,nan,nan,nan,nan,nan,nan,nan,nan,nan,nan,nan,nan,nan,nan,nan,nan,nan,nan,nan,nan,nan,nan,nan,nan,nan,nan,nan,nan,nan,nan,nan,nan,nan,nan,2.000000,157.050285,-52.381450,-148.057339,10.000000,0.000000,157.587685,-52.381450,-148.057339,-13.003327,10.000000,0.000000,10.009460,inf,0.000000,1.000000,0.000000,0.000000,0.000000,0.000000,0.000000,0.000000,0.000000,0.000000,0.000000,0.000000,17.000000,5.387688,18.766341,nan
10.340,APPROACH,157.400940,70.172701,140.312253,-12.779660,-9.927556,1.201510,0.473327,-50.811183,-66.811183,29.309660,0.000000,0.000000,0.726673,0.000000,0.000000,0.000000,19.361518,73.501070,16.530000,-9.927556,1.201510,1.200000,0.000000,0.000000,173.099181,-50.811183,-66.811183,30.000000,0.000000,0.000000,0.000000,0.000000,0.000000,0.000000,70.172701,140.312253,-12.779660,157.400940,-9.927556,1.201510,0.473327,10.011196,nan,nan,nan,0,nan,nan,nan,0,nan,nan,nan,nan,nan,nan,nan,nan,nan,nan,nan,nan,nan,nan,nan,nan,nan,nan,nan,nan,nan,nan,nan,nan,nan,nan,nan,nan,nan,nan,nan,nan,nan,nan,nan,nan,nan,nan,nan,nan,nan,nan,nan,nan,nan,nan,nan,nan,nan,nan,2.000000,156.881281,-52.805683,-147.727100,10.000000,0.000000,157.417305,-52.805683,-147.727100,-12.979660,10.000000,0.000000,10.011196,inf,0.000000,1.000000,0.000000,0.000000,0.000000,0.000000,0.000000,0.000000,0.000000,0.000000,0.000000,0.000000,17.000000,4.907840,18.831684,nan
10.380,APPROACH,157.228902,69.675958,140.369225,-12.754177,-9.934871,1.139448,0.509660,-50.811183,-66.811183,29.344177,0.000000,0.000000,0.690340,0.000000,0.000000,0.000000,18.864775,73.558042,16.590000,-9.934871,1.139448,1.200000,0.000000,0.000000,173.457236,-50.811183,-66.811183,30.000000,0.000000,0.000000,0.000000,0.000000,0.000000,0.000000,69.675958,140.369225,-12.754177,157.228902,-9.934871,1.139448,0.509660,10.012979,nan,nan,nan,0,nan,nan,nan,0,nan,nan,nan,nan,nan,nan,nan,nan,nan,nan,nan,nan,nan,nan,nan,nan,nan,nan,nan,nan,nan,nan,nan,nan,nan,nan,nan,nan,nan,nan,nan,nan,nan,nan,nan,nan,nan,nan,nan,nan,nan,nan,nan,nan,nan,nan,nan,nan,nan,nan,2.000000,156.710748,-53.227828,-147.394222,10.000000,-0.000000,157.245252,-53.227828,-147.394222,-12.954177,10.000000,-0.000000,10.012979,inf,0.000000,1.000000,0.000000,0.000000,0.000000,0.000000,0.000000,0.000000,0.000000,0.000000,0.000000,0.000000,17.000000,4.439401,18.895473,nan
10.440,APPROACH,157.055202,69.178868,140.423092,-12.726968,-9.941797,1.077341,0.544177,-50.811183,-66.811183,29.376968,0.000000,0.000000,0.655823,0.000000,0.000000,0.000000,18.367685,73.611909,16.650000,-9.941797,1.077341,1.200000,0.000000,0.000000,173.815286,-50.811183,-66.811183,30.000000,0.000000,0.000000,0.000000,0.000000,0.000000,0.000000,69.178868,140.423092,-12.726968,157.055202,-9.941797,1.077341,0.544177,10.014796,nan,nan,nan,0,nan,nan,nan,0,nan,nan,nan,nan,nan,nan,nan,nan,nan,nan,nan,nan,nan,nan,nan,nan,nan,nan,nan,nan,nan,nan,nan,nan,nan,nan,nan,nan,nan,nan,nan,nan,nan,nan,nan,nan,nan,nan,nan,nan,nan,nan,nan,nan,nan,nan,nan,nan,nan,nan,2.000000,156.538687,-53.647870,-147.058718,10.000000,0.000000,157.071535,-53.647870,-147.058718,-12.926968,10.000000,0.000000,10.014796,inf,0.000000,1.000000,0.000000,0.000000,0.000000,0.000000,0.000000,0.000000,0.000000,0.000000,0.000000,0.000000,17.000000,3.986416,18.957157,nan
10.480,APPROACH,156.879849,68.681451,140.473852,-12.698120,-9.948336,1.015194,0.576968,-50.811183,-66.811183,29.408120,0.000000,0.000000,0.623032,0.000000,0.000000,0.000000,17.870268,73.662669,16.710000,-9.948336,1.015194,1.200000,0.000000,0.000000,174.173330,-50.811183,-66.811183,30.000000,0.000000,0.000000,0.000000,0.000000,0.000000,0.000000,68.681451,140.473852,-12.698120,156.879849,-9.948336,1.015194,0.576968,10.016631,nan,nan,nan,0,nan,nan,nan,0,nan,nan,nan,nan,nan,nan,nan,nan,nan,nan,nan,nan,nan,nan,nan,nan,nan,nan,nan,nan,nan,nan,nan,nan,nan,nan,nan,nan,nan,nan,nan,nan,nan,nan,nan,nan,nan,nan,nan,nan,nan,nan,nan,nan,nan,nan,nan,nan,nan,nan,2.000000,156.365101,-54.065794,-146.720601,10.000000,0.000000,156.896164,-54.065794,-146.720601,-12.898120,10.000000,0.000000,10.016631,inf,0.000000,1.000000,0.000000,0.000000,0.000000,0.000000,0.000000,0.000000,0.000000,0.000000,0.000000,0.000000,17.000000,3.554819,19.015929,nan
10.540,APPROACH,156.702853,68.183727,140.521502,-12.667714,-9.954485,0.953008,0.608120,-50.811183,-66.811183,29.437714,0.000000,0.000000,0.591880,0.000000,0.000000,0.000000,17.372544,73.710319,16.770000,-9.954485,0.953008,1.200000,0.000000,0.000000,174.531369,-50.811183,-66.811183,30.000000,0.000000,0.000000,0.000000,0.000000,0.000000,0.000000,68.183727,140.521502,-12.667714,156.702853,-9.954485,0.953008,0.608120,10.018473,nan,nan,nan,0,nan,nan,nan,0,nan,nan,nan,nan,nan,nan,nan,nan,nan,nan,nan,nan,nan,nan,nan,nan,nan,nan,nan,nan,nan,nan,nan,nan,nan,nan,nan,nan,nan,nan,nan,nan,nan,nan,nan,nan,nan,nan,nan,nan,nan,nan,nan,nan,nan,nan,nan,nan,nan,nan,2.000000,156.189991,-54.481583,-146.379884,10.000000,0.000000,156.719148,-54.481583,-146.379884,-12.867714,10.000000,0.000000,10.018473,inf,0.000000,1.000000,0.000000,0.000000,0.000000,0.000000,0.000000,0.000000,0.000000,0.000000,0.000000,0.000000,17.000000,3.153424,19.070588,nan
10.580,APPROACH,156.524222,67.685715,140.566042,-12.635828,-9.960246,0.890785,0.637714,-50.811183,-66.811183,29.465828,0.000000,0.000000,0.562286,0.000000,0.000000,0.000000,16.874531,73.754858,16.830000,-9.960246,0.890785,1.200000,0.000000,0.000000,174.889402,-50.811183,-66.811183,30.000000,0.000000,0.000000,0.000000,0.000000,0.000000,0.000000,67.685715,140.566042,-12.635828,156.524222,-9.960246,0.890785,0.637714,10.020313,nan,nan,nan,0,nan,nan,nan,0,nan,nan,nan,nan,nan,nan,nan,nan,nan,nan,nan,nan,nan,nan,nan,nan,nan,nan,nan,nan,nan,nan,nan,nan,nan,nan,nan,nan,nan,nan,nan,nan,nan,nan,nan,nan,nan,nan,nan,nan,nan,nan,nan,nan,nan,nan,nan,nan,nan,nan,2.000000,156.013358,-54.895221,-146.036580,10.000000,0.000000,156.540495,-54.895221,-146.036580,-12.835828,10.000000,0.000000,10.020313,inf,0.000000,1.000000,0.000000,0.000000,0.000000,0.000000,0.000000,0.000000,0.000000,0.000000,0.000000,0.000000,17.000000,2.795291,19.119356,nan
10.640,APPROACH,156.343965,67.187434,140.607468,-12.602537,-9.965618,0.828529,0.665828,-50.811183,-66.811183,29.492537,0.000000,0.000000,0.534172,0.000000,0.000000,0.000000,16.376251,73.796285,16.890000,-9.965618,0.828529,1.200000,0.000000,0.000000,175.247431,-50.811183,-66.811183,30.000000,0.000000,0.000000,0.000000,0.000000,0.000000,0.000000,67.187434,140.607468,-12.602537,156.343965,-9.965618,0.828529,0.665828,10.022142,nan,nan,nan,0,nan,nan,nan,0,nan,nan,nan,nan,nan,nan,nan,nan,nan,nan,nan,nan,nan,nan,nan,nan,nan,nan,nan,nan,nan,nan,nan,nan,nan,nan,nan,nan,nan,nan,nan,nan,nan,nan,nan,nan,nan,nan,nan,nan,nan,nan,nan,nan,nan,nan,nan,nan,nan,nan,2.000000,155.835206,-55.306693,-145.690703,10.000000,-0.000000,156.360213,-55.306693,-145.690703,-12.802537,10.000000,-0.000000,10.022142,inf,0.000000,1.000000,0.000000,0.000000,0.000000,0.000000,0.000000,0.000000,0.000000,0.000000,0.000000,0.000000,17.000000,2.499105,19.159689,nan
10.680,APPROACH,156.162088,66.688904,140.645780,-12.567910,-9.970601,0.766241,0.692537,-50.811183,-66.811183,29.517910,0.000000,0.000000,0.507463,0.000000,0.000000,0.000000,15.877721,73.834597,16.950000,-9.970601,0.766241,1.200000,0.000000,0.000000,175.605454,-50.811183,-66.811183,30.000000,0.000000,0.000000,0.000000,0.000000,0.000000,0.000000,66.688904,140.645780,-12.567910,156.162088,-9.970601,0.766241,0.692537,10.023952,nan,nan,nan,0,nan,nan,nan,0,nan,nan,nan,nan,nan,nan,nan,nan,nan,nan,nan,nan,nan,nan,nan,nan,nan,nan,nan,nan,nan,nan,nan,nan,nan,nan,nan,nan,nan,nan,nan,nan,nan,nan,nan,nan,nan,nan,nan,nan,nan,nan,nan,nan,nan,nan,nan,nan,nan,nan,2.000000,155.655534,-55.715984,-145.342267,10.000000,0.000000,156.178311,-55.715984,-145.342267,-12.767910,10.000000,0.000000,10.023952,inf,0.000000,1.000000,0.000000,0.000000,0.000000,0.000000,0.000000,0.000000,0.000000,0.000000,0.000000,0.000000,17.000000,2.289053,19.188292,nan
10.740,APPROACH,155.978600,66.190144,140.680976,-12.532015,-9.975194,0.703924,0.717910,-50.811183,-66.811183,29.542015,0.000000,0.000000,0.482090,0.000000,0.000000,0.000000,15.378961,73.869793,17.010000,-9.975194,0.703924,1.200000,0.000000,0.000000,175.963473,-50.811183,-66.811183,30.000000,0.000000,0.000000,0.000000,0.000000,0.000000,0.000000,66.190144,140.680976,-12.532015,155.978600,-9.975194,0.703924,0.717910,10.025737,nan,nan,nan,0,nan,nan,nan,0,nan,nan,nan,nan,nan,nan,nan,nan,nan,nan,nan,nan,nan,nan,nan,nan,nan,nan,nan,nan,nan,nan,nan,nan,nan,nan,nan,nan,nan,nan,nan,nan,nan,nan,nan,nan,nan,nan,nan,nan,nan,nan,nan,nan,nan,nan,nan,nan,nan,nan,2.000000,155.474346,-56.123077,-144.991284,10.000000,0.000000,155.994796,-56.123077,-144.991284,-12.732015,10.000000,0.000000,10.025737,inf,0.000000,1.000000,0.000000,0.000000,0.000000,0.000000,0.000000,0.000000,0.000000,0.000000,0.000000,0.000000,17.000000,2.190070,19.201771,nan
10.780,APPROACH,155.793508,65.691174,140.713055,-12.494914,-9.979397,0.641581,0.742015,-50.811183,-66.811183,29.564914,0.000000,0.000000,0.457985,0.000000,0.000000,0.000000,14.879991,73.901872,17.070000,-9.979397,0.641581,1.200000,0.000000,0.000000,176.321488,-50.811183,-66.811183,30.000000,0.000000,0.000000,0.000000,0.000000,0.000000,0.000000,65.691174,140.713055,-12.494914,155.793508,-9.979397,0.641581,0.742015,10.027491,nan,nan,nan,0,nan,nan,nan,0,nan,nan,nan,nan,nan,nan,nan,nan,nan,nan,nan,nan,nan,nan,nan,nan,nan,nan,nan,nan,nan,nan,nan,nan,nan,nan,nan,nan,nan,nan,nan,nan,nan,nan,nan,nan,nan,nan,nan,nan,nan,nan,nan,nan,nan,nan,nan,nan,nan,nan,2.000000,155.291643,-56.527958,-144.637769,10.000000,0.000000,155.809676,-56.527958,-144.637769,-12.694914,10.000000,0.000000,10.027491,inf,0.000000,1.000000,0.000000,0.000000,0.000000,0.000000,0.000000,0.000000,0.000000,0.000000,0.000000,0.000000,17.000000,2.217086,19.198092,nan
10.840,APPROACH,155.606820,65.192014,140.742016,-12.456668,-9.983212,0.579213,0.764914,-50.811183,-66.811183,29.586668,0.000000,0.000000,0.435086,0.000000,0.000000,0.000000,14.380830,73.930833,17.130000,-9.983212,0.579213,1.200000,0.000000,0.000000,176.679498,-50.811183,-66.811183,30.000000,0.000000,0.000000,0.000000,0.000000,0.000000,0.000000,65.192014,140.742016,-12.456668,155.606820,-9.983212,0.579213,0.764914,10.029212,nan,nan,nan,0,nan,nan,nan,0,nan,nan,nan,nan,nan,nan,nan,nan,nan,nan,nan,nan,nan,nan,nan,nan,nan,nan,nan,nan,nan,nan,nan,nan,nan,nan,nan,nan,nan,nan,nan,nan,nan,nan,nan,nan,nan,nan,nan,nan,nan,nan,nan,nan,nan,nan,nan,nan,nan,nan,2.000000,155.107426,-56.930611,-144.281736,10.000000,0.000000,155.622958,-56.930611,-144.281736,-12.656668,10.000000,0.000000,10.029212,inf,0.000000,1.000000,0.000000,0.000000,0.000000,0.000000,0.000000,0.000000,0.000000,0.000000,0.000000,0.000000,17.000000,2.365787,19.177843,nan
10.880,APPROACH,155.418541,64.692682,140.767857,-12.417335,-9.986636,0.516823,0.786668,-50.811183,-66.811183,29.607335,0.000000,0.000000,0.413332,0.000000,0.000000,0.000000,13.881499,73.956674,17.190000,-9.986636,0.516823,1.200000,0.000000,0.000000,177.037503,-50.811183,-66.811183,30.000000,0.000000,0.000000,0.000000,0.000000,0.000000,0.000000,64.692682,140.767857,-12.417335,155.418541,-9.986636,0.516823,0.786668,10.030895,nan,nan,nan,0,nan,nan,nan,0,nan,nan,nan,nan,nan,nan,nan,nan,nan,nan,nan,nan,nan,nan,nan,nan,nan,nan,nan,nan,nan,nan,nan,nan,nan,nan,nan,nan,nan,nan,nan,nan,nan,nan,nan,nan,nan,nan,nan,nan,nan,nan,nan,nan,nan,nan,nan,nan,nan,nan,2.000000,154.921699,-57.331020,-143.923198,10.000000,0.000000,155.434648,-57.331020,-143.923198,-12.617335,10.000000,0.000000,10.030895,inf,0.000000,1.000000,0.000000,0.000000,0.000000,0.000000,0.000000,0.000000,0.000000,0.000000,0.000000,0.000000,17.000000,2.615495,19.143840,nan
10.940,APPROACH,155.228679,64.193198,140.790578,-12.376968,-9.989670,0.454414,0.807335,-50.811183,-66.811183,29.626968,0.000000,0.000000,0.392665,0.000000,0.000000,0.000000,13.382015,73.979395,17.250000,-9.989670,0.454414,1.200000,0.000000,0.000000,177.395505,-50.811183,-66.811183,30.000000,0.000000,0.000000,0.000000,0.000000,0.000000,0.000000,64.193198,140.790578,-12.376968,155.228679,-9.989670,0.454414,0.807335,10.032537,nan,nan,nan,0,nan,nan,nan,0,nan,nan,nan,nan,nan,nan,nan,nan,nan,nan,nan,nan,nan,nan,nan,nan,nan,nan,nan,nan,nan,nan,nan,nan,nan,nan,nan,nan,nan,nan,nan,nan,nan,nan,nan,nan,nan,nan,nan,nan,nan,nan,nan,nan,nan,nan,nan,nan,nan,nan,2.000000,154.734461,-57.729171,-143.562169,10.000000,0.000000,155.244754,-57.729171,-143.562169,-12.576968,10.000000,0.000000,10.032537,inf,0.000000,1.000000,0.000000,0.000000,0.000000,0.000000,0.000000,0.000000,0.000000,0.000000,0.000000,0.000000,17.000000,2.940581,19.099572,nan
10.980,APPROACH,155.037241,63.693583,140.810177,-12.335620,-9.992314,0.391987,0.826968,-50.811183,-66.811183,29.645620,0.000000,0.000000,0.373032,0.000000,0.000000,0.000000,12.882399,73.998994,17.310000,-9.992314,0.391987,1.200000,0.000000,0.000000,177.753502,-50.811183,-66.811183,30.000000,0.000000,0.000000,0.000000,0.000000,0.000000,0.000000,63.693583,140.810177,-12.335620,155.037241,-9.992314,0.391987,0.826968,10.034136,nan,nan,nan,0,nan,nan,nan,0,nan,nan,nan,nan,nan,nan,nan,nan,nan,nan,nan,nan,nan,nan,nan,nan,nan,nan,nan,nan,nan,nan,nan,nan,nan,nan,nan,nan,nan,nan,nan,nan,nan,nan,nan,nan,nan,nan,nan,nan,nan,nan,nan,nan,nan,nan,nan,nan,nan,nan,2.000000,154.545716,-58.125048,-143.198664,10.000000,0.000000,155.053282,-58.125048,-143.198664,-12.535620,10.000000,0.000000,10.034136,inf,0.000000,1.000000,0.000000,0.000000,0.000000,0.000000,0.000000,0.000000,0.000000,0.000000,0.000000,0.000000,17.000000,3.318958,19.048047,nan
11.040,APPROACH,154.844231,63.193854,140.826654,-12.293339,-9.994568,0.329547,0.845620,-50.811183,-66.811183,29.663339,0.000000,0.000000,0.354380,0.000000,0.000000,0.000000,12.382671,74.015471,17.370000,-9.994568,0.329547,1.200000,0.000000,0.000000,178.111495,-50.811183,-66.811183,30.000000,0.000000,0.000000,0.000000,0.000000,0.000000,0.000000,63.193854,140.826654,-12.293339,154.844231,-9.994568,0.329547,0.845620,10.035690,nan,nan,nan,0,nan,nan,nan,0,nan,nan,nan,nan,nan,nan,nan,nan,nan,nan,nan,nan,nan,nan,nan,nan,nan,nan,nan,nan,nan,nan,nan,nan,nan,nan,nan,nan,nan,nan,nan,nan,nan,nan,nan,nan,nan,nan,nan,nan,nan,nan,nan,nan,nan,nan,nan,nan,nan,nan,2.000000,154.355466,-58.518636,-142.832696,10.000000,0.000000,154.860238,-58.518636,-142.832696,-12.493339,10.000000,0.000000,10.035690,inf,0.000000,1.000000,0.000000,0.000000,0.000000,0.000000,0.000000,0.000000,0.000000,0.000000,0.000000,0.000000,17.000000,3.734452,18.991468,nan
11.080,APPROACH,154.649658,62.694033,140.840009,-12.250172,-9.996432,0.267093,0.863339,-50.811183,-66.811183,29.680172,0.000000,0.000000,0.336661,0.000000,0.000000,0.000000,11.882849,74.028826,17.430000,-9.996432,0.267093,1.200000,0.000000,0.000000,178.469485,-50.811183,-66.811183,30.000000,0.000000,0.000000,0.000000,0.000000,0.000000,0.000000,62.694033,140.840009,-12.250172,154.649658,-9.996432,0.267093,0.863339,10.037198,nan,nan,nan,0,nan,nan,nan,0,nan,nan,nan,nan,nan,nan,nan,nan,nan,nan,nan,nan,nan,nan,nan,nan,nan,nan,nan,nan,nan,nan,nan,nan,nan,nan,nan,nan,nan,nan,nan,nan,nan,nan,nan,nan,nan,nan,nan,nan,nan,nan,nan,nan,nan,nan,nan,nan,nan,nan,2.000000,154.163711,-58.909921,-142.464280,10.000000,0.000000,154.665629,-58.909921,-142.464280,-12.450172,10.000000,0.000000,10.037198,inf,0.000000,1.000000,0.000000,0.000000,0.000000,0.000000,0.000000,0.000000,0.000000,0.000000,0.000000,0.000000,17.000000,4.175983,18.931343,nan
11.140,APPROACH,154.453525,62.194137,140.850241,-12.206163,-9.997906,0.204631,0.880172,-50.811183,-66.811183,29.696163,0.000000,0.000000,0.319828,0.000000,0.000000,0.000000,11.382954,74.039058,17.490000,-9.997906,0.204631,1.200000,0.000000,0.000000,178.827471,-50.811183,-66.811183,30.000000,0.000000,0.000000,0.000000,0.000000,0.000000,0.000000,62.194137,140.850241,-12.206163,154.453525,-9.997906,0.204631,0.880172,10.038660,nan,nan,nan,0,nan,nan,nan,0,nan,nan,nan,nan,nan,nan,nan,nan,nan,nan,nan,nan,nan,nan,nan,nan,nan,nan,nan,nan,nan,nan,nan,nan,nan,nan,nan,nan,nan,nan,nan,nan,nan,nan,nan,nan,nan,nan,nan,nan,nan,nan,nan,nan,nan,nan,nan,nan,nan,nan,2.000000,153.970455,-59.298887,-142.093431,10.000000,0.000000,154.469459,-59.298887,-142.093431,-12.406163,10.000000,0.000000,10.038660,inf,0.000000,1.000000,0.000000,0.000000,0.000000,0.000000,0.000000,0.000000,0.000000,0.000000,0.000000,0.000000,17.000000,4.636103,18.868687,nan
11.180,APPROACH,154.255840,61.694188,140.857349,-12.161355,-9.998989,0.142160,0.896163,-50.811183,-66.811183,29.711355,0.000000,0.000000,0.303837,0.000000,0.000000,0.000000,10.883005,74.046166,17.550000,-9.998989,0.142160,1.200000,0.000000,0.000000,179.185453,-50.811183,-66.811183,30.000000,0.000000,0.000000,0.000000,0.000000,0.000000,0.000000,61.694188,140.857349,-12.161355,154.255840,-9.998989,0.142160,0.896163,10.040075,nan,nan,nan,0,nan,nan,nan,0,nan,nan,nan,nan,nan,nan,nan,nan,nan,nan,nan,nan,nan,nan,nan,nan,nan,nan,nan,nan,nan,nan,nan,nan,nan,nan,nan,nan,nan,nan,nan,nan,nan,nan,nan,nan,nan,nan,nan,nan,nan,nan,nan,nan,nan,nan,nan,nan,nan,nan,2.000000,153.775699,-59.685519,-141.720162,10.000000,0.000000,154.271736,-59.685519,-141.720162,-12.361355,10.000000,0.000000,10.040075,inf,0.000000,1.000000,0.000000,0.000000,0.000000,0.000000,0.000000,0.000000,0.000000,0.000000,0.000000,0.000000,17.000000,5.109779,18.804185,nan
11.240,APPROACH,154.056606,61.194204,140.861333,-12.115787,-9.999683,0.079685,0.911355,-50.811183,-66.811183,29.725787,0.000000,0.000000,0.288645,0.000000,0.000000,0.000000,10.383020,74.050150,17.610000,-9.999683,0.079685,1.200000,0.000000,0.000000,179.543432,-50.811183,-66.811183,30.000000,0.000000,0.000000,0.000000,0.000000,0.000000,0.000000,61.194204,140.861333,-12.115787,154.056606,-9.999683,0.079685,0.911355,10.041443,nan,nan,nan,0,nan,nan,nan,0,nan,nan,nan,nan,nan,nan,nan,nan,nan,nan,nan,nan,nan,nan,nan,nan,nan,nan,nan,nan,nan,nan,nan,nan,nan,nan,nan,nan,nan,nan,nan,nan,nan,nan,nan,nan,nan,nan,nan,nan,nan,nan,nan,nan,nan,nan,nan,nan,nan,nan,2.000000,153.579444,-60.069803,-141.344488,10.000000,0.000000,154.072464,-60.069803,-141.344488,-12.315787,10.000000,0.000000,10.041443,inf,0.000000,1.000000,0.000000,0.000000,0.000000,0.000000,0.000000,0.000000,0.000000,0.000000,0.000000,0.000000,17.000000,5.593551,18.738308,nan
11.280,APPROACH,153.855831,60.694204,140.862193,-12.069498,-9.999985,0.017208,0.925787,-50.811183,-66.811183,29.739498,0.000000,0.000000,0.274213,0.000000,0.000000,0.000000,9.883021,74.051010,17.670000,-9.999985,0.017208,1.200000,0.000000,0.000000,179.901408,-50.811183,-66.811183,30.000000,0.000000,0.000000,0.000000,0.000000,0.000000,0.000000,60.694204,140.862193,-12.069498,153.855831,-9.999985,0.017208,0.925787,10.042763,nan,nan,nan,0,nan,nan,nan,0,nan,nan,nan,nan,nan,nan,nan,nan,nan,nan,nan,nan,nan,nan,nan,nan,nan,nan,nan,nan,nan,nan,nan,nan,nan,nan,nan,nan,nan,nan,nan,nan,nan,nan,nan,nan,nan,nan,nan,nan,nan,nan,nan,nan,nan,nan,nan,nan,nan,nan,2.000000,153.381694,-60.451724,-140.966425,10.000000,0.000000,153.871650,-60.451724,-140.966425,-12.269498,10.000000,0.000000,10.042763,inf,0.000000,1.000000,0.000000,0.000000,0.000000,0.000000,0.000000,0.000000,0.000000,0.000000,0.000000,0.000000,16.000000,5.393814,17.761941,nan
11.340,APPROACH,153.653519,60.194210,140.859930,-12.022523,-9.999898,-0.045270,0.939498,-50.811183,-66.811183,29.752523,0.000000,0.000000,0.260502,0.000000,0.000000,0.000000,9.383026,74.048747,17.730000,-9.999898,-0.045270,1.200000,0.000000,0.000000,-179.740620,-50.811183,-66.811183,30.000000,0.000000,0.000000,0.000000,0.000000,0.000000,0.000000,60.194210,140.859930,-12.022523,153.653519,-9.999898,-0.045270,0.939498,10.044036,nan,nan,nan,0,nan,nan,nan,0,nan,nan,nan,nan,nan,nan,nan,nan,nan,nan,nan,nan,nan,nan,nan,nan,nan,nan,nan,nan,nan,nan,nan,nan,nan,nan,nan,nan,nan,nan,nan,nan,nan,nan,nan,nan,nan,nan,nan,nan,nan,nan,nan,nan,nan,nan,nan,nan,nan,nan,2.000000,153.182449,-60.831268,-140.585986,10.000000,0.000000,153.669297,-60.831268,-140.585986,-12.222523,10.000000,0.000000,10.044036,inf,0.000000,1.000000,0.000000,0.000000,0.000000,0.000000,0.000000,0.000000,0.000000,0.000000,0.000000,0.000000,16.000000,4.913847,17.827617,nan
11.380,APPROACH,153.449674,59.694239,140.854543,-11.974897,-9.999420,-0.107746,0.952523,-50.811183,-66.811183,29.764897,0.000000,0.000000,0.247477,0.000000,0.000000,0.000000,8.883055,74.043359,17.790000,-9.999420,-0.107746,1.200000,0.000000,0.000000,-179.382651,-50.811183,-66.811183,30.000000,0.000000,0.000000,0.000000,0.000000,0.000000,0.000000,59.694239,140.854543,-11.974897,153.449674,-9.999420,-0.107746,0.952523,10.045263,nan,nan,nan,0,nan,nan,nan,0,nan,nan,nan,nan,nan,nan,nan,nan,nan,nan,nan,nan,nan,nan,nan,nan,nan,nan,nan,nan,nan,nan,nan,nan,nan,nan,nan,nan,nan,nan,nan,nan,nan,nan,nan,nan,nan,nan,nan,nan,nan,nan,nan,nan,nan,nan,nan,nan,nan,nan,2.000000,152.981712,-61.208419,-140.203187,10.000000,-0.000000,153.465411,-61.208419,-140.203187,-12.174897,10.000000,-0.000000,10.045263,inf,0.000000,1.000000,0.000000,0.000000,0.000000,0.000000,0.000000,0.000000,0.000000,0.000000,0.000000,0.000000,16.000000,4.445246,17.891738,nan
11.440,APPROACH,153.244302,59.194311,140.846032,-11.926652,-9.998551,-0.170216,0.964897,-50.811183,-66.811183,29.776652,0.000000,0.000000,0.235103,0.000000,0.000000,0.000000,8.383128,74.034849,17.850000,-9.998551,-0.170216,1.200000,0.000000,0.000000,-179.024685,-50.811183,-66.811183,30.000000,0.000000,0.000000,0.000000,0.000000,0.000000,0.000000,59.194311,140.846032,-11.926652,153.244302,-9.998551,-0.170216,0.964897,10.046443,nan,nan,nan,0,nan,nan,nan,0,nan,nan,nan,nan,nan,nan,nan,nan,nan,nan,nan,nan,nan,nan,nan,nan,nan,nan,nan,nan,nan,nan,nan,nan,nan,nan,nan,nan,nan,nan,nan,nan,nan,nan,nan,nan,nan,nan,nan,nan,nan,nan,nan,nan,nan,nan,nan,nan,nan,nan,2.000000,152.779485,-61.583164,-139.818042,10.000000,0.000000,153.259997,-61.583164,-139.818042,-12.126652,10.000000,0.000000,10.046443,inf,0.000000,1.000000,0.000000,0.000000,0.000000,0.000000,0.000000,0.000000,0.000000,0.000000,0.000000,0.000000,16.000000,3.992037,17.953752,nan
11.480,APPROACH,153.037408,58.694446,140.834398,-11.877819,-9.997293,-0.232680,0.976652,-50.811183,-66.811183,29.787819,0.000000,0.000000,0.223348,0.000000,0.000000,0.000000,7.883263,74.023215,17.910000,-9.997293,-0.232680,1.200000,0.000000,0.000000,-178.666722,-50.811183,-66.811183,30.000000,0.000000,0.000000,0.000000,0.000000,0.000000,0.000000,58.694446,140.834398,-11.877819,153.037408,-9.997293,-0.232680,0.976652,10.047579,nan,nan,nan,0,nan,nan,nan,0,nan,nan,nan,nan,nan,nan,nan,nan,nan,nan,nan,nan,nan,nan,nan,nan,nan,nan,nan,nan,nan,nan,nan,nan,nan,nan,nan,nan,nan,nan,nan,nan,nan,nan,nan,nan,nan,nan,nan,nan,nan,nan,nan,nan,nan,nan,nan,nan,nan,nan,2.000000,152.575770,-61.955488,-139.430567,10.000000,-0.000000,153.053061,-61.955488,-139.430567,-12.077819,10.000000,-0.000000,10.047579,inf,0.000000,1.000000,0.000000,0.000000,0.000000,0.000000,0.000000,0.000000,0.000000,0.000000,0.000000,0.000000,16.000000,3.560125,18.012853,nan
11.540,APPROACH,152.828996,58.194664,140.819641,-11.828428,-9.995644,-0.295134,0.987819,-50.811183,-66.811183,29.798428,0.000000,0.000000,0.212181,0.000000,0.000000,0.000000,7.383481,74.008458,17.970000,-9.995644,-0.295134,1.200000,0.000000,0.000000,-178.308762,-50.811183,-66.811183,30.000000,0.000000,0.000000,0.000000,0.000000,0.000000,0.000000,58.194664,140.819641,-11.828428,152.828996,-9.995644,-0.295134,0.987819,10.048671,nan,nan,nan,0,nan,nan,nan,0,nan,nan,nan,nan,nan,nan,nan,nan,nan,nan,nan,nan,nan,nan,nan,nan,nan,nan,nan,nan,nan,nan,nan,nan,nan,nan,nan,nan,nan,nan,nan,nan,nan,nan,nan,nan,nan,nan,nan,nan,nan,nan,nan,nan,nan,nan,nan,nan,nan,nan,2.000000,152.370569,-62.325378,-139.040777,10.000000,0.000000,152.844605,-62.325378,-139.040777,-12.028428,10.000000,0.000000,10.048671,inf,0.000000,1.000000,0.000000,0.000000,0.000000,0.000000,0.000000,0.000000,0.000000,0.000000,0.000000,0.000000,16.000000,3.158279,18.067839,nan
11.580,APPROACH,152.619070,57.694984,140.801762,-11.778507,-9.993605,-0.357576,0.998428,-50.811183,-66.811183,29.808507,0.000000,0.000000,0.201572,0.000000,0.000000,0.000000,6.883801,73.990579,18.030000,-9.993605,-0.357576,1.200000,0.000000,0.000000,-177.950805,-50.811183,-66.811183,30.000000,0.000000,0.000000,0.000000,0.000000,0.000000,0.000000,57.694984,140.801762,-11.778507,152.619070,-9.993605,-0.357576,0.998428,10.049719,nan,nan,nan,0,nan,nan,nan,0,nan,nan,nan,nan,nan,nan,nan,nan,nan,nan,nan,nan,nan,nan,nan,nan,nan,nan,nan,nan,nan,nan,nan,nan,nan,nan,nan,nan,nan,nan,nan,nan,nan,nan,nan,nan,nan,nan,nan,nan,nan,nan,nan,nan,nan,nan,nan,nan,nan,nan,2.000000,152.163883,-62.692817,-138.648686,10.000000,-0.000000,152.634636,-62.692817,-138.648686,-11.978507,10.000000,-0.000000,10.049719,inf,0.000000,1.000000,0.000000,0.000000,0.000000,0.000000,0.000000,0.000000,0.000000,0.000000,0.000000,0.000000,16.000000,2.799496,18.116933,nan
11.640,APPROACH,152.407636,57.195425,140.780762,-11.728082,-9.991176,-0.420003,1.008507,-50.811183,-66.811183,29.818082,0.000000,0.000000,0.191493,0.000000,0.000000,0.000000,6.384242,73.969579,18.090000,-9.991176,-0.420003,1.200000,0.000000,0.000000,-177.592850,-50.811183,-66.811183,30.000000,0.000000,0.000000,0.000000,0.000000,0.000000,0.000000,57.195425,140.780762,-11.728082,152.407636,-9.991176,-0.420003,1.008507,10.050726,nan,nan,nan,0,nan,nan,nan,0,nan,nan,nan,nan,nan,nan,nan,nan,nan,nan,nan,nan,nan,nan,nan,nan,nan,nan,nan,nan,nan,nan,nan,nan,nan,nan,nan,nan,nan,nan,nan,nan,nan,nan,nan,nan,nan,nan,nan,nan,nan,nan,nan,nan,nan,nan,nan,nan,nan,nan,2.000000,151.955716,-63.057794,-138.254310,10.000000,0.000000,152.423157,-63.057794,-138.254310,-11.928082,10.000000,0.000000,10.050726,inf,0.000000,1.000000,0.000000,0.000000,0.000000,0.000000,0.000000,0.000000,0.000000,0.000000,0.000000,0.000000,16.000000,2.502383,18.157588,nan
11.680,APPROACH,152.194697,56.696007,140.756641,-11.677178,-9.988357,-0.482414,1.018082,-50.811183,-66.811183,29.827178,0.000000,0.000000,0.181918,0.000000,0.000000,0.000000,5.884824,73.945458,18.150000,-9.988357,-0.482414,1.200000,0.000000,0.000000,-177.234899,-50.811183,-66.811183,30.000000,0.000000,0.000000,0.000000,0.000000,0.000000,0.000000,56.696007,140.756641,-11.677178,152.194697,-9.988357,-0.482414,1.018082,10.051691,nan,nan,nan,0,nan,nan,nan,0,nan,nan,nan,nan,nan,nan,nan,nan,nan,nan,nan,nan,nan,nan,nan,nan,nan,nan,nan,nan,nan,nan,nan,nan,nan,nan,nan,nan,nan,nan,nan,nan,nan,nan,nan,nan,nan,nan,nan,nan,nan,nan,nan,nan,nan,nan,nan,nan,nan,nan,2.000000,151.746069,-63.420293,-137.857665,10.000000,0.000000,152.210173,-63.420293,-137.857665,-11.877178,10.000000,0.000000,10.051691,inf,0.000000,1.000000,0.000000,0.000000,0.000000,0.000000,0.000000,0.000000,0.000000,0.000000,0.000000,0.000000,16.000000,2.291074,18.186502,nan
11.740,APPROACH,151.980258,56.196750,140.729401,-11.625819,-9.985148,-0.544805,1.027178,-50.811183,-66.811183,29.835819,0.000000,0.000000,0.172822,0.000000,0.000000,0.000000,5.385567,73.918218,18.210000,-9.985148,-0.544805,1.200000,0.000000,0.000000,-176.876949,-50.811183,-66.811183,30.000000,0.000000,0.000000,0.000000,0.000000,0.000000,0.000000,56.196750,140.729401,-11.625819,151.980258,-9.985148,-0.544805,1.027178,10.052616,nan,nan,nan,0,nan,nan,nan,0,nan,nan,nan,nan,nan,nan,nan,nan,nan,nan,nan,nan,nan,nan,nan,nan,nan,nan,nan,nan,nan,nan,nan,nan,nan,nan,nan,nan,nan,nan,nan,nan,nan,nan,nan,nan,nan,nan,nan,nan,nan,nan,nan,nan,nan,nan,nan,nan,nan,nan,2.000000,151.534943,-63.780301,-137.458766,10.000000,0.000000,151.995688,-63.780301,-137.458766,-11.825819,10.000000,0.000000,10.052616,inf,0.000000,1.000000,0.000000,0.000000,0.000000,0.000000,0.000000,0.000000,0.000000,0.000000,0.000000,0.000000,16.000000,2.190551,18.200257,nan
11.780,APPROACH,151.764322,55.697672,140.699042,-11.574028,-9.981550,-0.607175,1.035819,-50.811183,-66.811183,29.844028,0.000000,0.000000,0.164181,0.000000,0.000000,0.000000,4.886489,73.887859,18.270000,-9.981550,-0.607175,1.200000,0.000000,0.000000,-176.519002,-50.811183,-66.811183,30.000000,0.000000,0.000000,0.000000,0.000000,0.000000,0.000000,55.697672,140.699042,-11.574028,151.764322,-9.981550,-0.607175,1.035819,10.053503,nan,nan,nan,0,nan,nan,nan,0,nan,nan,nan,nan,nan,nan,nan,nan,nan,nan,nan,nan,nan,nan,nan,nan,nan,nan,nan,nan,nan,nan,nan,nan,nan,nan,nan,nan,nan,nan,nan,nan,nan,nan,nan,nan,nan,nan,nan,nan,nan,nan,nan,nan,nan,nan,nan,nan,nan,nan,2.000000,151.322342,-64.137804,-137.057628,10.000000,0.000000,151.779705,-64.137804,-137.057628,-11.774028,10.000000,0.000000,10.053503,inf,0.000000,1.000000,0.000000,0.000000,0.000000,0.000000,0.000000,0.000000,0.000000,0.000000,0.000000,0.000000,16.000000,2.215946,18.196782,nan
11.840,APPROACH,151.546894,55.198794,140.665566,-11.521826,-9.977562,-0.669521,1.044028,-50.811183,-66.811183,29.851826,0.000000,0.000000,0.155972,0.000000,0.000000,0.000000,4.387611,73.854383,18.330000,-9.977562,-0.669521,1.200000,0.000000,0.000000,-176.161058,-50.811183,-66.811183,30.000000,0.000000,0.000000,0.000000,0.000000,0.000000,0.000000,55.198794,140.665566,-11.521826,151.546894,-9.977562,-0.669521,1.044028,10.054352,nan,nan,nan,0,nan,nan,nan,0,nan,nan,nan,nan,nan,nan,nan,nan,nan,nan,nan,nan,nan,nan,nan,nan,nan,nan,nan,nan,nan,nan,nan,nan,nan,nan,nan,nan,nan,nan,nan,nan,nan,nan,nan,nan,nan,nan,nan,nan,nan,nan,nan,nan,nan,nan,nan,nan,nan,nan,2.000000,151.108267,-64.492788,-136.654267,10.000000,0.000000,151.562230,-64.492788,-136.654267,-11.721826,10.000000,0.000000,10.054352,inf,0.000000,1.000000,0.000000,0.000000,0.000000,0.000000,0.000000,0.000000,0.000000,0.000000,0.000000,0.000000,16.000000,2.363203,18.176633,nan
11.880,APPROACH,151.327977,54.700135,140.628974,-11.469235,-9.973185,-0.731840,1.051826,-50.811183,-66.811183,29.859235,0.000000,0.000000,0.148174,0.000000,0.000000,0.000000,3.888952,73.817791,18.390000,-9.973185,-0.731840,1.200000,0.000000,0.000000,-175.803116,-50.811183,-66.811183,30.000000,0.000000,0.000000,0.000000,0.000000,0.000000,0.000000,54.700135,140.628974,-11.469235,151.327977,-9.973185,-0.731840,1.051826,10.055165,nan,nan,nan,0,nan,nan,nan,0,nan,nan,nan,nan,nan,nan,nan,nan,nan,nan,nan,nan,nan,nan,nan,nan,nan,nan,nan,nan,nan,nan,nan,nan,nan,nan,nan,nan,nan,nan,nan,nan,nan,nan,nan,nan,nan,nan,nan,nan,nan,nan,nan,nan,nan,nan,nan,nan,nan,nan,2.000000,150.892721,-64.845239,-136.248700,10.000000,0.000000,151.343266,-64.845239,-136.248700,-11.669235,10.000000,0.000000,10.055165,inf,0.000000,1.000000,0.000000,0.000000,0.000000,0.000000,0.000000,0.000000,0.000000,0.000000,0.000000,0.000000,16.000000,2.611785,18.142618,nan
11.940,APPROACH,151.107575,54.201714,140.589268,-11.416273,-9.968418,-0.794130,1.059235,-50.811183,-66.811183,29.866273,0.000000,0.000000,0.140765,0.000000,0.000000,0.000000,3.390531,73.778085,18.450000,-9.968418,-0.794130,1.200000,0.000000,0.000000,-175.445176,-50.811183,-66.811183,30.000000,0.000000,0.000000,0.000000,0.000000,0.000000,0.000000,54.201714,140.589268,-11.416273,151.107575,-9.968418,-0.794130,1.059235,10.055942,nan,nan,nan,0,nan,nan,nan,0,nan,nan,nan,nan,nan,nan,nan,nan,nan,nan,nan,nan,nan,nan,nan,nan,nan,nan,nan,nan,nan,nan,nan,nan,nan,nan,nan,nan,nan,nan,nan,nan,nan,nan,nan,nan,nan,nan,nan,nan,nan,nan,nan,nan,nan,nan,nan,nan,nan,nan,2.000000,150.675705,-65.195145,-135.840941,10.000000,0.000000,151.122817,-65.195145,-135.840941,-11.616273,10.000000,0.000000,10.055942,inf,0.000000,1.000000,0.000000,0.000000,0.000000,0.000000,0.000000,0.000000,0.000000,0.000000,0.000000,0.000000,16.000000,2.936059,18.098246,nan
11.980,APPROACH,150.885693,53.703551,140.546449,-11.362960,-9.963262,-0.856388,1.066273,-50.811183,-66.811183,29.872960,0.000000,0.000000,0.133727,0.000000,0.000000,0.000000,2.892368,73.735265,18.510000,-9.963262,-0.856388,1.200000,0.000000,0.000000,-175.087239,-50.811183,-66.811183,30.000000,0.000000,0.000000,0.000000,0.000000,0.000000,0.000000,53.703551,140.546449,-11.362960,150.885693,-9.963262,-0.856388,1.066273,10.056686,nan,nan,nan,0,nan,nan,nan,0,nan,nan,nan,nan,nan,nan,nan,nan,nan,nan,nan,nan,nan,nan,nan,nan,nan,nan,nan,nan,nan,nan,nan,nan,nan,nan,nan,nan,nan,nan,nan,nan,nan,nan,nan,nan,nan,nan,nan,nan,nan,nan,nan,nan,nan,nan,nan,nan,nan,nan,2.000000,150.457222,-65.542491,-135.431006,10.000000,0.000000,150.900887,-65.542491,-135.431006,-11.562960,10.000000,0.000000,10.056686,inf,0.000000,1.000000,0.000000,0.000000,0.000000,0.000000,0.000000,0.000000,0.000000,0.000000,0.000000,0.000000,16.000000,3.313869,18.046549,nan
12.040,APPROACH,150.662334,53.205665,140.500518,-11.309312,-9.957718,-0.918613,1.072960,-50.811183,-66.811183,29.879312,0.000000,0.000000,0.127040,0.000000,0.000000,0.000000,2.394482,73.689335,18.570000,-9.957718,-0.918613,1.200000,0.000000,0.000000,-174.729303,-50.811183,-66.811183,30.000000,0.000000,0.000000,0.000000,0.000000,0.000000,0.000000,53.205665,140.500518,-11.309312,150.662334,-9.957718,-0.918613,1.072960,10.057397,nan,nan,nan,0,nan,nan,nan,0,nan,nan,nan,nan,nan,nan,nan,nan,nan,nan,nan,nan,nan,nan,nan,nan,nan,nan,nan,nan,nan,nan,nan,nan,nan,nan,nan,nan,nan,nan,nan,nan,nan,nan,nan,nan,nan,nan,nan,nan,nan,nan,nan,nan,nan,nan,nan,nan,nan,nan,2.000000,150.237273,-65.887265,-135.018912,10.000000,0.000000,150.677479,-65.887265,-135.018912,-11.509312,10.000000,0.000000,10.057397,inf,0.000000,1.000000,0.000000,0.000000,0.000000,0.000000,0.000000,0.000000,0.000000,0.000000,0.000000,0.000000,16.000000,3.728964,17.989750,nan
12.080,APPROACH,150.437501,52.708076,140.451478,-11.255346,-9.951785,-0.980802,1.079312,-50.811183,-66.811183,29.885346,0.000000,0.000000,0.120688,0.000000,0.000000,0.000000,1.896893,73.640295,18.630000,-9.951785,-0.980802,1.200000,0.000000,0.000000,-174.371370,-50.811183,-66.811183,30.000000,0.000000,0.000000,0.000000,0.000000,0.000000,0.000000,52.708076,140.451478,-11.255346,150.437501,-9.951785,-0.980802,1.079312,10.058077,nan,nan,nan,0,nan,nan,nan,0,nan,nan,nan,nan,nan,nan,nan,nan,nan,nan,nan,nan,nan,nan,nan,nan,nan,nan,nan,nan,nan,nan,nan,nan,nan,nan,nan,nan,nan,nan,nan,nan,nan,nan,nan,nan,nan,nan,nan,nan,nan,nan,nan,nan,nan,nan,nan,nan,nan,nan,2.000000,150.015862,-66.229453,-134.604675,10.000000,0.000000,150.452597,-66.229453,-134.604675,-11.455346,10.000000,0.000000,10.058077,inf,0.000000,1.000000,0.000000,0.000000,0.000000,0.000000,0.000000,0.000000,0.000000,0.000000,0.000000,0.000000,16.000000,4.170213,17.929372,nan
12.140,APPROACH,150.211198,52.210803,140.399330,-11.201079,-9.945464,-1.042952,1.085346,-50.811183,-66.811183,29.891079,0.000000,0.000000,0.114654,0.000000,0.000000,0.000000,1.399619,73.588147,18.690000,-9.945464,-1.042952,1.200000,0.000000,0.000000,-174.013438,-50.811183,-66.811183,30.000000,0.000000,0.000000,0.000000,0.000000,0.000000,0.000000,52.210803,140.399330,-11.201079,150.211198,-9.945464,-1.042952,1.085346,10.058726,nan,nan,nan,0,nan,nan,nan,0,nan,nan,nan,nan,nan,nan,nan,nan,nan,nan,nan,nan,nan,nan,nan,nan,nan,nan,nan,nan,nan,nan,nan,nan,nan,nan,nan,nan,nan,nan,nan,nan,nan,nan,nan,nan,nan,nan,nan,nan,nan,nan,nan,nan,nan,nan,nan,nan,nan,nan,2.000000,149.792990,-66.569041,-134.188310,10.000000,0.000000,150.226244,-66.569041,-134.188310,-11.401079,10.000000,0.000000,10.058726,inf,0.000000,1.000000,0.000000,0.000000,0.000000,0.000000,0.000000,0.000000,0.000000,0.000000,0.000000,0.000000,16.000000,4.630130,17.866439,nan
12.180,APPROACH,149.983428,51.713865,140.344077,-11.146525,-9.938754,-1.105061,1.091079,-50.811183,-66.811183,29.896525,0.000000,0.000000,0.108921,0.000000,0.000000,0.000000,0.902682,73.532894,18.750000,-9.938754,-1.105061,1.200000,0.000000,0.000000,-173.655509,-50.811183,-66.811183,30.000000,0.000000,0.000000,0.000000,0.000000,0.000000,0.000000,51.713865,140.344077,-11.146525,149.983428,-9.938754,-1.105061,1.091079,10.059347,nan,nan,nan,0,nan,nan,nan,0,nan,nan,nan,nan,nan,nan,nan,nan,nan,nan,nan,nan,nan,nan,nan,nan,nan,nan,nan,nan,nan,nan,nan,nan,nan,nan,nan,nan,nan,nan,nan,nan,nan,nan,nan,nan,nan,nan,nan,nan,nan,nan,nan,nan,nan,nan,nan,nan,nan,nan,2.000000,149.568659,-66.906017,-133.769835,10.000000,0.000000,149.998425,-66.906017,-133.769835,-11.346525,10.000000,0.000000,10.059347,inf,0.000000,1.000000,0.000000,0.000000,0.000000,0.000000,0.000000,0.000000,0.000000,0.000000,0.000000,0.000000,16.000000,5.103654,17.801645,nan
12.240,APPROACH,149.754196,51.217282,140.285721,-11.091699,-9.931657,-1.167127,1.096525,-50.811183,-66.811183,29.901699,0.000000,0.000000,0.103475,0.000000,0.000000,0.000000,0.406099,73.474538,18.810000,-9.931657,-1.167127,1.200000,0.000000,0.000000,-173.297582,-50.811183,-66.811183,30.000000,0.000000,0.000000,0.000000,0.000000,0.000000,0.000000,51.217282,140.285721,-11.091699,149.754196,-9.931657,-1.167127,1.096525,10.059939,nan,nan,nan,0,nan,nan,nan,0,nan,nan,nan,nan,nan,nan,nan,nan,nan,nan,nan,nan,nan,nan,nan,nan,nan,nan,nan,nan,nan,nan,nan,nan,nan,nan,nan,nan,nan,nan,nan,nan,nan,nan,nan,nan,nan,nan,nan,nan,nan,nan,nan,nan,nan,nan,nan,nan,nan,nan,2.000000,149.342872,-67.240368,-133.349264,10.000000,0.000000,149.769142,-67.240368,-133.349264,-11.291699,10.000000,0.000000,10.059939,inf,0.000000,1.000000,0.000000,0.000000,0.000000,0.000000,0.000000,0.000000,0.000000,0.000000,0.000000,0.000000,16.000000,5.587311,17.735464,nan
12.280,APPROACH,149.523504,50.721073,140.224263,-11.036614,-9.924172,-1.229146,1.101699,-50.811183,-66.811183,29.906614,0.000000,0.000000,0.098301,0.000000,0.000000,0.000000,-0.090110,73.413080,18.870000,-9.924172,-1.229146,1.200000,0.000000,0.000000,-172.939656,-50.811183,-66.811183,30.000000,0.000000,0.000000,0.000000,0.000000,0.000000,0.000000,50.721073,140.224263,-11.036614,149.523504,-9.924172,-1.229146,1.101699,10.060504,nan,nan,nan,0,nan,nan,nan,0,nan,nan,nan,nan,nan,nan,nan,nan,nan,nan,nan,nan,nan,nan,nan,nan,nan,nan,nan,nan,nan,nan,nan,nan,nan,nan,nan,nan,nan,nan,nan,nan,nan,nan,nan,nan,nan,nan,nan,nan,nan,nan,nan,nan,nan,nan,nan,nan,nan,nan,2.000000,149.115631,-67.572081,-132.926616,10.000000,0.000000,149.538399,-67.572081,-132.926616,-11.236614,10.000000,0.000000,10.060504,inf,0.000000,1.000000,0.000000,0.000000,0.000000,0.000000,0.000000,0.000000,0.000000,0.000000,0.000000,0.000000,15.000000,5.400016,16.757073,nan
12.340,APPROACH,149.291355,50.225258,140.159708,-10.981283,-9.916300,-1.291118,1.106614,-50.811183,-66.811183,29.911283,0.000000,0.000000,0.093386,0.000000,0.000000,0.000000,-0.585925,73.348524,18.930000,-9.916300,-1.291118,1.200000,0.000000,0.000000,-172.581732,-50.811183,-66.811183,30.000000,0.000000,0.000000,0.000000,0.000000,0.000000,0.000000,50.225258,140.159708,-10.981283,149.291355,-9.916300,-1.291118,1.106614,10.061043,nan,nan,nan,0,nan,nan,nan,0,nan,nan,nan,nan,nan,nan,nan,nan,nan,nan,nan,nan,nan,nan,nan,nan,nan,nan,nan,nan,nan,nan,nan,nan,nan,nan,nan,nan,nan,nan,nan,nan,nan,nan,nan,nan,nan,nan,nan,nan,nan,nan,nan,nan,nan,nan,nan,nan,nan,nan,2.000000,148.886938,-67.901144,-132.501905,10.000000,0.000000,149.306200,-67.901144,-132.501905,-11.181283,10.000000,0.000000,10.061043,inf,0.000000,1.000000,0.000000,0.000000,0.000000,0.000000,0.000000,0.000000,0.000000,0.000000,0.000000,0.000000,15.000000,4.919926,16.823123,nan
12.380,APPROACH,149.057754,49.729856,140.092056,-10.925719,-9.908042,-1.353038,1.111283,-50.811183,-66.811183,29.915719,0.000000,0.000000,0.088717,0.000000,0.000000,0.000000,-1.081327,73.280872,18.990000,-9.908042,-1.353038,1.200000,0.000000,0.000000,-172.223810,-50.811183,-66.811183,30.000000,0.000000,0.000000,0.000000,0.000000,0.000000,0.000000,49.729856,140.092056,-10.925719,149.057754,-9.908042,-1.353038,1.111283,10.061558,nan,nan,nan,0,nan,nan,nan,0,nan,nan,nan,nan,nan,nan,nan,nan,nan,nan,nan,nan,nan,nan,nan,nan,nan,nan,nan,nan,nan,nan,nan,nan,nan,nan,nan,nan,nan,nan,nan,nan,nan,nan,nan,nan,nan,nan,nan,nan,nan,nan,nan,nan,nan,nan,nan,nan,nan,nan,2.000000,148.656795,-68.227542,-132.075150,10.000000,0.000000,149.072547,-68.227542,-132.075150,-11.125719,10.000000,0.000000,10.061558,inf,0.000000,1.000000,0.000000,0.000000,0.000000,0.000000,0.000000,0.000000,0.000000,0.000000,0.000000,0.000000,15.000000,4.451160,16.887616,nan
12.440,APPROACH,148.822703,49.234887,140.021310,-10.869933,-9.899396,-1.414906,1.115719,-50.811183,-66.811183,29.919933,0.000000,0.000000,0.084281,0.000000,0.000000,0.000000,-1.576297,73.210127,19.050000,-9.899396,-1.414906,1.200000,0.000000,0.000000,-171.865889,-50.811183,-66.811183,30.000000,0.000000,0.000000,0.000000,0.000000,0.000000,0.000000,49.234887,140.021310,-10.869933,148.822703,-9.899396,-1.414906,1.115719,10.062049,nan,nan,nan,0,nan,nan,nan,0,nan,nan,nan,nan,nan,nan,nan,nan,nan,nan,nan,nan,nan,nan,nan,nan,nan,nan,nan,nan,nan,nan,nan,nan,nan,nan,nan,nan,nan,nan,nan,nan,nan,nan,nan,nan,nan,nan,nan,nan,nan,nan,nan,nan,nan,nan,nan,nan,nan,nan,2.000000,148.425205,-68.551265,-131.646365,10.000000,0.000000,148.837444,-68.551265,-131.646365,-11.069933,10.000000,0.000000,10.062049,inf,0.000000,1.000000,0.000000,0.000000,0.000000,0.000000,0.000000,0.000000,0.000000,0.000000,0.000000,0.000000,15.000000,3.997724,16.949999,nan
12.480,APPROACH,148.586205,48.740368,139.947474,-10.813936,-9.890364,-1.476718,1.119933,-50.811183,-66.811183,29.923936,0.000000,0.000000,0.080067,0.000000,0.000000,0.000000,-2.070815,73.136291,19.110000,-9.890364,-1.476718,1.200000,0.000000,0.000000,-171.507970,-50.811183,-66.811183,30.000000,0.000000,0.000000,0.000000,0.000000,0.000000,0.000000,48.740368,139.947474,-10.813936,148.586205,-9.890364,-1.476718,1.119933,10.062517,nan,nan,nan,0,nan,nan,nan,0,nan,nan,nan,nan,nan,nan,nan,nan,nan,nan,nan,nan,nan,nan,nan,nan,nan,nan,nan,nan,nan,nan,nan,nan,nan,nan,nan,nan,nan,nan,nan,nan,nan,nan,nan,nan,nan,nan,nan,nan,nan,nan,nan,nan,nan,nan,nan,nan,nan,nan,2.000000,148.192170,-68.872298,-131.215569,10.000000,0.000000,148.600895,-68.872298,-131.215569,-11.013936,10.000000,0.000000,10.062517,inf,0.000000,1.000000,0.000000,0.000000,0.000000,0.000000,0.000000,0.000000,0.000000,0.000000,0.000000,0.000000,15.000000,3.565493,17.009464,nan
12.540,APPROACH,148.348264,48.246321,139.870551,-10.757739,-9.880946,-1.538473,1.123936,-50.811183,-66.811183,29.927739,0.000000,0.000000,0.076064,0.000000,0.000000,0.000000,-2.564862,73.059368,19.170000,-9.880946,-1.538473,1.200000,0.000000,0.000000,-171.150053,-50.811183,-66.811183,30.000000,0.000000,0.000000,0.000000,0.000000,0.000000,0.000000,48.246321,139.870551,-10.757739,148.348264,-9.880946,-1.538473,1.123936,10.062963,nan,nan,nan,0,nan,nan,nan,0,nan,nan,nan,nan,nan,nan,nan,nan,nan,nan,nan,nan,nan,nan,nan,nan,nan,nan,nan,nan,nan,nan,nan,nan,nan,nan,nan,nan,nan,nan,nan,nan,nan,nan,nan,nan,nan,nan,nan,nan,nan,nan,nan,nan,nan,nan,nan,nan,nan,nan,2.000000,147.957691,-69.190631,-130.782778,10.000000,0.000000,148.362901,-69.190631,-130.782778,-10.957739,10.000000,0.000000,10.062963,inf,0.000000,1.000000,0.000000,0.000000,0.000000,0.000000,0.000000,0.000000,0.000000,0.000000,0.000000,0.000000,15.000000,3.163193,17.064812,nan
12.580,APPROACH,148.108883,47.752764,139.790542,-10.701352,-9.871143,-1.600166,1.127739,-50.811183,-66.811183,29.931352,0.000000,0.000000,0.072261,0.000000,0.000000,0.000000,-3.058419,72.979359,19.230000,-9.871143,-1.600166,1.200000,0.000000,0.000000,-170.792137,-50.811183,-66.811183,30.000000,0.000000,0.000000,0.000000,0.000000,0.000000,0.000000,47.752764,139.790542,-10.701352,148.108883,-9.871143,-1.600166,1.127739,10.063389,nan,nan,nan,0,nan,nan,nan,0,nan,nan,nan,nan,nan,nan,nan,nan,nan,nan,nan,nan,nan,nan,nan,nan,nan,nan,nan,nan,nan,nan,nan,nan,nan,nan,nan,nan,nan,nan,nan,nan,nan,nan,nan,nan,nan,nan,nan,nan,nan,nan,nan,nan,nan,nan,nan,nan,nan,nan,2.000000,147.721773,-69.506251,-130.348008,10.000000,0.000000,148.123468,-69.506251,-130.348008,-10.901352,10.000000,0.000000,10.063389,inf,0.000000,1.000000,0.000000,0.000000,0.000000,0.000000,0.000000,0.000000,0.000000,0.000000,0.000000,0.000000,15.000000,2.803754,17.114263,nan
12.640,APPROACH,147.868065,47.259716,139.707453,-10.644785,-9.860955,-1.661798,1.131352,-50.811183,-66.811183,29.934785,0.000000,0.000000,0.068648,0.000000,0.000000,0.000000,-3.551467,72.896269,19.290000,-9.860955,-1.661798,1.200000,0.000000,0.000000,-170.434223,-50.811183,-66.811183,30.000000,0.000000,0.000000,0.000000,0.000000,0.000000,0.000000,47.259716,139.707453,-10.644785,147.868065,-9.860955,-1.661798,1.131352,10.063794,nan,nan,nan,0,nan,nan,nan,0,nan,nan,nan,nan,nan,nan,nan,nan,nan,nan,nan,nan,nan,nan,nan,nan,nan,nan,nan,nan,nan,nan,nan,nan,nan,nan,nan,nan,nan,nan,nan,nan,nan,nan,nan,nan,nan,nan,nan,nan,nan,nan,nan,nan,nan,nan,nan,nan,nan,nan,2.000000,147.484416,-69.819145,-129.911278,10.000000,0.000000,147.882597,-69.819145,-129.911278,-10.844785,10.000000,0.000000,10.063794,inf,0.000000,1.000000,0.000000,0.000000,0.000000,0.000000,0.000000,0.000000,0.000000,0.000000,0.000000,0.000000,15.000000,2.505708,17.155268,nan
12.680,APPROACH,147.625812,46.767197,139.621284,-10.588046,-9.850382,-1.723364,1.134785,-50.811183,-66.811183,29.938046,0.000000,0.000000,0.065215,0.000000,0.000000,0.000000,-4.043986,72.810101,19.350000,-9.850382,-1.723364,1.200000,0.000000,0.000000,-170.076310,-50.811183,-66.811183,30.000000,0.000000,0.000000,0.000000,0.000000,0.000000,0.000000,46.767197,139.621284,-10.588046,147.625812,-9.850382,-1.723364,1.134785,10.064181,nan,nan,nan,0,nan,nan,nan,0,nan,nan,nan,nan,nan,nan,nan,nan,nan,nan,nan,nan,nan,nan,nan,nan,nan,nan,nan,nan,nan,nan,nan,nan,nan,nan,nan,nan,nan,nan,nan,nan,nan,nan,nan,nan,nan,nan,nan,nan,nan,nan,nan,nan,nan,nan,nan,nan,nan,nan,2.000000,147.245624,-70.129302,-129.472602,10.000000,0.000000,147.640292,-70.129302,-129.472602,-10.788046,10.000000,0.000000,10.064181,inf,0.000000,1.000000,0.000000,0.000000,0.000000,0.000000,0.000000,0.000000,0.000000,0.000000,0.000000,0.000000,15.000000,2.293133,17.184514,nan
12.740,APPROACH,147.382129,46.275226,139.532041,-10.531143,-9.839424,-1.784863,1.138046,-50.811183,-66.811183,29.941143,0.000000,0.000000,0.061954,0.000000,0.000000,0.000000,-4.535957,72.720858,19.410000,-9.839424,-1.784863,1.200000,0.000000,0.000000,-169.718399,-50.811183,-66.811183,30.000000,0.000000,0.000000,0.000000,0.000000,0.000000,0.000000,46.275226,139.532041,-10.531143,147.382129,-9.839424,-1.784863,1.138046,10.064549,nan,nan,nan,0,nan,nan,nan,0,nan,nan,nan,nan,nan,nan,nan,nan,nan,nan,nan,nan,nan,nan,nan,nan,nan,nan,nan,nan,nan,nan,nan,nan,nan,nan,nan,nan,nan,nan,nan,nan,nan,nan,nan,nan,nan,nan,nan,nan,nan,nan,nan,nan,nan,nan,nan,nan,nan,nan,2.000000,147.005398,-70.436709,-129.032000,10.000000,0.000000,147.396555,-70.436709,-129.032000,-10.731143,10.000000,0.000000,10.064549,inf,0.000000,1.000000,0.000000,0.000000,0.000000,0.000000,0.000000,0.000000,0.000000,0.000000,0.000000,0.000000,15.000000,2.191058,17.198557,nan
12.780,APPROACH,147.137018,45.783822,139.439727,-10.474086,-9.828083,-1.846291,1.141143,-50.811183,-66.811183,29.944086,0.000000,0.000000,0.058857,0.000000,0.000000,0.000000,-5.027361,72.628544,19.470000,-9.828083,-1.846291,1.200000,0.000000,0.000000,-169.360489,-50.811183,-66.811183,30.000000,0.000000,0.000000,0.000000,0.000000,0.000000,0.000000,45.783822,139.439727,-10.474086,147.137018,-9.828083,-1.846291,1.141143,10.064900,nan,nan,nan,0,nan,nan,nan,0,nan,nan,nan,nan,nan,nan,nan,nan,nan,nan,nan,nan,nan,nan,nan,nan,nan,nan,nan,nan,nan,nan,nan,nan,nan,nan,nan,nan,nan,nan,nan,nan,nan,nan,nan,nan,nan,nan,nan,nan,nan,nan,nan,nan,nan,nan,nan,nan,nan,nan,2.000000,146.763741,-70.741355,-128.589488,10.000000,0.000000,147.151391,-70.741355,-128.589488,-10.674086,10.000000,0.000000,10.064900,inf,0.000000,1.000000,0.000000,0.000000,0.000000,0.000000,0.000000,0.000000,0.000000,0.000000,0.000000,0.000000,15.000000,2.214817,17.195288,nan
12.840,APPROACH,146.890483,45.293004,139.344344,-10.416882,-9.816358,-1.907648,1.144086,-50.811183,-66.811183,29.946882,0.000000,0.000000,0.055914,0.000000,0.000000,0.000000,-5.518179,72.533161,19.530000,-9.816358,-1.907648,1.200000,0.000000,0.000000,-169.002580,-50.811183,-66.811183,30.000000,0.000000,0.000000,0.000000,0.000000,0.000000,0.000000,45.293004,139.344344,-10.416882,146.890483,-9.816358,-1.907648,1.144086,10.065234,nan,nan,nan,0,nan,nan,nan,0,nan,nan,nan,nan,nan,nan,nan,nan,nan,nan,nan,nan,nan,nan,nan,nan,nan,nan,nan,nan,nan,nan,nan,nan,nan,nan,nan,nan,nan,nan,nan,nan,nan,nan,nan,nan,nan,nan,nan,nan,nan,nan,nan,nan,nan,nan,nan,nan,nan,nan,2.000000,146.520655,-71.043228,-128.145083,10.000000,0.000000,146.904801,-71.043228,-128.145083,-10.616882,10.000000,0.000000,10.065234,inf,0.000000,1.000000,0.000000,0.000000,0.000000,0.000000,0.000000,0.000000,0.000000,0.000000,0.000000,0.000000,15.000000,2.360614,17.175230,nan
12.880,APPROACH,146.642525,44.802791,139.245898,-10.359538,-9.804250,-1.968930,1.146882,-50.811183,-66.811183,29.949538,0.000000,0.000000,0.053118,0.000000,0.000000,0.000000,-6.008392,72.434715,19.590000,-9.804250,-1.968930,1.200000,0.000000,0.000000,-168.644672,-50.811183,-66.811183,30.000000,0.000000,0.000000,0.000000,0.000000,0.000000,0.000000,44.802791,139.245898,-10.359538,146.642525,-9.804250,-1.968930,1.146882,10.065552,nan,nan,nan,0,nan,nan,nan,0,nan,nan,nan,nan,nan,nan,nan,nan,nan,nan,nan,nan,nan,nan,nan,nan,nan,nan,nan,nan,nan,nan,nan,nan,nan,nan,nan,nan,nan,nan,nan,nan,nan,nan,nan,nan,nan,nan,nan,nan,nan,nan,nan,nan,nan,nan,nan,nan,nan,nan,2.000000,146.276144,-71.342316,-127.698802,10.000000,0.000000,146.656790,-71.342316,-127.698802,-10.559538,10.000000,0.000000,10.065552,inf,0.000000,1.000000,0.000000,0.000000,0.000000,0.000000,0.000000,0.000000,0.000000,0.000000,0.000000,0.000000,15.000000,2.608057,17.141187,nan
12.940,APPROACH,146.393149,44.313203,139.144391,-10.302061,-9.791759,-2.030135,1.149538,-50.811183,-66.811183,29.952061,0.000000,0.000000,0.050462,0.000000,0.000000,0.000000,-6.497980,72.333208,19.650000,-9.791759,-2.030135,1.200000,0.000000,0.000000,-168.286766,-50.811183,-66.811183,30.000000,0.000000,0.000000,0.000000,0.000000,0.000000,0.000000,44.313203,139.144391,-10.302061,146.393149,-9.791759,-2.030135,1.149538,10.065855,nan,nan,nan,0,nan,nan,nan,0,nan,nan,nan,nan,nan,nan,nan,nan,nan,nan,nan,nan,nan,nan,nan,nan,nan,nan,nan,nan,nan,nan,nan,nan,nan,nan,nan,nan,nan,nan,nan,nan,nan,nan,nan,nan,nan,nan,nan,nan,nan,nan,nan,nan,nan,nan,nan,nan,nan,nan,2.000000,146.030208,-71.638608,-127.250664,10.000000,0.000000,146.407359,-71.638608,-127.250664,-10.502061,10.000000,0.000000,10.065855,inf,0.000000,1.000000,0.000000,0.000000,0.000000,0.000000,0.000000,0.000000,0.000000,0.000000,0.000000,0.000000,15.000000,2.931509,17.096687,nan
12.980,APPROACH,146.142357,43.824259,139.039828,-10.244458,-9.778887,-2.091260,1.152061,-50.811183,-66.811183,29.954458,0.000000,0.000000,0.047939,0.000000,0.000000,0.000000,-6.986924,72.228645,19.710000,-9.778887,-2.091260,1.200000,0.000000,0.000000,-167.928861,-50.811183,-66.811183,30.000000,0.000000,0.000000,0.000000,0.000000,0.000000,0.000000,43.824259,139.039828,-10.244458,146.142357,-9.778887,-2.091260,1.152061,10.066143,nan,nan,nan,0,nan,nan,nan,0,nan,nan,nan,nan,nan,nan,nan,nan,nan,nan,nan,nan,nan,nan,nan,nan,nan,nan,nan,nan,nan,nan,nan,nan,nan,nan,nan,nan,nan,nan,nan,nan,nan,nan,nan,nan,nan,nan,nan,nan,nan,nan,nan,nan,nan,nan,nan,nan,nan,nan,2.000000,145.782850,-71.932092,-126.800685,10.000000,0.000000,146.156513,-71.932092,-126.800685,-10.444458,10.000000,0.000000,10.066143,inf,0.000000,1.000000,0.000000,0.000000,0.000000,0.000000,0.000000,0.000000,0.000000,0.000000,0.000000,0.000000,15.000000,3.308745,17.044787,nan
13.040,APPROACH,145.890151,43.335977,138.932213,-10.186735,-9.765633,-2.152304,1.154458,-50.811183,-66.811183,29.956735,0.000000,0.000000,0.045542,0.000000,0.000000,0.000000,-7.475206,72.121030,19.770000,-9.765633,-2.152304,1.200000,0.000000,0.000000,-167.570957,-50.811183,-66.811183,30.000000,0.000000,0.000000,0.000000,0.000000,0.000000,0.000000,43.335977,138.932213,-10.186735,145.890151,-9.765633,-2.152304,1.154458,10.066418,nan,nan,nan,0,nan,nan,nan,0,nan,nan,nan,nan,nan,nan,nan,nan,nan,nan,nan,nan,nan,nan,nan,nan,nan,nan,nan,nan,nan,nan,nan,nan,nan,nan,nan,nan,nan,nan,nan,nan,nan,nan,nan,nan,nan,nan,nan,nan,nan,nan,nan,nan,nan,nan,nan,nan,nan,nan,2.000000,145.534074,-72.222757,-126.348883,10.000000,0.000000,145.904253,-72.222757,-126.348883,-10.386735,10.000000,0.000000,10.066418,inf,0.000000,1.000000,0.000000,0.000000,0.000000,0.000000,0.000000,0.000000,0.000000,0.000000,0.000000,0.000000,15.000000,3.723439,16.987734,nan
13.080,APPROACH,145.636536,42.848377,138.821550,-10.128898,-9.751998,-2.213263,1.156735,-50.811183,-66.811183,29.958898,0.000000,0.000000,0.043265,0.000000,0.000000,0.000000,-7.962806,72.010367,19.830000,-9.751998,-2.213263,1.200000,0.000000,0.000000,-167.213054,-50.811183,-66.811183,30.000000,0.000000,0.000000,0.000000,0.000000,0.000000,0.000000,42.848377,138.821550,-10.128898,145.636536,-9.751998,-2.213263,1.156735,10.066679,nan,nan,nan,0,nan,nan,nan,0,nan,nan,nan,nan,nan,nan,nan,nan,nan,nan,nan,nan,nan,nan,nan,nan,nan,nan,nan,nan,nan,nan,nan,nan,nan,nan,nan,nan,nan,nan,nan,nan,nan,nan,nan,nan,nan,nan,nan,nan,nan,nan,nan,nan,nan,nan,nan,nan,nan,nan,2.000000,145.283881,-72.510591,-125.895275,10.000000,0.000000,145.650583,-72.510591,-125.895275,-10.328898,10.000000,0.000000,10.066679,inf,0.000000,1.000000,0.000000,0.000000,0.000000,0.000000,0.000000,0.000000,0.000000,0.000000,0.000000,0.000000,15.000000,4.164404,16.927067,nan
13.140,APPROACH,145.381514,42.361478,138.707843,-10.070953,-9.737983,-2.274136,1.158898,-50.811183,-66.811183,29.960953,0.000000,0.000000,0.041102,0.000000,0.000000,0.000000,-8.449705,71.896660,19.890000,-9.737983,-2.274136,1.200000,0.000000,0.000000,-166.855153,-50.811183,-66.811183,30.000000,0.000000,0.000000,0.000000,0.000000,0.000000,0.000000,42.361478,138.707843,-10.070953,145.381514,-9.737983,-2.274136,1.158898,10.066928,nan,nan,nan,0,nan,nan,nan,0,nan,nan,nan,nan,nan,nan,nan,nan,nan,nan,nan,nan,nan,nan,nan,nan,nan,nan,nan,nan,nan,nan,nan,nan,nan,nan,nan,nan,nan,nan,nan,nan,nan,nan,nan,nan,nan,nan,nan,nan,nan,nan,nan,nan,nan,nan,nan,nan,nan,nan,2.000000,145.032274,-72.795584,-125.439880,10.000000,0.000000,145.395505,-72.795584,-125.439880,-10.270953,10.000000,0.000000,10.066928,inf,0.000000,1.000000,0.000000,0.000000,0.000000,0.000000,0.000000,0.000000,0.000000,0.000000,0.000000,0.000000,15.000000,4.624115,16.863821,nan
13.180,APPROACH,145.125088,41.875299,138.591097,-10.012906,-9.723587,-2.334920,1.160953,-50.811183,-66.811183,29.962906,0.000000,0.000000,0.039047,0.000000,0.000000,0.000000,-8.935884,71.779914,19.950000,-9.723587,-2.334920,1.200000,0.000000,0.000000,-166.497252,-50.811183,-66.811183,30.000000,0.000000,0.000000,0.000000,0.000000,0.000000,0.000000,41.875299,138.591097,-10.012906,145.125088,-9.723587,-2.334920,1.160953,10.067165,nan,nan,nan,0,nan,nan,nan,0,nan,nan,nan,nan,nan,nan,nan,nan,nan,nan,nan,nan,nan,nan,nan,nan,nan,nan,nan,nan,nan,nan,nan,nan,nan,nan,nan,nan,nan,nan,nan,nan,nan,nan,nan,nan,nan,nan,nan,nan,nan,nan,nan,nan,nan,nan,nan,nan,nan,nan,2.000000,144.779255,-73.077725,-124.982715,10.000000,0.000000,145.139024,-73.077725,-124.982715,-10.212906,10.000000,0.000000,10.067165,inf,0.000000,1.000000,0.000000,0.000000,0.000000,0.000000,0.000000,0.000000,0.000000,0.000000,0.000000,0.000000,15.000000,5.097487,16.798695,nan
13.240,APPROACH,144.867260,41.389858,138.471316,-9.954760,-9.708812,-2.395613,1.162906,-50.811183,-66.811183,29.964760,0.000000,0.000000,0.037094,0.000000,0.000000,0.000000,-9.421325,71.660133,20.010000,-9.708812,-2.395613,1.200000,0.000000,0.000000,-166.139352,-50.811183,-66.811183,30.000000,0.000000,0.000000,0.000000,0.000000,0.000000,0.000000,41.389858,138.471316,-9.954760,144.867260,-9.708812,-2.395613,1.162906,10.067390,nan,nan,nan,0,nan,nan,nan,0,nan,nan,nan,nan,nan,nan,nan,nan,nan,nan,nan,nan,nan,nan,nan,nan,nan,nan,nan,nan,nan,nan,nan,nan,nan,nan,nan,nan,nan,nan,nan,nan,nan,nan,nan,nan,nan,nan,nan,nan,nan,nan,nan,nan,nan,nan,nan,nan,nan,nan,2.000000,144.524828,-73.357002,-124.523797,10.000000,0.000000,144.881141,-73.357002,-124.523797,-10.154760,10.000000,0.000000,10.067390,inf,0.000000,1.000000,0.000000,0.000000,0.000000,0.000000,0.000000,0.000000,0.000000,0.000000,0.000000,0.000000,15.000000,5.581029,16.732170,nan
13.280,APPROACH,144.608034,40.905175,138.348506,-9.896522,-9.693659,-2.456212,1.164760,-50.811183,-66.811183,29.966522,0.000000,0.000000,0.035240,0.000000,0.000000,0.000000,-9.906008,71.537323,20.070000,-9.693659,-2.456212,1.200000,0.000000,0.000000,-165.781454,-50.811183,-66.811183,30.000000,0.000000,0.000000,0.000000,0.000000,0.000000,0.000000,40.905175,138.348506,-9.896522,144.608034,-9.693659,-2.456212,1.164760,10.067605,nan,nan,nan,0,nan,nan,nan,0,nan,nan,nan,nan,nan,nan,nan,nan,nan,nan,nan,nan,nan,nan,nan,nan,nan,nan,nan,nan,nan,nan,nan,nan,nan,nan,nan,nan,nan,nan,nan,nan,nan,nan,nan,nan,nan,nan,nan,nan,nan,nan,nan,nan,nan,nan,nan,nan,nan,nan,2.000000,144.268993,-73.633404,-124.063146,10.000000,0.000000,144.621859,-73.633404,-124.063146,-10.096522,10.000000,0.000000,10.067605,inf,0.000000,1.000000,0.000000,0.000000,0.000000,0.000000,0.000000,0.000000,0.000000,0.000000,0.000000,0.000000,14.000000,5.406260,15.751650,nan
13.340,APPROACH,144.347413,40.421269,138.222670,-9.838196,-9.678127,-2.516715,1.166522,-50.811183,-66.811183,29.968196,0.000000,0.000000,0.033478,0.000000,0.000000,0.000000,-10.389914,71.411487,20.130000,-9.678127,-2.516715,1.200000,0.000000,0.000000,-165.423556,-50.811183,-66.811183,30.000000,0.000000,0.000000,0.000000,0.000000,0.000000,0.000000,40.421269,138.222670,-9.838196,144.347413,-9.678127,-2.516715,1.166522,10.067809,nan,nan,nan,0,nan,nan,nan,0,nan,nan,nan,nan,nan,nan,nan,nan,nan,nan,nan,nan,nan,nan,nan,nan,nan,nan,nan,nan,nan,nan,nan,nan,nan,nan,nan,nan,nan,nan,nan,nan,nan,nan,nan,nan,nan,nan,nan,nan,nan,nan,nan,nan,nan,nan,nan,nan,nan,nan,2.000000,144.011755,-73.906922,-123.600778,10.000000,0.000000,144.361182,-73.906922,-123.600778,-10.038196,10.000000,0.000000,10.067809,inf,0.000000,1.000000,0.000000,0.000000,0.000000,0.000000,0.000000,0.000000,0.000000,0.000000,0.000000,0.000000,14.000000,4.926046,15.818123,nan
13.380,APPROACH,144.085399,39.938158,138.093814,-9.779786,-9.662218,-2.577119,1.168196,-50.811183,-66.811183,29.969786,0.000000,0.000000,0.031804,0.000000,0.000000,0.000000,-10.873025,71.282631,20.190000,-9.662218,-2.577119,1.200000,0.000000,0.000000,-165.065659,-50.811183,-66.811183,30.000000,0.000000,0.000000,0.000000,0.000000,0.000000,0.000000,39.938158,138.093814,-9.779786,144.085399,-9.662218,-2.577119,1.168196,10.068003,nan,nan,nan,0,nan,nan,nan,0,nan,nan,nan,nan,nan,nan,nan,nan,nan,nan,nan,nan,nan,nan,nan,nan,nan,nan,nan,nan,nan,nan,nan,nan,nan,nan,nan,nan,nan,nan,nan,nan,nan,nan,nan,nan,nan,nan,nan,nan,nan,nan,nan,nan,nan,nan,nan,nan,nan,nan,2.000000,143.753115,-74.177545,-123.136712,10.000000,0.000000,144.099112,-74.177545,-123.136712,-9.979786,10.000000,0.000000,10.068003,inf,0.000000,1.000000,0.000000,0.000000,0.000000,0.000000,0.000000,0.000000,0.000000,0.000000,0.000000,0.000000,14.000000,4.457113,15.883034,nan
13.440,APPROACH,143.821995,39.455862,137.961943,-9.721297,-9.645932,-2.637423,1.169786,-50.811183,-66.811183,29.971297,0.000000,0.000000,0.030214,0.000000,0.000000,0.000000,-11.355322,71.150760,20.250000,-9.645932,-2.637423,1.200000,0.000000,0.000000,-164.707764,-50.811183,-66.811183,30.000000,0.000000,0.000000,0.000000,0.000000,0.000000,0.000000,39.455862,137.961943,-9.721297,143.821995,-9.645932,-2.637423,1.169786,10.068188,nan,nan,nan,0,nan,nan,nan,0,nan,nan,nan,nan,nan,nan,nan,nan,nan,nan,nan,nan,nan,nan,nan,nan,nan,nan,nan,nan,nan,nan,nan,nan,nan,nan,nan,nan,nan,nan,nan,nan,nan,nan,nan,nan,nan,nan,nan,nan,nan,nan,nan,nan,nan,nan,nan,nan,nan,nan,2.000000,143.493075,-74.445261,-122.670965,10.000000,-0.000000,143.835652,-74.445261,-122.670965,-9.921297,10.000000,-0.000000,10.068188,inf,0.000000,1.000000,0.000000,0.000000,0.000000,0.000000,0.000000,0.000000,0.000000,0.000000,0.000000,0.000000,14.000000,4.003448,15.945831,nan
13.480,APPROACH,143.557205,38.974398,137.827062,-9.662732,-9.629269,-2.697624,1.171297,-50.811183,-66.811183,29.972732,0.000000,0.000000,0.028703,0.000000,0.000000,0.000000,-11.836785,71.015878,20.310000,-9.629269,-2.697624,1.200000,0.000000,0.000000,-164.349869,-50.811183,-66.811183,30.000000,0.000000,0.000000,0.000000,0.000000,0.000000,0.000000,38.974398,137.827062,-9.662732,143.557205,-9.629269,-2.697624,1.171297,10.068363,nan,nan,nan,0,nan,nan,nan,0,nan,nan,nan,nan,nan,nan,nan,nan,nan,nan,nan,nan,nan,nan,nan,nan,nan,nan,nan,nan,nan,nan,nan,nan,nan,nan,nan,nan,nan,nan,nan,nan,nan,nan,nan,nan,nan,nan,nan,nan,nan,nan,nan,nan,nan,nan,nan,nan,nan,nan,2.000000,143.231640,-74.710061,-122.203557,10.000000,0.000000,143.570805,-74.710061,-122.203557,-9.862732,10.000000,0.000000,10.068363,inf,0.000000,1.000000,0.000000,0.000000,0.000000,0.000000,0.000000,0.000000,0.000000,0.000000,0.000000,0.000000,14.000000,3.570897,16.005706,nan
13.540,APPROACH,143.291030,38.493787,137.689176,-9.604096,-9.612231,-2.757720,1.172732,-50.811183,-66.811183,29.974096,0.000000,0.000000,0.027268,0.000000,0.000000,0.000000,-12.317397,70.877992,20.370000,-9.612231,-2.757720,1.200000,0.000000,0.000000,-163.991975,-50.811183,-66.811183,30.000000,0.000000,0.000000,0.000000,0.000000,0.000000,0.000000,38.493787,137.689176,-9.604096,143.291030,-9.612231,-2.757720,1.172732,10.068530,nan,nan,nan,0,nan,nan,nan,0,nan,nan,nan,nan,nan,nan,nan,nan,nan,nan,nan,nan,nan,nan,nan,nan,nan,nan,nan,nan,nan,nan,nan,nan,nan,nan,nan,nan,nan,nan,nan,nan,nan,nan,nan,nan,nan,nan,nan,nan,nan,nan,nan,nan,nan,nan,nan,nan,nan,nan,2.000000,142.968810,-74.971935,-121.734505,10.000000,0.000000,143.304574,-74.971935,-121.734505,-9.804096,10.000000,0.000000,10.068530,inf,0.000000,1.000000,0.000000,0.000000,0.000000,0.000000,0.000000,0.000000,0.000000,0.000000,0.000000,0.000000,14.000000,3.168140,16.061457,nan
13.580,APPROACH,143.023475,38.014046,137.548290,-9.545391,-9.594818,-2.817708,1.174096,-50.811183,-66.811183,29.975391,0.000000,0.000000,0.025904,0.000000,0.000000,0.000000,-12.797138,70.737107,20.430000,-9.594818,-2.817708,1.200000,0.000000,0.000000,-163.634081,-50.811183,-66.811183,30.000000,0.000000,0.000000,0.000000,0.000000,0.000000,0.000000,38.014046,137.548290,-9.545391,143.023475,-9.594818,-2.817708,1.174096,10.068689,nan,nan,nan,0,nan,nan,nan,0,nan,nan,nan,nan,nan,nan,nan,nan,nan,nan,nan,nan,nan,nan,nan,nan,nan,nan,nan,nan,nan,nan,nan,nan,nan,nan,nan,nan,nan,nan,nan,nan,nan,nan,nan,nan,nan,nan,nan,nan,nan,nan,nan,nan,nan,nan,nan,nan,nan,nan,2.000000,142.704589,-75.230871,-121.263827,10.000000,0.000000,143.036962,-75.230871,-121.263827,-9.745391,10.000000,0.000000,10.068689,inf,0.000000,1.000000,0.000000,0.000000,0.000000,0.000000,0.000000,0.000000,0.000000,0.000000,0.000000,0.000000,14.000000,2.808045,16.111302,nan
13.640,APPROACH,142.754541,37.535194,137.404411,-9.486621,-9.577030,-2.877585,1.175391,-50.811183,-66.811183,29.976621,0.000000,0.000000,0.024609,0.000000,0.000000,0.000000,-13.275989,70.593228,20.490000,-9.577030,-2.877585,1.200000,0.000000,0.000000,-163.276189,-50.811183,-66.811183,30.000000,0.000000,0.000000,0.000000,0.000000,0.000000,0.000000,37.535194,137.404411,-9.486621,142.754541,-9.577030,-2.877585,1.175391,10.068840,nan,nan,nan,0,nan,nan,nan,0,nan,nan,nan,nan,nan,nan,nan,nan,nan,nan,nan,nan,nan,nan,nan,nan,nan,nan,nan,nan,nan,nan,nan,nan,nan,nan,nan,nan,nan,nan,nan,nan,nan,nan,nan,nan,nan,nan,nan,nan,nan,nan,nan,nan,nan,nan,nan,nan,nan,nan,2.000000,142.438980,-75.486861,-120.791542,10.000000,0.000000,142.767971,-75.486861,-120.791542,-9.686621,10.000000,0.000000,10.068840,inf,0.000000,1.000000,0.000000,0.000000,0.000000,0.000000,0.000000,0.000000,0.000000,0.000000,0.000000,0.000000,14.000000,2.509065,16.152688,nan
13.680,APPROACH,142.484232,37.057251,137.257543,-9.427790,-9.558869,-2.937351,1.176621,-50.811183,-66.811183,29.977790,0.000000,0.000000,0.023379,0.000000,0.000000,0.000000,-13.753932,70.446360,20.550000,-9.558869,-2.937351,1.200000,0.000000,0.000000,-162.918297,-50.811183,-66.811183,30.000000,0.000000,0.000000,0.000000,0.000000,0.000000,0.000000,37.057251,137.257543,-9.427790,142.484232,-9.558869,-2.937351,1.176621,10.068984,nan,nan,nan,0,nan,nan,nan,0,nan,nan,nan,nan,nan,nan,nan,nan,nan,nan,nan,nan,nan,nan,nan,nan,nan,nan,nan,nan,nan,nan,nan,nan,nan,nan,nan,nan,nan,nan,nan,nan,nan,nan,nan,nan,nan,nan,nan,nan,nan,nan,nan,nan,nan,nan,nan,nan,nan,nan,2.000000,142.171984,-75.739894,-120.317669,10.000000,0.000000,142.497605,-75.739894,-120.317669,-9.627790,10.000000,0.000000,10.068984,inf,0.000000,1.000000,0.000000,0.000000,0.000000,0.000000,0.000000,0.000000,0.000000,0.000000,0.000000,0.000000,14.000000,2.295221,16.182289,nan
13.740,APPROACH,142.212550,36.580234,137.107693,-9.368901,-9.540335,-2.997001,1.177790,-50.811183,-66.811183,29.978901,0.000000,0.000000,0.022210,0.000000,0.000000,0.000000,-14.230949,70.296510,20.610000,-9.540335,-2.997001,1.200000,0.000000,0.000000,-162.560407,-50.811183,-66.811183,30.000000,0.000000,0.000000,0.000000,0.000000,0.000000,0.000000,36.580234,137.107693,-9.368901,142.212550,-9.540335,-2.997001,1.177790,10.069121,nan,nan,nan,0,nan,nan,nan,0,nan,nan,nan,nan,nan,nan,nan,nan,nan,nan,nan,nan,nan,nan,nan,nan,nan,nan,nan,nan,nan,nan,nan,nan,nan,nan,nan,nan,nan,nan,nan,nan,nan,nan,nan,nan,nan,nan,nan,nan,nan,nan,nan,nan,nan,nan,nan,nan,nan,nan,2.000000,141.903605,-75.989961,-119.842225,10.000000,0.000000,142.225866,-75.989961,-119.842225,-9.568901,10.000000,0.000000,10.069121,inf,0.000000,1.000000,0.000000,0.000000,0.000000,0.000000,0.000000,0.000000,0.000000,0.000000,0.000000,0.000000,14.000000,2.191588,16.196634,nan
13.780,APPROACH,141.939499,36.104163,136.954867,-9.309956,-9.521428,-3.056535,1.178901,-50.811183,-66.811183,29.979956,0.000000,0.000000,0.021099,0.000000,0.000000,0.000000,-14.707021,70.143683,20.670000,-9.521428,-3.056535,1.200000,0.000000,0.000000,-162.202516,-50.811183,-66.811183,30.000000,0.000000,0.000000,0.000000,0.000000,0.000000,0.000000,36.104163,136.954867,-9.309956,141.939499,-9.521428,-3.056535,1.178901,10.069251,nan,nan,nan,0,nan,nan,nan,0,nan,nan,nan,nan,nan,nan,nan,nan,nan,nan,nan,nan,nan,nan,nan,nan,nan,nan,nan,nan,nan,nan,nan,nan,nan,nan,nan,nan,nan,nan,nan,nan,nan,nan,nan,nan,nan,nan,nan,nan,nan,nan,nan,nan,nan,nan,nan,nan,nan,nan,2.000000,141.633845,-76.237052,-119.365229,10.000000,0.000000,141.952757,-76.237052,-119.365229,-9.509956,10.000000,0.000000,10.069251,inf,0.000000,1.000000,0.000000,0.000000,0.000000,0.000000,0.000000,0.000000,0.000000,0.000000,0.000000,0.000000,14.000000,2.213703,16.193573,nan
13.840,APPROACH,141.665081,35.629055,136.799069,-9.250958,-9.502150,-3.115949,1.179956,-50.811183,-66.811183,29.980958,0.000000,0.000000,0.020044,0.000000,0.000000,0.000000,-15.182128,69.987886,20.730000,-9.502150,-3.115949,1.200000,0.000000,0.000000,-161.844627,-50.811183,-66.811183,30.000000,0.000000,0.000000,0.000000,0.000000,0.000000,0.000000,35.629055,136.799069,-9.250958,141.665081,-9.502150,-3.115949,1.179956,10.069374,nan,nan,nan,0,nan,nan,nan,0,nan,nan,nan,nan,nan,nan,nan,nan,nan,nan,nan,nan,nan,nan,nan,nan,nan,nan,nan,nan,nan,nan,nan,nan,nan,nan,nan,nan,nan,nan,nan,nan,nan,nan,nan,nan,nan,nan,nan,nan,nan,nan,nan,nan,nan,nan,nan,nan,nan,nan,2.000000,141.362707,-76.481156,-118.886701,10.000000,-0.000000,141.678282,-76.481156,-118.886701,-9.450958,10.000000,-0.000000,10.069374,inf,0.000000,1.000000,0.000000,0.000000,0.000000,0.000000,0.000000,0.000000,0.000000,0.000000,0.000000,0.000000,14.000000,2.358030,16.173595,nan
13.880,APPROACH,141.389299,35.154930,136.640307,-9.191910,-9.482502,-3.175241,1.180958,-50.811183,-66.811183,29.981910,0.000000,0.000000,0.019042,0.000000,0.000000,0.000000,-15.656253,69.829124,20.790000,-9.482502,-3.175241,1.200000,0.000000,0.000000,-161.486738,-50.811183,-66.811183,30.000000,0.000000,0.000000,0.000000,0.000000,0.000000,0.000000,35.154930,136.640307,-9.191910,141.389299,-9.482502,-3.175241,1.180958,10.069492,nan,nan,nan,0,nan,nan,nan,0,nan,nan,nan,nan,nan,nan,nan,nan,nan,nan,nan,nan,nan,nan,nan,nan,nan,nan,nan,nan,nan,nan,nan,nan,nan,nan,nan,nan,nan,nan,nan,nan,nan,nan,nan,nan,nan,nan,nan,nan,nan,nan,nan,nan,nan,nan,nan,nan,nan,nan,2.000000,141.090193,-76.722266,-118.406657,10.000000,-0.000000,141.402442,-76.722266,-118.406657,-9.391910,10.000000,-0.000000,10.069492,inf,0.000000,1.000000,0.000000,0.000000,0.000000,0.000000,0.000000,0.000000,0.000000,0.000000,0.000000,0.000000,14.000000,2.604324,16.139502,nan
13.940,APPROACH,141.112156,34.681806,136.478587,-9.132814,-9.462483,-3.234410,1.181910,-50.811183,-66.811183,29.982814,0.000000,0.000000,0.018090,0.000000,0.000000,0.000000,-16.129377,69.667403,20.850000,-9.462483,-3.234410,1.200000,0.000000,0.000000,-161.128850,-50.811183,-66.811183,30.000000,0.000000,0.000000,0.000000,0.000000,0.000000,0.000000,34.681806,136.478587,-9.132814,141.112156,-9.462483,-3.234410,1.181910,10.069603,nan,nan,nan,0,nan,nan,nan,0,nan,nan,nan,nan,nan,nan,nan,nan,nan,nan,nan,nan,nan,nan,nan,nan,nan,nan,nan,nan,nan,nan,nan,nan,nan,nan,nan,nan,nan,nan,nan,nan,nan,nan,nan,nan,nan,nan,nan,nan,nan,nan,nan,nan,nan,nan,nan,nan,nan,nan,2.000000,140.816307,-76.960371,-117.925118,10.000000,0.000000,141.125241,-76.960371,-117.925118,-9.332814,10.000000,0.000000,10.069603,inf,0.000000,1.000000,0.000000,0.000000,0.000000,0.000000,0.000000,0.000000,0.000000,0.000000,0.000000,0.000000,14.000000,2.926948,16.094844,nan
13.980,APPROACH,140.833655,34.209701,136.313914,-9.073674,-9.442096,-3.293452,1.182814,-50.811183,-66.811183,29.983674,0.000000,0.000000,0.017186,0.000000,0.000000,0.000000,-16.601482,69.502731,20.910000,-9.442096,-3.293452,1.200000,0.000000,0.000000,-160.770963,-50.811183,-66.811183,30.000000,0.000000,0.000000,0.000000,0.000000,0.000000,0.000000,34.209701,136.313914,-9.073674,140.833655,-9.442096,-3.293452,1.182814,10.069710,nan,nan,nan,0,nan,nan,nan,0,nan,nan,nan,nan,nan,nan,nan,nan,nan,nan,nan,nan,nan,nan,nan,nan,nan,nan,nan,nan,nan,nan,nan,nan,nan,nan,nan,nan,nan,nan,nan,nan,nan,nan,nan,nan,nan,nan,nan,nan,nan,nan,nan,nan,nan,nan,nan,nan,nan,nan,2.000000,140.541050,-77.195462,-117.442102,10.000000,0.000000,140.846682,-77.195462,-117.442102,-9.273674,10.000000,0.000000,10.069710,inf,0.000000,1.000000,0.000000,0.000000,0.000000,0.000000,0.000000,0.000000,0.000000,0.000000,0.000000,0.000000,14.000000,3.303605,16.042706,nan
14.040,APPROACH,140.553799,33.738634,136.146296,-9.014490,-9.421340,-3.352366,1.183674,-50.811183,-66.811183,29.984490,0.000000,0.000000,0.016326,0.000000,0.000000,0.000000,-17.072549,69.335112,20.970000,-9.421340,-3.352366,1.200000,0.000000,0.000000,-160.413076,-50.811183,-66.811183,30.000000,0.000000,0.000000,0.000000,0.000000,0.000000,0.000000,33.738634,136.146296,-9.014490,140.553799,-9.421340,-3.352366,1.183674,10.069811,nan,nan,nan,0,nan,nan,nan,0,nan,nan,nan,nan,nan,nan,nan,nan,nan,nan,nan,nan,nan,nan,nan,nan,nan,nan,nan,nan,nan,nan,nan,nan,nan,nan,nan,nan,nan,nan,nan,nan,nan,nan,nan,nan,nan,nan,nan,nan,nan,nan,nan,nan,nan,nan,nan,nan,nan,nan,2.000000,140.264426,-77.427530,-116.957628,10.000000,0.000000,140.566767,-77.427530,-116.957628,-9.214490,10.000000,0.000000,10.069811,inf,0.000000,1.000000,0.000000,0.000000,0.000000,0.000000,0.000000,0.000000,0.000000,0.000000,0.000000,0.000000,14.000000,3.717896,15.985358,nan
14.080,APPROACH,140.272590,33.268623,135.975738,-8.955266,-9.400216,-3.411148,1.184490,-50.811183,-66.811183,29.985266,0.000000,0.000000,0.015510,0.000000,0.000000,0.000000,-17.542560,69.164555,21.030000,-9.400216,-3.411148,1.200000,0.000000,0.000000,-160.055190,-50.811183,-66.811183,30.000000,0.000000,0.000000,0.000000,0.000000,0.000000,0.000000,33.268623,135.975738,-8.955266,140.272590,-9.400216,-3.411148,1.184490,10.069906,nan,nan,nan,0,nan,nan,nan,0,nan,nan,nan,nan,nan,nan,nan,nan,nan,nan,nan,nan,nan,nan,nan,nan,nan,nan,nan,nan,nan,nan,nan,nan,nan,nan,nan,nan,nan,nan,nan,nan,nan,nan,nan,nan,nan,nan,nan,nan,nan,nan,nan,nan,nan,nan,nan,nan,nan,nan,2.000000,139.986438,-77.656566,-116.471715,10.000000,0.000000,140.285500,-77.656566,-116.471715,-9.155266,10.000000,0.000000,10.069906,inf,0.000000,1.000000,0.000000,0.000000,0.000000,0.000000,0.000000,0.000000,0.000000,0.000000,0.000000,0.000000,14.000000,4.158575,15.924358,nan
14.140,APPROACH,139.990032,32.799687,135.802248,-8.896002,-9.378726,-3.469798,1.185266,-50.811183,-66.811183,29.986002,0.000000,0.000000,0.014734,0.000000,0.000000,0.000000,-18.011496,68.991065,21.090000,-9.378726,-3.469798,1.200000,0.000000,0.000000,-159.697304,-50.811183,-66.811183,30.000000,0.000000,0.000000,0.000000,0.000000,0.000000,0.000000,32.799687,135.802248,-8.896002,139.990032,-9.378726,-3.469798,1.185266,10.069998,nan,nan,nan,0,nan,nan,nan,0,nan,nan,nan,nan,nan,nan,nan,nan,nan,nan,nan,nan,nan,nan,nan,nan,nan,nan,nan,nan,nan,nan,nan,nan,nan,nan,nan,nan,nan,nan,nan,nan,nan,nan,nan,nan,nan,nan,nan,nan,nan,nan,nan,nan,nan,nan,nan,nan,nan,nan,2.000000,139.707087,-77.882562,-115.984381,10.000000,0.000000,140.002883,-77.882562,-115.984381,-9.096002,10.000000,0.000000,10.069998,inf,0.000000,1.000000,0.000000,0.000000,0.000000,0.000000,0.000000,0.000000,0.000000,0.000000,0.000000,0.000000,14.000000,4.618079,15.860752,nan
14.180,APPROACH,139.706127,32.331843,135.625833,-8.836702,-9.356870,-3.528312,1.186002,-50.811183,-66.811183,29.986702,0.000000,0.000000,0.013998,0.000000,0.000000,0.000000,-18.479340,68.814650,21.150000,-9.356870,-3.528312,1.200000,0.000000,0.000000,-159.339419,-50.811183,-66.811183,30.000000,0.000000,0.000000,0.000000,0.000000,0.000000,0.000000,32.331843,135.625833,-8.836702,139.706127,-9.356870,-3.528312,1.186002,10.070084,nan,nan,nan,0,nan,nan,nan,0,nan,nan,nan,nan,nan,nan,nan,nan,nan,nan,nan,nan,nan,nan,nan,nan,nan,nan,nan,nan,nan,nan,nan,nan,nan,nan,nan,nan,nan,nan,nan,nan,nan,nan,nan,nan,nan,nan,nan,nan,nan,nan,nan,nan,nan,nan,nan,nan,nan,nan,2.000000,139.426377,-78.105508,-115.495646,10.000000,-0.000000,139.718920,-78.105508,-115.495646,-9.036702,10.000000,-0.000000,10.070084,inf,0.000000,1.000000,0.000000,0.000000,0.000000,0.000000,0.000000,0.000000,0.000000,0.000000,0.000000,0.000000,14.000000,5.091299,15.795248,nan
14.240,APPROACH,139.420879,31.865111,135.446498,-8.777367,-9.334649,-3.586688,1.186702,-50.811183,-66.811183,29.987367,0.000000,0.000000,0.013298,0.000000,0.000000,0.000000,-18.946072,68.635315,21.210000,-9.334649,-3.586688,1.200000,0.000000,0.000000,-158.981535,-50.811183,-66.811183,30.000000,0.000000,0.000000,0.000000,0.000000,0.000000,0.000000,31.865111,135.446498,-8.777367,139.420879,-9.334649,-3.586688,1.186702,10.070167,nan,nan,nan,0,nan,nan,nan,0,nan,nan,nan,nan,nan,nan,nan,nan,nan,nan,nan,nan,nan,nan,nan,nan,nan,nan,nan,nan,nan,nan,nan,nan,nan,nan,nan,nan,nan,nan,nan,nan,nan,nan,nan,nan,nan,nan,nan,nan,nan,nan,nan,nan,nan,nan,nan,nan,nan,nan,2.000000,139.144311,-78.325396,-115.005529,10.000000,0.000000,139.433613,-78.325396,-115.005529,-8.977367,10.000000,0.000000,10.070167,inf,0.000000,1.000000,0.000000,0.000000,0.000000,0.000000,0.000000,0.000000,0.000000,0.000000,0.000000,0.000000,14.000000,5.574727,15.728331,nan
14.280,APPROACH,139.134289,31.399508,135.264252,-8.717999,-9.312064,-3.644924,1.187367,-50.811183,-66.811183,29.987999,0.000000,0.000000,0.012633,0.000000,0.000000,0.000000,-19.411675,68.453069,21.270000,-9.312064,-3.644924,1.200000,0.000000,0.000000,-158.623651,-50.811183,-66.811183,30.000000,0.000000,0.000000,0.000000,0.000000,0.000000,0.000000,31.399508,135.264252,-8.717999,139.134289,-9.312064,-3.644924,1.187367,10.070245,nan,nan,nan,0,nan,nan,nan,0,nan,nan,nan,nan,nan,nan,nan,nan,nan,nan,nan,nan,nan,nan,nan,nan,nan,nan,nan,nan,nan,nan,nan,nan,nan,nan,nan,nan,nan,nan,nan,nan,nan,nan,nan,nan,nan,nan,nan,nan,nan,nan,nan,nan,nan,nan,nan,nan,nan,nan,2.000000,138.860891,-78.542216,-114.514048,10.000000,0.000000,139.146964,-78.542216,-114.514048,-8.917999,10.000000,0.000000,10.070245,inf,0.000000,1.000000,0.000000,0.000000,0.000000,0.000000,0.000000,0.000000,0.000000,0.000000,0.000000,0.000000,13.000000,5.412528,14.745556,nan
14.340,APPROACH,138.846362,30.935052,135.079101,-8.658599,-9.289115,-3.703018,1.187999,-50.811183,-66.811183,29.988599,0.000000,0.000000,0.012001,0.000000,0.000000,0.000000,-19.876131,68.267918,21.330000,-9.289115,-3.703018,1.200000,0.000000,0.000000,-158.265768,-50.811183,-66.811183,30.000000,0.000000,0.000000,0.000000,0.000000,0.000000,0.000000,30.935052,135.079101,-8.658599,138.846362,-9.289115,-3.703018,1.187999,10.070320,nan,nan,nan,0,nan,nan,nan,0,nan,nan,nan,nan,nan,nan,nan,nan,nan,nan,nan,nan,nan,nan,nan,nan,nan,nan,nan,nan,nan,nan,nan,nan,nan,nan,nan,nan,nan,nan,nan,nan,nan,nan,nan,nan,nan,nan,nan,nan,nan,nan,nan,nan,nan,nan,nan,nan,nan,nan,2.000000,138.576120,-78.755962,-114.021224,10.000000,0.000000,138.858978,-78.755962,-114.021224,-8.858599,10.000000,0.000000,10.070320,inf,0.000000,1.000000,0.000000,0.000000,0.000000,0.000000,0.000000,0.000000,0.000000,0.000000,0.000000,0.000000,13.000000,4.932189,14.812510,nan
14.380,APPROACH,138.557101,30.471762,134.891053,-8.599169,-9.265804,-3.760968,1.188599,-50.811183,-66.811183,29.989169,0.000000,0.000000,0.011401,0.000000,0.000000,0.000000,-20.339421,68.079870,21.390000,-9.265804,-3.760968,1.200000,0.000000,0.000000,-157.907885,-50.811183,-66.811183,30.000000,0.000000,0.000000,0.000000,0.000000,0.000000,0.000000,30.471762,134.891053,-8.599169,138.557101,-9.265804,-3.760968,1.188599,10.070391,nan,nan,nan,0,nan,nan,nan,0,nan,nan,nan,nan,nan,nan,nan,nan,nan,nan,nan,nan,nan,nan,nan,nan,nan,nan,nan,nan,nan,nan,nan,nan,nan,nan,nan,nan,nan,nan,nan,nan,nan,nan,nan,nan,nan,nan,nan,nan,nan,nan,nan,nan,nan,nan,nan,nan,nan,nan,2.000000,138.290001,-78.966625,-113.527074,10.000000,-0.000000,138.569657,-78.966625,-113.527074,-8.799169,10.000000,-0.000000,10.070391,inf,0.000000,1.000000,0.000000,0.000000,0.000000,0.000000,0.000000,0.000000,0.000000,0.000000,0.000000,0.000000,13.000000,4.463088,14.877897,nan
14.440,APPROACH,138.266507,30.009655,134.700114,-8.539710,-9.242132,-3.818770,1.189169,-50.811183,-66.811183,29.989710,0.000000,0.000000,0.010831,0.000000,0.000000,0.000000,-20.801528,67.888931,21.450000,-9.242132,-3.818770,1.200000,0.000000,0.000000,-157.550002,-50.811183,-66.811183,30.000000,0.000000,0.000000,0.000000,0.000000,0.000000,0.000000,30.009655,134.700114,-8.539710,138.266507,-9.242132,-3.818770,1.189169,10.070458,nan,nan,nan,0,nan,nan,nan,0,nan,nan,nan,nan,nan,nan,nan,nan,nan,nan,nan,nan,nan,nan,nan,nan,nan,nan,nan,nan,nan,nan,nan,nan,nan,nan,nan,nan,nan,nan,nan,nan,nan,nan,nan,nan,nan,nan,nan,nan,nan,nan,nan,nan,nan,nan,nan,nan,nan,nan,2.000000,138.002537,-79.174195,-113.031620,10.000000,0.000000,138.279003,-79.174195,-113.031620,-8.739710,10.000000,0.000000,10.070458,inf,0.000000,1.000000,0.000000,0.000000,0.000000,0.000000,0.000000,0.000000,0.000000,0.000000,0.000000,0.000000,13.000000,4.009195,14.941164,nan
14.480,APPROACH,137.974584,29.548750,134.506293,-8.480225,-9.218099,-3.876424,1.189710,-50.811183,-66.811183,29.990225,0.000000,0.000000,0.010290,0.000000,0.000000,0.000000,-21.262433,67.695110,21.510000,-9.218099,-3.876424,1.200000,0.000000,0.000000,-157.192121,-50.811183,-66.811183,30.000000,0.000000,0.000000,0.000000,0.000000,0.000000,0.000000,29.548750,134.506293,-8.480225,137.974584,-9.218099,-3.876424,1.189710,10.070522,nan,nan,nan,0,nan,nan,nan,0,nan,nan,nan,nan,nan,nan,nan,nan,nan,nan,nan,nan,nan,nan,nan,nan,nan,nan,nan,nan,nan,nan,nan,nan,nan,nan,nan,nan,nan,nan,nan,nan,nan,nan,nan,nan,nan,nan,nan,nan,nan,nan,nan,nan,nan,nan,nan,nan,nan,nan,2.000000,137.713730,-79.378666,-112.534879,10.000000,0.000000,137.987021,-79.378666,-112.534879,-8.680225,10.000000,0.000000,10.070522,inf,0.000000,1.000000,0.000000,0.000000,0.000000,0.000000,0.000000,0.000000,0.000000,0.000000,0.000000,0.000000,13.000000,3.576323,15.001502,nan
14.540,APPROACH,137.681335,29.089065,134.309597,-8.420714,-9.193706,-3.933926,1.190225,-50.811183,-66.811183,29.990714,0.000000,0.000000,0.009775,0.000000,0.000000,0.000000,-21.722118,67.498414,21.570000,-9.193706,-3.933926,1.200000,0.000000,0.000000,-156.834239,-50.811183,-66.811183,30.000000,0.000000,0.000000,0.000000,0.000000,0.000000,0.000000,29.089065,134.309597,-8.420714,137.681335,-9.193706,-3.933926,1.190225,10.070583,nan,nan,nan,0,nan,nan,nan,0,nan,nan,nan,nan,nan,nan,nan,nan,nan,nan,nan,nan,nan,nan,nan,nan,nan,nan,nan,nan,nan,nan,nan,nan,nan,nan,nan,nan,nan,nan,nan,nan,nan,nan,nan,nan,nan,nan,nan,nan,nan,nan,nan,nan,nan,nan,nan,nan,nan,nan,2.000000,137.423584,-79.580029,-112.036871,10.000000,0.000000,137.693712,-79.580029,-112.036871,-8.620714,10.000000,0.000000,10.070583,inf,0.000000,1.000000,0.000000,0.000000,0.000000,0.000000,0.000000,0.000000,0.000000,0.000000,0.000000,0.000000,13.000000,3.173110,15.057705,nan
14.580,APPROACH,137.386763,28.630617,134.110033,-8.361178,-9.168955,-3.991274,1.190714,-50.811183,-66.811183,29.991178,0.000000,0.000000,0.009286,0.000000,0.000000,0.000000,-22.180566,67.298850,21.630000,-9.168955,-3.991274,1.200000,0.000000,0.000000,-156.476358,-50.811183,-66.811183,30.000000,0.000000,0.000000,0.000000,0.000000,0.000000,0.000000,28.630617,134.110033,-8.361178,137.386763,-9.168955,-3.991274,1.190714,10.070640,nan,nan,nan,0,nan,nan,nan,0,nan,nan,nan,nan,nan,nan,nan,nan,nan,nan,nan,nan,nan,nan,nan,nan,nan,nan,nan,nan,nan,nan,nan,nan,nan,nan,nan,nan,nan,nan,nan,nan,nan,nan,nan,nan,nan,nan,nan,nan,nan,nan,nan,nan,nan,nan,nan,nan,nan,nan,2.000000,137.132101,-79.778277,-111.537616,10.000000,0.000000,137.399079,-79.778277,-111.537616,-8.561178,10.000000,0.000000,10.070640,inf,0.000000,1.000000,0.000000,0.000000,0.000000,0.000000,0.000000,0.000000,0.000000,0.000000,0.000000,0.000000,13.000000,2.812359,15.107990,nan
14.640,APPROACH,137.090870,28.173425,133.907610,-8.301619,-9.143846,-4.048467,1.191178,-50.811183,-66.811183,29.991619,0.000000,0.000000,0.008822,0.000000,0.000000,0.000000,-22.637758,67.096427,21.690000,-9.143846,-4.048467,1.200000,0.000000,0.000000,-156.118478,-50.811183,-66.811183,30.000000,0.000000,0.000000,0.000000,0.000000,0.000000,0.000000,28.173425,133.907610,-8.301619,137.090870,-9.143846,-4.048467,1.191178,10.070695,nan,nan,nan,0,nan,nan,nan,0,nan,nan,nan,nan,nan,nan,nan,nan,nan,nan,nan,nan,nan,nan,nan,nan,nan,nan,nan,nan,nan,nan,nan,nan,nan,nan,nan,nan,nan,nan,nan,nan,nan,nan,nan,nan,nan,nan,nan,nan,nan,nan,nan,nan,nan,nan,nan,nan,nan,nan,2.000000,136.839285,-79.973402,-111.037133,10.000000,0.000000,137.103127,-79.973402,-111.037133,-8.501619,10.000000,0.000000,10.070695,inf,0.000000,1.000000,0.000000,0.000000,0.000000,0.000000,0.000000,0.000000,0.000000,0.000000,0.000000,0.000000,13.000000,2.512445,15.149794,nan
14.680,APPROACH,136.793661,27.717506,133.702335,-8.242038,-9.118380,-4.105502,1.191619,-50.811183,-66.811183,29.992038,0.000000,0.000000,0.008381,0.000000,0.000000,0.000000,-23.093677,66.891152,21.750000,-9.118380,-4.105502,1.200000,0.000000,0.000000,-155.760597,-50.811183,-66.811183,30.000000,0.000000,0.000000,0.000000,0.000000,0.000000,0.000000,27.717506,133.702335,-8.242038,136.793661,-9.118380,-4.105502,1.191619,10.070748,nan,nan,nan,0,nan,nan,nan,0,nan,nan,nan,nan,nan,nan,nan,nan,nan,nan,nan,nan,nan,nan,nan,nan,nan,nan,nan,nan,nan,nan,nan,nan,nan,nan,nan,nan,nan,nan,nan,nan,nan,nan,nan,nan,nan,nan,nan,nan,nan,nan,nan,nan,nan,nan,nan,nan,nan,nan,2.000000,136.545137,-80.165396,-110.535441,10.000000,0.000000,136.805857,-80.165396,-110.535441,-8.442038,10.000000,0.000000,10.070748,inf,0.000000,1.000000,0.000000,0.000000,0.000000,0.000000,0.000000,0.000000,0.000000,0.000000,0.000000,0.000000,13.000000,2.297333,15.179778,nan
14.740,APPROACH,136.495137,27.262878,133.494216,-8.182436,-9.092559,-4.162377,1.192038,-50.811183,-66.811183,29.992436,0.000000,0.000000,0.007962,0.000000,0.000000,0.000000,-23.548305,66.683033,21.810000,-9.092559,-4.162377,1.200000,0.000000,0.000000,-155.402718,-50.811183,-66.811183,30.000000,0.000000,0.000000,0.000000,0.000000,0.000000,0.000000,27.262878,133.494216,-8.182436,136.495137,-9.092559,-4.162377,1.192038,10.070797,nan,nan,nan,0,nan,nan,nan,0,nan,nan,nan,nan,nan,nan,nan,nan,nan,nan,nan,nan,nan,nan,nan,nan,nan,nan,nan,nan,nan,nan,nan,nan,nan,nan,nan,nan,nan,nan,nan,nan,nan,nan,nan,nan,nan,nan,nan,nan,nan,nan,nan,nan,nan,nan,nan,nan,nan,nan,2.000000,136.249661,-80.354252,-110.032561,10.000000,0.000000,136.507272,-80.354252,-110.032561,-8.382436,10.000000,0.000000,10.070797,inf,0.000000,1.000000,0.000000,0.000000,0.000000,0.000000,0.000000,0.000000,0.000000,0.000000,0.000000,0.000000,13.000000,2.192141,15.194441,nan
14.780,APPROACH,136.195302,26.809559,133.283261,-8.122814,-9.066382,-4.219089,1.192436,-50.811183,-66.811183,29.992814,0.000000,0.000000,0.007564,0.000000,0.000000,0.000000,-24.001624,66.472078,21.870000,-9.066382,-4.219089,1.200000,0.000000,0.000000,-155.044839,-50.811183,-66.811183,30.000000,0.000000,0.000000,0.000000,0.000000,0.000000,0.000000,26.809559,133.283261,-8.122814,136.195302,-9.066382,-4.219089,1.192436,10.070844,nan,nan,nan,0,nan,nan,nan,0,nan,nan,nan,nan,nan,nan,nan,nan,nan,nan,nan,nan,nan,nan,nan,nan,nan,nan,nan,nan,nan,nan,nan,nan,nan,nan,nan,nan,nan,nan,nan,nan,nan,nan,nan,nan,nan,nan,nan,nan,nan,nan,nan,nan,nan,nan,nan,nan,nan,nan,2.000000,135.952860,-80.539962,-109.528511,10.000000,0.000000,136.207377,-80.539962,-109.528511,-8.322814,10.000000,0.000000,10.070844,inf,0.000000,1.000000,0.000000,0.000000,0.000000,0.000000,0.000000,0.000000,0.000000,0.000000,0.000000,0.000000,13.000000,2.212607,15.191588,nan
14.840,APPROACH,135.894159,26.357566,133.069480,-8.063174,-9.039853,-4.275636,1.192814,-50.811183,-66.811183,29.993174,0.000000,0.000000,0.007186,0.000000,0.000000,0.000000,-24.453617,66.258296,21.930000,-9.039853,-4.275636,1.200000,0.000000,0.000000,-154.686960,-50.811183,-66.811183,30.000000,0.000000,0.000000,0.000000,0.000000,0.000000,0.000000,26.357566,133.069480,-8.063174,135.894159,-9.039853,-4.275636,1.192814,10.070889,nan,nan,nan,0,nan,nan,nan,0,nan,nan,nan,nan,nan,nan,nan,nan,nan,nan,nan,nan,nan,nan,nan,nan,nan,nan,nan,nan,nan,nan,nan,nan,nan,nan,nan,nan,nan,nan,nan,nan,nan,nan,nan,nan,nan,nan,nan,nan,nan,nan,nan,nan,nan,nan,nan,nan,nan,nan,2.000000,135.654737,-80.722520,-109.023312,10.000000,0.000000,135.906173,-80.722520,-109.023312,-8.263174,10.000000,0.000000,10.070889,inf,0.000000,1.000000,0.000000,0.000000,0.000000,0.000000,0.000000,0.000000,0.000000,0.000000,0.000000,0.000000,13.000000,2.355456,15.171676,nan
14.880,APPROACH,135.591711,25.906918,132.852879,-8.003515,-9.012970,-4.332017,1.193174,-50.811183,-66.811183,29.993515,0.000000,0.000000,0.006826,0.000000,0.000000,0.000000,-24.904265,66.041696,21.990000,-9.012970,-4.332017,1.200000,0.000000,0.000000,-154.329081,-50.811183,-66.811183,30.000000,0.000000,0.000000,0.000000,0.000000,0.000000,0.000000,25.906918,132.852879,-8.003515,135.591711,-9.012970,-4.332017,1.193174,10.070932,nan,nan,nan,0,nan,nan,nan,0,nan,nan,nan,nan,nan,nan,nan,nan,nan,nan,nan,nan,nan,nan,nan,nan,nan,nan,nan,nan,nan,nan,nan,nan,nan,nan,nan,nan,nan,nan,nan,nan,nan,nan,nan,nan,nan,nan,nan,nan,nan,nan,nan,nan,nan,nan,nan,nan,nan,nan,2.000000,135.355295,-80.901918,-108.516983,10.000000,0.000000,135.603663,-80.901918,-108.516983,-8.203515,10.000000,0.000000,10.070932,inf,0.000000,1.000000,0.000000,0.000000,0.000000,0.000000,0.000000,0.000000,0.000000,0.000000,0.000000,0.000000,13.000000,2.600595,15.137507,nan
14.940,APPROACH,135.287960,25.457631,132.633467,-7.943839,-8.985736,-4.388228,1.193515,-50.811183,-66.811183,29.993839,0.000000,0.000000,0.006485,0.000000,0.000000,0.000000,-25.353552,65.822284,22.050000,-8.985736,-4.388228,1.200000,0.000000,0.000000,-153.971203,-50.811183,-66.811183,30.000000,0.000000,0.000000,0.000000,0.000000,0.000000,0.000000,25.457631,132.633467,-7.943839,135.287960,-8.985736,-4.388228,1.193515,10.070972,nan,nan,nan,0,nan,nan,nan,0,nan,nan,nan,nan,nan,nan,nan,nan,nan,nan,nan,nan,nan,nan,nan,nan,nan,nan,nan,nan,nan,nan,nan,nan,nan,nan,nan,nan,nan,nan,nan,nan,nan,nan,nan,nan,nan,nan,nan,nan,nan,nan,nan,nan,nan,nan,nan,nan,nan,nan,2.000000,135.054536,-81.078149,-108.009543,10.000000,0.000000,135.299851,-81.078149,-108.009543,-8.143839,10.000000,0.000000,10.070972,inf,0.000000,1.000000,0.000000,0.000000,0.000000,0.000000,0.000000,0.000000,0.000000,0.000000,0.000000,0.000000,13.000000,2.922386,15.092653,nan
14.980,APPROACH,134.982911,25.009723,132.411254,-7.884147,-8.958151,-4.444269,1.193839,-50.811183,-66.811183,29.994147,0.000000,0.000000,0.006161,0.000000,0.000000,0.000000,-25.801460,65.600071,22.110000,-8.958151,-4.444269,1.200000,0.000000,0.000000,-153.613325,-50.811183,-66.811183,30.000000,0.000000,0.000000,0.000000,0.000000,0.000000,0.000000,25.009723,132.411254,-7.884147,134.982911,-8.958151,-4.444269,1.193839,10.071010,nan,nan,nan,0,nan,nan,nan,0,nan,nan,nan,nan,nan,nan,nan,nan,nan,nan,nan,nan,nan,nan,nan,nan,nan,nan,nan,nan,nan,nan,nan,nan,nan,nan,nan,nan,nan,nan,nan,nan,nan,nan,nan,nan,nan,nan,nan,nan,nan,nan,nan,nan,nan,nan,nan,nan,nan,nan,2.000000,134.752464,-81.251206,-107.501014,10.000000,0.000000,134.994740,-81.251206,-107.501014,-8.084147,10.000000,0.000000,10.071010,inf,0.000000,1.000000,0.000000,0.000000,0.000000,0.000000,0.000000,0.000000,0.000000,0.000000,0.000000,0.000000,13.000000,3.298460,15.040233,nan
15.040,APPROACH,134.676565,24.563213,132.186247,-7.824440,-8.930217,-4.500135,1.194147,-50.811183,-66.811183,29.994440,0.000000,0.000000,0.005853,0.000000,0.000000,0.000000,-26.247971,65.375064,22.170000,-8.930217,-4.500135,1.200000,0.000000,0.000000,-153.255448,-50.811183,-66.811183,30.000000,0.000000,0.000000,0.000000,0.000000,0.000000,0.000000,24.563213,132.186247,-7.824440,134.676565,-8.930217,-4.500135,1.194147,10.071047,nan,nan,nan,0,nan,nan,nan,0,nan,nan,nan,nan,nan,nan,nan,nan,nan,nan,nan,nan,nan,nan,nan,nan,nan,nan,nan,nan,nan,nan,nan,nan,nan,nan,nan,nan,nan,nan,nan,nan,nan,nan,nan,nan,nan,nan,nan,nan,nan,nan,nan,nan,nan,nan,nan,nan,nan,nan,2.000000,134.449081,-81.421083,-106.991414,10.000000,0.000000,134.688333,-81.421083,-106.991414,-8.024440,10.000000,0.000000,10.071047,inf,0.000000,1.000000,0.000000,0.000000,0.000000,0.000000,0.000000,0.000000,0.000000,0.000000,0.000000,0.000000,13.000000,3.712345,14.982542,nan
15.080,APPROACH,134.368927,24.118116,131.958456,-7.764718,-8.901935,-4.555827,1.194440,-50.811183,-66.811183,29.994718,0.000000,0.000000,0.005560,0.000000,0.000000,0.000000,-26.693067,65.147273,22.230000,-8.901935,-4.555827,1.200000,0.000000,0.000000,-152.897571,-50.811183,-66.811183,30.000000,0.000000,0.000000,0.000000,0.000000,0.000000,0.000000,24.118116,131.958456,-7.764718,134.368927,-8.901935,-4.555827,1.194440,10.071082,nan,nan,nan,0,nan,nan,nan,0,nan,nan,nan,nan,nan,nan,nan,nan,nan,nan,nan,nan,nan,nan,nan,nan,nan,nan,nan,nan,nan,nan,nan,nan,nan,nan,nan,nan,nan,nan,nan,nan,nan,nan,nan,nan,nan,nan,nan,nan,nan,nan,nan,nan,nan,nan,nan,nan,nan,nan,2.000000,134.144391,-81.587773,-106.480763,10.000000,0.000000,134.380632,-81.587773,-106.480763,-7.964718,10.000000,0.000000,10.071082,inf,0.000000,1.000000,0.000000,0.000000,0.000000,0.000000,0.000000,0.000000,0.000000,0.000000,0.000000,0.000000,13.000000,4.152736,14.921156,nan
15.140,APPROACH,134.059998,23.674451,131.727889,-7.704982,-8.873305,-4.611340,1.194718,-50.811183,-66.811183,29.994982,0.000000,0.000000,0.005282,0.000000,0.000000,0.000000,-27.136733,64.916706,22.290000,-8.873305,-4.611340,1.200000,0.000000,0.000000,-152.539694,-50.811183,-66.811183,30.000000,0.000000,0.000000,0.000000,0.000000,0.000000,0.000000,23.674451,131.727889,-7.704982,134.059998,-8.873305,-4.611340,1.194718,10.071115,nan,nan,nan,0,nan,nan,nan,0,nan,nan,nan,nan,nan,nan,nan,nan,nan,nan,nan,nan,nan,nan,nan,nan,nan,nan,nan,nan,nan,nan,nan,nan,nan,nan,nan,nan,nan,nan,nan,nan,nan,nan,nan,nan,nan,nan,nan,nan,nan,nan,nan,nan,nan,nan,nan,nan,nan,nan,2.000000,133.838396,-81.751270,-105.969081,10.000000,0.000000,134.071642,-81.751270,-105.969081,-7.904982,10.000000,0.000000,10.071115,inf,0.000000,1.000000,0.000000,0.000000,0.000000,0.000000,0.000000,0.000000,0.000000,0.000000,0.000000,0.000000,13.000000,4.612033,14.857136,nan
15.180,APPROACH,133.749783,23.232234,131.494555,-7.645233,-8.844329,-4.666673,1.194982,-50.811183,-66.811183,29.995233,0.000000,0.000000,0.005018,0.000000,0.000000,0.000000,-27.578949,64.683372,22.350000,-8.844329,-4.666673,1.200000,0.000000,0.000000,-152.181817,-50.811183,-66.811183,30.000000,0.000000,0.000000,0.000000,0.000000,0.000000,0.000000,23.232234,131.494555,-7.645233,133.749783,-8.844329,-4.666673,1.194982,10.071146,nan,nan,nan,0,nan,nan,nan,0,nan,nan,nan,nan,nan,nan,nan,nan,nan,nan,nan,nan,nan,nan,nan,nan,nan,nan,nan,nan,nan,nan,nan,nan,nan,nan,nan,nan,nan,nan,nan,nan,nan,nan,nan,nan,nan,nan,nan,nan,nan,nan,nan,nan,nan,nan,nan,nan,nan,nan,2.000000,133.531100,-81.911567,-105.456389,10.000000,0.000000,133.761364,-81.911567,-105.456389,-7.845233,10.000000,0.000000,10.071146,inf,0.000000,1.000000,0.000000,0.000000,0.000000,0.000000,0.000000,0.000000,0.000000,0.000000,0.000000,0.000000,13.000000,5.085100,14.791196,nan
15.240,APPROACH,133.438283,22.791484,131.258464,-7.585471,-8.815008,-4.721825,1.195233,-50.811183,-66.811183,29.995471,0.000000,0.000000,0.004767,0.000000,0.000000,0.000000,-28.019699,64.447281,22.410000,-8.815008,-4.721825,1.200000,0.000000,0.000000,-151.823941,-50.811183,-66.811183,30.000000,0.000000,0.000000,0.000000,0.000000,0.000000,0.000000,22.791484,131.258464,-7.585471,133.438283,-8.815008,-4.721825,1.195233,10.071176,nan,nan,nan,0,nan,nan,nan,0,nan,nan,nan,nan,nan,nan,nan,nan,nan,nan,nan,nan,nan,nan,nan,nan,nan,nan,nan,nan,nan,nan,nan,nan,nan,nan,nan,nan,nan,nan,nan,nan,nan,nan,nan,nan,nan,nan,nan,nan,nan,nan,nan,nan,nan,nan,nan,nan,nan,nan,2.000000,133.222506,-82.068658,-104.942706,10.000000,0.000000,133.449802,-82.068658,-104.942706,-7.785471,10.000000,0.000000,10.071176,inf,0.000000,1.000000,0.000000,0.000000,0.000000,0.000000,0.000000,0.000000,0.000000,0.000000,0.000000,0.000000,13.000000,5.568412,14.723827,nan
15.280,APPROACH,133.125504,22.352217,131.019624,-7.525698,-8.785343,-4.776792,1.195471,-50.811183,-66.811183,29.995698,0.000000,0.000000,0.004529,0.000000,0.000000,0.000000,-28.458967,64.208441,22.470000,-8.785343,-4.776792,1.200000,0.000000,0.000000,-151.466065,-50.811183,-66.811183,30.000000,0.000000,0.000000,0.000000,0.000000,0.000000,0.000000,22.352217,131.019624,-7.525698,133.125504,-8.785343,-4.776792,1.195471,10.071204,nan,nan,nan,0,nan,nan,nan,0,nan,nan,nan,nan,nan,nan,nan,nan,nan,nan,nan,nan,nan,nan,nan,nan,nan,nan,nan,nan,nan,nan,nan,nan,nan,nan,nan,nan,nan,nan,nan,nan,nan,nan,nan,nan,nan,nan,nan,nan,nan,nan,nan,nan,nan,nan,nan,nan,nan,nan,2.000000,132.912616,-82.222537,-104.428052,10.000000,0.000000,133.136959,-82.222537,-104.428052,-7.725698,10.000000,0.000000,10.071204,inf,0.000000,1.000000,0.000000,0.000000,0.000000,0.000000,0.000000,0.000000,0.000000,0.000000,0.000000,0.000000,12.000000,5.418809,13.738636,nan
15.340,APPROACH,132.811446,21.914450,130.778046,-7.465913,-8.755336,-4.831572,1.195698,-50.811183,-66.811183,29.995913,0.000000,0.000000,0.004302,0.000000,0.000000,0.000000,-28.896733,63.966863,22.530000,-8.755336,-4.831572,1.200000,0.000000,0.000000,-151.108190,-50.811183,-66.811183,30.000000,0.000000,0.000000,0.000000,0.000000,0.000000,0.000000,21.914450,130.778046,-7.465913,132.811446,-8.755336,-4.831572,1.195698,10.071231,nan,nan,nan,0,nan,nan,nan,0,nan,nan,nan,nan,nan,nan,nan,nan,nan,nan,nan,nan,nan,nan,nan,nan,nan,nan,nan,nan,nan,nan,nan,nan,nan,nan,nan,nan,nan,nan,nan,nan,nan,nan,nan,nan,nan,nan,nan,nan,nan,nan,nan,nan,nan,nan,nan,nan,nan,nan,2.000000,132.601434,-82.373197,-103.912447,10.000000,0.000000,132.822839,-82.373197,-103.912447,-7.665913,10.000000,0.000000,10.071231,inf,0.000000,1.000000,0.000000,0.000000,0.000000,0.000000,0.000000,0.000000,0.000000,0.000000,0.000000,0.000000,12.000000,4.938345,13.806143,nan
15.380,APPROACH,132.496114,21.478200,130.533738,-7.406117,-8.724987,-4.886165,1.195913,-50.811183,-66.811183,29.996117,0.000000,0.000000,0.004087,0.000000,0.000000,0.000000,-29.332983,63.722554,22.590000,-8.724987,-4.886165,1.200000,0.000000,0.000000,-150.750314,-50.811183,-66.811183,30.000000,0.000000,0.000000,0.000000,0.000000,0.000000,0.000000,21.478200,130.533738,-7.406117,132.496114,-8.724987,-4.886165,1.195913,10.071256,nan,nan,nan,0,nan,nan,nan,0,nan,nan,nan,nan,nan,nan,nan,nan,nan,nan,nan,nan,nan,nan,nan,nan,nan,nan,nan,nan,nan,nan,nan,nan,nan,nan,nan,nan,nan,nan,nan,nan,nan,nan,nan,nan,nan,nan,nan,nan,nan,nan,nan,nan,nan,nan,nan,nan,nan,nan,2.000000,132.288963,-82.520634,-103.395912,10.000000,0.000000,132.507444,-82.520634,-103.395912,-7.606117,10.000000,0.000000,10.071256,inf,0.000000,1.000000,0.000000,0.000000,0.000000,0.000000,0.000000,0.000000,0.000000,0.000000,0.000000,0.000000,12.000000,4.469077,13.872077,nan
15.440,APPROACH,132.179511,21.043486,130.286709,-7.346311,-8.694297,-4.940566,1.196117,-50.811183,-66.811183,29.996311,0.000000,0.000000,0.003883,0.000000,0.000000,0.000000,-29.767698,63.475526,22.650000,-8.694297,-4.940566,1.200000,0.000000,0.000000,-150.392439,-50.811183,-66.811183,30.000000,0.000000,0.000000,0.000000,0.000000,0.000000,0.000000,21.043486,130.286709,-7.346311,132.179511,-8.694297,-4.940566,1.196117,10.071281,nan,nan,nan,0,nan,nan,nan,0,nan,nan,nan,nan,nan,nan,nan,nan,nan,nan,nan,nan,nan,nan,nan,nan,nan,nan,nan,nan,nan,nan,nan,nan,nan,nan,nan,nan,nan,nan,nan,nan,nan,nan,nan,nan,nan,nan,nan,nan,nan,nan,nan,nan,nan,nan,nan,nan,nan,nan,2.000000,131.975206,-82.664841,-102.878467,10.000000,0.000000,132.190778,-82.664841,-102.878467,-7.546311,10.000000,0.000000,10.071281,inf,0.000000,1.000000,0.000000,0.000000,0.000000,0.000000,0.000000,0.000000,0.000000,0.000000,0.000000,0.000000,12.000000,4.014955,13.935883,nan
15.480,APPROACH,131.861640,20.610322,130.036970,-7.286496,-8.663269,-4.994775,1.196311,-50.811183,-66.811183,29.996496,0.000000,0.000000,0.003689,0.000000,0.000000,0.000000,-30.200861,63.225787,22.710000,-8.663269,-4.994775,1.200000,0.000000,0.000000,-150.034564,-50.811183,-66.811183,30.000000,0.000000,0.000000,0.000000,0.000000,0.000000,0.000000,20.610322,130.036970,-7.286496,131.861640,-8.663269,-4.994775,1.196311,10.071304,nan,nan,nan,0,nan,nan,nan,0,nan,nan,nan,nan,nan,nan,nan,nan,nan,nan,nan,nan,nan,nan,nan,nan,nan,nan,nan,nan,nan,nan,nan,nan,nan,nan,nan,nan,nan,nan,nan,nan,nan,nan,nan,nan,nan,nan,nan,nan,nan,nan,nan,nan,nan,nan,nan,nan,nan,nan,2.000000,131.660165,-82.805813,-102.360131,10.000000,-0.000000,131.872843,-82.805813,-102.360131,-7.486496,10.000000,-0.000000,10.071304,inf,0.000000,1.000000,0.000000,0.000000,0.000000,0.000000,0.000000,0.000000,0.000000,0.000000,0.000000,0.000000,12.000000,3.581764,13.996748,nan
15.540,APPROACH,131.542504,20.178727,129.784531,-7.226671,-8.631902,-5.048788,1.196496,-50.811183,-66.811183,29.996671,0.000000,0.000000,0.003504,0.000000,0.000000,0.000000,-30.632456,62.973348,22.770000,-8.631902,-5.048788,1.200000,0.000000,0.000000,-149.676690,-50.811183,-66.811183,30.000000,0.000000,0.000000,0.000000,0.000000,0.000000,0.000000,20.178727,129.784531,-7.226671,131.542504,-8.631902,-5.048788,1.196496,10.071326,nan,nan,nan,0,nan,nan,nan,0,nan,nan,nan,nan,nan,nan,nan,nan,nan,nan,nan,nan,nan,nan,nan,nan,nan,nan,nan,nan,nan,nan,nan,nan,nan,nan,nan,nan,nan,nan,nan,nan,nan,nan,nan,nan,nan,nan,nan,nan,nan,nan,nan,nan,nan,nan,nan,nan,nan,nan,2.000000,131.343845,-82.943544,-101.840925,10.000000,0.000000,131.553643,-82.943544,-101.840925,-7.426671,10.000000,0.000000,10.071326,inf,0.000000,1.000000,0.000000,0.000000,0.000000,0.000000,0.000000,0.000000,0.000000,0.000000,0.000000,0.000000,12.000000,3.178095,14.053465,nan
15.580,APPROACH,131.222106,19.748717,129.529401,-7.166837,-8.600199,-5.102605,1.196671,-50.811183,-66.811183,29.996837,0.000000,0.000000,0.003329,0.000000,0.000000,0.000000,-31.062466,62.718218,22.830000,-8.600199,-5.102605,1.200000,0.000000,0.000000,-149.318815,-50.811183,-66.811183,30.000000,0.000000,0.000000,0.000000,0.000000,0.000000,0.000000,19.748717,129.529401,-7.166837,131.222106,-8.600199,-5.102605,1.196671,10.071347,nan,nan,nan,0,nan,nan,nan,0,nan,nan,nan,nan,nan,nan,nan,nan,nan,nan,nan,nan,nan,nan,nan,nan,nan,nan,nan,nan,nan,nan,nan,nan,nan,nan,nan,nan,nan,nan,nan,nan,nan,nan,nan,nan,nan,nan,nan,nan,nan,nan,nan,nan,nan,nan,nan,nan,nan,nan,2.000000,131.026247,-83.078029,-101.320870,10.000000,0.000000,131.233181,-83.078029,-101.320870,-7.366837,10.000000,0.000000,10.071347,inf,0.000000,1.000000,0.000000,0.000000,0.000000,0.000000,0.000000,0.000000,0.000000,0.000000,0.000000,0.000000,12.000000,2.816690,14.104244,nan
15.640,APPROACH,130.900449,19.320309,129.271590,-7.106996,-8.568160,-5.156223,1.196837,-50.811183,-66.811183,29.996996,0.000000,0.000000,0.003163,0.000000,0.000000,0.000000,-31.490874,62.460406,22.890000,-8.568160,-5.156223,1.200000,0.000000,0.000000,-148.960941,-50.811183,-66.811183,30.000000,0.000000,0.000000,0.000000,0.000000,0.000000,0.000000,19.320309,129.271590,-7.106996,130.900449,-8.568160,-5.156223,1.196837,10.071366,nan,nan,nan,0,nan,nan,nan,0,nan,nan,nan,nan,nan,nan,nan,nan,nan,nan,nan,nan,nan,nan,nan,nan,nan,nan,nan,nan,nan,nan,nan,nan,nan,nan,nan,nan,nan,nan,nan,nan,nan,nan,nan,nan,nan,nan,nan,nan,nan,nan,nan,nan,nan,nan,nan,nan,nan,nan,2.000000,130.707376,-83.209263,-100.799984,10.000000,0.000000,130.911460,-83.209263,-100.799984,-7.306996,10.000000,0.000000,10.071366,inf,0.000000,1.000000,0.000000,0.000000,0.000000,0.000000,0.000000,0.000000,0.000000,0.000000,0.000000,0.000000,12.000000,2.515845,14.146514,nan
15.680,APPROACH,130.577537,18.893520,129.011108,-7.047146,-8.535787,-5.209639,1.196996,-50.811183,-66.811183,29.997146,0.000000,0.000000,0.003004,0.000000,0.000000,0.000000,-31.917663,62.199925,22.950000,-8.535787,-5.209639,1.200000,0.000000,0.000000,-148.603068,-50.811183,-66.811183,30.000000,0.000000,0.000000,0.000000,0.000000,0.000000,0.000000,18.893520,129.011108,-7.047146,130.577537,-8.535787,-5.209639,1.196996,10.071385,nan,nan,nan,0,nan,nan,nan,0,nan,nan,nan,nan,nan,nan,nan,nan,nan,nan,nan,nan,nan,nan,nan,nan,nan,nan,nan,nan,nan,nan,nan,nan,nan,nan,nan,nan,nan,nan,nan,nan,nan,nan,nan,nan,nan,nan,nan,nan,nan,nan,nan,nan,nan,nan,nan,nan,nan,nan,2.000000,130.387235,-83.337240,-100.278290,10.000000,0.000000,130.588484,-83.337240,-100.278290,-7.247146,10.000000,0.000000,10.071385,inf,0.000000,1.000000,0.000000,0.000000,0.000000,0.000000,0.000000,0.000000,0.000000,0.000000,0.000000,0.000000,12.000000,2.299467,14.176916,nan
15.740,APPROACH,130.253373,18.468366,128.747965,-6.987288,-8.503081,-5.262853,1.197146,-50.811183,-66.811183,29.997288,0.000000,0.000000,0.002854,0.000000,0.000000,0.000000,-32.342817,61.936782,23.010000,-8.503081,-5.262853,1.200000,0.000000,0.000000,-148.245194,-50.811183,-66.811183,30.000000,0.000000,0.000000,0.000000,0.000000,0.000000,0.000000,18.468366,128.747965,-6.987288,130.253373,-8.503081,-5.262853,1.197146,10.071403,nan,nan,nan,0,nan,nan,nan,0,nan,nan,nan,nan,nan,nan,nan,nan,nan,nan,nan,nan,nan,nan,nan,nan,nan,nan,nan,nan,nan,nan,nan,nan,nan,nan,nan,nan,nan,nan,nan,nan,nan,nan,nan,nan,nan,nan,nan,nan,nan,nan,nan,nan,nan,nan,nan,nan,nan,nan,2.000000,130.065826,-83.461956,-99.755807,10.000000,0.000000,130.264255,-83.461956,-99.755807,-7.187288,10.000000,0.000000,10.071403,inf,0.000000,1.000000,0.000000,0.000000,0.000000,0.000000,0.000000,0.000000,0.000000,0.000000,0.000000,0.000000,12.000000,2.192717,14.191915,nan
15.780,APPROACH,129.927960,18.044864,128.482172,-6.927424,-8.470043,-5.315860,1.197288,-50.811183,-66.811183,29.997424,0.000000,0.000000,0.002712,0.000000,0.000000,0.000000,-32.766320,61.670989,23.070000,-8.470043,-5.315860,1.200000,0.000000,0.000000,-147.887321,-50.811183,-66.811183,30.000000,0.000000,0.000000,0.000000,0.000000,0.000000,0.000000,18.044864,128.482172,-6.927424,129.927960,-8.470043,-5.315860,1.197288,10.071420,nan,nan,nan,0,nan,nan,nan,0,nan,nan,nan,nan,nan,nan,nan,nan,nan,nan,nan,nan,nan,nan,nan,nan,nan,nan,nan,nan,nan,nan,nan,nan,nan,nan,nan,nan,nan,nan,nan,nan,nan,nan,nan,nan,nan,nan,nan,nan,nan,nan,nan,nan,nan,nan,nan,nan,nan,nan,2.000000,129.743153,-83.583405,-99.232555,10.000000,0.000000,129.938777,-83.583405,-99.232555,-7.127424,10.000000,0.000000,10.071420,inf,0.000000,1.000000,0.000000,0.000000,0.000000,0.000000,0.000000,0.000000,0.000000,0.000000,0.000000,0.000000,12.000000,2.211530,14.189271,nan
15.840,APPROACH,129.601301,17.623030,128.213739,-6.867553,-8.436675,-5.368661,1.197424,-50.811183,-66.811183,29.997553,0.000000,0.000000,0.002576,0.000000,0.000000,0.000000,-33.188153,61.402556,23.130000,-8.436675,-5.368661,1.200000,0.000000,0.000000,-147.529447,-50.811183,-66.811183,30.000000,0.000000,0.000000,0.000000,0.000000,0.000000,0.000000,17.623030,128.213739,-6.867553,129.601301,-8.436675,-5.368661,1.197424,10.071436,nan,nan,nan,0,nan,nan,nan,0,nan,nan,nan,nan,nan,nan,nan,nan,nan,nan,nan,nan,nan,nan,nan,nan,nan,nan,nan,nan,nan,nan,nan,nan,nan,nan,nan,nan,nan,nan,nan,nan,nan,nan,nan,nan,nan,nan,nan,nan,nan,nan,nan,nan,nan,nan,nan,nan,nan,nan,2.000000,129.419218,-83.701584,-98.708556,10.000000,0.000000,129.612053,-83.701584,-98.708556,-7.067553,10.000000,0.000000,10.071436,inf,0.000000,1.000000,0.000000,0.000000,0.000000,0.000000,0.000000,0.000000,0.000000,0.000000,0.000000,0.000000,12.000000,2.352897,14.169409,nan
15.880,APPROACH,129.273400,17.202881,127.942676,-6.807675,-8.402977,-5.421252,1.197553,-50.811183,-66.811183,29.997675,0.000000,0.000000,0.002447,0.000000,0.000000,0.000000,-33.608302,61.131493,23.190000,-8.402977,-5.421252,1.200000,0.000000,0.000000,-147.171574,-50.811183,-66.811183,30.000000,0.000000,0.000000,0.000000,0.000000,0.000000,0.000000,17.202881,127.942676,-6.807675,129.273400,-8.402977,-5.421252,1.197553,10.071451,nan,nan,nan,0,nan,nan,nan,0,nan,nan,nan,nan,nan,nan,nan,nan,nan,nan,nan,nan,nan,nan,nan,nan,nan,nan,nan,nan,nan,nan,nan,nan,nan,nan,nan,nan,nan,nan,nan,nan,nan,nan,nan,nan,nan,nan,nan,nan,nan,nan,nan,nan,nan,nan,nan,nan,nan,nan,2.000000,129.094026,-83.816487,-98.183828,10.000000,0.000000,129.284087,-83.816487,-98.183828,-7.007675,10.000000,0.000000,10.071451,inf,0.000000,1.000000,0.000000,0.000000,0.000000,0.000000,0.000000,0.000000,0.000000,0.000000,0.000000,0.000000,12.000000,2.596874,14.135129,nan
15.940,APPROACH,128.944260,16.784433,127.668995,-6.747791,-8.368952,-5.473631,1.197675,-50.811183,-66.811183,29.997791,0.000000,0.000000,0.002325,0.000000,0.000000,0.000000,-34.026750,60.857812,23.250000,-8.368952,-5.473631,1.200000,0.000000,0.000000,-146.813702,-50.811183,-66.811183,30.000000,0.000000,0.000000,0.000000,0.000000,0.000000,0.000000,16.784433,127.668995,-6.747791,128.944260,-8.368952,-5.473631,1.197675,10.071466,nan,nan,nan,0,nan,nan,nan,0,nan,nan,nan,nan,nan,nan,nan,nan,nan,nan,nan,nan,nan,nan,nan,nan,nan,nan,nan,nan,nan,nan,nan,nan,nan,nan,nan,nan,nan,nan,nan,nan,nan,nan,nan,nan,nan,nan,nan,nan,nan,nan,nan,nan,nan,nan,nan,nan,nan,nan,2.000000,128.767579,-83.928110,-97.658394,10.000000,0.000000,128.954881,-83.928110,-97.658394,-6.947791,10.000000,0.000000,10.071466,inf,0.000000,1.000000,0.000000,0.000000,0.000000,0.000000,0.000000,0.000000,0.000000,0.000000,0.000000,0.000000,12.000000,2.917826,14.090034,nan
15.980,APPROACH,128.613884,16.367703,127.392705,-6.687902,-8.334601,-5.525797,1.197791,-50.811183,-66.811183,29.997902,0.000000,0.000000,0.002209,0.000000,0.000000,0.000000,-34.443480,60.581522,23.310000,-8.334601,-5.525797,1.200000,0.000000,0.000000,-146.455829,-50.811183,-66.811183,30.000000,0.000000,0.000000,0.000000,0.000000,0.000000,0.000000,16.367703,127.392705,-6.687902,128.613884,-8.334601,-5.525797,1.197791,10.071480,nan,nan,nan,0,nan,nan,nan,0,nan,nan,nan,nan,nan,nan,nan,nan,nan,nan,nan,nan,nan,nan,nan,nan,nan,nan,nan,nan,nan,nan,nan,nan,nan,nan,nan,nan,nan,nan,nan,nan,nan,nan,nan,nan,nan,nan,nan,nan,nan,nan,nan,nan,nan,nan,nan,nan,nan,nan,2.000000,128.439881,-84.036448,-97.132273,10.000000,0.000000,128.624439,-84.036448,-97.132273,-6.887902,10.000000,0.000000,10.071480,inf,0.000000,1.000000,0.000000,0.000000,0.000000,0.000000,0.000000,0.000000,0.000000,0.000000,0.000000,0.000000,12.000000,3.293314,14.037277,nan
16.040,APPROACH,128.282275,15.952707,127.113818,-6.628007,-8.299924,-5.577747,1.197902,-50.811183,-66.811183,29.998007,0.000000,0.000000,0.002098,0.000000,0.000000,0.000000,-34.858476,60.302635,23.370000,-8.299924,-5.577747,1.200000,0.000000,0.000000,-146.097957,-50.811183,-66.811183,30.000000,0.000000,0.000000,0.000000,0.000000,0.000000,0.000000,15.952707,127.113818,-6.628007,128.282275,-8.299924,-5.577747,1.197902,10.071493,nan,nan,nan,0,nan,nan,nan,0,nan,nan,nan,nan,nan,nan,nan,nan,nan,nan,nan,nan,nan,nan,nan,nan,nan,nan,nan,nan,nan,nan,nan,nan,nan,nan,nan,nan,nan,nan,nan,nan,nan,nan,nan,nan,nan,nan,nan,nan,nan,nan,nan,nan,nan,nan,nan,nan,nan,nan,2.000000,128.110934,-84.141498,-96.605485,10.000000,0.000000,128.292764,-84.141498,-96.605485,-6.828007,10.000000,0.000000,10.071493,inf,0.000000,1.000000,0.000000,0.000000,0.000000,0.000000,0.000000,0.000000,0.000000,0.000000,0.000000,0.000000,12.000000,3.706791,13.979182,nan
16.080,APPROACH,127.949436,15.539461,126.832344,-6.568106,-8.264923,-5.629480,1.198007,-50.811183,-66.811183,29.998106,0.000000,0.000000,0.001993,0.000000,0.000000,0.000000,-35.271722,60.021161,23.430000,-8.264923,-5.629480,1.200000,0.000000,0.000000,-145.740084,-50.811183,-66.811183,30.000000,0.000000,0.000000,0.000000,0.000000,0.000000,0.000000,15.539461,126.832344,-6.568106,127.949436,-8.264923,-5.629480,1.198007,10.071505,nan,nan,nan,0,nan,nan,nan,0,nan,nan,nan,nan,nan,nan,nan,nan,nan,nan,nan,nan,nan,nan,nan,nan,nan,nan,nan,nan,nan,nan,nan,nan,nan,nan,nan,nan,nan,nan,nan,nan,nan,nan,nan,nan,nan,nan,nan,nan,nan,nan,nan,nan,nan,nan,nan,nan,nan,nan,2.000000,127.780743,-84.243256,-96.078052,10.000000,0.000000,127.959859,-84.243256,-96.078052,-6.768106,10.000000,0.000000,10.071505,inf,0.000000,1.000000,0.000000,0.000000,0.000000,0.000000,0.000000,0.000000,0.000000,0.000000,0.000000,0.000000,12.000000,4.146894,13.917345,nan
16.140,APPROACH,127.615372,15.127981,126.548294,-6.508201,-8.229600,-5.680993,1.198106,-50.811183,-66.811183,29.998201,0.000000,0.000000,0.001894,0.000000,0.000000,0.000000,-35.683202,59.737111,23.490000,-8.229600,-5.680993,1.200000,0.000000,0.000000,-145.382212,-50.811183,-66.811183,30.000000,0.000000,0.000000,0.000000,0.000000,0.000000,0.000000,15.127981,126.548294,-6.508201,127.615372,-8.229600,-5.680993,1.198106,10.071517,nan,nan,nan,0,nan,nan,nan,0,nan,nan,nan,nan,nan,nan,nan,nan,nan,nan,nan,nan,nan,nan,nan,nan,nan,nan,nan,nan,nan,nan,nan,nan,nan,nan,nan,nan,nan,nan,nan,nan,nan,nan,nan,nan,nan,nan,nan,nan,nan,nan,nan,nan,nan,nan,nan,nan,nan,nan,2.000000,127.449310,-84.341716,-95.549994,10.000000,0.000000,127.625728,-84.341716,-95.549994,-6.708201,10.000000,0.000000,10.071517,inf,0.000000,1.000000,0.000000,0.000000,0.000000,0.000000,0.000000,0.000000,0.000000,0.000000,0.000000,0.000000,12.000000,4.605983,13.852842,nan
16.180,APPROACH,127.280085,14.718283,126.261680,-6.448291,-8.193956,-5.732284,1.198201,-50.811183,-66.811183,29.998291,0.000000,0.000000,0.001799,0.000000,0.000000,0.000000,-36.092900,59.450497,23.550000,-8.193956,-5.732284,1.200000,0.000000,0.000000,-145.024341,-50.811183,-66.811183,30.000000,0.000000,0.000000,0.000000,0.000000,0.000000,0.000000,14.718283,126.261680,-6.448291,127.280085,-8.193956,-5.732284,1.198201,10.071528,nan,nan,nan,0,nan,nan,nan,0,nan,nan,nan,nan,nan,nan,nan,nan,nan,nan,nan,nan,nan,nan,nan,nan,nan,nan,nan,nan,nan,nan,nan,nan,nan,nan,nan,nan,nan,nan,nan,nan,nan,nan,nan,nan,nan,nan,nan,nan,nan,nan,nan,nan,nan,nan,nan,nan,nan,nan,2.000000,127.116638,-84.436876,-95.021332,10.000000,0.000000,127.290374,-84.436876,-95.021332,-6.648291,10.000000,0.000000,10.071528,inf,0.000000,1.000000,0.000000,0.000000,0.000000,0.000000,0.000000,0.000000,0.000000,0.000000,0.000000,0.000000,12.000000,5.078896,13.786395,nan
16.240,APPROACH,126.943579,14.310383,125.972512,-6.388377,-8.157993,-5.783352,1.198291,-50.811183,-66.811183,29.998377,0.000000,0.000000,0.001709,0.000000,0.000000,0.000000,-36.500800,59.161329,23.610000,-8.157993,-5.783352,1.200000,0.000000,0.000000,-144.666469,-50.811183,-66.811183,30.000000,0.000000,0.000000,0.000000,0.000000,0.000000,0.000000,14.310383,125.972512,-6.388377,126.943579,-8.157993,-5.783352,1.198291,10.071539,nan,nan,nan,0,nan,nan,nan,0,nan,nan,nan,nan,nan,nan,nan,nan,nan,nan,nan,nan,nan,nan,nan,nan,nan,nan,nan,nan,nan,nan,nan,nan,nan,nan,nan,nan,nan,nan,nan,nan,nan,nan,nan,nan,nan,nan,nan,nan,nan,nan,nan,nan,nan,nan,nan,nan,nan,nan,2.000000,126.782731,-84.528733,-94.492086,10.000000,0.000000,126.953801,-84.528733,-94.492086,-6.588377,10.000000,0.000000,10.071539,inf,0.000000,1.000000,0.000000,0.000000,0.000000,0.000000,0.000000,0.000000,0.000000,0.000000,0.000000,0.000000,12.000000,5.562093,13.718504,nan
16.280,APPROACH,126.605857,13.904298,125.680803,-6.328458,-8.121711,-5.834194,1.198377,-50.811183,-66.811183,29.998458,0.000000,0.000000,0.001623,0.000000,0.000000,0.000000,-36.906885,58.869619,23.670000,-8.121711,-5.834194,1.200000,0.000000,0.000000,-144.308597,-50.811183,-66.811183,30.000000,0.000000,0.000000,0.000000,0.000000,0.000000,0.000000,13.904298,125.680803,-6.328458,126.605857,-8.121711,-5.834194,1.198377,10.071549,nan,nan,nan,0,nan,nan,nan,0,nan,nan,nan,nan,nan,nan,nan,nan,nan,nan,nan,nan,nan,nan,nan,nan,nan,nan,nan,nan,nan,nan,nan,nan,nan,nan,nan,nan,nan,nan,nan,nan,nan,nan,nan,nan,nan,nan,nan,nan,nan,nan,nan,nan,nan,nan,nan,nan,nan,nan,2.000000,126.447593,-84.617281,-93.962277,10.000000,0.000000,126.616012,-84.617281,-93.962277,-6.528458,10.000000,0.000000,10.071549,inf,0.000000,1.000000,0.000000,0.000000,0.000000,0.000000,0.000000,0.000000,0.000000,0.000000,0.000000,0.000000,11.000000,5.425098,12.730685,nan
16.340,APPROACH,126.266922,13.500042,125.386562,-6.268535,-8.085112,-5.884808,1.198458,-50.811183,-66.811183,29.998535,0.000000,0.000000,0.001542,0.000000,0.000000,0.000000,-37.311141,58.575379,23.730000,-8.085112,-5.884808,1.200000,0.000000,0.000000,-143.950726,-50.811183,-66.811183,30.000000,0.000000,0.000000,0.000000,0.000000,0.000000,0.000000,13.500042,125.386562,-6.268535,126.266922,-8.085112,-5.884808,1.198458,10.071559,nan,nan,nan,0,nan,nan,nan,0,nan,nan,nan,nan,nan,nan,nan,nan,nan,nan,nan,nan,nan,nan,nan,nan,nan,nan,nan,nan,nan,nan,nan,nan,nan,nan,nan,nan,nan,nan,nan,nan,nan,nan,nan,nan,nan,nan,nan,nan,nan,nan,nan,nan,nan,nan,nan,nan,nan,nan,2.000000,126.111225,-84.702518,-93.431925,10.000000,-0.000000,126.277009,-84.702518,-93.431925,-6.468535,10.000000,-0.000000,10.071559,inf,0.000000,1.000000,0.000000,0.000000,0.000000,0.000000,0.000000,0.000000,0.000000,0.000000,0.000000,0.000000,11.000000,4.944509,12.798835,nan
16.380,APPROACH,125.926778,13.097632,125.089803,-6.208608,-8.048198,-5.935193,1.198535,-50.811183,-66.811183,29.998608,0.000000,0.000000,0.001465,0.000000,0.000000,0.000000,-37.713551,58.278619,23.790000,-8.048198,-5.935193,1.200000,0.000000,0.000000,-143.592855,-50.811183,-66.811183,30.000000,0.000000,0.000000,0.000000,0.000000,0.000000,0.000000,13.097632,125.089803,-6.208608,125.926778,-8.048198,-5.935193,1.198535,10.071568,nan,nan,nan,0,nan,nan,nan,0,nan,nan,nan,nan,nan,nan,nan,nan,nan,nan,nan,nan,nan,nan,nan,nan,nan,nan,nan,nan,nan,nan,nan,nan,nan,nan,nan,nan,nan,nan,nan,nan,nan,nan,nan,nan,nan,nan,nan,nan,nan,nan,nan,nan,nan,nan,nan,nan,nan,nan,2.000000,125.773633,-84.784441,-92.901051,10.000000,0.000000,125.936797,-84.784441,-92.901051,-6.408608,10.000000,0.000000,10.071568,inf,0.000000,1.000000,0.000000,0.000000,0.000000,0.000000,0.000000,0.000000,0.000000,0.000000,0.000000,0.000000,11.000000,4.475075,12.865404,nan
16.440,APPROACH,125.585429,12.697084,124.790535,-6.148678,-8.010970,-5.985346,1.198608,-50.811183,-66.811183,29.998678,0.000000,0.000000,0.001392,0.000000,0.000000,0.000000,-38.114099,57.979352,23.850000,-8.010970,-5.985346,1.200000,0.000000,0.000000,-143.234984,-50.811183,-66.811183,30.000000,0.000000,0.000000,0.000000,0.000000,0.000000,0.000000,12.697084,124.790535,-6.148678,125.585429,-8.010970,-5.985346,1.198608,10.071577,nan,nan,nan,0,nan,nan,nan,0,nan,nan,nan,nan,nan,nan,nan,nan,nan,nan,nan,nan,nan,nan,nan,nan,nan,nan,nan,nan,nan,nan,nan,nan,nan,nan,nan,nan,nan,nan,nan,nan,nan,nan,nan,nan,nan,nan,nan,nan,nan,nan,nan,nan,nan,nan,nan,nan,nan,nan,2.000000,125.434818,-84.863046,-92.369676,10.000000,0.000000,125.595380,-84.863046,-92.369676,-6.348678,10.000000,0.000000,10.071577,inf,0.000000,1.000000,0.000000,0.000000,0.000000,0.000000,0.000000,0.000000,0.000000,0.000000,0.000000,0.000000,11.000000,4.020724,12.929834,nan
16.480,APPROACH,125.242877,12.298412,124.488772,-6.088744,-7.973429,-6.035265,1.198678,-50.811183,-66.811183,29.998744,0.000000,0.000000,0.001322,0.000000,0.000000,0.000000,-38.512771,57.677589,23.910000,-7.973429,-6.035265,1.200000,0.000000,0.000000,-142.877113,-50.811183,-66.811183,30.000000,0.000000,0.000000,0.000000,0.000000,0.000000,0.000000,12.298412,124.488772,-6.088744,125.242877,-7.973429,-6.035265,1.198678,10.071585,nan,nan,nan,0,nan,nan,nan,0,nan,nan,nan,nan,nan,nan,nan,nan,nan,nan,nan,nan,nan,nan,nan,nan,nan,nan,nan,nan,nan,nan,nan,nan,nan,nan,nan,nan,nan,nan,nan,nan,nan,nan,nan,nan,nan,nan,nan,nan,nan,nan,nan,nan,nan,nan,nan,nan,nan,nan,2.000000,125.094785,-84.938330,-91.837821,10.000000,0.000000,125.252759,-84.938330,-91.837821,-6.288744,10.000000,0.000000,10.071585,inf,0.000000,1.000000,0.000000,0.000000,0.000000,0.000000,0.000000,0.000000,0.000000,0.000000,0.000000,0.000000,11.000000,3.587214,12.991309,nan
16.540,APPROACH,124.899125,11.901634,124.184525,-6.028807,-7.935577,-6.084950,1.198744,-50.811183,-66.811183,29.998807,0.000000,0.000000,0.001256,0.000000,0.000000,0.000000,-38.909550,57.373341,23.970000,-7.935577,-6.084950,1.200000,0.000000,0.000000,-142.519242,-50.811183,-66.811183,30.000000,0.000000,0.000000,0.000000,0.000000,0.000000,0.000000,11.901634,124.184525,-6.028807,124.899125,-7.935577,-6.084950,1.198744,10.071593,nan,nan,nan,0,nan,nan,nan,0,nan,nan,nan,nan,nan,nan,nan,nan,nan,nan,nan,nan,nan,nan,nan,nan,nan,nan,nan,nan,nan,nan,nan,nan,nan,nan,nan,nan,nan,nan,nan,nan,nan,nan,nan,nan,nan,nan,nan,nan,nan,nan,nan,nan,nan,nan,nan,nan,nan,nan,2.000000,124.753537,-85.010291,-91.305506,10.000000,0.000000,124.908939,-85.010291,-91.305506,-6.228807,10.000000,0.000000,10.071593,inf,0.000000,1.000000,0.000000,0.000000,0.000000,0.000000,0.000000,0.000000,0.000000,0.000000,0.000000,0.000000,11.000000,3.183092,13.048616,nan
16.580,APPROACH,124.554179,11.506763,123.877805,-5.968866,-7.897416,-6.134396,1.198807,-50.811183,-66.811183,29.998866,0.000000,0.000000,0.001193,0.000000,0.000000,0.000000,-39.304420,57.066622,24.030000,-7.897416,-6.134396,1.200000,0.000000,0.000000,-142.161371,-50.811183,-66.811183,30.000000,0.000000,0.000000,0.000000,0.000000,0.000000,0.000000,11.506763,123.877805,-5.968866,124.554179,-7.897416,-6.134396,1.198807,10.071601,nan,nan,nan,0,nan,nan,nan,0,nan,nan,nan,nan,nan,nan,nan,nan,nan,nan,nan,nan,nan,nan,nan,nan,nan,nan,nan,nan,nan,nan,nan,nan,nan,nan,nan,nan,nan,nan,nan,nan,nan,nan,nan,nan,nan,nan,nan,nan,nan,nan,nan,nan,nan,nan,nan,nan,nan,nan,2.000000,124.411077,-85.078925,-90.772753,10.000000,0.000000,124.563923,-85.078925,-90.772753,-6.168866,10.000000,0.000000,10.071601,inf,0.000000,1.000000,0.000000,0.000000,0.000000,0.000000,0.000000,0.000000,0.000000,0.000000,0.000000,0.000000,11.000000,2.821035,13.099958,nan
16.640,APPROACH,124.208040,11.113815,123.568625,-5.908923,-7.858947,-6.183604,1.198866,-50.811183,-66.811183,29.998923,0.000000,0.000000,0.001134,0.000000,0.000000,0.000000,-39.697368,56.757441,24.090000,-7.858947,-6.183604,1.200000,0.000000,0.000000,-141.803501,-50.811183,-66.811183,30.000000,0.000000,0.000000,0.000000,0.000000,0.000000,0.000000,11.113815,123.568625,-5.908923,124.208040,-7.858947,-6.183604,1.198866,10.071608,nan,nan,nan,0,nan,nan,nan,0,nan,nan,nan,nan,nan,nan,nan,nan,nan,nan,nan,nan,nan,nan,nan,nan,nan,nan,nan,nan,nan,nan,nan,nan,nan,nan,nan,nan,nan,nan,nan,nan,nan,nan,nan,nan,nan,nan,nan,nan,nan,nan,nan,nan,nan,nan,nan,nan,nan,nan,2.000000,124.067409,-85.144230,-90.239581,10.000000,-0.000000,124.217715,-85.144230,-90.239581,-6.108923,10.000000,-0.000000,10.071608,inf,0.000000,1.000000,0.000000,0.000000,0.000000,0.000000,0.000000,0.000000,0.000000,0.000000,0.000000,0.000000,11.000000,2.519261,13.142752,nan
16.680,APPROACH,123.860713,10.722807,123.256996,-5.848977,-7.820171,-6.232570,1.198923,-50.811183,-66.811183,29.998977,0.000000,0.000000,0.001077,0.000000,0.000000,0.000000,-40.088376,56.445813,24.150000,-7.820171,-6.232570,1.200000,0.000000,0.000000,-141.445630,-50.811183,-66.811183,30.000000,0.000000,0.000000,0.000000,0.000000,0.000000,0.000000,10.722807,123.256996,-5.848977,123.860713,-7.820171,-6.232570,1.198923,10.071614,nan,nan,nan,0,nan,nan,nan,0,nan,nan,nan,nan,nan,nan,nan,nan,nan,nan,nan,nan,nan,nan,nan,nan,nan,nan,nan,nan,nan,nan,nan,nan,nan,nan,nan,nan,nan,nan,nan,nan,nan,nan,nan,nan,nan,nan,nan,nan,nan,nan,nan,nan,nan,nan,nan,nan,nan,nan,2.000000,123.722535,-85.206204,-89.706012,10.000000,0.000000,123.870318,-85.206204,-89.706012,-6.048977,10.000000,0.000000,10.071614,inf,0.000000,1.000000,0.000000,0.000000,0.000000,0.000000,0.000000,0.000000,0.000000,0.000000,0.000000,0.000000,11.000000,2.301621,13.173615,nan
16.740,APPROACH,123.512200,10.333752,122.942931,-5.789028,-7.781090,-6.281293,1.198977,-50.811183,-66.811183,29.999028,0.000000,0.000000,0.001023,0.000000,0.000000,0.000000,-40.477431,56.131748,24.210000,-7.781090,-6.281293,1.200000,0.000000,0.000000,-141.087760,-50.811183,-66.811183,30.000000,0.000000,0.000000,0.000000,0.000000,0.000000,0.000000,10.333752,122.942931,-5.789028,123.512200,-7.781090,-6.281293,1.198977,10.071621,nan,nan,nan,0,nan,nan,nan,0,nan,nan,nan,nan,nan,nan,nan,nan,nan,nan,nan,nan,nan,nan,nan,nan,nan,nan,nan,nan,nan,nan,nan,nan,nan,nan,nan,nan,nan,nan,nan,nan,nan,nan,nan,nan,nan,nan,nan,nan,nan,nan,nan,nan,nan,nan,nan,nan,nan,nan,2.000000,123.376460,-85.264843,-89.172066,10.000000,0.000000,123.521736,-85.264843,-89.172066,-5.989028,10.000000,0.000000,10.071621,inf,0.000000,1.000000,0.000000,0.000000,0.000000,0.000000,0.000000,0.000000,0.000000,0.000000,0.000000,0.000000,11.000000,2.193314,13.188973,nan
16.780,APPROACH,123.162506,9.946667,122.626443,-5.729077,-7.741705,-6.329771,1.199028,-50.811183,-66.811183,29.999077,0.000000,0.000000,0.000972,0.000000,0.000000,0.000000,-40.864516,55.815260,24.270000,-7.741705,-6.329771,1.200000,0.000000,0.000000,-140.729890,-50.811183,-66.811183,30.000000,0.000000,0.000000,0.000000,0.000000,0.000000,0.000000,9.946667,122.626443,-5.729077,123.162506,-7.741705,-6.329771,1.199028,10.071627,nan,nan,nan,0,nan,nan,nan,0,nan,nan,nan,nan,nan,nan,nan,nan,nan,nan,nan,nan,nan,nan,nan,nan,nan,nan,nan,nan,nan,nan,nan,nan,nan,nan,nan,nan,nan,nan,nan,nan,nan,nan,nan,nan,nan,nan,nan,nan,nan,nan,nan,nan,nan,nan,nan,nan,nan,nan,2.000000,123.029186,-85.320146,-88.637765,10.000000,0.000000,123.171972,-85.320146,-88.637765,-5.929077,10.000000,0.000000,10.071627,inf,0.000000,1.000000,0.000000,0.000000,0.000000,0.000000,0.000000,0.000000,0.000000,0.000000,0.000000,0.000000,11.000000,2.210473,13.186540,nan
16.840,APPROACH,122.811634,9.561566,122.307543,-5.669123,-7.702019,-6.378002,1.199077,-50.811183,-66.811183,29.999123,0.000000,0.000000,0.000923,0.000000,0.000000,0.000000,-41.249617,55.496360,24.330000,-7.702019,-6.378002,1.200000,0.000000,0.000000,-140.372020,-50.811183,-66.811183,30.000000,0.000000,0.000000,0.000000,0.000000,0.000000,0.000000,9.561566,122.307543,-5.669123,122.811634,-7.702019,-6.378002,1.199077,10.071633,nan,nan,nan,0,nan,nan,nan,0,nan,nan,nan,nan,nan,nan,nan,nan,nan,nan,nan,nan,nan,nan,nan,nan,nan,nan,nan,nan,nan,nan,nan,nan,nan,nan,nan,nan,nan,nan,nan,nan,nan,nan,nan,nan,nan,nan,nan,nan,nan,nan,nan,nan,nan,nan,nan,nan,nan,nan,2.000000,122.680718,-85.372111,-88.103129,10.000000,0.000000,122.821029,-85.372111,-88.103129,-5.869123,10.000000,0.000000,10.071633,inf,0.000000,1.000000,0.000000,0.000000,0.000000,0.000000,0.000000,0.000000,0.000000,0.000000,0.000000,0.000000,11.000000,2.350352,13.166704,nan
16.880,APPROACH,122.459588,9.178465,121.986244,-5.609167,-7.662032,-6.425984,1.199123,-50.811183,-66.811183,29.999167,0.000000,0.000000,0.000877,0.000000,0.000000,0.000000,-41.632719,55.175060,24.390000,-7.662032,-6.425984,1.200000,0.000000,0.000000,-140.014150,-50.811183,-66.811183,30.000000,0.000000,0.000000,0.000000,0.000000,0.000000,0.000000,9.178465,121.986244,-5.609167,122.459588,-7.662032,-6.425984,1.199123,10.071638,nan,nan,nan,0,nan,nan,nan,0,nan,nan,nan,nan,nan,nan,nan,nan,nan,nan,nan,nan,nan,nan,nan,nan,nan,nan,nan,nan,nan,nan,nan,nan,nan,nan,nan,nan,nan,nan,nan,nan,nan,nan,nan,nan,nan,nan,nan,nan,nan,nan,nan,nan,nan,nan,nan,nan,nan,nan,2.000000,122.331058,-85.420735,-87.568179,10.000000,0.000000,122.468911,-85.420735,-87.568179,-5.809167,10.000000,0.000000,10.071638,inf,0.000000,1.000000,0.000000,0.000000,0.000000,0.000000,0.000000,0.000000,0.000000,0.000000,0.000000,0.000000,11.000000,2.593162,13.132272,nan
16.940,APPROACH,122.106370,8.797377,121.662558,-5.549208,-7.621746,-6.473716,1.199167,-50.811183,-66.811183,29.999208,0.000000,0.000000,0.000833,0.000000,0.000000,0.000000,-42.013806,54.851375,24.450000,-7.621746,-6.473716,1.200000,0.000000,0.000000,-139.656280,-50.811183,-66.811183,30.000000,0.000000,0.000000,0.000000,0.000000,0.000000,0.000000,8.797377,121.662558,-5.549208,122.106370,-7.621746,-6.473716,1.199167,10.071643,nan,nan,nan,0,nan,nan,nan,0,nan,nan,nan,nan,nan,nan,nan,nan,nan,nan,nan,nan,nan,nan,nan,nan,nan,nan,nan,nan,nan,nan,nan,nan,nan,nan,nan,nan,nan,nan,nan,nan,nan,nan,nan,nan,nan,nan,nan,nan,nan,nan,nan,nan,nan,nan,nan,nan,nan,nan,2.000000,121.980211,-85.466016,-87.032935,10.000000,0.000000,122.115622,-85.466016,-87.032935,-5.749208,10.000000,0.000000,10.071643,inf,0.000000,1.000000,0.000000,0.000000,0.000000,0.000000,0.000000,0.000000,0.000000,0.000000,0.000000,0.000000,11.000000,2.913272,13.086878,nan
16.980,APPROACH,121.751984,8.418319,121.336498,-5.489248,-7.581162,-6.521194,1.199208,-50.811183,-66.811183,29.999248,0.000000,0.000000,0.000792,0.000000,0.000000,0.000000,-42.392864,54.525315,24.510000,-7.581162,-6.521194,1.200000,0.000000,0.000000,-139.298410,-50.811183,-66.811183,30.000000,0.000000,0.000000,0.000000,0.000000,0.000000,0.000000,8.418319,121.336498,-5.489248,121.751984,-7.581162,-6.521194,1.199208,10.071648,nan,nan,nan,0,nan,nan,nan,0,nan,nan,nan,nan,nan,nan,nan,nan,nan,nan,nan,nan,nan,nan,nan,nan,nan,nan,nan,nan,nan,nan,nan,nan,nan,nan,nan,nan,nan,nan,nan,nan,nan,nan,nan,nan,nan,nan,nan,nan,nan,nan,nan,nan,nan,nan,nan,nan,nan,nan,2.000000,121.628179,-85.507954,-86.497420,10.000000,0.000000,121.761165,-85.507954,-86.497420,-5.689248,10.000000,0.000000,10.071648,inf,0.000000,1.000000,0.000000,0.000000,0.000000,0.000000,0.000000,0.000000,0.000000,0.000000,0.000000,0.000000,11.000000,3.288172,13.033715,nan
17.040,APPROACH,121.396435,8.041305,121.008077,-5.429285,-7.540283,-6.568419,1.199248,-50.811183,-66.811183,29.999285,0.000000,0.000000,0.000752,0.000000,0.000000,0.000000,-42.769878,54.196894,24.570000,-7.540283,-6.568419,1.200000,0.000000,0.000000,-138.940540,-50.811183,-66.811183,30.000000,0.000000,0.000000,0.000000,0.000000,0.000000,0.000000,8.041305,121.008077,-5.429285,121.396435,-7.540283,-6.568419,1.199248,10.071653,nan,nan,nan,0,nan,nan,nan,0,nan,nan,nan,nan,nan,nan,nan,nan,nan,nan,nan,nan,nan,nan,nan,nan,nan,nan,nan,nan,nan,nan,nan,nan,nan,nan,nan,nan,nan,nan,nan,nan,nan,nan,nan,nan,nan,nan,nan,nan,nan,nan,nan,nan,nan,nan,nan,nan,nan,nan,2.000000,121.274966,-85.546546,-85.961653,10.000000,0.000000,121.405544,-85.546546,-85.961653,-5.629285,10.000000,0.000000,10.071653,inf,0.000000,1.000000,0.000000,0.000000,0.000000,0.000000,0.000000,0.000000,0.000000,0.000000,0.000000,0.000000,11.000000,3.701238,12.975140,nan
17.080,APPROACH,121.039725,7.666350,120.677308,-5.369321,-7.499110,-6.615387,1.199285,-50.811183,-66.811183,29.999321,0.000000,0.000000,0.000715,0.000000,0.000000,0.000000,-43.144834,53.866125,24.630000,-7.499110,-6.615387,1.200000,0.000000,0.000000,-138.582671,-50.811183,-66.811183,30.000000,0.000000,0.000000,0.000000,0.000000,0.000000,0.000000,7.666350,120.677308,-5.369321,121.039725,-7.499110,-6.615387,1.199285,10.071658,nan,nan,nan,0,nan,nan,nan,0,nan,nan,nan,nan,nan,nan,nan,nan,nan,nan,nan,nan,nan,nan,nan,nan,nan,nan,nan,nan,nan,nan,nan,nan,nan,nan,nan,nan,nan,nan,nan,nan,nan,nan,nan,nan,nan,nan,nan,nan,nan,nan,nan,nan,nan,nan,nan,nan,nan,nan,2.000000,120.920575,-85.581790,-85.425656,10.000000,0.000000,121.048762,-85.581790,-85.425656,-5.569321,10.000000,0.000000,10.071658,inf,0.000000,1.000000,0.000000,0.000000,0.000000,0.000000,0.000000,0.000000,0.000000,0.000000,0.000000,0.000000,11.000000,4.141051,12.912771,nan
17.140,APPROACH,120.681859,7.293467,120.344203,-5.309355,-7.457644,-6.662097,1.199321,-50.811183,-66.811183,29.999355,0.000000,0.000000,0.000679,0.000000,0.000000,0.000000,-43.517716,53.533020,24.690000,-7.457644,-6.662097,1.200000,0.000000,0.000000,-138.224801,-50.811183,-66.811183,30.000000,0.000000,0.000000,0.000000,0.000000,0.000000,0.000000,7.293467,120.344203,-5.309355,120.681859,-7.457644,-6.662097,1.199321,10.071662,nan,nan,nan,0,nan,nan,nan,0,nan,nan,nan,nan,nan,nan,nan,nan,nan,nan,nan,nan,nan,nan,nan,nan,nan,nan,nan,nan,nan,nan,nan,nan,nan,nan,nan,nan,nan,nan,nan,nan,nan,nan,nan,nan,nan,nan,nan,nan,nan,nan,nan,nan,nan,nan,nan,nan,nan,nan,2.000000,120.565011,-85.613686,-84.889449,10.000000,-0.000000,120.690823,-85.613686,-84.889449,-5.509355,10.000000,-0.000000,10.071662,inf,0.000000,1.000000,0.000000,0.000000,0.000000,0.000000,0.000000,0.000000,0.000000,0.000000,0.000000,0.000000,11.000000,4.599931,12.847699,nan
17.180,APPROACH,120.322839,6.922673,120.008776,-5.249387,-7.415888,-6.708547,1.199355,-50.811183,-66.811183,29.999387,0.000000,0.000000,0.000645,0.000000,0.000000,0.000000,-43.888510,53.197592,24.750000,-7.415888,-6.708547,1.200000,0.000000,0.000000,-137.866932,-50.811183,-66.811183,30.000000,0.000000,0.000000,0.000000,0.000000,0.000000,0.000000,6.922673,120.008776,-5.249387,120.322839,-7.415888,-6.708547,1.199355,10.071666,nan,nan,nan,0,nan,nan,nan,0,nan,nan,nan,nan,nan,nan,nan,nan,nan,nan,nan,nan,nan,nan,nan,nan,nan,nan,nan,nan,nan,nan,nan,nan,nan,nan,nan,nan,nan,nan,nan,nan,nan,nan,nan,nan,nan,nan,nan,nan,nan,nan,nan,nan,nan,nan,nan,nan,nan,nan,2.000000,120.208276,-85.642232,-84.353054,10.000000,0.000000,120.331731,-85.642232,-84.353054,-5.449387,10.000000,0.000000,10.071666,inf,0.000000,1.000000,0.000000,0.000000,0.000000,0.000000,0.000000,0.000000,0.000000,0.000000,0.000000,0.000000,11.000000,5.072690,12.780658,nan
17.240,APPROACH,119.962670,6.553981,119.671039,-5.189418,-7.373842,-6.754736,1.199387,-50.811183,-66.811183,29.999418,0.000000,0.000000,0.000613,0.000000,0.000000,0.000000,-44.257202,52.859856,24.810000,-7.373842,-6.754736,1.200000,0.000000,0.000000,-137.509063,-50.811183,-66.811183,30.000000,0.000000,0.000000,0.000000,0.000000,0.000000,0.000000,6.553981,119.671039,-5.189418,119.962670,-7.373842,-6.754736,1.199387,10.071670,nan,nan,nan,0,nan,nan,nan,0,nan,nan,nan,nan,nan,nan,nan,nan,nan,nan,nan,nan,nan,nan,nan,nan,nan,nan,nan,nan,nan,nan,nan,nan,nan,nan,nan,nan,nan,nan,nan,nan,nan,nan,nan,nan,nan,nan,nan,nan,nan,nan,nan,nan,nan,nan,nan,nan,nan,nan,2.000000,119.850374,-85.667427,-83.816491,10.000000,0.000000,119.971488,-85.667427,-83.816491,-5.389418,10.000000,0.000000,10.071670,inf,0.000000,1.000000,0.000000,0.000000,0.000000,0.000000,0.000000,0.000000,0.000000,0.000000,0.000000,0.000000,11.000000,5.555771,12.712154,nan
17.280,APPROACH,119.601355,6.187405,119.331006,-5.129447,-7.331508,-6.800661,1.199418,-50.811183,-66.811183,29.999447,0.000000,0.000000,0.000582,0.000000,0.000000,0.000000,-44.623778,52.519823,24.870000,-7.331508,-6.800661,1.200000,0.000000,0.000000,-137.151194,-50.811183,-66.811183,30.000000,0.000000,0.000000,0.000000,0.000000,0.000000,0.000000,6.187405,119.331006,-5.129447,119.601355,-7.331508,-6.800661,1.199418,10.071673,nan,nan,nan,0,nan,nan,nan,0,nan,nan,nan,nan,nan,nan,nan,nan,nan,nan,nan,nan,nan,nan,nan,nan,nan,nan,nan,nan,nan,nan,nan,nan,nan,nan,nan,nan,nan,nan,nan,nan,nan,nan,nan,nan,nan,nan,nan,nan,nan,nan,nan,nan,nan,nan,nan,nan,nan,nan,2.000000,119.491309,-85.689270,-83.279781,10.000000,0.000000,119.610100,-85.689270,-83.279781,-5.329447,10.000000,0.000000,10.071673,inf,0.000000,1.000000,0.000000,0.000000,0.000000,0.000000,0.000000,0.000000,0.000000,0.000000,0.000000,0.000000,10.000000,5.431392,11.721417,nan
17.340,APPROACH,119.238898,5.822961,118.988690,-5.069475,-7.288889,-6.846320,1.199447,-50.811183,-66.811183,29.999475,0.000000,0.000000,0.000553,0.000000,0.000000,0.000000,-44.988222,52.177507,24.930000,-7.288889,-6.846320,1.200000,0.000000,0.000000,-136.793324,-50.811183,-66.811183,30.000000,0.000000,0.000000,0.000000,0.000000,0.000000,0.000000,5.822961,118.988690,-5.069475,119.238898,-7.288889,-6.846320,1.199447,10.071677,nan,nan,nan,0,nan,nan,nan,0,nan,nan,nan,nan,nan,nan,nan,nan,nan,nan,nan,nan,nan,nan,nan,nan,nan,nan,nan,nan,nan,nan,nan,nan,nan,nan,nan,nan,nan,nan,nan,nan,nan,nan,nan,nan,nan,nan,nan,nan,nan,nan,nan,nan,nan,nan,nan,nan,nan,nan,2.000000,119.131084,-85.707760,-82.742945,10.000000,0.000000,119.247568,-85.707760,-82.742945,-5.269475,10.000000,0.000000,10.071677,inf,0.000000,1.000000,0.000000,0.000000,0.000000,0.000000,0.000000,0.000000,0.000000,0.000000,0.000000,0.000000,10.000000,4.950679,11.790327,nan
17.380,APPROACH,118.875302,5.460662,118.644104,-5.009501,-7.245985,-6.891713,1.199475,-50.811183,-66.811183,29.999501,0.000000,0.000000,0.000525,0.000000,0.000000,0.000000,-45.350521,51.832921,24.990000,-7.245985,-6.891713,1.200000,0.000000,0.000000,-136.435455,-50.811183,-66.811183,30.000000,0.000000,0.000000,0.000000,0.000000,0.000000,0.000000,5.460662,118.644104,-5.009501,118.875302,-7.245985,-6.891713,1.199475,10.071680,nan,nan,nan,0,nan,nan,nan,0,nan,nan,nan,nan,nan,nan,nan,nan,nan,nan,nan,nan,nan,nan,nan,nan,nan,nan,nan,nan,nan,nan,nan,nan,nan,nan,nan,nan,nan,nan,nan,nan,nan,nan,nan,nan,nan,nan,nan,nan,nan,nan,nan,nan,nan,nan,nan,nan,nan,nan,2.000000,118.769703,-85.722897,-82.206005,10.000000,0.000000,118.883898,-85.722897,-82.206005,-5.209501,10.000000,0.000000,10.071680,inf,0.000000,1.000000,0.000000,0.000000,0.000000,0.000000,0.000000,0.000000,0.000000,0.000000,0.000000,0.000000,10.000000,4.481077,11.857644,nan
17.440,APPROACH,118.510571,5.100522,118.297262,-4.949526,-7.202798,-6.936836,1.199501,-50.811183,-66.811183,29.999526,0.000000,0.000000,0.000499,0.000000,0.000000,0.000000,-45.710661,51.486079,25.050000,-7.202798,-6.936836,1.200000,0.000000,0.000000,-136.077586,-50.811183,-66.811183,30.000000,0.000000,0.000000,0.000000,0.000000,0.000000,0.000000,5.100522,118.297262,-4.949526,118.510571,-7.202798,-6.936836,1.199501,10.071683,nan,nan,nan,0,nan,nan,nan,0,nan,nan,nan,nan,nan,nan,nan,nan,nan,nan,nan,nan,nan,nan,nan,nan,nan,nan,nan,nan,nan,nan,nan,nan,nan,nan,nan,nan,nan,nan,nan,nan,nan,nan,nan,nan,nan,nan,nan,nan,nan,nan,nan,nan,nan,nan,nan,nan,nan,nan,2.000000,118.407169,-85.734679,-81.668980,10.000000,-0.000000,118.519092,-85.734679,-81.668980,-5.149526,10.000000,-0.000000,10.071683,inf,0.000000,1.000000,0.000000,0.000000,0.000000,0.000000,0.000000,0.000000,0.000000,0.000000,0.000000,0.000000,10.000000,4.026499,11.922807,nan
17.480,APPROACH,118.144709,4.742555,117.948178,-4.889550,-7.159330,-6.981689,1.199526,-50.811183,-66.811183,29.999550,0.000000,0.000000,0.000474,0.000000,0.000000,0.000000,-46.068628,51.136995,25.110000,-7.159330,-6.981689,1.200000,0.000000,0.000000,-135.719718,-50.811183,-66.811183,30.000000,0.000000,0.000000,0.000000,0.000000,0.000000,0.000000,4.742555,117.948178,-4.889550,118.144709,-7.159330,-6.981689,1.199526,10.071686,nan,nan,nan,0,nan,nan,nan,0,nan,nan,nan,nan,nan,nan,nan,nan,nan,nan,nan,nan,nan,nan,nan,nan,nan,nan,nan,nan,nan,nan,nan,nan,nan,nan,nan,nan,nan,nan,nan,nan,nan,nan,nan,nan,nan,nan,nan,nan,nan,nan,nan,nan,nan,nan,nan,nan,nan,nan,2.000000,118.043485,-85.743107,-81.131893,10.000000,-0.000000,118.153155,-85.743107,-81.131893,-5.089550,10.000000,-0.000000,10.071686,inf,0.000000,1.000000,0.000000,0.000000,0.000000,0.000000,0.000000,0.000000,0.000000,0.000000,0.000000,0.000000,10.000000,3.592671,11.984996,nan
17.540,APPROACH,117.777719,4.386776,117.596864,-4.829572,-7.115584,-7.026270,1.199550,-50.811183,-66.811183,29.999572,0.000000,0.000000,0.000450,0.000000,0.000000,0.000000,-46.424407,50.785681,25.170000,-7.115584,-7.026270,1.200000,0.000000,0.000000,-135.361849,-50.811183,-66.811183,30.000000,0.000000,0.000000,0.000000,0.000000,0.000000,0.000000,4.386776,117.596864,-4.829572,117.777719,-7.115584,-7.026270,1.199550,10.071689,nan,nan,nan,0,nan,nan,nan,0,nan,nan,nan,nan,nan,nan,nan,nan,nan,nan,nan,nan,nan,nan,nan,nan,nan,nan,nan,nan,nan,nan,nan,nan,nan,nan,nan,nan,nan,nan,nan,nan,nan,nan,nan,nan,nan,nan,nan,nan,nan,nan,nan,nan,nan,nan,nan,nan,nan,nan,2.000000,117.678657,-85.748180,-80.594763,10.000000,0.000000,117.786090,-85.748180,-80.594763,-5.029572,10.000000,0.000000,10.071689,inf,0.000000,1.000000,0.000000,0.000000,0.000000,0.000000,0.000000,0.000000,0.000000,0.000000,0.000000,0.000000,10.000000,3.188098,12.042991,nan
17.580,APPROACH,117.409605,4.033198,117.243335,-4.769594,-7.071559,-7.070577,1.199572,-50.811183,-66.811183,29.999594,0.000000,0.000000,0.000428,0.000000,0.000000,0.000000,-46.777985,50.432152,25.230000,-7.071559,-7.070577,1.200000,0.000000,0.000000,-135.003980,-50.811183,-66.811183,30.000000,0.000000,0.000000,0.000000,0.000000,0.000000,0.000000,4.033198,117.243335,-4.769594,117.409605,-7.071559,-7.070577,1.199572,10.071692,nan,nan,nan,0,nan,nan,nan,0,nan,nan,nan,nan,nan,nan,nan,nan,nan,nan,nan,nan,nan,nan,nan,nan,nan,nan,nan,nan,nan,nan,nan,nan,nan,nan,nan,nan,nan,nan,nan,nan,nan,nan,nan,nan,nan,nan,nan,nan,nan,nan,nan,nan,nan,nan,nan,nan,nan,nan,2.000000,117.312686,-85.749898,-80.057613,10.000000,0.000000,117.417900,-85.749898,-80.057613,-4.969594,10.000000,0.000000,10.071692,inf,0.000000,1.000000,0.000000,0.000000,0.000000,0.000000,0.000000,0.000000,0.000000,0.000000,0.000000,0.000000,10.000000,2.825391,12.094984,nan
17.640,APPROACH,117.040372,3.681835,116.887605,-4.709614,-7.027259,-7.114607,1.199594,-50.811183,-66.811183,29.999614,0.000000,0.000000,0.000406,0.000000,0.000000,0.000000,-47.129348,50.076422,25.290000,-7.027259,-7.114607,1.200000,0.000000,0.000000,-134.646111,-50.811183,-66.811183,30.000000,0.000000,0.000000,0.000000,0.000000,0.000000,0.000000,3.681835,116.887605,-4.709614,117.040372,-7.027259,-7.114607,1.199594,10.071694,nan,nan,nan,0,nan,nan,nan,0,nan,nan,nan,nan,nan,nan,nan,nan,nan,nan,nan,nan,nan,nan,nan,nan,nan,nan,nan,nan,nan,nan,nan,nan,nan,nan,nan,nan,nan,nan,nan,nan,nan,nan,nan,nan,nan,nan,nan,nan,nan,nan,nan,nan,nan,nan,nan,nan,nan,nan,2.000000,116.945578,-85.748261,-79.520462,10.000000,0.000000,117.048590,-85.748261,-79.520462,-4.909614,10.000000,0.000000,10.071694,inf,0.000000,1.000000,0.000000,0.000000,0.000000,0.000000,0.000000,0.000000,0.000000,0.000000,0.000000,0.000000,10.000000,2.522694,12.138375,nan
17.680,APPROACH,116.670022,3.332701,116.529687,-4.649633,-6.982684,-7.158360,1.199614,-50.811183,-66.811183,29.999633,0.000000,0.000000,0.000386,0.000000,0.000000,0.000000,-47.478482,49.718504,25.350000,-6.982684,-7.158360,1.200000,0.000000,0.000000,-134.288243,-50.811183,-66.811183,30.000000,0.000000,0.000000,0.000000,0.000000,0.000000,0.000000,3.332701,116.529687,-4.649633,116.670022,-6.982684,-7.158360,1.199614,10.071697,nan,nan,nan,0,nan,nan,nan,0,nan,nan,nan,nan,nan,nan,nan,nan,nan,nan,nan,nan,nan,nan,nan,nan,nan,nan,nan,nan,nan,nan,nan,nan,nan,nan,nan,nan,nan,nan,nan,nan,nan,nan,nan,nan,nan,nan,nan,nan,nan,nan,nan,nan,nan,nan,nan,nan,nan,nan,2.000000,116.577334,-85.743269,-78.983332,10.000000,0.000000,116.678163,-85.743269,-78.983332,-4.849633,10.000000,0.000000,10.071697,inf,0.000000,1.000000,0.000000,0.000000,0.000000,0.000000,0.000000,0.000000,0.000000,0.000000,0.000000,0.000000,10.000000,2.303795,12.169754,nan
17.740,APPROACH,116.298559,2.985809,116.169595,-4.589652,-6.937837,-7.201834,1.199633,-50.811183,-66.811183,29.999652,0.000000,0.000000,0.000367,0.000000,0.000000,0.000000,-47.825374,49.358412,25.410000,-6.937837,-7.201834,1.200000,0.000000,0.000000,-133.930374,-50.811183,-66.811183,30.000000,0.000000,0.000000,0.000000,0.000000,0.000000,0.000000,2.985809,116.169595,-4.589652,116.298559,-6.937837,-7.201834,1.199633,10.071699,nan,nan,nan,0,nan,nan,nan,0,nan,nan,nan,nan,nan,nan,nan,nan,nan,nan,nan,nan,nan,nan,nan,nan,nan,nan,nan,nan,nan,nan,nan,nan,nan,nan,nan,nan,nan,nan,nan,nan,nan,nan,nan,nan,nan,nan,nan,nan,nan,nan,nan,nan,nan,nan,nan,nan,nan,nan,2.000000,116.207960,-85.734922,-78.446244,10.000000,0.000000,116.306624,-85.734922,-78.446244,-4.789652,10.000000,0.000000,10.071699,inf,0.000000,1.000000,0.000000,0.000000,0.000000,0.000000,0.000000,0.000000,0.000000,0.000000,0.000000,0.000000,10.000000,2.193933,12.185503,nan
17.780,APPROACH,115.925988,2.641173,115.807344,-4.529669,-6.892720,-7.245027,1.199652,-50.811183,-66.811183,29.999669,0.000000,0.000000,0.000348,0.000000,0.000000,0.000000,-48.170010,48.996161,25.470000,-6.892720,-7.245027,1.200000,0.000000,0.000000,-133.572506,-50.811183,-66.811183,30.000000,0.000000,0.000000,0.000000,0.000000,0.000000,0.000000,2.641173,115.807344,-4.529669,115.925988,-6.892720,-7.245027,1.199652,10.071701,nan,nan,nan,0,nan,nan,nan,0,nan,nan,nan,nan,nan,nan,nan,nan,nan,nan,nan,nan,nan,nan,nan,nan,nan,nan,nan,nan,nan,nan,nan,nan,nan,nan,nan,nan,nan,nan,nan,nan,nan,nan,nan,nan,nan,nan,nan,nan,nan,nan,nan,nan,nan,nan,nan,nan,nan,nan,2.000000,115.837458,-85.723220,-77.909218,10.000000,0.000000,115.933975,-85.723220,-77.909218,-4.729669,10.000000,0.000000,10.071701,inf,0.000000,1.000000,0.000000,0.000000,0.000000,0.000000,0.000000,0.000000,0.000000,0.000000,0.000000,0.000000,10.000000,2.209437,12.183280,nan
17.840,APPROACH,115.552311,2.298807,115.442947,-4.469686,-6.847333,-7.287937,1.199669,-50.811183,-66.811183,29.999686,0.000000,0.000000,0.000331,0.000000,0.000000,0.000000,-48.512377,48.631764,25.530000,-6.847333,-7.287937,1.200000,0.000000,0.000000,-133.214638,-50.811183,-66.811183,30.000000,0.000000,0.000000,0.000000,0.000000,0.000000,0.000000,2.298807,115.442947,-4.469686,115.552311,-6.847333,-7.287937,1.199669,10.071703,nan,nan,nan,0,nan,nan,nan,0,nan,nan,nan,nan,nan,nan,nan,nan,nan,nan,nan,nan,nan,nan,nan,nan,nan,nan,nan,nan,nan,nan,nan,nan,nan,nan,nan,nan,nan,nan,nan,nan,nan,nan,nan,nan,nan,nan,nan,nan,nan,nan,nan,nan,nan,nan,nan,nan,nan,nan,2.000000,115.465833,-85.708164,-77.372276,10.000000,0.000000,115.560220,-85.708164,-77.372276,-4.669686,10.000000,0.000000,10.071703,inf,0.000000,1.000000,0.000000,0.000000,0.000000,0.000000,0.000000,0.000000,0.000000,0.000000,0.000000,0.000000,10.000000,2.347824,12.163443,nan
17.880,APPROACH,115.177534,1.958723,115.076419,-4.409701,-6.801680,-7.330563,1.199686,-50.811183,-66.811183,29.999701,0.000000,0.000000,0.000314,0.000000,0.000000,0.000000,-48.852461,48.265236,25.590000,-6.801680,-7.330563,1.200000,0.000000,0.000000,-132.856769,-50.811183,-66.811183,30.000000,0.000000,0.000000,0.000000,0.000000,0.000000,0.000000,1.958723,115.076419,-4.409701,115.177534,-6.801680,-7.330563,1.199686,10.071705,nan,nan,nan,0,nan,nan,nan,0,nan,nan,nan,nan,nan,nan,nan,nan,nan,nan,nan,nan,nan,nan,nan,nan,nan,nan,nan,nan,nan,nan,nan,nan,nan,nan,nan,nan,nan,nan,nan,nan,nan,nan,nan,nan,nan,nan,nan,nan,nan,nan,nan,nan,nan,nan,nan,nan,nan,nan,2.000000,115.093088,-85.689755,-76.835439,10.000000,0.000000,115.185364,-85.689755,-76.835439,-4.609701,10.000000,0.000000,10.071705,inf,0.000000,1.000000,0.000000,0.000000,0.000000,0.000000,0.000000,0.000000,0.000000,0.000000,0.000000,0.000000,10.000000,2.589463,12.128804,nan
17.940,APPROACH,114.801659,1.620935,114.707774,-4.349716,-6.755761,-7.372903,1.199701,-50.811183,-66.811183,29.999716,0.000000,0.000000,0.000299,0.000000,0.000000,0.000000,-49.190249,47.896591,25.650000,-6.755761,-7.372903,1.200000,0.000000,0.000000,-132.498901,-50.811183,-66.811183,30.000000,0.000000,0.000000,0.000000,0.000000,0.000000,0.000000,1.620935,114.707774,-4.349716,114.801659,-6.755761,-7.372903,1.199701,10.071707,nan,nan,nan,0,nan,nan,nan,0,nan,nan,nan,nan,nan,nan,nan,nan,nan,nan,nan,nan,nan,nan,nan,nan,nan,nan,nan,nan,nan,nan,nan,nan,nan,nan,nan,nan,nan,nan,nan,nan,nan,nan,nan,nan,nan,nan,nan,nan,nan,nan,nan,nan,nan,nan,nan,nan,nan,nan,2.000000,114.719226,-85.667993,-76.298727,10.000000,0.000000,114.809410,-85.667993,-76.298727,-4.549716,10.000000,0.000000,10.071707,inf,0.000000,1.000000,0.000000,0.000000,0.000000,0.000000,0.000000,0.000000,0.000000,0.000000,0.000000,0.000000,10.000000,2.908726,12.083038,nan
17.980,APPROACH,114.424690,1.285456,114.337026,-4.289730,-6.709578,-7.414955,1.199716,-50.811183,-66.811183,29.999730,0.000000,0.000000,0.000284,0.000000,0.000000,0.000000,-49.525728,47.525843,25.710000,-6.709578,-7.414955,1.200000,0.000000,0.000000,-132.141033,-50.811183,-66.811183,30.000000,0.000000,0.000000,0.000000,0.000000,0.000000,0.000000,1.285456,114.337026,-4.289730,114.424690,-6.709578,-7.414955,1.199716,10.071709,nan,nan,nan,0,nan,nan,nan,0,nan,nan,nan,nan,nan,nan,nan,nan,nan,nan,nan,nan,nan,nan,nan,nan,nan,nan,nan,nan,nan,nan,nan,nan,nan,nan,nan,nan,nan,nan,nan,nan,nan,nan,nan,nan,nan,nan,nan,nan,nan,nan,nan,nan,nan,nan,nan,nan,nan,nan,2.000000,114.344252,-85.642879,-75.762162,10.000000,0.000000,114.432363,-85.642879,-75.762162,-4.489730,10.000000,0.000000,10.071709,inf,0.000000,1.000000,0.000000,0.000000,0.000000,0.000000,0.000000,0.000000,0.000000,0.000000,0.000000,0.000000,10.000000,3.283034,12.029382,nan
18.040,APPROACH,114.046632,0.952299,113.964190,-4.229744,-6.663134,-7.456718,1.199730,-50.811183,-66.811183,29.999744,0.000000,0.000000,0.000270,0.000000,0.000000,0.000000,-49.858884,47.153007,25.770000,-6.663134,-7.456718,1.200000,0.000000,0.000000,-131.783165,-50.811183,-66.811183,30.000000,0.000000,0.000000,0.000000,0.000000,0.000000,0.000000,0.952299,113.964190,-4.229744,114.046632,-6.663134,-7.456718,1.199730,10.071711,nan,nan,nan,0,nan,nan,nan,0,nan,nan,nan,nan,nan,nan,nan,nan,nan,nan,nan,nan,nan,nan,nan,nan,nan,nan,nan,nan,nan,nan,nan,nan,nan,nan,nan,nan,nan,nan,nan,nan,nan,nan,nan,nan,nan,nan,nan,nan,nan,nan,nan,nan,nan,nan,nan,nan,nan,nan,2.000000,113.968169,-85.614414,-75.225764,10.000000,0.000000,114.054225,-85.614414,-75.225764,-4.429744,10.000000,0.000000,10.071711,inf,0.000000,1.000000,0.000000,0.000000,0.000000,0.000000,0.000000,0.000000,0.000000,0.000000,0.000000,0.000000,10.000000,3.695687,11.970228,nan
18.080,APPROACH,113.667488,0.621477,113.589281,-4.169757,-6.616430,-7.498190,1.199744,-50.811183,-66.811183,29.999757,0.000000,0.000000,0.000256,0.000000,0.000000,0.000000,-50.189706,46.778097,25.830000,-6.616430,-7.498190,1.200000,0.000000,0.000000,-131.425297,-50.811183,-66.811183,30.000000,0.000000,0.000000,0.000000,0.000000,0.000000,0.000000,0.621477,113.589281,-4.169757,113.667488,-6.616430,-7.498190,1.199744,10.071712,nan,nan,nan,0,nan,nan,nan,0,nan,nan,nan,nan,nan,nan,nan,nan,nan,nan,nan,nan,nan,nan,nan,nan,nan,nan,nan,nan,nan,nan,nan,nan,nan,nan,nan,nan,nan,nan,nan,nan,nan,nan,nan,nan,nan,nan,nan,nan,nan,nan,nan,nan,nan,nan,nan,nan,nan,nan,2.000000,113.590981,-85.582600,-74.689555,10.000000,-0.000000,113.675000,-85.582600,-74.689555,-4.369757,10.000000,-0.000000,10.071712,inf,0.000000,1.000000,0.000000,0.000000,0.000000,0.000000,0.000000,0.000000,0.000000,0.000000,0.000000,0.000000,10.000000,4.135209,11.907224,nan
18.140,APPROACH,113.287262,0.293004,113.212312,-4.109769,-6.569468,-7.539370,1.199757,-50.811183,-66.811183,29.999769,0.000000,0.000000,0.000243,0.000000,0.000000,0.000000,-50.518179,46.401129,25.890000,-6.569468,-7.539370,1.200000,0.000000,0.000000,-131.067429,-50.811183,-66.811183,30.000000,0.000000,0.000000,0.000000,0.000000,0.000000,0.000000,0.293004,113.212312,-4.109769,113.287262,-6.569468,-7.539370,1.199757,10.071714,nan,nan,nan,0,nan,nan,nan,0,nan,nan,nan,nan,nan,nan,nan,nan,nan,nan,nan,nan,nan,nan,nan,nan,nan,nan,nan,nan,nan,nan,nan,nan,nan,nan,nan,nan,nan,nan,nan,nan,nan,nan,nan,nan,nan,nan,nan,nan,nan,nan,nan,nan,nan,nan,nan,nan,nan,nan,2.000000,113.212691,-85.547436,-74.153554,10.000000,0.000000,113.294694,-85.547436,-74.153554,-4.309769,10.000000,0.000000,10.071714,inf,0.000000,1.000000,0.000000,0.000000,0.000000,0.000000,0.000000,0.000000,0.000000,0.000000,0.000000,0.000000,10.000000,4.593879,11.841474,nan
18.180,APPROACH,112.905958,-0.033108,112.833299,-4.049780,-6.522249,-7.580255,1.199769,-50.811183,-66.811183,29.999780,0.000000,0.000000,0.000231,0.000000,0.000000,0.000000,-50.844292,46.022116,25.950000,-6.522249,-7.580255,1.200000,0.000000,0.000000,-130.709561,-50.811183,-66.811183,30.000000,0.000000,0.000000,0.000000,0.000000,0.000000,0.000000,-0.033108,112.833299,-4.049780,112.905958,-6.522249,-7.580255,1.199769,10.071715,nan,nan,nan,0,nan,nan,nan,0,nan,nan,nan,nan,nan,nan,nan,nan,nan,nan,nan,nan,nan,nan,nan,nan,nan,nan,nan,nan,nan,nan,nan,nan,nan,nan,nan,nan,nan,nan,nan,nan,nan,nan,nan,nan,nan,nan,nan,nan,nan,nan,nan,nan,nan,nan,nan,nan,nan,nan,2.000000,112.833304,-85.508926,-73.617784,10.000000,0.000000,112.913308,-85.508926,-73.617784,-4.249780,10.000000,0.000000,10.071715,inf,0.000000,1.000000,0.000000,0.000000,0.000000,0.000000,0.000000,0.000000,0.000000,0.000000,0.000000,0.000000,10.000000,5.066484,11.773727,nan
18.240,APPROACH,112.523579,-0.356847,112.452257,-3.989791,-6.474776,-7.620845,1.199780,-50.811183,-66.811183,29.999791,0.000000,0.000000,0.000220,0.000000,0.000000,0.000000,-51.168030,45.641074,26.010000,-6.474776,-7.620845,1.200000,0.000000,0.000000,-130.351693,-50.811183,-66.811183,30.000000,0.000000,0.000000,0.000000,0.000000,0.000000,0.000000,-0.356847,112.452257,-3.989791,112.523579,-6.474776,-7.620845,1.199780,10.071716,nan,nan,nan,0,nan,nan,nan,0,nan,nan,nan,nan,nan,nan,nan,nan,nan,nan,nan,nan,nan,nan,nan,nan,nan,nan,nan,nan,nan,nan,nan,nan,nan,nan,nan,nan,nan,nan,nan,nan,nan,nan,nan,nan,nan,nan,nan,nan,nan,nan,nan,nan,nan,nan,nan,nan,nan,nan,2.000000,112.452823,-85.467070,-73.082265,10.000000,-0.000000,112.530848,-85.467070,-73.082265,-4.189791,10.000000,-0.000000,10.071716,inf,0.000000,1.000000,0.000000,0.000000,0.000000,0.000000,0.000000,0.000000,0.000000,0.000000,0.000000,0.000000,10.000000,5.549448,11.704494,nan
18.280,APPROACH,112.140131,-0.678200,112.069200,-3.929802,-6.427050,-7.661137,1.199791,-50.811183,-66.811183,29.999802,0.000000,0.000000,0.000209,0.000000,0.000000,0.000000,-51.489383,45.258017,26.070000,-6.427050,-7.661137,1.200000,0.000000,0.000000,-129.993825,-50.811183,-66.811183,30.000000,0.000000,0.000000,0.000000,0.000000,0.000000,0.000000,-0.678200,112.069200,-3.929802,112.140131,-6.427050,-7.661137,1.199791,10.071718,nan,nan,nan,0,nan,nan,nan,0,nan,nan,nan,nan,nan,nan,nan,nan,nan,nan,nan,nan,nan,nan,nan,nan,nan,nan,nan,nan,nan,nan,nan,nan,nan,nan,nan,nan,nan,nan,nan,nan,nan,nan,nan,nan,nan,nan,nan,nan,nan,nan,nan,nan,nan,nan,nan,nan,nan,nan,2.000000,112.071252,-85.421869,-72.547018,10.000000,0.000000,112.147318,-85.421869,-72.547018,-4.129802,10.000000,0.000000,10.071718,inf,0.000000,1.000000,0.000000,0.000000,0.000000,0.000000,0.000000,0.000000,0.000000,0.000000,0.000000,0.000000,9.000000,5.437690,10.710436,nan
18.340,APPROACH,111.755616,-0.997153,111.684144,-3.869812,-6.379074,-7.701131,1.199802,-50.811183,-66.811183,29.999812,0.000000,0.000000,0.000198,0.000000,0.000000,0.000000,-51.808337,44.872961,26.130000,-6.379074,-7.701131,1.200000,0.000000,0.000000,-129.635957,-50.811183,-66.811183,30.000000,0.000000,0.000000,0.000000,0.000000,0.000000,0.000000,-0.997153,111.684144,-3.869812,111.755616,-6.379074,-7.701131,1.199802,10.071719,nan,nan,nan,0,nan,nan,nan,0,nan,nan,nan,nan,nan,nan,nan,nan,nan,nan,nan,nan,nan,nan,nan,nan,nan,nan,nan,nan,nan,nan,nan,nan,nan,nan,nan,nan,nan,nan,nan,nan,nan,nan,nan,nan,nan,nan,nan,nan,nan,nan,nan,nan,nan,nan,nan,nan,nan,nan,2.000000,111.688595,-85.373327,-72.012064,10.000000,0.000000,111.762720,-85.373327,-72.012064,-4.069812,10.000000,0.000000,10.071719,inf,0.000000,1.000000,0.000000,0.000000,0.000000,0.000000,0.000000,0.000000,0.000000,0.000000,0.000000,0.000000,9.000000,4.956852,10.780255,nan
18.380,APPROACH,111.370039,-1.313696,111.297103,-3.809821,-6.330849,-7.740824,1.199812,-50.811183,-66.811183,29.999821,0.000000,0.000000,0.000188,0.000000,0.000000,0.000000,-52.124879,44.485919,26.190000,-6.330849,-7.740824,1.200000,0.000000,0.000000,-129.278089,-50.811183,-66.811183,30.000000,0.000000,0.000000,0.000000,0.000000,0.000000,0.000000,-1.313696,111.297103,-3.809821,111.370039,-6.330849,-7.740824,1.199812,10.071720,nan,nan,nan,0,nan,nan,nan,0,nan,nan,nan,nan,nan,nan,nan,nan,nan,nan,nan,nan,nan,nan,nan,nan,nan,nan,nan,nan,nan,nan,nan,nan,nan,nan,nan,nan,nan,nan,nan,nan,nan,nan,nan,nan,nan,nan,nan,nan,nan,nan,nan,nan,nan,nan,nan,nan,nan,nan,2.000000,111.304855,-85.321444,-71.477423,10.000000,0.000000,111.377060,-85.321444,-71.477423,-4.009821,10.000000,0.000000,10.071720,inf,0.000000,1.000000,0.000000,0.000000,0.000000,0.000000,0.000000,0.000000,0.000000,0.000000,0.000000,0.000000,9.000000,4.487085,10.848466,nan
18.440,APPROACH,110.983403,-1.627815,110.908092,-3.749830,-6.282377,-7.780215,1.199821,-50.811183,-66.811183,29.999830,0.000000,0.000000,0.000179,0.000000,0.000000,0.000000,-52.438998,44.096909,26.250000,-6.282377,-7.780215,1.200000,0.000000,0.000000,-128.920221,-50.811183,-66.811183,30.000000,0.000000,0.000000,0.000000,0.000000,0.000000,0.000000,-1.627815,110.908092,-3.749830,110.983403,-6.282377,-7.780215,1.199821,10.071721,nan,nan,nan,0,nan,nan,nan,0,nan,nan,nan,nan,nan,nan,nan,nan,nan,nan,nan,nan,nan,nan,nan,nan,nan,nan,nan,nan,nan,nan,nan,nan,nan,nan,nan,nan,nan,nan,nan,nan,nan,nan,nan,nan,nan,nan,nan,nan,nan,nan,nan,nan,nan,nan,nan,nan,nan,nan,2.000000,110.920037,-85.266223,-70.943117,10.000000,0.000000,110.990341,-85.266223,-70.943117,-3.949830,10.000000,0.000000,10.071721,inf,0.000000,1.000000,0.000000,0.000000,0.000000,0.000000,0.000000,0.000000,0.000000,0.000000,0.000000,0.000000,9.000000,4.032279,10.914505,nan
18.480,APPROACH,110.595714,-1.939498,110.517127,-3.689839,-6.233660,-7.819302,1.199830,-50.811183,-66.811183,29.999839,0.000000,0.000000,0.000170,0.000000,0.000000,0.000000,-52.750681,43.705944,26.310000,-6.233660,-7.819302,1.200000,0.000000,0.000000,-128.562354,-50.811183,-66.811183,30.000000,0.000000,0.000000,0.000000,0.000000,0.000000,0.000000,-1.939498,110.517127,-3.689839,110.595714,-6.233660,-7.819302,1.199830,10.071722,nan,nan,nan,0,nan,nan,nan,0,nan,nan,nan,nan,nan,nan,nan,nan,nan,nan,nan,nan,nan,nan,nan,nan,nan,nan,nan,nan,nan,nan,nan,nan,nan,nan,nan,nan,nan,nan,nan,nan,nan,nan,nan,nan,nan,nan,nan,nan,nan,nan,nan,nan,nan,nan,nan,nan,nan,nan,2.000000,110.534144,-85.207665,-70.409167,10.000000,0.000000,110.602567,-85.207665,-70.409167,-3.889839,10.000000,0.000000,10.071722,inf,0.000000,1.000000,0.000000,0.000000,0.000000,0.000000,0.000000,0.000000,0.000000,0.000000,0.000000,0.000000,9.000000,3.598135,10.977543,nan
18.540,APPROACH,110.206973,-2.248733,110.124222,-3.629847,-6.184699,-7.858085,1.199839,-50.811183,-66.811183,29.999847,0.000000,0.000000,0.000161,0.000000,0.000000,0.000000,-53.059916,43.313039,26.370000,-6.184699,-7.858085,1.200000,0.000000,0.000000,-128.204486,-50.811183,-66.811183,30.000000,0.000000,0.000000,0.000000,0.000000,0.000000,0.000000,-2.248733,110.124222,-3.629847,110.206973,-6.184699,-7.858085,1.199839,10.071723,nan,nan,nan,0,nan,nan,nan,0,nan,nan,nan,nan,nan,nan,nan,nan,nan,nan,nan,nan,nan,nan,nan,nan,nan,nan,nan,nan,nan,nan,nan,nan,nan,nan,nan,nan,nan,nan,nan,nan,nan,nan,nan,nan,nan,nan,nan,nan,nan,nan,nan,nan,nan,nan,nan,nan,nan,nan,2.000000,110.147180,-85.145774,-69.875592,10.000000,0.000000,110.213742,-85.145774,-69.875592,-3.829847,10.000000,0.000000,10.071723,inf,0.000000,1.000000,0.000000,0.000000,0.000000,0.000000,0.000000,0.000000,0.000000,0.000000,0.000000,0.000000,9.000000,3.193112,11.036354,nan
18.580,APPROACH,109.817187,-2.555507,109.729394,-3.569854,-6.135498,-7.896561,1.199847,-50.811183,-66.811183,29.999854,0.000000,0.000000,0.000153,0.000000,0.000000,0.000000,-53.366691,42.918211,26.430000,-6.135498,-7.896561,1.200000,0.000000,0.000000,-127.846618,-50.811183,-66.811183,30.000000,0.000000,0.000000,0.000000,0.000000,0.000000,0.000000,-2.555507,109.729394,-3.569854,109.817187,-6.135498,-7.896561,1.199847,10.071724,nan,nan,nan,0,nan,nan,nan,0,nan,nan,nan,nan,nan,nan,nan,nan,nan,nan,nan,nan,nan,nan,nan,nan,nan,nan,nan,nan,nan,nan,nan,nan,nan,nan,nan,nan,nan,nan,nan,nan,nan,nan,nan,nan,nan,nan,nan,nan,nan,nan,nan,nan,nan,nan,nan,nan,nan,nan,2.000000,109.759148,-85.080551,-69.342415,10.000000,0.000000,109.823870,-85.080551,-69.342415,-3.769854,10.000000,0.000000,10.071724,inf,0.000000,1.000000,0.000000,0.000000,0.000000,0.000000,0.000000,0.000000,0.000000,0.000000,0.000000,0.000000,9.000000,2.829759,11.089113,nan
18.640,APPROACH,109.426358,-2.859810,109.332658,-3.509862,-6.086057,-7.934728,1.199854,-50.811183,-66.811183,29.999862,0.000000,0.000000,0.000146,0.000000,0.000000,0.000000,-53.670993,42.521475,26.490000,-6.086057,-7.934728,1.200000,0.000000,0.000000,-127.488751,-50.811183,-66.811183,30.000000,0.000000,0.000000,0.000000,0.000000,0.000000,0.000000,-2.859810,109.332658,-3.509862,109.426358,-6.086057,-7.934728,1.199854,10.071725,nan,nan,nan,0,nan,nan,nan,0,nan,nan,nan,nan,nan,nan,nan,nan,nan,nan,nan,nan,nan,nan,nan,nan,nan,nan,nan,nan,nan,nan,nan,nan,nan,nan,nan,nan,nan,nan,nan,nan,nan,nan,nan,nan,nan,nan,nan,nan,nan,nan,nan,nan,nan,nan,nan,nan,nan,nan,2.000000,109.370054,-85.011999,-68.809655,10.000000,-0.000000,109.432955,-85.011999,-68.809655,-3.709862,10.000000,-0.000000,10.071725,inf,0.000000,1.000000,0.000000,0.000000,0.000000,0.000000,0.000000,0.000000,0.000000,0.000000,0.000000,0.000000,9.000000,2.526141,11.133199,nan
18.680,APPROACH,109.034490,-3.161629,108.934029,-3.449869,-6.036378,-7.972587,1.199862,-50.811183,-66.811183,29.999869,0.000000,0.000000,0.000138,0.000000,0.000000,0.000000,-53.972812,42.122846,26.550000,-6.036378,-7.972587,1.200000,0.000000,0.000000,-127.130883,-50.811183,-66.811183,30.000000,0.000000,0.000000,0.000000,0.000000,0.000000,0.000000,-3.161629,108.934029,-3.449869,109.034490,-6.036378,-7.972587,1.199862,10.071726,nan,nan,nan,0,nan,nan,nan,0,nan,nan,nan,nan,nan,nan,nan,nan,nan,nan,nan,nan,nan,nan,nan,nan,nan,nan,nan,nan,nan,nan,nan,nan,nan,nan,nan,nan,nan,nan,nan,nan,nan,nan,nan,nan,nan,nan,nan,nan,nan,nan,nan,nan,nan,nan,nan,nan,nan,nan,2.000000,108.979900,-84.940121,-68.277334,10.000000,-0.000000,109.041002,-84.940121,-68.277334,-3.649869,10.000000,-0.000000,10.071726,inf,0.000000,1.000000,0.000000,0.000000,0.000000,0.000000,0.000000,0.000000,0.000000,0.000000,0.000000,0.000000,9.000000,2.305988,11.165166,nan
18.740,APPROACH,108.641589,-3.460952,108.533522,-3.389875,-5.986464,-8.010134,1.199869,-50.811183,-66.811183,29.999875,0.000000,0.000000,0.000131,0.000000,0.000000,0.000000,-54.272136,41.722339,26.610000,-5.986464,-8.010134,1.200000,0.000000,0.000000,-126.773015,-50.811183,-66.811183,30.000000,0.000000,0.000000,0.000000,0.000000,0.000000,0.000000,-3.460952,108.533522,-3.389875,108.641589,-5.986464,-8.010134,1.199869,10.071727,nan,nan,nan,0,nan,nan,nan,0,nan,nan,nan,nan,nan,nan,nan,nan,nan,nan,nan,nan,nan,nan,nan,nan,nan,nan,nan,nan,nan,nan,nan,nan,nan,nan,nan,nan,nan,nan,nan,nan,nan,nan,nan,nan,nan,nan,nan,nan,nan,nan,nan,nan,nan,nan,nan,nan,nan,nan,2.000000,108.588690,-84.864919,-67.745473,10.000000,-0.000000,108.648013,-84.864919,-67.745473,-3.589875,10.000000,-0.000000,10.071727,inf,0.000000,1.000000,0.000000,0.000000,0.000000,0.000000,0.000000,0.000000,0.000000,0.000000,0.000000,0.000000,9.000000,2.194573,11.181344,nan
18.780,APPROACH,108.247657,-3.757768,108.131154,-3.329881,-5.936317,-8.047369,1.199875,-50.811183,-66.811183,29.999881,0.000000,0.000000,0.000125,0.000000,0.000000,0.000000,-54.568951,41.319970,26.670000,-5.936317,-8.047369,1.200000,0.000000,0.000000,-126.415148,-50.811183,-66.811183,30.000000,0.000000,0.000000,0.000000,0.000000,0.000000,0.000000,-3.757768,108.131154,-3.329881,108.247657,-5.936317,-8.047369,1.199875,10.071728,nan,nan,nan,0,nan,nan,nan,0,nan,nan,nan,nan,nan,nan,nan,nan,nan,nan,nan,nan,nan,nan,nan,nan,nan,nan,nan,nan,nan,nan,nan,nan,nan,nan,nan,nan,nan,nan,nan,nan,nan,nan,nan,nan,nan,nan,nan,nan,nan,nan,nan,nan,nan,nan,nan,nan,nan,nan,2.000000,108.196429,-84.786397,-67.214091,10.000000,0.000000,108.253994,-84.786397,-67.214091,-3.529881,10.000000,0.000000,10.071728,inf,0.000000,1.000000,0.000000,0.000000,0.000000,0.000000,0.000000,0.000000,0.000000,0.000000,0.000000,0.000000,9.000000,2.208421,11.179333,nan
18.840,APPROACH,107.852700,-4.052065,107.726939,-3.269887,-5.885938,-8.084290,1.199881,-50.811183,-66.811183,29.999887,0.000000,0.000000,0.000119,0.000000,0.000000,0.000000,-54.863248,40.915756,26.730000,-5.885938,-8.084290,1.200000,0.000000,0.000000,-126.057281,-50.811183,-66.811183,30.000000,0.000000,0.000000,0.000000,0.000000,0.000000,0.000000,-4.052065,107.726939,-3.269887,107.852700,-5.885938,-8.084290,1.199881,10.071729,nan,nan,nan,0,nan,nan,nan,0,nan,nan,nan,nan,nan,nan,nan,nan,nan,nan,nan,nan,nan,nan,nan,nan,nan,nan,nan,nan,nan,nan,nan,nan,nan,nan,nan,nan,nan,nan,nan,nan,nan,nan,nan,nan,nan,nan,nan,nan,nan,nan,nan,nan,nan,nan,nan,nan,nan,nan,2.000000,107.803120,-84.704557,-66.683211,10.000000,0.000000,107.858948,-84.704557,-66.683211,-3.469887,10.000000,0.000000,10.071729,inf,0.000000,1.000000,0.000000,0.000000,0.000000,0.000000,0.000000,0.000000,0.000000,0.000000,0.000000,0.000000,9.000000,2.345313,11.159456,nan
18.880,APPROACH,107.456720,-4.343832,107.320894,-3.209893,-5.835329,-8.120895,1.199887,-50.811183,-66.811183,29.999893,0.000000,0.000000,0.000113,0.000000,0.000000,0.000000,-55.155015,40.509711,26.790000,-5.835329,-8.120895,1.200000,0.000000,0.000000,-125.699413,-50.811183,-66.811183,30.000000,0.000000,0.000000,0.000000,0.000000,0.000000,0.000000,-4.343832,107.320894,-3.209893,107.456720,-5.835329,-8.120895,1.199887,10.071729,nan,nan,nan,0,nan,nan,nan,0,nan,nan,nan,nan,nan,nan,nan,nan,nan,nan,nan,nan,nan,nan,nan,nan,nan,nan,nan,nan,nan,nan,nan,nan,nan,nan,nan,nan,nan,nan,nan,nan,nan,nan,nan,nan,nan,nan,nan,nan,nan,nan,nan,nan,nan,nan,nan,nan,nan,nan,2.000000,107.408767,-84.619403,-66.152852,10.000000,-0.000000,107.462880,-84.619403,-66.152852,-3.409893,10.000000,-0.000000,10.071729,inf,0.000000,1.000000,0.000000,0.000000,0.000000,0.000000,0.000000,0.000000,0.000000,0.000000,0.000000,0.000000,9.000000,2.585776,11.124540,nan
18.940,APPROACH,107.059722,-4.633056,106.913035,-3.149898,-5.784493,-8.157184,1.199893,-50.811183,-66.811183,29.999898,0.000000,0.000000,0.000107,0.000000,0.000000,0.000000,-55.444239,40.101852,26.850000,-5.784493,-8.157184,1.200000,0.000000,0.000000,-125.341546,-50.811183,-66.811183,30.000000,0.000000,0.000000,0.000000,0.000000,0.000000,0.000000,-4.633056,106.913035,-3.149898,107.059722,-5.784493,-8.157184,1.199893,10.071730,nan,nan,nan,0,nan,nan,nan,0,nan,nan,nan,nan,nan,nan,nan,nan,nan,nan,nan,nan,nan,nan,nan,nan,nan,nan,nan,nan,nan,nan,nan,nan,nan,nan,nan,nan,nan,nan,nan,nan,nan,nan,nan,nan,nan,nan,nan,nan,nan,nan,nan,nan,nan,nan,nan,nan,nan,nan,2.000000,107.013374,-84.530938,-65.623035,10.000000,0.000000,107.065793,-84.530938,-65.623035,-3.349898,10.000000,0.000000,10.071730,inf,0.000000,1.000000,0.000000,0.000000,0.000000,0.000000,0.000000,0.000000,0.000000,0.000000,0.000000,0.000000,9.000000,2.904188,11.078306,nan
18.980,APPROACH,106.661711,-4.919728,106.503377,-3.089903,-5.733431,-8.193154,1.199898,-50.811183,-66.811183,29.999903,0.000000,0.000000,0.000102,0.000000,0.000000,0.000000,-55.730911,39.692194,26.910000,-5.733431,-8.193154,1.200000,0.000000,0.000000,-124.983678,-50.811183,-66.811183,30.000000,0.000000,0.000000,0.000000,0.000000,0.000000,0.000000,-4.919728,106.503377,-3.089903,106.661711,-5.733431,-8.193154,1.199898,10.071731,nan,nan,nan,0,nan,nan,nan,0,nan,nan,nan,nan,nan,nan,nan,nan,nan,nan,nan,nan,nan,nan,nan,nan,nan,nan,nan,nan,nan,nan,nan,nan,nan,nan,nan,nan,nan,nan,nan,nan,nan,nan,nan,nan,nan,nan,nan,nan,nan,nan,nan,nan,nan,nan,nan,nan,nan,nan,2.000000,106.616946,-84.439166,-65.093781,10.000000,-0.000000,106.667692,-84.439166,-65.093781,-3.289903,10.000000,-0.000000,10.071731,inf,0.000000,1.000000,0.000000,0.000000,0.000000,0.000000,0.000000,0.000000,0.000000,0.000000,0.000000,0.000000,9.000000,3.277901,11.024042,nan
19.040,APPROACH,106.262690,-5.203835,106.091937,-3.029908,-5.682145,-8.228805,1.199903,-50.811183,-66.811183,29.999908,0.000000,0.000000,0.000097,0.000000,0.000000,0.000000,-56.015018,39.280754,26.970000,-5.682145,-8.228805,1.200000,0.000000,0.000000,-124.625811,-50.811183,-66.811183,30.000000,0.000000,0.000000,0.000000,0.000000,0.000000,0.000000,-5.203835,106.091937,-3.029908,106.262690,-5.682145,-8.228805,1.199903,10.071731,nan,nan,nan,0,nan,nan,nan,0,nan,nan,nan,nan,nan,nan,nan,nan,nan,nan,nan,nan,nan,nan,nan,nan,nan,nan,nan,nan,nan,nan,nan,nan,nan,nan,nan,nan,nan,nan,nan,nan,nan,nan,nan,nan,nan,nan,nan,nan,nan,nan,nan,nan,nan,nan,nan,nan,nan,nan,2.000000,106.219485,-84.344090,-64.565111,10.000000,-0.000000,106.268581,-84.344090,-64.565111,-3.229908,10.000000,-0.000000,10.071731,inf,0.000000,1.000000,0.000000,0.000000,0.000000,0.000000,0.000000,0.000000,0.000000,0.000000,0.000000,0.000000,9.000000,3.690140,10.964184,nan
19.080,APPROACH,105.862664,-5.485367,105.678730,-2.969913,-5.630638,-8.264135,1.199908,-50.811183,-66.811183,29.999913,0.000000,0.000000,0.000092,0.000000,0.000000,0.000000,-56.296550,38.867547,27.030000,-5.630638,-8.264135,1.200000,0.000000,0.000000,-124.267944,-50.811183,-66.811183,30.000000,0.000000,0.000000,0.000000,0.000000,0.000000,0.000000,-5.485367,105.678730,-2.969913,105.862664,-5.630638,-8.264135,1.199908,10.071732,nan,nan,nan,0,nan,nan,nan,0,nan,nan,nan,nan,nan,nan,nan,nan,nan,nan,nan,nan,nan,nan,nan,nan,nan,nan,nan,nan,nan,nan,nan,nan,nan,nan,nan,nan,nan,nan,nan,nan,nan,nan,nan,nan,nan,nan,nan,nan,nan,nan,nan,nan,nan,nan,nan,nan,nan,nan,2.000000,105.820997,-84.245713,-64.037045,10.000000,0.000000,105.868464,-84.245713,-64.037045,-3.169913,10.000000,0.000000,10.071732,inf,0.000000,1.000000,0.000000,0.000000,0.000000,0.000000,0.000000,0.000000,0.000000,0.000000,0.000000,0.000000,9.000000,4.129369,10.900407,nan
19.140,APPROACH,105.461637,-5.764312,105.263773,-2.909917,-5.578911,-8.299142,1.199913,-50.811183,-66.811183,29.999917,0.000000,0.000000,0.000087,0.000000,0.000000,0.000000,-56.575496,38.452590,27.090000,-5.578911,-8.299142,1.200000,0.000000,0.000000,-123.910076,-50.811183,-66.811183,30.000000,0.000000,0.000000,0.000000,0.000000,0.000000,0.000000,-5.764312,105.263773,-2.909917,105.461637,-5.578911,-8.299142,1.199913,10.071732,nan,nan,nan,0,nan,nan,nan,0,nan,nan,nan,nan,nan,nan,nan,nan,nan,nan,nan,nan,nan,nan,nan,nan,nan,nan,nan,nan,nan,nan,nan,nan,nan,nan,nan,nan,nan,nan,nan,nan,nan,nan,nan,nan,nan,nan,nan,nan,nan,nan,nan,nan,nan,nan,nan,nan,nan,nan,2.000000,105.421484,-84.144040,-63.509604,10.000000,0.000000,105.467345,-84.144040,-63.509604,-3.109917,10.000000,0.000000,10.071732,inf,0.000000,1.000000,0.000000,0.000000,0.000000,0.000000,0.000000,0.000000,0.000000,0.000000,0.000000,0.000000,9.000000,4.587828,10.833838,nan
19.180,APPROACH,105.059613,-6.040661,104.847082,-2.849921,-5.526966,-8.333825,1.199917,-50.811183,-66.811183,29.999921,0.000000,0.000000,0.000083,0.000000,0.000000,0.000000,-56.851844,38.035899,27.150000,-5.526966,-8.333825,1.200000,0.000000,0.000000,-123.552209,-50.811183,-66.811183,30.000000,0.000000,0.000000,0.000000,0.000000,0.000000,0.000000,-6.040661,104.847082,-2.849921,105.059613,-5.526966,-8.333825,1.199917,10.071733,nan,nan,nan,0,nan,nan,nan,0,nan,nan,nan,nan,nan,nan,nan,nan,nan,nan,nan,nan,nan,nan,nan,nan,nan,nan,nan,nan,nan,nan,nan,nan,nan,nan,nan,nan,nan,nan,nan,nan,nan,nan,nan,nan,nan,nan,nan,nan,nan,nan,nan,nan,nan,nan,nan,nan,nan,nan,2.000000,105.020951,-84.039075,-62.982808,10.000000,0.000000,105.065228,-84.039075,-62.982808,-3.049921,10.000000,0.000000,10.071733,inf,0.000000,1.000000,0.000000,0.000000,0.000000,0.000000,0.000000,0.000000,0.000000,0.000000,0.000000,0.000000,9.000000,5.060278,10.765237,nan
19.240,APPROACH,104.656596,-6.314401,104.428673,-2.789925,-5.474806,-8.368184,1.199921,-50.811183,-66.811183,29.999925,0.000000,0.000000,0.000079,0.000000,0.000000,0.000000,-57.125584,37.617490,27.210000,-5.474806,-8.368184,1.200000,0.000000,0.000000,-123.194342,-50.811183,-66.811183,30.000000,0.000000,0.000000,0.000000,0.000000,0.000000,0.000000,-6.314401,104.428673,-2.789925,104.656596,-5.474806,-8.368184,1.199921,10.071733,nan,nan,nan,0,nan,nan,nan,0,nan,nan,nan,nan,nan,nan,nan,nan,nan,nan,nan,nan,nan,nan,nan,nan,nan,nan,nan,nan,nan,nan,nan,nan,nan,nan,nan,nan,nan,nan,nan,nan,nan,nan,nan,nan,nan,nan,nan,nan,nan,nan,nan,nan,nan,nan,nan,nan,nan,nan,2.000000,104.619403,-83.930821,-62.456678,10.000000,0.000000,104.662118,-83.930821,-62.456678,-2.989925,10.000000,0.000000,10.071733,inf,0.000000,1.000000,0.000000,0.000000,0.000000,0.000000,0.000000,0.000000,0.000000,0.000000,0.000000,0.000000,9.000000,5.543126,10.695127,nan
19.280,APPROACH,104.252590,-6.585523,104.008562,-2.729929,-5.422432,-8.402216,1.199925,-50.811183,-66.811183,29.999929,0.000000,0.000000,0.000075,0.000000,0.000000,0.000000,-57.396706,37.197379,27.270000,-5.422432,-8.402216,1.200000,0.000000,0.000000,-122.836475,-50.811183,-66.811183,30.000000,0.000000,0.000000,0.000000,0.000000,0.000000,0.000000,-6.585523,104.008562,-2.729929,104.252590,-5.422432,-8.402216,1.199925,10.071734,nan,nan,nan,0,nan,nan,nan,0,nan,nan,nan,nan,nan,nan,nan,nan,nan,nan,nan,nan,nan,nan,nan,nan,nan,nan,nan,nan,nan,nan,nan,nan,nan,nan,nan,nan,nan,nan,nan,nan,nan,nan,nan,nan,nan,nan,nan,nan,nan,nan,nan,nan,nan,nan,nan,nan,nan,nan,2.000000,104.216842,-83.819283,-61.931235,10.000000,0.000000,104.258019,-83.819283,-61.931235,-2.929929,10.000000,0.000000,10.071734,inf,0.000000,1.000000,0.000000,0.000000,0.000000,0.000000,0.000000,0.000000,0.000000,0.000000,0.000000,0.000000,8.000000,5.443989,9.697164,nan
19.340,APPROACH,103.847601,-6.854015,103.586766,-2.669932,-5.369847,-8.435920,1.199929,-50.811183,-66.811183,29.999932,0.000000,0.000000,0.000071,0.000000,0.000000,0.000000,-57.665198,36.775583,27.330000,-5.369847,-8.435920,1.200000,0.000000,0.000000,-122.478608,-50.811183,-66.811183,30.000000,0.000000,0.000000,0.000000,0.000000,0.000000,0.000000,-6.854015,103.586766,-2.669932,103.847601,-5.369847,-8.435920,1.199929,10.071734,nan,nan,nan,0,nan,nan,nan,0,nan,nan,nan,nan,nan,nan,nan,nan,nan,nan,nan,nan,nan,nan,nan,nan,nan,nan,nan,nan,nan,nan,nan,nan,nan,nan,nan,nan,nan,nan,nan,nan,nan,nan,nan,nan,nan,nan,nan,nan,nan,nan,nan,nan,nan,nan,nan,nan,nan,nan,2.000000,103.813273,-83.704466,-61.406498,10.000000,0.000000,103.852935,-83.704466,-61.406498,-2.869932,10.000000,0.000000,10.071734,inf,0.000000,1.000000,0.000000,0.000000,0.000000,0.000000,0.000000,0.000000,0.000000,0.000000,0.000000,0.000000,8.000000,4.963028,9.768093,nan
19.380,APPROACH,103.441631,-7.119868,103.163301,-2.609936,-5.317052,-8.469295,1.199932,-50.811183,-66.811183,29.999936,0.000000,0.000000,0.000068,0.000000,0.000000,0.000000,-57.931051,36.352118,27.390000,-5.317052,-8.469295,1.200000,0.000000,0.000000,-122.120740,-50.811183,-66.811183,30.000000,0.000000,0.000000,0.000000,0.000000,0.000000,0.000000,-7.119868,103.163301,-2.609936,103.441631,-5.317052,-8.469295,1.199932,10.071735,nan,nan,nan,0,nan,nan,nan,0,nan,nan,nan,nan,nan,nan,nan,nan,nan,nan,nan,nan,nan,nan,nan,nan,nan,nan,nan,nan,nan,nan,nan,nan,nan,nan,nan,nan,nan,nan,nan,nan,nan,nan,nan,nan,nan,nan,nan,nan,nan,nan,nan,nan,nan,nan,nan,nan,nan,nan,2.000000,103.408700,-83.586373,-60.882489,10.000000,0.000000,103.446870,-83.586373,-60.882489,-2.809936,10.000000,0.000000,10.071735,inf,0.000000,1.000000,0.000000,0.000000,0.000000,0.000000,0.000000,0.000000,0.000000,0.000000,0.000000,0.000000,8.000000,4.493095,9.837395,nan
19.440,APPROACH,103.034686,-7.383070,102.738184,-2.549939,-5.264050,-8.502340,1.199936,-50.811183,-66.811183,29.999939,0.000000,0.000000,0.000064,0.000000,0.000000,0.000000,-58.194253,35.927001,27.450000,-5.264050,-8.502340,1.200000,0.000000,0.000000,-121.762873,-50.811183,-66.811183,30.000000,0.000000,0.000000,0.000000,0.000000,0.000000,0.000000,-7.383070,102.738184,-2.549939,103.034686,-5.264050,-8.502340,1.199936,10.071735,nan,nan,nan,0,nan,nan,nan,0,nan,nan,nan,nan,nan,nan,nan,nan,nan,nan,nan,nan,nan,nan,nan,nan,nan,nan,nan,nan,nan,nan,nan,nan,nan,nan,nan,nan,nan,nan,nan,nan,nan,nan,nan,nan,nan,nan,nan,nan,nan,nan,nan,nan,nan,nan,nan,nan,nan,nan,2.000000,103.003127,-83.465010,-60.359228,10.000000,0.000000,103.039829,-83.465010,-60.359228,-2.749939,10.000000,0.000000,10.071735,inf,0.000000,1.000000,0.000000,0.000000,0.000000,0.000000,0.000000,0.000000,0.000000,0.000000,0.000000,0.000000,8.000000,4.038064,9.904499,nan
19.480,APPROACH,102.626769,-7.643612,102.311432,-2.489942,-5.210842,-8.535053,1.199939,-50.811183,-66.811183,29.999942,0.000000,0.000000,0.000061,0.000000,0.000000,0.000000,-58.454795,35.500249,27.510000,-5.210842,-8.535053,1.200000,0.000000,0.000000,-121.405006,-50.811183,-66.811183,30.000000,0.000000,0.000000,0.000000,0.000000,0.000000,0.000000,-7.643612,102.311432,-2.489942,102.626769,-5.210842,-8.535053,1.199939,10.071735,nan,nan,nan,0,nan,nan,nan,0,nan,nan,nan,nan,nan,nan,nan,nan,nan,nan,nan,nan,nan,nan,nan,nan,nan,nan,nan,nan,nan,nan,nan,nan,nan,nan,nan,nan,nan,nan,nan,nan,nan,nan,nan,nan,nan,nan,nan,nan,nan,nan,nan,nan,nan,nan,nan,nan,nan,nan,2.000000,102.596559,-83.340381,-59.836735,10.000000,0.000000,102.631816,-83.340381,-59.836735,-2.689942,10.000000,0.000000,10.071735,inf,0.000000,1.000000,0.000000,0.000000,0.000000,0.000000,0.000000,0.000000,0.000000,0.000000,0.000000,0.000000,8.000000,3.603605,9.968569,nan
19.540,APPROACH,102.217885,-7.901484,101.883060,-2.429945,-5.157431,-8.567433,1.199942,-50.811183,-66.811183,29.999945,0.000000,0.000000,0.000058,0.000000,0.000000,0.000000,-58.712667,35.071877,27.570000,-5.157431,-8.567433,1.200000,0.000000,0.000000,-121.047139,-50.811183,-66.811183,30.000000,0.000000,0.000000,0.000000,0.000000,0.000000,0.000000,-7.901484,101.883060,-2.429945,102.217885,-5.157431,-8.567433,1.199942,10.071736,nan,nan,nan,0,nan,nan,nan,0,nan,nan,nan,nan,nan,nan,nan,nan,nan,nan,nan,nan,nan,nan,nan,nan,nan,nan,nan,nan,nan,nan,nan,nan,nan,nan,nan,nan,nan,nan,nan,nan,nan,nan,nan,nan,nan,nan,nan,nan,nan,nan,nan,nan,nan,nan,nan,nan,nan,nan,2.000000,102.188998,-83.212490,-59.315030,10.000000,0.000000,102.222835,-83.212490,-59.315030,-2.629945,10.000000,0.000000,10.071736,inf,0.000000,1.000000,0.000000,0.000000,0.000000,0.000000,0.000000,0.000000,0.000000,0.000000,0.000000,0.000000,8.000000,3.198134,10.028365,nan
19.580,APPROACH,101.808038,-8.156675,101.453086,-2.369948,-5.103819,-8.599478,1.199945,-50.811183,-66.811183,29.999948,0.000000,0.000000,0.000055,0.000000,0.000000,0.000000,-58.967858,34.641903,27.630000,-5.103819,-8.599478,1.200000,0.000000,0.000000,-120.689272,-50.811183,-66.811183,30.000000,0.000000,0.000000,0.000000,0.000000,0.000000,0.000000,-8.156675,101.453086,-2.369948,101.808038,-5.103819,-8.599478,1.199945,10.071736,nan,nan,nan,0,nan,nan,nan,0,nan,nan,nan,nan,nan,nan,nan,nan,nan,nan,nan,nan,nan,nan,nan,nan,nan,nan,nan,nan,nan,nan,nan,nan,nan,nan,nan,nan,nan,nan,nan,nan,nan,nan,nan,nan,nan,nan,nan,nan,nan,nan,nan,nan,nan,nan,nan,nan,nan,nan,2.000000,101.780450,-83.081344,-58.794135,10.000000,0.000000,101.812890,-83.081344,-58.794135,-2.569948,10.000000,0.000000,10.071736,inf,0.000000,1.000000,0.000000,0.000000,0.000000,0.000000,0.000000,0.000000,0.000000,0.000000,0.000000,0.000000,8.000000,2.834138,10.082044,nan
19.640,APPROACH,101.397234,-8.409175,101.021527,-2.309950,-5.050008,-8.631189,1.199948,-50.811183,-66.811183,29.999950,0.000000,0.000000,0.000052,0.000000,0.000000,0.000000,-59.220358,34.210344,27.690000,-5.050008,-8.631189,1.200000,0.000000,0.000000,-120.331405,-50.811183,-66.811183,30.000000,0.000000,0.000000,0.000000,0.000000,0.000000,0.000000,-8.409175,101.021527,-2.309950,101.397234,-5.050008,-8.631189,1.199948,10.071736,nan,nan,nan,0,nan,nan,nan,0,nan,nan,nan,nan,nan,nan,nan,nan,nan,nan,nan,nan,nan,nan,nan,nan,nan,nan,nan,nan,nan,nan,nan,nan,nan,nan,nan,nan,nan,nan,nan,nan,nan,nan,nan,nan,nan,nan,nan,nan,nan,nan,nan,nan,nan,nan,nan,nan,nan,nan,2.000000,101.370918,-82.946947,-58.274069,10.000000,0.000000,101.401987,-82.946947,-58.274069,-2.509950,10.000000,0.000000,10.071736,inf,0.000000,1.000000,0.000000,0.000000,0.000000,0.000000,0.000000,0.000000,0.000000,0.000000,0.000000,0.000000,8.000000,2.529603,10.126955,nan
19.680,APPROACH,100.985475,-8.658975,100.588399,-2.249953,-4.996000,-8.662562,1.199950,-50.811183,-66.811183,29.999953,0.000000,0.000000,0.000050,0.000000,0.000000,0.000000,-59.470158,33.777215,27.750000,-4.996000,-8.662562,1.200000,0.000000,0.000000,-119.973538,-50.811183,-66.811183,30.000000,0.000000,0.000000,0.000000,0.000000,0.000000,0.000000,-8.658975,100.588399,-2.249953,100.985475,-4.996000,-8.662562,1.199950,10.071737,nan,nan,nan,0,nan,nan,nan,0,nan,nan,nan,nan,nan,nan,nan,nan,nan,nan,nan,nan,nan,nan,nan,nan,nan,nan,nan,nan,nan,nan,nan,nan,nan,nan,nan,nan,nan,nan,nan,nan,nan,nan,nan,nan,nan,nan,nan,nan,nan,nan,nan,nan,nan,nan,nan,nan,nan,nan,2.000000,100.960407,-82.809304,-57.754852,10.000000,0.000000,100.990129,-82.809304,-57.754852,-2.449953,10.000000,0.000000,10.071737,inf,0.000000,1.000000,0.000000,0.000000,0.000000,0.000000,0.000000,0.000000,0.000000,0.000000,0.000000,0.000000,8.000000,2.308199,10.159605,nan
19.740,APPROACH,100.572766,-8.906065,100.153719,-2.189955,-4.941797,-8.693598,1.199953,-50.811183,-66.811183,29.999955,0.000000,0.000000,0.000047,0.000000,0.000000,0.000000,-59.717248,33.342536,27.810000,-4.941797,-8.693598,1.200000,0.000000,0.000000,-119.615671,-50.811183,-66.811183,30.000000,0.000000,0.000000,0.000000,0.000000,0.000000,0.000000,-8.906065,100.153719,-2.189955,100.572766,-4.941797,-8.693598,1.199953,10.071737,nan,nan,nan,0,nan,nan,nan,0,nan,nan,nan,nan,nan,nan,nan,nan,nan,nan,nan,nan,nan,nan,nan,nan,nan,nan,nan,nan,nan,nan,nan,nan,nan,nan,nan,nan,nan,nan,nan,nan,nan,nan,nan,nan,nan,nan,nan,nan,nan,nan,nan,nan,nan,nan,nan,nan,nan,nan,2.000000,100.548920,-82.668421,-57.236506,10.000000,0.000000,100.577320,-82.668421,-57.236506,-2.389955,10.000000,0.000000,10.071737,inf,0.000000,1.000000,0.000000,0.000000,0.000000,0.000000,0.000000,0.000000,0.000000,0.000000,0.000000,0.000000,8.000000,2.195235,10.176264,nan
19.780,APPROACH,100.159112,-9.150435,99.717504,-2.129957,-4.887401,-8.724294,1.199955,-50.811183,-66.811183,29.999957,0.000000,0.000000,0.000045,0.000000,0.000000,0.000000,-59.961618,32.906321,27.870000,-4.887401,-8.724294,1.200000,0.000000,0.000000,-119.257804,-50.811183,-66.811183,30.000000,0.000000,0.000000,0.000000,0.000000,0.000000,0.000000,-9.150435,99.717504,-2.129957,100.159112,-4.887401,-8.724294,1.199955,10.071737,nan,nan,nan,0,nan,nan,nan,0,nan,nan,nan,nan,nan,nan,nan,nan,nan,nan,nan,nan,nan,nan,nan,nan,nan,nan,nan,nan,nan,nan,nan,nan,nan,nan,nan,nan,nan,nan,nan,nan,nan,nan,nan,nan,nan,nan,nan,nan,nan,nan,nan,nan,nan,nan,nan,nan,nan,nan,2.000000,100.136462,-82.524303,-56.719049,10.000000,0.000000,100.163565,-82.524303,-56.719049,-2.329957,10.000000,0.000000,10.071737,inf,0.000000,1.000000,0.000000,0.000000,0.000000,0.000000,0.000000,0.000000,0.000000,0.000000,0.000000,0.000000,8.000000,2.207426,10.174467,nan
19.840,APPROACH,99.744518,-9.392076,99.279771,-2.069960,-4.832814,-8.754651,1.199957,-50.811183,-66.811183,29.999960,0.000000,0.000000,0.000043,0.000000,0.000000,0.000000,-60.203259,32.468588,27.930000,-4.832814,-8.754651,1.200000,0.000000,0.000000,-118.899937,-50.811183,-66.811183,30.000000,0.000000,0.000000,0.000000,0.000000,0.000000,0.000000,-9.392076,99.279771,-2.069960,99.744518,-4.832814,-8.754651,1.199957,10.071738,nan,nan,nan,0,nan,nan,nan,0,nan,nan,nan,nan,nan,nan,nan,nan,nan,nan,nan,nan,nan,nan,nan,nan,nan,nan,nan,nan,nan,nan,nan,nan,nan,nan,nan,nan,nan,nan,nan,nan,nan,nan,nan,nan,nan,nan,nan,nan,nan,nan,nan,nan,nan,nan,nan,nan,nan,nan,2.000000,99.723037,-82.376955,-56.202503,10.000000,0.000000,99.748869,-82.376955,-56.202503,-2.269960,10.000000,0.000000,10.071738,inf,0.000000,1.000000,0.000000,0.000000,0.000000,0.000000,0.000000,0.000000,0.000000,0.000000,0.000000,0.000000,8.000000,2.342819,10.154500,nan
19.880,APPROACH,99.328987,-9.630978,98.840538,-2.009962,-4.778039,-8.784665,1.199960,-50.811183,-66.811183,29.999962,0.000000,0.000000,0.000040,0.000000,0.000000,0.000000,-60.442161,32.029355,27.990000,-4.778039,-8.784665,1.200000,0.000000,0.000000,-118.542070,-50.811183,-66.811183,30.000000,0.000000,0.000000,0.000000,0.000000,0.000000,0.000000,-9.630978,98.840538,-2.009962,99.328987,-4.778039,-8.784665,1.199960,10.071738,nan,nan,nan,0,nan,nan,nan,0,nan,nan,nan,nan,nan,nan,nan,nan,nan,nan,nan,nan,nan,nan,nan,nan,nan,nan,nan,nan,nan,nan,nan,nan,nan,nan,nan,nan,nan,nan,nan,nan,nan,nan,nan,nan,nan,nan,nan,nan,nan,nan,nan,nan,nan,nan,nan,nan,nan,nan,2.000000,99.308649,-82.226385,-55.686887,10.000000,0.000000,99.333235,-82.226385,-55.686887,-2.209962,10.000000,0.000000,10.071738,inf,0.000000,1.000000,0.000000,0.000000,0.000000,0.000000,0.000000,0.000000,0.000000,0.000000,0.000000,0.000000,8.000000,2.582101,10.119213,nan
19.940,APPROACH,98.912524,-9.867131,98.399821,-1.949964,-4.723078,-8.814337,1.199962,-50.811183,-66.811183,29.999964,0.000000,0.000000,0.000038,0.000000,0.000000,0.000000,-60.678315,31.588638,28.050000,-4.723078,-8.814337,1.200000,0.000000,0.000000,-118.184203,-50.811183,-66.811183,30.000000,0.000000,0.000000,0.000000,0.000000,0.000000,0.000000,-9.867131,98.399821,-1.949964,98.912524,-4.723078,-8.814337,1.199962,10.071738,nan,nan,nan,0,nan,nan,nan,0,nan,nan,nan,nan,nan,nan,nan,nan,nan,nan,nan,nan,nan,nan,nan,nan,nan,nan,nan,nan,nan,nan,nan,nan,nan,nan,nan,nan,nan,nan,nan,nan,nan,nan,nan,nan,nan,nan,nan,nan,nan,nan,nan,nan,nan,nan,nan,nan,nan,nan,2.000000,98.893302,-82.072596,-55.172222,10.000000,-0.000000,98.916669,-82.072596,-55.172222,-2.149964,10.000000,-0.000000,10.071738,inf,0.000000,1.000000,0.000000,0.000000,0.000000,0.000000,0.000000,0.000000,0.000000,0.000000,0.000000,0.000000,8.000000,2.899658,10.072382,nan
19.980,APPROACH,98.495134,-10.100528,97.957638,-1.889965,-4.667932,-8.843665,1.199964,-50.811183,-66.811183,29.999965,0.000000,0.000000,0.000036,0.000000,0.000000,0.000000,-60.911711,31.146455,28.110000,-4.667932,-8.843665,1.200000,0.000000,0.000000,-117.826336,-50.811183,-66.811183,30.000000,0.000000,0.000000,0.000000,0.000000,0.000000,0.000000,-10.100528,97.957638,-1.889965,98.495134,-4.667932,-8.843665,1.199964,10.071738,nan,nan,nan,0,nan,nan,nan,0,nan,nan,nan,nan,nan,nan,nan,nan,nan,nan,nan,nan,nan,nan,nan,nan,nan,nan,nan,nan,nan,nan,nan,nan,nan,nan,nan,nan,nan,nan,nan,nan,nan,nan,nan,nan,nan,nan,nan,nan,nan,nan,nan,nan,nan,nan,nan,nan,nan,nan,2.000000,98.477000,-81.915596,-54.658527,10.000000,0.000000,98.499175,-81.915596,-54.658527,-2.089965,10.000000,0.000000,10.071738,inf,0.000000,1.000000,0.000000,0.000000,0.000000,0.000000,0.000000,0.000000,0.000000,0.000000,0.000000,0.000000,8.000000,3.272774,10.017358,nan
20.040,APPROACH,98.076822,-10.331158,97.514006,-1.829967,-4.612604,-8.872648,1.199965,-50.811183,-66.811183,29.999967,0.000000,0.000000,0.000035,0.000000,0.000000,0.000000,-61.142341,30.702823,28.170000,-4.612604,-8.872648,1.200000,0.000000,0.000000,-117.468469,-96.652333,-44.106905,27.570000,0.050000,0.050000,-0.050000,0.000000,0.000000,0.000000,-10.331158,97.514006,-1.829967,98.076822,-4.612604,-8.872648,1.199965,10.071739,nan,nan,nan,0,nan,nan,nan,0,nan,nan,nan,nan,nan,nan,nan,nan,nan,nan,nan,nan,nan,nan,nan,nan,nan,nan,nan,nan,nan,nan,nan,nan,nan,nan,nan,nan,nan,nan,nan,nan,nan,nan,nan,nan,nan,nan,nan,nan,nan,nan,nan,nan,nan,nan,nan,nan,nan,nan,2.000000,98.059748,-81.755391,-54.145823,10.000000,0.000000,98.080757,-81.755391,-54.145823,-2.029967,10.000000,0.000000,10.071739,inf,0.000000,1.000000,0.000000,0.000000,0.000000,0.000000,0.000000,0.000000,0.000000,0.000000,0.000000,0.000000,8.000000,3.684597,9.956625,nan
20.080,APPROACH,97.650589,-10.552763,97.062691,-1.763719,-4.432096,-9.026285,1.324965,-50.817433,-66.804933,29.993719,-0.125000,0.125000,-0.124965,0.000000,0.000000,135.000000,-61.370196,30.257758,28.230000,-4.557096,-8.901285,1.200000,0.000000,0.000000,-117.110602,-96.336537,-44.624434,27.630000,0.150000,0.150000,-0.150000,0.000000,0.000000,0.000000,-10.552763,97.062691,-1.763719,97.650589,-4.432096,-9.026285,1.324965,10.142624,nan,nan,nan,0,nan,nan,nan,0,nan,nan,nan,nan,nan,nan,nan,nan,nan,nan,nan,nan,nan,nan,nan,nan,nan,nan,nan,nan,nan,nan,nan,nan,nan,nan,nan,nan,nan,nan,nan,nan,nan,nan,nan,nan,nan,nan,nan,nan,nan,nan,nan,nan,nan,nan,nan,nan,nan,nan,2.000000,97.634660,-81.589271,-53.625718,10.054302,0.168230,97.654406,-81.589271,-53.625718,-1.963719,10.000000,0.000000,10.142624,inf,0.000000,1.000000,0.000000,0.000000,0.000000,0.000000,0.000000,0.000000,0.000000,0.000000,0.000000,0.000000,8.000000,4.123532,9.891895,nan
20.140,APPROACH,97.216408,-10.765334,96.603713,-1.691221,-4.251411,-9.179575,1.449965,-50.829933,-66.792433,29.981221,-0.250000,0.250000,-0.249965,0.000000,0.000000,135.000000,-61.595267,29.811280,28.290000,-4.501411,-8.929575,1.200000,0.000000,0.000000,-116.752736,-96.015710,-45.134095,27.690000,0.300000,0.300000,-0.300000,0.000000,0.000000,0.000000,-10.765334,96.603713,-1.691221,97.216408,-4.251411,-9.179575,1.449965,10.219662,nan,nan,nan,0,nan,nan,nan,0,nan,nan,nan,nan,nan,nan,nan,nan,nan,nan,nan,nan,nan,nan,nan,nan,nan,nan,nan,nan,nan,nan,nan,nan,nan,nan,nan,nan,nan,nan,nan,nan,nan,nan,nan,nan,nan,nan,nan,nan,nan,nan,nan,nan,nan,nan,nan,nan,nan,nan,2.000000,97.201696,-81.417086,-53.098284,10.110704,0.335775,97.220093,-81.417086,-53.098284,-1.891221,10.000000,0.000000,10.219662,inf,0.000000,1.000000,0.000000,0.000000,0.000000,0.000000,0.000000,0.000000,0.000000,0.000000,0.000000,0.000000,8.000000,4.589449,9.823185,nan
20.180,APPROACH,96.774250,-10.968861,96.137087,-1.612472,-4.070550,-9.332516,1.574965,-50.848683,-66.773683,29.962472,-0.375000,0.375000,-0.374965,0.000000,0.000000,135.000000,-61.817544,29.363404,28.350000,-4.445550,-8.957516,1.200000,0.000000,0.000000,-116.394869,-95.689905,-45.635693,27.750000,0.400000,0.400000,-0.400000,0.000000,0.000000,0.000000,-10.968861,96.137087,-1.612472,96.774250,-4.070550,-9.332516,1.574965,10.302705,nan,nan,nan,0,nan,nan,nan,0,nan,nan,nan,nan,nan,nan,nan,nan,nan,nan,nan,nan,nan,nan,nan,nan,nan,nan,nan,nan,nan,nan,nan,nan,nan,nan,nan,nan,nan,nan,nan,nan,nan,nan,nan,nan,nan,nan,nan,nan,nan,nan,nan,nan,nan,nan,nan,nan,nan,nan,2.000000,96.760815,-81.238686,-52.563593,10.169199,0.502615,96.777789,-81.238686,-52.563593,-1.812472,10.000000,0.000000,10.302705,inf,0.000000,1.000000,0.000000,0.000000,0.000000,0.000000,0.000000,0.000000,0.000000,0.000000,0.000000,0.000000,8.000000,5.077684,9.751184,nan
20.240,APPROACH,96.324092,-11.163337,95.662832,-1.527474,-3.889515,-9.485108,1.699965,-50.873683,-66.748683,29.937474,-0.500000,0.500000,-0.499965,0.000000,0.000000,135.000000,-62.037020,28.914148,28.410000,-4.389515,-8.985108,1.200000,0.000000,0.000000,-116.037002,-95.359179,-46.129036,27.810000,0.550000,0.550000,-0.550000,0.000000,0.000000,0.000000,-11.163337,95.662832,-1.527474,96.324092,-3.889515,-9.485108,1.699965,10.391606,nan,nan,nan,0,nan,nan,nan,0,nan,nan,nan,nan,nan,nan,nan,nan,nan,nan,nan,nan,nan,nan,nan,nan,nan,nan,nan,nan,nan,nan,nan,nan,nan,nan,nan,nan,nan,nan,nan,nan,nan,nan,nan,nan,nan,nan,nan,nan,nan,nan,nan,nan,nan,nan,nan,nan,nan,nan,2.000000,96.311980,-81.053920,-52.021722,10.229780,0.668731,96.327471,-81.053920,-52.021722,-1.727474,10.000000,-0.000000,10.391606,inf,0.000000,1.000000,0.000000,0.000000,0.000000,0.000000,0.000000,0.000000,0.000000,0.000000,0.000000,0.000000,8.000000,5.584934,9.676379,nan
20.280,APPROACH,95.865911,-11.348752,95.180964,-1.436226,-3.708309,-9.637349,1.824965,-50.904933,-66.717433,29.906226,-0.625000,0.625000,-0.624965,0.000000,0.000000,135.000000,-62.253685,28.463531,28.470000,-4.333309,-9.012349,1.200000,0.000000,0.000000,-115.679135,-95.023594,-46.613928,27.870000,0.650000,0.650000,-0.650000,0.000000,0.000000,0.000000,-11.348752,95.180964,-1.436226,95.865911,-3.708309,-9.637349,1.824965,10.486208,nan,nan,nan,0,nan,nan,nan,0,nan,nan,nan,nan,nan,nan,nan,nan,nan,nan,nan,nan,nan,nan,nan,nan,nan,nan,nan,nan,nan,nan,nan,nan,nan,nan,nan,nan,nan,nan,nan,nan,nan,nan,nan,nan,nan,nan,nan,nan,nan,nan,nan,nan,nan,nan,nan,nan,nan,nan,2.000000,95.855152,-80.862640,-51.472746,10.292440,0.834104,95.869116,-80.862640,-51.472746,-1.636226,10.000000,0.000000,10.486208,inf,0.000000,1.000000,0.000000,0.000000,0.000000,0.000000,0.000000,0.000000,0.000000,0.000000,0.000000,0.000000,7.000000,5.370517,8.716977,nan
20.340,APPROACH,95.399689,-11.525099,94.691502,-1.338727,-3.526934,-9.789239,1.949965,-50.942433,-66.679933,29.868727,-0.750000,0.750000,-0.749965,0.000000,0.000000,135.000000,-62.467532,28.011569,28.530000,-4.276934,-9.039239,1.200000,0.000000,0.000000,-115.321268,-94.683216,-47.090180,27.930000,0.777828,0.800000,-0.800000,0.000000,0.000000,0.000000,-11.525099,94.691502,-1.338727,95.399689,-3.526934,-9.789239,1.949965,10.586351,nan,nan,nan,0,nan,nan,nan,0,nan,nan,nan,nan,nan,nan,nan,nan,nan,nan,nan,nan,nan,nan,nan,nan,nan,nan,nan,nan,nan,nan,nan,nan,nan,nan,nan,nan,nan,nan,nan,nan,nan,nan,nan,nan,nan,nan,nan,nan,nan,nan,nan,nan,nan,nan,nan,nan,nan,nan,2.000000,95.390296,-80.664698,-50.916745,10.357173,0.998713,95.402705,-80.664698,-50.916745,-1.538727,10.000000,0.000000,10.586351,inf,0.000000,1.000000,0.000000,0.000000,0.000000,0.000000,0.000000,0.000000,0.000000,0.000000,0.000000,0.000000,7.000000,4.852076,8.797006,nan
20.380,APPROACH,94.925426,-11.692369,94.194463,-1.236179,-3.345393,-9.940776,2.050965,-50.986183,-66.636183,29.824979,-0.875000,0.875000,-0.874965,0.000000,0.000000,135.000000,-62.678552,27.558280,28.588800,-4.220393,-9.065776,1.176000,0.000000,0.000000,-114.963401,-94.338115,-47.557598,27.988800,0.877828,0.900000,-0.900000,0.000000,0.000000,0.000000,-11.692369,94.194463,-1.236179,94.925426,-3.345393,-9.940776,2.050965,10.687241,nan,nan,nan,0,nan,nan,nan,0,nan,nan,nan,nan,nan,nan,nan,nan,nan,nan,nan,nan,nan,nan,nan,nan,nan,nan,nan,nan,nan,nan,nan,nan,nan,nan,nan,nan,nan,nan,nan,nan,nan,nan,nan,nan,nan,nan,nan,nan,nan,nan,nan,nan,nan,nan,nan,nan,nan,nan,2.000000,94.917377,-80.459948,-50.353800,10.423971,1.162540,94.928242,-80.459948,-50.353800,-1.436179,10.000000,0.000000,10.687241,inf,0.000000,1.000000,0.000000,0.000000,0.000000,0.000000,0.000000,0.000000,0.000000,0.000000,0.000000,0.000000,7.000000,4.339978,8.874618,nan
20.440,APPROACH,94.443119,-11.850553,93.689865,-1.129733,-3.163686,-10.091959,2.128925,-51.036183,-66.586183,29.774981,-1.000000,1.000000,-0.999965,0.000000,0.000000,135.000000,-62.886736,27.103682,28.645248,-4.163686,-9.091959,1.128960,0.000000,0.000000,-114.605535,-93.988367,-48.015992,28.045248,1.027828,1.050000,-1.050000,0.000000,0.000000,0.000000,-11.850553,93.689865,-1.129733,94.443119,-3.163686,-10.091959,2.128925,10.788367,nan,nan,nan,0,nan,nan,nan,0,nan,nan,nan,nan,nan,nan,nan,nan,nan,nan,nan,nan,nan,nan,nan,nan,nan,nan,nan,nan,nan,nan,nan,nan,nan,nan,nan,nan,nan,nan,nan,nan,nan,nan,nan,nan,nan,nan,nan,nan,nan,nan,nan,nan,nan,nan,nan,nan,nan,nan,2.000000,94.436362,-80.248242,-49.783994,10.492827,1.325565,94.445724,-80.248242,-49.783994,-1.329733,10.000000,0.000000,10.788367,inf,0.000000,1.000000,0.000000,0.000000,0.000000,0.000000,0.000000,0.000000,0.000000,0.000000,0.000000,0.000000,7.000000,3.840770,8.948888,nan
20.480,APPROACH,93.952749,-11.999644,93.177726,-1.019295,-2.981817,-10.242788,2.208767,-51.092433,-66.529933,29.718733,-1.125000,1.125000,-1.124965,0.000000,0.000000,135.000000,-63.092077,26.647793,28.699438,-4.106817,-9.117788,1.083802,0.000000,0.000000,-114.247668,-93.634051,-48.465172,28.099438,1.127828,1.150000,-1.150000,0.000000,0.000000,0.000000,-11.999644,93.177726,-1.019295,93.952749,-2.981817,-10.242788,2.208767,10.894245,nan,nan,nan,0,nan,nan,nan,0,nan,nan,nan,nan,nan,nan,nan,nan,nan,nan,nan,nan,nan,nan,nan,nan,nan,nan,nan,nan,nan,nan,nan,nan,nan,nan,nan,nan,nan,nan,nan,nan,nan,nan,nan,nan,nan,nan,nan,nan,nan,nan,nan,nan,nan,nan,nan,nan,nan,nan,2.000000,93.947220,-80.029437,-49.207411,10.563734,1.487768,93.955132,-80.029437,-49.207411,-1.219295,10.000000,0.000000,10.894245,inf,0.000000,1.000000,0.000000,0.000000,0.000000,0.000000,0.000000,0.000000,0.000000,0.000000,0.000000,0.000000,7.000000,3.364842,9.018307,nan
20.540,APPROACH,93.454299,-12.139633,92.658063,-0.904774,-2.799788,-10.393261,2.290415,-51.154933,-66.467433,29.656234,-1.250000,1.250000,-1.249965,0.000000,0.000000,135.000000,-63.294566,26.190630,28.751461,-4.049788,-9.143261,1.040450,0.000000,0.000000,-113.889801,-93.275250,-48.904949,28.151461,1.277828,1.300000,-1.201717,0.000000,0.000000,0.000000,-12.139633,92.658063,-0.904774,93.454299,-2.799788,-10.393261,2.290415,11.004757,nan,nan,nan,0,nan,nan,nan,0,nan,nan,nan,nan,nan,nan,nan,nan,nan,nan,nan,nan,nan,nan,nan,nan,nan,nan,nan,nan,nan,nan,nan,nan,nan,nan,nan,nan,nan,nan,nan,nan,nan,nan,nan,nan,nan,nan,nan,nan,nan,nan,nan,nan,nan,nan,nan,nan,nan,nan,2.000000,93.449919,-79.803387,-48.624138,10.636684,1.649131,93.456449,-79.803387,-48.624138,-1.104774,10.000000,0.000000,11.004757,inf,0.000000,1.000000,0.000000,0.000000,0.000000,0.000000,0.000000,0.000000,0.000000,0.000000,0.000000,0.000000,7.000000,2.928996,9.080383,nan
20.580,APPROACH,92.947755,-12.270513,92.130894,-0.786084,-2.617601,-10.543377,2.373797,-51.223683,-66.398683,29.587486,-1.375000,1.375000,-1.374965,0.000000,0.000000,135.000000,-63.494196,25.732211,28.801402,-3.992601,-9.168377,0.998832,0.000000,0.000000,-113.531934,-92.912053,-49.335135,28.201402,1.377828,1.400000,-1.151717,0.000000,0.000000,0.000000,-12.270513,92.130894,-0.786084,92.947755,-2.617601,-10.543377,2.373797,11.119782,nan,nan,nan,0,nan,nan,nan,0,nan,nan,nan,nan,nan,nan,nan,nan,nan,nan,nan,nan,nan,nan,nan,nan,nan,nan,nan,nan,nan,nan,nan,nan,nan,nan,nan,nan,nan,nan,nan,nan,nan,nan,nan,nan,nan,nan,nan,nan,nan,nan,nan,nan,nan,nan,nan,nan,nan,nan,2.000000,92.944431,-79.569949,-48.034263,10.711669,1.809635,92.949661,-79.569949,-48.034263,-0.986084,10.000000,0.000000,11.119782,inf,0.000000,1.000000,0.000000,0.000000,0.000000,0.000000,0.000000,0.000000,0.000000,0.000000,0.000000,0.000000,7.000000,2.560117,9.131034,nan
20.640,APPROACH,92.433105,-12.392276,91.596237,-0.663142,-2.435259,-10.693135,2.458844,-51.298683,-66.323683,29.512488,-1.500000,1.500000,-1.499965,0.000000,0.000000,135.000000,-63.690959,25.272554,28.849346,-3.935259,-9.193135,0.958878,0.000000,0.000000,-113.174068,-92.544550,-49.755543,28.249346,1.527828,1.550000,-1.091096,0.000000,0.000000,0.000000,-12.392276,91.596237,-0.663142,92.433105,-2.435259,-10.693135,2.458844,11.239197,nan,nan,nan,0,nan,nan,nan,0,nan,nan,nan,nan,nan,nan,nan,nan,nan,nan,nan,nan,nan,nan,nan,nan,nan,nan,nan,nan,nan,nan,nan,nan,nan,nan,nan,nan,nan,nan,nan,nan,nan,nan,nan,nan,nan,nan,nan,nan,nan,nan,nan,nan,nan,nan,nan,nan,nan,nan,2.000000,92.430727,-79.328981,-47.437876,10.788682,1.969259,92.434757,-79.328981,-47.437876,-0.863142,10.000000,0.000000,11.239197,inf,0.000000,1.000000,0.000000,0.000000,0.000000,0.000000,0.000000,0.000000,0.000000,0.000000,0.000000,0.000000,7.000000,2.297880,9.164056,nan
20.680,APPROACH,91.910343,-12.504914,91.054111,-0.535867,-2.252762,-10.842535,2.545489,-51.379933,-66.242433,29.431240,-1.625000,1.625000,-1.624965,0.000000,0.000000,135.000000,-63.884848,24.811678,28.895372,-3.877762,-9.217535,0.920523,0.000000,0.000000,-112.816201,-92.172840,-50.165988,28.295372,1.627828,1.650000,-1.027341,0.000000,0.000000,0.000000,-12.504914,91.054111,-0.535867,91.910343,-2.252762,-10.842535,2.545489,11.362879,nan,nan,nan,0,nan,nan,nan,0,nan,nan,nan,nan,nan,nan,nan,nan,nan,nan,nan,nan,nan,nan,nan,nan,nan,nan,nan,nan,nan,nan,nan,nan,nan,nan,nan,nan,nan,nan,nan,nan,nan,nan,nan,nan,nan,nan,nan,nan,nan,nan,nan,nan,nan,nan,nan,nan,nan,nan,2.000000,91.908781,-79.080340,-46.835070,10.867713,2.127986,91.911726,-79.080340,-46.835070,-0.735867,10.000000,0.000000,11.362879,inf,0.000000,1.000000,0.000000,0.000000,0.000000,0.000000,0.000000,0.000000,0.000000,0.000000,0.000000,0.000000,7.000000,2.188646,9.171856,nan
20.740,APPROACH,91.379461,-12.608420,90.504532,-0.404184,-2.070115,-10.991576,2.633668,-51.467433,-66.154933,29.343741,-1.750000,1.750000,-1.749965,0.000000,0.000000,135.000000,-64.075853,24.349599,28.939557,-3.820115,-9.241576,0.883702,0.000000,0.000000,-112.458334,-91.797022,-50.566286,28.339557,1.777828,1.800000,-0.959235,0.000000,0.000000,0.000000,-12.608420,90.504532,-0.404184,91.379461,-2.070115,-10.991576,2.633668,11.490706,nan,nan,nan,0,nan,nan,nan,0,nan,nan,nan,nan,nan,nan,nan,nan,nan,nan,nan,nan,nan,nan,nan,nan,nan,nan,nan,nan,nan,nan,nan,nan,nan,nan,nan,nan,nan,nan,nan,nan,nan,nan,nan,nan,nan,nan,nan,nan,nan,nan,nan,nan,nan,nan,nan,nan,nan,nan,2.000000,91.378567,-78.823888,-46.225937,10.948756,2.285796,91.380565,-78.823888,-46.225937,-0.604184,10.000000,0.000000,11.490706,inf,0.000000,1.000000,0.000000,0.000000,0.000000,0.000000,0.000000,0.000000,0.000000,0.000000,0.000000,0.000000,7.000000,2.262162,9.159960,nan
20.780,APPROACH,90.840458,-12.702786,89.947519,-0.268018,-1.887318,-11.140256,2.723319,-51.561183,-66.061183,29.249993,-1.875000,1.875000,-1.874965,0.000000,0.000000,135.000000,-64.263969,23.886336,28.981975,-3.762318,-9.265256,0.848354,0.000000,0.000000,-112.100468,-91.417202,-50.956254,28.381975,1.877828,1.900000,-0.884359,0.000000,0.000000,0.000000,-12.702786,89.947519,-0.268018,90.840458,-1.887318,-11.140256,2.723319,11.622553,nan,nan,nan,0,nan,nan,nan,0,nan,nan,nan,nan,nan,nan,nan,nan,nan,nan,nan,nan,nan,nan,nan,nan,nan,nan,nan,nan,nan,nan,nan,nan,nan,nan,nan,nan,nan,nan,nan,nan,nan,nan,nan,nan,nan,nan,nan,nan,nan,nan,nan,nan,nan,nan,nan,nan,nan,nan,2.000000,90.840063,-78.559483,-45.610575,11.031801,2.442670,90.841268,-78.559483,-45.610575,-0.468018,10.000000,0.000000,11.622553,inf,0.000000,1.000000,0.000000,0.000000,0.000000,0.000000,0.000000,0.000000,0.000000,0.000000,0.000000,0.000000,7.000000,2.509130,9.122836,nan
20.840,APPROACH,90.293352,-12.788005,89.383090,-0.139799,-1.704375,-11.288574,2.564385,-51.661183,-65.961183,29.162495,-2.000000,2.000000,-1.749965,0.000000,0.000000,135.000000,-64.449188,23.421907,29.022696,-3.704375,-9.288574,0.814420,0.000000,0.000000,-111.742601,-91.033489,-51.335711,28.422696,2.027828,1.950000,-0.756125,0.000000,0.000000,0.000000,-12.788005,89.383090,-0.139799,90.293352,-1.704375,-11.288574,2.564385,11.700977,nan,nan,nan,0,nan,nan,nan,0,nan,nan,nan,nan,nan,nan,nan,nan,nan,nan,nan,nan,nan,nan,nan,nan,nan,nan,nan,nan,nan,nan,nan,nan,nan,nan,nan,nan,nan,nan,nan,nan,nan,nan,nan,nan,nan,nan,nan,nan,nan,nan,nan,nan,nan,nan,nan,nan,nan,nan,2.000000,90.293244,-78.286988,-44.989080,11.116840,2.598590,90.293883,-78.286988,-44.989080,-0.339799,10.000000,0.000000,11.700977,inf,0.000000,1.000000,0.000000,0.000000,0.000000,0.000000,0.000000,0.000000,0.000000,0.000000,0.000000,0.000000,7.000000,2.891285,9.065392,nan
20.880,APPROACH,89.738093,-12.864069,88.811264,-0.019458,-1.521287,-11.436530,2.406809,-51.767433,-65.854933,29.081247,-2.125000,2.125000,-1.624965,0.000000,0.000000,135.000000,-64.631502,22.956331,29.061788,-3.646287,-9.311530,0.781843,0.000000,0.000000,-111.384734,-90.645996,-51.704477,28.461788,2.127828,1.850000,-0.656125,0.000000,0.000000,0.000000,-12.864069,88.811264,-0.019458,89.738093,-1.521287,-11.436530,2.406809,11.785638,nan,nan,nan,0,nan,nan,nan,0,nan,nan,nan,nan,nan,nan,nan,nan,nan,nan,nan,nan,nan,nan,nan,nan,nan,nan,nan,nan,nan,nan,nan,nan,nan,nan,nan,nan,nan,nan,nan,nan,nan,nan,nan,nan,nan,nan,nan,nan,nan,nan,nan,nan,nan,nan,nan,nan,nan,nan,2.000000,89.738090,-78.006266,-44.361552,11.203864,2.753536,89.738359,-78.006266,-44.361552,-0.219458,10.000000,-0.000000,11.785638,inf,0.000000,1.000000,0.000000,0.000000,0.000000,0.000000,0.000000,0.000000,0.000000,0.000000,0.000000,0.000000,7.000000,3.368006,8.993733,nan
20.940,APPROACH,89.174630,-12.930972,88.232058,0.093068,-1.338057,-11.584123,2.250535,-51.879933,-65.742433,29.006248,-2.250000,2.250000,-1.499965,0.000000,0.000000,135.000000,-64.810905,22.489625,29.099317,-3.588057,-9.334123,0.750569,0.000000,0.000000,-111.026868,-90.254840,-52.062374,28.499317,2.277828,1.700000,-0.506125,0.000000,0.000000,0.000000,-12.930972,88.232058,0.093068,89.174630,-1.338057,-11.584123,2.250535,11.876330,nan,nan,nan,0,nan,nan,nan,0,nan,nan,nan,nan,nan,nan,nan,nan,nan,nan,nan,nan,nan,nan,nan,nan,nan,nan,nan,nan,nan,nan,nan,nan,nan,nan,nan,nan,nan,nan,nan,nan,nan,nan,nan,nan,nan,nan,nan,nan,nan,nan,nan,nan,nan,nan,nan,nan,nan,nan,2.000000,89.174582,-77.717180,-43.728092,11.292865,2.907490,89.174646,-77.717180,-43.728092,-0.106932,10.000000,0.000000,11.876330,inf,0.000000,1.000000,0.000000,0.000000,0.000000,0.000000,0.000000,0.000000,0.000000,0.000000,0.000000,0.000000,7.000000,3.909308,8.912367,nan
20.980,APPROACH,88.602921,-12.988706,87.645490,0.197844,-1.154687,-11.731351,2.095512,-51.998683,-65.623683,28.937500,-2.375000,2.375000,-1.374965,0.000000,0.000000,135.000000,-64.987389,22.021807,29.135344,-3.529687,-9.356351,0.720547,0.000000,0.000000,-110.669001,-89.860145,-52.409226,28.535344,2.377828,1.600000,-0.406125,0.000000,0.000000,0.000000,-12.988706,87.645490,0.197844,88.602921,-1.154687,-11.731351,2.095512,11.972847,nan,nan,nan,0,nan,nan,nan,0,nan,nan,nan,nan,nan,nan,nan,nan,nan,nan,nan,nan,nan,nan,nan,nan,nan,nan,nan,nan,nan,nan,nan,nan,nan,nan,nan,nan,nan,nan,nan,nan,nan,nan,nan,nan,nan,nan,nan,nan,nan,nan,nan,nan,nan,nan,nan,nan,nan,nan,2.000000,88.602700,-77.419594,-43.088803,11.383833,3.060434,88.602700,-77.419594,-43.088803,-0.002156,10.000000,-0.000000,11.972847,inf,0.000000,1.000000,0.000000,0.000000,0.000000,0.000000,0.000000,0.000000,0.000000,0.000000,0.000000,0.000000,7.000000,4.495858,8.824199,nan
21.040,APPROACH,88.022922,-13.037265,87.051579,0.294928,-0.971179,-11.878215,1.941690,-52.123683,-65.498683,28.875002,-2.500000,2.500000,-1.249965,0.000000,0.000000,135.000000,-65.160948,21.552896,29.169930,-3.471179,-9.378215,0.691725,0.000000,0.000000,-110.311134,-89.462035,-52.744859,28.569930,2.527828,1.450000,-0.256125,0.000000,0.000000,0.000000,-13.037265,87.051579,0.294928,88.022922,-0.971179,-11.878215,1.941690,12.074988,nan,nan,nan,0,nan,nan,nan,0,nan,nan,nan,nan,nan,nan,nan,nan,nan,nan,nan,nan,nan,nan,nan,nan,nan,nan,nan,nan,nan,nan,nan,nan,nan,nan,nan,nan,nan,nan,nan,nan,nan,nan,nan,nan,nan,nan,nan,nan,nan,nan,nan,nan,nan,nan,nan,nan,nan,nan,2.000000,88.022428,-77.113374,-42.443789,11.476759,3.212349,88.022479,-77.113374,-42.443789,0.094928,10.000000,0.000000,12.074988,inf,0.000000,1.000000,0.000000,0.000000,0.000000,0.000000,0.000000,0.000000,0.000000,0.000000,0.000000,0.000000,7.000000,5.115621,8.731038,nan
21.080,APPROACH,87.434594,-13.076642,86.450344,0.384380,-0.787536,-12.024713,1.789021,-52.254933,-65.367433,28.818753,-2.625000,2.625000,-1.124965,0.000000,0.000000,135.000000,-65.331575,21.082911,29.203133,-3.412536,-9.399713,0.664056,0.000000,0.000000,-109.953268,-89.060640,-53.069100,28.603133,2.627828,1.350000,-0.156125,0.000000,0.000000,0.000000,-13.076642,86.450344,0.384380,87.434594,-0.787536,-12.024713,1.789021,12.182550,nan,nan,nan,0,nan,nan,nan,0,nan,nan,nan,nan,nan,nan,nan,nan,nan,nan,nan,nan,nan,nan,nan,nan,nan,nan,nan,nan,nan,nan,nan,nan,nan,nan,nan,nan,nan,nan,nan,nan,nan,nan,nan,nan,nan,nan,nan,nan,nan,nan,nan,nan,nan,nan,nan,nan,nan,nan,2.000000,87.433749,-76.798389,-41.793157,11.571634,3.363215,87.433944,-76.798389,-41.793157,0.184380,10.000000,0.000000,12.182550,inf,0.000000,1.000000,0.000000,0.000000,0.000000,0.000000,0.000000,0.000000,0.000000,0.000000,0.000000,0.000000,6.000000,5.730708,7.731299,nan
21.140,APPROACH,86.837902,-13.106830,85.841802,0.466253,-0.603760,-12.170844,1.637459,-52.392433,-65.229933,28.768755,-2.750000,2.750000,-0.999965,0.000000,0.000000,135.000000,-65.499263,20.611868,29.235008,-3.353760,-9.420844,0.637494,0.000000,0.000000,-109.595401,-88.656096,-53.381780,28.635008,2.677828,1.200000,-0.006125,0.000000,0.000000,0.000000,-13.106830,85.841802,0.466253,86.837902,-0.603760,-12.170844,1.637459,12.295334,nan,nan,nan,0,nan,nan,nan,0,nan,nan,nan,nan,nan,nan,nan,nan,nan,nan,nan,nan,nan,nan,nan,nan,nan,nan,nan,nan,nan,nan,nan,nan,nan,nan,nan,nan,nan,nan,nan,nan,nan,nan,nan,nan,nan,nan,nan,nan,nan,nan,nan,nan,nan,nan,nan,nan,nan,nan,2.000000,86.836651,-76.474505,-41.137016,11.668448,3.513016,86.837059,-76.474505,-41.137016,0.266253,10.000000,0.000000,12.295334,inf,0.000000,1.000000,0.000000,0.000000,0.000000,0.000000,0.000000,0.000000,0.000000,0.000000,0.000000,0.000000,6.000000,5.081732,7.819787,nan
21.180,APPROACH,86.232814,-13.127823,85.225971,0.540600,-0.419852,-12.316607,1.486959,-52.536183,-65.086183,28.725007,-2.875000,2.875000,-0.874965,0.000000,0.000000,135.000000,-65.664006,20.139788,29.265607,-3.294852,-9.441607,0.611994,0.000000,0.000000,-109.237534,-88.248539,-53.682729,28.665607,2.577828,1.100000,0.093875,0.000000,0.000000,0.000000,-13.127823,85.225971,0.540600,86.232814,-0.419852,-12.316607,1.486959,12.413144,nan,nan,nan,0,nan,nan,nan,0,nan,nan,nan,nan,nan,nan,nan,nan,nan,nan,nan,nan,nan,nan,nan,nan,nan,nan,nan,nan,nan,nan,nan,nan,nan,nan,nan,nan,nan,nan,nan,nan,nan,nan,nan,nan,nan,nan,nan,nan,nan,nan,nan,nan,nan,nan,nan,nan,nan,nan,2.000000,86.231119,-76.141591,-40.475474,11.767192,3.661732,86.231792,-76.141591,-40.475474,0.340600,10.000000,0.000000,12.413144,inf,0.000000,1.000000,0.000000,0.000000,0.000000,0.000000,0.000000,0.000000,0.000000,0.000000,0.000000,0.000000,6.000000,4.445100,7.905304,nan
21.240,APPROACH,85.619299,-13.139613,84.602871,0.607474,-0.235817,-12.462002,1.337479,-52.686183,-64.936183,28.687509,-3.000000,3.000000,-0.749965,0.000000,0.000000,135.000000,-65.825797,19.666688,29.294983,-3.235817,-9.462002,0.587514,0.000000,0.000000,-108.879668,-87.838112,-53.971781,28.694983,2.427828,0.950000,0.243875,0.000000,0.000000,0.000000,-13.139613,84.602871,0.607474,85.619299,-0.235817,-12.462002,1.337479,12.535787,nan,nan,nan,0,nan,nan,nan,0,nan,nan,nan,nan,nan,nan,nan,nan,nan,nan,nan,nan,nan,nan,nan,nan,nan,nan,nan,nan,nan,nan,nan,nan,nan,nan,nan,nan,nan,nan,nan,nan,nan,nan,nan,nan,nan,nan,nan,nan,nan,nan,nan,nan,nan,nan,nan,nan,nan,nan,2.000000,85.617143,-75.799520,-39.808643,11.867856,3.809346,85.618113,-75.799520,-39.808643,0.407474,10.000000,0.000000,12.535787,inf,0.000000,1.000000,0.000000,0.000000,0.000000,0.000000,0.000000,0.000000,0.000000,0.000000,0.000000,0.000000,6.000000,3.831998,7.986200,nan
21.280,APPROACH,84.997330,-13.142196,83.972520,0.666923,-0.051655,-12.607029,1.188979,-52.842433,-64.779933,28.656260,-3.125000,3.125000,-0.624965,0.000000,0.000000,135.000000,-65.984629,19.192587,29.323184,-3.176655,-9.482029,0.564014,0.000000,0.000000,-108.521801,-87.424962,-54.248774,28.723184,2.327828,0.850000,0.343875,0.000000,0.000000,0.000000,-13.142196,83.972520,0.666923,84.997330,-0.051655,-12.607029,1.188979,12.663077,nan,nan,nan,0,nan,nan,nan,0,nan,nan,nan,nan,nan,nan,nan,nan,nan,nan,nan,nan,nan,nan,nan,nan,nan,nan,nan,nan,nan,nan,nan,nan,nan,nan,nan,nan,nan,nan,nan,nan,nan,nan,nan,nan,nan,nan,nan,nan,nan,nan,nan,nan,nan,nan,nan,nan,nan,nan,2.000000,84.994714,-75.448161,-39.136638,11.970429,3.955839,84.995996,-75.448161,-39.136638,0.466923,10.000000,0.000000,12.663077,inf,0.000000,1.000000,0.000000,0.000000,0.000000,0.000000,0.000000,0.000000,0.000000,0.000000,0.000000,0.000000,6.000000,3.261713,8.059491,nan
21.340,APPROACH,84.366886,-13.135565,83.334936,0.718994,0.132631,-12.751685,1.041418,-53.004933,-64.617433,28.631262,-3.250000,3.250000,-0.499965,0.000000,0.000000,135.000000,-66.140498,18.717502,29.350256,-3.117369,-9.501685,0.541453,0.000000,0.000000,-108.163934,-87.009238,-54.513545,28.750256,2.177828,0.700000,0.468642,0.000000,0.000000,0.000000,-13.135565,83.334936,0.718994,84.366886,0.132631,-12.751685,1.041418,12.794827,nan,nan,nan,0,nan,nan,nan,0,nan,nan,nan,nan,nan,nan,nan,nan,nan,nan,nan,nan,nan,nan,nan,nan,nan,nan,nan,nan,nan,nan,nan,nan,nan,nan,nan,nan,nan,nan,nan,nan,nan,nan,nan,nan,nan,nan,nan,nan,nan,nan,nan,nan,nan,nan,nan,nan,nan,nan,2.000000,84.363822,-75.087388,-38.459573,12.074903,4.101192,84.365419,-75.087388,-38.459573,0.518994,10.000000,0.000000,12.794827,inf,0.000000,1.000000,0.000000,0.000000,0.000000,0.000000,0.000000,0.000000,0.000000,0.000000,0.000000,0.000000,6.000000,2.768020,8.119621,nan
21.380,APPROACH,83.727946,-13.119713,82.690137,0.763732,0.317039,-12.895970,0.894760,-53.173683,-64.448683,28.612514,-3.375000,3.375000,-0.374965,0.000000,0.000000,135.000000,-66.293396,18.241454,29.376246,-3.057961,-9.520970,0.519795,0.000000,0.000000,-107.806068,-86.591094,-54.765936,28.776246,2.077828,0.600000,0.542940,0.000000,0.000000,0.000000,-13.119713,82.690137,0.763732,83.727946,0.317039,-12.895970,0.894760,12.930861,nan,nan,nan,0,nan,nan,nan,0,nan,nan,nan,nan,nan,nan,nan,nan,nan,nan,nan,nan,nan,nan,nan,nan,nan,nan,nan,nan,nan,nan,nan,nan,nan,nan,nan,nan,nan,nan,nan,nan,nan,nan,nan,nan,nan,nan,nan,nan,nan,nan,nan,nan,nan,nan,nan,nan,nan,nan,2.000000,83.724462,-74.717075,-37.777564,12.181265,4.245389,83.726360,-74.717075,-37.777564,0.563732,10.000000,0.000000,12.930861,inf,0.000000,1.000000,0.000000,0.000000,0.000000,0.000000,0.000000,0.000000,0.000000,0.000000,0.000000,0.000000,6.000000,2.406962,8.156453,nan
21.440,APPROACH,83.080492,-13.094634,82.038143,0.801181,0.501565,-13.039884,0.748968,-53.348683,-64.273683,28.600016,-3.500000,3.500000,-0.249965,0.000000,0.000000,135.000000,-66.443318,17.764460,29.401196,-2.998435,-9.539884,0.499003,0.000000,0.000000,-107.448201,-86.170688,-55.005789,28.801196,1.927828,0.450000,0.606825,0.000000,0.000000,0.000000,-13.094634,82.038143,0.801181,83.080492,0.501565,-13.039884,0.748968,13.071002,nan,nan,nan,0,nan,nan,nan,0,nan,nan,nan,nan,nan,nan,nan,nan,nan,nan,nan,nan,nan,nan,nan,nan,nan,nan,nan,nan,nan,nan,nan,nan,nan,nan,nan,nan,nan,nan,nan,nan,nan,nan,nan,nan,nan,nan,nan,nan,nan,nan,nan,nan,nan,nan,nan,nan,nan,nan,2.000000,83.076629,-74.337097,-37.090730,12.289507,4.388412,83.078804,-74.337097,-37.090730,0.601181,10.000000,0.000000,13.071002,inf,0.000000,1.000000,0.000000,0.000000,0.000000,0.000000,0.000000,0.000000,0.000000,0.000000,0.000000,0.000000,6.000000,2.252456,8.154189,nan
21.480,APPROACH,82.424512,-13.060324,81.378971,0.831381,0.686209,-13.183426,0.604008,-53.529933,-64.092433,28.593767,-3.625000,3.625000,-0.124965,0.000000,0.000000,135.000000,-66.590257,17.286538,29.425148,-2.938791,-9.558426,0.479043,0.000000,0.000000,-107.090335,-85.748183,-55.232952,28.825148,1.827828,0.350000,0.654806,0.000000,0.000000,0.000000,-13.060324,81.378971,0.831381,82.424512,0.686209,-13.183426,0.604008,13.215083,nan,nan,nan,0,nan,nan,nan,0,nan,nan,nan,nan,nan,nan,nan,nan,nan,nan,nan,nan,nan,nan,nan,nan,nan,nan,nan,nan,nan,nan,nan,nan,nan,nan,nan,nan,nan,nan,nan,nan,nan,nan,nan,nan,nan,nan,nan,nan,nan,nan,nan,nan,nan,nan,nan,nan,nan,nan,2.000000,82.420319,-73.947332,-36.399192,12.399618,4.530241,82.422738,-73.947332,-36.399192,0.631381,10.000000,0.000000,13.215083,inf,0.000000,1.000000,0.000000,0.000000,0.000000,0.000000,0.000000,0.000000,0.000000,0.000000,0.000000,0.000000,6.000000,2.354320,8.137469,nan
21.540,APPROACH,81.759996,-13.016776,80.712642,0.854373,0.870968,-13.326595,0.459847,-53.717433,-63.904933,28.593769,-3.750000,3.750000,0.000035,0.000000,0.000000,135.000000,-66.734209,16.807709,29.448143,-2.879032,-9.576595,0.459881,0.000000,0.000000,-106.732468,-85.323743,-55.447272,28.848143,1.677828,0.200000,0.689586,0.000000,0.000000,0.000000,-13.016776,80.712642,0.854373,81.759996,0.870968,-13.326595,0.459847,13.362940,nan,nan,nan,0,nan,nan,nan,0,nan,nan,nan,nan,nan,nan,nan,nan,nan,nan,nan,nan,nan,nan,nan,nan,nan,nan,nan,nan,nan,nan,nan,nan,nan,nan,nan,nan,nan,nan,nan,nan,nan,nan,nan,nan,nan,nan,nan,nan,nan,nan,nan,nan,nan,nan,nan,nan,nan,nan,2.000000,81.755532,-73.547656,-35.703071,12.511586,4.670860,81.758151,-73.547656,-35.703071,0.654373,10.000000,0.000000,13.362940,inf,0.000000,1.000000,0.000000,0.000000,0.000000,0.000000,0.000000,0.000000,0.000000,0.000000,0.000000,0.000000,6.000000,2.691152,8.085602,nan
21.580,APPROACH,81.086936,-12.963984,80.039172,0.870196,1.055838,-13.469390,0.316451,-53.911183,-63.711183,28.600021,-3.875000,3.875000,0.125035,0.000000,0.000000,135.000000,-66.875167,16.327989,29.470217,-2.819162,-9.594390,0.441486,0.000000,0.000000,-106.374602,-84.897537,-55.648603,28.870217,1.577828,0.100000,0.715233,0.000000,0.000000,0.000000,-12.963984,80.039172,0.870196,81.086936,1.055838,-13.469390,0.316451,13.514415,nan,nan,nan,0,nan,nan,nan,0,nan,nan,nan,nan,nan,nan,nan,nan,nan,nan,nan,nan,nan,nan,nan,nan,nan,nan,nan,nan,nan,nan,nan,nan,nan,nan,nan,nan,nan,nan,nan,nan,nan,nan,nan,nan,nan,nan,nan,nan,nan,nan,nan,nan,nan,nan,nan,nan,nan,nan,2.000000,81.082267,-73.137950,-35.002490,12.625401,4.810251,81.085036,-73.137950,-35.002490,0.670196,10.000000,0.000000,13.514415,inf,0.000000,1.000000,0.000000,0.000000,0.000000,0.000000,0.000000,0.000000,0.000000,0.000000,0.000000,0.000000,6.000000,3.195847,8.007886,nan
21.640,APPROACH,80.405330,-12.901943,79.358582,0.878886,1.240819,-13.611811,0.173792,-54.111183,-63.511183,28.612523,-4.000000,4.000000,0.250035,0.000000,0.000000,135.000000,-67.013126,15.847398,29.491408,-2.759181,-9.611811,0.423827,0.000000,0.000000,-106.016735,-84.469739,-55.836797,28.891408,1.427828,-0.050000,0.731902,0.000000,0.000000,0.000000,-12.901943,79.358582,0.878886,80.405330,1.240819,-13.611811,0.173792,13.669354,nan,nan,nan,0,nan,nan,nan,0,nan,nan,nan,nan,nan,nan,nan,nan,nan,nan,nan,nan,nan,nan,nan,nan,nan,nan,nan,nan,nan,nan,nan,nan,nan,nan,nan,nan,nan,nan,nan,nan,nan,nan,nan,nan,nan,nan,nan,nan,nan,nan,nan,nan,nan,nan,nan,nan,nan,nan,2.000000,80.400526,-72.718093,-34.297574,12.741052,4.948397,80.403392,-72.718093,-34.297574,0.678886,10.000000,-0.000000,13.669354,inf,0.000000,1.000000,0.000000,0.000000,0.000000,0.000000,0.000000,0.000000,0.000000,0.000000,0.000000,0.000000,6.000000,3.807639,7.913679,nan
21.680,APPROACH,79.715177,-12.830647,78.670889,0.880478,1.425907,-13.753858,0.031839,-54.317433,-63.304933,28.631274,-4.125000,4.125000,0.375035,0.000000,0.000000,135.000000,-67.148081,15.365956,29.511752,-2.699093,-9.628858,0.406873,0.000000,0.000000,-105.658868,-84.040526,-56.011712,28.911752,1.327828,-0.150000,0.739670,0.000000,0.000000,0.000000,-12.830647,78.670889,0.880478,79.715177,1.425907,-13.753858,0.031839,13.827611,nan,nan,nan,0,nan,nan,nan,0,nan,nan,nan,nan,nan,nan,nan,nan,nan,nan,nan,nan,nan,nan,nan,nan,nan,nan,nan,nan,nan,nan,nan,nan,nan,nan,nan,nan,nan,nan,nan,nan,nan,nan,nan,nan,nan,nan,nan,nan,nan,nan,nan,nan,nan,nan,nan,nan,nan,nan,2.000000,79.710315,-72.287968,-33.588450,12.858528,5.085280,79.713219,-72.287968,-33.588450,0.680478,10.000000,0.000000,13.827611,inf,0.000000,1.000000,0.000000,0.000000,0.000000,0.000000,0.000000,0.000000,0.000000,0.000000,0.000000,0.000000,6.000000,4.487605,7.808974,nan
21.740,APPROACH,79.016483,-12.750092,77.976112,0.875006,1.611101,-13.895528,-0.109436,-54.529933,-63.092433,28.656276,-4.250000,4.250000,0.500035,0.000000,0.000000,135.000000,-67.280026,14.883679,29.531282,-2.638899,-9.645528,0.390599,0.000000,0.000000,-105.301002,-83.610076,-56.173210,28.931282,1.177828,-0.300000,0.738544,0.000000,0.000000,0.000000,-12.750092,77.976112,0.875006,79.016483,1.611101,-13.895528,-0.109436,13.989043,nan,nan,nan,0,nan,nan,nan,0,nan,nan,nan,nan,nan,nan,nan,nan,nan,nan,nan,nan,nan,nan,nan,nan,nan,nan,nan,nan,nan,nan,nan,nan,nan,nan,nan,nan,nan,nan,nan,nan,nan,nan,nan,nan,nan,nan,nan,nan,nan,nan,nan,nan,nan,nan,nan,nan,nan,nan,2.000000,79.011638,-71.847457,-32.875247,12.977817,5.220882,79.014521,-71.847457,-32.875247,0.675006,10.000000,0.000000,13.989043,inf,0.000000,1.000000,0.000000,0.000000,0.000000,0.000000,0.000000,0.000000,0.000000,0.000000,0.000000,0.000000,6.000000,5.213213,7.697241,nan
21.780,APPROACH,78.309255,-12.660272,77.274271,0.862503,1.796397,-14.036822,-0.250060,-54.748683,-62.873683,28.687528,-4.375000,4.375000,0.625035,0.000000,0.000000,135.000000,-67.408956,14.400588,29.550030,-2.578603,-9.661822,0.374975,0.000000,0.000000,-104.943135,-83.178575,-56.321152,28.950030,1.077828,-0.400000,0.728475,0.000000,0.000000,0.000000,-12.660272,77.274271,0.862503,78.309255,1.796397,-14.036822,-0.250060,14.153514,nan,nan,nan,0,nan,nan,nan,0,nan,nan,nan,nan,nan,nan,nan,nan,nan,nan,nan,nan,nan,nan,nan,nan,nan,nan,nan,nan,nan,nan,nan,nan,nan,nan,nan,nan,nan,nan,nan,nan,nan,nan,nan,nan,nan,nan,nan,nan,nan,nan,nan,nan,nan,nan,nan,nan,nan,nan,2.000000,78.304505,-71.396446,-32.158094,13.098909,5.355186,78.307307,-71.396446,-32.158094,0.662503,10.000000,0.000000,14.153514,inf,0.000000,1.000000,0.000000,0.000000,0.000000,0.000000,0.000000,0.000000,0.000000,0.000000,0.000000,0.000000,5.000000,5.639972,6.776309,nan
21.840,APPROACH,77.593505,-12.561183,76.565384,0.843000,1.981795,-14.177739,-0.390059,-54.973683,-62.648683,28.725029,-4.500000,4.500000,0.750035,0.000000,0.000000,135.000000,-67.534866,13.916701,29.568029,-2.518205,-9.677739,0.359976,0.000000,0.000000,-104.585269,-82.746210,-56.455406,28.968029,0.927828,-0.550000,0.709359,0.000000,0.000000,0.000000,-12.561183,76.565384,0.843000,77.593505,1.981795,-14.177739,-0.390059,14.320892,nan,nan,nan,0,nan,nan,nan,0,nan,nan,nan,nan,nan,nan,nan,nan,nan,nan,nan,nan,nan,nan,nan,nan,nan,nan,nan,nan,nan,nan,nan,nan,nan,nan,nan,nan,nan,nan,nan,nan,nan,nan,nan,nan,nan,nan,nan,nan,nan,nan,nan,nan,nan,nan,nan,nan,nan,nan,2.000000,77.588926,-70.934820,-31.437122,13.221790,5.488175,77.591590,-70.934820,-31.437122,0.643000,10.000000,0.000000,14.320892,inf,0.000000,1.000000,0.000000,0.000000,0.000000,0.000000,0.000000,0.000000,0.000000,0.000000,0.000000,0.000000,5.000000,4.902754,6.869861,nan
21.880,APPROACH,76.869250,-12.452818,75.849470,0.816527,2.167290,-14.318279,-0.529458,-55.204933,-62.417433,28.768781,-4.625000,4.625000,0.875035,0.000000,0.000000,135.000000,-67.657751,13.432037,29.585308,-2.457710,-9.693279,0.345577,0.000000,0.000000,-104.227402,-82.313170,-56.575841,28.985308,0.827828,-0.650000,0.681052,0.000000,0.000000,0.000000,-12.452818,75.849470,0.816527,76.869250,2.167290,-14.318279,-0.529458,14.491052,nan,nan,nan,0,nan,nan,nan,0,nan,nan,nan,nan,nan,nan,nan,nan,nan,nan,nan,nan,nan,nan,nan,nan,nan,nan,nan,nan,nan,nan,nan,nan,nan,nan,nan,nan,nan,nan,nan,nan,nan,nan,nan,nan,nan,nan,nan,nan,nan,nan,nan,nan,nan,nan,nan,nan,nan,nan,2.000000,76.864913,-70.462468,-30.712465,13.346451,5.619833,76.867385,-70.462468,-30.712465,0.616527,10.000000,0.000000,14.491052,inf,0.000000,1.000000,0.000000,0.000000,0.000000,0.000000,0.000000,0.000000,0.000000,0.000000,0.000000,0.000000,5.000000,4.195874,6.958095,nan
21.940,APPROACH,76.136562,-12.335174,75.126548,0.788236,2.352881,-14.458441,-0.565825,-55.442433,-62.179933,28.813660,-4.750000,4.750000,0.897579,0.000000,0.000000,135.000000,-67.777607,12.946615,29.601896,-2.397119,-9.708441,0.331754,0.000000,0.000000,-103.869536,-81.879651,-56.682330,29.001896,0.677828,-0.800000,0.636590,0.000000,0.000000,0.000000,-12.335174,75.126548,0.788236,76.136562,2.352881,-14.458441,-0.565825,14.659561,nan,nan,nan,0,nan,nan,nan,0,nan,nan,nan,nan,nan,nan,nan,nan,nan,nan,nan,nan,nan,nan,nan,nan,nan,nan,nan,nan,nan,nan,nan,nan,nan,nan,nan,nan,nan,nan,nan,nan,nan,nan,nan,nan,nan,nan,nan,nan,nan,nan,nan,nan,nan,nan,nan,nan,nan,nan,2.000000,76.132482,-69.979276,-29.984257,13.472878,5.750141,76.134754,-69.979276,-29.984257,0.588236,10.000000,0.000000,14.659561,inf,0.000000,1.000000,0.000000,0.000000,0.000000,0.000000,0.000000,0.000000,0.000000,0.000000,0.000000,0.000000,5.000000,3.543966,7.036904,nan
21.980,APPROACH,75.395510,-12.208246,74.396637,0.762919,2.538566,-14.598224,-0.506342,-55.686183,-61.936183,28.854901,-4.875000,4.875000,0.824825,0.000000,0.000000,135.000000,-67.894429,12.460454,29.617820,-2.336434,-9.723224,0.318483,0.000000,0.000000,-103.511669,-81.445849,-56.774751,29.017820,0.577828,-0.900000,0.586590,0.000000,0.000000,0.000000,-12.208246,74.396637,0.762919,75.395510,2.538566,-14.598224,-0.506342,14.825951,nan,nan,nan,0,nan,nan,nan,0,nan,nan,nan,nan,nan,nan,nan,nan,nan,nan,nan,nan,nan,nan,nan,nan,nan,nan,nan,nan,nan,nan,nan,nan,nan,nan,nan,nan,nan,nan,nan,nan,nan,nan,nan,nan,nan,nan,nan,nan,nan,nan,nan,nan,nan,nan,nan,nan,nan,nan,2.000000,75.391650,-69.485137,-29.252633,13.601060,5.879083,75.393751,-69.485137,-29.252633,0.562919,10.000000,0.000000,14.825951,inf,0.000000,1.000000,0.000000,0.000000,0.000000,0.000000,0.000000,0.000000,0.000000,0.000000,0.000000,0.000000,5.000000,2.990945,7.098023,nan
22.040,APPROACH,74.646115,-12.072029,73.659756,0.740897,2.724342,-14.737627,-0.440434,-55.936183,-61.686183,28.892210,-5.000000,5.000000,0.746178,0.000000,0.000000,135.000000,-68.008212,11.973573,29.633107,-2.275658,-9.737627,0.305744,0.000000,0.000000,-103.153803,-81.011966,-56.852983,29.033107,0.427828,-1.050000,0.533432,0.000000,0.000000,0.000000,-12.072029,73.659756,0.740897,74.646115,2.724342,-14.737627,-0.440434,14.993788,nan,nan,nan,0,nan,nan,nan,0,nan,nan,nan,nan,nan,nan,nan,nan,nan,nan,nan,nan,nan,nan,nan,nan,nan,nan,nan,nan,nan,nan,nan,nan,nan,nan,nan,nan,nan,nan,nan,nan,nan,nan,nan,nan,nan,nan,nan,nan,nan,nan,nan,nan,nan,nan,nan,nan,nan,nan,2.000000,74.642438,-68.979942,-28.517733,13.730985,6.006643,74.644397,-68.979942,-28.517733,0.540897,10.000000,0.000000,14.993788,inf,0.000000,1.000000,0.000000,0.000000,0.000000,0.000000,0.000000,0.000000,0.000000,0.000000,0.000000,0.000000,5.000000,2.609544,7.124706,nan
22.080,APPROACH,73.900730,-11.926518,72.928423,0.721856,2.910207,-14.626651,-0.380815,-56.192433,-61.442433,28.925927,-5.125000,4.875000,0.674329,0.000000,0.000000,136.432096,-68.118952,11.485990,29.647783,-2.214793,-9.751651,0.293514,0.000000,0.000000,-102.795936,-80.580904,-56.928795,29.047783,0.327828,-1.150000,0.486759,0.000000,0.000000,0.000000,-11.926518,72.928423,0.721856,73.900730,2.910207,-14.626651,-0.380815,14.918218,nan,nan,nan,0,nan,nan,nan,0,nan,nan,nan,nan,nan,nan,nan,nan,nan,nan,nan,nan,nan,nan,nan,nan,nan,nan,nan,nan,nan,nan,nan,nan,nan,nan,nan,nan,nan,nan,nan,nan,nan,nan,nan,nan,nan,nan,nan,nan,nan,nan,nan,nan,nan,nan,nan,nan,nan,nan,2.000000,73.897204,-68.475773,-27.782463,13.618848,6.077433,73.899047,-68.475773,-27.782463,0.521856,10.000000,-0.000000,14.918218,inf,0.000000,1.000000,0.000000,0.000000,0.000000,0.000000,0.000000,0.000000,0.000000,0.000000,0.000000,0.000000,5.000000,2.489619,7.104404,nan
22.140,APPROACH,73.159380,-11.771711,72.202659,0.705514,3.096158,-14.515294,-0.326841,-56.454933,-61.204933,28.956357,-5.250000,4.750000,0.608615,0.000000,0.000000,137.862405,-68.226644,10.997725,29.661872,-2.153842,-9.765294,0.281774,0.000000,0.000000,-102.438070,-80.152660,-57.002175,29.061872,0.177828,-1.300000,0.444912,0.000000,0.000000,0.000000,-11.771711,72.202659,0.705514,73.159380,3.096158,-14.515294,-0.326841,14.845429,nan,nan,nan,0,nan,nan,nan,0,nan,nan,nan,nan,nan,nan,nan,nan,nan,nan,nan,nan,nan,nan,nan,nan,nan,nan,nan,nan,nan,nan,nan,nan,nan,nan,nan,nan,nan,nan,nan,nan,nan,nan,nan,nan,nan,nan,nan,nan,nan,nan,nan,nan,nan,nan,nan,nan,nan,nan,2.000000,73.155978,-67.972577,-27.046735,13.507747,6.149854,73.157724,-67.972577,-27.046735,0.505514,10.000000,0.000000,14.845429,inf,0.000000,1.000000,0.000000,0.000000,0.000000,0.000000,0.000000,0.000000,0.000000,0.000000,0.000000,0.000000,5.000000,2.679923,7.074165,nan
22.180,APPROACH,72.422094,-11.607601,71.482481,0.691518,3.282193,-14.403556,-0.279923,-56.723683,-60.973683,28.983879,-5.375000,4.625000,0.550426,0.000000,0.000000,139.289153,-68.331284,10.508798,29.675397,-2.092807,-9.778556,0.270503,0.000000,0.000000,-102.080203,-79.727229,-57.073109,29.075397,0.077828,-1.400000,0.407794,0.000000,0.000000,0.000000,-11.607601,71.482481,0.691518,72.422094,3.282193,-14.403556,-0.279923,14.775438,nan,nan,nan,0,nan,nan,nan,0,nan,nan,nan,nan,nan,nan,nan,nan,nan,nan,nan,nan,nan,nan,nan,nan,nan,nan,nan,nan,nan,nan,nan,nan,nan,nan,nan,nan,nan,nan,nan,nan,nan,nan,nan,nan,nan,nan,nan,nan,nan,nan,nan,nan,nan,nan,nan,nan,nan,nan,2.000000,72.418792,-67.470298,-26.310462,13.397698,6.223897,72.420460,-67.470298,-26.310462,0.491518,10.000000,0.000000,14.775438,inf,0.000000,1.000000,0.000000,0.000000,0.000000,0.000000,0.000000,0.000000,0.000000,0.000000,0.000000,0.000000,5.000000,3.124102,7.003585,nan
22.240,APPROACH,71.688906,-11.434185,70.767909,0.679536,3.468310,-14.291437,-0.239629,-56.998683,-60.748683,29.008844,-5.500000,4.500000,0.499312,0.000000,0.000000,140.710593,-68.432869,10.019226,29.688381,-2.031690,-9.791437,0.259683,0.000000,0.000000,-101.722337,-79.304608,-57.141579,29.088381,-0.072172,-1.550000,0.374962,0.000000,0.000000,0.000000,-11.434185,70.767909,0.679536,71.688906,3.468310,-14.291437,-0.239629,14.708221,nan,nan,nan,0,nan,nan,nan,0,nan,nan,nan,nan,nan,nan,nan,nan,nan,nan,nan,nan,nan,nan,nan,nan,nan,nan,nan,nan,nan,nan,nan,nan,nan,nan,nan,nan,nan,nan,nan,nan,nan,nan,nan,nan,nan,nan,nan,nan,nan,nan,nan,nan,nan,nan,nan,nan,nan,nan,2.000000,71.685686,-66.968878,-25.573558,13.288717,6.299551,71.687290,-66.968878,-25.573558,0.479536,10.000000,-0.000000,14.708221,inf,0.000000,1.000000,0.000000,0.000000,0.000000,0.000000,0.000000,0.000000,0.000000,0.000000,0.000000,0.000000,5.000000,3.732555,6.906903,nan
22.280,APPROACH,70.959858,-11.251460,70.058962,0.669276,3.654506,-14.178936,-0.205203,-57.279933,-60.529933,29.031569,-5.625000,4.375000,0.454498,0.000000,0.000000,142.125016,-68.531393,9.529029,29.700846,-1.970494,-9.803936,0.249295,0.000000,0.000000,-101.364470,-78.884795,-57.207568,29.100846,-0.172172,-1.650000,0.345918,0.000000,0.000000,0.000000,-11.251460,70.058962,0.669276,70.959858,3.654506,-14.178936,-0.205203,14.643761,nan,nan,nan,0,nan,nan,nan,0,nan,nan,nan,nan,nan,nan,nan,nan,nan,nan,nan,nan,nan,nan,nan,nan,nan,nan,nan,nan,nan,nan,nan,nan,nan,nan,nan,nan,nan,nan,nan,nan,nan,nan,nan,nan,nan,nan,nan,nan,nan,nan,nan,nan,nan,nan,nan,nan,nan,nan,2.000000,70.956702,-66.468261,-24.835937,13.180819,6.376805,70.958254,-66.468261,-24.835937,0.469276,10.000000,0.000000,14.643761,inf,0.000000,1.000000,0.000000,0.000000,0.000000,0.000000,0.000000,0.000000,0.000000,0.000000,0.000000,0.000000,5.000000,4.438271,6.794766,nan
22.340,APPROACH,70.234995,-11.059421,69.355660,0.660483,3.840779,-14.066052,-0.175871,-57.567433,-60.317433,29.052329,-5.750000,4.250000,0.415194,0.000000,0.000000,143.530766,-68.626854,9.038226,29.712812,-1.909221,-9.816052,0.239324,0.000000,0.000000,-101.006604,-78.467786,-57.271056,29.112812,-0.322172,-1.800000,0.320180,0.000000,0.000000,0.000000,-11.059421,69.355660,0.660483,70.234995,3.840779,-14.066052,-0.175871,14.582055,nan,nan,nan,0,nan,nan,nan,0,nan,nan,nan,nan,nan,nan,nan,nan,nan,nan,nan,nan,nan,nan,nan,nan,nan,nan,nan,nan,nan,nan,nan,nan,nan,nan,nan,nan,nan,nan,nan,nan,nan,nan,nan,nan,nan,nan,nan,nan,nan,nan,nan,nan,nan,nan,nan,nan,nan,nan,2.000000,70.231890,-65.968387,-24.097515,13.074020,6.455649,70.233399,-65.968387,-24.097515,0.460483,10.000000,0.000000,14.582055,inf,0.000000,1.000000,0.000000,0.000000,0.000000,0.000000,0.000000,0.000000,0.000000,0.000000,0.000000,0.000000,5.000000,5.201923,6.673423,nan
22.380,APPROACH,69.514370,-10.858065,68.658020,0.652937,4.027126,-13.952785,-0.150913,-57.861183,-60.111183,29.071362,-5.875000,4.125000,0.380663,0.000000,0.000000,144.926246,-68.719248,8.546837,29.724299,-1.847874,-9.827785,0.229751,0.000000,0.000000,-100.648737,-78.053581,-57.332021,29.124299,-0.422172,-1.900000,0.297311,0.000000,0.000000,0.000000,-10.858065,68.658020,0.652937,69.514370,4.027126,-13.952785,-0.150913,14.523110,nan,nan,nan,0,nan,nan,nan,0,nan,nan,nan,nan,nan,nan,nan,nan,nan,nan,nan,nan,nan,nan,nan,nan,nan,nan,nan,nan,nan,nan,nan,nan,nan,nan,nan,nan,nan,nan,nan,nan,nan,nan,nan,nan,nan,nan,nan,nan,nan,nan,nan,nan,nan,nan,nan,nan,nan,nan,2.000000,69.511304,-65.469194,-23.358209,12.968335,6.536072,69.512779,-65.469194,-23.358209,0.452937,10.000000,0.000000,14.523110,inf,0.000000,1.000000,0.000000,0.000000,0.000000,0.000000,0.000000,0.000000,0.000000,0.000000,0.000000,0.000000,5.000000,6.001594,6.546357,nan
22.440,APPROACH,68.798042,-10.647388,67.966063,0.646453,4.213546,-13.839135,-0.129688,-58.161183,-59.911183,29.088875,-6.000000,4.000000,0.350248,0.000000,0.000000,146.309932,-68.808571,8.054880,29.735327,-1.786454,-9.839135,0.220561,0.000000,0.000000,-100.290871,-77.642181,-57.390442,29.135327,-0.572172,-2.050000,0.276921,0.000000,0.000000,0.000000,-10.647388,67.966063,0.646453,68.798042,4.213546,-13.839135,-0.129688,14.466943,nan,nan,nan,0,nan,nan,nan,0,nan,nan,nan,nan,nan,nan,nan,nan,nan,nan,nan,nan,nan,nan,nan,nan,nan,nan,nan,nan,nan,nan,nan,nan,nan,nan,nan,nan,nan,nan,nan,nan,nan,nan,nan,nan,nan,nan,nan,nan,nan,nan,nan,nan,nan,nan,nan,nan,nan,nan,2.000000,68.795005,-64.970621,-22.617936,12.863781,6.618063,68.796453,-64.970621,-22.617936,0.446453,10.000000,0.000000,14.466943,inf,0.000000,1.000000,0.000000,0.000000,0.000000,0.000000,0.000000,0.000000,0.000000,0.000000,0.000000,0.000000,4.000000,5.412293,5.789872,nan
22.480,APPROACH,68.086076,-10.427386,67.279808,0.640871,4.400035,-13.725101,-0.111636,-58.467433,-59.717433,29.105043,-6.125000,3.875000,0.323374,0.000000,0.000000,147.680383,-68.894819,7.562375,29.745914,-1.724965,-9.850101,0.211738,0.000000,0.000000,-99.933004,-77.233585,-57.446293,29.145914,-0.672172,-2.150000,0.258674,0.000000,0.000000,0.000000,-10.427386,67.279808,0.640871,68.086076,4.400035,-13.725101,-0.111636,14.413576,nan,nan,nan,0,nan,nan,nan,0,nan,nan,nan,nan,nan,nan,nan,nan,nan,nan,nan,nan,nan,nan,nan,nan,nan,nan,nan,nan,nan,nan,nan,nan,nan,nan,nan,nan,nan,nan,nan,nan,nan,nan,nan,nan,nan,nan,nan,nan,nan,nan,nan,nan,nan,nan,nan,nan,nan,nan,2.000000,68.083060,-64.472605,-21.876614,12.760373,6.701611,68.084487,-64.472605,-21.876614,0.440871,10.000000,0.000000,14.413576,inf,0.000000,1.000000,0.000000,0.000000,0.000000,0.000000,0.000000,0.000000,0.000000,0.000000,0.000000,0.000000,4.000000,4.783100,5.855638,nan
22.540,APPROACH,67.378544,-10.198056,66.599274,0.636057,4.586591,-13.610683,-0.096276,-58.779933,-59.529933,29.120020,-6.250000,3.750000,0.299544,0.000000,0.000000,149.036243,-68.977990,7.069341,29.756078,-1.663409,-9.860683,0.203269,0.000000,0.000000,-99.575138,-76.827796,-57.499549,29.156078,-0.822172,-2.300000,0.242275,0.000000,0.000000,0.000000,-10.198056,66.599274,0.636057,67.378544,4.586591,-13.610683,-0.096276,14.363035,nan,nan,nan,0,nan,nan,nan,0,nan,nan,nan,nan,nan,nan,nan,nan,nan,nan,nan,nan,nan,nan,nan,nan,nan,nan,nan,nan,nan,nan,nan,nan,nan,nan,nan,nan,nan,nan,nan,nan,nan,nan,nan,nan,nan,nan,nan,nan,nan,nan,nan,nan,nan,nan,nan,nan,nan,nan,2.000000,67.375542,-63.975080,-21.134162,12.658126,6.786705,67.376953,-63.975080,-21.134162,0.436057,10.000000,0.000000,14.363035,inf,0.000000,1.000000,0.000000,0.000000,0.000000,0.000000,0.000000,0.000000,0.000000,0.000000,0.000000,0.000000,4.000000,4.249866,5.899792,nan
22.580,APPROACH,66.675527,-9.959396,65.924480,0.631897,4.773213,-13.495880,-0.083195,-59.098683,-59.348683,29.133937,-6.375000,3.625000,0.278333,0.000000,0.000000,150.376251,-69.058079,6.575797,29.765835,-1.601787,-9.870880,0.195138,0.000000,0.000000,-99.217271,-76.424817,-57.550183,29.165835,-0.822172,-2.400000,0.227477,0.000000,0.000000,0.000000,-9.959396,65.924480,0.631897,66.675527,4.773213,-13.495880,-0.083195,14.315351,nan,nan,nan,0,nan,nan,nan,0,nan,nan,nan,nan,nan,nan,nan,nan,nan,nan,nan,nan,nan,nan,nan,nan,nan,nan,nan,nan,nan,nan,nan,nan,nan,nan,nan,nan,nan,nan,nan,nan,nan,nan,nan,nan,nan,nan,nan,nan,nan,nan,nan,nan,nan,nan,nan,nan,nan,nan,2.000000,66.672533,-63.477982,-20.390500,12.557055,6.873334,66.673932,-63.477982,-20.390500,0.431897,10.000000,0.000000,14.315351,inf,0.000000,1.000000,0.000000,0.000000,0.000000,0.000000,0.000000,0.000000,0.000000,0.000000,0.000000,0.000000,4.000000,3.852989,5.907628,nan
22.640,APPROACH,65.977112,-9.711401,65.255446,0.628295,4.959896,-13.380692,-0.072042,-59.423683,-59.173683,29.146906,-6.500000,3.500000,0.259375,0.000000,0.000000,151.699244,-69.135084,6.081762,29.775201,-1.540104,-9.880692,0.187332,0.000000,0.000000,-98.859405,-76.024650,-57.598165,29.175201,-0.760944,-2.550000,0.214065,0.000000,0.000000,0.000000,-9.711401,65.255446,0.628295,65.977112,4.959896,-13.380692,-0.072042,14.270553,nan,nan,nan,0,nan,nan,nan,0,nan,nan,nan,nan,nan,nan,nan,nan,nan,nan,nan,nan,nan,nan,nan,nan,nan,nan,nan,nan,nan,nan,nan,nan,nan,nan,nan,nan,nan,nan,nan,nan,nan,nan,nan,nan,nan,nan,nan,nan,nan,nan,nan,nan,nan,nan,nan,nan,nan,nan,2.000000,65.974120,-62.981242,-19.645551,12.457175,6.961486,65.975510,-62.981242,-19.645551,0.428295,10.000000,0.000000,14.270553,inf,0.000000,1.000000,0.000000,0.000000,0.000000,0.000000,0.000000,0.000000,0.000000,0.000000,0.000000,0.000000,4.000000,3.637846,5.896786,nan
22.680,APPROACH,65.283392,-9.454069,64.592190,0.625169,5.146640,-13.265119,-0.062521,-59.754933,-59.004933,29.159024,-6.625000,3.375000,0.242360,0.000000,0.000000,153.004162,-69.209002,5.587257,29.784193,-1.478360,-9.890119,0.179839,0.000000,0.000000,-98.501538,-75.627302,-57.643466,29.184193,-0.660944,-2.650000,0.201856,0.000000,0.000000,0.000000,-9.454069,64.592190,0.625169,65.283392,5.146640,-13.265119,-0.062521,14.228675,nan,nan,nan,0,nan,nan,nan,0,nan,nan,nan,nan,nan,nan,nan,nan,nan,nan,nan,nan,nan,nan,nan,nan,nan,nan,nan,nan,nan,nan,nan,nan,nan,nan,nan,nan,nan,nan,nan,nan,nan,nan,nan,nan,nan,nan,nan,nan,nan,nan,nan,nan,nan,nan,nan,nan,nan,nan,2.000000,65.280398,-62.484793,-18.899235,12.358502,7.051150,65.281783,-62.484793,-18.899235,0.425169,10.000000,0.000000,14.228675,inf,0.000000,1.000000,0.000000,0.000000,0.000000,0.000000,0.000000,0.000000,0.000000,0.000000,0.000000,0.000000,4.000000,3.637402,5.896859,nan
22.740,APPROACH,64.594471,-9.187397,63.934732,0.622450,5.333442,-13.149160,-0.054380,-60.092433,-58.842433,29.170375,-6.750000,3.250000,0.227026,0.000000,0.000000,154.290046,-69.279830,5.092299,29.792825,-1.416558,-9.899160,0.172646,0.000000,0.000000,-98.143672,-75.232778,-57.686055,29.192825,-0.510944,-2.800000,0.190696,0.000000,0.000000,0.000000,-9.187397,63.934732,0.622450,64.594471,5.333442,-13.149160,-0.054380,14.189748,nan,nan,nan,0,nan,nan,nan,0,nan,nan,nan,nan,nan,nan,nan,nan,nan,nan,nan,nan,nan,nan,nan,nan,nan,nan,nan,nan,nan,nan,nan,nan,nan,nan,nan,nan,nan,nan,nan,nan,nan,nan,nan,nan,nan,nan,nan,nan,nan,nan,nan,nan,nan,nan,nan,nan,nan,nan,2.000000,64.591471,-61.988564,-18.151477,12.261050,7.142314,64.592853,-61.988564,-18.151477,0.422450,10.000000,0.000000,14.189748,inf,0.000000,1.000000,0.000000,0.000000,0.000000,0.000000,0.000000,0.000000,0.000000,0.000000,0.000000,0.000000,4.000000,3.852363,5.861215,nan
22.780,APPROACH,63.910459,-8.911382,63.283091,0.620080,5.520299,-13.032814,-0.047406,-60.436183,-58.686183,29.181032,-6.875000,3.125000,0.213146,0.000000,0.000000,155.556045,-69.347565,4.596908,29.801112,-1.354701,-9.907814,0.165740,0.000000,0.000000,-97.785805,-74.841085,-57.725897,29.201112,-0.410944,-2.900000,0.180451,0.000000,0.000000,0.000000,-8.911382,63.283091,0.620080,63.910459,5.520299,-13.032814,-0.047406,14.153805,nan,nan,nan,0,nan,nan,nan,0,nan,nan,nan,nan,nan,nan,nan,nan,nan,nan,nan,nan,nan,nan,nan,nan,nan,nan,nan,nan,nan,nan,nan,nan,nan,nan,nan,nan,nan,nan,nan,nan,nan,nan,nan,nan,nan,nan,nan,nan,nan,nan,nan,nan,nan,nan,nan,nan,nan,nan,2.000000,63.907451,-61.492486,-17.402199,12.164835,7.234966,63.908832,-61.492486,-17.402199,0.420080,10.000000,0.000000,14.153805,inf,0.000000,1.000000,0.000000,0.000000,0.000000,0.000000,0.000000,0.000000,0.000000,0.000000,0.000000,0.000000,4.000000,4.250829,5.795143,nan
22.840,APPROACH,63.231479,-8.626021,62.637287,0.618009,5.707209,-12.916082,-0.041421,-60.786183,-58.536183,29.191059,-7.000000,3.000000,0.200531,0.000000,0.000000,156.801409,-69.412205,4.101104,29.809068,-1.292791,-9.916082,0.159110,0.000000,0.000000,-97.427939,-74.452232,-57.762959,29.209068,-0.260944,-3.050000,0.171007,0.000000,0.000000,0.000000,-8.626021,62.637287,0.618009,63.231479,5.707209,-12.916082,-0.041421,14.120876,nan,nan,nan,0,nan,nan,nan,0,nan,nan,nan,nan,nan,nan,nan,nan,nan,nan,nan,nan,nan,nan,nan,nan,nan,nan,nan,nan,nan,nan,nan,nan,nan,nan,nan,nan,nan,nan,nan,nan,nan,nan,nan,nan,nan,nan,nan,nan,nan,nan,nan,nan,nan,nan,nan,nan,nan,nan,2.000000,63.228458,-60.996485,-16.651329,12.069871,7.329095,63.229840,-60.996485,-16.651329,0.418009,10.000000,0.000000,14.120876,inf,0.000000,1.000000,0.000000,0.000000,0.000000,0.000000,0.000000,0.000000,0.000000,0.000000,0.000000,0.000000,4.000000,4.787855,5.706095,nan
22.880,APPROACH,62.557657,-8.331313,61.997339,0.616195,5.894169,-12.798964,-0.036271,-61.142433,-58.392433,29.200510,-7.125000,2.875000,0.189016,0.000000,0.000000,158.025492,-69.473746,3.604906,29.816705,-1.230831,-9.923964,0.152746,0.000000,0.000000,-97.070072,-74.066230,-57.797206,29.216705,-0.160944,-3.150000,0.162269,0.000000,0.000000,0.000000,-8.331313,61.997339,0.616195,62.557657,5.894169,-12.798964,-0.036271,14.090990,nan,nan,nan,0,nan,nan,nan,0,nan,nan,nan,nan,nan,nan,nan,nan,nan,nan,nan,nan,nan,nan,nan,nan,nan,nan,nan,nan,nan,nan,nan,nan,nan,nan,nan,nan,nan,nan,nan,nan,nan,nan,nan,nan,nan,nan,nan,nan,nan,nan,nan,nan,nan,nan,nan,nan,nan,nan,2.000000,62.554622,-60.500489,-15.898791,11.976172,7.424688,62.556007,-60.500489,-15.898791,0.416195,10.000000,0.000000,14.090990,inf,0.000000,1.000000,0.000000,0.000000,0.000000,0.000000,0.000000,0.000000,0.000000,0.000000,0.000000,0.000000,4.000000,5.423082,5.600764,nan
22.940,APPROACH,61.889134,-8.027254,61.363266,0.614604,6.081177,-12.681458,-0.031829,-61.504933,-58.254933,29.209433,-7.250000,2.750000,0.178465,0.000000,0.000000,159.227745,-69.532187,3.108333,29.824037,-1.168823,-9.931458,0.146636,0.000000,0.000000,-96.712206,-73.683088,-57.828600,29.224037,-0.010944,-3.300000,0.154038,0.000000,0.000000,0.000000,-8.027254,61.363266,0.614604,61.889134,6.081177,-12.681458,-0.031829,14.064178,nan,nan,nan,0,nan,nan,nan,0,nan,nan,nan,nan,nan,nan,nan,nan,nan,nan,nan,nan,nan,nan,nan,nan,nan,nan,nan,nan,nan,nan,nan,nan,nan,nan,nan,nan,nan,nan,nan,nan,nan,nan,nan,nan,nan,nan,nan,nan,nan,nan,nan,nan,nan,nan,nan,nan,nan,nan,2.000000,61.886082,-60.004424,-15.144514,11.883754,7.521733,61.887471,-60.004424,-15.144514,0.414604,10.000000,0.000000,14.064178,inf,0.000000,1.000000,0.000000,0.000000,0.000000,0.000000,0.000000,0.000000,0.000000,0.000000,0.000000,0.000000,4.000000,6.126674,5.484097,nan
22.980,APPROACH,61.226059,-7.713843,60.735088,0.613210,6.268231,-12.563564,-0.027872,-61.873683,-58.123683,29.217865,-7.375000,2.625000,0.168642,0.000000,0.000000,160.407718,-69.587526,2.611404,29.831075,-1.106769,-9.938564,0.140770,0.000000,0.000000,-96.354339,-36.691463,-74.585037,30.146083,0.089056,-3.300000,0.104038,0.000000,0.000000,0.000000,-7.713843,60.735088,0.613210,61.226059,6.268231,-12.563564,-0.027872,14.040464,nan,nan,nan,0,nan,nan,nan,0,nan,nan,nan,nan,nan,nan,nan,nan,nan,nan,nan,nan,nan,nan,nan,nan,nan,nan,nan,nan,nan,nan,nan,nan,nan,nan,nan,nan,nan,nan,nan,nan,nan,nan,nan,nan,nan,nan,nan,nan,nan,nan,nan,nan,nan,nan,nan,nan,nan,nan,2.000000,61.222988,-59.508213,-14.388425,11.792631,7.620218,61.224382,-59.508213,-14.388425,0.413210,10.000000,0.000000,14.040464,inf,0.000000,1.000000,0.000000,0.000000,0.000000,0.000000,0.000000,0.000000,0.000000,0.000000,0.000000,0.000000,4.000000,6.878302,5.359465,nan
23.040,APPROACH,60.570049,-7.403576,60.112823,0.605285,6.205328,-12.445283,-0.158503,-62.236183,-57.998683,29.232547,-7.250000,2.500000,0.293642,0.000000,0.000000,160.974394,-69.639759,2.114140,29.837832,-1.044672,-9.945283,0.135140,0.000000,0.000000,-95.996473,-36.262176,-74.875330,30.116240,0.239056,-3.150000,0.042826,0.000000,0.000000,0.000000,-7.403576,60.112823,0.605285,60.570049,6.205328,-12.445283,-0.158503,13.907419,nan,nan,nan,0,nan,nan,nan,0,nan,nan,nan,nan,nan,nan,nan,nan,nan,nan,nan,nan,nan,nan,nan,nan,nan,nan,nan,nan,nan,nan,nan,nan,nan,nan,nan,nan,nan,nan,nan,nan,nan,nan,nan,nan,nan,nan,nan,nan,nan,nan,nan,nan,nan,nan,nan,nan,nan,nan,2.000000,60.567025,-59.010475,-13.642887,11.728933,7.471498,60.568381,-59.010475,-13.642887,0.405285,10.000000,0.000000,13.907419,inf,0.000000,1.000000,0.000000,0.000000,0.000000,0.000000,0.000000,0.000000,0.000000,0.000000,0.000000,0.000000,3.000000,7.011228,4.390032,nan
23.080,APPROACH,59.921126,-7.096453,59.496493,0.590840,6.142465,-12.326614,-0.288908,-62.592433,-57.879933,29.253479,-7.125000,2.375000,0.418642,0.000000,0.000000,161.565051,-69.688886,1.616560,29.844319,-0.982535,-9.951614,0.129734,0.000000,0.000000,-95.638607,-35.831085,-75.162936,30.087590,0.339056,-3.050000,0.040650,0.000000,0.000000,0.000000,-7.096453,59.496493,0.590840,59.921126,6.142465,-12.326614,-0.288908,13.775295,nan,nan,nan,0,nan,nan,nan,0,nan,nan,nan,nan,nan,nan,nan,nan,nan,nan,nan,nan,nan,nan,nan,nan,nan,nan,nan,nan,nan,nan,nan,nan,nan,nan,nan,nan,nan,nan,nan,nan,nan,nan,nan,nan,nan,nan,nan,nan,nan,nan,nan,nan,nan,nan,nan,nan,nan,nan,2.000000,59.918213,-58.511363,-12.907853,11.663452,7.323877,59.919488,-58.511363,-12.907853,0.390840,10.000000,-0.000000,13.775295,inf,0.000000,1.000000,0.000000,0.000000,0.000000,0.000000,0.000000,0.000000,0.000000,0.000000,0.000000,0.000000,3.000000,6.619171,4.360816,nan
23.140,APPROACH,59.279313,-6.792471,58.886115,0.569885,6.079641,-12.207557,-0.419098,-62.942433,-57.767433,29.280662,-7.000000,2.250000,0.543642,0.000000,0.000000,162.181111,-69.734904,1.118682,29.850546,-0.920359,-9.957557,0.124545,0.000000,0.000000,-95.280740,-39.647231,-72.476706,29.997814,0.489056,-2.900000,0.036809,0.000000,0.000000,0.000000,-6.792471,58.886115,0.569885,59.279313,6.079641,-12.207557,-0.419098,13.644124,nan,nan,nan,0,nan,nan,nan,0,nan,nan,nan,nan,nan,nan,nan,nan,nan,nan,nan,nan,nan,nan,nan,nan,nan,nan,nan,nan,nan,nan,nan,nan,nan,nan,nan,nan,nan,nan,nan,nan,nan,nan,nan,nan,nan,nan,nan,nan,nan,nan,nan,nan,nan,nan,nan,nan,nan,nan,2.000000,59.276574,-58.011033,-12.183276,11.596199,7.177371,59.277728,-58.011033,-12.183276,0.369885,10.000000,0.000000,13.644124,inf,0.000000,1.000000,0.000000,0.000000,0.000000,0.000000,0.000000,0.000000,0.000000,0.000000,0.000000,0.000000,3.000000,6.325944,4.384850,nan
23.180,APPROACH,58.644634,-6.491628,58.281709,0.542431,6.016853,-12.088111,-0.549079,-63.286183,-57.661183,29.314094,-6.875000,2.125000,0.668642,0.000000,0.000000,162.824096,-69.777811,0.620526,29.856525,-0.858147,-9.963111,0.119563,0.000000,0.000000,-94.922874,-39.231056,-72.785501,29.973902,0.589056,-2.800000,0.029183,0.000000,0.000000,0.000000,-6.491628,58.281709,0.542431,58.644634,6.016853,-12.088111,-0.549079,13.513935,nan,nan,nan,0,nan,nan,nan,0,nan,nan,nan,nan,nan,nan,nan,nan,nan,nan,nan,nan,nan,nan,nan,nan,nan,nan,nan,nan,nan,nan,nan,nan,nan,nan,nan,nan,nan,nan,nan,nan,nan,nan,nan,nan,nan,nan,nan,nan,nan,nan,nan,nan,nan,nan,nan,nan,nan,nan,2.000000,58.642125,-57.509638,-11.469107,11.527185,7.031995,58.643125,-57.509638,-11.469107,0.342431,10.000000,0.000000,13.513935,inf,0.000000,1.000000,0.000000,0.000000,0.000000,0.000000,0.000000,0.000000,0.000000,0.000000,0.000000,0.000000,3.000000,6.142434,4.417199,nan
23.240,APPROACH,58.017163,-6.193923,57.683295,0.513720,5.954099,-11.968277,-0.574210,-63.623683,-57.561183,29.348543,-6.750000,2.000000,0.688991,0.000000,0.000000,163.495639,-69.817606,0.122112,29.862264,-0.795901,-9.968277,0.114780,0.000000,0.000000,-94.565007,-38.812959,-73.091691,29.950946,0.739056,-2.650000,0.016789,0.000000,0.000000,0.000000,-6.193923,57.683295,0.513720,58.017163,5.954099,-11.968277,-0.574210,13.379860,nan,nan,nan,0,nan,nan,nan,0,nan,nan,nan,nan,nan,nan,nan,nan,nan,nan,nan,nan,nan,nan,nan,nan,nan,nan,nan,nan,nan,nan,nan,nan,nan,nan,nan,nan,nan,nan,nan,nan,nan,nan,nan,nan,nan,nan,nan,nan,nan,nan,nan,nan,nan,nan,nan,nan,nan,nan,2.000000,58.014888,-57.007330,-10.765295,11.456422,6.887767,58.015737,-57.007330,-10.765295,0.313720,10.000000,0.000000,13.379860,inf,0.000000,1.000000,0.000000,0.000000,0.000000,0.000000,0.000000,0.000000,0.000000,0.000000,0.000000,0.000000,3.000000,6.075301,4.429034,nan
23.280,APPROACH,57.396958,-5.899355,57.090893,0.488270,5.891375,-11.848053,-0.509002,-63.954933,-57.467433,29.379503,-6.625000,1.875000,0.619191,0.000000,0.000000,164.197486,-69.854288,-0.376540,29.867773,-0.733625,-9.973053,0.110189,0.000000,0.000000,-94.207141,-38.392959,-73.395263,29.928908,0.839056,-2.550000,0.002158,0.000000,0.000000,0.000000,-5.899355,57.090893,0.488270,57.396958,5.891375,-11.848053,-0.509002,13.241743,nan,nan,nan,0,nan,nan,nan,0,nan,nan,nan,nan,nan,nan,nan,nan,nan,nan,nan,nan,nan,nan,nan,nan,nan,nan,nan,nan,nan,nan,nan,nan,nan,nan,nan,nan,nan,nan,nan,nan,nan,nan,nan,nan,nan,nan,nan,nan,nan,nan,nan,nan,nan,nan,nan,nan,nan,nan,2.000000,57.394882,-56.504261,-10.071788,11.383921,6.744703,57.395605,-56.504261,-10.071788,0.288270,10.000000,0.000000,13.241743,inf,0.000000,1.000000,0.000000,0.000000,0.000000,0.000000,0.000000,0.000000,0.000000,0.000000,0.000000,0.000000,3.000000,6.125137,4.420248,nan
23.340,APPROACH,56.784036,-5.607921,56.504521,0.465981,5.828680,-11.727441,-0.445781,-64.279933,-57.379933,29.407081,-6.500000,1.750000,0.551563,0.000000,0.000000,164.931512,-69.887854,-0.875412,29.873062,-0.671320,-9.977441,0.105782,0.000000,0.000000,-93.849274,-37.971070,-73.696207,29.907752,0.989056,-2.400000,-0.010950,0.000000,0.000000,0.000000,-5.607921,56.504521,0.465981,56.784036,5.828680,-11.727441,-0.445781,13.103630,nan,nan,nan,0,nan,nan,nan,0,nan,nan,nan,nan,nan,nan,nan,nan,nan,nan,nan,nan,nan,nan,nan,nan,nan,nan,nan,nan,nan,nan,nan,nan,nan,nan,nan,nan,nan,nan,nan,nan,nan,nan,nan,nan,nan,nan,nan,nan,nan,nan,nan,nan,nan,nan,nan,nan,nan,nan,2.000000,56.782124,-56.000582,-9.388530,11.309694,6.602818,56.782747,-56.000582,-9.388530,0.265981,10.000000,0.000000,13.103630,inf,0.000000,1.000000,0.000000,0.000000,0.000000,0.000000,0.000000,0.000000,0.000000,0.000000,0.000000,0.000000,3.000000,6.286042,4.391884,nan
23.381,APPROACH,56.178410,-5.319620,55.924199,0.446573,5.766011,-11.606439,-0.388170,-64.598683,-57.298683,29.431567,-6.375000,1.625000,0.489720,0.000000,0.000000,165.699723,-69.918303,-1.374484,29.878140,-0.608989,-9.981439,0.101550,0.000000,0.000000,-93.491408,-41.819144,-70.730335,29.836666,1.089056,-2.300000,-0.023170,0.000000,0.000000,0.000000,-5.319620,55.924199,0.446573,56.178410,5.766011,-11.606439,-0.388170,12.965608,nan,nan,nan,0,nan,nan,nan,0,nan,nan,nan,nan,nan,nan,nan,nan,nan,nan,nan,nan,nan,nan,nan,nan,nan,nan,nan,nan,nan,nan,nan,nan,nan,nan,nan,nan,nan,nan,nan,nan,nan,nan,nan,nan,nan,nan,nan,nan,nan,nan,nan,nan,nan,nan,nan,nan,nan,nan,2.000000,56.176635,-55.496441,-8.715466,11.233754,6.462128,56.177177,-55.496441,-8.715466,0.246573,10.000000,0.000000,12.965608,inf,0.000000,1.000000,0.000000,0.000000,0.000000,0.000000,0.000000,0.000000,0.000000,0.000000,0.000000,0.000000,3.000000,6.546862,4.345906,nan
23.440,APPROACH,55.580115,-5.034452,55.349946,0.432351,5.703366,-11.485048,-0.284441,-64.911183,-57.223683,29.450663,-6.250000,1.500000,0.381930,0.000000,0.000000,166.504267,-69.945635,-1.873737,29.883014,-0.546634,-9.985048,0.097488,0.000000,0.000000,-93.133541,-41.413833,-71.052730,29.819200,1.239056,-2.150000,-0.034677,0.000000,0.000000,0.000000,-5.034452,55.349946,0.432351,55.580115,5.703366,-11.485048,-0.284441,12.826365,nan,nan,nan,0,nan,nan,nan,0,nan,nan,nan,nan,nan,nan,nan,nan,nan,nan,nan,nan,nan,nan,nan,nan,nan,nan,nan,nan,nan,nan,nan,nan,nan,nan,nan,nan,nan,nan,nan,nan,nan,nan,nan,nan,nan,nan,nan,nan,nan,nan,nan,nan,nan,nan,nan,nan,nan,nan,2.000000,55.578433,-54.991989,-8.052538,11.156111,6.322650,55.578919,-54.991989,-8.052538,0.232351,10.000000,0.000000,12.826365,inf,0.000000,1.000000,0.000000,0.000000,0.000000,0.000000,0.000000,0.000000,0.000000,0.000000,0.000000,0.000000,3.000000,6.893471,4.284805,nan
23.480,APPROACH,54.989143,-4.752414,54.781783,0.420337,5.640743,-11.363268,-0.240271,-65.217433,-57.154933,29.467356,-6.125000,1.375000,0.333860,0.000000,0.000000,167.347443,-69.969848,-2.373150,29.887693,-0.484257,-9.988268,0.093589,0.000000,0.000000,-92.775675,-41.006517,-71.372587,29.802432,1.339056,-2.050000,-0.042642,0.000000,0.000000,0.000000,-4.752414,54.781783,0.420337,54.989143,5.640743,-11.363268,-0.240271,12.688560,nan,nan,nan,0,nan,nan,nan,0,nan,nan,nan,nan,nan,nan,nan,nan,nan,nan,nan,nan,nan,nan,nan,nan,nan,nan,nan,nan,nan,nan,nan,nan,nan,nan,nan,nan,nan,nan,nan,nan,nan,nan,nan,nan,nan,nan,nan,nan,nan,nan,nan,nan,nan,nan,nan,nan,nan,nan,2.000000,54.987537,-54.487373,-7.399686,11.076779,6.184399,54.987978,-54.487373,-7.399686,0.220337,10.000000,-0.000000,12.688560,inf,0.000000,1.000000,0.000000,0.000000,0.000000,0.000000,0.000000,0.000000,0.000000,0.000000,0.000000,0.000000,3.000000,7.311069,4.211190,nan
23.540,APPROACH,54.405509,-4.473508,54.219728,0.410208,5.578138,-11.241098,-0.202588,-65.517433,-57.092433,29.481978,-6.000000,1.250000,0.292433,0.000000,0.000000,168.231711,-69.990941,-2.872705,29.892186,-0.421862,-9.991098,0.089845,0.000000,0.000000,-92.417809,-40.597211,-71.689894,29.786334,1.489056,-1.900000,-0.049454,0.000000,0.000000,0.000000,-4.473508,54.219728,0.410208,54.405509,5.578138,-11.241098,-0.202588,12.550655,nan,nan,nan,0,nan,nan,nan,0,nan,nan,nan,nan,nan,nan,nan,nan,nan,nan,nan,nan,nan,nan,nan,nan,nan,nan,nan,nan,nan,nan,nan,nan,nan,nan,nan,nan,nan,nan,nan,nan,nan,nan,nan,nan,nan,nan,nan,nan,nan,nan,nan,nan,nan,nan,nan,nan,nan,nan,2.000000,54.403963,-53.982740,-6.756849,10.995770,6.047391,54.404369,-53.982740,-6.756849,0.210208,10.000000,0.000000,12.550655,inf,0.000000,1.000000,0.000000,0.000000,0.000000,0.000000,0.000000,0.000000,0.000000,0.000000,0.000000,0.000000,3.000000,7.785811,4.127501,nan
23.580,APPROACH,53.829229,-4.197730,53.663801,0.401775,5.515550,-11.118538,-0.168651,-65.811183,-57.036183,29.494723,-5.875000,1.125000,0.254903,0.000000,0.000000,169.159695,-70.008913,-3.372382,29.896498,-0.359450,-9.993538,0.086251,0.000000,0.000000,-92.059942,-40.185932,-72.004638,29.770881,1.589056,-1.800000,-0.055316,0.000000,0.000000,0.000000,-4.197730,53.663801,0.401775,53.829229,5.515550,-11.118538,-0.168651,12.412559,nan,nan,nan,0,nan,nan,nan,0,nan,nan,nan,nan,nan,nan,nan,nan,nan,nan,nan,nan,nan,nan,nan,nan,nan,nan,nan,nan,nan,nan,nan,nan,nan,nan,nan,nan,nan,nan,nan,nan,nan,nan,nan,nan,nan,nan,nan,nan,nan,nan,nan,nan,nan,nan,nan,nan,nan,nan,2.000000,53.827730,-53.478234,-6.123964,10.913096,5.911642,53.828108,-53.478234,-6.123964,0.201775,10.000000,0.000000,12.412559,inf,0.000000,1.000000,0.000000,0.000000,0.000000,0.000000,0.000000,0.000000,0.000000,0.000000,0.000000,0.000000,3.000000,8.305647,4.035864,nan
23.640,APPROACH,53.260318,-3.925081,53.114022,0.394873,5.452975,-10.995588,-0.138040,-66.098683,-56.986183,29.505765,-5.750000,1.000000,0.220842,0.000000,0.000000,170.134193,-70.023765,-3.872161,29.900638,-0.297025,-9.995588,0.082801,0.000000,0.000000,-91.702076,-39.772694,-72.316807,29.756046,1.739056,-1.650000,-0.060326,0.000000,0.000000,0.000000,-3.925081,53.114022,0.394873,53.260318,5.452975,-10.995588,-0.138040,12.274239,nan,nan,nan,0,nan,nan,nan,0,nan,nan,nan,nan,nan,nan,nan,nan,nan,nan,nan,nan,nan,nan,nan,nan,nan,nan,nan,nan,nan,nan,nan,nan,nan,nan,nan,nan,nan,nan,nan,nan,nan,nan,nan,nan,nan,nan,nan,nan,nan,nan,nan,nan,nan,nan,nan,nan,nan,nan,2.000000,53.258854,-52.974003,-5.500966,10.828770,5.777165,53.259211,-52.974003,-5.500966,0.194873,10.000000,0.000000,12.274239,inf,0.000000,1.000000,0.000000,0.000000,0.000000,0.000000,0.000000,0.000000,0.000000,0.000000,0.000000,0.000000,3.000000,8.860548,3.938044,nan
23.680,APPROACH,52.698792,-3.655561,52.570409,0.389350,5.390413,-10.872248,-0.110465,-66.379933,-56.942433,29.515263,-5.625000,0.875000,0.189954,0.000000,0.000000,171.158185,-70.035494,-4.372024,29.904613,-0.234587,-9.997248,0.079489,0.000000,0.000000,-91.344209,-43.550492,-69.228359,29.702059,1.839056,-1.550000,-0.066546,0.000000,0.000000,0.000000,-3.655561,52.570409,0.389350,52.698792,5.390413,-10.872248,-0.110465,12.135672,nan,nan,nan,0,nan,nan,nan,0,nan,nan,nan,nan,nan,nan,nan,nan,nan,nan,nan,nan,nan,nan,nan,nan,nan,nan,nan,nan,nan,nan,nan,nan,nan,nan,nan,nan,nan,nan,nan,nan,nan,nan,nan,nan,nan,nan,nan,nan,nan,nan,nan,nan,nan,nan,nan,nan,nan,nan,2.000000,52.697354,-52.470188,-4.887789,10.742804,5.643978,52.697694,-52.470188,-4.887789,0.189350,10.000000,0.000000,12.135672,inf,0.000000,1.000000,0.000000,0.000000,0.000000,0.000000,0.000000,0.000000,0.000000,0.000000,0.000000,0.000000,3.000000,9.442385,3.835477,nan
23.740,APPROACH,52.144681,-3.389168,52.032983,0.387153,5.327859,-10.748518,-0.043941,-66.654933,-56.904933,29.521275,-5.500000,0.750000,0.120250,0.000000,0.000000,172.234834,-70.044101,-4.871950,29.908428,-0.172141,-9.998518,0.076310,0.000000,0.000000,-90.986343,-43.154529,-69.561597,29.689977,1.989056,-1.524605,-0.071064,0.000000,0.000000,0.000000,-3.389168,52.032983,0.387153,52.144681,5.327859,-10.748518,-0.043941,11.996610,nan,nan,nan,0,nan,nan,nan,0,nan,nan,nan,nan,nan,nan,nan,nan,nan,nan,nan,nan,nan,nan,nan,nan,nan,nan,nan,nan,nan,nan,nan,nan,nan,nan,nan,nan,nan,nan,nan,nan,nan,nan,nan,nan,nan,nan,nan,nan,nan,nan,nan,nan,nan,nan,nan,nan,nan,nan,2.000000,52.143243,-51.966932,-4.284365,10.655211,5.512096,52.143579,-51.966932,-4.284365,0.187153,10.000000,-0.000000,11.996610,inf,0.000000,1.000000,0.000000,0.000000,0.000000,0.000000,0.000000,0.000000,0.000000,0.000000,0.000000,0.000000,2.000000,9.367182,2.683090,nan
23.780,APPROACH,51.597983,-3.125902,51.501764,0.385934,5.265312,-10.624398,-0.024381,-66.923683,-56.873683,29.526157,-5.375000,0.625000,0.097638,0.000000,0.000000,173.367485,-70.049585,-5.371920,29.912091,-0.109688,-9.999398,0.073257,0.000000,0.000000,-90.628476,-42.756493,-69.892356,29.678378,2.089056,-1.508573,-0.073100,0.000000,0.000000,0.000000,-3.125902,51.501764,0.385934,51.597983,5.265312,-10.624398,-0.024381,11.857569,nan,nan,nan,0,nan,nan,nan,0,nan,nan,nan,nan,nan,nan,nan,nan,nan,nan,nan,nan,nan,nan,nan,nan,nan,nan,nan,nan,nan,nan,nan,nan,nan,nan,nan,nan,nan,nan,nan,nan,nan,nan,nan,nan,nan,nan,nan,nan,nan,nan,nan,nan,nan,nan,nan,nan,nan,nan,2.000000,51.596540,-51.464378,-3.690625,10.566005,5.381532,51.596875,-51.464378,-3.690625,0.185934,10.000000,-0.000000,11.857569,inf,0.000000,1.000000,0.000000,0.000000,0.000000,0.000000,0.000000,0.000000,0.000000,0.000000,0.000000,0.000000,2.000000,9.198885,2.715734,nan
23.840,APPROACH,51.058713,-2.865764,50.976769,0.385494,5.202770,-10.499888,-0.008794,-67.186183,-56.848683,29.530113,-5.250000,0.500000,0.079121,0.000000,0.000000,174.559668,-70.051947,-5.871914,29.915608,-0.047230,-9.999888,0.070327,0.000000,0.000000,-90.270610,-42.356398,-70.220621,29.667243,2.239056,-1.492256,-0.074589,0.000000,0.000000,0.000000,-2.865764,50.976769,0.385494,51.058713,5.202770,-10.499888,-0.008794,11.718214,nan,nan,nan,0,nan,nan,nan,0,nan,nan,nan,nan,nan,nan,nan,nan,nan,nan,nan,nan,nan,nan,nan,nan,nan,nan,nan,nan,nan,nan,nan,nan,nan,nan,nan,nan,nan,nan,nan,nan,nan,nan,nan,nan,nan,nan,nan,nan,nan,nan,nan,nan,nan,nan,nan,nan,nan,nan,2.000000,51.057258,-50.962666,-3.106496,10.475199,5.252303,51.057595,-50.962666,-3.106496,0.185494,10.000000,0.000000,11.718214,inf,0.000000,1.000000,0.000000,0.000000,0.000000,0.000000,0.000000,0.000000,0.000000,0.000000,0.000000,0.000000,2.000000,9.090649,2.736728,nan
23.880,APPROACH,50.526885,-2.608752,50.458020,0.385743,5.140229,-10.374988,0.004974,-67.442433,-56.829933,29.533240,-5.125000,0.375000,0.062540,0.000000,0.000000,175.815084,-70.051185,-6.371913,29.918983,0.015229,-9.999988,0.067514,0.000000,0.000000,-89.912744,-41.954261,-70.546382,29.656553,2.339056,-1.475643,-0.075669,0.000000,0.000000,0.000000,-2.608752,50.458020,0.385743,50.526885,5.140229,-10.374988,0.004974,11.578530,nan,nan,nan,0,nan,nan,nan,0,nan,nan,nan,nan,nan,nan,nan,nan,nan,nan,nan,nan,nan,nan,nan,nan,nan,nan,nan,nan,nan,nan,nan,nan,nan,nan,nan,nan,nan,nan,nan,nan,nan,nan,nan,nan,nan,nan,nan,nan,nan,nan,nan,nan,nan,nan,nan,nan,nan,nan,2.000000,50.525413,-50.461934,-2.531906,10.382804,5.124423,50.525754,-50.461934,-2.531906,0.185743,10.000000,0.000000,11.578530,inf,0.000000,1.000000,0.000000,0.000000,0.000000,0.000000,0.000000,0.000000,0.000000,0.000000,0.000000,0.000000,2.000000,9.042759,2.746017,nan
23.940,APPROACH,50.002513,-2.354868,49.945535,0.386601,5.077688,-10.249698,0.017169,-67.692433,-56.817433,29.535623,-5.000000,0.250000,0.047644,0.000000,0.000000,177.137595,-70.047301,-6.871898,29.922224,0.077688,-9.999698,0.064813,0.000000,0.000000,-89.554877,-41.550097,-70.869624,29.646291,2.489056,-1.458719,-0.076386,0.000000,0.000000,0.000000,-2.354868,49.945535,0.386601,50.002513,5.077688,-10.249698,0.017169,11.438510,nan,nan,nan,0,nan,nan,nan,0,nan,nan,nan,nan,nan,nan,nan,nan,nan,nan,nan,nan,nan,nan,nan,nan,nan,nan,nan,nan,nan,nan,nan,nan,nan,nan,nan,nan,nan,nan,nan,nan,nan,nan,nan,nan,nan,nan,nan,nan,nan,nan,nan,nan,nan,nan,nan,nan,nan,nan,2.000000,50.001018,-49.962322,-1.966781,10.288836,4.997907,50.001367,-49.962322,-1.966781,0.186601,10.000000,0.000000,11.438510,inf,0.000000,1.000000,0.000000,0.000000,0.000000,0.000000,0.000000,0.000000,0.000000,0.000000,0.000000,0.000000,2.000000,9.054324,2.743773,nan
23.980,APPROACH,49.485610,-2.104111,49.439334,0.387998,5.015143,-10.124018,0.027939,-67.936183,-56.811183,29.537337,-4.875000,0.125000,0.034282,0.000000,0.000000,178.531199,-70.040294,-7.371849,29.925335,0.140143,-9.999018,0.062221,0.000000,0.000000,-89.197011,-41.143922,-71.190336,29.636439,2.589056,-1.441472,-0.076782,0.000000,0.000000,0.000000,-2.104111,49.439334,0.387998,49.485610,5.015143,-10.124018,0.027939,11.298150,nan,nan,nan,0,nan,nan,nan,0,nan,nan,nan,nan,nan,nan,nan,nan,nan,nan,nan,nan,nan,nan,nan,nan,nan,nan,nan,nan,nan,nan,nan,nan,nan,nan,nan,nan,nan,nan,nan,nan,nan,nan,nan,nan,nan,nan,nan,nan,nan,nan,nan,nan,nan,nan,nan,nan,nan,nan,2.000000,49.484089,-49.463966,-1.411044,10.193308,4.872769,49.484446,-49.463966,-1.411044,0.187998,10.000000,0.000000,11.298150,inf,0.000000,1.000000,0.000000,0.000000,0.000000,0.000000,0.000000,0.000000,0.000000,0.000000,0.000000,0.000000,2.000000,9.123302,2.730394,nan
24.040,APPROACH,48.976188,-1.856481,48.939437,0.389869,4.952594,-9.997948,0.037411,-68.173683,-56.811183,29.538453,-4.750000,0.000000,0.022321,0.000000,0.000000,180.000000,-70.030164,-7.871747,29.928322,0.202594,-9.997948,0.059732,0.000000,0.000000,-88.839144,-44.852717,-68.024204,29.597116,2.739056,-1.423874,-0.079389,0.000000,0.000000,0.000000,-1.856481,48.939437,0.389869,48.976188,4.952594,-9.997948,0.037411,11.157443,nan,nan,nan,0,nan,nan,nan,0,nan,nan,nan,nan,nan,nan,nan,nan,nan,nan,nan,nan,nan,nan,nan,nan,nan,nan,nan,nan,nan,nan,nan,nan,nan,nan,nan,nan,nan,nan,nan,nan,nan,nan,nan,nan,nan,nan,nan,nan,nan,nan,nan,nan,nan,nan,nan,nan,nan,nan,2.000000,48.974636,-48.967003,-0.864618,10.096232,4.749025,48.975004,-48.967003,-0.864618,0.189869,10.000000,0.000000,11.157443,inf,0.000000,1.000000,0.000000,0.000000,0.000000,0.000000,0.000000,0.000000,0.000000,0.000000,0.000000,0.000000,2.000000,9.246632,2.706472,nan
24.080,APPROACH,48.474273,-1.611979,48.445862,0.393772,4.890036,-9.871487,0.078068,-68.404933,-56.817433,29.537416,-4.625000,-0.125000,-0.020726,0.000000,0.000000,-178.451842,-70.016912,-8.371571,29.931189,0.265036,-9.996487,0.057343,0.000000,0.000000,-88.481278,-44.464250,-68.365599,29.589231,2.839056,-1.405940,-0.079913,0.000000,0.000000,0.000000,-1.611979,48.445862,0.393772,48.474273,4.890036,-9.871487,0.078068,11.016570,nan,nan,nan,0,nan,nan,nan,0,nan,nan,nan,nan,nan,nan,nan,nan,nan,nan,nan,nan,nan,nan,nan,nan,nan,nan,nan,nan,nan,nan,nan,nan,nan,nan,nan,nan,nan,nan,nan,nan,nan,nan,nan,nan,nan,nan,nan,nan,nan,nan,nan,nan,nan,nan,nan,nan,nan,nan,2.000000,48.472673,-48.471567,-0.327423,9.997623,4.626688,48.473060,-48.471567,-0.327423,0.193772,10.000000,-0.000000,11.016570,inf,0.000000,1.000000,0.000000,0.000000,0.000000,0.000000,0.000000,0.000000,0.000000,0.000000,0.000000,0.000000,2.000000,9.420459,2.672756,nan
24.140,APPROACH,47.979862,-1.370606,47.958630,0.397930,4.827468,-9.744637,0.083148,-68.629933,-56.829933,29.536012,-4.500000,-0.250000,-0.028099,0.000000,0.000000,-176.820170,-70.000539,-8.871303,29.933941,0.327468,-9.994637,0.055049,0.000000,0.000000,-88.123412,-44.073658,-68.704561,29.581662,2.989056,-1.387655,-0.078755,0.000000,0.000000,0.000000,-1.370606,47.958630,0.397930,47.979862,4.827468,-9.744637,0.083148,10.875169,nan,nan,nan,0,nan,nan,nan,0,nan,nan,nan,nan,nan,nan,nan,nan,nan,nan,nan,nan,nan,nan,nan,nan,nan,nan,nan,nan,nan,nan,nan,nan,nan,nan,nan,nan,nan,nan,nan,nan,nan,nan,nan,nan,nan,nan,nan,nan,nan,nan,nan,nan,nan,nan,nan,nan,nan,nan,2.000000,47.978212,-47.977792,0.200621,9.897495,4.505773,47.978620,-47.977792,0.200621,0.197930,10.000000,-0.000000,10.875169,inf,0.000000,1.000000,0.000000,0.000000,0.000000,0.000000,0.000000,0.000000,0.000000,0.000000,0.000000,0.000000,2.000000,9.640386,2.630098,nan
24.180,APPROACH,47.492966,-1.132361,47.477761,0.402227,4.764887,-9.617397,0.085952,-68.848683,-56.848683,29.534356,-4.375000,-0.375000,-0.033105,0.000000,0.000000,-175.100908,-69.981045,-9.370923,29.936583,0.389887,-9.992397,0.052847,0.000000,0.000000,-87.765545,-43.680957,-69.041077,29.574395,3.089056,-1.368996,-0.077421,0.000000,0.000000,0.000000,-1.132361,47.477761,0.402227,47.492966,4.764887,-9.617397,0.085952,10.733399,nan,nan,nan,0,nan,nan,nan,0,nan,nan,nan,nan,nan,nan,nan,nan,nan,nan,nan,nan,nan,nan,nan,nan,nan,nan,nan,nan,nan,nan,nan,nan,nan,nan,nan,nan,nan,nan,nan,nan,nan,nan,nan,nan,nan,nan,nan,nan,nan,nan,nan,nan,nan,nan,nan,nan,nan,nan,2.000000,47.491262,-47.485810,0.719596,9.795861,4.386294,47.491693,-47.485810,0.719596,0.202227,10.000000,0.000000,10.733399,inf,0.000000,1.000000,0.000000,0.000000,0.000000,0.000000,0.000000,0.000000,0.000000,0.000000,0.000000,0.000000,2.000000,9.901738,2.579404,nan
24.240,APPROACH,47.013594,-0.897247,47.003272,0.406633,4.702291,-9.489766,0.088115,-69.061183,-56.873683,29.532487,-4.250000,-0.500000,-0.037382,0.000000,0.000000,-173.290163,-69.958430,-9.870411,29.939120,0.452291,-9.989766,0.050733,0.000000,0.000000,-87.407679,-43.286161,-69.375134,29.567420,3.239056,-1.349947,-0.075996,0.000000,0.000000,0.000000,-0.897247,47.003272,0.406633,47.013594,4.702291,-9.489766,0.088115,10.591269,nan,nan,nan,0,nan,nan,nan,0,nan,nan,nan,nan,nan,nan,nan,nan,nan,nan,nan,nan,nan,nan,nan,nan,nan,nan,nan,nan,nan,nan,nan,nan,nan,nan,nan,nan,nan,nan,nan,nan,nan,nan,nan,nan,nan,nan,nan,nan,nan,nan,nan,nan,nan,nan,nan,nan,nan,nan,2.000000,47.011835,-46.995753,1.229587,9.692735,4.268265,47.012289,-46.995753,1.229587,0.206633,10.000000,0.000000,10.591269,inf,0.000000,1.000000,0.000000,0.000000,0.000000,0.000000,0.000000,0.000000,0.000000,0.000000,0.000000,0.000000,2.000000,10.199793,2.521592,nan
24.280,APPROACH,46.541756,-0.665263,46.535185,0.411121,4.639677,-9.361747,0.089767,-69.267433,-56.904933,29.530434,-4.125000,-0.625000,-0.041063,0.000000,0.000000,-171.384352,-69.932696,-10.369748,29.941555,0.514677,-9.986747,0.048704,0.000000,0.000000,-87.049812,-42.889286,-69.706718,29.560723,3.339056,-1.330496,-0.074499,0.000000,0.000000,0.000000,-0.665263,46.535185,0.411121,46.541756,4.639677,-9.361747,0.089767,10.448778,nan,nan,nan,0,nan,nan,nan,0,nan,nan,nan,nan,nan,nan,nan,nan,nan,nan,nan,nan,nan,nan,nan,nan,nan,nan,nan,nan,nan,nan,nan,nan,nan,nan,nan,nan,nan,nan,nan,nan,nan,nan,nan,nan,nan,nan,nan,nan,nan,nan,nan,nan,nan,nan,nan,nan,nan,nan,2.000000,46.539940,-46.507749,1.730680,9.588133,4.151700,46.540419,-46.507749,1.730680,0.211121,10.000000,0.000000,10.448778,inf,0.000000,1.000000,0.000000,0.000000,0.000000,0.000000,0.000000,0.000000,0.000000,0.000000,0.000000,0.000000,2.000000,10.529960,2.457551,nan
24.340,APPROACH,46.077460,-0.436411,46.073518,0.415670,4.577044,-9.233337,0.090966,-69.467433,-56.942433,29.528224,-4.000000,-0.750000,-0.044210,0.000000,0.000000,-169.380345,-69.903844,-10.868915,29.943893,0.577044,-9.983337,0.046756,0.000000,0.000000,-86.691946,-42.490349,-70.035817,29.554294,3.489056,-1.310627,-0.072943,0.000000,0.000000,0.000000,-0.436411,46.073518,0.415670,46.077460,4.577044,-9.233337,0.090966,10.305926,nan,nan,nan,0,nan,nan,nan,0,nan,nan,nan,nan,nan,nan,nan,nan,nan,nan,nan,nan,nan,nan,nan,nan,nan,nan,nan,nan,nan,nan,nan,nan,nan,nan,nan,nan,nan,nan,nan,nan,nan,nan,nan,nan,nan,nan,nan,nan,nan,nan,nan,nan,nan,nan,nan,nan,nan,nan,2.000000,46.075585,-46.021929,2.222959,9.482067,4.036613,46.076090,-46.021929,2.222959,0.215670,10.000000,0.000000,10.305926,inf,0.000000,1.000000,0.000000,0.000000,0.000000,0.000000,0.000000,0.000000,0.000000,0.000000,0.000000,0.000000,2.000000,10.887910,2.388121,nan
24.380,APPROACH,45.620713,-0.210691,45.618291,0.420258,4.514387,-9.104538,0.091759,-69.661183,-56.986183,29.525880,-3.875000,-0.875000,-0.046873,0.000000,0.000000,-167.275644,-69.871875,-11.367892,29.946137,0.639387,-9.979538,0.044885,0.000000,0.000000,-86.334079,-42.089363,-70.362417,29.548122,3.589056,-1.290326,-0.071559,0.000000,0.000000,0.000000,-0.210691,45.618291,0.420258,45.620713,4.514387,-9.104538,0.091759,10.162713,nan,nan,nan,0,nan,nan,nan,0,nan,nan,nan,nan,nan,nan,nan,nan,nan,nan,nan,nan,nan,nan,nan,nan,nan,nan,nan,nan,nan,nan,nan,nan,nan,nan,nan,nan,nan,nan,nan,nan,nan,nan,nan,nan,nan,nan,nan,nan,nan,nan,nan,nan,nan,nan,nan,nan,nan,nan,2.000000,45.618778,-45.538419,2.706516,9.374553,3.923017,45.619309,-45.538419,2.706516,0.220258,10.000000,0.000000,10.162713,inf,0.000000,1.000000,0.000000,0.000000,0.000000,0.000000,0.000000,0.000000,0.000000,0.000000,0.000000,0.000000,2.000000,11.269651,2.314076,nan
24.441,APPROACH,45.171523,0.011894,45.169524,0.424878,4.451706,-8.975350,0.092407,-69.848683,-57.036183,29.523414,-3.750000,-1.000000,-0.049317,0.000000,0.000000,-165.068583,-69.836789,-11.866660,29.948292,0.701706,-9.975350,0.043090,0.000000,0.000000,-85.976213,-45.747755,-67.142894,29.520652,3.739056,-1.269564,-0.072484,0.000000,0.000000,0.000000,0.011894,45.169524,0.424878,45.171523,4.451706,-8.975350,0.092407,10.019138,nan,nan,nan,0,nan,nan,nan,0,nan,nan,nan,nan,nan,nan,nan,nan,nan,nan,nan,nan,nan,nan,nan,nan,nan,nan,nan,nan,nan,nan,nan,nan,nan,nan,nan,nan,nan,nan,nan,nan,nan,nan,nan,nan,nan,nan,nan,nan,nan,nan,nan,nan,nan,nan,nan,nan,nan,nan,2.000000,45.169525,-45.057346,3.181438,9.265605,3.810927,45.170085,-45.057346,3.181438,0.224878,10.000000,0.000000,10.019138,inf,0.000000,1.000000,0.000000,0.000000,0.000000,0.000000,0.000000,0.000000,0.000000,0.000000,0.000000,0.000000,2.000000,11.671566,2.236119,nan
24.480,APPROACH,44.729907,0.231344,44.727235,0.430708,4.388998,-8.845773,0.116612,-70.029933,-57.092433,29.519652,-3.625000,-1.125000,-0.075246,0.000000,0.000000,-162.758541,-69.798589,-12.365198,29.950360,0.763998,-9.970773,0.041366,0.000000,0.000000,-85.618347,-45.364775,-67.489896,29.515826,3.799538,-1.248351,-0.071605,0.000000,0.000000,0.000000,0.231344,44.727235,0.430708,44.729907,4.388998,-8.845773,0.116612,9.875454,nan,nan,nan,0,nan,nan,nan,0,nan,nan,nan,nan,nan,nan,nan,nan,nan,nan,nan,nan,nan,nan,nan,nan,nan,nan,nan,nan,nan,nan,nan,nan,nan,nan,nan,nan,nan,nan,nan,nan,nan,nan,nan,nan,nan,nan,nan,nan,nan,nan,nan,nan,nan,nan,nan,nan,nan,nan,2.000000,44.727833,-44.578835,3.647818,9.155237,3.700355,44.728428,-44.578835,3.647818,0.230708,10.000000,0.000000,9.875454,inf,0.000000,1.000000,0.000000,0.000000,0.000000,0.000000,0.000000,0.000000,0.000000,0.000000,0.000000,0.000000,2.000000,12.090421,2.154875,nan
24.540,APPROACH,44.295857,0.447657,44.291445,0.436466,4.326259,-8.715806,0.115142,-70.204933,-57.154933,29.515880,-3.500000,-1.250000,-0.075430,0.000000,0.000000,-160.346176,-69.757276,-12.863489,29.952346,0.826259,-9.965806,0.039712,0.000000,0.000000,-85.260480,-44.979635,-67.834500,29.511193,3.806632,-1.226667,-0.069590,0.000000,0.000000,0.000000,0.447657,44.291445,0.436466,44.295857,4.326259,-8.715806,0.115142,9.731138,nan,nan,nan,0,nan,nan,nan,0,nan,nan,nan,nan,nan,nan,nan,nan,nan,nan,nan,nan,nan,nan,nan,nan,nan,nan,nan,nan,nan,nan,nan,nan,nan,nan,nan,nan,nan,nan,nan,nan,nan,nan,nan,nan,nan,nan,nan,nan,nan,nan,nan,nan,nan,nan,nan,nan,nan,nan,2.000000,44.293707,-44.103008,4.105747,9.043465,3.591315,44.294338,-44.103008,4.105747,0.236466,10.000000,0.000000,9.731138,inf,0.000000,1.000000,0.000000,0.000000,0.000000,0.000000,0.000000,0.000000,0.000000,0.000000,0.000000,0.000000,2.000000,12.523349,2.070902,nan
24.580,APPROACH,43.869377,0.660831,43.862172,0.442086,4.263489,-8.585451,0.112400,-70.373683,-57.223683,29.512166,-3.375000,-1.375000,-0.074277,0.000000,0.000000,-157.833654,-69.712852,-13.361511,29.954252,0.888489,-9.960451,0.038123,0.000000,0.000000,-84.902614,-44.592350,-68.176692,29.506745,3.813744,-1.204488,-0.067561,0.000000,0.000000,0.000000,0.660831,43.862172,0.442086,43.869377,4.263489,-8.585451,0.112400,9.586446,nan,nan,nan,0,nan,nan,nan,0,nan,nan,nan,nan,nan,nan,nan,nan,nan,nan,nan,nan,nan,nan,nan,nan,nan,nan,nan,nan,nan,nan,nan,nan,nan,nan,nan,nan,nan,nan,nan,nan,nan,nan,nan,nan,nan,nan,nan,nan,nan,nan,nan,nan,nan,nan,nan,nan,nan,nan,2.000000,43.867150,-43.629988,4.555322,8.930303,3.483819,43.867818,-43.629988,4.555322,0.242086,10.000000,-0.000000,9.586446,inf,0.000000,1.000000,0.000000,0.000000,0.000000,0.000000,0.000000,0.000000,0.000000,0.000000,0.000000,0.000000,2.000000,12.967831,1.984688,nan
24.640,APPROACH,43.450470,0.870865,43.439437,0.447565,4.200683,-8.454707,0.109580,-70.536183,-57.298683,29.508517,-3.250000,-1.500000,-0.072982,0.000000,0.000000,-155.224859,-69.665318,-13.859246,29.956082,0.950683,-9.954707,0.036598,0.000000,0.000000,-84.544747,-44.202935,-68.516457,29.502476,3.820871,-1.181797,-0.065572,0.000000,0.000000,0.000000,0.870865,43.439437,0.447565,43.450470,4.200683,-8.454707,0.109580,9.441389,nan,nan,nan,0,nan,nan,nan,0,nan,nan,nan,nan,nan,nan,nan,nan,nan,nan,nan,nan,nan,nan,nan,nan,nan,nan,nan,nan,nan,nan,nan,nan,nan,nan,nan,nan,nan,nan,nan,nan,nan,nan,nan,nan,nan,nan,nan,nan,nan,nan,nan,nan,nan,nan,nan,nan,nan,nan,2.000000,43.448165,-43.159897,4.996636,8.815766,3.377882,43.448871,-43.159897,4.996636,0.247565,10.000000,-0.000000,9.441389,inf,0.000000,1.000000,0.000000,0.000000,0.000000,0.000000,0.000000,0.000000,0.000000,0.000000,0.000000,0.000000,2.000000,13.421659,1.896661,nan
24.680,APPROACH,43.039138,1.077757,43.023258,0.452902,4.137841,-8.323575,0.106749,-70.692433,-57.379933,29.504937,-3.125000,-1.625000,-0.071614,0.000000,0.000000,-152.525568,-69.614676,-14.356675,29.957839,1.012841,-9.948575,0.035134,0.000000,0.000000,-84.186881,-43.811406,-68.853784,29.498377,3.828008,-1.158578,-0.063628,0.000000,0.000000,0.000000,1.077757,43.023258,0.452902,43.039138,4.137841,-8.323575,0.106749,9.295969,nan,nan,nan,0,nan,nan,nan,0,nan,nan,nan,nan,nan,nan,nan,nan,nan,nan,nan,nan,nan,nan,nan,nan,nan,nan,nan,nan,nan,nan,nan,nan,nan,nan,nan,nan,nan,nan,nan,nan,nan,nan,nan,nan,nan,nan,nan,nan,nan,nan,nan,nan,nan,nan,nan,nan,nan,nan,2.000000,43.036755,-42.692853,5.429787,8.699869,3.273516,43.037498,-42.692853,5.429787,0.252902,10.000000,0.000000,9.295969,inf,0.000000,1.000000,0.000000,0.000000,0.000000,0.000000,0.000000,0.000000,0.000000,0.000000,0.000000,0.000000,2.000000,13.882906,1.807195,nan
24.740,APPROACH,42.635381,1.281505,42.613655,0.458098,4.074959,-8.192055,0.103917,-70.842433,-57.467433,29.501427,-3.000000,-1.750000,-0.070188,0.000000,0.000000,-149.743563,-69.560928,-14.853778,29.959525,1.074959,-9.942055,0.033729,0.000000,0.000000,-83.829015,-43.417777,-69.188659,29.494441,3.835152,-1.134813,-0.061728,0.000000,0.000000,0.000000,1.281505,42.613655,0.458098,42.635381,4.074959,-8.192055,0.103917,9.150184,nan,nan,nan,0,nan,nan,nan,0,nan,nan,nan,nan,nan,nan,nan,nan,nan,nan,nan,nan,nan,nan,nan,nan,nan,nan,nan,nan,nan,nan,nan,nan,nan,nan,nan,nan,nan,nan,nan,nan,nan,nan,nan,nan,nan,nan,nan,nan,nan,nan,nan,nan,nan,nan,nan,nan,nan,nan,2.000000,42.632920,-42.228975,5.854873,8.582628,3.170734,42.633701,-42.228975,5.854873,0.258098,10.000000,0.000000,9.150184,inf,0.000000,1.000000,0.000000,0.000000,0.000000,0.000000,0.000000,0.000000,0.000000,0.000000,0.000000,0.000000,2.000000,14.349893,1.716616,nan
24.780,APPROACH,42.239199,1.482107,42.210648,0.463153,4.012035,-8.060147,0.101094,-70.986183,-57.561183,29.497992,-2.875000,-1.875000,-0.068714,0.000000,0.000000,-146.888658,-69.504076,-15.350535,29.961144,1.137035,-9.935147,0.032380,0.000000,0.000000,-83.471148,-38.809654,-72.883781,29.506854,3.842318,-1.110489,-0.058344,0.000000,0.000000,0.000000,1.482107,42.210648,0.463153,42.239199,4.012035,-8.060147,0.101094,9.004034,nan,nan,nan,0,nan,nan,nan,0,nan,nan,nan,nan,nan,nan,nan,nan,nan,nan,nan,nan,nan,nan,nan,nan,nan,nan,nan,nan,nan,nan,nan,nan,nan,nan,nan,nan,nan,nan,nan,nan,nan,nan,nan,nan,nan,nan,nan,nan,nan,nan,nan,nan,nan,nan,nan,nan,nan,nan,2.000000,42.236660,-41.768379,6.271994,8.464058,3.069549,42.237480,-41.768379,6.271994,0.263153,10.000000,0.000000,9.004034,inf,0.000000,1.000000,0.000000,0.000000,0.000000,0.000000,0.000000,0.000000,0.000000,0.000000,0.000000,0.000000,2.000000,14.821158,1.625206,nan
24.840,APPROACH,41.850581,1.679560,41.814255,0.467181,3.949067,-7.927852,0.080566,-71.123683,-57.661183,29.495517,-2.750000,-2.000000,-0.049482,0.000000,0.000000,-143.972627,-69.444123,-15.846928,29.962698,1.199067,-9.927852,0.031085,0.000000,0.000000,-83.113282,-14.844939,-85.162674,29.580291,3.849506,-1.085588,-0.052927,0.000000,0.000000,0.000000,1.679560,41.814255,0.467181,41.850581,3.949067,-7.927852,0.080566,8.857339,nan,nan,nan,0,nan,nan,nan,0,nan,nan,nan,nan,nan,nan,nan,nan,nan,nan,nan,nan,nan,nan,nan,nan,nan,nan,nan,nan,nan,nan,nan,nan,nan,nan,nan,nan,nan,nan,nan,nan,nan,nan,nan,nan,nan,nan,nan,nan,nan,nan,nan,nan,nan,nan,nan,nan,nan,nan,2.000000,41.847973,-41.311182,6.681252,8.344173,2.969973,41.848826,-41.311182,6.681252,0.267181,10.000000,0.000000,8.857339,inf,0.000000,1.000000,0.000000,0.000000,0.000000,0.000000,0.000000,0.000000,0.000000,0.000000,0.000000,0.000000,2.000000,15.295425,1.533215,nan
24.880,APPROACH,41.469488,1.873863,41.424497,0.467081,3.886052,-7.795169,-0.002006,-71.254933,-57.767433,29.497110,-2.625000,-2.125000,0.031847,0.000000,0.000000,-141.009006,-69.381070,-16.342936,29.964190,1.261052,-9.920169,0.029841,0.000000,0.000000,-82.755415,-4.271285,-87.733288,29.602921,3.856659,-1.060077,-0.049174,0.000000,0.000000,0.000000,1.873863,41.424497,0.467081,41.469488,3.886052,-7.795169,-0.002006,8.710113,nan,nan,nan,0,nan,nan,nan,0,nan,nan,nan,nan,nan,nan,nan,nan,nan,nan,nan,nan,nan,nan,nan,nan,nan,nan,nan,nan,nan,nan,nan,nan,nan,nan,nan,nan,nan,nan,nan,nan,nan,nan,nan,nan,nan,nan,nan,nan,nan,nan,nan,nan,nan,nan,nan,nan,nan,nan,2.000000,41.466858,-40.857496,7.082748,8.222990,2.872018,41.467718,-40.857496,7.082748,0.267081,10.000000,0.000000,8.710113,inf,0.000000,1.000000,0.000000,0.000000,0.000000,0.000000,0.000000,0.000000,0.000000,0.000000,0.000000,0.000000,2.000000,15.771586,1.440856,nan
24.940,APPROACH,41.095948,2.065012,41.041392,0.465681,3.822988,-7.662099,-0.027989,-71.379933,-57.879933,29.499942,-2.500000,-2.250000,0.056637,0.000000,0.000000,-138.012788,-69.314921,-16.838541,29.965623,1.322988,-9.912099,0.028648,0.000000,0.000000,-82.397549,1.376833,-88.520549,29.609128,3.863755,-1.033930,-0.048878,0.000000,0.000000,0.000000,2.065012,41.041392,0.465681,41.095948,3.822988,-7.662099,-0.027989,8.562930,nan,nan,nan,0,nan,nan,nan,0,nan,nan,nan,nan,nan,nan,nan,nan,nan,nan,nan,nan,nan,nan,nan,nan,nan,nan,nan,nan,nan,nan,nan,nan,nan,nan,nan,nan,nan,nan,nan,nan,nan,nan,nan,nan,nan,nan,nan,nan,nan,nan,nan,nan,nan,nan,nan,nan,nan,nan,2.000000,41.093310,-40.407435,7.476587,8.100525,2.775697,41.094169,-40.407435,7.476587,0.265681,10.000000,0.000000,8.562930,inf,0.000000,1.000000,0.000000,0.000000,0.000000,0.000000,0.000000,0.000000,0.000000,0.000000,0.000000,0.000000,2.000000,16.248670,1.348318,nan
24.980,APPROACH,40.729968,2.253006,40.664960,0.464041,3.759872,-7.528642,-0.032807,-71.498683,-57.998683,29.502957,-2.375000,-2.375000,0.060309,0.000000,0.000000,-135.000000,-69.245677,-17.333723,29.966998,1.384872,-9.903642,0.027502,0.000000,0.000000,-82.039683,-60.601995,-57.484678,29.366998,3.868502,-1.006536,-0.098878,0.000000,0.000000,0.000000,2.253006,40.664960,0.464041,40.729968,3.759872,-7.528642,-0.032807,8.415353,nan,nan,nan,0,nan,nan,nan,0,nan,nan,nan,nan,nan,nan,nan,nan,nan,nan,nan,nan,nan,nan,nan,nan,nan,nan,nan,nan,nan,nan,nan,nan,nan,nan,nan,nan,nan,nan,nan,nan,nan,nan,nan,nan,nan,nan,nan,nan,nan,nan,nan,nan,nan,nan,nan,nan,nan,nan,2.000000,40.727325,-39.961109,7.862874,7.976792,2.681022,40.728181,-39.961109,7.862874,0.264041,10.000000,0.000000,8.415353,inf,0.000000,1.000000,0.000000,0.000000,0.000000,0.000000,0.000000,0.000000,0.000000,0.000000,0.000000,0.000000,2.000000,16.725832,1.255765,nan
25.040,APPROACH,40.359140,2.437841,40.282720,0.468595,3.696702,-7.644799,0.091093,-71.611183,-58.111183,29.499723,-2.250000,-2.250000,-0.064691,0.000000,0.000000,-135.000000,-69.173342,-17.828463,29.968318,1.446702,-9.894799,0.026402,0.000000,0.000000,-81.681816,-60.344852,-57.474583,29.368318,3.874638,-0.981241,-0.156023,0.000000,0.000000,0.000000,2.437841,40.282720,0.468595,40.359140,3.696702,-7.644799,0.091093,8.492165,nan,nan,nan,0,nan,nan,nan,0,nan,nan,nan,nan,nan,nan,nan,nan,nan,nan,nan,nan,nan,nan,nan,nan,nan,nan,nan,nan,nan,nan,nan,nan,nan,nan,nan,nan,nan,nan,nan,nan,nan,nan,nan,nan,nan,nan,nan,nan,nan,nan,nan,nan,nan,nan,nan,nan,nan,nan,2.000000,40.356419,-39.506260,8.239905,8.099178,2.551838,40.357313,-39.506260,8.239905,0.268595,10.000000,0.000000,8.492165,inf,0.000000,1.000000,0.000000,0.000000,0.000000,0.000000,0.000000,0.000000,0.000000,0.000000,0.000000,0.000000,2.000000,17.202332,1.163341,nan
25.080,APPROACH,39.983472,2.619515,39.894691,0.479347,3.633476,-7.760570,0.215037,-71.717433,-58.217433,29.490238,-2.125000,-2.125000,-0.189691,0.000000,0.000000,-135.000000,-69.097918,-18.322742,29.969585,1.508476,-9.885570,0.025346,0.000000,0.000000,-81.323950,-60.091852,-57.455018,29.369585,3.880513,-0.957563,-0.157131,0.000000,0.000000,0.000000,2.619515,39.894691,0.479347,39.983472,3.633476,-7.760570,0.215037,8.571747,nan,nan,nan,0,nan,nan,nan,0,nan,nan,nan,nan,nan,nan,nan,nan,nan,nan,nan,nan,nan,nan,nan,nan,nan,nan,nan,nan,nan,nan,nan,nan,nan,nan,nan,nan,nan,nan,nan,nan,nan,nan,nan,nan,nan,nan,nan,nan,nan,nan,nan,nan,nan,nan,nan,nan,nan,nan,2.000000,39.980598,-39.043030,8.607559,8.219867,2.421235,39.981574,-39.043030,8.607559,0.279347,10.000000,0.000000,8.571747,inf,0.000000,1.000000,0.000000,0.000000,0.000000,0.000000,0.000000,0.000000,0.000000,0.000000,0.000000,0.000000,2.000000,17.678900,1.070903,nan
25.140,APPROACH,39.602955,2.798025,39.500893,0.494453,3.570191,-7.875956,0.302116,-71.817433,-58.317433,29.476349,-2.000000,-2.000000,-0.277784,0.000000,0.000000,-135.000000,-69.019409,-18.816540,29.970802,1.570191,-9.875956,0.024332,0.000000,0.000000,-80.966084,-59.843130,-57.426183,29.370802,3.886241,-0.935494,-0.148272,0.000000,0.000000,0.000000,2.798025,39.500893,0.494453,39.602955,3.570191,-7.875956,0.302116,8.652642,nan,nan,nan,0,nan,nan,nan,0,nan,nan,nan,nan,nan,nan,nan,nan,nan,nan,nan,nan,nan,nan,nan,nan,nan,nan,nan,nan,nan,nan,nan,nan,nan,nan,nan,nan,nan,nan,nan,nan,nan,nan,nan,nan,nan,nan,nan,nan,nan,nan,nan,nan,nan,nan,nan,nan,nan,nan,2.000000,39.599868,-38.571564,8.965712,8.338847,2.289229,39.600962,-38.571564,8.965712,0.294453,10.000000,-0.000000,8.652642,inf,0.000000,1.000000,0.000000,0.000000,0.000000,0.000000,0.000000,0.000000,0.000000,0.000000,0.000000,0.000000,2.000000,18.155438,0.978471,nan
25.180,APPROACH,39.217528,2.973367,39.101346,0.508312,3.506845,-7.990956,0.277177,-71.911183,-58.411183,29.463658,-1.875000,-1.875000,-0.253819,0.000000,0.000000,-135.000000,-68.937816,-19.309837,29.971970,1.631845,-9.865956,0.023359,0.000000,0.000000,-80.608217,-59.598821,-57.388286,29.371970,3.891848,-0.915003,-0.127627,0.000000,0.000000,0.000000,2.973367,39.101346,0.508312,39.217528,3.506845,-7.990956,0.277177,8.730989,nan,nan,nan,0,nan,nan,nan,0,nan,nan,nan,nan,nan,nan,nan,nan,nan,nan,nan,nan,nan,nan,nan,nan,nan,nan,nan,nan,nan,nan,nan,nan,nan,nan,nan,nan,nan,nan,nan,nan,nan,nan,nan,nan,nan,nan,nan,nan,nan,nan,nan,nan,nan,nan,nan,nan,nan,nan,2.000000,39.214234,-38.092007,9.314243,8.456104,2.155838,39.215446,-38.092007,9.314243,0.308312,10.000000,0.000000,8.730989,inf,0.000000,1.000000,0.000000,0.000000,0.000000,0.000000,0.000000,0.000000,0.000000,0.000000,0.000000,0.000000,2.000000,18.631859,0.886062,nan
25.240,APPROACH,38.827192,3.145539,38.696067,0.520399,3.443435,-8.105571,0.241739,-71.998683,-58.498683,29.452692,-1.750000,-1.750000,-0.219315,0.000000,0.000000,-135.000000,-68.853145,-19.802616,29.973091,1.693435,-9.855571,0.022424,0.000000,0.000000,-80.250351,-59.359052,-57.341532,29.373091,3.896867,-0.895950,-0.108163,0.000000,0.000000,0.000000,3.145539,38.696067,0.520399,38.827192,3.443435,-8.105571,0.241739,8.809992,nan,nan,nan,0,nan,nan,nan,0,nan,nan,nan,nan,nan,nan,nan,nan,nan,nan,nan,nan,nan,nan,nan,nan,nan,nan,nan,nan,nan,nan,nan,nan,nan,nan,nan,nan,nan,nan,nan,nan,nan,nan,nan,nan,nan,nan,nan,nan,nan,nan,nan,nan,nan,nan,nan,nan,nan,nan,2.000000,38.823704,-37.604507,9.653034,8.571626,2.021076,38.825026,-37.604507,9.653034,0.320399,10.000000,0.000000,8.809992,inf,0.000000,1.000000,0.000000,0.000000,0.000000,0.000000,0.000000,0.000000,0.000000,0.000000,0.000000,0.000000,2.000000,19.108087,0.793690,nan
25.280,APPROACH,38.431954,3.314536,38.285077,0.530863,3.379959,-8.219802,0.209292,-72.079933,-58.579933,29.443304,-1.625000,-1.625000,-0.187764,0.000000,0.000000,-135.000000,-68.765397,-20.294856,29.974167,1.754959,-9.844802,0.021527,0.000000,0.000000,-79.892484,-59.123947,-57.286132,29.374167,3.901311,-0.878314,-0.091291,0.000000,0.000000,0.000000,3.314536,38.285077,0.530863,38.431954,3.379959,-8.219802,0.209292,8.890054,nan,nan,nan,0,nan,nan,nan,0,nan,nan,nan,nan,nan,nan,nan,nan,nan,nan,nan,nan,nan,nan,nan,nan,nan,nan,nan,nan,nan,nan,nan,nan,nan,nan,nan,nan,nan,nan,nan,nan,nan,nan,nan,nan,nan,nan,nan,nan,nan,nan,nan,nan,nan,nan,nan,nan,nan,nan,2.000000,38.428287,-37.109212,9.981968,8.685401,1.884961,38.429712,-37.109212,9.981968,0.330863,10.000000,-0.000000,8.890054,inf,0.000000,1.000000,0.000000,0.000000,0.000000,0.000000,0.000000,0.000000,0.000000,0.000000,0.000000,0.000000,2.000000,19.584058,0.701368,nan
25.340,APPROACH,38.031825,3.480357,37.868395,0.539918,3.316414,-8.333648,0.181094,-72.154933,-58.654933,29.435282,-1.500000,-1.500000,-0.160428,0.000000,0.000000,-135.000000,-68.674576,-20.786539,29.975201,1.816414,-9.833648,0.020666,0.000000,0.000000,-79.534618,-58.893625,-57.222298,29.375201,3.905240,-0.862087,-0.076864,0.000000,0.000000,0.000000,3.480357,37.868395,0.539918,38.031825,3.316414,-8.333648,0.181094,8.971125,nan,nan,nan,0,nan,nan,nan,0,nan,nan,nan,nan,nan,nan,nan,nan,nan,nan,nan,nan,nan,nan,nan,nan,nan,nan,nan,nan,nan,nan,nan,nan,nan,nan,nan,nan,nan,nan,nan,nan,nan,nan,nan,nan,nan,nan,nan,nan,nan,nan,nan,nan,nan,nan,nan,nan,nan,nan,2.000000,38.027992,-36.606271,10.300930,8.797415,1.747509,38.029511,-36.606271,10.300930,0.339918,10.000000,0.000000,8.971125,inf,0.000000,1.000000,0.000000,0.000000,0.000000,0.000000,0.000000,0.000000,0.000000,0.000000,0.000000,0.000000,2.000000,20.059713,0.609107,nan
25.380,APPROACH,37.626816,3.642997,37.446039,0.547757,3.252799,-8.447111,0.156785,-72.223683,-58.723683,29.428435,-1.375000,-1.375000,-0.136946,0.000000,0.000000,-135.000000,-68.580686,-21.277644,29.976193,1.877799,-9.822111,0.019839,0.000000,0.000000,-79.176752,-58.668201,-57.150247,29.376193,3.908706,-0.847261,-0.064565,0.000000,0.000000,0.000000,3.642997,37.446039,0.547757,37.626816,3.252799,-8.447111,0.156785,9.053119,nan,nan,nan,0,nan,nan,nan,0,nan,nan,nan,nan,nan,nan,nan,nan,nan,nan,nan,nan,nan,nan,nan,nan,nan,nan,nan,nan,nan,nan,nan,nan,nan,nan,nan,nan,nan,nan,nan,nan,nan,nan,nan,nan,nan,nan,nan,nan,nan,nan,nan,nan,nan,nan,nan,nan,nan,nan,2.000000,37.622829,-36.095835,10.609805,8.907657,1.608738,37.624436,-36.095835,10.609805,0.347757,10.000000,0.000000,9.053119,inf,0.000000,1.000000,0.000000,0.000000,0.000000,0.000000,0.000000,0.000000,0.000000,0.000000,0.000000,0.000000,2.000000,20.535005,0.516917,nan
25.440,APPROACH,37.216941,3.802453,37.018030,0.554550,3.189110,-8.560191,0.135853,-72.286183,-58.786183,29.422595,-1.250000,-1.250000,-0.116807,0.000000,0.000000,-135.000000,-68.483731,-21.768154,29.977145,1.939110,-9.810191,0.019046,0.000000,0.000000,-78.818885,-58.447785,-57.070194,29.377145,3.911753,-0.833824,-0.054093,0.000000,0.000000,0.000000,3.802453,37.018030,0.554550,37.216941,3.189110,-8.560191,0.135853,9.135959,nan,nan,nan,0,nan,nan,nan,0,nan,nan,nan,nan,nan,nan,nan,nan,nan,nan,nan,nan,nan,nan,nan,nan,nan,nan,nan,nan,nan,nan,nan,nan,nan,nan,nan,nan,nan,nan,nan,nan,nan,nan,nan,nan,nan,nan,nan,nan,nan,nan,nan,nan,nan,nan,nan,nan,nan,nan,2.000000,37.212809,-35.578057,10.908482,9.016115,1.468663,37.214498,-35.578057,10.908482,0.354550,10.000000,0.000000,9.135959,inf,0.000000,1.000000,0.000000,0.000000,0.000000,0.000000,0.000000,0.000000,0.000000,0.000000,0.000000,0.000000,2.000000,21.009890,0.424806,nan
25.480,APPROACH,36.802212,3.958720,36.584385,0.560441,3.125346,-8.672888,0.117827,-72.342433,-58.842433,29.417618,-1.125000,-1.125000,-0.099543,0.000000,0.000000,-135.000000,-68.383713,-22.258048,29.978059,2.000346,-9.797888,0.018284,0.000000,0.000000,-78.461019,-58.232482,-56.982361,29.378059,3.914417,-0.821767,-0.045187,0.000000,0.000000,0.000000,3.958720,36.584385,0.560441,36.802212,3.125346,-8.672888,0.117827,9.219580,nan,nan,nan,0,nan,nan,nan,0,nan,nan,nan,nan,nan,nan,nan,nan,nan,nan,nan,nan,nan,nan,nan,nan,nan,nan,nan,nan,nan,nan,nan,nan,nan,nan,nan,nan,nan,nan,nan,nan,nan,nan,nan,nan,nan,nan,nan,nan,nan,nan,nan,nan,nan,nan,nan,nan,nan,nan,2.000000,36.797944,-35.053091,11.196852,9.122776,1.327301,36.799709,-35.053091,11.196852,0.360441,10.000000,0.000000,9.219580,inf,0.000000,1.000000,0.000000,0.000000,0.000000,0.000000,0.000000,0.000000,0.000000,0.000000,0.000000,0.000000,2.000000,21.484332,0.332780,nan
25.540,APPROACH,36.382644,4.111795,36.145125,0.565556,3.061503,-8.785203,0.102298,-72.392433,-58.892433,29.413380,-1.000000,-1.000000,-0.084746,0.000000,0.000000,-135.000000,-68.280638,-22.747308,29.978937,2.061503,-9.785203,0.017553,0.000000,0.000000,-78.103152,-58.022392,-56.886967,29.378937,3.916725,-0.811079,-0.037619,0.000000,0.000000,0.000000,4.111795,36.145125,0.565556,36.382644,3.061503,-8.785203,0.102298,9.303927,nan,nan,nan,0,nan,nan,nan,0,nan,nan,nan,nan,nan,nan,nan,nan,nan,nan,nan,nan,nan,nan,nan,nan,nan,nan,nan,nan,nan,nan,nan,nan,nan,nan,nan,nan,nan,nan,nan,nan,nan,nan,nan,nan,nan,nan,nan,nan,nan,nan,nan,nan,nan,nan,nan,nan,nan,nan,2.000000,36.378248,-34.521092,11.474805,9.227630,1.184671,36.380084,-34.521092,11.474805,0.365556,10.000000,0.000000,9.303927,inf,0.000000,1.000000,0.000000,0.000000,0.000000,0.000000,0.000000,0.000000,0.000000,0.000000,0.000000,0.000000,2.000000,21.958300,0.240847,nan
25.580,APPROACH,35.958252,4.261674,35.700268,0.570002,2.997581,-8.897136,0.088913,-72.436183,-58.936183,29.409777,-0.875000,-0.875000,-0.072063,0.000000,0.000000,-135.000000,-68.174509,-23.235915,29.979779,2.122581,-9.772136,0.016851,0.000000,0.000000,-77.745286,-57.817611,-56.784238,29.379779,3.918702,-0.801750,-0.031193,0.000000,0.000000,0.000000,4.261674,35.700268,0.570002,35.958252,2.997581,-8.897136,0.088913,9.388953,nan,nan,nan,0,nan,nan,nan,0,nan,nan,nan,nan,nan,nan,nan,nan,nan,nan,nan,nan,nan,nan,nan,nan,nan,nan,nan,nan,nan,nan,nan,nan,nan,nan,nan,nan,nan,nan,nan,nan,nan,nan,nan,nan,nan,nan,nan,nan,nan,nan,nan,nan,nan,nan,nan,nan,nan,nan,2.000000,35.953734,-33.982214,11.742236,9.330664,1.040788,35.955638,-33.982214,11.742236,0.370002,10.000000,0.000000,9.388953,inf,0.000000,1.000000,0.000000,0.000000,0.000000,0.000000,0.000000,0.000000,0.000000,0.000000,0.000000,0.000000,2.000000,22.431768,0.149010,nan
25.640,APPROACH,35.529054,4.408353,35.249834,0.573870,2.933575,-9.008688,0.077368,-72.473683,-58.973683,29.406718,-0.750000,-0.750000,-0.061191,0.000000,0.000000,-135.000000,-68.065330,-23.723849,29.980588,2.183575,-9.758688,0.016177,0.000000,0.000000,-77.387420,-57.618230,-56.674399,29.380588,3.920365,-0.793772,-0.025742,0.000000,0.000000,0.000000,4.408353,35.249834,0.573870,35.529054,2.933575,-9.008688,0.077368,9.474614,nan,nan,nan,0,nan,nan,nan,0,nan,nan,nan,nan,nan,nan,nan,nan,nan,nan,nan,nan,nan,nan,nan,nan,nan,nan,nan,nan,nan,nan,nan,nan,nan,nan,nan,nan,nan,nan,nan,nan,nan,nan,nan,nan,nan,nan,nan,nan,nan,nan,nan,nan,nan,nan,nan,nan,nan,nan,2.000000,35.524419,-33.436617,11.999040,9.431867,0.895670,35.526386,-33.436617,11.999040,0.373870,10.000000,0.000000,9.474614,inf,0.000000,1.000000,0.000000,0.000000,0.000000,0.000000,0.000000,0.000000,0.000000,0.000000,0.000000,0.000000,2.000000,22.904714,0.057275,nan
25.680,APPROACH,35.095066,4.551827,34.793841,0.577240,2.869484,-9.119860,0.067401,-72.504933,-59.004933,29.404124,-0.625000,-0.625000,-0.051872,0.000000,0.000000,-135.000000,-67.953106,-24.211092,29.981365,2.244484,-9.744860,0.015530,0.000000,0.000000,-77.029553,-57.424334,-56.557677,29.381365,3.921730,-0.787137,-0.021123,0.000000,0.000000,0.000000,4.551827,34.793841,0.577240,35.095066,2.869484,-9.119860,0.067401,9.560875,nan,nan,nan,0,nan,nan,nan,0,nan,nan,nan,nan,nan,nan,nan,nan,nan,nan,nan,nan,nan,nan,nan,nan,nan,nan,nan,nan,nan,nan,nan,nan,nan,nan,nan,nan,nan,nan,nan,nan,nan,nan,nan,nan,nan,nan,nan,nan,nan,nan,nan,nan,nan,nan,nan,nan,nan,nan,2.000000,35.090319,-32.884459,12.245115,9.531227,0.749334,35.092347,-32.884459,12.245115,0.377240,10.000000,0.000000,9.560875,inf,0.000000,1.000000,0.000000,0.000000,0.000000,0.000000,0.000000,0.000000,0.000000,0.000000,0.000000,0.000000,21.000000,174.763748,0.058516,nan
25.740,APPROACH,34.656309,4.692092,34.332308,0.580180,2.805306,-9.230651,0.058791,-72.529933,-59.029933,29.401930,-0.500000,-0.500000,-0.043882,0.000000,0.000000,-135.000000,-67.837841,-24.697625,29.982110,2.305306,-9.730651,0.014908,0.000000,0.000000,-76.671687,-57.236006,-56.434302,29.382110,3.922810,-0.781837,-0.017212,0.000000,0.000000,0.000000,4.692092,34.332308,0.580180,34.656309,2.805306,-9.230651,0.058791,9.647700,nan,nan,nan,0,nan,nan,nan,0,nan,nan,nan,nan,nan,nan,nan,nan,nan,nan,nan,nan,nan,nan,nan,nan,nan,nan,nan,nan,nan,nan,nan,nan,nan,nan,nan,nan,nan,nan,nan,nan,nan,nan,nan,nan,nan,nan,nan,nan,nan,nan,nan,nan,nan,nan,nan,nan,nan,nan,2.000000,34.651452,-32.325899,12.480359,9.628733,0.601798,34.653537,-32.325899,12.480359,0.380180,10.000000,-0.000000,9.647700,inf,0.000000,1.000000,0.000000,0.000000,0.000000,0.000000,0.000000,0.000000,0.000000,0.000000,0.000000,0.000000,21.000000,174.958627,0.032376,nan
25.780,APPROACH,34.212801,4.829144,33.865255,0.582747,2.741038,-9.341062,0.051344,-72.548683,-59.048683,29.400078,-0.375000,-0.375000,-0.037032,0.000000,0.000000,-135.000000,-67.719539,-25.183428,29.982826,2.366038,-9.716062,0.014312,0.000000,0.000000,-76.313820,-57.053320,-56.304504,29.382826,3.923612,-0.777867,-0.013904,0.000000,0.000000,0.000000,4.829144,33.865255,0.582747,34.212801,2.741038,-9.341062,0.051344,9.735059,nan,nan,nan,0,nan,nan,nan,0,nan,nan,nan,nan,nan,nan,nan,nan,nan,nan,nan,nan,nan,nan,nan,nan,nan,nan,nan,nan,nan,nan,nan,nan,nan,nan,nan,nan,nan,nan,nan,nan,nan,nan,nan,nan,nan,nan,nan,nan,nan,nan,nan,nan,nan,nan,nan,nan,nan,nan,2.000000,34.207837,-31.761099,12.704674,9.724374,0.453079,34.209979,-31.761099,12.704674,0.382747,10.000000,0.000000,9.735059,inf,0.000000,1.000000,0.000000,0.000000,0.000000,0.000000,0.000000,0.000000,0.000000,0.000000,0.000000,0.000000,21.000000,175.144035,0.007507,nan
25.840,APPROACH,33.764564,4.962978,33.392700,0.584992,2.676677,-9.451095,0.044896,-72.561183,-59.061183,29.398521,-0.250000,-0.250000,-0.031157,0.000000,0.000000,-135.000000,-67.598205,-25.668483,29.983513,2.426677,-9.701095,0.013740,0.000000,0.000000,-75.955954,-56.876349,-56.168517,29.383513,3.924144,-0.775223,-0.011110,0.000000,0.000000,0.000000,4.962978,33.392700,0.584992,33.764564,2.676677,-9.451095,0.044896,9.822923,nan,nan,nan,0,nan,nan,nan,0,nan,nan,nan,nan,nan,nan,nan,nan,nan,nan,nan,nan,nan,nan,nan,nan,nan,nan,nan,nan,nan,nan,nan,nan,nan,nan,nan,nan,nan,nan,nan,nan,nan,nan,nan,nan,nan,nan,nan,nan,nan,nan,nan,nan,nan,nan,nan,nan,nan,nan,2.000000,33.759496,-31.190220,12.917963,9.818140,0.303194,33.761691,-31.190220,12.917963,0.384992,10.000000,0.000000,9.822923,inf,0.000000,1.000000,0.000000,0.000000,0.000000,0.000000,0.000000,0.000000,0.000000,0.000000,0.000000,0.000000,22.000000,178.007418,0.694423,nan
25.880,APPROACH,33.311623,5.093589,32.914663,0.586957,2.612222,-9.560749,0.039308,-72.567433,-59.067433,29.397215,-0.125000,-0.125000,-0.026118,0.000000,0.000000,-135.000000,-67.473844,-26.152770,29.984172,2.487222,-9.685749,0.013190,0.000000,0.000000,-75.598088,-56.705158,-56.026574,29.384172,3.924411,-0.773902,-0.008754,0.000000,0.000000,0.000000,5.093589,32.914663,0.586957,33.311623,2.612222,-9.560749,0.039308,9.911264,nan,nan,nan,0,nan,nan,nan,0,nan,nan,nan,nan,nan,nan,nan,nan,nan,nan,nan,nan,nan,nan,nan,nan,nan,nan,nan,nan,nan,nan,nan,nan,nan,nan,nan,nan,nan,nan,nan,nan,nan,nan,nan,nan,nan,nan,nan,nan,nan,nan,nan,nan,nan,nan,nan,nan,nan,nan,2.000000,33.306451,-30.613426,13.120130,9.910018,0.152162,33.308699,-30.613426,13.120130,0.386957,10.000000,0.000000,9.911264,inf,0.000000,1.000000,0.000000,0.000000,0.000000,0.000000,0.000000,0.000000,0.000000,0.000000,0.000000,0.000000,22.000000,178.139929,0.676702,nan
25.940,APPROACH,32.854000,5.220973,32.431162,0.588680,2.547670,-9.670025,0.034459,-72.567433,-59.067433,29.396125,0.000000,0.000000,-0.021796,0.000000,0.000000,-135.000000,-67.346460,-26.636272,29.984805,2.547670,-9.670025,0.012662,0.000000,0.000000,-75.240221,-56.539809,-55.878910,29.384805,3.924414,-0.773903,-0.006770,0.000000,0.000000,0.000000,5.220973,32.431162,0.588680,32.854000,2.547670,-9.670025,0.034459,10.000059,nan,nan,nan,0,nan,nan,nan,0,nan,nan,nan,nan,nan,nan,nan,nan,nan,nan,nan,nan,nan,nan,nan,nan,nan,nan,nan,nan,nan,nan,nan,nan,nan,nan,nan,nan,nan,nan,nan,nan,nan,nan,nan,nan,nan,nan,nan,nan,nan,nan,nan,nan,nan,nan,nan,nan,nan,nan,2.000000,32.848726,-30.030882,13.311083,10.000000,-0.000000,32.851025,-30.030882,13.311083,0.388680,10.000000,-0.000000,10.000059,inf,0.000000,1.000000,0.000000,0.000000,0.000000,0.000000,0.000000,0.000000,0.000000,0.000000,0.000000,0.000000,22.000000,178.262615,0.660294,nan
25.980,APPROACH,32.391724,5.345124,31.942215,0.590193,2.483018,-9.778924,0.030245,-72.561183,-59.061183,29.395220,0.125000,0.125000,-0.018089,0.000000,0.000000,45.000000,-67.216060,-27.118968,29.985413,2.608018,-9.653924,0.012156,0.000000,0.000000,-74.882355,-56.380357,-55.725763,29.385413,3.924156,-0.775225,-0.005102,0.000000,0.000000,0.000000,5.345124,31.942215,0.590193,32.391724,2.483018,-9.778924,0.030245,10.089283,nan,nan,nan,0,nan,nan,nan,0,nan,nan,nan,nan,nan,nan,nan,nan,nan,nan,nan,nan,nan,nan,nan,nan,nan,nan,nan,nan,nan,nan,nan,nan,nan,nan,nan,nan,nan,nan,nan,nan,nan,nan,nan,nan,nan,nan,nan,nan,nan,nan,nan,nan,nan,nan,nan,nan,nan,nan,2.000000,32.386347,-29.442753,13.490730,10.088074,-0.153274,32.388698,-29.442753,13.490730,0.390193,10.000000,0.000000,10.089283,inf,0.000000,1.000000,0.000000,0.000000,0.000000,0.000000,0.000000,0.000000,0.000000,0.000000,0.000000,0.000000,22.000000,178.375446,0.645205,nan
26.040,APPROACH,31.924823,5.466037,31.447843,0.591522,2.418265,-9.887446,0.026579,-72.548683,-59.048683,29.394475,0.250000,0.250000,-0.014909,0.000000,0.000000,45.000000,-67.082646,-27.600840,29.985996,2.668265,-9.637446,0.011670,0.000000,0.000000,-74.524489,-56.226854,-55.567370,29.385996,3.923634,-0.777871,-0.003703,0.000000,0.000000,0.000000,5.466037,31.447843,0.591522,31.924823,2.418265,-9.887446,0.026579,10.178914,nan,nan,nan,0,nan,nan,nan,0,nan,nan,nan,nan,nan,nan,nan,nan,nan,nan,nan,nan,nan,nan,nan,nan,nan,nan,nan,nan,nan,nan,nan,nan,nan,nan,nan,nan,nan,nan,nan,nan,nan,nan,nan,nan,nan,nan,nan,nan,nan,nan,nan,nan,nan,nan,nan,nan,nan,nan,2.000000,31.919342,-28.849205,13.658981,10.174230,-0.307643,31.921743,-28.849205,13.658981,0.391522,10.000000,0.000000,10.178914,inf,0.000000,1.000000,0.000000,0.000000,0.000000,0.000000,0.000000,0.000000,0.000000,0.000000,0.000000,0.000000,22.000000,178.478390,0.698581,nan
26.080,APPROACH,31.453326,5.583707,30.948064,0.592691,2.353407,-9.995592,0.023385,-72.529933,-59.029933,29.393866,0.375000,0.375000,-0.012182,0.000000,0.000000,45.000000,-66.946226,-28.081870,29.986557,2.728407,-9.620592,0.011203,0.000000,0.000000,-74.166622,-56.079346,-55.403971,29.386557,3.922845,-0.781844,-0.002534,0.000000,0.000000,0.000000,5.583707,30.948064,0.592691,31.453326,2.353407,-9.995592,0.023385,10.268931,nan,nan,nan,0,nan,nan,nan,0,nan,nan,nan,nan,nan,nan,nan,nan,nan,nan,nan,nan,nan,nan,nan,nan,nan,nan,nan,nan,nan,nan,nan,nan,nan,nan,nan,nan,nan,nan,nan,nan,nan,nan,nan,nan,nan,nan,nan,nan,nan,nan,nan,nan,nan,nan,nan,nan,nan,nan,2.000000,31.447741,-28.250407,13.815750,10.258457,-0.463087,31.450193,-28.250407,13.815750,0.392691,10.000000,0.000000,10.268931,inf,0.000000,1.000000,0.000000,0.000000,0.000000,0.000000,0.000000,0.000000,0.000000,0.000000,0.000000,0.000000,21.000000,176.055529,0.019097,nan
26.140,APPROACH,30.977267,5.698129,30.442895,0.593721,2.288444,-10.103363,0.020598,-72.504933,-59.004933,29.393374,0.500000,0.500000,-0.009843,0.000000,0.000000,45.000000,-66.806804,-28.562038,29.987094,2.788444,-9.603363,0.010755,0.000000,0.000000,-73.808756,-55.937873,-55.235804,29.387094,3.921785,-0.787148,-0.001558,0.000000,0.000000,0.000000,5.698129,30.442895,0.593721,30.977267,2.288444,-10.103363,0.020598,10.359312,nan,nan,nan,0,nan,nan,nan,0,nan,nan,nan,nan,nan,nan,nan,nan,nan,nan,nan,nan,nan,nan,nan,nan,nan,nan,nan,nan,nan,nan,nan,nan,nan,nan,nan,nan,nan,nan,nan,nan,nan,nan,nan,nan,nan,nan,nan,nan,nan,nan,nan,nan,nan,nan,nan,nan,nan,nan,2.000000,30.971577,-27.646527,13.960950,10.340746,-0.619590,30.974079,-27.646527,13.960950,0.393721,10.000000,0.000000,10.359312,inf,0.000000,1.000000,0.000000,0.000000,0.000000,0.000000,0.000000,0.000000,0.000000,0.000000,0.000000,0.000000,21.000000,176.173624,0.067988,nan
26.180,APPROACH,30.496681,5.809298,29.932357,0.594629,2.223371,-10.210759,0.018162,-72.473683,-58.973683,29.392982,0.625000,0.625000,-0.007838,0.000000,0.000000,45.000000,-66.664385,-29.041326,29.987611,2.848371,-9.585759,0.010325,0.000000,0.000000,-73.450889,-55.802471,-55.063112,29.387611,3.920446,-0.793789,-0.000748,0.000000,0.000000,0.000000,5.809298,29.932357,0.594629,30.496681,2.223371,-10.210759,0.018162,10.450039,nan,nan,nan,0,nan,nan,nan,0,nan,nan,nan,nan,nan,nan,nan,nan,nan,nan,nan,nan,nan,nan,nan,nan,nan,nan,nan,nan,nan,nan,nan,nan,nan,nan,nan,nan,nan,nan,nan,nan,nan,nan,nan,nan,nan,nan,nan,nan,nan,nan,nan,nan,nan,nan,nan,nan,nan,nan,2.000000,30.490883,-27.037734,14.094499,10.421087,-0.777133,30.493437,-27.037734,14.094499,0.394629,10.000000,-0.000000,10.450039,inf,0.000000,1.000000,0.000000,0.000000,0.000000,0.000000,0.000000,0.000000,0.000000,0.000000,0.000000,0.000000,21.000000,176.281965,0.116718,nan
26.240,APPROACH,30.011606,5.917207,29.416468,0.595430,2.158187,-10.317782,0.016031,-72.436183,-58.936183,29.392676,0.750000,0.750000,-0.006119,0.000000,0.000000,45.000000,-66.518976,-29.519715,29.988106,2.908187,-9.567782,0.009912,0.000000,0.000000,-73.093023,-55.673171,-54.886135,29.388106,3.918821,-0.801775,-0.000078,0.000000,0.000000,0.000000,5.917207,29.416468,0.595430,30.011606,2.158187,-10.317782,0.016031,10.541093,nan,nan,nan,0,nan,nan,nan,0,nan,nan,nan,nan,nan,nan,nan,nan,nan,nan,nan,nan,nan,nan,nan,nan,nan,nan,nan,nan,nan,nan,nan,nan,nan,nan,nan,nan,nan,nan,nan,nan,nan,nan,nan,nan,nan,nan,nan,nan,nan,nan,nan,nan,nan,nan,nan,nan,nan,nan,2.000000,30.005699,-26.424200,14.216314,10.499470,-0.935698,30.008304,-26.424200,14.216314,0.395430,10.000000,0.000000,10.541093,inf,0.000000,1.000000,0.000000,0.000000,0.000000,0.000000,0.000000,0.000000,0.000000,0.000000,0.000000,0.000000,21.000000,176.380521,0.165286,nan
26.280,APPROACH,29.522083,6.021852,28.895247,0.596138,2.092890,-10.424431,0.014163,-72.392433,-58.892433,29.392443,0.875000,0.875000,-0.004648,0.000000,0.000000,45.000000,-66.370581,-29.997186,29.988582,2.967890,-9.549431,0.009515,0.000000,0.000000,-72.735157,-55.549998,-54.705116,29.388582,3.916898,-0.811115,0.000473,0.000000,0.000000,0.000000,6.021852,28.895247,0.596138,29.522083,2.092890,-10.424431,0.014163,10.632457,nan,nan,nan,0,nan,nan,nan,0,nan,nan,nan,nan,nan,nan,nan,nan,nan,nan,nan,nan,nan,nan,nan,nan,nan,nan,nan,nan,nan,nan,nan,nan,nan,nan,nan,nan,nan,nan,nan,nan,nan,nan,nan,nan,nan,nan,nan,nan,nan,nan,nan,nan,nan,nan,nan,nan,nan,nan,2.000000,29.516063,-25.806097,14.326317,10.575885,-1.095266,29.518721,-25.806097,14.326317,0.396138,10.000000,0.000000,10.632457,inf,0.000000,1.000000,0.000000,0.000000,0.000000,0.000000,0.000000,0.000000,0.000000,0.000000,0.000000,0.000000,21.000000,176.469260,0.213690,nan
26.340,APPROACH,29.028155,6.123226,28.368711,0.596765,2.027477,-10.530707,0.012523,-72.342433,-58.842433,29.392274,1.000000,1.000000,-0.003388,0.000000,0.000000,45.000000,-66.219208,-30.473722,29.989039,3.027477,-9.530707,0.009134,0.000000,0.000000,-72.377290,-55.432972,-54.520299,29.389039,3.914666,-0.821819,0.000924,0.000000,0.000000,0.000000,6.123226,28.368711,0.596765,29.028155,2.027477,-10.530707,0.012523,10.724114,nan,nan,nan,0,nan,nan,nan,0,nan,nan,nan,nan,nan,nan,nan,nan,nan,nan,nan,nan,nan,nan,nan,nan,nan,nan,nan,nan,nan,nan,nan,nan,nan,nan,nan,nan,nan,nan,nan,nan,nan,nan,nan,nan,nan,nan,nan,nan,nan,nan,nan,nan,nan,nan,nan,nan,nan,nan,2.000000,29.022021,-25.183597,14.424429,10.650323,-1.255818,29.024733,-25.183597,14.424429,0.396765,10.000000,0.000000,10.724114,inf,0.000000,1.000000,0.000000,0.000000,0.000000,0.000000,0.000000,0.000000,0.000000,0.000000,0.000000,0.000000,21.000000,176.548150,0.261933,nan
26.380,APPROACH,28.529872,6.221323,27.836881,0.597319,1.961946,-10.636612,0.011080,-72.286183,-58.786183,29.392158,1.125000,1.125000,-0.002311,0.000000,0.000000,45.000000,-66.064860,-30.949302,29.989477,3.086946,-9.511612,0.008769,0.000000,0.000000,-72.019424,-55.322109,-54.331925,29.389477,3.912111,-0.833900,0.001290,0.000000,0.000000,0.000000,6.221323,27.836881,0.597319,28.529872,1.961946,-10.636612,0.011080,10.816047,nan,nan,nan,0,nan,nan,nan,0,nan,nan,nan,nan,nan,nan,nan,nan,nan,nan,nan,nan,nan,nan,nan,nan,nan,nan,nan,nan,nan,nan,nan,nan,nan,nan,nan,nan,nan,nan,nan,nan,nan,nan,nan,nan,nan,nan,nan,nan,nan,nan,nan,nan,nan,nan,nan,nan,nan,nan,2.000000,28.523618,-24.556873,14.510575,10.722775,-1.417338,28.526385,-24.556873,14.510575,0.397319,10.000000,0.000000,10.816047,inf,0.000000,1.000000,0.000000,0.000000,0.000000,0.000000,0.000000,0.000000,0.000000,0.000000,0.000000,0.000000,21.000000,176.617161,0.310013,nan
26.440,APPROACH,28.027283,6.316138,27.299774,0.597809,1.896294,-10.742146,0.009810,-72.223683,-58.723683,29.392089,1.250000,1.250000,-0.001392,0.000000,0.000000,45.000000,-65.907546,-31.423910,29.989898,3.146294,-9.492146,0.008418,0.000000,0.000000,-71.661558,-55.217418,-54.140240,29.389898,3.909215,-0.847371,0.001583,0.000000,0.000000,0.000000,6.316138,27.299774,0.597809,28.027283,1.896294,-10.742146,0.009810,10.908241,nan,nan,nan,0,nan,nan,nan,0,nan,nan,nan,nan,nan,nan,nan,nan,nan,nan,nan,nan,nan,nan,nan,nan,nan,nan,nan,nan,nan,nan,nan,nan,nan,nan,nan,nan,nan,nan,nan,nan,nan,nan,nan,nan,nan,nan,nan,nan,nan,nan,nan,nan,nan,nan,nan,nan,nan,nan,2.000000,28.020907,-23.926101,14.584681,10.793231,-1.579805,28.023731,-23.926101,14.584681,0.397809,10.000000,0.000000,10.908241,inf,0.000000,1.000000,0.000000,0.000000,0.000000,0.000000,0.000000,0.000000,0.000000,0.000000,0.000000,0.000000,21.000000,176.676263,0.357932,nan
26.480,APPROACH,27.520446,6.407664,26.757408,0.598244,1.830520,-10.847309,0.008689,-72.154933,-58.654933,29.392059,1.375000,1.375000,-0.000608,0.000000,0.000000,45.000000,-65.747270,-31.897525,29.990302,3.205520,-9.472309,0.008082,0.000000,0.000000,-71.303691,-55.118903,-53.945487,29.390302,3.905961,-0.862247,0.001816,0.000000,0.000000,0.000000,6.407664,26.757408,0.598244,27.520446,1.830520,-10.847309,0.008689,11.000682,nan,nan,nan,0,nan,nan,nan,0,nan,nan,nan,nan,nan,nan,nan,nan,nan,nan,nan,nan,nan,nan,nan,nan,nan,nan,nan,nan,nan,nan,nan,nan,nan,nan,nan,nan,nan,nan,nan,nan,nan,nan,nan,nan,nan,nan,nan,nan,nan,nan,nan,nan,nan,nan,nan,nan,nan,nan,2.000000,27.513943,-23.291455,14.646677,10.861684,-1.743201,27.516825,-23.291455,14.646677,0.398244,10.000000,0.000000,11.000682,inf,0.000000,1.000000,0.000000,0.000000,0.000000,0.000000,0.000000,0.000000,0.000000,0.000000,0.000000,0.000000,21.000000,176.725425,0.405690,nan
26.540,APPROACH,27.009420,6.495895,26.209803,0.598629,1.764620,-10.952103,0.007699,-72.079933,-58.579933,29.392061,1.500000,1.500000,0.000059,0.000000,0.000000,45.000000,-65.584039,-32.370130,29.990690,3.264620,-9.452103,0.007758,0.000000,0.000000,-70.945825,-55.026564,-53.747911,29.390690,3.902327,-0.878543,0.002000,0.000000,0.000000,0.000000,6.495895,26.209803,0.598629,27.009420,1.764620,-10.952103,0.007699,11.093354,nan,nan,nan,0,nan,nan,nan,0,nan,nan,nan,nan,nan,nan,nan,nan,nan,nan,nan,nan,nan,nan,nan,nan,nan,nan,nan,nan,nan,nan,nan,nan,nan,nan,nan,nan,nan,nan,nan,nan,nan,nan,nan,nan,nan,nan,nan,nan,nan,nan,nan,nan,nan,nan,nan,nan,nan,nan,2.000000,27.002785,-22.653113,14.696492,10.928122,-1.907509,27.005728,-22.653113,14.696492,0.398629,10.000000,0.000000,11.093354,inf,0.000000,1.000000,0.000000,0.000000,0.000000,0.000000,0.000000,0.000000,0.000000,0.000000,0.000000,0.000000,21.000000,176.764620,0.453288,nan
26.580,APPROACH,26.494272,6.580824,25.656977,0.598969,1.698594,-11.056528,0.006820,-71.998683,-58.498683,29.392093,1.625000,1.625000,0.000628,0.000000,0.000000,45.000000,-65.417859,-32.841707,29.991062,3.323594,-9.431528,0.007448,0.000000,0.000000,-70.587958,-54.940396,-53.547755,29.391062,3.898292,-0.896278,0.002146,0.000000,0.000000,0.000000,6.580824,25.656977,0.598969,26.494272,1.698594,-11.056528,0.006820,11.186245,nan,nan,nan,0,nan,nan,nan,0,nan,nan,nan,nan,nan,nan,nan,nan,nan,nan,nan,nan,nan,nan,nan,nan,nan,nan,nan,nan,nan,nan,nan,nan,nan,nan,nan,nan,nan,nan,nan,nan,nan,nan,nan,nan,nan,nan,nan,nan,nan,nan,nan,nan,nan,nan,nan,nan,nan,nan,2.000000,26.487501,-22.011251,14.734059,10.992539,-2.072707,26.490505,-22.011251,14.734059,0.398969,10.000000,0.000000,11.186245,inf,0.000000,1.000000,0.000000,0.000000,0.000000,0.000000,0.000000,0.000000,0.000000,0.000000,0.000000,0.000000,21.000000,176.793819,0.500727,nan
26.640,APPROACH,25.975074,6.662446,25.098947,0.599271,1.632437,-11.160585,0.006035,-71.911183,-58.411183,29.392149,1.750000,1.750000,0.001116,0.000000,0.000000,45.000000,-65.248737,-33.312236,29.991420,3.382437,-9.410585,0.007150,0.000000,0.000000,-70.230092,-54.860386,-53.345266,29.391420,3.893830,-0.915469,0.002257,0.000000,0.000000,0.000000,6.662446,25.098947,0.599271,25.975074,1.632437,-11.160585,0.006035,11.279342,nan,nan,nan,0,nan,nan,nan,0,nan,nan,nan,nan,nan,nan,nan,nan,nan,nan,nan,nan,nan,nan,nan,nan,nan,nan,nan,nan,nan,nan,nan,nan,nan,nan,nan,nan,nan,nan,nan,nan,nan,nan,nan,nan,nan,nan,nan,nan,nan,nan,nan,nan,nan,nan,nan,nan,nan,nan,2.000000,25.968160,-21.366048,14.759313,11.054926,-2.238779,25.971229,-21.366048,14.759313,0.399271,10.000000,0.000000,11.279342,inf,0.000000,1.000000,0.000000,0.000000,0.000000,0.000000,0.000000,0.000000,0.000000,0.000000,0.000000,0.000000,21.000000,176.812993,0.548010,nan
26.680,APPROACH,25.451904,6.740754,24.535733,0.599538,1.566149,-11.264276,0.005336,-71.817433,-58.317433,29.392225,1.875000,1.875000,0.001528,0.000000,0.000000,45.000000,-65.076680,-33.781700,29.991763,3.441149,-9.389276,0.006864,0.000000,0.000000,-69.872226,-54.786519,-53.140685,29.391763,3.888913,-0.936137,0.002337,0.000000,0.000000,0.000000,6.740754,24.535733,0.599538,25.451904,1.566149,-11.264276,0.005336,11.372632,nan,nan,nan,0,nan,nan,nan,0,nan,nan,nan,nan,nan,nan,nan,nan,nan,nan,nan,nan,nan,nan,nan,nan,nan,nan,nan,nan,nan,nan,nan,nan,nan,nan,nan,nan,nan,nan,nan,nan,nan,nan,nan,nan,nan,nan,nan,nan,nan,nan,nan,nan,nan,nan,nan,nan,nan,nan,2.000000,25.444842,-20.717682,14.772190,11.115274,-2.405705,25.447978,-20.717682,14.772190,0.399538,10.000000,0.000000,11.372632,inf,0.000000,1.000000,0.000000,0.000000,0.000000,0.000000,0.000000,0.000000,0.000000,0.000000,0.000000,0.000000,21.000000,176.822116,0.595137,nan
26.740,APPROACH,24.924849,6.815740,23.967353,0.599774,1.499726,-11.367599,0.004715,-71.717433,-58.217433,29.392319,2.000000,2.000000,0.001875,0.000000,0.000000,45.000000,-64.901693,-34.250080,29.992093,3.499726,-9.367599,0.006590,0.000000,0.000000,-69.514359,-54.714816,-52.944851,29.392093,3.883510,-0.958303,0.002392,0.000000,0.000000,0.000000,6.815740,23.967353,0.599774,24.924849,1.499726,-11.367599,0.004715,11.466103,nan,nan,nan,0,nan,nan,nan,0,nan,nan,nan,nan,nan,nan,nan,nan,nan,nan,nan,nan,nan,nan,nan,nan,nan,nan,nan,nan,nan,nan,nan,nan,nan,nan,nan,nan,nan,nan,nan,nan,nan,nan,nan,nan,nan,nan,nan,nan,nan,nan,nan,nan,nan,nan,nan,nan,nan,nan,2.000000,24.917631,-20.066334,14.772630,11.173575,-2.573465,24.920838,-20.066334,14.772630,0.399774,10.000000,0.000000,11.466103,inf,0.000000,1.000000,0.000000,0.000000,0.000000,0.000000,0.000000,0.000000,0.000000,0.000000,0.000000,0.000000,21.000000,176.821160,0.642111,nan
26.780,APPROACH,24.394002,6.887398,23.393826,0.599982,1.433167,-11.470558,0.004161,-71.611183,-58.111183,29.392427,2.125000,2.125000,0.002165,0.000000,0.000000,45.000000,-64.723785,-34.717358,29.992409,3.558167,-9.345558,0.006326,0.000000,0.000000,-69.156493,-54.440941,-53.294032,29.392409,3.877589,-0.981988,0.002425,0.000000,0.000000,0.000000,6.887398,23.393826,0.599982,24.394002,1.433167,-11.470558,0.004161,11.559744,nan,nan,nan,0,nan,nan,nan,0,nan,nan,nan,nan,nan,nan,nan,nan,nan,nan,nan,nan,nan,nan,nan,nan,nan,nan,nan,nan,nan,nan,nan,nan,nan,nan,nan,nan,nan,nan,nan,nan,nan,nan,nan,nan,nan,nan,nan,nan,nan,nan,nan,nan,nan,nan,nan,nan,nan,nan,2.000000,24.386622,-19.412183,14.760572,11.229820,-2.742042,24.389902,-19.412183,14.760572,0.399982,10.000000,-0.000000,11.559744,inf,0.000000,1.000000,0.000000,0.000000,0.000000,0.000000,0.000000,0.000000,0.000000,0.000000,0.000000,0.000000,21.000000,176.810098,0.688933,nan
26.840,APPROACH,23.859467,6.955722,22.815168,0.600165,1.366469,-11.573151,0.003666,-71.498683,-57.998683,29.392547,2.250000,2.250000,0.002407,0.000000,0.000000,45.000000,-64.542961,-35.183515,29.992713,3.616469,-9.323151,0.006073,0.000000,0.000000,-68.798626,-54.165573,-53.640734,29.392713,3.871113,-1.007215,0.002440,0.000000,0.000000,0.000000,6.955722,22.815168,0.600165,23.859467,1.366469,-11.573151,0.003666,11.653544,nan,nan,nan,0,nan,nan,nan,0,nan,nan,nan,nan,nan,nan,nan,nan,nan,nan,nan,nan,nan,nan,nan,nan,nan,nan,nan,nan,nan,nan,nan,nan,nan,nan,nan,nan,nan,nan,nan,nan,nan,nan,nan,nan,nan,nan,nan,nan,nan,nan,nan,nan,nan,nan,nan,nan,nan,nan,2.000000,23.851917,-18.755411,14.735960,11.284003,-2.911415,23.855274,-18.755411,14.735960,0.400165,10.000000,0.000000,11.653544,inf,0.000000,1.000000,0.000000,0.000000,0.000000,0.000000,0.000000,0.000000,0.000000,0.000000,0.000000,0.000000,20.000000,174.133225,0.027478,nan
26.880,APPROACH,23.321359,7.020703,22.231399,0.600326,1.299630,-11.675381,0.003225,-71.379933,-57.879933,29.392678,2.375000,2.375000,0.002605,0.000000,0.000000,45.000000,-64.359230,-35.648534,29.993004,3.674630,-9.300381,0.005830,0.000000,0.000000,-68.440760,-53.888713,-53.985018,29.393004,3.864042,-1.034007,0.002440,0.000000,0.000000,0.000000,7.020703,22.231399,0.600326,23.321359,1.299630,-11.675381,0.003225,11.747492,nan,nan,nan,0,nan,nan,nan,0,nan,nan,nan,nan,nan,nan,nan,nan,nan,nan,nan,nan,nan,nan,nan,nan,nan,nan,nan,nan,nan,nan,nan,nan,nan,nan,nan,nan,nan,nan,nan,nan,nan,nan,nan,nan,nan,nan,nan,nan,nan,nan,nan,nan,nan,nan,nan,nan,nan,nan,2.000000,23.313631,-18.096200,14.698739,11.336116,-3.081565,23.317067,-18.096200,14.698739,0.400326,10.000000,0.000000,11.747492,inf,0.000000,1.000000,0.000000,0.000000,0.000000,0.000000,0.000000,0.000000,0.000000,0.000000,0.000000,0.000000,20.000000,174.139826,0.070107,nan
26.940,APPROACH,22.779803,7.082336,21.642537,0.600468,1.232648,-11.777249,0.002831,-71.254933,-57.754933,29.392816,2.500000,2.500000,0.002766,0.000000,0.000000,45.000000,-64.172598,-36.112397,29.993284,3.732648,-9.277249,0.005597,0.000000,0.000000,-68.082894,-53.610360,-54.326948,29.393284,3.856335,-1.062389,0.002427,0.000000,0.000000,0.000000,7.082336,21.642537,0.600468,22.779803,1.232648,-11.777249,0.002831,11.841580,nan,nan,nan,0,nan,nan,nan,0,nan,nan,nan,nan,nan,nan,nan,nan,nan,nan,nan,nan,nan,nan,nan,nan,nan,nan,nan,nan,nan,nan,nan,nan,nan,nan,nan,nan,nan,nan,nan,nan,nan,nan,nan,nan,nan,nan,nan,nan,nan,nan,nan,nan,nan,nan,nan,nan,nan,nan,2.000000,22.771888,-17.434733,14.648855,11.386150,-3.252474,22.775409,-17.434733,14.648855,0.400468,10.000000,-0.000000,11.841580,inf,0.000000,1.000000,0.000000,0.000000,0.000000,0.000000,0.000000,0.000000,0.000000,0.000000,0.000000,0.000000,20.000000,174.136445,0.112611,nan
26.980,APPROACH,22.234940,7.140612,21.048599,0.600592,1.165520,-11.878754,0.002478,-71.123683,-57.623683,29.392961,2.625000,2.625000,0.002895,0.000000,0.000000,45.000000,-63.983072,-36.575084,29.993553,3.790520,-9.253754,0.005373,0.000000,0.000000,-67.725027,-53.330508,-54.666588,29.393553,3.847946,-1.092385,0.002404,0.000000,0.000000,0.000000,7.140612,21.048599,0.600592,22.234940,1.165520,-11.878754,0.002478,11.935796,nan,nan,nan,0,nan,nan,nan,0,nan,nan,nan,nan,nan,nan,nan,nan,nan,nan,nan,nan,nan,nan,nan,nan,nan,nan,nan,nan,nan,nan,nan,nan,nan,nan,nan,nan,nan,nan,nan,nan,nan,nan,nan,nan,nan,nan,nan,nan,nan,nan,nan,nan,nan,nan,nan,nan,nan,nan,2.000000,22.226827,-16.771192,14.586259,11.434099,-3.424122,22.230437,-16.771192,14.586259,0.400592,10.000000,0.000000,11.935796,inf,0.000000,1.000000,0.000000,0.000000,0.000000,0.000000,0.000000,0.000000,0.000000,0.000000,0.000000,0.000000,20.000000,174.123055,0.154992,nan
27.040,APPROACH,21.698712,7.195524,20.462104,0.600700,1.098244,-11.729898,0.002162,-70.986183,-57.498683,29.393110,2.750000,2.500000,0.002996,0.000000,0.000000,42.273689,-63.790659,-37.036579,29.993810,3.848244,-9.229898,0.005158,0.000000,0.000000,-67.367161,-53.048255,-55.006151,29.393810,3.839478,-1.121786,0.002375,0.000000,0.000000,0.000000,7.195524,20.462104,0.600700,21.698712,1.098244,-11.729898,0.002162,11.781199,nan,nan,nan,0,nan,nan,nan,0,nan,nan,nan,nan,nan,nan,nan,nan,nan,nan,nan,nan,nan,nan,nan,nan,nan,nan,nan,nan,nan,nan,nan,nan,nan,nan,nan,nan,nan,nan,nan,nan,nan,nan,nan,nan,nan,nan,nan,nan,nan,nan,nan,nan,nan,nan,nan,nan,nan,nan,2.000000,21.690396,-16.117300,14.515712,11.249207,-3.500283,21.694096,-16.117300,14.515712,0.400700,10.000000,0.000000,11.781199,inf,0.000000,1.000000,0.000000,0.000000,0.000000,0.000000,0.000000,0.000000,0.000000,0.000000,0.000000,0.000000,20.000000,174.099627,0.197251,nan
27.080,APPROACH,21.171145,7.247065,19.883070,0.600794,1.030818,-11.580682,0.001876,-70.842433,-57.379933,29.393264,2.875000,2.375000,0.003075,0.000000,0.000000,39.559668,-63.595368,-37.496863,29.994058,3.905818,-9.205682,0.004952,0.000000,0.000000,-67.009295,-52.763601,-55.345572,29.394058,3.830937,-1.150617,0.002341,0.000000,0.000000,0.000000,7.247065,19.883070,0.600794,21.171145,1.030818,-11.580682,0.001876,11.626469,nan,nan,nan,0,nan,nan,nan,0,nan,nan,nan,nan,nan,nan,nan,nan,nan,nan,nan,nan,nan,nan,nan,nan,nan,nan,nan,nan,nan,nan,nan,nan,nan,nan,nan,nan,nan,nan,nan,nan,nan,nan,nan,nan,nan,nan,nan,nan,nan,nan,nan,nan,nan,nan,nan,nan,nan,nan,2.000000,21.162618,-15.473151,14.437383,11.063427,-3.574265,21.166413,-15.473151,14.437383,0.400794,10.000000,0.000000,11.626469,inf,0.000000,1.000000,0.000000,0.000000,0.000000,0.000000,0.000000,0.000000,0.000000,0.000000,0.000000,0.000000,20.000000,174.070190,0.220215,nan
27.140,APPROACH,20.652263,7.295227,19.311514,0.600875,0.963240,-11.431107,0.001619,-70.692433,-57.267433,29.393421,3.000000,2.250000,0.003135,0.000000,0.000000,36.869898,-63.397206,-37.955919,29.994296,3.963240,-9.181107,0.004754,0.000000,0.000000,-66.651428,-52.476547,-55.684785,29.394296,3.822327,-1.178901,0.002301,0.000000,0.000000,0.000000,7.295227,19.311514,0.600875,20.652263,0.963240,-11.431107,0.001619,11.471619,nan,nan,nan,0,nan,nan,nan,0,nan,nan,nan,nan,nan,nan,nan,nan,nan,nan,nan,nan,nan,nan,nan,nan,nan,nan,nan,nan,nan,nan,nan,nan,nan,nan,nan,nan,nan,nan,nan,nan,nan,nan,nan,nan,nan,nan,nan,nan,nan,nan,nan,nan,nan,nan,nan,nan,nan,nan,2.000000,20.643520,-14.838836,14.351442,10.876777,-3.646061,20.647412,-14.838836,14.351442,0.400875,10.000000,0.000000,11.471619,inf,0.000000,1.000000,0.000000,0.000000,0.000000,0.000000,0.000000,0.000000,0.000000,0.000000,0.000000,0.000000,20.000000,174.034805,0.243393,nan
27.180,APPROACH,20.142092,7.340002,18.747456,0.600944,0.895507,-11.281174,0.001388,-70.536183,-57.161183,29.393580,3.125000,2.125000,0.003176,0.000000,0.000000,34.215702,-63.196181,-38.413727,29.994524,4.020507,-9.156174,0.004563,0.000000,0.000000,-66.293562,-52.187093,-56.023728,29.394524,3.813655,-1.206662,0.002258,0.000000,0.000000,0.000000,7.340002,18.747456,0.600944,20.142092,0.895507,-11.281174,0.001388,11.316661,nan,nan,nan,0,nan,nan,nan,0,nan,nan,nan,nan,nan,nan,nan,nan,nan,nan,nan,nan,nan,nan,nan,nan,nan,nan,nan,nan,nan,nan,nan,nan,nan,nan,nan,nan,nan,nan,nan,nan,nan,nan,nan,nan,nan,nan,nan,nan,nan,nan,nan,nan,nan,nan,nan,nan,nan,nan,2.000000,20.133125,-14.214444,14.258061,10.689279,-3.715662,20.137117,-14.214444,14.258061,0.400944,10.000000,-0.000000,11.316661,inf,0.000000,1.000000,0.000000,0.000000,0.000000,0.000000,0.000000,0.000000,0.000000,0.000000,0.000000,0.000000,20.000000,173.993533,0.266783,nan
27.240,APPROACH,19.640654,7.381383,18.190912,0.601003,0.827617,-11.130884,0.001179,-70.373683,-57.061183,29.393740,3.250000,2.000000,0.003202,0.000000,0.000000,31.607502,-62.992300,-38.870272,29.994743,4.077617,-9.130884,0.004381,0.000000,0.000000,-65.935695,-51.895242,-56.362340,29.394743,3.804922,-1.233922,0.002211,0.000000,0.000000,0.000000,7.381383,18.190912,0.601003,19.640654,0.827617,-11.130884,0.001179,11.161610,nan,nan,nan,0,nan,nan,nan,0,nan,nan,nan,nan,nan,nan,nan,nan,nan,nan,nan,nan,nan,nan,nan,nan,nan,nan,nan,nan,nan,nan,nan,nan,nan,nan,nan,nan,nan,nan,nan,nan,nan,nan,nan,nan,nan,nan,nan,nan,nan,nan,nan,nan,nan,nan,nan,nan,nan,nan,2.000000,19.631456,-13.600065,14.157412,10.500951,-3.783061,19.635551,-13.600065,14.157412,0.401003,10.000000,0.000000,11.161610,inf,0.000000,1.000000,0.000000,0.000000,0.000000,0.000000,0.000000,0.000000,0.000000,0.000000,0.000000,0.000000,20.000000,173.946438,0.290380,nan
27.280,APPROACH,19.147971,7.419361,17.641900,0.601053,0.759568,-10.980237,0.000992,-70.204933,-56.967433,29.393901,3.375000,1.875000,0.003214,0.000000,0.000000,29.054604,-62.785572,-39.325533,29.994953,4.134568,-9.105237,0.004206,0.000000,0.000000,-65.577829,-51.600994,-56.700562,29.394953,3.796132,-1.260704,0.002162,0.000000,0.000000,0.000000,7.419361,17.641900,0.601053,19.147971,0.759568,-10.980237,0.000992,11.006478,nan,nan,nan,0,nan,nan,nan,0,nan,nan,nan,nan,nan,nan,nan,nan,nan,nan,nan,nan,nan,nan,nan,nan,nan,nan,nan,nan,nan,nan,nan,nan,nan,nan,nan,nan,nan,nan,nan,nan,nan,nan,nan,nan,nan,nan,nan,nan,nan,nan,nan,nan,nan,nan,nan,nan,nan,nan,2.000000,19.138536,-12.995783,14.049668,10.311815,-3.848249,19.142737,-12.995783,14.049668,0.401053,10.000000,0.000000,11.006478,inf,0.000000,1.000000,0.000000,0.000000,0.000000,0.000000,0.000000,0.000000,0.000000,0.000000,0.000000,0.000000,20.000000,173.893585,0.314180,nan
27.340,APPROACH,18.664066,7.453929,17.100438,0.601094,0.691358,-10.829236,0.000823,-70.029933,-56.879933,29.394061,3.500000,1.750000,0.003215,0.000000,0.000000,26.565051,-62.576004,-39.779495,29.995155,4.191358,-9.079236,0.004037,0.000000,0.000000,-65.219963,-51.304353,-57.038336,29.395155,3.787288,-1.287031,0.002111,0.000000,0.000000,0.000000,7.453929,17.100438,0.601094,18.664066,0.691358,-10.829236,0.000823,10.851282,nan,nan,nan,0,nan,nan,nan,0,nan,nan,nan,nan,nan,nan,nan,nan,nan,nan,nan,nan,nan,nan,nan,nan,nan,nan,nan,nan,nan,nan,nan,nan,nan,nan,nan,nan,nan,nan,nan,nan,nan,nan,nan,nan,nan,nan,nan,nan,nan,nan,nan,nan,nan,nan,nan,nan,nan,nan,2.000000,18.654384,-12.401682,13.935003,10.121891,-3.911220,18.658695,-12.401682,13.935003,0.401094,10.000000,0.000000,10.851282,inf,0.000000,1.000000,0.000000,0.000000,0.000000,0.000000,0.000000,0.000000,0.000000,0.000000,0.000000,0.000000,20.000000,173.835041,0.338180,nan
27.380,APPROACH,18.188956,7.485078,16.566544,0.601127,0.622984,-10.677880,0.000671,-69.848683,-56.798683,29.394222,3.625000,1.625000,0.003205,0.000000,0.000000,24.145542,-62.363605,-40.232139,29.995349,4.247984,-9.052880,0.003876,0.000000,0.000000,-64.862096,-51.005321,-57.375607,29.395349,3.778389,-1.312924,0.002059,0.000000,0.000000,0.000000,7.485078,16.566544,0.601127,18.188956,0.622984,-10.677880,0.000671,10.696038,nan,nan,nan,0,nan,nan,nan,0,nan,nan,nan,nan,nan,nan,nan,nan,nan,nan,nan,nan,nan,nan,nan,nan,nan,nan,nan,nan,nan,nan,nan,nan,nan,nan,nan,nan,nan,nan,nan,nan,nan,nan,nan,nan,nan,nan,nan,nan,nan,nan,nan,nan,nan,nan,nan,nan,nan,nan,2.000000,18.179020,-11.817844,13.813593,9.931199,-3.971966,18.183445,-11.817844,13.813593,0.401127,10.000000,0.000000,10.696038,inf,0.000000,1.000000,0.000000,0.000000,0.000000,0.000000,0.000000,0.000000,0.000000,0.000000,0.000000,0.000000,20.000000,173.770873,0.362377,nan
27.440,APPROACH,17.722661,7.512801,16.040235,0.601154,0.554445,-10.526171,0.000534,-69.661183,-56.723683,29.394381,3.750000,1.500000,0.003187,0.000000,0.000000,21.801409,-62.148383,-40.683448,29.995535,4.304445,-9.026171,0.003721,0.000000,0.000000,-64.504230,-50.703902,-57.712319,29.395535,3.769438,-1.338406,0.002008,0.000000,0.000000,0.000000,7.512801,16.040235,0.601154,17.722661,0.554445,-10.526171,0.000534,10.540763,nan,nan,nan,0,nan,nan,nan,0,nan,nan,nan,nan,nan,nan,nan,nan,nan,nan,nan,nan,nan,nan,nan,nan,nan,nan,nan,nan,nan,nan,nan,nan,nan,nan,nan,nan,nan,nan,nan,nan,nan,nan,nan,nan,nan,nan,nan,nan,nan,nan,nan,nan,nan,nan,nan,nan,nan,nan,2.000000,17.712462,-11.244347,13.685613,9.739759,-4.030481,17.717005,-11.244347,13.685613,0.401154,10.000000,0.000000,10.540763,inf,0.000000,1.000000,0.000000,0.000000,0.000000,0.000000,0.000000,0.000000,0.000000,0.000000,0.000000,0.000000,20.000000,173.701153,0.386767,nan
27.480,APPROACH,17.265196,7.537087,15.521530,0.601175,0.485737,-10.374109,0.000410,-69.467433,-56.654933,29.394539,3.875000,1.375000,0.003162,0.000000,0.000000,19.536655,-61.930346,-41.133403,29.995713,4.360737,-8.999109,0.003572,0.000000,0.000000,-64.146364,-50.400100,-58.048420,29.395713,3.760434,-1.363499,0.001964,0.000000,0.000000,0.000000,7.537087,15.521530,0.601175,17.265196,0.485737,-10.374109,0.000410,10.385475,nan,nan,nan,0,nan,nan,nan,0,nan,nan,nan,nan,nan,nan,nan,nan,nan,nan,nan,nan,nan,nan,nan,nan,nan,nan,nan,nan,nan,nan,nan,nan,nan,nan,nan,nan,nan,nan,nan,nan,nan,nan,nan,nan,nan,nan,nan,nan,nan,nan,nan,nan,nan,nan,nan,nan,nan,nan,2.000000,17.254726,-10.681269,13.551239,9.547592,-4.086756,17.259389,-10.681269,13.551239,0.401175,10.000000,0.000000,10.385475,inf,0.000000,1.000000,0.000000,0.000000,0.000000,0.000000,0.000000,0.000000,0.000000,0.000000,0.000000,0.000000,20.000000,173.625952,0.411347,nan
27.540,APPROACH,16.816575,7.557930,15.010445,0.601189,0.416860,-10.221697,0.000291,-69.267433,-56.592433,29.394696,4.000000,1.250000,0.003138,0.000000,0.000000,17.354025,-61.709503,-41.581988,29.995885,4.416860,-8.971697,0.003429,0.000000,0.000000,-63.788497,-50.093919,-58.383857,29.395885,3.751377,-1.388224,0.001921,0.000000,0.000000,0.000000,7.557930,15.010445,0.601189,16.816575,0.416860,-10.221697,0.000291,10.230194,nan,nan,nan,0,nan,nan,nan,0,nan,nan,nan,nan,nan,nan,nan,nan,nan,nan,nan,nan,nan,nan,nan,nan,nan,nan,nan,nan,nan,nan,nan,nan,nan,nan,nan,nan,nan,nan,nan,nan,nan,nan,nan,nan,nan,nan,nan,nan,nan,nan,nan,nan,nan,nan,nan,nan,nan,nan,2.000000,16.805826,-10.128685,13.410649,9.354718,-4.140786,16.810614,-10.128685,13.410649,0.401189,10.000000,0.000000,10.230194,inf,0.000000,1.000000,0.000000,0.000000,0.000000,0.000000,0.000000,0.000000,0.000000,0.000000,0.000000,0.000000,20.000000,173.545343,0.436113,nan
27.580,APPROACH,16.376811,7.575321,14.506998,0.601198,0.347810,-10.068935,0.000182,-69.061183,-56.536183,29.394851,4.125000,1.125000,0.003110,0.000000,0.000000,15.255119,-61.485862,-42.029185,29.996050,4.472810,-8.943935,0.003292,0.000000,0.000000,-63.430631,-49.785364,-58.718581,29.396050,3.742265,-1.412605,0.001878,0.000000,0.000000,0.000000,7.575321,14.506998,0.601198,16.376811,0.347810,-10.068935,0.000182,10.074940,nan,nan,nan,0,nan,nan,nan,0,nan,nan,nan,nan,nan,nan,nan,nan,nan,nan,nan,nan,nan,nan,nan,nan,nan,nan,nan,nan,nan,nan,nan,nan,nan,nan,nan,nan,nan,nan,nan,nan,nan,nan,nan,nan,nan,nan,nan,nan,nan,nan,nan,nan,nan,nan,nan,nan,nan,nan,2.000000,16.365772,-9.586668,13.264022,9.161159,-4.192564,16.370689,-9.586668,13.264022,0.401198,10.000000,-0.000000,10.074940,inf,0.000000,1.000000,0.000000,0.000000,0.000000,0.000000,0.000000,0.000000,0.000000,0.000000,0.000000,0.000000,20.000000,173.459401,0.461062,nan
27.640,APPROACH,15.945911,7.589250,14.011207,0.601202,0.278586,-9.915824,0.000084,-68.848683,-56.486183,29.395005,4.250000,1.000000,0.003076,0.000000,0.000000,13.240520,-61.259433,-42.474976,29.996208,4.528586,-8.915824,0.003160,0.000000,0.000000,-63.072764,-49.474440,-59.052541,29.396208,3.733095,-1.436662,0.001834,0.000000,0.000000,0.000000,7.589250,14.011207,0.601202,15.945911,0.278586,-9.915824,0.000084,9.919736,nan,nan,nan,0,nan,nan,nan,0,nan,nan,nan,nan,nan,nan,nan,nan,nan,nan,nan,nan,nan,nan,nan,nan,nan,nan,nan,nan,nan,nan,nan,nan,nan,nan,nan,nan,nan,nan,nan,nan,nan,nan,nan,nan,nan,nan,nan,nan,nan,nan,nan,nan,nan,nan,nan,nan,nan,nan,2.000000,15.934574,-9.055288,13.111537,8.966933,-4.242084,15.939624,-9.055288,13.111537,0.401202,10.000000,0.000000,9.919736,inf,0.000000,1.000000,0.000000,0.000000,0.000000,0.000000,0.000000,0.000000,0.000000,0.000000,0.000000,0.000000,20.000000,173.368202,0.486192,nan
27.680,APPROACH,15.523884,7.599709,13.523089,0.601202,0.209185,-9.762365,-0.000002,-68.629933,-56.442433,29.395157,4.375000,0.875000,0.003036,0.000000,0.000000,11.309932,-61.030224,-42.919344,29.996359,4.584185,-8.887365,0.003034,0.000000,0.000000,-62.714898,-49.161153,-59.385688,29.396359,3.723866,-1.460419,0.001790,0.000000,0.000000,0.000000,7.599709,13.523089,0.601202,15.523884,0.209185,-9.762365,-0.000002,9.764606,nan,nan,nan,0,nan,nan,nan,0,nan,nan,nan,nan,nan,nan,nan,nan,nan,nan,nan,nan,nan,nan,nan,nan,nan,nan,nan,nan,nan,nan,nan,nan,nan,nan,nan,nan,nan,nan,nan,nan,nan,nan,nan,nan,nan,nan,nan,nan,nan,nan,nan,nan,nan,nan,nan,nan,nan,nan,2.000000,15.512238,-8.534615,12.953373,8.772064,-4.289338,15.517425,-8.534615,12.953373,0.401202,10.000000,0.000000,9.764606,inf,0.000000,1.000000,0.000000,0.000000,0.000000,0.000000,0.000000,0.000000,0.000000,0.000000,0.000000,0.000000,20.000000,173.271826,0.511497,nan
27.740,APPROACH,15.110730,7.606690,13.042661,0.601198,0.139605,-9.608559,-0.000079,-68.404933,-56.404933,29.395307,4.500000,0.750000,0.002992,0.000000,0.000000,9.462322,-60.798243,-43.362272,29.996505,4.639605,-8.858559,0.002913,0.000000,0.000000,-62.357032,-48.845509,-59.717976,29.396505,3.714572,-1.483897,0.001745,0.000000,0.000000,0.000000,7.606690,13.042661,0.601198,15.110730,0.139605,-9.608559,-0.000079,9.609573,nan,nan,nan,0,nan,nan,nan,0,nan,nan,nan,nan,nan,nan,nan,nan,nan,nan,nan,nan,nan,nan,nan,nan,nan,nan,nan,nan,nan,nan,nan,nan,nan,nan,nan,nan,nan,nan,nan,nan,nan,nan,nan,nan,nan,nan,nan,nan,nan,nan,nan,nan,nan,nan,nan,nan,nan,nan,2.000000,15.098766,-8.024714,12.789710,8.576570,-4.334322,15.104095,-8.024714,12.789710,0.401198,10.000000,0.000000,9.609573,inf,0.000000,1.000000,0.000000,0.000000,0.000000,0.000000,0.000000,0.000000,0.000000,0.000000,0.000000,0.000000,20.000000,173.170352,0.536977,nan
27.780,APPROACH,14.706451,7.610182,12.569941,0.601191,0.069844,-9.454408,-0.000147,-68.173683,-56.373683,29.395454,4.625000,0.625000,0.002944,0.000000,0.000000,7.696052,-60.563501,-43.803743,29.996645,4.694844,-8.829408,0.002796,0.000000,0.000000,-61.999165,-48.527515,-60.049356,29.396645,3.705211,-1.507119,0.001701,0.000000,0.000000,0.000000,7.610182,12.569941,0.601191,14.706451,0.069844,-9.454408,-0.000147,9.454666,nan,nan,nan,0,nan,nan,nan,0,nan,nan,nan,nan,nan,nan,nan,nan,nan,nan,nan,nan,nan,nan,nan,nan,nan,nan,nan,nan,nan,nan,nan,nan,nan,nan,nan,nan,nan,nan,nan,nan,nan,nan,nan,nan,nan,nan,nan,nan,nan,nan,nan,nan,nan,nan,nan,nan,nan,nan,2.000000,14.694158,-7.525651,12.620731,8.380473,-4.377029,14.699634,-7.525651,12.620731,0.401191,10.000000,0.000000,9.454666,inf,0.000000,1.000000,0.000000,0.000000,0.000000,0.000000,0.000000,0.000000,0.000000,0.000000,0.000000,0.000000,20.000000,173.063862,0.562626,nan
27.840,APPROACH,14.311041,7.610177,12.104945,0.601181,-0.000100,-9.299912,-0.000207,-67.936183,-56.348683,29.395598,4.750000,0.500000,0.002892,0.000000,0.000000,6.009006,-60.326006,-44.243738,29.996779,4.749900,-8.799912,0.002684,0.000000,0.000000,-61.641299,-48.207179,-60.379783,29.396779,3.695776,-1.530110,0.001656,0.000000,0.000000,0.000000,7.610177,12.104945,0.601181,14.311041,-0.000100,-9.299912,-0.000207,9.299912,nan,nan,nan,0,nan,nan,nan,0,nan,nan,nan,nan,nan,nan,nan,nan,nan,nan,nan,nan,nan,nan,nan,nan,nan,nan,nan,nan,nan,nan,nan,nan,nan,nan,nan,nan,nan,nan,nan,nan,nan,nan,nan,nan,nan,nan,nan,nan,nan,nan,nan,nan,nan,nan,nan,nan,nan,nan,2.000000,14.298409,-7.037487,12.446617,8.183793,-4.417453,14.304036,-7.037487,12.446617,0.401181,10.000000,0.000000,9.299912,inf,0.000000,1.000000,0.000000,0.000000,0.000000,0.000000,0.000000,0.000000,0.000000,0.000000,0.000000,0.000000,20.000000,172.952441,0.588442,nan
27.880,TRACKING,13.924492,7.606666,11.647691,0.601168,-0.070229,-9.145073,-0.000260,-67.692433,-56.329933,29.395740,4.875000,0.375000,0.002837,0.000000,0.000000,4.398705,-60.085768,-44.682242,29.996908,4.804771,-8.770073,0.002577,0.000000,0.000000,-61.283433,-60.085768,-44.682242,29.396908,3.745776,-1.580110,0.003173,0.000000,0.000000,0.000000,7.606666,11.647691,0.601168,13.924492,-0.070229,-9.145073,-0.000260,9.145342,nan,nan,nan,0,nan,nan,nan,0,nan,nan,nan,nan,nan,nan,nan,nan,nan,nan,nan,nan,nan,nan,nan,nan,nan,nan,nan,nan,nan,nan,nan,nan,nan,nan,nan,nan,nan,nan,nan,nan,nan,nan,nan,nan,nan,nan,nan,nan,nan,nan,nan,nan,nan,nan,nan,nan,nan,nan,3.000000,13.911509,-6.560281,12.267550,7.986552,-4.455589,13.917292,-6.560281,12.267550,0.401168,10.000000,0.000000,9.145342,inf,0.000000,1.000000,0.000000,0.000000,0.000000,0.000000,0.000000,0.000000,0.000000,0.000000,0.000000,0.000000,20.000000,172.836173,0.614421,nan
27.940,TRACKING,13.535272,7.592390,11.189188,0.601074,-0.285510,-9.170073,-0.001867,-67.442433,-56.304933,29.395957,5.000000,0.500000,0.004341,0.000000,0.000000,5.710593,-59.850043,-45.115745,29.997031,4.714490,-8.670073,0.002474,0.000000,0.000000,-61.464162,-59.850043,-45.115745,29.397031,3.821667,-1.730110,0.003282,0.000000,0.000000,0.000000,7.592390,11.189188,0.601074,13.535272,-0.285510,-9.170073,-0.001867,9.174516,nan,nan,nan,0,nan,nan,nan,0,nan,nan,nan,nan,nan,nan,nan,nan,nan,nan,nan,nan,nan,nan,nan,nan,nan,nan,nan,nan,nan,nan,nan,nan,nan,nan,nan,nan,nan,nan,nan,nan,nan,nan,nan,nan,nan,nan,nan,nan,nan,nan,nan,nan,nan,nan,nan,nan,nan,nan,3.000000,13.521920,-6.202960,12.015223,7.919688,-4.631447,13.527866,-6.202960,12.015223,0.401074,9.868970,-0.000000,9.174516,inf,1.000000,1.000000,0.000000,0.000000,0.000000,0.000000,0.000000,0.000000,0.000000,0.000000,0.000000,0.000000,20.000000,172.715146,0.640560,nan
27.980,TRACKING,13.147486,7.574593,10.729434,0.600975,-0.355936,-9.195073,-0.001981,-67.186183,-56.273683,29.396175,5.125000,0.625000,0.004356,0.000000,0.000000,6.952957,-59.611590,-45.544249,29.997150,4.769064,-8.570073,0.002375,0.000000,0.000000,-60.904991,-59.611590,-45.544249,29.397150,3.871667,-1.830110,0.003154,0.000000,0.000000,0.000000,7.574593,10.729434,0.600975,13.147486,-0.355936,-9.195073,-0.001981,9.201959,nan,nan,nan,0,nan,nan,nan,0,nan,nan,nan,nan,nan,nan,nan,nan,nan,nan,nan,nan,nan,nan,nan,nan,nan,nan,nan,nan,nan,nan,nan,nan,nan,nan,nan,nan,nan,nan,nan,nan,nan,nan,nan,nan,nan,nan,nan,nan,nan,nan,nan,nan,nan,nan,nan,nan,nan,nan,3.000000,13.133743,-5.692320,11.836077,7.861711,-4.782212,13.139863,-5.692320,11.836077,0.400975,9.807656,0.000000,9.201959,inf,1.000000,1.000000,0.000000,0.000000,0.000000,0.000000,0.000000,0.000000,0.000000,0.000000,0.000000,0.000000,19.000000,170.043371,0.004128,nan
28.040,TRACKING,12.761371,7.553202,10.268430,0.600883,-0.427822,-9.220073,-0.001849,-66.923683,-56.236183,29.396382,5.250000,0.750000,0.004129,0.000000,0.000000,8.130102,-59.370481,-45.967753,29.997264,4.822178,-8.470073,0.002280,0.000000,0.000000,-60.346294,-59.370481,-45.967753,29.397264,3.940074,-1.980110,0.002993,0.000000,0.000000,0.000000,7.553202,10.268430,0.600883,12.761371,-0.427822,-9.220073,-0.001849,9.229993,nan,nan,nan,0,nan,nan,nan,0,nan,nan,nan,nan,nan,nan,nan,nan,nan,nan,nan,nan,nan,nan,nan,nan,nan,nan,nan,nan,nan,nan,nan,nan,nan,nan,nan,nan,nan,nan,nan,nan,nan,nan,nan,nan,nan,nan,nan,nan,nan,nan,nan,nan,nan,nan,nan,nan,nan,nan,3.000000,12.747216,-5.186593,11.644345,7.800866,-4.933483,12.753518,-5.186593,11.644345,0.400883,9.746565,0.000000,9.229993,inf,1.000000,1.000000,0.000000,0.000000,0.000000,0.000000,0.000000,0.000000,0.000000,0.000000,0.000000,0.000000,19.000000,169.930678,0.042024,nan
28.080,TRACKING,12.376542,7.528145,9.805349,0.600798,-0.501150,-9.261631,-0.001687,-66.654933,-56.192433,29.396575,5.375000,0.875000,0.003876,0.000000,0.000000,9.246113,-59.126789,-46.387084,29.997374,4.873850,-8.386631,0.002189,0.000000,0.000000,-59.837193,-59.126789,-46.387084,29.397374,4.008053,-2.080110,0.002836,0.000000,0.000000,0.000000,7.528145,9.805349,0.600798,12.376542,-0.501150,-9.261631,-0.001687,9.275180,nan,nan,nan,0,nan,nan,nan,0,nan,nan,nan,nan,nan,nan,nan,nan,nan,nan,nan,nan,nan,nan,nan,nan,nan,nan,nan,nan,nan,nan,nan,nan,nan,nan,nan,nan,nan,nan,nan,nan,nan,nan,nan,nan,nan,nan,nan,nan,nan,nan,nan,nan,nan,nan,nan,nan,nan,nan,3.000000,12.361951,-4.695133,11.435626,7.755810,-5.086883,12.368446,-4.695133,11.435626,0.400798,9.700000,0.000000,9.275180,inf,1.000000,1.000000,0.000000,0.000000,0.000000,0.000000,0.000000,0.000000,0.000000,0.000000,0.000000,0.000000,19.000000,169.807918,0.079966,nan
28.140,TRACKING,11.991253,7.499364,9.337496,0.600722,-0.575613,-9.357057,-0.001533,-66.379933,-56.142433,29.396757,5.500000,1.000000,0.003634,0.000000,0.000000,10.304846,-58.880569,-46.804937,29.997479,4.924387,-8.357057,0.002101,0.000000,0.000000,-59.491325,-58.880569,-46.804937,29.397479,4.061350,-2.230110,0.002687,0.000000,0.000000,0.000000,7.499364,9.337496,0.600722,11.991253,-0.575613,-9.357057,-0.001533,9.374746,nan,nan,nan,0,nan,nan,nan,0,nan,nan,nan,nan,nan,nan,nan,nan,nan,nan,nan,nan,nan,nan,nan,nan,nan,nan,nan,nan,nan,nan,nan,nan,nan,nan,nan,nan,nan,nan,nan,nan,nan,nan,nan,nan,nan,nan,nan,nan,nan,nan,nan,nan,nan,nan,nan,nan,nan,nan,3.000000,11.976197,-4.237548,11.201450,7.769374,-5.246207,11.982899,-4.237548,11.201450,0.400722,9.700000,0.000000,9.374746,inf,1.000000,1.000000,0.000000,0.000000,0.000000,0.000000,0.000000,0.000000,0.000000,0.000000,0.000000,0.000000,19.000000,169.675289,0.117923,nan
28.180,TRACKING,11.606071,7.466852,8.864887,0.600652,-0.650249,-9.452176,-0.001391,-66.098683,-56.086183,29.396927,5.625000,1.125000,0.003408,0.000000,0.000000,11.309932,-58.631832,-47.221296,29.997580,4.974751,-8.327176,0.002017,0.000000,0.000000,-59.145420,-58.631832,-47.221296,29.397580,4.102887,-2.330110,0.002546,0.000000,0.000000,0.000000,7.466852,8.864887,0.600652,11.606071,-0.650249,-9.452176,-0.001391,9.474516,nan,nan,nan,0,nan,nan,nan,0,nan,nan,nan,nan,nan,nan,nan,nan,nan,nan,nan,nan,nan,nan,nan,nan,nan,nan,nan,nan,nan,nan,nan,nan,nan,nan,nan,nan,nan,nan,nan,nan,nan,nan,nan,nan,nan,nan,nan,nan,nan,nan,nan,nan,nan,nan,nan,nan,nan,nan,3.000000,11.590518,-3.780799,10.956535,7.780938,-5.405872,11.597440,-3.780799,10.956535,0.400652,9.700000,0.000000,9.474516,inf,1.000000,1.000000,0.000000,0.000000,0.000000,0.000000,0.000000,0.000000,0.000000,0.000000,0.000000,0.000000,19.000000,169.533425,0.155808,nan
28.240,TRACKING,11.221644,7.430598,8.387538,0.600589,-0.725062,-9.546987,-0.001262,-65.811183,-56.023683,29.397087,5.750000,1.250000,0.003199,0.000000,0.000000,12.264774,-58.380585,-47.636145,29.997676,5.024938,-8.296987,0.001936,0.000000,0.000000,-58.799477,-58.380585,-47.636145,29.397676,4.144278,-2.480110,0.002415,0.000000,0.000000,0.000000,7.430598,8.387538,0.600589,11.221644,-0.725062,-9.546987,-0.001262,9.574481,nan,nan,nan,0,nan,nan,nan,0,nan,nan,nan,nan,nan,nan,nan,nan,nan,nan,nan,nan,nan,nan,nan,nan,nan,nan,nan,nan,nan,nan,nan,nan,nan,nan,nan,nan,nan,nan,nan,nan,nan,nan,nan,nan,nan,nan,nan,nan,nan,nan,nan,nan,nan,nan,nan,nan,nan,nan,3.000000,11.205560,-3.325052,10.700870,7.790499,-5.565861,11.212718,-3.325052,10.700870,0.400589,9.700000,0.000000,9.574481,inf,1.000000,1.000000,0.000000,0.000000,0.000000,0.000000,0.000000,0.000000,0.000000,0.000000,0.000000,0.000000,19.000000,169.382295,0.193619,nan
28.280,TRACKING,10.838722,7.390596,7.905463,0.600532,-0.800053,-9.641493,-0.001145,-65.517433,-55.954933,29.397238,5.875000,1.375000,0.003004,0.000000,0.000000,13.172553,-58.126837,-48.049470,29.997769,5.074947,-8.266493,0.001859,0.000000,0.000000,-58.453498,-58.126837,-48.049470,29.397769,4.185523,-2.580110,0.002291,0.000000,0.000000,0.000000,7.390596,7.905463,0.600532,10.838722,-0.800053,-9.641493,-0.001145,9.674631,nan,nan,nan,0,nan,nan,nan,0,nan,nan,nan,nan,nan,nan,nan,nan,nan,nan,nan,nan,nan,nan,nan,nan,nan,nan,nan,nan,nan,nan,nan,nan,nan,nan,nan,nan,nan,nan,nan,nan,nan,nan,nan,nan,nan,nan,nan,nan,nan,nan,nan,nan,nan,nan,nan,nan,nan,nan,3.000000,10.822073,-2.870472,10.434445,7.798053,-5.726155,10.829482,-2.870472,10.434445,0.400532,9.700000,0.000000,9.674631,inf,1.000000,1.000000,0.000000,0.000000,0.000000,0.000000,0.000000,0.000000,0.000000,0.000000,0.000000,0.000000,19.000000,169.221872,0.231355,nan
28.340,TRACKING,10.458171,7.346835,7.418678,0.600480,-0.875224,-9.735695,-0.001039,-65.217433,-55.879933,29.397379,6.000000,1.500000,0.002823,0.000000,0.000000,14.036243,-57.870599,-48.461255,29.997859,5.124776,-8.235695,0.001785,0.000000,0.000000,-58.107484,-57.870599,-48.461255,29.397859,4.226619,-2.730110,0.002196,0.000000,0.000000,0.000000,7.346835,7.418678,0.600480,10.458171,-0.875224,-9.735695,-0.001039,9.774956,nan,nan,nan,0,nan,nan,nan,0,nan,nan,nan,nan,nan,nan,nan,nan,nan,nan,nan,nan,nan,nan,nan,nan,nan,nan,nan,nan,nan,nan,nan,nan,nan,nan,nan,nan,nan,nan,nan,nan,nan,nan,nan,nan,nan,nan,nan,nan,nan,nan,nan,nan,nan,nan,nan,nan,nan,nan,3.000000,10.440918,-2.417226,10.157253,7.803596,-5.886735,10.448596,-2.417226,10.157253,0.400480,9.700000,0.000000,9.774956,inf,1.000000,1.000000,0.000000,0.000000,0.000000,0.000000,0.000000,0.000000,0.000000,0.000000,0.000000,0.000000,19.000000,169.052127,0.269015,nan
28.380,TRACKING,10.080995,7.299306,6.927199,0.600432,-0.950577,-9.829593,-0.000963,-64.911183,-55.798683,29.397513,6.125000,1.625000,0.002676,0.000000,0.000000,14.858614,-57.611877,-48.871484,29.997944,5.174423,-8.204593,0.001713,0.000000,0.000000,-57.761436,-57.611877,-48.871484,29.397944,4.267565,-2.830110,0.002088,0.000000,0.000000,0.000000,7.299306,6.927199,0.600432,10.080995,-0.950577,-9.829593,-0.000963,9.875449,nan,nan,nan,0,nan,nan,nan,0,nan,nan,nan,nan,nan,nan,nan,nan,nan,nan,nan,nan,nan,nan,nan,nan,nan,nan,nan,nan,nan,nan,nan,nan,nan,nan,nan,nan,nan,nan,nan,nan,nan,nan,nan,nan,nan,nan,nan,nan,nan,nan,nan,nan,nan,nan,nan,nan,nan,nan,3.000000,10.063098,-1.965479,9.869288,7.807126,-6.047584,10.071062,-1.965479,9.869288,0.400432,9.700000,0.000000,9.875449,inf,1.000000,1.000000,0.000000,0.000000,0.000000,0.000000,0.000000,0.000000,0.000000,0.000000,0.000000,0.000000,19.000000,168.873032,0.306600,nan
28.440,TRACKING,9.708359,7.248000,6.431039,0.600388,-1.026114,-9.923189,-0.000875,-64.598683,-55.711183,29.397638,6.250000,1.750000,0.002520,0.000000,0.000000,15.642246,-57.350683,-49.280144,29.998026,5.223886,-8.173189,0.001645,0.000000,0.000000,-57.415355,-57.350683,-49.280144,29.398026,4.308360,-2.980110,0.001983,0.000000,0.000000,0.000000,7.248000,6.431039,0.600388,9.708359,-1.026114,-9.923189,-0.000875,9.976100,nan,nan,nan,0,nan,nan,nan,0,nan,nan,nan,nan,nan,nan,nan,nan,nan,nan,nan,nan,nan,nan,nan,nan,nan,nan,nan,nan,nan,nan,nan,nan,nan,nan,nan,nan,nan,nan,nan,nan,nan,nan,nan,nan,nan,nan,nan,nan,nan,nan,nan,nan,nan,nan,nan,nan,nan,nan,3.000000,9.689777,-1.515399,9.570545,7.808638,-6.208683,9.698045,-1.515399,9.570545,0.400388,9.700000,0.000000,9.976100,inf,1.000000,1.000000,0.000000,0.000000,0.000000,0.000000,0.000000,0.000000,0.000000,0.000000,0.000000,0.000000,19.000000,168.684560,0.344107,nan
28.480,TRACKING,9.341617,7.192908,5.930215,0.600348,-1.101837,-10.016483,-0.000792,-64.279933,-55.617433,29.397757,6.375000,1.875000,0.002371,0.000000,0.000000,16.389540,-57.087025,-49.687218,29.998105,5.273163,-8.141483,0.001579,0.000000,0.000000,-57.069242,-57.087025,-49.687218,29.398105,4.349001,-3.080110,0.001884,0.000000,0.000000,0.000000,7.192908,5.930215,0.600348,9.341617,-1.101837,-10.016483,-0.000792,10.076903,nan,nan,nan,0,nan,nan,nan,0,nan,nan,nan,nan,nan,nan,nan,nan,nan,nan,nan,nan,nan,nan,nan,nan,nan,nan,nan,nan,nan,nan,nan,nan,nan,nan,nan,nan,nan,nan,nan,nan,nan,nan,nan,nan,nan,nan,nan,nan,nan,nan,nan,nan,nan,nan,nan,nan,nan,nan,3.000000,9.322306,-1.067151,9.261024,7.808130,-6.370014,9.330898,-1.067151,9.261024,0.400348,9.700000,0.000000,10.076903,inf,1.000000,1.000000,0.000000,0.000000,0.000000,0.000000,0.000000,0.000000,0.000000,0.000000,0.000000,0.000000,19.000000,168.486685,0.381539,nan
28.540,TRACKING,8.982341,7.134021,5.424741,0.600312,-1.177748,-10.109478,-0.000716,-63.954933,-55.517433,29.397869,6.500000,2.000000,0.002232,0.000000,0.000000,17.102729,-56.820912,-50.092692,29.998181,5.322252,-8.109478,0.001516,0.000000,0.000000,-56.723099,-56.820912,-50.092692,29.398181,4.389486,-3.230110,0.001790,0.000000,0.000000,0.000000,7.134021,5.424741,0.600312,8.982341,-1.177748,-10.109478,-0.000716,10.177850,nan,nan,nan,0,nan,nan,nan,0,nan,nan,nan,nan,nan,nan,nan,nan,nan,nan,nan,nan,nan,nan,nan,nan,nan,nan,nan,nan,nan,nan,nan,nan,nan,nan,nan,nan,nan,nan,nan,nan,nan,nan,nan,nan,nan,nan,nan,nan,nan,nan,nan,nan,nan,nan,nan,nan,nan,nan,3.000000,8.962258,-0.620903,8.940724,7.805599,-6.531558,8.971194,-0.620903,8.940724,0.400312,9.700000,-0.000000,10.177850,inf,1.000000,1.000000,0.000000,0.000000,0.000000,0.000000,0.000000,0.000000,0.000000,0.000000,0.000000,0.000000,19.000000,168.279380,0.418893,nan
28.580,TRACKING,8.632360,7.071328,4.914633,0.600280,-1.253849,-10.202174,-0.000647,-63.623683,-55.411183,29.397974,6.625000,2.125000,0.002103,0.000000,0.000000,17.783888,-56.552355,-50.496550,29.998254,5.371151,-8.077174,0.001455,0.000000,0.000000,-56.376925,-56.552355,-50.496550,29.398254,4.429815,-3.330110,0.001702,0.000000,0.000000,0.000000,7.071328,4.914633,0.600280,8.632360,-1.253849,-10.202174,-0.000647,10.278934,nan,nan,nan,0,nan,nan,nan,0,nan,nan,nan,nan,nan,nan,nan,nan,nan,nan,nan,nan,nan,nan,nan,nan,nan,nan,nan,nan,nan,nan,nan,nan,nan,nan,nan,nan,nan,nan,nan,nan,nan,nan,nan,nan,nan,nan,nan,nan,nan,nan,nan,nan,nan,nan,nan,nan,nan,nan,3.000000,8.611463,-0.176821,8.609648,7.801043,-6.693296,8.620761,-0.176821,8.609648,0.400280,9.700000,0.000000,10.278934,inf,1.000000,1.000000,0.000000,0.000000,0.000000,0.000000,0.000000,0.000000,0.000000,0.000000,0.000000,0.000000,19.000000,168.062620,0.456171,nan
28.640,TRACKING,8.293792,7.004821,4.399904,0.600251,-1.330142,-10.294572,-0.000585,-63.286183,-55.298683,29.398073,6.750000,2.250000,0.001982,0.000000,0.000000,18.434949,-56.281362,-50.898779,29.998324,5.419858,-8.044572,0.001397,0.000000,0.000000,-56.030722,-56.281362,-50.898779,29.398324,4.469986,-3.480110,0.001619,0.000000,0.000000,0.000000,7.004821,4.399904,0.600251,8.293792,-1.330142,-10.294572,-0.000585,10.380149,nan,nan,nan,0,nan,nan,nan,0,nan,nan,nan,nan,nan,nan,nan,nan,nan,nan,nan,nan,nan,nan,nan,nan,nan,nan,nan,nan,nan,nan,nan,nan,nan,nan,nan,nan,nan,nan,nan,nan,nan,nan,nan,nan,nan,nan,nan,nan,nan,nan,nan,nan,nan,nan,nan,nan,nan,nan,3.000000,8.272042,0.264927,8.267798,7.794458,-6.855210,8.281720,0.264927,8.267798,0.400251,9.700000,0.000000,10.380149,inf,1.000000,1.000000,0.000000,0.000000,0.000000,0.000000,0.000000,0.000000,0.000000,0.000000,0.000000,0.000000,19.000000,167.836380,0.493372,nan
28.680,TRACKING,7.975175,6.934490,3.893070,0.600224,-1.406629,-10.136674,-0.000529,-62.942433,-55.192433,29.398166,6.875000,2.125000,0.001870,0.000000,0.000000,17.175904,-56.007943,-51.299363,29.998391,5.468371,-8.011674,0.001341,0.000000,0.000000,-55.684491,-56.007943,-51.299363,29.398391,4.509997,-3.580110,0.001541,0.000000,0.000000,0.000000,6.934490,3.893070,0.600224,7.975175,-1.406629,-10.136674,-0.000529,10.233805,nan,nan,nan,0,nan,nan,nan,0,nan,nan,nan,nan,nan,nan,nan,nan,nan,nan,nan,nan,nan,nan,nan,nan,nan,nan,nan,nan,nan,nan,nan,nan,nan,nan,nan,nan,nan,nan,nan,nan,nan,nan,nan,nan,nan,nan,nan,nan,nan,nan,nan,nan,nan,nan,nan,nan,nan,nan,3.000000,7.952556,0.693851,7.922229,7.579356,-6.876345,7.962621,0.693851,7.922229,0.400224,9.700000,0.000000,10.233805,inf,1.000000,1.000000,0.000000,0.000000,0.000000,0.000000,0.000000,0.000000,0.000000,0.000000,0.000000,0.000000,19.000000,167.600636,0.530498,nan
28.740,TRACKING,7.677533,6.860324,3.394146,0.600201,-1.483311,-9.978480,-0.000478,-62.592433,-55.092433,29.398255,7.000000,2.000000,0.001765,0.000000,0.000000,15.945396,-55.732109,-51.698287,29.998455,5.516689,-7.978480,0.001287,0.000000,0.000000,-55.338233,-55.732109,-51.698287,29.398455,4.549846,-3.730110,0.001467,0.000000,0.000000,0.000000,6.860324,3.394146,0.600201,7.677533,-1.483311,-9.978480,-0.000478,10.088126,nan,nan,nan,0,nan,nan,nan,0,nan,nan,nan,nan,nan,nan,nan,nan,nan,nan,nan,nan,nan,nan,nan,nan,nan,nan,nan,nan,nan,nan,nan,nan,nan,nan,nan,nan,nan,nan,nan,nan,nan,nan,nan,nan,nan,nan,nan,nan,nan,nan,nan,nan,nan,nan,nan,nan,nan,nan,3.000000,7.654037,1.109912,7.573135,7.363932,-6.895128,7.664492,1.109912,7.573135,0.400201,9.700000,0.000000,10.088126,inf,1.000000,1.000000,0.000000,0.000000,0.000000,0.000000,0.000000,0.000000,0.000000,0.000000,0.000000,0.000000,19.000000,167.359896,0.563547,nan
28.780,TRACKING,7.401910,6.782315,2.903147,0.600179,-1.560192,-9.819993,-0.000432,-62.236183,-54.998683,29.398338,7.125000,1.875000,0.001668,0.000000,0.000000,14.743563,-55.453868,-52.095536,29.998517,5.564808,-7.944993,0.001236,0.000000,0.000000,-54.991948,-55.453868,-52.095536,29.398517,4.589532,-3.830110,0.001398,0.000000,0.000000,0.000000,6.782315,2.903147,0.600179,7.401910,-1.560192,-9.819993,-0.000432,9.943161,nan,nan,nan,0,nan,nan,nan,0,nan,nan,nan,nan,nan,nan,nan,nan,nan,nan,nan,nan,nan,nan,nan,nan,nan,nan,nan,nan,nan,nan,nan,nan,nan,nan,nan,nan,nan,nan,nan,nan,nan,nan,nan,nan,nan,nan,nan,nan,nan,nan,nan,nan,nan,nan,nan,nan,nan,nan,3.000000,7.377537,1.513072,7.220711,7.148207,-6.911556,7.388383,1.513072,7.220711,0.400179,9.700000,0.000000,9.943161,inf,1.000000,1.000000,0.000000,0.000000,0.000000,0.000000,0.000000,0.000000,0.000000,0.000000,0.000000,0.000000,19.000000,167.114245,0.596922,nan
28.840,TRACKING,7.149339,6.700451,2.420086,0.600159,-1.637272,-9.661213,-0.000390,-61.873683,-54.911183,29.398417,7.250000,1.750000,0.001577,0.000000,0.000000,13.570434,-55.173232,-52.491097,29.998576,5.612728,-7.911213,0.001186,0.000000,0.000000,-54.645637,-55.173232,-52.491097,29.398576,4.629054,-3.980110,0.001332,0.000000,0.000000,0.000000,6.700451,2.420086,0.600159,7.149339,-1.637272,-9.661213,-0.000390,9.798964,nan,nan,nan,0,nan,nan,nan,0,nan,nan,nan,nan,nan,nan,nan,nan,nan,nan,nan,nan,nan,nan,nan,nan,nan,nan,nan,nan,nan,nan,nan,nan,nan,nan,nan,nan,nan,nan,nan,nan,nan,nan,nan,nan,nan,nan,nan,nan,nan,nan,nan,nan,nan,nan,nan,nan,nan,nan,3.000000,7.124104,1.903298,6.865152,6.932201,-6.925625,7.135334,1.903298,6.865152,0.400159,9.700000,0.000000,9.798964,inf,1.000000,1.000000,0.000000,0.000000,0.000000,0.000000,0.000000,0.000000,0.000000,0.000000,0.000000,0.000000,19.000000,166.863770,0.630622,nan
28.880,TRACKING,6.920815,6.614723,1.944979,0.600142,-1.714554,-9.502141,-0.000353,-61.504933,-54.829933,29.398491,7.375000,1.625000,0.001492,0.000000,0.000000,12.425943,-54.890210,-52.884954,29.998633,5.660446,-7.877141,0.001139,0.000000,0.000000,-54.299301,-54.890210,-52.884954,29.398633,4.668409,-4.080110,0.001270,0.000000,0.000000,0.000000,6.614723,1.944979,0.600142,6.920815,-1.714554,-9.502141,-0.000353,9.655588,nan,nan,nan,0,nan,nan,nan,0,nan,nan,nan,nan,nan,nan,nan,nan,nan,nan,nan,nan,nan,nan,nan,nan,nan,nan,nan,nan,nan,nan,nan,nan,nan,nan,nan,nan,nan,nan,nan,nan,nan,nan,nan,nan,nan,nan,nan,nan,nan,nan,nan,nan,nan,nan,nan,nan,nan,nan,3.000000,6.894745,2.280558,6.506656,6.715935,-6.937334,6.906347,2.280558,6.506656,0.400142,9.700000,0.000000,9.655588,inf,1.000000,1.000000,0.000000,0.000000,0.000000,0.000000,0.000000,0.000000,0.000000,0.000000,0.000000,0.000000,19.000000,166.608558,0.664649,nan
28.940,TRACKING,6.717244,6.525121,1.477840,0.600126,-1.792040,-9.342779,-0.000319,-61.129933,-54.754933,29.398562,7.500000,1.500000,0.001412,0.000000,0.000000,11.309932,-54.604812,-53.277093,29.998688,5.707960,-7.842779,0.001093,0.000000,0.000000,-53.952941,-54.604812,-53.277093,29.398688,4.707596,-4.230110,0.001211,0.000000,0.000000,0.000000,6.525121,1.477840,0.600126,6.717244,-1.792040,-9.342779,-0.000319,9.513093,nan,nan,nan,0,nan,nan,nan,0,nan,nan,nan,nan,nan,nan,nan,nan,nan,nan,nan,nan,nan,nan,nan,nan,nan,nan,nan,nan,nan,nan,nan,nan,nan,nan,nan,nan,nan,nan,nan,nan,nan,nan,nan,nan,nan,nan,nan,nan,nan,nan,nan,nan,nan,nan,nan,nan,nan,nan,3.000000,6.690383,2.644821,6.145417,6.499430,-6.946679,6.702337,2.644821,6.145417,0.400126,9.700000,-0.000000,9.513093,inf,1.000000,1.000000,0.000000,0.000000,0.000000,0.000000,0.000000,0.000000,0.000000,0.000000,0.000000,0.000000,18.000000,163.716656,0.029414,nan
28.980,TRACKING,6.539402,6.431635,1.018684,0.600111,-1.869730,-9.183129,-0.000287,-60.748683,-54.686183,29.398629,7.625000,1.375000,0.001337,0.000000,0.000000,10.222169,-54.317048,-53.667500,29.998740,5.755270,-7.808129,0.001050,0.000000,0.000000,-53.606558,-54.317048,-53.667500,29.398740,4.746614,-4.330110,0.001156,0.000000,0.000000,0.000000,6.431635,1.018684,0.600111,6.539402,-1.869730,-9.183129,-0.000287,9.371539,nan,nan,nan,0,nan,nan,nan,0,nan,nan,nan,nan,nan,nan,nan,nan,nan,nan,nan,nan,nan,nan,nan,nan,nan,nan,nan,nan,nan,nan,nan,nan,nan,nan,nan,nan,nan,nan,nan,nan,nan,nan,nan,nan,nan,nan,nan,nan,nan,nan,nan,nan,nan,nan,nan,nan,nan,nan,3.000000,6.511808,2.996060,5.781632,6.282706,-6.953657,6.524089,2.996060,5.781632,0.400111,9.700000,0.000000,9.371539,inf,1.000000,1.000000,0.000000,0.000000,0.000000,0.000000,0.000000,0.000000,0.000000,0.000000,0.000000,0.000000,18.000000,163.479778,0.060742,nan
29.040,TRACKING,6.387877,6.334253,0.567524,0.600098,-1.947629,-9.023190,-0.000259,-60.361183,-54.623683,29.398692,7.750000,1.250000,0.001267,0.000000,0.000000,9.162347,-54.026930,-54.056159,29.998791,5.802371,-7.773190,0.001008,0.000000,0.000000,-53.260152,-54.026930,-54.056159,29.398791,4.785461,-4.480110,0.001103,0.000000,0.000000,0.000000,6.334253,0.567524,0.600098,6.387877,-1.947629,-9.023190,-0.000259,9.230992,nan,nan,nan,0,nan,nan,nan,0,nan,nan,nan,nan,nan,nan,nan,nan,nan,nan,nan,nan,nan,nan,nan,nan,nan,nan,nan,nan,nan,nan,nan,nan,nan,nan,nan,nan,nan,nan,nan,nan,nan,nan,nan,nan,nan,nan,nan,nan,nan,nan,nan,nan,nan,nan,nan,nan,nan,nan,3.000000,6.359627,3.334249,5.415499,6.065784,-6.958267,6.372200,3.334249,5.415499,0.400098,9.700000,0.000000,9.230992,inf,1.000000,1.000000,0.000000,0.000000,0.000000,0.000000,0.000000,0.000000,0.000000,0.000000,0.000000,0.000000,18.000000,163.237814,0.092394,nan
29.080,TRACKING,6.263022,6.232967,0.124376,0.600087,-2.025736,-8.862965,-0.000234,-59.967433,-54.567433,29.398752,7.875000,1.125000,0.001201,0.000000,0.000000,8.130102,-53.734466,-54.443057,29.998839,5.849264,-7.737965,0.000967,0.000000,0.000000,-52.913723,-53.734466,-54.443057,29.398839,4.824135,-4.580110,0.001052,0.000000,0.000000,0.000000,6.232967,0.124376,0.600087,6.263022,-2.025736,-8.862965,-0.000234,9.091521,nan,nan,nan,0,nan,nan,nan,0,nan,nan,nan,nan,nan,nan,nan,nan,nan,nan,nan,nan,nan,nan,nan,nan,nan,nan,nan,nan,nan,nan,nan,nan,nan,nan,nan,nan,nan,nan,nan,nan,nan,nan,nan,nan,nan,nan,nan,nan,nan,nan,nan,nan,nan,nan,nan,nan,nan,nan,3.000000,6.234208,3.659366,5.047215,5.848686,-6.960505,6.247032,3.659366,5.047215,0.400087,9.700000,0.000000,9.091521,inf,1.000000,1.000000,0.000000,0.000000,0.000000,0.000000,0.000000,0.000000,0.000000,0.000000,0.000000,0.000000,18.000000,162.990858,0.124374,nan
29.140,TRACKING,6.164913,6.127764,-0.310747,0.600076,-2.104054,-8.702455,-0.000211,-59.567433,-54.517433,29.398809,8.000000,1.000000,0.001139,0.000000,0.000000,7.125016,-53.439669,-54.828180,29.998886,5.895946,-7.702455,0.000929,0.000000,0.000000,-52.567273,-53.439669,-54.828180,29.398886,4.862636,-4.730110,0.001005,0.000000,0.000000,0.000000,6.127764,-0.310747,0.600076,6.164913,-2.104054,-8.702455,-0.000211,8.953199,nan,nan,nan,0,nan,nan,nan,0,nan,nan,nan,nan,nan,nan,nan,nan,nan,nan,nan,nan,nan,nan,nan,nan,nan,nan,nan,nan,nan,nan,nan,nan,nan,nan,nan,nan,nan,nan,nan,nan,nan,nan,nan,nan,nan,nan,nan,nan,nan,nan,nan,nan,nan,nan,nan,nan,nan,nan,3.000000,6.135638,3.971390,4.676978,5.631432,-6.960370,6.148668,3.971390,4.676978,0.400076,9.700000,0.000000,8.953199,inf,1.000000,1.000000,0.000000,0.000000,0.000000,0.000000,0.000000,0.000000,0.000000,0.000000,0.000000,0.000000,18.000000,162.739000,0.156683,nan
29.180,TRACKING,6.093311,6.018635,-0.737830,0.600067,-2.182585,-8.541662,-0.000189,-59.161183,-54.473683,29.398863,8.125000,0.875000,0.001081,0.000000,0.000000,6.146626,-53.142548,-55.211513,29.998930,5.942415,-7.666662,0.000892,0.000000,0.000000,-52.220802,-53.142548,-55.211513,29.398930,4.900961,-4.830110,0.000959,0.000000,0.000000,0.000000,6.018635,-0.737830,0.600067,6.093311,-2.182585,-8.541662,-0.000189,8.816102,nan,nan,nan,0,nan,nan,nan,0,nan,nan,nan,nan,nan,nan,nan,nan,nan,nan,nan,nan,nan,nan,nan,nan,nan,nan,nan,nan,nan,nan,nan,nan,nan,nan,nan,nan,nan,nan,nan,nan,nan,nan,nan,nan,nan,nan,nan,nan,nan,nan,nan,nan,nan,nan,nan,nan,nan,nan,3.000000,6.063692,4.270301,4.304984,5.414042,-6.957860,6.076875,4.270301,4.304984,0.400067,9.700000,0.000000,8.816102,inf,1.000000,1.000000,0.000000,0.000000,0.000000,0.000000,0.000000,0.000000,0.000000,0.000000,0.000000,0.000000,18.000000,162.482337,0.189326,nan
29.240,TRACKING,6.047655,5.905568,-1.156859,0.600058,-2.261330,-8.380585,-0.000170,-58.748683,-54.436183,29.398915,8.250000,0.750000,0.001026,0.000000,0.000000,5.194429,-52.843115,-55.593042,29.998973,5.988670,-7.630585,0.000856,0.000000,0.000000,-51.874311,-52.843115,-55.593042,29.398973,4.939109,-4.980110,0.000916,0.000000,0.000000,0.000000,5.905568,-1.156859,0.600058,6.047655,-2.261330,-8.380585,-0.000170,8.680313,nan,nan,nan,0,nan,nan,nan,0,nan,nan,nan,nan,nan,nan,nan,nan,nan,nan,nan,nan,nan,nan,nan,nan,nan,nan,nan,nan,nan,nan,nan,nan,nan,nan,nan,nan,nan,nan,nan,nan,nan,nan,nan,nan,nan,nan,nan,nan,nan,nan,nan,nan,nan,nan,nan,nan,nan,nan,3.000000,6.017812,4.556084,3.931433,5.196537,-6.952972,6.031095,4.556084,3.931433,0.400058,9.700000,0.000000,8.680313,inf,1.000000,1.000000,0.000000,0.000000,0.000000,0.000000,0.000000,0.000000,0.000000,0.000000,0.000000,0.000000,18.000000,162.220967,0.222305,nan
29.280,TRACKING,6.027062,5.788554,-1.567821,0.600051,-2.340292,-8.219228,-0.000153,-58.329933,-54.404933,29.398963,8.375000,0.625000,0.000975,0.000000,0.000000,4.267893,-52.541380,-55.972754,29.999014,6.034708,-7.594228,0.000822,0.000000,0.000000,-51.527801,-52.541380,-55.972754,29.399014,4.977079,-5.080110,0.000875,0.000000,0.000000,0.000000,5.788554,-1.567821,0.600051,6.027062,-2.340292,-8.219228,-0.000153,8.545916,nan,nan,nan,0,nan,nan,nan,0,nan,nan,nan,nan,nan,nan,nan,nan,nan,nan,nan,nan,nan,nan,nan,nan,nan,nan,nan,nan,nan,nan,nan,nan,nan,nan,nan,nan,nan,nan,nan,nan,nan,nan,nan,nan,nan,nan,nan,nan,nan,nan,nan,nan,nan,nan,nan,nan,nan,nan,3.000000,5.997117,4.828723,3.556521,4.978940,-6.945707,6.010446,4.828723,3.556521,0.400051,9.700000,0.000000,8.545916,inf,1.000000,1.000000,0.000000,0.000000,0.000000,0.000000,0.000000,0.000000,0.000000,0.000000,0.000000,0.000000,18.000000,161.954990,0.255626,nan
29.340,TRACKING,6.030354,5.667580,-1.970700,0.600044,-2.419472,-8.057591,-0.000137,-57.904933,-54.379933,29.399010,8.500000,0.500000,0.000926,0.000000,0.000000,3.366461,-52.237353,-56.350633,29.999053,6.080528,-7.557591,0.000789,0.000000,0.000000,-51.181271,-52.237353,-56.350633,29.399053,5.014868,-5.230110,0.000836,0.000000,0.000000,0.000000,5.667580,-1.970700,0.600044,6.030354,-2.419472,-8.057591,-0.000137,8.413003,nan,nan,nan,0,nan,nan,nan,0,nan,nan,nan,nan,nan,nan,nan,nan,nan,nan,nan,nan,nan,nan,nan,nan,nan,nan,nan,nan,nan,nan,nan,nan,nan,nan,nan,nan,nan,nan,nan,nan,nan,nan,nan,nan,nan,nan,nan,nan,nan,nan,nan,nan,nan,nan,nan,nan,nan,nan,3.000000,6.000427,5.088209,3.180449,4.761269,-6.936061,6.013747,5.088209,3.180449,0.400044,9.700000,0.000000,8.413003,inf,1.000000,1.000000,0.000000,0.000000,0.000000,0.000000,0.000000,0.000000,0.000000,0.000000,0.000000,0.000000,18.000000,161.684509,0.289436,nan
29.380,TRACKING,6.056103,5.542636,-2.365484,0.600038,-2.498872,-7.895676,-0.000123,-57.473683,-54.361183,29.399054,8.625000,0.375000,0.000880,0.000000,0.000000,2.489553,-51.931047,-56.726667,29.999091,6.126128,-7.520676,0.000757,0.000000,0.000000,-50.834723,-51.931047,-56.726667,29.399091,5.052476,-5.330110,0.000799,0.000000,0.000000,0.000000,5.542636,-2.365484,0.600038,6.056103,-2.498872,-7.895676,-0.000123,8.281670,nan,nan,nan,0,nan,nan,nan,0,nan,nan,nan,nan,nan,nan,nan,nan,nan,nan,nan,nan,nan,nan,nan,nan,nan,nan,nan,nan,nan,nan,nan,nan,nan,nan,nan,nan,nan,nan,nan,nan,nan,nan,nan,nan,nan,nan,nan,nan,nan,nan,nan,nan,nan,nan,nan,nan,nan,nan,3.000000,6.026303,5.334529,2.803414,4.543547,-6.924033,6.039566,5.334529,2.803414,0.400038,9.700000,-0.000000,8.281670,inf,1.000000,1.000000,0.000000,0.000000,0.000000,0.000000,0.000000,0.000000,0.000000,0.000000,0.000000,0.000000,18.000000,161.409628,0.323797,nan
29.440,TRACKING,6.102679,5.413712,-2.752158,0.600032,-2.578494,-7.733483,-0.000110,-57.036183,-54.348683,29.399096,8.750000,0.250000,0.000837,0.000000,0.000000,1.636577,-51.622471,-57.100841,29.999128,6.171506,-7.483483,0.000727,0.000000,0.000000,-50.488157,-51.622471,-57.100841,29.399128,5.089902,-5.480110,0.000764,0.000000,0.000000,0.000000,5.413712,-2.752158,0.600032,6.102679,-2.578494,-7.733483,-0.000110,8.152018,nan,nan,nan,0,nan,nan,nan,0,nan,nan,nan,nan,nan,nan,nan,nan,nan,nan,nan,nan,nan,nan,nan,nan,nan,nan,nan,nan,nan,nan,nan,nan,nan,nan,nan,nan,nan,nan,nan,nan,nan,nan,nan,nan,nan,nan,nan,nan,nan,nan,nan,nan,nan,nan,nan,nan,nan,nan,3.000000,6.073109,5.567678,2.425614,4.325793,-6.909624,6.086269,5.567678,2.425614,0.400032,9.700000,0.000000,8.152018,inf,1.000000,1.000000,0.000000,0.000000,0.000000,0.000000,0.000000,0.000000,0.000000,0.000000,0.000000,0.000000,18.000000,161.130455,0.358693,nan
29.480,TRACKING,6.168319,5.280795,-3.130709,0.600027,-2.658340,-7.571015,-0.000098,-56.592433,-54.342433,29.399135,8.875000,0.125000,0.000796,0.000000,0.000000,0.806929,-51.311638,-57.473142,29.999163,6.216660,-7.446015,0.000698,0.000000,0.000000,-50.141574,-51.311638,-57.473142,29.399163,5.127142,-5.580110,0.000730,0.000000,0.000000,0.000000,5.280795,-3.130709,0.600027,6.168319,-2.658340,-7.571015,-0.000098,8.024153,nan,nan,nan,0,nan,nan,nan,0,nan,nan,nan,nan,nan,nan,nan,nan,nan,nan,nan,nan,nan,nan,nan,nan,nan,nan,nan,nan,nan,nan,nan,nan,nan,nan,nan,nan,nan,nan,nan,nan,nan,nan,nan,nan,nan,nan,nan,nan,nan,nan,nan,nan,nan,nan,nan,nan,nan,nan,3.000000,6.139066,5.787651,2.047250,4.108030,-6.892831,6.152085,5.787651,2.047250,0.400027,9.700000,0.000000,8.024153,inf,1.000000,1.000000,0.000000,0.000000,0.000000,0.000000,0.000000,0.000000,0.000000,0.000000,0.000000,0.000000,18.000000,160.847100,0.394112,nan
29.540,TRACKING,6.251186,5.143874,-3.501122,0.600023,-2.738411,-7.408272,-0.000087,-56.142433,-54.342433,29.399173,9.000000,0.000000,0.000757,0.000000,0.000000,0.000000,-50.998559,-57.843556,29.999196,6.261589,-7.408272,0.000670,0.000000,0.000000,-49.794974,-50.998559,-57.843556,29.399196,5.164197,-5.730110,0.000698,0.000000,0.000000,0.000000,5.143874,-3.501122,0.600023,6.251186,-2.738411,-7.408272,-0.000087,7.898189,nan,nan,nan,0,nan,nan,nan,0,nan,nan,nan,nan,nan,nan,nan,nan,nan,nan,nan,nan,nan,nan,nan,nan,nan,nan,nan,nan,nan,nan,nan,nan,nan,nan,nan,nan,nan,nan,nan,nan,nan,nan,nan,nan,nan,nan,nan,nan,nan,nan,nan,nan,nan,nan,nan,nan,nan,nan,3.000000,6.222323,5.994443,1.668518,3.890278,-6.873655,6.235168,5.994443,1.668518,0.400023,9.700000,0.000000,7.898189,inf,1.000000,1.000000,0.000000,0.000000,0.000000,0.000000,0.000000,0.000000,0.000000,0.000000,0.000000,0.000000,18.000000,160.559676,0.430040,nan
29.580,TRACKING,6.349422,5.002939,-3.863385,0.600019,-2.818708,-7.245257,-0.000078,-55.686183,-54.348683,29.399209,9.125000,-0.125000,0.000721,0.000000,0.000000,-0.784825,-50.683244,-58.212068,29.999228,6.306292,-7.370257,0.000643,0.000000,0.000000,-49.448358,-50.683244,-58.212068,29.399228,5.201065,-5.830110,0.000667,0.000000,0.000000,0.000000,5.002939,-3.863385,0.600019,6.349422,-2.818708,-7.245257,-0.000078,7.774244,nan,nan,nan,0,nan,nan,nan,0,nan,nan,nan,nan,nan,nan,nan,nan,nan,nan,nan,nan,nan,nan,nan,nan,nan,nan,nan,nan,nan,nan,nan,nan,nan,nan,nan,nan,nan,nan,nan,nan,nan,nan,nan,nan,nan,nan,nan,nan,nan,nan,nan,nan,nan,nan,nan,nan,nan,nan,3.000000,6.321008,6.188055,1.289619,3.672557,-6.852093,6.333653,6.188055,1.289619,0.400019,9.700000,-0.000000,7.774244,inf,1.000000,1.000000,0.000000,0.000000,0.000000,0.000000,0.000000,0.000000,0.000000,0.000000,0.000000,0.000000,18.000000,160.268299,0.466463,nan
29.640,TRACKING,6.461202,4.857977,-4.217484,0.600016,-2.899235,-7.081970,-0.000069,-55.223683,-54.361183,29.399244,9.250000,-0.250000,0.000686,0.000000,0.000000,-1.548158,-50.365706,-58.578667,29.999259,6.350765,-7.331970,0.000617,0.000000,0.000000,-49.101725,-48.771692,-60.362155,29.399259,5.237744,-5.980110,0.000638,0.000000,0.000000,0.000000,4.857977,-4.217484,0.600016,6.461202,-2.899235,-7.081970,-0.000069,7.652441,nan,nan,nan,0,nan,nan,nan,0,nan,nan,nan,nan,nan,nan,nan,nan,nan,nan,nan,nan,nan,nan,nan,nan,nan,nan,nan,nan,nan,nan,nan,nan,nan,nan,nan,nan,nan,nan,nan,nan,nan,nan,nan,nan,nan,nan,nan,nan,nan,nan,nan,nan,nan,nan,nan,nan,nan,nan,3.000000,6.433281,6.368488,0.910752,3.454890,-6.828147,6.445706,6.368488,0.910752,0.400016,9.700000,0.000000,7.652441,inf,1.000000,1.000000,0.000000,0.000000,0.000000,0.000000,0.000000,0.000000,0.000000,0.000000,0.000000,0.000000,18.000000,159.973086,0.503364,nan
29.680,TRACKING,6.584766,4.708977,-4.563404,0.600013,-2.979992,-6.918413,-0.000061,-54.754933,-54.379933,29.399276,9.375000,-0.375000,0.000654,0.000000,0.000000,-2.290610,-50.045956,-58.943338,29.999289,6.395008,-7.293413,0.000593,0.000000,0.000000,-48.755078,-46.346514,-63.086394,29.399289,5.274233,-6.015186,0.000610,0.000000,0.000000,0.000000,4.708977,-4.563404,0.600013,6.584766,-2.979992,-6.918413,-0.000061,7.532914,nan,nan,nan,0,nan,nan,nan,0,nan,nan,nan,nan,nan,nan,nan,nan,nan,nan,nan,nan,nan,nan,nan,nan,nan,nan,nan,nan,nan,nan,nan,nan,nan,nan,nan,nan,nan,nan,nan,nan,nan,nan,nan,nan,nan,nan,nan,nan,nan,nan,nan,nan,nan,nan,nan,nan,nan,nan,3.000000,6.557372,6.535747,0.532114,3.237296,-6.801816,6.569562,6.535747,0.532114,0.400013,9.700000,-0.000000,7.532914,inf,1.000000,1.000000,0.000000,0.000000,0.000000,0.000000,0.000000,0.000000,0.000000,0.000000,0.000000,0.000000,18.000000,159.674158,0.540730,nan
29.740,TRACKING,6.718453,4.555928,-4.901134,0.600010,-3.060981,-6.754587,-0.000054,-54.279933,-54.404933,29.399307,9.500000,-0.500000,0.000623,0.000000,0.000000,-3.012788,-49.724005,-59.306067,29.999317,6.439019,-7.254587,0.000569,0.000000,0.000000,-48.408415,-44.993405,-64.608025,29.399317,5.310531,-5.983165,0.000584,0.000000,0.000000,0.000000,4.555928,-4.901134,0.600010,6.718453,-3.060981,-6.754587,-0.000054,7.415798,nan,nan,nan,0,nan,nan,nan,0,nan,nan,nan,nan,nan,nan,nan,nan,nan,nan,nan,nan,nan,nan,nan,nan,nan,nan,nan,nan,nan,nan,nan,nan,nan,nan,nan,nan,nan,nan,nan,nan,nan,nan,nan,nan,nan,nan,nan,nan,nan,nan,nan,nan,nan,nan,nan,nan,nan,nan,3.000000,6.691606,6.689836,0.153906,3.019797,-6.773100,6.703552,6.689836,0.153906,0.400010,9.700000,0.000000,7.415798,inf,1.000000,1.000000,0.000000,0.000000,0.000000,0.000000,0.000000,0.000000,0.000000,0.000000,0.000000,0.000000,18.000000,159.371639,0.578545,nan
29.780,TRACKING,6.860714,4.398818,-5.230659,0.600007,-3.142204,-6.590494,-0.000048,-53.798683,-54.436183,29.399337,9.625000,-0.625000,0.000594,0.000000,0.000000,-3.715289,-49.399865,-59.666842,29.999344,6.482796,-7.215494,0.000546,0.000000,0.000000,-48.061738,-44.648371,-64.995521,29.399344,5.346636,-5.950923,0.000559,0.000000,0.000000,0.000000,4.398818,-5.230659,0.600007,6.860714,-3.142204,-6.590494,-0.000048,7.301237,nan,nan,nan,0,nan,nan,nan,0,nan,nan,nan,nan,nan,nan,nan,nan,nan,nan,nan,nan,nan,nan,nan,nan,nan,nan,nan,nan,nan,nan,nan,nan,nan,nan,nan,nan,nan,nan,nan,nan,nan,nan,nan,nan,nan,nan,nan,nan,nan,nan,nan,nan,nan,nan,nan,nan,nan,nan,3.000000,6.834427,6.830766,-0.223674,2.802413,-6.741999,6.846123,6.830766,-0.223674,0.400007,9.700000,0.000000,7.301237,inf,1.000000,1.000000,0.000000,0.000000,0.000000,0.000000,0.000000,0.000000,0.000000,0.000000,0.000000,0.000000,18.000000,159.065655,0.616793,nan
29.840,TRACKING,7.010127,4.237635,-5.551965,0.600005,-3.223663,-6.426136,-0.000042,-53.311183,-54.473683,29.399365,9.750000,-0.750000,0.000566,0.000000,0.000000,-4.398705,-49.073548,-60.025649,29.999371,6.526337,-7.176136,0.000524,0.000000,0.000000,-47.715047,-45.708301,-63.801497,29.399371,5.382546,-5.918463,0.000535,0.000000,0.000000,0.000000,4.237635,-5.551965,0.600005,7.010127,-3.223663,-6.426136,-0.000042,7.189383,nan,nan,nan,0,nan,nan,nan,0,nan,nan,nan,nan,nan,nan,nan,nan,nan,nan,nan,nan,nan,nan,nan,nan,nan,nan,nan,nan,nan,nan,nan,nan,nan,nan,nan,nan,nan,nan,nan,nan,nan,nan,nan,nan,nan,nan,nan,nan,nan,nan,nan,nan,nan,nan,nan,nan,nan,nan,3.000000,6.984402,6.958546,-0.600428,2.585166,-6.708513,6.995847,6.958546,-0.600428,0.400005,9.700000,0.000000,7.189383,inf,1.000000,1.000000,0.000000,0.000000,0.000000,0.000000,0.000000,0.000000,0.000000,0.000000,0.000000,0.000000,17.000000,155.898393,0.012701,nan
29.880,TRACKING,7.165395,4.072367,-5.865041,0.600003,-3.305359,-6.261513,-0.000037,-52.817433,-54.517433,29.399392,9.875000,-0.875000,0.000540,0.000000,0.000000,-5.063617,-48.745066,-60.382474,29.999396,6.569641,-7.136513,0.000503,0.000000,0.000000,-47.368343,-47.484007,-61.797893,29.399396,5.418261,-5.885784,0.000512,0.000000,0.000000,0.000000,4.072367,-5.865041,0.600003,7.165395,-3.305359,-6.261513,-0.000037,7.080391,nan,nan,nan,0,nan,nan,nan,0,nan,nan,nan,nan,nan,nan,nan,nan,nan,nan,nan,nan,nan,nan,nan,nan,nan,nan,nan,nan,nan,nan,nan,nan,nan,nan,nan,nan,nan,nan,nan,nan,nan,nan,nan,nan,nan,nan,nan,nan,nan,nan,nan,nan,nan,nan,nan,nan,nan,nan,3.000000,7.140230,7.073189,-0.976156,2.368077,-6.672642,7.151425,7.073189,-0.976156,0.400003,9.700000,-0.000000,7.080391,inf,1.000000,1.000000,0.000000,0.000000,0.000000,0.000000,0.000000,0.000000,0.000000,0.000000,0.000000,0.000000,17.000000,155.602300,0.049712,nan
29.940,TRACKING,7.325350,3.903002,-6.169872,0.600002,-3.387294,-6.096627,-0.000032,-52.317433,-54.567433,29.399418,10.000000,-1.000000,0.000515,0.000000,0.000000,-5.710593,-48.414431,-60.737306,29.999420,6.612706,-7.096627,0.000483,0.000000,0.000000,-47.021625,-48.414431,-60.737306,29.399420,5.453778,-5.852888,0.000490,0.000000,0.000000,0.000000,3.903002,-6.169872,0.600002,7.325350,-3.387294,-6.096627,-0.000032,6.974426,nan,nan,nan,0,nan,nan,nan,0,nan,nan,nan,nan,nan,nan,nan,nan,nan,nan,nan,nan,nan,nan,nan,nan,nan,nan,nan,nan,nan,nan,nan,nan,nan,nan,nan,nan,nan,nan,nan,nan,nan,nan,nan,nan,nan,nan,nan,nan,nan,nan,nan,nan,nan,nan,nan,nan,nan,nan,3.000000,7.300736,7.174710,-1.350660,2.151166,-6.634388,7.311686,7.174710,-1.350660,0.400002,9.700000,0.000000,6.974426,inf,1.000000,1.000000,0.000000,0.000000,0.000000,0.000000,0.000000,0.000000,0.000000,0.000000,0.000000,0.000000,17.000000,155.302399,0.087200,nan
29.980,TRACKING,7.488946,3.729529,-6.466446,0.600000,-3.469469,-5.931480,-0.000028,-51.811183,-54.623683,29.399443,10.125000,-1.125000,0.000492,0.000000,0.000000,-6.340192,-48.081654,-61.090130,29.999443,6.655531,-7.056480,0.000464,0.000000,0.000000,-46.674895,-48.081654,-61.090130,29.399443,5.489097,-5.819777,0.000469,0.000000,0.000000,0.000000,3.729529,-6.466446,0.600000,7.488946,-3.469469,-5.931480,-0.000028,6.871657,nan,nan,nan,0,nan,nan,nan,0,nan,nan,nan,nan,nan,nan,nan,nan,nan,nan,nan,nan,nan,nan,nan,nan,nan,nan,nan,nan,nan,nan,nan,nan,nan,nan,nan,nan,nan,nan,nan,nan,nan,nan,nan,nan,nan,nan,nan,nan,nan,nan,nan,nan,nan,nan,nan,nan,nan,nan,3.000000,7.464872,7.263128,-1.723741,1.934455,-6.593752,7.475581,7.263128,-1.723741,0.400000,9.700000,0.000000,6.871657,inf,1.000000,1.000000,0.000000,0.000000,0.000000,0.000000,0.000000,0.000000,0.000000,0.000000,0.000000,0.000000,17.000000,154.998819,0.125148,nan
30.040,TRACKING,7.661060,3.564435,-6.754750,0.599999,-3.301887,-5.766073,-0.000024,-51.311183,-54.686183,29.399466,10.000000,-1.250000,0.000470,0.000000,0.000000,-7.125016,-47.746749,-61.440933,29.999466,6.698113,-7.016073,0.000445,0.000000,0.000000,-46.328152,-47.746749,-61.440933,29.399466,5.524217,-5.786452,0.000449,0.000000,0.000000,0.000000,3.564435,-6.754750,0.599999,7.661060,-3.301887,-5.766073,-0.000024,6.644551,nan,nan,nan,0,nan,nan,nan,0,nan,nan,nan,nan,nan,nan,nan,nan,nan,nan,nan,nan,nan,nan,nan,nan,nan,nan,nan,nan,nan,nan,nan,nan,nan,nan,nan,nan,nan,nan,nan,nan,nan,nan,nan,nan,nan,nan,nan,nan,nan,nan,nan,nan,nan,nan,nan,nan,nan,nan,3.000000,7.637528,7.347093,-2.086159,1.890596,-6.369906,7.647996,7.347093,-2.086159,0.399999,9.700000,0.000000,6.644551,inf,1.000000,1.000000,0.000000,0.000000,0.000000,0.000000,0.000000,0.000000,0.000000,0.000000,0.000000,0.000000,17.000000,154.691693,0.163538,nan
30.080,TRACKING,7.839672,3.407707,-7.034770,0.599998,-3.134549,-5.600408,-0.000021,-50.817433,-54.754933,29.399489,9.875000,-1.375000,0.000449,0.000000,0.000000,-7.926927,-47.409726,-61.789704,29.999487,6.740451,-6.975408,0.000428,0.000000,0.000000,-45.981397,-47.409726,-61.789704,29.399487,5.559135,-5.752914,0.000430,0.000000,0.000000,0.000000,3.407707,-7.034770,0.599998,7.839672,-3.134549,-5.600408,-0.000021,6.417941,nan,nan,nan,0,nan,nan,nan,0,nan,nan,nan,nan,nan,nan,nan,nan,nan,nan,nan,nan,nan,nan,nan,nan,nan,nan,nan,nan,nan,nan,nan,nan,nan,nan,nan,nan,nan,nan,nan,nan,nan,nan,nan,nan,nan,nan,nan,nan,nan,nan,nan,nan,nan,nan,nan,nan,nan,nan,3.000000,7.816678,7.426791,-2.437874,1.849161,-6.145777,7.826906,7.426791,-2.437874,0.399998,9.700000,0.000000,6.417941,inf,1.000000,1.000000,0.000000,0.000000,0.000000,0.000000,0.000000,0.000000,0.000000,0.000000,0.000000,0.000000,17.000000,154.392899,0.200888,nan
30.140,TRACKING,8.022975,3.259334,-7.306495,0.599997,-2.967456,-5.434486,-0.000018,-50.329933,-54.829933,29.399510,9.750000,-1.500000,0.000429,0.000000,0.000000,-8.746162,-47.070599,-62.136428,29.999507,6.782544,-6.934486,0.000410,0.000000,0.000000,-45.634630,-47.070599,-62.136428,29.399507,5.593851,-5.719163,0.000412,0.000000,0.000000,0.000000,3.259334,-7.306495,0.599997,8.022975,-2.967456,-5.434486,-0.000018,6.191884,nan,nan,nan,0,nan,nan,nan,0,nan,nan,nan,nan,nan,nan,nan,nan,nan,nan,nan,nan,nan,nan,nan,nan,nan,nan,nan,nan,nan,nan,nan,nan,nan,nan,nan,nan,nan,nan,nan,nan,nan,nan,nan,nan,nan,nan,nan,nan,nan,nan,nan,nan,nan,nan,nan,nan,nan,nan,3.000000,8.000508,7.502409,-2.778847,1.810151,-5.921383,8.010501,7.502409,-2.778847,0.399997,9.700000,0.000000,6.191884,inf,1.000000,1.000000,0.000000,0.000000,0.000000,0.000000,0.000000,0.000000,0.000000,0.000000,0.000000,0.000000,17.000000,154.102513,0.237186,nan
30.180,TRACKING,8.209360,3.119304,-7.569910,0.599997,-2.800610,-5.268308,-0.000016,-49.848683,-54.911183,29.399531,9.625000,-1.625000,0.000410,0.000000,0.000000,-9.582945,-46.729379,-62.481093,29.999527,6.824390,-6.893308,0.000394,0.000000,0.000000,-45.287853,-46.729379,-62.481093,29.399527,5.628363,-5.685203,0.000395,0.000000,0.000000,0.000000,3.119304,-7.569910,0.599997,8.209360,-2.800610,-5.268308,-0.000016,5.966447,nan,nan,nan,0,nan,nan,nan,0,nan,nan,nan,nan,nan,nan,nan,nan,nan,nan,nan,nan,nan,nan,nan,nan,nan,nan,nan,nan,nan,nan,nan,nan,nan,nan,nan,nan,nan,nan,nan,nan,nan,nan,nan,nan,nan,nan,nan,nan,nan,nan,nan,nan,nan,nan,nan,nan,nan,nan,3.000000,8.187405,7.574131,-3.109041,1.773569,-5.696748,8.197170,7.574131,-3.109041,0.399997,9.700000,-0.000000,5.966447,inf,1.000000,1.000000,0.000000,0.000000,0.000000,0.000000,0.000000,0.000000,0.000000,0.000000,0.000000,0.000000,17.000000,153.820615,0.272423,nan
30.240,TRACKING,8.397408,2.987603,-7.825004,0.599996,-2.634013,-5.101877,-0.000013,-49.373683,-54.998683,29.399550,9.500000,-1.750000,0.000392,0.000000,0.000000,-10.437475,-46.386080,-62.823687,29.999546,6.865987,-6.851877,0.000378,0.000000,0.000000,-44.941064,-46.386080,-62.823687,29.399546,5.662670,-5.651032,0.000378,0.000000,0.000000,0.000000,2.987603,-7.825004,0.599996,8.397408,-2.634013,-5.101877,-0.000013,5.741704,nan,nan,nan,0,nan,nan,nan,0,nan,nan,nan,nan,nan,nan,nan,nan,nan,nan,nan,nan,nan,nan,nan,nan,nan,nan,nan,nan,nan,nan,nan,nan,nan,nan,nan,nan,nan,nan,nan,nan,nan,nan,nan,nan,nan,nan,nan,nan,nan,nan,nan,nan,nan,nan,nan,nan,nan,nan,3.000000,8.375945,7.642145,-3.428422,1.739416,-5.471892,8.385491,7.642145,-3.428422,0.399996,9.700000,0.000000,5.741704,inf,1.000000,1.000000,0.000000,0.000000,0.000000,0.000000,0.000000,0.000000,0.000000,0.000000,0.000000,0.000000,17.000000,153.547283,0.306590,nan
30.280,TRACKING,8.585867,2.864220,-8.071764,0.599995,-2.467666,-4.935193,-0.000011,-48.904933,-55.092433,29.399569,9.375000,-1.875000,0.000374,0.000000,0.000000,-11.309932,-46.040713,-63.164197,29.999564,6.907334,-6.810193,0.000363,0.000000,0.000000,-44.594264,-46.040713,-63.164197,29.399564,5.696771,-5.616654,0.000363,0.000000,0.000000,0.000000,2.864220,-8.071764,0.599995,8.585867,-2.467666,-4.935193,-0.000011,5.517745,nan,nan,nan,0,nan,nan,nan,0,nan,nan,nan,nan,nan,nan,nan,nan,nan,nan,nan,nan,nan,nan,nan,nan,nan,nan,nan,nan,nan,nan,nan,nan,nan,nan,nan,nan,nan,nan,nan,nan,nan,nan,nan,nan,nan,nan,nan,nan,nan,nan,nan,nan,nan,nan,nan,nan,nan,nan,3.000000,8.564877,7.706639,-3.736957,1.707694,-5.246836,8.574212,7.706639,-3.736957,0.399995,9.700000,0.000000,5.517745,inf,1.000000,1.000000,0.000000,0.000000,0.000000,0.000000,0.000000,0.000000,0.000000,0.000000,0.000000,0.000000,17.000000,153.282594,0.339676,nan
30.340,TRACKING,8.773643,2.749141,-8.310177,0.599995,-2.301570,-4.768259,-0.000009,-48.442433,-55.192433,29.399587,9.250000,-2.000000,0.000358,0.000000,0.000000,-12.200469,-45.693292,-63.502610,29.999582,6.948430,-6.768259,0.000349,0.000000,0.000000,-44.247454,-45.693292,-63.502610,29.399582,5.730664,-5.582069,0.000348,0.000000,0.000000,0.000000,2.749141,-8.310177,0.599995,8.773643,-2.301570,-4.768259,-0.000009,5.294669,nan,nan,nan,0,nan,nan,nan,0,nan,nan,nan,nan,nan,nan,nan,nan,nan,nan,nan,nan,nan,nan,nan,nan,nan,nan,nan,nan,nan,nan,nan,nan,nan,nan,nan,nan,nan,nan,nan,nan,nan,nan,nan,nan,nan,nan,nan,nan,nan,nan,nan,nan,nan,nan,nan,nan,nan,nan,3.000000,8.753103,7.767798,-4.034616,1.678403,-5.021601,8.762238,7.767798,-4.034616,0.399995,9.700000,0.000000,5.294669,inf,1.000000,1.000000,0.000000,0.000000,0.000000,0.000000,0.000000,0.000000,0.000000,0.000000,0.000000,0.000000,17.000000,153.026625,0.371672,nan
30.380,TRACKING,8.959775,2.642355,-8.540230,0.599994,-2.135729,-4.601075,-0.000008,-47.986183,-55.298683,29.399604,9.125000,-2.125000,0.000342,0.000000,0.000000,-13.109208,-45.343828,-63.838913,29.999598,6.989271,-6.726075,0.000335,0.000000,0.000000,-43.900634,-45.343828,-63.838913,29.399598,5.764347,-5.547278,0.000333,0.000000,0.000000,0.000000,2.642355,-8.540230,0.599994,8.959775,-2.135729,-4.601075,-0.000008,5.072596,nan,nan,nan,0,nan,nan,nan,0,nan,nan,nan,nan,nan,nan,nan,nan,nan,nan,nan,nan,nan,nan,nan,nan,nan,nan,nan,nan,nan,nan,nan,nan,nan,nan,nan,nan,nan,nan,nan,nan,nan,nan,nan,nan,nan,nan,nan,nan,nan,nan,nan,nan,nan,nan,nan,nan,nan,nan,3.000000,8.939663,7.825811,-4.321372,1.651545,-4.796210,8.948607,7.825811,-4.321372,0.399994,9.700000,0.000000,5.072596,inf,1.000000,1.000000,0.000000,0.000000,0.000000,0.000000,0.000000,0.000000,0.000000,0.000000,0.000000,0.000000,17.000000,152.779456,0.402042,nan
30.440,TRACKING,9.143427,2.543848,-8.761912,0.599994,-1.970142,-4.433644,-0.000006,-47.536183,-55.411183,29.399620,9.000000,-2.250000,0.000328,0.000000,0.000000,-14.036243,-44.992335,-64.173096,29.999614,7.029858,-6.683644,0.000321,0.000000,0.000000,-43.553805,-44.992335,-64.173096,29.399614,5.797821,-5.512284,0.000319,0.000000,0.000000,0.000000,2.543848,-8.761912,0.599994,9.143427,-1.970142,-4.433644,-0.000006,4.851665,nan,nan,nan,0,nan,nan,nan,0,nan,nan,nan,nan,nan,nan,nan,nan,nan,nan,nan,nan,nan,nan,nan,nan,nan,nan,nan,nan,nan,nan,nan,nan,nan,nan,nan,nan,nan,nan,nan,nan,nan,nan,nan,nan,nan,nan,nan,nan,nan,nan,nan,nan,nan,nan,nan,nan,nan,nan,3.000000,9.123720,7.880865,-4.597199,1.627121,-4.570682,9.132484,7.880865,-4.597199,0.399994,9.700000,0.000000,4.851665,inf,1.000000,1.000000,0.000000,0.000000,0.000000,0.000000,0.000000,0.000000,0.000000,0.000000,0.000000,0.000000,17.000000,152.541161,0.429603,nan
30.480,TRACKING,9.323872,2.453607,-8.975211,0.599994,-1.804812,-4.265967,-0.000005,-47.092433,-55.529933,29.399636,8.875000,-2.375000,0.000313,0.000000,0.000000,-14.981633,-44.638826,-64.505144,29.999630,7.070188,-6.640967,0.000308,0.000000,0.000000,-43.206966,-44.638826,-64.505144,29.399630,5.831083,-5.477086,0.000306,0.000000,0.000000,0.000000,2.453607,-8.975211,0.599994,9.323872,-1.804812,-4.265967,-0.000005,4.632042,nan,nan,nan,0,nan,nan,nan,0,nan,nan,nan,nan,nan,nan,nan,nan,nan,nan,nan,nan,nan,nan,nan,nan,nan,nan,nan,nan,nan,nan,nan,nan,nan,nan,nan,nan,nan,nan,nan,nan,nan,nan,nan,nan,nan,nan,nan,nan,nan,nan,nan,nan,nan,nan,nan,nan,nan,nan,3.000000,9.304547,7.933148,-4.862073,1.605132,-4.345039,9.313141,7.933148,-4.862073,0.399994,9.700000,0.000000,4.632042,inf,1.000000,1.000000,0.000000,0.000000,0.000000,0.000000,0.000000,0.000000,0.000000,0.000000,0.000000,0.000000,17.000000,152.311819,0.454278,nan
30.540,TRACKING,9.500159,2.370350,-9.180113,0.599994,-1.665151,-4.098045,-0.000004,-46.653663,-55.654933,29.399651,8.775412,-2.500000,0.000300,0.000000,0.000000,-15.901559,-44.283313,-64.835046,29.999645,7.110261,-6.598045,0.000296,0.000000,0.000000,-42.860118,-44.283313,-64.835046,29.399645,5.864132,-5.441686,0.000293,0.000000,0.000000,0.000000,2.370350,-9.180113,0.599994,9.500159,-1.665151,-4.098045,-0.000004,4.423426,nan,nan,nan,0,nan,nan,nan,0,nan,nan,nan,nan,nan,nan,nan,nan,nan,nan,nan,nan,nan,nan,nan,nan,nan,nan,nan,nan,nan,nan,nan,nan,nan,nan,nan,nan,nan,nan,nan,nan,nan,nan,nan,nan,nan,nan,nan,nan,nan,nan,nan,nan,nan,nan,nan,nan,nan,nan,3.000000,9.481194,7.981918,-5.116837,1.566951,-4.136589,9.489627,7.981918,-5.116837,0.399994,9.700000,0.000000,4.423426,inf,1.000000,1.000000,0.000000,0.000000,0.000000,0.000000,0.000000,0.000000,0.000000,0.000000,0.000000,0.000000,17.000000,152.091506,0.476034,nan
30.580,TRACKING,9.671399,2.292426,-9.376607,0.599994,-1.558479,-3.929880,-0.000003,-46.218235,-55.786183,29.399665,8.708552,-2.625000,0.000287,0.000000,0.000000,-16.774269,-43.925809,-65.162790,29.999659,7.150073,-6.554880,0.000284,0.000000,0.000000,-42.513260,-43.925809,-65.162790,29.399659,5.896968,-5.406087,0.000281,0.000000,0.000000,0.000000,2.292426,-9.376607,0.599994,9.671399,-1.558479,-3.929880,-0.000003,4.227625,nan,nan,nan,0,nan,nan,nan,0,nan,nan,nan,nan,nan,nan,nan,nan,nan,nan,nan,nan,nan,nan,nan,nan,nan,nan,nan,nan,nan,nan,nan,nan,nan,nan,nan,nan,nan,nan,nan,nan,nan,nan,nan,nan,nan,nan,nan,nan,nan,nan,nan,nan,nan,nan,nan,nan,nan,nan,3.000000,9.652770,8.026139,-5.362562,1.506872,-3.949956,9.661054,8.026139,-5.362562,0.399994,9.700000,0.000000,4.227625,inf,1.000000,1.000000,0.000000,0.000000,0.000000,0.000000,0.000000,0.000000,0.000000,0.000000,0.000000,0.000000,17.000000,151.879126,0.496003,nan
30.640,TRACKING,9.837141,2.219513,-9.564681,0.599993,-1.458254,-3.761474,-0.000002,-45.785841,-55.923683,29.399679,8.647879,-2.750000,0.000275,0.000000,0.000000,-17.640511,-43.566328,-65.488364,29.999673,7.189625,-6.511474,0.000273,0.000000,0.000000,-42.166395,-43.566328,-65.488364,29.399673,5.929588,-5.370288,0.000270,0.000000,0.000000,0.000000,2.219513,-9.564681,0.599993,9.837141,-1.458254,-3.761474,-0.000002,4.034252,nan,nan,nan,0,nan,nan,nan,0,nan,nan,nan,nan,nan,nan,nan,nan,nan,nan,nan,nan,nan,nan,nan,nan,nan,nan,nan,nan,nan,nan,nan,nan,nan,nan,nan,nan,nan,nan,nan,nan,nan,nan,nan,nan,nan,nan,nan,nan,nan,nan,nan,nan,nan,nan,nan,nan,nan,nan,3.000000,9.818827,8.065736,-5.599398,1.444169,-3.766904,9.826971,8.065736,-5.599398,0.399993,9.700000,0.000000,4.034252,inf,1.000000,1.000000,0.000000,0.000000,0.000000,0.000000,0.000000,0.000000,0.000000,0.000000,0.000000,0.000000,17.000000,151.673258,0.515242,nan
30.680,TRACKING,9.996996,2.151309,-9.744322,0.599993,-1.364089,-3.592828,-0.000001,-45.356191,-56.067433,29.399692,8.593003,-2.875000,0.000263,0.000000,0.000000,-18.498929,-43.204882,-65.811755,29.999686,7.228914,-6.467828,0.000262,0.000000,0.000000,-41.819521,-43.204882,-65.811755,29.399686,5.961991,-5.334291,0.000259,0.000000,0.000000,0.000000,2.151309,-9.744322,0.599993,9.996996,-1.364089,-3.592828,-0.000001,3.843066,nan,nan,nan,0,nan,nan,nan,0,nan,nan,nan,nan,nan,nan,nan,nan,nan,nan,nan,nan,nan,nan,nan,nan,nan,nan,nan,nan,nan,nan,nan,nan,nan,nan,nan,nan,nan,nan,nan,nan,nan,nan,nan,nan,nan,nan,nan,nan,nan,nan,nan,nan,nan,nan,nan,nan,nan,nan,3.000000,9.978975,8.100642,-5.827482,1.379063,-3.587107,9.986988,8.100642,-5.827482,0.399993,9.700000,0.000000,3.843066,inf,1.000000,1.000000,0.000000,0.000000,0.000000,0.000000,0.000000,0.000000,0.000000,0.000000,0.000000,0.000000,17.000000,151.473711,0.532992,nan
30.740,TRACKING,10.150630,2.087528,-9.915519,0.599993,-1.275622,-3.423944,-0.000001,-44.929013,-56.217433,29.399705,8.543561,-3.000000,0.000252,0.000000,0.000000,-19.348297,-42.841485,-66.132953,29.999698,7.267939,-6.423944,0.000252,0.000000,0.000000,-41.472639,-42.841485,-66.132953,29.399698,5.994177,-5.298099,0.000248,0.000000,0.000000,0.000000,2.087528,-9.915519,0.599993,10.150630,-1.275622,-3.423944,-0.000001,3.653848,nan,nan,nan,0,nan,nan,nan,0,nan,nan,nan,nan,nan,nan,nan,nan,nan,nan,nan,nan,nan,nan,nan,nan,nan,nan,nan,nan,nan,nan,nan,nan,nan,nan,nan,nan,nan,nan,nan,nan,nan,nan,nan,nan,nan,nan,nan,nan,nan,nan,nan,nan,nan,nan,nan,nan,nan,nan,3.000000,10.132882,8.130801,-6.046931,1.311761,-3.410262,10.140774,8.130801,-6.046931,0.399993,9.700000,0.000000,3.653848,inf,1.000000,1.000000,0.000000,0.000000,0.000000,0.000000,0.000000,0.000000,0.000000,0.000000,0.000000,0.000000,17.000000,151.280315,0.549332,nan
30.780,TRACKING,10.297753,2.027902,-10.078261,0.599993,-1.192511,-3.254824,-0.000000,-44.504052,-56.373683,29.399717,8.499210,-3.125000,0.000241,0.000000,0.000000,-20.187529,-42.476150,-66.451944,29.999710,7.306699,-6.379824,0.000241,0.000000,0.000000,-41.125749,-42.476150,-66.451944,29.399710,6.026143,-5.261711,0.000238,0.000000,0.000000,0.000000,2.027902,-10.078261,0.599993,10.297753,-1.192511,-3.254824,-0.000000,3.466405,nan,nan,nan,0,nan,nan,nan,0,nan,nan,nan,nan,nan,nan,nan,nan,nan,nan,nan,nan,nan,nan,nan,nan,nan,nan,nan,nan,nan,nan,nan,nan,nan,nan,nan,nan,nan,nan,nan,nan,nan,nan,nan,nan,nan,nan,nan,nan,nan,nan,nan,nan,nan,nan,nan,nan,nan,nan,3.000000,10.280259,8.156165,-6.257851,1.242463,-3.236086,10.288038,8.156165,-6.257851,0.399993,9.700000,0.000000,3.466405,inf,1.000000,1.000000,0.000000,0.000000,0.000000,0.000000,0.000000,0.000000,0.000000,0.000000,0.000000,0.000000,17.000000,151.092917,0.564331,nan
30.840,TRACKING,10.438115,1.972180,-10.232534,0.599993,-1.114434,-3.085469,0.000000,-44.081071,-56.536183,29.399728,8.459625,-3.250000,0.000231,0.000000,0.000000,-21.015665,-42.108891,-66.768717,29.999722,7.345191,-6.335469,0.000232,0.000000,0.000000,-40.778851,-42.108891,-66.768717,29.399722,6.057890,-5.225129,0.000228,0.000000,0.000000,0.000000,1.972180,-10.232534,0.599993,10.438115,-1.114434,-3.085469,0.000000,3.280561,nan,nan,nan,0,nan,nan,nan,0,nan,nan,nan,nan,nan,nan,nan,nan,nan,nan,nan,nan,nan,nan,nan,nan,nan,nan,nan,nan,nan,nan,nan,nan,nan,nan,nan,nan,nan,nan,nan,nan,nan,nan,nan,nan,nan,nan,nan,nan,nan,nan,nan,nan,nan,nan,nan,nan,nan,nan,3.000000,10.420856,8.176695,-6.460333,1.171357,-3.064312,10.428530,8.176695,-6.460333,0.399993,9.700000,-0.000000,3.280561,inf,1.000000,1.000000,0.000000,0.000000,0.000000,0.000000,0.000000,0.000000,0.000000,0.000000,0.000000,0.000000,16.000000,147.694376,0.005875,nan
30.880,TRACKING,10.571498,1.920126,-10.378328,0.599993,-1.041091,-2.915881,0.000001,-43.659846,-56.704933,29.399740,8.424506,-3.375000,0.000222,0.000000,0.000000,-21.831877,-41.739720,-67.083261,29.999733,7.383415,-6.290881,0.000223,0.000000,0.000000,-40.431946,-41.739720,-67.083261,29.399733,6.089415,-5.188355,0.000219,0.000000,0.000000,0.000000,1.920126,-10.378328,0.599993,10.571498,-1.041091,-2.915881,0.000001,3.096164,nan,nan,nan,0,nan,nan,nan,0,nan,nan,nan,nan,nan,nan,nan,nan,nan,nan,nan,nan,nan,nan,nan,nan,nan,nan,nan,nan,nan,nan,nan,nan,nan,nan,nan,nan,nan,nan,nan,nan,nan,nan,nan,nan,nan,nan,nan,nan,nan,nan,nan,nan,nan,nan,nan,nan,nan,nan,3.000000,10.554458,8.192362,-6.654456,1.098624,-2.894694,10.562034,8.192362,-6.654456,0.399993,9.700000,0.000000,3.096164,inf,1.000000,1.000000,0.000000,0.000000,0.000000,0.000000,0.000000,0.000000,0.000000,0.000000,0.000000,0.000000,16.000000,147.525846,0.020242,nan
30.940,TRACKING,10.697713,1.871516,-10.515631,0.599994,-0.972196,-2.746061,0.000001,-43.240168,-56.879933,29.399750,8.393565,-3.500000,0.000212,0.000000,0.000000,-22.635457,-41.368652,-67.395564,29.999744,7.421369,-6.246061,0.000214,0.000000,0.000000,-40.085034,-41.368652,-67.395564,29.399744,6.120717,-5.151390,0.000210,0.000000,0.000000,0.000000,1.871516,-10.515631,0.599994,10.697713,-0.972196,-2.746061,0.000001,2.913077,nan,nan,nan,0,nan,nan,nan,0,nan,nan,nan,nan,nan,nan,nan,nan,nan,nan,nan,nan,nan,nan,nan,nan,nan,nan,nan,nan,nan,nan,nan,nan,nan,nan,nan,nan,nan,nan,nan,nan,nan,nan,nan,nan,nan,nan,nan,nan,nan,nan,nan,nan,nan,nan,nan,nan,nan,nan,3.000000,10.680874,8.203143,-6.840287,1.024437,-2.727003,10.688361,8.203143,-6.840287,0.399994,9.700000,0.000000,2.913077,inf,1.000000,1.000000,0.000000,0.000000,0.000000,0.000000,0.000000,0.000000,0.000000,0.000000,0.000000,0.000000,16.000000,147.362442,0.033515,nan
30.980,TRACKING,10.816594,1.826142,-10.644432,0.599994,-0.907484,-2.576011,0.000002,-42.821841,-57.061183,29.399760,8.366536,-3.625000,0.000204,0.000000,0.000000,-23.425816,-40.995699,-67.705615,29.999754,7.459052,-6.201011,0.000205,0.000000,0.000000,-39.738115,-40.995699,-67.705615,29.399754,6.151796,-5.114236,0.000201,0.000000,0.000000,0.000000,1.826142,-10.644432,0.599994,10.816594,-0.907484,-2.576011,0.000002,2.731183,nan,nan,nan,0,nan,nan,nan,0,nan,nan,nan,nan,nan,nan,nan,nan,nan,nan,nan,nan,nan,nan,nan,nan,nan,nan,nan,nan,nan,nan,nan,nan,nan,nan,nan,nan,nan,nan,nan,nan,nan,nan,nan,nan,nan,nan,nan,nan,nan,nan,nan,nan,nan,nan,nan,nan,nan,nan,3.000000,10.799941,8.209023,-7.017881,0.948959,-2.561023,10.807345,8.209023,-7.017881,0.399994,9.700000,-0.000000,2.731183,inf,1.000000,1.000000,0.000000,0.000000,0.000000,0.000000,0.000000,0.000000,0.000000,0.000000,0.000000,0.000000,16.000000,147.204079,0.045723,nan
31.040,TRACKING,10.927997,1.783807,-10.764718,0.599994,-0.846703,-2.405733,0.000002,-42.404682,-57.248683,29.399770,8.343166,-3.750000,0.000195,0.000000,0.000000,-24.202472,-40.620876,-68.013402,29.999764,7.496462,-6.155733,0.000197,0.000000,0.000000,-39.391189,-40.620876,-68.013402,29.399764,6.182649,-5.076893,0.000193,0.000000,0.000000,0.000000,1.783807,-10.764718,0.599994,10.927997,-0.846703,-2.405733,0.000002,2.550384,nan,nan,nan,0,nan,nan,nan,0,nan,nan,nan,nan,nan,nan,nan,nan,nan,nan,nan,nan,nan,nan,nan,nan,nan,nan,nan,nan,nan,nan,nan,nan,nan,nan,nan,nan,nan,nan,nan,nan,nan,nan,nan,nan,nan,nan,nan,nan,nan,nan,nan,nan,nan,nan,nan,nan,nan,nan,3.000000,10.911514,8.209997,-7.187285,0.872348,-2.396553,10.918843,8.209997,-7.187285,0.399994,9.700000,0.000000,2.550384,inf,1.000000,1.000000,0.000000,0.000000,0.000000,0.000000,0.000000,0.000000,0.000000,0.000000,0.000000,0.000000,16.000000,147.050684,0.056890,nan
31.080,TRACKING,11.031794,1.744326,-10.876480,0.599994,-0.789619,-2.235229,0.000002,-41.988522,-57.442433,29.399779,8.323217,-3.875000,0.000187,0.000000,0.000000,-24.965047,-40.244196,-68.318913,29.999773,7.533598,-6.110229,0.000189,0.000000,0.000000,-39.044257,-40.244196,-68.318913,29.399773,6.213277,-5.039364,0.000185,0.000000,0.000000,0.000000,1.744326,-10.876480,0.599994,11.031794,-0.789619,-2.235229,0.000002,2.370600,nan,nan,nan,0,nan,nan,nan,0,nan,nan,nan,nan,nan,nan,nan,nan,nan,nan,nan,nan,nan,nan,nan,nan,nan,nan,nan,nan,nan,nan,nan,nan,nan,nan,nan,nan,nan,nan,nan,nan,nan,nan,nan,nan,nan,nan,nan,nan,nan,nan,nan,nan,nan,nan,nan,nan,nan,nan,3.000000,11.015466,8.206065,-7.348536,0.794751,-2.233409,11.022726,8.206065,-7.348536,0.399994,9.700000,0.000000,2.370600,inf,1.000000,1.000000,0.000000,0.000000,0.000000,0.000000,0.000000,0.000000,0.000000,0.000000,0.000000,0.000000,16.000000,146.902199,0.067029,nan
31.140,TRACKING,11.127873,1.707525,-10.979705,0.599994,-0.736009,-2.064499,0.000002,-41.573198,-57.642433,29.399788,8.306468,-4.000000,0.000179,0.000000,0.000000,-25.713255,-39.865673,-68.622138,29.999782,7.570459,-6.064499,0.000181,0.000000,0.000000,-38.697318,-39.865673,-68.622138,29.399782,6.243677,-5.001649,0.000178,0.000000,0.000000,0.000000,1.707525,-10.979705,0.599994,11.127873,-0.736009,-2.064499,0.000002,2.191773,nan,nan,nan,0,nan,nan,nan,0,nan,nan,nan,nan,nan,nan,nan,nan,nan,nan,nan,nan,nan,nan,nan,nan,nan,nan,nan,nan,nan,nan,nan,nan,nan,nan,nan,nan,nan,nan,nan,nan,nan,nan,nan,nan,nan,nan,nan,nan,nan,nan,nan,nan,nan,nan,nan,nan,nan,nan,3.000000,11.111686,8.197233,-7.501662,0.716312,-2.071416,11.118883,8.197233,-7.501662,0.399994,9.700000,0.000000,2.191773,inf,1.000000,1.000000,0.000000,0.000000,0.000000,0.000000,0.000000,0.000000,0.000000,0.000000,0.000000,0.000000,16.000000,146.758577,0.076150,nan
31.180,TRACKING,11.216134,1.673242,-11.074382,0.599994,-0.685665,-1.893547,0.000002,-41.158563,-57.848683,29.399797,8.292708,-4.125000,0.000172,0.000000,0.000000,-26.446900,-39.485321,-68.923065,29.999791,7.607042,-6.018547,0.000174,0.000000,0.000000,-38.350373,-39.485321,-68.923065,29.399791,6.273849,-4.963750,0.000171,0.000000,0.000000,0.000000,1.673242,-11.074382,0.599994,11.216134,-0.685665,-1.893547,0.000002,2.013866,nan,nan,nan,0,nan,nan,nan,0,nan,nan,nan,nan,nan,nan,nan,nan,nan,nan,nan,nan,nan,nan,nan,nan,nan,nan,nan,nan,nan,nan,nan,nan,nan,nan,nan,nan,nan,nan,nan,nan,nan,nan,nan,nan,nan,nan,nan,nan,nan,nan,nan,nan,nan,nan,nan,nan,nan,nan,3.000000,11.200075,8.183517,-7.646681,0.637167,-1.910412,11.207215,8.183517,-7.646681,0.399994,9.700000,0.000000,2.013866,inf,1.000000,1.000000,0.000000,0.000000,0.000000,0.000000,0.000000,0.000000,0.000000,0.000000,0.000000,0.000000,16.000000,146.619786,0.084254,nan
31.240,TRACKING,11.296491,1.641322,-11.160501,0.599994,-0.638392,-1.722373,0.000003,-40.744476,-58.061183,29.399805,8.281740,-4.250000,0.000165,0.000000,0.000000,-27.165861,-39.103154,-69.221684,29.999799,7.643348,-5.972373,0.000167,0.000000,0.000000,-38.003423,-39.103154,-69.221684,29.399799,6.303792,-4.925668,0.000164,0.000000,0.000000,0.000000,1.641322,-11.160501,0.599994,11.296491,-0.638392,-1.722373,0.000003,1.836876,nan,nan,nan,0,nan,nan,nan,0,nan,nan,nan,nan,nan,nan,nan,nan,nan,nan,nan,nan,nan,nan,nan,nan,nan,nan,nan,nan,nan,nan,nan,nan,nan,nan,nan,nan,nan,nan,nan,nan,nan,nan,nan,nan,nan,nan,nan,nan,nan,nan,nan,nan,nan,nan,nan,nan,nan,nan,3.000000,11.280546,8.164935,-7.783608,0.557443,-1.750248,11.287635,8.164935,-7.783608,0.399994,9.700000,0.000000,1.836876,inf,1.000000,1.000000,0.000000,0.000000,0.000000,0.000000,0.000000,0.000000,0.000000,0.000000,0.000000,0.000000,16.000000,146.485804,0.091339,nan
31.280,TRACKING,11.368864,1.611622,-11.238050,0.599994,-0.594005,-1.550979,0.000003,-40.330807,-58.279933,29.399813,8.273379,-4.375000,0.000158,0.000000,0.000000,-27.870089,-38.719185,-69.517983,29.999807,7.679373,-5.925979,0.000161,0.000000,0.000000,-37.656466,-38.719185,-69.517983,29.399807,6.333504,-4.887405,0.000157,0.000000,0.000000,0.000000,1.611622,-11.238050,0.599994,11.368864,-0.594005,-1.550979,0.000003,1.660837,nan,nan,nan,0,nan,nan,nan,0,nan,nan,nan,nan,nan,nan,nan,nan,nan,nan,nan,nan,nan,nan,nan,nan,nan,nan,nan,nan,nan,nan,nan,nan,nan,nan,nan,nan,nan,nan,nan,nan,nan,nan,nan,nan,nan,nan,nan,nan,nan,nan,nan,nan,nan,nan,nan,nan,nan,nan,3.000000,11.353021,8.141515,-7.912447,0.477266,-1.590785,11.360065,8.141515,-7.912447,0.399994,9.700000,0.000000,1.660837,inf,1.000000,1.000000,0.000000,0.000000,0.000000,0.000000,0.000000,0.000000,0.000000,0.000000,0.000000,0.000000,16.000000,146.356620,0.097396,nan
31.340,TRACKING,11.433185,1.584005,-11.307018,0.599994,-0.552332,-1.379367,0.000003,-39.917434,-58.504933,29.399821,8.267450,-4.500000,0.000151,0.000000,0.000000,-28.559597,-38.333429,-69.811951,29.999815,7.715118,-5.879367,0.000154,0.000000,0.000000,-37.309504,-38.333429,-69.811951,29.399815,6.362984,-4.848963,0.000151,0.000000,0.000000,0.000000,1.584005,-11.307018,0.599994,11.433185,-0.552332,-1.379367,0.000003,1.485842,nan,nan,nan,0,nan,nan,nan,0,nan,nan,nan,nan,nan,nan,nan,nan,nan,nan,nan,nan,nan,nan,nan,nan,nan,nan,nan,nan,nan,nan,nan,nan,nan,nan,nan,nan,nan,nan,nan,nan,nan,nan,nan,nan,nan,nan,nan,nan,nan,nan,nan,nan,nan,nan,nan,nan,nan,nan,3.000000,11.417431,8.113289,-8.033198,0.396752,-1.431891,11.424435,8.113289,-8.033198,0.399994,9.700000,0.000000,1.485842,inf,1.000000,1.000000,0.000000,0.000000,0.000000,0.000000,0.000000,0.000000,0.000000,0.000000,0.000000,0.000000,16.000000,146.232233,0.102413,nan
31.380,TRACKING,11.489391,1.558345,-11.367395,0.599995,-0.513210,-1.207539,0.000003,-39.504245,-58.736183,29.399828,8.263790,-4.625000,0.000145,0.000000,0.000000,-29.234455,-37.945900,-70.103578,29.999822,7.750580,-5.832539,0.000148,0.000000,0.000000,-36.962536,-37.945900,-70.103578,29.399822,6.392231,-4.810342,0.000145,0.000000,0.000000,0.000000,1.558345,-11.367395,0.599995,11.489391,-0.513210,-1.207539,0.000003,1.312073,nan,nan,nan,0,nan,nan,nan,0,nan,nan,nan,nan,nan,nan,nan,nan,nan,nan,nan,nan,nan,nan,nan,nan,nan,nan,nan,nan,nan,nan,nan,nan,nan,nan,nan,nan,nan,nan,nan,nan,nan,nan,nan,nan,nan,nan,nan,nan,nan,nan,nan,nan,nan,nan,nan,nan,nan,nan,3.000000,11.473714,8.080294,-8.145855,0.316015,-1.273448,11.480684,8.080294,-8.145855,0.399995,9.700000,0.000000,1.312073,inf,1.000000,1.000000,0.000000,0.000000,0.000000,0.000000,0.000000,0.000000,0.000000,0.000000,0.000000,0.000000,16.000000,146.112654,0.106372,nan
31.440,TRACKING,11.537425,1.534521,-11.419170,0.599995,-0.476486,-1.035496,0.000003,-39.091133,-58.973683,29.399835,8.262245,-4.750000,0.000139,0.000000,0.000000,-29.894781,-37.556612,-70.392853,29.999830,7.785758,-5.785496,0.000142,0.000000,0.000000,-36.615563,-37.556612,-70.392853,29.399830,6.421244,-4.771543,0.000139,0.000000,0.000000,0.000000,1.534521,-11.419170,0.599995,11.537425,-0.476486,-1.035496,0.000003,1.139865,nan,nan,nan,0,nan,nan,nan,0,nan,nan,nan,nan,nan,nan,nan,nan,nan,nan,nan,nan,nan,nan,nan,nan,nan,nan,nan,nan,nan,nan,nan,nan,nan,nan,nan,nan,nan,nan,nan,nan,nan,nan,nan,nan,nan,nan,nan,nan,nan,nan,nan,nan,nan,nan,nan,nan,nan,nan,3.000000,11.521814,8.042574,-8.250405,0.235160,-1.115344,11.528755,8.042574,-8.250405,0.399995,9.700000,0.000000,1.139865,inf,1.000000,1.000000,0.000000,0.000000,0.000000,0.000000,0.000000,0.000000,0.000000,0.000000,0.000000,0.000000,16.000000,145.997900,0.109254,nan
31.480,TRACKING,11.577239,1.512420,-11.462332,0.599995,-0.442017,-0.863241,0.000003,-38.677999,-59.217433,29.399842,8.262669,-4.875000,0.000134,0.000000,0.000000,-30.540736,-37.165579,-70.679765,29.999836,7.820652,-5.738241,0.000136,0.000000,0.000000,-36.268585,-37.165579,-70.679765,29.399836,6.450022,-4.732570,0.000133,0.000000,0.000000,0.000000,1.512420,-11.462332,0.599995,11.577239,-0.442017,-0.863241,0.000003,0.969826,nan,nan,nan,0,nan,nan,nan,0,nan,nan,nan,nan,nan,nan,nan,nan,nan,nan,nan,nan,nan,nan,nan,nan,nan,nan,nan,nan,nan,nan,nan,nan,nan,nan,nan,nan,nan,nan,nan,nan,nan,nan,nan,nan,nan,nan,nan,nan,nan,nan,nan,nan,nan,nan,nan,nan,nan,nan,3.000000,11.561681,8.000178,-8.346833,0.154291,-0.957475,11.568598,8.000178,-8.346833,0.399995,9.700000,0.000000,0.969826,inf,1.000000,1.000000,0.000000,0.000000,0.000000,0.000000,0.000000,0.000000,0.000000,0.000000,0.000000,0.000000,16.000000,145.887998,0.111033,nan
31.540,TRACKING,11.608786,1.491936,-11.496871,0.599995,-0.409667,-0.690774,0.000003,-38.264753,-59.467433,29.399848,8.264926,-5.000000,0.000128,0.000000,0.000000,-31.172517,-36.772817,-70.964304,29.999843,7.855259,-5.690774,0.000131,0.000000,0.000000,-35.921602,-36.772817,-70.964304,29.399843,6.478564,-4.693422,0.000128,0.000000,0.000000,0.000000,1.491936,-11.496871,0.599995,11.608786,-0.409667,-0.690774,0.000003,0.803116,nan,nan,nan,0,nan,nan,nan,0,nan,nan,nan,nan,nan,nan,nan,nan,nan,nan,nan,nan,nan,nan,nan,nan,nan,nan,nan,nan,nan,nan,nan,nan,nan,nan,nan,nan,nan,nan,nan,nan,nan,nan,nan,nan,nan,nan,nan,nan,nan,nan,nan,nan,nan,nan,nan,nan,nan,nan,3.000000,11.593270,7.953159,-8.435116,0.073505,-0.799745,11.600168,7.953159,-8.435116,0.399995,9.700000,0.000000,0.803116,inf,1.000000,1.000000,0.000000,0.000000,0.000000,0.000000,0.000000,0.000000,0.000000,0.000000,0.000000,0.000000,16.000000,145.782983,0.111682,nan
31.580,TRACKING,11.632024,1.472971,-11.522775,0.599995,-0.379309,-0.518098,0.000003,-37.851309,-59.723683,29.399854,8.268888,-5.125000,0.000123,0.000000,0.000000,-31.790351,-36.378338,-71.246459,29.999849,7.889578,-5.643098,0.000126,0.000000,0.000000,-35.574614,-36.378338,-71.246459,29.399849,6.506869,-4.654101,0.000123,0.000000,0.000000,0.000000,1.472971,-11.522775,0.599995,11.632024,-0.379309,-0.518098,0.000003,0.642107,nan,nan,nan,0,nan,nan,nan,0,nan,nan,nan,nan,nan,nan,nan,nan,nan,nan,nan,nan,nan,nan,nan,nan,nan,nan,nan,nan,nan,nan,nan,nan,nan,nan,nan,nan,nan,nan,nan,nan,nan,nan,nan,nan,nan,nan,nan,nan,nan,nan,nan,nan,nan,nan,nan,nan,nan,nan,3.000000,11.616540,7.901574,-8.515229,-0.007105,-0.642067,11.623424,7.901574,-8.515229,0.399995,9.700000,0.000000,0.642107,inf,1.000000,1.000000,0.000000,0.000000,0.000000,0.000000,0.000000,0.000000,0.000000,0.000000,0.000000,0.000000,16.000000,145.682899,0.111169,nan
31.640,TRACKING,11.646918,1.455430,-11.540036,0.599995,-0.350825,-0.345214,0.000003,-37.437587,-59.986183,29.399860,8.274434,-5.250000,0.000118,0.000000,0.000000,-32.394493,-35.982157,-71.526219,29.999855,7.923609,-5.595214,0.000121,0.000000,0.000000,-35.227622,-35.982157,-71.526219,29.399855,6.534935,-4.614609,0.000118,0.000000,0.000000,0.000000,1.455430,-11.540036,0.599995,11.646918,-0.350825,-0.345214,0.000003,0.492190,nan,nan,nan,0,nan,nan,nan,0,nan,nan,nan,nan,nan,nan,nan,nan,nan,nan,nan,nan,nan,nan,nan,nan,nan,nan,nan,nan,nan,nan,nan,nan,nan,nan,nan,nan,nan,nan,nan,nan,nan,nan,nan,nan,nan,nan,nan,nan,nan,nan,nan,nan,nan,nan,nan,nan,nan,nan,3.000000,11.631453,7.845487,-8.587144,-0.087449,-0.484359,11.638329,7.845487,-8.587144,0.399995,9.700000,0.000000,0.492190,inf,1.000000,1.000000,0.000000,0.000000,0.000000,0.000000,0.000000,0.000000,0.000000,0.000000,0.000000,0.000000,16.000000,145.587795,0.109461,nan
31.680,TRACKING,11.653433,1.439225,-11.548642,0.599995,-0.324101,-0.172124,0.000003,-37.023514,-60.254933,29.399866,8.281451,-5.375000,0.000113,0.000000,0.000000,-32.985218,-35.584290,-71.803576,29.999861,7.957349,-5.547124,0.000116,0.000000,0.000000,-34.880625,-35.584290,-71.803576,29.399861,6.562762,-4.574948,0.000113,0.000000,0.000000,0.000000,1.439225,-11.548642,0.599995,11.653433,-0.324101,-0.172124,0.000003,0.366972,nan,nan,nan,0,nan,nan,nan,0,nan,nan,nan,nan,nan,nan,nan,nan,nan,nan,nan,nan,nan,nan,nan,nan,nan,nan,nan,nan,nan,nan,nan,nan,nan,nan,nan,nan,nan,nan,nan,nan,nan,nan,nan,nan,nan,nan,nan,nan,nan,nan,nan,nan,nan,nan,nan,nan,nan,nan,3.000000,11.637977,7.784966,-8.650827,-0.167443,-0.326545,11.644849,7.784966,-8.650827,0.399995,9.700000,0.000000,0.366972,inf,1.000000,1.000000,0.000000,0.000000,0.000000,0.000000,0.000000,0.000000,0.000000,0.000000,0.000000,0.000000,16.000000,145.497728,0.106520,nan
31.740,TRACKING,11.651538,1.424273,-11.548584,0.599996,-0.299033,0.001169,0.000003,-36.609023,-60.529933,29.399871,8.289832,-5.500000,0.000108,0.000000,0.000000,-33.562817,-35.184750,-72.078517,29.999867,7.990799,-5.498831,0.000111,0.000000,0.000000,-34.533623,-35.184750,-72.078517,29.399867,6.590349,-4.535118,0.000108,0.000000,0.000000,0.000000,1.424273,-11.548584,0.599996,11.651538,-0.299033,0.001169,0.000003,0.299036,nan,nan,nan,0,nan,nan,nan,0,nan,nan,nan,nan,nan,nan,nan,nan,nan,nan,nan,nan,nan,nan,nan,nan,nan,nan,nan,nan,nan,nan,nan,nan,nan,nan,nan,nan,nan,nan,nan,nan,nan,nan,nan,nan,nan,nan,nan,nan,nan,nan,nan,nan,nan,nan,nan,nan,nan,nan,3.000000,11.636079,7.720081,-8.706244,-0.247005,-0.168556,11.642952,7.720081,-8.706244,0.399996,9.700000,0.000000,0.299036,inf,1.000000,1.000000,0.000000,0.000000,0.000000,0.000000,0.000000,0.000000,0.000000,0.000000,0.000000,0.000000,16.000000,145.412760,0.102306,nan
31.780,TRACKING,11.641205,1.410497,-11.539851,0.599996,-0.275522,0.174665,0.000003,-36.194049,-60.811183,29.399876,8.299477,-5.625000,0.000104,0.000000,0.000000,-34.127596,-34.783552,-72.351034,29.999872,8.023955,-5.450335,0.000107,0.000000,0.000000,-34.186617,-34.783552,-72.351034,29.399872,6.617695,-4.495121,0.000104,0.000000,0.000000,0.000000,1.410497,-11.539851,0.599996,11.641205,-0.275522,0.174665,0.000003,0.326221,nan,nan,nan,0,nan,nan,nan,0,nan,nan,nan,nan,nan,nan,nan,nan,nan,nan,nan,nan,nan,nan,nan,nan,nan,nan,nan,nan,nan,nan,nan,nan,nan,nan,nan,nan,nan,nan,nan,nan,nan,nan,nan,nan,nan,nan,nan,nan,nan,nan,nan,nan,nan,nan,nan,nan,nan,nan,3.000000,11.625732,7.650908,-8.753357,-0.326058,-0.010328,11.632612,7.650908,-8.753357,0.399996,9.700000,-0.000000,0.326221,inf,1.000000,1.000000,0.000000,0.000000,0.000000,0.000000,0.000000,0.000000,0.000000,0.000000,0.000000,0.000000,16.000000,145.332962,0.096777,nan
31.840,TRACKING,11.622408,1.397823,-11.522433,0.599996,-0.253474,0.348362,0.000003,-35.778534,-61.098683,29.399881,8.310291,-5.750000,0.000100,0.000000,0.000000,-34.679871,-34.380711,-72.621116,29.999877,8.056817,-5.401638,0.000102,0.000000,0.000000,-33.839607,-34.380711,-72.621116,29.399877,6.644798,-4.454959,0.000100,0.000000,0.000000,0.000000,1.397823,-11.522433,0.599996,11.622408,-0.253474,0.348362,0.000003,0.430819,nan,nan,nan,0,nan,nan,nan,0,nan,nan,nan,nan,nan,nan,nan,nan,nan,nan,nan,nan,nan,nan,nan,nan,nan,nan,nan,nan,nan,nan,nan,nan,nan,nan,nan,nan,nan,nan,nan,nan,nan,nan,nan,nan,nan,nan,nan,nan,nan,nan,nan,nan,nan,nan,nan,nan,nan,nan,3.000000,11.606910,7.577528,-8.792124,-0.404527,0.148197,11.613800,7.577528,-8.792124,0.399996,9.700000,0.000000,0.430819,inf,1.000000,1.000000,0.000000,0.000000,0.000000,0.000000,0.000000,0.000000,0.000000,0.000000,0.000000,0.000000,16.000000,145.258407,0.089887,nan
31.880,TRACKING,11.595123,1.386183,-11.496320,0.599996,-0.232801,0.522257,0.000003,-35.362425,-61.392433,29.399886,8.322186,-5.875000,0.000096,0.000000,0.000000,-35.219965,-33.976242,-72.888753,29.999882,8.089384,-5.352743,0.000098,0.000000,0.000000,-33.492594,-33.976242,-72.888753,29.399882,6.671657,-4.414633,0.000096,0.000000,0.000000,0.000000,1.386183,-11.496320,0.599996,11.595123,-0.232801,0.522257,0.000003,0.571794,nan,nan,nan,0,nan,nan,nan,0,nan,nan,nan,nan,nan,nan,nan,nan,nan,nan,nan,nan,nan,nan,nan,nan,nan,nan,nan,nan,nan,nan,nan,nan,nan,nan,nan,nan,nan,nan,nan,nan,nan,nan,nan,nan,nan,nan,nan,nan,nan,nan,nan,nan,nan,nan,nan,nan,nan,nan,3.000000,11.579589,7.500022,-8.822502,-0.482343,0.307073,11.586495,7.500022,-8.822502,0.399996,9.700000,0.000000,0.571794,inf,1.000000,1.000000,0.000000,0.000000,0.000000,0.000000,0.000000,0.000000,0.000000,0.000000,0.000000,0.000000,16.000000,145.189176,0.081589,nan
31.940,TRACKING,11.559328,1.375512,-11.461502,0.599996,-0.213422,0.696349,0.000003,-34.945671,-61.692433,29.399891,8.335077,-6.000000,0.000092,0.000000,0.000000,-35.748203,-33.570159,-73.153935,29.999887,8.121655,-5.303651,0.000094,0.000000,0.000000,-33.145576,-33.570159,-73.153935,29.399887,6.698272,-4.374145,0.000092,0.000000,0.000000,0.000000,1.375512,-11.461502,0.599996,11.559328,-0.213422,0.696349,0.000003,0.728320,nan,nan,nan,0,nan,nan,nan,0,nan,nan,nan,nan,nan,nan,nan,nan,nan,nan,nan,nan,nan,nan,nan,nan,nan,nan,nan,nan,nan,nan,nan,nan,nan,nan,nan,nan,nan,nan,nan,nan,nan,nan,nan,nan,nan,nan,nan,nan,nan,nan,nan,nan,nan,nan,nan,nan,nan,nan,3.000000,11.543746,7.418479,-8.844447,-0.559436,0.466350,11.550674,7.418479,-8.844447,0.399996,9.700000,0.000000,0.728320,inf,1.000000,1.000000,0.000000,0.000000,0.000000,0.000000,0.000000,0.000000,0.000000,0.000000,0.000000,0.000000,16.000000,145.125354,0.071832,nan
31.980,TRACKING,11.515004,1.365749,-11.417970,0.599996,-0.195258,0.870636,0.000003,-34.528227,-61.998683,29.399895,8.348887,-6.125000,0.000088,0.000000,0.000000,-36.264917,-33.162478,-73.416654,29.999891,8.153629,-5.254364,0.000091,0.000000,0.000000,-32.798554,-33.162478,-73.416654,29.399891,6.724642,-4.333496,0.000088,0.000000,0.000000,0.000000,1.365749,-11.417970,0.599996,11.515004,-0.195258,0.870636,0.000003,0.892263,nan,nan,nan,0,nan,nan,nan,0,nan,nan,nan,nan,nan,nan,nan,nan,nan,nan,nan,nan,nan,nan,nan,nan,nan,nan,nan,nan,nan,nan,nan,nan,nan,nan,nan,nan,nan,nan,nan,nan,nan,nan,nan,nan,nan,nan,nan,nan,nan,nan,nan,nan,nan,nan,nan,nan,nan,nan,3.000000,11.499362,7.332988,-8.857912,-0.635742,0.626071,11.506316,7.332988,-8.857912,0.399996,9.700000,0.000000,0.892263,inf,1.000000,1.000000,0.000000,0.000000,0.000000,0.000000,0.000000,0.000000,0.000000,0.000000,0.000000,0.000000,16.000000,145.067029,0.060563,nan
32.040,TRACKING,11.462132,1.356837,-11.365715,0.599996,-0.178238,1.045117,0.000003,-34.110050,-62.311183,29.399899,8.363541,-6.250000,0.000084,0.000000,0.000000,-36.770436,-32.753213,-73.676898,29.999896,8.185303,-5.204883,0.000087,0.000000,0.000000,-32.451529,-32.753213,-73.676898,29.399896,6.750766,-4.292687,0.000085,0.000000,0.000000,0.000000,1.356837,-11.365715,0.599996,11.462132,-0.178238,1.045117,0.000003,1.060206,nan,nan,nan,0,nan,nan,nan,0,nan,nan,nan,nan,nan,nan,nan,nan,nan,nan,nan,nan,nan,nan,nan,nan,nan,nan,nan,nan,nan,nan,nan,nan,nan,nan,nan,nan,nan,nan,nan,nan,nan,nan,nan,nan,nan,nan,nan,nan,nan,nan,nan,nan,nan,nan,nan,nan,nan,nan,3.000000,11.446418,7.243644,-8.862850,-0.711200,0.786277,11.453404,7.243644,-8.862850,0.399996,9.700000,0.000000,1.060206,inf,1.000000,1.000000,0.000000,0.000000,0.000000,0.000000,0.000000,0.000000,0.000000,0.000000,0.000000,0.000000,16.000000,145.014296,0.047728,nan
32.080,TRACKING,11.400696,1.348723,-11.304725,0.599996,-0.162292,1.219788,0.000002,-33.691101,-62.629933,29.399903,8.378970,-6.375000,0.000081,0.000000,0.000000,-37.265088,-32.342379,-73.934658,29.999900,8.216678,-5.155212,0.000084,0.000000,0.000000,-32.104500,-32.342379,-73.934658,29.399900,6.776641,-4.251721,0.000081,0.000000,0.000000,0.000000,1.348723,-11.304725,0.599996,11.400696,-0.162292,1.219788,0.000002,1.230538,nan,nan,nan,0,nan,nan,nan,0,nan,nan,nan,nan,nan,nan,nan,nan,nan,nan,nan,nan,nan,nan,nan,nan,nan,nan,nan,nan,nan,nan,nan,nan,nan,nan,nan,nan,nan,nan,nan,nan,nan,nan,nan,nan,nan,nan,nan,nan,nan,nan,nan,nan,nan,nan,nan,nan,nan,nan,3.000000,11.384896,7.150543,-8.859210,-0.785750,0.947006,11.391921,7.150543,-8.859210,0.399996,9.700000,0.000000,1.230538,inf,1.000000,1.000000,0.000000,0.000000,0.000000,0.000000,0.000000,0.000000,0.000000,0.000000,0.000000,0.000000,16.000000,144.967252,0.033267,nan
32.140,TRACKING,11.330679,1.341355,-11.234993,0.599997,-0.147357,1.394650,0.000002,-33.271346,-62.954933,29.399907,8.395109,-6.500000,0.000078,0.000000,0.000000,-37.749200,-31.929991,-74.189926,29.999904,8.247751,-5.105350,0.000080,0.000000,0.000000,-31.757468,-31.929991,-74.189926,29.399904,6.802269,-4.210598,0.000078,0.000000,0.000000,0.000000,1.341355,-11.234993,0.599997,11.330679,-0.147357,1.394650,0.000002,1.402413,nan,nan,nan,0,nan,nan,nan,0,nan,nan,nan,nan,nan,nan,nan,nan,nan,nan,nan,nan,nan,nan,nan,nan,nan,nan,nan,nan,nan,nan,nan,nan,nan,nan,nan,nan,nan,nan,nan,nan,nan,nan,nan,nan,nan,nan,nan,nan,nan,nan,nan,nan,nan,nan,nan,nan,nan,nan,3.000000,11.314782,7.053787,-8.846942,-0.859334,1.108290,11.321850,7.053787,-8.846942,0.399997,9.700000,0.000000,1.402413,inf,1.000000,1.000000,0.000000,0.000000,0.000000,0.000000,0.000000,0.000000,0.000000,0.000000,0.000000,0.000000,16.000000,144.926000,0.017122,nan
32.180,TRACKING,11.252069,1.334686,-11.156508,0.599997,-0.133372,1.569699,0.000002,-32.850751,-63.286183,29.399911,8.411895,-6.625000,0.000075,0.000000,0.000000,-38.223093,-31.516065,-74.442691,29.999908,8.278522,-5.055301,0.000077,0.000000,0.000000,-31.410432,-31.516065,-74.442691,29.399908,6.827647,-4.169320,0.000075,0.000000,0.000000,0.000000,1.334686,-11.156508,0.599997,11.252069,-0.133372,1.569699,0.000002,1.575355,nan,nan,nan,0,nan,nan,nan,0,nan,nan,nan,nan,nan,nan,nan,nan,nan,nan,nan,nan,nan,nan,nan,nan,nan,nan,nan,nan,nan,nan,nan,nan,nan,nan,nan,nan,nan,nan,nan,nan,nan,nan,nan,nan,nan,nan,nan,nan,nan,nan,nan,nan,nan,nan,nan,nan,nan,nan,3.000000,11.236060,6.953478,-8.825996,-0.931900,1.270160,11.243178,6.953478,-8.825996,0.399997,9.700000,0.000000,1.575355,inf,1.000000,1.000000,0.000000,0.000000,0.000000,0.000000,0.000000,0.000000,0.000000,0.000000,0.000000,0.000000,17.000000,148.096417,0.466313,nan
32.240,TRACKING,11.164851,1.328672,-11.069261,0.599997,-0.120281,1.744934,0.000002,-32.429288,-63.623683,29.399915,8.429271,-6.750000,0.000072,0.000000,0.000000,-38.687084,-31.100615,-74.692944,29.999911,8.308990,-5.005066,0.000074,0.000000,0.000000,-31.063393,-31.100615,-74.692944,29.399911,6.852775,-4.127889,0.000072,0.000000,0.000000,0.000000,1.328672,-11.069261,0.599997,11.164851,-0.120281,1.744934,0.000002,1.749075,nan,nan,nan,0,nan,nan,nan,0,nan,nan,nan,nan,nan,nan,nan,nan,nan,nan,nan,nan,nan,nan,nan,nan,nan,nan,nan,nan,nan,nan,nan,nan,nan,nan,nan,nan,nan,nan,nan,nan,nan,nan,nan,nan,nan,nan,nan,nan,nan,nan,nan,nan,nan,nan,nan,nan,nan,nan,3.000000,11.148718,6.849722,-8.796319,-1.003394,1.432642,11.155891,6.849722,-8.796319,0.399997,9.700000,0.000000,1.749075,inf,1.000000,1.000000,0.000000,0.000000,0.000000,0.000000,0.000000,0.000000,0.000000,0.000000,0.000000,0.000000,17.000000,148.073809,0.440018,nan
32.280,TRACKING,11.069016,1.323271,-10.973243,0.599997,-0.108029,1.920354,0.000002,-32.006928,-63.967433,29.399918,8.447182,-6.875000,0.000069,0.000000,0.000000,-39.141485,-30.683658,-74.940677,29.999915,8.339153,-4.954646,0.000071,0.000000,0.000000,-30.716351,-30.683658,-74.940677,29.399915,6.877652,-4.086306,0.000069,0.000000,0.000000,0.000000,1.323271,-10.973243,0.599997,11.069016,-0.108029,1.920354,0.000002,1.923390,nan,nan,nan,0,nan,nan,nan,0,nan,nan,nan,nan,nan,nan,nan,nan,nan,nan,nan,nan,nan,nan,nan,nan,nan,nan,nan,nan,nan,nan,nan,nan,nan,nan,nan,nan,nan,nan,nan,nan,nan,nan,nan,nan,nan,nan,nan,nan,nan,nan,nan,nan,nan,nan,nan,nan,nan,nan,3.000000,11.052742,6.742629,-8.757858,-1.073767,1.595761,11.059978,6.742629,-8.757858,0.399997,9.700000,0.000000,1.923390,inf,1.000000,1.000000,0.000000,0.000000,0.000000,0.000000,0.000000,0.000000,0.000000,0.000000,0.000000,0.000000,17.000000,148.057791,0.411609,nan
32.340,TRACKING,10.964552,1.318442,-10.868446,0.599997,-0.096566,2.095955,0.000002,-31.583650,-64.317433,29.399921,8.465577,-7.000000,0.000066,0.000000,0.000000,-39.586599,-30.265207,-75.185879,29.999918,8.369011,-4.904045,0.000068,0.000000,0.000000,-30.369306,-30.265207,-75.185879,29.399918,6.902277,-4.044573,0.000066,0.000000,0.000000,0.000000,1.318442,-10.868446,0.599997,10.964552,-0.096566,2.095955,0.000002,2.098178,nan,nan,nan,0,nan,nan,nan,0,nan,nan,nan,nan,nan,nan,nan,nan,nan,nan,nan,nan,nan,nan,nan,nan,nan,nan,nan,nan,nan,nan,nan,nan,nan,nan,nan,nan,nan,nan,nan,nan,nan,nan,nan,nan,nan,nan,nan,nan,nan,nan,nan,nan,nan,nan,nan,nan,nan,nan,3.000000,10.948123,6.632310,-8.710561,-1.142971,1.759537,10.955428,6.632310,-8.710561,0.399997,9.700000,0.000000,2.098178,inf,1.000000,1.000000,0.000000,0.000000,0.000000,0.000000,0.000000,0.000000,0.000000,0.000000,0.000000,0.000000,17.000000,148.048470,0.381012,nan
32.380,TRACKING,10.851450,1.314150,-10.754859,0.599997,-0.085846,2.271737,0.000002,-31.159429,-64.673683,29.399924,8.484408,-7.125000,0.000063,0.000000,0.000000,-40.022725,-29.845279,-75.428542,29.999922,8.398562,-4.853263,0.000065,0.000000,0.000000,-30.022258,-29.845279,-75.428542,29.399922,6.926649,-4.002691,0.000064,0.000000,0.000000,0.000000,1.314150,-10.754859,0.599997,10.851450,-0.085846,2.271737,0.000002,2.273358,nan,nan,nan,0,nan,nan,nan,0,nan,nan,nan,nan,nan,nan,nan,nan,nan,nan,nan,nan,nan,nan,nan,nan,nan,nan,nan,nan,nan,nan,nan,nan,nan,nan,nan,nan,nan,nan,nan,nan,nan,nan,nan,nan,nan,nan,nan,nan,nan,nan,nan,nan,nan,nan,nan,nan,nan,nan,3.000000,10.834850,6.518879,-8.654374,-1.210961,1.923989,10.842231,6.518879,-8.654374,0.399997,9.700000,0.000000,2.273358,inf,1.000000,1.000000,0.000000,0.000000,0.000000,0.000000,0.000000,0.000000,0.000000,0.000000,0.000000,0.000000,17.000000,148.045956,0.348149,nan
32.440,TRACKING,10.729704,1.310359,-10.632474,0.599997,-0.075824,2.447697,0.000002,-30.734248,-65.036183,29.399927,8.503629,-7.250000,0.000061,0.000000,0.000000,-40.450153,-29.423889,-75.668657,29.999925,8.427804,-4.802303,0.000063,0.000000,0.000000,-29.675208,-29.423889,-75.668657,29.399925,6.950767,-3.960662,0.000061,0.000000,0.000000,0.000000,1.310359,-10.632474,0.599997,10.729704,-0.075824,2.447697,0.000002,2.448871,nan,nan,nan,0,nan,nan,nan,0,nan,nan,nan,nan,nan,nan,nan,nan,nan,nan,nan,nan,nan,nan,nan,nan,nan,nan,nan,nan,nan,nan,nan,nan,nan,nan,nan,nan,nan,nan,nan,nan,nan,nan,nan,nan,nan,nan,nan,nan,nan,nan,nan,nan,nan,nan,nan,nan,nan,nan,3.000000,10.712915,6.402454,-8.589244,-1.277692,2.089132,10.720380,6.402454,-8.589244,0.399997,9.700000,0.000000,2.448871,inf,1.000000,1.000000,0.000000,0.000000,0.000000,0.000000,0.000000,0.000000,0.000000,0.000000,0.000000,0.000000,17.000000,148.050360,0.312942,nan
32.480,TRACKING,10.599305,1.307036,-10.501282,0.599997,-0.066459,2.623834,0.000002,-30.308088,-65.404933,29.399930,8.523197,-7.375000,0.000058,0.000000,0.000000,-40.869165,-29.001052,-75.906215,29.999928,8.456738,-4.751166,0.000060,0.000000,0.000000,-29.328154,-29.001052,-75.906215,29.399928,6.974630,-3.918487,0.000059,0.000000,0.000000,0.000000,1.307036,-10.501282,0.599997,10.599305,-0.066459,2.623834,0.000002,2.624676,nan,nan,nan,0,nan,nan,nan,0,nan,nan,nan,nan,nan,nan,nan,nan,nan,nan,nan,nan,nan,nan,nan,nan,nan,nan,nan,nan,nan,nan,nan,nan,nan,nan,nan,nan,nan,nan,nan,nan,nan,nan,nan,nan,nan,nan,nan,nan,nan,nan,nan,nan,nan,nan,nan,nan,nan,nan,3.000000,10.582309,6.283154,-8.515119,-1.343123,2.254982,10.589866,6.283154,-8.515119,0.399997,9.700000,0.000000,2.624676,inf,1.000000,1.000000,0.000000,0.000000,0.000000,0.000000,0.000000,0.000000,0.000000,0.000000,0.000000,0.000000,17.000000,148.061797,0.275308,nan
32.540,TRACKING,10.460250,1.304150,-10.361275,0.599997,-0.057710,2.800146,0.000002,-29.880934,-65.779933,29.399933,8.543073,-7.500000,0.000056,0.000000,0.000000,-41.280035,-28.576784,-76.141208,29.999931,8.485362,-4.699854,0.000058,0.000000,0.000000,-28.981098,-28.576784,-76.141208,29.399931,6.998237,-3.876168,0.000056,0.000000,0.000000,0.000000,1.304150,-10.361275,0.599997,10.460250,-0.057710,2.800146,0.000002,2.800740,nan,nan,nan,0,nan,nan,nan,0,nan,nan,nan,nan,nan,nan,nan,nan,nan,nan,nan,nan,nan,nan,nan,nan,nan,nan,nan,nan,nan,nan,nan,nan,nan,nan,nan,nan,nan,nan,nan,nan,nan,nan,nan,nan,nan,nan,nan,nan,nan,nan,nan,nan,nan,nan,nan,nan,nan,nan,3.000000,10.443028,6.161100,-8.431944,-1.407214,2.421549,10.450685,6.161100,-8.431944,0.399997,9.700000,0.000000,2.800740,inf,1.000000,1.000000,0.000000,0.000000,0.000000,0.000000,0.000000,0.000000,0.000000,0.000000,0.000000,0.000000,17.000000,148.080379,0.235162,nan
32.580,TRACKING,10.312534,1.301673,-10.212443,0.599998,-0.049542,2.976630,0.000002,-29.452773,-66.161183,29.399936,8.563217,-7.625000,0.000054,0.000000,0.000000,-41.683031,-28.151100,-76.373627,29.999933,8.513675,-4.648370,0.000056,0.000000,0.000000,-28.634039,-28.151100,-76.373627,29.399933,7.021587,-3.833707,0.000054,0.000000,0.000000,0.000000,1.301673,-10.212443,0.599998,10.312534,-0.049542,2.976630,0.000002,2.977043,nan,nan,nan,0,nan,nan,nan,0,nan,nan,nan,nan,nan,nan,nan,nan,nan,nan,nan,nan,nan,nan,nan,nan,nan,nan,nan,nan,nan,nan,nan,nan,nan,nan,nan,nan,nan,nan,nan,nan,nan,nan,nan,nan,nan,nan,nan,nan,nan,nan,nan,nan,nan,nan,nan,nan,nan,nan,3.000000,10.295065,6.036416,-8.339666,-1.469924,2.588842,10.302832,6.036416,-8.339666,0.399998,9.700000,0.000000,2.977043,inf,1.000000,1.000000,0.000000,0.000000,0.000000,0.000000,0.000000,0.000000,0.000000,0.000000,0.000000,0.000000,17.000000,148.106225,0.192418,nan
32.640,TRACKING,10.156155,1.299577,-10.054779,0.599998,-0.041920,3.153286,0.000002,-29.023594,-66.548683,29.399938,8.583595,-7.750000,0.000051,0.000000,0.000000,-42.078408,-27.724016,-76.603462,29.999936,8.541675,-4.596714,0.000053,0.000000,0.000000,-28.286977,-27.724016,-76.603462,29.399936,7.044681,-3.791105,0.000052,0.000000,0.000000,0.000000,1.299577,-10.054779,0.599998,10.156155,-0.041920,3.153286,0.000002,3.153564,nan,nan,nan,0,nan,nan,nan,0,nan,nan,nan,nan,nan,nan,nan,nan,nan,nan,nan,nan,nan,nan,nan,nan,nan,nan,nan,nan,nan,nan,nan,nan,nan,nan,nan,nan,nan,nan,nan,nan,nan,nan,nan,nan,nan,nan,nan,nan,nan,nan,nan,nan,nan,nan,nan,nan,nan,nan,3.000000,10.138416,5.909228,-8.238234,-1.531219,2.756871,10.146304,5.909228,-8.238234,0.399998,9.700000,0.000000,3.153564,inf,1.000000,1.000000,0.000000,0.000000,0.000000,0.000000,0.000000,0.000000,0.000000,0.000000,0.000000,0.000000,17.000000,148.139450,0.146983,nan
32.680,TRACKING,9.991113,1.297837,-9.888274,0.599998,-0.034811,3.330110,0.000002,-28.593385,-66.942433,29.399941,8.604173,-7.875000,0.000049,0.000000,0.000000,-42.466419,-27.295548,-76.830707,29.999939,8.569363,-4.544890,0.000051,0.000000,0.000000,-27.939913,-27.295548,-76.830707,29.399939,7.067516,-3.748363,0.000050,0.000000,0.000000,0.000000,1.297837,-9.888274,0.599998,9.991113,-0.034811,3.330110,0.000002,3.330292,nan,nan,nan,0,nan,nan,nan,0,nan,nan,nan,nan,nan,nan,nan,nan,nan,nan,nan,nan,nan,nan,nan,nan,nan,nan,nan,nan,nan,nan,nan,nan,nan,nan,nan,nan,nan,nan,nan,nan,nan,nan,nan,nan,nan,nan,nan,nan,nan,nan,nan,nan,nan,nan,nan,nan,nan,nan,3.000000,9.973081,5.779665,-8.127596,-1.591061,2.925640,9.981099,5.779665,-8.127596,0.399998,9.700000,0.000000,3.330292,inf,1.000000,1.000000,0.000000,0.000000,0.000000,0.000000,0.000000,0.000000,0.000000,0.000000,0.000000,0.000000,17.000000,148.180172,0.098766,nan
32.740,TRACKING,9.817408,1.296428,-9.712919,0.599998,-0.028184,3.507102,0.000002,-28.162139,-67.342433,29.399943,8.624920,-8.000000,0.000047,0.000000,0.000000,-42.847303,-26.865712,-77.055352,29.999941,8.596736,-4.492898,0.000049,0.000000,0.000000,-27.592847,-26.865712,-77.055352,29.399941,7.090091,-3.705483,0.000048,0.000000,0.000000,0.000000,1.296428,-9.712919,0.599998,9.817408,-0.028184,3.507102,0.000002,3.507215,nan,nan,nan,0,nan,nan,nan,0,nan,nan,nan,nan,nan,nan,nan,nan,nan,nan,nan,nan,nan,nan,nan,nan,nan,nan,nan,nan,nan,nan,nan,nan,nan,nan,nan,nan,nan,nan,nan,nan,nan,nan,nan,nan,nan,nan,nan,nan,nan,nan,nan,nan,nan,nan,nan,nan,nan,nan,3.000000,9.799057,5.647856,-8.007699,-1.649417,3.095155,9.807217,5.647856,-8.007699,0.399998,9.700000,0.000000,3.507215,inf,1.000000,1.000000,0.000000,0.000000,0.000000,0.000000,0.000000,0.000000,0.000000,0.000000,0.000000,0.000000,17.000000,148.228511,0.047669,nan
32.780,TRACKING,9.635045,1.295327,-9.528706,0.599998,-0.022011,3.684258,0.000002,-27.729849,-67.748683,29.399946,8.645804,-8.125000,0.000046,0.000000,0.000000,-43.221296,-26.434522,-77.277389,29.999943,8.623794,-4.440742,0.000047,0.000000,0.000000,-27.245778,-26.434522,-77.277389,29.399943,7.112407,-3.662467,0.000046,0.000000,0.000000,0.000000,1.295327,-9.528706,0.599998,9.635045,-0.022011,3.684258,0.000002,3.684324,nan,nan,nan,0,nan,nan,nan,0,nan,nan,nan,nan,nan,nan,nan,nan,nan,nan,nan,nan,nan,nan,nan,nan,nan,nan,nan,nan,nan,nan,nan,nan,nan,nan,nan,nan,nan,nan,nan,nan,nan,nan,nan,nan,nan,nan,nan,nan,nan,nan,nan,nan,nan,nan,nan,nan,nan,nan,3.000000,9.616346,5.513933,-7.878493,-1.706253,3.265417,9.624661,5.513933,-7.878493,0.399998,9.700000,0.000000,3.684324,inf,1.000000,1.000000,0.000000,0.000000,0.000000,0.000000,0.000000,0.000000,0.000000,0.000000,0.000000,0.000000,18.000000,151.026010,0.414839,nan
32.840,TRACKING,9.444029,1.294514,-9.335627,0.599998,-0.016264,3.861579,0.000002,-27.296509,-68.161183,29.399948,8.666799,-8.250000,0.000044,0.000000,0.000000,-43.588621,-26.001995,-77.496810,29.999946,8.650535,-4.388421,0.000045,0.000000,0.000000,-26.898707,-26.001995,-77.496810,29.399946,7.134462,-3.619317,0.000044,0.000000,0.000000,0.000000,1.294514,-9.335627,0.599998,9.444029,-0.016264,3.861579,0.000002,3.861613,nan,nan,nan,0,nan,nan,nan,0,nan,nan,nan,nan,nan,nan,nan,nan,nan,nan,nan,nan,nan,nan,nan,nan,nan,nan,nan,nan,nan,nan,nan,nan,nan,nan,nan,nan,nan,nan,nan,nan,nan,nan,nan,nan,nan,nan,nan,nan,nan,nan,nan,nan,nan,nan,nan,nan,nan,nan,3.000000,9.424950,5.378031,-7.739927,-1.761539,3.436427,9.433435,5.378031,-7.739927,0.399998,9.700000,-0.000000,3.861613,inf,1.000000,1.000000,0.000000,0.000000,0.000000,0.000000,0.000000,0.000000,0.000000,0.000000,0.000000,0.000000,18.000000,151.101582,0.347705,nan
32.880,TRACKING,9.244368,1.293968,-9.133674,0.599998,-0.010919,4.039060,0.000002,-26.862115,-68.579933,29.399950,8.687878,-8.375000,0.000042,0.000000,0.000000,-43.949497,-25.568147,-77.713607,29.999948,8.676959,-4.335940,0.000043,0.000000,0.000000,-26.551634,-25.568147,-77.713607,29.399948,7.156255,-3.576033,0.000042,0.000000,0.000000,0.000000,1.293968,-9.133674,0.599998,9.244368,-0.010919,4.039060,0.000002,4.039075,nan,nan,nan,0,nan,nan,nan,0,nan,nan,nan,nan,nan,nan,nan,nan,nan,nan,nan,nan,nan,nan,nan,nan,nan,nan,nan,nan,nan,nan,nan,nan,nan,nan,nan,nan,nan,nan,nan,nan,nan,nan,nan,nan,nan,nan,nan,nan,nan,nan,nan,nan,nan,nan,nan,nan,nan,nan,3.000000,9.224877,5.240285,-7.591953,-1.815244,3.608187,9.233545,5.240285,-7.591953,0.399998,9.700000,0.000000,4.039075,inf,1.000000,1.000000,0.000000,0.000000,0.000000,0.000000,0.000000,0.000000,0.000000,0.000000,0.000000,0.000000,18.000000,151.185473,0.277104,nan
32.940,TRACKING,9.036074,1.293670,-8.922839,0.599998,-0.005951,4.216701,0.000001,-26.426664,-69.004933,29.399952,8.709017,-8.500000,0.000040,0.000000,0.000000,-44.304134,-25.132994,-77.927772,29.999950,8.703065,-4.283299,0.000042,0.000000,0.000000,-26.204559,-25.132994,-77.927772,29.399950,7.177786,-3.532618,0.000041,0.000000,0.000000,0.000000,1.293670,-8.922839,0.599998,9.036074,-0.005951,4.216701,0.000001,4.216705,nan,nan,nan,0,nan,nan,nan,0,nan,nan,nan,nan,nan,nan,nan,nan,nan,nan,nan,nan,nan,nan,nan,nan,nan,nan,nan,nan,nan,nan,nan,nan,nan,nan,nan,nan,nan,nan,nan,nan,nan,nan,nan,nan,nan,nan,nan,nan,nan,nan,nan,nan,nan,nan,nan,nan,nan,nan,3.000000,9.016132,5.100833,-7.434523,-1.867339,3.780694,9.025000,5.100833,-7.434523,0.399998,9.700000,0.000000,4.216705,inf,1.000000,1.000000,0.000000,0.000000,0.000000,0.000000,0.000000,0.000000,0.000000,0.000000,0.000000,0.000000,18.000000,151.277791,0.202921,nan
32.980,TRACKING,8.819161,1.293603,-8.703114,0.599998,-0.001338,4.394499,0.000001,-25.990155,-69.436183,29.399954,8.730190,-8.625000,0.000039,0.000000,0.000000,-44.652733,-24.696551,-78.139297,29.999952,8.728852,-4.230501,0.000040,0.000000,0.000000,-25.857481,-24.696551,-78.139297,29.399952,7.199053,-3.489073,0.000039,0.000000,0.000000,0.000000,1.293603,-8.703114,0.599998,8.819161,-0.001338,4.394499,0.000001,4.394499,nan,nan,nan,0,nan,nan,nan,0,nan,nan,nan,nan,nan,nan,nan,nan,nan,nan,nan,nan,nan,nan,nan,nan,nan,nan,nan,nan,nan,nan,nan,nan,nan,nan,nan,nan,nan,nan,nan,nan,nan,nan,nan,nan,nan,nan,nan,nan,nan,nan,nan,nan,nan,nan,nan,nan,nan,nan,3.000000,8.798727,4.959815,-7.267588,-1.917795,3.953946,8.807814,4.959815,-7.267588,0.399998,9.700000,0.000000,4.394499,inf,1.000000,1.000000,0.000000,0.000000,0.000000,0.000000,0.000000,0.000000,0.000000,0.000000,0.000000,0.000000,18.000000,151.378648,0.125039,nan
33.040,TRACKING,8.593648,1.293750,-8.474491,0.599998,0.002942,4.572453,0.000001,-25.552586,-69.873683,29.399956,8.751377,-8.750000,0.000037,0.000000,0.000000,-44.995491,-24.258835,-78.348174,29.999954,8.754319,-4.177547,0.000038,0.000000,0.000000,-25.510402,-24.258835,-78.348174,29.399954,7.220057,-3.445400,0.000037,0.000000,0.000000,0.000000,1.293750,-8.474491,0.599998,8.593648,0.002942,4.572453,0.000001,4.572454,nan,nan,nan,0,nan,nan,nan,0,nan,nan,nan,nan,nan,nan,nan,nan,nan,nan,nan,nan,nan,nan,nan,nan,nan,nan,nan,nan,nan,nan,nan,nan,nan,nan,nan,nan,nan,nan,nan,nan,nan,nan,nan,nan,nan,nan,nan,nan,nan,nan,nan,nan,nan,nan,nan,nan,nan,nan,3.000000,8.572677,4.817370,-7.091102,-1.966586,4.127938,8.582004,4.817370,-7.091102,0.399998,9.700000,0.000000,4.572454,inf,1.000000,1.000000,0.000000,0.000000,0.000000,0.000000,0.000000,0.000000,0.000000,0.000000,0.000000,0.000000,18.000000,151.488150,0.043336,nan
33.080,TRACKING,8.359560,1.294096,-8.236963,0.599998,0.006907,4.750560,0.000001,-25.113958,-70.317433,29.399957,8.772557,-8.875000,0.000036,0.000000,0.000000,-45.332594,-23.819862,-78.554396,29.999956,8.779465,-4.124440,0.000037,0.000000,0.000000,-25.163321,-23.819862,-78.554396,29.399956,7.240796,-3.401600,0.000036,0.000000,0.000000,0.000000,1.294096,-8.236963,0.599998,8.359560,0.006907,4.750560,0.000001,4.750565,nan,nan,nan,0,nan,nan,nan,0,nan,nan,nan,nan,nan,nan,nan,nan,nan,nan,nan,nan,nan,nan,nan,nan,nan,nan,nan,nan,nan,nan,nan,nan,nan,nan,nan,nan,nan,nan,nan,nan,nan,nan,nan,nan,nan,nan,nan,nan,nan,nan,nan,nan,nan,nan,nan,nan,nan,nan,3.000000,8.338000,4.673642,-6.905021,-2.013686,4.302666,8.347589,4.673642,-6.905021,0.399998,9.700000,0.000000,4.750565,inf,1.000000,1.000000,0.000000,0.000000,0.000000,0.000000,0.000000,0.000000,0.000000,0.000000,0.000000,0.000000,19.000000,153.833795,0.724707,nan
33.140,TRACKING,8.116926,1.294625,-7.990522,0.599998,0.010578,4.928819,0.000001,-24.674272,-70.767433,29.399959,8.793710,-9.000000,0.000034,0.000000,0.000000,-45.664223,-23.379648,-78.757955,29.999957,8.804288,-4.071181,0.000035,0.000000,0.000000,-24.816238,-23.379648,-78.757955,29.399957,7.261269,-3.357675,0.000034,0.000000,0.000000,0.000000,1.294625,-7.990522,0.599998,8.116926,0.010578,4.928819,0.000001,4.928831,nan,nan,nan,0,nan,nan,nan,0,nan,nan,nan,nan,nan,nan,nan,nan,nan,nan,nan,nan,nan,nan,nan,nan,nan,nan,nan,nan,nan,nan,nan,nan,nan,nan,nan,nan,nan,nan,nan,nan,nan,nan,nan,nan,nan,nan,nan,nan,nan,nan,nan,nan,nan,nan,nan,nan,nan,nan,3.000000,8.094720,4.528774,-6.709300,-2.059071,4.478125,8.104597,4.528774,-6.709300,0.399998,9.700000,0.000000,4.928831,inf,1.000000,1.000000,0.000000,0.000000,0.000000,0.000000,0.000000,0.000000,0.000000,0.000000,0.000000,0.000000,19.000000,153.973863,0.705791,nan
33.180,TRACKING,7.865785,1.295323,-7.735161,0.599998,0.013971,5.107228,0.000001,-24.233531,-71.223683,29.399961,8.814818,-9.125000,0.000033,0.000000,0.000000,-45.990553,-22.938208,-78.958844,29.999959,8.828789,-4.017772,0.000034,0.000000,0.000000,-24.469153,-22.938208,-78.958844,29.399959,7.281475,-3.313626,0.000033,0.000000,0.000000,0.000000,1.295323,-7.735161,0.599998,7.865785,0.013971,5.107228,0.000001,5.107247,nan,nan,nan,0,nan,nan,nan,0,nan,nan,nan,nan,nan,nan,nan,nan,nan,nan,nan,nan,nan,nan,nan,nan,nan,nan,nan,nan,nan,nan,nan,nan,nan,nan,nan,nan,nan,nan,nan,nan,nan,nan,nan,nan,nan,nan,nan,nan,nan,nan,nan,nan,nan,nan,nan,nan,nan,nan,3.000000,7.842868,4.382912,-6.503895,-2.102715,4.654306,7.853061,4.382912,-6.503895,0.399998,9.700000,0.000000,5.107247,inf,1.000000,1.000000,0.000000,0.000000,0.000000,0.000000,0.000000,0.000000,0.000000,0.000000,0.000000,0.000000,19.000000,154.123138,0.685631,nan
33.240,TRACKING,7.606181,1.296178,-7.470871,0.599998,0.017102,5.285785,0.000001,-23.791738,-71.686183,29.399962,8.835863,-9.250000,0.000031,0.000000,0.000000,-46.311751,-22.495560,-79.157055,29.999961,8.852965,-3.964215,0.000033,0.000000,0.000000,-24.122066,-22.495560,-79.157055,29.399961,7.301415,-3.269456,0.000032,0.000000,0.000000,0.000000,1.296178,-7.470871,0.599998,7.606181,0.017102,5.285785,0.000001,5.285812,nan,nan,nan,0,nan,nan,nan,0,nan,nan,nan,nan,nan,nan,nan,nan,nan,nan,nan,nan,nan,nan,nan,nan,nan,nan,nan,nan,nan,nan,nan,nan,nan,nan,nan,nan,nan,nan,nan,nan,nan,nan,nan,nan,nan,nan,nan,nan,nan,nan,nan,nan,nan,nan,nan,nan,nan,nan,3.000000,7.582480,4.236202,-6.288767,-2.144596,4.831203,7.593023,4.236202,-6.288767,0.399998,9.700000,0.000000,5.285812,inf,1.000000,1.000000,0.000000,0.000000,0.000000,0.000000,0.000000,0.000000,0.000000,0.000000,0.000000,0.000000,19.000000,154.281716,0.664216,nan
33.280,TRACKING,7.338174,1.297178,-7.197647,0.599999,0.019989,5.464487,0.000001,-23.348897,-72.154933,29.399964,8.856829,-9.375000,0.000030,0.000000,0.000000,-46.627979,-22.051719,-79.352580,29.999962,8.876817,-3.910513,0.000031,0.000000,0.000000,-23.774978,-22.051719,-79.352580,29.399962,7.321087,-3.225165,0.000030,0.000000,0.000000,0.000000,1.297178,-7.197647,0.599999,7.338174,0.019989,5.464487,0.000001,5.464524,nan,nan,nan,0,nan,nan,nan,0,nan,nan,nan,nan,nan,nan,nan,nan,nan,nan,nan,nan,nan,nan,nan,nan,nan,nan,nan,nan,nan,nan,nan,nan,nan,nan,nan,nan,nan,nan,nan,nan,nan,nan,nan,nan,nan,nan,nan,nan,nan,nan,nan,nan,nan,nan,nan,nan,nan,nan,3.000000,7.313603,4.088794,-6.063873,-2.184692,5.008806,7.324534,4.088794,-6.063873,0.399999,9.700000,0.000000,5.464524,inf,1.000000,1.000000,0.000000,0.000000,0.000000,0.000000,0.000000,0.000000,0.000000,0.000000,0.000000,0.000000,19.000000,154.449687,0.641531,nan
33.340,TRACKING,7.061832,1.298310,-6.915480,0.599999,0.022644,5.643333,0.000001,-22.905012,-72.629933,29.399965,8.877700,-9.500000,0.000029,0.000000,0.000000,-46.939391,-21.606702,-79.545414,29.999964,8.900344,-3.856667,0.000030,0.000000,0.000000,-23.427888,-21.606702,-79.545414,29.399964,7.340490,-3.180756,0.000029,0.000000,0.000000,0.000000,1.298310,-6.915480,0.599999,7.061832,0.022644,5.643333,0.000001,5.643378,nan,nan,nan,0,nan,nan,nan,0,nan,nan,nan,nan,nan,nan,nan,nan,nan,nan,nan,nan,nan,nan,nan,nan,nan,nan,nan,nan,nan,nan,nan,nan,nan,nan,nan,nan,nan,nan,nan,nan,nan,nan,nan,nan,nan,nan,nan,nan,nan,nan,nan,nan,nan,nan,nan,nan,nan,nan,3.000000,7.036297,3.940836,-5.829176,-2.222981,5.187107,7.047658,3.940836,-5.829176,0.399999,9.700000,0.000000,5.643378,inf,1.000000,1.000000,0.000000,0.000000,0.000000,0.000000,0.000000,0.000000,0.000000,0.000000,0.000000,0.000000,19.000000,154.627142,0.617566,nan
33.380,TRACKING,6.777246,1.299564,-6.624364,0.599999,0.025082,5.822321,0.000001,-22.460089,-73.111183,29.399967,8.898462,-9.625000,0.000028,0.000000,0.000000,-47.246138,-21.160525,-79.735548,29.999965,8.923544,-3.802679,0.000029,0.000000,0.000000,-23.080796,-21.160525,-79.735548,29.399965,7.359624,-3.136230,0.000028,0.000000,0.000000,0.000000,1.299564,-6.624364,0.599999,6.777246,0.025082,5.822321,0.000001,5.822375,nan,nan,nan,0,nan,nan,nan,0,nan,nan,nan,nan,nan,nan,nan,nan,nan,nan,nan,nan,nan,nan,nan,nan,nan,nan,nan,nan,nan,nan,nan,nan,nan,nan,nan,nan,nan,nan,nan,nan,nan,nan,nan,nan,nan,nan,nan,nan,nan,nan,nan,nan,nan,nan,nan,nan,nan,nan,3.000000,6.750635,3.792479,-5.584637,-2.259443,5.366094,6.762475,3.792479,-5.584637,0.399999,9.700000,0.000000,5.822375,inf,1.000000,1.000000,0.000000,0.000000,0.000000,0.000000,0.000000,0.000000,0.000000,0.000000,0.000000,0.000000,19.000000,154.814172,0.592307,nan
33.440,TRACKING,6.484527,1.300930,-6.324292,0.599999,0.027316,6.001448,0.000001,-22.014134,-73.598683,29.399968,8.919100,-9.750000,0.000027,0.000000,0.000000,-47.548363,-20.713204,-79.922975,29.999967,8.946416,-3.748552,0.000028,0.000000,0.000000,-22.733703,-20.713204,-79.922975,29.399967,7.378487,-3.091589,0.000027,0.000000,0.000000,0.000000,1.300930,-6.324292,0.599999,6.484527,0.027316,6.001448,0.000001,6.001510,nan,nan,nan,0,nan,nan,nan,0,nan,nan,nan,nan,nan,nan,nan,nan,nan,nan,nan,nan,nan,nan,nan,nan,nan,nan,nan,nan,nan,nan,nan,nan,nan,nan,nan,nan,nan,nan,nan,nan,nan,nan,nan,nan,nan,nan,nan,nan,nan,nan,nan,nan,nan,nan,nan,nan,nan,nan,3.000000,6.456709,3.643876,-5.330221,-2.294058,5.545757,6.469087,3.643876,-5.330221,0.399999,9.700000,0.000000,6.001510,inf,1.000000,1.000000,0.000000,0.000000,0.000000,0.000000,0.000000,0.000000,0.000000,0.000000,0.000000,0.000000,19.000000,155.010861,0.565744,nan
33.480,TRACKING,6.183813,1.302398,-6.015256,0.599999,0.029357,6.180714,0.000001,-21.567154,-74.092433,29.399969,8.939603,-9.875000,0.000026,0.000000,0.000000,-47.846204,-20.264756,-80.107689,29.999968,8.968960,-3.694286,0.000027,0.000000,0.000000,-22.386608,-20.264756,-80.107689,29.399968,7.397081,-3.046834,0.000026,0.000000,0.000000,0.000000,1.302398,-6.015256,0.599999,6.183813,0.029357,6.180714,0.000001,6.180783,nan,nan,nan,0,nan,nan,nan,0,nan,nan,nan,nan,nan,nan,nan,nan,nan,nan,nan,nan,nan,nan,nan,nan,nan,nan,nan,nan,nan,nan,nan,nan,nan,nan,nan,nan,nan,nan,nan,nan,nan,nan,nan,nan,nan,nan,nan,nan,nan,nan,nan,nan,nan,nan,nan,nan,nan,nan,3.000000,6.154636,3.495179,-5.065893,-2.326807,5.726085,6.167621,3.495179,-5.065893,0.399999,9.700000,-0.000000,6.180783,inf,1.000000,1.000000,0.000000,0.000000,0.000000,0.000000,0.000000,0.000000,0.000000,0.000000,0.000000,0.000000,19.000000,155.217297,0.537865,nan
33.540,TRACKING,5.875285,1.303959,-5.697251,0.599999,0.031218,6.360115,0.000001,-21.119156,-74.592433,29.399971,8.959958,-10.000000,0.000025,0.000000,0.000000,-48.139794,-19.815197,-80.289684,29.999969,8.991175,-3.639885,0.000026,0.000000,0.000000,-22.039512,-19.815197,-80.289684,29.399969,7.415402,-3.001967,0.000025,0.000000,0.000000,0.000000,1.303959,-5.697251,0.599999,5.875285,0.031218,6.360115,0.000001,6.360191,nan,nan,nan,0,nan,nan,nan,0,nan,nan,nan,nan,nan,nan,nan,nan,nan,nan,nan,nan,nan,nan,nan,nan,nan,nan,nan,nan,nan,nan,nan,nan,nan,nan,nan,nan,nan,nan,nan,nan,nan,nan,nan,nan,nan,nan,nan,nan,nan,nan,nan,nan,nan,nan,nan,nan,nan,nan,3.000000,5.844568,3.346542,-4.791621,-2.357671,5.907066,5.858240,3.346542,-4.791621,0.399999,9.700000,-0.000000,6.360191,inf,1.000000,1.000000,0.000000,0.000000,0.000000,0.000000,0.000000,0.000000,0.000000,0.000000,0.000000,0.000000,19.000000,155.433563,0.508658,nan
33.580,TRACKING,5.571247,1.305604,-5.382768,0.599999,0.032908,6.289650,0.000001,-20.670148,-75.086183,29.399972,8.980153,-9.875000,0.000024,0.000000,0.000000,-47.717164,-19.364544,-80.468951,29.999971,9.013061,-3.585350,0.000025,0.000000,0.000000,-21.692414,-19.364544,-80.468951,29.399971,7.433452,-2.956990,0.000024,0.000000,0.000000,0.000000,1.305604,-5.382768,0.599999,5.571247,0.032908,6.289650,0.000001,6.289736,nan,nan,nan,0,nan,nan,nan,0,nan,nan,nan,nan,nan,nan,nan,nan,nan,nan,nan,nan,nan,nan,nan,nan,nan,nan,nan,nan,nan,nan,nan,nan,nan,nan,nan,nan,nan,nan,nan,nan,nan,nan,nan,nan,nan,nan,nan,nan,nan,nan,nan,nan,nan,nan,nan,nan,nan,nan,3.000000,5.538844,3.202742,-4.518986,-2.294226,5.856390,5.553269,3.202742,-4.518986,0.399999,9.700000,0.000000,6.289736,inf,1.000000,1.000000,0.000000,0.000000,0.000000,0.000000,0.000000,0.000000,0.000000,0.000000,0.000000,0.000000,19.000000,155.659741,0.478113,nan
33.640,TRACKING,5.271838,1.307326,-5.071802,0.599999,0.034438,6.219317,0.000001,-20.220139,-75.573683,29.399973,9.000177,-9.750000,0.000023,0.000000,0.000000,-47.290049,-18.912813,-80.645485,29.999972,9.034615,-3.530683,0.000024,0.000000,0.000000,-21.345315,-18.912813,-80.645485,29.399972,7.451229,-2.911904,0.000023,0.000000,0.000000,0.000000,1.307326,-5.071802,0.599999,5.271838,0.034438,6.219317,0.000001,6.219412,nan,nan,nan,0,nan,nan,nan,0,nan,nan,nan,nan,nan,nan,nan,nan,nan,nan,nan,nan,nan,nan,nan,nan,nan,nan,nan,nan,nan,nan,nan,nan,nan,nan,nan,nan,nan,nan,nan,nan,nan,nan,nan,nan,nan,nan,nan,nan,nan,nan,nan,nan,nan,nan,nan,nan,nan,nan,3.000000,5.237583,3.063723,-4.248044,-2.231680,5.805229,5.252835,3.063723,-4.248044,0.399999,9.700000,-0.000000,6.219412,inf,1.000000,1.000000,0.000000,0.000000,0.000000,0.000000,0.000000,0.000000,0.000000,0.000000,0.000000,0.000000,19.000000,155.885880,0.447573,nan
33.680,TRACKING,4.977226,1.309117,-4.764347,0.599999,0.035818,6.149113,0.000001,-19.769138,-76.054933,29.399974,9.020020,-9.625000,0.000022,0.000000,0.000000,-46.858439,-18.460021,-80.819280,29.999973,9.055838,-3.475887,0.000023,0.000000,0.000000,-20.998215,-18.460021,-80.819280,29.399973,7.468733,-2.866711,0.000022,0.000000,0.000000,0.000000,1.309117,-4.764347,0.599999,4.977226,0.035818,6.149113,0.000001,6.149217,nan,nan,nan,0,nan,nan,nan,0,nan,nan,nan,nan,nan,nan,nan,nan,nan,nan,nan,nan,nan,nan,nan,nan,nan,nan,nan,nan,nan,nan,nan,nan,nan,nan,nan,nan,nan,nan,nan,nan,nan,nan,nan,nan,nan,nan,nan,nan,nan,nan,nan,nan,nan,nan,nan,nan,nan,nan,3.000000,4.940930,2.929431,-3.978846,-2.170027,5.753595,4.957094,2.929431,-3.978846,0.399999,9.700000,0.000000,6.149217,inf,1.000000,1.000000,0.000000,0.000000,0.000000,0.000000,0.000000,0.000000,0.000000,0.000000,0.000000,0.000000,19.000000,156.111894,0.417050,nan
33.740,TRACKING,4.686912,1.309870,-4.459976,0.599999,0.015061,6.087404,0.000001,-19.317155,-76.529933,29.399975,9.039673,-9.500000,0.000021,0.000000,0.000000,-46.422322,-18.007285,-80.989910,29.999974,9.054734,-3.412596,0.000022,0.000000,0.000000,-20.650688,-18.007285,-80.989910,29.399974,7.485983,-2.821357,0.000021,0.000000,0.000000,0.000000,1.309870,-4.459976,0.599999,4.686912,0.015061,6.087404,0.000001,6.087423,nan,nan,nan,0,nan,nan,nan,0,nan,nan,nan,nan,nan,nan,nan,nan,nan,nan,nan,nan,nan,nan,nan,nan,nan,nan,nan,nan,nan,nan,nan,nan,nan,nan,nan,nan,nan,nan,nan,nan,nan,nan,nan,nan,nan,nan,nan,nan,nan,nan,nan,nan,nan,nan,nan,nan,nan,nan,3.000000,4.648349,2.798606,-3.711462,-2.132749,5.701587,4.665528,2.798606,-3.711462,0.399999,9.676467,0.000000,6.087423,inf,1.000000,1.000000,0.000000,0.000000,0.000000,0.000000,0.000000,0.000000,0.000000,0.000000,0.000000,0.000000,19.000000,156.337696,0.386555,nan
33.780,TRACKING,4.397924,1.304715,-4.156856,0.599999,-0.103093,6.062404,0.000001,-18.864263,-76.998683,29.399976,9.057827,-9.375000,0.000020,0.000000,0.000000,-45.985789,-17.559548,-81.155539,29.999975,8.954734,-3.312596,0.000021,0.000000,0.000000,-20.300784,-17.559548,-81.155539,29.399975,7.503074,-2.775588,0.000020,0.000000,0.000000,0.000000,1.304715,-4.156856,0.599999,4.397924,-0.103093,6.062404,0.000001,6.063280,nan,nan,nan,0,nan,nan,nan,0,nan,nan,nan,nan,nan,nan,nan,nan,nan,nan,nan,nan,nan,nan,nan,nan,nan,nan,nan,nan,nan,nan,nan,nan,nan,nan,nan,nan,nan,nan,nan,nan,nan,nan,nan,nan,nan,nan,nan,nan,nan,nan,nan,nan,nan,nan,nan,nan,nan,nan,3.000000,4.356803,2.665887,-3.445981,-2.200031,5.650065,4.375127,2.665887,-3.445981,0.399999,9.547804,0.000000,6.063280,inf,1.000000,1.000000,0.000000,0.000000,0.000000,0.000000,0.000000,0.000000,0.000000,0.000000,0.000000,0.000000,19.000000,156.562952,0.356134,nan
33.840,TRACKING,4.110400,1.294015,-3.854986,0.599999,-0.213998,6.037404,0.000001,-18.410827,-77.461183,29.399977,9.068732,-9.250000,0.000019,0.000000,0.000000,-45.566937,-17.116811,-81.316169,29.999976,8.854734,-3.212596,0.000020,0.000000,0.000000,-19.941335,-17.116811,-81.316169,29.399976,7.520339,-2.728462,0.000019,0.000000,0.000000,0.000000,1.294015,-3.854986,0.599999,4.110400,-0.213998,6.037404,0.000001,6.041195,nan,nan,nan,0,nan,nan,nan,0,nan,nan,nan,nan,nan,nan,nan,nan,nan,nan,nan,nan,nan,nan,nan,nan,nan,nan,nan,nan,nan,nan,nan,nan,nan,nan,nan,nan,nan,nan,nan,nan,nan,nan,nan,nan,nan,nan,nan,nan,nan,nan,nan,nan,nan,nan,nan,nan,nan,nan,3.000000,4.066373,2.531202,-3.182516,-2.260271,5.602430,4.085999,2.531202,-3.182516,0.399999,9.419506,-0.000000,6.041195,inf,1.000000,1.000000,0.000000,0.000000,0.000000,0.000000,0.000000,0.000000,0.000000,0.000000,0.000000,0.000000,19.000000,156.786495,0.325944,nan
33.880,TRACKING,3.824531,1.278094,-3.554366,0.599999,-0.318423,6.012404,0.000001,-17.957169,-77.917433,29.399978,9.073157,-9.125000,0.000019,0.000000,0.000000,-45.163224,-16.679075,-81.471799,29.999977,8.754734,-3.112596,0.000019,0.000000,0.000000,-19.571974,-16.679075,-81.471799,29.399977,7.537771,-2.679926,0.000019,0.000000,0.000000,0.000000,1.278094,-3.554366,0.599999,3.824531,-0.318423,6.012404,0.000001,6.020830,nan,nan,nan,0,nan,nan,nan,0,nan,nan,nan,nan,nan,nan,nan,nan,nan,nan,nan,nan,nan,nan,nan,nan,nan,nan,nan,nan,nan,nan,nan,nan,nan,nan,nan,nan,nan,nan,nan,nan,nan,nan,nan,nan,nan,nan,nan,nan,nan,nan,nan,nan,nan,nan,nan,nan,nan,nan,3.000000,3.777174,2.394927,-2.920850,-2.314124,5.558347,3.798294,2.394927,-2.920850,0.399999,9.291589,0.000000,6.020830,inf,1.000000,1.000000,0.000000,0.000000,0.000000,0.000000,0.000000,0.000000,0.000000,0.000000,0.000000,0.000000,19.000000,157.008422,0.295973,nan
33.940,TRACKING,3.540578,1.257257,-3.254996,0.599999,-0.416750,5.987404,0.000001,-17.503595,-78.367433,29.399979,9.071484,-9.000000,0.000018,0.000000,0.000000,-44.773359,-16.246338,-81.622429,29.999978,8.654734,-3.012596,0.000018,0.000000,0.000000,-19.192317,-16.246338,-81.622429,29.399978,7.555364,-2.629926,0.000018,0.000000,0.000000,0.000000,1.257257,-3.254996,0.599999,3.540578,-0.416750,5.987404,0.000001,6.001890,nan,nan,nan,0,nan,nan,nan,0,nan,nan,nan,nan,nan,nan,nan,nan,nan,nan,nan,nan,nan,nan,nan,nan,nan,nan,nan,nan,nan,nan,nan,nan,nan,nan,nan,nan,nan,nan,nan,nan,nan,nan,nan,nan,nan,nan,nan,nan,nan,nan,nan,nan,nan,nan,nan,nan,nan,nan,3.000000,3.489368,2.257426,-2.660774,-2.361887,5.517624,3.512220,2.257426,-2.660774,0.399999,9.164069,0.000000,6.001890,inf,1.000000,1.000000,0.000000,0.000000,0.000000,0.000000,0.000000,0.000000,0.000000,0.000000,0.000000,0.000000,19.000000,157.228803,0.266211,nan
33.980,TRACKING,3.258898,1.231790,-2.956875,0.599999,-0.509338,5.962404,0.000001,-17.050391,-78.811183,29.399980,9.064072,-8.875000,0.000017,0.000000,0.000000,-44.396144,-15.818601,-81.768059,29.999979,8.554734,-2.912596,0.000018,0.000000,0.000000,-18.801962,-15.818601,-81.768059,29.399979,7.573106,-2.579920,0.000017,0.000000,0.000000,0.000000,1.231790,-2.956875,0.599999,3.258898,-0.509338,5.962404,0.000001,5.984119,nan,nan,nan,0,nan,nan,nan,0,nan,nan,nan,nan,nan,nan,nan,nan,nan,nan,nan,nan,nan,nan,nan,nan,nan,nan,nan,nan,nan,nan,nan,nan,nan,nan,nan,nan,nan,nan,nan,nan,nan,nan,nan,nan,nan,nan,nan,nan,nan,nan,nan,nan,nan,nan,nan,nan,nan,nan,3.000000,3.203189,2.119055,-2.402088,-2.403830,5.480081,3.228067,2.119055,-2.402088,0.399999,9.036962,0.000000,5.984119,inf,1.000000,1.000000,0.000000,0.000000,0.000000,0.000000,0.000000,0.000000,0.000000,0.000000,0.000000,0.000000,19.000000,157.447692,0.236650,nan
34.040,TRACKING,2.979991,1.201964,-2.660005,0.599999,-0.596519,5.937404,0.000001,-16.597828,-79.248683,29.399980,9.051253,-8.750000,0.000016,0.000000,0.000000,-44.030467,-15.395864,-81.908688,29.999980,8.454734,-2.812596,0.000017,0.000000,0.000000,-18.400490,-15.395864,-81.908688,29.399980,7.590986,-2.528385,0.000017,0.000000,0.000000,0.000000,1.201964,-2.660005,0.599999,2.979991,-0.596519,5.937404,0.000001,5.967294,nan,nan,nan,0,nan,nan,nan,0,nan,nan,nan,nan,nan,nan,nan,nan,nan,nan,nan,nan,nan,nan,nan,nan,nan,nan,nan,nan,nan,nan,nan,nan,nan,nan,nan,nan,nan,nan,nan,nan,nan,nan,nan,nan,nan,nan,nan,nan,nan,nan,nan,nan,nan,nan,nan,nan,nan,nan,3.000000,2.918963,1.980161,-2.144599,-2.440205,5.445549,2.946242,1.980161,-2.144599,0.399999,8.910288,0.000000,5.967294,inf,1.000000,1.000000,0.000000,0.000000,0.000000,0.000000,0.000000,0.000000,0.000000,0.000000,0.000000,0.000000,19.000000,157.665131,0.207284,nan
34.080,TRACKING,2.704555,1.168033,-2.364385,0.599999,-0.678609,5.912404,0.000001,-16.146161,-79.679933,29.399981,9.033343,-8.625000,0.000016,0.000000,0.000000,-43.675291,-14.978128,-82.044318,29.999980,8.354734,-2.712596,0.000016,0.000000,0.000000,-17.987459,-14.978128,-82.044318,29.399980,7.608993,-2.475257,0.000016,0.000000,0.000000,0.000000,1.168033,-2.364385,0.599999,2.704555,-0.678609,5.912404,0.000001,5.951221,nan,nan,nan,0,nan,nan,nan,0,nan,nan,nan,nan,nan,nan,nan,nan,nan,nan,nan,nan,nan,nan,nan,nan,nan,nan,nan,nan,nan,nan,nan,nan,nan,nan,nan,nan,nan,nan,nan,nan,nan,nan,nan,nan,nan,nan,nan,nan,nan,nan,nan,nan,nan,nan,nan,nan,nan,nan,3.000000,2.637161,1.841088,-1.888125,-2.471244,5.413870,2.667324,1.841088,-1.888125,0.399999,8.784063,0.000000,5.951221,inf,1.000000,1.000000,0.000000,0.000000,0.000000,0.000000,0.000000,0.000000,0.000000,0.000000,0.000000,0.000000,19.000000,157.881147,0.178111,nan
34.140,TRACKING,2.433598,1.130238,-2.070015,0.599999,-0.755899,5.887404,0.000001,-15.695629,-80.104933,29.399982,9.010633,-8.500000,0.000015,0.000000,0.000000,-43.329653,-14.565391,-82.174948,29.999981,8.254734,-2.612596,0.000016,0.000000,0.000000,-17.562407,-14.565391,-82.174948,29.399981,7.627111,-2.420471,0.000015,0.000000,0.000000,0.000000,1.130238,-2.070015,0.599999,2.433598,-0.755899,5.887404,0.000001,5.935732,nan,nan,nan,0,nan,nan,nan,0,nan,nan,nan,nan,nan,nan,nan,nan,nan,nan,nan,nan,nan,nan,nan,nan,nan,nan,nan,nan,nan,nan,nan,nan,nan,nan,nan,nan,nan,nan,nan,nan,nan,nan,nan,nan,nan,nan,nan,nan,nan,nan,nan,nan,nan,nan,nan,nan,nan,nan,3.000000,2.358474,1.702172,-1.632486,-2.497157,5.384897,2.392154,1.702172,-1.632486,0.399999,8.658308,0.000000,5.935732,inf,1.000000,1.000000,0.000000,0.000000,0.000000,0.000000,0.000000,0.000000,0.000000,0.000000,0.000000,0.000000,19.000000,158.095755,0.149129,nan
34.180,TRACKING,2.168606,1.088805,-1.776895,0.599999,-0.828663,5.862404,0.000001,-15.246460,-80.523683,29.399983,8.983397,-8.375000,0.000015,0.000000,0.000000,-42.992654,-14.157654,-82.300578,29.999982,8.154734,-2.512596,0.000015,0.000000,0.000000,-17.124851,-14.157654,-82.300578,29.399982,7.645323,-2.363955,0.000015,0.000000,0.000000,0.000000,1.088805,-1.776895,0.599999,2.168606,-0.828663,5.862404,0.000001,5.920681,nan,nan,nan,0,nan,nan,nan,0,nan,nan,nan,nan,nan,nan,nan,nan,nan,nan,nan,nan,nan,nan,nan,nan,nan,nan,nan,nan,nan,nan,nan,nan,nan,nan,nan,nan,nan,nan,nan,nan,nan,nan,nan,nan,nan,nan,nan,nan,nan,nan,nan,nan,nan,nan,nan,nan,nan,nan,3.000000,2.083951,1.563749,-1.377513,-2.518138,5.358493,2.121992,1.563749,-1.377513,0.399999,8.533043,0.000000,5.920681,inf,1.000000,1.000000,0.000000,0.000000,0.000000,0.000000,0.000000,0.000000,0.000000,0.000000,0.000000,0.000000,19.000000,158.308960,0.120335,nan
34.240,TRACKING,1.911838,1.043947,-1.485024,0.599999,-0.897155,5.837404,0.000001,-14.798865,-80.936183,29.399983,8.951889,-8.250000,0.000014,0.000000,0.000000,-42.663454,-13.754918,-82.421208,29.999983,8.054734,-2.412596,0.000014,0.000000,0.000000,-16.674284,-13.754918,-82.421208,29.399983,7.663611,-2.305639,0.000014,0.000000,0.000000,0.000000,1.043947,-1.485024,0.599999,1.911838,-0.897155,5.837404,0.000001,5.905944,nan,nan,nan,0,nan,nan,nan,0,nan,nan,nan,nan,nan,nan,nan,nan,nan,nan,nan,nan,nan,nan,nan,nan,nan,nan,nan,nan,nan,nan,nan,nan,nan,nan,nan,nan,nan,nan,nan,nan,nan,nan,nan,nan,nan,nan,nan,nan,nan,nan,nan,nan,nan,nan,nan,nan,nan,nan,3.000000,1.815248,1.426150,-1.123041,-2.534361,5.334528,1.858796,1.426150,-1.123041,0.399999,8.408291,0.000000,5.905944,inf,1.000000,1.000000,0.000000,0.000000,0.000000,0.000000,0.000000,0.000000,0.000000,0.000000,0.000000,0.000000,19.000000,158.520757,0.091732,nan
34.280,TRACKING,1.666839,0.995867,-1.194404,0.599999,-0.961614,5.812404,0.000000,-14.353048,-81.342433,29.399984,8.916348,-8.125000,0.000013,0.000000,0.000000,-42.341270,-13.357181,-82.536837,29.999983,7.954734,-2.312596,0.000014,0.000000,0.000000,-16.210176,-11.195580,-83.207553,29.399983,7.681953,-2.245445,0.000014,0.000000,0.000000,0.000000,0.995867,-1.194404,0.599999,1.666839,-0.961614,5.812404,0.000000,5.891413,nan,nan,nan,0,nan,nan,nan,0,nan,nan,nan,nan,nan,nan,nan,nan,nan,nan,nan,nan,nan,nan,nan,nan,nan,nan,nan,nan,nan,nan,nan,nan,nan,nan,nan,nan,nan,nan,nan,nan,nan,nan,nan,nan,nan,nan,nan,nan,nan,nan,nan,nan,nan,nan,nan,nan,nan,nan,3.000000,1.555105,1.289707,-0.868912,-2.545984,5.312881,1.605725,1.289707,-0.868912,0.399999,8.284075,-0.000000,5.891413,inf,1.000000,1.000000,0.000000,0.000000,0.000000,0.000000,0.000000,0.000000,0.000000,0.000000,0.000000,0.000000,19.000000,158.731131,0.063321,nan
34.340,TRACKING,1.433941,0.936536,-0.905034,0.599999,-1.186614,5.787404,0.000000,-13.900980,-81.742433,29.399985,9.041348,-8.000000,0.000013,0.000000,0.000000,-41.503167,-12.964444,-82.647467,29.999984,7.854734,-2.212596,0.000013,0.000000,0.000000,-15.731970,-9.166778,-83.769988,29.399984,7.700325,-2.183293,0.000013,0.000000,0.000000,0.000000,0.936536,-0.905034,0.599999,1.433941,-1.186614,5.787404,0.000000,5.907800,nan,nan,nan,0,nan,nan,nan,0,nan,nan,nan,nan,nan,nan,nan,nan,nan,nan,nan,nan,nan,nan,nan,nan,nan,nan,nan,nan,nan,nan,nan,nan,nan,nan,nan,nan,nan,nan,nan,nan,nan,nan,nan,nan,nan,nan,nan,nan,nan,nan,nan,nan,nan,nan,nan,nan,nan,nan,3.000000,1.302377,1.146843,-0.617202,-2.711347,5.248876,1.362419,1.146843,-0.617202,0.399999,8.160418,0.000000,5.907800,inf,1.000000,1.000000,0.000000,0.000000,0.000000,0.000000,0.000000,0.000000,0.000000,0.000000,0.000000,0.000000,19.000000,158.940060,0.035105,nan
34.380,TRACKING,1.220844,0.865955,-0.616914,0.599999,-1.411614,5.762404,0.000000,-13.442663,-82.136183,29.399985,9.166348,-7.875000,0.000012,0.000000,0.000000,-40.666560,-12.576708,-82.753097,29.999985,7.754734,-2.112596,0.000013,0.000000,0.000000,-15.239084,-7.165147,-84.272124,29.399985,7.718699,-2.119101,0.000013,0.000000,0.000000,0.000000,0.865955,-0.616914,0.599999,1.220844,-1.411614,5.762404,0.000000,5.932786,nan,nan,nan,0,nan,nan,nan,0,nan,nan,nan,nan,nan,nan,nan,nan,nan,nan,nan,nan,nan,nan,nan,nan,nan,nan,nan,nan,nan,nan,nan,nan,nan,nan,nan,nan,nan,nan,nan,nan,nan,nan,nan,nan,nan,nan,nan,nan,nan,nan,nan,nan,nan,nan,nan,nan,nan,nan,3.000000,1.063232,0.997660,-0.367607,-2.876611,5.188744,1.135985,0.997660,-0.367607,0.399999,8.037348,-0.000000,5.932786,inf,1.000000,1.000000,0.000000,0.000000,0.000000,0.000000,0.000000,0.000000,0.000000,0.000000,0.000000,0.000000,19.000000,159.143315,0.007655,nan
34.440,TRACKING,1.041047,0.784125,-0.330044,0.599999,-1.636614,5.737404,0.000000,-12.978096,-82.523683,29.399986,9.291348,-7.750000,0.000012,0.000000,0.000000,-39.831800,-12.193971,-82.853727,29.999985,7.654734,-2.012596,0.000012,0.000000,0.000000,-14.730908,-6.682906,-84.317571,29.399985,7.734827,-2.052779,0.000012,0.000000,0.000000,0.000000,0.784125,-0.330044,0.599999,1.041047,-1.636614,5.737404,0.000000,5.966264,nan,nan,nan,0,nan,nan,nan,0,nan,nan,nan,nan,nan,nan,nan,nan,nan,nan,nan,nan,nan,nan,nan,nan,nan,nan,nan,nan,nan,nan,nan,nan,nan,nan,nan,nan,nan,nan,nan,nan,nan,nan,nan,nan,nan,nan,nan,nan,nan,nan,nan,nan,nan,nan,nan,nan,nan,nan,3.000000,0.850753,0.842274,-0.119808,-3.041725,5.132662,0.940096,0.842274,-0.119808,0.399999,7.914891,0.000000,5.966264,inf,1.000000,1.000000,0.000000,0.000000,0.000000,0.000000,0.000000,0.000000,0.000000,0.000000,0.000000,0.000000,20.000000,161.312029,0.792341,nan
34.480,TRACKING,0.916250,0.691044,-0.044423,0.599999,-1.861614,5.712404,0.000001,-12.507278,-82.904933,29.399986,9.416348,-7.625000,0.000011,0.000000,0.000000,-38.999235,-11.816234,-82.949357,29.999986,7.554734,-1.912596,0.000012,0.000000,0.000000,-14.206802,-6.322321,-84.324561,29.399986,7.747548,-1.952779,0.000011,0.000000,0.000000,0.000000,0.691044,-0.044423,0.599999,0.916250,-1.861614,5.712404,0.000001,6.008092,nan,nan,nan,0,nan,nan,nan,0,nan,nan,nan,nan,nan,nan,nan,nan,nan,nan,nan,nan,nan,nan,nan,nan,nan,nan,nan,nan,nan,nan,nan,nan,nan,nan,nan,nan,nan,nan,nan,nan,nan,nan,nan,nan,nan,nan,nan,nan,nan,nan,nan,nan,nan,nan,nan,nan,nan,nan,3.000000,0.692470,0.680812,0.126533,-3.206631,5.080815,0.799697,0.680812,0.126533,0.399999,7.793076,0.000000,6.008092,inf,1.000000,1.000000,0.000000,0.000000,0.000000,0.000000,0.000000,0.000000,0.000000,0.000000,0.000000,0.000000,20.000000,161.517168,0.764735,nan
34.540,TRACKING,0.872815,0.586713,0.239947,0.599999,-2.086614,5.687404,0.000001,-12.030211,-83.279933,29.399987,9.541348,-7.500000,0.000011,0.000000,0.000000,-38.169205,-11.443497,-83.039986,29.999986,7.454734,-1.812596,0.000011,0.000000,0.000000,-13.666099,-6.109166,-84.292276,29.399986,7.760132,-1.802779,0.000011,0.000000,0.000000,0.000000,0.586713,0.239947,0.599999,0.872815,-2.086614,5.687404,0.000001,6.058096,nan,nan,nan,0,nan,nan,nan,0,nan,nan,nan,nan,nan,nan,nan,nan,nan,nan,nan,nan,nan,nan,nan,nan,nan,nan,nan,nan,nan,nan,nan,nan,nan,nan,nan,nan,nan,nan,nan,nan,nan,nan,nan,nan,nan,nan,nan,nan,nan,nan,nan,nan,nan,nan,nan,nan,nan,nan,3.000000,0.633882,0.513412,0.371773,-3.371265,5.033398,0.749538,0.513412,0.371773,0.399999,7.671934,0.000000,6.058096,inf,1.000000,1.000000,0.000000,0.000000,0.000000,0.000000,0.000000,0.000000,0.000000,0.000000,0.000000,0.000000,20.000000,161.717062,0.737836,nan
34.580,TRACKING,0.922843,0.471133,0.519302,0.599999,-2.311614,5.587097,0.000001,-11.546893,-83.648683,29.399988,9.666348,-7.375000,0.000010,0.000000,0.000000,-37.342045,-11.075761,-83.129381,29.999987,7.354734,-1.787903,0.000011,0.000000,0.000000,-13.663317,-7.337511,-83.985866,29.399987,7.755718,-1.702779,0.000010,0.000000,0.000000,0.000000,0.471133,0.519302,0.599999,0.922843,-2.311614,5.587097,0.000001,6.046421,nan,nan,nan,0,nan,nan,nan,0,nan,nan,nan,nan,nan,nan,nan,nan,nan,nan,nan,nan,nan,nan,nan,nan,nan,nan,nan,nan,nan,nan,nan,nan,nan,nan,nan,nan,nan,nan,nan,nan,nan,nan,nan,nan,nan,nan,nan,nan,nan,nan,nan,nan,nan,nan,nan,nan,nan,nan,3.000000,0.701171,0.335132,0.615895,-3.565959,4.882945,0.807242,0.335132,0.615895,0.399999,7.568931,0.000000,6.046421,inf,1.000000,1.000000,0.000000,0.000000,0.000000,0.000000,0.000000,0.000000,0.000000,0.000000,0.000000,0.000000,20.000000,161.911727,0.711640,nan
34.640,TRACKING,1.052761,0.344302,0.793575,0.600000,-2.536614,5.485468,0.000001,-11.057326,-84.011183,29.399988,9.791348,-7.250000,0.000009,0.000000,0.000000,-36.518084,-10.713024,-83.217608,29.999988,7.254734,-1.764532,0.000010,0.000000,0.000000,-13.670315,-8.504071,-83.711836,29.399988,7.751001,-1.664368,0.000009,0.000000,0.000000,0.000000,0.344302,0.793575,0.600000,1.052761,-2.536614,5.485468,0.000001,6.043573,nan,nan,nan,0,nan,nan,nan,0,nan,nan,nan,nan,nan,nan,nan,nan,nan,nan,nan,nan,nan,nan,nan,nan,nan,nan,nan,nan,nan,nan,nan,nan,nan,nan,nan,nan,nan,nan,nan,nan,nan,nan,nan,nan,nan,nan,nan,nan,nan,nan,nan,nan,nan,nan,nan,nan,nan,nan,3.000000,0.865046,0.146999,0.852465,-3.761163,4.730584,0.953050,0.146999,0.852465,0.400000,7.466240,0.000000,6.043573,inf,1.000000,1.000000,0.000000,0.000000,0.000000,0.000000,0.000000,0.000000,0.000000,0.000000,0.000000,0.000000,20.000000,162.101349,0.686122,nan
34.680,TRACKING,1.237773,0.206221,1.062805,0.600000,-2.761614,5.384595,0.000001,-10.561509,-84.367433,29.399988,9.916348,-7.125000,0.000009,0.000000,0.000000,-35.697642,-10.355287,-83.304628,29.999988,7.154734,-1.740405,0.000010,0.000000,0.000000,-13.671795,-10.355287,-83.304628,29.399988,7.746456,-1.666587,0.000009,0.000000,0.000000,0.000000,0.206221,1.062805,0.600000,1.237773,-2.761614,5.384595,0.000001,6.051477,nan,nan,nan,0,nan,nan,nan,0,nan,nan,nan,nan,nan,nan,nan,nan,nan,nan,nan,nan,nan,nan,nan,nan,nan,nan,nan,nan,nan,nan,nan,nan,nan,nan,nan,nan,nan,nan,nan,nan,nan,nan,nan,nan,nan,nan,nan,nan,nan,nan,nan,nan,nan,nan,nan,nan,nan,nan,3.000000,1.082627,-0.050826,1.081433,-3.956067,4.579291,1.154158,-0.050826,1.081433,0.400000,7.363371,0.000000,6.051477,inf,1.000000,1.000000,0.000000,0.000000,0.000000,0.000000,0.000000,0.000000,0.000000,0.000000,0.000000,0.000000,20.000000,162.285942,0.661282,nan
34.740,TRACKING,1.458016,0.069391,1.327026,0.600000,-2.736614,5.284414,0.000001,-10.071941,-84.717433,29.399989,9.791348,-7.000000,0.000009,0.000000,0.000000,-35.561617,-10.002551,-83.390408,29.999988,7.054734,-1.715586,0.000010,0.000000,0.000000,-13.668007,-10.002551,-83.390408,29.399988,7.747073,-1.668075,0.000009,0.000000,0.000000,0.000000,0.069391,1.327026,0.600000,1.458016,-2.736614,5.284414,0.000001,5.950974,nan,nan,nan,0,nan,nan,nan,0,nan,nan,nan,nan,nan,nan,nan,nan,nan,nan,nan,nan,nan,nan,nan,nan,nan,nan,nan,nan,nan,nan,nan,nan,nan,nan,nan,nan,nan,nan,nan,nan,nan,nan,nan,nan,nan,nan,nan,nan,nan,nan,nan,nan,nan,nan,nan,nan,nan,nan,3.000000,1.328839,-0.246145,1.305842,-3.907800,4.488116,1.387736,-0.246145,1.305842,0.400000,7.260338,-0.000000,5.950974,inf,1.000000,1.000000,0.000000,0.000000,0.000000,0.000000,0.000000,0.000000,0.000000,0.000000,0.000000,0.000000,20.000000,162.465520,0.637116,nan
34.780,TRACKING,1.697242,-0.066190,1.586269,0.600000,-2.711614,5.184865,0.000001,-9.588624,-85.061183,29.399989,9.666348,-6.875000,0.000008,0.000000,0.000000,-35.421592,-9.654814,-83.474914,29.999989,6.954734,-1.690135,0.000009,0.000000,0.000000,-13.659194,-9.654814,-83.474914,29.399989,7.773740,-1.718075,0.000008,0.000000,0.000000,0.000000,-0.066190,1.586269,0.600000,1.697242,-2.711614,5.184865,0.000001,5.851126,nan,nan,nan,0,nan,nan,nan,0,nan,nan,nan,nan,nan,nan,nan,nan,nan,nan,nan,nan,nan,nan,nan,nan,nan,nan,nan,nan,nan,nan,nan,nan,nan,nan,nan,nan,nan,nan,nan,nan,nan,nan,nan,nan,nan,nan,nan,nan,nan,nan,nan,nan,nan,nan,nan,nan,nan,nan,3.000000,1.587649,-0.438909,1.525775,-3.859309,4.397887,1.637263,-0.438909,1.525775,0.400000,7.157156,-0.000000,5.851126,inf,1.000000,1.000000,0.000000,0.000000,0.000000,0.000000,0.000000,0.000000,0.000000,0.000000,0.000000,0.000000,20.000000,162.645227,0.612933,nan
34.840,TRACKING,1.946248,-0.200521,1.840563,0.600000,-2.686614,5.085889,0.000001,-9.111556,-85.398683,29.399990,9.541348,-6.750000,0.000008,0.000000,0.000000,-35.277391,-9.312077,-83.558120,29.999989,6.854734,-1.664111,0.000009,0.000000,0.000000,-13.645601,-9.312077,-83.558120,29.399989,7.774188,-1.868075,0.000008,0.000000,0.000000,0.000000,-0.200521,1.840563,0.600000,1.946248,-2.686614,5.085889,0.000001,5.751884,nan,nan,nan,0,nan,nan,nan,0,nan,nan,nan,nan,nan,nan,nan,nan,nan,nan,nan,nan,nan,nan,nan,nan,nan,nan,nan,nan,nan,nan,nan,nan,nan,nan,nan,nan,nan,nan,nan,nan,nan,nan,nan,nan,nan,nan,nan,nan,nan,nan,nan,nan,nan,nan,nan,nan,nan,nan,3.000000,1.851454,-0.629078,1.741305,-3.810621,4.308519,1.894170,-0.629078,1.741305,0.400000,7.053839,0.000000,5.751884,inf,1.000000,1.000000,0.000000,0.000000,0.000000,0.000000,0.000000,0.000000,0.000000,0.000000,0.000000,0.000000,20.000000,162.824877,0.588758,nan
34.880,TRACKING,2.199799,-0.333602,2.089935,0.600000,-2.661614,4.987430,0.000001,-8.640739,-85.729933,29.399990,9.416348,-6.625000,0.000008,0.000000,0.000000,-35.128825,-8.974340,-83.639998,29.999990,6.754734,-1.637570,0.000008,0.000000,0.000000,-13.627467,-8.974340,-83.639998,29.399990,7.774785,-1.884864,0.000008,0.000000,0.000000,0.000000,-0.333602,2.089935,0.600000,2.199799,-2.661614,4.987430,0.000001,5.653198,nan,nan,nan,0,nan,nan,nan,0,nan,nan,nan,nan,nan,nan,nan,nan,nan,nan,nan,nan,nan,nan,nan,nan,nan,nan,nan,nan,nan,nan,nan,nan,nan,nan,nan,nan,nan,nan,nan,nan,nan,nan,nan,nan,nan,nan,nan,nan,nan,nan,nan,nan,nan,nan,nan,nan,nan,nan,3.000000,2.116393,-0.816615,1.952500,-3.761763,4.219927,2.153861,-0.816615,1.952500,0.400000,6.950401,-0.000000,5.653198,inf,1.000000,1.000000,0.000000,0.000000,0.000000,0.000000,0.000000,0.000000,0.000000,0.000000,0.000000,0.000000,20.000000,163.004282,0.564615,nan
34.940,TRACKING,2.452477,-0.465432,2.331956,0.600000,-2.636614,4.840417,0.000000,-8.176172,-86.054933,29.399990,9.291348,-6.500000,0.000008,0.000000,0.000000,-34.975696,-8.641604,-83.722978,29.999990,6.654734,-1.659583,0.000008,0.000000,0.000000,-14.003013,-8.641604,-83.722978,29.399990,7.762264,-1.934864,0.000008,0.000000,0.000000,0.000000,-0.465432,2.331956,0.600000,2.452477,-2.636614,4.840417,0.000000,5.511930,nan,nan,nan,0,nan,nan,nan,0,nan,nan,nan,nan,nan,nan,nan,nan,nan,nan,nan,nan,nan,nan,nan,nan,nan,nan,nan,nan,nan,nan,nan,nan,nan,nan,nan,nan,nan,nan,nan,nan,nan,nan,nan,nan,nan,nan,nan,nan,nan,nan,nan,nan,nan,nan,nan,nan,nan,nan,3.000000,2.377950,-1.015871,2.150035,-3.729511,4.058585,2.411357,-1.015871,2.150035,0.400000,6.858550,0.000000,5.511930,inf,1.000000,1.000000,0.000000,0.000000,0.000000,0.000000,0.000000,0.000000,0.000000,0.000000,0.000000,0.000000,20.000000,163.183262,0.540530,nan
34.980,TRACKING,2.699745,-0.586013,2.566167,0.600000,-2.411614,4.684224,0.000000,-7.717854,-86.373683,29.399991,9.166348,-6.375000,0.000007,0.000000,0.000000,-34.817792,-8.303867,-83.807516,29.999991,6.754734,-1.690776,0.000008,0.000000,0.000000,-14.052946,-8.303867,-83.807516,29.399991,7.760574,-1.942547,0.000007,0.000000,0.000000,0.000000,-0.586013,2.566167,0.600000,2.699745,-2.411614,4.684224,0.000000,5.268571,nan,nan,nan,0,nan,nan,nan,0,nan,nan,nan,nan,nan,nan,nan,nan,nan,nan,nan,nan,nan,nan,nan,nan,nan,nan,nan,nan,nan,nan,nan,nan,nan,nan,nan,nan,nan,nan,nan,nan,nan,nan,nan,nan,nan,nan,nan,nan,nan,nan,nan,nan,nan,nan,nan,nan,nan,nan,3.000000,2.632228,-1.191587,2.347071,-3.476854,3.958449,2.662447,-1.191587,2.347071,0.400000,6.963128,0.000000,5.268571,inf,1.000000,1.000000,0.000000,0.000000,0.000000,0.000000,0.000000,0.000000,0.000000,0.000000,0.000000,0.000000,20.000000,163.361743,0.516512,nan
35.040,TRACKING,2.939957,-0.695344,2.792820,0.600000,-2.186614,4.533064,0.000000,-7.265787,-86.686183,29.399991,9.041348,-6.250000,0.000007,0.000000,0.000000,-34.654888,-7.961130,-83.893363,29.999991,6.854734,-1.716936,0.000008,0.000000,0.000000,-14.061830,-7.961130,-83.893363,29.399991,7.760273,-1.943751,0.000007,0.000000,0.000000,0.000000,-0.695344,2.792820,0.600000,2.939957,-2.186614,4.533064,0.000000,5.032887,nan,nan,nan,0,nan,nan,nan,0,nan,nan,nan,nan,nan,nan,nan,nan,nan,nan,nan,nan,nan,nan,nan,nan,nan,nan,nan,nan,nan,nan,nan,nan,nan,nan,nan,nan,nan,nan,nan,nan,nan,nan,nan,nan,nan,nan,nan,nan,nan,nan,nan,nan,nan,nan,nan,nan,nan,nan,3.000000,2.878080,-1.353075,2.540184,-3.222483,3.865947,2.905744,-1.353075,2.540184,0.400000,7.066488,0.000000,5.032887,inf,1.000000,1.000000,0.000000,0.000000,0.000000,0.000000,0.000000,0.000000,0.000000,0.000000,0.000000,0.000000,20.000000,163.541344,0.492343,nan
35.080,TRACKING,3.172183,-0.793424,3.012180,0.600000,-1.961614,4.387193,0.000000,-6.819969,-86.992433,29.399992,8.916348,-6.125000,0.000007,0.000000,0.000000,-34.486747,-7.613394,-83.980254,29.999991,6.954734,-1.737807,0.000007,0.000000,0.000000,-14.029450,-7.613394,-83.980254,29.399991,7.761370,-1.939365,0.000007,0.000000,0.000000,0.000000,-0.793424,3.012180,0.600000,3.172183,-1.961614,4.387193,0.000000,4.805766,nan,nan,nan,0,nan,nan,nan,0,nan,nan,nan,nan,nan,nan,nan,nan,nan,nan,nan,nan,nan,nan,nan,nan,nan,nan,nan,nan,nan,nan,nan,nan,nan,nan,nan,nan,nan,nan,nan,nan,nan,nan,nan,nan,nan,nan,nan,nan,nan,nan,nan,nan,nan,nan,nan,nan,nan,nan,3.000000,3.114923,-1.499972,2.729988,-2.966647,3.780793,3.140501,-1.499972,2.729988,0.400000,7.168563,0.000000,4.805766,inf,1.000000,1.000000,0.000000,0.000000,0.000000,0.000000,0.000000,0.000000,0.000000,0.000000,0.000000,0.000000,20.000000,163.721919,0.468043,nan
35.140,TRACKING,3.395929,-0.880255,3.224513,0.600000,-1.736614,4.246664,0.000000,-6.380402,-87.292433,29.399992,8.791348,-6.000000,0.000007,0.000000,0.000000,-34.313114,-7.260657,-84.067920,29.999992,7.054734,-1.753336,0.000007,0.000000,0.000000,-13.957120,-7.260657,-84.067920,29.399992,7.763812,-1.929565,0.000007,0.000000,0.000000,0.000000,-0.880255,3.224513,0.600000,3.395929,-1.736614,4.246664,0.000000,4.588026,nan,nan,nan,0,nan,nan,nan,0,nan,nan,nan,nan,nan,nan,nan,nan,nan,nan,nan,nan,nan,nan,nan,nan,nan,nan,nan,nan,nan,nan,nan,nan,nan,nan,nan,nan,nan,nan,nan,nan,nan,nan,nan,nan,nan,nan,nan,nan,nan,nan,nan,nan,nan,nan,nan,nan,nan,nan,3.000000,3.342504,-1.632005,2.917000,-2.709620,3.702424,3.366353,-1.632005,2.917000,0.400000,7.269351,0.000000,4.588026,inf,1.000000,1.000000,0.000000,0.000000,0.000000,0.000000,0.000000,0.000000,0.000000,0.000000,0.000000,0.000000,20.000000,163.903326,0.443631,nan
35.180,TRACKING,3.610969,-0.955836,3.430083,0.600000,-1.511614,4.111412,0.000000,-5.947085,-87.586183,29.399992,8.666348,-5.875000,0.000006,0.000000,0.000000,-34.133720,-6.902920,-84.156100,29.999992,7.154734,-1.763588,0.000007,0.000000,0.000000,-13.846940,-6.902920,-84.156100,29.399992,7.767508,-1.914632,0.000006,0.000000,0.000000,0.000000,-0.955836,3.430083,0.600000,3.610969,-1.511614,4.111412,0.000000,4.380489,nan,nan,nan,0,nan,nan,nan,0,nan,nan,nan,nan,nan,nan,nan,nan,nan,nan,nan,nan,nan,nan,nan,nan,nan,nan,nan,nan,nan,nan,nan,nan,nan,nan,nan,nan,nan,nan,nan,nan,nan,nan,nan,nan,nan,nan,nan,nan,nan,nan,nan,nan,nan,nan,nan,nan,nan,nan,3.000000,3.560772,-1.748976,3.101641,-2.451664,3.630156,3.583168,-1.748976,3.101641,0.400000,7.368885,0.000000,4.380489,inf,1.000000,1.000000,0.000000,0.000000,0.000000,0.000000,0.000000,0.000000,0.000000,0.000000,0.000000,0.000000,20.000000,164.085419,0.419127,nan
35.240,TRACKING,3.817258,-1.020166,3.629148,0.600000,-1.286614,3.981300,0.000000,-5.520017,-87.873683,29.399993,8.541348,-5.750000,0.000006,0.000000,0.000000,-33.948276,-6.540184,-84.244535,29.999992,7.254734,-1.768700,0.000006,0.000000,0.000000,-13.701392,-6.540184,-84.244535,29.399992,7.772347,-1.894894,0.000006,0.000000,0.000000,0.000000,-1.020166,3.629148,0.600000,3.817258,-1.286614,3.981300,0.000000,4.184032,nan,nan,nan,0,nan,nan,nan,0,nan,nan,nan,nan,nan,nan,nan,nan,nan,nan,nan,nan,nan,nan,nan,nan,nan,nan,nan,nan,nan,nan,nan,nan,nan,nan,nan,nan,nan,nan,nan,nan,nan,nan,nan,nan,nan,nan,nan,nan,nan,nan,nan,nan,nan,nan,nan,nan,nan,nan,3.000000,3.769809,-1.850742,3.284237,-2.193019,3.563256,3.790971,-1.850742,3.284237,0.400000,7.467226,0.000000,4.184032,inf,1.000000,1.000000,0.000000,0.000000,0.000000,0.000000,0.000000,0.000000,0.000000,0.000000,0.000000,0.000000,20.000000,164.268053,0.394550,nan
35.280,TRACKING,4.014873,-1.073247,3.821956,0.600000,-1.061614,3.856147,0.000000,-5.099200,-88.154933,29.399993,8.416348,-5.625000,0.000006,0.000000,0.000000,-33.756476,-6.172447,-84.332977,29.999993,7.354734,-1.768853,0.000006,0.000000,0.000000,-13.523111,-6.172447,-84.332977,29.399993,7.778205,-1.870700,0.000006,0.000000,0.000000,0.000000,-1.073247,3.821956,0.600000,4.014873,-1.061614,3.856147,0.000000,3.999611,nan,nan,nan,0,nan,nan,nan,0,nan,nan,nan,nan,nan,nan,nan,nan,nan,nan,nan,nan,nan,nan,nan,nan,nan,nan,nan,nan,nan,nan,nan,nan,nan,nan,nan,nan,nan,nan,nan,nan,nan,nan,nan,nan,nan,nan,nan,nan,nan,nan,nan,nan,nan,nan,nan,nan,nan,nan,3.000000,3.969787,-1.937209,3.465029,-1.933893,3.500992,3.989888,-1.937209,3.465029,0.400000,7.564453,-0.000000,3.999611,inf,1.000000,1.000000,0.000000,0.000000,0.000000,0.000000,0.000000,0.000000,0.000000,0.000000,0.000000,0.000000,20.000000,164.451086,0.369920,nan
35.341,TRACKING,4.203977,-1.115078,4.008743,0.600000,-0.836614,3.735748,0.000000,-4.684632,-88.429933,29.399993,8.291348,-5.500000,0.000006,0.000000,0.000000,-33.557991,-5.799710,-84.421190,29.999993,7.454734,-1.764252,0.000006,0.000000,0.000000,-13.314759,-5.799710,-84.421190,29.399993,7.784957,-1.842403,0.000006,0.000000,0.000000,0.000000,-1.115078,4.008743,0.600000,4.203977,-0.836614,3.735748,0.000000,3.828281,nan,nan,nan,0,nan,nan,nan,0,nan,nan,nan,nan,nan,nan,nan,nan,nan,nan,nan,nan,nan,nan,nan,nan,nan,nan,nan,nan,nan,nan,nan,nan,nan,nan,nan,nan,nan,nan,nan,nan,nan,nan,nan,nan,nan,nan,nan,nan,nan,nan,nan,nan,nan,nan,nan,nan,nan,nan,3.000000,4.160940,-2.008319,3.644184,-1.674470,3.442657,4.180122,-2.008319,3.644184,0.400000,7.660656,0.000000,3.828281,inf,1.000000,1.000000,0.000000,0.000000,0.000000,0.000000,0.000000,0.000000,0.000000,0.000000,0.000000,0.000000,20.000000,164.634375,0.345255,nan
35.380,TRACKING,4.384796,-1.145658,4.189737,0.600000,-0.611614,3.619884,0.000000,-4.276315,-88.698683,29.399993,8.166348,-5.375000,0.000006,0.000000,0.000000,-33.352471,-5.421973,-84.508946,29.999993,7.554734,-1.755116,0.000006,0.000000,0.000000,-13.078952,-5.421973,-84.508946,29.399993,7.792473,-1.810348,0.000005,0.000000,0.000000,0.000000,-1.145658,4.189737,0.600000,4.384796,-0.611614,3.619884,0.000000,3.671189,nan,nan,nan,0,nan,nan,nan,0,nan,nan,nan,nan,nan,nan,nan,nan,nan,nan,nan,nan,nan,nan,nan,nan,nan,nan,nan,nan,nan,nan,nan,nan,nan,nan,nan,nan,nan,nan,nan,nan,nan,nan,nan,nan,nan,nan,nan,nan,nan,nan,nan,nan,nan,nan,nan,nan,nan,nan,3.000000,4.343551,-2.064049,3.821797,-1.414904,3.387577,4.361930,-2.064049,3.821797,0.400000,7.755929,0.000000,3.671189,inf,1.000000,1.000000,0.000000,0.000000,0.000000,0.000000,0.000000,0.000000,0.000000,0.000000,0.000000,0.000000,20.000000,164.817776,0.320574,nan
35.440,TRACKING,4.557605,-1.164989,4.365154,0.600000,-0.386614,3.508328,0.000000,-3.874248,-88.961183,29.399994,8.041348,-5.250000,0.000005,0.000000,0.000000,-33.139540,-5.039237,-84.596029,29.999993,7.654734,-1.741672,0.000005,0.000000,0.000000,-12.818214,-5.039237,-84.596029,29.399993,7.800631,-1.774868,0.000005,0.000000,0.000000,0.000000,-1.164989,4.365154,0.600000,4.557605,-0.386614,3.508328,0.000000,3.529566,nan,nan,nan,0,nan,nan,nan,0,nan,nan,nan,nan,nan,nan,nan,nan,nan,nan,nan,nan,nan,nan,nan,nan,nan,nan,nan,nan,nan,nan,nan,nan,nan,nan,nan,nan,nan,nan,nan,nan,nan,nan,nan,nan,nan,nan,nan,nan,nan,nan,nan,nan,nan,nan,nan,nan,nan,nan,3.000000,4.517938,-2.104403,3.997906,-1.155331,3.335123,4.535611,-2.104403,3.997906,0.400000,7.850374,0.000000,3.529566,inf,1.000000,1.000000,0.000000,0.000000,0.000000,0.000000,0.000000,0.000000,0.000000,0.000000,0.000000,0.000000,20.000000,165.001149,0.295898,nan
35.480,TRACKING,4.722722,-1.173070,4.535196,0.600000,-0.161614,3.400852,0.000000,-3.478430,-89.217433,29.399994,7.916348,-5.125000,0.000005,0.000000,0.000000,-32.918797,-4.651500,-84.682237,29.999994,7.754734,-1.724148,0.000005,0.000000,0.000000,-12.534959,-4.651500,-84.682237,29.399994,7.809310,-1.736282,0.000005,0.000000,0.000000,0.000000,-1.173070,4.535196,0.600000,4.722722,-0.161614,3.400852,0.000000,3.404690,nan,nan,nan,0,nan,nan,nan,0,nan,nan,nan,nan,nan,nan,nan,nan,nan,nan,nan,nan,nan,nan,nan,nan,nan,nan,nan,nan,nan,nan,nan,nan,nan,nan,nan,nan,nan,nan,nan,nan,nan,nan,nan,nan,nan,nan,nan,nan,nan,nan,nan,nan,nan,nan,nan,nan,nan,nan,3.000000,4.684453,-2.129406,4.172497,-0.895866,3.284713,4.701500,-2.129406,4.172497,0.400000,7.944091,0.000000,3.404690,inf,1.000000,1.000000,0.000000,0.000000,0.000000,0.000000,0.000000,0.000000,0.000000,0.000000,0.000000,0.000000,20.000000,165.184354,0.271244,nan
35.540,TRACKING,4.880493,-1.169901,4.700058,0.600000,0.063386,3.297229,0.000000,-3.088863,-89.467433,29.399994,7.791348,-5.000000,0.000005,0.000000,0.000000,-32.689810,-4.258763,-84.767375,29.999994,7.854734,-1.702771,0.000005,0.000000,0.000000,-12.231475,-4.258763,-84.767375,29.399994,7.818397,-1.694894,0.000005,0.000000,0.000000,0.000000,-1.169901,4.700058,0.600000,4.880493,0.063386,3.297229,0.000000,3.297838,nan,nan,nan,0,nan,nan,nan,0,nan,nan,nan,nan,nan,nan,nan,nan,nan,nan,nan,nan,nan,nan,nan,nan,nan,nan,nan,nan,nan,nan,nan,nan,nan,nan,nan,nan,nan,nan,nan,nan,nan,nan,nan,nan,nan,nan,nan,nan,nan,nan,nan,nan,nan,nan,nan,nan,nan,nan,3.000000,4.843471,-2.139106,4.345508,-0.636609,3.235810,4.859960,-2.139106,4.345508,0.400000,8.037181,0.000000,3.297838,inf,1.000000,1.000000,0.000000,0.000000,0.000000,0.000000,0.000000,0.000000,0.000000,0.000000,0.000000,0.000000,20.000000,165.367251,0.246632,nan
35.580,TRACKING,5.031298,-1.155481,4.859920,0.600000,0.288386,3.197236,0.000000,-2.705545,-89.711183,29.399994,7.666348,-4.875000,0.000005,0.000000,0.000000,-32.452117,-3.861027,-84.851264,29.999994,7.954734,-1.677764,0.000005,0.000000,0.000000,-11.909920,-3.861027,-84.851264,29.399994,7.827786,-1.650989,0.000005,0.000000,0.000000,0.000000,-1.155481,4.859920,0.600000,5.031298,0.288386,3.197236,0.000000,3.210216,nan,nan,nan,0,nan,nan,nan,0,nan,nan,nan,nan,nan,nan,nan,nan,nan,nan,nan,nan,nan,nan,nan,nan,nan,nan,nan,nan,nan,nan,nan,nan,nan,nan,nan,nan,nan,nan,nan,nan,nan,nan,nan,nan,nan,nan,nan,nan,nan,nan,nan,nan,nan,nan,nan,nan,nan,nan,3.000000,4.995393,-2.133567,4.516841,-0.377647,3.187925,5.011383,-2.133567,4.516841,0.400000,8.129741,0.000000,3.210216,inf,1.000000,1.000000,0.000000,0.000000,0.000000,0.000000,0.000000,0.000000,0.000000,0.000000,0.000000,0.000000,20.000000,165.549701,0.222080,nan
35.640,TRACKING,5.175812,-1.129812,5.015232,0.600000,0.513386,3.106255,0.000000,-2.328478,-89.948683,29.399995,7.541348,-4.750000,0.000005,0.000000,0.000000,-32.205221,-3.458290,-84.933451,29.999994,8.054734,-1.643745,0.000005,0.000000,0.000000,-11.534089,-3.458290,-84.933451,29.399994,7.838447,-1.600989,0.000004,0.000000,0.000000,0.000000,-1.129812,5.015232,0.600000,5.175812,0.513386,3.106255,0.000000,3.148394,nan,nan,nan,0,nan,nan,nan,0,nan,nan,nan,nan,nan,nan,nan,nan,nan,nan,nan,nan,nan,nan,nan,nan,nan,nan,nan,nan,nan,nan,nan,nan,nan,nan,nan,nan,nan,nan,nan,nan,nan,nan,nan,nan,nan,nan,nan,nan,nan,nan,nan,nan,nan,nan,nan,nan,nan,nan,3.000000,5.140917,-2.109797,4.688047,-0.118080,3.146179,5.156455,-2.109797,4.688047,0.400000,8.220745,0.000000,3.148394,inf,1.000000,1.000000,0.000000,0.000000,0.000000,0.000000,0.000000,0.000000,0.000000,0.000000,0.000000,0.000000,20.000000,165.731568,0.197606,nan
35.680,TRACKING,5.315399,-1.092893,5.167112,0.600000,0.738386,3.037595,0.000000,-1.957661,-90.179933,29.399995,7.416348,-4.625000,0.000004,0.000000,0.000000,-31.948585,-3.050553,-85.012821,29.999995,8.154734,-1.587405,0.000004,0.000000,0.000000,-11.015470,-3.050553,-85.012821,29.399995,7.852605,-1.549607,0.000004,0.000000,0.000000,0.000000,-1.092893,5.167112,0.600000,5.315399,0.738386,3.037595,0.000000,3.126052,nan,nan,nan,0,nan,nan,nan,0,nan,nan,nan,nan,nan,nan,nan,nan,nan,nan,nan,nan,nan,nan,nan,nan,nan,nan,nan,nan,nan,nan,nan,nan,nan,nan,nan,nan,nan,nan,nan,nan,nan,nan,nan,nan,nan,nan,nan,nan,nan,nan,nan,nan,nan,nan,nan,nan,nan,nan,3.000000,5.281426,-2.060058,4.863088,0.144376,3.122716,5.296552,-2.060058,4.863088,0.400000,8.307800,0.000000,3.126052,inf,1.000000,1.000000,0.000000,0.000000,0.000000,0.000000,0.000000,0.000000,0.000000,0.000000,0.000000,0.000000,20.000000,165.912705,0.173231,nan
35.740,TRACKING,5.450362,-1.044723,5.315544,0.600000,0.963386,2.968629,0.000000,-1.593093,-90.404933,29.399995,7.291348,-4.500000,0.000004,0.000000,0.000000,-31.681633,-2.637817,-85.089390,29.999995,8.254734,-1.531371,0.000004,0.000000,0.000000,-10.509708,-2.637817,-85.089390,29.399995,7.865792,-1.478592,0.000004,0.000000,0.000000,0.000000,-1.044723,5.315544,0.600000,5.450362,0.963386,2.968629,0.000000,3.121037,nan,nan,nan,0,nan,nan,nan,0,nan,nan,nan,nan,nan,nan,nan,nan,nan,nan,nan,nan,nan,nan,nan,nan,nan,nan,nan,nan,nan,nan,nan,nan,nan,nan,nan,nan,nan,nan,nan,nan,nan,nan,nan,nan,nan,nan,nan,nan,nan,nan,nan,nan,nan,nan,nan,nan,nan,nan,3.000000,5.417236,-1.996763,5.035810,0.405740,3.094551,5.431984,-1.996763,5.035810,0.400000,8.395578,0.000000,3.121037,inf,1.000000,1.000000,0.000000,0.000000,0.000000,0.000000,0.000000,0.000000,0.000000,0.000000,0.000000,0.000000,20.000000,166.092948,0.148975,nan
35.780,TRACKING,5.581042,-0.985304,5.460514,0.600000,1.188386,2.899406,0.000000,-1.234776,-90.623683,29.399995,7.166348,-4.375000,0.000004,0.000000,0.000000,-31.403742,-2.220080,-85.163169,29.999995,8.354734,-1.475594,0.000004,0.000000,0.000000,-10.016152,-2.220080,-85.163169,29.399995,7.878070,-1.409217,0.000004,0.000000,0.000000,0.000000,-0.985304,5.460514,0.600000,5.581042,1.188386,2.899406,0.000000,3.133499,nan,nan,nan,0,nan,nan,nan,0,nan,nan,nan,nan,nan,nan,nan,nan,nan,nan,nan,nan,nan,nan,nan,nan,nan,nan,nan,nan,nan,nan,nan,nan,nan,nan,nan,nan,nan,nan,nan,nan,nan,nan,nan,nan,nan,nan,nan,nan,nan,nan,nan,nan,nan,nan,nan,nan,nan,nan,3.000000,5.548697,-1.920011,5.205919,0.665992,3.061907,5.563096,-1.920011,5.205919,0.400000,8.484041,-0.000000,3.133499,inf,1.000000,1.000000,0.000000,0.000000,0.000000,0.000000,0.000000,0.000000,0.000000,0.000000,0.000000,0.000000,20.000000,166.272172,0.124857,nan
35.840,TRACKING,5.707811,-0.914635,5.602013,0.600000,1.413386,2.829978,0.000000,-0.882708,-90.836183,29.399995,7.041348,-4.250000,0.000004,0.000000,0.000000,-31.114241,-1.797343,-85.234170,29.999995,8.454734,-1.420022,0.000004,0.000000,0.000000,-9.534176,-1.797343,-85.234170,29.399995,7.889496,-1.341406,0.000004,0.000000,0.000000,0.000000,-0.914635,5.602013,0.600000,5.707811,1.413386,2.829978,0.000000,3.163295,nan,nan,nan,0,nan,nan,nan,0,nan,nan,nan,nan,nan,nan,nan,nan,nan,nan,nan,nan,nan,nan,nan,nan,nan,nan,nan,nan,nan,nan,nan,nan,nan,nan,nan,nan,nan,nan,nan,nan,nan,nan,nan,nan,nan,nan,nan,nan,nan,nan,nan,nan,nan,nan,nan,nan,nan,nan,3.000000,5.676187,-1.829895,5.373136,0.925117,3.024995,5.690264,-1.829895,5.373136,0.400000,8.573155,0.000000,3.163295,inf,1.000000,1.000000,0.000000,0.000000,0.000000,0.000000,0.000000,0.000000,0.000000,0.000000,0.000000,0.000000,20.000000,166.450250,0.100893,nan
35.880,TRACKING,5.831071,-0.832715,5.740032,0.600000,1.638386,2.760393,0.000000,-0.536891,-91.042433,29.399996,6.916348,-4.125000,0.000004,0.000000,0.000000,-30.812401,-1.369606,-85.302401,29.999995,8.554734,-1.364607,0.000004,0.000000,0.000000,-9.063170,-1.369606,-85.302401,29.399995,7.900122,-1.275087,0.000004,0.000000,0.000000,0.000000,-0.832715,5.740032,0.600000,5.831071,1.638386,2.760393,0.000000,3.209997,nan,nan,nan,0,nan,nan,nan,0,nan,nan,nan,nan,nan,nan,nan,nan,nan,nan,nan,nan,nan,nan,nan,nan,nan,nan,nan,nan,nan,nan,nan,nan,nan,nan,nan,nan,nan,nan,nan,nan,nan,nan,nan,nan,nan,nan,nan,nan,nan,nan,nan,nan,nan,nan,nan,nan,nan,nan,3.000000,5.800120,-1.726508,5.537198,1.183105,2.984014,5.813896,-1.726508,5.537198,0.400000,8.662888,0.000000,3.209997,inf,1.000000,1.000000,0.000000,0.000000,0.000000,0.000000,0.000000,0.000000,0.000000,0.000000,0.000000,0.000000,20.000000,166.627056,0.077101,nan
35.940,TRACKING,5.951941,-0.745022,5.874567,0.600000,1.753870,2.690701,0.000000,-0.191848,-91.242433,29.399996,6.900864,-4.000000,0.000004,0.000000,0.000000,-30.098193,-0.936870,-85.367866,29.999996,8.654734,-1.309299,0.000004,0.000000,0.000000,-8.602548,-0.936870,-85.367866,29.399996,7.909998,-1.210187,0.000004,0.000000,0.000000,0.000000,-0.745022,5.874567,0.600000,5.951941,1.753870,2.690701,0.000000,3.211843,nan,nan,nan,0,nan,nan,nan,0,nan,nan,nan,nan,nan,nan,nan,nan,nan,nan,nan,nan,nan,nan,nan,nan,nan,nan,nan,nan,nan,nan,nan,nan,nan,nan,nan,nan,nan,nan,nan,nan,nan,nan,nan,nan,nan,nan,nan,nan,nan,nan,nan,nan,nan,nan,nan,nan,nan,nan,3.000000,5.921621,-1.615354,5.697037,1.331666,2.922772,5.935116,-1.615354,5.697037,0.400000,8.753210,0.000000,3.211843,inf,1.000000,1.000000,0.000000,0.000000,0.000000,0.000000,0.000000,0.000000,0.000000,0.000000,0.000000,0.000000,20.000000,166.802463,0.053496,nan
35.980,TRACKING,6.071284,-0.658084,6.005615,0.600000,1.738763,2.620949,0.000000,0.158951,-91.436183,29.399996,7.015972,-3.875000,0.000003,0.000000,0.000000,-28.912364,-0.499133,-85.430568,29.999996,8.754734,-1.254051,0.000003,0.000000,0.000000,-8.151743,-0.499133,-85.430568,29.399996,7.919168,-1.146634,0.000003,0.000000,0.000000,0.000000,-0.658084,6.005615,0.600000,6.071284,1.738763,2.620949,0.000000,3.145262,nan,nan,nan,0,nan,nan,nan,0,nan,nan,nan,nan,nan,nan,nan,nan,nan,nan,nan,nan,nan,nan,nan,nan,nan,nan,nan,nan,nan,nan,nan,nan,nan,nan,nan,nan,nan,nan,nan,nan,nan,nan,nan,nan,nan,nan,nan,nan,nan,nan,nan,nan,nan,nan,nan,nan,nan,nan,3.000000,6.041563,-1.503002,5.851621,1.349556,2.841016,6.054790,-1.503002,5.851621,0.400000,8.844095,0.000000,3.145262,inf,1.000000,1.000000,0.000000,0.000000,0.000000,0.000000,0.000000,0.000000,0.000000,0.000000,0.000000,0.000000,20.000000,166.974752,0.030312,nan
36.040,TRACKING,6.188926,-0.571820,6.133174,0.600000,1.725267,2.551186,0.000000,0.515424,-91.623683,29.399996,7.129468,-3.750000,0.000003,0.000000,0.000000,-27.743741,-0.056396,-85.490509,29.999996,8.854734,-1.198814,0.000003,0.000000,0.000000,-7.710210,-0.056396,-85.490509,29.399996,7.927674,-1.084362,0.000003,0.000000,0.000000,0.000000,-0.571820,6.133174,0.600000,6.188926,1.725267,2.551186,0.000000,3.079788,nan,nan,nan,0,nan,nan,nan,0,nan,nan,nan,nan,nan,nan,nan,nan,nan,nan,nan,nan,nan,nan,nan,nan,nan,nan,nan,nan,nan,nan,nan,nan,nan,nan,nan,nan,nan,nan,nan,nan,nan,nan,nan,nan,nan,nan,nan,nan,nan,nan,nan,nan,nan,nan,nan,nan,nan,nan,3.000000,6.159773,-1.389495,6.001009,1.367395,2.759588,6.172747,-1.389495,6.001009,0.400000,8.935517,0.000000,3.079788,inf,1.000000,1.000000,0.000000,0.000000,0.000000,0.000000,0.000000,0.000000,0.000000,0.000000,0.000000,0.000000,20.000000,167.142007,0.007804,nan
36.080,TRACKING,6.304720,-0.486158,6.257247,0.600000,1.713244,2.481458,0.000000,0.877499,-91.804933,29.399996,7.241490,-3.625000,0.000003,0.000000,0.000000,-26.591978,0.391340,-85.547686,29.999996,8.954734,-1.143542,0.000003,0.000000,0.000000,-7.277424,0.391340,-85.547686,29.399996,7.935555,-1.023302,0.000003,0.000000,0.000000,0.000000,-0.486158,6.257247,0.600000,6.304720,1.713244,2.481458,0.000000,3.015434,nan,nan,nan,0,nan,nan,nan,0,nan,nan,nan,nan,nan,nan,nan,nan,nan,nan,nan,nan,nan,nan,nan,nan,nan,nan,nan,nan,nan,nan,nan,nan,nan,nan,nan,nan,nan,nan,nan,nan,nan,nan,nan,nan,nan,nan,nan,nan,nan,nan,nan,nan,nan,nan,nan,nan,nan,nan,3.000000,6.276105,-1.274871,6.145258,1.385107,2.678492,6.288839,-1.274871,6.145258,0.400000,9.027455,0.000000,3.015434,inf,1.000000,1.000000,0.000000,0.000000,0.000000,0.000000,0.000000,0.000000,0.000000,0.000000,0.000000,0.000000,25.000000,168.407692,5.148593,nan
36.140,TRACKING,6.418539,-0.401030,6.377838,0.600000,1.702569,2.411812,0.000000,1.245107,-91.979933,29.399996,7.352166,-3.500000,0.000003,0.000000,0.000000,-25.456794,0.844077,-85.602095,29.999996,9.054734,-1.088188,0.000003,0.000000,0.000000,-6.852880,0.844077,-85.602095,29.399996,7.942846,-0.963390,0.000003,0.000000,0.000000,0.000000,-0.401030,6.377838,0.600000,6.418539,1.702569,2.411812,0.000000,2.952215,nan,nan,nan,0,nan,nan,nan,0,nan,nan,nan,nan,nan,nan,nan,nan,nan,nan,nan,nan,nan,nan,nan,nan,nan,nan,nan,nan,nan,nan,nan,nan,nan,nan,nan,nan,nan,nan,nan,nan,nan,nan,nan,nan,nan,nan,nan,nan,nan,nan,nan,nan,nan,nan,nan,nan,nan,nan,3.000000,6.390433,-1.159171,6.284422,1.402627,2.597732,6.402940,-1.159171,6.284422,0.400000,9.119888,0.000000,2.952215,inf,1.000000,1.000000,0.000000,0.000000,0.000000,0.000000,0.000000,0.000000,0.000000,0.000000,0.000000,0.000000,25.000000,168.533392,5.131910,nan
36.180,TRACKING,6.530275,-0.316374,6.494952,0.600000,1.693123,2.342293,0.000000,1.618187,-92.148683,29.399997,7.461611,-3.375000,0.000003,0.000000,0.000000,-24.337963,1.301814,-85.653731,29.999996,9.154734,-1.032707,0.000003,0.000000,0.000000,-6.436091,1.301814,-85.653731,29.399996,7.949580,-0.904563,0.000003,0.000000,0.000000,0.000000,-0.316374,6.494952,0.600000,6.530275,1.693123,2.342293,0.000000,2.890156,nan,nan,nan,0,nan,nan,nan,0,nan,nan,nan,nan,nan,nan,nan,nan,nan,nan,nan,nan,nan,nan,nan,nan,nan,nan,nan,nan,nan,nan,nan,nan,nan,nan,nan,nan,nan,nan,nan,nan,nan,nan,nan,nan,nan,nan,nan,nan,nan,nan,nan,nan,nan,nan,nan,nan,nan,nan,3.000000,6.502653,-1.042431,6.418554,1.419893,2.517321,6.514944,-1.042431,6.418554,0.400000,9.212798,0.000000,2.890156,inf,1.000000,1.000000,0.000000,0.000000,0.000000,0.000000,0.000000,0.000000,0.000000,0.000000,0.000000,0.000000,25.000000,168.653759,5.115934,nan
36.240,TRACKING,6.639840,-0.232134,6.608600,0.600000,1.684802,2.272945,0.000000,1.996684,-92.311183,29.399997,7.569932,-3.250000,0.000003,0.000000,0.000000,-23.235307,1.764551,-85.702584,29.999997,9.254734,-0.977055,0.000003,0.000000,0.000000,-6.026591,1.764551,-85.702584,29.399997,7.955786,-0.846759,0.000003,0.000000,0.000000,0.000000,-0.232134,6.608600,0.600000,6.639840,1.684802,2.272945,0.000000,2.829283,nan,nan,nan,0,nan,nan,nan,0,nan,nan,nan,nan,nan,nan,nan,nan,nan,nan,nan,nan,nan,nan,nan,nan,nan,nan,nan,nan,nan,nan,nan,nan,nan,nan,nan,nan,nan,nan,nan,nan,nan,nan,nan,nan,nan,nan,nan,nan,nan,nan,nan,nan,nan,nan,nan,nan,nan,nan,3.000000,6.612675,-0.924688,6.547704,1.436854,2.437271,6.624762,-0.924688,6.547704,0.400000,9.306167,-0.000000,2.829283,inf,1.000000,1.000000,0.000000,0.000000,0.000000,0.000000,0.000000,0.000000,0.000000,0.000000,0.000000,0.000000,25.000000,168.768850,5.100659,nan
36.280,TRACKING,6.747157,-0.148258,6.718790,0.600000,1.677508,2.203815,0.000000,2.380545,-92.467433,29.399997,7.677226,-3.125000,0.000003,0.000000,0.000000,-22.148686,2.232287,-85.748643,29.999997,9.354734,-0.921185,0.000003,0.000000,0.000000,-5.623934,2.232287,-85.748643,29.399997,7.961492,-0.789920,0.000003,0.000000,0.000000,0.000000,-0.148258,6.718790,0.600000,6.747157,1.677508,2.203815,0.000000,2.769627,nan,nan,nan,0,nan,nan,nan,0,nan,nan,nan,nan,nan,nan,nan,nan,nan,nan,nan,nan,nan,nan,nan,nan,nan,nan,nan,nan,nan,nan,nan,nan,nan,nan,nan,nan,nan,nan,nan,nan,nan,nan,nan,nan,nan,nan,nan,nan,nan,nan,nan,nan,nan,nan,nan,nan,nan,nan,3.000000,6.720426,-0.805977,6.671921,1.453463,2.357600,6.732319,-0.805977,6.671921,0.400000,9.399980,-0.000000,2.769627,inf,1.000000,1.000000,0.000000,0.000000,0.000000,0.000000,0.000000,0.000000,0.000000,0.000000,0.000000,0.000000,25.000000,168.878721,5.086077,nan
36.340,TRACKING,6.852164,-0.064701,6.825538,0.600000,1.671151,2.134945,0.000000,2.769724,-92.617433,29.399997,7.783583,-3.000000,0.000003,0.000000,0.000000,-21.077991,2.705024,-85.791896,29.999997,9.454734,-0.865055,0.000003,0.000000,0.000000,-5.227689,2.705024,-85.791896,29.399997,7.966724,-0.733989,0.000003,0.000000,0.000000,0.000000,-0.064701,6.825538,0.600000,6.852164,1.671151,2.134945,0.000000,2.711224,nan,nan,nan,0,nan,nan,nan,0,nan,nan,nan,nan,nan,nan,nan,nan,nan,nan,nan,nan,nan,nan,nan,nan,nan,nan,nan,nan,nan,nan,nan,nan,nan,nan,nan,nan,nan,nan,nan,nan,nan,nan,nan,nan,nan,nan,nan,nan,nan,nan,nan,nan,nan,nan,nan,nan,nan,nan,3.000000,6.825844,-0.686332,6.791252,1.469677,2.278329,6.837554,-0.686332,6.791252,0.400000,9.494225,0.000000,2.711224,inf,1.000000,1.000000,0.000000,0.000000,0.000000,0.000000,0.000000,0.000000,0.000000,0.000000,0.000000,0.000000,25.000000,168.983428,5.072180,nan
36.380,TRACKING,6.954811,0.018582,6.928856,0.600000,1.665651,2.066378,0.000000,3.164179,-92.761183,29.399997,7.889083,-2.875000,0.000002,0.000000,0.000000,-20.023139,3.182761,-85.832327,29.999997,9.554734,-0.808622,0.000002,0.000000,0.000000,-4.837445,3.182761,-85.832327,29.399997,7.971504,-0.678911,0.000002,0.000000,0.000000,0.000000,0.018582,6.928856,0.600000,6.954811,1.665651,2.066378,0.000000,2.654112,nan,nan,nan,0,nan,nan,nan,0,nan,nan,nan,nan,nan,nan,nan,nan,nan,nan,nan,nan,nan,nan,nan,nan,nan,nan,nan,nan,nan,nan,nan,nan,nan,nan,nan,nan,nan,nan,nan,nan,nan,nan,nan,nan,nan,nan,nan,nan,nan,nan,nan,nan,nan,nan,nan,nan,nan,nan,3.000000,6.928881,-0.565788,6.905743,1.485462,2.199480,6.940418,-0.565788,6.905743,0.400000,9.588890,0.000000,2.654112,inf,1.000000,1.000000,0.000000,0.000000,0.000000,0.000000,0.000000,0.000000,0.000000,0.000000,0.000000,0.000000,25.000000,169.083029,5.058961,nan
36.440,TRACKING,7.055059,0.101629,7.028764,0.600000,1.660932,1.998157,0.000000,3.563869,-92.898683,29.399997,7.993802,-2.750000,0.000002,0.000000,0.000000,-18.984064,3.665497,-85.869919,29.999997,9.654734,-0.751843,0.000002,0.000000,0.000000,-4.452808,3.665497,-85.869919,29.399997,7.975853,-0.624633,0.000002,0.000000,0.000000,0.000000,0.101629,7.028764,0.600000,7.055059,1.660932,1.998157,0.000000,2.598331,nan,nan,nan,0,nan,nan,nan,0,nan,nan,nan,nan,nan,nan,nan,nan,nan,nan,nan,nan,nan,nan,nan,nan,nan,nan,nan,nan,nan,nan,nan,nan,nan,nan,nan,nan,nan,nan,nan,nan,nan,nan,nan,nan,nan,nan,nan,nan,nan,nan,nan,nan,nan,nan,nan,nan,nan,nan,3.000000,7.029499,-0.444377,7.015439,1.500786,2.121077,7.040870,-0.444377,7.015439,0.400000,9.683964,-0.000000,2.598331,inf,1.000000,1.000000,0.000000,0.000000,0.000000,0.000000,0.000000,0.000000,0.000000,0.000000,0.000000,0.000000,25.000000,169.177581,5.046412,nan
36.480,TRACKING,7.152776,0.180493,7.125280,0.600000,1.577286,1.930324,0.000000,3.968759,-93.029933,29.399997,8.097807,-2.625000,0.000002,0.000000,0.000000,-17.960715,4.149252,-85.904653,29.999997,9.675093,-0.694676,0.000002,0.000000,0.000000,-4.106816,4.149252,-85.904653,29.399997,7.979458,-0.572929,0.000002,0.000000,0.000000,0.000000,0.180493,7.125280,0.600000,7.152776,1.577286,1.930324,0.000000,2.492786,nan,nan,nan,0,nan,nan,nan,0,nan,nan,nan,nan,nan,nan,nan,nan,nan,nan,nan,nan,nan,nan,nan,nan,nan,nan,nan,nan,nan,nan,nan,nan,nan,nan,nan,nan,nan,nan,nan,nan,nan,nan,nan,nan,nan,nan,nan,nan,nan,nan,nan,nan,nan,nan,nan,nan,nan,nan,3.000000,7.127566,-0.330255,7.119911,1.434993,2.038326,7.138781,-0.330255,7.119911,0.400000,9.700000,0.000000,2.492786,inf,1.000000,1.000000,0.000000,0.000000,0.000000,0.000000,0.000000,0.000000,0.000000,0.000000,0.000000,0.000000,25.000000,169.267145,5.034525,nan
36.540,TRACKING,7.247779,0.254642,7.218411,0.600000,1.482986,1.862614,0.000000,4.378562,-93.154933,29.399997,8.196050,-2.500000,0.000002,0.000000,0.000000,-16.963016,4.633204,-85.936522,29.999997,9.679036,-0.637386,0.000002,0.000000,0.000000,-3.767614,4.633204,-85.936522,29.399997,7.982710,-0.525679,0.000002,0.000000,0.000000,0.000000,0.254642,7.218411,0.600000,7.247779,1.482986,1.862614,0.000000,2.380878,nan,nan,nan,0,nan,nan,nan,0,nan,nan,nan,nan,nan,nan,nan,nan,nan,nan,nan,nan,nan,nan,nan,nan,nan,nan,nan,nan,nan,nan,nan,nan,nan,nan,nan,nan,nan,nan,nan,nan,nan,nan,nan,nan,nan,nan,nan,nan,nan,nan,nan,nan,nan,nan,nan,nan,nan,nan,3.000000,7.222901,-0.220229,7.219543,1.357389,1.956035,7.233969,-0.220229,7.219543,0.400000,9.700000,-0.000000,2.380878,inf,1.000000,1.000000,0.000000,0.000000,0.000000,0.000000,0.000000,0.000000,0.000000,0.000000,0.000000,0.000000,25.000000,169.352375,5.023213,nan
36.580,TRACKING,7.339919,0.324360,7.308160,0.600000,1.394361,1.794967,0.000000,4.792976,-93.273683,29.399998,8.288281,-2.375000,0.000002,0.000000,0.000000,-15.989611,5.117336,-85.965524,29.999997,9.682642,-0.580033,0.000002,0.000000,0.000000,-3.428174,5.117336,-85.965524,29.399997,7.985684,-0.478378,0.000002,0.000000,0.000000,0.000000,0.324360,7.308160,0.600000,7.339919,1.394361,1.794967,0.000000,2.272917,nan,nan,nan,0,nan,nan,nan,0,nan,nan,nan,nan,nan,nan,nan,nan,nan,nan,nan,nan,nan,nan,nan,nan,nan,nan,nan,nan,nan,nan,nan,nan,nan,nan,nan,nan,nan,nan,nan,nan,nan,nan,nan,nan,nan,nan,nan,nan,nan,nan,nan,nan,nan,nan,nan,nan,nan,nan,3.000000,7.315354,-0.113228,7.314478,1.284532,1.875134,7.326282,-0.113228,7.314478,0.400000,9.700000,0.000000,2.272917,inf,1.000000,1.000000,0.000000,0.000000,0.000000,0.000000,0.000000,0.000000,0.000000,0.000000,0.000000,0.000000,25.000000,169.433447,5.012453,nan
36.640,TRACKING,7.429070,0.389910,7.394528,0.600000,1.310994,1.727379,0.000000,5.211721,-93.386183,29.399998,8.374917,-2.250000,0.000002,0.000000,0.000000,-15.037959,5.601631,-85.991655,29.999998,9.685911,-0.522621,0.000002,0.000000,0.000000,-3.088502,5.601631,-85.991655,29.399998,7.988380,-0.431027,0.000002,0.000000,0.000000,0.000000,0.389910,7.394528,0.600000,7.429070,1.310994,1.727379,0.000000,2.168535,nan,nan,nan,0,nan,nan,nan,0,nan,nan,nan,nan,nan,nan,nan,nan,nan,nan,nan,nan,nan,nan,nan,nan,nan,nan,nan,nan,nan,nan,nan,nan,nan,nan,nan,nan,nan,nan,nan,nan,nan,nan,nan,nan,nan,nan,nan,nan,nan,nan,nan,nan,nan,nan,nan,nan,nan,nan,3.000000,7.404801,-0.009062,7.404796,1.216021,1.795505,7.415597,-0.009062,7.404796,0.400000,9.700000,0.000000,2.168535,inf,1.000000,1.000000,0.000000,0.000000,0.000000,0.000000,0.000000,0.000000,0.000000,0.000000,0.000000,0.000000,25.000000,169.510411,5.002238,nan
36.680,TRACKING,7.515132,0.451538,7.477521,0.600000,1.232569,1.659848,0.000000,5.634535,-93.492433,29.399998,8.456272,-2.125000,0.000002,0.000000,0.000000,-14.105935,6.086073,-86.014912,29.999998,9.688841,-0.465152,0.000002,0.000000,0.000000,-2.748606,6.086073,-86.014912,29.399998,7.990796,-0.383631,0.000002,0.000000,0.000000,0.000000,0.451538,7.477521,0.600000,7.515132,1.232569,1.659848,0.000000,2.067443,nan,nan,nan,0,nan,nan,nan,0,nan,nan,nan,nan,nan,nan,nan,nan,nan,nan,nan,nan,nan,nan,nan,nan,nan,nan,nan,nan,nan,nan,nan,nan,nan,nan,nan,nan,nan,nan,nan,nan,nan,nan,nan,nan,nan,nan,nan,nan,nan,nan,nan,nan,nan,nan,nan,nan,nan,nan,3.000000,7.491142,0.092443,7.490571,1.151555,1.717045,7.501813,0.092443,7.490571,0.400000,9.700000,-0.000000,2.067443,inf,1.000000,1.000000,0.000000,0.000000,0.000000,0.000000,0.000000,0.000000,0.000000,0.000000,0.000000,0.000000,25.000000,169.583314,4.992562,nan
36.740,TRACKING,7.598021,0.509478,7.557139,0.600000,1.158789,1.592370,0.000000,6.061167,-93.592433,29.399998,8.532643,-2.000000,0.000002,0.000000,0.000000,-13.191641,6.570645,-86.035294,29.999998,9.691431,-0.407630,0.000002,0.000000,0.000000,-2.408492,6.570645,-86.035294,29.399998,7.992933,-0.336190,0.000002,0.000000,0.000000,0.000000,0.509478,7.557139,0.600000,7.598021,1.158789,1.592370,0.000000,1.969374,nan,nan,nan,0,nan,nan,nan,0,nan,nan,nan,nan,nan,nan,nan,nan,nan,nan,nan,nan,nan,nan,nan,nan,nan,nan,nan,nan,nan,nan,nan,nan,nan,nan,nan,nan,nan,nan,nan,nan,nan,nan,nan,nan,nan,nan,nan,nan,nan,nan,nan,nan,nan,nan,nan,nan,nan,nan,3.000000,7.574294,0.191448,7.571874,1.090848,1.639660,7.584848,0.191448,7.571874,0.400000,9.700000,0.000000,1.969374,inf,1.000000,1.000000,0.000000,0.000000,0.000000,0.000000,0.000000,0.000000,0.000000,0.000000,0.000000,0.000000,25.000000,169.652199,4.983420,nan
36.780,TRACKING,7.677671,0.563947,7.633386,0.600000,1.089375,1.524942,0.000000,6.491382,-93.686183,29.399998,8.604306,-1.875000,0.000002,0.000000,0.000000,-12.293375,7.055329,-86.052797,29.999998,9.693681,-0.350058,0.000002,0.000000,0.000000,-2.068168,7.055329,-86.052797,29.399998,7.994789,-0.288708,0.000002,0.000000,0.000000,0.000000,0.563947,7.633386,0.600000,7.677671,1.089375,1.524942,0.000000,1.874082,nan,nan,nan,0,nan,nan,nan,0,nan,nan,nan,nan,nan,nan,nan,nan,nan,nan,nan,nan,nan,nan,nan,nan,nan,nan,nan,nan,nan,nan,nan,nan,nan,nan,nan,nan,nan,nan,nan,nan,nan,nan,nan,nan,nan,nan,nan,nan,nan,nan,nan,nan,nan,nan,nan,nan,nan,nan,3.000000,7.654190,0.288102,7.648766,1.033633,1.563262,7.664635,0.288102,7.648766,0.400000,9.700000,0.000000,1.874082,inf,1.000000,1.000000,0.000000,0.000000,0.000000,0.000000,0.000000,0.000000,0.000000,0.000000,0.000000,0.000000,25.000000,169.717107,4.974805,nan
36.840,TRACKING,7.754026,0.615150,7.706264,0.600000,1.024066,1.457560,0.000000,6.924959,-93.773683,29.399998,8.671525,-1.750000,0.000002,0.000000,0.000000,-11.409612,7.540109,-86.067419,29.999998,9.695591,-0.292440,0.000002,0.000000,0.000000,-1.727638,7.540109,-86.067419,29.399998,7.996363,-0.241187,0.000002,0.000000,0.000000,0.000000,0.615150,7.706264,0.600000,7.754026,1.024066,1.457560,0.000000,1.781346,nan,nan,nan,0,nan,nan,nan,0,nan,nan,nan,nan,nan,nan,nan,nan,nan,nan,nan,nan,nan,nan,nan,nan,nan,nan,nan,nan,nan,nan,nan,nan,nan,nan,nan,nan,nan,nan,nan,nan,nan,nan,nan,nan,nan,nan,nan,nan,nan,nan,nan,nan,nan,nan,nan,nan,nan,nan,3.000000,7.730778,0.382539,7.721307,0.979657,1.487772,7.741119,0.382539,7.721307,0.400000,9.700000,0.000000,1.781346,inf,1.000000,1.000000,0.000000,0.000000,0.000000,0.000000,0.000000,0.000000,0.000000,0.000000,0.000000,0.000000,25.000000,169.778073,4.966713,nan
36.880,TRACKING,7.827045,0.663281,7.775776,0.600000,0.962615,1.390223,0.000000,7.361686,-93.854933,29.399998,8.734543,-1.625000,0.000002,0.000000,0.000000,-10.538985,8.024967,-86.079158,29.999998,9.697158,-0.234777,0.000002,0.000000,0.000000,-1.386910,8.024967,-86.079158,29.399998,7.997656,-0.193630,0.000002,0.000000,0.000000,0.000000,0.663281,7.775776,0.600000,7.827045,0.962615,1.390223,0.000000,1.690961,nan,nan,nan,0,nan,nan,nan,0,nan,nan,nan,nan,nan,nan,nan,nan,nan,nan,nan,nan,nan,nan,nan,nan,nan,nan,nan,nan,nan,nan,nan,nan,nan,nan,nan,nan,nan,nan,nan,nan,nan,nan,nan,nan,nan,nan,nan,nan,nan,nan,nan,nan,nan,nan,nan,nan,nan,nan,3.000000,7.804014,0.474883,7.789552,0.928684,1.413115,7.814258,0.474883,7.789552,0.400000,9.700000,0.000000,1.690961,inf,1.000000,1.000000,0.000000,0.000000,0.000000,0.000000,0.000000,0.000000,0.000000,0.000000,0.000000,0.000000,25.000000,169.835133,4.959140,nan
36.940,TRACKING,7.896692,0.708520,7.841922,0.600000,0.904790,1.322927,0.000000,7.801366,-93.929933,29.399998,8.793593,-1.500000,0.000002,0.000000,0.000000,-9.680270,8.509886,-86.088011,29.999998,9.698384,-0.177073,0.000002,0.000000,0.000000,-1.045989,8.509886,-86.088011,29.399998,7.998667,-0.146040,0.000002,0.000000,0.000000,0.000000,0.708520,7.841922,0.600000,7.896692,0.904790,1.322927,0.000000,1.602742,nan,nan,nan,0,nan,nan,nan,0,nan,nan,nan,nan,nan,nan,nan,nan,nan,nan,nan,nan,nan,nan,nan,nan,nan,nan,nan,nan,nan,nan,nan,nan,nan,nan,nan,nan,nan,nan,nan,nan,nan,nan,nan,nan,nan,nan,nan,nan,nan,nan,nan,nan,nan,nan,nan,nan,nan,nan,3.000000,7.873864,0.565248,7.853549,0.880490,1.339224,7.884018,0.565248,7.853549,0.400000,9.700000,0.000000,1.602742,inf,1.000000,1.000000,0.000000,0.000000,0.000000,0.000000,0.000000,0.000000,0.000000,0.000000,0.000000,0.000000,25.000000,169.888318,4.952081,nan
36.980,TRACKING,7.962941,0.751039,7.904705,0.600000,0.850375,1.255669,0.000000,8.243810,-93.998683,29.399998,8.848891,-1.375000,0.000001,0.000000,0.000000,-8.832368,8.994849,-86.093978,29.999998,9.699266,-0.119331,0.000002,0.000000,0.000000,-0.704882,8.994849,-86.093978,29.399998,7.999395,-0.098418,0.000001,0.000000,0.000000,0.000000,0.751039,7.904705,0.600000,7.962941,0.850375,1.255669,0.000000,1.516523,nan,nan,nan,0,nan,nan,nan,0,nan,nan,nan,nan,nan,nan,nan,nan,nan,nan,nan,nan,nan,nan,nan,nan,nan,nan,nan,nan,nan,nan,nan,nan,nan,nan,nan,nan,nan,nan,nan,nan,nan,nan,nan,nan,nan,nan,nan,nan,nan,nan,nan,nan,nan,nan,nan,nan,nan,nan,3.000000,7.940304,0.653737,7.913347,0.834863,1.266035,7.950373,0.653737,7.913347,0.400000,9.700000,-0.000000,1.516523,inf,1.000000,1.000000,0.000000,0.000000,0.000000,0.000000,0.000000,0.000000,0.000000,0.000000,0.000000,0.000000,25.000000,169.937658,4.945533,nan
37.040,TRACKING,8.025771,0.790997,7.964128,0.600000,0.799163,1.188445,0.000000,8.688842,-94.061183,29.399998,8.900641,-1.250000,0.000001,0.000000,0.000000,-7.994296,9.479839,-86.097055,29.999998,9.699805,-0.061555,0.000001,0.000000,0.000000,-0.363593,9.479839,-86.097055,29.399998,7.999839,-0.050767,0.000001,0.000000,0.000000,0.000000,0.790997,7.964128,0.600000,8.025771,0.799163,1.188445,0.000000,1.432154,nan,nan,nan,0,nan,nan,nan,0,nan,nan,nan,nan,nan,nan,nan,nan,nan,nan,nan,nan,nan,nan,nan,nan,nan,nan,nan,nan,nan,nan,nan,nan,nan,nan,nan,nan,nan,nan,nan,nan,nan,nan,nan,nan,nan,nan,nan,nan,nan,nan,nan,nan,nan,nan,nan,nan,nan,nan,3.000000,8.003312,0.740442,7.968987,0.791606,1.193493,8.013302,0.740442,7.968987,0.400000,9.700000,-0.000000,1.432154,inf,1.000000,1.000000,0.000000,0.000000,0.000000,0.000000,0.000000,0.000000,0.000000,0.000000,0.000000,0.000000,25.000000,169.983181,4.939491,nan
37.080,TRACKING,8.085168,0.828545,8.020190,0.600000,0.750964,1.121254,0.000000,9.136294,-94.117433,29.399998,8.949035,-1.125000,0.000001,0.000000,0.000000,-7.165173,9.964839,-86.097243,29.999998,9.699999,-0.003746,0.000001,0.000000,0.000000,-0.022128,9.964839,-86.097243,29.399998,7.999999,-0.003090,0.000001,0.000000,0.000000,0.000000,0.828545,8.020190,0.600000,8.085168,0.750964,1.121254,0.000000,1.349502,nan,nan,nan,0,nan,nan,nan,0,nan,nan,nan,nan,nan,nan,nan,nan,nan,nan,nan,nan,nan,nan,nan,nan,nan,nan,nan,nan,nan,nan,nan,nan,nan,nan,nan,nan,nan,nan,nan,nan,nan,nan,nan,nan,nan,nan,nan,nan,nan,nan,nan,nan,nan,nan,nan,nan,nan,nan,3.000000,8.062874,0.825448,8.020510,0.750531,1.121544,8.072790,0.825448,8.020510,0.400000,9.700000,0.000000,1.349502,inf,1.000000,1.000000,0.000000,0.000000,0.000000,0.000000,0.000000,0.000000,0.000000,0.000000,0.000000,0.000000,25.000000,170.024913,4.933952,nan
37.140,TRACKING,8.141119,0.863825,8.072895,0.600000,0.705595,1.054091,0.000000,9.586007,-94.167433,29.399998,8.994254,-1.000000,0.000001,0.000000,0.000000,-6.344209,10.449832,-86.094538,29.999998,9.699849,0.054091,0.000001,0.000000,0.000000,0.319507,10.449832,-86.094538,29.399998,7.999876,0.044611,0.000001,0.000000,0.000000,0.000000,0.863825,8.072895,0.600000,8.141119,0.705595,1.054091,0.000000,1.268453,nan,nan,nan,0,nan,nan,nan,0,nan,nan,nan,nan,nan,nan,nan,nan,nan,nan,nan,nan,nan,nan,nan,nan,nan,nan,nan,nan,nan,nan,nan,nan,nan,nan,nan,nan,nan,nan,nan,nan,nan,nan,nan,nan,nan,nan,nan,nan,nan,nan,nan,nan,nan,nan,nan,nan,nan,nan,3.000000,8.118979,0.908829,8.067952,0.711463,1.050140,8.128827,0.908829,8.067952,0.400000,9.700000,0.000000,1.268453,inf,1.000000,1.000000,0.000000,0.000000,0.000000,0.000000,0.000000,0.000000,0.000000,0.000000,0.000000,0.000000,25.000000,170.062878,4.928913,nan
37.180,TRACKING,8.193618,0.896969,8.122243,0.600000,0.662888,0.986955,0.000000,10.037830,-94.211183,29.399998,9.036466,-0.875000,0.000001,0.000000,0.000000,-5.530702,10.934799,-86.088940,29.999998,9.699354,0.111955,0.000001,0.000000,0.000000,0.661307,10.934799,-86.088940,29.399998,7.999467,0.092334,0.000001,0.000000,0.000000,0.000000,0.896969,8.122243,0.600000,8.193618,0.662888,0.986955,0.000000,1.188907,nan,nan,nan,0,nan,nan,nan,0,nan,nan,nan,nan,nan,nan,nan,nan,nan,nan,nan,nan,nan,nan,nan,nan,nan,nan,nan,nan,nan,nan,nan,nan,nan,nan,nan,nan,nan,nan,nan,nan,nan,nan,nan,nan,nan,nan,nan,nan,nan,nan,nan,nan,nan,nan,nan,nan,nan,nan,3.000000,8.171620,0.990654,8.111349,0.674235,0.979238,8.181405,0.990654,8.111349,0.400000,9.700000,0.000000,1.188907,inf,1.000000,1.000000,0.000000,0.000000,0.000000,0.000000,0.000000,0.000000,0.000000,0.000000,0.000000,0.000000,25.000000,170.097099,4.924372,nan
37.240,TRACKING,8.242659,0.928104,8.168235,0.600000,0.622682,0.919842,0.000000,10.491621,-94.248683,29.399999,9.075830,-0.750000,0.000001,0.000000,0.000000,-4.724021,11.419725,-86.080448,29.999999,9.698513,0.169842,0.000001,0.000000,0.000000,1.003268,11.419725,-86.080448,29.399999,7.998774,0.140076,0.000001,0.000000,0.000000,0.000000,0.928104,8.168235,0.600000,8.242659,0.622682,0.919842,0.000000,1.110784,nan,nan,nan,0,nan,nan,nan,0,nan,nan,nan,nan,nan,nan,nan,nan,nan,nan,nan,nan,nan,nan,nan,nan,nan,nan,nan,nan,nan,nan,nan,nan,nan,nan,nan,nan,nan,nan,nan,nan,nan,nan,nan,nan,nan,nan,nan,nan,nan,nan,nan,nan,nan,nan,nan,nan,nan,nan,3.000000,8.220793,1.070983,8.150732,0.638693,0.908798,8.230519,1.070983,8.150732,0.400000,9.700000,0.000000,1.110784,inf,1.000000,1.000000,0.000000,0.000000,0.000000,0.000000,0.000000,0.000000,0.000000,0.000000,0.000000,0.000000,25.000000,170.127597,4.920324,nan
37.280,TRACKING,8.288241,0.957345,8.210872,0.600000,0.584828,0.852749,0.000000,10.947246,-94.279933,29.399999,9.112498,-0.625000,0.000001,0.000000,0.000000,-3.923608,11.904591,-86.069061,29.999999,9.697326,0.227749,0.000001,0.000000,0.000000,1.345385,11.904591,-86.069061,29.399999,7.997795,0.187834,0.000001,0.000000,0.000000,0.000000,0.957345,8.210872,0.600000,8.288241,0.584828,0.852749,0.000000,1.034023,nan,nan,nan,0,nan,nan,nan,0,nan,nan,nan,nan,nan,nan,nan,nan,nan,nan,nan,nan,nan,nan,nan,nan,nan,nan,nan,nan,nan,nan,nan,nan,nan,nan,nan,nan,nan,nan,nan,nan,nan,nan,nan,nan,nan,nan,nan,nan,nan,nan,nan,nan,nan,nan,nan,nan,nan,nan,3.000000,8.266495,1.149866,8.186131,0.604689,0.838782,8.276166,1.149866,8.186131,0.400000,9.700000,-0.000000,1.034023,inf,1.000000,1.000000,0.000000,0.000000,0.000000,0.000000,0.000000,0.000000,0.000000,0.000000,0.000000,0.000000,25.000000,170.154393,4.916767,nan
37.340,TRACKING,8.330361,0.984804,8.250156,0.600000,0.549184,0.785673,0.000000,11.404577,-94.304933,29.399999,9.146609,-0.500000,0.000001,0.000000,0.000000,-3.128964,12.389381,-86.054777,29.999999,9.695792,0.285673,0.000001,0.000000,0.000000,1.687652,12.389381,-86.054777,29.399999,7.996530,0.235607,0.000001,0.000000,0.000000,0.000000,0.984804,8.250156,0.600000,8.330361,0.549184,0.785673,0.000000,0.958585,nan,nan,nan,0,nan,nan,nan,0,nan,nan,nan,nan,nan,nan,nan,nan,nan,nan,nan,nan,nan,nan,nan,nan,nan,nan,nan,nan,nan,nan,nan,nan,nan,nan,nan,nan,nan,nan,nan,nan,nan,nan,nan,nan,nan,nan,nan,nan,nan,nan,nan,nan,nan,nan,nan,nan,nan,nan,3.000000,8.308725,1.227351,8.217574,0.572084,0.769158,8.318348,1.227351,8.217574,0.400000,9.700000,0.000000,0.958585,inf,1.000000,1.000000,0.000000,0.000000,0.000000,0.000000,0.000000,0.000000,0.000000,0.000000,0.000000,0.000000,25.000000,170.177507,4.913700,nan
37.380,TRACKING,8.369021,1.010585,8.286086,0.600000,0.515617,0.718612,0.000000,11.863492,-94.323683,29.399999,9.178295,-0.375000,0.000001,0.000000,0.000000,-2.339647,12.874077,-86.037597,29.999999,9.693912,0.343612,0.000001,0.000000,0.000000,2.030066,12.874077,-86.037597,29.399999,7.994979,0.283391,0.000001,0.000000,0.000000,0.000000,1.010585,8.286086,0.600000,8.369021,0.515617,0.718612,0.000000,0.884457,nan,nan,nan,0,nan,nan,nan,0,nan,nan,nan,nan,nan,nan,nan,nan,nan,nan,nan,nan,nan,nan,nan,nan,nan,nan,nan,nan,nan,nan,nan,nan,nan,nan,nan,nan,nan,nan,nan,nan,nan,nan,nan,nan,nan,nan,nan,nan,nan,nan,nan,nan,nan,nan,nan,nan,nan,nan,3.000000,8.347485,1.303476,8.245087,0.540750,0.699896,8.357064,1.303476,8.245087,0.400000,9.700000,-0.000000,0.884457,inf,1.000000,1.000000,0.000000,0.000000,0.000000,0.000000,0.000000,0.000000,0.000000,0.000000,0.000000,0.000000,25.000000,170.196955,4.911118,nan
37.440,TRACKING,8.404223,1.034785,8.318665,0.600000,0.484003,0.651563,0.000000,12.323876,-94.336183,29.399999,9.207681,-0.250000,0.000001,0.000000,0.000000,-1.555270,13.358661,-86.017519,29.999999,9.691684,0.401563,0.000001,0.000000,0.000000,2.372622,13.358661,-86.017519,29.399999,7.993142,0.331186,0.000001,0.000000,0.000000,0.000000,1.034785,8.318665,0.600000,8.404223,0.484003,0.651563,0.000000,0.811661,nan,nan,nan,0,nan,nan,nan,0,nan,nan,nan,nan,nan,nan,nan,nan,nan,nan,nan,nan,nan,nan,nan,nan,nan,nan,nan,nan,nan,nan,nan,nan,nan,nan,nan,nan,nan,nan,nan,nan,nan,nan,nan,nan,nan,nan,nan,nan,nan,nan,nan,nan,nan,nan,nan,nan,nan,nan,3.000000,8.382778,1.378276,8.268695,0.510562,0.630967,8.392316,1.378276,8.268695,0.400000,9.700000,0.000000,0.811661,inf,1.000000,1.000000,0.000000,0.000000,0.000000,0.000000,0.000000,0.000000,0.000000,0.000000,0.000000,0.000000,25.000000,170.212758,4.909021,nan
37.480,TRACKING,8.435969,1.057496,8.347891,0.600000,0.454225,0.584523,0.000000,12.785620,-94.342433,29.399999,9.234884,-0.125000,0.000001,0.000000,0.000000,-0.775487,13.843116,-85.994542,29.999999,9.689109,0.459523,0.000001,0.000000,0.000000,2.715316,13.843116,-85.994542,29.399999,7.991018,0.378988,0.000001,0.000000,0.000000,0.000000,1.057496,8.347891,0.600000,8.435969,0.454225,0.584523,0.000000,0.740262,nan,nan,nan,0,nan,nan,nan,0,nan,nan,nan,nan,nan,nan,nan,nan,nan,nan,nan,nan,nan,nan,nan,nan,nan,nan,nan,nan,nan,nan,nan,nan,nan,nan,nan,nan,nan,nan,nan,nan,nan,nan,nan,nan,nan,nan,nan,nan,nan,nan,nan,nan,nan,nan,nan,nan,nan,nan,3.000000,8.414605,1.451778,8.288421,0.481406,0.562348,8.424107,1.451778,8.288421,0.400000,9.700000,0.000000,0.740262,inf,1.000000,1.000000,0.000000,0.000000,0.000000,0.000000,0.000000,0.000000,0.000000,0.000000,0.000000,0.000000,20.000000,169.942201,0.017077,nan
37.540,TRACKING,8.464264,1.078805,8.373765,0.600000,0.426173,0.517488,0.000000,13.248620,-94.342433,29.399999,9.260014,0.000000,0.000001,0.000000,0.000000,0.000000,14.327426,-85.968668,29.999999,9.686186,0.517488,0.000001,0.000000,0.000000,3.058143,14.327426,-85.968668,29.399999,7.988607,0.426795,0.000001,0.000000,0.000000,0.000000,1.078805,8.373765,0.600000,8.464264,0.426173,0.517488,0.000000,0.670386,nan,nan,nan,0,nan,nan,nan,0,nan,nan,nan,nan,nan,nan,nan,nan,nan,nan,nan,nan,nan,nan,nan,nan,nan,nan,nan,nan,nan,nan,nan,nan,nan,nan,nan,nan,nan,nan,nan,nan,nan,nan,nan,nan,nan,nan,nan,nan,nan,nan,nan,nan,nan,nan,nan,nan,nan,nan,3.000000,8.442971,1.524003,8.304287,0.453173,0.494015,8.452441,1.524003,8.304287,0.400000,9.700000,0.000000,0.670386,inf,1.000000,1.000000,0.000000,0.000000,0.000000,0.000000,0.000000,0.000000,0.000000,0.000000,0.000000,0.000000,20.000000,169.973099,0.041008,nan
37.580,TRACKING,8.489110,1.098792,8.396288,0.600000,0.399742,0.450458,0.000000,13.712779,-94.336183,29.399999,9.283173,0.125000,0.000001,0.000000,0.000000,0.771454,14.811571,-85.939895,29.999999,9.682915,0.575458,0.000001,0.000000,0.000000,3.401100,14.811571,-85.939895,29.399999,7.985910,0.474604,0.000001,0.000000,0.000000,0.000000,1.098792,8.396288,0.600000,8.489110,0.399742,0.450458,0.000000,0.602251,nan,nan,nan,0,nan,nan,nan,0,nan,nan,nan,nan,nan,nan,nan,nan,nan,nan,nan,nan,nan,nan,nan,nan,nan,nan,nan,nan,nan,nan,nan,nan,nan,nan,nan,nan,nan,nan,nan,nan,nan,nan,nan,nan,nan,nan,nan,nan,nan,nan,nan,nan,nan,nan,nan,nan,nan,nan,3.000000,8.467880,1.594971,8.316313,0.425761,0.425949,8.477323,1.594971,8.316313,0.400000,9.700000,0.000000,0.602251,inf,1.000000,1.000000,0.000000,0.000000,0.000000,0.000000,0.000000,0.000000,0.000000,0.000000,0.000000,0.000000,20.000000,170.000028,0.064940,nan
37.640,TRACKING,8.510513,1.117534,8.415459,0.600000,0.374836,0.383428,0.000000,14.178002,-94.323683,29.399999,9.304460,0.250000,0.000001,0.000000,0.000000,1.539101,15.295536,-85.908224,29.999999,9.679296,0.633428,0.000001,0.000000,0.000000,3.744182,15.295536,-85.908224,29.399999,7.982924,0.522414,0.000001,0.000000,0.000000,0.000000,1.117534,8.415459,0.600000,8.510513,0.374836,0.383428,0.000000,0.536208,nan,nan,nan,0,nan,nan,nan,0,nan,nan,nan,nan,nan,nan,nan,nan,nan,nan,nan,nan,nan,nan,nan,nan,nan,nan,nan,nan,nan,nan,nan,nan,nan,nan,nan,nan,nan,nan,nan,nan,nan,nan,nan,nan,nan,nan,nan,nan,nan,nan,nan,nan,nan,nan,nan,nan,nan,nan,3.000000,8.489337,1.664693,8.324520,0.399074,0.358132,8.498755,1.664693,8.324520,0.400000,9.700000,0.000000,0.536208,inf,1.000000,1.000000,0.000000,0.000000,0.000000,0.000000,0.000000,0.000000,0.000000,0.000000,0.000000,0.000000,20.000000,170.023011,0.088891,nan
37.680,TRACKING,8.528477,1.135102,8.431279,0.600000,0.351363,0.316395,0.000000,14.644200,-94.304933,29.399999,9.323965,0.375000,0.000001,0.000000,0.000000,2.303134,15.779303,-85.873654,29.999999,9.675328,0.691395,0.000001,0.000000,0.000000,4.087387,15.779303,-85.873654,29.399999,7.979652,0.570223,0.000001,0.000000,0.000000,0.000000,1.135102,8.431279,0.600000,8.528477,0.351363,0.316395,0.000000,0.472823,nan,nan,nan,0,nan,nan,nan,0,nan,nan,nan,nan,nan,nan,nan,nan,nan,nan,nan,nan,nan,nan,nan,nan,nan,nan,nan,nan,nan,nan,nan,nan,nan,nan,nan,nan,nan,nan,nan,nan,nan,nan,nan,nan,nan,nan,nan,nan,nan,nan,nan,nan,nan,nan,nan,nan,nan,nan,3.000000,8.507345,1.733179,8.328927,0.373021,0.290546,8.516744,1.733179,8.328927,0.400000,9.700000,0.000000,0.472823,inf,1.000000,1.000000,0.000000,0.000000,0.000000,0.000000,0.000000,0.000000,0.000000,0.000000,0.000000,0.000000,20.000000,170.042067,0.112876,nan
37.740,TRACKING,8.543007,1.151564,8.443747,0.600000,0.329237,0.249358,0.000000,15.111289,-94.279933,29.399999,9.341775,0.500000,0.000001,0.000000,0.000000,3.063720,16.262853,-85.836186,29.999999,9.671011,0.749358,0.000001,0.000000,0.000000,4.430709,16.262853,-85.836186,29.399999,7.976092,0.618027,0.000001,0.000000,0.000000,0.000000,1.151564,8.443747,0.600000,8.543007,0.329237,0.249358,0.000000,0.413009,nan,nan,nan,0,nan,nan,nan,0,nan,nan,nan,nan,nan,nan,nan,nan,nan,nan,nan,nan,nan,nan,nan,nan,nan,nan,nan,nan,nan,nan,nan,nan,nan,nan,nan,nan,nan,nan,nan,nan,nan,nan,nan,nan,nan,nan,nan,nan,nan,nan,nan,nan,nan,nan,nan,nan,nan,nan,3.000000,8.521911,1.800431,8.329551,0.347517,0.223178,8.531293,1.800431,8.329551,0.400000,9.700000,0.000000,0.413009,inf,1.000000,1.000000,0.000000,0.000000,0.000000,0.000000,0.000000,0.000000,0.000000,0.000000,0.000000,0.000000,20.000000,170.057216,0.136909,nan
37.780,TRACKING,8.554106,1.166983,8.452863,0.600000,0.308377,0.182313,0.000000,15.579188,-94.248683,29.399999,9.357969,0.625000,0.000001,0.000000,0.000000,3.820996,16.746170,-85.795820,29.999999,9.666346,0.807313,0.000001,0.000000,0.000000,4.774147,16.746170,-85.795820,29.399999,7.972244,0.665826,0.000001,0.000000,0.000000,0.000000,1.166983,8.452863,0.600000,8.554106,0.308377,0.182313,0.000000,0.358238,nan,nan,nan,0,nan,nan,nan,0,nan,nan,nan,nan,nan,nan,nan,nan,nan,nan,nan,nan,nan,nan,nan,nan,nan,nan,nan,nan,nan,nan,nan,nan,nan,nan,nan,nan,nan,nan,nan,nan,nan,nan,nan,nan,nan,nan,nan,nan,nan,nan,nan,nan,nan,nan,nan,nan,nan,nan,3.000000,8.533038,1.866450,8.326410,0.322481,0.156015,8.542408,1.866450,8.326410,0.400000,9.700000,0.000000,0.358238,inf,1.000000,1.000000,0.000000,0.000000,0.000000,0.000000,0.000000,0.000000,0.000000,0.000000,0.000000,0.000000,20.000000,170.068475,0.161002,nan
37.840,TRACKING,8.561781,1.181418,8.458626,0.600000,0.288708,0.115259,0.000000,16.047819,-94.211183,29.399999,9.372624,0.750000,0.000001,0.000000,0.000000,4.575076,17.229237,-85.752558,29.999999,9.661332,0.865259,0.000001,0.000000,0.000000,5.117695,17.229237,-85.752558,29.399999,7.968109,0.713615,0.000001,0.000000,0.000000,0.000000,1.181418,8.458626,0.600000,8.561781,0.288708,0.115259,0.000000,0.310865,nan,nan,nan,0,nan,nan,nan,0,nan,nan,nan,nan,nan,nan,nan,nan,nan,nan,nan,nan,nan,nan,nan,nan,nan,nan,nan,nan,nan,nan,nan,nan,nan,nan,nan,nan,nan,nan,nan,nan,nan,nan,nan,nan,nan,nan,nan,nan,nan,nan,nan,nan,nan,nan,nan,nan,nan,nan,3.000000,8.540732,1.931234,8.319521,0.297838,0.089046,8.550093,1.931234,8.319521,0.400000,9.700000,0.000000,0.310865,inf,1.000000,1.000000,0.000000,0.000000,0.000000,0.000000,0.000000,0.000000,0.000000,0.000000,0.000000,0.000000,20.000000,170.075861,0.185167,nan
37.880,TRACKING,8.566036,1.194926,8.461035,0.600000,0.270158,0.048191,0.000000,16.517109,-94.167433,29.399999,9.385810,0.875000,0.000001,0.000000,0.000000,5.326053,17.712035,-85.706398,29.999999,9.655968,0.923191,0.000001,0.000000,0.000000,5.461352,17.712035,-85.706398,29.399999,7.963685,0.761394,0.000001,0.000000,0.000000,0.000000,1.194926,8.461035,0.600000,8.566036,0.270158,0.048191,0.000000,0.274422,nan,nan,nan,0,nan,nan,nan,0,nan,nan,nan,nan,nan,nan,nan,nan,nan,nan,nan,nan,nan,nan,nan,nan,nan,nan,nan,nan,nan,nan,nan,nan,nan,nan,nan,nan,nan,nan,nan,nan,nan,nan,nan,nan,nan,nan,nan,nan,nan,nan,nan,nan,nan,nan,nan,nan,nan,nan,3.000000,8.544997,1.994775,8.308901,0.273518,0.022260,8.554354,1.994775,8.308901,0.400000,9.700000,0.000000,0.274422,inf,1.000000,1.000000,0.000000,0.000000,0.000000,0.000000,0.000000,0.000000,0.000000,0.000000,0.000000,0.000000,20.000000,170.079389,0.209413,nan
37.940,TRACKING,8.566874,1.207559,8.460091,0.600000,0.252659,-0.018893,0.000000,16.986989,-94.117433,29.399999,9.397596,1.000000,0.000001,0.000000,0.000000,6.073998,18.194548,-85.657343,29.999999,9.650255,0.981107,0.000001,0.000000,0.000000,5.805113,18.194548,-85.657343,29.399999,7.958973,0.809161,0.000001,0.000000,0.000000,0.000000,1.207559,8.460091,0.600000,8.566874,0.252659,-0.018893,0.000000,0.253364,nan,nan,nan,0,nan,nan,nan,0,nan,nan,nan,nan,nan,nan,nan,nan,nan,nan,nan,nan,nan,nan,nan,nan,nan,nan,nan,nan,nan,nan,nan,nan,nan,nan,nan,nan,nan,nan,nan,nan,nan,nan,nan,nan,nan,nan,nan,nan,nan,nan,nan,nan,nan,nan,nan,nan,nan,nan,3.000000,8.545837,2.057063,8.294566,0.249452,-0.044351,8.555193,2.057063,8.294566,0.400000,9.700000,0.000000,0.253364,inf,1.000000,1.000000,0.000000,0.000000,0.000000,0.000000,0.000000,0.000000,0.000000,0.000000,0.000000,0.000000,20.000000,170.079071,0.233750,nan
37.980,TRACKING,8.564301,1.219367,8.455791,0.600000,0.236149,-0.085994,0.000000,17.457391,-94.061183,29.399999,9.408044,1.125000,0.000001,0.000000,0.000000,6.818966,18.676758,-85.605392,29.999999,9.644193,1.039006,0.000001,0.000000,0.000000,6.148976,18.676758,-85.605392,29.399999,7.953974,0.856912,0.000001,0.000000,0.000000,0.000000,1.219367,8.455791,0.600000,8.564301,0.236149,-0.085994,0.000000,0.251319,nan,nan,nan,0,nan,nan,nan,0,nan,nan,nan,nan,nan,nan,nan,nan,nan,nan,nan,nan,nan,nan,nan,nan,nan,nan,nan,nan,nan,nan,nan,nan,nan,nan,nan,nan,nan,nan,nan,nan,nan,nan,nan,nan,nan,nan,nan,nan,nan,nan,nan,nan,nan,nan,nan,nan,nan,nan,3.000000,8.543258,2.118085,8.276531,0.225579,-0.110794,8.552617,2.118085,8.276531,0.400000,9.700000,0.000000,0.251319,inf,1.000000,1.000000,0.000000,0.000000,0.000000,0.000000,0.000000,0.000000,0.000000,0.000000,0.000000,0.000000,20.000000,170.074923,0.258186,nan
38.040,TRACKING,8.558321,1.230395,8.448135,0.600000,0.220568,-0.153117,0.000000,17.928252,-93.998683,29.399999,9.417214,1.250000,0.000001,0.000000,0.000000,7.560994,19.158647,-85.550548,29.999999,9.637782,1.096883,0.000001,0.000000,0.000000,6.492938,19.158647,-85.550548,29.399999,7.948686,0.904646,0.000001,0.000000,0.000000,0.000000,1.230395,8.448135,0.600000,8.558321,0.220568,-0.153117,0.000000,0.268506,nan,nan,nan,0,nan,nan,nan,0,nan,nan,nan,nan,nan,nan,nan,nan,nan,nan,nan,nan,nan,nan,nan,nan,nan,nan,nan,nan,nan,nan,nan,nan,nan,nan,nan,nan,nan,nan,nan,nan,nan,nan,nan,nan,nan,nan,nan,nan,nan,nan,nan,nan,nan,nan,nan,nan,nan,nan,3.000000,8.537263,2.177824,8.254813,0.201839,-0.177077,8.546628,2.177824,8.254813,0.400000,9.700000,0.000000,0.268506,inf,1.000000,1.000000,0.000000,0.000000,0.000000,0.000000,0.000000,0.000000,0.000000,0.000000,0.000000,0.000000,20.000000,170.066954,0.282728,nan
38.080,TRACKING,8.548938,1.240688,8.437122,0.600000,0.205861,-0.220263,0.000000,18.399510,-93.929933,29.399999,9.425160,1.375000,0.000001,0.000000,0.000000,8.300106,19.640198,-85.492811,29.999999,9.631022,1.154737,0.000001,0.000000,0.000000,6.836994,19.640198,-85.492811,29.399999,7.943111,0.952361,0.000001,0.000000,0.000000,0.000000,1.240688,8.437122,0.600000,8.548938,0.205861,-0.220263,0.000000,0.301487,nan,nan,nan,0,nan,nan,nan,0,nan,nan,nan,nan,nan,nan,nan,nan,nan,nan,nan,nan,nan,nan,nan,nan,nan,nan,nan,nan,nan,nan,nan,nan,nan,nan,nan,nan,nan,nan,nan,nan,nan,nan,nan,nan,nan,nan,nan,nan,nan,nan,nan,nan,nan,nan,nan,nan,nan,nan,3.000000,8.527856,2.236263,8.229426,0.178176,-0.243203,8.537232,2.236263,8.229426,0.400000,9.700000,0.000000,0.301487,inf,1.000000,1.000000,0.000000,0.000000,0.000000,0.000000,0.000000,0.000000,0.000000,0.000000,0.000000,0.000000,20.000000,170.055179,0.307383,nan
38.140,TRACKING,8.536155,1.250287,8.422750,0.600000,0.191976,-0.287435,0.000000,18.871107,-93.854933,29.399999,9.431936,1.500000,0.000001,0.000000,0.000000,9.036311,20.121394,-85.432183,29.999999,9.623912,1.212565,0.000001,0.000000,0.000000,7.181144,20.121394,-85.432183,29.399999,7.937247,1.000054,0.000001,0.000000,0.000000,0.000000,1.250287,8.422750,0.600000,8.536155,0.191976,-0.287435,0.000000,0.345649,nan,nan,nan,0,nan,nan,nan,0,nan,nan,nan,nan,nan,nan,nan,nan,nan,nan,nan,nan,nan,nan,nan,nan,nan,nan,nan,nan,nan,nan,nan,nan,nan,nan,nan,nan,nan,nan,nan,nan,nan,nan,nan,nan,nan,nan,nan,nan,nan,nan,nan,nan,nan,nan,nan,nan,nan,nan,3.000000,8.515042,2.293380,8.200387,0.154539,-0.309178,8.524432,2.293380,8.200387,0.400000,9.700000,0.000000,0.345649,inf,1.000000,1.000000,0.000000,0.000000,0.000000,0.000000,0.000000,0.000000,0.000000,0.000000,0.000000,0.000000,20.000000,170.039606,0.332156,nan
38.180,TRACKING,8.519976,1.259230,8.405018,0.600000,0.178862,-0.354635,0.000000,19.342986,-93.773683,29.399999,9.437591,1.625000,0.000001,0.000000,0.000000,9.769607,20.602216,-85.368665,29.999999,9.616453,1.270365,0.000001,0.000000,0.000000,7.525383,20.602216,-85.368665,29.399999,7.931096,1.047723,0.000001,0.000000,0.000000,0.000000,1.259230,8.405018,0.600000,8.519976,0.178862,-0.354635,0.000000,0.397188,nan,nan,nan,0,nan,nan,nan,0,nan,nan,nan,nan,nan,nan,nan,nan,nan,nan,nan,nan,nan,nan,nan,nan,nan,nan,nan,nan,nan,nan,nan,nan,nan,nan,nan,nan,nan,nan,nan,nan,nan,nan,nan,nan,nan,nan,nan,nan,nan,nan,nan,nan,nan,nan,nan,nan,nan,nan,3.000000,8.498823,2.349151,8.167710,0.130876,-0.375006,8.508231,2.349151,8.167710,0.400000,9.700000,0.000000,0.397188,inf,1.000000,1.000000,0.000000,0.000000,0.000000,0.000000,0.000000,0.000000,0.000000,0.000000,0.000000,0.000000,20.000000,170.020246,0.357052,nan
38.240,TRACKING,8.500405,1.267554,8.383925,0.600000,0.166474,-0.421867,0.000000,19.815095,-93.686183,29.399999,9.442171,1.750000,0.000001,0.000000,0.000000,10.499982,21.082649,-85.302258,29.999999,9.608645,1.328133,0.000001,0.000000,0.000000,7.869710,21.082649,-85.302258,29.399999,7.924656,1.095367,0.000001,0.000000,0.000000,0.000000,1.267554,8.383925,0.600000,8.500405,0.166474,-0.421867,0.000000,0.453526,nan,nan,nan,0,nan,nan,nan,0,nan,nan,nan,nan,nan,nan,nan,nan,nan,nan,nan,nan,nan,nan,nan,nan,nan,nan,nan,nan,nan,nan,nan,nan,nan,nan,nan,nan,nan,nan,nan,nan,nan,nan,nan,nan,nan,nan,nan,nan,nan,nan,nan,nan,nan,nan,nan,nan,nan,nan,3.000000,8.479203,2.403550,8.131411,0.107144,-0.440688,8.488633,2.403550,8.131411,0.400000,9.700000,0.000000,0.453526,inf,1.000000,1.000000,0.000000,0.000000,0.000000,0.000000,0.000000,0.000000,0.000000,0.000000,0.000000,0.000000,25.000000,169.982573,4.939572,nan
38.280,TRACKING,8.477445,1.275292,8.359468,0.600000,0.154768,-0.489133,0.000000,20.287381,-93.592433,29.399999,9.445720,1.875000,0.000001,0.000000,0.000000,11.227414,21.562673,-85.232965,29.999999,9.600488,1.385867,0.000001,0.000000,0.000000,8.214121,21.562673,-85.232965,29.399999,7.917928,1.142983,0.000001,0.000000,0.000000,0.000000,1.275292,8.359468,0.600000,8.477445,0.154768,-0.489133,0.000000,0.513034,nan,nan,nan,0,nan,nan,nan,0,nan,nan,nan,nan,nan,nan,nan,nan,nan,nan,nan,nan,nan,nan,nan,nan,nan,nan,nan,nan,nan,nan,nan,nan,nan,nan,nan,nan,nan,nan,nan,nan,nan,nan,nan,nan,nan,nan,nan,nan,nan,nan,nan,nan,nan,nan,nan,nan,nan,nan,3.000000,8.456186,2.456550,8.091504,0.083296,-0.506227,8.465641,2.456550,8.091504,0.400000,9.700000,0.000000,0.513034,inf,1.000000,1.000000,0.000000,0.000000,0.000000,0.000000,0.000000,0.000000,0.000000,0.000000,0.000000,0.000000,25.000000,169.938779,4.945384,nan
38.340,TRACKING,8.451099,1.282477,8.331647,0.600000,0.143703,-0.556435,0.000000,20.759795,-93.492433,29.399999,9.448279,2.000000,0.000000,0.000000,0.000000,11.951872,22.042272,-85.160787,29.999999,9.591982,1.443565,0.000001,0.000000,0.000000,8.558615,22.042272,-85.160787,29.399999,7.910913,1.190569,0.000000,0.000000,0.000000,0.000000,1.282477,8.331647,0.600000,8.451099,0.143703,-0.556435,0.000000,0.574692,nan,nan,nan,0,nan,nan,nan,0,nan,nan,nan,nan,nan,nan,nan,nan,nan,nan,nan,nan,nan,nan,nan,nan,nan,nan,nan,nan,nan,nan,nan,nan,nan,nan,nan,nan,nan,nan,nan,nan,nan,nan,nan,nan,nan,nan,nan,nan,nan,nan,nan,nan,nan,nan,nan,nan,nan,nan,3.000000,8.429774,2.508121,8.048007,0.059294,-0.571625,8.439258,2.508121,8.048007,0.400000,9.700000,0.000000,0.574692,inf,1.000000,1.000000,0.000000,0.000000,0.000000,0.000000,0.000000,0.000000,0.000000,0.000000,0.000000,0.000000,25.000000,169.891621,4.951643,nan
38.380,TRACKING,8.421370,1.289139,8.300458,0.600000,0.133242,-0.623776,0.000000,21.232289,-93.386183,29.399999,9.449886,2.125000,0.000000,0.000000,0.000000,12.673318,22.521428,-85.085725,29.999999,9.583127,1.501224,0.000000,0.000000,0.000000,8.903187,22.521428,-85.085725,29.399999,7.903610,1.238123,0.000000,0.000000,0.000000,0.000000,1.289139,8.300458,0.600000,8.421370,0.133242,-0.623776,0.000000,0.637848,nan,nan,nan,0,nan,nan,nan,0,nan,nan,nan,nan,nan,nan,nan,nan,nan,nan,nan,nan,nan,nan,nan,nan,nan,nan,nan,nan,nan,nan,nan,nan,nan,nan,nan,nan,nan,nan,nan,nan,nan,nan,nan,nan,nan,nan,nan,nan,nan,nan,nan,nan,nan,nan,nan,nan,nan,nan,3.000000,8.399969,2.558230,8.000934,0.035097,-0.636882,8.409487,2.558230,8.000934,0.400000,9.700000,0.000000,0.637848,inf,1.000000,1.000000,0.000000,0.000000,0.000000,0.000000,0.000000,0.000000,0.000000,0.000000,0.000000,0.000000,25.000000,169.841116,4.958346,nan
38.440,TRACKING,8.388261,1.295307,8.265900,0.600000,0.123346,-0.691158,0.000000,21.704818,-93.273683,29.399999,9.450577,2.250000,0.000000,0.000000,0.000000,13.391709,23.000125,-85.007783,29.999999,9.573924,1.558842,0.000000,0.000000,0.000000,9.247837,23.000125,-85.007783,29.399999,7.896019,1.285642,0.000000,0.000000,0.000000,0.000000,1.295307,8.265900,0.600000,8.388261,0.123346,-0.691158,0.000000,0.702079,nan,nan,nan,0,nan,nan,nan,0,nan,nan,nan,nan,nan,nan,nan,nan,nan,nan,nan,nan,nan,nan,nan,nan,nan,nan,nan,nan,nan,nan,nan,nan,nan,nan,nan,nan,nan,nan,nan,nan,nan,nan,nan,nan,nan,nan,nan,nan,nan,nan,nan,nan,nan,nan,nan,nan,nan,nan,3.000000,8.366775,2.606845,7.950301,0.010670,-0.701998,8.376331,2.606845,7.950301,0.400000,9.700000,0.000000,0.702079,inf,1.000000,1.000000,0.000000,0.000000,0.000000,0.000000,0.000000,0.000000,0.000000,0.000000,0.000000,0.000000,25.000000,169.787281,4.965491,nan
38.480,TRACKING,8.351773,1.301006,8.227971,0.600000,0.113984,-0.758585,0.000000,22.177337,-93.154933,29.399999,9.450387,2.375000,0.000000,0.000000,0.000000,14.106996,23.478343,-84.926963,29.999999,9.564371,1.616415,0.000000,0.000000,0.000000,9.592562,23.478343,-84.926963,29.399999,7.888141,1.333126,0.000000,0.000000,0.000000,0.000000,1.301006,8.227971,0.600000,8.351773,0.113984,-0.758585,0.000000,0.767101,nan,nan,nan,0,nan,nan,nan,0,nan,nan,nan,nan,nan,nan,nan,nan,nan,nan,nan,nan,nan,nan,nan,nan,nan,nan,nan,nan,nan,nan,nan,nan,nan,nan,nan,nan,nan,nan,nan,nan,nan,nan,nan,nan,nan,nan,nan,nan,nan,nan,nan,nan,nan,nan,nan,nan,nan,nan,3.000000,8.330193,2.653930,7.896124,-0.014021,-0.766972,8.339791,2.653930,7.896124,0.400000,9.700000,-0.000000,0.767101,inf,1.000000,1.000000,0.000000,0.000000,0.000000,0.000000,0.000000,0.000000,0.000000,0.000000,0.000000,0.000000,25.000000,169.730135,4.973076,nan
38.540,TRACKING,8.311910,1.306262,8.186668,0.600000,0.105123,-0.826057,0.000000,22.649805,-93.029933,29.400000,9.449348,2.500000,0.000000,0.000000,0.000000,14.819124,23.956067,-84.843265,29.999999,9.554471,1.673943,0.000000,0.000000,0.000000,9.937360,23.956067,-84.843265,29.399999,7.879976,1.380571,0.000000,0.000000,0.000000,0.000000,1.306262,8.186668,0.600000,8.311910,0.105123,-0.826057,0.000000,0.832719,nan,nan,nan,0,nan,nan,nan,0,nan,nan,nan,nan,nan,nan,nan,nan,nan,nan,nan,nan,nan,nan,nan,nan,nan,nan,nan,nan,nan,nan,nan,nan,nan,nan,nan,nan,nan,nan,nan,nan,nan,nan,nan,nan,nan,nan,nan,nan,nan,nan,nan,nan,nan,nan,nan,nan,nan,nan,3.000000,8.290226,2.699449,7.838420,-0.039008,-0.831805,8.299870,2.699449,7.838420,0.400000,9.700000,0.000000,0.832719,inf,1.000000,1.000000,0.000000,0.000000,0.000000,0.000000,0.000000,0.000000,0.000000,0.000000,0.000000,0.000000,25.000000,169.669696,4.981097,nan
38.580,TRACKING,8.268673,1.311099,8.141989,0.600000,0.096732,-0.893579,0.000000,23.122179,-92.898683,29.400000,9.447490,2.625000,0.000000,0.000000,0.000000,15.528036,24.433278,-84.756694,30.000000,9.544222,1.731421,0.000000,0.000000,0.000000,10.282228,24.433278,-84.756694,29.400000,7.871524,1.427976,0.000000,0.000000,0.000000,0.000000,1.311099,8.141989,0.600000,8.268673,0.096732,-0.893579,0.000000,0.898799,nan,nan,nan,0,nan,nan,nan,0,nan,nan,nan,nan,nan,nan,nan,nan,nan,nan,nan,nan,nan,nan,nan,nan,nan,nan,nan,nan,nan,nan,nan,nan,nan,nan,nan,nan,nan,nan,nan,nan,nan,nan,nan,nan,nan,nan,nan,nan,nan,nan,nan,nan,nan,nan,nan,nan,nan,nan,3.000000,8.246876,2.743364,7.777205,-0.064323,-0.896495,8.256571,2.743364,7.777205,0.400000,9.700000,0.000000,0.898799,inf,1.000000,1.000000,0.000000,0.000000,0.000000,0.000000,0.000000,0.000000,0.000000,0.000000,0.000000,0.000000,25.000000,169.605984,4.989553,nan
38.640,TRACKING,8.222066,1.315538,8.093931,0.600000,0.088784,-0.961152,0.000000,23.594421,-92.761183,29.400000,9.444842,2.750000,0.000000,0.000000,0.000000,16.233670,24.909959,-84.667252,30.000000,9.533626,1.788848,0.000000,0.000000,0.000000,10.627164,24.909959,-84.667252,29.400000,7.862784,1.475339,0.000000,0.000000,0.000000,0.000000,1.315538,8.093931,0.600000,8.222066,0.088784,-0.961152,0.000000,0.965244,nan,nan,nan,0,nan,nan,nan,0,nan,nan,nan,nan,nan,nan,nan,nan,nan,nan,nan,nan,nan,nan,nan,nan,nan,nan,nan,nan,nan,nan,nan,nan,nan,nan,nan,nan,nan,nan,nan,nan,nan,nan,nan,nan,nan,nan,nan,nan,nan,nan,nan,nan,nan,nan,nan,nan,nan,nan,3.000000,8.200144,2.785635,7.712496,-0.089992,-0.961040,8.209894,2.785635,7.712496,0.400000,9.700000,0.000000,0.965244,inf,1.000000,1.000000,0.000000,0.000000,0.000000,0.000000,0.000000,0.000000,0.000000,0.000000,0.000000,0.000000,25.000000,169.539017,4.998441,nan
38.680,TRACKING,8.172088,1.319600,8.042492,0.600000,0.081252,-1.028779,0.000000,24.066493,-92.617433,29.400000,9.441429,2.875000,0.000000,0.000000,0.000000,16.935963,25.386093,-84.574941,30.000000,9.522682,1.846221,0.000000,0.000000,0.000000,10.972166,25.386093,-84.574941,29.400000,7.853758,1.522657,0.000000,0.000000,0.000000,0.000000,1.319600,8.042492,0.600000,8.172088,0.081252,-1.028779,0.000000,1.031982,nan,nan,nan,0,nan,nan,nan,0,nan,nan,nan,nan,nan,nan,nan,nan,nan,nan,nan,nan,nan,nan,nan,nan,nan,nan,nan,nan,nan,nan,nan,nan,nan,nan,nan,nan,nan,nan,nan,nan,nan,nan,nan,nan,nan,nan,nan,nan,nan,nan,nan,nan,nan,nan,nan,nan,nan,nan,3.000000,8.150032,2.826222,7.644311,-0.116043,-1.025437,8.159842,2.826222,7.644311,0.400000,9.700000,0.000000,1.031982,inf,1.000000,1.000000,0.000000,0.000000,0.000000,0.000000,0.000000,0.000000,0.000000,0.000000,0.000000,0.000000,25.000000,169.468817,5.007758,nan
38.740,TRACKING,8.118744,1.323306,7.987669,0.600000,0.074112,-1.096462,0.000000,24.538357,-92.467433,29.400000,9.437278,3.000000,0.000000,0.000000,0.000000,17.634849,25.861663,-84.479764,30.000000,9.511390,1.903538,0.000000,0.000000,0.000000,11.317233,25.861663,-84.479764,29.400000,7.844445,1.569929,0.000000,0.000000,0.000000,0.000000,1.323306,7.987669,0.600000,8.118744,0.074112,-1.096462,0.000000,1.098963,nan,nan,nan,0,nan,nan,nan,0,nan,nan,nan,nan,nan,nan,nan,nan,nan,nan,nan,nan,nan,nan,nan,nan,nan,nan,nan,nan,nan,nan,nan,nan,nan,nan,nan,nan,nan,nan,nan,nan,nan,nan,nan,nan,nan,nan,nan,nan,nan,nan,nan,nan,nan,nan,nan,nan,nan,nan,3.000000,8.096542,2.865084,7.572667,-0.142500,-1.089685,8.106417,2.865084,7.572667,0.400000,9.700000,-0.000000,1.098963,inf,1.000000,1.000000,0.000000,0.000000,0.000000,0.000000,0.000000,0.000000,0.000000,0.000000,0.000000,0.000000,19.000000,167.595047,0.007930,nan
38.780,TRACKING,8.062033,1.326673,7.929459,0.600000,0.067339,-1.164203,0.000000,25.009977,-92.311183,29.400000,9.432413,3.125000,0.000000,0.000000,0.000000,18.330262,26.336650,-84.381724,30.000000,9.499751,1.960797,0.000000,0.000000,0.000000,11.662362,26.336650,-84.381724,29.400000,7.834846,1.617152,0.000000,0.000000,0.000000,0.000000,1.326673,7.929459,0.600000,8.062033,0.067339,-1.164203,0.000000,1.166149,nan,nan,nan,0,nan,nan,nan,0,nan,nan,nan,nan,nan,nan,nan,nan,nan,nan,nan,nan,nan,nan,nan,nan,nan,nan,nan,nan,nan,nan,nan,nan,nan,nan,nan,nan,nan,nan,nan,nan,nan,nan,nan,nan,nan,nan,nan,nan,nan,nan,nan,nan,nan,nan,nan,nan,nan,nan,3.000000,8.039675,2.902177,7.497583,-0.169388,-1.153781,8.049620,2.902177,7.497583,0.400000,9.700000,0.000000,1.166149,inf,1.000000,1.000000,0.000000,0.000000,0.000000,0.000000,0.000000,0.000000,0.000000,0.000000,0.000000,0.000000,19.000000,167.534201,0.032655,nan
38.840,TRACKING,8.001959,1.329718,7.867859,0.600000,0.060912,-1.232006,0.000000,25.481320,-92.148683,29.400000,9.426854,3.250000,0.000000,0.000000,0.000000,19.022133,26.811039,-84.280824,30.000000,9.487766,2.017994,0.000000,0.000000,0.000000,12.007552,26.811039,-84.280824,29.400000,7.824962,1.664325,0.000000,0.000000,0.000000,0.000000,1.329718,7.867859,0.600000,8.001959,0.060912,-1.232006,0.000000,1.233511,nan,nan,nan,0,nan,nan,nan,0,nan,nan,nan,nan,nan,nan,nan,nan,nan,nan,nan,nan,nan,nan,nan,nan,nan,nan,nan,nan,nan,nan,nan,nan,nan,nan,nan,nan,nan,nan,nan,nan,nan,nan,nan,nan,nan,nan,nan,nan,nan,nan,nan,nan,nan,nan,nan,nan,nan,nan,3.000000,7.979433,2.937459,7.419076,-0.196728,-1.217722,7.989453,2.937459,7.419076,0.400000,9.700000,0.000000,1.233511,inf,1.000000,1.000000,0.000000,0.000000,0.000000,0.000000,0.000000,0.000000,0.000000,0.000000,0.000000,0.000000,19.000000,167.469623,0.057540,nan
38.880,TRACKING,7.938523,1.332459,7.802865,0.600000,0.054810,-1.299872,0.000000,25.952351,-91.979933,29.400000,9.420624,3.375000,0.000000,0.000000,0.000000,19.710395,27.284810,-84.177068,30.000000,9.475434,2.075128,0.000000,0.000000,0.000000,12.352800,27.284810,-84.177068,29.400000,7.814791,1.711445,0.000000,0.000000,0.000000,0.000000,1.332459,7.802865,0.600000,7.938523,0.054810,-1.299872,0.000000,1.301027,nan,nan,nan,0,nan,nan,nan,0,nan,nan,nan,nan,nan,nan,nan,nan,nan,nan,nan,nan,nan,nan,nan,nan,nan,nan,nan,nan,nan,nan,nan,nan,nan,nan,nan,nan,nan,nan,nan,nan,nan,nan,nan,nan,nan,nan,nan,nan,nan,nan,nan,nan,nan,nan,nan,nan,nan,nan,3.000000,7.915816,2.970883,7.337166,-0.224541,-1.281504,7.925916,2.970883,7.337166,0.400000,9.700000,0.000000,1.301027,inf,1.000000,1.000000,0.000000,0.000000,0.000000,0.000000,0.000000,0.000000,0.000000,0.000000,0.000000,0.000000,19.000000,167.401319,0.082587,nan
38.940,TRACKING,7.871727,1.334910,7.734475,0.600000,0.049014,-1.367805,0.000000,26.423038,-91.804933,29.400000,9.413741,3.500000,0.000000,0.000000,0.000000,20.394979,27.757948,-84.070458,30.000000,9.462756,2.132195,0.000000,0.000000,0.000000,12.698105,27.757948,-84.070458,29.400000,7.804335,1.758512,0.000000,0.000000,0.000000,0.000000,1.334910,7.734475,0.600000,7.871727,0.049014,-1.367805,0.000000,1.368683,nan,nan,nan,0,nan,nan,nan,0,nan,nan,nan,nan,nan,nan,nan,nan,nan,nan,nan,nan,nan,nan,nan,nan,nan,nan,nan,nan,nan,nan,nan,nan,nan,nan,nan,nan,nan,nan,nan,nan,nan,nan,nan,nan,nan,nan,nan,nan,nan,nan,nan,nan,nan,nan,nan,nan,nan,nan,3.000000,7.848827,3.002406,7.251872,-0.252847,-1.345125,7.859013,3.002406,7.251872,0.400000,9.700000,0.000000,1.368683,inf,1.000000,1.000000,0.000000,0.000000,0.000000,0.000000,0.000000,0.000000,0.000000,0.000000,0.000000,0.000000,19.000000,167.329296,0.107795,nan
38.980,TRACKING,7.801572,1.337085,7.662685,0.600000,0.043505,-1.435805,0.000000,26.893350,-91.623683,29.400000,9.406226,3.625000,0.000000,0.000000,0.000000,21.075817,28.230435,-83.960999,30.000000,9.449732,2.189195,0.000000,0.000000,0.000000,13.043466,28.230435,-83.960999,29.400000,7.793593,1.805521,0.000000,0.000000,0.000000,0.000000,1.337085,7.662685,0.600000,7.801572,0.043505,-1.435805,0.000000,1.436464,nan,nan,nan,0,nan,nan,nan,0,nan,nan,nan,nan,nan,nan,nan,nan,nan,nan,nan,nan,nan,nan,nan,nan,nan,nan,nan,nan,nan,nan,nan,nan,nan,nan,nan,nan,nan,nan,nan,nan,nan,nan,nan,nan,nan,nan,nan,nan,nan,nan,nan,nan,nan,nan,nan,nan,nan,nan,3.000000,7.778466,3.031980,7.163214,-0.281664,-1.408579,7.788744,3.031980,7.163214,0.400000,9.700000,0.000000,1.436464,inf,1.000000,1.000000,0.000000,0.000000,0.000000,0.000000,0.000000,0.000000,0.000000,0.000000,0.000000,0.000000,19.000000,167.253559,0.133164,nan
39.040,TRACKING,7.728061,1.338998,7.587491,0.600000,0.038267,-1.503877,0.000000,27.363254,-91.436183,29.400000,9.398095,3.750000,0.000000,0.000000,0.000000,21.752842,28.702253,-83.848692,30.000000,9.436362,2.246123,0.000000,0.000000,0.000000,13.388879,28.702253,-83.848692,29.400000,7.782567,1.852473,0.000000,0.000000,0.000000,0.000000,1.338998,7.587491,0.600000,7.728061,0.038267,-1.503877,0.000000,1.504364,nan,nan,nan,0,nan,nan,nan,0,nan,nan,nan,nan,nan,nan,nan,nan,nan,nan,nan,nan,nan,nan,nan,nan,nan,nan,nan,nan,nan,nan,nan,nan,nan,nan,nan,nan,nan,nan,nan,nan,nan,nan,nan,nan,nan,nan,nan,nan,nan,nan,nan,nan,nan,nan,nan,nan,nan,nan,3.000000,7.704734,3.059558,7.071212,-0.311009,-1.471864,7.715111,3.059558,7.071212,0.400000,9.700000,0.000000,1.504364,inf,1.000000,1.000000,0.000000,0.000000,0.000000,0.000000,0.000000,0.000000,0.000000,0.000000,0.000000,0.000000,19.000000,167.174116,0.158695,nan
39.080,TRACKING,7.651196,1.340662,7.508890,0.600000,0.033283,-1.572021,0.000000,27.832723,-91.242433,29.400000,9.389365,3.875000,0.000000,0.000000,0.000000,22.425988,29.173385,-83.733543,30.000000,9.422648,2.302979,0.000000,0.000000,0.000000,13.734345,29.173385,-83.733543,29.400000,7.771256,1.899364,0.000000,0.000000,0.000000,0.000000,1.340662,7.508890,0.600000,7.651196,0.033283,-1.572021,0.000000,1.572374,nan,nan,nan,0,nan,nan,nan,0,nan,nan,nan,nan,nan,nan,nan,nan,nan,nan,nan,nan,nan,nan,nan,nan,nan,nan,nan,nan,nan,nan,nan,nan,nan,nan,nan,nan,nan,nan,nan,nan,nan,nan,nan,nan,nan,nan,nan,nan,nan,nan,nan,nan,nan,nan,nan,nan,nan,nan,3.000000,7.627634,3.085093,6.975887,-0.340899,-1.534975,7.638115,3.085093,6.975887,0.400000,9.700000,-0.000000,1.572374,inf,1.000000,1.000000,0.000000,0.000000,0.000000,0.000000,0.000000,0.000000,0.000000,0.000000,0.000000,0.000000,19.000000,167.090974,0.184389,nan
39.140,TRACKING,7.570978,1.342089,7.426878,0.600000,0.028538,-1.640241,0.000000,28.301725,-91.042433,29.400000,9.380051,4.000000,0.000000,0.000000,0.000000,23.095190,29.643815,-83.615556,30.000000,9.408589,2.359759,0.000000,0.000000,0.000000,14.079861,29.643815,-83.615556,29.400000,7.759661,1.946193,0.000000,0.000000,0.000000,0.000000,1.342089,7.426878,0.600000,7.570978,0.028538,-1.640241,0.000000,1.640489,nan,nan,nan,0,nan,nan,nan,0,nan,nan,nan,nan,nan,nan,nan,nan,nan,nan,nan,nan,nan,nan,nan,nan,nan,nan,nan,nan,nan,nan,nan,nan,nan,nan,nan,nan,nan,nan,nan,nan,nan,nan,nan,nan,nan,nan,nan,nan,nan,nan,nan,nan,nan,nan,nan,nan,nan,nan,3.000000,7.547166,3.108537,6.877261,-0.371348,-1.597907,7.557759,3.108537,6.877261,0.400000,9.700000,0.000000,1.640489,inf,1.000000,1.000000,0.000000,0.000000,0.000000,0.000000,0.000000,0.000000,0.000000,0.000000,0.000000,0.000000,19.000000,167.004141,0.210244,nan
39.180,TRACKING,7.487411,1.343290,7.341451,0.600000,0.024017,-1.708539,0.000000,28.770234,-90.836183,29.400000,9.370168,4.125000,0.000000,0.000000,0.000000,23.760386,30.113524,-83.494732,30.000000,9.394185,2.416461,0.000000,0.000000,0.000000,14.425426,30.113524,-83.494732,29.400000,7.747782,1.992958,0.000000,0.000000,0.000000,0.000000,1.343290,7.341451,0.600000,7.487411,0.024017,-1.708539,0.000000,1.708708,nan,nan,nan,0,nan,nan,nan,0,nan,nan,nan,nan,nan,nan,nan,nan,nan,nan,nan,nan,nan,nan,nan,nan,nan,nan,nan,nan,nan,nan,nan,nan,nan,nan,nan,nan,nan,nan,nan,nan,nan,nan,nan,nan,nan,nan,nan,nan,nan,nan,nan,nan,nan,nan,nan,nan,nan,nan,3.000000,7.463332,3.129840,6.775355,-0.402371,-1.660657,7.474044,3.129840,6.775355,0.400000,9.700000,0.000000,1.708708,inf,1.000000,1.000000,0.000000,0.000000,0.000000,0.000000,0.000000,0.000000,0.000000,0.000000,0.000000,0.000000,19.000000,166.913625,0.236261,nan
39.240,TRACKING,7.400497,1.344276,7.252605,0.600000,0.019708,-1.776917,0.000000,29.238220,-90.623683,29.400000,9.359730,4.250000,0.000000,0.000000,0.000000,24.421513,30.582496,-83.371078,30.000000,9.379438,2.473083,0.000000,0.000000,0.000000,14.771039,30.582496,-83.371078,29.400000,7.735619,2.039656,0.000000,0.000000,0.000000,0.000000,1.344276,7.252605,0.600000,7.400497,0.019708,-1.776917,0.000000,1.777026,nan,nan,nan,0,nan,nan,nan,0,nan,nan,nan,nan,nan,nan,nan,nan,nan,nan,nan,nan,nan,nan,nan,nan,nan,nan,nan,nan,nan,nan,nan,nan,nan,nan,nan,nan,nan,nan,nan,nan,nan,nan,nan,nan,nan,nan,nan,nan,nan,nan,nan,nan,nan,nan,nan,nan,nan,nan,3.000000,7.376134,3.148953,6.670191,-0.433980,-1.723219,7.386972,3.148953,6.670191,0.400000,9.700000,-0.000000,1.777026,inf,1.000000,1.000000,0.000000,0.000000,0.000000,0.000000,0.000000,0.000000,0.000000,0.000000,0.000000,0.000000,19.000000,166.819433,0.262440,nan
39.280,TRACKING,7.310238,1.345056,7.160336,0.600000,0.015598,-1.845377,0.000000,29.705658,-90.404933,29.400000,9.348750,4.375000,0.000000,0.000000,0.000000,25.078514,31.050713,-83.244597,30.000000,9.364348,2.529623,0.000000,0.000000,0.000000,15.116697,31.050713,-83.244597,29.400000,7.723173,2.086287,0.000000,0.000000,0.000000,0.000000,1.345056,7.160336,0.600000,7.310238,0.015598,-1.845377,0.000000,1.845443,nan,nan,nan,0,nan,nan,nan,0,nan,nan,nan,nan,nan,nan,nan,nan,nan,nan,nan,nan,nan,nan,nan,nan,nan,nan,nan,nan,nan,nan,nan,nan,nan,nan,nan,nan,nan,nan,nan,nan,nan,nan,nan,nan,nan,nan,nan,nan,nan,nan,nan,nan,nan,nan,nan,nan,nan,nan,3.000000,7.285574,3.165826,6.561793,-0.466190,-1.785589,7.296546,3.165826,6.561793,0.400000,9.700000,-0.000000,1.845443,inf,1.000000,1.000000,0.000000,0.000000,0.000000,0.000000,0.000000,0.000000,0.000000,0.000000,0.000000,0.000000,19.000000,166.721574,0.288780,nan
39.340,TRACKING,7.216639,1.345639,7.064640,0.600000,0.011675,-1.913922,0.000000,30.172520,-90.179933,29.400000,9.337240,4.500000,0.000000,0.000000,0.000000,25.731330,31.518159,-83.115293,30.000000,9.348914,2.586078,0.000000,0.000000,0.000000,15.462400,31.518159,-83.115293,29.400000,7.710445,2.132848,0.000000,0.000000,0.000000,0.000000,1.345639,7.064640,0.600000,7.216639,0.011675,-1.913922,0.000000,1.913958,nan,nan,nan,0,nan,nan,nan,0,nan,nan,nan,nan,nan,nan,nan,nan,nan,nan,nan,nan,nan,nan,nan,nan,nan,nan,nan,nan,nan,nan,nan,nan,nan,nan,nan,nan,nan,nan,nan,nan,nan,nan,nan,nan,nan,nan,nan,nan,nan,nan,nan,nan,nan,nan,nan,nan,nan,nan,3.000000,7.191654,3.180410,6.450184,-0.499011,-1.847762,7.202769,3.180410,6.450184,0.400000,9.700000,0.000000,1.913958,inf,1.000000,1.000000,0.000000,0.000000,0.000000,0.000000,0.000000,0.000000,0.000000,0.000000,0.000000,0.000000,19.000000,166.620058,0.315281,nan
39.380,TRACKING,7.119703,1.346036,6.965512,0.600000,0.007927,-1.982555,0.000000,30.638780,-89.948683,29.400000,9.325212,4.625000,0.000000,0.000000,0.000000,26.379907,31.984816,-82.983171,30.000000,9.333139,2.642445,0.000000,0.000000,0.000000,15.808147,31.984816,-82.983171,29.400000,7.697434,2.179336,0.000000,0.000000,0.000000,0.000000,1.346036,6.965512,0.600000,7.119703,0.007927,-1.982555,0.000000,1.982570,nan,nan,nan,0,nan,nan,nan,0,nan,nan,nan,nan,nan,nan,nan,nan,nan,nan,nan,nan,nan,nan,nan,nan,nan,nan,nan,nan,nan,nan,nan,nan,nan,nan,nan,nan,nan,nan,nan,nan,nan,nan,nan,nan,nan,nan,nan,nan,nan,nan,nan,nan,nan,nan,nan,nan,nan,nan,3.000000,7.094376,3.192652,6.335388,-0.532455,-1.909732,7.105644,3.192652,6.335388,0.400000,9.700000,0.000000,1.982570,inf,1.000000,1.000000,0.000000,0.000000,0.000000,0.000000,0.000000,0.000000,0.000000,0.000000,0.000000,0.000000,19.000000,166.514893,0.341943,nan
39.440,TRACKING,7.019434,1.346253,6.862948,0.600000,0.004345,-2.051276,0.000000,31.104414,-89.711183,29.400000,9.312677,4.750000,0.000000,0.000000,0.000000,27.024193,32.450667,-82.848235,30.000000,9.317022,2.698724,0.000000,0.000000,0.000000,16.153935,32.450667,-82.848235,29.400000,7.684141,2.225752,0.000000,0.000000,0.000000,0.000000,1.346253,6.862948,0.600000,7.019434,0.004345,-2.051276,0.000000,2.051281,nan,nan,nan,0,nan,nan,nan,0,nan,nan,nan,nan,nan,nan,nan,nan,nan,nan,nan,nan,nan,nan,nan,nan,nan,nan,nan,nan,nan,nan,nan,nan,nan,nan,nan,nan,nan,nan,nan,nan,nan,nan,nan,nan,nan,nan,nan,nan,nan,nan,nan,nan,nan,nan,nan,nan,nan,nan,3.000000,6.993744,3.202502,6.217430,-0.566531,-1.971496,7.005174,3.202502,6.217430,0.400000,9.700000,0.000000,2.051281,inf,1.000000,1.000000,0.000000,0.000000,0.000000,0.000000,0.000000,0.000000,0.000000,0.000000,0.000000,0.000000,19.000000,166.406089,0.368765,nan
39.480,TRACKING,6.915838,1.346299,6.756944,0.600000,0.000918,-2.120090,0.000000,31.569396,-89.467433,29.400000,9.299645,4.875000,0.000000,0.000000,0.000000,27.664138,32.915695,-82.710489,30.000000,9.300563,2.754910,0.000000,0.000000,0.000000,16.499764,32.915695,-82.710489,29.400000,7.670567,2.272091,0.000000,0.000000,0.000000,0.000000,1.346299,6.756944,0.600000,6.915838,0.000918,-2.120090,0.000000,2.120090,nan,nan,nan,0,nan,nan,nan,0,nan,nan,nan,nan,nan,nan,nan,nan,nan,nan,nan,nan,nan,nan,nan,nan,nan,nan,nan,nan,nan,nan,nan,nan,nan,nan,nan,nan,nan,nan,nan,nan,nan,nan,nan,nan,nan,nan,nan,nan,nan,nan,nan,nan,nan,nan,nan,nan,nan,nan,3.000000,6.889761,3.209908,6.096335,-0.601249,-2.033047,6.901363,3.209908,6.096335,0.400000,9.700000,0.000000,2.120090,inf,1.000000,1.000000,0.000000,0.000000,0.000000,0.000000,0.000000,0.000000,0.000000,0.000000,0.000000,0.000000,19.000000,166.293657,0.395748,nan
39.540,TRACKING,6.808919,1.346181,6.647494,0.600000,-0.002362,-2.188997,0.000000,32.033703,-89.217433,29.400000,9.286126,5.000000,0.000000,0.000000,0.000000,28.299696,33.379883,-82.569939,30.000000,9.283763,2.811003,0.000000,0.000000,0.000000,16.845632,33.379883,-82.569939,29.400000,7.656712,2.318353,0.000000,0.000000,0.000000,0.000000,1.346181,6.647494,0.600000,6.808919,-0.002362,-2.188997,0.000000,2.188998,nan,nan,nan,0,nan,nan,nan,0,nan,nan,nan,nan,nan,nan,nan,nan,nan,nan,nan,nan,nan,nan,nan,nan,nan,nan,nan,nan,nan,nan,nan,nan,nan,nan,nan,nan,nan,nan,nan,nan,nan,nan,nan,nan,nan,nan,nan,nan,nan,nan,nan,nan,nan,nan,nan,nan,nan,nan,3.000000,6.782432,3.214819,5.972128,-0.636619,-2.094380,6.794217,3.214819,5.972128,0.400000,9.700000,0.000000,2.188998,inf,1.000000,1.000000,0.000000,0.000000,0.000000,0.000000,0.000000,0.000000,0.000000,0.000000,0.000000,0.000000,19.000000,166.177606,0.422890,nan
39.580,TRACKING,6.698685,1.345905,6.534594,0.600000,-0.005505,-2.258000,0.000000,32.497309,-88.961183,29.400000,9.272129,5.125000,0.000000,0.000000,0.000000,28.930823,33.843214,-82.426589,30.000000,9.266624,2.867000,0.000000,0.000000,0.000000,17.191539,33.843214,-82.426589,29.400000,7.642576,2.364536,0.000000,0.000000,0.000000,0.000000,1.345905,6.534594,0.600000,6.698685,-0.005505,-2.258000,0.000000,2.258007,nan,nan,nan,0,nan,nan,nan,0,nan,nan,nan,nan,nan,nan,nan,nan,nan,nan,nan,nan,nan,nan,nan,nan,nan,nan,nan,nan,nan,nan,nan,nan,nan,nan,nan,nan,nan,nan,nan,nan,nan,nan,nan,nan,nan,nan,nan,nan,nan,nan,nan,nan,nan,nan,nan,nan,nan,nan,3.000000,6.671760,3.217183,5.844836,-0.672649,-2.155490,6.683740,3.217183,5.844836,0.400000,9.700000,0.000000,2.258007,inf,1.000000,1.000000,0.000000,0.000000,0.000000,0.000000,0.000000,0.000000,0.000000,0.000000,0.000000,0.000000,19.000000,166.057949,0.450191,nan
39.640,TRACKING,6.585143,1.345479,6.418239,0.600000,-0.008518,-2.327102,0.000000,32.960192,-88.698683,29.400000,9.257663,5.250000,0.000000,0.000000,0.000000,29.557476,34.305672,-82.280444,30.000000,9.249144,2.922898,0.000000,0.000000,0.000000,17.537482,34.305672,-82.280444,29.400000,7.628160,2.410637,0.000000,0.000000,0.000000,0.000000,1.345479,6.418239,0.600000,6.585143,-0.008518,-2.327102,0.000000,2.327118,nan,nan,nan,0,nan,nan,nan,0,nan,nan,nan,nan,nan,nan,nan,nan,nan,nan,nan,nan,nan,nan,nan,nan,nan,nan,nan,nan,nan,nan,nan,nan,nan,nan,nan,nan,nan,nan,nan,nan,nan,nan,nan,nan,nan,nan,nan,nan,nan,nan,nan,nan,nan,nan,nan,nan,nan,nan,3.000000,6.557752,3.216947,5.714486,-0.709347,-2.216372,6.569940,3.216947,5.714486,0.400000,9.700000,0.000000,2.327118,inf,1.000000,1.000000,0.000000,0.000000,0.000000,0.000000,0.000000,0.000000,0.000000,0.000000,0.000000,0.000000,19.000000,165.934697,0.477650,nan
39.680,TRACKING,6.468301,1.344909,6.298424,0.600000,-0.011410,-2.396305,0.000000,33.422329,-88.429933,29.400000,9.242736,5.375000,0.000000,0.000000,0.000000,30.179619,34.767238,-82.131510,30.000000,9.231326,2.978695,0.000000,0.000000,0.000000,17.883462,34.767238,-82.131510,29.400000,7.613465,2.456655,0.000000,0.000000,0.000000,0.000000,1.344909,6.298424,0.600000,6.468301,-0.011410,-2.396305,0.000000,2.396332,nan,nan,nan,0,nan,nan,nan,0,nan,nan,nan,nan,nan,nan,nan,nan,nan,nan,nan,nan,nan,nan,nan,nan,nan,nan,nan,nan,nan,nan,nan,nan,nan,nan,nan,nan,nan,nan,nan,nan,nan,nan,nan,nan,nan,nan,nan,nan,nan,nan,nan,nan,nan,nan,nan,nan,nan,nan,3.000000,6.440413,3.214059,5.581106,-0.746720,-2.277019,6.452823,3.214059,5.581106,0.400000,9.700000,0.000000,2.396332,inf,1.000000,1.000000,0.000000,0.000000,0.000000,0.000000,0.000000,0.000000,0.000000,0.000000,0.000000,0.000000,19.000000,165.807863,0.505268,nan
39.740,TRACKING,6.348170,1.344200,6.175143,0.600000,-0.014186,-2.465611,0.000000,33.883697,-88.154933,29.400000,9.227355,5.500000,0.000000,0.000000,0.000000,30.797216,35.227896,-81.979790,30.000000,9.213169,3.034389,0.000000,0.000000,0.000000,18.229477,35.227896,-81.979790,29.400000,7.598490,2.502589,0.000000,0.000000,0.000000,0.000000,1.344200,6.175143,0.600000,6.348170,-0.014186,-2.465611,0.000000,2.465652,nan,nan,nan,0,nan,nan,nan,0,nan,nan,nan,nan,nan,nan,nan,nan,nan,nan,nan,nan,nan,nan,nan,nan,nan,nan,nan,nan,nan,nan,nan,nan,nan,nan,nan,nan,nan,nan,nan,nan,nan,nan,nan,nan,nan,nan,nan,nan,nan,nan,nan,nan,nan,nan,nan,nan,nan,nan,3.000000,6.319752,3.208466,5.444723,-0.784776,-2.337427,6.332398,3.208466,5.444723,0.400000,9.700000,-0.000000,2.465652,inf,1.000000,1.000000,0.000000,0.000000,0.000000,0.000000,0.000000,0.000000,0.000000,0.000000,0.000000,0.000000,19.000000,165.677458,0.533043,nan
39.780,TRACKING,6.224761,1.343357,6.048392,0.600000,-0.016855,-2.535022,0.000000,34.344273,-87.873683,29.400000,9.211529,5.625000,0.000000,0.000000,0.000000,31.410233,35.687630,-81.825291,30.000000,9.194674,3.089978,0.000000,0.000000,0.000000,18.575526,35.687630,-81.825291,29.400000,7.583237,2.548435,0.000000,0.000000,0.000000,0.000000,1.343357,6.048392,0.600000,6.224761,-0.016855,-2.535022,0.000000,2.535078,nan,nan,nan,0,nan,nan,nan,0,nan,nan,nan,nan,nan,nan,nan,nan,nan,nan,nan,nan,nan,nan,nan,nan,nan,nan,nan,nan,nan,nan,nan,nan,nan,nan,nan,nan,nan,nan,nan,nan,nan,nan,nan,nan,nan,nan,nan,nan,nan,nan,nan,nan,nan,nan,nan,nan,nan,nan,3.000000,6.195777,3.200116,5.305366,-0.823520,-2.397590,6.208676,3.200116,5.305366,0.400000,9.700000,0.000000,2.535078,inf,1.000000,1.000000,0.000000,0.000000,0.000000,0.000000,0.000000,0.000000,0.000000,0.000000,0.000000,0.000000,19.000000,165.543496,0.560976,nan
39.840,TRACKING,6.098088,1.342386,5.918165,0.600000,-0.019422,-2.604540,0.000000,34.804036,-87.586183,29.400000,9.195265,5.750000,0.000000,0.000000,0.000000,32.018642,36.146422,-81.668018,30.000000,9.175842,3.145460,0.000000,0.000000,0.000000,18.921607,36.146422,-81.668018,29.400000,7.567705,2.594193,0.000000,0.000000,0.000000,0.000000,1.342386,5.918165,0.600000,6.098088,-0.019422,-2.604540,0.000000,2.604613,nan,nan,nan,0,nan,nan,nan,0,nan,nan,nan,nan,nan,nan,nan,nan,nan,nan,nan,nan,nan,nan,nan,nan,nan,nan,nan,nan,nan,nan,nan,nan,nan,nan,nan,nan,nan,nan,nan,nan,nan,nan,nan,nan,nan,nan,nan,nan,nan,nan,nan,nan,nan,nan,nan,nan,nan,nan,3.000000,6.068499,3.188955,5.163065,-0.862958,-2.457501,6.081667,3.188955,5.163065,0.400000,9.700000,-0.000000,2.604613,inf,1.000000,1.000000,0.000000,0.000000,0.000000,0.000000,0.000000,0.000000,0.000000,0.000000,0.000000,0.000000,19.000000,165.405992,0.589065,nan
39.880,TRACKING,5.968165,1.341291,5.784457,0.600000,-0.021894,-2.674169,0.000000,35.262965,-87.292433,29.400000,9.178568,5.875000,0.000000,0.000000,0.000000,32.622416,36.604256,-81.507977,30.000000,9.156674,3.200831,0.000000,0.000000,0.000000,19.267720,36.604256,-81.507977,29.400000,7.551896,2.639861,0.000000,0.000000,0.000000,0.000000,1.341291,5.784457,0.600000,5.968165,-0.021894,-2.674169,0.000000,2.674258,nan,nan,nan,0,nan,nan,nan,0,nan,nan,nan,nan,nan,nan,nan,nan,nan,nan,nan,nan,nan,nan,nan,nan,nan,nan,nan,nan,nan,nan,nan,nan,nan,nan,nan,nan,nan,nan,nan,nan,nan,nan,nan,nan,nan,nan,nan,nan,nan,nan,nan,nan,nan,nan,nan,nan,nan,nan,3.000000,5.937929,3.174931,5.017849,-0.903097,-2.517156,5.951386,3.174931,5.017849,0.400000,9.700000,0.000000,2.674258,inf,1.000000,1.000000,0.000000,0.000000,0.000000,0.000000,0.000000,0.000000,0.000000,0.000000,0.000000,0.000000,18.000000,162.709129,0.010921,nan
39.940,TRACKING,5.835012,1.340077,5.647261,0.600000,-0.024276,-2.743909,0.000000,35.721037,-86.992433,29.400000,9.161445,6.000000,0.000000,0.000000,0.000000,33.221531,37.061114,-81.345172,30.000000,9.137170,3.256091,0.000000,0.000000,0.000000,19.613865,37.061114,-81.345172,29.400000,7.535810,2.685436,0.000000,0.000000,0.000000,0.000000,1.340077,5.647261,0.600000,5.835012,-0.024276,-2.743909,0.000000,2.744016,nan,nan,nan,0,nan,nan,nan,0,nan,nan,nan,nan,nan,nan,nan,nan,nan,nan,nan,nan,nan,nan,nan,nan,nan,nan,nan,nan,nan,nan,nan,nan,nan,nan,nan,nan,nan,nan,nan,nan,nan,nan,nan,nan,nan,nan,nan,nan,nan,nan,nan,nan,nan,nan,nan,nan,nan,nan,3.000000,5.804082,3.157991,4.869749,-0.943941,-2.576548,5.817849,3.157991,4.869749,0.400000,9.700000,0.000000,2.744016,inf,1.000000,1.000000,0.000000,0.000000,0.000000,0.000000,0.000000,0.000000,0.000000,0.000000,0.000000,0.000000,18.000000,162.566221,0.037505,nan
39.980,TRACKING,5.698648,1.338749,5.506573,0.600000,-0.026573,-2.813763,0.000000,36.178232,-86.686183,29.400000,9.143903,6.125000,0.000000,0.000000,0.000000,33.815966,37.516981,-81.179610,30.000000,9.117330,3.311237,0.000000,0.000000,0.000000,19.960039,37.516981,-81.179610,29.400000,7.519447,2.730917,0.000000,0.000000,0.000000,0.000000,1.338749,5.506573,0.600000,5.698648,-0.026573,-2.813763,0.000000,2.813888,nan,nan,nan,0,nan,nan,nan,0,nan,nan,nan,nan,nan,nan,nan,nan,nan,nan,nan,nan,nan,nan,nan,nan,nan,nan,nan,nan,nan,nan,nan,nan,nan,nan,nan,nan,nan,nan,nan,nan,nan,nan,nan,nan,nan,nan,nan,nan,nan,nan,nan,nan,nan,nan,nan,nan,nan,nan,3.000000,5.666974,3.138081,4.718797,-0.985496,-2.635672,5.681073,3.138081,4.718797,0.400000,9.700000,0.000000,2.813888,inf,1.000000,1.000000,0.000000,0.000000,0.000000,0.000000,0.000000,0.000000,0.000000,0.000000,0.000000,0.000000,18.000000,162.419694,0.064257,nan
40.040,TRACKING,5.559099,1.337309,5.362386,0.600000,-0.028790,-2.883733,0.000000,36.634529,-86.373683,29.400000,9.125946,6.250000,0.000000,0.000000,0.000000,34.405704,37.971839,-81.011297,30.000000,9.097156,3.366267,0.000000,0.000000,0.000000,20.306242,37.971839,-81.011297,29.400000,7.502809,2.776303,0.000000,0.000000,0.000000,0.000000,1.337309,5.362386,0.600000,5.559099,-0.028790,-2.883733,0.000000,2.883877,nan,nan,nan,0,nan,nan,nan,0,nan,nan,nan,nan,nan,nan,nan,nan,nan,nan,nan,nan,nan,nan,nan,nan,nan,nan,nan,nan,nan,nan,nan,nan,nan,nan,nan,nan,nan,nan,nan,nan,nan,nan,nan,nan,nan,nan,nan,nan,nan,nan,nan,nan,nan,nan,nan,nan,nan,nan,3.000000,5.526625,3.115148,4.565023,-1.027765,-2.694521,5.541081,3.115148,4.565023,0.400000,9.700000,0.000000,2.883877,inf,1.000000,1.000000,0.000000,0.000000,0.000000,0.000000,0.000000,0.000000,0.000000,0.000000,0.000000,0.000000,18.000000,162.269559,0.091176,nan
40.080,TRACKING,5.416392,1.335763,5.214695,0.600000,-0.030932,-2.953822,0.000000,37.089908,-86.054933,29.400000,9.107580,6.375000,0.000000,0.000000,0.000000,34.990728,38.425671,-80.840238,30.000000,9.076648,3.421178,0.000000,0.000000,0.000000,20.652474,38.425671,-80.840238,29.400000,7.485895,2.821590,0.000000,0.000000,0.000000,0.000000,1.335763,5.214695,0.600000,5.416392,-0.030932,-2.953822,0.000000,2.953984,nan,nan,nan,0,nan,nan,nan,0,nan,nan,nan,nan,nan,nan,nan,nan,nan,nan,nan,nan,nan,nan,nan,nan,nan,nan,nan,nan,nan,nan,nan,nan,nan,nan,nan,nan,nan,nan,nan,nan,nan,nan,nan,nan,nan,nan,nan,nan,nan,nan,nan,nan,nan,nan,nan,nan,nan,nan,3.000000,5.383057,3.089139,4.408461,-1.070754,-2.753090,5.397898,3.089139,4.408461,0.400000,9.700000,0.000000,2.953984,inf,1.000000,1.000000,0.000000,0.000000,0.000000,0.000000,0.000000,0.000000,0.000000,0.000000,0.000000,0.000000,18.000000,162.115828,0.118262,nan
40.140,TRACKING,5.270562,1.334112,5.063494,0.600000,-0.033003,-3.024031,0.000000,37.544349,-85.729933,29.400000,9.088810,6.500000,0.000000,0.000000,0.000000,35.571027,38.878461,-80.666440,30.000000,9.055807,3.475969,0.000000,0.000000,0.000000,20.998733,38.878461,-80.666440,29.400000,7.468707,2.866778,0.000000,0.000000,0.000000,0.000000,1.334112,5.063494,0.600000,5.270562,-0.033003,-3.024031,0.000000,3.024211,nan,nan,nan,0,nan,nan,nan,0,nan,nan,nan,nan,nan,nan,nan,nan,nan,nan,nan,nan,nan,nan,nan,nan,nan,nan,nan,nan,nan,nan,nan,nan,nan,nan,nan,nan,nan,nan,nan,nan,nan,nan,nan,nan,nan,nan,nan,nan,nan,nan,nan,nan,nan,nan,nan,nan,nan,nan,3.000000,5.236299,3.060001,4.249143,-1.114465,-2.811374,5.251554,3.060001,4.249143,0.400000,9.700000,0.000000,3.024211,inf,1.000000,1.000000,0.000000,0.000000,0.000000,0.000000,0.000000,0.000000,0.000000,0.000000,0.000000,0.000000,18.000000,161.958517,0.145515,nan
40.180,TRACKING,5.121647,1.332362,4.908775,0.600000,-0.035008,-3.094363,0.000000,37.997831,-85.398683,29.400000,9.069642,6.625000,0.000000,0.000000,0.000000,36.146591,39.330193,-80.489908,30.000000,9.034634,3.530637,0.000000,0.000000,0.000000,21.345019,39.330193,-80.489908,29.400000,7.451244,2.911865,0.000000,0.000000,0.000000,0.000000,1.332362,4.908775,0.600000,5.121647,-0.035008,-3.094363,0.000000,3.094561,nan,nan,nan,0,nan,nan,nan,0,nan,nan,nan,nan,nan,nan,nan,nan,nan,nan,nan,nan,nan,nan,nan,nan,nan,nan,nan,nan,nan,nan,nan,nan,nan,nan,nan,nan,nan,nan,nan,nan,nan,nan,nan,nan,nan,nan,nan,nan,nan,nan,nan,nan,nan,nan,nan,nan,nan,nan,3.000000,5.086380,3.027681,4.087103,-1.158903,-2.869365,5.102084,3.027681,4.087103,0.400000,9.700000,0.000000,3.094561,inf,1.000000,1.000000,0.000000,0.000000,0.000000,0.000000,0.000000,0.000000,0.000000,0.000000,0.000000,0.000000,18.000000,161.797640,0.172935,nan
40.240,TRACKING,4.969693,1.330514,4.750534,0.600000,-0.036950,-3.164820,0.000000,38.450335,-85.061183,29.400000,9.050079,6.750000,0.000000,0.000000,0.000000,36.717412,39.780849,-80.310649,30.000000,9.013129,3.585180,0.000000,0.000000,0.000000,21.691330,39.780849,-80.310649,29.400000,7.433508,2.956849,0.000000,0.000000,0.000000,0.000000,1.330514,4.750534,0.600000,4.969693,-0.036950,-3.164820,0.000000,3.165036,nan,nan,nan,0,nan,nan,nan,0,nan,nan,nan,nan,nan,nan,nan,nan,nan,nan,nan,nan,nan,nan,nan,nan,nan,nan,nan,nan,nan,nan,nan,nan,nan,nan,nan,nan,nan,nan,nan,nan,nan,nan,nan,nan,nan,nan,nan,nan,nan,nan,nan,nan,nan,nan,nan,nan,nan,nan,3.000000,4.933340,2.992126,3.922376,-1.204071,-2.927058,4.949530,2.992126,3.922376,0.400000,9.700000,0.000000,3.165036,inf,1.000000,1.000000,0.000000,0.000000,0.000000,0.000000,0.000000,0.000000,0.000000,0.000000,0.000000,0.000000,18.000000,161.633210,0.200521,nan
40.280,TRACKING,4.813799,1.327119,4.588182,0.600000,-0.067903,-3.247055,0.000000,38.901841,-84.717433,29.400000,9.030125,6.875000,0.000000,0.000000,0.000000,37.283486,40.228961,-80.129251,30.000000,8.962223,3.627945,0.000000,0.000000,0.000000,22.038310,40.228961,-80.129251,29.400000,7.415465,3.001812,0.000000,0.000000,0.000000,0.000000,1.327119,4.588182,0.600000,4.813799,-0.067903,-3.247055,0.000000,3.247764,nan,nan,nan,0,nan,nan,nan,0,nan,nan,nan,nan,nan,nan,nan,nan,nan,nan,nan,nan,nan,nan,nan,nan,nan,nan,nan,nan,nan,nan,nan,nan,nan,nan,nan,nan,nan,nan,nan,nan,nan,nan,nan,nan,nan,nan,nan,nan,nan,nan,nan,nan,nan,nan,nan,nan,nan,nan,3.000000,4.776260,2.951758,3.754968,-1.281322,-2.984324,4.792980,2.951758,3.754968,0.400000,9.668683,-0.000000,3.247764,inf,1.000000,1.000000,0.000000,0.000000,0.000000,0.000000,0.000000,0.000000,0.000000,0.000000,0.000000,0.000000,18.000000,161.465244,0.228274,nan
40.340,TRACKING,4.650976,1.319830,4.419234,0.600000,-0.145786,-3.378952,0.000000,39.352242,-84.367433,29.400000,9.008009,7.000000,0.000000,0.000000,0.000000,37.850290,40.672072,-79.948199,30.000000,8.862223,3.621048,0.000000,0.000000,0.000000,22.224615,40.672072,-79.948199,29.400000,7.405665,3.025908,0.000000,0.000000,0.000000,0.000000,1.319830,4.419234,0.600000,4.650976,-0.145786,-3.378952,0.000000,3.382095,nan,nan,nan,0,nan,nan,nan,0,nan,nan,nan,nan,nan,nan,nan,nan,nan,nan,nan,nan,nan,nan,nan,nan,nan,nan,nan,nan,nan,nan,nan,nan,nan,nan,nan,nan,nan,nan,nan,nan,nan,nan,nan,nan,nan,nan,nan,nan,nan,nan,nan,nan,nan,nan,nan,nan,nan,nan,3.000000,4.612113,2.893302,3.591711,-1.413005,-3.072781,4.629426,2.893302,3.591711,0.400000,9.573452,0.000000,3.382095,inf,1.000000,1.000000,0.000000,0.000000,0.000000,0.000000,0.000000,0.000000,0.000000,0.000000,0.000000,0.000000,18.000000,161.293310,0.256258,nan
40.380,TRACKING,4.480973,1.308468,4.243469,0.600000,-0.227239,-3.515306,0.000000,39.801715,-84.011183,29.400000,8.989461,7.125000,0.000000,0.000000,0.000000,38.400159,41.110183,-79.767714,30.000000,8.762223,3.609694,0.000000,0.000000,0.000000,22.389749,41.110183,-79.767714,29.400000,7.396914,3.047240,0.000000,0.000000,0.000000,0.000000,1.308468,4.243469,0.600000,4.480973,-0.227239,-3.515306,0.000000,3.522643,nan,nan,nan,0,nan,nan,nan,0,nan,nan,nan,nan,nan,nan,nan,nan,nan,nan,nan,nan,nan,nan,nan,nan,nan,nan,nan,nan,nan,nan,nan,nan,nan,nan,nan,nan,nan,nan,nan,nan,nan,nan,nan,nan,nan,nan,nan,nan,nan,nan,nan,nan,nan,nan,nan,nan,nan,nan,3.000000,4.440621,2.826186,3.425170,-1.549106,-3.163746,4.458600,2.826186,3.425170,0.400000,9.476626,-0.000000,3.522643,inf,1.000000,1.000000,0.000000,0.000000,0.000000,0.000000,0.000000,0.000000,0.000000,0.000000,0.000000,0.000000,18.000000,161.116503,0.284617,nan
40.440,TRACKING,4.303645,1.293225,4.060656,0.600000,-0.304853,-3.656251,0.000000,40.250069,-83.648683,29.400000,8.967075,7.250000,0.000000,0.000000,0.000000,38.956001,41.543294,-79.588027,30.000000,8.662223,3.593749,0.000000,0.000000,0.000000,22.532391,41.543294,-79.588027,29.400000,7.389304,3.065645,0.000000,0.000000,0.000000,0.000000,1.293225,4.060656,0.600000,4.303645,-0.304853,-3.656251,0.000000,3.668938,nan,nan,nan,0,nan,nan,nan,0,nan,nan,nan,nan,nan,nan,nan,nan,nan,nan,nan,nan,nan,nan,nan,nan,nan,nan,nan,nan,nan,nan,nan,nan,nan,nan,nan,nan,nan,nan,nan,nan,nan,nan,nan,nan,nan,nan,nan,nan,nan,nan,nan,nan,nan,nan,nan,nan,nan,nan,3.000000,4.261615,2.750571,3.255107,-1.682677,-3.260323,4.280346,2.750571,3.255107,0.400000,9.378120,0.000000,3.668938,inf,1.000000,1.000000,0.000000,0.000000,0.000000,0.000000,0.000000,0.000000,0.000000,0.000000,0.000000,0.000000,18.000000,160.934830,0.313309,nan
40.480,TRACKING,4.118864,1.274278,3.870563,0.600000,-0.378952,-3.801875,0.000000,40.697127,-83.279933,29.400000,8.941175,7.375000,0.000000,0.000000,0.000000,39.517029,41.971405,-79.409371,30.000000,8.562223,3.573125,0.000000,0.000000,0.000000,22.651401,41.971405,-79.409371,29.400000,7.382921,3.080987,0.000000,0.000000,0.000000,0.000000,1.274278,3.870563,0.600000,4.118864,-0.378952,-3.801875,0.000000,3.820715,nan,nan,nan,0,nan,nan,nan,0,nan,nan,nan,nan,nan,nan,nan,nan,nan,nan,nan,nan,nan,nan,nan,nan,nan,nan,nan,nan,nan,nan,nan,nan,nan,nan,nan,nan,nan,nan,nan,nan,nan,nan,nan,nan,nan,nan,nan,nan,nan,nan,nan,nan,nan,nan,nan,nan,nan,nan,3.000000,4.074928,2.666631,3.081253,-1.813913,-3.362674,4.094513,2.666631,3.081253,0.400000,9.277870,0.000000,3.820715,inf,1.000000,1.000000,0.000000,0.000000,0.000000,0.000000,0.000000,0.000000,0.000000,0.000000,0.000000,0.000000,18.000000,160.748267,0.342389,nan
40.540,TRACKING,3.926516,1.251786,3.672950,0.600000,-0.449832,-3.952260,0.000000,41.142730,-82.904933,29.400000,8.912054,7.500000,0.000000,0.000000,0.000000,40.082517,42.394516,-79.231984,30.000000,8.462223,3.547740,0.000000,0.000000,0.000000,22.745598,42.394516,-79.231984,29.400000,7.377845,3.093121,0.000000,0.000000,0.000000,0.000000,1.251786,3.672950,0.600000,3.926516,-0.449832,-3.952260,0.000000,3.977777,nan,nan,nan,0,nan,nan,nan,0,nan,nan,nan,nan,nan,nan,nan,nan,nan,nan,nan,nan,nan,nan,nan,nan,nan,nan,nan,nan,nan,nan,nan,nan,nan,nan,nan,nan,nan,nan,nan,nan,nan,nan,nan,nan,nan,nan,nan,nan,nan,nan,nan,nan,nan,nan,nan,nan,nan,nan,3.000000,3.880403,2.574545,2.903316,-1.942951,-3.470973,3.900965,2.574545,2.903316,0.400000,9.175820,0.000000,3.977777,inf,1.000000,1.000000,0.000000,0.000000,0.000000,0.000000,0.000000,0.000000,0.000000,0.000000,0.000000,0.000000,18.000000,160.556783,0.371862,nan
40.580,TRACKING,3.732300,1.225898,3.473792,0.600000,-0.517766,-3.983140,0.000000,41.586729,-82.529900,29.400000,8.879989,7.500660,0.000000,0.000000,0.000000,40.186777,42.812627,-79.056108,30.000000,8.362223,3.517520,0.000000,0.000000,0.000000,22.813770,42.812627,-79.056108,29.400000,7.374160,3.101897,0.000000,0.000000,0.000000,0.000000,1.225898,3.473792,0.600000,3.732300,-0.517766,-3.983140,0.000000,4.016651,nan,nan,nan,0,nan,nan,nan,0,nan,nan,nan,nan,nan,nan,nan,nan,nan,nan,nan,nan,nan,nan,nan,nan,nan,nan,nan,nan,nan,nan,nan,nan,nan,nan,nan,nan,nan,nan,nan,nan,nan,nan,nan,nan,nan,nan,nan,nan,nan,nan,nan,nan,nan,nan,nan,nan,nan,nan,3.000000,3.683756,2.476914,2.726712,-2.021673,-3.470782,3.705410,2.476914,2.726712,0.400000,9.071919,0.000000,4.016651,inf,1.000000,1.000000,0.000000,0.000000,0.000000,0.000000,0.000000,0.000000,0.000000,0.000000,0.000000,0.000000,18.000000,160.360348,0.401730,nan
40.640,TRACKING,3.541991,1.196747,3.279252,0.600000,-0.583015,-3.890808,0.000000,42.028991,-82.161117,29.400000,8.845237,7.375660,0.000000,0.000000,0.000000,39.823262,43.225739,-78.881865,30.000000,8.262223,3.484852,0.000000,0.000000,0.000000,22.869115,43.225739,-78.881865,29.400000,7.371160,3.109019,0.000000,0.000000,0.000000,0.000000,1.196747,3.279252,0.600000,3.541991,-0.583015,-3.890808,0.000000,3.934246,nan,nan,nan,0,nan,nan,nan,0,nan,nan,nan,nan,nan,nan,nan,nan,nan,nan,nan,nan,nan,nan,nan,nan,nan,nan,nan,nan,nan,nan,nan,nan,nan,nan,nan,nan,nan,nan,nan,nan,nan,nan,nan,nan,nan,nan,nan,nan,nan,nan,nan,nan,nan,nan,nan,nan,nan,nan,3.000000,3.490802,2.377084,2.556398,-2.049261,-3.358396,3.513645,2.377084,2.556398,0.400000,8.967080,-0.000000,3.934246,inf,1.000000,1.000000,0.000000,0.000000,0.000000,0.000000,0.000000,0.000000,0.000000,0.000000,0.000000,0.000000,18.000000,160.165104,0.422342,nan
40.680,TRACKING,3.355594,1.164495,3.089330,0.600000,-0.645034,-3.798434,0.000000,42.469354,-81.798584,29.400000,8.807257,7.250660,0.000000,0.000000,0.000000,39.463253,43.633850,-78.709254,30.000000,8.162223,3.452226,0.000000,0.000000,0.000000,22.926014,43.633850,-78.709254,29.400000,7.368069,3.116337,0.000000,0.000000,0.000000,0.000000,1.164495,3.089330,0.600000,3.355594,-0.645034,-3.798434,0.000000,3.852814,nan,nan,nan,0,nan,nan,nan,0,nan,nan,nan,nan,nan,nan,nan,nan,nan,nan,nan,nan,nan,nan,nan,nan,nan,nan,nan,nan,nan,nan,nan,nan,nan,nan,nan,nan,nan,nan,nan,nan,nan,nan,nan,nan,nan,nan,nan,nan,nan,nan,nan,nan,nan,nan,nan,nan,nan,nan,3.000000,3.301517,2.275935,2.391680,-2.073732,-3.247123,3.325660,2.275935,2.391680,0.400000,8.862265,0.000000,3.852814,inf,1.000000,1.000000,0.000000,0.000000,0.000000,0.000000,0.000000,0.000000,0.000000,0.000000,0.000000,0.000000,18.000000,159.977255,0.431908,nan
40.740,TRACKING,3.173136,1.129333,2.904032,0.600000,-0.703241,-3.705971,0.000000,42.907627,-81.442301,29.400000,8.765464,7.125660,0.000000,0.000000,0.000000,39.108506,44.036961,-78.538269,30.000000,8.062223,3.419690,0.000000,0.000000,0.000000,22.984819,44.036961,-78.538269,29.400000,7.364867,3.123898,0.000000,0.000000,0.000000,0.000000,1.129333,2.904032,0.600000,3.173136,-0.703241,-3.705971,0.000000,3.772104,nan,nan,nan,0,nan,nan,nan,0,nan,nan,nan,nan,nan,nan,nan,nan,nan,nan,nan,nan,nan,nan,nan,nan,nan,nan,nan,nan,nan,nan,nan,nan,nan,nan,nan,nan,nan,nan,nan,nan,nan,nan,nan,nan,nan,nan,nan,nan,nan,nan,nan,nan,nan,nan,nan,nan,nan,nan,3.000000,3.115894,2.173661,2.232486,-2.094544,-3.137141,3.141464,2.173661,2.232486,0.400000,8.757495,-0.000000,3.772104,inf,1.000000,1.000000,0.000000,0.000000,0.000000,0.000000,0.000000,0.000000,0.000000,0.000000,0.000000,0.000000,18.000000,159.796757,0.439133,nan
40.780,TRACKING,2.994654,1.091441,2.723364,0.600000,-0.757844,-3.613360,0.000000,43.343631,-81.092268,29.400000,8.720067,7.000660,0.000000,0.000000,0.000000,38.758258,44.435072,-78.368904,30.000000,7.962223,3.387301,0.000000,0.000000,0.000000,23.045944,44.435072,-78.368904,29.400000,7.361530,3.131753,0.000000,0.000000,0.000000,0.000000,1.091441,2.723364,0.600000,2.994654,-0.757844,-3.613360,0.000000,3.691977,nan,nan,nan,0,nan,nan,nan,0,nan,nan,nan,nan,nan,nan,nan,nan,nan,nan,nan,nan,nan,nan,nan,nan,nan,nan,nan,nan,nan,nan,nan,nan,nan,nan,nan,nan,nan,nan,nan,nan,nan,nan,nan,nan,nan,nan,nan,nan,nan,nan,nan,nan,nan,nan,nan,nan,nan,nan,3.000000,2.933932,2.070448,2.078750,-2.111880,-3.028309,2.961073,2.070448,2.078750,0.400000,8.652791,0.000000,3.691977,inf,1.000000,1.000000,0.000000,0.000000,0.000000,0.000000,0.000000,0.000000,0.000000,0.000000,0.000000,0.000000,18.000000,159.623560,0.444064,nan
40.840,TRACKING,2.820196,1.050989,2.547337,0.600000,-0.809037,-3.520542,0.000000,43.777194,-80.748485,29.400000,8.671259,6.875660,0.000000,0.000000,0.000000,38.411786,44.828183,-78.201148,30.000000,7.862223,3.355118,0.000000,0.000000,0.000000,23.109839,44.828183,-78.201148,29.400000,7.358033,3.139960,0.000000,0.000000,0.000000,0.000000,1.050989,2.547337,0.600000,2.820196,-0.809037,-3.520542,0.000000,3.612307,nan,nan,nan,0,nan,nan,nan,0,nan,nan,nan,nan,nan,nan,nan,nan,nan,nan,nan,nan,nan,nan,nan,nan,nan,nan,nan,nan,nan,nan,nan,nan,nan,nan,nan,nan,nan,nan,nan,nan,nan,nan,nan,nan,nan,nan,nan,nan,nan,nan,nan,nan,nan,nan,nan,nan,nan,nan,3.000000,2.755631,1.966469,1.930415,-2.125910,-2.920490,2.784511,1.966469,1.930415,0.400000,8.548179,-0.000000,3.612307,inf,1.000000,1.000000,0.000000,0.000000,0.000000,0.000000,0.000000,0.000000,0.000000,0.000000,0.000000,0.000000,18.000000,159.457608,0.446740,nan
40.880,TRACKING,2.649821,1.008140,2.375964,0.600000,-0.856998,-3.427456,0.000000,44.208155,-80.410952,29.400000,8.619220,6.750660,0.000000,0.000000,0.000000,38.068406,45.216294,-78.034988,30.000000,7.762223,3.323205,0.000000,0.000000,0.000000,23.176997,45.216294,-78.034988,29.400000,7.354347,3.148583,0.000000,0.000000,0.000000,0.000000,1.008140,2.375964,0.600000,2.649821,-0.856998,-3.427456,0.000000,3.532973,nan,nan,nan,0,nan,nan,nan,0,nan,nan,nan,nan,nan,nan,nan,nan,nan,nan,nan,nan,nan,nan,nan,nan,nan,nan,nan,nan,nan,nan,nan,nan,nan,nan,nan,nan,nan,nan,nan,nan,nan,nan,nan,nan,nan,nan,nan,nan,nan,nan,nan,nan,nan,nan,nan,nan,nan,nan,3.000000,2.580998,1.861891,1.787432,-2.136786,-2.813546,2.611810,1.861891,1.787432,0.400000,8.443683,0.000000,3.532973,inf,1.000000,1.000000,0.000000,0.000000,0.000000,0.000000,0.000000,0.000000,0.000000,0.000000,0.000000,0.000000,18.000000,159.298842,0.447206,nan
40.940,TRACKING,2.483605,0.963045,2.209262,0.600000,-0.901892,-3.334032,0.000000,44.636360,-80.079669,29.400000,8.564115,6.625660,0.000000,0.000000,0.000000,37.727466,45.599405,-77.870407,30.000000,7.662223,3.291628,0.000000,0.000000,0.000000,23.247963,45.599405,-77.870407,29.400000,7.350442,3.157689,0.000000,0.000000,0.000000,0.000000,0.963045,2.209262,0.600000,2.483605,-0.901892,-3.334032,0.000000,3.453865,nan,nan,nan,0,nan,nan,nan,0,nan,nan,nan,nan,nan,nan,nan,nan,nan,nan,nan,nan,nan,nan,nan,nan,nan,nan,nan,nan,nan,nan,nan,nan,nan,nan,nan,nan,nan,nan,nan,nan,nan,nan,nan,nan,nan,nan,nan,nan,nan,nan,nan,nan,nan,nan,nan,nan,nan,nan,3.000000,2.410041,1.756871,1.649757,-2.144643,-2.707339,2.443010,1.756871,1.649757,0.400000,8.339333,0.000000,3.453865,inf,1.000000,1.000000,0.000000,0.000000,0.000000,0.000000,0.000000,0.000000,0.000000,0.000000,0.000000,0.000000,18.000000,159.147199,0.445505,nan
40.980,TRACKING,2.321643,0.915851,2.047252,0.600000,-0.943873,-3.240200,0.000000,45.061665,-79.754636,29.400000,8.506096,6.500660,0.000000,0.000000,0.000000,37.388346,45.977516,-77.707384,30.000000,7.562223,3.260460,0.000000,0.000000,0.000000,23.323342,45.977516,-77.707384,29.400000,7.346281,3.167357,0.000000,0.000000,0.000000,0.000000,0.915851,2.047252,0.600000,2.321643,-0.943873,-3.240200,0.000000,3.374876,nan,nan,nan,0,nan,nan,nan,0,nan,nan,nan,nan,nan,nan,nan,nan,nan,nan,nan,nan,nan,nan,nan,nan,nan,nan,nan,nan,nan,nan,nan,nan,nan,nan,nan,nan,nan,nan,nan,nan,nan,nan,nan,nan,nan,nan,nan,nan,nan,nan,nan,nan,nan,nan,nan,nan,nan,nan,3.000000,2.242772,1.651560,1.517358,-2.149604,-2.601729,2.278163,1.651560,1.517358,0.400000,8.235157,-0.000000,3.374876,inf,1.000000,1.000000,0.000000,0.000000,0.000000,0.000000,0.000000,0.000000,0.000000,0.000000,0.000000,0.000000,18.000000,159.002612,0.441681,nan
41.040,TRACKING,2.164049,0.866697,1.889958,0.600000,-0.983080,-3.145878,0.000000,45.483930,-79.435853,29.400000,8.445303,6.375660,0.000000,0.000000,0.000000,37.050456,46.350628,-77.545895,30.000000,7.462223,3.229782,0.000000,0.000000,0.000000,23.403817,46.350628,-77.545895,29.400000,7.341825,3.177672,0.000000,0.000000,0.000000,0.000000,0.866697,1.889958,0.600000,2.164049,-0.983080,-3.145878,0.000000,3.295906,nan,nan,nan,0,nan,nan,nan,0,nan,nan,nan,nan,nan,nan,nan,nan,nan,nan,nan,nan,nan,nan,nan,nan,nan,nan,nan,nan,nan,nan,nan,nan,nan,nan,nan,nan,nan,nan,nan,nan,nan,nan,nan,nan,nan,nan,nan,nan,nan,nan,nan,nan,nan,nan,nan,nan,nan,nan,3.000000,2.079208,1.546101,1.390208,-2.151771,-2.496572,2.117335,1.546101,1.390208,0.400000,8.131191,0.000000,3.295906,inf,1.000000,1.000000,0.000000,0.000000,0.000000,0.000000,0.000000,0.000000,0.000000,0.000000,0.000000,0.000000,18.000000,158.865014,0.435779,nan
41.080,DOCKING,2.010966,0.815715,1.737410,0.600000,-1.019639,-3.050978,0.000000,45.903023,-79.123320,29.400000,8.381862,6.250660,0.000000,0.000000,0.000000,36.713237,46.718739,-77.385910,30.000000,7.362223,3.199683,0.000000,0.000000,0.000000,23.490163,48.756535,-76.112158,29.235007,7.336152,3.188352,-0.050000,0.000000,0.000000,0.000000,0.815715,1.737410,0.600000,2.010966,-1.019639,-3.050978,0.000000,3.216851,nan,nan,nan,0,nan,nan,nan,0,nan,nan,nan,nan,nan,nan,nan,nan,nan,nan,nan,nan,nan,nan,nan,nan,nan,nan,nan,nan,nan,nan,nan,nan,nan,nan,nan,nan,nan,nan,nan,nan,nan,nan,nan,nan,nan,nan,nan,nan,nan,nan,nan,nan,nan,nan,nan,nan,nan,nan,4.000000,1.919371,1.440633,1.268291,-2.151234,-2.391719,1.960608,1.440633,1.268291,0.400000,8.027471,0.000000,3.216851,2.010966,1.000000,1.000000,0.000000,0.000000,0.000000,0.000000,0.000000,0.000000,0.000000,1.000000,0.000000,0.000000,18.000000,158.734333,0.427845,nan
41.140,DOCKING,1.850039,0.753483,1.577140,0.606250,-1.244639,-3.205397,0.125000,46.328367,-78.804537,29.393750,8.506862,6.375660,-0.125000,0.000000,0.000000,36.850554,47.081850,-77.227397,30.000000,7.262223,3.170263,0.000000,0.000000,0.000000,23.583276,47.970720,-76.839369,29.750000,7.386153,3.238353,-0.073565,0.000000,0.000000,0.000000,0.753483,1.577140,0.606250,1.850039,-1.244639,-3.205397,0.125000,3.440832,nan,nan,nan,0,nan,nan,nan,0,nan,nan,nan,nan,nan,nan,nan,nan,nan,nan,nan,nan,nan,nan,nan,nan,nan,nan,nan,nan,nan,nan,nan,nan,nan,nan,nan,nan,nan,nan,nan,nan,nan,nan,nan,nan,nan,nan,nan,nan,nan,nan,nan,nan,nan,nan,nan,nan,nan,nan,4.000000,1.747886,1.321537,1.143962,-2.423107,-2.439724,1.794476,1.321537,1.143962,0.406250,7.924042,0.000000,3.440832,1.850039,1.000000,1.000000,0.000000,0.000000,0.000000,0.000000,0.000000,0.000000,0.000000,1.000000,0.000000,0.000000,18.000000,158.610496,0.417925,nan
41.180,DOCKING,1.691295,0.680001,1.424969,0.606250,-1.469639,-3.043415,-0.000000,46.759960,-78.492004,29.393750,8.631862,6.250660,0.000000,0.000000,0.000000,35.909730,47.439961,-77.067035,30.000000,7.162223,3.207246,0.000000,0.000000,0.000000,24.122851,48.251065,-76.703822,29.750000,7.486153,3.338353,0.026435,0.000000,0.000000,0.000000,0.680001,1.424969,0.606250,1.691295,-1.469639,-3.043415,-0.000000,3.379676,nan,nan,nan,0,nan,nan,nan,0,nan,nan,nan,nan,nan,nan,nan,nan,nan,nan,nan,nan,nan,nan,nan,nan,nan,nan,nan,nan,nan,nan,nan,nan,nan,nan,nan,nan,nan,nan,nan,nan,nan,nan,nan,nan,nan,nan,nan,nan,nan,nan,nan,nan,nan,nan,nan,nan,nan,nan,4.000000,1.578904,1.202995,1.022615,-2.585124,-2.177003,1.630330,1.202995,1.022615,0.406250,7.847538,0.000000,3.379676,1.691295,1.000000,1.000000,0.021784,0.000000,0.000000,0.000000,0.000000,0.000000,0.000000,1.000000,0.000000,0.000000,18.000000,158.482753,0.442130,nan
41.240,DOCKING,1.534769,0.595269,1.281082,0.600000,-1.694639,-2.877748,-0.125000,47.197803,-78.185721,29.400000,8.756862,6.125660,0.125000,0.000000,0.000000,34.973822,47.793072,-76.904639,30.000000,7.062223,3.247912,0.000000,0.000000,0.000000,24.697675,48.525868,-76.567627,29.750000,7.636153,3.488353,0.131500,0.000000,0.000000,0.000000,0.595269,1.281082,0.600000,1.534769,-1.694639,-2.877748,-0.125000,3.341985,nan,nan,nan,0,nan,nan,nan,0,nan,nan,nan,nan,nan,nan,nan,nan,nan,nan,nan,nan,nan,nan,nan,nan,nan,nan,nan,nan,nan,nan,nan,nan,nan,nan,nan,nan,nan,nan,nan,nan,nan,nan,nan,nan,nan,nan,nan,nan,nan,nan,nan,nan,nan,nan,nan,nan,nan,nan,4.000000,1.412627,1.076092,0.915173,-2.742032,-1.906435,1.468167,1.076092,0.915173,0.400000,7.773283,0.000000,3.341985,1.534769,1.000000,1.000000,0.040443,0.000000,0.000000,0.000000,0.000000,0.000000,0.000000,1.000000,0.000000,0.000000,18.000000,158.363984,0.425063,nan
41.280,DOCKING,1.380717,0.499287,1.145398,0.587500,-1.919639,-2.713671,-0.250000,47.641896,-77.885688,29.412500,8.881862,6.000660,0.250000,0.000000,0.000000,34.043289,48.141183,-76.740290,30.000000,6.962223,3.286989,0.000000,0.000000,0.000000,25.272828,48.795406,-76.431420,29.750000,7.736153,3.588353,0.103500,0.000000,0.000000,0.000000,0.499287,1.145398,0.587500,1.380717,-1.919639,-2.713671,-0.250000,3.333396,nan,nan,nan,0,nan,nan,nan,0,nan,nan,nan,nan,nan,nan,nan,nan,nan,nan,nan,nan,nan,nan,nan,nan,nan,nan,nan,nan,nan,nan,nan,nan,nan,nan,nan,nan,nan,nan,nan,nan,nan,nan,nan,nan,nan,nan,nan,nan,nan,nan,nan,nan,nan,nan,nan,nan,nan,nan,4.000000,1.249490,0.940502,0.822606,-2.894446,-1.634383,1.308198,0.940502,0.822606,0.387500,7.699145,0.000000,3.333396,1.380717,1.000000,1.000000,0.044307,0.000000,0.000000,0.000000,0.000000,0.000000,0.000000,1.000000,0.000000,0.000000,18.000000,158.254321,0.404587,nan
41.340,DOCKING,1.230115,0.392055,1.017840,0.568750,-2.144639,-2.551160,-0.375000,48.092239,-77.591905,29.431250,9.006862,5.875660,0.375000,0.000000,0.000000,33.118571,48.484294,-76.574065,30.000000,6.862223,3.324500,0.000000,0.000000,0.000000,25.848522,49.060086,-76.295114,29.750000,7.886153,3.738353,0.072750,0.000000,0.000000,0.000000,0.392055,1.017840,0.568750,1.230115,-2.144639,-2.551160,-0.375000,3.353881,nan,nan,nan,0,nan,nan,nan,0,nan,nan,nan,nan,nan,nan,nan,nan,nan,nan,nan,nan,nan,nan,nan,nan,nan,nan,nan,nan,nan,nan,nan,nan,nan,nan,nan,nan,nan,nan,nan,nan,nan,nan,nan,nan,nan,nan,nan,nan,nan,nan,nan,nan,nan,nan,nan,nan,nan,nan,4.000000,1.090736,0.796602,0.745071,-3.042357,-1.360867,1.151383,0.796602,0.745071,0.368750,7.625117,0.000000,3.353881,1.230115,1.000000,1.000000,0.045348,0.000000,0.000000,0.000000,0.000000,0.000000,0.000000,1.000000,0.000000,0.000000,18.000000,158.153856,0.380627,nan
41.380,DOCKING,1.082685,0.275288,0.891532,0.549175,-2.335347,-2.526160,-0.391500,48.547117,-77.304372,29.450825,9.097570,5.750660,0.391500,0.000000,0.000000,32.297370,48.822405,-76.412840,30.000000,6.762223,3.224500,0.000000,0.000000,0.000000,25.493689,49.321230,-76.174980,29.750000,7.986153,3.838353,0.061167,0.000000,0.000000,0.000000,0.275288,0.891532,0.549175,1.082685,-2.335347,-2.526160,-0.391500,3.462456,nan,nan,nan,0,nan,nan,nan,0,nan,nan,nan,nan,nan,nan,nan,nan,nan,nan,nan,nan,nan,nan,nan,nan,nan,nan,nan,nan,nan,nan,nan,nan,nan,nan,nan,nan,nan,nan,nan,nan,nan,nan,nan,nan,nan,nan,nan,nan,nan,nan,nan,nan,nan,nan,nan,nan,nan,nan,4.000000,0.933066,0.632210,0.686239,-3.195249,-1.275034,0.996261,0.632210,0.686239,0.349175,7.491666,0.000000,3.462456,1.082685,1.000000,1.000000,0.043642,0.000000,0.000000,0.000000,0.000000,0.000000,0.000000,1.000000,0.000000,0.000000,18.000000,158.062683,0.353104,nan
41.440,DOCKING,0.945761,0.157645,0.766474,0.531158,-2.352866,-2.501160,-0.360342,48.997872,-77.023089,29.468842,9.015088,5.625660,0.360342,0.000000,0.000000,31.965284,49.155517,-76.256615,30.000000,6.662223,3.124500,0.000000,0.000000,0.000000,25.126000,49.579715,-76.057671,29.750000,8.136153,3.906335,0.058848,0.000000,0.000000,0.000000,0.157645,0.766474,0.531158,0.945761,-2.352866,-2.501160,-0.360342,3.452771,nan,nan,nan,0,nan,nan,nan,0,nan,nan,nan,nan,nan,nan,nan,nan,nan,nan,nan,nan,nan,nan,nan,nan,nan,nan,nan,nan,nan,nan,nan,nan,nan,nan,nan,nan,nan,nan,nan,nan,nan,nan,nan,nan,nan,nan,nan,nan,nan,nan,nan,nan,nan,nan,nan,nan,nan,nan,4.000000,0.782518,0.468181,0.627010,-3.192247,-1.265439,0.849706,0.468181,0.627010,0.331158,7.358513,0.000000,3.452771,0.945761,1.000000,1.000000,0.046197,0.000000,0.000000,0.000000,0.000000,0.000000,0.000000,1.000000,0.000000,0.000000,18.000000,157.979586,0.323605,nan
41.480,DOCKING,0.824063,0.041251,0.642666,0.514158,-2.327866,-2.476160,-0.340006,49.442376,-76.748056,29.485842,8.890088,5.500660,0.340006,0.000000,0.000000,31.746768,49.483628,-76.105390,30.000000,6.562223,3.024500,0.000000,0.000000,0.000000,24.744775,49.837437,-75.942321,29.750000,8.136153,3.856335,0.055028,0.000000,0.000000,0.000000,0.041251,0.642666,0.514158,0.824063,-2.327866,-2.476160,-0.340006,3.415542,nan,nan,nan,0,nan,nan,nan,0,nan,nan,nan,nan,nan,nan,nan,nan,nan,nan,nan,nan,nan,nan,nan,nan,nan,nan,nan,nan,nan,nan,nan,nan,nan,nan,nan,nan,nan,nan,nan,nan,nan,nan,nan,nan,nan,nan,nan,nan,nan,nan,nan,nan,nan,nan,nan,nan,nan,nan,4.000000,0.643989,0.306469,0.566390,-3.150588,-1.274411,0.716531,0.306469,0.566390,0.314158,7.225674,0.000000,3.415542,0.824063,1.000000,1.000000,0.083686,0.000000,0.000000,0.000000,0.000000,0.000000,0.000000,1.000000,0.000000,0.000000,18.000000,157.902833,0.298985,nan
41.540,DOCKING,0.723999,-0.073892,0.520108,0.498198,-2.302866,-2.451160,-0.319186,49.880631,-76.479273,29.501802,8.765088,5.375660,0.319186,0.000000,0.000000,31.520939,49.806739,-75.959165,30.000000,6.462223,2.924500,0.000000,0.000000,0.000000,24.349289,50.096768,-75.827911,29.750000,8.047576,3.706335,0.051754,0.000000,0.000000,0.000000,-0.073892,0.520108,0.498198,0.723999,-2.302866,-2.451160,-0.319186,3.378351,nan,nan,nan,0,nan,nan,nan,0,nan,nan,nan,nan,nan,nan,nan,nan,nan,nan,nan,nan,nan,nan,nan,nan,nan,nan,nan,nan,nan,nan,nan,nan,nan,nan,nan,nan,nan,nan,nan,nan,nan,nan,nan,nan,nan,nan,nan,nan,nan,nan,nan,nan,nan,nan,nan,nan,nan,nan,4.000000,0.525331,0.147121,0.504309,-3.108632,-1.283659,0.604065,0.147121,0.504309,0.298198,7.093167,0.000000,3.378351,0.723999,1.000000,1.000000,0.171834,0.000000,0.000000,0.000000,0.000000,0.000000,0.000000,1.000000,0.000000,0.000000,18.000000,157.831874,0.274686,nan
41.580,DOCKING,0.654055,-0.187785,0.398800,0.483201,-2.277866,-2.426160,-0.299952,50.312635,-76.216740,29.516799,8.640088,5.250660,0.299952,0.000000,0.000000,31.287430,50.124850,-75.817940,30.000000,6.362223,2.824500,0.000000,0.000000,0.000000,23.938766,50.363286,-75.712086,29.750000,7.947576,3.606335,0.048617,0.000000,0.000000,0.000000,-0.187785,0.398800,0.483201,0.654055,-2.277866,-2.426160,-0.299952,3.341391,nan,nan,nan,0,nan,nan,nan,0,nan,nan,nan,nan,nan,nan,nan,nan,nan,nan,nan,nan,nan,nan,nan,nan,nan,nan,nan,nan,nan,nan,nan,nan,nan,nan,nan,nan,nan,nan,nan,nan,nan,nan,nan,nan,nan,nan,nan,nan,nan,nan,nan,nan,nan,nan,nan,nan,nan,nan,4.000000,0.440800,-0.009815,0.440691,-3.066362,-1.293194,0.523935,-0.009815,0.440691,0.283201,6.961011,-0.000000,3.341391,0.654055,1.000000,1.000000,0.266518,0.000000,0.000000,0.000000,0.000000,0.000000,0.000000,1.000000,0.000000,0.000000,18.000000,157.766572,0.248985,nan
41.640,DOCKING,0.622911,-0.300428,0.278742,0.469110,-2.252866,-2.401160,-0.281818,50.738390,-75.960457,29.530890,8.515088,5.125660,0.281818,0.000000,0.000000,31.045851,50.437961,-75.681715,30.000000,6.262223,2.724500,0.000000,0.000000,0.000000,23.512376,50.666378,-75.582338,29.750000,7.797576,3.456335,0.045681,0.000000,0.000000,0.000000,-0.300428,0.278742,0.469110,0.622911,-2.252866,-2.401160,-0.281818,3.304602,nan,nan,nan,0,nan,nan,nan,0,nan,nan,nan,nan,nan,nan,nan,nan,nan,nan,nan,nan,nan,nan,nan,nan,nan,nan,nan,nan,nan,nan,nan,nan,nan,nan,nan,nan,nan,nan,nan,nan,nan,nan,nan,nan,nan,nan,nan,nan,nan,nan,nan,nan,nan,nan,nan,nan,nan,nan,4.000000,0.409822,-0.164282,0.375454,-3.023755,-1.303026,0.490280,-0.164282,0.375454,0.269110,6.829227,0.000000,3.304602,0.622911,1.000000,1.000000,0.417832,1.000000,2.000000,0.000000,0.000000,0.000000,0.000000,1.000000,0.000000,0.000000,18.000000,157.706790,0.221940,nan
41.680,DOCKING,0.634818,-0.411822,0.159934,0.455870,-2.227866,-2.376160,-0.264791,51.157894,-75.710424,29.544130,8.390088,5.000660,0.264791,0.000000,0.000000,30.795786,50.746072,-75.550490,30.000000,6.162223,2.624500,0.000000,0.000000,0.000000,23.069233,50.981773,-75.450105,29.750000,7.697576,3.356335,0.042921,0.000000,0.000000,0.000000,-0.411822,0.159934,0.455870,0.634818,-2.227866,-2.376160,-0.264791,3.267971,nan,nan,nan,0,nan,nan,nan,0,nan,nan,nan,nan,nan,nan,nan,nan,nan,nan,nan,nan,nan,nan,nan,nan,nan,nan,nan,nan,nan,nan,nan,nan,nan,nan,nan,nan,nan,nan,nan,nan,nan,nan,nan,nan,nan,nan,nan,nan,nan,nan,nan,nan,nan,nan,nan,nan,nan,nan,4.000000,0.441787,-0.316220,0.308514,-2.980790,-1.313169,0.510535,-0.316220,0.308514,0.255870,6.697835,0.000000,3.267971,0.622911,1.000000,1.000000,0.372045,1.000000,2.000000,0.000000,0.000000,0.000000,0.000000,1.000000,0.000000,0.000000,18.000000,157.652394,0.193606,nan
41.740,DOCKING,0.686203,-0.521965,0.042376,0.443431,-2.202866,-2.351160,-0.248791,51.571148,-75.466641,29.556569,8.265088,4.875660,0.248791,0.000000,0.000000,30.536789,51.049183,-75.424265,30.000000,6.062223,2.524500,0.000000,0.000000,0.000000,22.608383,51.307319,-75.316769,29.750000,7.547576,3.206335,0.040327,0.000000,0.000000,0.000000,-0.521965,0.042376,0.443431,0.686203,-2.202866,-2.351160,-0.248791,3.231481,nan,nan,nan,0,nan,nan,nan,0,nan,nan,nan,nan,nan,nan,nan,nan,nan,nan,nan,nan,nan,nan,nan,nan,nan,nan,nan,nan,nan,nan,nan,nan,nan,nan,nan,nan,nan,nan,nan,nan,nan,nan,nan,nan,nan,nan,nan,nan,nan,nan,nan,nan,nan,nan,nan,nan,nan,nan,4.000000,0.523682,-0.465563,0.239779,-2.937442,-1.323634,0.577496,-0.465563,0.239779,0.243431,6.566860,0.000000,3.231481,0.622911,1.000000,1.000000,0.366406,1.000000,0.000000,0.000000,0.000000,0.000000,0.000000,1.000000,0.000000,0.000000,18.000000,157.603249,0.164038,nan
41.780,DOCKING,0.767613,-0.630858,-0.069612,0.431743,-2.177866,-2.239773,-0.233758,51.978153,-75.229108,29.568257,8.140088,4.750660,0.233758,0.000000,0.000000,30.268385,51.347295,-75.298720,30.000000,5.962223,2.510887,0.000000,0.000000,0.000000,22.837554,51.636666,-75.176857,29.750000,7.447576,3.106335,0.037890,0.000000,0.000000,0.000000,-0.630858,-0.069612,0.431743,0.767613,-2.177866,-2.239773,-0.233758,3.132782,nan,nan,nan,0,nan,nan,nan,0,nan,nan,nan,nan,nan,nan,nan,nan,nan,nan,nan,nan,nan,nan,nan,nan,nan,nan,nan,nan,nan,nan,nan,nan,nan,nan,nan,nan,nan,nan,nan,nan,nan,nan,nan,nan,nan,nan,nan,nan,nan,nan,nan,nan,nan,nan,nan,nan,nan,nan,4.000000,0.634687,-0.608423,0.180693,-2.876441,-1.218922,0.675672,-0.608423,0.180693,0.231743,6.469363,0.000000,3.132782,0.622911,1.000000,1.000000,0.404924,1.000000,2.000000,0.000000,0.000000,0.000000,0.000000,1.000000,0.000000,0.000000,18.000000,157.559225,0.133287,nan
41.840,DOCKING,0.867389,-0.738502,-0.173028,0.420761,-2.152866,-2.068314,-0.219633,52.378907,-74.997825,29.579239,8.015088,4.625660,0.219633,0.000000,0.000000,29.990063,51.640406,-75.170853,30.000000,5.862223,2.557346,0.000000,0.000000,0.000000,23.568840,51.964867,-75.029310,29.750000,7.297576,2.956335,0.035601,0.000000,0.000000,0.000000,-0.738502,-0.173028,0.420761,0.867389,-2.152866,-2.068314,-0.219633,2.993492,nan,nan,nan,0,nan,nan,nan,0,nan,nan,nan,nan,nan,nan,nan,nan,nan,nan,nan,nan,nan,nan,nan,nan,nan,nan,nan,nan,nan,nan,nan,nan,nan,nan,nan,nan,nan,nan,nan,nan,nan,nan,nan,nan,nan,nan,nan,nan,nan,nan,nan,nan,nan,nan,nan,nan,nan,nan,4.000000,0.758501,-0.746081,0.136696,-2.800291,-1.034951,0.789974,-0.746081,0.136696,0.220761,6.395754,0.000000,2.993492,0.622911,1.000000,1.000000,0.452650,1.000000,5.000000,0.000000,0.000000,0.000000,0.000000,1.000000,0.000000,0.000000,18.000000,157.520853,0.101284,nan
41.880,DOCKING,0.976696,-0.844895,-0.267628,0.410443,-2.127866,-1.891990,-0.206362,52.773412,-74.772792,29.589557,7.890088,4.500660,0.206362,0.000000,0.000000,29.701278,51.928517,-75.040420,30.000000,5.762223,2.608671,0.000000,0.000000,0.000000,24.357190,52.289560,-74.876968,29.750000,7.197576,2.856335,0.033450,0.000000,0.000000,0.000000,-0.844895,-0.267628,0.410443,0.976696,-2.127866,-1.891990,-0.206362,2.854825,nan,nan,nan,0,nan,nan,nan,0,nan,nan,nan,nan,nan,nan,nan,nan,nan,nan,nan,nan,nan,nan,nan,nan,nan,nan,nan,nan,nan,nan,nan,nan,nan,nan,nan,nan,nan,nan,nan,nan,nan,nan,nan,nan,nan,nan,nan,nan,nan,nan,nan,nan,nan,nan,nan,nan,nan,nan,4.000000,0.886269,-0.880069,0.104648,-2.718771,-0.846005,0.910911,-0.880069,0.104648,0.210443,6.325217,0.000000,2.854825,0.622911,1.000000,1.000000,0.470905,1.000000,7.000000,0.000000,0.000000,0.000000,0.000000,1.000000,0.000000,0.000000,18.000000,157.488487,0.067989,nan
41.940,DOCKING,1.089636,-0.950038,-0.352328,0.400748,-2.102866,-1.694010,-0.193893,53.161666,-74.554009,29.599252,7.765088,4.375660,0.193893,0.000000,0.000000,29.401443,52.211628,-74.906337,30.000000,5.662223,2.681650,0.000000,0.000000,0.000000,25.342415,52.608414,-74.718418,29.750000,7.047576,2.706335,0.031429,0.000000,0.000000,0.000000,-0.950038,-0.352328,0.400748,1.089636,-2.102866,-1.694010,-0.193893,2.707270,nan,nan,nan,0,nan,nan,nan,0,nan,nan,nan,nan,nan,nan,nan,nan,nan,nan,nan,nan,nan,nan,nan,nan,nan,nan,nan,nan,nan,nan,nan,nan,nan,nan,nan,nan,nan,nan,nan,nan,nan,nan,nan,nan,nan,nan,nan,nan,nan,nan,nan,nan,nan,nan,nan,nan,nan,nan,4.000000,1.013266,-1.009418,0.088220,-2.625581,-0.630905,1.032961,-1.009418,0.088220,0.200748,6.265143,-0.000000,2.707270,0.622911,1.000000,1.000000,0.483012,1.000000,10.000000,0.000000,0.000000,0.000000,0.000000,1.000000,0.000000,0.000000,18.000000,157.462067,0.033435,nan
41.980,DOCKING,1.198335,-1.048708,-0.427596,0.391640,-1.973392,-1.505349,-0.182177,53.543671,-74.341476,29.608360,7.640088,4.250660,0.182177,0.000000,0.000000,29.089931,52.494963,-74.769071,30.000000,5.666696,2.745311,0.000000,0.000000,0.000000,25.848522,52.926507,-74.560004,29.750000,6.947576,2.606335,0.029530,0.000000,0.000000,0.000000,-1.048708,-0.427596,0.391640,1.198335,-1.973392,-1.505349,-0.182177,2.488683,nan,nan,nan,0,nan,nan,nan,0,nan,nan,nan,nan,nan,nan,nan,nan,nan,nan,nan,nan,nan,nan,nan,nan,nan,nan,nan,nan,nan,nan,nan,nan,nan,nan,nan,nan,nan,nan,nan,nan,nan,nan,nan,nan,nan,nan,nan,nan,nan,nan,nan,nan,nan,nan,nan,nan,nan,nan,4.000000,1.132531,-1.130213,0.072415,-2.432277,-0.494353,1.148630,-1.130213,0.072415,0.191640,6.296680,0.000000,2.488683,0.622911,1.000000,1.000000,0.481707,1.000000,12.000000,0.000000,0.000000,0.000000,0.000000,1.000000,0.000000,0.000000,19.000000,160.180604,0.512772,nan
42.040,DOCKING,1.297180,-1.136460,-0.494352,0.383081,-1.755040,-1.335124,-0.171169,53.919425,-74.135193,29.616919,7.515088,4.125660,0.171169,0.000000,0.000000,28.766063,52.782965,-74.629545,30.000000,5.760048,2.790537,0.000000,0.000000,0.000000,25.848522,53.247313,-74.404585,29.750000,6.797576,2.456335,0.027745,0.000000,0.000000,0.000000,-1.136460,-0.494352,0.383081,1.297180,-1.755040,-1.335124,-0.171169,2.211791,nan,nan,nan,0,nan,nan,nan,0,nan,nan,nan,nan,nan,nan,nan,nan,nan,nan,nan,nan,nan,nan,nan,nan,nan,nan,nan,nan,nan,nan,nan,nan,nan,nan,nan,nan,nan,nan,nan,nan,nan,nan,nan,nan,nan,nan,nan,nan,nan,nan,nan,nan,nan,nan,nan,nan,nan,nan,4.000000,1.239324,-1.238291,0.050597,-2.161553,-0.436358,1.252774,-1.238291,0.050597,0.183081,6.400410,0.000000,2.211791,0.622911,1.000000,1.000000,0.477107,1.000000,15.000000,0.000000,0.000000,0.000000,0.000000,1.000000,0.000000,0.000000,19.000000,160.175333,0.474634,nan
42.080,DOCKING,1.386565,-1.214799,-0.553326,0.375040,-1.566788,-1.179480,-0.160826,54.288929,-73.935160,29.624960,7.390088,4.000660,0.160826,0.000000,0.000000,28.429114,53.074130,-74.488486,30.000000,5.823301,2.821180,0.000000,0.000000,0.000000,25.848522,53.567940,-74.249253,29.750000,6.697576,2.356335,0.026069,0.000000,0.000000,0.000000,-1.214799,-0.553326,0.375040,1.386565,-1.566788,-1.179480,-0.160826,1.967705,nan,nan,nan,0,nan,nan,nan,0,nan,nan,nan,nan,nan,nan,nan,nan,nan,nan,nan,nan,nan,nan,nan,nan,nan,nan,nan,nan,nan,nan,nan,nan,nan,nan,nan,nan,nan,nan,nan,nan,nan,nan,nan,nan,nan,nan,nan,nan,nan,nan,nan,nan,nan,nan,nan,nan,nan,nan,4.000000,1.334881,-1.334505,0.031679,-1.924276,-0.378364,1.346308,-1.334505,0.031679,0.175040,6.470695,-0.000000,1.967705,0.622911,1.000000,1.000000,0.475674,1.000000,17.000000,0.000000,0.000000,0.000000,0.000000,1.000000,0.000000,0.000000,19.000000,160.177390,0.435188,nan
42.140,DOCKING,1.466885,-1.284776,-0.605026,0.367484,-1.399540,-1.034013,-0.151109,54.652184,-73.741377,29.632516,7.265088,3.875660,0.151109,0.000000,0.000000,28.078297,53.367408,-74.346403,30.000000,5.865548,2.841648,0.000000,0.000000,0.000000,25.848522,53.887563,-74.094407,29.750000,6.547576,2.206335,0.024494,0.000000,0.000000,0.000000,-1.284776,-0.605026,0.367484,1.466885,-1.399540,-1.034013,-0.151109,1.746633,nan,nan,nan,0,nan,nan,nan,0,nan,nan,nan,nan,nan,nan,nan,nan,nan,nan,nan,nan,nan,nan,nan,nan,nan,nan,nan,nan,nan,nan,nan,nan,nan,nan,nan,nan,nan,nan,nan,nan,nan,nan,nan,nan,nan,nan,nan,nan,nan,nan,nan,nan,nan,nan,nan,nan,nan,nan,4.000000,1.420108,-1.420022,0.015660,-1.710339,-0.320369,1.429950,-1.420022,0.015660,0.167484,6.517639,-0.000000,1.746633,0.622911,1.000000,1.000000,0.473380,1.000000,20.000000,0.000000,0.000000,0.000000,0.000000,1.000000,0.000000,0.000000,19.000000,160.186271,0.394551,nan
42.180,DOCKING,1.538456,-1.347116,-0.649805,0.360385,-1.246804,-0.895575,-0.141978,55.009188,-73.553844,29.639614,7.140088,3.750660,0.141978,0.000000,0.000000,27.712768,53.662072,-74.203649,30.000000,5.893285,2.855085,0.000000,0.000000,0.000000,25.848522,54.205622,-73.940318,29.750000,6.447576,2.106335,0.023014,0.000000,0.000000,0.000000,-1.347116,-0.649805,0.360385,1.538456,-1.246804,-0.895575,-0.141978,1.541665,nan,nan,nan,0,nan,nan,nan,0,nan,nan,nan,nan,nan,nan,nan,nan,nan,nan,nan,nan,nan,nan,nan,nan,nan,nan,nan,nan,nan,nan,nan,nan,nan,nan,nan,nan,nan,nan,nan,nan,nan,nan,nan,nan,nan,nan,nan,nan,nan,nan,nan,nan,nan,nan,nan,nan,nan,nan,4.000000,1.495650,-1.495648,0.002542,-1.512526,-0.262375,1.504225,-1.495648,0.002542,0.160385,6.548459,0.000000,1.541665,0.622911,1.000000,1.000000,0.471018,1.000000,22.000000,0.000000,0.000000,0.000000,0.000000,1.000000,0.000000,0.000000,19.000000,160.201589,0.352818,nan
42.240,DOCKING,1.601502,-1.402314,-0.687902,0.353716,-1.103960,-0.761931,-0.133399,55.359943,-73.372561,29.646284,7.015088,3.625660,0.133399,0.000000,0.000000,27.331613,53.957628,-74.060463,30.000000,5.911128,2.863729,0.000000,0.000000,0.000000,25.848522,54.521739,-73.787171,29.750000,6.297576,1.956335,0.021623,0.000000,0.000000,0.000000,-1.402314,-0.687902,0.353716,1.601502,-1.103960,-0.761931,-0.133399,1.347985,nan,nan,nan,0,nan,nan,nan,0,nan,nan,nan,nan,nan,nan,nan,nan,nan,nan,nan,nan,nan,nan,nan,nan,nan,nan,nan,nan,nan,nan,nan,nan,nan,nan,nan,nan,nan,nan,nan,nan,nan,nan,nan,nan,nan,nan,nan,nan,nan,nan,nan,nan,nan,nan,nan,nan,nan,nan,4.000000,1.561952,-1.561933,-0.007677,-1.325706,-0.204380,1.569498,-1.561933,-0.007677,0.153716,6.568286,0.000000,1.347985,0.622911,1.000000,1.000000,0.467212,1.000000,25.000000,0.000000,0.000000,0.000000,0.000000,1.000000,0.000000,0.000000,19.000000,160.223041,0.310064,nan
42.280,DOCKING,1.656171,-1.450702,-0.719477,0.347449,-0.967745,-0.631498,-0.125339,55.704447,-73.197528,29.652551,6.890088,3.500660,0.125339,0.000000,0.000000,26.933843,54.253745,-73.917004,30.000000,5.922343,2.869163,0.000000,0.000000,0.000000,25.848522,54.835658,-73.635089,29.750000,6.197576,1.856335,0.020316,0.000000,0.000000,0.000000,-1.450702,-0.719477,0.347449,1.656171,-0.967745,-0.631498,-0.125339,1.162338,nan,nan,nan,0,nan,nan,nan,0,nan,nan,nan,nan,nan,nan,nan,nan,nan,nan,nan,nan,nan,nan,nan,nan,nan,nan,nan,nan,nan,nan,nan,nan,nan,nan,nan,nan,nan,nan,nan,nan,nan,nan,nan,nan,nan,nan,nan,nan,nan,nan,nan,nan,nan,nan,nan,nan,nan,nan,4.000000,1.619315,-1.619246,-0.014997,-1.146251,-0.146386,1.626014,-1.619246,-0.014997,0.147449,6.580748,0.000000,1.162338,0.622911,1.000000,1.000000,0.458891,1.000000,27.000000,0.000000,0.000000,0.000000,0.000000,1.000000,0.000000,0.000000,19.000000,160.250387,0.266353,nan
42.340,DOCKING,1.702553,-1.492495,-0.744635,0.341560,-0.835876,-0.503170,-0.117765,56.042701,-73.028745,29.658440,6.765088,3.375660,0.117765,0.000000,0.000000,26.518390,54.550206,-73.773380,30.000000,5.929212,2.872490,0.000000,0.000000,0.000000,25.848522,55.147213,-73.484152,29.750000,6.047576,1.706335,0.019089,0.000000,0.000000,0.000000,-1.492495,-0.744635,0.341560,1.702553,-0.835876,-0.503170,-0.117765,0.982719,nan,nan,nan,0,nan,nan,nan,0,nan,nan,nan,nan,nan,nan,nan,nan,nan,nan,nan,nan,nan,nan,nan,nan,nan,nan,nan,nan,nan,nan,nan,nan,nan,nan,nan,nan,nan,nan,nan,nan,nan,nan,nan,nan,nan,nan,nan,nan,nan,nan,nan,nan,nan,nan,nan,nan,nan,nan,4.000000,1.667940,-1.667827,-0.019416,-0.971625,-0.088391,1.673937,-1.667827,-0.019416,0.141560,6.588381,0.000000,0.982719,0.622911,1.000000,1.000000,0.446908,1.000000,30.000000,0.000000,0.000000,0.000000,0.000000,1.000000,0.000000,0.000000,19.000000,160.283428,0.221739,nan
42.380,DOCKING,1.740701,-1.527835,-0.763445,0.336028,-0.706786,-0.376188,-0.110649,56.374706,-72.866212,29.663972,6.640088,3.250660,0.110649,0.000000,0.000000,26.084093,54.846871,-73.629656,30.000000,5.933302,2.874472,0.000000,0.000000,0.000000,25.848522,55.456298,-73.334411,29.750000,5.947576,1.606335,0.017935,0.000000,0.000000,0.000000,-1.527835,-0.763445,0.336028,1.740701,-0.706786,-0.376188,-0.110649,0.808274,nan,nan,nan,0,nan,nan,nan,0,nan,nan,nan,nan,nan,nan,nan,nan,nan,nan,nan,nan,nan,nan,nan,nan,nan,nan,nan,nan,nan,nan,nan,nan,nan,nan,nan,nan,nan,nan,nan,nan,nan,nan,nan,nan,nan,nan,nan,nan,nan,nan,nan,nan,nan,nan,nan,nan,nan,nan,4.000000,1.707960,-1.707831,-0.020936,-0.800088,-0.030396,1.713368,-1.707831,-0.020936,0.136028,6.592925,0.000000,0.808274,0.622911,1.000000,1.000000,0.439641,1.000000,32.000000,0.000000,0.000000,0.000000,0.000000,1.000000,0.000000,0.000000,19.000000,160.321999,0.176268,nan
42.440,DOCKING,1.770646,-1.556806,-0.775947,0.330830,-0.579427,-0.250046,-0.103963,56.700460,-72.709929,29.669170,6.515088,3.125660,0.103963,0.000000,0.000000,25.629696,55.143654,-73.485876,30.000000,5.935661,2.875615,0.000000,0.000000,0.000000,25.848522,55.762849,-73.185898,29.750000,5.797576,1.456335,0.016852,0.000000,0.000000,0.000000,-1.556806,-0.775947,0.330830,1.770646,-0.579427,-0.250046,-0.103963,0.639584,nan,nan,nan,0,nan,nan,nan,0,nan,nan,nan,nan,nan,nan,nan,nan,nan,nan,nan,nan,nan,nan,nan,nan,nan,nan,nan,nan,nan,nan,nan,nan,nan,nan,nan,nan,nan,nan,nan,nan,nan,nan,nan,nan,nan,nan,nan,nan,nan,nan,nan,nan,nan,nan,nan,nan,nan,nan,4.000000,1.739465,-1.739355,-0.019556,-0.630474,0.027598,1.744378,-1.739355,-0.019556,0.130830,6.595546,0.000000,0.639584,0.622911,1.000000,1.000000,0.432544,1.000000,35.000000,0.000000,0.000000,0.000000,0.000000,1.000000,0.000000,0.000000,19.000000,160.365953,0.129983,nan
42.480,DOCKING,1.792408,-1.579462,-0.782168,0.325946,-0.453124,-0.124414,-0.097681,57.019965,-72.559896,29.674054,6.390088,3.000660,0.097681,0.000000,0.000000,25.153829,55.440502,-73.342063,30.000000,5.936964,2.876246,0.000000,0.000000,0.000000,25.848522,56.066828,-73.038631,29.750000,5.697576,1.356335,0.015833,0.000000,0.000000,0.000000,-1.579462,-0.782168,0.325946,1.792408,-0.453124,-0.124414,-0.097681,0.479940,nan,nan,nan,0,nan,nan,nan,0,nan,nan,nan,nan,nan,nan,nan,nan,nan,nan,nan,nan,nan,nan,nan,nan,nan,nan,nan,nan,nan,nan,nan,nan,nan,nan,nan,nan,nan,nan,nan,nan,nan,nan,nan,nan,nan,nan,nan,nan,nan,nan,nan,nan,nan,nan,nan,nan,nan,nan,4.000000,1.762523,-1.762457,-0.015276,-0.462033,0.085593,1.767017,-1.762457,-0.015276,0.125946,6.596994,0.000000,0.479940,0.622911,1.000000,1.000000,0.433728,1.000000,37.000000,0.000000,0.000000,0.000000,0.000000,1.000000,0.000000,0.000000,19.000000,160.415161,0.082922,nan
42.540,DOCKING,1.806011,-1.595836,-0.782122,0.321357,-0.327463,0.000906,-0.091779,57.333219,-72.416113,29.678643,6.265088,2.875660,0.091779,0.000000,0.000000,24.655007,55.737384,-73.198235,30.000000,5.937625,2.876566,0.000000,0.000000,0.000000,25.848522,56.368217,-72.892619,29.750000,5.547576,1.206335,0.014877,0.000000,0.000000,0.000000,-1.595836,-0.782122,0.321357,1.806011,-0.327463,0.000906,-0.091779,0.340083,nan,nan,nan,0,nan,nan,nan,0,nan,nan,nan,nan,nan,nan,nan,nan,nan,nan,nan,nan,nan,nan,nan,nan,nan,nan,nan,nan,nan,nan,nan,nan,nan,nan,nan,nan,nan,nan,nan,nan,nan,nan,nan,nan,nan,nan,nan,nan,nan,nan,nan,nan,nan,nan,nan,nan,nan,nan,4.000000,1.777191,-1.777172,-0.008097,-0.294306,0.143587,1.781329,-1.777172,-0.008097,0.121357,6.597729,0.000000,0.340083,0.622911,1.000000,1.000000,0.446761,1.000000,40.000000,0.000000,0.000000,0.000000,0.000000,1.000000,0.000000,0.000000,19.000000,160.469502,0.035120,nan
42.580,COMPLETED,1.811485,-1.605946,-0.775821,0.317045,-0.202213,0.126027,-0.086233,57.640224,-72.278580,29.682955,6.140088,2.750660,0.086233,0.000000,0.000000,24.131607,56.034277,-73.054401,30.000000,5.937875,2.876687,0.000000,0.000000,0.000000,25.848522,56.088274,-73.028241,29.800000,0.000000,0.000000,0.000000,0.000000,0.000000,0.000000,-1.605946,-0.775821,0.317045,1.811485,-0.202213,0.126027,-0.086233,0.253395,nan,nan,nan,0,nan,nan,nan,0,nan,nan,nan,nan,nan,nan,nan,nan,nan,nan,nan,nan,nan,nan,nan,nan,nan,nan,nan,nan,nan,nan,nan,nan,nan,nan,nan,nan,nan,nan,nan,nan,nan,nan,nan,nan,nan,nan,nan,nan,nan,nan,nan,nan,nan,nan,nan,nan,nan,nan,5.000000,1.783525,-1.783524,0.001982,-0.127035,0.201582,1.787361,-1.783524,0.001982,0.117045,6.598007,0.000000,0.253395,0.622911,1.000000,1.000000,0.459516,1.000000,42.000000,0.000000,0.000000,0.000000,0.000000,1.000000,1.000000,0.000000,20.000000,162.696743,0.606001,nan
42.640,COMPLETED,0.200000,0.000000,0.000000,0.200000,0.000000,0.000000,0.000000,57.940978,-72.147297,29.688807,6.015088,2.625660,0.117045,0.000000,0.000000,23.581862,57.940978,-72.147297,29.888807,6.015088,2.625660,0.117045,0.000000,0.000000,23.581862,57.995967,-72.123293,29.688807,0.000000,0.000000,0.000000,0.000000,0.000000,0.000000,0.000000,0.000000,0.200000,0.200000,0.000000,0.000000,0.000000,0.000000,nan,nan,nan,0,nan,nan,nan,0,nan,nan,nan,nan,nan,nan,nan,nan,nan,nan,nan,nan,nan,nan,nan,nan,nan,nan,nan,nan,nan,nan,nan,nan,nan,nan,nan,nan,nan,nan,nan,nan,nan,nan,nan,nan,nan,nan,nan,nan,nan,nan,nan,nan,nan,nan,nan,nan,nan,nan,5.000000,0.000000,0.000000,0.000000,0.000000,0.000000,0.000000,0.000000,0.000000,-0.000000,6.563184,0.000000,0.000000,0.622911,1.000000,1.000000,0.459516,1.000000,42.000000,0.000000,0.000000,0.000000,0.000000,1.000000,1.000000,0.000000,20.000000,162.762056,0.597211,nan
42.680,COMPLETED,0.200000,0.000000,0.000000,0.200000,0.000000,0.000000,0.000000,58.235482,-72.022264,29.688807,5.890088,2.500660,0.000000,0.000000,0.000000,23.003841,58.235482,-72.022264,29.888807,5.890088,2.500660,0.000000,0.000000,0.000000,23.003841,58.290711,-71.998816,29.688807,0.000000,0.000000,0.000000,0.000000,0.000000,0.000000,0.000000,0.000000,0.200000,0.200000,0.000000,0.000000,0.000000,0.000000,nan,nan,nan,0,nan,nan,nan,0,nan,nan,nan,nan,nan,nan,nan,nan,nan,nan,nan,nan,nan,nan,nan,nan,nan,nan,nan,nan,nan,nan,nan,nan,nan,nan,nan,nan,nan,nan,nan,nan,nan,nan,nan,nan,nan,nan,nan,nan,nan,nan,nan,nan,nan,nan,nan,nan,nan,nan,5.000000,0.000000,0.000000,0.000000,0.000000,0.000000,0.000000,0.000000,0.000000,-0.000000,6.398941,-0.000000,0.000000,0.622911,1.000000,1.000000,0.459516,1.000000,42.000000,0.000000,0.000000,0.000000,0.000000,1.000000,1.000000,0.000000,20.000000,163.141220,0.546187,nan
42.740,COMPLETED,0.200000,0.000000,0.000000,0.200000,0.000000,0.000000,0.000000,58.523737,-71.903481,29.688807,5.765088,2.375660,0.000000,0.000000,0.000000,22.395431,58.523737,-71.903481,29.888807,5.765088,2.375660,0.000000,0.000000,0.000000,22.395431,58.579211,-71.880621,29.688807,0.000000,0.000000,0.000000,0.000000,0.000000,0.000000,0.000000,0.000000,0.200000,0.200000,0.000000,0.000000,0.000000,0.000000,nan,nan,nan,0,nan,nan,nan,0,nan,nan,nan,nan,nan,nan,nan,nan,nan,nan,nan,nan,nan,nan,nan,nan,nan,nan,nan,nan,nan,nan,nan,nan,nan,nan,nan,nan,nan,nan,nan,nan,nan,nan,nan,nan,nan,nan,nan,nan,nan,nan,nan,nan,nan,nan,nan,nan,nan,nan,5.000000,0.000000,0.000000,0.000000,0.000000,0.000000,0.000000,0.000000,0.000000,-0.000000,6.235383,0.000000,0.000000,0.622911,1.000000,1.000000,0.459516,1.000000,42.000000,0.000000,0.000000,0.000000,0.000000,1.000000,1.000000,0.000000,20.000000,163.212343,0.536616,nan
42.780,COMPLETED,0.200000,0.000000,0.000000,0.200000,0.000000,0.000000,0.000000,58.805741,-71.790948,29.688807,5.640088,2.250660,0.000000,0.000000,0.000000,21.754321,58.805741,-71.790948,29.888807,5.640088,2.250660,0.000000,0.000000,0.000000,21.754321,58.861468,-71.768710,29.688807,0.000000,0.000000,0.000000,0.000000,0.000000,0.000000,0.000000,0.000000,0.200000,0.200000,0.000000,0.000000,0.000000,0.000000,nan,nan,nan,0,nan,nan,nan,0,nan,nan,nan,nan,nan,nan,nan,nan,nan,nan,nan,nan,nan,nan,nan,nan,nan,nan,nan,nan,nan,nan,nan,nan,nan,nan,nan,nan,nan,nan,nan,nan,nan,nan,nan,nan,nan,nan,nan,nan,nan,nan,nan,nan,nan,nan,nan,nan,nan,nan,5.000000,0.000000,0.000000,0.000000,0.000000,0.000000,0.000000,0.000000,0.000000,-0.000000,6.072567,0.000000,0.000000,0.622911,1.000000,1.000000,0.459516,1.000000,42.000000,0.000000,0.000000,0.000000,0.000000,1.000000,1.000000,0.000000,20.000000,163.285945,0.526712,nan
42.840,COMPLETED,0.200000,0.000000,0.000000,0.200000,0.000000,0.000000,0.000000,59.081496,-71.684665,29.688807,5.515088,2.125660,0.000000,0.000000,0.000000,21.077975,59.081496,-71.684665,29.888807,5.515088,2.125660,0.000000,0.000000,0.000000,21.077975,59.137481,-71.663086,29.688807,0.000000,0.000000,0.000000,0.000000,0.000000,0.000000,0.000000,0.000000,0.200000,0.200000,0.000000,0.000000,0.000000,0.000000,nan,nan,nan,0,nan,nan,nan,0,nan,nan,nan,nan,nan,nan,nan,nan,nan,nan,nan,nan,nan,nan,nan,nan,nan,nan,nan,nan,nan,nan,nan,nan,nan,nan,nan,nan,nan,nan,nan,nan,nan,nan,nan,nan,nan,nan,nan,nan,nan,nan,nan,nan,nan,nan,nan,nan,nan,nan,5.000000,0.000000,0.000000,0.000000,0.000000,0.000000,0.000000,0.000000,0.000000,-0.000000,5.910553,0.000000,0.000000,0.622911,1.000000,1.000000,0.459516,1.000000,42.000000,0.000000,0.000000,0.000000,0.000000,1.000000,1.000000,0.000000,20.000000,163.361926,0.516487,nan
42.880,COMPLETED,0.200000,0.000000,0.000000,0.200000,0.000000,0.000000,0.000000,59.351000,-71.584632,29.688807,5.390088,2.000660,0.000000,0.000000,0.000000,20.363612,59.351000,-71.584632,29.888807,5.390088,2.000660,0.000000,0.000000,0.000000,20.363612,59.407250,-71.563753,29.688807,0.000000,0.000000,0.000000,0.000000,0.000000,0.000000,0.000000,0.000000,0.200000,0.200000,0.000000,0.000000,0.000000,0.000000,nan,nan,nan,0,nan,nan,nan,0,nan,nan,nan,nan,nan,nan,nan,nan,nan,nan,nan,nan,nan,nan,nan,nan,nan,nan,nan,nan,nan,nan,nan,nan,nan,nan,nan,nan,nan,nan,nan,nan,nan,nan,nan,nan,nan,nan,nan,nan,nan,nan,nan,nan,nan,nan,nan,nan,nan,nan,5.000000,0.000000,0.000000,0.000000,0.000000,0.000000,0.000000,0.000000,0.000000,-0.000000,5.749408,0.000000,0.000000,0.622911,1.000000,1.000000,0.459516,1.000000,42.000000,0.000000,0.000000,0.000000,0.000000,1.000000,1.000000,0.000000,20.000000,163.440191,0.505955,nan
42.940,COMPLETED,0.200000,0.000000,0.000000,0.200000,0.000000,0.000000,0.000000,59.614255,-71.490849,29.688807,5.265088,1.875660,0.000000,0.000000,0.000000,19.608175,59.614255,-71.490849,29.888807,5.265088,1.875660,0.000000,0.000000,0.000000,19.608175,59.670775,-71.470714,29.688807,0.000000,0.000000,0.000000,0.000000,0.000000,0.000000,0.000000,0.000000,0.200000,0.200000,0.000000,0.000000,0.000000,0.000000,nan,nan,nan,0,nan,nan,nan,0,nan,nan,nan,nan,nan,nan,nan,nan,nan,nan,nan,nan,nan,nan,nan,nan,nan,nan,nan,nan,nan,nan,nan,nan,nan,nan,nan,nan,nan,nan,nan,nan,nan,nan,nan,nan,nan,nan,nan,nan,nan,nan,nan,nan,nan,nan,nan,nan,nan,nan,5.000000,0.000000,0.000000,0.000000,0.000000,0.000000,0.000000,0.000000,0.000000,-0.000000,5.589209,0.000000,0.000000,0.622911,1.000000,1.000000,0.459516,1.000000,42.000000,0.000000,0.000000,0.000000,0.000000,1.000000,1.000000,0.000000,20.000000,163.520647,0.495128,nan
42.980,COMPLETED,0.200000,0.000000,0.000000,0.200000,0.000000,0.000000,0.000000,59.871259,-71.403316,29.688807,5.140088,1.750660,0.000000,0.000000,0.000000,18.808304,59.871259,-71.403316,29.888807,5.140088,1.750660,0.000000,0.000000,0.000000,18.808304,59.928055,-71.383971,29.688807,0.000000,0.000000,0.000000,0.000000,0.000000,0.000000,0.000000,0.000000,0.200000,0.200000,0.000000,0.000000,0.000000,0.000000,nan,nan,nan,0,nan,nan,nan,0,nan,nan,nan,nan,nan,nan,nan,nan,nan,nan,nan,nan,nan,nan,nan,nan,nan,nan,nan,nan,nan,nan,nan,nan,nan,nan,nan,nan,nan,nan,nan,nan,nan,nan,nan,nan,nan,nan,nan,nan,nan,nan,nan,nan,nan,nan,nan,nan,nan,nan,5.000000,0.000000,0.000000,0.000000,0.000000,0.000000,0.000000,0.000000,0.000000,-0.000000,5.430039,0.000000,0.000000,0.622911,1.000000,1.000000,0.459516,1.000000,42.000000,0.000000,0.000000,0.000000,0.000000,1.000000,1.000000,0.000000,20.000000,163.603206,0.484018,nan
43.040,COMPLETED,0.200000,0.000000,0.000000,0.200000,0.000000,0.000000,0.000000,60.122013,-71.322033,29.688807,5.015088,1.625660,0.000000,0.000000,0.000000,17.960301,60.122013,-71.322033,29.888807,5.015088,1.625660,0.000000,0.000000,0.000000,17.960301,60.179090,-71.303531,29.688807,0.000000,0.000000,0.000000,0.000000,0.000000,0.000000,0.000000,0.000000,0.200000,0.200000,0.000000,0.000000,0.000000,0.000000,nan,nan,nan,0,nan,nan,nan,0,nan,nan,nan,nan,nan,nan,nan,nan,nan,nan,nan,nan,nan,nan,nan,nan,nan,nan,nan,nan,nan,nan,nan,nan,nan,nan,nan,nan,nan,nan,nan,nan,nan,nan,nan,nan,nan,nan,nan,nan,nan,nan,nan,nan,nan,nan,nan,nan,nan,nan,5.000000,0.000000,0.000000,0.000000,0.000000,0.000000,0.000000,0.000000,0.000000,-0.000000,5.271990,0.000000,0.000000,0.622911,1.000000,1.000000,0.459516,1.000000,42.000000,0.000000,0.000000,0.000000,0.000000,1.000000,1.000000,0.000000,20.000000,163.687780,0.472637,nan
43.080,COMPLETED,0.200000,0.000000,0.000000,0.200000,0.000000,0.000000,0.000000,60.366518,-71.247000,29.688807,4.890088,1.500660,0.000000,0.000000,0.000000,17.060094,60.366518,-71.247000,29.888807,4.890088,1.500660,0.000000,0.000000,0.000000,17.060094,60.423878,-71.229397,29.688807,0.000000,0.000000,0.000000,0.000000,0.000000,0.000000,0.000000,0.000000,0.200000,0.200000,0.000000,0.000000,0.000000,0.000000,nan,nan,nan,0,nan,nan,nan,0,nan,nan,nan,nan,nan,nan,nan,nan,nan,nan,nan,nan,nan,nan,nan,nan,nan,nan,nan,nan,nan,nan,nan,nan,nan,nan,nan,nan,nan,nan,nan,nan,nan,nan,nan,nan,nan,nan,nan,nan,nan,nan,nan,nan,nan,nan,nan,nan,nan,nan,5.000000,0.000000,0.000000,0.000000,0.000000,0.000000,0.000000,0.000000,0.000000,-0.000000,5.115168,0.000000,0.000000,0.622911,1.000000,1.000000,0.459516,1.000000,42.000000,0.000000,0.000000,0.000000,0.000000,1.000000,1.000000,0.000000,20.000000,163.774286,0.460996,nan
43.140,COMPLETED,0.200000,0.000000,0.000000,0.200000,0.000000,0.000000,0.000000,60.604772,-71.178217,29.688807,4.765088,1.375660,0.000000,0.000000,0.000000,16.103198,60.604772,-71.178217,29.888807,4.765088,1.375660,0.000000,0.000000,0.000000,16.103198,60.662418,-71.161575,29.688807,0.000000,0.000000,0.000000,0.000000,0.000000,0.000000,0.000000,0.000000,0.200000,0.200000,0.000000,0.000000,0.000000,0.000000,nan,nan,nan,0,nan,nan,nan,0,nan,nan,nan,nan,nan,nan,nan,nan,nan,nan,nan,nan,nan,nan,nan,nan,nan,nan,nan,nan,nan,nan,nan,nan,nan,nan,nan,nan,nan,nan,nan,nan,nan,nan,nan,nan,nan,nan,nan,nan,nan,nan,nan,nan,nan,nan,nan,nan,nan,nan,5.000000,0.000000,0.000000,0.000000,0.000000,0.000000,0.000000,0.000000,0.000000,-0.000000,4.959688,0.000000,0.000000,0.622911,1.000000,1.000000,0.459516,1.000000,42.000000,0.000000,0.000000,0.000000,0.000000,1.000000,1.000000,0.000000,20.000000,163.862643,0.449106,nan
43.180,COMPLETED,0.200000,0.000000,0.000000,0.200000,0.000000,0.000000,0.000000,60.836777,-71.115684,29.688807,4.640088,1.250660,0.000000,0.000000,0.000000,15.084671,60.836777,-71.115684,29.888807,4.640088,1.250660,0.000000,0.000000,0.000000,15.084671,60.894709,-71.100069,29.688807,0.000000,0.000000,0.000000,0.000000,0.000000,0.000000,0.000000,0.000000,0.200000,0.200000,0.000000,0.000000,0.000000,0.000000,nan,nan,nan,0,nan,nan,nan,0,nan,nan,nan,nan,nan,nan,nan,nan,nan,nan,nan,nan,nan,nan,nan,nan,nan,nan,nan,nan,nan,nan,nan,nan,nan,nan,nan,nan,nan,nan,nan,nan,nan,nan,nan,nan,nan,nan,nan,nan,nan,nan,nan,nan,nan,nan,nan,nan,nan,nan,5.000000,0.000000,0.000000,0.000000,0.000000,0.000000,0.000000,0.000000,0.000000,-0.000000,4.805681,0.000000,0.000000,0.622911,1.000000,1.000000,0.459516,1.000000,42.000000,0.000000,0.000000,0.000000,0.000000,1.000000,1.000000,0.000000,20.000000,163.952774,0.436977,nan
43.240,COMPLETED,0.200000,0.000000,0.000000,0.200000,0.000000,0.000000,0.000000,61.062531,-71.059401,29.688807,4.515088,1.125660,0.000000,0.000000,0.000000,13.999071,61.062531,-71.059401,29.888807,4.515088,1.125660,0.000000,0.000000,0.000000,13.999071,61.120749,-71.044886,29.688807,0.000000,0.000000,0.000000,0.000000,0.000000,0.000000,0.000000,0.000000,0.200000,0.200000,0.000000,0.000000,0.000000,0.000000,nan,nan,nan,0,nan,nan,nan,0,nan,nan,nan,nan,nan,nan,nan,nan,nan,nan,nan,nan,nan,nan,nan,nan,nan,nan,nan,nan,nan,nan,nan,nan,nan,nan,nan,nan,nan,nan,nan,nan,nan,nan,nan,nan,nan,nan,nan,nan,nan,nan,nan,nan,nan,nan,nan,nan,nan,nan,5.000000,0.000000,0.000000,0.000000,0.000000,0.000000,0.000000,0.000000,0.000000,-0.000000,4.653293,0.000000,0.000000,0.622911,1.000000,1.000000,0.459516,1.000000,42.000000,0.000000,0.000000,0.000000,0.000000,1.000000,1.000000,0.000000,20.000000,164.044605,0.424620,nan
